# Blender 5.1.0
# www.blender.org
mtllib DeadBody.mtl
g DeadBodyCovered_M_DeadBodyCovered_0_DeadBodyCovered_M_DeadBodyCovered_0.001
v 0.700887 -1.232879 0.000361
v 0.685315 -1.182147 0.004163
v 0.661860 -1.156294 0.007607
v -0.579832 -1.329762 0.000525
v -0.463157 -1.236650 0.002565
v -0.584701 -1.172995 0.002269
v 0.131254 0.406949 0.216013
v 0.138204 0.483650 0.174164
v 0.118777 0.522191 0.176248
v 0.113737 -0.354191 0.233241
v 0.148391 -0.356519 0.230454
v 0.110285 -0.206521 0.237423
v -0.059089 0.713809 0.164876
v -0.064997 0.670871 0.169547
v -0.036398 0.723504 0.186028
v -0.083080 0.209939 0.274266
v -0.045212 0.274781 0.282271
v -0.091234 0.281430 0.275481
v -0.037353 -0.217058 0.223419
v -0.144539 -0.337739 0.247376
v 0.028353 -0.279082 0.215391
v -0.050618 -0.477973 0.147920
v -0.020633 -0.428600 0.180954
v -0.072935 -0.440939 0.169127
v -0.040271 -0.714697 0.009326
v -0.009636 -0.642693 0.044027
v -0.084353 -0.611058 0.064007
v -0.226833 0.593185 0.009812
v -0.232269 0.543816 0.033082
v -0.158577 0.633143 0.037193
v -0.311543 -0.902630 0.089004
v -0.299840 -0.954338 0.058916
v -0.269030 -0.913619 0.036776
v -0.442806 0.135660 0.005021
v -0.410940 0.131972 0.013267
v -0.406665 0.164629 0.008040
v -0.439426 -0.242768 0.017440
v -0.411332 -0.267519 0.046506
v -0.447026 -0.216556 0.017004
v -0.487976 -0.934130 0.132139
v -0.468114 -0.968279 0.141922
v -0.438597 -0.917981 0.108893
v -0.502427 -1.128892 0.015332
v -0.487743 -1.094417 0.004651
v -0.491442 -1.079934 0.015799
v 0.521801 0.602203 0.008151
v 0.579745 0.597205 0.005006
v 0.513042 0.624684 0.004557
v 0.429188 0.419708 0.012046
v 0.471677 0.408761 0.004605
v 0.545764 0.426710 0.011500
v 0.540864 0.406212 0.003205
v 0.538599 0.394805 0.009664
v 0.541631 -0.651579 0.003862
v 0.565448 -0.697512 0.006533
v 0.568695 -0.675318 0.004831
v 0.549496 -1.139363 0.013302
v 0.568675 -1.119080 0.006309
v 0.462198 -1.063424 0.008254
v 0.552806 -1.100937 0.004083
v 0.460887 -1.035588 0.008343
v 0.537115 -1.015447 0.003591
v 0.535023 -0.999300 0.007806
v 0.410164 -1.018384 0.098228
v 0.424265 -1.073601 0.083898
v 0.409883 -1.042655 0.030808
v 0.470259 -1.117104 0.020866
v 0.479165 -1.104047 0.029674
v 0.443717 -1.087007 0.052510
v 0.380831 -0.874082 0.016552
v 0.410802 -0.878967 0.017965
v 0.404736 -0.809081 0.005725
v 0.537717 -0.589967 0.010148
v 0.566402 -0.624267 0.014496
v 0.568831 -0.569023 0.003962
v 0.426625 -0.141605 0.007052
v 0.497565 -0.164108 0.005281
v 0.590748 -0.130312 0.004575
v 0.423925 -0.217199 0.026584
v 0.396121 -0.294363 0.019531
v 0.432108 -0.218743 0.022235
v 0.444618 -0.234410 0.017604
v 0.410381 -0.301700 0.018966
v 0.468571 -0.236859 0.009050
v 0.452318 -0.275025 0.004133
v 0.475770 -0.201611 0.004339
v 0.485619 0.119904 0.006109
v 0.573834 0.101029 0.005191
v 0.569564 0.157063 0.006495
v 0.412079 0.066051 0.006055
v 0.471281 -0.032788 0.004466
v 0.437103 0.067346 0.006597
v 0.539472 0.305743 0.006803
v 0.534956 0.326477 0.004623
v 0.480910 0.338497 0.013690
v 0.387919 0.386651 0.013057
v 0.352272 0.413087 0.007196
v 0.422663 0.388269 0.004666
v -0.491222 -1.056393 0.062101
v -0.461635 -1.019453 0.110907
v -0.503427 -1.015865 0.122680
v -0.544153 -0.957617 0.008897
v -0.564147 -1.013624 0.063699
v -0.553334 -0.974365 0.040016
v -0.518994 -0.800616 0.006825
v -0.464478 -0.686060 0.002548
v -0.621874 -0.732735 0.002156
v -0.431320 0.083895 0.011890
v -0.404612 0.045643 0.009679
v -0.391440 0.102830 0.010562
v -0.563059 0.098178 0.009007
v -0.520230 0.070565 0.003484
v -0.551095 0.281929 0.005623
v -0.517492 0.268921 0.010314
v -0.468806 0.303379 0.006098
v -0.473599 0.259780 0.005767
v -0.550054 0.197759 0.006574
v -0.606851 0.160985 0.008004
v -0.623116 0.428432 0.003106
v -0.610775 0.361754 0.004768
v -0.420040 0.319819 0.004947
v -0.377327 -0.996762 0.081340
v -0.431648 -0.999791 0.117218
v -0.404331 -1.024573 0.036948
v -0.442266 -1.035830 0.069385
v -0.297997 -0.822912 0.105473
v -0.269326 -0.825932 0.071679
v -0.269135 -0.793029 0.079991
v -0.397869 -0.843825 0.095391
v -0.404081 -0.875222 0.102154
v -0.353075 -0.822884 0.091261
v -0.351849 -0.843175 0.094574
v -0.405015 -0.952384 0.116445
v -0.362988 -0.973785 0.100563
v -0.321250 -0.882114 0.097779
v -0.286207 -0.685626 0.154994
v -0.247469 -0.610571 0.176328
v -0.274084 -0.601078 0.154263
v -0.359009 -0.616481 0.063783
v -0.350592 -0.620429 0.098044
v -0.324463 -0.544153 0.118006
v -0.380036 -0.725287 0.073229
v -0.348143 -0.699045 0.096066
v -0.331452 -0.518251 0.057954
v -0.317220 -0.465539 0.114219
v -0.343496 -0.448921 0.028345
v -0.329243 -0.167005 0.109741
v -0.329536 -0.131720 0.110693
v -0.394133 -0.154504 0.084026
v -0.243996 0.558044 0.006739
v -0.221932 0.503308 0.072810
v -0.317019 0.473246 0.007737
v -0.293726 0.461917 0.016498
v -0.260293 0.501631 0.008208
v -0.287389 0.411988 0.007021
v -0.269887 0.387829 0.024136
v -0.294245 0.446099 0.015360
v -0.379310 0.985626 0.004407
v -0.315424 0.944577 0.006222
v -0.390210 1.054635 0.005107
v -0.237887 -0.970657 0.005663
v -0.226955 -1.035739 0.004151
v -0.148158 -0.942102 0.003580
v -0.353615 -1.106355 0.004017
v 0.006934 -1.030545 0.001356
v -0.101698 -0.812757 0.004737
v -0.069881 -0.829182 0.008009
v -0.108806 -0.730857 0.007361
v -0.209868 -0.805954 0.031298
v -0.201041 -0.837040 0.036822
v -0.208225 -0.500899 0.214304
v -0.146394 -0.431727 0.222072
v -0.176560 -0.388328 0.243046
v -0.169972 -0.506044 0.197543
v -0.181428 -0.203960 0.254993
v -0.131114 -0.097099 0.249718
v -0.176023 -0.052322 0.247911
v -0.143477 0.305664 0.245232
v -0.153231 0.349348 0.233869
v -0.237145 0.362744 0.181810
v -0.065741 0.793611 0.005386
v -0.069942 0.841869 0.005309
v -0.168909 0.812310 0.008854
v 0.076108 -1.052190 0.005841
v 0.053743 -0.976449 0.006731
v -0.003170 -0.923949 0.008887
v 0.106490 -0.999015 0.005425
v 0.103412 -0.862639 0.060923
v 0.061763 -0.771423 0.031334
v -0.010499 -0.717690 0.019166
v 0.102923 -0.591036 0.138959
v 0.148056 -0.649046 0.156897
v 0.138330 -0.550769 0.186313
v 0.044480 -0.538676 0.132473
v 0.014042 -0.572164 0.104774
v 0.050644 -0.580802 0.095782
v 0.088427 -0.505980 0.184476
v 0.088799 -0.644094 0.083002
v -0.080618 -0.367234 0.234472
v 0.008008 -0.389888 0.198854
v 0.076657 -0.340482 0.227208
v 0.063221 -0.384572 0.207122
v 0.047117 0.066161 0.259730
v 0.110944 0.143613 0.256831
v 0.073807 0.196594 0.266781
v 0.107657 0.071663 0.240880
v 0.146004 0.327955 0.252193
v 0.163365 0.270261 0.255756
v 0.278051 0.411104 0.164240
v 0.032660 0.795157 0.127293
v 0.022482 0.746937 0.179514
v 0.065501 0.737567 0.180918
v 0.040083 0.918767 0.008752
v 0.046270 0.842912 0.012761
v 0.056243 0.937481 0.011814
v 0.056184 0.996159 0.002905
v 0.256642 -0.930841 0.135501
v 0.251590 -0.905801 0.096141
v 0.208043 -0.893288 0.119516
v 0.306587 -0.434858 0.009460
v 0.284398 -0.695107 0.005031
v 0.324880 -0.472917 0.005221
v 0.304658 -0.375698 0.023595
v 0.339604 -0.353866 0.014031
v 0.377937 -0.292836 0.038878
v 0.218710 -0.561705 0.142240
v 0.233505 -0.546791 0.110569
v 0.237945 -0.432309 0.149545
v 0.244256 -0.461619 0.072825
v 0.247294 -0.275291 0.157710
v 0.258233 -0.252739 0.123267
v 0.250423 -0.213536 0.129537
v 0.385460 0.254837 0.080667
v 0.358744 0.340128 0.040876
v 0.322857 0.395014 0.108842
v 0.280551 0.468324 0.030209
v 0.288723 0.460503 0.016677
v 0.275656 0.524499 0.013106
v 0.302472 0.469031 0.006097
v 0.279890 0.534807 0.006321
v 0.272612 0.445417 0.146966
v 0.274850 0.474968 0.106458
v 0.226260 0.472302 0.153872
v 0.315723 0.423504 0.107443
v 0.288036 0.450439 0.112450
v 0.269547 0.849771 0.007846
v 0.426201 1.046981 0.003818
v 0.365028 1.040703 0.004055
v 0.197751 0.824022 0.006784
v 0.309084 1.032506 0.001864
v 0.260497 0.982915 0.007947
v 0.214773 0.796165 0.018167
v 0.279950 -1.143852 0.018107
v 0.301286 -1.149743 0.005127
v 0.311490 -1.120704 0.016484
v 0.319961 -1.324039 0.004112
v 0.385310 -1.309127 0.005284
v 0.350785 -1.226504 0.001942
v -0.025990 -1.376136 0.002376
v 0.050003 -1.370542 0.004489
v 0.114243 -1.225740 0.005069
v -0.730212 -1.118344 0.002098
v -0.761611 -1.297531 0.000712
v -0.668188 -1.148404 0.001338
v -0.527897 -1.170820 0.003469
v -0.541765 -1.087255 0.005889
v -0.397278 -1.175505 0.000573
v -0.391066 -1.099675 0.008299
v -0.439865 -1.113849 0.004720
v -0.482670 -1.146947 0.009344
v -0.493493 -1.175550 0.014334
v -0.449316 -1.200204 0.003095
v -0.326404 -1.179731 0.003789
v -0.205188 -1.373143 0.001057
v -0.102850 -1.376757 0.002365
v 0.100958 -1.163096 0.001986
v 0.160231 -1.169565 0.015269
v 0.179326 -1.123238 0.011632
v 0.229555 -1.224401 0.005164
v 0.183726 -1.351604 0.003946
v 0.301898 -1.087346 0.070594
v 0.362133 -1.122099 0.015562
v 0.391106 -1.090442 0.039813
v 0.350808 -1.092134 0.088417
v 0.396319 -1.111655 0.009100
v 0.381288 -1.129245 0.008516
v 0.223537 0.931804 0.004534
v 0.126395 0.802092 0.005209
v 0.235746 1.019384 0.003463
v 0.207614 0.773316 0.017648
v 0.148204 0.773017 0.016707
v 0.182554 0.766491 0.036975
v 0.174723 0.517480 0.131748
v 0.222706 0.540183 0.055094
v 0.269347 0.515938 0.041061
v 0.195493 0.642705 0.032523
v 0.262644 0.574388 0.005142
v 0.224480 0.629025 0.005702
v 0.221444 0.519186 0.074428
v 0.261437 0.554218 0.026512
v 0.249470 0.245772 0.182460
v 0.354916 0.290270 0.116623
v 0.240090 0.337062 0.196382
v 0.298788 0.203500 0.143974
v 0.184865 0.234606 0.241769
v 0.179886 0.360381 0.224772
v 0.298970 -0.172184 0.105372
v 0.320030 0.108788 0.140830
v 0.265586 -0.038130 0.157999
v 0.396058 0.143718 0.079012
v 0.362147 0.214132 0.105006
v 0.368333 0.110004 0.115457
v 0.232694 0.184314 0.211884
v 0.270304 -0.168612 0.119542
v 0.180933 -0.169105 0.226087
v 0.224848 -0.352283 0.189881
v 0.244631 -0.318883 0.169053
v 0.207612 -0.105679 0.174384
v 0.205755 0.028272 0.187355
v 0.183490 -0.485312 0.197124
v 0.280271 -0.261616 0.103787
v 0.287224 -0.269109 0.088933
v 0.316202 -0.263566 0.073152
v 0.216409 -0.652211 0.129958
v 0.230813 -0.678886 0.101723
v 0.258427 -0.683201 0.065001
v 0.175899 -0.724789 0.142131
v 0.165742 -0.778844 0.134239
v 0.196444 -0.671351 0.151327
v 0.234293 -0.599205 0.112310
v 0.245010 -0.601094 0.085346
v 0.243237 -0.519654 0.050526
v 0.183990 -0.867954 0.115378
v 0.264282 -0.892417 0.082951
v 0.190833 -0.756618 0.134650
v 0.157480 -0.846159 0.111330
v 0.147221 -0.809047 0.115583
v 0.170455 -0.824273 0.118626
v 0.246767 -0.787449 0.078145
v 0.265954 -0.768788 0.040380
v 0.243316 -0.851141 0.080460
v 0.268264 -0.824169 0.055545
v 0.319230 -0.922300 0.115500
v 0.287700 -0.781456 0.047090
v 0.180109 -1.091813 0.007580
v 0.229037 -1.118234 0.040213
v 0.266379 -1.085601 0.064203
v 0.254909 -1.131054 0.025073
v 0.239989 -1.069323 0.055807
v 0.228920 -0.937468 0.116002
v 0.296904 -0.991022 0.154010
v 0.265253 -0.997349 0.133747
v 0.343824 -1.017924 0.153575
v 0.313824 -0.965504 0.123047
v 0.302010 -1.052661 0.138510
v 0.251346 -1.015239 0.121324
v 0.350117 -1.044593 0.151023
v 0.017925 0.859698 0.014235
v 0.035176 0.827751 0.022078
v 0.004456 0.821719 0.025887
v 0.035528 0.817922 0.038456
v 0.081640 0.992468 0.010018
v 0.092217 0.965028 0.005978
v 0.095132 0.998380 0.007489
v 0.071881 0.926198 0.005516
v 0.099619 0.936146 0.013740
v 0.031319 0.808671 0.095607
v 0.067773 0.783524 0.105784
v -0.024894 0.788733 0.104732
v 0.001450 0.803612 0.064919
v -0.015638 0.773810 0.142883
v 0.095603 0.751558 0.133077
v 0.113125 0.756792 0.056546
v 0.099937 0.780781 0.017360
v 0.057487 0.792546 0.034088
v -0.074446 0.380088 0.259420
v -0.055730 0.378478 0.271025
v -0.010437 0.611989 0.225486
v 0.043912 0.534477 0.252698
v 0.075004 0.591271 0.229778
v 0.042062 0.666897 0.231088
v 0.102510 0.615210 0.201961
v -0.042050 0.645092 0.193763
v 0.017908 0.677642 0.227600
v 0.126224 0.576346 0.176547
v 0.148574 0.578606 0.117860
v 0.089067 0.538720 0.212461
v 0.176708 0.163331 0.219755
v 0.117968 0.190476 0.259322
v -0.082173 -0.134608 0.252589
v 0.044714 -0.172379 0.225138
v 0.094449 -0.131757 0.234768
v 0.004879 -0.093065 0.257785
v 0.025030 -0.458207 0.187122
v 0.078135 -0.469991 0.191865
v 0.113596 -0.414662 0.223254
v -0.141906 -0.359328 0.246693
v 0.152860 -0.601815 0.171473
v 0.141466 -0.479699 0.210727
v 0.060402 -0.860315 0.013290
v 0.013508 -0.792037 0.031641
v 0.072117 -0.937775 0.005425
v -0.067085 -0.868520 0.003130
v 0.063637 -0.699839 0.042318
v 0.127547 -0.834702 0.061390
v 0.083819 -0.774462 0.044898
v 0.128606 -0.788877 0.092383
v -0.042887 -0.958319 0.002739
v 0.122406 -0.956819 0.022644
v 0.118658 -0.914211 0.028529
v -0.041478 0.947184 0.010716
v -0.026629 0.994809 0.014084
v -0.038061 0.995888 0.007569
v -0.037486 0.895540 0.008339
v -0.118473 0.771056 0.047431
v -0.093293 0.774812 0.021097
v -0.138539 0.787516 0.023120
v -0.046068 0.773068 0.039200
v -0.072102 0.767197 0.029921
v -0.072251 0.753420 0.109909
v -0.114938 0.597832 0.095333
v -0.104242 0.640516 0.103747
v -0.102513 0.503021 0.156967
v -0.069968 0.513270 0.180421
v -0.051759 0.557673 0.186173
v -0.217829 -0.165319 0.234861
v -0.114206 0.165669 0.258473
v -0.249463 -0.124549 0.178117
v -0.149088 0.177096 0.222460
v -0.245715 0.009973 0.170474
v -0.124028 0.077409 0.255717
v -0.082985 0.076138 0.252967
v -0.110177 -0.178639 0.251925
v -0.247905 -0.536811 0.204656
v -0.205033 -0.324436 0.248955
v -0.242436 -0.300794 0.234158
v -0.211990 -0.602681 0.142315
v -0.231652 -0.563356 0.194170
v -0.074023 -0.520149 0.145033
v -0.013855 -0.499036 0.139358
v -0.114063 -0.534741 0.126395
v -0.128896 -0.473524 0.187609
v -0.028663 -0.576838 0.107778
v -0.243252 -0.865565 0.052544
v -0.211564 -0.869452 0.017454
v -0.167750 -0.848942 0.007202
v -0.139741 -0.802324 0.022514
v -0.154393 -0.732297 0.023222
v -0.217279 -0.748760 0.066836
v -0.263429 -0.840590 0.054404
v -0.322970 -1.068986 0.005589
v -0.223711 -0.943811 0.022437
v -0.285742 -0.968822 0.048798
v -0.119601 -0.958107 0.004233
v -0.097335 -0.930377 0.007899
v -0.343035 1.051048 0.003089
v -0.431614 1.054096 0.003846
v -0.570577 0.604110 0.003891
v -0.416787 0.583629 0.004794
v -0.267980 0.626773 0.005110
v -0.265441 0.584392 0.010015
v -0.190916 0.511597 0.081761
v -0.359928 0.191521 0.034915
v -0.341594 0.209834 0.085281
v -0.336127 0.254617 0.071003
v -0.328808 0.241903 0.007953
v -0.358396 0.247972 0.007763
v -0.308043 0.310191 0.005434
v -0.256961 0.387712 0.130577
v -0.266040 0.344210 0.145738
v -0.321454 0.279202 0.035338
v -0.295889 0.323828 0.087681
v -0.261115 0.398517 0.079650
v -0.413681 -0.033812 0.009511
v -0.411081 0.001555 0.045087
v -0.421630 -0.136663 0.054390
v -0.386325 0.122120 0.054740
v -0.346813 -0.380378 0.036630
v -0.331319 -0.264830 0.090126
v -0.317592 -0.111450 0.113757
v -0.443055 -0.175824 0.022568
v -0.281207 -0.157581 0.152598
v -0.361037 -0.568698 0.011217
v -0.396350 -0.344259 0.005171
v -0.318154 -0.356740 0.086910
v -0.295739 -0.224557 0.153226
v -0.282124 -0.447454 0.192663
v -0.280924 -0.252201 0.196981
v -0.296903 -0.344473 0.172219
v -0.389362 -0.690591 0.007773
v -0.385844 -0.733121 0.027729
v -0.357078 -0.598509 0.020431
v -0.380082 -0.766490 0.081416
v -0.384088 -0.775964 0.052122
v -0.326385 -0.625020 0.125325
v -0.311844 -0.566269 0.144086
v -0.411947 -0.923777 0.137306
v -0.320486 -0.858684 0.115870
v -0.328141 -0.834225 0.104997
v -0.370271 -0.765399 0.095559
v -0.326255 -0.746077 0.103708
v -0.265000 -0.744403 0.095900
v -0.300462 -0.784954 0.128157
v -0.303452 -0.758336 0.137677
v -0.282335 -0.741907 0.135436
v -0.435740 -1.048821 0.045096
v -0.435046 -1.089564 0.014659
v -0.464755 -1.078407 0.008263
v -0.314020 -0.981876 0.067757
v -0.203247 -0.913330 0.007146
v -0.310923 -1.023129 0.006931
v -0.324287 -1.006492 0.047827
v -0.686365 1.038642 0.001018
v -0.565477 0.735172 0.002208
v -0.526113 0.712154 0.004696
v -0.602824 0.626923 0.005381
v -0.658695 0.636113 0.000532
v -0.668572 0.739707 0.000503
v -0.546316 0.212267 0.010612
v -0.490085 0.224829 0.014708
v -0.595324 0.224963 0.008451
v -0.596743 0.212420 0.018620
v -0.602727 0.193819 0.005969
v -0.546647 0.310388 0.005923
v -0.605628 0.338925 0.010926
v -0.599756 0.315610 0.002552
v -0.594845 0.284748 0.011304
v -0.594610 0.267125 0.002035
v -0.624105 0.024062 0.003158
v -0.535982 0.043500 0.010200
v -0.621066 0.069045 0.003585
v -0.427693 0.029524 0.010038
v -0.614176 0.119553 0.004778
v -0.545539 0.119307 0.003687
v -0.359010 0.189086 0.011795
v -0.635460 -0.176669 0.004566
v -0.508135 -0.190544 0.009526
v -0.491130 -0.145825 0.004715
v -0.441467 -0.103997 0.016109
v -0.462322 -0.182144 0.024844
v -0.623737 -0.477583 0.005621
v -0.525410 -0.345892 0.004802
v -0.635696 -0.247134 0.003662
v -0.448529 -0.346108 0.005664
v -0.516306 -0.535189 0.003295
v -0.530144 -0.882054 0.009632
v -0.513256 -0.894475 0.025112
v -0.536516 -0.830364 0.014759
v -0.564266 -0.897841 0.007038
v -0.563732 -0.873988 0.007346
v -0.535750 -0.916971 0.015022
v -0.562897 -0.917190 0.008780
v -0.516340 -0.923488 0.037826
v -0.612125 -0.782365 0.008864
v -0.594647 -0.796231 0.007994
v -0.584818 -0.807010 0.007321
v -0.575121 -0.823885 0.005195
v -0.606112 -0.967412 0.005395
v -0.649035 -1.011376 0.005332
v -0.699458 -1.051207 0.006250
v -0.680886 -1.062980 0.011677
v -0.715597 -1.074278 0.003197
v -0.567422 -0.925922 0.007358
v -0.545350 -0.968422 0.118229
v -0.516546 -0.982135 0.135781
v -0.528819 -0.941112 0.123246
v 0.503841 1.047131 0.003342
v 0.459684 1.048185 0.001747
v 0.627797 0.984278 0.003304
v 0.631806 1.034181 -0.000000
v 0.326925 0.566490 0.004739
v 0.462635 0.660744 0.003829
v 0.364104 0.441671 0.008405
v 0.455290 0.512208 0.003752
v 0.343287 0.370843 0.004201
v 0.325860 0.434236 0.013773
v 0.411455 0.539834 0.004164
v 0.386808 0.502606 0.007592
v 0.516751 0.568831 0.005193
v 0.392811 0.235543 0.012758
v 0.417067 0.217361 0.013860
v 0.395004 0.261072 0.008687
v 0.382925 0.258440 0.030139
v 0.383884 0.224051 0.019195
v 0.366042 0.308141 0.015248
v 0.405252 0.171700 0.041556
v 0.410607 0.166496 0.005747
v 0.391772 0.206265 0.073541
v 0.429472 0.336389 0.005931
v 0.445167 0.356767 0.006954
v 0.375774 0.328270 0.007525
v 0.488811 0.293351 0.016924
v 0.404338 0.146196 0.016863
v 0.406498 -0.087585 0.069082
v 0.412681 0.088424 0.045050
v 0.485568 0.171720 0.006522
v 0.436922 0.142535 0.021664
v 0.564309 0.190742 0.004237
v 0.452652 -0.173389 0.015083
v 0.408052 -0.240000 0.043828
v 0.408198 -0.004407 0.018629
v 0.411162 -0.002461 0.044221
v 0.383882 -0.445253 0.006246
v 0.457109 -0.312668 0.009953
v 0.379408 -0.382953 0.003606
v 0.505495 -0.238812 0.007201
v 0.336843 -0.673423 0.002995
v 0.430868 -0.512943 0.001479
v 0.346468 -0.891005 0.049325
v 0.320016 -0.817535 0.024641
v 0.374177 -0.939776 0.099271
v 0.388087 -0.939419 0.071854
v 0.390206 -0.911058 0.038989
v 0.389583 -0.762128 0.001624
v 0.500120 -0.668821 0.007183
v 0.486614 -0.782513 0.006339
v 0.554566 -0.776744 0.000133
v 0.555678 -0.719199 0.009810
v 0.404617 -0.991934 0.013885
v 0.418971 -0.998223 0.005725
v 0.411344 -0.918892 0.010653
v 0.409196 -1.045773 0.125953
v 0.390551 -0.987784 0.126050
v 0.449483 -0.968148 0.006775
v 0.535082 -0.983240 0.005423
v 0.542046 -0.864012 0.001958
v 0.421719 -1.054097 0.020419
v 0.493538 -0.891507 0.003278
v 0.549854 -0.825680 0.003895
v 0.510939 -0.601888 0.002508
v 0.449103 -0.444694 0.004217
v 0.575267 -0.383484 0.003928
v 0.581823 -0.322288 0.004521
v 0.544955 -0.184205 0.012839
v 0.590782 -0.191695 0.003464
v 0.465586 0.453082 0.004051
v 0.468620 0.479464 0.011484
v 0.551034 0.449309 0.002676
v 0.495417 0.644856 0.008195
v 0.592460 0.701950 0.005316
v 0.480641 0.746041 0.004398
v 0.609868 0.819617 0.005106
v -0.578829 -1.068264 0.006758
v -0.518461 -1.046786 0.027255
v -0.421637 -0.743989 0.014664
v -0.461985 -0.231585 0.006510
v -0.409874 -1.065441 0.010489
v -0.309225 -0.172420 0.136015
v -0.337108 -0.199052 0.114937
v -0.328111 -0.020844 0.117110
v -0.307829 0.064510 0.136391
v -0.301579 0.248795 0.125960
v -0.257496 0.423366 0.121891
v -0.178388 0.655290 0.005522
v -0.165286 0.717558 0.004134
v -0.033677 -0.849678 0.005973
v -0.023379 -0.791614 0.006504
v -0.108422 -0.393756 0.211553
v -0.136234 0.255558 0.249254
v -0.202048 0.201303 0.199724
v -0.083900 0.444929 0.214592
v -0.076754 0.743148 0.136744
v -0.113892 0.714935 0.037089
v -0.020943 0.806727 0.010333
v 0.005695 0.855630 0.009629
v 0.165151 -0.914640 0.091737
v 0.110741 -0.677488 0.100638
v 0.088096 -0.715747 0.073785
v 0.150400 -0.702280 0.112993
v 0.154505 0.095674 0.238594
v 0.091819 0.275039 0.274074
v 0.070787 0.383423 0.269104
v 0.112014 0.698553 0.153078
v 0.134604 0.685184 0.083484
v 0.161227 0.716929 0.037401
v 0.102572 0.717100 0.173127
v 0.132185 0.737677 0.135690
v 0.115290 0.674886 0.160984
v 0.116046 0.897362 0.006403
v 0.186319 0.953905 0.004857
v 0.068446 0.814616 0.005606
v 0.331438 -1.067904 0.135145
v 0.379804 -1.070703 0.133945
v 0.266226 -0.708023 0.019088
v 0.260700 -0.538511 0.022925
v 0.253137 -0.416821 0.098032
v 0.275931 -0.418789 0.037107
v 0.262976 -0.324731 0.101409
v 0.315359 -0.226490 0.103752
v 0.377876 -0.017476 0.100389
v 0.379270 0.238501 0.100224
v 0.326141 0.432360 0.052010
v 0.496093 -1.162377 0.004893
v 0.675594 -1.166964 0.004260
v -0.329114 -1.364325 0.001098
v 0.362397 -0.212866 0.087170
v 0.173092 -0.679848 0.142387
v -0.031141 0.793019 0.012792
v -0.273488 0.439778 0.067430
v -0.233787 0.454819 0.073364
v -0.237444 -0.638122 0.166736
v -0.401897 -0.737220 0.025150
v -0.508033 -1.071045 0.021776
v 0.487141 0.251206 0.013258
v 0.467923 0.238624 0.018270
v 0.460279 0.205657 0.006614
v 0.551458 0.255880 0.004620
v 0.549321 -1.089621 0.004224
v 0.545626 0.286870 0.010583
v 0.415385 0.277931 0.012547
v 0.417317 0.323028 0.015662
v 0.428919 0.295032 0.004035
v 0.399471 0.932286 0.006429
v 0.201691 0.728329 0.005505
v -0.541513 -1.003240 0.114244
v -0.599746 -1.031683 0.029013
v -0.460944 -0.840413 0.041746
v -0.477299 -0.893280 0.104152
v -0.512868 -0.898681 0.048152
v -0.279697 -1.001291 0.010639
v -0.362226 0.173697 0.057186
v -0.176274 0.919304 0.004533
v -0.024053 0.068389 0.264633
v -0.188632 0.409641 0.198305
v -0.141967 0.552334 0.109735
v -0.013305 0.997385 0.005769
v 0.114334 -0.974452 0.018340
v 0.161600 -0.640771 0.161641
v 0.190164 -0.619971 0.139331
v 0.024712 -0.512342 0.135274
v 0.186273 0.537967 0.114057
v 0.158175 0.943407 0.009054
v 0.204127 0.940434 0.011807
v 0.027378 0.998994 0.014526
v 0.392634 -1.047307 0.142395
v 0.367936 -1.013007 0.149375
v 0.243757 -0.735099 0.086131
v 0.238444 0.477158 0.131458
v 0.178981 0.688416 0.018897
v 0.415831 -1.174320 0.006385
v -0.431692 -1.353120 0.002765
v 0.644215 -1.148268 0.005821
v 0.601049 -1.138293 0.005162
v 0.448396 -1.293644 0.005356
v 0.621306 -1.256415 0.001028
v 0.204497 -1.182848 0.007818
v 0.176623 1.004369 0.003562
v 0.209150 1.012488 0.014423
v 0.168680 0.746237 0.077588
v 0.327995 0.403275 0.051498
v 0.190435 -0.563275 0.169796
v 0.170548 -0.881498 0.094236
v 0.182108 -1.002023 0.086166
v 0.352455 -0.961326 0.131987
v 0.015358 0.998966 0.005281
v 0.006549 0.377534 0.267193
v 0.136489 -0.113928 0.231159
v 0.187002 -0.352419 0.216544
v -0.085327 1.007019 0.003966
v -0.051709 0.998386 0.012961
v -0.135874 0.723179 0.013821
v -0.181016 0.486518 0.113125
v -0.197380 0.445417 0.167722
v -0.075796 0.582747 0.170615
v -0.219837 0.423973 0.169354
v -0.257817 -0.502194 0.206293
v -0.225400 -0.651735 0.120373
v -0.176883 -0.658744 0.072363
v -0.185631 -0.561224 0.165915
v -0.069840 -0.910975 0.001684
v -0.283298 1.042829 0.003244
v -0.242666 0.485023 0.029653
v -0.306204 0.295100 0.009888
v -0.340008 0.168957 0.092746
v -0.344372 0.105507 0.110091
v -0.242367 0.220492 0.155700
v -0.407644 -1.047952 0.017361
v -0.459878 -1.049437 0.041418
v -0.608308 0.143826 0.019526
v -0.473503 -0.040300 0.007361
v -0.623021 -0.517293 0.001912
v -0.517590 -0.858535 0.038534
v -0.533415 -0.910655 0.099539
v -0.620355 -0.765232 0.004194
v -0.567896 -0.846405 0.006723
v -0.479092 -0.829780 0.017963
v 0.600559 0.766234 0.007949
v 0.592998 0.734635 0.004100
v 0.329309 0.383432 0.010327
v 0.403240 0.360918 0.013866
v 0.537059 0.360603 0.002951
v 0.479096 0.279074 0.005798
v 0.447855 0.162566 0.013954
v 0.556618 0.228742 0.012775
v -0.524788 -0.890518 0.093826
v -0.409348 0.195122 0.004463
v -0.089796 0.698958 0.087261
v 0.150185 -1.061529 0.006043
v 0.409818 -1.068931 0.116529
v -0.141104 -0.642120 0.065759
v 0.573917 -0.435543 0.003886
v 0.472921 -0.503849 0.007035
v -0.215530 0.470254 0.107245
v 0.585181 -0.048686 0.005992
v -0.383023 -0.008899 0.091024
v -0.548604 -0.946366 0.084367
v 0.149284 0.620171 0.103801
v 0.160729 -1.031154 0.051829
v 0.566690 0.525365 0.002952
v -0.625658 -0.011520 0.008534
v -0.410718 -0.218220 0.067429
v 0.144650 1.000979 0.005175
vn 0.0104 -0.0631 0.9980
vn 0.1182 -0.0250 0.9927
vn 0.0398 -0.0315 0.9987
vn -0.0084 -0.0069 0.9999
vn 0.0035 -0.0386 0.9992
vn -0.0049 -0.0319 0.9995
vn 0.4564 0.3731 0.8077
vn 0.5082 0.3921 0.7668
vn 0.7241 0.1380 0.6757
vn -0.1071 -0.1138 0.9877
vn 0.1830 -0.0941 0.9786
vn 0.0175 -0.0190 0.9997
vn -0.7540 0.2969 0.5860
vn -0.7933 0.1245 0.5960
vn -0.4459 0.4529 0.7720
vn -0.2555 -0.0796 0.9635
vn -0.0136 -0.0004 0.9999
vn -0.3004 0.0453 0.9528
vn 0.1482 -0.1096 0.9829
vn 0.0746 0.0127 0.9971
vn -0.0243 0.0404 0.9989
vn 0.0949 -0.3611 0.9277
vn -0.1006 -0.4855 0.8684
vn 0.2202 -0.4823 0.8479
vn -0.1060 -0.2361 0.9659
vn -0.1319 -0.4933 0.8598
vn 0.1473 -0.5592 0.8159
vn -0.3084 0.2298 0.9231
vn -0.6890 0.3769 0.6190
vn -0.6398 0.3786 0.6688
vn 0.4869 -0.1863 0.8533
vn 0.6450 -0.1165 0.7553
vn 0.5645 -0.1713 0.8075
vn -0.0600 0.0322 0.9977
vn -0.0877 0.0563 0.9946
vn -0.1116 0.1160 0.9870
vn -0.6191 -0.1940 0.7610
vn -0.6858 -0.3711 0.6261
vn -0.5347 -0.2167 0.8168
vn -0.0410 0.3922 0.9190
vn 0.0971 -0.0540 0.9938
vn -0.0985 0.5252 0.8452
vn 0.0196 -0.0289 0.9994
vn 0.4279 -0.1854 0.8846
vn 0.1292 -0.5459 0.8278
vn 0.0034 0.0652 0.9979
vn 0.0165 -0.0075 0.9998
vn 0.0172 -0.0037 0.9998
vn 0.0155 0.0506 0.9986
vn 0.0061 -0.1835 0.9830
vn -0.0071 0.0577 0.9983
vn 0.0207 0.0124 0.9997
vn 0.0126 0.2163 0.9762
vn -0.0874 -0.0523 0.9948
vn -0.0506 0.0737 0.9960
vn -0.0367 -0.0011 0.9993
vn 0.0783 -0.0730 0.9943
vn 0.1411 0.2062 0.9683
vn 0.3099 0.3092 0.8991
vn 0.1218 0.1858 0.9750
vn 0.1020 0.0631 0.9928
vn 0.0913 -0.1207 0.9885
vn 0.0373 -0.0135 0.9992
vn 0.9529 0.2538 0.1662
vn 0.8545 -0.4302 0.2913
vn 0.8797 0.3795 0.2865
vn -0.0183 -0.4577 0.8889
vn 0.3460 0.0592 0.9364
vn 0.5047 -0.1722 0.8460
vn 0.2527 0.3599 0.8981
vn 0.2228 0.1100 0.9686
vn 0.0776 0.0828 0.9935
vn -0.0796 -0.0058 0.9968
vn -0.1689 -0.0647 0.9835
vn 0.0574 0.0745 0.9956
vn 0.5088 0.1105 0.8538
vn 0.0049 0.0512 0.9987
vn 0.0377 0.0320 0.9988
vn 0.6895 -0.0742 0.7204
vn 0.3570 -0.2905 0.8878
vn 0.3452 -0.0063 0.9385
vn 0.2801 -0.0628 0.9579
vn 0.2818 -0.2087 0.9365
vn 0.1725 -0.0682 0.9827
vn 0.1755 -0.1124 0.9780
vn 0.0081 0.0635 0.9980
vn 0.1011 -0.1635 0.9813
vn 0.0037 -0.0118 0.9999
vn 0.0698 -0.0035 0.9976
vn 0.6728 -0.0612 0.7373
vn 0.0142 0.0015 0.9999
vn -0.0037 -0.0768 0.9970
vn 0.1262 0.1867 0.9743
vn 0.1862 0.0998 0.9774
vn -0.0295 -0.0116 0.9995
vn -0.0377 0.0183 0.9991
vn 0.0459 -0.0424 0.9980
vn 0.1523 -0.0589 0.9866
vn -0.1082 -0.8906 0.4417
vn 0.2385 -0.7328 0.6373
vn -0.1357 -0.6498 0.7479
vn -0.6360 0.3357 0.6948
vn -0.8223 -0.2866 0.4916
vn -0.9450 0.3070 -0.1131
vn -0.0346 0.2109 0.9769
vn -0.0477 0.0483 0.9977
vn -0.0202 0.0547 0.9983
vn -0.0435 -0.0220 0.9988
vn -0.6593 0.1226 0.7418
vn -0.6724 0.1666 0.7212
vn -0.0092 0.0213 0.9997
vn -0.0174 -0.0263 0.9995
vn -0.0335 0.0538 0.9980
vn 0.0040 0.0212 0.9998
vn 0.0302 -0.0083 0.9995
vn 0.0316 0.0289 0.9991
vn 0.0283 -0.1968 0.9800
vn 0.0507 0.2991 0.9529
vn -0.0107 0.0048 0.9999
vn 0.0249 0.1174 0.9928
vn -0.0016 0.0131 0.9999
vn 0.3287 -0.7880 0.5206
vn 0.3431 -0.5500 0.7615
vn 0.3946 -0.7050 0.5893
vn 0.3577 -0.8309 0.4262
vn 0.5517 -0.2929 0.7810
vn 0.6751 -0.3356 0.6570
vn 0.6760 -0.2657 0.6874
vn -0.4240 0.3289 0.8439
vn 0.0045 0.1583 0.9874
vn -0.2084 -0.0116 0.9780
vn -0.3225 0.3766 0.8684
vn 0.3940 -0.2768 0.8764
vn 0.3857 -0.4018 0.8305
vn 0.5559 -0.2687 0.7867
vn -0.4417 -0.1070 0.8907
vn -0.3131 -0.2466 0.9171
vn -0.5680 -0.1234 0.8137
vn -0.9648 0.2179 0.1474
vn -0.8752 0.1247 0.4674
vn -0.9100 0.1058 0.4009
vn -0.9273 0.1491 0.3433
vn -0.6109 -0.0151 0.7916
vn -0.9460 0.1022 0.3077
vn -0.9443 0.0380 0.3270
vn -0.7683 -0.0297 0.6394
vn -0.6035 0.0265 0.7969
vn -0.5056 0.0998 0.8570
vn -0.6086 0.0102 0.7934
vn -0.3908 0.1234 0.9121
vn -0.6754 0.4409 0.5912
vn -0.0965 0.0206 0.9951
vn -0.5467 0.2290 0.8054
vn -0.4236 0.2058 0.8822
vn -0.5137 -0.1196 0.8496
vn -0.9209 0.0709 0.3834
vn -0.9666 -0.0455 -0.2522
vn -0.0226 -0.0078 0.9997
vn -0.0225 -0.0079 0.9997
vn -0.0091 0.0014 1.0000
vn 0.2743 -0.3858 0.8809
vn 0.0171 -0.0214 0.9996
vn 0.0071 -0.0895 0.9960
vn 0.0271 -0.0706 0.9971
vn -0.0392 -0.0402 0.9984
vn 0.0686 -0.0284 0.9972
vn -0.0073 -0.0440 0.9990
vn 0.1872 -0.2151 0.9585
vn 0.3882 -0.0845 0.9177
vn 0.3768 -0.1917 0.9062
vn 0.1454 -0.3210 0.9358
vn 0.3837 -0.3452 0.8565
vn 0.0673 -0.2168 0.9739
vn 0.4343 -0.4650 0.7715
vn -0.1744 0.0172 0.9845
vn -0.0279 0.0089 0.9996
vn -0.3390 0.0673 0.9384
vn -0.5179 0.0654 0.8529
vn -0.4378 0.2362 0.8675
vn -0.6768 0.1492 0.7209
vn -0.1004 0.3886 0.9159
vn -0.0322 0.0035 0.9995
vn -0.0552 0.0409 0.9976
vn -0.0344 -0.0327 0.9989
vn -0.0268 -0.0202 0.9994
vn -0.0078 0.0562 0.9984
vn -0.3104 -0.2541 0.9160
vn -0.4967 -0.1570 0.8536
vn -0.2790 0.0862 0.9564
vn -0.3362 0.0010 0.9418
vn -0.6689 -0.3791 0.6394
vn -0.4290 -0.4225 0.7984
vn -0.3172 -0.3561 0.8790
vn -0.3597 -0.5201 0.7747
vn 0.0422 -0.5791 0.8141
vn -0.2896 -0.5725 0.7670
vn -0.4396 -0.3882 0.8100
vn -0.6092 -0.3338 0.7194
vn 0.0913 -0.5650 0.8200
vn 0.0430 -0.4954 0.8676
vn -0.1208 -0.0924 0.9884
vn -0.2337 -0.2459 0.9407
vn 0.1622 -0.0763 0.9838
vn 0.2948 -0.0859 0.9517
vn 0.1131 -0.0925 0.9893
vn 0.1898 -0.1205 0.9744
vn 0.3945 0.2574 0.8821
vn 0.4167 0.0064 0.9090
vn 0.5793 0.2934 0.7605
vn 0.1252 0.8571 0.4997
vn -0.0199 0.6592 0.7517
vn 0.3057 0.6339 0.7104
vn 0.0408 0.0198 0.9990
vn 0.1858 0.1340 0.9734
vn -0.0433 0.0302 0.9986
vn 0.1379 0.0309 0.9900
vn 0.2536 0.5465 0.7981
vn 0.4159 0.5980 0.6851
vn -0.0327 0.2616 0.9646
vn 0.3693 -0.1236 0.9211
vn 0.3544 0.1171 0.9277
vn 0.0840 -0.0228 0.9962
vn 0.5617 -0.2857 0.7765
vn 0.2890 -0.3318 0.8980
vn 0.4778 -0.4818 0.7345
vn 0.7605 -0.1742 0.6256
vn 0.9585 -0.0252 0.2838
vn 0.9090 -0.1491 0.3893
vn 0.9334 -0.2009 0.2972
vn 0.8633 0.0713 0.4996
vn 0.7268 0.1681 0.6660
vn 0.6825 0.0794 0.7266
vn 0.9559 0.2122 0.2028
vn 0.9199 0.3900 -0.0402
vn 0.8581 0.2576 0.4442
vn 0.9107 0.3727 0.1782
vn 0.6790 0.5331 0.5047
vn 0.8324 0.2097 0.5130
vn 0.2616 0.1991 0.9444
vn 0.4125 0.1303 0.9016
vn 0.5797 0.5210 0.6265
vn 0.6880 0.6433 0.3358
vn 0.3527 0.5824 0.7324
vn 0.8314 0.4230 0.3603
vn 0.7413 0.6100 0.2799
vn 0.0159 0.0110 0.9998
vn 0.0035 0.0389 0.9992
vn -0.0127 0.0262 0.9996
vn -0.0761 0.1696 0.9826
vn -0.0104 0.0456 0.9989
vn 0.0468 -0.0018 0.9989
vn 0.1170 0.1310 0.9844
vn 0.2136 -0.4725 0.8551
vn 0.1782 -0.2610 0.9487
vn 0.1882 -0.6869 0.7019
vn 0.0009 0.0058 1.0000
vn -0.0305 0.0133 0.9994
vn -0.0091 -0.0118 0.9999
vn -0.0111 0.0060 0.9999
vn -0.0182 0.0033 0.9998
vn -0.0424 0.0005 0.9991
vn -0.0512 -0.0530 0.9973
vn -0.0012 -0.0072 1.0000
vn -0.0115 -0.0421 0.9990
vn -0.1028 -0.0759 0.9918
vn -0.1403 -0.1756 0.9744
vn 0.0212 -0.0251 0.9995
vn 0.0570 -0.0630 0.9964
vn -0.0190 -0.1331 0.9909
vn 0.0849 0.0066 0.9964
vn -0.0474 -0.1224 0.9913
vn 0.1071 -0.0244 0.9939
vn 0.0042 -0.0191 0.9998
vn -0.0008 -0.0021 1.0000
vn -0.0092 0.0105 0.9999
vn -0.0481 0.0057 0.9988
vn -0.2589 -0.0040 0.9659
vn -0.4230 0.1785 0.8884
vn 0.0180 -0.0648 0.9977
vn 0.0020 -0.0083 1.0000
vn -0.1371 -0.8482 0.5117
vn 0.1171 -0.7586 0.6410
vn 0.2015 -0.8709 0.4483
vn 0.0391 -0.9289 0.3683
vn 0.0703 -0.5236 0.8491
vn 0.0754 -0.1667 0.9831
vn 0.0453 -0.0211 0.9988
vn 0.0477 0.3243 0.9448
vn 0.1132 0.0349 0.9930
vn 0.5949 -0.2448 0.7656
vn -0.0394 0.6852 0.7273
vn 0.0217 0.8199 0.5721
vn 0.5228 0.3967 0.7545
vn 0.5701 0.4081 0.7130
vn 0.6413 0.5941 0.4855
vn 0.7137 0.3838 0.5859
vn 0.0751 0.0483 0.9960
vn 0.4139 0.2312 0.8805
vn 0.5794 0.6530 0.4878
vn 0.7618 0.4619 0.4543
vn 0.6179 0.0051 0.7862
vn 0.7278 0.1440 0.6706
vn 0.6087 0.0394 0.7925
vn 0.6217 0.1196 0.7741
vn 0.5014 -0.1102 0.8581
vn 0.3410 0.4099 0.8460
vn 0.3998 -0.0750 0.9135
vn 0.4597 -0.1841 0.8688
vn 0.5070 -0.1450 0.8497
vn 0.8635 0.0701 0.4995
vn 0.5854 -0.1350 0.7995
vn 0.6702 0.0319 0.7415
vn 0.4661 -0.0636 0.8825
vn 0.5441 -0.0894 0.8343
vn 0.5093 0.0275 0.8602
vn 0.7027 -0.0931 0.7054
vn 0.8537 -0.0527 0.5181
vn 0.7331 -0.0710 0.6764
vn 0.6136 -0.0680 0.7867
vn 0.4932 -0.2065 0.8450
vn 0.7196 -0.3279 0.6120
vn 0.6540 -0.4097 0.6359
vn 0.4197 -0.4667 0.7785
vn 0.7277 -0.0377 0.6848
vn 0.7732 -0.1400 0.6185
vn 0.9162 0.0163 0.4003
vn -0.4613 -0.0586 0.8853
vn -0.2954 -0.1539 0.9429
vn 0.3932 -0.0866 0.9154
vn 0.8139 -0.0427 0.5795
vn 0.9433 0.0508 0.3281
vn 0.9327 -0.0576 0.3561
vn -0.1057 -0.1958 0.9749
vn 0.1541 0.4111 0.8985
vn 0.4598 -0.2098 0.8629
vn -0.6088 -0.3529 0.7105
vn -0.7126 -0.1822 0.6775
vn 0.2207 -0.2057 0.9534
vn 0.7693 -0.0862 0.6330
vn 0.5004 0.1887 0.8450
vn 0.5130 0.1909 0.8369
vn 0.0987 0.3235 0.9411
vn -0.0386 0.4796 0.8766
vn 0.3334 0.3726 0.8661
vn -0.3581 -0.1932 0.9135
vn -0.2339 -0.2810 0.9308
vn -0.3623 -0.6132 0.7020
vn -0.0109 -0.4929 0.8700
vn -0.4880 -0.5360 0.6889
vn -0.5488 -0.2185 0.8069
vn -0.1317 0.0935 0.9869
vn -0.5077 -0.1244 0.8525
vn 0.0374 0.1224 0.9918
vn -0.0191 0.4442 0.8957
vn -0.3560 -0.5531 0.7532
vn -0.5144 -0.3569 0.7798
vn 0.0269 -0.2907 0.9564
vn -0.0050 0.1548 0.9879
vn 0.2723 0.5266 0.8053
vn -0.4482 0.6634 0.5992
vn 0.3257 0.8509 0.4122
vn 0.0706 0.0012 0.9975
vn -0.3350 0.0331 0.9416
vn 0.0633 -0.0072 0.9980
vn 0.1235 -0.0235 0.9921
vn 0.2039 0.0961 0.9743
vn 0.1497 0.9565 0.2503
vn 0.5469 0.8006 0.2449
vn -0.4209 0.8809 0.2165
vn -0.4044 0.8980 0.1731
vn -0.3164 0.7740 0.5485
vn 0.4279 0.8120 0.3969
vn 0.2924 0.9004 0.3222
vn 0.2599 0.7022 0.6628
vn 0.5582 0.7303 0.3938
vn -0.4607 0.4034 0.7906
vn -0.2303 0.1847 0.9554
vn -0.6682 0.2053 0.7151
vn 0.2738 0.1391 0.9517
vn 0.5792 0.0875 0.8105
vn 0.2633 0.3076 0.9144
vn 0.7497 0.1325 0.6484
vn -0.6696 0.1059 0.7351
vn -0.2080 0.3666 0.9068
vn 0.7874 0.1409 0.6001
vn 0.7998 0.3952 0.4518
vn 0.7186 0.0739 0.6915
vn 0.3895 -0.1675 0.9057
vn 0.3030 -0.1145 0.9461
vn 0.0433 -0.1036 0.9937
vn -0.0150 -0.1822 0.9831
vn 0.0916 -0.0710 0.9933
vn 0.0643 -0.1443 0.9874
vn -0.2518 -0.4310 0.8665
vn -0.3109 -0.4077 0.8586
vn -0.1398 -0.2084 0.9680
vn 0.1330 -0.1663 0.9771
vn 0.2270 -0.2926 0.9289
vn 0.0189 -0.2585 0.9658
vn -0.4093 -0.3483 0.8433
vn -0.4232 -0.2040 0.8828
vn -0.2232 -0.0814 0.9714
vn 0.0010 -0.0524 0.9986
vn -0.4988 -0.2290 0.8359
vn -0.6086 -0.0922 0.7881
vn -0.6363 -0.1891 0.7479
vn -0.7519 -0.1771 0.6351
vn -0.0264 -0.0319 0.9991
vn -0.5903 -0.1049 0.8004
vn -0.6222 -0.3138 0.7172
vn -0.0692 -0.0253 0.9973
vn 0.1035 -0.0278 0.9942
vn -0.0433 0.0674 0.9968
vn -0.0097 -0.0097 0.9999
vn -0.4992 0.6048 0.6206
vn 0.1412 0.7712 0.6207
vn -0.1808 0.3966 0.9000
vn -0.4694 0.8436 0.2609
vn -0.1271 0.9000 0.4169
vn -0.2949 0.9153 0.2742
vn -0.7395 0.3122 0.5963
vn -0.8282 0.1600 0.5371
vn -0.5529 0.4041 0.7287
vn -0.7153 0.2903 0.6357
vn -0.7431 0.1634 0.6489
vn -0.6322 0.1535 0.7595
vn -0.5842 0.0338 0.8109
vn -0.7071 0.1469 0.6917
vn -0.5885 -0.0239 0.8081
vn -0.5415 0.0071 0.8406
vn -0.0514 -0.0515 0.9973
vn -0.0713 -0.0941 0.9930
vn 0.1407 -0.0614 0.9882
vn -0.3052 -0.3070 0.9015
vn -0.2083 -0.0679 0.9757
vn -0.5375 0.0015 0.8433
vn 0.6220 -0.4916 0.6094
vn 0.3010 -0.4386 0.8467
vn 0.0972 -0.4897 0.8665
vn -0.0593 -0.4741 0.8785
vn 0.2167 -0.6288 0.7468
vn 0.4673 -0.4340 0.7703
vn 0.0037 -0.6072 0.7945
vn 0.4945 -0.1596 0.8544
vn 0.4660 -0.3779 0.8000
vn 0.2514 -0.2744 0.9282
vn 0.2921 -0.1248 0.9482
vn 0.4217 -0.3072 0.8531
vn 0.5646 -0.4007 0.7215
vn 0.5548 -0.1650 0.8154
vn 0.0774 -0.1504 0.9856
vn 0.3796 -0.1965 0.9041
vn 0.5413 -0.3898 0.7450
vn -0.0126 -0.0457 0.9989
vn 0.0484 -0.0397 0.9980
vn 0.0288 0.0369 0.9989
vn -0.0162 -0.0008 0.9999
vn 0.0132 -0.0095 0.9999
vn -0.0031 0.0132 0.9999
vn -0.0323 0.0515 0.9981
vn -0.0947 0.0429 0.9946
vn -0.5024 0.5153 0.6943
vn -0.9238 0.3818 0.0284
vn -0.8194 0.1546 0.5520
vn -0.9137 0.3566 0.1948
vn -0.7092 0.3433 0.6158
vn -0.0037 0.0272 0.9996
vn -0.3436 0.0828 0.9355
vn -0.8925 0.2709 0.3606
vn -0.8487 0.2811 0.4480
vn -0.8946 0.4295 -0.1236
vn -0.8857 0.4286 0.1782
vn -0.9832 0.0405 0.1780
vn -0.6421 0.0978 0.7604
vn -0.9478 0.1235 0.2941
vn -0.8580 0.0968 0.5044
vn -0.9122 0.2680 0.3099
vn -0.7599 -0.1394 0.6349
vn -0.6512 -0.2641 0.7114
vn -0.5275 0.0498 0.8481
vn -0.5155 0.0333 0.8563
vn -0.6700 0.2250 0.7074
vn -0.5574 0.0314 0.8297
vn -0.3770 -0.1908 0.9063
vn -0.9218 -0.0268 0.3867
vn -0.9103 -0.1012 0.4013
vn -0.7751 -0.0375 0.6307
vn -0.7964 0.1009 0.5964
vn -0.9134 0.0156 0.4068
vn -0.4466 0.1682 0.8788
vn -0.6361 0.3707 0.6768
vn -0.8721 0.1736 0.4576
vn -0.9261 0.1647 0.3395
vn -0.7837 0.3568 0.5085
vn -0.6734 -0.0117 0.7392
vn -0.6796 -0.1106 0.7252
vn 0.0154 0.1770 0.9841
vn 0.3848 -0.0624 0.9209
vn -0.2933 0.1819 0.9386
vn -0.5308 0.1489 0.8343
vn -0.6082 0.0088 0.7937
vn 0.7049 -0.3633 0.6092
vn 0.2503 -0.3952 0.8839
vn -0.2971 -0.2167 0.9299
vn 0.6359 -0.4100 0.6538
vn 0.2928 -0.7185 0.6309
vn -0.0026 -0.4011 0.9160
vn 0.0215 -0.5139 0.8576
vn 0.5284 -0.4609 0.7130
vn 0.2799 0.0197 0.9598
vn 0.2253 -0.4716 0.8525
vn 0.3204 -0.7905 0.5220
vn -0.0150 0.0021 0.9999
vn -0.0537 0.0027 0.9986
vn -0.0209 0.0073 0.9998
vn -0.0297 0.0091 0.9995
vn -0.0588 0.0146 0.9982
vn -0.0166 -0.0021 0.9999
vn 0.0077 -0.0974 0.9952
vn -0.0357 -0.0096 0.9993
vn 0.0241 0.3441 0.9386
vn 0.1193 0.0162 0.9927
vn 0.0245 -0.1614 0.9866
vn -0.0076 -0.0863 0.9962
vn 0.0091 0.0492 0.9987
vn -0.0423 -0.1576 0.9866
vn 0.0606 -0.1387 0.9885
vn -0.0335 -0.1057 0.9938
vn -0.0418 0.0010 0.9991
vn -0.0142 0.0103 0.9998
vn -0.0618 -0.0090 0.9980
vn -0.0113 0.0398 0.9991
vn -0.0312 -0.2173 0.9756
vn 0.0272 -0.1019 0.9944
vn -0.6926 0.3728 0.6175
vn -0.0201 -0.0041 0.9998
vn -0.1141 -0.0055 0.9935
vn -0.1505 0.0951 0.9840
vn -0.1038 0.0754 0.9917
vn -0.1749 -0.0434 0.9836
vn -0.0077 -0.0329 0.9994
vn -0.0031 -0.0009 1.0000
vn -0.0205 -0.0133 0.9997
vn -0.0262 -0.0321 0.9991
vn -0.0062 -0.0104 0.9999
vn -0.4585 0.0065 0.8887
vn -0.8937 0.0657 0.4439
vn -0.1885 0.1417 0.9718
vn -0.1389 0.0860 0.9866
vn -0.1162 -0.0492 0.9920
vn -0.4775 0.1180 0.8706
vn -0.1898 0.0136 0.9817
vn -0.9146 0.3805 0.1366
vn -0.0596 0.0903 0.9941
vn -0.4068 -0.5481 0.7308
vn -0.2918 -0.3160 0.9028
vn -0.2658 -0.1883 0.9454
vn -0.0644 0.0513 0.9966
vn -0.1319 0.1910 0.9727
vn -0.2083 0.1190 0.9708
vn -0.1196 0.0227 0.9926
vn -0.1319 -0.0557 0.9897
vn -0.1221 -0.0415 0.9917
vn -0.8013 0.0615 0.5950
vn -0.2626 -0.1613 0.9513
vn -0.5309 0.3451 0.7740
vn 0.0113 0.0381 0.9992
vn 0.0015 0.8534 0.5212
vn 0.0152 0.0279 0.9995
vn 0.0325 0.0634 0.9975
vn 0.0085 0.0071 0.9999
vn -0.0297 0.0559 0.9980
vn 0.0463 0.0118 0.9989
vn 0.0095 0.0187 0.9998
vn 0.2710 0.1379 0.9526
vn 0.5819 0.3552 0.7316
vn -0.0202 0.0535 0.9984
vn 0.0136 -0.0673 0.9976
vn 0.0152 -0.0280 0.9995
vn 0.3039 0.0850 0.9489
vn -0.0729 -0.0700 0.9949
vn 0.3340 0.0941 0.9379
vn 0.9661 0.1851 0.1800
vn 0.8983 0.1585 0.4097
vn 0.7292 0.3053 0.6125
vn 0.9767 0.1355 0.1664
vn 0.4742 0.2051 0.8562
vn 0.9331 0.1161 0.3404
vn 0.0317 0.1858 0.9821
vn 0.0008 0.0250 0.9997
vn 0.0439 0.0835 0.9955
vn 0.0053 -0.1603 0.9871
vn 0.7355 0.0927 0.6711
vn 0.7660 -0.0333 0.6420
vn 0.9764 0.0390 0.2125
vn -0.0187 0.2925 0.9561
vn -0.0003 0.0869 0.9962
vn 0.0429 0.0076 0.9991
vn 0.1353 0.1445 0.9802
vn 0.7076 -0.3114 0.6343
vn 0.9681 0.0391 0.2475
vn 0.9993 -0.0001 0.0367
vn 0.0103 -0.0258 0.9996
vn -0.0225 0.0138 0.9997
vn 0.0386 -0.0630 0.9973
vn 0.0307 -0.0053 0.9995
vn 0.0449 0.0325 0.9985
vn -0.0152 -0.0365 0.9992
vn 0.5422 0.5684 0.6188
vn 0.5306 0.3065 0.7903
vn 0.6141 0.5851 0.5297
vn 0.9005 0.2993 0.3156
vn 0.6956 0.3640 0.6195
vn 0.1299 0.1124 0.9851
vn 0.0037 0.0104 0.9999
vn 0.0319 0.0044 0.9995
vn 0.0959 -0.0603 0.9936
vn -0.2091 0.1753 0.9621
vn 0.8407 0.1432 0.5221
vn 0.3327 0.1129 0.9363
vn 0.5384 -0.0562 0.8408
vn 0.8166 0.0002 0.5771
vn 0.7022 0.4009 0.5884
vn 0.0302 -0.0265 0.9992
vn 0.0028 0.0749 0.9972
vn 0.0483 -0.0339 0.9983
vn 0.5826 0.4899 0.6486
vn 0.0459 0.0097 0.9989
vn 0.0503 0.0006 0.9987
vn -0.1084 -0.0441 0.9931
vn 0.0033 -0.0178 0.9998
vn 0.0051 0.0016 1.0000
vn 0.0064 0.0009 1.0000
vn 0.0506 -0.0329 0.9982
vn 0.1297 -0.0607 0.9897
vn 0.0445 -0.0033 0.9990
vn 0.0136 -0.0158 0.9998
vn 0.0378 0.1030 0.9940
vn 0.0019 0.0047 1.0000
vn -0.0026 0.0067 1.0000
vn -0.0023 0.0009 1.0000
vn -0.0203 0.0260 0.9995
vn -0.0531 -0.3612 0.9310
vn -0.3760 -0.6714 0.6386
vn -0.3256 0.2886 0.9004
vn -0.2434 -0.1378 0.9601
vn 0.2487 -0.2048 0.9467
vn -0.7210 0.1226 0.6820
vn -0.5724 -0.0483 0.8186
vn -0.5062 -0.0275 0.8620
vn -0.5239 0.0126 0.8517
vn -0.6991 -0.0253 0.7146
vn -0.8534 0.3837 0.3528
vn -0.3573 0.2443 0.9015
vn -0.2025 0.0044 0.9793
vn -0.0351 -0.0533 0.9980
vn -0.2066 -0.0959 0.9737
vn 0.2370 -0.5340 0.8116
vn -0.5692 -0.0321 0.8215
vn -0.5685 0.0038 0.8227
vn -0.3933 0.4923 0.7765
vn -0.7588 0.3984 0.5152
vn -0.8145 0.1060 0.5704
vn -0.3107 0.3361 0.8891
vn -0.1196 0.1456 0.9821
vn -0.5811 -0.1574 0.7984
vn -0.6438 -0.3088 0.7001
vn -0.6778 -0.1520 0.7194
vn -0.6354 -0.2530 0.7296
vn 0.4038 -0.0457 0.9137
vn 0.1476 -0.0087 0.9890
vn 0.2439 0.1861 0.9518
vn 0.9346 0.0223 0.3550
vn 0.9004 0.0893 0.4257
vn 0.8106 -0.2163 0.5442
vn 0.6320 0.3831 0.6737
vn 0.7650 0.3981 0.5063
vn 0.8554 0.2116 0.4728
vn 0.1027 -0.0433 0.9938
vn -0.1771 0.0065 0.9842
vn 0.2736 0.3022 0.9132
vn -0.1302 -0.7412 0.6586
vn 0.2095 -0.7270 0.6539
vn 0.7533 0.2035 0.6254
vn 0.7179 -0.0372 0.6952
vn 0.9374 -0.2066 0.2802
vn 0.7711 -0.2109 0.6008
vn 0.8862 -0.1774 0.4279
vn 0.4222 -0.2589 0.8688
vn 0.5228 -0.0839 0.8483
vn 0.7634 -0.0311 0.6451
vn 0.8609 0.4996 0.0966
vn -0.0090 -0.1732 0.9848
vn 0.4143 0.2596 0.8723
vn 0.0030 -0.0087 1.0000
vn 0.4599 -0.2306 0.8575
vn -0.4159 -0.3262 0.8489
vn -0.4112 0.5574 0.7213
vn -0.6378 0.6316 0.4407
vn -0.6754 0.6049 0.4218
vn 0.5641 -0.3826 0.7317
vn -0.3769 0.8585 0.3478
vn -0.0119 -0.1708 0.9852
vn 0.1228 -0.0202 0.9922
vn 0.1982 -0.1094 0.9740
vn 0.0728 -0.1202 0.9901
vn -0.0176 0.0901 0.9958
vn 0.0495 0.0059 0.9988
vn 0.0687 0.0491 0.9964
vn 0.0105 0.0499 0.9987
vn 0.0318 0.2517 0.9673
vn 0.1743 -0.1006 0.9795
vn 0.0089 0.0016 1.0000
vn 0.4246 -0.1714 0.8890
vn -0.6366 -0.4890 0.5964
vn -0.3310 -0.0566 0.9419
vn -0.5944 0.6462 0.4787
vn -0.3981 0.6437 0.6536
vn -0.9742 0.0526 -0.2195
vn 0.5856 -0.7709 0.2506
vn -0.8714 0.3149 0.3761
vn 0.0006 0.0241 0.9997
vn -0.0160 -0.0631 0.9979
vn -0.4259 0.4161 0.8034
vn -0.6762 0.4434 0.5884
vn 0.1693 -0.0220 0.9853
vn -0.4985 -0.1774 0.8485
vn 0.1782 -0.1959 0.9643
vn 0.5789 -0.0777 0.8117
vn -0.2797 -0.5054 0.8163
vn 0.6831 0.5511 0.4793
vn 0.1188 -0.0975 0.9881
vn 0.0489 -0.0431 0.9979
vn -0.1370 0.0169 0.9904
vn 0.4559 -0.1693 0.8738
vn 0.2822 0.2209 0.9336
vn 0.7787 -0.0918 0.6206
vn 0.3958 0.7975 0.4553
vn 0.6424 0.1634 0.7487
vn -0.0234 -0.0717 0.9972
vn 0.0049 0.0030 1.0000
vn 0.1123 0.4508 0.8855
vn 0.1242 0.5068 0.8530
vn -0.0050 -0.0027 1.0000
vn 0.0180 -0.0172 0.9997
vn 0.0355 -0.2621 0.9644
vn -0.1229 0.0243 0.9921
vn 0.0968 -0.0361 0.9946
vn 0.7489 0.3474 0.5643
vn 0.9681 0.2461 0.0479
vn 0.5147 -0.2969 0.8043
vn -0.5633 -0.2136 0.7982
vn -0.5630 -0.3224 0.7610
vn 0.1763 0.4620 0.8692
vn -0.3699 0.0400 0.9282
vn 0.0162 0.0915 0.9957
vn 0.1251 -0.0195 0.9920
vn 0.4304 -0.0816 0.8989
vn -0.0840 -0.0158 0.9963
vn -0.0366 -0.0511 0.9980
vn -0.5975 0.0443 0.8006
vn -0.4953 0.6210 0.6075
vn -0.4306 0.6722 0.6023
vn -0.7251 0.1698 0.6674
vn -0.6297 0.4901 0.6027
vn -0.5201 -0.1272 0.8446
vn 0.7109 -0.4329 0.5542
vn 0.4659 -0.4656 0.7524
vn 0.2736 -0.5441 0.7932
vn 0.0900 -0.0042 0.9959
vn 0.0038 0.0218 0.9998
vn -0.7064 0.4180 0.5712
vn -0.8377 0.3423 0.4255
vn -0.7062 0.1930 0.6812
vn -0.6706 0.1549 0.7255
vn -0.6011 0.0117 0.7991
vn 0.3663 -0.3892 0.8452
vn 0.1066 -0.8237 0.5569
vn 0.0684 -0.0113 0.9976
vn -0.0777 0.0253 0.9967
vn -0.0188 -0.0530 0.9984
vn -0.7309 0.3586 0.5807
vn -0.8683 0.4079 0.2822
vn -0.4353 0.0361 0.8996
vn -0.1887 -0.0482 0.9809
vn -0.2952 0.4856 0.8228
vn -0.0283 -0.0079 0.9996
vn -0.0076 -0.0572 0.9983
vn 0.8559 0.2229 0.4666
vn 0.0642 -0.0547 0.9964
vn 0.0655 0.0223 0.9976
vn -0.0255 -0.1380 0.9901
vn 0.0426 0.2263 0.9731
vn -0.0620 0.0799 0.9949
vn -0.5689 0.6395 0.5171
vn -0.0410 0.0601 0.9974
vn -0.8881 0.1247 0.4424
vn -0.3022 -0.2841 0.9099
vn 0.6909 -0.5649 0.4511
vn 0.3380 -0.5097 0.7912
vn 0.0160 0.0261 0.9995
vn -0.0440 -0.0287 0.9986
vn -0.6264 0.6281 0.4616
vn 0.0019 0.0008 1.0000
vn -0.6520 0.0445 0.7569
vn -0.9317 0.3603 0.0448
vn 0.8281 0.2546 0.4994
vn -0.5948 -0.4399 0.6729
vn 0.0305 -0.0175 0.9994
vn -0.0061 0.0060 1.0000
vn -0.6497 -0.1565 0.7439
vn 0.0305 0.0378 0.9988
vt 0.591698 0.944198
vt 0.587484 0.923522
vt 0.579185 0.912357
vt 0.078167 0.992668
vt 0.122933 0.948230
vt 0.067218 0.926543
vt 0.370715 0.302257
vt 0.379697 0.272984
vt 0.372930 0.259945
vt 0.354916 0.582865
vt 0.367482 0.583610
vt 0.354703 0.528266
vt 0.303419 0.194161
vt 0.297982 0.206937
vt 0.313177 0.195364
vt 0.287317 0.372106
vt 0.301952 0.349879
vt 0.286046 0.346866
vt 0.299918 0.530844
vt 0.257723 0.573024
vt 0.322888 0.554378
vt 0.292732 0.637296
vt 0.304391 0.615529
vt 0.284824 0.621769
vt 0.293743 0.737501
vt 0.305065 0.709314
vt 0.278797 0.696181
vt 0.209570 0.208844
vt 0.208954 0.230350
vt 0.240584 0.199239
vt 0.175653 0.795490
vt 0.183622 0.819692
vt 0.201277 0.805757
vt 0.106809 0.378762
vt 0.120089 0.380751
vt 0.121747 0.367476
vt 0.107494 0.531202
vt 0.123992 0.540315
vt 0.104925 0.520286
vt 0.107924 0.807032
vt 0.116151 0.816669
vt 0.122595 0.796044
vt 0.102274 0.902547
vt 0.109912 0.887868
vt 0.105813 0.879963
vt 0.552131 0.208316
vt 0.576106 0.209228
vt 0.548123 0.199131
vt 0.518033 0.283333
vt 0.534773 0.287960
vt 0.563787 0.279638
vt 0.561988 0.288521
vt 0.561072 0.293714
vt 0.554733 0.704559
vt 0.562869 0.722746
vt 0.564612 0.714294
vt 0.534442 0.900249
vt 0.544165 0.892751
vt 0.507146 0.858429
vt 0.539679 0.883312
vt 0.509909 0.847980
vt 0.540789 0.846915
vt 0.541214 0.840280
vt 0.470567 0.839418
vt 0.473579 0.857979
vt 0.490400 0.845550
vt 0.501168 0.886786
vt 0.505162 0.879487
vt 0.486576 0.867642
vt 0.486145 0.784305
vt 0.496966 0.788774
vt 0.498465 0.761152
vt 0.554616 0.680537
vt 0.565385 0.694207
vt 0.566917 0.672477
vt 0.513556 0.503320
vt 0.540195 0.513845
vt 0.576630 0.502609
vt 0.506943 0.534232
vt 0.497473 0.566715
vt 0.510759 0.534992
vt 0.516414 0.541812
vt 0.503277 0.569258
vt 0.527307 0.543084
vt 0.521228 0.559235
vt 0.530686 0.528496
vt 0.538537 0.404256
vt 0.572874 0.411635
vt 0.571076 0.389423
vt 0.510188 0.424930
vt 0.532007 0.462911
vt 0.519737 0.424423
vt 0.559868 0.329577
vt 0.558759 0.321224
vt 0.538113 0.315770
vt 0.502397 0.296255
vt 0.487897 0.286630
vt 0.515986 0.295772
vt 0.107307 0.856987
vt 0.118972 0.835332
vt 0.106267 0.832186
vt 0.056568 0.813266
vt 0.074538 0.840271
vt 0.066896 0.821521
vt 0.068242 0.744295
vt 0.087927 0.697267
vt 0.024721 0.715797
vt 0.111427 0.400011
vt 0.122161 0.415756
vt 0.127665 0.392604
vt 0.058700 0.394391
vt 0.075598 0.405545
vt 0.065176 0.316080
vt 0.078752 0.322560
vt 0.099531 0.310290
vt 0.096178 0.327544
vt 0.063634 0.351798
vt 0.041124 0.366478
vt 0.042221 0.251242
vt 0.044176 0.279861
vt 0.119349 0.305671
vt 0.150924 0.834488
vt 0.128730 0.828567
vt 0.145890 0.855653
vt 0.127005 0.850278
vt 0.179825 0.759364
vt 0.198600 0.765313
vt 0.199979 0.752044
vt 0.134154 0.765955
vt 0.133038 0.779697
vt 0.152079 0.756709
vt 0.153257 0.764883
vt 0.139024 0.813439
vt 0.154209 0.822515
vt 0.171231 0.786164
vt 0.189632 0.701316
vt 0.208038 0.672759
vt 0.194513 0.669147
vt 0.145176 0.672970
vt 0.157897 0.675682
vt 0.169750 0.646848
vt 0.140203 0.715163
vt 0.156344 0.705756
vt 0.148179 0.636082
vt 0.169414 0.617333
vt 0.137292 0.611007
vt 0.167380 0.503967
vt 0.168781 0.490383
vt 0.140858 0.497120
vt 0.200630 0.221697
vt 0.217796 0.250162
vt 0.166748 0.252787
vt 0.176678 0.259730
vt 0.191439 0.242438
vt 0.171703 0.279588
vt 0.177861 0.289887
vt 0.176142 0.266781
vt 0.171462 0.039544
vt 0.194074 0.059609
vt 0.171281 0.012037
vt 0.213930 0.834679
vt 0.218596 0.860966
vt 0.250397 0.822594
vt 0.166958 0.890806
vt 0.312259 0.857572
vt 0.270413 0.772527
vt 0.282326 0.779307
vt 0.269714 0.742706
vt 0.228308 0.764150
vt 0.229183 0.776925
vt 0.228620 0.631826
vt 0.254031 0.609442
vt 0.244590 0.590964
vt 0.242856 0.637205
vt 0.246194 0.523527
vt 0.265372 0.484625
vt 0.249061 0.467660
vt 0.266045 0.336942
vt 0.262500 0.321311
vt 0.229751 0.313739
vt 0.292217 0.131028
vt 0.291566 0.111919
vt 0.247352 0.125322
vt 0.339892 0.865109
vt 0.330304 0.835549
vt 0.307721 0.815804
vt 0.351204 0.843890
vt 0.355035 0.786030
vt 0.333877 0.753362
vt 0.304809 0.737490
vt 0.352043 0.677907
vt 0.375165 0.694488
vt 0.368283 0.656094
vt 0.327498 0.661440
vt 0.314781 0.676545
vt 0.327457 0.681931
vt 0.347650 0.641847
vt 0.342417 0.704556
vt 0.281195 0.585608
vt 0.314977 0.599348
vt 0.340933 0.577706
vt 0.335362 0.596082
vt 0.332631 0.426230
vt 0.356571 0.398519
vt 0.343182 0.379109
vt 0.355822 0.425259
vt 0.369945 0.332982
vt 0.375005 0.353604
vt 0.422921 0.303666
vt 0.334593 0.168053
vt 0.330816 0.189243
vt 0.343775 0.192123
vt 0.341747 0.081598
vt 0.345116 0.116127
vt 0.348811 0.073992
vt 0.349178 0.049669
vt 0.423014 0.809779
vt 0.425897 0.795198
vt 0.405855 0.793810
vt 0.468052 0.621135
vt 0.457960 0.714347
vt 0.474644 0.634933
vt 0.465192 0.599250
vt 0.478110 0.591251
vt 0.486973 0.564392
vt 0.403481 0.660829
vt 0.416960 0.656906
vt 0.410327 0.613310
vt 0.435047 0.628547
vt 0.415508 0.556443
vt 0.429403 0.547623
vt 0.425843 0.532453
vt 0.474662 0.354445
vt 0.478105 0.318568
vt 0.447476 0.306189
vt 0.457006 0.265959
vt 0.462828 0.266873
vt 0.455104 0.244800
vt 0.468199 0.263566
vt 0.457074 0.240136
vt 0.424390 0.291111
vt 0.432938 0.276437
vt 0.409894 0.280400
vt 0.444686 0.296413
vt 0.436122 0.285944
vt 0.443292 0.110668
vt 0.501320 0.022932
vt 0.477351 0.027600
vt 0.411352 0.123672
vt 0.455584 0.032489
vt 0.435936 0.053830
vt 0.419355 0.138663
vt 0.424861 0.900080
vt 0.434161 0.904391
vt 0.438162 0.892933
vt 0.440434 0.972218
vt 0.466149 0.966717
vt 0.452991 0.934188
vt 0.305417 0.996506
vt 0.335436 0.992754
vt 0.358627 0.933734
vt 0.000977 0.914086
vt 0.000977 0.991196
vt 0.029771 0.921384
vt 0.092013 0.922886
vt 0.082113 0.885938
vt 0.149619 0.920598
vt 0.151359 0.888110
vt 0.130371 0.894674
vt 0.112065 0.910114
vt 0.107865 0.922734
vt 0.127861 0.932201
vt 0.179730 0.920989
vt 0.233712 0.999023
vt 0.274695 0.998350
vt 0.351686 0.908664
vt 0.376418 0.910090
vt 0.381915 0.890753
vt 0.404483 0.932364
vt 0.387317 0.983107
vt 0.432523 0.870755
vt 0.457004 0.892633
vt 0.466792 0.877388
vt 0.449789 0.865930
vt 0.470434 0.889936
vt 0.464762 0.896234
vt 0.421008 0.075827
vt 0.380393 0.130467
vt 0.425284 0.038992
vt 0.416943 0.150253
vt 0.387945 0.143699
vt 0.401423 0.154880
vt 0.397838 0.258455
vt 0.427871 0.242581
vt 0.446407 0.251889
vt 0.419372 0.204330
vt 0.449598 0.225142
vt 0.434339 0.205562
vt 0.424239 0.252041
vt 0.444905 0.236202
vt 0.414471 0.361076
vt 0.456598 0.343760
vt 0.407584 0.329301
vt 0.436878 0.375037
vt 0.383757 0.365979
vt 0.384660 0.321092
vt 0.446175 0.516312
vt 0.444549 0.410726
vt 0.424657 0.465650
vt 0.480685 0.396434
vt 0.463178 0.370247
vt 0.464412 0.409611
vt 0.403906 0.383647
vt 0.434074 0.515259
vt 0.381549 0.514714
vt 0.399002 0.583190
vt 0.410289 0.572077
vt 0.403353 0.491467
vt 0.399454 0.441717
vt 0.382980 0.630435
vt 0.440689 0.552391
vt 0.446431 0.556530
vt 0.459021 0.554459
vt 0.403956 0.696467
vt 0.415469 0.707227
vt 0.432490 0.709369
vt 0.388121 0.724841
vt 0.387452 0.745474
vt 0.392841 0.703441
vt 0.414460 0.676584
vt 0.425412 0.678279
vt 0.439360 0.649800
vt 0.396031 0.782286
vt 0.431352 0.789500
vt 0.395855 0.736451
vt 0.385318 0.772919
vt 0.380077 0.758586
vt 0.390253 0.763780
vt 0.426084 0.749191
vt 0.442575 0.741857
vt 0.424770 0.773770
vt 0.438410 0.763677
vt 0.447894 0.806173
vt 0.449520 0.749476
vt 0.380802 0.879096
vt 0.404388 0.886697
vt 0.419329 0.871166
vt 0.414928 0.894357
vt 0.408010 0.866169
vt 0.410985 0.811910
vt 0.434445 0.829755
vt 0.423803 0.832009
vt 0.446928 0.837047
vt 0.441775 0.818886
vt 0.435574 0.847080
vt 0.418173 0.838086
vt 0.448144 0.843915
vt 0.331136 0.108445
vt 0.339599 0.124965
vt 0.324025 0.127510
vt 0.339068 0.134247
vt 0.360085 0.051154
vt 0.363751 0.062806
vt 0.365969 0.049159
vt 0.355725 0.078637
vt 0.367343 0.074819
vt 0.334717 0.156989
vt 0.347782 0.164829
vt 0.315769 0.162684
vt 0.323547 0.146581
vt 0.319527 0.175450
vt 0.356602 0.178869
vt 0.371097 0.156503
vt 0.369559 0.139353
vt 0.352137 0.139319
vt 0.291710 0.312098
vt 0.299127 0.313518
vt 0.316818 0.233197
vt 0.335641 0.260229
vt 0.346742 0.240347
vt 0.335724 0.217726
vt 0.358034 0.230888
vt 0.305219 0.218745
vt 0.328290 0.213952
vt 0.371766 0.241456
vt 0.392118 0.234690
vt 0.356207 0.256788
vt 0.384133 0.392502
vt 0.359182 0.381586
vt 0.283269 0.498866
vt 0.330283 0.515370
vt 0.349227 0.500205
vt 0.315617 0.483963
vt 0.322686 0.624830
vt 0.342812 0.628494
vt 0.355746 0.605129
vt 0.258195 0.581095
vt 0.375515 0.675745
vt 0.367106 0.628563
vt 0.331473 0.791275
vt 0.317286 0.763494
vt 0.336352 0.820421
vt 0.283110 0.794633
vt 0.331780 0.728200
vt 0.362354 0.773908
vt 0.343210 0.753338
vt 0.367697 0.753740
vt 0.292278 0.829386
vt 0.357067 0.825844
vt 0.354904 0.809733
vt 0.306031 0.068207
vt 0.312987 0.048842
vt 0.307729 0.048135
vt 0.306724 0.090097
vt 0.272783 0.151929
vt 0.282545 0.140753
vt 0.261664 0.138042
vt 0.300524 0.144396
vt 0.290626 0.144032
vt 0.297466 0.171244
vt 0.260868 0.219549
vt 0.270125 0.207183
vt 0.270125 0.259422
vt 0.284366 0.258950
vt 0.293590 0.245639
vt 0.231512 0.508678
vt 0.274269 0.387759
vt 0.208849 0.490452
vt 0.256546 0.382259
vt 0.212087 0.440113
vt 0.269708 0.420213
vt 0.284713 0.421405
vt 0.272474 0.514943
vt 0.213067 0.643373
vt 0.235977 0.566927
vt 0.221540 0.557923
vt 0.227627 0.678325
vt 0.217260 0.654577
vt 0.282627 0.652096
vt 0.305856 0.646246
vt 0.268226 0.660927
vt 0.261087 0.629262
vt 0.299226 0.676757
vt 0.209495 0.784966
vt 0.226903 0.792024
vt 0.244820 0.785696
vt 0.254794 0.766833
vt 0.252531 0.740481
vt 0.223560 0.738856
vt 0.203576 0.773565
vt 0.179556 0.875015
vt 0.218347 0.821062
vt 0.189260 0.826634
vt 0.261923 0.829285
vt 0.270917 0.818449
vt 0.189426 0.016227
vt 0.155074 0.009776
vt 0.074565 0.180734
vt 0.133613 0.199885
vt 0.194747 0.192941
vt 0.193664 0.210372
vt 0.229713 0.247228
vt 0.150200 0.360630
vt 0.172387 0.360002
vt 0.172976 0.342829
vt 0.151498 0.336323
vt 0.140664 0.334028
vt 0.159626 0.313219
vt 0.213460 0.300663
vt 0.213227 0.317315
vt 0.165926 0.328835
vt 0.189172 0.319441
vt 0.197230 0.291668
vt 0.117662 0.446472
vt 0.132558 0.435940
vt 0.125832 0.488534
vt 0.146510 0.390397
vt 0.138653 0.586148
vt 0.158512 0.543365
vt 0.173843 0.482998
vt 0.107711 0.503237
vt 0.192495 0.501927
vt 0.128038 0.652942
vt 0.117266 0.572575
vt 0.159971 0.577494
vt 0.186015 0.528295
vt 0.200534 0.610464
vt 0.202803 0.539933
vt 0.191823 0.573257
vt 0.116596 0.697436
vt 0.121691 0.714633
vt 0.130818 0.663903
vt 0.139708 0.731844
vt 0.127904 0.732445
vt 0.171545 0.677594
vt 0.180575 0.655183
vt 0.134347 0.802096
vt 0.167479 0.774343
vt 0.164653 0.762542
vt 0.146466 0.732615
vt 0.164112 0.724776
vt 0.203863 0.732332
vt 0.179824 0.739944
vt 0.180018 0.728701
vt 0.189597 0.723747
vt 0.130691 0.860958
vt 0.132218 0.882948
vt 0.118664 0.880480
vt 0.175241 0.828673
vt 0.229590 0.809977
vt 0.184603 0.855955
vt 0.174135 0.841091
vt 0.053982 0.000977
vt 0.084158 0.128788
vt 0.098564 0.140387
vt 0.062750 0.169723
vt 0.040437 0.162603
vt 0.043184 0.120559
vt 0.065375 0.345547
vt 0.088889 0.341482
vt 0.045848 0.338682
vt 0.044557 0.344878
vt 0.042547 0.353754
vt 0.068135 0.304282
vt 0.045140 0.289805
vt 0.046368 0.300064
vt 0.047203 0.313088
vt 0.046861 0.321063
vt 0.034843 0.424172
vt 0.069443 0.416462
vt 0.035828 0.406293
vt 0.112427 0.422209
vt 0.038146 0.386127
vt 0.065527 0.385670
vt 0.141181 0.357172
vt 0.030425 0.501742
vt 0.080640 0.508547
vt 0.087669 0.490381
vt 0.107624 0.473826
vt 0.099826 0.505849
vt 0.029841 0.616770
vt 0.069440 0.569265
vt 0.029351 0.528520
vt 0.098387 0.571178
vt 0.070241 0.640590
vt 0.059051 0.783322
vt 0.067042 0.788964
vt 0.061724 0.758921
vt 0.044356 0.789684
vt 0.045147 0.778601
vt 0.057792 0.797356
vt 0.045685 0.798445
vt 0.068945 0.799362
vt 0.028295 0.736013
vt 0.035099 0.742367
vt 0.039000 0.747227
vt 0.042585 0.754944
vt 0.032972 0.826298
vt 0.021416 0.854145
vt 0.006426 0.882052
vt 0.017014 0.884623
vt 0.002334 0.894064
vt 0.044409 0.802677
vt 0.092691 0.820023
vt 0.102374 0.822164
vt 0.096011 0.811648
vt 0.531682 0.019513
vt 0.514323 0.020602
vt 0.583300 0.038086
vt 0.582452 0.018300
vt 0.474561 0.226520
vt 0.526317 0.185467
vt 0.491982 0.275302
vt 0.526725 0.245629
vt 0.486293 0.302185
vt 0.475901 0.278691
vt 0.508629 0.235139
vt 0.499657 0.249944
vt 0.550671 0.222100
vt 0.502414 0.357185
vt 0.511865 0.364342
vt 0.503210 0.346920
vt 0.493305 0.348984
vt 0.498454 0.361781
vt 0.492283 0.326795
vt 0.494565 0.383980
vt 0.508718 0.383805
vt 0.479552 0.372054
vt 0.518068 0.316144
vt 0.524505 0.308270
vt 0.496966 0.318583
vt 0.540033 0.333704
vt 0.505870 0.393019
vt 0.487860 0.481920
vt 0.495354 0.416853
vt 0.538425 0.382160
vt 0.519149 0.394674
vt 0.569161 0.376049
vt 0.521715 0.516741
vt 0.496476 0.542415
vt 0.505674 0.451152
vt 0.496323 0.450630
vt 0.496619 0.624359
vt 0.523565 0.573863
vt 0.494080 0.601237
vt 0.542720 0.543911
vt 0.477304 0.708110
vt 0.513985 0.650065
vt 0.469215 0.790669
vt 0.465625 0.761479
vt 0.464678 0.815066
vt 0.474506 0.813822
vt 0.484465 0.801392
vt 0.494363 0.742631
vt 0.538310 0.710167
vt 0.530483 0.753213
vt 0.556990 0.753168
vt 0.558790 0.730922
vt 0.494190 0.829620
vt 0.499359 0.832133
vt 0.497863 0.804546
vt 0.463111 0.845864
vt 0.461762 0.831119
vt 0.510879 0.823198
vt 0.542295 0.834121
vt 0.549455 0.786689
vt 0.494864 0.849691
vt 0.529792 0.795785
vt 0.553656 0.772018
vt 0.543812 0.684887
vt 0.521338 0.624207
vt 0.569983 0.600619
vt 0.572537 0.576890
vt 0.558265 0.522363
vt 0.575955 0.525832
vt 0.531865 0.269451
vt 0.532654 0.258612
vt 0.565720 0.269967
vt 0.540307 0.191224
vt 0.579208 0.164783
vt 0.530589 0.150138
vt 0.582758 0.113293
vt 0.063767 0.878159
vt 0.091655 0.865525
vt 0.106664 0.719498
vt 0.097801 0.526344
vt 0.144178 0.874380
vt 0.179748 0.507341
vt 0.164874 0.516665
vt 0.174401 0.448852
vt 0.187324 0.417554
vt 0.194943 0.348816
vt 0.214371 0.287410
vt 0.230955 0.186862
vt 0.240237 0.164788
vt 0.296092 0.787402
vt 0.300542 0.765311
vt 0.271201 0.598949
vt 0.267524 0.354608
vt 0.236791 0.371607
vt 0.283504 0.285542
vt 0.298558 0.180830
vt 0.261822 0.172671
vt 0.309732 0.127948
vt 0.325056 0.109578
vt 0.384872 0.803144
vt 0.355682 0.713169
vt 0.346967 0.730123
vt 0.372438 0.719878
vt 0.373005 0.416766
vt 0.349548 0.351390
vt 0.343513 0.313037
vt 0.365268 0.199668
vt 0.389733 0.196294
vt 0.403258 0.180116
vt 0.356448 0.196275
vt 0.368220 0.184319
vt 0.365808 0.208056
vt 0.375555 0.090881
vt 0.404109 0.066688
vt 0.357205 0.126154
vt 0.443621 0.851002
vt 0.455018 0.850923
vt 0.449380 0.718526
vt 0.450202 0.657554
vt 0.430166 0.610721
vt 0.453257 0.614695
vt 0.435177 0.577038
vt 0.452898 0.537020
vt 0.471659 0.456168
vt 0.468120 0.361044
vt 0.462052 0.287020
vt 0.512043 0.907925
vt 0.584386 0.917078
vt 0.182506 0.998284
vt 0.471840 0.531035
vt 0.383892 0.707933
vt 0.305076 0.132417
vt 0.196394 0.275270
vt 0.209735 0.266397
vt 0.210218 0.684261
vt 0.115722 0.717826
vt 0.097054 0.875634
vt 0.538740 0.351480
vt 0.531013 0.355882
vt 0.528906 0.369132
vt 0.564163 0.349729
vt 0.539445 0.878296
vt 0.561682 0.337483
vt 0.511475 0.340476
vt 0.513096 0.322466
vt 0.517746 0.334024
vt 0.494967 0.069382
vt 0.420128 0.171355
vt 0.094490 0.829940
vt 0.051979 0.857037
vt 0.096373 0.760332
vt 0.106003 0.789618
vt 0.074222 0.792059
vt 0.196141 0.845471
vt 0.155995 0.370529
vt 0.248767 0.077311
vt 0.306624 0.424640
vt 0.247761 0.299312
vt 0.253133 0.237352
vt 0.319418 0.048346
vt 0.354585 0.833069
vt 0.380075 0.690950
vt 0.394223 0.683563
vt 0.319795 0.652036
vt 0.404324 0.250109
vt 0.392382 0.071148
vt 0.412232 0.072123
vt 0.336912 0.048274
vt 0.457673 0.845382
vt 0.453295 0.836754
vt 0.422895 0.728759
vt 0.417673 0.276073
vt 0.414344 0.187368
vt 0.478751 0.913358
vt 0.139921 0.996352
vt 0.572695 0.908142
vt 0.556136 0.901780
vt 0.490984 0.960906
vt 0.559364 0.950533
vt 0.394484 0.915829
vt 0.399576 0.045849
vt 0.413513 0.042040
vt 0.388243 0.171193
vt 0.465913 0.296785
vt 0.388782 0.659983
vt 0.386251 0.789739
vt 0.391936 0.836039
vt 0.453066 0.821858
vt 0.330763 0.048003
vt 0.320965 0.314364
vt 0.365198 0.493867
vt 0.382318 0.582389
vt 0.287945 0.043761
vt 0.301838 0.047129
vt 0.251940 0.165755
vt 0.237437 0.260224
vt 0.241201 0.284627
vt 0.286331 0.235038
vt 0.234357 0.292551
vt 0.210258 0.630512
vt 0.221920 0.698023
vt 0.244006 0.709182
vt 0.237200 0.660717
vt 0.281951 0.811015
vt 0.211972 0.022808
vt 0.199002 0.251195
vt 0.160354 0.318666
vt 0.171826 0.375658
vt 0.171819 0.400600
vt 0.216460 0.362493
vt 0.145157 0.867132
vt 0.120977 0.862883
vt 0.040069 0.374667
vt 0.094701 0.449254
vt 0.029388 0.631996
vt 0.074525 0.774461
vt 0.089779 0.801736
vt 0.024890 0.728912
vt 0.045023 0.765359
vt 0.085826 0.754282
vt 0.580659 0.136982
vt 0.578438 0.150904
vt 0.480889 0.298524
vt 0.507948 0.306092
vt 0.560140 0.307322
vt 0.536104 0.340285
vt 0.523541 0.386182
vt 0.566375 0.360672
vt 0.090463 0.794809
vt 0.120620 0.354886
vt 0.276571 0.186261
vt 0.368867 0.867818
vt 0.463354 0.852199
vt 0.257675 0.705178
vt 0.569404 0.620776
vt 0.530264 0.646864
vt 0.224765 0.266857
vt 0.575841 0.470667
vt 0.152143 0.442289
vt 0.082942 0.813173
vt 0.392548 0.219547
vt 0.380074 0.849933
vt 0.571642 0.239095
vt 0.034381 0.438312
vt 0.130079 0.520889
vt 0.386418 0.047564
s 1
g off
g DeadBodyCovered_M_DeadBodyCovered_0_M_DeadBodyCovered.001
usemtl M_DeadBodyCovered.001
f 1/1/1 2/2/2 3/3/3
f 4/4/4 5/5/5 6/6/6
f 7/7/7 8/8/8 9/9/9
f 10/10/10 11/11/11 12/12/12
f 13/13/13 14/14/14 15/15/15
f 16/16/16 17/17/17 18/18/18
f 19/19/19 20/20/20 21/21/21
f 22/22/22 23/23/23 24/24/24
f 25/25/25 26/26/26 27/27/27
f 28/28/28 29/29/29 30/30/30
f 31/31/31 32/32/32 33/33/33
f 34/34/34 35/35/35 36/36/36
f 37/37/37 38/38/38 39/39/39
f 40/40/40 41/41/41 42/42/42
f 43/43/43 44/44/44 45/45/45
f 46/46/46 47/47/47 48/48/48
f 49/49/49 50/50/50 51/51/51
f 52/52/52 50/50/50 53/53/53
f 54/54/54 55/55/55 56/56/56
f 57/57/57 58/58/58 59/59/59
f 59/59/59 58/58/58 60/60/60
f 61/61/61 62/62/62 63/63/63
f 64/64/64 65/65/65 66/66/66
f 67/67/67 68/68/68 69/69/69
f 70/70/70 71/71/71 72/72/72
f 73/73/73 74/74/74 75/75/75
f 76/76/76 77/77/77 78/78/78
f 79/79/79 80/80/80 81/81/81
f 82/82/82 83/83/83 84/84/84
f 83/83/83 85/85/85 84/84/84
f 82/82/82 84/84/84 86/86/86
f 87/87/87 88/88/88 89/89/89
f 90/90/90 91/91/91 92/92/92
f 93/93/93 94/94/94 95/95/95
f 96/96/96 49/49/49 97/97/97
f 96/96/96 98/98/98 49/49/49
f 99/99/99 100/100/100 101/101/101
f 102/102/102 103/103/103 104/104/104
f 105/105/105 106/106/106 107/107/107
f 108/108/108 109/109/109 110/110/110
f 111/111/111 112/112/112 108/108/108
f 113/113/113 114/114/114 115/115/115
f 114/114/114 116/116/116 115/115/115
f 117/117/117 118/118/118 34/34/34
f 119/119/119 120/120/120 121/121/121
f 100/100/100 122/122/122 123/123/123
f 124/124/124 122/122/122 125/125/125
f 126/126/126 127/127/127 128/128/128
f 129/129/129 130/130/130 131/131/131
f 130/130/130 132/132/132 131/131/131
f 133/133/133 134/134/134 135/135/135
f 136/136/136 137/137/137 138/138/138
f 139/139/139 140/140/140 141/141/141
f 142/142/142 143/143/143 140/140/140
f 144/144/144 145/145/145 146/146/146
f 147/147/147 148/148/148 149/149/149
f 150/150/150 151/151/151 29/29/29
f 152/152/152 153/153/153 154/154/154
f 155/155/155 156/156/156 157/157/157
f 158/158/158 159/159/159 160/160/160
f 161/161/161 162/162/162 163/163/163
f 164/164/164 165/165/165 162/162/162
f 166/166/166 167/167/167 168/168/168
f 169/169/169 170/170/170 168/168/168
f 171/171/171 172/172/172 173/173/173
f 171/171/171 174/174/174 172/172/172
f 175/175/175 176/176/176 177/177/177
f 178/178/178 179/179/179 180/180/180
f 181/181/181 182/182/182 183/183/183
f 184/184/184 185/185/185 186/186/186
f 184/184/184 187/187/187 185/185/185
f 188/188/188 189/189/189 190/190/190
f 191/191/191 192/192/192 193/193/193
f 194/194/194 195/195/195 196/196/196
f 197/197/197 198/198/198 191/191/191
f 199/199/199 200/200/200 201/201/201
f 200/200/200 202/202/202 201/201/201
f 203/203/203 204/204/204 205/205/205
f 204/204/204 203/203/203 206/206/206
f 207/207/207 208/208/208 209/209/209
f 210/210/210 211/211/211 212/212/212
f 213/213/213 214/214/214 215/215/215
f 213/213/213 215/215/215 216/216/216
f 217/217/217 218/218/218 219/219/219
f 220/220/220 221/221/221 222/222/222
f 223/223/223 224/224/224 225/225/225
f 226/226/226 227/227/227 228/228/228
f 228/228/228 227/227/227 229/229/229
f 230/230/230 231/231/231 232/232/232
f 233/233/233 234/234/234 235/235/235
f 236/236/236 237/237/237 238/238/238
f 237/237/237 239/239/239 240/240/240
f 241/241/241 242/242/242 243/243/243
f 241/241/241 244/244/244 245/245/245
f 241/241/241 245/245/245 242/242/242
f 246/246/246 247/247/247 248/248/248
f 249/249/249 250/250/250 251/251/251
f 250/250/250 246/246/246 248/248/248
f 249/249/249 252/252/252 246/246/246
f 253/253/253 254/254/254 255/255/255
f 256/256/256 257/257/257 258/258/258
f 259/259/259 260/260/260 261/261/261
f 262/262/262 263/263/263 264/264/264
f 265/265/265 43/43/43 266/266/266
f 267/267/267 268/268/268 269/269/269
f 43/43/43 270/270/270 44/44/44
f 5/5/5 271/271/271 265/265/265
f 271/271/271 272/272/272 270/270/270
f 5/5/5 272/272/272 271/271/271
f 273/273/273 274/274/274 164/164/164
f 275/275/275 259/259/259 276/276/276
f 261/261/261 277/277/277 278/278/278
f 279/279/279 280/280/280 256/256/256
f 253/253/253 255/255/255 281/281/281
f 282/282/282 283/283/283 284/284/284
f 282/282/282 285/285/285 283/283/283
f 282/282/282 286/286/286 285/285/285
f 286/286/286 282/282/282 255/255/255
f 249/249/249 246/246/246 250/250/250
f 287/287/287 288/288/288 249/249/249
f 287/287/287 251/251/251 289/289/289
f 252/252/252 290/290/290 246/246/246
f 291/291/291 292/292/292 252/252/252
f 292/292/292 290/290/290 252/252/252
f 8/8/8 243/243/243 293/293/293
f 209/209/209 241/241/241 243/243/243
f 294/294/294 295/295/295 296/296/296
f 240/240/240 297/297/297 298/298/298
f 299/299/299 295/295/295 294/294/294
f 295/295/295 238/238/238 300/300/300
f 301/301/301 302/302/302 303/303/303
f 304/304/304 301/301/301 305/305/305
f 306/306/306 209/209/209 243/243/243
f 208/208/208 303/303/303 209/209/209
f 302/302/302 233/233/233 235/235/235
f 307/307/307 308/308/308 309/309/309
f 310/310/310 304/304/304 305/305/305
f 310/310/310 311/311/311 304/304/304
f 312/312/312 313/313/313 308/308/308
f 314/314/314 232/232/232 307/307/307
f 315/315/315 230/230/230 232/232/232
f 316/316/316 317/317/317 315/315/315
f 314/314/314 307/307/307 309/309/309
f 315/315/315 318/318/318 319/319/319
f 320/320/320 226/226/226 316/316/316
f 230/230/230 321/321/321 231/231/231
f 316/316/316 228/228/228 317/317/317
f 322/322/322 223/223/223 323/323/323
f 324/324/324 325/325/325 326/326/326
f 327/327/327 328/328/328 329/329/329
f 226/226/226 330/330/330 227/227/227
f 227/227/227 331/331/331 332/332/332
f 331/331/331 326/326/326 332/332/332
f 218/218/218 333/333/333 219/219/219
f 333/333/333 218/218/218 334/334/334
f 328/328/328 335/335/335 329/329/329
f 336/336/336 328/328/328 337/337/337
f 336/336/336 338/338/338 328/328/328
f 339/339/339 340/340/340 326/326/326
f 341/341/341 334/334/334 342/342/342
f 342/342/342 343/343/343 344/344/344
f 345/345/345 346/346/346 347/347/347
f 346/346/346 348/348/348 347/347/347
f 345/345/345 347/347/347 349/349/349
f 350/350/350 351/351/351 219/219/219
f 352/352/352 351/351/351 350/350/350
f 351/351/351 353/353/353 217/217/217
f 353/353/353 354/354/354 218/218/218
f 355/355/355 351/351/351 356/356/356
f 357/357/357 353/353/353 351/351/351
f 358/358/358 359/359/359 214/214/214
f 360/360/360 361/361/361 359/359/359
f 362/362/362 363/363/363 364/364/364
f 363/363/363 365/365/365 366/366/366
f 367/367/367 210/210/210 368/368/368
f 369/369/369 367/367/367 370/370/370
f 211/211/211 210/210/210 371/371/371
f 368/368/368 372/372/372 373/373/373
f 373/373/373 374/374/374 375/375/375
f 376/376/376 377/377/377 378/378/378
f 379/379/379 380/380/380 381/381/381
f 380/380/380 382/382/382 381/381/381
f 383/383/383 378/378/378 384/384/384
f 378/378/378 377/377/377 384/384/384
f 377/377/377 379/379/379 381/381/381
f 385/385/385 386/386/386 382/382/382
f 387/387/387 9/9/9 382/382/382
f 388/388/388 313/313/313 305/305/305
f 205/205/205 204/204/204 389/389/389
f 390/390/390 19/19/19 391/391/391
f 390/390/390 391/391/391 392/392/392
f 393/393/393 390/390/390 392/392/392
f 394/394/394 395/395/395 396/396/396
f 200/200/200 23/23/23 202/202/202
f 201/201/201 10/10/10 21/21/21
f 199/199/199 201/201/201 397/397/397
f 396/396/396 11/11/11 10/10/10
f 194/194/194 196/196/196 197/197/197
f 193/193/193 398/398/398 399/399/399
f 400/400/400 188/188/188 401/401/401
f 186/186/186 402/402/402 403/403/403
f 189/189/189 404/404/404 190/190/190
f 190/190/190 404/404/404 25/25/25
f 405/405/405 406/406/406 189/189/189
f 405/405/405 407/407/407 406/406/406
f 276/276/276 184/184/184 165/165/165
f 185/185/185 402/402/402 186/186/186
f 408/408/408 165/165/165 186/186/186
f 165/165/165 184/184/184 186/186/186
f 402/402/402 409/409/409 410/410/410
f 411/411/411 412/412/412 413/413/413
f 414/414/414 411/411/411 182/182/182
f 415/415/415 416/416/416 417/417/417
f 417/417/417 416/416/416 183/183/183
f 369/369/369 370/370/370 418/418/418
f 415/415/415 419/419/419 416/416/416
f 415/415/415 420/420/420 419/419/419
f 30/30/30 421/421/421 422/422/422
f 423/423/423 424/424/424 425/425/425
f 179/179/179 377/377/377 376/376/376
f 426/426/426 177/177/177 427/427/427
f 428/428/428 429/429/429 430/430/430
f 427/427/427 431/431/431 16/16/16
f 432/432/432 16/16/16 431/431/431
f 175/175/175 433/433/433 176/176/176
f 434/434/434 435/435/435 436/436/436
f 434/434/434 173/173/173 435/435/435
f 437/437/437 174/174/174 438/438/438
f 137/137/137 438/438/438 434/434/434
f 439/439/439 440/440/440 22/22/22
f 441/441/441 439/439/439 442/442/442
f 441/441/441 443/443/443 439/439/439
f 444/444/444 445/445/445 170/170/170
f 445/445/445 446/446/446 170/170/170
f 170/170/170 446/446/446 447/447/447
f 128/128/128 448/448/448 449/449/449
f 127/127/127 450/450/450 169/169/169
f 169/169/169 168/168/168 448/448/448
f 451/451/451 164/164/164 162/162/162
f 161/161/161 452/452/452 453/453/453
f 163/163/163 454/454/454 455/455/455
f 160/160/160 159/159/159 456/456/456
f 158/158/158 160/160/160 457/457/457
f 155/155/155 153/153/153 152/152/152
f 155/155/155 157/157/157 153/153/153
f 155/155/155 152/152/152 458/458/458
f 459/459/459 152/152/152 460/460/460
f 152/152/152 461/461/461 460/460/460
f 29/29/29 151/151/151 462/462/462
f 463/463/463 464/464/464 465/465/465
f 36/36/36 466/466/466 467/467/467
f 468/468/468 156/156/156 155/155/155
f 121/121/121 468/468/468 155/155/155
f 467/467/467 466/466/466 468/468/468
f 469/469/469 470/470/470 180/180/180
f 471/471/471 472/472/472 473/473/473
f 471/471/471 465/465/465 472/472/472
f 109/109/109 474/474/474 475/475/475
f 474/474/474 476/476/476 475/475/475
f 110/110/110 475/475/475 477/477/477
f 478/478/478 479/479/479 38/38/38
f 148/148/148 480/480/480 149/149/149
f 481/481/481 476/476/476 474/474/474
f 482/482/482 428/428/428 480/480/480
f 483/483/483 146/146/146 484/484/484
f 483/483/483 144/144/144 146/146/146
f 478/478/478 485/485/485 486/486/486
f 146/146/146 478/478/478 484/484/484
f 487/487/487 436/436/436 488/488/488
f 485/485/485 145/145/145 486/486/486
f 145/145/145 489/489/489 486/486/486
f 142/142/142 140/140/140 139/139/139
f 490/490/490 491/491/491 492/492/492
f 493/493/493 142/142/142 494/494/494
f 494/494/494 142/142/142 139/139/139
f 483/483/483 492/492/492 144/144/144
f 495/495/495 138/138/138 496/496/496
f 497/497/497 498/498/498 499/499/499
f 491/491/491 42/42/42 494/494/494
f 130/130/130 42/42/42 132/132/132
f 42/42/42 41/41/41 497/497/497
f 500/500/500 129/129/129 501/501/501
f 129/129/129 131/131/131 501/501/501
f 131/131/131 132/132/132 501/501/501
f 493/493/493 129/129/129 500/500/500
f 494/494/494 129/129/129 493/493/493
f 128/128/128 449/449/449 502/502/502
f 499/499/499 503/503/503 504/504/504
f 503/503/503 126/126/126 505/505/505
f 499/499/499 126/126/126 503/503/503
f 506/506/506 124/124/124 125/125/125
f 269/269/269 507/507/507 508/508/508
f 101/101/101 100/100/100 123/123/123
f 509/509/509 32/32/32 31/31/31
f 33/33/33 32/32/32 510/510/510
f 134/134/134 509/509/509 135/135/135
f 135/135/135 509/509/509 31/31/31
f 509/509/509 453/453/453 32/32/32
f 511/511/511 512/512/512 122/122/122
f 122/122/122 124/124/124 511/511/511
f 513/513/513 514/514/514 515/515/515
f 516/516/516 458/458/458 515/515/515
f 517/517/517 514/514/514 518/518/518
f 119/119/119 516/516/516 517/517/517
f 152/152/152 459/459/459 458/458/458
f 519/519/519 117/117/117 520/520/520
f 521/521/521 522/522/522 519/519/519
f 118/118/118 117/117/117 523/523/523
f 113/113/113 115/115/115 524/524/524
f 524/524/524 525/525/525 526/526/526
f 527/527/527 528/528/528 113/113/113
f 528/528/528 521/521/521 114/114/114
f 114/114/114 521/521/521 116/116/116
f 529/529/529 530/530/530 531/531/531
f 529/529/529 532/532/532 530/530/530
f 531/531/531 530/530/530 112/112/112
f 533/533/533 531/531/531 111/111/111
f 112/112/112 111/111/111 531/531/531
f 533/533/533 111/111/111 534/534/534
f 35/35/35 110/110/110 535/535/535
f 534/534/534 108/108/108 34/34/34
f 112/112/112 109/109/109 108/108/108
f 536/536/536 537/537/537 538/538/538
f 539/539/539 481/481/481 474/474/474
f 537/537/537 540/540/540 538/538/538
f 541/541/541 542/542/542 543/543/543
f 542/542/542 544/544/544 543/543/543
f 544/544/544 484/484/484 37/37/37
f 106/106/106 544/544/544 545/545/545
f 546/546/546 547/547/547 548/548/548
f 549/549/549 546/546/546 550/550/550
f 102/102/102 551/551/551 552/552/552
f 551/551/551 102/102/102 553/553/553
f 548/548/548 107/107/107 554/554/554
f 555/555/555 548/548/548 554/554/554
f 556/556/556 548/548/548 555/555/555
f 557/557/557 548/548/548 556/556/556
f 558/558/558 559/559/559 102/102/102
f 559/559/559 560/560/560 561/561/561
f 560/560/560 562/562/562 561/561/561
f 563/563/563 558/558/558 102/102/102
f 559/559/559 561/561/561 102/102/102
f 564/564/564 565/565/565 566/566/566
f 247/247/247 567/567/567 568/568/568
f 569/569/569 570/570/570 567/567/567
f 297/297/297 571/571/571 572/572/572
f 239/239/239 573/573/573 574/574/574
f 575/575/575 97/97/97 576/576/576
f 575/575/575 96/96/96 97/97/97
f 576/576/576 97/97/97 573/573/573
f 571/571/571 577/577/577 48/48/48
f 239/239/239 578/578/578 577/577/577
f 46/46/46 577/577/577 579/579/579
f 578/578/578 574/574/574 579/579/579
f 580/580/580 581/581/581 582/582/582
f 583/583/583 584/584/584 582/582/582
f 583/583/583 582/582/582 585/585/585
f 586/586/586 587/587/587 588/588/588
f 589/589/589 590/590/590 591/591/591
f 589/589/589 95/95/95 590/590/590
f 592/592/592 93/93/93 589/589/589
f 310/310/310 586/586/586 588/588/588
f 593/593/593 587/587/587 586/586/586
f 312/312/312 594/594/594 595/595/595
f 596/596/596 597/597/597 598/598/598
f 597/597/597 87/87/87 89/89/89
f 79/79/79 81/81/81 76/76/76
f 599/599/599 77/77/77 76/76/76
f 600/600/600 79/79/79 594/594/594
f 225/225/225 80/80/80 600/600/600
f 600/600/600 80/80/80 79/79/79
f 76/76/76 90/90/90 601/601/601
f 602/602/602 79/79/79 601/601/601
f 222/222/222 603/603/603 604/604/604
f 224/224/224 83/83/83 80/80/80
f 220/220/220 605/605/605 83/83/83
f 83/83/83 605/605/605 85/85/85
f 85/85/85 604/604/604 606/606/606
f 607/607/607 608/608/608 603/603/603
f 609/609/609 70/70/70 610/610/610
f 611/611/611 612/612/612 613/613/613
f 614/614/614 72/72/72 615/615/615
f 616/616/616 617/617/617 618/618/618
f 55/55/55 616/616/616 618/618/618
f 72/72/72 616/616/616 55/55/55
f 619/619/619 620/620/620 621/621/621
f 622/622/622 64/64/64 623/623/623
f 624/624/624 625/625/625 626/626/626
f 59/59/59 61/61/61 627/627/627
f 628/628/628 626/626/626 629/629/629
f 621/621/621 624/624/624 628/628/628
f 615/615/615 54/54/54 630/630/630
f 630/630/630 614/614/614 615/615/615
f 631/631/631 632/632/632 633/633/633
f 77/77/77 634/634/634 78/78/78
f 599/599/599 86/86/86 77/77/77
f 77/77/77 84/84/84 634/634/634
f 84/84/84 635/635/635 634/634/634
f 573/573/573 97/97/97 636/636/636
f 573/573/573 636/636/636 637/637/637
f 49/49/49 636/636/636 97/97/97
f 636/636/636 49/49/49 638/638/638
f 639/639/639 48/48/48 640/640/640
f 569/569/569 641/641/641 642/642/642
f 643/643/643 266/266/266 644/644/644
f 40/40/40 42/42/42 491/491/491
f 106/106/106 645/645/645 490/490/490
f 39/39/39 481/481/481 540/540/540
f 543/543/543 544/544/544 646/646/646
f 544/544/544 37/37/37 646/646/646
f 532/532/532 539/539/539 474/474/474
f 112/112/112 532/532/532 109/109/109
f 117/117/117 34/34/34 36/36/36
f 458/458/458 459/459/459 515/515/515
f 511/511/511 451/451/451 161/161/161
f 268/268/268 164/164/164 647/647/647
f 136/136/136 504/504/504 137/137/137
f 136/136/136 138/138/138 495/495/495
f 145/145/145 487/487/487 489/489/489
f 141/141/141 487/487/487 145/145/145
f 648/648/648 488/488/488 482/482/482
f 147/147/147 648/648/648 148/148/148
f 479/479/479 486/486/486 649/649/649
f 478/478/478 486/486/486 479/479/479
f 650/650/650 430/430/430 651/651/651
f 465/465/465 652/652/652 180/180/180
f 465/465/465 180/180/180 470/470/470
f 465/465/465 470/470/470 472/472/472
f 157/157/157 156/156/156 473/473/473
f 157/157/157 473/473/473 653/653/653
f 460/460/460 654/654/654 655/655/655
f 459/459/459 460/460/460 655/655/655
f 183/183/183 159/159/159 158/158/158
f 165/165/165 408/408/408 454/454/454
f 656/656/656 657/657/657 167/167/167
f 166/166/166 446/446/446 167/167/167
f 446/446/446 403/403/403 167/167/167
f 658/658/658 199/199/199 397/397/397
f 433/433/433 20/20/20 19/19/19
f 427/427/427 177/177/177 431/431/431
f 659/659/659 16/16/16 18/18/18
f 659/659/659 18/18/18 178/178/178
f 660/660/660 429/429/429 659/659/659
f 661/661/661 376/376/376 424/424/424
f 13/13/13 662/662/662 663/663/663
f 664/664/664 665/665/665 414/414/414
f 182/182/182 181/181/181 414/414/414
f 416/416/416 419/419/419 181/181/181
f 188/188/188 405/405/405 189/189/189
f 666/666/666 188/188/188 410/410/410
f 667/667/667 668/668/668 669/669/669
f 396/396/396 399/399/399 11/11/11
f 395/395/395 197/197/197 396/396/396
f 197/197/197 193/193/193 399/399/399
f 670/670/670 315/315/315 388/388/388
f 671/671/671 208/208/208 672/672/672
f 389/389/389 388/388/388 305/305/305
f 389/389/389 305/305/305 208/208/208
f 8/8/8 293/293/293 9/9/9
f 7/7/7 9/9/9 387/387/387
f 673/673/673 674/674/674 675/675/675
f 676/676/676 673/673/673 677/677/677
f 676/676/676 678/678/678 673/673/673
f 679/679/679 288/288/288 680/680/680
f 681/681/681 288/288/288 679/679/679
f 682/682/682 284/284/284 683/683/683
f 344/344/344 343/343/343 610/610/610
f 343/343/343 609/609/609 610/610/610
f 218/218/218 354/354/354 334/334/334
f 684/684/684 221/221/221 685/685/685
f 326/326/326 340/340/340 684/684/684
f 223/223/223 220/220/220 224/224/224
f 686/686/686 687/687/687 688/688/688
f 332/332/332 685/685/685 687/687/687
f 687/687/687 685/685/685 223/223/223
f 685/685/685 220/220/220 223/223/223
f 231/231/231 321/321/321 689/689/689
f 321/321/321 322/322/322 689/689/689
f 690/690/690 594/594/594 312/312/312
f 307/307/307 690/690/690 308/308/308
f 311/311/311 691/691/691 301/301/301
f 242/242/242 245/245/245 236/236/236
f 245/245/245 244/244/244 692/692/692
f 1/1/1 3/3/3 693/693/693
f 3/3/3 2/2/2 694/694/694
f 693/693/693 3/3/3 57/57/57
f 272/272/272 695/695/695 274/274/274
f 311/311/311 588/588/588 691/691/691
f 691/691/691 588/588/588 233/233/233
f 323/323/323 696/696/696 689/689/689
f 605/605/605 220/220/220 222/222/222
f 684/684/684 344/344/344 221/221/221
f 283/283/283 69/69/69 65/65/65
f 697/697/697 669/669/669 327/327/327
f 345/345/345 261/261/261 278/278/278
f 346/346/346 278/278/278 277/277/277
f 345/345/345 278/278/278 346/346/346
f 664/664/664 698/698/698 360/360/360
f 654/654/654 461/461/461 28/28/28
f 699/699/699 653/653/653 700/700/700
f 486/486/486 489/489/489 488/488/488
f 504/504/504 505/505/505 701/701/701
f 444/444/444 31/31/31 33/33/33
f 36/36/36 35/35/35 535/535/535
f 646/646/646 37/37/37 39/39/39
f 37/37/37 478/478/478 38/38/38
f 645/645/645 702/702/702 491/491/491
f 490/490/490 645/645/645 491/491/491
f 266/266/266 703/703/703 644/644/644
f 703/703/703 45/45/45 644/644/644
f 704/704/704 705/705/705 706/706/706
f 704/704/704 706/706/706 707/707/707
f 628/628/628 624/624/624 626/626/626
f 59/59/59 60/60/60 708/708/708
f 620/620/620 63/63/63 625/625/625
f 616/616/616 629/629/629 617/617/617
f 71/71/71 613/613/613 621/621/621
f 604/604/604 603/603/603 635/635/635
f 597/597/597 92/92/92 87/87/87
f 90/90/90 76/76/76 91/91/91
f 592/592/592 709/709/709 93/93/93
f 582/582/582 710/710/710 711/711/711
f 710/710/710 712/712/712 711/711/711
f 584/584/584 587/587/587 580/580/580
f 580/580/580 587/587/587 581/581/581
f 639/639/639 571/571/571 48/48/48
f 48/48/48 577/577/577 46/46/46
f 713/713/713 714/714/714 569/569/569
f 715/715/715 99/99/99 101/101/101
f 102/102/102 716/716/716 103/103/103
f 716/716/716 561/561/561 643/643/643
f 702/702/702 717/717/717 718/718/718
f 718/718/718 40/40/40 702/702/702
f 702/702/702 40/40/40 491/491/491
f 553/553/553 719/719/719 547/547/547
f 534/534/534 111/111/111 108/108/108
f 720/720/720 512/512/512 511/511/511
f 720/720/720 511/511/511 161/161/161
f 100/100/100 125/125/125 122/122/122
f 507/507/507 268/268/268 647/647/647
f 269/269/269 268/268/268 507/507/507
f 137/137/137 701/701/701 438/438/438
f 138/138/138 137/137/137 434/434/434
f 144/144/144 141/141/141 145/145/145
f 463/463/463 721/721/721 464/464/464
f 159/159/159 183/183/183 722/722/722
f 163/163/163 162/162/162 454/454/454
f 448/448/448 127/127/127 169/169/169
f 168/168/168 170/170/170 447/447/447
f 27/27/27 26/26/26 441/441/441
f 441/441/441 26/26/26 443/443/443
f 436/436/436 435/435/435 175/175/175
f 16/16/16 432/432/432 723/723/723
f 180/180/180 179/179/179 724/724/724
f 421/421/421 462/462/462 725/725/725
f 663/663/663 662/662/662 415/415/415
f 412/412/412 414/414/414 726/726/726
f 183/183/183 416/416/416 181/181/181
f 185/185/185 187/187/187 727/727/727
f 193/193/193 192/192/192 398/398/398
f 398/398/398 728/728/728 729/729/729
f 730/730/730 195/195/195 194/194/194
f 196/196/196 198/198/198 197/197/197
f 21/21/21 10/10/10 12/12/12
f 385/385/385 731/731/731 386/386/386
f 379/379/379 387/387/387 380/380/380
f 212/212/212 381/381/381 676/676/676
f 732/732/732 679/679/679 680/680/680
f 680/680/680 288/288/288 733/733/733
f 358/358/358 213/213/213 734/734/734
f 215/215/215 214/214/214 365/365/365
f 353/353/353 357/357/357 735/735/735
f 736/736/736 353/353/353 735/735/735
f 352/352/352 356/356/356 351/351/351
f 219/219/219 351/351/351 217/217/217
f 685/685/685 221/221/221 220/220/220
f 227/227/227 330/330/330 331/331/331
f 325/325/325 737/737/737 326/326/326
f 229/229/229 227/227/227 332/332/332
f 228/228/228 229/229/229 686/686/686
f 309/309/309 318/318/318 314/314/314
f 310/310/310 312/312/312 595/595/595
f 238/238/238 237/237/237 240/240/240
f 243/243/243 242/242/242 738/738/738
f 296/296/296 240/240/240 298/298/298
f 296/296/296 298/298/298 739/739/739
f 247/247/247 246/246/246 713/713/713
f 286/286/286 740/740/740 285/285/285
f 253/253/253 279/279/279 254/254/254
f 274/274/274 275/275/275 276/276/276
f 267/267/267 274/274/274 273/273/273
f 741/741/741 695/695/695 5/5/5
f 57/57/57 742/742/742 743/743/743
f 744/744/744 745/745/745 693/693/693
f 740/740/740 744/744/744 693/693/693
f 57/57/57 743/743/743 58/58/58
f 4/4/4 741/741/741 5/5/5
f 276/276/276 259/259/259 261/261/261
f 276/276/276 261/261/261 345/345/345
f 277/277/277 261/261/261 746/746/746
f 255/255/255 254/254/254 286/286/286
f 288/288/288 287/287/287 733/733/733
f 287/287/287 249/249/249 251/251/251
f 289/289/289 251/251/251 250/250/250
f 747/747/747 733/733/733 748/748/748
f 747/747/747 680/680/680 733/733/733
f 714/714/714 675/675/675 739/739/739
f 739/739/739 298/298/298 714/714/714
f 675/675/675 674/674/674 739/739/739
f 246/246/246 290/290/290 714/714/714
f 292/292/292 749/749/749 290/290/290
f 246/246/246 714/714/714 713/713/713
f 731/731/731 738/738/738 299/299/299
f 731/731/731 299/299/299 386/386/386
f 386/386/386 299/299/299 294/294/294
f 297/297/297 240/240/240 571/571/571
f 295/295/295 300/300/300 296/296/296
f 296/296/296 300/300/300 240/240/240
f 300/300/300 238/238/238 240/240/240
f 306/306/306 207/207/207 209/209/209
f 235/235/235 234/234/234 750/750/750
f 388/388/388 319/319/319 313/313/313
f 311/311/311 310/310/310 588/588/588
f 305/305/305 312/312/312 310/310/310
f 313/313/313 312/312/312 305/305/305
f 230/230/230 315/315/315 317/317/317
f 319/319/319 318/318/318 309/309/309
f 316/316/316 226/226/226 228/228/228
f 323/323/323 223/223/223 225/225/225
f 321/321/321 688/688/688 322/322/322
f 697/697/697 327/327/327 329/329/329
f 324/324/324 329/329/329 325/325/325
f 320/320/320 751/751/751 226/226/226
f 333/333/333 334/334/334 341/341/341
f 752/752/752 219/219/219 333/333/333
f 752/752/752 333/333/333 336/336/336
f 328/328/328 338/338/338 335/335/335
f 336/336/336 333/333/333 338/338/338
f 684/684/684 340/340/340 344/344/344
f 344/344/344 610/610/610 221/221/221
f 737/737/737 339/339/339 326/326/326
f 340/340/340 342/342/342 344/344/344
f 339/339/339 341/341/341 340/340/340
f 340/340/340 341/341/341 342/342/342
f 666/666/666 753/753/753 350/350/350
f 343/343/343 754/754/754 611/611/611
f 217/217/217 353/353/353 218/218/218
f 354/354/354 754/754/754 343/343/343
f 355/355/355 357/357/357 351/351/351
f 358/358/358 214/214/214 213/213/213
f 359/359/359 681/681/681 214/214/214
f 665/665/665 664/664/664 360/360/360
f 216/216/216 734/734/734 213/213/213
f 358/358/358 734/734/734 755/755/755
f 414/414/414 665/665/665 726/726/726
f 215/215/215 365/365/365 363/363/363
f 366/366/366 679/679/679 364/364/364
f 363/363/363 366/366/366 364/364/364
f 15/15/15 211/211/211 371/371/371
f 15/15/15 384/384/384 211/211/211
f 361/361/361 367/367/367 375/375/375
f 756/756/756 672/672/672 379/379/379
f 377/377/377 756/756/756 379/379/379
f 384/384/384 377/377/377 381/381/381
f 380/380/380 387/387/387 382/382/382
f 382/382/382 9/9/9 385/385/385
f 672/672/672 208/208/208 207/207/207
f 204/204/204 206/206/206 670/670/670
f 392/392/392 391/391/391 12/12/12
f 670/670/670 757/757/757 315/315/315
f 199/199/199 23/23/23 200/200/200
f 315/315/315 758/758/758 316/316/316
f 443/443/443 26/26/26 195/195/195
f 26/26/26 196/196/196 195/195/195
f 25/25/25 404/404/404 26/26/26
f 440/440/440 195/195/195 730/730/730
f 197/197/197 191/191/191 193/193/193
f 656/656/656 400/400/400 657/657/657
f 657/657/657 400/400/400 401/401/401
f 403/403/403 402/402/402 656/656/656
f 402/402/402 400/400/400 656/656/656
f 190/190/190 401/401/401 188/188/188
f 327/327/327 337/337/337 328/328/328
f 183/183/183 182/182/182 722/722/722
f 411/411/411 414/414/414 412/412/412
f 759/759/759 411/411/411 760/760/760
f 760/760/760 411/411/411 413/413/413
f 655/655/655 654/654/654 761/761/761
f 654/654/654 28/28/28 30/30/30
f 662/662/662 420/420/420 415/415/415
f 762/762/762 763/763/763 423/423/423
f 421/421/421 725/725/725 764/764/764
f 383/383/383 421/421/421 764/764/764
f 765/765/765 180/180/180 724/724/724
f 763/763/763 765/765/765 724/724/724
f 436/436/436 175/175/175 177/177/177
f 426/426/426 436/436/436 177/177/177
f 488/488/488 436/436/436 426/426/426
f 176/176/176 390/390/390 393/393/393
f 176/176/176 433/433/433 390/390/390
f 766/766/766 434/434/434 436/436/436
f 434/434/434 171/171/171 173/173/173
f 701/701/701 767/767/767 437/437/437
f 767/767/767 768/768/768 437/437/437
f 437/437/437 769/769/769 174/174/174
f 138/138/138 434/434/434 766/766/766
f 701/701/701 437/437/437 438/438/438
f 446/446/446 445/445/445 510/510/510
f 768/768/768 449/449/449 448/448/448
f 128/128/128 127/127/127 448/448/448
f 168/168/168 447/447/447 166/166/166
f 161/161/161 451/451/451 162/162/162
f 452/452/452 161/161/161 163/163/163
f 510/510/510 163/163/163 455/455/455
f 453/453/453 720/720/720 161/161/161
f 452/452/452 163/163/163 510/510/510
f 455/455/455 408/408/408 770/770/770
f 770/770/770 408/408/408 403/403/403
f 408/408/408 186/186/186 403/403/403
f 455/455/455 454/454/454 408/408/408
f 456/456/456 159/159/159 771/771/771
f 158/158/158 655/655/655 183/183/183
f 28/28/28 150/150/150 29/29/29
f 461/461/461 154/154/154 150/150/150
f 28/28/28 461/461/461 150/150/150
f 461/461/461 152/152/152 154/154/154
f 154/154/154 153/153/153 772/772/772
f 773/773/773 466/466/466 471/471/471
f 468/468/468 466/466/466 773/773/773
f 466/466/466 36/36/36 535/535/535
f 466/466/466 535/535/535 463/463/463
f 468/468/468 773/773/773 156/156/156
f 473/473/473 469/469/469 653/653/653
f 463/463/463 477/477/477 721/721/721
f 110/110/110 109/109/109 475/475/475
f 774/774/774 775/775/775 776/776/776
f 37/37/37 484/484/484 478/478/478
f 489/489/489 487/487/487 488/488/488
f 140/140/140 143/143/143 495/495/495
f 494/494/494 139/139/139 492/492/492
f 491/491/491 494/494/494 492/492/492
f 483/483/483 490/490/490 492/492/492
f 496/496/496 138/138/138 766/766/766
f 132/132/132 497/497/497 499/499/499
f 132/132/132 42/42/42 497/497/497
f 499/499/499 498/498/498 126/126/126
f 129/129/129 42/42/42 130/130/130
f 493/493/493 500/500/500 142/142/142
f 501/501/501 132/132/132 499/499/499
f 494/494/494 42/42/42 129/129/129
f 501/501/501 499/499/499 504/504/504
f 504/504/504 503/503/503 505/505/505
f 506/506/506 777/777/777 124/124/124
f 506/506/506 507/507/507 777/777/777
f 777/777/777 507/507/507 647/647/647
f 778/778/778 506/506/506 125/125/125
f 45/45/45 44/44/44 508/508/508
f 134/134/134 123/123/123 122/122/122
f 133/133/133 123/123/123 134/134/134
f 32/32/32 453/453/453 452/452/452
f 32/32/32 452/452/452 510/510/510
f 513/513/513 518/518/518 514/514/514
f 119/119/119 458/458/458 516/516/516
f 116/116/116 519/519/519 520/520/520
f 116/116/116 521/521/521 519/519/519
f 524/524/524 115/115/115 525/525/525
f 525/525/525 121/121/121 120/120/120
f 121/121/121 525/525/525 115/115/115
f 528/528/528 114/114/114 113/113/113
f 115/115/115 116/116/116 121/121/121
f 112/112/112 530/530/530 532/532/532
f 118/118/118 779/779/779 34/34/34
f 34/34/34 779/779/779 534/534/534
f 779/779/779 533/533/533 534/534/534
f 543/543/543 646/646/646 537/537/537
f 543/543/543 537/537/537 536/536/536
f 780/780/780 538/538/538 539/539/539
f 541/541/541 781/781/781 545/545/545
f 484/484/484 490/490/490 483/483/483
f 548/548/548 547/547/547 782/782/782
f 547/547/547 719/719/719 782/782/782
f 719/719/719 783/783/783 782/782/782
f 554/554/554 107/107/107 784/784/784
f 548/548/548 105/105/105 107/107/107
f 557/557/557 785/785/785 548/548/548
f 645/645/645 786/786/786 702/702/702
f 786/786/786 717/717/717 702/702/702
f 786/786/786 782/782/782 717/717/717
f 552/552/552 563/563/563 102/102/102
f 102/102/102 561/561/561 716/716/716
f 564/564/564 103/103/103 715/715/715
f 641/641/641 569/569/569 714/714/714
f 247/247/247 713/713/713 567/567/567
f 713/713/713 569/569/569 567/567/567
f 571/571/571 639/639/639 572/572/572
f 642/642/642 641/641/641 787/787/787
f 787/787/787 641/641/641 788/788/788
f 239/239/239 576/576/576 573/573/573
f 578/578/578 239/239/239 574/574/574
f 789/789/789 575/575/575 576/576/576
f 577/577/577 578/578/578 579/579/579
f 574/574/574 573/573/573 637/637/637
f 582/582/582 584/584/584 580/580/580
f 588/588/588 587/587/587 584/584/584
f 591/591/591 711/711/711 589/589/589
f 591/591/591 590/590/590 790/790/790
f 750/750/750 234/234/234 789/789/789
f 585/585/585 591/591/591 575/575/575
f 789/789/789 585/585/585 575/575/575
f 234/234/234 585/585/585 789/789/789
f 95/95/95 791/791/791 590/590/590
f 589/589/589 93/93/93 95/95/95
f 95/95/95 94/94/94 791/791/791
f 712/712/712 792/792/792 711/711/711
f 792/792/792 592/592/592 711/711/711
f 711/711/711 592/592/592 589/589/589
f 595/595/595 594/594/594 602/602/602
f 593/593/593 595/595/595 90/90/90
f 598/598/598 597/597/597 89/89/89
f 793/793/793 596/596/596 706/706/706
f 793/793/793 597/597/597 596/596/596
f 87/87/87 92/92/92 88/88/88
f 76/76/76 81/81/81 599/599/599
f 594/594/594 696/696/696 600/600/600
f 594/594/594 79/79/79 602/602/602
f 601/601/601 79/79/79 76/76/76
f 603/603/603 631/631/631 633/633/633
f 605/605/605 222/222/222 604/604/604
f 85/85/85 605/605/605 604/604/604
f 225/225/225 224/224/224 80/80/80
f 224/224/224 220/220/220 83/83/83
f 606/606/606 604/604/604 635/635/635
f 635/635/635 603/603/603 633/633/633
f 607/607/607 72/72/72 614/614/614
f 610/610/610 70/70/70 72/72/72
f 54/54/54 72/72/72 55/55/55
f 624/624/624 620/620/620 625/625/625
f 621/621/621 620/620/620 624/624/624
f 627/627/627 61/61/61 620/620/620
f 620/620/620 61/61/61 63/63/63
f 68/68/68 57/57/57 59/59/59
f 616/616/616 628/628/628 629/629/629
f 71/71/71 621/621/621 628/628/628
f 54/54/54 56/56/56 74/74/74
f 54/54/54 615/615/615 72/72/72
f 78/78/78 634/634/634 635/635/635
f 77/77/77 86/86/86 84/84/84
f 84/84/84 85/85/85 606/606/606
f 84/84/84 606/606/606 635/635/635
f 792/792/792 709/709/709 592/592/592
f 705/705/705 704/704/704 792/792/792
f 705/705/705 581/581/581 706/706/706
f 707/707/707 706/706/706 794/794/794
f 638/638/638 49/49/49 51/51/51
f 51/51/51 50/50/50 52/52/52
f 50/50/50 98/98/98 53/53/53
f 49/49/49 98/98/98 50/50/50
f 640/640/640 572/572/572 639/639/639
f 640/640/640 48/48/48 47/47/47
f 644/644/644 45/45/45 99/99/99
f 783/783/783 795/795/795 782/782/782
f 783/783/783 566/566/566 795/795/795
f 109/109/109 532/532/532 474/474/474
f 532/532/532 780/780/780 539/539/539
f 796/796/796 36/36/36 467/467/467
f 520/520/520 117/117/117 796/796/796
f 796/796/796 117/117/117 36/36/36
f 126/126/126 498/498/498 127/127/127
f 137/137/137 504/504/504 701/701/701
f 143/143/143 136/136/136 495/495/495
f 487/487/487 766/766/766 436/436/436
f 649/649/649 486/486/486 147/147/147
f 486/486/486 488/488/488 648/648/648
f 147/147/147 486/486/486 648/648/648
f 652/652/652 464/464/464 776/776/776
f 465/465/465 464/464/464 652/652/652
f 721/721/721 774/774/774 464/464/464
f 464/464/464 774/774/774 776/776/776
f 157/157/157 699/699/699 153/153/153
f 157/157/157 653/653/653 699/699/699
f 460/460/460 461/461/461 654/654/654
f 162/162/162 165/165/165 454/454/454
f 447/447/447 446/446/446 166/166/166
f 403/403/403 455/455/455 770/770/770
f 656/656/656 167/167/167 403/403/403
f 174/174/174 442/442/442 172/172/172
f 390/390/390 433/433/433 19/19/19
f 425/425/425 424/424/424 376/376/376
f 425/425/425 376/376/376 378/378/378
f 423/423/423 661/661/661 424/424/424
f 797/797/797 13/13/13 663/663/663
f 414/414/414 698/698/698 664/664/664
f 414/414/414 181/181/181 698/698/698
f 187/187/187 184/184/184 798/798/798
f 184/184/184 276/276/276 798/798/798
f 798/798/798 276/276/276 345/345/345
f 405/405/405 752/752/752 336/336/336
f 192/192/192 728/728/728 398/398/398
f 758/758/758 320/320/320 316/316/316
f 396/396/396 197/197/197 399/399/399
f 388/388/388 315/315/315 319/319/319
f 206/206/206 757/757/757 670/670/670
f 366/366/366 681/681/681 679/679/679
f 683/683/683 284/284/284 799/799/799
f 682/682/682 281/281/281 284/284/284
f 355/355/355 682/682/682 357/357/357
f 342/342/342 334/334/334 354/354/354
f 342/342/342 354/354/354 343/343/343
f 686/686/686 229/229/229 687/687/687
f 229/229/229 332/332/332 687/687/687
f 307/307/307 689/689/689 696/696/696
f 689/689/689 322/322/322 323/323/323
f 308/308/308 690/690/690 312/312/312
f 302/302/302 691/691/691 233/233/233
f 301/301/301 691/691/691 302/302/302
f 304/304/304 311/311/311 301/301/301
f 237/237/237 692/692/692 576/576/576
f 237/237/237 576/576/576 239/239/239
f 237/237/237 236/236/236 245/245/245
f 295/295/295 242/242/242 238/238/238
f 238/238/238 242/242/242 236/236/236
f 245/245/245 692/692/692 237/237/237
f 714/714/714 298/298/298 641/641/641
f 261/261/261 279/279/279 746/746/746
f 5/5/5 695/695/695 272/272/272
f 272/272/272 274/274/274 267/267/267
f 6/6/6 5/5/5 265/265/265
f 57/57/57 3/3/3 742/742/742
f 693/693/693 745/745/745 1/1/1
f 107/107/107 106/106/106 545/545/545
f 107/107/107 545/545/545 781/781/781
f 392/392/392 757/757/757 206/206/206
f 392/392/392 206/206/206 203/203/203
f 141/141/141 144/144/144 492/492/492
f 141/141/141 492/492/492 139/139/139
f 18/18/18 377/377/377 179/179/179
f 18/18/18 179/179/179 178/178/178
f 263/263/263 4/4/4 6/6/6
f 263/263/263 6/6/6 264/264/264
f 715/715/715 101/101/101 565/565/565
f 715/715/715 565/565/565 564/564/564
f 389/389/389 208/208/208 671/671/671
f 389/389/389 671/671/671 205/205/205
f 723/723/723 203/203/203 205/205/205
f 723/723/723 205/205/205 16/16/16
f 457/457/457 513/513/513 515/515/515
f 457/457/457 515/515/515 158/158/158
f 101/101/101 123/123/123 41/41/41
f 101/101/101 41/41/41 565/565/565
f 124/124/124 777/777/777 451/451/451
f 124/124/124 451/451/451 511/511/511
f 6/6/6 265/265/265 266/266/266
f 6/6/6 266/266/266 643/643/643
f 12/12/12 315/315/315 757/757/757
f 12/12/12 757/757/757 392/392/392
f 800/800/800 27/27/27 441/441/441
f 800/800/800 441/441/441 769/769/769
f 587/587/587 793/793/793 706/706/706
f 587/587/587 706/706/706 581/581/581
f 801/801/801 802/802/802 73/73/73
f 801/801/801 73/73/73 75/75/75
f 291/291/291 252/252/252 249/249/249
f 291/291/291 249/249/249 288/288/288
f 438/438/438 174/174/174 171/171/171
f 438/438/438 171/171/171 434/434/434
f 154/154/154 772/772/772 151/151/151
f 154/154/154 151/151/151 150/150/150
f 26/26/26 404/404/404 198/198/198
f 26/26/26 198/198/198 196/196/196
f 803/803/803 151/151/151 772/772/772
f 803/803/803 772/772/772 700/700/700
f 356/356/356 349/349/349 347/347/347
f 356/356/356 347/347/347 355/355/355
f 644/644/644 99/99/99 715/715/715
f 644/644/644 715/715/715 103/103/103
f 803/803/803 762/762/762 462/462/462
f 803/803/803 462/462/462 151/151/151
f 421/421/421 383/383/383 14/14/14
f 421/421/421 14/14/14 422/422/422
f 551/551/551 546/546/546 549/549/549
f 551/551/551 549/549/549 552/552/552
f 128/128/128 502/502/502 505/505/505
f 128/128/128 505/505/505 126/126/126
f 804/804/804 88/88/88 92/92/92
f 804/804/804 92/92/92 91/91/91
f 480/480/480 650/650/650 805/805/805
f 480/480/480 805/805/805 149/149/149
f 462/462/462 762/762/762 423/423/423
f 462/462/462 423/423/423 725/725/725
f 496/496/496 766/766/766 487/487/487
f 496/496/496 487/487/487 141/141/141
f 776/776/776 775/775/775 651/651/651
f 776/776/776 651/651/651 660/660/660
f 103/103/103 564/564/564 806/806/806
f 103/103/103 806/806/806 104/104/104
f 792/792/792 704/704/704 707/707/707
f 792/792/792 707/707/707 709/709/709
f 386/386/386 294/294/294 296/296/296
f 386/386/386 296/296/296 807/807/807
f 169/169/169 450/450/450 444/444/444
f 169/169/169 444/444/444 170/170/170
f 480/480/480 428/428/428 430/430/430
f 480/480/480 430/430/430 650/650/650
f 370/370/370 367/367/367 361/361/361
f 370/370/370 361/361/361 360/360/360
f 575/575/575 591/591/591 790/790/790
f 575/575/575 790/790/790 96/96/96
f 373/373/373 372/372/372 677/677/677
f 373/373/373 677/677/677 749/749/749
f 121/121/121 155/155/155 458/458/458
f 121/121/121 458/458/458 119/119/119
f 753/753/753 409/409/409 727/727/727
f 753/753/753 727/727/727 808/808/808
f 782/782/782 786/786/786 105/105/105
f 782/782/782 105/105/105 548/548/548
f 65/65/65 64/64/64 622/622/622
f 65/65/65 622/622/622 799/799/799
f 187/187/187 798/798/798 808/808/808
f 187/187/187 808/808/808 727/727/727
f 239/239/239 577/577/577 571/571/571
f 239/239/239 571/571/571 240/240/240
f 545/545/545 544/544/544 542/542/542
f 545/545/545 542/542/542 541/541/541
f 358/358/358 755/755/755 726/726/726
f 358/358/358 726/726/726 665/665/665
f 271/271/271 270/270/270 43/43/43
f 271/271/271 43/43/43 265/265/265
f 647/647/647 164/164/164 451/451/451
f 647/647/647 451/451/451 777/777/777
f 527/527/527 113/113/113 524/524/524
f 527/527/527 524/524/524 526/526/526
f 637/637/637 636/636/636 638/638/638
f 637/637/637 638/638/638 809/809/809
f 529/529/529 810/810/810 780/780/780
f 529/529/529 780/780/780 532/532/532
f 33/33/33 510/510/510 445/445/445
f 33/33/33 445/445/445 444/444/444
f 182/182/182 411/411/411 759/759/759
f 182/182/182 759/759/759 722/722/722
f 30/30/30 663/663/663 761/761/761
f 30/30/30 761/761/761 654/654/654
f 693/693/693 57/57/57 68/68/68
f 693/693/693 68/68/68 67/67/67
f 439/439/439 443/443/443 195/195/195
f 439/439/439 195/195/195 440/440/440
f 212/212/212 676/676/676 677/677/677
f 212/212/212 677/677/677 372/372/372
f 619/619/619 621/621/621 613/613/613
f 619/619/619 613/613/613 612/612/612
f 657/657/657 401/401/401 190/190/190
f 657/657/657 190/190/190 25/25/25
f 9/9/9 293/293/293 731/731/731
f 9/9/9 731/731/731 385/385/385
f 501/501/501 504/504/504 136/136/136
f 501/501/501 136/136/136 143/143/143
f 99/99/99 45/45/45 508/508/508
f 99/99/99 508/508/508 778/778/778
f 117/117/117 519/519/519 522/522/522
f 117/117/117 522/522/522 523/523/523
f 158/158/158 515/515/515 459/459/459
f 158/158/158 459/459/459 655/655/655
f 724/724/724 179/179/179 376/376/376
f 724/724/724 376/376/376 661/661/661
f 564/564/564 566/566/566 783/783/783
f 564/564/564 783/783/783 806/806/806
f 80/80/80 83/83/83 82/82/82
f 80/80/80 82/82/82 81/81/81
f 651/651/651 430/430/430 429/429/429
f 651/651/651 429/429/429 660/660/660
f 603/603/603 608/608/608 802/802/802
f 603/603/603 802/802/802 631/631/631
f 471/471/471 466/466/466 463/463/463
f 471/471/471 463/463/463 465/465/465
f 61/61/61 59/59/59 708/708/708
f 61/61/61 708/708/708 62/62/62
f 510/510/510 455/455/455 403/403/403
f 510/510/510 403/403/403 446/446/446
f 423/423/423 425/425/425 764/764/764
f 423/423/423 764/764/764 725/725/725
f 269/269/269 508/508/508 44/44/44
f 269/269/269 44/44/44 270/270/270
f 428/428/428 426/426/426 427/427/427
f 428/428/428 427/427/427 429/429/429
f 347/347/347 348/348/348 253/253/253
f 347/347/347 253/253/253 281/281/281
f 383/383/383 384/384/384 15/15/15
f 383/383/383 15/15/15 14/14/14
f 792/792/792 712/712/712 710/710/710
f 792/792/792 710/710/710 705/705/705
f 357/357/357 682/682/682 683/683/683
f 357/357/357 683/683/683 735/735/735
f 232/232/232 231/231/231 689/689/689
f 232/232/232 689/689/689 307/307/307
f 221/221/221 607/607/607 603/603/603
f 221/221/221 603/603/603 222/222/222
f 180/180/180 652/652/652 776/776/776
f 180/180/180 776/776/776 178/178/178
f 681/681/681 366/366/366 365/365/365
f 681/681/681 365/365/365 214/214/214
f 765/765/765 803/803/803 700/700/700
f 765/765/765 700/700/700 653/653/653
f 418/418/418 370/370/370 360/360/360
f 418/418/418 360/360/360 698/698/698
f 68/68/68 59/59/59 627/627/627
f 68/68/68 627/627/627 69/69/69
f 397/397/397 20/20/20 435/435/435
f 397/397/397 435/435/435 173/173/173
f 811/811/811 649/649/649 147/147/147
f 811/811/811 147/147/147 149/149/149
f 517/517/517 516/516/516 515/515/515
f 517/517/517 515/515/515 514/514/514
f 630/630/630 73/73/73 802/802/802
f 630/630/630 802/802/802 608/608/608
f 673/673/673 675/675/675 749/749/749
f 673/673/673 749/749/749 677/677/677
f 751/751/751 320/320/320 399/399/399
f 751/751/751 399/399/399 398/398/398
f 613/613/613 71/71/71 70/70/70
f 613/613/613 70/70/70 609/609/609
f 202/202/202 23/23/23 394/394/394
f 202/202/202 394/394/394 396/396/396
f 181/181/181 419/419/419 418/418/418
f 181/181/181 418/418/418 698/698/698
f 140/140/140 495/495/495 496/496/496
f 140/140/140 496/496/496 141/141/141
f 535/535/535 110/110/110 477/477/477
f 535/535/535 477/477/477 463/463/463
f 448/448/448 168/168/168 800/800/800
f 448/448/448 800/800/800 768/768/768
f 383/383/383 764/764/764 425/425/425
f 383/383/383 425/425/425 378/378/378
f 103/103/103 716/716/716 643/643/643
f 103/103/103 643/643/643 644/644/644
f 550/550/550 546/546/546 548/548/548
f 550/550/550 548/548/548 785/785/785
f 641/641/641 298/298/298 297/297/297
f 641/641/641 297/297/297 572/572/572
f 678/678/678 807/807/807 674/674/674
f 678/678/678 674/674/674 673/673/673
f 167/167/167 657/657/657 25/25/25
f 167/167/167 25/25/25 168/168/168
f 39/39/39 38/38/38 811/811/811
f 39/39/39 811/811/811 481/481/481
f 748/748/748 733/733/733 287/287/287
f 748/748/748 287/287/287 289/289/289
f 631/631/631 802/802/802 801/801/801
f 631/631/631 801/801/801 632/632/632
f 371/371/371 369/369/369 420/420/420
f 371/371/371 420/420/420 662/662/662
f 18/18/18 17/17/17 756/756/756
f 18/18/18 756/756/756 377/377/377
f 15/15/15 371/371/371 662/662/662
f 15/15/15 662/662/662 13/13/13
f 256/256/256 258/258/258 254/254/254
f 256/256/256 254/254/254 279/279/279
f 135/135/135 450/450/450 127/127/127
f 135/135/135 127/127/127 498/498/498
f 381/381/381 382/382/382 678/678/678
f 381/381/381 678/678/678 676/676/676
f 24/24/24 442/442/442 439/439/439
f 24/24/24 439/439/439 22/22/22
f 812/812/812 732/732/732 680/680/680
f 812/812/812 680/680/680 747/747/747
f 679/679/679 732/732/732 812/812/812
f 679/679/679 812/812/812 364/364/364
f 296/296/296 739/739/739 674/674/674
f 296/296/296 674/674/674 807/807/807
f 409/409/409 753/753/753 666/666/666
f 409/409/409 666/666/666 410/410/410
f 728/728/728 192/192/192 697/697/697
f 728/728/728 697/697/697 329/329/329
f 65/65/65 799/799/799 284/284/284
f 65/65/65 284/284/284 283/283/283
f 659/659/659 429/429/429 427/427/427
f 659/659/659 427/427/427 16/16/16
f 509/509/509 512/512/512 720/720/720
f 509/509/509 720/720/720 453/453/453
f 172/172/172 658/658/658 397/397/397
f 172/172/172 397/397/397 173/173/173
f 375/375/375 681/681/681 359/359/359
f 375/375/375 359/359/359 361/361/361
f 590/590/590 98/98/98 96/96/96
f 590/590/590 96/96/96 790/790/790
f 7/7/7 387/387/387 379/379/379
f 7/7/7 379/379/379 672/672/672
f 198/198/198 667/667/667 192/192/192
f 198/198/198 192/192/192 191/191/191
f 749/749/749 292/292/292 291/291/291
f 749/749/749 291/291/291 373/373/373
f 684/684/684 685/685/685 332/332/332
f 684/684/684 332/332/332 326/326/326
f 282/282/282 284/284/284 281/281/281
f 282/282/282 281/281/281 255/255/255
f 581/581/581 705/705/705 710/710/710
f 581/581/581 710/710/710 582/582/582
f 133/133/133 135/135/135 498/498/498
f 133/133/133 498/498/498 497/497/497
f 469/469/469 180/180/180 765/765/765
f 469/469/469 765/765/765 653/653/653
f 19/19/19 21/21/21 12/12/12
f 19/19/19 12/12/12 391/391/391
f 234/234/234 233/233/233 583/583/583
f 234/234/234 583/583/583 585/585/585
f 672/672/672 207/207/207 306/306/306
f 672/672/672 306/306/306 7/7/7
f 450/450/450 135/135/135 31/31/31
f 450/450/450 31/31/31 444/444/444
f 473/473/473 472/472/472 470/470/470
f 473/473/473 470/470/470 469/469/469
f 90/90/90 92/92/92 597/597/597
f 90/90/90 597/597/597 593/593/593
f 437/437/437 768/768/768 800/800/800
f 437/437/437 800/800/800 769/769/769
f 601/601/601 90/90/90 595/595/595
f 601/601/601 595/595/595 602/602/602
f 520/520/520 796/796/796 467/467/467
f 520/520/520 467/467/467 116/116/116
f 211/211/211 384/384/384 381/381/381
f 211/211/211 381/381/381 212/212/212
f 596/596/596 598/598/598 794/794/794
f 596/596/596 794/794/794 706/706/706
f 329/329/329 324/324/324 729/729/729
f 329/329/329 729/729/729 728/728/728
f 579/579/579 809/809/809 47/47/47
f 579/579/579 47/47/47 46/46/46
f 410/410/410 188/188/188 400/400/400
f 410/410/410 400/400/400 402/402/402
f 23/23/23 199/199/199 658/658/658
f 23/23/23 658/658/658 24/24/24
f 394/394/394 23/23/23 22/22/22
f 394/394/394 22/22/22 440/440/440
f 582/582/582 711/711/711 591/591/591
f 582/582/582 591/591/591 585/585/585
f 751/751/751 398/398/398 729/729/729
f 751/751/751 729/729/729 226/226/226
f 338/338/338 339/339/339 737/737/737
f 338/338/338 737/737/737 335/335/335
f 799/799/799 622/622/622 735/735/735
f 799/799/799 735/735/735 683/683/683
f 406/406/406 668/668/668 404/404/404
f 406/406/406 404/404/404 189/189/189
f 805/805/805 650/650/650 651/651/651
f 805/805/805 651/651/651 775/775/775
f 442/442/442 24/24/24 658/658/658
f 442/442/442 658/658/658 172/172/172
f 561/561/561 264/264/264 6/6/6
f 561/561/561 6/6/6 643/643/643
f 116/116/116 467/467/467 468/468/468
f 116/116/116 468/468/468 121/121/121
f 393/393/393 392/392/392 203/203/203
f 393/393/393 203/203/203 723/723/723
f 537/537/537 646/646/646 39/39/39
f 537/537/537 39/39/39 540/540/540
f 258/258/258 257/257/257 744/744/744
f 258/258/258 744/744/744 740/740/740
f 587/587/587 593/593/593 597/597/597
f 587/587/587 597/597/597 793/793/793
f 235/235/235 244/244/244 241/241/241
f 235/235/235 241/241/241 209/209/209
f 659/659/659 178/178/178 776/776/776
f 659/659/659 776/776/776 660/660/660
f 727/727/727 409/409/409 402/402/402
f 727/727/727 402/402/402 185/185/185
f 736/736/736 623/623/623 611/611/611
f 736/736/736 611/611/611 754/754/754
f 579/579/579 574/574/574 637/637/637
f 579/579/579 637/637/637 809/809/809
f 225/225/225 600/600/600 696/696/696
f 225/225/225 696/696/696 323/323/323
f 307/307/307 696/696/696 594/594/594
f 307/307/307 594/594/594 690/690/690
f 215/215/215 363/363/363 362/362/362
f 215/215/215 362/362/362 216/216/216
f 687/687/687 223/223/223 322/322/322
f 687/687/687 322/322/322 688/688/688
f 746/746/746 348/348/348 346/346/346
f 746/746/746 346/346/346 277/277/277
f 476/476/476 149/149/149 805/805/805
f 476/476/476 805/805/805 475/475/475
f 91/91/91 76/76/76 78/78/78
f 91/91/91 78/78/78 804/804/804
f 375/375/375 367/367/367 368/368/368
f 375/375/375 368/368/368 373/373/373
f 208/208/208 305/305/305 301/301/301
f 208/208/208 301/301/301 303/303/303
f 10/10/10 201/201/201 202/202/202
f 10/10/10 202/202/202 396/396/396
f 488/488/488 426/426/426 428/428/428
f 488/488/488 428/428/428 482/482/482
f 731/731/731 293/293/293 243/243/243
f 731/731/731 243/243/243 738/738/738
f 423/423/423 763/763/763 724/724/724
f 423/423/423 724/724/724 661/661/661
f 336/336/336 337/337/337 407/407/407
f 336/336/336 407/407/407 405/405/405
f 761/761/761 663/663/663 415/415/415
f 761/761/761 415/415/415 417/417/417
f 262/262/262 264/264/264 561/561/561
f 262/262/262 561/561/561 562/562/562
f 667/667/667 669/669/669 697/697/697
f 667/667/667 697/697/697 192/192/192
f 261/261/261 260/260/260 280/280/280
f 261/261/261 280/280/280 279/279/279
f 800/800/800 168/168/168 25/25/25
f 800/800/800 25/25/25 27/27/27
f 667/667/667 198/198/198 404/404/404
f 667/667/667 404/404/404 668/668/668
f 735/735/735 622/622/622 623/623/623
f 735/735/735 623/623/623 736/736/736
f 767/767/767 701/701/701 505/505/505
f 767/767/767 505/505/505 502/502/502
f 507/507/507 506/506/506 778/778/778
f 507/507/507 778/778/778 508/508/508
f 228/228/228 686/686/686 688/688/688
f 228/228/228 688/688/688 317/317/317
f 730/730/730 395/395/395 394/394/394
f 730/730/730 394/394/394 440/440/440
f 500/500/500 501/501/501 143/143/143
f 500/500/500 143/143/143 142/142/142
f 669/669/669 407/407/407 337/337/337
f 669/669/669 337/337/337 327/327/327
f 209/209/209 303/303/303 302/302/302
f 209/209/209 302/302/302 235/235/235
f 38/38/38 479/479/479 649/649/649
f 38/38/38 649/649/649 811/811/811
f 266/266/266 43/43/43 45/45/45
f 266/266/266 45/45/45 703/703/703
f 422/422/422 797/797/797 663/663/663
f 422/422/422 663/663/663 30/30/30
f 441/441/441 442/442/442 174/174/174
f 441/441/441 174/174/174 769/769/769
f 122/122/122 512/512/512 509/509/509
f 122/122/122 509/509/509 134/134/134
f 641/641/641 572/572/572 640/640/640
f 641/641/641 640/640/640 788/788/788
f 551/551/551 553/553/553 547/547/547
f 551/551/551 547/547/547 546/546/546
f 374/374/374 288/288/288 681/681/681
f 374/374/374 681/681/681 375/375/375
f 778/778/778 125/125/125 100/100/100
f 778/778/778 100/100/100 99/99/99
f 729/729/729 324/324/324 330/330/330
f 729/729/729 330/330/330 226/226/226
f 538/538/538 540/540/540 481/481/481
f 538/538/538 481/481/481 539/539/539
f 71/71/71 628/628/628 616/616/616
f 71/71/71 616/616/616 72/72/72
f 329/329/329 335/335/335 737/737/737
f 329/329/329 737/737/737 325/325/325
f 382/382/382 386/386/386 807/807/807
f 382/382/382 807/807/807 678/678/678
f 373/373/373 291/291/291 288/288/288
f 373/373/373 288/288/288 374/374/374
f 30/30/30 29/29/29 462/462/462
f 30/30/30 462/462/462 421/421/421
f 608/608/608 607/607/607 614/614/614
f 608/608/608 614/614/614 630/630/630
f 324/324/324 326/326/326 331/331/331
f 324/324/324 331/331/331 330/330/330
f 750/750/750 789/789/789 576/576/576
f 750/750/750 576/576/576 692/692/692
f 360/360/360 359/359/359 358/358/358
f 360/360/360 358/358/358 665/665/665
f 699/699/699 700/700/700 772/772/772
f 699/699/699 772/772/772 153/153/153
f 350/350/350 219/219/219 752/752/752
f 350/350/350 752/752/752 666/666/666
f 201/201/201 21/21/21 20/20/20
f 201/201/201 20/20/20 397/397/397
f 106/106/106 105/105/105 786/786/786
f 106/106/106 786/786/786 645/645/645
f 17/17/17 671/671/671 672/672/672
f 17/17/17 672/672/672 756/756/756
f 244/244/244 235/235/235 750/750/750
f 244/244/244 750/750/750 692/692/692
f 422/422/422 14/14/14 13/13/13
f 422/422/422 13/13/13 797/797/797
f 565/565/565 41/41/41 40/40/40
f 565/565/565 40/40/40 566/566/566
f 753/753/753 808/808/808 349/349/349
f 753/753/753 349/349/349 356/356/356
f 66/66/66 619/619/619 612/612/612
f 66/66/66 612/612/612 64/64/64
f 449/449/449 768/768/768 767/767/767
f 449/449/449 767/767/767 502/502/502
f 477/477/477 775/775/775 774/774/774
f 477/477/477 774/774/774 721/721/721
f 270/270/270 272/272/272 267/267/267
f 270/270/270 267/267/267 269/269/269
f 730/730/730 194/194/194 197/197/197
f 730/730/730 197/197/197 395/395/395
f 318/318/318 315/315/315 232/232/232
f 318/318/318 232/232/232 314/314/314
f 566/566/566 40/40/40 718/718/718
f 566/566/566 718/718/718 795/795/795
f 782/782/782 795/795/795 718/718/718
f 782/782/782 718/718/718 717/717/717
f 156/156/156 773/773/773 471/471/471
f 156/156/156 471/471/471 473/473/473
f 11/11/11 399/399/399 320/320/320
f 11/11/11 320/320/320 758/758/758
f 7/7/7 306/306/306 243/243/243
f 7/7/7 243/243/243 8/8/8
f 627/627/627 66/66/66 65/65/65
f 627/627/627 65/65/65 69/69/69
f 233/233/233 588/588/588 584/584/584
f 233/233/233 584/584/584 583/583/583
f 148/148/148 648/648/648 482/482/482
f 148/148/148 482/482/482 480/480/480
f 102/102/102 104/104/104 806/806/806
f 102/102/102 806/806/806 553/553/553
f 389/389/389 204/204/204 670/670/670
f 389/389/389 670/670/670 388/388/388
f 86/86/86 599/599/599 81/81/81
f 86/86/86 81/81/81 82/82/82
f 627/627/627 620/620/620 619/619/619
f 627/627/627 619/619/619 66/66/66
f 285/285/285 67/67/67 69/69/69
f 285/285/285 69/69/69 283/283/283
f 210/210/210 367/367/367 369/369/369
f 210/210/210 369/369/369 371/371/371
f 752/752/752 405/405/405 188/188/188
f 752/752/752 188/188/188 666/666/666
f 205/205/205 671/671/671 17/17/17
f 205/205/205 17/17/17 16/16/16
f 749/749/749 675/675/675 714/714/714
f 749/749/749 714/714/714 290/290/290
f 349/349/349 808/808/808 798/798/798
f 349/349/349 798/798/798 345/345/345
f 310/310/310 595/595/595 593/593/593
f 310/310/310 593/593/593 586/586/586
f 810/810/810 536/536/536 538/538/538
f 810/810/810 538/538/538 780/780/780
f 108/108/108 110/110/110 35/35/35
f 108/108/108 35/35/35 34/34/34
f 20/20/20 433/433/433 175/175/175
f 20/20/20 175/175/175 435/435/435
f 313/313/313 319/319/319 309/309/309
f 313/313/313 309/309/309 308/308/308
f 693/693/693 67/67/67 285/285/285
f 693/693/693 285/285/285 740/740/740
f 805/805/805 775/775/775 477/477/477
f 805/805/805 477/477/477 475/475/475
f 274/274/274 276/276/276 165/165/165
f 274/274/274 165/165/165 164/164/164
f 355/355/355 347/347/347 281/281/281
f 355/355/355 281/281/281 682/682/682
f 258/258/258 740/740/740 286/286/286
f 258/258/258 286/286/286 254/254/254
f 353/353/353 736/736/736 754/754/754
f 353/353/353 754/754/754 354/354/354
f 273/273/273 164/164/164 268/268/268
f 273/273/273 268/268/268 267/267/267
f 803/803/803 765/765/765 763/763/763
f 803/803/803 763/763/763 762/762/762
f 341/341/341 339/339/339 338/338/338
f 341/341/341 338/338/338 333/333/333
f 419/419/419 420/420/420 369/369/369
f 419/419/419 369/369/369 418/418/418
f 611/611/611 613/613/613 609/609/609
f 611/611/611 609/609/609 343/343/343
f 611/611/611 623/623/623 64/64/64
f 611/611/611 64/64/64 612/612/612
f 210/210/210 212/212/212 372/372/372
f 210/210/210 372/372/372 368/368/368
f 630/630/630 54/54/54 74/74/74
f 630/630/630 74/74/74 73/73/73
f 177/177/177 176/176/176 432/432/432
f 177/177/177 432/432/432 431/431/431
f 432/432/432 176/176/176 393/393/393
f 432/432/432 393/393/393 723/723/723
f 590/590/590 791/791/791 53/53/53
f 590/590/590 53/53/53 98/98/98
f 348/348/348 746/746/746 279/279/279
f 348/348/348 279/279/279 253/253/253
f 753/753/753 356/356/356 352/352/352
f 753/753/753 352/352/352 350/350/350
f 146/146/146 145/145/145 485/485/485
f 146/146/146 485/485/485 478/478/478
f 481/481/481 811/811/811 149/149/149
f 481/481/481 149/149/149 476/476/476
f 783/783/783 719/719/719 553/553/553
f 783/783/783 553/553/553 806/806/806
f 11/11/11 758/758/758 315/315/315
f 11/11/11 315/315/315 12/12/12
f 669/669/669 668/668/668 406/406/406
f 669/669/669 406/406/406 407/407/407
f 761/761/761 417/417/417 183/183/183
f 761/761/761 183/183/183 655/655/655
f 41/41/41 123/123/123 133/133/133
f 41/41/41 133/133/133 497/497/497
f 242/242/242 295/295/295 299/299/299
f 242/242/242 299/299/299 738/738/738
f 722/722/722 759/759/759 771/771/771
f 722/722/722 771/771/771 159/159/159
f 610/610/610 72/72/72 607/607/607
f 610/610/610 607/607/607 221/221/221
f 317/317/317 688/688/688 321/321/321
f 317/317/317 321/321/321 230/230/230
f 106/106/106 490/490/490 484/484/484
f 106/106/106 484/484/484 544/544/544
