# Blender 5.1.0
# www.blender.org
mtllib DrawingPaper.mtl
o polySurface146.117
v -3.722414 2.232563 -0.093252
v -3.722414 2.034847 -0.089229
v -3.566351 2.232563 -0.085919
v -3.566351 2.034847 -0.081939
v -3.410289 2.232563 -0.066692
v -3.410289 2.034847 -0.062802
v -3.254227 2.232563 -0.040720
v -3.254227 2.034847 -0.036650
v -3.098164 2.232563 -0.013705
v -3.098164 2.034847 -0.009309
v -2.942101 2.232563 0.008703
v -2.942101 2.034847 0.013143
v -2.786039 2.232563 0.022195
v -2.786039 2.034847 0.025436
v -2.629977 2.232563 0.024592
v -2.629977 2.034847 0.027395
v -2.473912 2.232563 0.023170
v -2.473912 2.034847 0.025881
v -2.317850 2.232563 0.019184
v -2.317850 2.034847 0.021631
v -2.161788 2.232563 0.013423
v -2.161788 2.034847 0.015464
v -2.005726 2.232563 0.007031
v -2.005726 2.034847 0.008568
v -1.849664 2.232563 0.001281
v -1.849664 2.034847 0.002275
v -1.693600 2.232563 -0.002664
v -1.693600 2.034847 -0.002197
v -1.537538 2.232563 -0.004838
v -1.537538 2.034847 -0.004920
v -1.381476 2.232563 -0.006958
v -1.381476 2.034847 -0.007126
v -1.225414 2.232563 -0.009942
v -1.225414 2.034847 -0.010198
v -1.069350 2.232563 -0.013211
v -1.069350 2.034847 -0.013549
v -0.913288 2.232563 -0.016135
v -0.913288 2.034847 -0.016539
v -0.757226 2.232563 -0.018150
v -0.757226 2.034847 -0.018597
v -0.601164 2.232563 -0.018868
v -0.601164 2.034847 -0.019330
v -0.601164 1.837132 -0.018868
v -0.757226 1.837132 -0.018150
v -0.601164 1.639417 -0.016844
v -0.757226 1.639417 -0.016012
v -0.601164 1.441700 -0.012572
v -0.757226 1.441700 -0.011604
v -0.601164 1.243985 -0.006569
v -0.757226 1.243985 -0.005507
v -0.601164 1.046269 0.000431
v -0.757226 1.046269 0.001591
v -0.601164 0.848553 0.007572
v -0.757226 0.848553 0.008935
v -0.601164 0.650838 0.013977
v -0.757226 0.650838 0.015742
v -0.601164 0.453122 0.018866
v -0.757226 0.453122 0.021049
v -0.601164 0.255406 0.021643
v -0.757226 0.255406 0.024123
v -0.601164 0.057691 0.022452
v -0.757226 0.057691 0.025071
v -0.601164 -0.140025 0.021643
v -0.757226 -0.140025 0.024123
v -0.601164 -0.337741 0.019317
v -0.757226 -0.337741 0.021412
v -0.601164 -0.535456 0.015755
v -0.757226 -0.535456 0.017326
v -0.601164 -0.733172 0.010985
v -0.757226 -0.733172 0.012124
v -0.601164 -0.930888 0.004985
v -0.757226 -0.930888 0.004930
v -0.601164 -1.128603 -0.002482
v -0.757226 -1.128603 -0.003921
v -0.601164 -1.326319 -0.010532
v -0.757226 -1.326319 -0.013364
v -0.601164 -1.524035 -0.018006
v -0.757226 -1.524035 -0.022185
v -0.601164 -1.721751 -0.023842
v -0.757226 -1.721751 -0.029171
v -0.601164 -1.919467 -0.028152
v -0.757226 -1.919467 -0.034237
v -0.601164 -2.117182 -0.030999
v -0.757226 -2.117182 -0.037568
v -0.601164 -2.314897 -0.031998
v -0.757226 -2.314897 -0.038729
v -0.913288 -2.314897 -0.043409
v -1.069350 -2.314897 -0.045169
v -0.913288 -2.117182 -0.042146
v -1.069350 -2.117182 -0.043874
v -0.913288 -1.919467 -0.038514
v -1.069350 -1.919467 -0.038839
v -0.913288 -1.721751 -0.032978
v -1.069350 -1.721751 -0.031609
v -0.913288 -1.524035 -0.025513
v -1.069350 -1.524035 -0.025853
v -0.913288 -1.326319 -0.016170
v -1.069350 -1.326319 -0.018045
v -0.913288 -1.128603 -0.006067
v -1.069350 -1.128603 -0.007501
v -0.913288 -0.930888 0.003887
v -1.069350 -0.930888 0.003044
v -0.913288 -0.733172 0.012393
v -1.069350 -0.733172 0.012101
v -0.913288 -0.535456 0.018358
v -1.069350 -0.535456 0.018639
v -0.913288 -0.337741 0.022861
v -1.069350 -0.337741 0.023372
v -0.913288 -0.140025 0.025846
v -1.069350 -0.140025 0.026500
v -0.913288 0.057691 0.026888
v -1.069350 0.057691 0.027591
v -0.913288 0.255406 0.025846
v -1.069350 0.255406 0.026500
v -0.913288 0.453122 0.022698
v -1.069350 0.453122 0.023372
v -0.913288 0.650838 0.017269
v -1.069350 0.650838 0.018150
v -0.913288 0.848553 0.010223
v -1.069350 0.848553 0.011308
v -0.913288 1.046269 0.002570
v -1.069350 1.046269 0.003850
v -0.913288 1.243985 -0.004554
v -1.069350 1.243985 -0.003164
v -0.913288 1.441700 -0.010283
v -1.069350 1.441700 -0.008669
v -0.913288 1.639417 -0.014280
v -1.069350 1.639417 -0.011920
v -0.913288 1.837132 -0.016135
v -1.069350 1.837132 -0.013211
v -1.225414 1.837132 -0.009942
v -1.381476 1.837132 -0.006958
v -1.225414 1.639417 -0.009213
v -1.381476 1.639417 -0.006229
v -1.225414 1.441700 -0.006472
v -1.381476 1.441700 -0.004079
v -1.225414 1.243985 -0.001503
v -1.381476 1.243985 0.000023
v -1.225414 1.046269 0.004914
v -1.381476 1.046269 0.005473
v -1.225414 0.848553 0.011780
v -1.381476 0.848553 0.011365
v -1.225414 0.650838 0.018026
v -1.381476 0.650838 0.017667
v -1.225414 0.453122 0.022827
v -1.381476 0.453122 0.023031
v -1.225414 0.255406 0.025956
v -1.381476 0.255406 0.025144
v -1.225414 0.057691 0.027049
v -1.381476 0.057691 0.025345
v -1.225414 -0.140025 0.025956
v -1.381476 -0.140025 0.024302
v -1.225414 -0.337741 0.022827
v -1.381476 -0.337741 0.021316
v -1.225414 -0.535456 0.018086
v -1.381476 -0.535456 0.018138
v -1.225414 -0.733172 0.011370
v -1.381476 -0.733172 0.013491
v -1.225414 -0.930888 0.002482
v -1.381476 -0.930888 0.003677
v -1.225414 -1.128603 -0.007457
v -1.381476 -1.128603 0.006031
v -1.225414 -1.326319 -0.007362
v -1.381476 -1.326319 0.025539
v -1.225414 -1.524035 -0.002307
v -1.381476 -1.524035 0.043861
v -1.225414 -1.721751 -0.003073
v -1.381476 -1.721751 0.047912
v -1.225414 -1.919467 -0.014549
v -1.381476 -1.919467 0.032555
v -1.225414 -2.117182 -0.031909
v -1.381476 -2.117182 0.003222
v -1.225414 -2.314897 -0.043407
v -1.381476 -2.314897 -0.026402
v -1.537538 -2.314897 0.004056
v -1.693600 -2.314897 0.037165
v -1.537538 -2.117182 0.050018
v -1.693600 -2.117182 0.096670
v -1.537538 -1.919467 0.090534
v -1.693600 -1.919467 0.147071
v -1.537538 -1.721751 0.109415
v -1.693600 -1.721751 0.169222
v -1.537538 -1.524035 0.100276
v -1.693600 -1.524035 0.154872
v -1.537538 -1.326319 0.069581
v -1.693600 -1.326319 0.124164
v -1.537538 -1.128603 0.042567
v -1.693600 -1.128603 0.101918
v -1.537538 -0.930888 0.032526
v -1.693600 -0.930888 0.088381
v -1.537538 -0.733172 0.041099
v -1.693600 -0.733172 0.089602
v -1.537538 -0.535456 0.040121
v -1.693600 -0.535456 0.082897
v -1.537538 -0.337741 0.029963
v -1.693600 -0.337741 0.059380
v -1.537538 -0.140025 0.022328
v -1.693600 -0.140025 0.039203
v -1.537538 0.057691 0.028576
v -1.693600 0.057691 0.041134
v -1.537538 0.255406 0.034620
v -1.693600 0.255406 0.053076
v -1.537538 0.453122 0.034927
v -1.693600 0.453122 0.055829
v -1.537538 0.650838 0.027933
v -1.693600 0.650838 0.047412
v -1.537538 0.848553 0.016120
v -1.693600 0.848553 0.030654
v -1.537538 1.046269 0.005571
v -1.693600 1.046269 0.012515
v -1.537538 1.243985 0.001124
v -1.693600 1.243985 0.002290
v -1.537538 1.441700 -0.002002
v -1.693600 1.441700 -0.000042
v -1.537538 1.639417 -0.004069
v -1.693600 1.639417 -0.001500
v -1.537538 1.837132 -0.004838
v -1.693600 1.837132 -0.002024
v -1.849664 1.837132 0.002629
v -2.005726 1.837132 0.009108
v -1.849664 1.639417 0.002822
v -2.005726 1.639417 0.008823
v -1.849664 1.441700 0.003607
v -2.005726 1.441700 0.008638
v -1.849664 1.243985 0.007702
v -2.005726 1.243985 0.016810
v -1.849664 1.046269 0.026045
v -2.005726 1.046269 0.040763
v -1.849664 0.848553 0.050355
v -2.005726 0.848553 0.069793
v -1.849664 0.650838 0.071176
v -2.005726 0.650838 0.093980
v -1.849664 0.453122 0.080936
v -2.005726 0.453122 0.104436
v -1.849664 0.255406 0.075688
v -2.005726 0.255406 0.096828
v -1.849664 0.057691 0.062524
v -2.005726 0.057691 0.088682
v -1.849664 -0.140025 0.073094
v -2.005726 -0.140025 0.108919
v -1.849664 -0.337741 0.101663
v -2.005726 -0.337741 0.144987
v -1.849664 -0.535456 0.135276
v -2.005726 -0.535456 0.184332
v -1.849664 -0.733172 0.147070
v -2.005726 -0.733172 0.199223
v -1.849664 -0.930888 0.151076
v -2.005726 -0.930888 0.200257
v -1.849664 -1.128603 0.161674
v -2.005726 -1.128603 0.202091
v -1.849664 -1.326319 0.175173
v -2.005726 -1.326319 0.203707
v -1.849664 -1.524035 0.194830
v -2.005726 -1.524035 0.210697
v -1.849664 -1.721751 0.211425
v -2.005726 -1.721751 0.222386
v -1.849664 -1.919467 0.186650
v -2.005726 -1.919467 0.196720
v -1.849664 -2.117182 0.129691
v -2.005726 -2.117182 0.138183
v -1.849664 -2.314897 0.062223
v -2.005726 -2.314897 0.069267
v -2.161788 -2.314897 0.056290
v -2.317850 -2.314897 0.026711
v -2.161788 -2.117182 0.119658
v -2.317850 -2.117182 0.078555
v -2.161788 -1.919467 0.173101
v -2.317850 -1.919467 0.122180
v -2.161788 -1.721751 0.195277
v -2.317850 -1.721751 0.139458
v -2.161788 -1.524035 0.194199
v -2.317850 -1.524035 0.147932
v -2.161788 -1.326319 0.201253
v -2.317850 -1.326319 0.167789
v -2.161788 -1.128603 0.213354
v -2.317850 -1.128603 0.192856
v -2.161788 -0.930888 0.224566
v -2.317850 -0.930888 0.217657
v -2.161788 -0.733172 0.232836
v -2.317850 -0.733172 0.238882
v -2.161788 -0.535456 0.216325
v -2.317850 -0.535456 0.222310
v -2.161788 -0.337741 0.175123
v -2.317850 -0.337741 0.181626
v -2.161788 -0.140025 0.133672
v -2.317850 -0.140025 0.139816
v -2.161788 0.057691 0.107264
v -2.317850 0.057691 0.111188
v -2.161788 0.255406 0.110439
v -2.317850 0.255406 0.112855
v -2.161788 0.453122 0.121175
v -2.317850 0.453122 0.125930
v -2.161788 0.650838 0.110395
v -2.317850 0.650838 0.115592
v -2.161788 0.848553 0.084026
v -2.317850 0.848553 0.089278
v -2.161788 1.046269 0.052344
v -2.317850 1.046269 0.057689
v -2.161788 1.243985 0.025468
v -2.317850 1.243985 0.030879
v -2.161788 1.441700 0.014144
v -2.317850 1.441700 0.019342
v -2.161788 1.639417 0.015464
v -2.317850 1.639417 0.021631
v -2.161788 1.837132 0.016176
v -2.317850 1.837132 0.022483
v -2.473912 1.837132 0.026823
v -2.629977 1.837132 0.028369
v -2.473912 1.639417 0.025881
v -2.629977 1.639417 0.027395
v -2.473912 1.441700 0.023170
v -2.629977 1.441700 0.024592
v -2.473912 1.243985 0.031759
v -2.629977 1.243985 0.028304
v -2.473912 1.046269 0.055518
v -2.629977 1.046269 0.046673
v -2.473912 0.848553 0.084007
v -2.629977 0.848553 0.069693
v -2.473912 0.650838 0.107260
v -2.629977 0.650838 0.088038
v -2.473912 0.453122 0.115225
v -2.629977 0.453122 0.093307
v -2.473912 0.255406 0.102288
v -2.629977 0.255406 0.081729
v -2.473912 0.057691 0.098386
v -2.629977 0.057691 0.072508
v -2.473912 -0.140025 0.124333
v -2.629977 -0.140025 0.091587
v -2.473912 -0.337741 0.162390
v -2.629977 -0.337741 0.123093
v -2.473912 -0.535456 0.199507
v -2.629977 -0.535456 0.155425
v -2.473912 -0.733172 0.212274
v -2.629977 -0.733172 0.163399
v -2.473912 -0.930888 0.181680
v -2.629977 -0.930888 0.131546
v -2.473912 -1.128603 0.144970
v -2.629977 -1.128603 0.083209
v -2.473912 -1.326319 0.110316
v -2.629977 -1.326319 0.041715
v -2.473912 -1.524035 0.082575
v -2.629977 -1.524035 0.012329
v -2.473912 -1.721751 0.071156
v -2.629977 -1.721751 0.005139
v -2.473912 -1.919467 0.058440
v -2.629977 -1.919467 -0.003029
v -2.473912 -2.117182 0.026321
v -2.629977 -2.117182 -0.023172
v -2.473912 -2.314897 -0.010276
v -2.629977 -2.314897 -0.042650
v -2.786039 -2.314897 -0.064408
v -2.942101 -2.314897 -0.073109
v -2.786039 -2.117182 -0.062368
v -2.942101 -2.117182 -0.079761
v -2.786039 -1.919467 -0.051745
v -2.942101 -1.919467 -0.078317
v -2.786039 -1.721751 -0.045603
v -2.942101 -1.721751 -0.072199
v -2.786039 -1.524035 -0.044617
v -2.942101 -1.524035 -0.068628
v -2.786039 -1.326319 -0.018924
v -2.942101 -1.326319 -0.050914
v -2.786039 -1.128603 0.026859
v -2.942101 -1.128603 -0.016320
v -2.786039 -0.930888 0.076976
v -2.942101 -0.930888 0.016479
v -2.786039 -0.733172 0.104189
v -2.942101 -0.733172 0.036875
v -2.786039 -0.535456 0.101332
v -2.942101 -0.535456 0.039754
v -2.786039 -0.337741 0.075019
v -2.942101 -0.337741 0.027107
v -2.786039 -0.140025 0.051101
v -2.942101 -0.140025 0.013696
v -2.786039 0.057691 0.041786
v -2.942101 0.057691 0.015266
v -2.786039 0.255406 0.055657
v -2.942101 0.255406 0.026793
v -2.786039 0.453122 0.064634
v -2.942101 0.453122 0.032236
v -2.786039 0.650838 0.061090
v -2.942101 0.650838 0.029505
v -2.786039 0.848553 0.047679
v -2.942101 0.848553 0.020647
v -2.786039 1.046269 0.031158
v -2.942101 1.046269 0.011356
v -2.786039 1.243985 0.020306
v -2.942101 1.243985 0.009858
v -2.786039 1.441700 0.022449
v -2.942101 1.441700 0.015142
v -2.786039 1.639417 0.025708
v -2.942101 1.639417 0.019190
v -2.786039 1.837132 0.026823
v -2.942101 1.837132 0.017940
v -3.098164 1.837132 -0.001799
v -3.254227 1.837132 -0.026604
v -3.098164 1.639417 0.004566
v -3.254227 1.639417 -0.015606
v -3.098164 1.441700 0.004094
v -3.254227 1.441700 -0.009965
v -3.098164 1.243985 -0.001487
v -3.254227 1.243985 -0.014019
v -3.098164 1.046269 -0.006676
v -3.254227 1.046269 -0.018924
v -3.098164 0.848553 -0.005239
v -3.254227 0.848553 -0.022323
v -3.098164 0.650838 -0.000865
v -3.254227 0.650838 -0.022729
v -3.098164 0.453122 0.001422
v -3.254227 0.453122 -0.020797
v -3.098164 0.255406 -0.000210
v -3.254227 0.255406 -0.018533
v -3.098164 0.057691 -0.004470
v -3.254227 0.057691 -0.017235
v -3.098164 -0.140025 -0.013072
v -3.254227 -0.140025 -0.025756
v -3.098164 -0.337741 -0.015910
v -3.254227 -0.337741 -0.042160
v -3.098164 -0.535456 -0.018211
v -3.254227 -0.535456 -0.058350
v -3.098164 -0.733172 -0.025747
v -3.254227 -0.733172 -0.068844
v -3.098164 -0.930888 -0.038364
v -3.254227 -0.930888 -0.072967
v -3.098164 -1.128603 -0.052275
v -3.254227 -1.128603 -0.067553
v -3.098164 -1.326319 -0.059786
v -3.254227 -1.326319 -0.056710
v -3.098164 -1.524035 -0.061552
v -3.254227 -1.524035 -0.052137
v -3.098164 -1.721751 -0.071005
v -3.254227 -1.721751 -0.063213
v -3.098164 -1.919467 -0.079772
v -3.254227 -1.919467 -0.075579
v -3.098164 -2.117182 -0.083344
v -3.254227 -2.117182 -0.082553
v -3.098164 -2.314897 -0.078676
v -3.254227 -2.314897 -0.080275
v -3.410289 -2.314897 -0.077638
v -3.566351 -2.314897 -0.070675
v -3.410289 -2.117182 -0.077269
v -3.566351 -2.117182 -0.067912
v -3.410289 -1.919467 -0.067255
v -3.566351 -1.919467 -0.055916
v -3.410289 -1.721751 -0.052235
v -3.566351 -1.721751 -0.039656
v -3.410289 -1.524035 -0.043175
v -3.566351 -1.524035 -0.033802
v -3.410289 -1.326319 -0.052706
v -3.566351 -1.326319 -0.047621
v -3.410289 -1.128603 -0.070709
v -3.566351 -1.128603 -0.071216
v -3.410289 -0.930888 -0.083755
v -3.566351 -0.930888 -0.089858
v -3.410289 -0.733172 -0.085812
v -3.566351 -0.733172 -0.096644
v -3.410289 -0.535456 -0.075903
v -3.566351 -0.535456 -0.088761
v -3.410289 -0.337741 -0.058023
v -3.566351 -0.337741 -0.070840
v -3.410289 -0.140025 -0.039370
v -3.566351 -0.140025 -0.049496
v -3.410289 0.057691 -0.025886
v -3.566351 0.057691 -0.032755
v -3.410289 0.255406 -0.024971
v -3.566351 0.255406 -0.028820
v -3.410289 0.453122 -0.028990
v -3.566351 0.453122 -0.033300
v -3.410289 0.650838 -0.031550
v -3.566351 0.650838 -0.036227
v -3.410289 0.848553 -0.031674
v -3.566351 0.848553 -0.037243
v -3.410289 1.046269 -0.029382
v -3.566351 1.046269 -0.036039
v -3.410289 1.243985 -0.025156
v -3.566351 1.243985 -0.032584
v -3.410289 1.441700 -0.024841
v -3.566351 1.441700 -0.035838
v -3.410289 1.639417 -0.035459
v -3.566351 1.639417 -0.049871
v -3.410289 1.837132 -0.050391
v -3.566351 1.837132 -0.067607
v -3.722414 1.837132 -0.074170
v -3.722414 1.639417 -0.055296
v -3.722414 1.441700 -0.039787
v -3.722414 1.243985 -0.034866
v -3.722414 1.046269 -0.037861
v -3.722414 0.848553 -0.038911
v -3.722414 0.650838 -0.037861
v -3.722414 0.453122 -0.034835
v -3.722414 0.255406 -0.030234
v -3.722414 0.057691 -0.035341
v -3.722414 -0.140025 -0.053218
v -3.722414 -0.337741 -0.075665
v -3.722414 -0.535456 -0.094440
v -3.722414 -0.733172 -0.101185
v -3.722414 -0.930888 -0.090740
v -3.722414 -1.128603 -0.068486
v -3.722414 -1.326319 -0.041697
v -3.722414 -1.524035 -0.024510
v -3.722414 -1.721751 -0.027743
v -3.722414 -1.919467 -0.043544
v -3.722414 -2.117182 -0.055914
v -3.722414 -2.314897 -0.059977
vn -0.0467 0.0480 0.9978
vn -0.0846 0.0201 0.9962
vn -0.0469 0.0203 0.9987
vn -0.0837 0.0465 0.9954
vn -0.1431 0.0196 0.9895
vn -0.1420 0.0423 0.9890
vn -0.1676 0.0200 0.9857
vn -0.1670 0.0371 0.9853
vn -0.1568 0.0215 0.9874
vn -0.1557 0.0316 0.9873
vn -0.1143 0.0222 0.9932
vn -0.1095 0.0243 0.9937
vn -0.0492 0.0181 0.9986
vn -0.0435 0.0138 0.9990
vn -0.0024 0.0147 0.9999
vn 0.0185 0.0092 0.9998
vn 0.0177 0.0133 0.9998
vn 0.0333 0.0084 0.9994
vn 0.0318 0.0118 0.9994
vn 0.0417 0.0071 0.9991
vn 0.0396 0.0096 0.9992
vn 0.0420 0.0055 0.9991
vn 0.0396 0.0070 0.9992
vn 0.0342 0.0037 0.9994
vn 0.0318 0.0043 0.9995
vn 0.0227 0.0019 0.9997
vn 0.0203 0.0016 0.9998
vn 0.0153 0.0004 0.9999
vn 0.0138 -0.0004 0.9999
vn 0.0165 -0.0007 0.9999
vn 0.0168 -0.0000 0.9999
vn 0.0202 -0.0012 0.9998
vn 0.0205 -0.0000 0.9998
vn 0.0200 -0.0016 0.9998
vn 0.0202 -0.0000 0.9998
vn 0.0159 -0.0019 0.9999
vn 0.0161 -0.0000 0.9999
vn 0.0088 -0.0022 1.0000
vn 0.0089 -0.0000 1.0000
vn 0.0046 -0.0023 1.0000
vn 0.0046 0.0063 1.0000
vn 0.0047 -0.0000 1.0000
vn 0.0089 0.0064 0.9999
vn 0.0052 0.0161 0.9999
vn 0.0085 0.0162 0.9998
vn 0.0060 0.0262 0.9996
vn 0.0077 0.0262 0.9996
vn 0.0067 0.0330 0.9994
vn 0.0068 0.0330 0.9994
vn 0.0073 0.0359 0.9993
vn 0.0070 0.0364 0.9993
vn 0.0085 0.0345 0.9994
vn 0.0086 0.0357 0.9993
vn 0.0108 0.0291 0.9995
vn 0.0107 0.0305 0.9995
vn 0.0134 0.0200 0.9997
vn 0.0124 0.0211 0.9997
vn 0.0155 0.0095 0.9998
vn 0.0135 0.0101 0.9999
vn 0.0164 -0.0000 0.9999
vn 0.0134 -0.0093 0.9999
vn 0.0141 -0.0000 0.9999
vn 0.0113 -0.0172 0.9998
vn 0.0154 -0.0085 0.9998
vn 0.0082 -0.0237 0.9997
vn 0.0127 -0.0157 0.9998
vn 0.0048 -0.0310 0.9995
vn 0.0095 -0.0217 0.9997
vn -0.0027 -0.0396 0.9992
vn 0.0057 -0.0290 0.9996
vn -0.0073 -0.0412 0.9991
vn -0.0004 -0.0340 0.9994
vn -0.0117 -0.0460 0.9989
vn -0.0162 -0.0412 0.9990
vn -0.0185 -0.0456 0.9988
vn -0.0249 -0.0356 0.9991
vn -0.0245 -0.0395 0.9989
vn -0.0325 -0.0273 0.9991
vn -0.0294 -0.0302 0.9991
vn -0.0379 -0.0192 0.9991
vn -0.0332 -0.0212 0.9992
vn -0.0414 -0.0104 0.9991
vn -0.0356 -0.0115 0.9993
vn -0.0426 -0.0055 0.9991
vn -0.0193 -0.0133 0.9997
vn -0.0364 -0.0060 0.9993
vn 0.0257 -0.0234 0.9994
vn -0.0206 -0.0064 0.9998
vn 0.0679 -0.0375 0.9970
vn -0.0149 -0.0230 0.9996
vn -0.0093 -0.0337 0.9994
vn 0.0906 -0.0370 0.9952
vn -0.0119 -0.0398 0.9991
vn 0.0770 -0.0306 0.9966
vn 0.0379 -0.0381 0.9986
vn -0.0150 -0.0491 0.9987
vn 0.0021 -0.0448 0.9990
vn -0.0115 -0.0506 0.9987
vn -0.0050 -0.0490 0.9988
vn -0.0064 -0.0462 0.9989
vn -0.0035 -0.0391 0.9992
vn -0.0001 -0.0355 0.9994
vn -0.0011 -0.0279 0.9996
vn 0.0045 -0.0262 0.9996
vn 0.0063 -0.0189 0.9998
vn -0.0000 -0.0198 0.9998
vn 0.0076 -0.0102 0.9999
vn 0.0004 -0.0106 0.9999
vn 0.0080 -0.0000 1.0000
vn 0.0005 -0.0000 1.0000
vn 0.0004 0.0106 0.9999
vn 0.0077 0.0105 0.9999
vn 0.0004 0.0211 0.9998
vn 0.0076 0.0215 0.9997
vn 0.0024 0.0299 0.9995
vn 0.0079 0.0313 0.9995
vn 0.0052 0.0359 0.9993
vn 0.0079 0.0368 0.9993
vn 0.0078 0.0363 0.9993
vn 0.0075 0.0370 0.9993
vn 0.0101 0.0313 0.9995
vn 0.0077 0.0323 0.9994
vn 0.0124 0.0219 0.9997
vn 0.0097 0.0243 0.9997
vn 0.0161 0.0116 0.9998
vn 0.0132 0.0147 0.9998
vn 0.0195 0.0045 0.9998
vn 0.0157 0.0059 0.9999
vn 0.0197 0.0028 0.9998
vn 0.0164 0.0022 0.9999
vn 0.0179 0.0091 0.9998
vn 0.0160 0.0077 0.9998
vn 0.0147 0.0195 0.9997
vn 0.0138 0.0164 0.9998
vn 0.0104 0.0286 0.9995
vn 0.0084 0.0241 0.9997
vn 0.0055 0.0333 0.9994
vn 0.0021 0.0286 0.9996
vn 0.0005 0.0329 0.9995
vn 0.0279 0.0334 0.9991
vn 0.0107 0.0342 0.9994
vn 0.0372 0.0197 0.9991
vn -0.0012 0.0283 0.9996
vn -0.0015 0.0196 0.9998
vn 0.0258 0.0003 0.9997
vn -0.0050 0.0100 0.9999
vn 0.0020 -0.0053 1.0000
vn -0.0072 -0.0000 1.0000
vn -0.0071 -0.0106 0.9999
vn -0.0115 -0.0103 0.9999
vn -0.0067 -0.0198 0.9998
vn 0.0167 -0.0090 0.9998
vn -0.0014 -0.0262 0.9997
vn 0.0936 -0.0370 0.9949
vn 0.0649 -0.0061 0.9979
vn 0.0955 -0.0180 0.9953
vn 0.0039 -0.0402 0.9992
vn 0.1567 0.0367 0.9870
vn 0.0108 -0.0391 0.9992
vn 0.1175 0.0190 0.9929
vn 0.0432 -0.0248 0.9988
vn 0.2419 0.0883 0.9663
vn 0.2001 0.0106 0.9797
vn 0.3070 0.0590 0.9499
vn 0.2373 -0.0330 0.9709
vn 0.3126 -0.1116 0.9433
vn 0.3338 -0.0259 0.9423
vn 0.2165 -0.0763 0.9733
vn 0.2482 -0.1458 0.9577
vn 0.1441 -0.0759 0.9866
vn 0.1724 -0.1202 0.9777
vn 0.0736 -0.0431 0.9964
vn 0.2163 -0.1988 0.9559
vn 0.2793 -0.2068 0.9377
vn 0.1945 -0.2649 0.9445
vn 0.2398 -0.2586 0.9357
vn 0.3370 -0.1439 0.9304
vn 0.2866 -0.1743 0.9421
vn 0.3571 -0.0216 0.9338
vn 0.3059 -0.0189 0.9519
vn 0.2978 0.0967 0.9497
vn 0.3367 0.0908 0.9372
vn 0.3235 0.1197 0.9386
vn 0.3091 0.1257 0.9427
vn 0.3541 0.0855 0.9313
vn 0.2934 0.0859 0.9521
vn 0.3494 0.0251 0.9367
vn 0.2638 -0.0028 0.9646
vn 0.2335 -0.0137 0.9723
vn 0.3183 0.0166 0.9479
vn 0.2881 0.0760 0.9546
vn 0.1937 0.0370 0.9804
vn 0.2256 0.1034 0.9687
vn 0.1210 0.0439 0.9917
vn 0.1569 0.0418 0.9867
vn 0.0582 -0.0004 0.9983
vn 0.0576 -0.0234 0.9981
vn 0.1119 -0.0305 0.9932
vn 0.0851 -0.0203 0.9962
vn 0.1312 -0.0359 0.9907
vn 0.1002 0.0178 0.9948
vn 0.1433 0.0133 0.9896
vn 0.1352 0.0648 0.9887
vn 0.0925 0.0497 0.9945
vn 0.1078 0.0883 0.9902
vn 0.0601 0.0578 0.9965
vn 0.0649 0.0717 0.9953
vn 0.0218 0.0387 0.9990
vn 0.0238 0.0288 0.9993
vn 0.0071 0.0193 0.9998
vn 0.0179 0.0097 0.9998
vn 0.0127 0.0134 0.9998
vn 0.0219 0.0052 0.9997
vn 0.0153 0.0071 0.9999
vn 0.0236 0.0021 0.9997
vn 0.0158 0.0022 0.9999
vn 0.0350 0.0014 0.9994
vn 0.0394 -0.0010 0.9992
vn 0.0430 0.0005 0.9991
vn 0.0297 0.0103 0.9995
vn 0.0326 0.0030 0.9995
vn 0.0365 0.0172 0.9992
vn 0.0491 0.0536 0.9974
vn 0.0583 0.0789 0.9952
vn 0.0900 0.1064 0.9902
vn 0.0844 0.1310 0.9878
vn 0.1232 0.1130 0.9859
vn 0.1068 0.1321 0.9855
vn 0.1458 0.0777 0.9863
vn 0.1231 0.0875 0.9885
vn 0.1518 0.0101 0.9884
vn 0.1155 -0.0343 0.9927
vn 0.1254 0.0051 0.9921
vn 0.1437 -0.0406 0.9888
vn 0.1450 0.0195 0.9892
vn 0.1596 -0.0146 0.9871
vn 0.2161 0.0968 0.9716
vn 0.1895 0.1374 0.9722
vn 0.2632 0.1481 0.9533
vn 0.2252 0.1824 0.9571
vn 0.3067 0.1089 0.9456
vn 0.2489 0.1302 0.9597
vn 0.3322 0.0363 0.9425
vn 0.2548 0.0353 0.9663
vn 0.3369 0.0347 0.9409
vn 0.2138 0.0037 0.9769
vn 0.3044 0.0578 0.9508
vn 0.1451 0.0070 0.9894
vn 0.2459 0.0803 0.9660
vn 0.0740 0.0308 0.9968
vn 0.1843 0.0790 0.9797
vn -0.0031 0.0329 0.9995
vn 0.1679 -0.0243 0.9855
vn -0.0436 -0.2026 0.9783
vn -0.0505 -0.0347 0.9981
vn 0.1529 -0.1973 0.9683
vn -0.0327 -0.3016 0.9529
vn 0.1286 -0.2938 0.9472
vn -0.0234 -0.3202 0.9471
vn 0.1082 -0.3109 0.9443
vn -0.1824 -0.2754 0.9439
vn -0.2789 -0.2255 0.9335
vn -0.1450 -0.2870 0.9469
vn -0.3371 -0.1465 0.9300
vn -0.2261 -0.1816 0.9570
vn -0.3635 -0.0657 0.9293
vn -0.2387 -0.0526 0.9697
vn -0.3365 -0.0661 0.9394
vn -0.1875 -0.0238 0.9820
vn -0.2791 -0.1060 0.9544
vn -0.1048 -0.0372 0.9938
vn -0.2118 -0.1213 0.9698
vn -0.0111 -0.0592 0.9982
vn -0.1369 -0.1113 0.9843
vn 0.0701 -0.0518 0.9962
vn -0.0734 -0.0021 0.9973
vn 0.1246 0.0206 0.9920
vn -0.0552 0.1393 0.9887
vn 0.1199 0.1409 0.9827
vn -0.0424 0.2019 0.9785
vn 0.1146 0.2022 0.9726
vn -0.0316 0.1725 0.9845
vn 0.0990 0.1661 0.9811
vn -0.0282 0.0615 0.9977
vn 0.0726 0.0503 0.9961
vn 0.0544 -0.0317 0.9980
vn -0.0246 -0.0354 0.9991
vn 0.0672 -0.0019 0.9977
vn -0.0190 -0.0069 0.9998
vn -0.0119 0.0906 0.9958
vn 0.0689 0.0928 0.9933
vn -0.0022 0.1427 0.9898
vn 0.0631 0.1433 0.9877
vn 0.0079 0.1440 0.9895
vn 0.0554 0.1443 0.9880
vn 0.0200 0.0921 0.9955
vn 0.0467 0.0940 0.9945
vn 0.0297 0.0239 0.9993
vn 0.0372 0.0238 0.9990
vn 0.0406 -0.0055 0.9992
vn 0.0332 -0.0081 0.9994
vn 0.0426 -0.0000 0.9991
vn 0.0340 -0.0000 0.9994
vn 0.0185 -0.0092 0.9998
vn 0.0188 -0.0000 0.9998
vn -0.0004 -0.0096 1.0000
vn -0.0000 -0.0000 1.0000
vn -0.0011 0.0098 1.0000
vn -0.0059 -0.0022 1.0000
vn 0.0118 0.0138 0.9998
vn -0.0384 0.0538 0.9978
vn -0.0781 0.1030 0.9916
vn -0.0119 0.0776 0.9969
vn -0.0366 0.1292 0.9909
vn -0.1146 0.1037 0.9880
vn -0.0633 0.1281 0.9897
vn -0.1438 0.0612 0.9877
vn -0.0873 0.0785 0.9931
vn -0.1571 -0.0148 0.9875
vn -0.1020 -0.0108 0.9947
vn -0.1015 -0.0397 0.9940
vn -0.1528 -0.0462 0.9872
vn -0.1239 0.0463 0.9912
vn -0.2271 0.1231 0.9661
vn -0.1818 0.0141 0.9832
vn -0.1531 0.1552 0.9759
vn -0.2658 0.1541 0.9516
vn -0.1812 0.1830 0.9663
vn -0.2982 0.0964 0.9496
vn -0.2074 0.1210 0.9707
vn -0.3237 -0.0522 0.9447
vn -0.2364 -0.0335 0.9711
vn -0.2689 -0.1541 0.9507
vn -0.3227 -0.1770 0.9298
vn -0.3251 -0.1692 0.9304
vn -0.3493 -0.2043 0.9145
vn -0.3711 -0.1440 0.9174
vn -0.3755 -0.1652 0.9120
vn -0.3977 -0.0895 0.9132
vn -0.3748 -0.0852 0.9232
vn -0.3945 -0.0562 0.9172
vn -0.3506 -0.0351 0.9359
vn -0.3661 -0.1095 0.9241
vn -0.3258 -0.0742 0.9425
vn -0.3037 -0.1655 0.9383
vn -0.2670 -0.1013 0.9584
vn -0.2360 -0.1532 0.9596
vn -0.2231 -0.2269 0.9480
vn -0.1663 -0.0308 0.9856
vn -0.1930 -0.0714 0.9786
vn -0.0575 0.0210 0.9981
vn -0.0668 0.0101 0.9977
vn -0.0808 -0.0275 0.9963
vn -0.2273 -0.0478 0.9727
vn -0.0805 -0.0244 0.9965
vn -0.2364 -0.0207 0.9714
vn -0.0700 -0.0443 0.9966
vn -0.2485 -0.0630 0.9666
vn -0.1406 -0.1156 0.9833
vn -0.2827 -0.1644 0.9450
vn -0.2476 -0.1575 0.9560
vn -0.3097 -0.2097 0.9274
vn -0.3380 -0.1320 0.9319
vn -0.3454 -0.1740 0.9222
vn -0.3770 -0.0619 0.9241
vn -0.3654 -0.0602 0.9289
vn -0.3527 0.0361 0.9350
vn -0.3425 0.0730 0.9367
vn -0.2957 0.1163 0.9482
vn -0.2819 0.0601 0.9576
vn -0.2417 0.0805 0.9670
vn -0.2000 0.0202 0.9796
vn -0.1890 -0.0174 0.9818
vn -0.1513 -0.0275 0.9881
vn -0.1770 -0.0412 0.9833
vn -0.1785 -0.0509 0.9826
vn -0.1957 -0.0087 0.9806
vn -0.1891 -0.0141 0.9819
vn -0.1813 0.0451 0.9824
vn -0.1919 0.0317 0.9809
vn -0.1534 0.0760 0.9852
vn -0.1651 0.0472 0.9851
vn -0.1120 0.0688 0.9913
vn -0.1148 0.0233 0.9931
vn -0.0592 0.0171 0.9981
vn -0.0694 -0.0098 0.9975
vn -0.0632 -0.0187 0.9978
vn -0.0297 -0.0142 0.9995
vn -0.0697 -0.0082 0.9975
vn -0.0266 -0.0107 0.9996
vn -0.0321 0.0022 0.9995
vn -0.0900 0.0164 0.9958
vn -0.1077 0.0129 0.9941
vn -0.1399 0.0361 0.9895
vn -0.1268 0.0419 0.9910
vn -0.1527 0.0535 0.9868
vn -0.0954 -0.0015 0.9954
vn -0.0818 -0.0212 0.9964
vn -0.0804 -0.0150 0.9967
vn -0.0779 -0.0201 0.9968
vn -0.0967 -0.0092 0.9953
vn -0.0763 -0.0169 0.9969
vn -0.1310 0.0132 0.9913
vn -0.0944 0.0081 0.9955
vn -0.0851 -0.0088 0.9963
vn -0.1622 0.0196 0.9866
vn -0.0953 0.0121 0.9954
vn -0.1620 0.0020 0.9868
vn -0.0794 0.0006 0.9968
vn -0.1120 -0.0232 0.9934
vn -0.1388 -0.0200 0.9901
vn -0.0684 -0.0183 0.9975
vn -0.1251 -0.0286 0.9917
vn -0.0896 -0.0564 0.9944
vn -0.1968 -0.0112 0.9804
vn -0.1410 -0.0731 0.9873
vn -0.2842 -0.0205 0.9586
vn -0.1812 -0.0653 0.9813
vn -0.3130 -0.0556 0.9481
vn -0.1823 -0.0417 0.9823
vn -0.2675 -0.0715 0.9609
vn -0.1293 -0.0004 0.9916
vn -0.1437 -0.0455 0.9886
vn 0.0096 0.0262 0.9996
vn -0.0588 0.0410 0.9974
vn 0.0473 -0.0249 0.9986
vn -0.0077 -0.0350 0.9994
vn 0.0592 -0.0598 0.9965
vn 0.0568 -0.0113 0.9983
vn 0.0285 -0.0424 0.9987
vn 0.0404 -0.0484 0.9980
vn 0.0218 -0.0094 0.9997
vn 0.0050 -0.0321 0.9995
vn 0.0102 0.0111 0.9999
vn -0.0106 0.0010 0.9999
vn -0.0202 0.0265 0.9994
vn 0.0455 -0.0238 0.9987
vn 0.0597 -0.0105 0.9982
vn 0.0687 -0.0367 0.9970
vn 0.0632 -0.0626 0.9960
vn 0.0761 -0.0704 0.9946
vn 0.0729 -0.0630 0.9953
vn 0.0762 -0.0576 0.9954
vn 0.0579 0.0066 0.9983
vn 0.0592 0.0244 0.9979
vn 0.0359 0.0933 0.9950
vn 0.0286 0.0699 0.9971
vn 0.0046 0.1007 0.9949
vn -0.0121 0.0676 0.9976
vn -0.0502 0.0421 0.9979
vn -0.0255 0.0607 0.9978
vn -0.0826 -0.0193 0.9964
vn -0.0474 0.0007 0.9989
vn -0.0571 -0.0670 0.9961
vn -0.0963 -0.0702 0.9929
vn -0.0554 -0.0994 0.9935
vn -0.0904 -0.0923 0.9916
vn -0.0452 -0.0947 0.9945
vn -0.0749 -0.0815 0.9939
vn -0.0317 -0.0506 0.9982
vn -0.0494 -0.0333 0.9982
vn -0.0192 0.0032 0.9998
vn -0.0341 0.0066 0.9994
vn -0.0401 0.0165 0.9991
vn -0.0189 0.0185 0.9996
vn -0.0429 0.0070 0.9991
vn -0.0208 0.0094 0.9997
vn -0.0475 -0.0044 0.9989
vn -0.0233 -0.0003 0.9997
vn -0.0267 -0.0122 0.9996
vn -0.0545 -0.0167 0.9984
vn -0.0330 -0.0037 0.9994
vn -0.0589 -0.0120 0.9982
vn -0.0810 0.0222 0.9965
vn -0.0490 0.0423 0.9979
vn -0.1092 0.0637 0.9920
vn -0.0641 0.0790 0.9948
vn -0.1296 0.0687 0.9892
vn -0.0762 0.0800 0.9939
vn -0.0362 0.0849 0.9957
vn -0.0429 0.0843 0.9955
vn -0.0273 0.0494 0.9984
vn -0.0163 0.0018 0.9999
vn -0.0115 -0.0105 0.9999
vn -0.0105 0.0103 0.9999
vn -0.0107 -0.0000 0.9999
vn -0.0100 0.0191 0.9998
vn -0.0108 0.0002 0.9999
vn -0.0181 -0.0563 0.9982
vn -0.0252 -0.0998 0.9947
vn -0.0319 -0.1024 0.9942
vn -0.0347 -0.0659 0.9972
vn -0.0057 0.0718 0.9974
vn -0.0291 0.0093 0.9995
vn 0.0217 0.1185 0.9927
vn 0.0423 0.1055 0.9935
vn 0.0725 -0.0516 0.9960
vn 0.0594 0.0350 0.9976
vn 0.0782 -0.0715 0.9944
vn 0.0771 -0.0409 0.9962
vn 0.0719 -0.0167 0.9973
vn -0.0000 -0.0065 1.0000
vn -0.0969 -0.0103 0.9952
vn 0.0307 -0.0019 0.9995
vt 0.031056 0.539978
vt 0.032821 0.542212
vt 0.031057 0.542213
vt 0.032819 0.539977
vt 0.034585 0.542212
vt 0.034584 0.539978
vt 0.036350 0.542212
vt 0.036350 0.539978
vt 0.038115 0.542213
vt 0.038116 0.539979
vt 0.039879 0.542213
vt 0.039881 0.539980
vt 0.041643 0.542214
vt 0.041644 0.539980
vt 0.043407 0.542214
vt 0.045170 0.539981
vt 0.045170 0.542214
vt 0.046934 0.539981
vt 0.046934 0.542215
vt 0.048698 0.539981
vt 0.048699 0.542215
vt 0.050463 0.539981
vt 0.050463 0.542215
vt 0.052227 0.539981
vt 0.052227 0.542215
vt 0.053991 0.539981
vt 0.053991 0.542215
vt 0.055754 0.539981
vt 0.055754 0.542215
vt 0.057517 0.542215
vt 0.057517 0.539981
vt 0.059280 0.542215
vt 0.059280 0.539981
vt 0.061043 0.542215
vt 0.061044 0.539982
vt 0.062807 0.542216
vt 0.062807 0.539982
vt 0.064570 0.542216
vt 0.064570 0.539982
vt 0.066333 0.542216
vt 0.066334 0.537749
vt 0.066334 0.539982
vt 0.064570 0.537749
vt 0.066333 0.535515
vt 0.064570 0.535515
vt 0.066333 0.533281
vt 0.064570 0.533281
vt 0.066333 0.531047
vt 0.064569 0.531047
vt 0.066332 0.528812
vt 0.064569 0.528812
vt 0.066332 0.526577
vt 0.064569 0.526577
vt 0.066332 0.524343
vt 0.064569 0.524342
vt 0.066332 0.522108
vt 0.064569 0.522108
vt 0.066332 0.519875
vt 0.064569 0.519874
vt 0.066333 0.517641
vt 0.064570 0.515407
vt 0.064569 0.517641
vt 0.064571 0.513174
vt 0.066333 0.515407
vt 0.064571 0.510939
vt 0.066334 0.513174
vt 0.064572 0.508705
vt 0.066335 0.510939
vt 0.064573 0.506470
vt 0.066335 0.508705
vt 0.066337 0.504235
vt 0.066336 0.506470
vt 0.064573 0.504234
vt 0.066337 0.501999
vt 0.064574 0.501998
vt 0.066338 0.499764
vt 0.064575 0.499761
vt 0.066339 0.497529
vt 0.064575 0.497526
vt 0.066341 0.495294
vt 0.064576 0.495292
vt 0.066342 0.493060
vt 0.064577 0.493058
vt 0.066344 0.490826
vt 0.062813 0.493056
vt 0.064579 0.490824
vt 0.061050 0.493055
vt 0.062815 0.490822
vt 0.061049 0.495289
vt 0.062812 0.495290
vt 0.062812 0.497524
vt 0.061049 0.497523
vt 0.062811 0.499760
vt 0.061048 0.499759
vt 0.061047 0.501995
vt 0.062811 0.501996
vt 0.061047 0.504232
vt 0.062810 0.504233
vt 0.061046 0.506469
vt 0.062809 0.506469
vt 0.061046 0.508705
vt 0.062809 0.508705
vt 0.061045 0.510939
vt 0.062808 0.510940
vt 0.062807 0.513174
vt 0.061044 0.513174
vt 0.062807 0.515407
vt 0.061044 0.515407
vt 0.062806 0.517641
vt 0.061043 0.517641
vt 0.061043 0.519874
vt 0.062806 0.519874
vt 0.061042 0.522107
vt 0.062805 0.522108
vt 0.061042 0.524342
vt 0.062805 0.524342
vt 0.061042 0.526576
vt 0.062805 0.526576
vt 0.061042 0.528811
vt 0.062806 0.528812
vt 0.061043 0.531046
vt 0.062806 0.531046
vt 0.061043 0.533280
vt 0.062807 0.533281
vt 0.061044 0.535514
vt 0.062807 0.535515
vt 0.061044 0.537748
vt 0.062807 0.537748
vt 0.059280 0.537748
vt 0.057517 0.537747
vt 0.059280 0.535514
vt 0.057517 0.535514
vt 0.059280 0.533280
vt 0.057517 0.533280
vt 0.059279 0.531046
vt 0.057516 0.531045
vt 0.059279 0.528811
vt 0.057515 0.528811
vt 0.059279 0.526576
vt 0.057515 0.524342
vt 0.057515 0.526576
vt 0.057515 0.522108
vt 0.059279 0.524342
vt 0.059279 0.522107
vt 0.057516 0.519874
vt 0.059279 0.519874
vt 0.057516 0.517640
vt 0.059280 0.517641
vt 0.059280 0.515407
vt 0.057517 0.515407
vt 0.059281 0.513173
vt 0.057518 0.513173
vt 0.059282 0.510939
vt 0.057519 0.508704
vt 0.057518 0.510939
vt 0.057520 0.506468
vt 0.059282 0.508704
vt 0.057521 0.504232
vt 0.059283 0.506468
vt 0.059284 0.501994
vt 0.059284 0.504231
vt 0.057521 0.501995
vt 0.059285 0.499758
vt 0.057522 0.499759
vt 0.059286 0.497523
vt 0.057523 0.495289
vt 0.057522 0.497524
vt 0.059286 0.495289
vt 0.057523 0.493055
vt 0.059287 0.493055
vt 0.057523 0.490821
vt 0.059287 0.490821
vt 0.055759 0.490822
vt 0.055759 0.493056
vt 0.053994 0.490822
vt 0.053994 0.493056
vt 0.055759 0.495290
vt 0.053994 0.495291
vt 0.055758 0.497525
vt 0.053994 0.497526
vt 0.053994 0.499762
vt 0.055758 0.499760
vt 0.053994 0.501998
vt 0.055758 0.501996
vt 0.053994 0.504234
vt 0.055757 0.504232
vt 0.053994 0.506469
vt 0.055757 0.506468
vt 0.055756 0.508704
vt 0.053993 0.508704
vt 0.053992 0.510938
vt 0.055755 0.510939
vt 0.053991 0.513173
vt 0.055754 0.513173
vt 0.053990 0.515406
vt 0.055754 0.515407
vt 0.055753 0.517640
vt 0.053989 0.517640
vt 0.055752 0.519874
vt 0.053989 0.519874
vt 0.055752 0.522108
vt 0.053988 0.522108
vt 0.053988 0.524342
vt 0.055752 0.524342
vt 0.053988 0.526576
vt 0.055752 0.526576
vt 0.053989 0.528811
vt 0.055752 0.528811
vt 0.053989 0.531045
vt 0.055753 0.531045
vt 0.053990 0.533279
vt 0.055753 0.533279
vt 0.053990 0.535513
vt 0.055754 0.535513
vt 0.053991 0.537747
vt 0.055754 0.537747
vt 0.052227 0.537747
vt 0.050463 0.535513
vt 0.050463 0.537747
vt 0.052226 0.533279
vt 0.052227 0.535513
vt 0.050462 0.533279
vt 0.052226 0.531045
vt 0.050462 0.531044
vt 0.052225 0.528810
vt 0.050461 0.528810
vt 0.052224 0.526576
vt 0.050461 0.526576
vt 0.052224 0.524342
vt 0.050460 0.524342
vt 0.052224 0.522108
vt 0.050461 0.519874
vt 0.050460 0.522108
vt 0.052225 0.519874
vt 0.050462 0.517640
vt 0.052225 0.517640
vt 0.052226 0.515406
vt 0.050462 0.515406
vt 0.052227 0.513172
vt 0.050464 0.513172
vt 0.052228 0.510938
vt 0.050465 0.510938
vt 0.052230 0.508704
vt 0.050466 0.508704
vt 0.052231 0.506470
vt 0.050467 0.506469
vt 0.052232 0.504234
vt 0.050467 0.504233
vt 0.052232 0.501998
vt 0.050467 0.501997
vt 0.052231 0.499762
vt 0.050467 0.499761
vt 0.052231 0.497527
vt 0.050467 0.495291
vt 0.050467 0.497526
vt 0.052231 0.495291
vt 0.050467 0.493056
vt 0.052230 0.493056
vt 0.050467 0.490821
vt 0.052230 0.490822
vt 0.048701 0.493055
vt 0.046933 0.493055
vt 0.048703 0.490820
vt 0.046931 0.495289
vt 0.048701 0.495290
vt 0.046930 0.497523
vt 0.048700 0.497524
vt 0.046929 0.499757
vt 0.048700 0.499759
vt 0.046929 0.501991
vt 0.048699 0.501994
vt 0.046930 0.504226
vt 0.048699 0.504230
vt 0.046931 0.506462
vt 0.048700 0.506466
vt 0.046933 0.508699
vt 0.048700 0.508702
vt 0.046934 0.510935
vt 0.048700 0.510937
vt 0.046934 0.513170
vt 0.048699 0.513171
vt 0.046933 0.515405
vt 0.048698 0.515405
vt 0.046932 0.517639
vt 0.048697 0.517639
vt 0.048697 0.519873
vt 0.046932 0.519873
vt 0.048696 0.522107
vt 0.046932 0.522107
vt 0.046933 0.524341
vt 0.048697 0.524342
vt 0.046934 0.526576
vt 0.048697 0.526576
vt 0.046934 0.528810
vt 0.048698 0.528810
vt 0.046934 0.531045
vt 0.048698 0.531044
vt 0.046935 0.533279
vt 0.048698 0.533279
vt 0.048698 0.535513
vt 0.046934 0.535513
vt 0.048698 0.537747
vt 0.046934 0.537747
vt 0.045171 0.535513
vt 0.045171 0.537747
vt 0.043408 0.535513
vt 0.043408 0.537747
vt 0.043407 0.539980
vt 0.043408 0.533280
vt 0.045171 0.533279
vt 0.043408 0.531045
vt 0.043407 0.528811
vt 0.045171 0.531045
vt 0.045171 0.528811
vt 0.043406 0.526576
vt 0.045170 0.526576
vt 0.043405 0.524341
vt 0.045169 0.524341
vt 0.043404 0.522106
vt 0.045168 0.522107
vt 0.045168 0.519872
vt 0.043403 0.519872
vt 0.045168 0.517638
vt 0.043403 0.515403
vt 0.043403 0.517637
vt 0.045168 0.515404
vt 0.043403 0.513167
vt 0.045168 0.513169
vt 0.043402 0.510931
vt 0.045167 0.510933
vt 0.043400 0.508693
vt 0.045166 0.508696
vt 0.045164 0.506458
vt 0.043399 0.506456
vt 0.045162 0.504222
vt 0.043398 0.504220
vt 0.045162 0.501988
vt 0.043397 0.501986
vt 0.045161 0.499755
vt 0.043396 0.499753
vt 0.045161 0.497522
vt 0.043396 0.497522
vt 0.045162 0.495290
vt 0.043397 0.495290
vt 0.045164 0.493056
vt 0.043397 0.493057
vt 0.045166 0.490821
vt 0.046935 0.490820
vt 0.041633 0.493057
vt 0.043399 0.490821
vt 0.039867 0.490821
vt 0.039870 0.493057
vt 0.039872 0.495290
vt 0.041634 0.495290
vt 0.039873 0.497522
vt 0.041634 0.497522
vt 0.039873 0.499754
vt 0.041635 0.499753
vt 0.039873 0.501986
vt 0.041635 0.501985
vt 0.039873 0.504221
vt 0.041635 0.504220
vt 0.039872 0.506457
vt 0.041636 0.506456
vt 0.039872 0.508694
vt 0.041636 0.508693
vt 0.039873 0.510932
vt 0.041637 0.510931
vt 0.041638 0.513167
vt 0.039874 0.513168
vt 0.041639 0.515403
vt 0.039875 0.515403
vt 0.041639 0.517637
vt 0.039875 0.517637
vt 0.039875 0.519871
vt 0.041639 0.519872
vt 0.039875 0.522106
vt 0.041640 0.522106
vt 0.041641 0.524341
vt 0.039876 0.524340
vt 0.041642 0.526576
vt 0.039877 0.526575
vt 0.041644 0.528811
vt 0.039878 0.528810
vt 0.041645 0.531045
vt 0.039880 0.531044
vt 0.039881 0.533279
vt 0.041645 0.533280
vt 0.039881 0.535513
vt 0.041646 0.535513
vt 0.041645 0.537747
vt 0.039882 0.537746
vt 0.038115 0.535511
vt 0.038116 0.537745
vt 0.036347 0.535510
vt 0.036349 0.537744
vt 0.036345 0.533275
vt 0.038112 0.531043
vt 0.038114 0.533277
vt 0.036343 0.531041
vt 0.038111 0.528808
vt 0.036342 0.528806
vt 0.038110 0.526574
vt 0.036342 0.524339
vt 0.036342 0.526573
vt 0.038109 0.524339
vt 0.036343 0.522105
vt 0.038109 0.522105
vt 0.036345 0.519871
vt 0.038111 0.517637
vt 0.038110 0.519871
vt 0.036346 0.517637
vt 0.038110 0.515403
vt 0.036346 0.515403
vt 0.038109 0.513168
vt 0.036345 0.513169
vt 0.038108 0.510933
vt 0.036343 0.510934
vt 0.038108 0.508697
vt 0.036342 0.508699
vt 0.038108 0.506460
vt 0.036341 0.506463
vt 0.038108 0.504224
vt 0.036341 0.501992
vt 0.036341 0.504227
vt 0.038109 0.499756
vt 0.038108 0.501989
vt 0.036339 0.497524
vt 0.036340 0.499758
vt 0.038108 0.497523
vt 0.036337 0.495290
vt 0.036334 0.493056
vt 0.038106 0.495290
vt 0.036330 0.490821
vt 0.038103 0.493057
vt 0.038099 0.490821
vt 0.034564 0.493056
vt 0.032792 0.490822
vt 0.032795 0.493057
vt 0.034566 0.495291
vt 0.032796 0.495292
vt 0.034568 0.497526
vt 0.032798 0.497527
vt 0.034570 0.499760
vt 0.032800 0.499763
vt 0.032803 0.501998
vt 0.034571 0.501995
vt 0.032806 0.504233
vt 0.034573 0.504231
vt 0.034574 0.506466
vt 0.032809 0.506468
vt 0.034576 0.508701
vt 0.032812 0.508702
vt 0.032815 0.510936
vt 0.034579 0.510935
vt 0.032818 0.513170
vt 0.034581 0.513169
vt 0.032818 0.515404
vt 0.034582 0.515403
vt 0.032818 0.517637
vt 0.034581 0.517637
vt 0.032816 0.519871
vt 0.034580 0.519872
vt 0.034578 0.522105
vt 0.032814 0.522105
vt 0.034577 0.524339
vt 0.032813 0.524338
vt 0.034575 0.526572
vt 0.032811 0.526572
vt 0.032811 0.528805
vt 0.034575 0.528805
vt 0.032811 0.531039
vt 0.034576 0.531039
vt 0.034578 0.533274
vt 0.032812 0.533273
vt 0.034580 0.535508
vt 0.032815 0.535508
vt 0.034582 0.537743
vt 0.032817 0.537743
vt 0.031051 0.535509
vt 0.031053 0.537744
vt 0.031049 0.533274
vt 0.031048 0.531039
vt 0.031047 0.528805
vt 0.031049 0.524338
vt 0.031048 0.526571
vt 0.031051 0.522104
vt 0.031053 0.519871
vt 0.031054 0.517637
vt 0.031055 0.515403
vt 0.031054 0.513170
vt 0.031052 0.510937
vt 0.031045 0.506470
vt 0.031049 0.508703
vt 0.031041 0.504235
vt 0.031037 0.502000
vt 0.031031 0.497529
vt 0.031034 0.499765
vt 0.031030 0.495293
vt 0.031029 0.493058
vt 0.031027 0.490823
vt 0.061051 0.490821
vt 0.041633 0.490821
vt 0.034560 0.490822
s 1
usemtl standardSurface2
f 2/1/1 3/2/2 1/3/3
f 4/4/4 5/5/5 3/2/2
f 6/6/6 7/7/7 5/5/5
f 8/8/8 9/9/9 7/7/7
f 10/10/10 11/11/11 9/9/9
f 12/12/12 13/13/13 11/11/11
f 14/14/14 15/15/15 13/13/13
f 15/15/15 18/16/16 17/17/17
f 17/17/17 20/18/18 19/19/19
f 19/19/19 22/20/20 21/21/21
f 21/21/21 24/22/22 23/23/23
f 23/23/23 26/24/24 25/25/25
f 25/25/25 28/26/26 27/27/27
f 27/27/27 30/28/28 29/29/29
f 30/28/28 31/30/30 29/29/29
f 32/31/31 33/32/32 31/30/30
f 34/33/33 35/34/34 33/32/32
f 36/35/35 37/36/36 35/34/34
f 38/37/37 39/38/38 37/36/36
f 40/39/39 41/40/40 39/38/38
f 40/39/39 43/41/41 42/42/42
f 44/43/43 45/44/44 43/41/41
f 46/45/45 47/46/46 45/44/44
f 48/47/47 49/48/48 47/46/46
f 50/49/49 51/50/50 49/48/48
f 52/51/51 53/52/52 51/50/50
f 54/53/53 55/54/54 53/52/52
f 56/55/55 57/56/56 55/54/54
f 58/57/57 59/58/58 57/56/56
f 60/59/59 61/60/60 59/58/58
f 64/61/61 61/60/60 62/62/62
f 66/63/63 63/64/64 64/61/61
f 68/65/65 65/66/66 66/63/63
f 70/67/67 67/68/68 68/65/65
f 72/69/69 69/70/70 70/67/67
f 72/69/69 73/71/71 71/72/72
f 74/73/73 75/74/74 73/71/71
f 76/75/75 77/76/76 75/74/74
f 78/77/77 79/78/78 77/76/76
f 80/79/79 81/80/80 79/78/78
f 82/81/81 83/82/82 81/80/80
f 84/83/83 85/84/84 83/82/82
f 89/85/85 86/86/86 84/83/83
f 90/87/87 87/88/88 89/85/85
f 92/89/89 89/85/85 91/90/90
f 91/90/90 84/83/83 82/81/81
f 92/89/89 93/91/91 94/92/92
f 93/91/91 82/81/81 80/79/79
f 94/92/92 95/93/93 96/94/94
f 95/93/93 80/79/79 78/77/77
f 98/95/95 95/93/93 97/96/96
f 97/96/96 78/77/77 76/75/75
f 100/97/97 97/96/96 99/98/98
f 99/98/98 76/75/75 74/73/73
f 102/99/99 99/98/98 101/100/100
f 101/100/100 74/73/73 72/69/69
f 104/101/101 101/100/100 103/102/102
f 103/102/102 72/69/69 70/67/67
f 106/103/103 103/102/102 105/104/104
f 103/102/102 68/65/65 105/104/104
f 106/103/103 107/105/105 108/106/106
f 105/104/104 66/63/63 107/105/105
f 108/106/106 109/107/107 110/108/108
f 107/105/105 64/61/61 109/107/107
f 110/108/108 111/109/109 112/110/110
f 109/107/107 62/62/62 111/109/109
f 114/111/111 111/109/109 113/112/112
f 113/112/112 62/62/62 60/59/59
f 116/113/113 113/112/112 115/114/114
f 115/114/114 60/59/59 58/57/57
f 118/115/115 115/114/114 117/116/116
f 117/116/116 58/57/57 56/55/55
f 120/117/117 117/116/116 119/118/118
f 119/118/118 56/55/55 54/53/53
f 122/119/119 119/118/118 121/120/120
f 121/120/120 54/53/53 52/51/51
f 124/121/121 121/120/120 123/122/122
f 123/122/122 52/51/51 50/49/49
f 126/123/123 123/122/122 125/124/124
f 125/124/124 50/49/49 48/47/47
f 128/125/125 125/124/124 127/126/126
f 127/126/126 48/47/47 46/45/45
f 130/127/127 127/126/126 129/128/128
f 129/128/128 46/45/45 44/43/43
f 36/35/35 129/128/128 38/37/37
f 38/37/37 44/43/43 40/39/39
f 131/129/129 128/125/125 130/127/127
f 34/33/33 130/127/127 36/35/35
f 132/130/130 133/131/131 131/129/129
f 32/31/31 131/129/129 34/33/33
f 134/132/132 135/133/133 133/131/131
f 133/131/131 126/123/123 128/125/125
f 136/134/134 137/135/135 135/133/133
f 135/133/133 124/121/121 126/123/123
f 138/136/136 139/137/137 137/135/135
f 137/135/135 122/119/119 124/121/121
f 140/138/138 141/139/139 139/137/137
f 139/137/137 120/117/117 122/119/119
f 144/140/140 141/139/139 142/141/141
f 141/139/139 118/115/115 120/117/117
f 146/142/142 143/143/143 144/140/140
f 145/144/144 118/115/115 143/143/143
f 148/145/145 145/144/144 146/142/142
f 147/146/146 116/113/113 145/144/144
f 150/147/147 147/146/146 148/145/145
f 149/148/148 114/111/111 147/146/146
f 150/147/147 151/149/149 149/148/148
f 149/148/148 110/108/108 112/110/110
f 152/150/150 153/151/151 151/149/149
f 151/149/149 108/106/106 110/108/108
f 154/152/152 155/153/153 153/151/151
f 153/151/151 106/103/103 108/106/106
f 158/154/154 155/153/153 156/155/155
f 155/153/153 104/101/101 106/103/103
f 160/156/156 157/157/157 158/154/154
f 157/157/157 102/99/99 104/101/101
f 162/158/158 159/159/159 160/156/156
f 159/159/159 100/97/97 102/99/99
f 162/158/158 163/160/160 161/161/161
f 163/160/160 100/97/97 161/161/161
f 164/162/162 165/163/163 163/160/160
f 165/163/163 98/95/95 163/160/160
f 166/164/164 167/165/165 165/163/163
f 167/165/165 96/94/94 165/163/163
f 170/166/166 167/165/165 168/167/167
f 169/168/168 94/92/92 167/165/165
f 172/169/169 169/168/168 170/166/166
f 171/170/170 92/89/89 169/168/168
f 174/171/171 171/170/170 172/169/169
f 173/172/172 90/87/87 171/170/170
f 175/173/173 172/169/169 177/174/174
f 176/175/175 177/174/174 178/176/176
f 178/176/176 179/177/177 180/178/178
f 177/174/174 170/166/166 179/177/177
f 180/178/178 181/179/179 182/180/180
f 179/177/177 168/167/167 181/179/179
f 184/181/181 181/179/179 183/182/182
f 183/182/182 168/167/167 166/164/164
f 186/183/183 183/182/182 185/184/184
f 185/184/184 166/164/164 164/162/162
f 188/185/185 185/184/184 187/186/186
f 187/186/186 164/162/162 162/158/158
f 190/187/187 187/186/186 189/188/188
f 189/188/188 162/158/158 160/156/156
f 190/187/187 191/189/189 192/190/190
f 189/188/188 158/154/154 191/189/189
f 194/191/191 191/189/189 193/192/192
f 191/189/189 156/155/155 193/192/192
f 196/193/193 193/192/192 195/194/194
f 195/194/194 156/155/155 154/152/152
f 198/195/195 195/194/194 197/196/196
f 197/196/196 154/152/152 152/150/150
f 198/195/195 199/197/197 200/198/198
f 197/196/196 150/147/147 199/197/197
f 200/198/198 201/199/199 202/200/200
f 199/197/197 148/145/145 201/199/199
f 202/200/200 203/201/201 204/202/202
f 203/201/201 148/145/145 146/142/142
f 206/203/203 203/201/201 205/204/204
f 205/204/204 146/142/142 144/140/140
f 208/205/205 205/204/204 207/206/206
f 207/206/206 144/140/140 142/141/141
f 210/207/207 207/206/206 209/208/208
f 209/208/208 142/141/141 140/138/138
f 212/209/209 209/208/208 211/210/210
f 211/210/210 140/138/138 138/136/136
f 214/211/211 211/210/210 213/212/212
f 213/212/212 138/136/136 136/134/134
f 216/213/213 213/212/212 215/214/214
f 215/214/214 136/134/134 134/132/132
f 218/215/215 215/214/214 217/216/216
f 217/216/216 134/132/132 132/130/130
f 28/26/26 217/216/216 30/28/28
f 30/28/28 132/130/130 32/31/31
f 219/217/217 216/213/213 218/215/215
f 26/24/24 218/215/215 28/26/26
f 222/218/218 219/217/217 220/219/219
f 24/22/22 219/217/217 26/24/24
f 222/218/218 223/220/220 221/221/221
f 221/221/221 214/211/211 216/213/213
f 224/222/222 225/223/223 223/220/220
f 223/220/220 212/209/209 214/211/211
f 226/224/224 227/225/225 225/223/223
f 225/223/223 210/207/207 212/209/209
f 228/226/226 229/227/227 227/225/225
f 227/225/225 208/205/205 210/207/207
f 230/228/228 231/229/229 229/227/227
f 229/227/227 206/203/203 208/205/205
f 232/230/230 233/231/231 231/229/229
f 231/229/229 204/202/202 206/203/203
f 236/232/232 233/231/231 234/233/233
f 235/234/234 204/202/202 233/231/231
f 238/235/235 235/234/234 236/232/232
f 237/236/236 202/200/200 235/234/234
f 238/235/235 239/237/237 237/236/236
f 237/236/236 198/195/195 200/198/198
f 240/238/238 241/239/239 239/237/237
f 239/237/237 196/193/193 198/195/195
f 242/240/240 243/241/241 241/239/239
f 241/239/239 194/191/191 196/193/193
f 244/242/242 245/243/243 243/241/241
f 243/241/241 192/190/190 194/191/191
f 246/244/244 247/245/245 245/243/243
f 245/243/243 190/187/187 192/190/190
f 248/246/246 249/247/247 247/245/245
f 247/245/245 188/185/185 190/187/187
f 250/248/248 251/249/249 249/247/247
f 249/247/247 186/183/183 188/185/185
f 252/250/250 253/251/251 251/249/249
f 251/249/249 184/181/181 186/183/183
f 254/252/252 255/253/253 253/251/251
f 253/251/251 182/180/180 184/181/181
f 258/254/254 255/253/253 256/255/255
f 257/256/256 182/180/180 255/253/253
f 260/257/257 257/256/256 258/254/254
f 259/258/258 180/178/178 257/256/256
f 262/259/259 259/258/258 260/257/257
f 261/260/260 178/176/176 259/258/258
f 265/261/261 262/259/259 260/257/257
f 266/262/262 263/263/263 265/261/261
f 268/264/264 265/261/261 267/265/265
f 267/265/265 260/257/257 258/254/254
f 270/266/266 267/265/265 269/267/267
f 269/267/267 258/254/254 256/255/255
f 272/268/268 269/267/267 271/269/269
f 269/267/267 254/252/252 271/269/269
f 274/270/270 271/269/269 273/271/271
f 273/271/271 254/252/252 252/250/250
f 276/272/272 273/271/271 275/273/273
f 273/271/271 250/248/248 275/273/273
f 278/274/274 275/273/273 277/275/275
f 275/273/273 248/246/246 277/275/275
f 280/276/276 277/275/275 279/277/277
f 277/275/275 246/244/244 279/277/277
f 282/278/278 279/277/277 281/279/279
f 281/279/279 246/244/244 244/242/242
f 284/280/280 281/279/279 283/281/281
f 283/281/281 244/242/242 242/240/240
f 286/282/282 283/281/281 285/283/283
f 285/283/283 242/240/240 240/238/238
f 288/284/284 285/283/283 287/285/285
f 287/285/285 240/238/238 238/235/235
f 288/284/284 289/286/286 290/287/287
f 287/285/285 236/232/232 289/286/286
f 290/287/287 291/288/288 292/289/289
f 289/286/286 234/233/233 291/288/288
f 294/290/290 291/288/288 293/291/291
f 293/291/291 234/233/233 232/230/230
f 296/292/292 293/291/291 295/293/293
f 295/293/293 232/230/230 230/228/228
f 298/294/294 295/293/293 297/295/295
f 297/295/295 230/228/228 228/226/226
f 300/296/296 297/295/295 299/297/297
f 299/297/297 228/226/226 226/224/224
f 302/298/298 299/297/297 301/299/299
f 301/299/299 226/224/224 224/222/222
f 302/298/298 303/300/300 304/301/301
f 301/299/299 222/218/218 303/300/300
f 304/301/301 305/302/302 306/303/303
f 303/300/300 220/219/219 305/302/302
f 20/18/18 305/302/302 22/20/20
f 22/20/20 220/219/219 24/22/22
f 309/304/304 306/303/303 307/305/305
f 18/16/16 306/303/303 20/18/18
f 310/306/306 307/305/305 308/307/307
f 16/308/308 307/305/305 18/16/16
f 312/309/309 309/304/304 310/306/306
f 311/310/310 304/301/301 309/304/304
f 314/311/311 311/310/310 312/309/309
f 311/310/310 300/296/296 302/298/298
f 316/312/312 313/313/313 314/311/311
f 315/314/314 300/296/296 313/313/313
f 318/315/315 315/314/314 316/312/312
f 317/316/316 298/294/294 315/314/314
f 320/317/317 317/316/316 318/315/315
f 319/318/318 296/292/292 317/316/316
f 322/319/319 319/318/318 320/317/317
f 321/320/320 294/290/290 319/318/318
f 322/319/319 323/321/321 321/320/320
f 321/320/320 290/287/287 292/289/289
f 324/322/322 325/323/323 323/321/321
f 323/321/321 288/284/284 290/287/287
f 328/324/324 325/323/323 326/325/325
f 327/326/326 288/284/284 325/323/323
f 330/327/327 327/326/326 328/324/324
f 329/328/328 286/282/282 327/326/326
f 332/329/329 329/328/328 330/327/327
f 331/330/330 284/280/280 329/328/328
f 334/331/331 331/330/330 332/329/329
f 333/332/332 282/278/278 331/330/330
f 334/331/331 335/333/333 333/332/332
f 333/332/332 278/274/274 280/276/276
f 336/334/334 337/335/335 335/333/333
f 335/333/333 276/272/272 278/274/274
f 338/336/336 339/337/337 337/335/335
f 337/335/335 274/270/270 276/272/272
f 340/338/338 341/339/339 339/337/337
f 339/337/337 272/268/268 274/270/270
f 342/340/340 343/341/341 341/339/339
f 341/339/339 270/266/266 272/268/268
f 344/342/342 345/343/343 343/341/341
f 343/341/341 268/264/264 270/266/266
f 346/344/344 347/345/345 345/343/343
f 345/343/343 266/262/262 268/264/264
f 348/346/346 349/347/347 347/345/345
f 347/345/345 264/348/348 266/262/262
f 353/349/349 350/350/350 348/346/346
f 352/351/351 353/349/349 354/352/352
f 356/353/353 353/349/349 355/354/354
f 355/354/354 348/346/346 346/344/344
f 358/355/355 355/354/354 357/356/356
f 357/356/356 346/344/344 344/342/342
f 360/357/357 357/356/356 359/358/358
f 359/358/358 344/342/342 342/340/340
f 362/359/359 359/358/358 361/360/360
f 361/360/360 342/340/340 340/338/338
f 364/361/361 361/360/360 363/362/362
f 363/362/362 340/338/338 338/336/336
f 366/363/363 363/362/362 365/364/364
f 365/364/364 338/336/336 336/334/334
f 368/365/365 365/364/364 367/366/366
f 367/366/366 336/334/334 334/331/331
f 370/367/367 367/366/366 369/368/368
f 367/366/366 332/329/329 369/368/368
f 370/367/367 371/369/369 372/370/370
f 369/368/368 330/327/327 371/369/369
f 372/370/370 373/371/371 374/372/372
f 371/369/369 328/324/324 373/371/371
f 374/372/372 375/373/373 376/374/374
f 373/371/371 326/325/325 375/373/373
f 378/375/375 375/373/373 377/376/376
f 377/376/376 326/325/325 324/322/322
f 380/377/377 377/376/376 379/378/378
f 379/378/378 324/322/322 322/319/319
f 380/377/377 381/379/379 382/380/380
f 379/378/378 320/317/317 381/379/379
f 382/380/380 383/381/381 384/382/382
f 381/379/379 318/315/315 383/381/381
f 384/382/382 385/383/383 386/384/384
f 383/381/381 316/312/312 385/383/383
f 386/384/384 387/385/385 388/386/386
f 385/383/383 314/311/311 387/385/385
f 390/387/387 387/385/385 389/388/388
f 387/385/385 312/309/309 389/388/388
f 392/389/389 389/388/388 391/390/390
f 391/390/390 312/309/309 310/306/306
f 392/389/389 393/391/391 394/392/392
f 393/391/391 310/306/306 308/307/307
f 394/392/392 14/14/14 12/12/12
f 393/391/391 16/308/308 14/14/14
f 397/393/393 394/392/392 395/394/394
f 395/394/394 12/12/12 10/10/10
f 398/395/395 395/394/394 396/396/396
f 396/396/396 10/10/10 8/8/8
f 400/397/397 397/393/393 398/395/395
f 397/393/393 390/387/387 392/389/389
f 400/397/397 401/398/398 399/399/399
f 399/399/399 388/386/386 390/387/387
f 402/400/400 403/401/401 401/398/398
f 401/398/398 386/384/384 388/386/386
f 404/402/402 405/403/403 403/401/401
f 405/403/403 386/384/384 403/401/401
f 408/404/404 405/403/403 406/405/405
f 407/406/406 384/382/382 405/403/403
f 410/407/407 407/406/406 408/404/404
f 409/408/408 382/380/380 407/406/406
f 412/409/409 409/408/408 410/407/407
f 409/408/408 378/375/375 380/377/377
f 412/409/409 413/410/410 411/411/411
f 411/411/411 376/374/374 378/375/375
f 414/412/412 415/413/413 413/410/410
f 413/410/410 374/372/372 376/374/374
f 416/414/414 417/415/415 415/413/413
f 417/415/415 374/372/372 415/413/413
f 418/416/416 419/417/417 417/415/415
f 419/417/417 372/370/370 417/415/415
f 420/418/418 421/419/419 419/417/417
f 419/417/417 368/365/365 370/367/367
f 422/420/420 423/421/421 421/419/419
f 421/419/419 366/363/363 368/365/365
f 424/422/422 425/423/423 423/421/421
f 423/421/421 364/361/361 366/363/363
f 428/424/424 425/423/423 426/425/425
f 425/423/423 362/359/359 364/361/361
f 428/424/424 429/426/426 427/427/427
f 427/427/427 360/357/357 362/359/359
f 432/428/428 429/426/426 430/429/429
f 431/430/430 360/357/357 429/426/426
f 434/431/431 431/430/430 432/428/428
f 431/430/430 356/353/353 358/355/355
f 436/432/432 433/433/433 434/431/431
f 433/433/433 354/352/352 356/353/353
f 438/434/434 435/435/435 436/432/432
f 437/436/436 354/352/352 435/435/435
f 441/437/437 438/434/434 436/432/432
f 440/438/438 441/437/437 442/439/439
f 442/439/439 443/440/440 444/441/441
f 441/437/437 434/431/431 443/440/440
f 444/441/441 445/442/442 446/443/443
f 443/440/440 432/428/428 445/442/442
f 446/443/443 447/444/444 448/445/445
f 445/442/442 430/429/429 447/444/444
f 450/446/446 447/444/444 449/447/447
f 449/447/447 430/429/429 428/424/424
f 452/448/448 449/447/447 451/449/449
f 451/449/449 428/424/424 426/425/425
f 452/448/448 453/450/450 454/451/451
f 451/449/449 424/422/422 453/450/450
f 454/451/451 455/452/452 456/453/453
f 455/452/452 424/422/422 422/420/420
f 458/454/454 455/452/452 457/455/455
f 457/455/455 422/420/420 420/418/418
f 460/456/456 457/455/455 459/457/457
f 459/457/457 420/418/418 418/416/416
f 462/458/458 459/457/457 461/459/459
f 461/459/459 418/416/416 416/414/414
f 464/460/460 461/459/459 463/461/461
f 463/461/461 416/414/414 414/412/412
f 466/462/462 463/461/461 465/463/463
f 463/461/461 412/409/409 465/463/463
f 466/462/462 467/464/464 468/465/465
f 465/463/463 410/407/407 467/464/464
f 468/465/465 469/466/466 470/467/467
f 467/464/464 408/404/404 469/466/466
f 470/467/467 471/468/468 472/469/469
f 471/468/468 408/404/404 406/405/405
f 474/470/470 471/468/468 473/471/471
f 473/471/471 406/405/405 404/402/402
f 476/472/472 473/471/471 475/473/473
f 475/473/473 404/402/402 402/400/400
f 476/472/472 477/474/474 478/475/475
f 477/474/474 402/400/400 400/397/397
f 478/475/475 479/476/476 480/477/477
f 477/474/474 398/395/395 479/476/476
f 480/477/477 481/478/478 482/479/479
f 479/476/476 396/396/396 481/478/478
f 482/479/479 6/6/6 4/4/4
f 481/478/478 8/8/8 6/6/6
f 484/480/480 482/479/479 483/481/481
f 483/481/481 4/4/4 2/1/1
f 485/482/482 480/477/477 484/480/480
f 486/483/483 478/475/475 485/482/482
f 486/483/483 474/470/470 476/472/472
f 487/484/484 472/469/469 474/470/470
f 489/485/485 472/469/469 488/486/486
f 490/487/487 470/467/467 489/485/485
f 491/488/488 468/465/465 490/487/487
f 491/488/488 464/460/460 466/462/462
f 492/489/489 462/458/458 464/460/460
f 493/490/490 460/456/456 462/458/458
f 494/491/491 458/454/454 460/456/456
f 495/492/492 456/453/453 458/454/454
f 497/493/493 456/453/453 496/494/494
f 497/493/493 452/448/448 454/451/451
f 498/495/495 450/446/446 452/448/448
f 499/496/496 448/445/445 450/446/446
f 501/497/497 448/445/445 500/498/498
f 502/499/499 446/443/443 501/497/497
f 503/500/500 444/441/441 502/499/499
f 504/501/501 442/439/439 503/500/500
f 2/1/1 4/4/4 3/2/2
f 4/4/4 6/6/6 5/5/5
f 6/6/6 8/8/8 7/7/7
f 8/8/8 10/10/10 9/9/9
f 10/10/10 12/12/12 11/11/11
f 12/12/12 14/14/14 13/13/13
f 14/14/14 16/308/308 15/15/15
f 15/15/15 16/308/308 18/16/16
f 17/17/17 18/16/16 20/18/18
f 19/19/19 20/18/18 22/20/20
f 21/21/21 22/20/20 24/22/22
f 23/23/23 24/22/22 26/24/24
f 25/25/25 26/24/24 28/26/26
f 27/27/27 28/26/26 30/28/28
f 30/28/28 32/31/31 31/30/30
f 32/31/31 34/33/33 33/32/32
f 34/33/33 36/35/35 35/34/34
f 36/35/35 38/37/37 37/36/36
f 38/37/37 40/39/39 39/38/38
f 40/39/39 42/42/42 41/40/40
f 40/39/39 44/43/43 43/41/41
f 44/43/43 46/45/45 45/44/44
f 46/45/45 48/47/47 47/46/46
f 48/47/47 50/49/49 49/48/48
f 50/49/49 52/51/51 51/50/50
f 52/51/51 54/53/53 53/52/52
f 54/53/53 56/55/55 55/54/54
f 56/55/55 58/57/57 57/56/56
f 58/57/57 60/59/59 59/58/58
f 60/59/59 62/62/62 61/60/60
f 64/61/61 63/64/64 61/60/60
f 66/63/63 65/66/66 63/64/64
f 68/65/65 67/68/68 65/66/66
f 70/67/67 69/70/70 67/68/68
f 72/69/69 71/72/72 69/70/70
f 72/69/69 74/73/73 73/71/71
f 74/73/73 76/75/75 75/74/74
f 76/75/75 78/77/77 77/76/76
f 78/77/77 80/79/79 79/78/78
f 80/79/79 82/81/81 81/80/80
f 82/81/81 84/83/83 83/82/82
f 84/83/83 86/86/86 85/84/84
f 89/85/85 87/88/88 86/86/86
f 90/87/87 88/502/502 87/88/88
f 92/89/89 90/87/87 89/85/85
f 91/90/90 89/85/85 84/83/83
f 92/89/89 91/90/90 93/91/91
f 93/91/91 91/90/90 82/81/81
f 94/92/92 93/91/91 95/93/93
f 95/93/93 93/91/91 80/79/79
f 98/95/95 96/94/94 95/93/93
f 97/96/96 95/93/93 78/77/77
f 100/97/97 98/95/95 97/96/96
f 99/98/98 97/96/96 76/75/75
f 102/99/99 100/97/97 99/98/98
f 101/100/100 99/98/98 74/73/73
f 104/101/101 102/99/99 101/100/100
f 103/102/102 101/100/100 72/69/69
f 106/103/103 104/101/101 103/102/102
f 103/102/102 70/67/67 68/65/65
f 106/103/103 105/104/104 107/105/105
f 105/104/104 68/65/65 66/63/63
f 108/106/106 107/105/105 109/107/107
f 107/105/105 66/63/63 64/61/61
f 110/108/108 109/107/107 111/109/109
f 109/107/107 64/61/61 62/62/62
f 114/111/111 112/110/110 111/109/109
f 113/112/112 111/109/109 62/62/62
f 116/113/113 114/111/111 113/112/112
f 115/114/114 113/112/112 60/59/59
f 118/115/115 116/113/113 115/114/114
f 117/116/116 115/114/114 58/57/57
f 120/117/117 118/115/115 117/116/116
f 119/118/118 117/116/116 56/55/55
f 122/119/119 120/117/117 119/118/118
f 121/120/120 119/118/118 54/53/53
f 124/121/121 122/119/119 121/120/120
f 123/122/122 121/120/120 52/51/51
f 126/123/123 124/121/121 123/122/122
f 125/124/124 123/122/122 50/49/49
f 128/125/125 126/123/123 125/124/124
f 127/126/126 125/124/124 48/47/47
f 130/127/127 128/125/125 127/126/126
f 129/128/128 127/126/126 46/45/45
f 36/35/35 130/127/127 129/128/128
f 38/37/37 129/128/128 44/43/43
f 131/129/129 133/131/131 128/125/125
f 34/33/33 131/129/129 130/127/127
f 132/130/130 134/132/132 133/131/131
f 32/31/31 132/130/130 131/129/129
f 134/132/132 136/134/134 135/133/133
f 133/131/131 135/133/133 126/123/123
f 136/134/134 138/136/136 137/135/135
f 135/133/133 137/135/135 124/121/121
f 138/136/136 140/138/138 139/137/137
f 137/135/135 139/137/137 122/119/119
f 140/138/138 142/141/141 141/139/139
f 139/137/137 141/139/139 120/117/117
f 144/140/140 143/143/143 141/139/139
f 141/139/139 143/143/143 118/115/115
f 146/142/142 145/144/144 143/143/143
f 145/144/144 116/113/113 118/115/115
f 148/145/145 147/146/146 145/144/144
f 147/146/146 114/111/111 116/113/113
f 150/147/147 149/148/148 147/146/146
f 149/148/148 112/110/110 114/111/111
f 150/147/147 152/150/150 151/149/149
f 149/148/148 151/149/149 110/108/108
f 152/150/150 154/152/152 153/151/151
f 151/149/149 153/151/151 108/106/106
f 154/152/152 156/155/155 155/153/153
f 153/151/151 155/153/153 106/103/103
f 158/154/154 157/157/157 155/153/153
f 155/153/153 157/157/157 104/101/101
f 160/156/156 159/159/159 157/157/157
f 157/157/157 159/159/159 102/99/99
f 162/158/158 161/161/161 159/159/159
f 159/159/159 161/161/161 100/97/97
f 162/158/158 164/162/162 163/160/160
f 163/160/160 98/95/95 100/97/97
f 164/162/162 166/164/164 165/163/163
f 165/163/163 96/94/94 98/95/95
f 166/164/164 168/167/167 167/165/165
f 167/165/165 94/92/92 96/94/94
f 170/166/166 169/168/168 167/165/165
f 169/168/168 92/89/89 94/92/92
f 172/169/169 171/170/170 169/168/168
f 171/170/170 90/87/87 92/89/89
f 174/171/171 173/172/172 171/170/170
f 173/172/172 88/502/502 90/87/87
f 175/173/173 174/171/171 172/169/169
f 176/175/175 175/173/173 177/174/174
f 178/176/176 177/174/174 179/177/177
f 177/174/174 172/169/169 170/166/166
f 180/178/178 179/177/177 181/179/179
f 179/177/177 170/166/166 168/167/167
f 184/181/181 182/180/180 181/179/179
f 183/182/182 181/179/179 168/167/167
f 186/183/183 184/181/181 183/182/182
f 185/184/184 183/182/182 166/164/164
f 188/185/185 186/183/183 185/184/184
f 187/186/186 185/184/184 164/162/162
f 190/187/187 188/185/185 187/186/186
f 189/188/188 187/186/186 162/158/158
f 190/187/187 189/188/188 191/189/189
f 189/188/188 160/156/156 158/154/154
f 194/191/191 192/190/190 191/189/189
f 191/189/189 158/154/154 156/155/155
f 196/193/193 194/191/191 193/192/192
f 195/194/194 193/192/192 156/155/155
f 198/195/195 196/193/193 195/194/194
f 197/196/196 195/194/194 154/152/152
f 198/195/195 197/196/196 199/197/197
f 197/196/196 152/150/150 150/147/147
f 200/198/198 199/197/197 201/199/199
f 199/197/197 150/147/147 148/145/145
f 202/200/200 201/199/199 203/201/201
f 203/201/201 201/199/199 148/145/145
f 206/203/203 204/202/202 203/201/201
f 205/204/204 203/201/201 146/142/142
f 208/205/205 206/203/203 205/204/204
f 207/206/206 205/204/204 144/140/140
f 210/207/207 208/205/205 207/206/206
f 209/208/208 207/206/206 142/141/141
f 212/209/209 210/207/207 209/208/208
f 211/210/210 209/208/208 140/138/138
f 214/211/211 212/209/209 211/210/210
f 213/212/212 211/210/210 138/136/136
f 216/213/213 214/211/211 213/212/212
f 215/214/214 213/212/212 136/134/134
f 218/215/215 216/213/213 215/214/214
f 217/216/216 215/214/214 134/132/132
f 28/26/26 218/215/215 217/216/216
f 30/28/28 217/216/216 132/130/130
f 219/217/217 221/221/221 216/213/213
f 26/24/24 219/217/217 218/215/215
f 222/218/218 221/221/221 219/217/217
f 24/22/22 220/219/219 219/217/217
f 222/218/218 224/222/222 223/220/220
f 221/221/221 223/220/220 214/211/211
f 224/222/222 226/224/224 225/223/223
f 223/220/220 225/223/223 212/209/209
f 226/224/224 228/226/226 227/225/225
f 225/223/223 227/225/225 210/207/207
f 228/226/226 230/228/228 229/227/227
f 227/225/225 229/227/227 208/205/205
f 230/228/228 232/230/230 231/229/229
f 229/227/227 231/229/229 206/203/203
f 232/230/230 234/233/233 233/231/231
f 231/229/229 233/231/231 204/202/202
f 236/232/232 235/234/234 233/231/231
f 235/234/234 202/200/200 204/202/202
f 238/235/235 237/236/236 235/234/234
f 237/236/236 200/198/198 202/200/200
f 238/235/235 240/238/238 239/237/237
f 237/236/236 239/237/237 198/195/195
f 240/238/238 242/240/240 241/239/239
f 239/237/237 241/239/239 196/193/193
f 242/240/240 244/242/242 243/241/241
f 241/239/239 243/241/241 194/191/191
f 244/242/242 246/244/244 245/243/243
f 243/241/241 245/243/243 192/190/190
f 246/244/244 248/246/246 247/245/245
f 245/243/243 247/245/245 190/187/187
f 248/246/246 250/248/248 249/247/247
f 247/245/245 249/247/247 188/185/185
f 250/248/248 252/250/250 251/249/249
f 249/247/247 251/249/249 186/183/183
f 252/250/250 254/252/252 253/251/251
f 251/249/249 253/251/251 184/181/181
f 254/252/252 256/255/255 255/253/253
f 253/251/251 255/253/253 182/180/180
f 258/254/254 257/256/256 255/253/253
f 257/256/256 180/178/178 182/180/180
f 260/257/257 259/258/258 257/256/256
f 259/258/258 178/176/176 180/178/178
f 262/259/259 261/260/260 259/258/258
f 261/260/260 176/175/175 178/176/176
f 265/261/261 263/263/263 262/259/259
f 266/262/262 264/348/348 263/263/263
f 268/264/264 266/262/262 265/261/261
f 267/265/265 265/261/261 260/257/257
f 270/266/266 268/264/264 267/265/265
f 269/267/267 267/265/265 258/254/254
f 272/268/268 270/266/266 269/267/267
f 269/267/267 256/255/255 254/252/252
f 274/270/270 272/268/268 271/269/269
f 273/271/271 271/269/269 254/252/252
f 276/272/272 274/270/270 273/271/271
f 273/271/271 252/250/250 250/248/248
f 278/274/274 276/272/272 275/273/273
f 275/273/273 250/248/248 248/246/246
f 280/276/276 278/274/274 277/275/275
f 277/275/275 248/246/246 246/244/244
f 282/278/278 280/276/276 279/277/277
f 281/279/279 279/277/277 246/244/244
f 284/280/280 282/278/278 281/279/279
f 283/281/281 281/279/279 244/242/242
f 286/282/282 284/280/280 283/281/281
f 285/283/283 283/281/281 242/240/240
f 288/284/284 286/282/282 285/283/283
f 287/285/285 285/283/283 240/238/238
f 288/284/284 287/285/285 289/286/286
f 287/285/285 238/235/235 236/232/232
f 290/287/287 289/286/286 291/288/288
f 289/286/286 236/232/232 234/233/233
f 294/290/290 292/289/289 291/288/288
f 293/291/291 291/288/288 234/233/233
f 296/292/292 294/290/290 293/291/291
f 295/293/293 293/291/291 232/230/230
f 298/294/294 296/292/292 295/293/293
f 297/295/295 295/293/293 230/228/228
f 300/296/296 298/294/294 297/295/295
f 299/297/297 297/295/295 228/226/226
f 302/298/298 300/296/296 299/297/297
f 301/299/299 299/297/297 226/224/224
f 302/298/298 301/299/299 303/300/300
f 301/299/299 224/222/222 222/218/218
f 304/301/301 303/300/300 305/302/302
f 303/300/300 222/218/218 220/219/219
f 20/18/18 306/303/303 305/302/302
f 22/20/20 305/302/302 220/219/219
f 309/304/304 304/301/301 306/303/303
f 18/16/16 307/305/305 306/303/303
f 310/306/306 309/304/304 307/305/305
f 16/308/308 308/307/307 307/305/305
f 312/309/309 311/310/310 309/304/304
f 311/310/310 302/298/298 304/301/301
f 314/311/311 313/313/313 311/310/310
f 311/310/310 313/313/313 300/296/296
f 316/312/312 315/314/314 313/313/313
f 315/314/314 298/294/294 300/296/296
f 318/315/315 317/316/316 315/314/314
f 317/316/316 296/292/292 298/294/294
f 320/317/317 319/318/318 317/316/316
f 319/318/318 294/290/290 296/292/292
f 322/319/319 321/320/320 319/318/318
f 321/320/320 292/289/289 294/290/290
f 322/319/319 324/322/322 323/321/321
f 321/320/320 323/321/321 290/287/287
f 324/322/322 326/325/325 325/323/323
f 323/321/321 325/323/323 288/284/284
f 328/324/324 327/326/326 325/323/323
f 327/326/326 286/282/282 288/284/284
f 330/327/327 329/328/328 327/326/326
f 329/328/328 284/280/280 286/282/282
f 332/329/329 331/330/330 329/328/328
f 331/330/330 282/278/278 284/280/280
f 334/331/331 333/332/332 331/330/330
f 333/332/332 280/276/276 282/278/278
f 334/331/331 336/334/334 335/333/333
f 333/332/332 335/333/333 278/274/274
f 336/334/334 338/336/336 337/335/335
f 335/333/333 337/335/335 276/272/272
f 338/336/336 340/338/338 339/337/337
f 337/335/335 339/337/337 274/270/270
f 340/338/338 342/340/340 341/339/339
f 339/337/337 341/339/339 272/268/268
f 342/340/340 344/342/342 343/341/341
f 341/339/339 343/341/341 270/266/266
f 344/342/342 346/344/344 345/343/343
f 343/341/341 345/343/343 268/264/264
f 346/344/344 348/346/346 347/345/345
f 345/343/343 347/345/345 266/262/262
f 348/346/346 350/350/350 349/347/347
f 347/345/345 349/347/347 264/348/348
f 353/349/349 351/503/503 350/350/350
f 352/351/351 351/503/503 353/349/349
f 356/353/353 354/352/352 353/349/349
f 355/354/354 353/349/349 348/346/346
f 358/355/355 356/353/353 355/354/354
f 357/356/356 355/354/354 346/344/344
f 360/357/357 358/355/355 357/356/356
f 359/358/358 357/356/356 344/342/342
f 362/359/359 360/357/357 359/358/358
f 361/360/360 359/358/358 342/340/340
f 364/361/361 362/359/359 361/360/360
f 363/362/362 361/360/360 340/338/338
f 366/363/363 364/361/361 363/362/362
f 365/364/364 363/362/362 338/336/336
f 368/365/365 366/363/363 365/364/364
f 367/366/366 365/364/364 336/334/334
f 370/367/367 368/365/365 367/366/366
f 367/366/366 334/331/331 332/329/329
f 370/367/367 369/368/368 371/369/369
f 369/368/368 332/329/329 330/327/327
f 372/370/370 371/369/369 373/371/371
f 371/369/369 330/327/327 328/324/324
f 374/372/372 373/371/371 375/373/373
f 373/371/371 328/324/324 326/325/325
f 378/375/375 376/374/374 375/373/373
f 377/376/376 375/373/373 326/325/325
f 380/377/377 378/375/375 377/376/376
f 379/378/378 377/376/376 324/322/322
f 380/377/377 379/378/378 381/379/379
f 379/378/378 322/319/319 320/317/317
f 382/380/380 381/379/379 383/381/381
f 381/379/379 320/317/317 318/315/315
f 384/382/382 383/381/381 385/383/383
f 383/381/381 318/315/315 316/312/312
f 386/384/384 385/383/383 387/385/385
f 385/383/383 316/312/312 314/311/311
f 390/387/387 388/386/386 387/385/385
f 387/385/385 314/311/311 312/309/309
f 392/389/389 390/387/387 389/388/388
f 391/390/390 389/388/388 312/309/309
f 392/389/389 391/390/390 393/391/391
f 393/391/391 391/390/390 310/306/306
f 394/392/392 393/391/391 14/14/14
f 393/391/391 308/307/307 16/308/308
f 397/393/393 392/389/389 394/392/392
f 395/394/394 394/392/392 12/12/12
f 398/395/395 397/393/393 395/394/394
f 396/396/396 395/394/394 10/10/10
f 400/397/397 399/399/399 397/393/393
f 397/393/393 399/399/399 390/387/387
f 400/397/397 402/400/400 401/398/398
f 399/399/399 401/398/398 388/386/386
f 402/400/400 404/402/402 403/401/401
f 401/398/398 403/401/401 386/384/384
f 404/402/402 406/405/405 405/403/403
f 405/403/403 384/382/382 386/384/384
f 408/404/404 407/406/406 405/403/403
f 407/406/406 382/380/380 384/382/382
f 410/407/407 409/408/408 407/406/406
f 409/408/408 380/377/377 382/380/380
f 412/409/409 411/411/411 409/408/408
f 409/408/408 411/411/411 378/375/375
f 412/409/409 414/412/412 413/410/410
f 411/411/411 413/410/410 376/374/374
f 414/412/412 416/414/414 415/413/413
f 413/410/410 415/413/413 374/372/372
f 416/414/414 418/416/416 417/415/415
f 417/415/415 372/370/370 374/372/372
f 418/416/416 420/418/418 419/417/417
f 419/417/417 370/367/367 372/370/370
f 420/418/418 422/420/420 421/419/419
f 419/417/417 421/419/419 368/365/365
f 422/420/420 424/422/422 423/421/421
f 421/419/419 423/421/421 366/363/363
f 424/422/422 426/425/425 425/423/423
f 423/421/421 425/423/423 364/361/361
f 428/424/424 427/427/427 425/423/423
f 425/423/423 427/427/427 362/359/359
f 428/424/424 430/429/429 429/426/426
f 427/427/427 429/426/426 360/357/357
f 432/428/428 431/430/430 429/426/426
f 431/430/430 358/355/355 360/357/357
f 434/431/431 433/433/433 431/430/430
f 431/430/430 433/433/433 356/353/353
f 436/432/432 435/435/435 433/433/433
f 433/433/433 435/435/435 354/352/352
f 438/434/434 437/436/436 435/435/435
f 437/436/436 352/351/351 354/352/352
f 441/437/437 439/504/504 438/434/434
f 440/438/438 439/504/504 441/437/437
f 442/439/439 441/437/437 443/440/440
f 441/437/437 436/432/432 434/431/431
f 444/441/441 443/440/440 445/442/442
f 443/440/440 434/431/431 432/428/428
f 446/443/443 445/442/442 447/444/444
f 445/442/442 432/428/428 430/429/429
f 450/446/446 448/445/445 447/444/444
f 449/447/447 447/444/444 430/429/429
f 452/448/448 450/446/446 449/447/447
f 451/449/449 449/447/447 428/424/424
f 452/448/448 451/449/449 453/450/450
f 451/449/449 426/425/425 424/422/422
f 454/451/451 453/450/450 455/452/452
f 455/452/452 453/450/450 424/422/422
f 458/454/454 456/453/453 455/452/452
f 457/455/455 455/452/452 422/420/420
f 460/456/456 458/454/454 457/455/455
f 459/457/457 457/455/455 420/418/418
f 462/458/458 460/456/456 459/457/457
f 461/459/459 459/457/457 418/416/416
f 464/460/460 462/458/458 461/459/459
f 463/461/461 461/459/459 416/414/414
f 466/462/462 464/460/460 463/461/461
f 463/461/461 414/412/412 412/409/409
f 466/462/462 465/463/463 467/464/464
f 465/463/463 412/409/409 410/407/407
f 468/465/465 467/464/464 469/466/466
f 467/464/464 410/407/407 408/404/404
f 470/467/467 469/466/466 471/468/468
f 471/468/468 469/466/466 408/404/404
f 474/470/470 472/469/469 471/468/468
f 473/471/471 471/468/468 406/405/405
f 476/472/472 474/470/470 473/471/471
f 475/473/473 473/471/471 404/402/402
f 476/472/472 475/473/473 477/474/474
f 477/474/474 475/473/473 402/400/400
f 478/475/475 477/474/474 479/476/476
f 477/474/474 400/397/397 398/395/395
f 480/477/477 479/476/476 481/478/478
f 479/476/476 398/395/395 396/396/396
f 482/479/479 481/478/478 6/6/6
f 481/478/478 396/396/396 8/8/8
f 484/480/480 480/477/477 482/479/479
f 483/481/481 482/479/479 4/4/4
f 485/482/482 478/475/475 480/477/477
f 486/483/483 476/472/472 478/475/475
f 486/483/483 487/484/484 474/470/470
f 487/484/484 488/486/486 472/469/469
f 489/485/485 470/467/467 472/469/469
f 490/487/487 468/465/465 470/467/467
f 491/488/488 466/462/462 468/465/465
f 491/488/488 492/489/489 464/460/460
f 492/489/489 493/490/490 462/458/458
f 493/490/490 494/491/491 460/456/456
f 494/491/491 495/492/492 458/454/454
f 495/492/492 496/494/494 456/453/453
f 497/493/493 454/451/451 456/453/453
f 497/493/493 498/495/495 452/448/448
f 498/495/495 499/496/496 450/446/446
f 499/496/496 500/498/498 448/445/445
f 501/497/497 446/443/443 448/445/445
f 502/499/499 444/441/441 446/443/443
f 503/500/500 442/439/439 444/441/441
f 504/501/501 440/438/438 442/439/439
o polySurface146.072
v 0.618415 2.260650 -0.021455
v 0.570347 2.140531 -0.028180
v 0.827939 2.176807 -0.018912
v 0.779871 2.056688 -0.024597
v 1.037463 2.092963 -0.011557
v 0.989396 1.972844 -0.015430
v 1.246988 2.009120 -0.001225
v 1.198920 1.889001 -0.002717
v 1.456512 1.925277 0.009473
v 1.408446 1.805157 0.010627
v 1.666037 1.841433 0.018008
v 1.617970 1.721314 0.021432
v 1.875562 1.757590 0.023771
v 1.827494 1.637470 0.027692
v 2.085087 1.673746 0.025827
v 2.037020 1.553627 0.029881
v 2.294611 1.589903 0.023771
v 2.246545 1.469783 0.027692
v 2.504136 1.506059 0.018007
v 2.456069 1.385940 0.021546
v 2.713661 1.422216 0.009677
v 2.665593 1.302096 0.012628
v 2.923185 1.338372 0.000432
v 2.875118 1.218253 0.002656
v 3.132710 1.254529 -0.007882
v 3.084643 1.134409 -0.006445
v 3.342234 1.170685 -0.013586
v 3.294167 1.050566 -0.012911
v 3.551759 1.086842 -0.016730
v 3.503692 0.966722 -0.016849
v 3.761284 1.002998 -0.019796
v 3.713217 0.882879 -0.020039
v 3.970808 0.919155 -0.024111
v 3.922742 0.799036 -0.024481
v 4.180334 0.835311 -0.028839
v 4.132266 0.715192 -0.029327
v 4.389858 0.751468 -0.033067
v 4.341790 0.631349 -0.033651
v 4.599383 0.667624 -0.035981
v 4.551316 0.547505 -0.036627
v 4.808907 0.583781 -0.037019
v 4.760839 0.463661 -0.037686
v 4.712772 0.343542 -0.037019
v 4.503248 0.427386 -0.035981
v 4.664705 0.223423 -0.034092
v 4.455182 0.307266 -0.032888
v 4.616639 0.103303 -0.027914
v 4.407114 0.187146 -0.026515
v 4.568571 -0.016816 -0.019233
v 4.359047 0.067027 -0.017697
v 4.520505 -0.136936 -0.009110
v 4.310980 -0.053093 -0.007433
v 4.472437 -0.257056 0.001215
v 4.262913 -0.173212 0.003186
v 4.424370 -0.377175 0.010478
v 4.214846 -0.293332 0.013030
v 4.376304 -0.497295 0.017547
v 4.166779 -0.413451 0.020704
v 4.328237 -0.617414 0.021564
v 4.118711 -0.533571 0.025149
v 4.280169 -0.737534 0.022733
v 4.070645 -0.653690 0.026520
v 4.232102 -0.857653 0.021564
v 4.022578 -0.773810 0.025149
v 4.184035 -0.977773 0.018199
v 3.974510 -0.893929 0.021229
v 4.135968 -1.097892 0.013049
v 3.926443 -1.014049 0.015321
v 4.087901 -1.218012 0.006151
v 3.878376 -1.134169 0.007798
v 4.039833 -1.338132 -0.002526
v 3.830309 -1.254288 -0.002605
v 3.991767 -1.458251 -0.013323
v 3.782242 -1.374408 -0.015405
v 3.943699 -1.578370 -0.024965
v 3.734175 -1.494527 -0.029060
v 3.895633 -1.698490 -0.035772
v 3.686108 -1.614646 -0.041816
v 3.847566 -1.818609 -0.044212
v 3.638041 -1.734766 -0.051918
v 3.799498 -1.938729 -0.050443
v 3.589974 -1.854886 -0.059244
v 3.751431 -2.058849 -0.054562
v 3.541907 -1.975005 -0.064060
v 3.703364 -2.178968 -0.056006
v 3.493840 -2.095125 -0.065739
v 3.284314 -2.011281 -0.072507
v 3.074790 -1.927438 -0.075051
v 3.332382 -1.891162 -0.070680
v 3.122857 -1.807318 -0.073179
v 3.380450 -1.771042 -0.065428
v 3.170925 -1.687199 -0.067791
v 3.428516 -1.650922 -0.057423
v 3.218992 -1.567079 -0.059553
v 3.476583 -1.530803 -0.046628
v 3.267059 -1.446959 -0.049025
v 3.524651 -1.410684 -0.033118
v 3.315126 -1.326840 -0.035828
v 3.572717 -1.290564 -0.018508
v 3.363194 -1.206720 -0.020581
v 3.620785 -1.170445 -0.004113
v 3.411260 -1.086602 -0.005332
v 3.668851 -1.050325 0.008187
v 3.459327 -0.966482 0.007765
v 3.716918 -0.930206 0.016812
v 3.507394 -0.846362 0.017218
v 3.764987 -0.810086 0.023325
v 3.555461 -0.726243 0.024063
v 3.813053 -0.689967 0.027641
v 3.603528 -0.606122 0.028586
v 3.861120 -0.569847 0.029147
v 3.651595 -0.486004 0.030164
v 3.909188 -0.449727 0.027641
v 3.699662 -0.365884 0.028586
v 3.957254 -0.329608 0.023089
v 3.747730 -0.245764 0.024063
v 4.005322 -0.209488 0.015238
v 3.795797 -0.125645 0.016512
v 4.053388 -0.089369 0.005049
v 3.843864 -0.005525 0.006618
v 4.101455 0.030751 -0.006018
v 3.891931 0.114594 -0.004166
v 4.149523 0.150870 -0.016319
v 3.939998 0.234714 -0.014309
v 4.197589 0.270990 -0.024604
v 3.988065 0.354833 -0.022270
v 4.245656 0.391109 -0.030384
v 4.036132 0.474953 -0.026971
v 4.293724 0.511229 -0.033067
v 4.084199 0.595072 -0.028839
v 3.874674 0.678916 -0.024111
v 3.665150 0.762759 -0.019796
v 3.826607 0.558796 -0.023057
v 3.617083 0.642640 -0.018741
v 3.778541 0.438677 -0.019094
v 3.569016 0.522520 -0.015633
v 3.730473 0.318557 -0.011907
v 3.520949 0.402401 -0.009701
v 3.682405 0.198438 -0.002629
v 3.472881 0.282281 -0.001820
v 3.634339 0.078318 0.007300
v 3.424814 0.162162 0.006700
v 3.586271 -0.041801 0.016333
v 3.376747 0.042042 0.014566
v 3.538205 -0.161921 0.023275
v 3.328680 -0.078077 0.021090
v 3.490138 -0.282040 0.027800
v 3.280613 -0.198197 0.025408
v 3.442070 -0.402160 0.029380
v 3.232546 -0.318317 0.026916
v 3.394004 -0.522279 0.027800
v 3.184479 -0.438436 0.025408
v 3.345936 -0.642399 0.023275
v 3.136412 -0.558556 0.021090
v 3.297870 -0.762519 0.016419
v 3.088345 -0.678675 0.014566
v 3.249802 -0.882638 0.006708
v 3.040278 -0.798794 0.005551
v 3.201735 -1.002757 -0.006145
v 2.992211 -0.918914 -0.006379
v 3.153668 -1.122877 -0.020926
v 2.944144 -1.039033 -0.019577
v 3.105601 -1.242996 -0.035649
v 2.896076 -1.159153 -0.032605
v 3.057533 -1.363116 -0.048232
v 2.848009 -1.279273 -0.043794
v 3.009467 -1.483236 -0.057928
v 2.799942 -1.399392 -0.052885
v 2.961399 -1.603355 -0.065885
v 2.751875 -1.519512 -0.060088
v 2.913333 -1.723475 -0.071095
v 2.703808 -1.639631 -0.064824
v 2.865266 -1.843594 -0.072908
v 2.655741 -1.759751 -0.066474
v 2.446217 -1.675907 -0.056953
v 2.236691 -1.592064 -0.046135
v 2.494283 -1.555788 -0.055551
v 2.284758 -1.471944 -0.045053
v 2.542351 -1.435668 -0.051542
v 2.332826 -1.351825 -0.041953
v 2.590417 -1.315549 -0.045506
v 2.380893 -1.231705 -0.037264
v 2.638484 -1.195429 -0.037469
v 2.428960 -1.111586 -0.030627
v 2.686552 -1.075310 -0.027538
v 2.477027 -0.991466 -0.022065
v 2.734618 -0.955190 -0.016730
v 2.525094 -0.871347 -0.012718
v 2.782686 -0.835070 -0.005559
v 2.573161 -0.751227 -0.003848
v 2.830752 -0.714951 0.004488
v 2.621228 -0.631107 0.003560
v 2.878819 -0.594831 0.012041
v 2.669295 -0.510988 0.009436
v 2.926888 -0.474712 0.017932
v 2.717362 -0.390868 0.014446
v 2.974954 -0.354593 0.021850
v 2.765429 -0.270749 0.017802
v 3.023021 -0.234473 0.023223
v 2.813496 -0.150630 0.018981
v 3.071089 -0.114354 0.021850
v 2.861564 -0.030510 0.017802
v 3.119155 0.005766 0.017932
v 2.909631 0.089610 0.014446
v 3.167222 0.125886 0.012041
v 2.957698 0.209729 0.009436
v 3.215289 0.246005 0.005047
v 3.005765 0.329849 0.003560
v 3.263356 0.366125 -0.001993
v 3.053832 0.449968 -0.001959
v 3.311424 0.486244 -0.008108
v 3.101899 0.570088 -0.006423
v 3.359490 0.606364 -0.012629
v 3.149966 0.690207 -0.009795
v 3.407558 0.726483 -0.015619
v 3.198033 0.810327 -0.011904
v 3.455626 0.846603 -0.016730
v 3.246100 0.930446 -0.012661
v 3.036575 1.014290 -0.005932
v 2.827051 1.098133 0.003437
v 2.988508 0.894170 -0.005653
v 2.778984 0.978014 0.003024
v 2.940442 0.774051 -0.004518
v 2.730917 0.857894 0.002757
v 2.892374 0.653931 -0.002543
v 2.682850 0.737774 0.002817
v 2.844308 0.533812 0.000169
v 2.634783 0.617655 0.003278
v 2.796241 0.413692 0.003530
v 2.586716 0.497536 0.004207
v 2.748173 0.293573 0.007408
v 2.538649 0.377416 0.005677
v 2.700107 0.173453 0.011392
v 2.490581 0.257297 0.007647
v 2.652039 0.053333 0.014078
v 2.442514 0.137177 0.009869
v 2.603971 -0.066786 0.015011
v 2.394447 0.017057 0.010712
v 2.555905 -0.186906 0.014078
v 2.346380 -0.103062 0.009869
v 2.507837 -0.307025 0.011393
v 2.298313 -0.223182 0.007446
v 2.459771 -0.427145 0.007283
v 2.250246 -0.343301 0.003485
v 2.411704 -0.547264 0.002250
v 2.202179 -0.463421 -0.003570
v 2.363636 -0.667384 -0.003899
v 2.154112 -0.583540 -0.012657
v 2.315570 -0.787503 -0.012368
v 2.106045 -0.703659 -0.022163
v 2.267502 -0.907623 -0.021565
v 2.057978 -0.823779 -0.031331
v 2.219436 -1.027742 -0.029607
v 2.009911 -0.943899 -0.038503
v 2.171369 -1.147862 -0.035018
v 1.961843 -1.064018 -0.042382
v 2.123301 -1.267981 -0.037948
v 1.913776 -1.184138 -0.043428
v 2.075234 -1.388101 -0.038799
v 1.865709 -1.304257 -0.041781
v 2.027167 -1.508220 -0.037679
v 1.817642 -1.424377 -0.037760
v 1.608118 -1.340533 -0.046259
v 1.398593 -1.256690 -0.061196
v 1.656184 -1.220414 -0.053276
v 1.446660 -1.136571 -0.071043
v 1.704252 -1.100294 -0.057462
v 1.494727 -1.016451 -0.077551
v 1.752318 -0.980175 -0.058285
v 1.542794 -0.896331 -0.079825
v 1.800386 -0.860055 -0.055804
v 1.590861 -0.776212 -0.077551
v 1.848453 -0.739936 -0.049643
v 1.638928 -0.656092 -0.070945
v 1.896520 -0.619816 -0.039976
v 1.686995 -0.535973 -0.059990
v 1.944588 -0.499697 -0.028092
v 1.735063 -0.415853 -0.046084
v 1.992655 -0.379577 -0.015931
v 1.783130 -0.295734 -0.031322
v 2.040721 -0.259457 -0.005549
v 1.831197 -0.175614 -0.017943
v 2.088789 -0.139338 0.001299
v 1.879264 -0.055495 -0.008012
v 2.136855 -0.019218 0.003761
v 1.927331 0.064625 -0.003067
v 2.184923 0.100901 0.004467
v 1.975398 0.184744 -0.002532
v 2.232990 0.221020 0.003761
v 2.023465 0.304864 -0.002522
v 2.281056 0.341140 0.003291
v 2.071532 0.424983 -0.001179
v 2.329124 0.461260 0.003697
v 2.119599 0.545103 0.001474
v 2.377190 0.581379 0.004866
v 2.167666 0.665223 0.005133
v 2.425258 0.701499 0.006589
v 2.215733 0.785342 0.009412
v 2.473326 0.821618 0.008622
v 2.263801 0.905462 0.013903
v 2.521392 0.941738 0.010718
v 2.311868 1.025581 0.018133
v 2.569459 1.061857 0.012628
v 2.359935 1.145701 0.021546
v 2.617527 1.181977 0.013658
v 2.408002 1.265820 0.022778
v 2.198477 1.349664 0.029054
v 1.988952 1.433507 0.031289
v 2.150409 1.229544 0.027692
v 1.940885 1.313388 0.029881
v 2.102343 1.109425 0.023771
v 1.892818 1.193268 0.025827
v 2.054276 0.989305 0.017846
v 1.844751 1.073149 0.019616
v 2.006209 0.869186 0.011277
v 1.796684 0.953029 0.011993
v 1.958142 0.749066 0.004839
v 1.748617 0.832909 0.004059
v 1.910074 0.628946 -0.000882
v 1.700550 0.712790 -0.003049
v 1.862008 0.508827 -0.005349
v 1.652483 0.592671 -0.008646
v 1.813940 0.388708 -0.008128
v 1.604416 0.472551 -0.012291
v 1.765873 0.268588 -0.008949
v 1.556349 0.352431 -0.013557
v 1.717807 0.148468 -0.010503
v 1.508282 0.232312 -0.016310
v 1.669739 0.028349 -0.017807
v 1.460214 0.112192 -0.025075
v 1.621672 -0.091771 -0.030131
v 1.412147 -0.007927 -0.038700
v 1.573605 -0.211890 -0.045680
v 1.364080 -0.128047 -0.055317
v 1.525537 -0.332010 -0.062248
v 1.316013 -0.248166 -0.072681
v 1.477471 -0.452129 -0.077475
v 1.267946 -0.368286 -0.088893
v 1.429404 -0.572249 -0.089418
v 1.219879 -0.488405 -0.102131
v 1.381336 -0.692368 -0.097224
v 1.171812 -0.608525 -0.110781
v 1.333270 -0.812488 -0.099941
v 1.123746 -0.728645 -0.113786
v 1.285202 -0.932608 -0.097224
v 1.075678 -0.848764 -0.110781
v 1.237136 -1.052727 -0.089418
v 1.027611 -0.968884 -0.102131
v 1.189069 -1.172847 -0.077551
v 0.979545 -1.089003 -0.088893
v 0.770019 -1.005159 -0.092966
v 0.560494 -0.921316 -0.088893
v 0.818086 -0.885040 -0.106668
v 0.608562 -0.801197 -0.102131
v 0.866152 -0.764921 -0.115610
v 0.656628 -0.681077 -0.110781
v 0.914220 -0.644801 -0.118715
v 0.704696 -0.560958 -0.113786
v 0.962288 -0.524681 -0.115610
v 0.752763 -0.440838 -0.110781
v 1.010355 -0.404562 -0.106668
v 0.800829 -0.320719 -0.102131
v 1.058421 -0.284442 -0.092966
v 0.848897 -0.200599 -0.088893
v 1.106488 -0.164323 -0.076152
v 0.896964 -0.080479 -0.072681
v 1.154556 -0.044203 -0.058249
v 0.945030 0.039640 -0.055477
v 1.202623 0.075916 -0.041413
v 0.993099 0.159760 -0.039387
v 1.250690 0.196036 -0.027732
v 1.041165 0.279879 -0.026520
v 1.298756 0.316155 -0.018671
v 1.089232 0.399999 -0.019465
v 1.346824 0.436275 -0.015795
v 1.137300 0.520118 -0.019020
v 1.394890 0.556394 -0.015448
v 1.185366 0.640238 -0.020909
v 1.442958 0.676514 -0.012618
v 1.233433 0.760357 -0.020315
v 1.491026 0.796634 -0.007460
v 1.281501 0.880477 -0.016928
v 1.539092 0.916753 -0.000418
v 1.329568 1.000597 -0.011132
v 1.587159 1.036872 0.007678
v 1.377635 1.120716 -0.003649
v 1.635227 1.156992 0.015776
v 1.425702 1.240835 0.004521
v 1.683293 1.277112 0.022728
v 1.473769 1.360955 0.012163
v 1.731361 1.397231 0.027441
v 1.521836 1.481075 0.018153
v 1.779427 1.517351 0.029054
v 1.569903 1.601194 0.021476
v 1.360379 1.685038 0.008414
v 1.150854 1.768881 -0.007141
v 1.312311 1.564918 0.003318
v 1.102786 1.648762 -0.013843
v 1.264245 1.444798 -0.003814
v 1.054719 1.528642 -0.021854
v 1.216177 1.324679 -0.011884
v 1.006653 1.408522 -0.030008
v 1.168110 1.204559 -0.019702
v 0.958584 1.288403 -0.037100
v 1.120044 1.084440 -0.026058
v 0.910518 1.168284 -0.042015
v 1.071977 0.964320 -0.030079
v 0.862451 1.048164 -0.043929
v 1.023909 0.844201 -0.031150
v 0.814383 0.928044 -0.042477
v 0.975842 0.724081 -0.029122
v 0.766317 0.807925 -0.037859
v 0.927774 0.603962 -0.024940
v 0.718250 0.687805 -0.032076
v 0.879708 0.483842 -0.022078
v 0.670184 0.567686 -0.026143
v 0.831641 0.363723 -0.025075
v 0.622116 0.447566 -0.024330
v 0.783573 0.243603 -0.034098
v 0.574048 0.327447 -0.028219
v 0.735507 0.123484 -0.047843
v 0.525981 0.207327 -0.037250
v 0.687440 0.003364 -0.063039
v 0.477915 0.087208 -0.049377
v 0.639372 -0.116755 -0.077551
v 0.429846 -0.032912 -0.061196
v 0.591305 -0.236875 -0.089418
v 0.381780 -0.153031 -0.071043
v 0.543239 -0.356994 -0.097224
v 0.333713 -0.273151 -0.077551
v 0.495171 -0.477114 -0.099941
v 0.286092 -0.393110 -0.079034
v 0.447104 -0.597234 -0.097224
v 0.239776 -0.512596 -0.073646
v 0.399036 -0.717353 -0.089418
v 0.193459 -0.632083 -0.064026
v 0.350970 -0.837472 -0.077551
v 0.146127 -0.751937 -0.052871
v -0.044334 -0.661205 -0.001135
v -0.232473 -0.569633 0.052484
v 0.001893 -0.541751 -0.011718
v -0.187290 -0.450556 0.042778
v 0.045061 -0.423401 -0.025328
v -0.146942 -0.333226 0.025888
v 0.086567 -0.305652 -0.038714
v -0.109388 -0.216906 0.006071
v 0.128336 -0.187808 -0.048182
v -0.072232 -0.100729 -0.012190
v 0.172578 -0.069072 -0.050079
v -0.032984 0.016204 -0.024694
v 0.220322 0.050932 -0.043339
v 0.010876 0.134803 -0.027595
v 0.268389 0.171051 -0.034791
v 0.058865 0.254895 -0.022692
v 0.316457 0.291171 -0.027007
v 0.106932 0.375014 -0.019587
v 0.364524 0.411290 -0.023403
v 0.155000 0.495134 -0.021104
v 0.412590 0.531410 -0.024931
v 0.203068 0.615253 -0.027187
v 0.460658 0.651529 -0.031305
v 0.251134 0.735373 -0.035059
v 0.508725 0.771649 -0.038761
v 0.299201 0.855492 -0.043477
v 0.556793 0.891768 -0.045845
v 0.347267 0.975612 -0.051410
v 0.604859 1.011888 -0.051657
v 0.395335 1.095731 -0.057888
v 0.652926 1.132007 -0.055358
v 0.443402 1.215851 -0.062121
v 0.700994 1.252127 -0.055537
v 0.491469 1.335970 -0.063591
v 0.749061 1.372247 -0.052223
v 0.539537 1.456090 -0.061849
v 0.797127 1.492366 -0.046112
v 0.587603 1.576209 -0.056853
v 0.845195 1.612486 -0.038205
v 0.635670 1.696329 -0.049494
v 0.893262 1.732605 -0.029681
v 0.683738 1.816448 -0.040886
v 0.941328 1.852725 -0.021736
v 0.731804 1.936568 -0.032218
v 0.522279 2.020411 -0.036418
v 0.474212 1.900292 -0.045177
v 0.426146 1.780172 -0.053404
v 0.378079 1.660053 -0.060108
v 0.330011 1.539933 -0.064483
v 0.281945 1.419814 -0.066003
v 0.233878 1.299694 -0.064483
v 0.185810 1.179575 -0.060108
v 0.137742 1.059455 -0.053404
v 0.089675 0.939336 -0.045177
v 0.041609 0.819216 -0.036418
v -0.006458 0.699097 -0.028180
v -0.054526 0.578977 -0.021455
v -0.102592 0.458857 -0.017052
v -0.150659 0.338738 -0.016102
v -0.198140 0.218830 -0.016742
v -0.240102 0.100917 -0.007835
v -0.277469 -0.015336 0.009694
v -0.312787 -0.130849 0.031804
v -0.348595 -0.246539 0.054143
v -0.387439 -0.363326 0.072022
v -0.431867 -0.482130 0.080435
vn -0.0316 -0.0404 0.9987
vn -0.0454 -0.0369 0.9983
vn -0.0383 -0.0295 0.9988
vn -0.0595 -0.0184 0.9981
vn -0.0496 -0.0091 0.9987
vn -0.0619 0.0001 0.9981
vn -0.0499 0.0112 0.9987
vn -0.0488 0.0164 0.9987
vn -0.0362 0.0241 0.9991
vn -0.0238 0.0349 0.9991
vn -0.0296 0.0266 0.9992
vn -0.0057 0.0342 0.9994
vn -0.0109 0.0255 0.9996
vn 0.0115 0.0288 0.9995
vn 0.0247 0.0121 0.9996
vn 0.0277 0.0210 0.9994
vn 0.0377 0.0049 0.9993
vn 0.0396 0.0128 0.9991
vn 0.0444 -0.0010 0.9990
vn 0.0452 0.0054 0.9990
vn 0.0433 -0.0045 0.9991
vn 0.0432 0.0001 0.9991
vn 0.0346 -0.0054 0.9994
vn 0.0336 -0.0026 0.9994
vn 0.0224 -0.0047 0.9997
vn 0.0208 -0.0038 0.9998
vn 0.0141 -0.0051 0.9999
vn 0.0124 -0.0060 0.9999
vn 0.0147 -0.0077 0.9999
vn 0.0155 -0.0062 0.9999
vn 0.0178 -0.0100 0.9998
vn 0.0189 -0.0076 0.9998
vn 0.0172 -0.0108 0.9998
vn 0.0187 -0.0075 0.9998
vn 0.0132 -0.0100 0.9999
vn 0.0149 -0.0060 0.9999
vn 0.0064 -0.0078 0.9999
vn 0.0083 -0.0033 1.0000
vn 0.0024 -0.0065 1.0000
vn 0.0094 0.0111 0.9999
vn 0.0044 -0.0017 1.0000
vn 0.0136 0.0100 0.9999
vn 0.0179 0.0309 0.9994
vn 0.0215 0.0304 0.9993
vn 0.0269 0.0513 0.9983
vn 0.0289 0.0511 0.9983
vn 0.0331 0.0650 0.9973
vn 0.0336 0.0653 0.9973
vn 0.0360 0.0706 0.9969
vn 0.0363 0.0719 0.9967
vn 0.0359 0.0674 0.9971
vn 0.0372 0.0699 0.9969
vn 0.0334 0.0553 0.9979
vn 0.0350 0.0586 0.9977
vn 0.0283 0.0356 0.9990
vn 0.0289 0.0387 0.9988
vn 0.0218 0.0134 0.9997
vn 0.0209 0.0158 0.9997
vn 0.0150 -0.0060 0.9999
vn 0.0047 -0.0240 0.9997
vn 0.0130 -0.0052 0.9999
vn -0.0036 -0.0395 0.9992
vn 0.0072 -0.0225 0.9997
vn -0.0118 -0.0513 0.9986
vn -0.0012 -0.0360 0.9994
vn -0.0209 -0.0656 0.9976
vn -0.0091 -0.0473 0.9988
vn -0.0349 -0.0810 0.9961
vn -0.0187 -0.0596 0.9980
vn -0.0388 -0.0803 0.9960
vn -0.0282 -0.0695 0.9972
vn -0.0486 -0.0898 0.9948
vn -0.0471 -0.0770 0.9959
vn -0.0548 -0.0867 0.9947
vn -0.0506 -0.0623 0.9968
vn -0.0553 -0.0720 0.9959
vn -0.0512 -0.0428 0.9978
vn -0.0522 -0.0512 0.9973
vn -0.0500 -0.0245 0.9984
vn -0.0482 -0.0312 0.9984
vn -0.0464 -0.0055 0.9989
vn -0.0423 -0.0102 0.9991
vn -0.0437 0.0048 0.9990
vn -0.0289 -0.0179 0.9994
vn -0.0386 0.0013 0.9993
vn -0.0112 -0.0256 0.9996
vn -0.0243 -0.0055 0.9997
vn -0.0204 -0.0483 0.9986
vn -0.0366 -0.0403 0.9985
vn -0.0278 -0.0664 0.9974
vn -0.0430 -0.0602 0.9973
vn -0.0363 -0.0834 0.9959
vn -0.0499 -0.0800 0.9955
vn -0.0453 -0.0990 0.9941
vn -0.0540 -0.0947 0.9940
vn -0.0489 -0.1057 0.9932
vn -0.0520 -0.0991 0.9937
vn -0.0451 -0.0985 0.9941
vn -0.0441 -0.0923 0.9948
vn -0.0355 -0.0789 0.9962
vn -0.0295 -0.0735 0.9969
vn -0.0242 -0.0572 0.9981
vn -0.0172 -0.0556 0.9983
vn -0.0096 -0.0411 0.9991
vn -0.0162 -0.0406 0.9990
vn -0.0014 -0.0237 0.9997
vn -0.0084 -0.0220 0.9997
vn 0.0074 -0.0030 1.0000
vn 0.0005 -0.0002 1.0000
vn 0.0091 0.0217 0.9997
vn 0.0158 0.0188 0.9997
vn 0.0177 0.0431 0.9989
vn 0.0249 0.0413 0.9988
vn 0.0269 0.0609 0.9978
vn 0.0332 0.0613 0.9976
vn 0.0345 0.0716 0.9968
vn 0.0377 0.0726 0.9966
vn 0.0372 0.0716 0.9967
vn 0.0375 0.0732 0.9966
vn 0.0353 0.0606 0.9975
vn 0.0337 0.0634 0.9974
vn 0.0297 0.0405 0.9987
vn 0.0291 0.0464 0.9985
vn 0.0244 0.0178 0.9995
vn 0.0244 0.0253 0.9994
vn 0.0215 0.0017 0.9998
vn 0.0192 0.0061 0.9998
vn 0.0203 -0.0017 0.9998
vn 0.0171 -0.0015 0.9999
vn 0.0238 0.0119 0.9996
vn 0.0209 0.0096 0.9997
vn 0.0297 0.0344 0.9990
vn 0.0257 0.0281 0.9993
vn 0.0332 0.0548 0.9979
vn 0.0276 0.0464 0.9985
vn 0.0326 0.0663 0.9973
vn 0.0236 0.0574 0.9981
vn 0.0265 0.0669 0.9974
vn 0.0123 0.0552 0.9984
vn 0.0180 0.0602 0.9980
vn 0.0046 0.0433 0.9991
vn 0.0185 0.0587 0.9981
vn 0.0107 0.0437 0.9990
vn -0.0038 0.0258 0.9997
vn 0.0022 0.0245 0.9997
vn -0.0126 0.0050 0.9999
vn -0.0067 0.0027 1.0000
vn -0.0153 -0.0192 0.9997
vn -0.0206 -0.0161 0.9997
vn -0.0225 -0.0382 0.9990
vn -0.0266 -0.0344 0.9991
vn -0.0294 -0.0566 0.9980
vn -0.0312 -0.0521 0.9982
vn -0.0370 -0.0784 0.9962
vn -0.0348 -0.0726 0.9968
vn -0.0403 -0.0968 0.9945
vn -0.0283 -0.0968 0.9949
vn -0.0337 -0.0880 0.9956
vn -0.0184 -0.0933 0.9955
vn -0.0382 -0.1059 0.9936
vn -0.0073 -0.0815 0.9967
vn -0.0311 -0.0996 0.9945
vn -0.0211 -0.0839 0.9962
vn 0.0027 -0.0683 0.9977
vn -0.0117 -0.0687 0.9976
vn 0.0123 -0.0546 0.9984
vn -0.0029 -0.0534 0.9986
vn 0.0226 -0.0357 0.9991
vn 0.0071 -0.0321 0.9995
vn 0.0278 -0.0251 0.9993
vn 0.0123 -0.0201 0.9997
vn 0.0373 -0.0269 0.9989
vn 0.0325 -0.0358 0.9988
vn 0.0339 -0.0200 0.9992
vn 0.0276 -0.0291 0.9992
vn 0.0226 -0.0510 0.9984
vn 0.0176 -0.0388 0.9991
vn 0.0122 -0.0631 0.9979
vn 0.0056 -0.0491 0.9988
vn 0.0014 -0.0750 0.9972
vn -0.0058 -0.0609 0.9981
vn -0.0089 -0.0831 0.9965
vn -0.0143 -0.0693 0.9975
vn -0.0179 -0.0844 0.9963
vn -0.0191 -0.0695 0.9974
vn -0.0231 -0.0772 0.9967
vn -0.0225 -0.0593 0.9980
vn -0.0268 -0.0607 0.9978
vn -0.0240 -0.0450 0.9987
vn -0.0250 -0.0358 0.9990
vn -0.0296 -0.0445 0.9986
vn -0.0254 -0.0248 0.9994
vn -0.0277 -0.0298 0.9992
vn -0.0223 -0.0101 0.9997
vn -0.0231 -0.0129 0.9996
vn -0.0166 0.0067 0.9998
vn -0.0161 0.0065 0.9998
vn -0.0079 0.0253 0.9996
vn -0.0092 0.0228 0.9997
vn 0.0005 0.0407 0.9992
vn -0.0012 0.0354 0.9994
vn 0.0079 0.0504 0.9987
vn 0.0062 0.0429 0.9991
vn 0.0140 0.0530 0.9985
vn 0.0138 0.0401 0.9991
vn 0.0179 0.0453 0.9988
vn 0.0196 0.0325 0.9993
vn 0.0226 0.0237 0.9995
vn 0.0217 0.0360 0.9991
vn 0.0245 0.0131 0.9996
vn 0.0225 0.0226 0.9995
vn 0.0244 0.0024 0.9997
vn 0.0201 0.0089 0.9998
vn 0.0234 -0.0047 0.9997
vn 0.0164 -0.0014 0.9999
vn 0.0333 -0.0100 0.9994
vn 0.0351 -0.0166 0.9992
vn 0.0401 -0.0148 0.9991
vn 0.0303 0.0008 0.9995
vn 0.0323 -0.0064 0.9995
vn 0.0282 -0.0123 0.9995
vn 0.0258 0.0091 0.9996
vn 0.0204 -0.0062 0.9998
vn 0.0195 0.0174 0.9997
vn 0.0117 0.0010 0.9999
vn 0.0106 0.0225 0.9997
vn -0.0027 0.0154 0.9999
vn 0.0038 0.0067 1.0000
vn 0.0035 0.0313 0.9995
vn -0.0104 0.0218 0.9997
vn -0.0039 0.0297 0.9996
vn -0.0165 0.0196 0.9997
vn -0.0106 0.0197 0.9998
vn -0.0216 0.0086 0.9997
vn -0.0167 0.0067 0.9998
vn -0.0212 -0.0070 0.9998
vn -0.0258 -0.0033 0.9997
vn -0.0239 -0.0192 0.9995
vn -0.0298 -0.0148 0.9994
vn -0.0250 -0.0285 0.9993
vn -0.0418 -0.0297 0.9987
vn -0.0292 -0.0371 0.9989
vn -0.0602 -0.0432 0.9973
vn -0.0377 -0.0477 0.9982
vn -0.0752 -0.0484 0.9960
vn -0.0446 -0.0565 0.9974
vn -0.0821 -0.0462 0.9956
vn -0.0438 -0.0541 0.9976
vn -0.0803 -0.0366 0.9961
vn -0.0363 -0.0411 0.9985
vn -0.0693 -0.0185 0.9974
vn -0.0243 -0.0248 0.9994
vn -0.0546 0.0010 0.9985
vn -0.0086 -0.0105 0.9999
vn -0.0212 0.0324 0.9993
vn -0.0377 0.0206 0.9991
vn 0.0087 -0.0034 1.0000
vn -0.0115 0.0340 0.9994
vn -0.0335 0.0675 0.9972
vn -0.0437 0.0642 0.9970
vn -0.0411 0.0941 0.9947
vn -0.0509 0.0879 0.9948
vn -0.0607 0.0467 0.9971
vn -0.0690 0.0639 0.9956
vn -0.0771 0.0238 0.9967
vn -0.0847 0.0339 0.9958
vn -0.0968 0.0010 0.9953
vn -0.0915 -0.0005 0.9958
vn -0.1061 -0.0305 0.9939
vn -0.1026 -0.0260 0.9944
vn -0.1119 -0.0579 0.9920
vn -0.1073 -0.0472 0.9931
vn -0.1105 -0.0739 0.9911
vn -0.1025 -0.0585 0.9930
vn -0.1010 -0.0755 0.9920
vn -0.0890 -0.0576 0.9944
vn -0.0838 -0.0625 0.9945
vn -0.0687 -0.0438 0.9967
vn -0.0608 -0.0369 0.9975
vn -0.0453 -0.0203 0.9988
vn -0.0378 -0.0066 0.9993
vn -0.0312 -0.0005 0.9995
vn -0.0273 0.0085 0.9996
vn -0.0270 0.0108 0.9996
vn -0.0220 0.0132 0.9997
vn -0.0257 0.0037 0.9997
vn -0.0235 -0.0072 0.9997
vn -0.0149 0.0063 0.9999
vn -0.0186 -0.0187 0.9997
vn -0.0073 -0.0035 1.0000
vn -0.0102 -0.0255 0.9996
vn 0.0002 -0.0103 0.9999
vn 0.0072 -0.0185 0.9998
vn -0.0027 -0.0352 0.9994
vn 0.0166 -0.0240 0.9996
vn 0.0065 -0.0388 0.9992
vn 0.0254 -0.0272 0.9993
vn 0.0157 -0.0382 0.9991
vn 0.0330 -0.0261 0.9991
vn 0.0240 -0.0291 0.9993
vn 0.0395 -0.0158 0.9991
vn 0.0315 -0.0126 0.9994
vn 0.0096 -0.0258 0.9996
vn 0.0174 -0.0070 0.9998
vn -0.0082 -0.0195 0.9998
vn -0.0000 -0.0000 1.0000
vn 0.0078 0.0195 0.9998
vn -0.0164 -0.0365 0.9992
vn 0.0019 -0.0416 0.9991
vn -0.0235 -0.0484 0.9986
vn -0.0056 -0.0493 0.9988
vn -0.0292 -0.0515 0.9982
vn -0.0114 -0.0481 0.9988
vn -0.0179 -0.0415 0.9990
vn -0.0329 -0.0485 0.9983
vn -0.0241 -0.0324 0.9992
vn -0.0323 -0.0391 0.9987
vn -0.0259 -0.0196 0.9995
vn -0.0288 -0.0260 0.9992
vn -0.0252 -0.0049 0.9997
vn -0.0227 -0.0105 0.9997
vn -0.0263 0.0011 0.9997
vn -0.0208 -0.0069 0.9998
vn -0.0404 -0.0198 0.9990
vn -0.0339 -0.0334 0.9989
vn -0.0635 -0.0554 0.9964
vn -0.0528 -0.0710 0.9961
vn -0.0825 -0.0816 0.9932
vn -0.0666 -0.0976 0.9930
vn -0.0949 -0.0940 0.9910
vn -0.0742 -0.1101 0.9911
vn -0.0997 -0.0909 0.9909
vn -0.0763 -0.1077 0.9913
vn -0.0977 -0.0731 0.9925
vn -0.0739 -0.0916 0.9930
vn -0.0920 -0.0450 0.9947
vn -0.0668 -0.0637 0.9957
vn -0.0830 -0.0107 0.9965
vn -0.0544 -0.0266 0.9982
vn -0.0692 0.0277 0.9972
vn -0.0210 0.0568 0.9982
vn -0.0384 0.0154 0.9991
vn -0.0527 0.0650 0.9965
vn -0.0044 0.0922 0.9957
vn -0.0354 0.0957 0.9948
vn 0.0037 0.1062 0.9943
vn -0.0265 0.1060 0.9940
vn 0.0387 0.0967 0.9946
vn 0.0322 0.0805 0.9962
vn 0.0668 0.0637 0.9957
vn 0.0544 0.0266 0.9982
vn 0.0172 0.0430 0.9989
vn 0.0384 -0.0154 0.9991
vn -0.0172 -0.0430 0.9989
vn 0.0210 -0.0568 0.9982
vn -0.0322 -0.0805 0.9962
vn 0.0044 -0.0922 0.9957
vn -0.0433 -0.1082 0.9932
vn -0.0098 -0.1173 0.9931
vn -0.0491 -0.1227 0.9912
vn -0.0199 -0.1292 0.9914
vn -0.0494 -0.1227 0.9912
vn -0.0250 -0.1266 0.9916
vn -0.0443 -0.1078 0.9932
vn -0.0250 -0.1087 0.9938
vn -0.0348 -0.0798 0.9962
vn -0.0232 -0.0693 0.9973
vn -0.0230 -0.0372 0.9990
vn -0.0178 -0.0241 0.9996
vn -0.0146 0.0109 0.9998
vn -0.0159 -0.0070 0.9998
vn -0.0208 -0.0024 0.9998
vn -0.0241 0.0166 0.9996
vn -0.0414 0.0019 0.9991
vn -0.0359 -0.0182 0.9992
vn -0.0596 -0.0143 0.9981
vn -0.0464 -0.0316 0.9984
vn -0.0715 -0.0266 0.9971
vn -0.0531 -0.0412 0.9977
vn -0.0784 -0.0337 0.9964
vn -0.0553 -0.0450 0.9975
vn -0.0791 -0.0341 0.9963
vn -0.0524 -0.0417 0.9978
vn -0.0737 -0.0274 0.9969
vn -0.0445 -0.0310 0.9985
vn -0.0626 -0.0140 0.9979
vn -0.0327 -0.0139 0.9994
vn -0.0456 0.0052 0.9989
vn -0.0206 0.0074 0.9998
vn -0.0690 -0.0030 0.9976
vn -0.0776 -0.0153 0.9969
vn -0.0829 -0.0179 0.9964
vn -0.0885 -0.0258 0.9957
vn -0.0912 -0.0268 0.9955
vn -0.0933 -0.0299 0.9952
vn -0.0932 -0.0288 0.9952
vn -0.0917 -0.0268 0.9954
vn -0.0886 -0.0236 0.9958
vn -0.0836 -0.0166 0.9964
vn -0.0780 -0.0121 0.9969
vn -0.0700 -0.0007 0.9975
vn -0.0603 0.0046 0.9982
vn -0.0346 0.0382 0.9987
vn -0.0514 0.0217 0.9984
vn -0.0206 0.0506 0.9985
vn -0.0418 0.0225 0.9989
vn -0.0269 0.0359 0.9990
vn -0.0117 0.0533 0.9985
vn -0.0160 0.0362 0.9992
vn -0.0043 0.0317 0.9995
vn -0.0152 0.0004 0.9999
vn -0.0102 -0.0390 0.9992
vn 0.0037 -0.0550 0.9985
vn 0.0023 -0.0058 1.0000
vn -0.0089 -0.0902 0.9959
vn 0.0121 -0.0928 0.9956
vn -0.0034 -0.1178 0.9930
vn 0.0238 -0.1084 0.9938
vn 0.0059 -0.1246 0.9922
vn 0.0394 -0.1051 0.9937
vn 0.0193 -0.1165 0.9930
vn 0.0633 -0.0884 0.9941
vn 0.0354 -0.0957 0.9948
vn 0.0994 -0.0653 0.9929
vn 0.0534 -0.0647 0.9965
vn 0.1413 -0.0335 0.9894
vn 0.0735 -0.0275 0.9969
vn 0.1763 -0.0050 0.9843
vn 0.1942 0.0076 0.9809
vn 0.0931 0.0084 0.9956
vn 0.1967 0.0144 0.9804
vn 0.1059 0.0396 0.9936
vn 0.0706 0.0795 0.9943
vn 0.2615 -0.0153 0.9651
vn 0.2636 -0.0047 0.9646
vn 0.2102 0.0008 0.9777
vn 0.2187 0.0274 0.9754
vn 0.2523 0.0165 0.9675
vn 0.2244 0.0735 0.9717
vn 0.2136 0.0161 0.9768
vn 0.2051 0.0887 0.9747
vn 0.1568 -0.0084 0.9876
vn 0.1642 0.0709 0.9839
vn 0.0972 -0.0513 0.9939
vn 0.1078 0.0243 0.9939
vn 0.0531 -0.0800 0.9954
vn 0.0546 -0.0271 0.9981
vn 0.0307 -0.0805 0.9963
vn 0.0265 -0.0442 0.9987
vn 0.0193 -0.0555 0.9983
vn 0.0159 -0.0117 0.9998
vn 0.0093 -0.0094 0.9999
vn 0.0149 0.0256 0.9996
vn 0.0146 0.0484 0.9987
vn 0.0012 0.0292 0.9996
vn 0.0015 0.0569 0.9984
vn 0.0123 0.0623 0.9980
vn -0.0029 0.0613 0.9981
vn 0.0098 0.0637 0.9979
vn -0.0097 0.0572 0.9983
vn 0.0048 0.0577 0.9983
vn -0.0195 0.0463 0.9987
vn -0.0023 0.0452 0.9990
vn -0.0313 0.0290 0.9991
vn -0.0116 0.0276 0.9996
vn -0.0474 0.0065 0.9989
vn -0.0220 0.0078 0.9997
vn -0.0344 -0.0149 0.9993
vn -0.0641 -0.0138 0.9978
vn -0.0462 -0.0332 0.9984
vn -0.0749 -0.0285 0.9968
vn -0.0540 -0.0448 0.9975
vn -0.0800 -0.0364 0.9961
vn -0.0565 -0.0491 0.9972
vn -0.0789 -0.0369 0.9962
vn -0.0535 -0.0462 0.9975
vn -0.0718 -0.0305 0.9970
vn -0.0417 -0.0538 0.9977
vn -0.0367 -0.0466 0.9982
vn -0.0416 -0.0544 0.9977
vn -0.0369 -0.0482 0.9982
vn -0.0287 -0.0354 0.9990
vn -0.0191 -0.0172 0.9997
vn -0.0013 0.0250 0.9997
vn -0.0099 0.0040 0.9999
vn 0.0065 0.0433 0.9990
vn 0.0128 0.0566 0.9983
vn 0.0168 0.0634 0.9978
vn 0.0181 0.0629 0.9979
vn 0.0167 0.0550 0.9983
vn 0.0159 0.0350 0.9993
vn 0.0201 -0.0123 0.9997
vn 0.0181 0.0150 0.9997
vn 0.0491 0.0104 0.9987
vn 0.0987 0.0691 0.9927
vn 0.1434 0.1147 0.9830
vn 0.1709 0.1292 0.9768
vn 0.1787 0.1087 0.9779
vn 0.1644 0.0520 0.9850
vn 0.1500 0.0172 0.9885
vn -0.0062 -0.0131 0.9999
vn 0.0204 0.0011 0.9998
vn 0.1088 0.0545 0.9926
vt 0.293132 0.507737
vt 0.295441 0.509557
vt 0.294083 0.510103
vt 0.296389 0.511926
vt 0.295032 0.512471
vt 0.297336 0.514298
vt 0.295979 0.514841
vt 0.298284 0.516670
vt 0.296926 0.517211
vt 0.297873 0.519581
vt 0.299231 0.519039
vt 0.298820 0.521949
vt 0.300178 0.521407
vt 0.299768 0.524317
vt 0.302074 0.526140
vt 0.300716 0.526684
vt 0.303022 0.528506
vt 0.301665 0.529051
vt 0.303971 0.530874
vt 0.302614 0.531419
vt 0.304919 0.533243
vt 0.303562 0.533787
vt 0.305866 0.535611
vt 0.304509 0.536155
vt 0.306812 0.537979
vt 0.305455 0.538522
vt 0.307757 0.540347
vt 0.306400 0.540890
vt 0.307345 0.543257
vt 0.308702 0.542715
vt 0.308290 0.545626
vt 0.309648 0.545083
vt 0.309235 0.547994
vt 0.310593 0.547452
vt 0.310181 0.550363
vt 0.311538 0.549821
vt 0.311126 0.552731
vt 0.312484 0.552189
vt 0.312073 0.555099
vt 0.314787 0.554014
vt 0.313430 0.554556
vt 0.313841 0.551646
vt 0.316145 0.553471
vt 0.315199 0.551104
vt 0.317504 0.552928
vt 0.316557 0.550560
vt 0.318864 0.552383
vt 0.317917 0.550016
vt 0.320225 0.551838
vt 0.319278 0.549471
vt 0.321586 0.551293
vt 0.320639 0.548926
vt 0.322946 0.550748
vt 0.322000 0.548381
vt 0.324306 0.550204
vt 0.323359 0.547837
vt 0.325663 0.549661
vt 0.324717 0.547293
vt 0.327021 0.549118
vt 0.327430 0.546208
vt 0.326074 0.546750
vt 0.328788 0.545665
vt 0.328378 0.548575
vt 0.330146 0.545122
vt 0.329736 0.548032
vt 0.331506 0.544578
vt 0.331094 0.547489
vt 0.332867 0.544034
vt 0.332453 0.546945
vt 0.335175 0.545857
vt 0.333813 0.546402
vt 0.334231 0.543489
vt 0.336538 0.545312
vt 0.335595 0.542943
vt 0.337900 0.544768
vt 0.336958 0.542397
vt 0.339261 0.544224
vt 0.338320 0.541853
vt 0.340620 0.543682
vt 0.339679 0.541310
vt 0.341979 0.543141
vt 0.341038 0.540769
vt 0.343338 0.542601
vt 0.340095 0.538398
vt 0.342396 0.540228
vt 0.339151 0.536030
vt 0.341453 0.537857
vt 0.337792 0.536572
vt 0.338737 0.538940
vt 0.336433 0.537116
vt 0.337377 0.539484
vt 0.335071 0.537660
vt 0.336016 0.540028
vt 0.333708 0.538205
vt 0.334652 0.540574
vt 0.332342 0.538751
vt 0.333287 0.541120
vt 0.330976 0.539298
vt 0.331922 0.541666
vt 0.329612 0.539843
vt 0.330559 0.542211
vt 0.328252 0.540387
vt 0.329199 0.542754
vt 0.327841 0.543298
vt 0.326894 0.540931
vt 0.326483 0.543840
vt 0.325536 0.541474
vt 0.325127 0.544383
vt 0.324180 0.542016
vt 0.322823 0.542559
vt 0.323770 0.544926
vt 0.321466 0.543102
vt 0.322412 0.545469
vt 0.320107 0.543646
vt 0.321053 0.546013
vt 0.318746 0.544190
vt 0.319693 0.546558
vt 0.317385 0.544735
vt 0.318331 0.547103
vt 0.316024 0.545280
vt 0.316970 0.547648
vt 0.314665 0.545824
vt 0.315611 0.548192
vt 0.313307 0.546367
vt 0.314253 0.548736
vt 0.311950 0.546910
vt 0.312895 0.549278
vt 0.311005 0.544541
vt 0.310060 0.542173
vt 0.312362 0.543999
vt 0.311417 0.541630
vt 0.313720 0.543456
vt 0.312775 0.541087
vt 0.315079 0.542912
vt 0.314133 0.540544
vt 0.316439 0.542367
vt 0.315493 0.539999
vt 0.317800 0.541823
vt 0.318212 0.538912
vt 0.316853 0.539455
vt 0.319571 0.538368
vt 0.319160 0.541279
vt 0.320518 0.540735
vt 0.320929 0.537825
vt 0.321876 0.540192
vt 0.322286 0.537282
vt 0.323233 0.539649
vt 0.324590 0.539107
vt 0.323643 0.536739
vt 0.325947 0.538563
vt 0.325001 0.536196
vt 0.327306 0.538020
vt 0.326359 0.535652
vt 0.328666 0.537475
vt 0.327720 0.535107
vt 0.330029 0.536930
vt 0.330447 0.534016
vt 0.329082 0.534562
vt 0.331811 0.533471
vt 0.331395 0.536384
vt 0.333173 0.532927
vt 0.332761 0.535838
vt 0.334124 0.535293
vt 0.334534 0.532383
vt 0.335485 0.534749
vt 0.335893 0.531840
vt 0.336844 0.534206
vt 0.337251 0.531296
vt 0.338202 0.533663
vt 0.338608 0.530752
vt 0.339559 0.533120
vt 0.337654 0.528385
vt 0.336298 0.528930
vt 0.336702 0.526019
vt 0.335345 0.526562
vt 0.334940 0.529473
vt 0.333987 0.527106
vt 0.333581 0.530016
vt 0.332628 0.527649
vt 0.332221 0.530560
vt 0.331268 0.528193
vt 0.330859 0.531105
vt 0.329907 0.528738
vt 0.329497 0.531650
vt 0.328546 0.529284
vt 0.328134 0.532195
vt 0.327185 0.529829
vt 0.326773 0.532740
vt 0.325825 0.530373
vt 0.324466 0.530918
vt 0.325413 0.533285
vt 0.323107 0.531461
vt 0.324054 0.533829
vt 0.321749 0.532005
vt 0.322696 0.534372
vt 0.320391 0.532548
vt 0.321339 0.534915
vt 0.319981 0.535458
vt 0.319033 0.533091
vt 0.318623 0.536001
vt 0.317675 0.533634
vt 0.317264 0.536544
vt 0.316317 0.534177
vt 0.315905 0.537088
vt 0.314958 0.534720
vt 0.314546 0.537632
vt 0.313599 0.535263
vt 0.312241 0.535807
vt 0.313187 0.538175
vt 0.310884 0.536351
vt 0.311829 0.538719
vt 0.309526 0.536894
vt 0.310472 0.539262
vt 0.308169 0.537436
vt 0.309115 0.539805
vt 0.307223 0.535068
vt 0.307634 0.532156
vt 0.306276 0.532699
vt 0.309938 0.533982
vt 0.308580 0.534525
vt 0.308991 0.531613
vt 0.311295 0.533439
vt 0.310349 0.531070
vt 0.312653 0.532895
vt 0.311706 0.530526
vt 0.314011 0.532352
vt 0.314422 0.529440
vt 0.313064 0.529983
vt 0.315369 0.531809
vt 0.315780 0.528898
vt 0.316728 0.531266
vt 0.317138 0.528355
vt 0.318086 0.530723
vt 0.318496 0.527813
vt 0.319444 0.530181
vt 0.320801 0.529638
vt 0.319854 0.527270
vt 0.322159 0.529095
vt 0.321212 0.526727
vt 0.323518 0.528551
vt 0.322570 0.526184
vt 0.324877 0.528007
vt 0.323930 0.525640
vt 0.326236 0.527463
vt 0.325291 0.525093
vt 0.327597 0.526917
vt 0.326652 0.524547
vt 0.328958 0.526371
vt 0.328014 0.524000
vt 0.330319 0.525826
vt 0.329374 0.523455
vt 0.331679 0.525282
vt 0.330734 0.522912
vt 0.333038 0.524738
vt 0.333452 0.521828
vt 0.332093 0.522369
vt 0.334396 0.524195
vt 0.334811 0.521287
vt 0.333871 0.518918
vt 0.332510 0.519456
vt 0.332930 0.516544
vt 0.331566 0.517080
vt 0.331150 0.519996
vt 0.330205 0.517618
vt 0.329790 0.520536
vt 0.328846 0.518157
vt 0.327488 0.518699
vt 0.328431 0.521079
vt 0.326129 0.519244
vt 0.327071 0.521623
vt 0.324768 0.519792
vt 0.325710 0.522170
vt 0.323405 0.520342
vt 0.324347 0.522719
vt 0.322040 0.520893
vt 0.322984 0.523268
vt 0.320677 0.521442
vt 0.321623 0.523815
vt 0.319316 0.521989
vt 0.320264 0.524359
vt 0.317958 0.522532
vt 0.318906 0.524902
vt 0.316600 0.523074
vt 0.317548 0.525444
vt 0.316190 0.525986
vt 0.315242 0.523616
vt 0.313885 0.524159
vt 0.314832 0.526529
vt 0.312527 0.524702
vt 0.313474 0.527071
vt 0.311169 0.525246
vt 0.312117 0.527615
vt 0.310759 0.528158
vt 0.309811 0.525789
vt 0.309401 0.528701
vt 0.308453 0.526333
vt 0.308043 0.529244
vt 0.307095 0.526876
vt 0.306685 0.529787
vt 0.305737 0.527419
vt 0.305328 0.530330
vt 0.304379 0.527962
vt 0.304788 0.525053
vt 0.303431 0.525596
vt 0.303839 0.522687
vt 0.302482 0.523230
vt 0.301125 0.523773
vt 0.305197 0.522143
vt 0.306145 0.524509
vt 0.306555 0.521599
vt 0.307504 0.523965
vt 0.307914 0.521054
vt 0.308863 0.523421
vt 0.310221 0.522877
vt 0.309273 0.520508
vt 0.311580 0.522333
vt 0.310632 0.519963
vt 0.312938 0.521789
vt 0.311990 0.519419
vt 0.314295 0.521246
vt 0.313347 0.518875
vt 0.315653 0.520703
vt 0.314705 0.518332
vt 0.317010 0.520161
vt 0.316062 0.517789
vt 0.318369 0.519616
vt 0.317422 0.517244
vt 0.319732 0.519069
vt 0.318786 0.516697
vt 0.321097 0.518519
vt 0.320152 0.516147
vt 0.322463 0.517967
vt 0.321519 0.515597
vt 0.323827 0.517417
vt 0.322884 0.515048
vt 0.325188 0.516869
vt 0.324246 0.514500
vt 0.326545 0.516324
vt 0.325603 0.513955
vt 0.327902 0.515781
vt 0.328316 0.512872
vt 0.326959 0.513413
vt 0.329260 0.515242
vt 0.329676 0.512331
vt 0.330621 0.514704
vt 0.331042 0.511791
vt 0.331987 0.514167
vt 0.330094 0.509416
vt 0.328730 0.509963
vt 0.327780 0.507596
vt 0.326422 0.508144
vt 0.327370 0.510508
vt 0.325067 0.508690
vt 0.326015 0.511051
vt 0.324660 0.511593
vt 0.323712 0.509233
vt 0.323302 0.512137
vt 0.322353 0.509776
vt 0.321939 0.512683
vt 0.320990 0.510320
vt 0.320573 0.513230
vt 0.319623 0.510865
vt 0.319204 0.513779
vt 0.318254 0.511411
vt 0.317837 0.514327
vt 0.316887 0.511957
vt 0.316473 0.514873
vt 0.315524 0.512503
vt 0.315114 0.515418
vt 0.314166 0.513047
vt 0.312809 0.513590
vt 0.313756 0.515961
vt 0.312399 0.516504
vt 0.311451 0.514133
vt 0.310094 0.514676
vt 0.311042 0.517048
vt 0.308736 0.515221
vt 0.309684 0.517593
vt 0.307378 0.515766
vt 0.308325 0.518139
vt 0.306020 0.516313
vt 0.306966 0.518685
vt 0.304661 0.516861
vt 0.305607 0.519231
vt 0.303303 0.517407
vt 0.304249 0.519777
vt 0.301945 0.517953
vt 0.302892 0.520321
vt 0.300588 0.518497
vt 0.301535 0.520864
vt 0.299641 0.516126
vt 0.298694 0.513753
vt 0.300998 0.515581
vt 0.300052 0.513206
vt 0.302356 0.515034
vt 0.301410 0.512658
vt 0.303715 0.514486
vt 0.302768 0.512110
vt 0.305073 0.513938
vt 0.304126 0.511563
vt 0.306431 0.513392
vt 0.305483 0.511018
vt 0.307788 0.512847
vt 0.308197 0.509931
vt 0.306840 0.510474
vt 0.309556 0.509389
vt 0.309146 0.512303
vt 0.310504 0.511761
vt 0.310915 0.508847
vt 0.311862 0.511218
vt 0.312274 0.508304
vt 0.313220 0.510676
vt 0.314577 0.510132
vt 0.314989 0.507217
vt 0.313631 0.507761
vt 0.315937 0.509587
vt 0.316350 0.506673
vt 0.317303 0.509042
vt 0.317715 0.506129
vt 0.318670 0.508498
vt 0.319079 0.505587
vt 0.320036 0.507955
vt 0.320442 0.505044
vt 0.321399 0.507412
vt 0.321801 0.504500
vt 0.322759 0.506869
vt 0.323158 0.503955
vt 0.324115 0.506325
vt 0.324514 0.503407
vt 0.325870 0.502855
vt 0.325470 0.505778
vt 0.327226 0.502300
vt 0.326826 0.505227
vt 0.329141 0.507044
vt 0.326268 0.499929
vt 0.324912 0.500482
vt 0.325310 0.497560
vt 0.323955 0.498111
vt 0.323556 0.501033
vt 0.322599 0.498660
vt 0.322200 0.501581
vt 0.321243 0.499208
vt 0.320843 0.502128
vt 0.319886 0.499755
vt 0.319484 0.502672
vt 0.318528 0.500300
vt 0.318123 0.503216
vt 0.317169 0.500845
vt 0.316761 0.503759
vt 0.315811 0.501389
vt 0.315401 0.504303
vt 0.314453 0.501933
vt 0.314043 0.504847
vt 0.313096 0.502477
vt 0.311738 0.503022
vt 0.312685 0.505391
vt 0.311326 0.505934
vt 0.310378 0.503565
vt 0.309967 0.506477
vt 0.309018 0.504108
vt 0.308607 0.507019
vt 0.307659 0.504651
vt 0.307249 0.507561
vt 0.306300 0.505193
vt 0.305891 0.508103
vt 0.304943 0.505735
vt 0.304534 0.508646
vt 0.303586 0.506278
vt 0.302230 0.506822
vt 0.303178 0.509190
vt 0.300873 0.507367
vt 0.301821 0.509736
vt 0.299515 0.507914
vt 0.300463 0.510284
vt 0.298157 0.508462
vt 0.299105 0.510832
vt 0.296799 0.509010
vt 0.297747 0.511380
vt 0.295848 0.506643
vt 0.294490 0.507191
vt 0.297207 0.506095
vt 0.298565 0.505548
vt 0.299923 0.505001
vt 0.301280 0.504455
vt 0.303995 0.503368
vt 0.302638 0.503911
vt 0.305353 0.502826
vt 0.306712 0.502283
vt 0.308072 0.501740
vt 0.309432 0.501197
vt 0.310791 0.500654
vt 0.312149 0.500110
vt 0.314862 0.499021
vt 0.313506 0.499566
vt 0.316219 0.498477
vt 0.317576 0.497931
vt 0.318932 0.497385
vt 0.320288 0.496839
vt 0.321644 0.496291
vt 0.322999 0.495743
vt 0.324355 0.495194
vt 0.340508 0.535488
vt 0.335754 0.523653
vt 0.328185 0.504672
s 1
usemtl standardSurface2
f 505/505/505 508/506/506 507/507/507
f 507/507/507 510/508/508 509/509/509
f 509/509/509 512/510/510 511/511/511
f 511/511/511 514/512/512 513/513/513
f 514/512/512 515/514/514 513/513/513
f 516/515/515 517/516/516 515/514/514
f 518/517/517 519/518/518 517/516/516
f 519/518/518 522/519/519 521/520/520
f 521/520/520 524/521/521 523/522/522
f 523/522/522 526/523/523 525/524/524
f 525/524/524 528/525/525 527/526/526
f 527/526/526 530/527/527 529/528/528
f 529/528/528 532/529/529 531/530/530
f 531/530/530 534/531/531 533/532/532
f 534/531/531 535/533/533 533/532/532
f 536/534/534 537/535/535 535/533/533
f 538/536/536 539/537/537 537/535/535
f 540/538/538 541/539/539 539/537/537
f 542/540/540 543/541/541 541/539/539
f 544/542/542 545/543/543 543/541/541
f 544/542/542 547/544/544 546/545/545
f 548/546/546 549/547/547 547/544/544
f 550/548/548 551/549/549 549/547/547
f 552/550/550 553/551/551 551/549/549
f 554/552/552 555/553/553 553/551/551
f 556/554/554 557/555/555 555/553/553
f 558/556/556 559/557/557 557/555/555
f 560/558/558 561/559/559 559/557/557
f 562/560/560 563/561/561 561/559/559
f 564/562/562 565/563/563 563/561/561
f 568/564/564 565/563/563 566/565/565
f 570/566/566 567/567/567 568/564/564
f 572/568/568 569/569/569 570/566/566
f 574/570/570 571/571/571 572/568/568
f 576/572/572 573/573/573 574/570/570
f 576/572/572 577/574/574 575/575/575
f 578/576/576 579/577/577 577/574/574
f 580/578/578 581/579/579 579/577/577
f 582/580/580 583/581/581 581/579/579
f 584/582/582 585/583/583 583/581/581
f 586/584/584 587/585/585 585/583/583
f 588/586/586 589/587/587 587/585/585
f 593/588/588 590/589/589 588/586/586
f 594/590/590 591/591/591 593/588/588
f 596/592/592 593/588/588 595/593/593
f 595/593/593 588/586/586 586/584/584
f 598/594/594 595/593/593 597/595/595
f 597/595/595 586/584/584 584/582/582
f 600/596/596 597/595/595 599/597/597
f 599/597/597 584/582/582 582/580/580
f 602/598/598 599/597/597 601/599/599
f 601/599/599 582/580/580 580/578/578
f 604/600/600 601/599/599 603/601/601
f 603/601/601 580/578/578 578/576/576
f 606/602/602 603/601/601 605/603/603
f 605/603/603 578/576/576 576/572/572
f 608/604/604 605/603/603 607/605/605
f 607/605/605 576/572/572 574/570/570
f 610/606/606 607/605/605 609/607/607
f 607/605/605 572/568/568 609/607/607
f 610/606/606 611/608/608 612/609/609
f 609/607/607 570/566/566 611/608/608
f 612/609/609 613/610/610 614/611/611
f 611/608/608 568/564/564 613/610/610
f 614/611/611 615/612/612 616/613/613
f 613/610/610 566/565/565 615/612/612
f 618/614/614 615/612/612 617/615/615
f 617/615/615 566/565/565 564/562/562
f 620/616/616 617/615/615 619/617/617
f 619/617/617 564/562/562 562/560/560
f 622/618/618 619/617/617 621/619/619
f 621/619/619 562/560/560 560/558/558
f 624/620/620 621/619/619 623/621/621
f 623/621/621 560/558/558 558/556/556
f 626/622/622 623/621/621 625/623/623
f 625/623/623 558/556/556 556/554/554
f 628/624/624 625/623/623 627/625/625
f 627/625/625 556/554/554 554/552/552
f 630/626/626 627/625/625 629/627/627
f 629/627/627 554/552/552 552/550/550
f 632/628/628 629/627/627 631/629/629
f 631/629/629 552/550/550 550/548/548
f 634/630/630 631/629/629 633/631/631
f 633/631/631 550/548/548 548/546/546
f 540/538/538 633/631/631 542/540/540
f 542/540/540 548/546/546 544/542/542
f 635/632/632 632/628/628 634/630/630
f 538/536/536 634/630/630 540/538/538
f 636/633/633 637/634/634 635/632/632
f 536/534/534 635/632/632 538/536/536
f 638/635/635 639/636/636 637/634/634
f 637/634/634 630/626/626 632/628/628
f 640/637/637 641/638/638 639/636/636
f 639/636/636 628/624/624 630/626/626
f 642/639/639 643/640/640 641/638/638
f 641/638/638 626/622/622 628/624/624
f 644/641/641 645/642/642 643/640/640
f 643/640/640 624/620/620 626/622/622
f 648/643/643 645/642/642 646/644/644
f 645/642/642 622/618/618 624/620/620
f 650/645/645 647/646/646 648/643/643
f 649/647/647 622/618/618 647/646/646
f 652/648/648 649/647/647 650/645/645
f 651/649/649 620/616/616 649/647/647
f 654/650/650 651/649/649 652/648/648
f 653/651/651 618/614/614 651/649/649
f 654/650/650 655/652/652 653/651/651
f 653/651/651 614/611/611 616/613/613
f 656/653/653 657/654/654 655/652/652
f 655/652/652 612/609/609 614/611/611
f 658/655/655 659/656/656 657/654/654
f 657/654/654 610/606/606 612/609/609
f 660/657/657 661/658/658 659/656/656
f 659/656/656 608/604/604 610/606/606
f 662/659/659 663/660/660 661/658/658
f 661/658/658 606/602/602 608/604/604
f 666/661/661 663/660/660 664/662/662
f 663/660/660 604/600/600 606/602/602
f 668/663/663 665/664/664 666/661/661
f 665/664/664 602/598/598 604/600/600
f 670/665/665 667/666/666 668/663/663
f 669/667/667 602/598/598 667/666/666
f 672/668/668 669/667/667 670/665/665
f 671/669/669 600/596/596 669/667/667
f 674/670/670 671/669/669 672/668/668
f 673/671/671 598/594/594 671/669/669
f 676/672/672 673/671/671 674/670/670
f 675/673/673 596/592/592 673/671/671
f 678/674/674 675/673/673 676/672/672
f 677/675/675 594/590/590 675/673/673
f 679/676/676 676/672/672 681/677/677
f 680/678/678 681/677/677 682/679/679
f 682/679/679 683/680/680 684/681/681
f 681/677/677 674/670/670 683/680/680
f 684/681/681 685/682/682 686/683/683
f 683/680/680 672/668/668 685/682/682
f 686/683/683 687/684/684 688/685/685
f 685/682/682 670/665/665 687/684/684
f 688/685/685 689/686/686 690/687/687
f 687/684/684 668/663/663 689/686/686
f 690/687/687 691/688/688 692/689/689
f 689/686/686 666/661/661 691/688/688
f 692/689/689 693/690/690 694/691/691
f 691/688/688 664/662/662 693/690/690
f 694/691/691 695/692/692 696/693/693
f 695/692/692 664/662/662 662/659/659
f 698/694/694 695/692/692 697/695/695
f 697/695/695 662/659/659 660/657/657
f 700/696/696 697/695/695 699/697/697
f 699/697/697 660/657/657 658/655/655
f 702/698/698 699/697/697 701/699/699
f 701/699/699 658/655/655 656/653/653
f 704/700/700 701/699/699 703/701/701
f 703/701/701 656/653/653 654/650/650
f 704/700/700 705/702/702 706/703/703
f 703/701/701 652/648/648 705/702/702
f 706/703/703 707/704/704 708/705/705
f 705/702/702 650/645/645 707/704/704
f 708/705/705 709/706/706 710/707/707
f 707/704/704 648/643/643 709/706/706
f 710/707/707 711/708/708 712/709/709
f 709/706/706 646/644/644 711/708/708
f 712/709/709 713/710/710 714/711/711
f 711/708/708 644/641/641 713/710/710
f 716/712/712 713/710/710 715/713/713
f 715/713/713 644/641/641 642/639/639
f 718/714/714 715/713/713 717/715/715
f 717/715/715 642/639/639 640/637/637
f 720/716/716 717/715/715 719/717/717
f 719/717/717 640/637/637 638/635/635
f 722/718/718 719/717/717 721/719/719
f 721/719/719 638/635/635 636/633/633
f 532/529/529 721/719/719 534/531/531
f 534/531/531 636/633/633 536/534/534
f 723/720/720 720/716/716 722/718/718
f 530/527/527 722/718/718 532/529/529
f 726/721/721 723/720/720 724/722/722
f 528/525/525 723/720/720 530/527/527
f 726/721/721 727/723/723 725/724/724
f 725/724/724 718/714/714 720/716/716
f 728/725/725 729/726/726 727/723/723
f 727/723/723 716/712/712 718/714/714
f 730/727/727 731/728/728 729/726/726
f 729/726/726 714/711/711 716/712/712
f 732/729/729 733/730/730 731/728/728
f 731/728/728 712/709/709 714/711/711
f 736/731/731 733/730/730 734/732/732
f 735/733/733 712/709/709 733/730/730
f 738/734/734 735/733/733 736/731/731
f 737/735/735 710/707/707 735/733/733
f 740/736/736 737/735/735 738/734/734
f 739/737/737 708/705/705 737/735/735
f 742/738/738 739/737/737 740/736/736
f 741/739/739 706/703/703 739/737/737
f 742/738/738 743/740/740 741/739/739
f 741/739/739 702/698/698 704/700/700
f 744/741/741 745/742/742 743/740/740
f 743/740/740 700/696/696 702/698/698
f 746/743/743 747/744/744 745/742/742
f 745/742/742 698/694/694 700/696/696
f 748/745/745 749/746/746 747/744/744
f 747/744/744 696/693/693 698/694/694
f 750/747/747 751/748/748 749/746/746
f 749/746/746 694/691/691 696/693/693
f 752/749/749 753/750/750 751/748/748
f 753/750/750 694/691/691 751/748/748
f 754/751/751 755/752/752 753/750/750
f 755/752/752 692/689/689 753/750/750
f 756/753/753 757/754/754 755/752/752
f 757/754/754 690/687/687 755/752/752
f 758/755/755 759/756/756 757/754/754
f 759/756/756 688/685/685 757/754/754
f 760/757/757 761/758/758 759/756/756
f 761/758/758 686/683/683 759/756/756
f 764/759/759 761/758/758 762/760/760
f 763/761/761 684/681/681 761/758/758
f 766/762/762 763/761/761 764/759/759
f 763/761/761 680/678/678 682/679/679
f 767/763/763 764/759/759 769/764/764
f 768/765/765 769/764/764 770/766/766
f 770/766/766 771/767/767 772/768/768
f 769/764/764 762/760/760 771/767/767
f 772/768/768 773/769/769 774/770/770
f 773/769/769 762/760/760 760/757/757
f 776/771/771 773/769/769 775/772/772
f 775/772/772 760/757/757 758/755/755
f 778/773/773 775/772/772 777/774/774
f 777/774/774 758/755/755 756/753/753
f 780/775/775 777/774/774 779/776/776
f 779/776/776 756/753/753 754/751/751
f 782/777/777 779/776/776 781/778/778
f 781/778/778 754/751/751 752/749/749
f 784/779/779 781/778/778 783/780/780
f 783/780/780 752/749/749 750/747/747
f 786/781/781 783/780/780 785/782/782
f 785/782/782 750/747/747 748/745/745
f 788/783/783 785/782/782 787/784/784
f 787/784/784 748/745/745 746/743/743
f 790/785/785 787/784/784 789/786/786
f 789/786/786 746/743/743 744/741/741
f 792/787/787 789/786/786 791/788/788
f 791/788/788 744/741/741 742/738/738
f 792/787/787 793/789/789 794/790/790
f 791/788/788 740/736/736 793/789/789
f 796/791/791 793/789/789 795/792/792
f 793/789/789 738/734/734 795/792/792
f 798/793/793 795/792/792 797/794/794
f 795/792/792 736/731/731 797/794/794
f 800/795/795 797/794/794 799/796/796
f 797/794/794 734/732/732 799/796/796
f 800/795/795 801/797/797 802/798/798
f 799/796/796 732/729/729 801/797/797
f 802/798/798 803/799/799 804/800/800
f 801/797/797 730/727/727 803/799/799
f 804/800/800 805/801/801 806/802/802
f 803/799/799 728/725/725 805/801/801
f 806/802/802 807/803/803 808/804/804
f 805/801/801 726/721/721 807/803/803
f 808/804/804 809/805/805 810/806/806
f 807/803/803 724/722/722 809/805/805
f 524/521/521 809/805/805 526/523/523
f 526/523/523 724/722/722 528/525/525
f 813/807/807 810/806/806 811/808/808
f 522/519/519 810/806/806 524/521/521
f 814/809/809 811/808/808 812/810/810
f 520/811/811 811/808/808 522/519/519
f 816/812/812 813/807/807 814/809/809
f 815/813/813 808/804/804 813/807/807
f 818/814/814 815/813/813 816/812/812
f 817/815/815 806/802/802 815/813/813
f 820/816/816 817/815/815 818/814/814
f 819/817/817 804/800/800 817/815/815
f 820/816/816 821/818/818 819/817/817
f 821/818/818 802/798/798 819/817/817
f 822/819/819 823/820/820 821/818/818
f 821/818/818 798/793/793 800/795/795
f 824/821/821 825/822/822 823/820/820
f 823/820/820 796/791/791 798/793/793
f 826/823/823 827/824/824 825/822/822
f 825/822/822 794/790/790 796/791/791
f 828/825/825 829/826/826 827/824/824
f 827/824/824 792/787/787 794/790/790
f 830/827/827 831/828/828 829/826/826
f 829/826/826 790/785/785 792/787/787
f 832/829/829 833/830/830 831/828/828
f 831/828/828 788/783/783 790/785/785
f 834/831/831 835/832/832 833/830/830
f 833/830/830 786/781/781 788/783/783
f 836/833/833 837/834/834 835/832/832
f 835/832/832 784/779/779 786/781/781
f 838/835/835 839/836/836 837/834/834
f 837/834/834 782/777/777 784/779/779
f 840/837/837 841/838/838 839/836/836
f 839/836/836 780/775/775 782/777/777
f 842/839/839 843/840/840 841/838/838
f 841/838/838 778/773/773 780/775/775
f 844/841/841 845/842/842 843/840/840
f 843/840/840 776/771/771 778/773/773
f 846/843/843 847/844/844 845/842/842
f 845/842/842 774/770/770 776/771/771
f 850/845/845 847/844/844 848/846/846
f 849/847/847 774/770/770 847/844/844
f 852/848/848 849/847/847 850/845/845
f 851/849/849 772/768/768 849/847/847
f 854/850/850 851/849/849 852/848/848
f 853/851/851 770/766/766 851/849/849
f 855/852/852 852/848/848 857/853/853
f 858/854/854 855/852/852 857/853/853
f 860/855/855 857/853/853 859/856/856
f 857/853/853 850/845/845 859/856/856
f 862/857/857 859/856/856 861/858/810
f 859/856/856 848/846/846 861/858/810
f 862/857/857 863/859/858 864/860/859
f 863/859/858 848/846/846 846/843/843
f 864/860/859 865/861/860 866/862/861
f 865/861/860 846/843/843 844/841/841
f 866/862/861 867/863/862 868/864/863
f 867/863/862 844/841/841 842/839/839
f 868/864/863 869/865/864 870/866/865
f 869/865/864 842/839/839 840/837/837
f 870/866/865 871/867/866 872/868/867
f 871/867/866 840/837/837 838/835/835
f 872/868/867 873/869/868 874/870/869
f 873/869/868 838/835/835 836/833/833
f 874/870/869 875/871/870 876/872/871
f 875/871/870 836/833/833 834/831/831
f 876/872/871 877/873/872 878/874/873
f 877/873/872 834/831/831 832/829/829
f 880/875/874 877/873/872 879/876/875
f 879/876/875 832/829/829 830/827/827
f 880/875/874 881/877/876 882/878/877
f 881/877/876 830/827/827 828/825/825
f 884/879/878 881/877/876 883/880/879
f 883/880/879 828/825/825 826/823/823
f 886/881/880 883/880/879 885/882/881
f 885/882/881 826/823/823 824/821/821
f 888/883/882 885/882/881 887/884/883
f 887/884/883 824/821/821 822/819/819
f 890/885/884 887/884/883 889/886/885
f 889/886/885 822/819/819 820/816/816
f 892/887/886 889/886/885 891/888/887
f 891/888/887 820/816/816 818/814/814
f 894/889/888 891/888/887 893/890/889
f 893/890/889 818/814/814 816/812/812
f 896/891/890 893/890/889 895/892/891
f 895/892/891 816/812/812 814/809/809
f 898/893/892 895/892/891 897/894/893
f 897/894/893 814/809/809 812/810/810
f 898/893/892 518/517/517 516/515/515
f 897/894/893 520/811/811 518/517/517
f 899/895/894 896/891/890 898/893/892
f 514/512/512 898/893/892 516/515/515
f 900/896/895 901/897/896 899/895/894
f 512/510/510 899/895/894 514/512/512
f 902/898/897 903/899/898 901/897/896
f 901/897/896 894/889/888 896/891/890
f 904/900/899 905/901/900 903/899/898
f 903/899/898 892/887/886 894/889/888
f 906/902/901 907/903/902 905/901/900
f 905/901/900 890/885/884 892/887/886
f 908/904/903 909/905/904 907/903/902
f 907/903/902 888/883/882 890/885/884
f 910/906/905 911/907/906 909/905/904
f 909/905/904 886/881/880 888/883/882
f 914/908/907 911/907/906 912/909/908
f 911/907/906 884/879/878 886/881/880
f 916/910/909 913/911/910 914/908/907
f 915/912/911 884/879/878 913/911/910
f 918/913/912 915/912/911 916/910/909
f 917/914/913 882/878/877 915/912/911
f 920/915/914 917/914/913 918/913/912
f 919/916/915 880/875/874 917/914/913
f 920/915/914 921/917/916 919/916/915
f 919/916/915 876/872/871 878/874/873
f 924/918/917 921/917/916 922/919/918
f 923/920/919 876/872/871 921/917/916
f 926/921/920 923/920/919 924/918/917
f 925/922/921 874/870/869 923/920/919
f 928/923/922 925/922/921 926/921/920
f 927/924/923 872/868/867 925/922/921
f 930/925/924 927/924/923 928/923/922
f 929/926/925 870/866/865 927/924/923
f 932/927/926 929/926/925 930/925/924
f 931/928/927 868/864/863 929/926/925
f 934/929/928 931/928/927 932/927/926
f 933/930/929 866/862/861 931/928/927
f 936/931/930 933/930/929 934/929/928
f 935/932/931 864/860/859 933/930/929
f 938/933/932 935/932/931 936/931/930
f 935/932/931 860/855/855 862/857/857
f 940/934/933 937/935/934 938/933/932
f 937/935/934 858/854/854 860/855/855
f 942/936/935 939/937/936 940/934/933
f 939/937/936 856/938/937 858/854/854
f 943/939/938 940/934/933 945/940/939
f 944/941/940 945/940/939 946/942/941
f 946/942/941 947/943/942 948/944/943
f 945/940/939 938/933/932 947/943/942
f 948/944/943 949/945/944 950/946/945
f 947/943/942 936/931/930 949/945/944
f 950/946/945 951/947/946 952/948/947
f 949/945/944 934/929/928 951/947/946
f 952/948/947 953/949/948 954/950/949
f 951/947/946 932/927/926 953/949/948
f 954/950/949 955/951/950 956/952/951
f 953/949/948 930/925/924 955/951/950
f 956/952/951 957/953/952 958/954/953
f 955/951/950 928/923/922 957/953/952
f 958/954/953 959/955/954 960/956/955
f 957/953/952 926/921/920 959/955/954
f 960/956/955 961/957/956 962/958/957
f 959/955/954 924/918/917 961/957/956
f 964/959/958 961/957/956 963/960/959
f 961/957/956 922/919/918 963/960/959
f 964/959/958 965/961/960 966/962/961
f 963/960/959 920/915/914 965/961/960
f 966/962/961 967/963/962 968/964/963
f 965/961/960 918/913/912 967/963/962
f 968/964/963 969/965/964 970/966/965
f 967/963/962 916/910/909 969/965/964
f 970/966/965 971/967/966 972/968/967
f 969/965/964 914/908/907 971/967/966
f 972/968/967 973/969/968 974/970/969
f 971/967/966 912/909/908 973/969/968
f 974/970/969 975/971/970 976/972/971
f 975/971/970 912/909/908 910/906/905
f 978/973/972 975/971/970 977/974/973
f 977/974/973 910/906/905 908/904/903
f 980/975/974 977/974/973 979/976/975
f 979/976/975 908/904/903 906/902/901
f 982/977/976 979/976/975 981/978/977
f 981/978/977 906/902/901 904/900/899
f 984/979/978 981/978/977 983/980/979
f 983/980/979 904/900/899 902/898/897
f 986/981/980 983/980/979 985/982/981
f 985/982/981 902/898/897 900/896/895
f 508/506/506 985/982/981 510/508/508
f 510/508/508 900/896/895 512/510/510
f 987/983/982 984/979/978 986/981/980
f 506/984/983 986/981/980 508/506/506
f 988/985/984 982/977/976 984/979/978
f 989/986/985 980/975/974 982/977/976
f 990/987/986 978/973/972 980/975/974
f 991/988/987 976/972/971 978/973/972
f 993/989/988 976/972/971 992/990/989
f 994/991/990 974/970/969 993/989/988
f 995/992/991 972/968/967 994/991/990
f 996/993/992 970/966/965 995/992/991
f 997/994/993 968/964/963 996/993/992
f 998/995/994 966/962/961 997/994/993
f 999/996/995 964/959/958 998/995/994
f 999/996/995 960/956/955 962/958/957
f 1001/997/996 960/956/955 1000/998/997
f 1002/999/998 958/954/953 1001/997/996
f 1003/1000/999 956/952/951 1002/999/998
f 1004/1001/1000 954/950/949 1003/1000/999
f 1005/1002/1001 952/948/947 1004/1001/1000
f 1006/1003/1002 950/946/945 1005/1002/1001
f 1007/1004/1003 948/944/943 1006/1003/1002
f 1008/1005/1004 946/942/941 1007/1004/1003
f 505/505/505 506/984/983 508/506/506
f 507/507/507 508/506/506 510/508/508
f 509/509/509 510/508/508 512/510/510
f 511/511/511 512/510/510 514/512/512
f 514/512/512 516/515/515 515/514/514
f 516/515/515 518/517/517 517/516/516
f 518/517/517 520/811/811 519/518/518
f 519/518/518 520/811/811 522/519/519
f 521/520/520 522/519/519 524/521/521
f 523/522/522 524/521/521 526/523/523
f 525/524/524 526/523/523 528/525/525
f 527/526/526 528/525/525 530/527/527
f 529/528/528 530/527/527 532/529/529
f 531/530/530 532/529/529 534/531/531
f 534/531/531 536/534/534 535/533/533
f 536/534/534 538/536/536 537/535/535
f 538/536/536 540/538/538 539/537/537
f 540/538/538 542/540/540 541/539/539
f 542/540/540 544/542/542 543/541/541
f 544/542/542 546/545/545 545/543/543
f 544/542/542 548/546/546 547/544/544
f 548/546/546 550/548/548 549/547/547
f 550/548/548 552/550/550 551/549/549
f 552/550/550 554/552/552 553/551/551
f 554/552/552 556/554/554 555/553/553
f 556/554/554 558/556/556 557/555/555
f 558/556/556 560/558/558 559/557/557
f 560/558/558 562/560/560 561/559/559
f 562/560/560 564/562/562 563/561/561
f 564/562/562 566/565/565 565/563/563
f 568/564/564 567/567/567 565/563/563
f 570/566/566 569/569/569 567/567/567
f 572/568/568 571/571/571 569/569/569
f 574/570/570 573/573/573 571/571/571
f 576/572/572 575/575/575 573/573/573
f 576/572/572 578/576/576 577/574/574
f 578/576/576 580/578/578 579/577/577
f 580/578/578 582/580/580 581/579/579
f 582/580/580 584/582/582 583/581/581
f 584/582/582 586/584/584 585/583/583
f 586/584/584 588/586/586 587/585/585
f 588/586/586 590/589/589 589/587/587
f 593/588/588 591/591/591 590/589/589
f 594/590/590 592/1006/1005 591/591/591
f 596/592/592 594/590/590 593/588/588
f 595/593/593 593/588/588 588/586/586
f 598/594/594 596/592/592 595/593/593
f 597/595/595 595/593/593 586/584/584
f 600/596/596 598/594/594 597/595/595
f 599/597/597 597/595/595 584/582/582
f 602/598/598 600/596/596 599/597/597
f 601/599/599 599/597/597 582/580/580
f 604/600/600 602/598/598 601/599/599
f 603/601/601 601/599/599 580/578/578
f 606/602/602 604/600/600 603/601/601
f 605/603/603 603/601/601 578/576/576
f 608/604/604 606/602/602 605/603/603
f 607/605/605 605/603/603 576/572/572
f 610/606/606 608/604/604 607/605/605
f 607/605/605 574/570/570 572/568/568
f 610/606/606 609/607/607 611/608/608
f 609/607/607 572/568/568 570/566/566
f 612/609/609 611/608/608 613/610/610
f 611/608/608 570/566/566 568/564/564
f 614/611/611 613/610/610 615/612/612
f 613/610/610 568/564/564 566/565/565
f 618/614/614 616/613/613 615/612/612
f 617/615/615 615/612/612 566/565/565
f 620/616/616 618/614/614 617/615/615
f 619/617/617 617/615/615 564/562/562
f 622/618/618 620/616/616 619/617/617
f 621/619/619 619/617/617 562/560/560
f 624/620/620 622/618/618 621/619/619
f 623/621/621 621/619/619 560/558/558
f 626/622/622 624/620/620 623/621/621
f 625/623/623 623/621/621 558/556/556
f 628/624/624 626/622/622 625/623/623
f 627/625/625 625/623/623 556/554/554
f 630/626/626 628/624/624 627/625/625
f 629/627/627 627/625/625 554/552/552
f 632/628/628 630/626/626 629/627/627
f 631/629/629 629/627/627 552/550/550
f 634/630/630 632/628/628 631/629/629
f 633/631/631 631/629/629 550/548/548
f 540/538/538 634/630/630 633/631/631
f 542/540/540 633/631/631 548/546/546
f 635/632/632 637/634/634 632/628/628
f 538/536/536 635/632/632 634/630/630
f 636/633/633 638/635/635 637/634/634
f 536/534/534 636/633/633 635/632/632
f 638/635/635 640/637/637 639/636/636
f 637/634/634 639/636/636 630/626/626
f 640/637/637 642/639/639 641/638/638
f 639/636/636 641/638/638 628/624/624
f 642/639/639 644/641/641 643/640/640
f 641/638/638 643/640/640 626/622/622
f 644/641/641 646/644/644 645/642/642
f 643/640/640 645/642/642 624/620/620
f 648/643/643 647/646/646 645/642/642
f 645/642/642 647/646/646 622/618/618
f 650/645/645 649/647/647 647/646/646
f 649/647/647 620/616/616 622/618/618
f 652/648/648 651/649/649 649/647/647
f 651/649/649 618/614/614 620/616/616
f 654/650/650 653/651/651 651/649/649
f 653/651/651 616/613/613 618/614/614
f 654/650/650 656/653/653 655/652/652
f 653/651/651 655/652/652 614/611/611
f 656/653/653 658/655/655 657/654/654
f 655/652/652 657/654/654 612/609/609
f 658/655/655 660/657/657 659/656/656
f 657/654/654 659/656/656 610/606/606
f 660/657/657 662/659/659 661/658/658
f 659/656/656 661/658/658 608/604/604
f 662/659/659 664/662/662 663/660/660
f 661/658/658 663/660/660 606/602/602
f 666/661/661 665/664/664 663/660/660
f 663/660/660 665/664/664 604/600/600
f 668/663/663 667/666/666 665/664/664
f 665/664/664 667/666/666 602/598/598
f 670/665/665 669/667/667 667/666/666
f 669/667/667 600/596/596 602/598/598
f 672/668/668 671/669/669 669/667/667
f 671/669/669 598/594/594 600/596/596
f 674/670/670 673/671/671 671/669/669
f 673/671/671 596/592/592 598/594/594
f 676/672/672 675/673/673 673/671/671
f 675/673/673 594/590/590 596/592/592
f 678/674/674 677/675/675 675/673/673
f 677/675/675 592/1006/1005 594/590/590
f 679/676/676 678/674/674 676/672/672
f 680/678/678 679/676/676 681/677/677
f 682/679/679 681/677/677 683/680/680
f 681/677/677 676/672/672 674/670/670
f 684/681/681 683/680/680 685/682/682
f 683/680/680 674/670/670 672/668/668
f 686/683/683 685/682/682 687/684/684
f 685/682/682 672/668/668 670/665/665
f 688/685/685 687/684/684 689/686/686
f 687/684/684 670/665/665 668/663/663
f 690/687/687 689/686/686 691/688/688
f 689/686/686 668/663/663 666/661/661
f 692/689/689 691/688/688 693/690/690
f 691/688/688 666/661/661 664/662/662
f 694/691/691 693/690/690 695/692/692
f 695/692/692 693/690/690 664/662/662
f 698/694/694 696/693/693 695/692/692
f 697/695/695 695/692/692 662/659/659
f 700/696/696 698/694/694 697/695/695
f 699/697/697 697/695/695 660/657/657
f 702/698/698 700/696/696 699/697/697
f 701/699/699 699/697/697 658/655/655
f 704/700/700 702/698/698 701/699/699
f 703/701/701 701/699/699 656/653/653
f 704/700/700 703/701/701 705/702/702
f 703/701/701 654/650/650 652/648/648
f 706/703/703 705/702/702 707/704/704
f 705/702/702 652/648/648 650/645/645
f 708/705/705 707/704/704 709/706/706
f 707/704/704 650/645/645 648/643/643
f 710/707/707 709/706/706 711/708/708
f 709/706/706 648/643/643 646/644/644
f 712/709/709 711/708/708 713/710/710
f 711/708/708 646/644/644 644/641/641
f 716/712/712 714/711/711 713/710/710
f 715/713/713 713/710/710 644/641/641
f 718/714/714 716/712/712 715/713/713
f 717/715/715 715/713/713 642/639/639
f 720/716/716 718/714/714 717/715/715
f 719/717/717 717/715/715 640/637/637
f 722/718/718 720/716/716 719/717/717
f 721/719/719 719/717/717 638/635/635
f 532/529/529 722/718/718 721/719/719
f 534/531/531 721/719/719 636/633/633
f 723/720/720 725/724/724 720/716/716
f 530/527/527 723/720/720 722/718/718
f 726/721/721 725/724/724 723/720/720
f 528/525/525 724/722/722 723/720/720
f 726/721/721 728/725/725 727/723/723
f 725/724/724 727/723/723 718/714/714
f 728/725/725 730/727/727 729/726/726
f 727/723/723 729/726/726 716/712/712
f 730/727/727 732/729/729 731/728/728
f 729/726/726 731/728/728 714/711/711
f 732/729/729 734/732/732 733/730/730
f 731/728/728 733/730/730 712/709/709
f 736/731/731 735/733/733 733/730/730
f 735/733/733 710/707/707 712/709/709
f 738/734/734 737/735/735 735/733/733
f 737/735/735 708/705/705 710/707/707
f 740/736/736 739/737/737 737/735/735
f 739/737/737 706/703/703 708/705/705
f 742/738/738 741/739/739 739/737/737
f 741/739/739 704/700/700 706/703/703
f 742/738/738 744/741/741 743/740/740
f 741/739/739 743/740/740 702/698/698
f 744/741/741 746/743/743 745/742/742
f 743/740/740 745/742/742 700/696/696
f 746/743/743 748/745/745 747/744/744
f 745/742/742 747/744/744 698/694/694
f 748/745/745 750/747/747 749/746/746
f 747/744/744 749/746/746 696/693/693
f 750/747/747 752/749/749 751/748/748
f 749/746/746 751/748/748 694/691/691
f 752/749/749 754/751/751 753/750/750
f 753/750/750 692/689/689 694/691/691
f 754/751/751 756/753/753 755/752/752
f 755/752/752 690/687/687 692/689/689
f 756/753/753 758/755/755 757/754/754
f 757/754/754 688/685/685 690/687/687
f 758/755/755 760/757/757 759/756/756
f 759/756/756 686/683/683 688/685/685
f 760/757/757 762/760/760 761/758/758
f 761/758/758 684/681/681 686/683/683
f 764/759/759 763/761/761 761/758/758
f 763/761/761 682/679/679 684/681/681
f 766/762/762 765/1007/1006 763/761/761
f 763/761/761 765/1007/1006 680/678/678
f 767/763/763 766/762/762 764/759/759
f 768/765/765 767/763/763 769/764/764
f 770/766/766 769/764/764 771/767/767
f 769/764/764 764/759/759 762/760/760
f 772/768/768 771/767/767 773/769/769
f 773/769/769 771/767/767 762/760/760
f 776/771/771 774/770/770 773/769/769
f 775/772/772 773/769/769 760/757/757
f 778/773/773 776/771/771 775/772/772
f 777/774/774 775/772/772 758/755/755
f 780/775/775 778/773/773 777/774/774
f 779/776/776 777/774/774 756/753/753
f 782/777/777 780/775/775 779/776/776
f 781/778/778 779/776/776 754/751/751
f 784/779/779 782/777/777 781/778/778
f 783/780/780 781/778/778 752/749/749
f 786/781/781 784/779/779 783/780/780
f 785/782/782 783/780/780 750/747/747
f 788/783/783 786/781/781 785/782/782
f 787/784/784 785/782/782 748/745/745
f 790/785/785 788/783/783 787/784/784
f 789/786/786 787/784/784 746/743/743
f 792/787/787 790/785/785 789/786/786
f 791/788/788 789/786/786 744/741/741
f 792/787/787 791/788/788 793/789/789
f 791/788/788 742/738/738 740/736/736
f 796/791/791 794/790/790 793/789/789
f 793/789/789 740/736/736 738/734/734
f 798/793/793 796/791/791 795/792/792
f 795/792/792 738/734/734 736/731/731
f 800/795/795 798/793/793 797/794/794
f 797/794/794 736/731/731 734/732/732
f 800/795/795 799/796/796 801/797/797
f 799/796/796 734/732/732 732/729/729
f 802/798/798 801/797/797 803/799/799
f 801/797/797 732/729/729 730/727/727
f 804/800/800 803/799/799 805/801/801
f 803/799/799 730/727/727 728/725/725
f 806/802/802 805/801/801 807/803/803
f 805/801/801 728/725/725 726/721/721
f 808/804/804 807/803/803 809/805/805
f 807/803/803 726/721/721 724/722/722
f 524/521/521 810/806/806 809/805/805
f 526/523/523 809/805/805 724/722/722
f 813/807/807 808/804/804 810/806/806
f 522/519/519 811/808/808 810/806/806
f 814/809/809 813/807/807 811/808/808
f 520/811/811 812/810/810 811/808/808
f 816/812/812 815/813/813 813/807/807
f 815/813/813 806/802/802 808/804/804
f 818/814/814 817/815/815 815/813/813
f 817/815/815 804/800/800 806/802/802
f 820/816/816 819/817/817 817/815/815
f 819/817/817 802/798/798 804/800/800
f 820/816/816 822/819/819 821/818/818
f 821/818/818 800/795/795 802/798/798
f 822/819/819 824/821/821 823/820/820
f 821/818/818 823/820/820 798/793/793
f 824/821/821 826/823/823 825/822/822
f 823/820/820 825/822/822 796/791/791
f 826/823/823 828/825/825 827/824/824
f 825/822/822 827/824/824 794/790/790
f 828/825/825 830/827/827 829/826/826
f 827/824/824 829/826/826 792/787/787
f 830/827/827 832/829/829 831/828/828
f 829/826/826 831/828/828 790/785/785
f 832/829/829 834/831/831 833/830/830
f 831/828/828 833/830/830 788/783/783
f 834/831/831 836/833/833 835/832/832
f 833/830/830 835/832/832 786/781/781
f 836/833/833 838/835/835 837/834/834
f 835/832/832 837/834/834 784/779/779
f 838/835/835 840/837/837 839/836/836
f 837/834/834 839/836/836 782/777/777
f 840/837/837 842/839/839 841/838/838
f 839/836/836 841/838/838 780/775/775
f 842/839/839 844/841/841 843/840/840
f 841/838/838 843/840/840 778/773/773
f 844/841/841 846/843/843 845/842/842
f 843/840/840 845/842/842 776/771/771
f 846/843/843 848/846/846 847/844/844
f 845/842/842 847/844/844 774/770/770
f 850/845/845 849/847/847 847/844/844
f 849/847/847 772/768/768 774/770/770
f 852/848/848 851/849/849 849/847/847
f 851/849/849 770/766/766 772/768/768
f 854/850/850 853/851/851 851/849/849
f 853/851/851 768/765/765 770/766/766
f 855/852/852 854/850/850 852/848/848
f 858/854/854 856/938/937 855/852/852
f 860/855/855 858/854/854 857/853/853
f 857/853/853 852/848/848 850/845/845
f 862/857/857 860/855/855 859/856/856
f 859/856/856 850/845/845 848/846/846
f 862/857/857 861/858/810 863/859/858
f 863/859/858 861/858/810 848/846/846
f 864/860/859 863/859/858 865/861/860
f 865/861/860 863/859/858 846/843/843
f 866/862/861 865/861/860 867/863/862
f 867/863/862 865/861/860 844/841/841
f 868/864/863 867/863/862 869/865/864
f 869/865/864 867/863/862 842/839/839
f 870/866/865 869/865/864 871/867/866
f 871/867/866 869/865/864 840/837/837
f 872/868/867 871/867/866 873/869/868
f 873/869/868 871/867/866 838/835/835
f 874/870/869 873/869/868 875/871/870
f 875/871/870 873/869/868 836/833/833
f 876/872/871 875/871/870 877/873/872
f 877/873/872 875/871/870 834/831/831
f 880/875/874 878/874/873 877/873/872
f 879/876/875 877/873/872 832/829/829
f 880/875/874 879/876/875 881/877/876
f 881/877/876 879/876/875 830/827/827
f 884/879/878 882/878/877 881/877/876
f 883/880/879 881/877/876 828/825/825
f 886/881/880 884/879/878 883/880/879
f 885/882/881 883/880/879 826/823/823
f 888/883/882 886/881/880 885/882/881
f 887/884/883 885/882/881 824/821/821
f 890/885/884 888/883/882 887/884/883
f 889/886/885 887/884/883 822/819/819
f 892/887/886 890/885/884 889/886/885
f 891/888/887 889/886/885 820/816/816
f 894/889/888 892/887/886 891/888/887
f 893/890/889 891/888/887 818/814/814
f 896/891/890 894/889/888 893/890/889
f 895/892/891 893/890/889 816/812/812
f 898/893/892 896/891/890 895/892/891
f 897/894/893 895/892/891 814/809/809
f 898/893/892 897/894/893 518/517/517
f 897/894/893 812/810/810 520/811/811
f 899/895/894 901/897/896 896/891/890
f 514/512/512 899/895/894 898/893/892
f 900/896/895 902/898/897 901/897/896
f 512/510/510 900/896/895 899/895/894
f 902/898/897 904/900/899 903/899/898
f 901/897/896 903/899/898 894/889/888
f 904/900/899 906/902/901 905/901/900
f 903/899/898 905/901/900 892/887/886
f 906/902/901 908/904/903 907/903/902
f 905/901/900 907/903/902 890/885/884
f 908/904/903 910/906/905 909/905/904
f 907/903/902 909/905/904 888/883/882
f 910/906/905 912/909/908 911/907/906
f 909/905/904 911/907/906 886/881/880
f 914/908/907 913/911/910 911/907/906
f 911/907/906 913/911/910 884/879/878
f 916/910/909 915/912/911 913/911/910
f 915/912/911 882/878/877 884/879/878
f 918/913/912 917/914/913 915/912/911
f 917/914/913 880/875/874 882/878/877
f 920/915/914 919/916/915 917/914/913
f 919/916/915 878/874/873 880/875/874
f 920/915/914 922/919/918 921/917/916
f 919/916/915 921/917/916 876/872/871
f 924/918/917 923/920/919 921/917/916
f 923/920/919 874/870/869 876/872/871
f 926/921/920 925/922/921 923/920/919
f 925/922/921 872/868/867 874/870/869
f 928/923/922 927/924/923 925/922/921
f 927/924/923 870/866/865 872/868/867
f 930/925/924 929/926/925 927/924/923
f 929/926/925 868/864/863 870/866/865
f 932/927/926 931/928/927 929/926/925
f 931/928/927 866/862/861 868/864/863
f 934/929/928 933/930/929 931/928/927
f 933/930/929 864/860/859 866/862/861
f 936/931/930 935/932/931 933/930/929
f 935/932/931 862/857/857 864/860/859
f 938/933/932 937/935/934 935/932/931
f 935/932/931 937/935/934 860/855/855
f 940/934/933 939/937/936 937/935/934
f 937/935/934 939/937/936 858/854/854
f 942/936/935 941/1008/1007 939/937/936
f 939/937/936 941/1008/1007 856/938/937
f 943/939/938 942/936/935 940/934/933
f 944/941/940 943/939/938 945/940/939
f 946/942/941 945/940/939 947/943/942
f 945/940/939 940/934/933 938/933/932
f 948/944/943 947/943/942 949/945/944
f 947/943/942 938/933/932 936/931/930
f 950/946/945 949/945/944 951/947/946
f 949/945/944 936/931/930 934/929/928
f 952/948/947 951/947/946 953/949/948
f 951/947/946 934/929/928 932/927/926
f 954/950/949 953/949/948 955/951/950
f 953/949/948 932/927/926 930/925/924
f 956/952/951 955/951/950 957/953/952
f 955/951/950 930/925/924 928/923/922
f 958/954/953 957/953/952 959/955/954
f 957/953/952 928/923/922 926/921/920
f 960/956/955 959/955/954 961/957/956
f 959/955/954 926/921/920 924/918/917
f 964/959/958 962/958/957 961/957/956
f 961/957/956 924/918/917 922/919/918
f 964/959/958 963/960/959 965/961/960
f 963/960/959 922/919/918 920/915/914
f 966/962/961 965/961/960 967/963/962
f 965/961/960 920/915/914 918/913/912
f 968/964/963 967/963/962 969/965/964
f 967/963/962 918/913/912 916/910/909
f 970/966/965 969/965/964 971/967/966
f 969/965/964 916/910/909 914/908/907
f 972/968/967 971/967/966 973/969/968
f 971/967/966 914/908/907 912/909/908
f 974/970/969 973/969/968 975/971/970
f 975/971/970 973/969/968 912/909/908
f 978/973/972 976/972/971 975/971/970
f 977/974/973 975/971/970 910/906/905
f 980/975/974 978/973/972 977/974/973
f 979/976/975 977/974/973 908/904/903
f 982/977/976 980/975/974 979/976/975
f 981/978/977 979/976/975 906/902/901
f 984/979/978 982/977/976 981/978/977
f 983/980/979 981/978/977 904/900/899
f 986/981/980 984/979/978 983/980/979
f 985/982/981 983/980/979 902/898/897
f 508/506/506 986/981/980 985/982/981
f 510/508/508 985/982/981 900/896/895
f 987/983/982 988/985/984 984/979/978
f 506/984/983 987/983/982 986/981/980
f 988/985/984 989/986/985 982/977/976
f 989/986/985 990/987/986 980/975/974
f 990/987/986 991/988/987 978/973/972
f 991/988/987 992/990/989 976/972/971
f 993/989/988 974/970/969 976/972/971
f 994/991/990 972/968/967 974/970/969
f 995/992/991 970/966/965 972/968/967
f 996/993/992 968/964/963 970/966/965
f 997/994/993 966/962/961 968/964/963
f 998/995/994 964/959/958 966/962/961
f 999/996/995 962/958/957 964/959/958
f 999/996/995 1000/998/997 960/956/955
f 1001/997/996 958/954/953 960/956/955
f 1002/999/998 956/952/951 958/954/953
f 1003/1000/999 954/950/949 956/952/951
f 1004/1001/1000 952/948/947 954/950/949
f 1005/1002/1001 950/946/945 952/948/947
f 1006/1003/1002 948/944/943 950/946/945
f 1007/1004/1003 946/942/941 948/944/943
f 1008/1005/1004 944/941/940 946/942/941
