# Blender 5.1.0
# www.blender.org
mtllib moon_rock_04_1k.mtl
g moon_rock_04_LOD0_Mesh
v -0.059852 0.009184 -0.001177
v -0.058585 0.010980 -0.001089
v -0.056066 0.009610 -0.001774
v -0.037123 0.008591 -0.001331
v -0.036037 0.007081 -0.001979
v -0.039789 0.005487 -0.002467
v -0.076167 0.027661 0.001920
v -0.074221 0.028462 0.000785
v -0.077623 0.024417 0.001015
v -0.072943 0.025092 -0.000189
v -0.073769 0.028536 0.002625
v -0.075222 0.026028 0.004654
v -0.072632 0.028408 0.004557
v -0.077475 0.022197 0.004985
v -0.042060 0.005491 -0.002502
v -0.039592 0.009407 -0.001925
v -0.042810 0.008230 -0.002317
v -0.047231 0.009395 -0.002020
v -0.046297 0.004376 -0.001933
v -0.059140 0.007306 -0.001738
v -0.062770 0.007724 -0.001766
v -0.068807 0.035819 0.003493
v -0.069223 0.037530 0.001632
v -0.070176 0.034309 0.001261
v -0.048124 0.007669 -0.001958
v -0.062180 0.012715 -0.001565
v -0.063764 0.010654 -0.001684
v -0.060378 0.012768 -0.001143
v -0.066723 0.035550 -0.000229
v -0.067361 0.032441 -0.000236
v -0.067507 0.039452 0.000248
v -0.062577 0.034209 -0.000890
v -0.063030 0.037958 -0.000329
v -0.035959 0.011441 -0.000807
v -0.056908 0.012727 -0.001511
v -0.058835 0.014854 -0.001516
v -0.055855 0.015320 -0.001292
v -0.059596 0.016598 -0.001430
v -0.040114 0.018570 -0.001618
v -0.037709 0.019984 -0.001393
v -0.037196 0.015154 -0.001577
v -0.057893 0.017805 -0.001439
v -0.055902 0.017228 -0.001188
v -0.067097 0.040050 0.003269
v -0.062311 0.017207 -0.001147
v -0.064343 0.016676 -0.001431
v -0.049047 0.018689 -0.001520
v -0.051517 0.015757 -0.001648
v -0.051766 0.019833 -0.001570
v -0.054362 0.019023 -0.001553
v -0.036103 0.022828 -0.000513
v -0.038426 0.024382 -0.000633
v -0.041049 0.011621 -0.001316
v -0.045472 0.009739 -0.001350
v -0.050126 0.021380 -0.001226
v -0.066636 0.037273 0.005181
v -0.065272 0.037323 0.006819
v -0.067326 0.032685 0.006789
v -0.064233 0.035046 0.008404
v -0.066656 0.030918 0.008549
v -0.072261 0.031846 0.001880
v -0.069414 0.030182 0.000874
v -0.070384 0.028370 0.000230
v -0.066336 0.028912 -0.000886
v -0.067649 0.027245 -0.000456
v -0.068225 0.023824 -0.000854
v -0.070531 0.030440 0.004645
v -0.071501 0.028075 0.004533
v -0.068681 0.029180 0.007462
v -0.074225 0.025236 0.005559
v -0.073043 0.024727 0.007156
v -0.073043 0.022970 0.007894
v -0.070273 0.025751 0.007010
v -0.069158 0.024853 0.009420
v -0.067977 0.027235 0.009426
v -0.065151 0.030511 -0.000727
v -0.062700 0.030729 -0.001076
v -0.065554 0.026591 -0.001014
v -0.065788 0.024187 -0.000918
v -0.063140 0.025307 -0.001328
v -0.052213 0.022924 -0.001705
v -0.060485 0.039061 0.009597
v -0.060196 0.036146 0.010268
v -0.063746 0.031539 0.010460
v -0.059968 0.031637 0.012036
v -0.068448 0.025357 0.010551
v -0.070419 0.022509 0.011301
v -0.066441 0.024495 0.013091
v -0.063650 0.027151 0.013725
v -0.064114 0.029180 0.011596
v -0.060629 0.028547 0.013890
v -0.061762 0.025288 0.015954
v -0.064149 0.023171 0.015677
v -0.060307 0.026859 0.016395
v -0.059908 0.024258 0.018266
v -0.057719 0.026519 0.018029
v -0.063963 0.021522 0.016638
v -0.042673 0.013868 -0.001384
v -0.042220 0.018114 -0.001622
v -0.059351 0.036115 -0.000636
v -0.060300 0.040020 -0.000344
v -0.056387 0.036701 -0.000575
v -0.058918 0.032423 -0.001029
v -0.056274 0.034601 -0.000425
v -0.044309 0.016143 -0.001623
v -0.046612 0.012659 -0.001548
v -0.054997 0.022297 -0.001606
v -0.057080 0.041599 0.000359
v -0.053232 0.038197 0.000264
v -0.058063 0.020734 -0.001915
v -0.052498 0.035849 0.000110
v -0.050173 0.037786 0.000903
v -0.055657 0.032212 -0.000835
v -0.061039 0.028846 -0.001225
v -0.056658 0.028656 -0.001418
v -0.059486 0.025468 -0.001518
v -0.056171 0.026910 -0.001007
v -0.053709 0.031127 -0.001354
v -0.050102 0.033100 -0.000207
v -0.051304 0.030891 -0.001459
v -0.053957 0.028736 -0.001193
v -0.056505 0.023896 -0.001212
v -0.051028 0.027539 -0.000851
v -0.052582 0.025201 -0.001261
v -0.048927 0.025336 -0.001641
v -0.049005 0.013065 -0.001321
v -0.051336 0.010361 -0.001559
v -0.051105 0.012614 -0.001838
v -0.057305 0.036672 0.011080
v -0.047092 0.015953 -0.001466
v -0.055326 0.038051 0.011935
v -0.057566 0.039557 0.010899
v -0.052061 0.014106 -0.001214
v -0.053937 0.035051 0.013115
v -0.053808 0.037281 0.012901
v -0.058548 0.034459 0.011676
v -0.056479 0.032106 0.013118
v -0.055237 0.033720 0.013195
v -0.041772 0.019609 -0.002131
v -0.045281 0.018894 -0.001150
v -0.045614 0.021080 -0.001636
v -0.050904 0.037679 0.013124
v -0.052251 0.033146 0.014262
v -0.050369 0.034525 0.015235
v -0.050248 0.035768 0.014153
v -0.052881 0.029529 0.016097
v -0.040960 0.022496 -0.001633
v -0.050618 0.031962 0.015940
v -0.048150 0.037545 0.015069
v -0.047766 0.034433 0.016584
v -0.049238 0.030322 0.017706
v -0.045793 0.032797 0.018450
v -0.058316 0.030077 0.013670
v -0.058010 0.028370 0.015300
v -0.055499 0.028747 0.015820
v -0.055478 0.027458 0.018160
v -0.053019 0.027215 0.018595
v -0.056821 0.024639 0.019584
v -0.058660 0.023567 0.018693
v -0.060033 0.019557 -0.001511
v -0.042136 0.024685 -0.001234
v -0.044698 0.023577 -0.001881
v -0.047099 0.026577 -0.001044
v -0.062278 0.020525 -0.001411
v -0.060317 0.022278 -0.001587
v -0.047734 0.023016 -0.001787
v -0.049186 0.024076 -0.001280
v -0.081984 0.016201 0.002176
v -0.080435 0.018421 0.003161
v -0.080713 0.017994 0.001088
v -0.081869 0.015713 0.004465
v -0.079939 0.016228 0.005530
v -0.078654 0.021054 0.000623
v -0.079023 0.022630 0.001716
v -0.072888 0.022973 0.000002
v -0.075614 0.020370 0.000394
v -0.077972 0.016975 0.000914
v -0.079045 0.019239 0.004535
v -0.075549 0.021358 0.006788
v -0.075257 0.020071 0.008418
v -0.078213 0.016636 0.006673
v -0.081486 0.014262 0.001298
v -0.077306 0.018751 0.007010
v -0.076724 0.017486 0.008874
v -0.079318 0.015338 0.008293
v -0.076255 0.014640 0.010342
v -0.074663 0.018021 0.000776
v -0.075561 0.015491 0.000381
v -0.072808 0.018766 -0.000275
v -0.080929 0.011016 0.002173
v -0.083448 0.012672 0.003839
v -0.039418 0.026747 -0.000305
v -0.036345 0.026731 -0.000398
v -0.081708 0.013823 0.006152
v -0.080079 0.014215 0.007691
v -0.054120 0.012706 -0.001794
v -0.039932 0.029487 0.000360
v -0.036903 0.028809 0.000504
v -0.037219 0.036437 0.000949
v -0.036183 0.036333 0.002059
v -0.037983 0.032725 0.000878
v -0.064028 0.018014 0.019449
v -0.062332 0.020723 0.018891
v -0.066312 0.019897 0.016802
v -0.070350 0.012097 0.018158
v -0.071807 0.008888 0.018318
v -0.069752 0.009797 0.020000
v -0.080195 0.008925 0.002237
v -0.081142 0.008002 0.004095
v -0.053447 0.006552 -0.002153
v -0.077977 0.014475 0.000964
v -0.077438 0.011436 0.001399
v -0.071477 0.013750 0.000033
v -0.075052 0.009530 0.001490
v -0.078436 0.007275 0.003578
v -0.075167 0.007502 0.002585
v -0.072855 0.021057 0.009730
v -0.074564 0.017700 0.010778
v -0.071987 0.019775 0.012522
v -0.073826 0.015424 0.013120
v -0.080237 0.010330 0.009292
v -0.078777 0.013006 0.009692
v -0.080330 0.012427 0.008119
v -0.078516 0.010514 0.011306
v -0.068535 0.011111 0.020539
v -0.066636 0.014181 0.019486
v -0.068755 0.013785 0.018260
v -0.080421 0.007979 0.010890
v -0.080740 0.007061 0.012206
v -0.078922 0.007679 0.012312
v -0.076127 0.008499 0.015180
v -0.079723 0.005816 0.013735
v -0.077609 0.012475 0.011552
v -0.074025 0.013056 0.013986
v -0.077552 0.009592 0.013360
v -0.074816 0.011020 0.014302
v -0.071547 0.015027 0.015002
v -0.072429 0.011701 0.016542
v -0.074722 0.010072 0.016215
v -0.077267 0.006698 0.015997
v -0.074214 0.007602 0.017184
v -0.074275 0.006477 0.016407
v -0.073024 0.004637 0.017132
v -0.072439 0.006610 0.017916
v -0.070498 0.005312 0.020404
v -0.042937 0.037871 0.017514
v -0.045349 0.038513 0.015745
v -0.082188 0.006949 0.004634
v -0.043323 0.028856 -0.000054
v -0.043590 0.031449 0.000372
v -0.078425 0.003341 0.003678
v -0.045774 0.029822 -0.000747
v -0.041225 0.034298 0.001182
v -0.048260 0.029101 -0.001097
v -0.045765 0.033578 0.000141
v -0.048179 0.030693 -0.000464
v -0.076712 0.003460 0.015182
v -0.077917 0.003901 0.013501
v -0.072247 0.007258 0.000976
v -0.081264 0.002386 0.010943
v -0.073369 0.004026 0.002364
v -0.042982 0.035308 0.000717
v -0.042838 0.038401 0.001062
v -0.045692 0.038001 0.001132
v -0.040783 0.040770 0.001708
v -0.067098 0.006316 -0.000060
v -0.069695 0.007394 0.000552
v -0.066534 0.008140 -0.000884
v -0.047158 0.036314 -0.000022
v -0.048467 0.037937 0.000342
v -0.064556 0.006197 -0.001444
v -0.061390 0.005648 -0.001263
v -0.071030 0.003773 0.020632
v -0.058598 0.022075 0.020133
v -0.049167 0.005959 -0.001813
v -0.057782 0.005874 -0.001654
v -0.069562 0.021771 -0.000263
v -0.069768 0.017592 -0.000606
v -0.065968 0.019566 -0.001083
v -0.066900 0.014458 -0.001211
v -0.070015 0.011967 -0.000434
v -0.071795 0.010329 0.000478
v -0.066401 0.010991 -0.001387
v -0.067927 0.010345 -0.000149
v -0.064756 0.013691 -0.001179
v -0.070058 0.021176 0.012567
v -0.069192 0.018339 0.015232
v -0.066790 0.020031 0.014933
v -0.067047 0.022609 0.014445
v -0.069252 0.016908 0.016500
v -0.066502 0.016880 0.018121
v -0.064910 0.015134 0.020380
v -0.064572 0.040926 0.000056
v -0.041438 -0.013474 -0.000591
v -0.043747 -0.015341 -0.000474
v -0.045571 -0.012093 -0.000183
v -0.036906 -0.019230 0.000367
v -0.034328 -0.022111 0.000245
v -0.035531 -0.023425 -0.000165
v -0.033562 -0.020519 0.000371
v -0.036948 -0.015930 -0.000961
v -0.034505 -0.017451 -0.000863
v -0.039340 -0.012985 -0.001012
v -0.036668 -0.013222 -0.001676
v -0.039927 -0.016815 -0.000804
v -0.040085 -0.019061 -0.000103
v -0.038733 -0.022828 -0.000411
v -0.041474 -0.023390 -0.000737
v -0.043979 -0.021709 -0.000611
v -0.045147 -0.018799 -0.001039
v -0.050029 -0.018844 -0.000347
v -0.048159 -0.017416 -0.000687
v -0.046602 -0.023051 -0.000339
v -0.048889 -0.022828 -0.000631
v -0.081430 0.002266 0.004653
v -0.047825 -0.013502 -0.000280
v -0.036889 -0.007682 -0.002775
v -0.040829 -0.009445 -0.002326
v -0.070364 -0.012305 0.001931
v -0.069522 -0.009391 0.000659
v -0.070622 -0.013714 0.001179
v -0.073091 -0.022581 0.011364
v -0.075163 -0.018297 0.010011
v -0.075504 -0.022499 0.010485
v -0.078973 -0.000907 0.004644
v -0.074183 -0.001461 0.003561
v -0.073883 0.001822 0.003088
v -0.043645 -0.008614 -0.001806
v -0.047164 -0.008979 -0.000455
v -0.050882 -0.009881 -0.000005
v -0.052226 -0.012180 -0.000116
v -0.051435 -0.016107 -0.000214
v -0.048667 -0.007615 -0.001007
v -0.074017 -0.022207 0.005155
v -0.072282 -0.020812 0.004342
v -0.071208 -0.023711 0.004258
v -0.071301 -0.020524 0.012689
v -0.079078 -0.005198 0.004535
v -0.080348 -0.009041 0.003791
v -0.084155 -0.005406 0.004606
v -0.054084 -0.019420 0.000094
v -0.057791 -0.022204 -0.000150
v -0.056095 -0.017524 -0.000304
v -0.075808 -0.020714 0.005324
v -0.074765 -0.011539 0.010382
v -0.078435 -0.009330 0.007684
v -0.078908 -0.012179 0.006829
v -0.080956 -0.008113 0.005688
v -0.079508 -0.010827 0.005642
v -0.053903 -0.016064 -0.000177
v -0.076064 -0.008798 0.003063
v -0.073121 -0.004278 0.002634
v -0.070064 -0.006175 0.001310
v -0.052815 -0.022514 -0.000647
v -0.054195 -0.011464 -0.000441
v -0.053392 -0.007844 -0.000327
v -0.077740 -0.020232 0.007912
v -0.074576 -0.023012 0.008498
v -0.060235 -0.020422 -0.000467
v -0.060149 -0.014333 -0.000628
v -0.058835 -0.017933 -0.000692
v -0.061587 -0.017136 -0.000234
v -0.074172 -0.016102 0.010686
v -0.071797 -0.016806 0.012225
v -0.057545 -0.015455 -0.000802
v -0.055987 -0.013249 -0.000277
v -0.056953 -0.009388 -0.000237
v -0.056180 -0.006947 -0.000570
v -0.079048 0.000901 0.011907
v -0.076059 0.002563 0.014485
v -0.076740 -0.001052 0.012531
v -0.074042 -0.001426 0.014712
v -0.058444 -0.012365 -0.000067
v -0.077857 -0.015946 0.008014
v -0.059046 -0.010427 -0.000690
v -0.059027 -0.007452 -0.000696
v -0.072599 0.002410 0.016614
v -0.070676 0.000400 0.019023
v -0.070348 -0.002401 0.016981
v -0.071704 -0.004054 0.015450
v -0.060902 -0.009163 -0.000157
v -0.080922 -0.004885 0.007546
v -0.077446 -0.004757 0.009890
v -0.079303 -0.002690 0.009663
v -0.081815 -0.000824 0.009355
v -0.069982 -0.018227 0.013630
v -0.075448 -0.007724 0.010431
v -0.074431 -0.006238 0.011778
v -0.073680 -0.004976 0.013177
v -0.061523 -0.011083 -0.000487
v -0.072869 -0.009545 0.012178
v -0.070466 -0.006894 0.015384
v -0.064024 -0.011384 0.000227
v -0.077182 -0.018708 0.004059
v -0.072085 -0.012889 0.012412
v -0.070388 -0.010530 0.014428
v -0.068601 0.002573 0.000653
v -0.071844 0.000320 0.001608
v -0.070314 -0.015793 0.013590
v -0.069929 -0.003048 0.001089
v -0.066371 0.003334 -0.000969
v -0.066047 0.001004 -0.001252
v -0.068043 0.000687 -0.000352
v -0.069612 -0.020783 0.014976
v -0.067297 -0.020660 0.014906
v -0.067571 -0.019159 0.015740
v -0.069380 -0.023630 0.013658
v -0.068150 -0.025514 0.014238
v -0.064950 -0.021843 0.016051
v -0.063308 0.001832 -0.000841
v -0.065213 -0.000862 -0.000634
v -0.063209 -0.001969 -0.000160
v -0.060998 0.000427 -0.001092
v -0.069884 -0.006638 0.000405
v -0.068607 -0.003687 -0.000076
v -0.067423 -0.008415 0.000058
v -0.066884 -0.001768 -0.000502
v -0.070621 -0.008277 0.001647
v -0.065360 -0.004118 -0.000403
v -0.063090 -0.004614 -0.000018
v -0.064999 -0.006973 -0.000222
v -0.062552 -0.006782 0.000091
v -0.067862 -0.002165 0.018803
v -0.075363 -0.013603 0.009763
v -0.067503 -0.015870 0.016250
v -0.068235 -0.016941 0.015227
v -0.065718 -0.018341 0.016077
v -0.066999 -0.006031 0.018079
v -0.068329 -0.014040 0.015657
v -0.068215 -0.008902 0.016621
v -0.066897 -0.008138 0.018292
v -0.068707 -0.011516 0.015881
v -0.069371 -0.013958 0.014245
v -0.066948 -0.014145 0.017537
v -0.059536 0.002547 -0.001260
v -0.057696 0.004034 -0.002177
v -0.057880 0.002289 -0.001479
v -0.058683 0.000897 -0.001952
v -0.066574 -0.010789 0.018037
v -0.055420 0.001541 -0.001586
v -0.055689 -0.000428 -0.001631
v -0.052737 0.002963 -0.001942
v -0.053696 0.004005 -0.002466
v -0.053674 -0.000223 -0.001921
v -0.048863 0.002601 -0.002676
v -0.049724 0.000406 -0.002297
v -0.051312 0.001190 -0.001786
v -0.061025 -0.001675 -0.000312
v -0.060548 -0.003224 -0.000534
v -0.059444 -0.005385 -0.000676
v -0.058748 -0.002358 -0.001164
v -0.057709 -0.003808 -0.000939
v -0.054913 -0.003862 -0.001116
v -0.074922 -0.012365 0.002527
v -0.065367 -0.020448 0.001054
v -0.064339 -0.015786 0.000708
v -0.064028 -0.020555 0.000489
v -0.053373 -0.002307 -0.002063
v -0.068601 -0.019827 0.002011
v -0.066614 -0.022875 0.001758
v -0.050022 -0.002119 -0.002291
v -0.050914 -0.005169 -0.001303
v -0.067407 -0.018615 0.001009
v -0.071475 -0.018688 0.003432
v -0.070517 -0.016227 0.001119
v -0.068612 -0.015342 0.000760
v -0.066410 -0.016303 0.001156
v -0.064066 -0.014391 -0.000057
v -0.065728 -0.012508 0.000576
v -0.044920 0.001214 -0.002611
v -0.047669 0.000469 -0.002388
v -0.041898 0.001556 -0.002405
v -0.044139 -0.001216 -0.002666
v -0.042058 -0.002153 -0.002743
v -0.037782 0.002974 -0.002127
v -0.037679 0.001192 -0.002879
v -0.046284 -0.005372 -0.002000
v -0.038507 -0.002750 -0.003011
v -0.035324 -0.001702 -0.002997
v -0.035532 0.001550 -0.002457
v -0.079945 -0.012886 0.004511
v -0.072755 -0.016601 0.001872
v -0.079924 -0.012219 0.002995
v -0.080928 -0.015406 0.004298
v -0.080345 -0.016980 0.006061
v -0.076591 -0.015929 0.002765
v -0.077762 -0.012868 0.002676
v 0.005512 -0.008195 -0.002532
v 0.003033 -0.013088 -0.003319
v 0.002113 -0.009296 -0.003050
v -0.031930 -0.018512 -0.000455
v -0.033247 -0.014458 -0.001779
v -0.029597 -0.016740 -0.001411
v -0.025626 -0.017266 -0.002217
v -0.026431 -0.017624 -0.001664
v -0.027323 -0.015103 -0.002542
v -0.029887 -0.013767 -0.002152
v -0.025564 -0.010167 -0.003273
v 0.008353 -0.018787 -0.003907
v 0.006626 -0.021300 -0.003935
v 0.003227 -0.018931 -0.004078
v 0.003101 -0.016751 -0.003974
v -0.001822 -0.019886 -0.003878
v 0.006685 -0.015375 -0.003594
v -0.001154 -0.014919 -0.003911
v -0.028070 -0.017895 -0.001681
v 0.007060 -0.013324 -0.003180
v -0.030309 -0.010687 -0.002845
v -0.000102 -0.010241 -0.003409
v -0.002839 -0.009206 -0.003479
v -0.000768 -0.006771 -0.003094
v 0.003494 -0.005527 -0.002680
v -0.000083 -0.003827 -0.002785
v 0.003601 -0.003763 -0.002263
v 0.005917 -0.001124 -0.001314
v 0.006019 -0.006199 -0.003057
v 0.000945 -0.001534 -0.001476
v 0.004102 0.000424 -0.001453
v 0.001682 0.001849 -0.001069
v -0.001472 0.001420 -0.001222
v -0.034022 0.010179 -0.000931
v -0.030811 -0.008355 -0.002835
v -0.034795 -0.008865 -0.002917
v -0.033293 -0.005977 -0.002932
v 0.004475 0.009824 -0.000675
v 0.006687 0.008897 -0.000285
v 0.004789 0.006837 -0.000828
v -0.034029 -0.011824 -0.002932
v -0.031216 0.011296 -0.000482
v -0.030877 0.009943 -0.001076
v 0.003846 0.003006 -0.001304
v 0.006961 0.003747 -0.000797
v 0.000720 0.004368 -0.000920
v 0.001870 0.005587 -0.000512
v 0.003548 0.007807 -0.000785
v 0.001268 0.010299 0.000166
v -0.001440 0.005147 -0.000180
v -0.001664 0.007757 0.000474
v 0.005436 0.011720 -0.000212
v -0.026659 0.010585 -0.000366
v -0.026202 0.008322 -0.001473
v -0.032169 -0.020575 0.000264
v -0.000111 0.011963 0.000271
v -0.029869 -0.021223 -0.000844
v -0.027591 -0.020832 -0.000781
v -0.024849 -0.020064 -0.001088
v -0.034048 0.004684 -0.001923
v -0.033077 0.007949 -0.001609
v -0.032606 0.002856 -0.002765
v -0.023996 -0.006802 -0.002861
v -0.022289 -0.008867 -0.003472
v -0.029935 0.003377 -0.002219
v -0.032535 -0.001418 -0.003151
v -0.023587 -0.013018 -0.002939
v -0.021321 -0.013106 -0.003250
v -0.019220 -0.008612 -0.003344
v -0.030802 0.000336 -0.002860
v -0.028736 0.000598 -0.002957
v -0.026921 0.001619 -0.002813
v -0.032286 -0.004907 -0.002760
v -0.028560 -0.003814 -0.002965
v -0.028375 -0.006064 -0.002843
v -0.024383 -0.003032 -0.002972
v -0.016070 -0.011128 -0.003713
v -0.004670 -0.022525 0.029622
v -0.001288 -0.021966 0.030470
v -0.005370 -0.018309 0.030919
v -0.021813 -0.016012 -0.002989
v -0.017620 -0.016671 -0.003294
v -0.008245 -0.023164 0.028333
v -0.005461 -0.025531 0.027907
v -0.023793 0.010862 -0.002260
v -0.022292 0.010774 -0.000810
v -0.023259 0.008529 -0.001360
v -0.010315 -0.011541 -0.003788
v -0.014471 -0.014692 -0.003066
v -0.020721 0.011477 -0.000736
v -0.020659 0.007993 -0.001216
v 0.000717 -0.025963 0.029389
v -0.021790 -0.022414 -0.002220
v -0.020356 -0.020242 -0.002529
v -0.014806 -0.016732 -0.003191
v -0.017492 0.009528 -0.001099
v -0.017582 0.007686 -0.001829
v -0.013370 0.006239 -0.001857
v -0.013921 0.010876 -0.000797
v -0.010345 0.011208 -0.000209
v -0.023862 -0.023216 -0.000825
v -0.010822 -0.014813 0.032709
v -0.013439 -0.013513 0.033146
v -0.013550 -0.016419 0.031392
v -0.004921 0.009052 -0.000145
v -0.005825 0.007547 -0.000719
v -0.015310 -0.019651 -0.002792
v -0.013549 -0.019110 -0.002512
v -0.011936 -0.022218 -0.003023
v -0.015001 0.010060 -0.001910
v -0.010446 -0.007849 -0.003544
v -0.002871 -0.018832 0.030884
v -0.009999 0.008273 -0.000631
v -0.012399 -0.015380 -0.003453
v -0.008526 -0.013888 -0.003795
v -0.002415 0.011792 0.000191
v -0.024026 0.005828 -0.001741
v -0.022670 0.002727 -0.002621
v -0.019111 0.005748 -0.001729
v -0.011789 -0.018546 -0.003258
v -0.014674 0.007178 -0.002316
v -0.017709 0.003865 -0.001551
v -0.021305 0.001779 -0.002455
v -0.014678 0.002360 -0.002766
v -0.013571 -0.000047 -0.002885
v -0.018102 0.000086 -0.003003
v -0.021481 -0.003918 -0.003204
v -0.018156 -0.005233 -0.003112
v -0.015923 -0.006709 -0.003472
v -0.014422 -0.003762 -0.003096
v -0.011018 0.003762 -0.001901
v -0.008422 0.005529 -0.001344
v -0.007242 -0.000541 -0.002451
v -0.009893 -0.001971 -0.003136
v -0.004409 0.003143 -0.000684
v -0.004815 0.000309 -0.001948
v -0.011475 -0.004341 -0.003686
v -0.008079 -0.005063 -0.003412
v -0.003913 -0.002555 -0.002849
v -0.003957 -0.005999 -0.003189
v -0.005788 -0.009914 -0.003671
v -0.010157 -0.020407 0.029198
v -0.005761 -0.016909 -0.003544
v -0.004930 -0.013056 -0.003629
v -0.018996 -0.011291 0.032755
v -0.011811 -0.011540 0.034359
v -0.016452 -0.008752 0.035034
v -0.011717 -0.021669 0.027936
v -0.014846 -0.025220 0.025937
v -0.012650 -0.021100 0.028768
v -0.008530 -0.018576 0.030595
v -0.016303 -0.023830 0.026854
v -0.015851 -0.022175 0.028411
v -0.019454 -0.021814 0.028268
v -0.019771 -0.025103 0.025815
v -0.015611 -0.020353 0.029883
v -0.015871 -0.018348 0.030270
v -0.012354 -0.017313 0.031018
v -0.017884 -0.015590 0.031904
v -0.021698 -0.024319 0.026818
v -0.019670 -0.019577 0.029796
v -0.005755 -0.020571 -0.003491
v -0.006833 -0.025342 -0.002638
v -0.027445 0.002973 0.035951
v -0.024189 0.002279 0.036488
v -0.027061 0.006053 0.037485
v -0.022321 0.003862 0.038611
v -0.012287 -0.008505 0.035704
v -0.018862 -0.013544 0.032210
v -0.028486 0.007971 0.037103
v -0.029947 0.004794 0.034843
v -0.022108 -0.016976 0.030661
v -0.003893 -0.023075 -0.003126
v -0.022437 -0.021458 0.027605
v -0.022602 -0.019674 0.029610
v -0.030397 -0.022427 0.025661
v -0.028832 -0.021541 0.026185
v -0.031593 -0.020498 0.026496
v -0.024828 -0.018556 0.029522
v -0.021840 -0.009438 0.033507
v -0.026318 -0.014603 0.030664
v -0.028950 -0.012592 0.030109
v -0.029209 -0.014482 0.030021
v -0.023200 -0.012241 0.031902
v -0.025727 -0.012374 0.030691
v -0.028869 -0.018225 0.028695
v -0.026555 -0.020128 0.028042
v -0.032367 -0.015548 0.028852
v -0.031063 -0.018469 0.027848
v -0.025999 -0.008557 0.032671
v -0.023017 -0.007845 0.033752
v -0.025205 -0.023299 0.026468
v -0.028739 0.001582 0.035175
v -0.031406 0.000558 0.033585
v -0.027574 -0.000368 0.034520
v -0.025158 -0.001082 0.035336
v -0.030885 -0.001088 0.033884
v -0.029251 -0.003023 0.033985
v -0.026112 -0.002164 0.035809
v -0.029776 -0.004910 0.033497
v -0.026082 -0.005073 0.034318
v -0.019375 0.001032 0.039202
v -0.018854 -0.006924 0.035221
v -0.021520 -0.001464 0.037149
v -0.030303 -0.024675 0.025330
v -0.021904 -0.005411 0.035356
v -0.031001 -0.008519 0.031148
v -0.029648 -0.010399 0.031011
v -0.030720 -0.011371 0.030064
v -0.032511 0.004231 0.034563
v -0.030631 0.023888 0.030228
v -0.034404 0.025461 0.027374
v -0.032278 0.020926 0.030749
v -0.036780 0.022885 0.028457
v -0.035159 0.003025 0.033997
v -0.039405 0.003958 0.033704
v -0.041873 0.003637 0.032675
v -0.040335 0.001063 0.031816
v -0.036138 0.004564 0.033306
v -0.036304 0.000410 0.032293
v -0.031112 0.007675 0.036445
v -0.039872 0.022867 0.028009
v -0.039275 0.026321 0.023981
v -0.057742 0.020372 0.023203
v -0.054389 0.025091 0.020591
v -0.030684 0.011183 0.036985
v -0.042224 0.012350 0.032124
v -0.045256 0.010509 0.032114
v -0.043472 0.008986 0.033831
v -0.028573 0.011865 0.037311
v -0.052220 0.024568 0.022505
v -0.051465 0.026156 0.020537
v -0.052251 0.023009 0.023555
v -0.036727 0.026888 0.024657
v -0.032872 0.026940 0.026297
v -0.034480 0.028631 0.024521
v -0.048276 0.027454 0.021110
v -0.044245 0.030385 0.020452
v -0.035693 0.031425 0.022239
v -0.034277 0.008242 0.035087
v -0.037346 0.006624 0.033812
v -0.034549 0.011763 0.035428
v -0.029054 0.014921 0.037208
v -0.033770 0.015281 0.036065
v -0.030577 0.017952 0.035802
v -0.033321 0.016974 0.034802
v -0.032805 0.031066 0.023862
v -0.039286 0.010510 0.034211
v -0.038791 0.013204 0.033482
v -0.041653 0.027578 0.022239
v -0.043412 0.029070 0.022253
v -0.043971 0.025584 0.023370
v -0.036100 0.016647 0.033958
v -0.029772 0.020068 0.033867
v -0.038723 0.029500 0.021779
v -0.060139 0.019578 0.021049
v -0.038632 0.006968 0.034691
v -0.041733 0.007253 0.034533
v -0.061660 0.017485 0.021885
v -0.063109 0.014308 0.022385
v -0.060204 0.016398 0.024391
v -0.046726 0.008148 0.032512
v -0.067309 0.008518 0.022925
v -0.066190 0.011280 0.022652
v -0.065615 0.009651 0.023750
v -0.069126 0.006865 0.021646
v -0.068670 0.005622 0.022198
v -0.067116 0.004792 0.023579
v -0.068582 0.002751 0.022759
v -0.055337 0.020666 0.024303
v -0.045995 0.026341 0.022835
v -0.048837 0.023673 0.024163
v -0.044672 0.023758 0.026085
v -0.050498 0.021035 0.026410
v -0.061463 0.014042 0.024606
v -0.056060 0.016358 0.026548
v -0.057709 0.014263 0.026169
v -0.062582 0.011462 0.025669
v -0.065671 0.006693 0.024944
v -0.064666 0.005645 0.025284
v -0.063272 0.008194 0.026293
v -0.061169 0.010514 0.026893
v -0.057058 0.012253 0.027536
v -0.056384 0.008589 0.029017
v -0.062970 0.005570 0.026027
v -0.060127 0.007341 0.027741
v -0.060757 0.004390 0.027141
v -0.057132 0.004622 0.028598
v -0.053314 0.005930 0.029963
v -0.050289 0.018142 0.027530
v -0.052496 0.015961 0.027974
v -0.054339 0.015128 0.027114
v -0.046136 0.019437 0.028751
v -0.052296 0.011655 0.029136
v -0.048866 0.014686 0.029549
v -0.045502 0.016455 0.030068
v -0.047064 0.012684 0.030664
v -0.044362 0.013916 0.031627
v -0.041890 0.016171 0.031172
v -0.049218 0.009868 0.030335
v -0.050021 0.007049 0.031178
v -0.047024 0.005739 0.031797
v -0.047561 0.004580 0.030438
v -0.043319 0.003164 0.031330
v -0.065034 0.001836 0.024043
v -0.063254 0.003319 0.025254
v -0.040006 0.032027 0.020345
v -0.042183 0.030132 0.020700
v -0.041193 0.024527 0.025219
v -0.042327 0.022565 0.026588
v -0.040547 0.013283 0.032210
v -0.059584 0.001460 0.026106
v -0.058369 0.003323 0.027339
v -0.055928 0.002521 0.027202
v -0.054236 0.004059 0.028498
v -0.035962 0.018790 0.031777
v -0.048448 0.001883 0.028997
v -0.051769 0.002150 0.028487
v -0.045912 0.001907 0.029926
v -0.039364 0.017179 0.031554
v -0.042658 0.019988 0.028839
v -0.042316 0.035831 0.018149
v -0.039013 0.034128 0.019823
v -0.042863 0.032703 0.019727
v -0.039556 0.037586 0.017758
v -0.036780 0.037300 0.018674
v -0.037988 0.033344 0.020981
v -0.029780 0.026896 0.027808
v -0.033759 0.034016 0.021523
v -0.034583 0.036531 0.019525
v -0.030306 0.032014 0.024005
v 0.004172 0.031945 0.031001
v 0.005667 0.031765 0.030120
v 0.004096 0.034224 0.027819
v 0.012633 0.027370 0.033476
v 0.010769 0.031189 0.029920
v 0.007583 0.029077 0.034572
v 0.006816 0.030274 0.033235
v 0.002684 0.031192 0.032727
v -0.002006 0.033299 0.030117
v 0.011385 0.033807 0.027344
v 0.006931 0.033360 0.028017
v 0.006972 0.036138 0.025704
v 0.009333 0.037345 0.024250
v 0.002063 0.028185 0.034471
v -0.000371 0.028224 0.034370
v -0.035098 0.038105 0.001792
v -0.033604 0.038084 0.002791
v -0.034758 0.031697 0.001047
v -0.032554 0.033467 0.001454
v -0.003731 0.030669 0.032396
v -0.033899 0.029303 0.000713
v -0.033114 0.025857 0.000068
v -0.029719 0.029151 0.001424
v -0.031070 0.024699 0.000210
v -0.029536 0.025625 0.000867
v -0.005808 0.029770 0.034107
v -0.004030 0.029654 0.033399
v -0.007939 0.030134 0.033056
v -0.030216 0.034752 0.018187
v -0.029263 0.036471 0.018185
v -0.032251 0.038584 0.017549
v -0.031117 0.038211 0.002860
v -0.029251 0.035017 0.002046
v 0.002280 0.037506 0.025053
v -0.029739 0.041281 0.002358
v -0.026890 0.036255 0.002005
v -0.005646 0.033572 0.029844
v -0.025248 0.032355 0.001215
v -0.028430 0.031242 0.001550
v 0.004735 0.014593 0.000103
v 0.005084 0.017261 -0.000056
v 0.007387 0.014624 -0.000875
v 0.002006 0.012858 -0.000105
v -0.024401 0.033865 0.001929
v -0.025152 0.041817 0.002832
v -0.023853 0.037590 0.002151
v 0.003259 0.019854 0.000205
v 0.006162 0.019926 -0.000226
v -0.025165 0.030656 0.001637
v -0.026659 0.027897 0.001178
v 0.001872 0.021490 0.000040
v 0.003235 0.023219 0.000976
v -0.025482 0.024660 0.000759
v -0.008591 0.030927 0.032162
v 0.001878 0.016433 0.000282
v -0.001302 0.014660 0.000656
v 0.005471 0.022608 0.000628
v -0.022854 0.039131 0.002141
v -0.021551 0.035105 0.001669
v -0.018828 0.034153 0.001396
v -0.019684 0.033428 0.001022
v -0.019454 0.038087 0.002046
v 0.006565 0.023752 -0.000296
v -0.022539 0.031819 0.001460
v -0.017155 0.036995 0.000866
v -0.021083 0.032206 0.001755
v -0.000048 0.019350 0.001378
v -0.018254 0.032474 0.001455
v -0.015689 0.033994 0.001025
v -0.014909 0.037660 0.000247
v -0.012670 0.035958 0.000389
v -0.022075 0.027628 0.001310
v -0.020009 0.029121 0.001396
v -0.023236 0.022901 0.001068
v -0.016173 0.027254 0.001713
v -0.019720 0.026174 0.001587
v -0.015431 0.031343 0.001597
v -0.013253 0.030989 0.001651
v -0.013171 0.034171 0.001070
v -0.014143 0.024518 0.001345
v -0.012277 0.028614 0.001862
v -0.003925 0.018527 0.001701
v 0.003296 0.025333 0.001287
v -0.010130 0.035230 0.000481
v -0.007791 0.038906 0.000817
v -0.011998 0.040686 0.000873
v -0.003219 0.027449 0.034727
v -0.006447 0.027993 0.033881
v -0.008823 0.035200 -0.000111
v -0.007706 0.034288 0.001118
v 0.001301 0.025609 0.001018
v -0.000490 0.022721 0.001142
v -0.005527 0.033481 0.000678
v -0.005689 0.035369 -0.000359
v -0.005232 0.038554 0.001162
v -0.003418 0.035495 0.000443
v -0.003473 0.037992 0.000581
v -0.000754 0.038132 0.000493
v -0.001084 0.035548 0.001062
v -0.008717 0.028022 0.001577
v -0.008310 0.030765 0.000750
v -0.009652 0.026034 0.001859
v -0.003082 0.029780 0.001137
v -0.001234 0.032309 0.000930
v -0.005190 0.025817 0.001476
v -0.002485 0.026625 0.001004
v -0.004513 0.023604 0.001513
v 0.001782 0.028837 0.000498
v -0.006309 0.023398 0.037063
v -0.003016 0.024940 0.036254
v 0.006550 0.028558 0.001076
v 0.006746 0.025860 0.000533
v 0.004735 0.031468 0.000804
v -0.035113 0.020441 -0.000750
v -0.033205 0.021917 -0.000114
v 0.002251 0.034735 0.001276
v -0.033677 0.017035 -0.000903
v -0.030959 0.019382 -0.000684
v -0.029988 0.022861 0.000614
v -0.028264 0.021248 0.000450
v -0.030325 0.022027 -0.000200
v -0.028622 0.019888 -0.001001
v -0.028867 0.017443 -0.000468
v -0.032490 0.014012 -0.000857
v -0.027962 0.013461 -0.000150
v -0.026399 0.019011 -0.000137
v -0.026434 0.014717 -0.000201
v -0.026158 0.012432 -0.001610
v -0.024556 0.013271 -0.000745
v -0.002201 0.035992 0.027728
v -0.001102 0.026063 0.035061
v 0.006508 0.035373 0.000960
v 0.004187 0.036127 0.000592
v 0.007401 0.038918 0.001549
v 0.002624 0.039682 0.001604
v 0.001472 0.037844 0.000974
v -0.020303 0.023643 0.001052
v -0.016490 0.022449 0.000729
v -0.020617 0.018741 0.001260
v -0.022353 0.019896 0.001062
v -0.023916 0.017964 0.000511
v -0.019762 0.015804 0.000720
v -0.011155 0.021734 0.000951
v -0.015079 0.020357 0.001070
v -0.013018 0.017448 0.001590
v -0.017472 0.017554 0.000797
v -0.021616 0.014452 0.000205
v -0.022113 0.013823 -0.001648
v -0.017261 0.012793 -0.000127
v -0.016749 0.011726 -0.000908
v -0.016471 0.014799 0.000844
v -0.013768 0.013297 0.000121
v -0.009569 0.023240 0.001298
v -0.009602 0.017795 0.001630
v -0.011296 0.015486 0.001307
v -0.006981 0.018222 0.001790
v -0.005420 0.021018 0.001663
v -0.007799 0.015249 0.000615
v -0.004360 0.015845 0.000896
v -0.009996 0.013309 0.000422
v -0.005070 0.013678 -0.000546
v -0.007696 0.012916 0.000626
v -0.005545 0.011518 -0.000593
v -0.020546 0.035339 0.023599
v -0.020773 0.033982 0.024365
v -0.018428 0.036353 0.024130
v -0.006871 0.035280 0.028359
v -0.005576 0.021893 0.037632
v -0.025324 0.009469 0.038822
v -0.026330 0.013990 0.037210
v -0.024533 0.013658 0.038018
v -0.029563 0.033285 0.021646
v -0.033007 0.036807 0.017969
v -0.012236 0.024453 0.036009
v -0.011523 0.022837 0.037074
v -0.009290 0.025189 0.035457
v -0.014913 0.032332 0.030499
v -0.014954 0.034129 0.028893
v -0.019223 0.032701 0.029424
v -0.021434 0.015062 0.040503
v -0.025724 0.017928 0.037776
v -0.026945 0.032298 0.019373
v -0.028331 0.029308 0.027063
v -0.027719 0.031614 0.024475
v -0.025764 0.030389 0.026762
v -0.026106 0.036923 0.018555
v -0.025588 0.033916 0.019516
v -0.008011 0.022096 0.037277
v -0.020729 0.018527 0.040297
v -0.022369 0.019848 0.038054
v -0.025164 0.030880 0.022459
v -0.024218 0.032157 0.026825
v -0.023097 0.032072 0.024707
v -0.025112 0.030410 0.024420
v -0.022222 0.036140 0.020286
v -0.021606 0.034684 0.022203
v -0.022048 0.031487 0.029161
v -0.024709 0.029536 0.028030
v -0.018662 0.034058 0.026922
v -0.021177 0.028138 0.031542
v -0.022042 0.029493 0.029851
v -0.010253 0.029263 0.033699
v -0.014121 0.025328 0.035639
v -0.027939 0.024485 0.030999
v -0.026100 0.025933 0.030413
v -0.027575 0.027665 0.027698
v -0.025472 0.027570 0.029438
v -0.017541 0.021733 0.038487
v -0.017756 0.024861 0.035563
v -0.027934 0.022427 0.031815
v -0.024738 0.024066 0.033183
v -0.024506 0.022835 0.033746
v -0.023830 0.028794 0.029763
v -0.022332 0.026280 0.031668
v -0.019689 0.028024 0.033184
v -0.019440 0.029412 0.032427
v -0.019976 0.026082 0.032707
v -0.020575 0.024138 0.034379
v -0.027083 0.020368 0.034935
v -0.024384 0.020925 0.036233
v -0.019440 0.021997 0.037396
v -0.019624 0.021011 0.038733
v -0.021156 0.019508 0.039585
v -0.016268 0.036068 0.026522
v -0.016781 0.032450 0.030776
v -0.016440 0.032489 0.031905
v -0.011331 0.033043 0.030313
v -0.011629 0.033128 0.032000
v -0.015069 0.029998 0.033170
v -0.014076 0.036611 0.025499
v -0.011530 0.035598 0.027628
v -0.009652 0.032704 0.031479
v -0.056491 -0.017618 0.019920
v -0.054471 -0.013927 0.020952
v -0.060344 -0.013144 0.019581
v -0.054997 -0.010267 0.021829
v -0.058857 -0.010759 0.020406
v -0.031987 -0.026123 0.024102
v -0.034042 -0.022827 0.024669
v -0.058242 -0.020588 0.019260
v -0.061128 -0.019000 0.018091
v -0.061519 -0.016070 0.018470
v -0.060359 -0.022852 0.018202
v -0.058632 -0.023924 0.018677
v -0.034595 -0.021922 0.025926
v -0.069771 0.001258 0.020713
v -0.039654 -0.022239 0.023967
v -0.041596 -0.019490 0.024082
v -0.042608 -0.021548 0.022946
v -0.036718 -0.022651 0.025376
v -0.035674 -0.025472 0.023784
v -0.037048 -0.020726 0.024749
v -0.033901 -0.018700 0.026862
v -0.038984 -0.022442 0.025000
v -0.068005 -0.001410 0.020926
v -0.065598 -0.000638 0.022578
v -0.064435 -0.003737 0.021495
v -0.039329 -0.025031 0.023197
v -0.053415 -0.013657 0.022423
v -0.054015 -0.011479 0.022787
v -0.045263 -0.021085 0.022882
v -0.043578 -0.026253 0.022411
v -0.054090 -0.016597 0.021095
v -0.064987 -0.005995 0.019660
v -0.052207 -0.012225 0.023423
v -0.034876 -0.015860 0.028026
v -0.061843 -0.020449 0.017436
v -0.063618 -0.008471 0.019834
v -0.062643 -0.011031 0.019441
v -0.037788 -0.016518 0.026464
v -0.034091 -0.013243 0.028622
v -0.049838 -0.020427 0.021656
v -0.053401 -0.019436 0.020791
v -0.051473 -0.023490 0.020689
v -0.039938 -0.014559 0.026052
v -0.036459 -0.012396 0.027780
v -0.038451 -0.010147 0.027259
v -0.061666 0.001258 0.024843
v -0.040370 -0.017435 0.024882
v -0.060708 -0.001747 0.024983
v -0.062937 -0.003341 0.024093
v -0.060797 -0.004882 0.022656
v -0.058381 -0.001443 0.024726
v -0.060981 -0.007419 0.021166
v -0.054832 -0.002829 0.025018
v -0.055839 -0.003920 0.025144
v -0.058444 -0.007818 0.021835
v -0.056580 -0.009544 0.023009
v -0.058440 -0.005185 0.023469
v -0.062185 -0.024359 0.017514
v -0.053815 0.000156 0.026586
v -0.063784 -0.022531 0.017365
v -0.050602 -0.012236 0.024570
v -0.053120 -0.011320 0.025706
v -0.044424 -0.016918 0.024667
v -0.051878 -0.002098 0.026081
v -0.048593 -0.002869 0.026467
v -0.049613 -0.000920 0.027352
v -0.051480 -0.014233 0.023650
v -0.045762 -0.001794 0.028167
v -0.042266 -0.002334 0.028813
v -0.056436 -0.006202 0.023906
v -0.045549 -0.004178 0.026824
v -0.055971 -0.009898 0.024863
v -0.054101 -0.006931 0.025454
v -0.051306 -0.006397 0.024383
v -0.049722 -0.004814 0.025105
v -0.052133 -0.008467 0.025501
v -0.050753 -0.010181 0.026481
v -0.047422 -0.007214 0.025084
v -0.048759 -0.008242 0.025399
v -0.049700 -0.010724 0.026172
v -0.047453 -0.009945 0.024545
v -0.045292 -0.010033 0.024710
v -0.043568 -0.008862 0.025859
v -0.045855 -0.012693 0.024225
v -0.043020 -0.006509 0.026844
v -0.047151 -0.012763 0.025088
v -0.041589 -0.012358 0.025842
v -0.045363 -0.014781 0.023756
v -0.047615 -0.021811 0.022271
v -0.047880 -0.025716 0.021389
v -0.047361 -0.020073 0.024181
v -0.047540 -0.017909 0.024297
v -0.050077 -0.023914 0.021456
v -0.039426 -0.003114 0.029447
v -0.054165 -0.021237 0.020419
v -0.034561 -0.001149 0.032229
v -0.035981 -0.003407 0.030795
v -0.039318 -0.007229 0.027816
v -0.031359 -0.004123 0.032245
v -0.035872 -0.006568 0.029220
v -0.030995 -0.006552 0.031236
v -0.032874 -0.008731 0.029907
v -0.034941 -0.010598 0.028296
v -0.050810 -0.016095 0.022709
v -0.050072 -0.018779 0.022420
v -0.054071 -0.023873 0.020005
v -0.049665 -0.013614 0.023407
v -0.048771 -0.016171 0.023248
v -0.046589 -0.015182 0.024513
v -0.042415 -0.048457 0.010609
v -0.046206 -0.046861 0.009632
v -0.045048 -0.045450 0.006488
v -0.042044 -0.043398 0.001637
v -0.040145 -0.046828 0.006161
v -0.042600 -0.049318 0.011913
v -0.045677 -0.049780 0.015611
v -0.038967 -0.053555 0.019381
v -0.036144 -0.051140 0.020443
v -0.038644 -0.047795 0.020325
v -0.045612 -0.043006 0.003253
v -0.034689 -0.047345 0.020887
v -0.037836 -0.042198 0.020088
v -0.035690 -0.043434 0.020618
v -0.042138 -0.051428 0.018272
v -0.036370 -0.055220 0.018559
v -0.037211 -0.052984 0.015782
v -0.041867 -0.051180 0.019725
v -0.036346 -0.052242 0.012606
v -0.040229 -0.049907 0.013010
v -0.043494 -0.049425 0.019523
v -0.042704 -0.050040 0.015044
v -0.048297 -0.045553 0.007814
v -0.049375 -0.043752 0.005088
v -0.072015 -0.024784 0.008068
v -0.073725 -0.024401 0.009919
v -0.071365 -0.024456 0.005692
v -0.041899 -0.044395 0.019496
v -0.071297 -0.025560 0.012692
v -0.071844 -0.025795 0.010998
v -0.043664 -0.045513 0.018857
v -0.071410 -0.026035 0.009019
v -0.045691 -0.047883 0.018868
v -0.046123 -0.044664 0.018062
v -0.067217 -0.027308 0.003013
v -0.063967 -0.026149 0.002020
v -0.039846 -0.044196 0.000847
v -0.038951 -0.045398 0.002770
v -0.044801 -0.040524 0.018665
v -0.045861 -0.041128 0.017406
v -0.043237 -0.041744 0.018490
v -0.051179 -0.042980 0.004762
v -0.048959 -0.039323 0.000738
v -0.046424 -0.041688 0.001158
v -0.061947 -0.023385 0.000367
v -0.061580 -0.024320 0.000085
v -0.042888 -0.037170 -0.000118
v -0.045695 -0.033885 -0.000306
v -0.041144 -0.031332 -0.000504
v -0.038420 -0.040467 0.019512
v -0.039402 -0.040074 0.020008
v -0.037095 -0.027337 0.023558
v -0.040860 -0.029444 0.021966
v -0.038885 -0.029763 0.022715
v -0.071662 -0.025900 0.007146
v -0.071228 -0.025880 0.005197
v -0.069619 -0.026480 0.004629
v -0.069686 -0.028418 0.011433
v -0.044623 -0.038234 0.018968
v -0.040742 -0.036588 0.020314
v -0.036262 -0.036526 0.021139
v -0.039470 -0.034354 -0.000806
v -0.041930 -0.040915 0.000025
v -0.047561 -0.036032 -0.000230
v -0.043898 -0.034348 0.020158
v -0.069794 -0.029073 0.013192
v -0.064390 -0.025611 0.016139
v -0.064290 -0.029107 0.016095
v -0.063582 -0.026253 0.017126
v -0.067979 -0.029771 0.014565
v -0.047374 -0.035719 0.018625
v -0.060447 -0.026719 0.017799
v -0.039798 -0.034154 0.021394
v -0.050619 -0.034811 -0.000082
v -0.044545 -0.030597 -0.000259
v -0.042739 -0.028164 -0.000555
v -0.033835 -0.030635 0.023188
v -0.040555 -0.032289 0.021314
v -0.056559 -0.024763 -0.000592
v -0.058013 -0.027034 0.000462
v -0.043504 -0.025973 -0.001025
v -0.040255 -0.028242 -0.000510
v -0.048922 -0.031283 0.000026
v -0.053015 -0.025901 -0.000184
v -0.056213 -0.028586 -0.000028
v -0.053910 -0.028427 -0.000240
v -0.046776 -0.028227 -0.000259
v -0.068563 -0.028120 0.009359
v -0.067453 -0.028715 0.007879
v -0.067411 -0.028765 0.004088
v -0.066653 -0.029665 0.006221
v -0.066321 -0.032023 0.008891
v -0.067349 -0.029978 0.009797
v -0.067110 -0.030611 0.012843
v -0.067026 -0.031733 0.014831
v -0.065241 -0.032468 0.011496
v -0.063554 -0.034335 0.012684
v -0.064655 -0.033117 0.014960
v -0.062751 -0.032001 0.002925
v -0.060812 -0.028579 0.001024
v -0.061122 -0.026678 0.000890
v -0.063665 -0.032978 0.005298
v -0.063410 -0.034674 0.008179
v -0.063265 -0.034450 0.009946
v -0.059976 -0.036406 0.007935
v -0.059765 -0.037105 0.006427
v -0.059926 -0.035363 0.004346
v -0.061366 -0.032233 0.016474
v -0.059953 -0.029731 0.017430
v -0.059898 -0.032656 0.016277
v -0.062310 -0.036077 0.011802
v -0.060397 -0.035027 0.015496
v -0.058711 -0.031782 0.017496
v -0.058408 -0.033707 0.016802
v -0.057479 -0.035102 0.017120
v -0.057683 -0.037415 0.015302
v -0.059281 -0.038239 0.010469
v -0.059530 -0.037978 0.012510
v -0.058566 -0.029681 0.001100
v -0.058682 -0.032185 0.001901
v -0.055126 -0.032200 0.001195
v -0.057454 -0.035180 0.002884
v -0.050873 -0.026479 -0.000061
v -0.050448 -0.029057 -0.000417
v -0.053070 -0.032112 -0.000087
v -0.053559 -0.037035 0.002231
v -0.057911 -0.038933 0.007174
v -0.057005 -0.039543 0.005643
v -0.055573 -0.041870 0.007313
v -0.052858 -0.039513 0.003792
v -0.055848 -0.040017 0.014093
v -0.058169 -0.040098 0.012636
v -0.053928 -0.039578 0.014529
v -0.055547 -0.036508 0.016432
v -0.056575 -0.042816 0.012343
v -0.053008 -0.037854 0.014910
v -0.056245 -0.043142 0.013586
v -0.055200 -0.044633 0.010913
v -0.053287 -0.043831 0.014526
v -0.053072 -0.043877 0.006536
v -0.054903 -0.046858 0.013132
v -0.052404 -0.046184 0.014708
v -0.051405 -0.048261 0.013829
v -0.052738 -0.045995 0.009329
v -0.051007 -0.046207 0.009518
v -0.047693 -0.049262 0.014198
v -0.049461 -0.047430 0.010520
v -0.056215 -0.026134 0.018403
v -0.042571 -0.030857 0.022147
v -0.044363 -0.030232 0.020946
v -0.046435 -0.028287 0.021117
v -0.046883 -0.026096 -0.000406
v -0.053337 -0.027461 0.019091
v -0.049653 -0.025739 0.020390
v -0.038144 -0.048922 0.008940
v -0.036894 -0.047316 0.005176
v -0.047852 -0.028268 0.020061
v -0.055050 -0.030495 0.017731
v -0.056073 -0.032462 0.018658
v -0.051792 -0.030358 0.018498
v -0.054184 -0.032474 0.017251
v -0.050709 -0.033063 0.018706
v -0.050575 -0.029756 0.019505
v -0.054677 -0.034989 0.017637
v -0.052005 -0.036618 0.017104
v -0.047998 -0.030844 0.019586
v -0.047367 -0.033173 0.019640
v -0.049087 -0.038543 0.017805
v -0.050110 -0.038476 0.016180
v -0.048017 -0.039283 0.016229
v -0.050184 -0.041496 0.015569
v -0.047676 -0.044200 0.016980
v -0.049784 -0.048339 0.015664
v -0.048213 -0.049742 0.016504
v 0.007429 -0.063545 0.005119
v 0.004605 -0.062248 0.004337
v 0.007599 -0.060547 0.004470
v 0.006880 -0.061871 0.009992
v 0.009829 -0.062253 0.009570
v 0.009193 -0.059473 0.011233
v -0.007676 -0.064274 0.004650
v -0.003493 -0.060094 0.002808
v -0.002599 -0.062709 0.004525
v 0.004842 -0.060385 0.011394
v 0.004174 -0.065509 0.006363
v 0.003076 -0.062832 0.009147
v 0.002659 -0.059678 0.011641
v 0.002510 -0.063897 0.010824
v 0.007973 -0.065379 0.006998
v 0.006579 -0.065078 0.007624
v 0.002950 -0.060063 0.003416
v 0.002374 -0.065559 0.006035
v 0.001279 -0.064397 0.007174
v -0.000793 -0.066108 0.005715
v 0.000385 -0.063359 0.004374
v -0.000296 -0.065802 0.007969
v 0.009655 -0.048279 0.021830
v 0.012183 -0.048961 0.019434
v 0.011629 -0.047016 0.022178
v 0.011340 -0.052057 0.017134
v 0.009095 -0.051076 0.018495
v 0.000459 -0.060377 0.003312
v 0.006068 -0.050186 0.021761
v 0.005516 -0.050945 0.020530
v -0.010347 -0.062817 0.012733
v -0.011762 -0.063983 0.011633
v -0.004740 -0.064612 0.010205
v 0.001912 -0.051894 0.020463
v -0.007665 -0.060687 0.003379
v -0.009460 -0.062295 0.014043
v -0.009891 -0.062037 0.015630
v -0.013398 -0.062109 0.015307
v -0.011336 -0.060596 0.017788
v 0.005309 -0.052949 0.017730
v 0.000638 -0.052910 0.020184
v 0.001864 -0.050191 0.023465
v 0.005063 -0.049034 0.023811
v -0.010097 -0.066265 0.005453
v -0.010521 -0.062410 0.003833
v -0.014808 -0.063784 0.011407
v -0.013572 -0.066518 0.005929
v -0.011602 -0.066480 0.007573
v -0.016943 -0.061667 0.013890
v -0.009124 -0.065762 0.008287
v 0.010564 -0.054122 0.015318
v 0.006895 -0.054539 0.015583
v -0.015229 -0.065325 0.009492
v -0.005073 -0.066394 0.005352
v -0.007199 -0.066734 0.006097
v 0.006412 -0.057657 0.004749
v 0.010054 -0.059544 0.005924
v -0.019013 -0.065377 0.007570
v -0.015460 -0.066631 0.007127
v -0.015397 -0.063381 0.004582
v -0.018693 -0.064437 0.010159
v -0.013460 -0.062803 0.003757
v -0.035345 -0.044865 -0.000142
v -0.032316 -0.048903 0.000587
v -0.035074 -0.046133 0.000753
v -0.032826 -0.049450 0.003320
v -0.035660 -0.050527 0.009412
v -0.034094 -0.048252 0.004564
v -0.032849 -0.050524 0.006614
v -0.032146 -0.051653 0.005166
v -0.018897 -0.062679 0.004031
v -0.031621 -0.050413 0.002383
v -0.031489 -0.053168 0.008936
v -0.033834 -0.053396 0.011394
v -0.031810 -0.044794 -0.000649
v -0.027630 -0.048124 0.000010
v -0.029684 -0.049858 0.000970
v 0.004422 -0.052662 0.001839
v 0.008090 -0.050978 0.002124
v 0.007381 -0.054465 0.003394
v 0.009719 -0.054418 0.004082
v -0.025960 -0.051885 0.001207
v -0.025962 -0.047169 0.000589
v -0.029022 -0.044375 0.000948
v -0.028271 -0.051878 0.003944
v -0.031753 -0.053898 0.007159
v -0.029106 -0.054868 0.006623
v -0.029352 -0.057061 0.008788
v -0.030508 -0.055458 0.010626
v -0.027250 -0.053723 0.004452
v -0.026264 -0.053183 0.002119
v -0.026679 -0.055719 0.005321
v -0.023736 -0.054692 0.001894
v -0.024153 -0.056720 0.004566
v -0.025984 -0.057516 0.007169
v -0.022332 -0.047145 0.000309
v -0.021687 -0.049986 0.000505
v -0.018055 -0.044735 -0.000151
v -0.020152 -0.047285 0.000345
v -0.022547 -0.057759 0.005403
v -0.019438 -0.050332 0.000997
v 0.010793 -0.056883 0.013200
v 0.005576 -0.058041 0.012955
v -0.014859 -0.047434 0.000143
v -0.013872 -0.044080 -0.000405
v -0.011910 -0.046978 0.000252
v -0.017139 -0.051094 0.000974
v -0.013676 -0.050919 0.000852
v -0.021036 -0.053899 0.001196
v -0.021473 -0.057801 0.002939
v -0.023358 -0.056382 0.002717
v -0.018040 -0.055289 0.001746
v -0.022906 -0.059471 0.006819
v -0.021038 -0.059648 0.002998
v -0.015659 -0.053507 0.001344
v -0.013833 -0.055197 0.001223
v -0.014433 -0.059430 0.002618
v -0.012251 -0.058844 0.002062
v -0.009730 -0.056076 0.001279
v -0.010624 -0.050297 0.000384
v -0.020821 -0.062065 0.006568
v -0.008415 -0.046590 0.000042
v -0.005624 -0.048197 0.000104
v -0.008068 -0.053299 0.001135
v -0.020310 -0.061255 0.012966
v -0.021151 -0.062582 0.010624
v -0.005572 -0.053270 0.000624
v -0.024310 -0.061026 0.011985
v -0.003893 -0.049796 -0.000103
v 0.000596 -0.047083 0.000576
v 0.000294 -0.050744 0.000594
v 0.003131 -0.057483 0.014341
v -0.005333 -0.055395 0.001464
v -0.008673 -0.058621 0.002359
v -0.005782 -0.058006 0.001821
v -0.003191 -0.052190 0.000733
v -0.001775 -0.056290 0.001549
v 0.001713 -0.054591 0.001719
v 0.002063 -0.055330 0.016538
v -0.022158 -0.063321 0.008853
v 0.004808 -0.055293 0.002314
v 0.002856 -0.056821 0.002465
v 0.006252 -0.047126 0.001082
v 0.011204 -0.050475 0.002156
v 0.003468 -0.050314 0.000974
v -0.023474 -0.060783 0.008225
v 0.002839 -0.045575 0.000207
v -0.001520 -0.065292 0.009729
v -0.001832 -0.063609 0.011927
v 0.000556 -0.059699 0.014281
v 0.000760 -0.062084 0.012802
v -0.003923 -0.062057 0.014328
v -0.003558 -0.060473 0.014742
v -0.003005 -0.066693 0.006824
v -0.002551 -0.065010 0.005621
v -0.003019 -0.055360 0.019459
v -0.003699 -0.052376 0.022012
v -0.005318 -0.056620 0.020413
v -0.009077 -0.054014 0.021594
v -0.001782 -0.047961 0.023546
v -0.000345 -0.052260 0.022064
v -0.033284 -0.052826 0.020246
v -0.031000 -0.048429 0.020695
v -0.034931 -0.054459 0.014745
v -0.002301 -0.053120 0.019773
v -0.033665 -0.055255 0.015508
v -0.032460 -0.057454 0.016657
v -0.033151 -0.056556 0.018989
v -0.004890 -0.050958 0.022601
v -0.006017 -0.047696 0.022411
v -0.008777 -0.049822 0.021946
v -0.026534 -0.049478 0.020493
v -0.029995 -0.051786 0.020339
v -0.016875 -0.059152 0.017226
v -0.015759 -0.059580 0.016003
v -0.014111 -0.058184 0.018493
v -0.025208 -0.051692 0.019977
v -0.027595 -0.053685 0.018446
v -0.025231 -0.053450 0.018200
v -0.005354 -0.051975 0.021921
v -0.021912 -0.049116 0.020058
v -0.025623 -0.047319 0.020818
v -0.023832 -0.054171 0.018242
v -0.020023 -0.052270 0.020431
v -0.030041 -0.056737 0.011804
v -0.031134 -0.057608 0.014018
v -0.028156 -0.059115 0.015366
v -0.029949 -0.056306 0.018046
v -0.026723 -0.059093 0.012854
v -0.007282 -0.060565 0.015632
v -0.027119 -0.055580 0.017126
v -0.026868 -0.059048 0.009887
v -0.025557 -0.061014 0.010947
v -0.025480 -0.059199 0.013314
v -0.026231 -0.056895 0.014903
v -0.022537 -0.059145 0.014992
v -0.019169 -0.060033 0.015353
v -0.020663 -0.057784 0.016715
v -0.019687 -0.055798 0.018818
v -0.015477 -0.049174 0.020854
v -0.017956 -0.048356 0.020172
v -0.017471 -0.052338 0.021075
v -0.014101 -0.052418 0.021706
v -0.016696 -0.055430 0.020465
v -0.009315 -0.052111 0.021644
v -0.012450 -0.047146 0.020963
v 0.000754 -0.057916 0.013729
v -0.012340 -0.054675 0.020910
v -0.011875 -0.058275 0.019249
v -0.007771 -0.055246 0.020077
v -0.009673 -0.058030 0.018067
v -0.008925 -0.059995 0.018301
v -0.003788 -0.057989 0.017572
v -0.006715 -0.058635 0.017425
v -0.000092 -0.055987 0.016387
v -0.000687 -0.058325 0.016259
v -0.000806 -0.043637 0.024693
v -0.006409 -0.042193 0.022725
v -0.002955 -0.045012 0.023617
v -0.000505 -0.039998 0.024867
v -0.002963 -0.039603 0.024619
v 0.010578 -0.044608 0.023323
v -0.001575 -0.035959 0.025373
v -0.004449 -0.037094 0.024357
v 0.007943 -0.045568 0.025179
v 0.004220 -0.045306 0.026014
v 0.007681 -0.048025 0.022906
v 0.008437 -0.043616 0.026739
v 0.012634 -0.044221 0.023598
v -0.007422 -0.040036 0.023385
v 0.010705 -0.043390 0.026671
v 0.012679 -0.042759 0.024737
v 0.001635 -0.022939 -0.003546
v 0.004706 -0.022563 -0.003765
v 0.003738 -0.022892 -0.003004
v -0.038162 -0.025327 -0.000201
v 0.002471 -0.033494 0.027403
v 0.000766 -0.036238 0.026279
v 0.003449 -0.035713 0.026988
v 0.004826 -0.041439 0.026628
v -0.034710 -0.026624 -0.000179
v -0.009472 -0.039336 0.022623
v -0.007671 -0.035218 0.023861
v -0.009928 -0.036437 0.022976
v -0.031336 -0.024786 0.000183
v -0.021517 -0.040723 0.021500
v -0.017560 -0.040214 0.022424
v -0.018945 -0.037697 0.021711
v 0.007938 -0.040089 0.027876
v -0.025268 -0.027030 -0.000032
v -0.028347 -0.025278 -0.000106
v -0.001226 -0.042577 -0.000480
v 0.001848 -0.041225 -0.000755
v -0.037554 -0.028396 -0.000116
v -0.037006 -0.032292 -0.000260
v -0.003081 -0.032677 0.026007
v 0.005991 -0.043371 0.000066
v -0.002887 -0.029324 0.026913
v 0.001846 -0.029244 0.028375
v -0.038843 -0.036578 -0.000318
v -0.038389 -0.039794 -0.000286
v 0.011142 -0.045047 0.000644
v -0.034497 -0.036120 0.000128
v -0.037309 -0.037139 -0.000709
v 0.004027 -0.030866 0.028774
v -0.034018 -0.030443 -0.000042
v -0.035669 -0.042031 -0.000317
v -0.033473 -0.027447 0.000114
v -0.030661 -0.028861 -0.000206
v -0.029350 -0.032097 -0.000409
v -0.032501 -0.033739 0.000239
v -0.027649 -0.029994 -0.000064
v -0.024429 -0.030032 -0.001428
v -0.029461 -0.035631 0.000097
v -0.033212 -0.038796 0.000092
v -0.026524 -0.033026 -0.000936
v -0.032923 -0.035634 -0.000054
v -0.023786 -0.033769 -0.001770
v -0.032178 -0.040380 -0.000266
v -0.029975 -0.037772 0.000850
v -0.030338 -0.043681 0.000017
v -0.027012 -0.036272 0.000228
v -0.023642 -0.035102 -0.000840
v -0.028466 -0.040447 0.000332
v -0.027548 -0.042267 0.001139
v -0.026126 -0.040294 0.001120
v -0.023132 -0.039890 0.000141
v -0.024428 -0.042664 0.000797
v -0.024598 -0.036502 0.000646
v -0.023370 -0.024705 -0.001856
v -0.018257 -0.024657 -0.001922
v -0.022065 -0.026000 -0.001765
v -0.014692 -0.023171 -0.002147
v -0.016753 -0.023406 -0.002458
v -0.012987 -0.026333 -0.001588
v -0.017740 -0.027588 -0.001439
v -0.006472 -0.032102 0.025259
v 0.000281 -0.032225 -0.001368
v -0.001035 -0.030616 -0.001177
v 0.000626 -0.029626 -0.001657
v 0.005161 -0.038385 -0.000957
v -0.010722 -0.025861 -0.002623
v -0.000454 -0.024877 -0.003619
v -0.021887 -0.031989 -0.001559
v -0.023986 -0.027910 -0.001694
v -0.017905 -0.030671 -0.001853
v -0.021140 -0.036419 -0.000152
v -0.019685 -0.032982 -0.002385
v -0.017326 -0.032890 -0.002575
v -0.015606 -0.029827 -0.001598
v -0.015207 -0.033535 -0.002139
v -0.018084 -0.035425 -0.000923
v -0.012559 -0.029179 -0.001624
v 0.001600 -0.036056 -0.000949
v -0.013282 -0.033135 -0.000816
v -0.020924 -0.040804 0.000142
v -0.017199 -0.039640 -0.000754
v -0.019350 -0.043317 0.000375
v -0.012548 -0.036248 -0.001282
v -0.016266 -0.035597 -0.001680
v -0.013587 -0.037434 -0.000983
v -0.014807 -0.041025 -0.001068
v -0.011922 -0.040995 -0.001024
v -0.009043 -0.029315 -0.001177
v -0.004583 -0.028485 -0.001759
v -0.005859 -0.032897 -0.001391
v -0.001249 -0.027027 -0.002238
v -0.010670 -0.033330 -0.001078
v -0.003882 -0.037140 -0.001095
v -0.010280 -0.036177 -0.001064
v -0.007971 -0.037330 -0.001126
v -0.007875 -0.040906 -0.000778
v -0.006966 -0.043403 -0.001008
v -0.001252 -0.036069 -0.000725
v -0.003166 -0.043551 -0.000692
v 0.007009 -0.040805 -0.000096
v 0.005004 -0.034012 -0.001215
v 0.008385 -0.036209 -0.000720
v 0.007581 -0.032027 -0.001666
v 0.005809 -0.031255 -0.001784
v 0.002071 -0.025963 -0.002679
v 0.004324 -0.026909 -0.002754
v 0.005719 -0.028653 -0.002084
v 0.006645 -0.026205 -0.003001
v -0.009238 -0.027974 0.026178
v -0.008828 -0.030447 0.024803
v -0.003967 -0.027249 0.027746
v 0.001567 -0.046604 0.024711
v -0.022816 -0.035140 0.021665
v -0.017803 -0.033979 0.022761
v -0.012223 -0.034494 0.023451
v -0.022080 -0.044786 0.000737
v -0.012669 -0.031292 0.024464
v -0.006425 -0.044614 0.022912
v -0.009941 -0.044883 0.022054
v -0.013030 -0.037458 0.022829
v -0.013956 -0.038916 0.022058
v -0.011929 -0.042212 0.021843
v -0.018999 -0.046175 0.021159
v -0.018187 -0.042442 0.021518
v -0.015980 -0.044268 0.020716
v -0.021748 -0.047565 0.021138
v -0.016266 -0.041490 0.021762
v -0.028726 -0.026296 0.024709
v -0.029672 -0.028367 0.023807
v -0.025534 -0.027052 0.024560
v -0.027346 -0.029115 0.023305
v -0.023061 -0.045736 0.020630
v -0.022146 -0.026448 0.025132
v -0.019979 -0.028430 0.024111
v -0.027184 -0.045235 0.020518
v -0.031160 -0.046363 0.021493
v -0.035285 -0.033613 0.022075
v -0.031085 -0.030977 0.023036
v -0.031704 -0.034153 0.021041
v -0.034467 -0.034939 0.020696
v -0.031163 -0.037452 0.020848
v -0.031506 -0.044412 0.020785
v -0.015468 -0.030381 0.024200
v -0.017057 -0.027432 0.024638
v -0.019177 -0.030691 0.023222
v -0.033382 -0.039550 0.020740
v -0.030111 -0.031421 0.022122
v -0.026386 -0.031496 0.021862
v -0.028729 -0.034639 0.020829
v -0.025815 -0.034244 0.021359
v -0.022747 -0.031796 0.022682
v -0.021337 -0.032690 0.022187
v -0.021065 -0.037169 0.021118
v -0.028636 -0.037762 0.020394
v -0.024579 -0.038231 0.020463
v -0.027215 -0.042437 0.020798
v -0.030165 -0.042422 0.021059
v -0.025452 -0.040973 0.020547
v -0.023403 -0.042919 0.020532
v -0.010734 -0.026143 0.026599
v 0.001991 -0.042380 0.025347
v -0.017082 -0.037589 0.021763
v -0.015311 -0.034655 0.022633
v 0.002547 -0.039076 0.026053
v 0.006556 -0.032311 0.029021
v 0.015641 0.011287 0.045164
v 0.018476 0.007823 0.046684
v 0.020141 0.011578 0.045221
v 0.019802 0.003882 0.048836
v 0.021168 0.007632 0.047258
v 0.056549 0.013081 0.041388
v 0.053283 0.012620 0.043444
v 0.057004 0.010920 0.043241
v 0.016379 0.003047 0.046935
v 0.014894 0.006627 0.046821
v 0.022552 0.012586 0.043053
v 0.018210 0.013858 0.043429
v 0.021660 0.014578 0.041189
v 0.017663 0.015730 0.041653
v 0.054742 0.023756 0.031095
v 0.052269 0.023783 0.031717
v 0.056065 0.020413 0.033781
v 0.052077 0.025766 0.030331
v 0.025445 0.013541 0.040941
v 0.023239 0.015617 0.039567
v 0.030168 0.019690 0.039738
v 0.025114 0.021311 0.038045
v 0.027998 0.018372 0.040535
v 0.023992 0.019188 0.040041
v 0.048789 0.036207 0.019956
v 0.050254 0.032649 0.023360
v 0.050989 0.037710 0.018602
v 0.012982 0.014659 0.042633
v 0.016015 0.017010 0.041081
v 0.025883 0.015367 0.038839
v 0.029159 0.014110 0.039016
v 0.031498 0.021565 0.037934
v 0.052356 0.004688 0.041705
v 0.052509 0.003198 0.042489
v 0.054551 0.002256 0.042309
v 0.056164 0.003401 0.042663
v 0.050622 0.012038 0.044219
v 0.048559 0.015330 0.041446
v 0.049764 0.005361 0.042118
v 0.049815 0.002222 0.040603
v 0.029809 0.015799 0.039744
v 0.020250 0.020332 0.039349
v 0.021090 0.017777 0.040486
v 0.040449 0.003217 0.043590
v 0.041209 0.001292 0.040853
v 0.041392 0.004590 0.042939
v 0.019578 0.016239 0.040474
v 0.055057 0.007796 0.044675
v 0.051590 0.007684 0.043235
v 0.015124 0.018747 0.040497
v 0.057126 0.005016 0.044441
v 0.057896 0.006261 0.044728
v 0.048884 0.009440 0.042630
v 0.047034 0.005273 0.039937
v 0.047147 0.006305 0.041086
v 0.046523 0.008150 0.041716
v 0.043949 0.006846 0.039983
v 0.047394 0.013170 0.042924
v 0.043885 0.003285 0.038280
v 0.045963 0.003175 0.039447
v 0.046299 0.009710 0.041798
v 0.044148 0.010198 0.040783
v 0.042296 0.003325 0.039384
v 0.040346 0.019037 0.039088
v 0.036415 0.019869 0.038286
v 0.034575 0.017617 0.041029
v 0.056195 0.015562 0.038498
v 0.052960 0.014788 0.040455
v 0.052876 0.017403 0.037243
v 0.048755 0.017274 0.038598
v 0.054693 0.019087 0.035169
v 0.050068 0.019302 0.036095
v 0.044155 0.016998 0.040652
v 0.044851 0.014396 0.042497
v 0.011905 0.036519 0.024266
v 0.050996 0.029300 0.026624
v 0.047476 0.028418 0.028100
v 0.047826 0.025650 0.030840
v 0.012100 0.016518 0.041019
v 0.014905 0.034932 0.025701
v 0.042310 0.012924 0.041269
v 0.012131 0.019066 0.040996
v 0.013273 0.021716 0.038578
v 0.014194 0.032243 0.028768
v 0.016335 0.033330 0.027002
v 0.032904 0.016149 0.040288
v 0.012966 0.029568 0.031147
v 0.017164 0.030575 0.030251
v 0.017461 0.032904 0.028066
v 0.044010 0.018445 0.038861
v 0.040826 0.015455 0.041639
v 0.046101 0.021420 0.035141
v 0.042217 0.021672 0.036027
v 0.040920 0.006925 0.040976
v 0.017607 0.028833 0.031137
v 0.015081 0.024455 0.035769
v 0.017706 0.026934 0.033315
v 0.009735 0.026940 0.035965
v 0.019362 0.024053 0.036279
v 0.032164 0.011503 0.039884
v 0.028065 0.012333 0.041440
v 0.040929 0.008913 0.038944
v 0.037137 0.009227 0.039725
v 0.050756 0.021157 0.033821
v 0.016331 0.035840 0.024756
v 0.022607 0.009814 0.044503
v 0.025075 0.008815 0.043412
v 0.048450 0.023611 0.032645
v 0.039343 0.011601 0.039167
v 0.021018 0.034727 0.025940
v 0.025833 0.035469 0.024426
v 0.022839 0.035877 0.023891
v 0.019187 0.035620 0.024604
v 0.023046 0.037145 0.022384
v 0.024355 0.030962 0.028756
v 0.020461 0.032062 0.028146
v 0.021549 0.030238 0.030136
v 0.023215 0.032850 0.027075
v 0.023561 0.029068 0.031307
v 0.028226 0.035236 0.024331
v 0.028304 0.032213 0.027610
v 0.021108 0.027049 0.033392
v 0.051986 0.027063 0.028444
v 0.024327 0.025919 0.034466
v 0.021386 0.023732 0.036277
v 0.028348 0.025576 0.033411
v 0.026473 0.023888 0.035528
v 0.029381 0.028090 0.031560
v 0.029835 0.023509 0.035346
v 0.035990 0.011580 0.038245
v 0.036098 0.003517 0.043717
v 0.034699 0.007538 0.041661
v 0.032005 0.004964 0.044729
v 0.032627 0.002216 0.046792
v 0.031699 0.003924 0.045117
v 0.032641 0.012983 0.038362
v 0.030492 0.009087 0.042126
v 0.037792 0.016444 0.040937
v 0.033896 0.019867 0.038560
v 0.031207 0.001174 0.047571
v 0.028823 0.004404 0.046567
v 0.027701 0.002929 0.047902
v 0.054722 0.028640 0.026613
v 0.028426 0.000497 0.049743
v 0.024397 0.003745 0.048787
v 0.053186 0.031081 0.024113
v 0.048587 0.031151 0.025513
v 0.045461 0.031192 0.025191
v 0.016252 0.001176 0.047836
v 0.022597 0.001536 0.049697
v 0.027244 0.005750 0.044807
v 0.027812 0.007218 0.043236
v 0.041337 0.024744 0.033192
v 0.026102 0.005269 0.046750
v 0.045900 0.029190 0.028166
v 0.028931 0.006598 0.043939
v 0.027042 0.009840 0.043515
v 0.042313 0.025832 0.031934
v 0.031809 0.037605 0.020593
v 0.031728 0.035743 0.022711
v 0.034535 0.035441 0.023338
v 0.037594 0.034604 0.023192
v 0.037931 0.035956 0.021338
v 0.034866 0.037544 0.020037
v 0.030039 0.034790 0.025033
v 0.043556 0.028645 0.028825
v 0.034603 0.033488 0.025104
v 0.031049 0.031452 0.027964
v 0.033728 0.030653 0.028730
v 0.036352 0.031084 0.027578
v 0.040995 0.031396 0.026519
v 0.038267 0.031856 0.025738
v 0.033480 0.028416 0.030705
v 0.032210 0.025844 0.033171
v 0.038307 0.027173 0.031635
v 0.034279 0.024445 0.034345
v 0.034950 0.022897 0.035904
v 0.038662 0.028583 0.029694
v 0.038520 0.023220 0.035296
v 0.042512 0.034064 0.022816
v 0.037633 0.037581 0.019231
v 0.040955 0.037336 0.019334
v 0.045421 0.034414 0.022027
v 0.044440 0.037947 0.018351
v 0.047723 0.033442 0.023121
v 0.079467 0.009729 0.030583
v 0.080608 0.007072 0.030730
v 0.078464 0.006794 0.027902
v 0.080760 0.007548 0.032083
v 0.077001 0.008995 0.033192
v 0.077288 0.006163 0.035267
v 0.066170 0.013708 0.016169
v 0.067215 0.014790 0.017258
v 0.068534 0.012416 0.018471
v 0.076303 0.015638 0.027672
v 0.078341 0.012328 0.029554
v 0.075545 0.012652 0.026322
v 0.066931 0.009960 0.015532
v 0.078514 0.009782 0.028726
v 0.072953 0.015146 0.023702
v 0.071560 0.013533 0.022085
v 0.070406 0.016167 0.022137
v 0.074471 0.014878 0.025090
v 0.074815 0.017358 0.026160
v 0.073834 0.015462 0.029537
v 0.080007 0.004291 0.028976
v 0.081874 0.004063 0.031888
v 0.077137 0.010528 0.031145
v 0.076771 0.010176 0.026990
v 0.072231 0.017604 0.028582
v 0.072832 0.018347 0.024231
v 0.069246 0.017799 0.021152
v 0.079650 0.002092 0.036186
v 0.073332 0.007318 0.036417
v 0.074800 0.004424 0.037746
v 0.070667 0.006482 0.038567
v 0.074641 0.012209 0.031743
v 0.072969 0.010871 0.033537
v 0.070053 0.011119 0.035059
v 0.071156 0.008834 0.036843
v 0.072302 0.019716 0.027277
v 0.069722 0.003727 0.040877
v 0.072849 0.020499 0.024225
v 0.067284 0.007660 0.039098
v 0.065651 0.005409 0.041935
v 0.072188 0.022679 0.024259
v 0.067734 0.010475 0.037072
v 0.070713 0.014868 0.032102
v 0.068179 0.013603 0.034571
v 0.064172 0.011076 0.038854
v 0.064206 0.013552 0.036346
v 0.061332 0.010415 0.040190
v 0.070491 0.021706 0.026492
v 0.066606 0.016535 0.032585
v 0.066403 0.002502 0.043181
v 0.069710 0.019892 0.028403
v 0.061856 0.003640 0.044390
v 0.063762 0.008827 0.040131
v 0.060501 0.008407 0.042151
v 0.070807 0.023326 0.022695
v 0.063820 0.016149 0.034567
v 0.070197 0.021201 0.022023
v 0.059887 0.006282 0.044070
v 0.067665 0.019709 0.030290
v 0.066439 0.022675 0.026566
v 0.060021 0.001989 0.043501
v 0.059318 0.016176 0.036182
v 0.066367 0.006858 0.014002
v 0.062749 0.008496 0.010741
v 0.059813 0.012641 0.039782
v 0.065038 0.017894 0.032689
v 0.062606 0.020433 0.031400
v 0.060766 0.018029 0.033823
v 0.059138 0.018318 0.034945
v 0.065906 0.023079 0.027850
v 0.059311 0.021683 0.031704
v 0.052997 0.036598 0.011804
v 0.054670 0.035660 0.012378
v 0.053626 0.032849 0.011097
v 0.068048 0.015109 0.018678
v 0.066979 0.018577 0.019169
v 0.065228 0.016932 0.016706
v 0.064554 0.013855 0.014490
v 0.067861 0.021331 0.019876
v 0.055819 0.037638 0.014649
v 0.063682 0.018899 0.015542
v 0.065693 0.021196 0.018255
v 0.056382 0.034506 0.013942
v 0.055217 0.032725 0.012036
v 0.058934 0.037664 0.017633
v 0.059792 0.035792 0.017349
v 0.057932 0.035787 0.015339
v 0.057579 0.032320 0.013772
v 0.061196 0.034487 0.017382
v 0.061738 0.032370 0.017084
v 0.059444 0.030554 0.015301
v 0.061565 0.021360 0.013656
v 0.064422 0.024261 0.017453
v 0.077523 0.005118 0.026138
v 0.076629 0.008388 0.026401
v 0.075153 0.007295 0.024030
v 0.073059 0.008633 0.021846
v 0.075481 0.004713 0.023354
v 0.073102 0.005311 0.020369
v 0.064153 0.010785 0.013191
v 0.074308 0.010310 0.023749
v 0.071233 0.006064 0.018748
v 0.067820 0.008020 0.016297
v 0.071601 0.007839 0.019820
v 0.058000 0.029195 0.013485
v 0.055110 0.028812 0.010410
v 0.052778 0.030908 0.008934
v 0.054924 0.023961 0.007554
v 0.054070 0.026371 0.008014
v 0.056691 0.027006 0.011169
v 0.058372 0.025880 0.012581
v 0.061441 0.028393 0.016096
v 0.056931 0.022953 0.009957
v 0.063569 0.029911 0.017783
v 0.063750 0.026895 0.017563
v 0.061032 0.024411 0.014498
v 0.059839 0.022900 0.013214
v 0.056675 0.038507 0.017688
v 0.056420 0.034651 0.020729
v 0.062579 0.023345 0.015394
v 0.062754 0.006152 0.007759
v 0.061821 0.006440 0.004629
v 0.062043 0.009281 0.009186
v 0.053008 0.034550 0.021115
v 0.053999 0.038722 0.017548
v 0.061599 0.011290 0.010357
v 0.056351 0.031708 0.023514
v 0.058872 0.030129 0.023962
v 0.059154 0.033193 0.021268
v 0.061361 0.030720 0.023262
v 0.063773 0.032434 0.020646
v 0.063649 0.032952 0.018322
v 0.056960 0.028747 0.025673
v 0.064164 0.029431 0.022512
v 0.057760 0.027478 0.027242
v 0.055908 0.024678 0.029860
v 0.060570 0.027634 0.026345
v 0.058516 0.023603 0.029722
v 0.060711 0.024912 0.028949
v 0.063184 0.024335 0.028469
v 0.064514 0.026353 0.024629
v 0.066267 0.030114 0.020792
v 0.066027 0.027743 0.019859
v 0.068032 0.028141 0.021808
v 0.066794 0.025099 0.019902
v 0.067993 0.024072 0.024866
v 0.069495 0.025258 0.023019
v 0.068339 0.024955 0.021598
v 0.055429 0.021779 0.006681
v 0.057753 0.019414 0.008136
v 0.070694 0.010680 0.019812
v 0.061041 0.012521 0.009287
v 0.062846 0.015496 0.013277
v 0.059592 0.020886 0.011584
v 0.058579 0.018977 0.009498
v 0.061364 0.018123 0.012722
v 0.057906 0.016187 0.006282
v 0.060207 0.014770 0.009579
v 0.060544 0.017262 0.010940
v 0.069648 0.004937 0.016663
v 0.058799 0.013904 0.005992
v 0.060320 0.011460 0.006692
v 0.060375 0.008385 0.004829
v 0.080486 -0.018520 0.018549
v 0.082415 -0.019971 0.019519
v 0.082517 -0.023518 0.017510
v 0.078206 -0.016372 0.016493
v 0.079962 -0.020211 0.015683
v 0.078539 -0.019131 0.012910
v 0.056068 -0.022872 0.029581
v 0.053669 -0.022524 0.028884
v 0.053079 -0.024345 0.028049
v 0.054289 -0.019967 0.029714
v 0.085086 -0.020724 0.028894
v 0.084334 -0.023988 0.027861
v 0.084739 -0.021422 0.026989
v 0.083778 -0.018895 0.023846
v 0.084952 -0.023075 0.024417
v 0.067805 -0.015675 0.001883
v 0.067741 -0.012721 0.001991
v 0.069368 -0.014610 0.002978
v 0.066753 -0.009114 0.002299
v 0.069423 -0.009599 0.002869
v 0.070572 -0.011379 0.004285
v 0.080792 -0.026238 0.031412
v 0.083903 -0.023876 0.030724
v 0.079905 -0.021200 0.032174
v 0.069103 -0.017917 0.002976
v 0.067653 -0.018366 0.001056
v 0.071889 -0.009649 0.006105
v 0.070283 -0.008155 0.004704
v 0.070072 -0.013426 0.004193
v 0.079123 -0.025837 0.031536
v 0.084166 -0.019656 0.031374
v 0.084521 -0.016653 0.029678
v 0.083835 -0.015486 0.031839
v 0.083027 -0.017336 0.024500
v 0.082779 -0.014204 0.027434
v 0.080273 -0.017351 0.032674
v 0.082502 -0.012488 0.030130
v 0.082452 -0.011876 0.032155
v 0.081840 -0.014881 0.023835
v 0.081728 -0.011690 0.033505
v 0.080859 -0.015353 0.032826
v 0.081094 -0.012430 0.024405
v 0.078583 -0.013933 0.033316
v 0.072014 -0.011256 0.007298
v 0.080861 -0.010033 0.027778
v 0.080129 -0.012659 0.033100
v 0.077561 -0.016621 0.032454
v 0.083373 -0.021283 0.020875
v 0.083224 -0.022593 0.019076
v 0.084357 -0.023811 0.020297
v 0.084541 -0.023376 0.022629
v 0.073579 -0.013758 0.007565
v 0.074928 -0.011227 0.010876
v 0.074858 -0.012572 0.010714
v 0.071393 -0.013197 0.006005
v 0.078154 -0.012777 0.018328
v 0.076777 -0.013482 0.014632
v 0.077101 -0.015680 0.013538
v 0.070144 -0.015669 0.003585
v 0.070854 -0.017666 0.004417
v 0.073462 -0.015547 0.007007
v 0.071604 -0.018962 0.005485
v 0.074019 -0.017437 0.007717
v 0.081460 -0.024743 0.015334
v 0.078956 -0.022718 0.012581
v 0.078372 -0.023126 0.011347
v 0.077637 -0.020755 0.011087
v 0.081902 -0.017476 0.021219
v 0.074821 -0.021291 0.007884
v 0.075986 -0.018831 0.009611
v 0.076562 -0.021572 0.009929
v 0.079751 -0.015813 0.019381
v 0.069326 -0.020507 0.002886
v 0.080779 -0.015182 0.020701
v 0.064650 0.005088 0.011280
v 0.072956 -0.020548 0.005398
v 0.071249 -0.020876 0.004599
v 0.081815 -0.008222 0.031349
v 0.081018 -0.006536 0.027378
v 0.079642 -0.012100 0.021455
v 0.075904 -0.016307 0.009682
v 0.075825 -0.013635 0.011175
v 0.079109 -0.008889 0.022700
v 0.079660 -0.005099 0.024193
v 0.079640 -0.008348 0.025405
v 0.076033 -0.011663 0.013691
v 0.076808 -0.011188 0.016856
v 0.073425 -0.023536 0.006419
v 0.075728 -0.009081 0.013684
v 0.058261 -0.015262 0.032710
v 0.056204 -0.015213 0.033846
v 0.056128 -0.017112 0.031563
v 0.057620 -0.014102 0.035380
v 0.058899 -0.012049 0.035754
v 0.059532 -0.011470 0.037648
v 0.056373 -0.015965 0.035602
v 0.059863 -0.014133 0.033953
v 0.060451 -0.016889 0.033128
v 0.077008 -0.025522 0.032098
v 0.077127 -0.019971 0.033659
v 0.075124 -0.023218 0.032100
v 0.079016 -0.008299 0.034982
v 0.079108 -0.009937 0.035161
v 0.073540 -0.020052 0.033386
v 0.075447 -0.017896 0.034292
v 0.081244 -0.008042 0.034638
v 0.079680 -0.004153 0.036418
v 0.072642 -0.026001 0.031078
v 0.070254 -0.022364 0.031649
v 0.063019 0.004134 0.005732
v 0.062909 0.002655 0.004034
v 0.082798 -0.001310 0.033813
v 0.082012 0.002166 0.033516
v 0.081969 0.000020 0.035174
v 0.065167 -0.000342 0.005994
v 0.063638 -0.001229 0.003128
v 0.063518 0.003812 0.007920
v 0.081990 -0.005433 0.034812
v 0.064579 0.001646 0.007453
v 0.064551 0.002481 0.009038
v 0.066488 0.002965 0.011838
v 0.066642 0.004834 0.013456
v 0.067400 -0.000258 0.008927
v 0.066916 0.000853 0.010315
v 0.067493 -0.001383 0.010046
v 0.068668 0.003645 0.015167
v 0.069378 0.000316 0.013185
v 0.069452 -0.002948 0.012811
v 0.066732 -0.005220 0.003217
v 0.064696 -0.003245 0.002963
v 0.065634 -0.002287 0.006670
v 0.066653 -0.004133 0.006178
v 0.079384 -0.003754 0.025057
v 0.080542 -0.003055 0.028753
v 0.068393 -0.007016 0.004719
v 0.067676 -0.002834 0.009546
v 0.068331 -0.004436 0.008611
v 0.071240 -0.004692 0.011662
v 0.073168 -0.006280 0.010562
v 0.069059 -0.006682 0.006653
v 0.071307 -0.007386 0.008113
v 0.073887 -0.008221 0.010725
v 0.069277 0.002314 0.014403
v 0.073132 0.000327 0.018209
v 0.071150 -0.000714 0.014967
v 0.072604 0.002746 0.019030
v 0.073549 -0.002875 0.018308
v 0.074920 -0.001131 0.021187
v 0.074510 0.002137 0.021230
v 0.076945 0.000539 0.024438
v 0.075921 -0.002701 0.021563
v 0.077678 -0.002840 0.023494
v 0.073371 -0.003848 0.015387
v 0.074746 -0.005212 0.013944
v 0.071172 -0.003292 0.014762
v 0.076541 -0.004127 0.018099
v 0.074938 -0.006583 0.014612
v 0.078161 -0.003760 0.021652
v 0.073636 -0.014882 0.033905
v 0.073466 -0.016419 0.034967
v 0.069073 -0.015350 0.035549
v 0.070083 -0.018986 0.033328
v 0.075756 -0.012313 0.034821
v 0.073403 -0.009577 0.036515
v 0.063498 -0.016946 0.034288
v 0.066867 -0.019193 0.032880
v 0.072368 -0.014392 0.035727
v 0.071355 -0.013280 0.035395
v 0.081581 -0.004985 0.031485
v 0.069903 -0.012569 0.037281
v 0.060564 -0.020299 0.032033
v 0.063143 -0.025973 0.029365
v 0.059581 -0.023419 0.030201
v 0.055689 -0.025688 0.028516
v 0.066125 -0.013760 0.036367
v 0.081767 -0.003092 0.030983
v 0.064247 -0.015547 0.035251
v 0.082282 -0.003287 0.035995
v 0.058217 0.000574 0.042155
v 0.059037 -0.002038 0.040988
v 0.058423 -0.018889 0.031425
v 0.063097 0.000801 0.044289
v 0.063144 -0.002562 0.042298
v 0.056210 -0.002762 0.039747
v 0.059060 -0.004301 0.039861
v 0.054407 0.000050 0.040840
v 0.064770 -0.000954 0.042295
v 0.069233 -0.000858 0.042472
v 0.066136 -0.000585 0.043424
v 0.064357 -0.004819 0.041170
v 0.062855 -0.008414 0.039614
v 0.067606 -0.003203 0.042410
v 0.066996 -0.004928 0.040237
v 0.059132 -0.007011 0.039064
v 0.053528 -0.004367 0.038344
v 0.055173 -0.007140 0.037791
v 0.056948 -0.010905 0.037187
v 0.058951 -0.008613 0.038759
v 0.060761 -0.009724 0.037620
v 0.061993 -0.011616 0.035729
v 0.065662 -0.010502 0.037832
v 0.063889 -0.007615 0.039462
v 0.054085 -0.013618 0.036658
v 0.067466 -0.008962 0.039189
v 0.068658 -0.006712 0.038700
v 0.073270 0.002860 0.039002
v 0.073599 -0.000152 0.040036
v 0.070358 -0.005333 0.039800
v 0.071597 -0.003222 0.040419
v 0.075183 -0.002998 0.039251
v 0.073702 -0.005030 0.038237
v 0.076496 0.000630 0.038815
v 0.079272 -0.001686 0.037411
v 0.078111 -0.005759 0.037621
v 0.069934 -0.009906 0.037394
v 0.072941 -0.007414 0.037744
v 0.078397 -0.010103 0.035592
v 0.079700 0.000370 0.028111
v 0.078001 0.000554 0.025838
v 0.077320 -0.005255 0.019838
v 0.076479 -0.007190 0.017559
v 0.078289 -0.002638 0.026122
v 0.077782 -0.008332 0.019431
v 0.078170 -0.007225 0.021788
v 0.053296 -0.019471 0.031733
v 0.081239 0.001390 0.031738
v 0.068352 -0.023234 0.000577
v 0.054732 -0.018155 0.034728
v 0.029688 -0.019117 0.037890
v 0.023863 -0.020319 0.036245
v 0.025347 -0.022630 0.034977
v 0.051509 -0.021838 0.032244
v 0.048436 -0.019664 0.032833
v 0.050233 -0.024012 0.031207
v 0.020599 -0.013608 0.039041
v 0.017518 -0.014574 0.037742
v 0.021803 -0.017946 0.036826
v 0.052002 -0.019629 0.033447
v 0.046549 -0.018564 0.033161
v 0.044213 -0.023974 0.031717
v 0.040852 -0.019531 0.033185
v 0.039981 -0.021519 0.032363
v 0.050739 -0.015984 0.034650
v 0.048274 -0.013713 0.035352
v 0.025772 -0.014227 0.039386
v 0.015451 -0.011604 0.038484
v 0.013877 -0.014089 0.036994
v 0.044786 -0.013588 0.034533
v 0.046255 -0.015498 0.033875
v 0.043413 -0.015428 0.033739
v 0.036263 -0.023022 0.032179
v 0.038399 -0.022716 0.032443
v 0.035789 -0.020411 0.036012
v 0.039004 -0.021827 0.034304
v 0.020494 -0.020918 0.035574
v 0.024868 -0.016713 0.037901
v 0.033321 -0.022207 0.036321
v 0.033401 -0.024398 0.034957
v 0.035279 -0.023313 0.034308
v 0.017243 -0.003103 0.045689
v 0.011635 -0.004210 0.043886
v 0.015829 -0.006457 0.043126
v 0.019482 -0.000801 0.047969
v 0.021452 -0.003973 0.045468
v 0.021880 -0.007004 0.043789
v 0.017641 -0.006735 0.043237
v 0.029433 -0.024338 0.034100
v 0.015415 -0.009392 0.040758
v 0.021757 -0.024594 0.033144
v 0.020202 -0.009095 0.041947
v 0.040458 -0.015835 0.036648
v 0.040974 -0.014688 0.034944
v 0.020318 -0.011297 0.040023
v 0.026093 -0.004291 0.046128
v 0.025149 -0.001793 0.048236
v 0.028960 -0.001852 0.049323
v 0.019402 -0.024424 0.034094
v 0.033472 -0.000408 0.047569
v 0.029670 -0.022004 0.036102
v 0.032529 -0.002199 0.048861
v 0.028035 -0.003867 0.047326
v 0.034750 -0.005764 0.047260
v 0.031073 -0.006322 0.045721
v 0.023576 -0.010733 0.040959
v 0.025590 -0.008284 0.043597
v 0.029302 -0.008147 0.044353
v 0.027155 -0.011409 0.041256
v 0.030085 -0.011321 0.042684
v 0.029580 -0.014250 0.040299
v 0.033692 -0.010524 0.043834
v 0.034460 -0.007168 0.045991
v 0.040512 -0.018723 0.035041
v 0.036271 -0.015926 0.038952
v 0.037652 -0.019165 0.036921
v 0.032213 -0.013003 0.041389
v 0.040418 -0.013582 0.037321
v 0.040697 -0.010555 0.036455
v 0.041607 -0.011984 0.034108
v 0.038106 -0.010664 0.040407
v 0.038141 -0.013377 0.041122
v 0.034678 -0.017716 0.039171
v 0.036309 -0.003838 0.043626
v 0.037675 -0.001280 0.044240
v 0.036204 -0.003435 0.045524
v 0.035452 0.000405 0.046003
v 0.038947 -0.002038 0.042006
v 0.038195 0.001235 0.044818
v 0.037347 0.000037 0.046297
v 0.035274 -0.002859 0.047909
v 0.016350 -0.018554 0.035716
v 0.040123 -0.001797 0.040151
v 0.042195 -0.000268 0.037196
v 0.041742 -0.002379 0.037981
v 0.037677 -0.004375 0.042570
v 0.038462 -0.006270 0.041006
v 0.040713 -0.003834 0.038940
v 0.042513 -0.003243 0.035516
v 0.035689 -0.010659 0.043813
v 0.037261 -0.009145 0.042466
v 0.036302 -0.008043 0.043887
v 0.036994 -0.013334 0.041783
v 0.035230 -0.014568 0.040635
v 0.038086 -0.008596 0.040869
v 0.036276 -0.007451 0.045816
v 0.040530 -0.006548 0.038439
v 0.042026 -0.005099 0.035714
v 0.039893 -0.010384 0.038714
v 0.041592 -0.007997 0.034605
v 0.044348 -0.006242 0.035152
v 0.017335 -0.016580 0.036695
v 0.046319 -0.000500 0.037159
v 0.043792 -0.000795 0.036437
v 0.044428 -0.008892 0.035065
v 0.048034 0.000233 0.038962
v 0.047570 -0.001331 0.038093
v 0.050065 -0.001525 0.038580
v 0.045147 -0.004252 0.036028
v 0.048433 -0.004799 0.036718
v 0.049975 -0.004023 0.038600
v 0.051177 -0.002892 0.039920
v 0.052466 -0.000304 0.040818
v 0.053047 -0.003138 0.038445
v 0.047680 -0.007771 0.035959
v 0.051062 -0.005974 0.037328
v 0.030966 -0.016831 0.039140
v 0.048127 -0.011567 0.035144
v 0.053144 -0.010296 0.036511
v 0.032040 -0.015012 0.040388
v 0.016778 -0.022692 0.034084
v 0.013252 -0.021741 0.033574
v 0.011297 -0.024098 0.032254
v 0.014633 -0.019771 0.034749
v 0.038305 -0.024190 0.031011
v 0.037501 -0.025913 0.032713
v 0.035276 -0.024712 0.032294
v 0.026183 -0.023968 0.034790
v 0.012811 -0.016184 0.035671
v 0.015203 -0.065780 0.008814
v 0.019391 -0.061950 0.011405
v 0.018034 -0.060712 0.011640
v 0.047382 -0.067100 0.011743
v 0.044887 -0.066048 0.009791
v 0.049171 -0.064378 0.009304
v 0.049336 -0.065358 0.014115
v 0.046408 -0.065242 0.013434
v 0.014807 -0.062473 0.010271
v 0.015834 -0.059353 0.011710
v 0.013957 -0.061651 0.009517
v 0.049432 -0.067230 0.011280
v 0.017411 -0.064582 0.007633
v 0.014280 -0.065069 0.007683
v 0.015408 -0.061517 0.006592
v 0.018973 -0.062736 0.006947
v 0.019960 -0.059309 0.006239
v 0.021090 -0.063223 0.007315
v 0.046960 -0.064122 0.014911
v 0.048200 -0.062204 0.016745
v 0.050517 -0.063302 0.015854
v 0.052321 -0.061856 0.017644
v 0.044398 -0.062563 0.015593
v 0.042174 -0.067159 0.010079
v 0.042238 -0.064901 0.012874
v 0.038905 -0.066695 0.011423
v 0.040421 -0.065151 0.013356
v 0.040856 -0.061059 0.015620
v 0.042801 -0.062107 0.007644
v 0.044676 -0.059930 0.007308
v 0.047381 -0.058980 0.007011
v 0.037912 -0.064336 0.013618
v 0.040472 -0.064484 0.008629
v 0.012168 -0.062199 0.007214
v 0.050157 -0.061547 0.008139
v 0.012408 -0.063625 0.008744
v 0.014503 -0.058370 0.011178
v 0.039139 -0.062652 0.008225
v 0.037787 -0.066072 0.009043
v 0.038987 -0.060756 0.007118
v 0.036202 -0.066653 0.010311
v 0.033483 -0.065637 0.012827
v 0.037516 -0.061350 0.015222
v 0.032323 -0.062519 0.013484
v 0.036501 -0.064095 0.008461
v 0.012765 -0.027200 0.031978
v 0.015501 -0.027570 0.032218
v 0.019380 -0.026916 0.032803
v 0.017196 -0.029198 0.032265
v 0.014143 -0.030999 0.031404
v 0.033775 -0.067368 0.008879
v 0.031318 -0.067683 0.010315
v 0.029738 -0.065892 0.012241
v 0.031937 -0.064796 0.008495
v 0.020405 -0.030561 0.030734
v 0.019731 -0.066237 0.009636
v 0.021339 -0.027866 0.031748
v 0.026635 -0.025557 0.033475
v 0.010442 -0.062593 0.006447
v 0.023877 -0.029657 0.030549
v 0.025792 -0.028438 0.032079
v 0.030195 -0.027040 0.033211
v 0.028586 -0.029954 0.031415
v 0.031622 -0.027366 0.032830
v 0.035663 -0.061734 0.008140
v 0.034484 -0.060360 0.007490
v 0.030398 -0.061986 0.007532
v 0.026855 -0.065566 0.011140
v 0.028175 -0.063958 0.012141
v 0.022255 -0.066042 0.010709
v 0.029074 -0.065814 0.010205
v 0.024987 -0.064345 0.008842
v 0.025289 -0.066734 0.010917
v 0.017084 -0.032771 0.030770
v 0.015736 -0.034779 0.030888
v 0.012149 -0.032201 0.030429
v 0.018632 -0.036896 0.029354
v 0.015535 -0.040303 0.028163
v 0.030186 -0.061683 0.013590
v 0.025532 -0.063286 0.012246
v 0.026255 -0.059642 0.013258
v 0.016103 -0.039500 0.025469
v 0.014279 -0.040961 0.024318
v 0.027966 -0.061113 0.006914
v 0.016657 -0.039678 0.023613
v 0.014202 -0.043439 0.020345
v 0.016011 -0.041158 0.021169
v 0.023917 -0.051608 0.015208
v 0.029125 -0.049825 0.016284
v 0.024397 -0.047627 0.016580
v 0.014072 -0.046677 0.019728
v 0.017069 -0.044153 0.018568
v 0.012514 -0.041159 0.028104
v 0.013913 -0.038371 0.029305
v 0.018108 -0.038221 0.026963
v 0.023428 -0.031654 0.029664
v 0.021019 -0.034087 0.029631
v 0.021962 -0.037308 0.027893
v 0.025420 -0.036920 0.027406
v 0.022924 -0.038179 0.025269
v 0.026200 -0.033876 0.029342
v 0.028687 -0.035274 0.029219
v 0.031433 -0.031098 0.031229
v 0.026200 -0.035822 0.028592
v 0.030855 -0.034698 0.026305
v 0.027984 -0.037496 0.023881
v 0.030214 -0.036660 0.024271
v 0.019746 -0.040398 0.022275
v 0.020455 -0.039436 0.023478
v 0.019259 -0.042466 0.018472
v 0.022206 -0.039601 0.022205
v 0.015631 -0.045978 0.016867
v 0.022411 -0.042036 0.018948
v 0.021908 -0.045299 0.017158
v 0.024807 -0.040142 0.020694
v 0.026771 -0.039473 0.020533
v 0.027228 -0.041493 0.018534
v 0.030616 -0.043640 0.018132
v 0.027372 -0.045815 0.017181
v 0.048477 -0.055487 0.020062
v 0.047155 -0.050170 0.021090
v 0.045068 -0.055210 0.019409
v 0.049413 -0.059096 0.018362
v 0.050917 -0.055423 0.020630
v 0.025584 -0.061910 0.007389
v 0.022741 -0.064715 0.007850
v 0.032995 -0.026215 0.032275
v 0.034124 -0.027227 0.032843
v 0.034632 -0.027889 0.031635
v 0.032498 -0.029884 0.031348
v 0.035383 -0.028040 0.028957
v 0.035263 -0.029908 0.029903
v 0.037838 -0.026973 0.029992
v 0.040293 -0.029215 0.029311
v 0.023904 -0.060019 0.006577
v 0.041235 -0.025938 0.030857
v 0.042331 -0.059116 0.016644
v 0.043156 -0.055014 0.018701
v 0.038670 -0.058011 0.016385
v 0.047196 -0.026597 0.030798
v 0.045150 -0.030315 0.029150
v 0.049707 -0.029716 0.028812
v 0.042713 -0.031061 0.028479
v 0.050655 -0.025937 0.029459
v 0.041251 -0.052714 0.018423
v 0.029067 -0.058637 0.014275
v 0.024585 -0.058192 0.013608
v 0.051669 -0.025541 0.027183
v 0.027492 -0.053012 0.015599
v 0.050530 -0.052346 0.021237
v 0.036855 -0.029692 0.028989
v 0.051491 -0.050271 0.021871
v 0.049161 -0.049998 0.021477
v 0.050953 -0.030278 0.026528
v 0.020207 -0.047794 0.016194
v 0.049649 -0.049345 0.021203
v 0.046448 -0.048155 0.020897
v 0.044326 -0.049416 0.020283
v 0.049871 -0.046259 0.022475
v 0.047665 -0.045686 0.022275
v 0.034400 -0.033435 0.030140
v 0.036490 -0.032460 0.029080
v 0.031749 -0.032918 0.030705
v 0.044853 -0.045763 0.021166
v 0.036180 -0.033073 0.027130
v 0.035868 -0.034421 0.027826
v 0.033394 -0.036520 0.025414
v 0.037107 -0.036275 0.026286
v 0.038748 -0.031507 0.027877
v 0.039555 -0.033690 0.027463
v 0.038510 -0.036104 0.026105
v 0.043135 -0.035688 0.027066
v 0.038876 -0.038253 0.025296
v 0.030989 -0.038542 0.022286
v 0.031741 -0.040398 0.020053
v 0.032759 -0.041044 0.019255
v 0.033427 -0.039908 0.023367
v 0.031916 -0.046696 0.017527
v 0.035662 -0.040819 0.023116
v 0.035939 -0.041530 0.019200
v 0.035542 -0.044936 0.018232
v 0.038660 -0.043158 0.019252
v 0.038785 -0.043290 0.021817
v 0.041454 -0.044693 0.020044
v 0.040770 -0.047439 0.019316
v 0.039073 -0.041957 0.023521
v 0.040116 -0.040530 0.024551
v 0.042282 -0.038768 0.024852
v 0.043368 -0.041907 0.023707
v 0.044993 -0.057585 0.006083
v 0.046243 -0.053318 0.005564
v 0.050402 -0.058011 0.007542
v 0.041577 -0.044007 0.022672
v 0.038280 -0.052785 0.017272
v 0.039077 -0.050882 0.017720
v 0.041166 -0.057572 0.006381
v 0.047524 -0.049916 0.004780
v 0.043037 -0.052553 0.004940
v 0.043633 -0.048440 0.004331
v 0.043292 -0.055395 0.005722
v 0.022525 -0.056873 0.013581
v 0.024997 -0.055378 0.014651
v 0.037468 -0.058620 0.006887
v 0.020285 -0.056459 0.013143
v 0.037535 -0.055508 0.005475
v 0.018974 -0.050518 0.015003
v 0.021480 -0.052996 0.014558
v 0.044517 -0.033737 0.028142
v 0.048093 -0.032237 0.028277
v 0.043917 -0.039895 0.025091
v 0.047018 -0.035416 0.026907
v 0.038688 -0.052197 0.004621
v 0.046272 -0.037629 0.026012
v 0.049236 -0.036351 0.026083
v 0.050220 -0.033288 0.025298
v 0.049336 -0.039396 0.023648
v 0.053675 -0.037140 0.025825
v 0.029579 -0.055643 0.014937
v 0.053510 -0.035331 0.025904
v 0.048411 -0.040035 0.023913
v 0.046039 -0.043429 0.022678
v 0.047604 -0.042300 0.022790
v 0.050480 -0.040643 0.024133
v 0.050593 -0.042724 0.023998
v 0.022543 -0.056688 0.005074
v 0.025981 -0.057606 0.005870
v 0.047033 -0.047771 0.004643
v 0.048294 -0.052244 0.005344
v 0.044634 -0.046543 0.002931
v 0.047118 -0.045629 0.003616
v 0.041051 -0.049123 0.004447
v 0.046501 -0.044353 0.002246
v 0.017198 -0.057580 0.012257
v 0.038800 -0.046420 0.003077
v 0.040795 -0.045631 0.002559
v 0.036747 -0.046946 0.003470
v 0.036214 -0.050285 0.004233
v 0.031937 -0.060022 0.014657
v 0.034830 -0.058540 0.015635
v 0.034418 -0.055637 0.015817
v 0.017461 -0.054665 0.013740
v 0.031956 -0.057134 0.015014
v 0.014233 -0.049277 0.017414
v 0.014136 -0.052855 0.015080
v 0.016345 -0.049641 0.014744
v 0.032863 -0.051280 0.016578
v 0.037071 -0.048660 0.017609
v 0.030824 -0.056571 0.006046
v 0.030927 -0.054063 0.004872
v 0.032913 -0.055377 0.006195
v 0.034923 -0.055088 0.005455
v 0.032817 -0.059262 0.007403
v 0.015556 -0.054755 0.012961
v 0.016295 -0.051940 0.014113
v 0.033299 -0.051671 0.004206
v 0.030609 -0.051283 0.004358
v 0.028159 -0.056814 0.005282
v 0.018354 -0.047445 0.016428
v 0.034354 -0.048096 0.003704
v 0.081489 -0.029418 0.030747
v 0.082779 -0.029895 0.028960
v 0.083423 -0.026981 0.029493
v 0.083464 -0.028987 0.026914
v 0.084124 -0.027309 0.025016
v 0.086777 -0.051165 0.024793
v 0.084934 -0.052419 0.026377
v 0.085950 -0.054026 0.024585
v 0.085724 -0.053834 0.023131
v 0.086267 -0.050578 0.022457
v 0.086579 -0.049773 0.027094
v 0.083860 -0.049641 0.028333
v 0.087016 -0.048241 0.023784
v 0.084980 -0.050848 0.021733
v 0.084988 -0.048244 0.022676
v 0.077959 -0.030574 0.030898
v 0.086841 -0.045852 0.023607
v 0.086729 -0.046503 0.027246
v 0.086428 -0.043753 0.024005
v 0.084682 -0.046225 0.028256
v 0.085258 -0.045213 0.022716
v 0.084136 -0.047788 0.019508
v 0.080351 -0.053552 0.027179
v 0.080743 -0.049211 0.028581
v 0.077411 -0.049244 0.028356
v 0.053523 -0.027460 0.027518
v 0.080132 -0.044923 0.029405
v 0.083656 -0.050870 0.017755
v 0.083237 -0.047277 0.017378
v 0.083929 -0.043858 0.019177
v 0.082856 -0.043678 0.017639
v 0.081202 -0.033130 0.029610
v 0.084940 -0.025366 0.022871
v 0.081291 -0.050253 0.013757
v 0.084853 -0.041551 0.020424
v 0.082602 -0.039107 0.016770
v 0.083282 -0.036157 0.017696
v 0.077834 -0.033519 0.030221
v 0.080511 -0.045003 0.012199
v 0.080996 -0.044537 0.013765
v 0.054126 -0.033911 0.025554
v 0.083799 -0.032277 0.027130
v 0.084384 -0.033572 0.024818
v 0.084884 -0.039240 0.020631
v 0.078717 -0.049841 0.009978
v 0.077557 -0.052168 0.007829
v 0.076380 -0.046540 0.006641
v 0.056444 -0.033012 0.026479
v 0.075493 -0.049293 0.005685
v 0.083165 -0.033924 0.028545
v 0.056097 -0.029609 0.027036
v 0.078650 -0.044548 0.008457
v 0.078876 -0.041704 0.010252
v 0.077742 -0.036241 0.029939
v 0.080902 -0.036058 0.029602
v 0.080805 -0.053593 0.013274
v 0.079256 -0.048024 0.011108
v 0.079192 -0.045758 0.011176
v 0.076573 -0.044612 0.007518
v 0.077624 -0.041227 0.009192
v 0.053116 -0.039421 0.025269
v 0.081605 -0.034759 0.014825
v 0.053847 -0.041932 0.025279
v 0.081897 -0.042644 0.015429
v 0.055825 -0.038062 0.026506
v 0.073777 -0.048362 0.004682
v 0.073625 -0.044932 0.003903
v 0.049137 -0.040364 0.001765
v 0.048974 -0.043542 0.002927
v 0.047867 -0.043040 0.001990
v 0.051076 -0.040275 0.001579
v 0.074996 -0.046939 0.028061
v 0.073403 -0.049798 0.026758
v 0.053996 -0.044240 0.024331
v 0.075894 -0.044626 0.005915
v 0.075515 -0.042558 0.005783
v 0.080000 -0.037146 0.012773
v 0.085608 -0.033782 0.020029
v 0.075567 -0.052388 0.027532
v 0.071763 -0.053749 0.025126
v 0.073024 -0.052113 0.026190
v 0.086313 -0.040406 0.022634
v 0.076894 -0.043411 0.029225
v 0.072713 -0.047278 0.027057
v 0.050922 -0.046802 0.004647
v 0.079696 -0.042509 0.012003
v 0.070452 -0.045569 0.026885
v 0.069409 -0.050231 0.025364
v 0.049401 -0.050454 0.004751
v 0.081514 -0.039507 0.015356
v 0.066321 -0.046629 0.025279
v 0.066370 -0.049904 0.024958
v 0.074391 -0.040189 0.005529
v 0.076375 -0.040069 0.008183
v 0.068587 -0.045035 0.004605
v 0.066537 -0.046125 0.004681
v 0.066341 -0.043144 0.003574
v 0.078567 -0.039223 0.011643
v 0.069833 -0.051038 0.007387
v 0.069658 -0.048027 0.006084
v 0.072366 -0.051181 0.006397
v 0.067934 -0.049826 0.007532
v 0.078588 -0.036932 0.011749
v 0.075868 -0.037292 0.007823
v 0.077649 -0.033203 0.010558
v 0.072124 -0.046043 0.004127
v 0.070301 -0.041601 0.002415
v 0.072292 -0.041816 0.003129
v 0.055199 -0.047241 0.024089
v 0.054735 -0.050804 0.023247
v 0.066015 -0.050339 0.007292
v 0.061941 -0.046762 0.004993
v 0.063148 -0.041254 0.003242
v 0.059971 -0.041029 0.003560
v 0.064819 -0.052841 0.023676
v 0.061991 -0.049401 0.023615
v 0.061231 -0.052870 0.022847
v 0.083224 -0.033316 0.017199
v 0.085120 -0.030676 0.019342
v 0.063618 -0.046083 0.024612
v 0.078825 -0.033352 0.012016
v 0.058275 -0.053078 0.022047
v 0.059530 -0.029189 0.027687
v 0.058050 -0.049446 0.022735
v 0.059844 -0.045976 0.023871
v 0.058024 -0.043758 0.024001
v 0.056245 -0.045167 0.024767
v 0.052595 -0.045300 0.003696
v 0.055504 -0.046031 0.004742
v 0.084511 -0.041330 0.028075
v 0.085355 -0.044052 0.028398
v 0.052305 -0.048692 0.004946
v 0.085002 -0.030863 0.023231
v 0.086698 -0.034717 0.022627
v 0.086072 -0.029803 0.021569
v 0.061440 -0.052375 0.006736
v 0.057814 -0.047773 0.005181
v 0.073947 -0.034665 0.006274
v 0.076185 -0.034119 0.008753
v 0.070623 -0.023112 0.003549
v 0.069860 -0.026016 0.002442
v 0.067492 -0.026910 0.000040
v 0.074836 -0.024517 0.008276
v 0.072247 -0.028528 0.004403
v 0.073966 -0.027034 0.006751
v 0.080981 -0.031857 0.014995
v 0.055725 -0.050603 0.005909
v 0.085070 -0.026193 0.019989
v 0.083725 -0.030096 0.018484
v 0.083393 -0.027446 0.017220
v 0.076301 -0.031097 0.009098
v 0.082134 -0.029309 0.016446
v 0.080443 -0.024169 0.013799
v 0.078426 -0.025140 0.012289
v 0.053642 -0.040056 0.002145
v 0.056275 -0.040514 0.003462
v 0.051045 -0.036620 0.001155
v 0.055404 -0.039052 0.003231
v 0.058547 -0.037274 0.001791
v 0.059281 -0.033585 0.000960
v 0.054017 -0.035686 0.001066
v 0.079312 -0.030600 0.012483
v 0.061960 -0.036645 0.001842
v 0.057780 -0.032065 0.026551
v 0.079982 -0.034089 0.013822
v 0.059817 -0.033005 0.026671
v 0.058286 -0.038545 0.025397
v 0.059203 -0.036398 0.025486
v 0.062118 -0.034082 0.026792
v 0.064056 -0.036724 0.027004
v 0.056538 -0.041445 0.025361
v 0.058495 -0.040796 0.024748
v 0.061753 -0.041331 0.025302
v 0.066530 -0.043339 0.026195
v 0.068486 -0.028511 0.000391
v 0.067357 -0.031763 0.000464
v 0.062364 -0.031398 0.000060
v 0.063895 -0.033599 0.000612
v 0.068725 -0.033602 0.000661
v 0.066009 -0.035701 0.001766
v 0.064385 -0.035134 0.001957
v 0.073037 -0.031268 0.005768
v 0.075305 -0.029043 0.008161
v 0.070821 -0.029254 0.003132
v 0.069914 -0.031992 0.002490
v 0.074778 -0.031153 0.007424
v 0.070180 -0.035138 0.002339
v 0.072116 -0.032559 0.004407
v 0.071897 -0.035860 0.003560
v 0.066527 -0.040192 0.002594
v 0.069139 -0.037321 0.001245
v 0.070912 -0.037094 0.001902
v 0.072670 -0.038220 0.004513
v 0.074184 -0.037283 0.005452
v 0.085598 -0.040832 0.025505
v 0.066781 -0.027365 0.029615
v 0.078249 -0.028002 0.011812
v 0.085860 -0.037901 0.024248
v 0.084224 -0.038359 0.028055
v 0.082478 -0.038575 0.028526
v 0.081215 -0.042280 0.029272
v 0.074366 -0.027870 0.031474
v 0.070336 -0.029032 0.029994
v 0.071864 -0.033171 0.029847
v 0.067126 -0.031024 0.028832
v 0.067924 -0.035021 0.028463
v 0.066859 -0.040559 0.027054
v 0.070922 -0.040326 0.027826
v 0.074039 -0.036798 0.028805
v 0.076042 -0.039476 0.028996
v 0.074219 -0.043897 0.027864
v 0.075858 -0.042272 0.028957
v 0.080400 -0.038704 0.029537
v 0.078306 -0.040383 0.029666
v 0.084789 -0.034739 0.026275
v 0.075958 -0.023374 0.009590
v 0.084020 -0.035555 0.026809
v 0.079992 -0.027722 0.014135
v 0.077278 -0.027288 0.010754
v 0.084469 -0.025528 0.018132
v 0.084448 -0.057177 0.019274
v 0.081524 -0.058485 0.020509
v 0.081942 -0.059120 0.018493
v 0.083573 -0.055847 0.024377
v 0.082976 -0.058767 0.016763
v 0.084971 -0.056255 0.021473
v 0.085065 -0.053277 0.020893
v 0.081259 -0.056816 0.022393
v 0.081302 -0.055501 0.026650
v 0.079840 -0.056873 0.012080
v 0.079446 -0.053442 0.010649
v 0.077982 -0.057245 0.024558
v 0.050239 -0.054083 0.006430
v 0.079416 -0.058241 0.021769
v 0.077458 -0.055601 0.026485
v 0.076231 -0.053890 0.007341
v 0.076976 -0.057066 0.009304
v 0.075313 -0.058215 0.009763
v 0.078692 -0.056617 0.010315
v 0.077937 -0.053338 0.009308
v 0.074030 -0.057195 0.024810
v 0.079976 -0.062689 0.013836
v 0.076350 -0.062785 0.015531
v 0.075151 -0.061355 0.013988
v 0.054286 -0.057601 0.019523
v 0.081573 -0.061373 0.016231
v 0.079069 -0.063406 0.015642
v 0.079550 -0.061038 0.017584
v 0.075577 -0.061811 0.018819
v 0.075149 -0.063404 0.017163
v 0.053583 -0.063862 0.015721
v 0.053291 -0.067095 0.011526
v 0.052220 -0.066984 0.010419
v 0.075614 -0.060379 0.011793
v 0.077508 -0.061747 0.012416
v 0.079295 -0.060954 0.011760
v 0.083039 -0.055009 0.016492
v 0.052463 -0.052421 0.005695
v 0.082011 -0.057272 0.015223
v 0.076811 -0.058618 0.010377
v 0.056330 -0.052783 0.006577
v 0.079138 -0.050959 0.009365
v 0.053386 -0.053213 0.006772
v 0.054102 -0.059169 0.007881
v 0.055706 -0.055101 0.007429
v 0.076161 -0.059899 0.020561
v 0.060125 -0.056544 0.008234
v 0.054717 -0.053961 0.021983
v 0.058034 -0.056518 0.019877
v 0.061678 -0.055922 0.021743
v 0.081199 -0.059492 0.013871
v 0.056076 -0.061074 0.018384
v 0.060025 -0.059862 0.019111
v 0.059903 -0.062629 0.018344
v 0.065908 -0.054507 0.008936
v 0.057145 -0.062865 0.009973
v 0.061971 -0.060926 0.010304
v 0.065741 -0.057814 0.022034
v 0.062607 -0.060007 0.019891
v 0.065401 -0.062366 0.019163
v 0.071956 -0.052109 0.007513
v 0.068834 -0.054708 0.009370
v 0.067146 -0.063204 0.012004
v 0.063259 -0.063738 0.011264
v 0.066475 -0.059617 0.010900
v 0.068594 -0.057429 0.023085
v 0.069322 -0.061522 0.011343
v 0.069964 -0.063449 0.019032
v 0.072251 -0.059307 0.022411
v 0.072359 -0.053376 0.008308
v 0.073694 -0.060306 0.021175
v 0.072108 -0.058630 0.010130
v 0.072644 -0.056338 0.009591
v 0.074004 -0.053664 0.007145
v 0.068606 -0.054072 0.024133
v 0.072182 -0.060737 0.012116
v 0.054617 -0.065655 0.013733
v 0.057799 -0.065385 0.012801
v 0.058721 -0.063903 0.015957
v 0.055823 -0.062792 0.016295
v 0.059363 -0.064334 0.014206
v 0.057069 -0.065586 0.011109
v 0.060210 -0.065518 0.011429
v 0.060845 -0.064760 0.014783
v 0.062650 -0.065992 0.013325
v 0.062854 -0.065786 0.015783
v 0.065940 -0.066883 0.014498
v 0.064284 -0.064474 0.017337
v 0.070311 -0.063519 0.013578
v 0.069305 -0.066582 0.014821
v 0.067688 -0.066329 0.016531
v 0.072688 -0.063313 0.014912
v 0.072239 -0.064538 0.016938
v -0.033835 0.043362 0.015519
v -0.029714 0.044756 0.015554
v -0.032092 0.044813 0.014535
v -0.062717 0.043527 0.004127
v -0.062660 0.041747 0.007001
v -0.060814 0.043439 0.007523
v -0.034769 0.038562 0.017128
v -0.031874 0.041450 0.015621
v -0.034215 0.041532 0.015774
v -0.065231 0.040614 0.005186
v -0.060300 0.045228 0.003659
v -0.064879 0.043315 0.001992
v -0.059958 0.043989 0.001914
v -0.060468 0.041460 0.008879
v -0.057120 0.045691 0.002236
v -0.058776 0.044754 0.005539
v -0.035893 0.042222 0.016748
v -0.065082 0.042839 0.003549
v -0.057924 0.043801 0.009112
v -0.053810 0.045334 0.007398
v -0.055705 0.045261 0.005668
v -0.052734 0.045942 0.002173
v -0.051163 0.045140 0.006662
v -0.049037 0.046293 0.002721
v -0.049762 0.043806 0.001816
v -0.056100 0.042159 0.010729
v -0.052441 0.043770 0.010851
v -0.053273 0.041229 0.011643
v -0.050673 0.040775 0.012585
v -0.048048 0.043104 0.011430
v -0.047940 0.044206 0.008568
v -0.035570 0.044250 0.013512
v -0.027899 0.038099 0.017771
v -0.029153 0.047479 0.014066
v -0.032346 0.043563 0.003214
v -0.032222 0.040183 0.002578
v -0.030509 0.047261 0.012193
v -0.029224 0.039159 0.016867
v -0.026333 0.040279 0.016728
v -0.031416 0.046755 0.012198
v -0.032269 0.047140 0.010165
v -0.030486 0.049382 0.009472
v -0.036673 0.047808 0.006515
v -0.035535 0.046525 0.009327
v -0.033905 0.047896 0.008471
v -0.029032 0.051766 0.008168
v -0.027718 0.041001 0.015626
v -0.034771 0.049061 0.004590
v -0.038237 0.040169 0.015942
v -0.035663 0.040881 0.002598
v -0.036982 0.039968 0.001657
v -0.032383 0.049951 0.005501
v -0.038104 0.042406 0.002714
v -0.039374 0.040377 0.002601
v -0.037732 0.044904 0.010993
v -0.050610 0.040514 0.001103
v -0.041249 0.038759 0.017208
v -0.039080 0.046164 0.003430
v -0.036260 0.048995 0.004894
v -0.034717 0.044346 0.003392
v -0.039595 0.040380 0.017443
v -0.025921 0.045608 0.003289
v -0.027701 0.043400 0.003033
v -0.046548 0.039896 0.014013
v -0.044558 0.041788 0.001457
v -0.040213 0.043946 0.012045
v -0.039429 0.042885 0.014692
v -0.036934 0.043314 0.014988
v -0.028494 0.049411 0.012438
v -0.028491 0.051681 0.006787
v -0.042872 0.042386 0.002316
v -0.028156 0.045370 0.015205
v -0.046362 0.045432 0.002962
v -0.047769 0.045663 0.004623
v -0.043560 0.045388 0.002707
v -0.045856 0.045128 0.007657
v -0.044677 0.045281 0.005948
v -0.043843 0.044108 0.006110
v -0.041926 0.044430 0.005986
v -0.041431 0.045463 0.003635
v -0.039900 0.045664 0.005821
v -0.043553 0.043023 0.013662
v -0.044087 0.043572 0.011678
v -0.042590 0.044052 0.009147
v -0.039382 0.045111 0.007970
v 0.039454 0.038254 0.017698
v 0.039248 0.040140 0.015586
v 0.035729 0.039285 0.016838
v 0.036844 0.041105 0.013881
v 0.057428 0.038733 0.016022
v 0.055619 0.040154 0.014939
v 0.030951 0.040326 0.016760
v 0.034212 0.041172 0.014852
v 0.051237 0.040149 0.011227
v 0.052859 0.041297 0.013428
v 0.051882 0.041083 0.016359
v 0.029931 0.045665 0.004769
v 0.028627 0.045722 0.002764
v 0.025748 0.044425 0.005332
v 0.029468 0.044586 0.006343
v 0.029987 0.042446 0.001817
v 0.026474 0.044067 0.002020
v 0.032312 0.044148 0.009358
v 0.030257 0.043299 0.009942
v 0.042609 0.040291 0.014449
v 0.031253 0.047130 0.003392
v 0.034056 0.046474 0.003421
v 0.031048 0.043343 0.001699
v 0.037624 0.046121 0.002384
v 0.034651 0.044315 0.001811
v 0.032774 0.045343 0.005696
v 0.033688 0.044305 0.007749
v 0.036114 0.045036 0.006151
v 0.035637 0.040541 0.000806
v 0.039468 0.045814 0.002842
v 0.040096 0.043882 0.001550
v 0.040039 0.043705 0.007045
v 0.040346 0.044407 0.005589
v 0.041578 0.044752 0.003569
v 0.044177 0.043901 0.002271
v 0.045245 0.044105 0.004804
v 0.045483 0.041743 0.003901
v 0.042933 0.042981 0.006610
v 0.043992 0.041161 0.000982
v 0.042514 0.038521 0.017606
v 0.024336 0.040235 0.001366
v 0.051021 0.042355 0.014590
v 0.046761 0.038942 0.016498
v 0.031478 0.036929 0.000666
v 0.028299 0.038076 0.001029
v 0.050830 0.036137 0.009382
v 0.049142 0.038476 0.008468
v 0.048910 0.038325 0.017817
v 0.041870 0.042210 0.010429
v 0.047405 0.040860 0.014532
v 0.039124 0.041111 0.000706
v 0.046293 0.040597 0.006964
v 0.049966 0.041932 0.009465
v 0.050733 0.042752 0.012207
v 0.037502 0.036857 0.000704
v 0.041630 0.037529 0.000446
v 0.050004 0.041326 0.013296
v 0.049181 0.042964 0.010482
v 0.046462 0.038351 0.003575
v 0.045776 0.036361 0.001082
v 0.045918 0.042029 0.010941
v 0.044920 0.043214 0.007249
v 0.045354 0.040537 0.014800
v 0.045901 0.042678 0.008596
v 0.047198 0.038120 0.006381
v 0.046077 0.038157 0.005144
v 0.032771 0.042087 0.012689
v 0.027323 0.043596 0.010864
v 0.036604 0.043134 0.010108
v 0.038383 0.042675 0.009844
v 0.028157 0.041287 0.015015
v 0.016008 0.046749 0.008146
v 0.017244 0.045251 0.009884
v 0.019830 0.045826 0.009225
v 0.018868 0.038190 0.000926
v 0.017615 0.042278 0.002184
v 0.020703 0.043225 0.001762
v 0.016553 0.046354 0.004132
v 0.011582 0.045732 0.009416
v 0.013872 0.043691 0.012259
v 0.022901 0.045746 0.003166
v 0.019065 0.047402 0.003957
v 0.029189 0.037492 0.020801
v 0.019498 0.046445 0.007037
v 0.023459 0.045376 0.005988
v 0.026916 0.037552 0.020926
v 0.016821 0.047420 0.005293
v 0.014373 0.042370 0.001865
v -0.026320 0.052053 0.010045
v -0.027309 0.048665 0.005216
v -0.023357 0.049859 0.004341
v -0.024318 0.052094 0.008623
v -0.022800 0.051213 0.009302
v -0.025923 0.049275 0.013156
v -0.024023 0.049449 0.012227
v -0.023929 0.051253 0.006262
v 0.027520 0.039788 0.017382
v 0.025478 0.039264 0.019170
v 0.024677 0.040754 0.015702
v 0.012343 0.046685 0.006267
v 0.025780 0.041910 0.014402
v 0.026249 0.043196 0.008682
v 0.025852 0.044094 0.009218
v 0.023863 0.042959 0.011997
v 0.018541 0.038122 0.021294
v 0.018221 0.039513 0.018972
v 0.011909 0.046627 0.003762
v 0.017355 0.043367 0.013327
v -0.025068 0.047344 0.004303
v 0.013390 0.044959 0.002923
v -0.026552 0.046335 0.015916
v 0.011854 0.043306 0.012757
v 0.008483 0.045598 0.009090
v 0.006961 0.044767 0.012590
v 0.008955 0.042731 0.001848
v -0.022632 0.046079 0.016857
v -0.024148 0.045795 0.016113
v -0.021664 0.043482 0.016520
v 0.007276 0.046363 0.004921
v -0.025334 0.042914 0.015530
v -0.024653 0.040644 0.016569
v -0.020453 0.041091 0.017386
v -0.022974 0.040004 0.017975
v -0.024608 0.039547 0.018463
v 0.022424 0.039736 0.017714
v 0.022599 0.038577 0.020091
v 0.019505 0.040510 0.017897
v 0.011877 0.040077 0.001392
v 0.015514 0.036959 0.022932
v 0.016869 0.041534 0.016536
v 0.006125 0.046008 0.002876
v 0.014333 0.038971 0.020868
v 0.003391 0.041549 0.002027
v 0.004623 0.044001 0.001818
v 0.000717 0.045259 0.013388
v 0.002154 0.047183 0.009315
v -0.001839 0.047572 0.009143
v -0.020716 0.051479 0.007050
v -0.020122 0.049392 0.010586
v -0.017386 0.047601 0.007609
v -0.019621 0.046499 0.002752
v -0.020614 0.047590 0.014400
v -0.019210 0.047338 0.004070
v -0.021067 0.041962 0.002453
v -0.018985 0.045197 0.017007
v -0.016024 0.046001 0.013411
v -0.018265 0.043234 0.001703
v -0.017833 0.042781 0.017865
v -0.015735 0.043372 0.016984
v -0.013535 0.046639 0.008533
v -0.015823 0.047030 0.002868
v -0.016207 0.047490 0.010379
v -0.012236 0.046577 0.004909
v -0.012074 0.045974 0.002280
v -0.012593 0.043569 0.001617
v -0.016157 0.041092 0.001760
v -0.011498 0.043957 0.015421
v -0.010332 0.045752 0.011185
v -0.010216 0.047302 0.004036
v -0.008136 0.048642 0.002827
v -0.005588 0.049296 0.005679
v -0.007351 0.046375 0.011197
v -0.008817 0.043791 0.001531
v -0.006937 0.045593 0.002104
v -0.007506 0.044361 0.014551
v -0.004147 0.049330 0.007118
v -0.005445 0.049295 0.003445
v -0.004034 0.045357 0.014005
v -0.002927 0.046201 0.001831
v -0.006031 0.040120 0.001033
v -0.000349 0.049447 0.005217
v -0.000171 0.043422 0.001437
v 0.003640 0.047290 0.006836
v -0.000752 0.046351 0.002344
v 0.004248 0.045647 0.012144
v 0.012010 0.039817 0.019588
v 0.009618 0.039653 0.020735
v 0.019413 0.042684 0.013503
v 0.021927 0.042869 0.013521
v 0.002313 0.047925 0.003294
v -0.001649 0.041008 0.001066
v 0.005768 0.038654 0.021944
v 0.005268 0.037190 0.025081
v -0.021489 0.039109 0.019490
v 0.015490 0.042780 0.014352
v 0.001891 0.048700 0.005926
v 0.012179 0.043526 0.014488
v 0.012949 0.042351 0.017360
v 0.006133 0.042365 0.017733
v -0.020549 0.039924 0.018497
v -0.016503 0.041491 0.018780
v -0.018783 0.039664 0.019982
v -0.015274 0.040277 0.021093
v -0.011836 0.041554 0.019322
v -0.009731 0.040222 0.021888
v -0.013995 0.038942 0.022768
v -0.007735 0.042492 0.017979
v -0.003484 0.042700 0.017806
v -0.004032 0.041268 0.019576
v 0.000416 0.043992 0.016195
v -0.005611 0.038982 0.022515
v -0.000974 0.038153 0.024509
v -0.000267 0.039385 0.022227
v 0.000454 0.041276 0.019643
v -0.007824 0.038370 0.023908
v -0.020180 0.038345 0.020271
v -0.016498 0.037304 0.023627
v -0.014765 0.038642 0.023806
v -0.016629 0.038543 0.021941
v 0.004395 0.043995 0.014526
v -0.011387 0.037742 0.023519
v -0.008418 0.037257 0.025443
v -0.006374 0.036926 0.025701
v 0.024078 0.035681 0.000816
v 0.012170 0.036242 0.001316
v 0.008586 0.035384 0.001190
v 0.014977 0.038161 0.001234
v -0.007754 -0.011607 0.034877
v -0.005174 -0.014678 0.033341
v 0.011148 -0.022579 0.033207
v 0.002155 0.001985 0.043702
v 0.003332 0.003793 0.043597
v 0.001679 0.006114 0.044236
v -0.001783 -0.014388 0.033431
v -0.003281 -0.011767 0.035102
v 0.005687 -0.021765 0.031812
v 0.005654 -0.025702 0.030421
v 0.009232 -0.027523 0.030875
v 0.000304 -0.016318 0.032681
v 0.008883 -0.019467 0.033429
v 0.002173 -0.002718 0.042020
v 0.007574 -0.005624 0.041804
v 0.007400 -0.002619 0.043900
v 0.000763 -0.017949 0.032290
v 0.010367 -0.012786 0.036703
v 0.007983 -0.016241 0.034299
v 0.006248 -0.018768 0.033209
v 0.007638 -0.012128 0.036373
v 0.005377 -0.008159 0.039333
v 0.012146 -0.007733 0.041418
v 0.003338 -0.014233 0.034617
v 0.002823 -0.012076 0.036359
v -0.013425 0.018428 0.040768
v 0.005235 -0.000265 0.043787
v 0.002397 -0.000361 0.042398
v 0.004002 -0.016057 0.033549
v 0.011174 -0.010385 0.039096
v 0.007954 -0.010229 0.038512
v 0.014409 0.003123 0.046635
v 0.014429 -0.000172 0.047411
v 0.009731 -0.000589 0.045341
v -0.008037 0.019147 0.040146
v 0.010791 0.003299 0.046251
v 0.007504 0.003344 0.044887
v 0.007174 0.007434 0.044533
v 0.005702 0.011298 0.043768
v 0.002003 0.012085 0.043870
v -0.000256 -0.000255 0.042933
v -0.002803 0.021473 0.037487
v 0.001763 0.024428 0.036268
v -0.001408 0.007154 0.043850
v 0.001737 0.021807 0.037471
v 0.006634 0.024022 0.037761
v 0.004312 0.026156 0.035561
v 0.000959 0.019657 0.038920
v 0.004021 0.022211 0.038298
v 0.012237 0.009574 0.045321
v 0.009749 0.011439 0.044759
v -0.000911 0.004641 0.043428
v 0.005540 0.013780 0.042677
v 0.008345 0.016635 0.041711
v 0.000557 -0.010312 0.036928
v 0.010504 0.023505 0.038426
v 0.007765 0.018552 0.040996
v -0.020849 0.018256 0.042014
v 0.002960 -0.005886 0.040669
v -0.022897 0.011039 0.039996
v -0.020011 0.014837 0.042215
v -0.016908 0.018222 0.042832
v -0.016299 0.018239 0.041014
v -0.020915 0.012172 0.042514
v -0.017579 0.013851 0.043526
v -0.017963 0.014618 0.042670
v -0.019068 0.009626 0.043082
v -0.014381 0.010548 0.044109
v -0.015019 0.014503 0.043118
v -0.002140 -0.008923 0.037127
v -0.004827 -0.008730 0.036878
v -0.023943 0.007768 0.039747
v -0.003179 -0.006143 0.039358
v -0.022569 0.007643 0.041216
v -0.019545 0.005701 0.041079
v -0.017746 0.006936 0.043613
v -0.017401 0.003070 0.041561
v -0.009449 0.001294 0.042684
v -0.013599 0.001528 0.042230
v -0.010485 -0.000710 0.041164
v -0.015144 0.003819 0.043430
v 0.005762 0.019770 0.039860
v 0.003102 -0.023315 0.030860
v -0.003438 -0.003398 0.040458
v -0.006554 -0.001385 0.041175
v -0.002740 0.003530 0.043928
v -0.004894 0.001797 0.042882
v -0.018496 -0.004503 0.036522
v -0.016659 -0.002219 0.038840
v -0.017386 0.000667 0.040304
v -0.008466 -0.008282 0.036434
v 0.002049 -0.019535 0.031659
v -0.013242 -0.001609 0.039802
v -0.013839 -0.004601 0.037945
v -0.007714 -0.005525 0.038619
v -0.016534 0.016037 0.042550
v -0.008782 0.015934 0.043026
v -0.004165 0.017106 0.042018
v -0.007888 0.010134 0.045180
v -0.004819 0.014661 0.043822
v -0.010774 0.006100 0.044473
v -0.014787 0.006668 0.044411
v -0.002817 0.011754 0.044309
v -0.004165 0.006200 0.043405
v -0.002593 0.018833 0.039578
v 0.000371 0.016793 0.041483
v 0.000385 0.014192 0.043263
v -0.010386 -0.003077 0.039665
v -0.014515 -0.006878 0.036532
v 0.005465 -0.028462 0.029929
v 0.007659 -0.034966 0.028573
v 0.008209 -0.028413 0.030826
v 0.010594 -0.035875 0.029535
v 0.006179 -0.036812 0.027872
v -0.084365 0.004100 0.010470
v -0.085330 0.006016 0.007132
v -0.085646 0.003395 0.008951
v -0.086758 -0.001912 0.005860
v -0.083005 -0.002290 0.005458
v -0.084415 -0.001727 0.007406
v -0.085223 -0.002466 0.007275
v -0.086032 0.001516 0.007610
v -0.082758 0.006406 0.009988
v -0.084576 0.007879 0.007321
v -0.083562 0.002549 0.006050
v -0.083272 0.000877 0.008791
v -0.083609 -0.004837 0.006017
v -0.082498 0.003170 0.011117
v -0.082837 0.012596 0.005103
v -0.081569 0.004957 0.012078
v -0.082522 0.009671 0.007874
v -0.084057 0.010713 0.005810
v -0.084595 0.008876 0.005744
v 0.015559 -0.051583 0.003259
v 0.018188 -0.049395 0.002746
v 0.019010 -0.051619 0.002846
v 0.059952 -0.028562 0.000245
v 0.064324 -0.026819 0.000218
v 0.015927 -0.046718 0.001865
v 0.012930 -0.046591 0.001621
v 0.014251 -0.048297 0.001773
v 0.014241 -0.043872 0.000512
v 0.017908 -0.045471 0.001516
v 0.020872 -0.047184 0.001965
v 0.019453 -0.043445 0.000980
v 0.021620 -0.045359 0.001006
v 0.062100 -0.026211 0.000386
v 0.022609 -0.050803 0.002070
v 0.022678 -0.053966 0.003892
v 0.025460 -0.047672 0.001296
v 0.025401 -0.053125 0.003644
v 0.025118 -0.042488 0.000539
v 0.026303 -0.045111 0.000846
v 0.014141 -0.056979 0.004392
v 0.011727 -0.057725 0.005180
v 0.014426 -0.055015 0.003254
v 0.011443 -0.052685 0.003340
v 0.024278 -0.046072 0.001204
v 0.053891 -0.028668 -0.000022
v 0.053135 -0.024831 0.000559
v 0.018844 -0.054236 0.003370
v 0.055001 -0.032709 0.000034
v 0.059213 -0.020817 0.000753
v 0.049817 -0.027203 -0.000174
v 0.047237 -0.034626 -0.000187
v 0.048027 -0.028732 -0.000512
v 0.013399 -0.060063 0.006147
v 0.063901 -0.021976 0.000205
v 0.017187 -0.057795 0.004953
v 0.065934 -0.020155 0.000222
v 0.019776 -0.056666 0.005006
v 0.054893 -0.022788 0.000947
v 0.048983 -0.024322 0.000697
v 0.048613 -0.022060 0.000293
v 0.043443 -0.042097 0.000786
v 0.037704 -0.043336 0.001462
v 0.045537 -0.040611 0.001459
v 0.042647 -0.037644 -0.000175
v 0.046017 -0.038909 0.000731
v 0.039717 -0.041737 0.000603
v 0.009119 -0.023202 -0.003582
v 0.009565 -0.027115 -0.002776
v 0.028559 -0.043611 0.001678
v 0.032307 -0.046580 0.003024
v 0.029254 -0.046840 0.002332
v 0.010417 -0.020393 -0.003517
v 0.012827 -0.027029 -0.003289
v 0.014493 -0.024477 -0.003261
v 0.019777 -0.024971 -0.002268
v 0.018560 -0.027245 -0.002910
v 0.015591 -0.021421 -0.002991
v 0.020515 -0.021702 -0.002171
v 0.041382 -0.040375 0.000388
v 0.026771 -0.051917 0.003606
v 0.022790 -0.026807 -0.002791
v 0.025233 -0.024581 -0.002414
v 0.024326 -0.022006 -0.002397
v 0.041194 -0.033225 -0.000629
v 0.044496 -0.034055 -0.000165
v 0.033879 -0.044099 0.001964
v 0.027298 -0.047535 0.002407
v 0.011376 -0.028912 -0.002328
v 0.011872 -0.031902 -0.001219
v 0.011495 -0.034865 -0.000783
v 0.038431 -0.030025 -0.000510
v 0.041421 -0.029228 -0.000367
v 0.028072 -0.049913 0.003620
v 0.038019 -0.037939 -0.000876
v 0.009652 -0.041966 -0.000037
v 0.012431 -0.037536 -0.000733
v 0.035639 -0.041649 0.000683
v 0.011394 -0.041956 0.000241
v 0.015831 -0.029440 -0.002529
v 0.018792 -0.032067 -0.002134
v 0.016729 -0.032364 -0.001567
v 0.014335 -0.034303 -0.001255
v 0.019989 -0.035565 -0.001086
v 0.021611 -0.030566 -0.002317
v 0.022986 -0.035059 -0.001524
v 0.024470 -0.028562 -0.002339
v 0.015335 -0.036468 -0.000482
v 0.016207 -0.037217 -0.001129
v 0.014802 -0.039022 -0.000727
v 0.018293 -0.036597 -0.001216
v 0.014666 -0.040253 -0.000111
v 0.016482 -0.040591 -0.000191
v 0.015804 -0.042449 0.000612
v 0.018699 -0.039933 -0.000110
v 0.019806 -0.038844 -0.000451
v 0.026918 -0.037187 -0.001267
v 0.023033 -0.041576 0.000714
v 0.026933 -0.040496 0.000064
v 0.027848 -0.027611 -0.002347
v 0.027826 -0.022444 -0.001803
v 0.032857 -0.025204 -0.001078
v 0.030368 -0.021341 -0.001774
v 0.033614 -0.023308 -0.001542
v 0.027590 -0.019237 -0.002033
v 0.034706 -0.026358 -0.001609
v 0.039037 -0.025682 -0.001486
v 0.038087 -0.021905 -0.001018
v 0.032282 -0.028765 -0.001926
v 0.035845 -0.021498 -0.001589
v 0.026024 -0.032508 -0.002224
v 0.029123 -0.032294 -0.002251
v 0.037081 -0.031517 -0.000858
v 0.033891 -0.031606 -0.000910
v 0.031440 -0.036453 -0.001365
v 0.045162 -0.029326 -0.000082
v 0.046775 -0.025923 -0.000165
v 0.043974 -0.024731 -0.000430
v 0.035986 -0.036442 -0.000898
v 0.033380 -0.037721 -0.001031
v 0.034925 -0.033642 -0.001151
v 0.040855 -0.021009 -0.001096
v 0.033761 -0.040243 0.000290
v 0.044969 -0.021126 -0.000356
v 0.031162 -0.039604 -0.000079
v 0.040419 -0.005144 -0.000452
v 0.043832 -0.000847 0.000072
v 0.044449 -0.006108 0.000585
v 0.047616 0.034548 0.005185
v 0.046877 0.033806 0.001525
v 0.046269 0.035584 0.003596
v 0.047967 0.031435 0.001683
v 0.048017 0.012647 0.000828
v 0.049178 0.009079 0.000983
v 0.045604 0.011911 0.000489
v 0.043445 0.002932 -0.000231
v 0.045300 0.008187 0.000336
v 0.048894 0.003428 0.001381
v 0.064563 -0.015794 0.001031
v 0.063291 -0.018964 0.000944
v 0.058645 -0.016987 0.001300
v 0.061641 -0.016537 0.001354
v 0.045533 0.000063 0.001048
v 0.047479 -0.000998 0.002021
v 0.047522 -0.002960 0.001507
v 0.048552 -0.005981 0.000819
v 0.063550 -0.013874 0.001425
v 0.044519 -0.010342 0.000195
v 0.041986 -0.007534 -0.000324
v 0.061182 -0.012261 0.001569
v 0.064016 -0.010597 0.002104
v 0.061110 -0.010013 0.001592
v 0.053868 -0.018395 0.001193
v 0.057621 -0.018926 0.001297
v 0.048522 0.036073 0.007087
v 0.056931 -0.015472 0.001284
v 0.050631 -0.017646 0.001013
v 0.056521 -0.012544 0.000922
v 0.050952 0.026905 0.001889
v 0.046404 0.028108 0.001285
v 0.045358 0.030729 0.001404
v 0.056066 -0.010273 0.000655
v 0.056894 -0.007624 0.001113
v 0.058685 -0.009909 0.000988
v 0.053805 -0.015114 0.001284
v 0.054345 -0.007014 0.001625
v 0.053041 -0.010019 0.001083
v 0.049480 0.022818 0.001470
v 0.052197 0.021320 0.001301
v 0.041747 -0.017781 -0.000235
v 0.044855 -0.013588 0.000117
v 0.045667 -0.016988 0.000086
v 0.048861 -0.008872 0.001077
v 0.049673 0.029958 0.003545
v 0.038564 -0.015583 -0.000766
v 0.050170 0.033397 0.007576
v 0.049643 0.033888 0.005651
v 0.035872 -0.017759 -0.001317
v 0.041404 -0.013278 -0.000221
v 0.039180 -0.011037 -0.000607
v 0.038482 -0.008207 0.000027
v 0.035422 -0.010445 -0.000521
v 0.037353 -0.012771 -0.000550
v 0.034839 -0.013963 -0.001367
v 0.036992 -0.007339 -0.001137
v 0.032247 -0.017405 -0.001798
v 0.024650 -0.017048 -0.001878
v 0.031592 -0.013667 -0.001924
v 0.028104 -0.013500 -0.002024
v 0.021186 -0.018556 -0.001966
v 0.031521 -0.010524 -0.001411
v 0.022009 -0.013813 -0.002046
v 0.024940 -0.013160 -0.001695
v 0.031951 -0.007719 -0.001527
v 0.024182 -0.009117 -0.001955
v 0.025300 -0.004506 -0.001606
v 0.027549 -0.009665 -0.001778
v 0.007288 0.033484 0.000446
v 0.021375 -0.010519 -0.001831
v 0.008664 0.032035 0.000699
v 0.016950 -0.017482 -0.002074
v 0.018522 -0.015571 -0.002013
v 0.050260 0.030456 0.005415
v 0.012671 -0.015091 -0.003021
v 0.013426 -0.019034 -0.003154
v 0.052449 0.028172 0.006700
v 0.011437 0.026219 0.000641
v 0.011529 0.032481 0.000901
v 0.010659 0.029063 0.000667
v 0.008937 0.023455 0.000338
v 0.011234 0.024970 0.000136
v 0.018211 0.034391 0.000965
v 0.013428 0.031773 0.001049
v 0.022487 0.034649 0.001129
v 0.017604 0.032018 0.000717
v 0.016161 0.028763 0.000535
v 0.019903 0.028756 0.000546
v 0.014494 0.024401 -0.000005
v 0.017773 0.023440 -0.000250
v 0.020686 0.026019 -0.000038
v 0.023530 0.029156 0.000713
v 0.021913 0.022351 -0.000394
v 0.024759 0.025108 0.000370
v 0.016413 -0.010379 -0.002238
v 0.019926 -0.007078 -0.001667
v 0.014278 -0.011431 -0.002735
v 0.013750 -0.008125 -0.002681
v 0.010910 -0.009605 -0.002701
v 0.009585 -0.011716 -0.003046
v 0.007647 -0.008504 -0.002856
v 0.052967 0.026322 0.003936
v 0.064310 -0.006145 0.002150
v 0.058765 0.005062 0.003460
v 0.055915 0.004936 0.003360
v 0.056221 0.008539 0.004049
v 0.061821 -0.002937 0.002580
v 0.060770 -0.006681 0.001696
v 0.028977 0.033361 0.000446
v 0.060527 -0.003697 0.001331
v 0.053021 0.024469 0.003417
v 0.054585 0.022995 0.003723
v 0.034001 0.033681 0.000074
v 0.028107 0.028943 0.000042
v 0.027583 0.026600 0.001244
v 0.027796 0.024759 0.001031
v 0.031074 0.029073 0.000530
v 0.036278 0.032185 0.000452
v 0.033649 0.029395 0.000702
v 0.034939 0.027642 0.001539
v 0.033248 0.025643 0.001911
v 0.036951 0.023401 0.001650
v 0.033062 0.023421 0.001263
v 0.042313 0.035071 0.000753
v 0.048833 0.020138 0.001340
v 0.060553 0.002553 0.003419
v 0.059032 -0.006582 0.000277
v 0.057065 -0.003640 0.001692
v 0.053892 0.021782 0.002155
v 0.042621 0.032386 0.000557
v 0.038344 0.030089 0.001362
v 0.040594 0.029383 0.000568
v 0.039405 0.026809 0.001141
v 0.043899 0.028979 0.000773
v 0.044810 0.024204 0.001566
v 0.040357 0.022738 0.001539
v 0.009124 0.021601 -0.000067
v 0.055488 0.020107 0.004150
v 0.013028 0.021558 -0.000072
v 0.052951 0.016009 0.001328
v 0.050306 0.015732 0.001462
v 0.054362 0.018295 0.001629
v 0.012522 0.018458 -0.000239
v 0.008084 0.018022 -0.000134
v 0.010289 0.014708 -0.000682
v 0.047562 0.017513 0.001236
v 0.052707 -0.004724 0.001383
v 0.057903 -0.002089 0.002352
v 0.054364 -0.003062 0.000970
v 0.053844 -0.001735 0.001467
v 0.008267 0.011552 -0.000428
v 0.011987 0.011318 -0.000998
v 0.009149 0.007606 -0.000440
v 0.015465 0.019330 -0.000314
v 0.013575 0.015433 -0.000947
v 0.019500 0.019490 -0.000610
v 0.018612 0.015099 -0.001013
v 0.021527 0.018526 -0.000255
v 0.012830 0.007449 -0.000857
v 0.017821 0.011864 -0.001051
v 0.017414 0.007655 -0.000835
v 0.021579 0.010463 -0.000765
v 0.021880 0.007431 -0.001126
v 0.023781 0.012194 -0.000983
v 0.023028 0.014474 -0.000797
v 0.024658 0.008385 -0.001258
v 0.023530 0.009721 -0.000905
v 0.054875 0.001285 0.002510
v 0.025717 0.020233 0.000317
v 0.008720 0.000180 -0.000912
v 0.011834 0.003415 -0.000990
v 0.051170 -0.000986 0.001603
v 0.009972 -0.003176 -0.001488
v 0.012750 -0.004142 -0.002044
v 0.008898 -0.005560 -0.002819
v 0.013527 -0.001751 -0.001366
v 0.015701 0.005780 -0.001331
v 0.016808 0.001834 -0.001137
v 0.013080 0.001244 -0.000855
v 0.055687 0.002969 0.003022
v 0.021069 0.005016 -0.001239
v 0.016242 -0.000941 -0.001669
v 0.019459 -0.000899 -0.001444
v 0.021941 0.001066 -0.001445
v 0.017773 -0.003085 -0.001034
v 0.016024 -0.006247 -0.002029
v 0.020891 -0.002605 -0.001109
v 0.025720 -0.001707 -0.001677
v 0.022213 -0.005602 -0.001365
v 0.025857 0.015996 -0.000030
v 0.028367 0.020173 0.000476
v 0.031889 0.021151 0.001032
v 0.031881 0.017898 0.000410
v 0.037452 0.019192 0.000954
v 0.036214 0.017322 0.000154
v 0.032900 0.016051 0.000557
v 0.025331 0.012929 -0.000743
v 0.027171 0.011107 -0.001127
v 0.029389 0.012940 -0.000245
v 0.027467 0.009710 -0.001297
v 0.037218 0.012374 -0.000358
v 0.032062 0.010680 -0.000924
v 0.030871 0.005528 -0.001170
v 0.034315 0.010352 -0.000715
v 0.033997 0.006773 -0.000950
v 0.040487 0.015066 0.000075
v 0.044878 0.018772 0.000934
v 0.043558 0.021409 0.001474
v 0.036357 0.004227 -0.001105
v 0.045506 0.015235 0.001031
v 0.043064 0.017551 0.001176
v 0.043751 0.014224 0.000305
v 0.042156 0.011272 0.000302
v 0.040311 0.006636 -0.000366
v 0.042840 0.005415 -0.000346
v 0.025807 0.006122 -0.001317
v 0.029745 0.003992 -0.001127
v 0.026465 0.003858 -0.001636
v 0.025577 0.001579 -0.001728
v 0.031775 0.001140 -0.001215
v 0.029213 -0.001723 -0.001435
v 0.031759 -0.000720 -0.001291
v 0.029372 -0.006363 -0.001776
v 0.034463 -0.003509 -0.001320
v 0.031862 -0.002615 -0.000723
v 0.035080 0.000319 -0.001253
v 0.038100 0.001417 -0.000862
v 0.037430 0.000069 -0.000764
v 0.038503 -0.002938 -0.001053
v 0.052329 0.000302 0.002298
v 0.052915 0.003974 0.003438
v 0.051886 0.002648 0.002220
v 0.054908 0.007527 0.003233
v 0.052810 0.005508 0.002547
v 0.050490 0.005565 0.001314
v 0.051691 0.007195 0.002314
v 0.056310 0.016514 0.002613
v 0.056399 0.018524 0.005376
v 0.055971 0.011210 0.003460
v 0.059590 0.011195 0.004654
v 0.053340 0.011815 0.002131
v 0.057431 0.014333 0.003133
v 0.053222 0.013727 0.001726
v 0.052297 0.012154 0.001096
v 0.050416 0.013083 0.000453
vt 0.874973 0.333761
vt 0.870133 0.340611
vt 0.860218 0.335101
vt 0.787065 0.331385
vt 0.782995 0.325055
vt 0.797559 0.318953
vt 0.366601 0.579947
vt 0.363572 0.586939
vt 0.360690 0.569862
vt 0.930838 0.409278
vt 0.925306 0.396060
vt 0.943941 0.393858
vt 0.370815 0.587393
vt 0.376117 0.576150
vt 0.379211 0.588693
vt 0.374700 0.560631
vt 0.806319 0.318906
vt 0.796854 0.334153
vt 0.809232 0.329454
vt 0.826017 0.334248
vt 0.822667 0.314760
vt 0.872205 0.326204
vt 0.886301 0.327893
vt 0.917337 0.445472
vt 0.908087 0.444869
vt 0.914332 0.433625
vt 0.829547 0.327525
vt 0.884024 0.347360
vt 0.890198 0.339338
vt 0.876870 0.347541
vt 0.898852 0.435626
vt 0.902537 0.424117
vt 0.899671 0.448927
vt 0.884135 0.429594
vt 0.885259 0.443288
vt 0.782572 0.342482
vt 0.863481 0.347281
vt 0.870848 0.355545
vt 0.859326 0.357309
vt 0.873829 0.362295
vt 0.798945 0.370053
vt 0.789648 0.375563
vt 0.787611 0.356950
vt 0.867230 0.366946
vt 0.859585 0.364661
vt 0.905733 0.457784
vt 0.884313 0.364778
vt 0.892247 0.362820
vt 0.833162 0.370223
vt 0.842857 0.359344
vt 0.843630 0.374696
vt 0.853616 0.371595
vt 0.783096 0.386893
vt 0.792129 0.392871
vt 0.802308 0.343116
vt 0.819013 0.336424
vt 0.837256 0.380589
vt 0.377418 0.621274
vt 0.386025 0.629711
vt 0.376699 0.638997
vt 0.393903 0.631881
vt 0.393702 0.612399
vt 0.403303 0.625525
vt 0.402145 0.607082
vt 0.923904 0.424110
vt 0.912836 0.417215
vt 0.915430 0.409324
vt 0.898944 0.410367
vt 0.904557 0.404258
vt 0.906982 0.390869
vt 0.368700 0.601617
vt 0.382141 0.599416
vt 0.383312 0.590381
vt 0.396012 0.598036
vt 0.381420 0.575149
vt 0.388488 0.575145
vt 0.392430 0.569314
vt 0.393988 0.583765
vt 0.404001 0.581816
vt 0.404991 0.591868
vt 0.894334 0.416334
vt 0.884951 0.416739
vt 0.896268 0.401382
vt 0.897521 0.392112
vt 0.887069 0.396151
vt 0.845349 0.386453
vt 0.411104 0.645230
vt 0.417366 0.635953
vt 0.414031 0.613824
vt 0.428191 0.620927
vt 0.408855 0.584127
vt 0.408889 0.570630
vt 0.421777 0.583812
vt 0.427878 0.597564
vt 0.418793 0.604693
vt 0.434727 0.608406
vt 0.440527 0.593650
vt 0.435869 0.582387
vt 0.443808 0.601244
vt 0.452403 0.592528
vt 0.455087 0.604121
vt 0.440592 0.576944
vt 0.808642 0.351850
vt 0.807038 0.368212
vt 0.872200 0.436639
vt 0.875841 0.450758
vt 0.861427 0.439065
vt 0.870626 0.422915
vt 0.860727 0.431318
vt 0.814977 0.360524
vt 0.823818 0.347149
vt 0.855986 0.384188
vt 0.864463 0.457425
vt 0.849667 0.445261
vt 0.867733 0.378274
vt 0.846619 0.436435
vt 0.838061 0.444330
vt 0.858370 0.422307
vt 0.878780 0.409474
vt 0.862169 0.408752
vt 0.873081 0.396506
vt 0.860338 0.401956
vt 0.851063 0.417867
vt 0.837594 0.426111
vt 0.842349 0.416897
vt 0.851983 0.408930
vt 0.861710 0.390504
vt 0.840724 0.404434
vt 0.846639 0.395351
vt 0.832598 0.395633
vt 0.833007 0.348762
vt 0.841996 0.337999
vt 0.841086 0.346585
vt 0.426527 0.642717
vt 0.825645 0.359781
vt 0.431522 0.650863
vt 0.420929 0.651715
vt 0.844636 0.352792
vt 0.442652 0.643505
vt 0.438838 0.651002
vt 0.427364 0.633034
vt 0.439786 0.628912
vt 0.441061 0.636573
vt 0.805351 0.374169
vt 0.818830 0.370939
vt 0.820028 0.379383
vt 0.447117 0.658250
vt 0.452675 0.640221
vt 0.457964 0.648235
vt 0.453888 0.653024
vt 0.459836 0.626583
vt 0.802200 0.385131
vt 0.462490 0.638988
vt 0.459401 0.662560
vt 0.468482 0.652564
vt 0.472659 0.635488
vt 0.480770 0.650277
vt 0.438635 0.618356
vt 0.445462 0.612353
vt 0.453093 0.618665
vt 0.460293 0.611605
vt 0.468306 0.616765
vt 0.463587 0.598936
vt 0.457939 0.592184
vt 0.875410 0.373779
vt 0.806623 0.393642
vt 0.816503 0.388983
vt 0.825626 0.400873
vt 0.884077 0.377619
vt 0.876359 0.384305
vt 0.828037 0.386864
vt 0.833888 0.390751
vt 0.358828 0.534103
vt 0.364463 0.544002
vt 0.356034 0.543393
vt 0.367400 0.531496
vt 0.374353 0.536220
vt 0.355435 0.557734
vt 0.361697 0.561179
vt 0.925395 0.387841
vt 0.947950 0.380923
vt 0.936282 0.378033
vt 0.945737 0.365126
vt 0.956328 0.369236
vt 0.371498 0.548490
vt 0.384884 0.560088
vt 0.391197 0.555449
vt 0.380565 0.540143
vt 0.959023 0.355296
vt 0.383331 0.548201
vt 0.391032 0.544048
vt 0.384977 0.532923
vt 0.398673 0.534718
vt 0.933427 0.368893
vt 0.936230 0.359147
vt 0.925283 0.371422
vt 0.962810 0.362361
vt 0.958574 0.342848
vt 0.970371 0.348613
vt 0.795952 0.402106
vt 0.784116 0.401939
vt 0.374190 0.524679
vt 0.382292 0.527991
vt 0.852647 0.347032
vt 0.797901 0.413045
vt 0.786105 0.410683
vt 0.788560 0.440432
vt 0.783035 0.439961
vt 0.790517 0.426048
vt 0.451528 0.563404
vt 0.451550 0.575936
vt 0.436454 0.566796
vt 0.437808 0.532401
vt 0.437648 0.518651
vt 0.446690 0.524766
vt 0.955944 0.335387
vt 0.962401 0.329795
vt 0.850128 0.323411
vt 0.945969 0.355465
vt 0.944805 0.343617
vt 0.920730 0.351854
vt 0.936171 0.335488
vt 0.951343 0.326333
vt 0.938098 0.326795
vt 0.399745 0.562354
vt 0.401485 0.547585
vt 0.410939 0.558053
vt 0.411900 0.539991
vt 0.389445 0.513692
vt 0.392137 0.525198
vt 0.384299 0.521249
vt 0.399261 0.516194
vt 0.450024 0.531221
vt 0.448849 0.545712
vt 0.440489 0.541027
vt 0.395348 0.504407
vt 0.399423 0.499847
vt 0.403375 0.505447
vt 0.418003 0.511355
vt 0.406848 0.496642
vt 0.400787 0.524361
vt 0.415967 0.531229
vt 0.408305 0.513799
vt 0.416616 0.522852
vt 0.423197 0.541762
vt 0.428354 0.528083
vt 0.423358 0.518608
vt 0.418905 0.502388
vt 0.429464 0.510478
vt 0.268130 0.699425
vt 0.261286 0.710872
vt 0.262831 0.699392
vt 0.258264 0.691214
vt 0.267245 0.690941
vt 0.276676 0.691779
vt 0.267684 0.677704
vt 0.479140 0.673516
vt 0.467430 0.671404
vt 0.967139 0.325662
vt 0.811051 0.410303
vt 0.812179 0.420367
vt 0.951857 0.310793
vt 0.820985 0.413447
vt 0.803198 0.431690
vt 0.830227 0.410308
vt 0.820953 0.428253
vt 0.830205 0.416814
vt 0.249109 0.705879
vt 0.252358 0.721270
vt 0.245901 0.713242
vt 0.925157 0.326356
vt 0.234693 0.726549
vt 0.931202 0.313183
vt 0.810196 0.435408
vt 0.809836 0.447484
vt 0.820735 0.445833
vt 0.801927 0.456935
vt 0.904779 0.322063
vt 0.915043 0.326530
vt 0.901491 0.329490
vt 0.826666 0.438383
vt 0.831462 0.444633
vt 0.893357 0.321830
vt 0.880967 0.319595
vt 0.262040 0.675815
vt 0.463272 0.586747
vt 0.833628 0.320939
vt 0.866944 0.320625
vt 0.912614 0.382909
vt 0.913514 0.366676
vt 0.898497 0.374154
vt 0.902308 0.354323
vt 0.914842 0.344844
vt 0.922692 0.338435
vt 0.900535 0.340824
vt 0.907779 0.337663
vt 0.894063 0.351263
vt 0.414521 0.566271
vt 0.426691 0.556888
vt 0.429269 0.566996
vt 0.425838 0.575636
vt 0.431397 0.551479
vt 0.442780 0.555671
vt 0.454751 0.551631
vt 0.890327 0.453065
vt 0.805015 0.245096
vt 0.813876 0.237988
vt 0.820813 0.250398
vt 0.787586 0.222156
vt 0.777921 0.211006
vt 0.782671 0.206060
vt 0.775354 0.217428
vt 0.787561 0.235656
vt 0.778236 0.229866
vt 0.796804 0.246995
vt 0.786265 0.246407
vt 0.799161 0.232175
vt 0.799554 0.223078
vt 0.794892 0.208579
vt 0.805484 0.206669
vt 0.814890 0.213396
vt 0.819204 0.224670
vt 0.837977 0.224637
vt 0.830701 0.230033
vt 0.825065 0.208329
vt 0.833878 0.209359
vt 0.964620 0.306515
vt 0.829414 0.245049
vt 0.786607 0.267967
vt 0.801744 0.261544
vt 0.919685 0.250354
vt 0.913451 0.260999
vt 0.918110 0.244604
vt 0.153188 0.660702
vt 0.163629 0.675735
vt 0.150353 0.669301
vt 0.954841 0.293711
vt 0.935847 0.291807
vt 0.934142 0.304383
vt 0.812666 0.264523
vt 0.826825 0.262215
vt 0.840995 0.258908
vt 0.846205 0.250229
vt 0.843295 0.235177
vt 0.832274 0.268023
vt 0.933138 0.208332
vt 0.926310 0.214171
vt 0.921496 0.203642
vt 0.163774 0.656367
vt 0.954717 0.276942
vt 0.958501 0.261335
vt 0.974325 0.274736
vt 0.853535 0.222660
vt 0.867664 0.212178
vt 0.861149 0.229895
vt 0.940314 0.213829
vt 0.187838 0.685790
vt 0.187706 0.706635
vt 0.175212 0.704427
vt 0.187118 0.721326
vt 0.177276 0.712258
vt 0.852752 0.235424
vt 0.941513 0.262939
vt 0.930422 0.280977
vt 0.917436 0.273727
vt 0.848663 0.210674
vt 0.853760 0.253098
vt 0.850467 0.266869
vt 0.151257 0.683341
vt 0.142826 0.670488
vt 0.876896 0.219016
vt 0.876573 0.242177
vt 0.871657 0.228482
vt 0.882295 0.231435
vt 0.173065 0.675479
vt 0.175405 0.664673
vt 0.866744 0.237816
vt 0.860646 0.246277
vt 0.139015 0.685484
vt 0.864248 0.261032
vt 0.861178 0.270485
vt 0.232192 0.715539
vt 0.244463 0.703525
vt 0.227631 0.704153
vt 0.231658 0.690828
vt 0.869964 0.249798
vt 0.165436 0.691184
vt 0.872453 0.257364
vt 0.872223 0.268658
vt 0.249369 0.687821
vt 0.249116 0.673445
vt 0.234228 0.673537
vt 0.225036 0.678251
vt 0.879727 0.262104
vt 0.202725 0.721858
vt 0.209210 0.706064
vt 0.215266 0.715494
vt 0.220357 0.726985
vt 0.174288 0.654592
vt 0.200876 0.694128
vt 0.209171 0.690645
vt 0.216604 0.687469
vt 0.881742 0.254567
vt 0.199405 0.679856
vt 0.215745 0.670303
vt 0.891788 0.253500
vt 0.141437 0.696019
vt 0.188804 0.671567
vt 0.201538 0.666338
vt 0.911457 0.307657
vt 0.924287 0.298854
vt 0.182172 0.659425
vt 0.916496 0.285881
vt 0.900366 0.310378
vt 0.898963 0.301534
vt 0.907220 0.300186
vt 0.167469 0.647086
vt 0.169503 0.639815
vt 0.175762 0.641927
vt 0.156857 0.643999
vt 0.152694 0.636799
vt 0.168991 0.630239
vt 0.888349 0.304567
vt 0.895942 0.294144
vt 0.888310 0.289542
vt 0.879050 0.299350
vt 0.914148 0.271758
vt 0.909553 0.283304
vt 0.904833 0.264989
vt 0.902539 0.290804
vt 0.919530 0.265541
vt 0.896834 0.281558
vt 0.888032 0.279437
vt 0.895503 0.270557
vt 0.886089 0.271165
vt 0.239427 0.662965
vt 0.178987 0.685111
vt 0.188424 0.645862
vt 0.182450 0.648206
vt 0.181265 0.636745
vt 0.225516 0.655710
vt 0.192990 0.652413
vt 0.212298 0.658005
vt 0.218336 0.651666
vt 0.201655 0.656910
vt 0.190296 0.658453
vt 0.196609 0.644616
vt 0.873528 0.307614
vt 0.865867 0.313320
vt 0.867047 0.306509
vt 0.870037 0.301077
vt 0.208952 0.647375
vt 0.857752 0.303653
vt 0.858804 0.296053
vt 0.847221 0.309575
vt 0.851000 0.313906
vt 0.850946 0.296660
vt 0.832635 0.307833
vt 0.836208 0.299489
vt 0.842755 0.303009
vt 0.880941 0.289767
vt 0.878188 0.284655
vt 0.873820 0.276623
vt 0.870972 0.288749
vt 0.867052 0.282823
vt 0.856159 0.282564
vt 0.936304 0.249222
vt 0.897293 0.218355
vt 0.893524 0.236292
vt 0.891742 0.218151
vt 0.849796 0.289022
vt 0.910460 0.219989
vt 0.902217 0.208802
vt 0.837466 0.289846
vt 0.840699 0.277566
vt 0.905201 0.225490
vt 0.922987 0.222634
vt 0.917384 0.234643
vt 0.909950 0.238192
vt 0.901485 0.234402
vt 0.891474 0.242006
vt 0.898532 0.248998
vt 0.817285 0.302410
vt 0.828041 0.299617
vt 0.805608 0.303747
vt 0.814293 0.293027
vt 0.806278 0.289368
vt 0.789749 0.309297
vt 0.789404 0.301942
vt 0.822768 0.276978
vt 0.792642 0.286996
vt 0.780361 0.290946
vt 0.781152 0.303645
vt 0.166945 0.711864
vt 0.178453 0.723374
vt 0.926385 0.232914
vt 0.166034 0.718777
vt 0.156349 0.707402
vt 0.156046 0.698572
vt 0.955852 0.248642
vt 0.941912 0.234873
vt 0.959922 0.235265
vt 0.947228 0.246582
vt 0.944733 0.223192
vt 0.623385 0.264082
vt 0.633197 0.245465
vt 0.636483 0.260071
vt 0.768664 0.225267
vt 0.773133 0.241501
vt 0.759535 0.232135
vt 0.743932 0.230418
vt 0.747396 0.228554
vt 0.750215 0.238845
vt 0.760192 0.243924
vt 0.743078 0.257885
vt 0.613374 0.223203
vt 0.620090 0.213692
vt 0.632866 0.222937
vt 0.633229 0.231256
vt 0.652111 0.219612
vt 0.619458 0.236363
vt 0.649356 0.238508
vt 0.753634 0.227913
vt 0.617807 0.244320
vt 0.761463 0.256116
vt 0.645099 0.256474
vt 0.655561 0.260567
vt 0.647424 0.269904
vt 0.630742 0.274566
vt 0.644634 0.281250
vt 0.630198 0.281622
vt 0.620840 0.292083
vt 0.621085 0.271696
vt 0.640058 0.291038
vt 0.627777 0.298081
vt 0.637025 0.303913
vt 0.649270 0.302468
vt 0.775118 0.337548
vt 0.763261 0.265167
vt 0.778616 0.263401
vt 0.772739 0.274408
vt 0.625602 0.334108
vt 0.616908 0.330544
vt 0.624288 0.322623
vt 0.775608 0.252362
vt 0.764298 0.342036
vt 0.763073 0.336401
vt 0.628511 0.308083
vt 0.616321 0.310752
vt 0.640493 0.313694
vt 0.636068 0.318646
vt 0.628250 0.326070
vt 0.637249 0.335762
vt 0.648894 0.317422
vt 0.649442 0.327451
vt 0.621618 0.341563
vt 0.747588 0.339414
vt 0.744999 0.330176
vt 0.771638 0.216528
vt 0.643214 0.343201
vt 0.761250 0.215082
vt 0.752410 0.216237
vt 0.741868 0.218826
vt 0.775307 0.315870
vt 0.771577 0.328530
vt 0.769798 0.308186
vt 0.736941 0.270889
vt 0.730420 0.262622
vt 0.759520 0.310685
vt 0.769612 0.291944
vt 0.735683 0.246674
vt 0.726863 0.246298
vt 0.718584 0.263614
vt 0.762900 0.298723
vt 0.754945 0.299587
vt 0.747924 0.303492
vt 0.768790 0.278483
vt 0.754401 0.282583
vt 0.753784 0.273885
vt 0.738250 0.285440
vt 0.706487 0.253740
vt 0.217346 0.402094
vt 0.221257 0.389053
vt 0.234192 0.406004
vt 0.728918 0.235022
vt 0.712696 0.232441
vt 0.212287 0.416024
vt 0.203956 0.404693
vt 0.735954 0.339810
vt 0.728844 0.338855
vt 0.733328 0.330794
vt 0.684386 0.251885
vt 0.700477 0.239846
vt 0.723259 0.342065
vt 0.723165 0.328412
vt 0.205735 0.380282
vt 0.729168 0.209963
vt 0.723494 0.218427
vt 0.701821 0.232033
vt 0.711117 0.334126
vt 0.711370 0.326518
vt 0.695476 0.321113
vt 0.696665 0.339175
vt 0.682930 0.340659
vt 0.738763 0.206822
vt 0.248489 0.428037
vt 0.253159 0.438669
vt 0.239873 0.438265
vt 0.662220 0.332397
vt 0.665900 0.326358
vt 0.703978 0.220680
vt 0.697299 0.222644
vt 0.691090 0.210990
vt 0.701532 0.334979
vt 0.684728 0.266104
vt 0.232926 0.396179
vt 0.681877 0.329443
vt 0.692494 0.237172
vt 0.677598 0.242830
vt 0.652003 0.342738
vt 0.736522 0.320149
vt 0.731448 0.307643
vt 0.717402 0.319427
vt 0.690278 0.225067
vt 0.700761 0.325300
vt 0.712240 0.312299
vt 0.726119 0.304059
vt 0.700604 0.305643
vt 0.696397 0.296388
vt 0.713793 0.297083
vt 0.727053 0.281874
vt 0.714301 0.276654
vt 0.705714 0.270762
vt 0.699898 0.282137
vt 0.686281 0.311437
vt 0.676065 0.318360
vt 0.671928 0.294491
vt 0.682339 0.288750
vt 0.660253 0.309725
vt 0.662450 0.297951
vt 0.688533 0.279562
vt 0.675511 0.276738
vt 0.659310 0.286290
vt 0.659671 0.273003
vt 0.666933 0.257955
vt 0.222897 0.424273
vt 0.667144 0.231121
vt 0.663763 0.245858
vt 0.258807 0.461402
vt 0.262674 0.432783
vt 0.272579 0.451948
vt 0.215909 0.429969
vt 0.199909 0.440790
vt 0.219415 0.433764
vt 0.232092 0.418273
vt 0.205861 0.446690
vt 0.214522 0.445645
vt 0.214335 0.459325
vt 0.198798 0.459270
vt 0.223080 0.445427
vt 0.230727 0.446592
vt 0.236432 0.433391
vt 0.242461 0.455182
vt 0.202777 0.466857
vt 0.224661 0.460715
vt 0.667285 0.217102
vt 0.671844 0.198681
vt 0.313412 0.502973
vt 0.312908 0.489747
vt 0.327219 0.502296
vt 0.322754 0.481506
vt 0.275655 0.435490
vt 0.249935 0.459894
vt 0.612173 0.588615
vt 0.610763 0.572253
vt 0.620846 0.584576
vt 0.234276 0.470881
vt 0.317572 0.515410
vt 0.660393 0.207217
vt 0.213337 0.470909
vt 0.223253 0.471569
vt 0.203895 0.500592
vt 0.208378 0.495202
vt 0.211305 0.506023
vt 0.225871 0.480615
vt 0.265709 0.473097
vt 0.240868 0.488272
vt 0.246491 0.500023
vt 0.239102 0.499606
vt 0.252618 0.477534
vt 0.249662 0.487915
vt 0.224091 0.496390
vt 0.217316 0.486777
vt 0.232082 0.511322
vt 0.220831 0.504873
vt 0.265995 0.490173
vt 0.271374 0.478576
vt 0.204326 0.480553
vt 0.306516 0.507388
vt 0.299014 0.517766
vt 0.298867 0.501797
vt 0.298989 0.491572
vt 0.292872 0.514461
vt 0.286707 0.506027
vt 0.293496 0.493083
vt 0.278663 0.506528
vt 0.280873 0.491782
vt 0.314282 0.467116
vt 0.278620 0.462296
vt 0.300769 0.475473
vt 0.195676 0.498694
vt 0.283175 0.475052
vt 0.261830 0.510308
vt 0.255412 0.503758
vt 0.249916 0.507777
vt 0.312788 0.524692
vt 0.564708 0.645206
vt 0.545059 0.644362
vt 0.565190 0.631951
vt 0.544250 0.629873
vt 0.305707 0.534731
vt 0.306155 0.552538
vt 0.301357 0.562203
vt 0.291905 0.554260
vt 0.311435 0.540266
vt 0.292750 0.537903
vt 0.602804 0.583183
vt 0.534144 0.623119
vt 0.601977 0.567114
vt 0.522012 0.639998
vt 0.475444 0.580817
vt 0.472115 0.604883
vt 0.598890 0.596415
vt 0.551174 0.580662
vt 0.544476 0.568593
vt 0.555292 0.565948
vt 0.605083 0.602721
vt 0.483346 0.606243
vt 0.478556 0.615074
vt 0.487809 0.600496
vt 0.530101 0.646598
vt 0.544985 0.653788
vt 0.533987 0.656995
vt 0.487352 0.625462
vt 0.493394 0.644238
vt 0.521478 0.665211
vt 0.284212 0.683723
vt 0.589808 0.579250
vt 0.588013 0.562007
vt 0.580953 0.568079
vt 0.583233 0.591603
vt 0.597919 0.612595
vt 0.580620 0.605403
vt 0.585977 0.620478
vt 0.576893 0.612769
vt 0.534022 0.668852
vt 0.567301 0.578617
vt 0.563302 0.589413
vt 0.509650 0.640328
vt 0.501272 0.639767
vt 0.507865 0.627809
vt 0.567561 0.606364
vt 0.581001 0.630914
vt 0.318277 0.546763
vt 0.514367 0.653016
vt 0.464171 0.575185
vt 0.319135 0.552868
vt 0.317035 0.564691
vt 0.464783 0.564819
vt 0.465612 0.551226
vt 0.476368 0.562626
vt 0.575152 0.566487
vt 0.312798 0.585224
vt 0.284770 0.668136
vt 0.296354 0.669636
vt 0.291166 0.681223
vt 0.461661 0.535004
vt 0.291709 0.663074
vt 0.275805 0.673550
vt 0.272508 0.669343
vt 0.272449 0.661009
vt 0.263421 0.663924
vt 0.484134 0.585873
vt 0.564216 0.562798
vt 0.499251 0.625668
vt 0.497890 0.609664
vt 0.514166 0.616577
vt 0.501758 0.595428
vt 0.476311 0.552262
vt 0.492591 0.569473
vt 0.490224 0.559541
vt 0.303054 0.652646
vt 0.281524 0.657145
vt 0.279736 0.651860
vt 0.290762 0.649051
vt 0.478958 0.540892
vt 0.302103 0.644775
vt 0.486981 0.539898
vt 0.497926 0.553448
vt 0.508285 0.542152
vt 0.281718 0.645174
vt 0.292338 0.635834
vt 0.280814 0.634919
vt 0.301939 0.623167
vt 0.286540 0.621385
vt 0.295929 0.608217
vt 0.508885 0.585880
vt 0.506417 0.574096
vt 0.500473 0.568118
vt 0.521545 0.597805
vt 0.516004 0.559946
vt 0.522253 0.576433
vt 0.530621 0.588699
vt 0.532913 0.572893
vt 0.540858 0.581862
vt 0.544340 0.594606
vt 0.530291 0.559507
vt 0.533685 0.548451
vt 0.544345 0.557779
vt 0.304120 0.596645
vt 0.303166 0.583918
vt 0.296240 0.585520
vt 0.295999 0.568018
vt 0.264687 0.650007
vt 0.272687 0.644328
vt 0.503755 0.659352
vt 0.500958 0.648124
vt 0.521630 0.628630
vt 0.524149 0.618579
vt 0.555036 0.587092
vt 0.269889 0.628472
vt 0.279163 0.625158
vt 0.277826 0.615446
vt 0.286387 0.610244
vt 0.559848 0.615664
vt 0.284110 0.586741
vt 0.281715 0.599332
vt 0.287506 0.576951
vt 0.551535 0.602965
vt 0.531519 0.607294
vt 0.485841 0.667906
vt 0.502321 0.668911
vt 0.492374 0.655432
vt 0.490807 0.681056
vt 0.502077 0.685209
vt 0.509072 0.667524
vt 0.557445 0.659081
vt 0.521987 0.678450
vt 0.511864 0.686690
vt 0.540174 0.677067
vt 0.660053 0.749106
vt 0.663551 0.754822
vt 0.650666 0.761042
vt 0.698379 0.754323
vt 0.679971 0.765954
vt 0.680985 0.742749
vt 0.674526 0.746445
vt 0.659668 0.739872
vt 0.637197 0.739051
vt 0.673004 0.778809
vt 0.661179 0.765741
vt 0.652493 0.776788
vt 0.655367 0.788159
vt 0.665743 0.727783
vt 0.658022 0.722380
vt 0.780739 0.447185
vt 0.773732 0.447639
vt 0.777682 0.422050
vt 0.769273 0.429111
vt 0.640153 0.724127
vt 0.774349 0.412585
vt 0.771427 0.398810
vt 0.757749 0.412421
vt 0.763350 0.394341
vt 0.756909 0.398428
vt 0.638584 0.713584
vt 0.642522 0.719097
vt 0.629836 0.711642
vt 0.527364 0.696987
vt 0.526395 0.703734
vt 0.512159 0.702555
vt 0.764052 0.448416
vt 0.756323 0.435783
vt 0.634661 0.769734
vt 0.758735 0.460606
vt 0.746909 0.440933
vt 0.625136 0.731306
vt 0.740866 0.425454
vt 0.752847 0.420720
vt 0.624180 0.352771
vt 0.622352 0.362998
vt 0.613514 0.352509
vt 0.634838 0.346287
vt 0.736789 0.431360
vt 0.740476 0.463613
vt 0.734809 0.446492
vt 0.629121 0.373432
vt 0.617814 0.373166
vt 0.739607 0.418734
vt 0.745619 0.407532
vt 0.634125 0.379684
vt 0.628694 0.386786
vt 0.741068 0.394701
vt 0.624919 0.713526
vt 0.634958 0.360233
vt 0.647606 0.353884
vt 0.620328 0.383708
vt 0.730820 0.452753
vt 0.725342 0.436397
vt 0.714448 0.432544
vt 0.718042 0.429539
vt 0.717129 0.448696
vt 0.615477 0.388109
vt 0.729062 0.423210
vt 0.707033 0.443781
vt 0.722998 0.424039
vt 0.642545 0.372028
vt 0.712184 0.425604
vt 0.701601 0.431618
vt 0.697856 0.446096
vt 0.689208 0.439234
vt 0.727477 0.406382
vt 0.719288 0.412118
vt 0.732266 0.387728
vt 0.704276 0.404570
vt 0.718244 0.400545
vt 0.700971 0.420708
vt 0.692407 0.418995
vt 0.691538 0.431868
vt 0.696554 0.393606
vt 0.688861 0.409501
vt 0.657455 0.369392
vt 0.628228 0.395111
vt 0.678933 0.435796
vt 0.669922 0.450589
vt 0.686302 0.458197
vt 0.651177 0.712863
vt 0.639577 0.707401
vt 0.673234 0.436188
vt 0.670720 0.430433
vt 0.635981 0.396381
vt 0.643369 0.385195
vt 0.662092 0.428306
vt 0.662477 0.436403
vt 0.660117 0.448849
vt 0.653494 0.436077
vt 0.653149 0.446084
vt 0.642518 0.445975
vt 0.643894 0.435720
vt 0.675062 0.406813
vt 0.672884 0.417639
vt 0.678948 0.399216
vt 0.652692 0.413298
vt 0.645130 0.423007
vt 0.661510 0.397918
vt 0.650662 0.400842
vt 0.659076 0.389214
vt 0.633774 0.409025
vt 0.652887 0.691732
vt 0.658620 0.704495
vt 0.615208 0.407111
vt 0.614605 0.396430
vt 0.621851 0.418811
vt 0.779331 0.377539
vt 0.771743 0.383525
vt 0.631007 0.432000
vt 0.773820 0.364259
vt 0.763221 0.373331
vt 0.758307 0.387863
vt 0.751827 0.381798
vt 0.760583 0.383813
vt 0.754576 0.375080
vt 0.755088 0.365865
vt 0.769275 0.352524
vt 0.751463 0.350269
vt 0.745436 0.372342
vt 0.745433 0.355485
vt 0.743504 0.345808
vt 0.738043 0.349820
vt 0.627856 0.749848
vt 0.661066 0.713675
vt 0.614356 0.433838
vt 0.623237 0.437439
vt 0.609944 0.447865
vt 0.628501 0.451883
vt 0.633577 0.444548
vt 0.720690 0.390427
vt 0.705869 0.385419
vt 0.722254 0.371367
vt 0.728968 0.375897
vt 0.735412 0.368252
vt 0.719195 0.359782
vt 0.685262 0.382421
vt 0.700464 0.377172
vt 0.692461 0.365825
vt 0.710119 0.366342
vt 0.726484 0.354290
vt 0.730079 0.348014
vt 0.709424 0.347488
vt 0.707653 0.342356
vt 0.705794 0.355792
vt 0.695798 0.349066
vt 0.678883 0.388188
vt 0.679287 0.366961
vt 0.686004 0.358162
vt 0.669161 0.368543
vt 0.662904 0.379188
vt 0.672392 0.356219
vt 0.659251 0.358840
vt 0.681261 0.349005
vt 0.662005 0.349533
vt 0.672555 0.347241
vt 0.663656 0.342097
vt 0.564391 0.712477
vt 0.566493 0.706769
vt 0.571002 0.718704
vt 0.616152 0.735140
vt 0.658800 0.688541
vt 0.622245 0.600588
vt 0.608791 0.614048
vt 0.615969 0.616233
vt 0.535873 0.686146
vt 0.514489 0.695123
vt 0.631552 0.682079
vt 0.638116 0.677916
vt 0.638404 0.691517
vt 0.599863 0.706684
vt 0.594192 0.713232
vt 0.585832 0.698175
vt 0.627004 0.627098
vt 0.604615 0.629318
vt 0.540589 0.696720
vt 0.556711 0.670926
vt 0.548880 0.681966
vt 0.562382 0.681463
vt 0.534905 0.711571
vt 0.542215 0.703304
vt 0.650662 0.684136
vt 0.624543 0.639753
vt 0.612508 0.642613
vt 0.551524 0.693124
vt 0.567178 0.689519
vt 0.562283 0.696258
vt 0.555919 0.689081
vt 0.550240 0.715139
vt 0.557860 0.710020
vt 0.578787 0.688959
vt 0.569788 0.679007
vt 0.579209 0.707435
vt 0.590501 0.678094
vt 0.582350 0.682049
vt 0.625407 0.702912
vt 0.623610 0.680553
vt 0.573639 0.652110
vt 0.575772 0.661594
vt 0.562845 0.666298
vt 0.573221 0.669386
vt 0.623832 0.658721
vt 0.612723 0.671466
vt 0.578177 0.644716
vt 0.588651 0.655418
vt 0.592086 0.651402
vt 0.577548 0.676489
vt 0.589434 0.669403
vt 0.598999 0.679721
vt 0.596402 0.684926
vt 0.598037 0.671656
vt 0.602966 0.663606
vt 0.590830 0.636754
vt 0.600994 0.643030
vt 0.616072 0.656381
vt 0.620044 0.651584
vt 0.620763 0.642357
vt 0.583142 0.718825
vt 0.595890 0.701133
vt 0.599945 0.699831
vt 0.608760 0.716080
vt 0.611745 0.710672
vt 0.609475 0.694501
vt 0.586491 0.727816
vt 0.599795 0.726850
vt 0.616896 0.716251
vt 0.196468 0.603015
vt 0.211671 0.600114
vt 0.207985 0.621496
vt 0.223549 0.605196
vt 0.218247 0.618131
vt 0.188375 0.504582
vt 0.199392 0.513756
vt 0.183973 0.605937
vt 0.185654 0.618645
vt 0.195618 0.623118
vt 0.173297 0.611262
vt 0.171743 0.603842
vt 0.204573 0.516720
vt 0.254969 0.668911
vt 0.198344 0.535268
vt 0.206794 0.544986
vt 0.197730 0.547310
vt 0.199895 0.523672
vt 0.188571 0.518528
vt 0.206283 0.527567
vt 0.217378 0.515967
vt 0.198387 0.530850
vt 0.247541 0.660113
vt 0.253650 0.650767
vt 0.241323 0.644815
vt 0.187649 0.532580
vt 0.215289 0.594888
vt 0.222858 0.598881
vt 0.197407 0.557285
vt 0.179843 0.547308
vt 0.203458 0.595136
vt 0.229675 0.646373
vt 0.222240 0.591525
vt 0.228596 0.520817
vt 0.179430 0.619948
vt 0.222100 0.638036
vt 0.213381 0.632031
vt 0.222679 0.532160
vt 0.239208 0.519838
vt 0.194682 0.575596
vt 0.194023 0.589621
vt 0.181644 0.578424
vt 0.227751 0.542198
vt 0.239886 0.530033
vt 0.246237 0.539887
vt 0.266008 0.637021
vt 0.215767 0.541934
vt 0.256349 0.630321
vt 0.249069 0.637077
vt 0.241396 0.628993
vt 0.258318 0.621605
vt 0.229773 0.628330
vt 0.257030 0.606856
vt 0.251917 0.609427
vt 0.231084 0.617893
vt 0.229688 0.607608
vt 0.243130 0.619282
vt 0.165863 0.616053
vt 0.270381 0.605646
vt 0.170006 0.623750
vt 0.225842 0.585341
vt 0.230928 0.593165
vt 0.214566 0.557428
vt 0.263517 0.596562
vt 0.263936 0.583836
vt 0.271176 0.589008
vt 0.216593 0.586953
vt 0.272192 0.573730
vt 0.273613 0.560057
vt 0.241728 0.610517
vt 0.262053 0.571491
vt 0.232221 0.602358
vt 0.243001 0.599994
vt 0.247989 0.591158
vt 0.254764 0.586732
vt 0.239875 0.592257
vt 0.234912 0.586562
vt 0.247954 0.576406
vt 0.243075 0.580493
vt 0.233588 0.583046
vt 0.237246 0.573878
vt 0.239510 0.566649
vt 0.245942 0.560694
vt 0.228876 0.567009
vt 0.255735 0.560176
vt 0.227452 0.572762
vt 0.234631 0.550450
vt 0.221537 0.563450
vt 0.192560 0.565549
vt 0.177638 0.563358
vt 0.201456 0.565317
vt 0.208294 0.568095
vt 0.182148 0.572371
vt 0.273688 0.548416
vt 0.186719 0.590441
vt 0.288000 0.529891
vt 0.276843 0.534251
vt 0.256848 0.545320
vt 0.278935 0.515079
vt 0.263246 0.532237
vt 0.268964 0.512914
vt 0.258157 0.518432
vt 0.248144 0.525849
vt 0.209890 0.583153
vt 0.201073 0.577483
vt 0.177375 0.587502
vt 0.220025 0.581424
vt 0.212134 0.575657
vt 0.219008 0.568271
vt 0.069267 0.543220
vt 0.073516 0.556416
vt 0.062304 0.561377
vt 0.041084 0.566325
vt 0.051662 0.547155
vt 0.073591 0.540442
vt 0.089007 0.542046
vt 0.088821 0.514488
vt 0.097385 0.506655
vt 0.106715 0.516019
vt 0.053812 0.573113
vt 0.110080 0.503228
vt 0.125773 0.516623
vt 0.122663 0.508491
vt 0.090267 0.526744
vt 0.083073 0.506691
vt 0.075871 0.515752
vt 0.094347 0.524282
vt 0.065329 0.518464
vt 0.072156 0.531923
vt 0.098271 0.530686
vt 0.082164 0.534897
vt 0.073030 0.566502
vt 0.068237 0.576914
vt 0.132745 0.678890
vt 0.134506 0.662251
vt 0.144114 0.662571
vt 0.126714 0.666953
vt 0.115757 0.529162
vt 0.146967 0.647951
vt 0.142017 0.652769
vt 0.110806 0.534425
vt 0.134702 0.655826
vt 0.102209 0.538852
vt 0.111573 0.543276
vt 0.904896 0.191635
vt 0.892485 0.196421
vt 0.034247 0.560153
vt 0.038586 0.552144
vt 0.127466 0.542325
vt 0.123224 0.546537
vt 0.123879 0.536379
vt 0.071381 0.582965
vt 0.053535 0.594105
vt 0.049626 0.581673
vt 0.883642 0.207331
vt 0.881896 0.203809
vt 0.811665 0.153904
vt 0.822172 0.166746
vt 0.804566 0.176231
vt 0.131447 0.520029
vt 0.133123 0.523739
vt 0.180876 0.522595
vt 0.169926 0.535511
vt 0.170679 0.527564
vt 0.129556 0.660273
vt 0.123487 0.662953
vt 0.122295 0.671227
vt 0.117831 0.660319
vt 0.135535 0.641933
vt 0.915974 0.193022
vt 0.135445 0.543202
vt 0.144304 0.530582
vt 0.147660 0.515263
vt 0.798325 0.164655
vt 0.826173 0.136133
vt 0.808288 0.139280
vt 0.809931 0.127958
vt 0.835459 0.145825
vt 0.829486 0.158700
vt 0.149903 0.543088
vt 0.139553 0.637441
vt 0.158164 0.623461
vt 0.147245 0.618570
vt 0.157937 0.618529
vt 0.140120 0.629872
vt 0.141698 0.554506
vt 0.159890 0.607376
vt 0.153957 0.528463
vt 0.841072 0.163621
vt 0.817583 0.179237
vt 0.810493 0.188422
vt 0.170758 0.509016
vt 0.159716 0.532520
vt 0.862878 0.202401
vt 0.868923 0.193527
vt 0.813191 0.196871
vt 0.801021 0.188013
vt 0.834321 0.176908
vt 0.849535 0.197727
vt 0.861819 0.187756
vt 0.853052 0.188195
vt 0.825965 0.188461
vt 0.127866 0.644805
vt 0.120986 0.644374
vt 0.906904 0.185192
vt 0.109312 0.651525
vt 0.113641 0.643682
vt 0.118637 0.632062
vt 0.125116 0.637287
vt 0.132733 0.629851
vt 0.136910 0.624228
vt 0.124511 0.624335
vt 0.123892 0.614816
vt 0.133404 0.616789
vt 0.888684 0.174378
vt 0.879818 0.188146
vt 0.879745 0.194896
vt 0.102450 0.631599
vt 0.109233 0.621872
vt 0.895649 0.167101
vt 0.114792 0.618592
vt 0.101911 0.610514
vt 0.095886 0.611482
vt 0.880472 0.159210
vt 0.139570 0.605761
vt 0.149827 0.602869
vt 0.138968 0.600576
vt 0.117577 0.609643
vt 0.129976 0.600631
vt 0.144192 0.596453
vt 0.137229 0.594312
vt 0.133871 0.589727
vt 0.090703 0.620062
vt 0.123760 0.589086
vt 0.107122 0.600120
vt 0.114518 0.597521
vt 0.871788 0.183189
vt 0.873085 0.173333
vt 0.859294 0.172882
vt 0.869620 0.160930
vt 0.841472 0.195429
vt 0.839973 0.185584
vt 0.850151 0.174113
vt 0.854443 0.153682
vt 0.093670 0.601634
vt 0.087051 0.600925
vt 0.080256 0.618495
vt 0.087657 0.589845
vt 0.068474 0.607578
vt 0.071521 0.596874
vt 0.115162 0.580584
vt 0.109664 0.589441
vt 0.118805 0.574628
vt 0.129924 0.582334
vt 0.102517 0.580708
vt 0.125014 0.572736
vt 0.104982 0.577218
vt 0.094774 0.577191
vt 0.106971 0.567696
vt 0.080414 0.581791
vt 0.097595 0.569642
vt 0.101276 0.562919
vt 0.094539 0.559978
vt 0.086247 0.572513
vt 0.083161 0.568400
vt 0.088765 0.549897
vt 0.082889 0.561741
vt 0.166154 0.593408
vt 0.163622 0.540003
vt 0.164361 0.547607
vt 0.169851 0.556154
vt 0.826234 0.196690
vt 0.164852 0.581903
vt 0.174856 0.570217
vt 0.056603 0.534045
vt 0.042428 0.539209
vt 0.167424 0.561891
vt 0.151766 0.585498
vt 0.144199 0.587181
vt 0.155782 0.574373
vt 0.145961 0.580424
vt 0.148074 0.567748
vt 0.159811 0.570022
vt 0.137187 0.580669
vt 0.133513 0.569915
vt 0.158385 0.560272
vt 0.151066 0.556049
vt 0.130947 0.557919
vt 0.126445 0.562691
vt 0.124944 0.556244
vt 0.116751 0.560576
vt 0.111636 0.549408
vt 0.097194 0.553149
vt 0.094809 0.547233
vt 0.619917 0.047833
vt 0.629908 0.052803
vt 0.618780 0.058249
vt 0.044741 0.347919
vt 0.042523 0.336615
vt 0.054818 0.338831
vt 0.677459 0.045001
vt 0.661166 0.062571
vt 0.657623 0.050564
vt 0.052680 0.355638
vt 0.025122 0.358632
vt 0.039848 0.362743
vt 0.055263 0.363547
vt 0.042424 0.369808
vt 0.617062 0.039757
vt 0.630868 0.038043
vt 0.620690 0.035730
vt 0.636197 0.061880
vt 0.638013 0.038326
vt 0.024063 0.364834
vt 0.029724 0.368860
vt 0.650369 0.036808
vt 0.646043 0.048607
vt 0.029390 0.348994
vt 0.029902 0.376294
vt 0.113460 0.339609
vt 0.105747 0.328727
vt 0.117785 0.331899
vt 0.091112 0.331395
vt 0.096945 0.340315
vt 0.645868 0.060787
vt 0.107641 0.353751
vt 0.101975 0.355085
vt 0.047804 0.413487
vt 0.042566 0.419216
vt 0.036994 0.393612
vt 0.098725 0.368503
vt 0.677248 0.059738
vt 0.052951 0.410917
vt 0.058296 0.413000
vt 0.057321 0.424872
vt 0.067023 0.417764
vt 0.089098 0.354494
vt 0.094858 0.373556
vt 0.111211 0.370169
vt 0.115855 0.358479
vt 0.687032 0.036938
vt 0.688370 0.053091
vt 0.042475 0.430443
vt 0.700469 0.035560
vt 0.018742 0.426313
vt 0.017200 0.413009
vt 0.024973 0.418958
vt 0.054452 0.438110
vt 0.028278 0.409483
vt 0.080507 0.333869
vt 0.079517 0.347844
vt 0.033534 0.432168
vt 0.667492 0.036244
vt 0.675906 0.033906
vt 0.621158 0.069192
vt 0.607756 0.060528
vt 0.028524 0.446345
vt 0.023411 0.433578
vt 0.708567 0.032838
vt 0.707547 0.048808
vt 0.037893 0.444400
vt 0.699751 0.052089
vt 0.021608 0.548175
vt 0.019808 0.529173
vt 0.024540 0.543068
vt 0.029680 0.526022
vt 0.054122 0.524024
vt 0.035716 0.530781
vt 0.040864 0.520139
vt 0.034812 0.516392
vt 0.720939 0.052731
vt 0.024709 0.521719
vt 0.047064 0.508570
vt 0.058311 0.511223
vt 0.769532 0.123935
vt 0.754012 0.111383
vt 0.771739 0.107881
vt 0.016004 0.519561
vt 0.630105 0.090792
vt 0.615520 0.096748
vt 0.618146 0.082280
vt 0.608820 0.081553
vt 0.747318 0.096466
vt 0.761803 0.103909
vt 0.746976 0.114808
vt 0.757380 0.125827
vt 0.023042 0.507696
vt 0.040550 0.507504
vt 0.010499 0.504823
vt 0.035067 0.499576
vt 0.044122 0.493312
vt 0.051725 0.499162
vt 0.024122 0.500042
vt 0.015019 0.500988
vt 0.027454 0.492627
vt 0.010502 0.491275
vt 0.021010 0.484544
vt 0.033314 0.484684
vt 0.014722 0.454499
vt 0.733051 0.114667
vt 0.730668 0.103724
vt 0.716274 0.123750
vt 0.724711 0.114079
vt 0.021568 0.477143
vt 0.721950 0.101909
vt 0.067175 0.332793
vt 0.063135 0.352548
vt 0.704167 0.113149
vt 0.700102 0.126140
vt 0.692775 0.114595
vt 0.713174 0.098885
vt 0.699850 0.099408
vt 0.728513 0.088370
vt 0.731245 0.072059
vt 0.738238 0.077820
vt 0.716962 0.082466
vt 0.011992 0.476233
vt 0.013472 0.484878
vt 0.739204 0.085096
vt 0.027877 0.472047
vt 0.728799 0.065210
vt 0.012350 0.468907
vt 0.707642 0.089400
vt 0.700612 0.082930
vt 0.703331 0.065817
vt 0.694786 0.068485
vt 0.684929 0.079299
vt 0.687994 0.101806
vt 0.025635 0.459869
vt 0.679332 0.115966
vt 0.668665 0.109665
vt 0.678382 0.089844
vt 0.052744 0.450812
vt 0.043074 0.454142
vt 0.668719 0.090272
vt 0.050518 0.465958
vt 0.662071 0.103379
vt 0.644634 0.113257
vt 0.646198 0.099231
vt 0.068007 0.361755
vt 0.668004 0.081559
vt 0.681017 0.068628
vt 0.669876 0.071500
vt 0.659508 0.093837
vt 0.654475 0.077865
vt 0.640884 0.083858
vt 0.078969 0.366484
vt 0.036218 0.458010
vt 0.629115 0.080531
vt 0.636550 0.074852
vt 0.622595 0.112298
vt 0.603382 0.098636
vt 0.633861 0.100436
vt 0.034565 0.468710
vt 0.635879 0.119051
vt 0.021667 0.376289
vt 0.035373 0.381874
vt 0.044934 0.383742
vt 0.060726 0.374560
vt 0.050789 0.374944
vt 0.054725 0.391346
vt 0.060136 0.389374
vt 0.023547 0.385559
vt 0.017864 0.393243
vt 0.016384 0.382268
vt 0.657341 0.040730
vt 0.085719 0.387351
vt 0.100533 0.390696
vt 0.084199 0.397024
vt 0.093466 0.410394
vt 0.118587 0.384346
vt 0.102017 0.378191
vt 0.019442 0.401734
vt 0.092810 0.497342
vt 0.107352 0.490597
vt 0.070165 0.508388
vt 0.093528 0.383920
vt 0.071345 0.503192
vt 0.073788 0.495323
vt 0.081242 0.496768
vt 0.106066 0.395521
vt 0.117769 0.400841
vt 0.108915 0.410386
vt 0.104692 0.474934
vt 0.096205 0.486660
vt 0.069498 0.437927
vt 0.064991 0.434175
vt 0.074774 0.428056
vt 0.096655 0.469644
vt 0.087397 0.478100
vt 0.087593 0.469792
vt 0.101575 0.397096
vt 0.106892 0.458334
vt 0.112702 0.472230
vt 0.085546 0.464477
vt 0.096145 0.450260
vt 0.055295 0.493788
vt 0.064323 0.493483
vt 0.066775 0.482009
vt 0.079308 0.486992
vt 0.057104 0.477207
vt 0.061380 0.403056
vt 0.079101 0.476535
vt 0.045261 0.480741
vt 0.047069 0.470900
vt 0.058837 0.471814
vt 0.070204 0.473169
vt 0.063626 0.459014
vt 0.062407 0.446227
vt 0.071683 0.452110
vt 0.082116 0.448412
vt 0.109106 0.435186
vt 0.111254 0.444616
vt 0.097055 0.440826
vt 0.098066 0.428803
vt 0.086384 0.437074
vt 0.100328 0.411726
vt 0.117480 0.425173
vt 0.065097 0.369814
vt 0.089959 0.422045
vt 0.076204 0.419945
vt 0.086343 0.406248
vt 0.074826 0.411556
vt 0.068615 0.410111
vt 0.073759 0.390471
vt 0.071305 0.401495
vt 0.076239 0.374391
vt 0.068974 0.379224
vt 0.135576 0.381546
vt 0.138134 0.404125
vt 0.129237 0.389771
vt 0.149301 0.382019
vt 0.150017 0.391365
vt 0.127392 0.334884
vt 0.164274 0.387284
vt 0.158593 0.398058
vt 0.129649 0.347198
vt 0.131831 0.361523
vt 0.116706 0.347562
vt 0.139289 0.345770
vt 0.128947 0.327375
vt 0.146344 0.407953
vt 0.140252 0.337174
vt 0.136321 0.326992
vt 0.639005 0.207773
vt 0.627602 0.208923
vt 0.631352 0.206121
vt 0.792788 0.199017
vt 0.176184 0.371819
vt 0.164636 0.377770
vt 0.167826 0.367564
vt 0.146633 0.360231
vt 0.779727 0.193981
vt 0.147648 0.416376
vt 0.163983 0.410864
vt 0.158238 0.419000
vt 0.766917 0.200978
vt 0.137943 0.459859
vt 0.141358 0.446282
vt 0.149976 0.451971
vt 0.153411 0.348290
vt 0.744169 0.192723
vt 0.755717 0.199182
vt 0.651416 0.131132
vt 0.639502 0.136250
vt 0.790600 0.187299
vt 0.788683 0.172351
vt 0.176474 0.393737
vt 0.623512 0.127378
vt 0.189623 0.393945
vt 0.192691 0.375314
vt 0.795844 0.155956
vt 0.794447 0.143347
vt 0.603599 0.120360
vt 0.779201 0.157563
vt 0.789994 0.153242
vt 0.187646 0.366049
vt 0.777097 0.179380
vt 0.800681 0.125984
vt 0.784112 0.134569
vt 0.774926 0.190853
vt 0.764211 0.185470
vt 0.758973 0.173072
vt 0.771369 0.166620
vt 0.752670 0.181438
vt 0.739371 0.181092
vt 0.759684 0.159208
vt 0.774335 0.146978
vt 0.747794 0.169522
vt 0.773034 0.159293
vt 0.737247 0.167332
vt 0.770571 0.140607
vt 0.761804 0.150738
vt 0.763544 0.128147
vt 0.750263 0.156313
vt 0.737308 0.161545
vt 0.756330 0.140468
vt 0.752247 0.133442
vt 0.747130 0.140652
vt 0.735494 0.142207
vt 0.740735 0.131787
vt 0.741251 0.154389
vt 0.734937 0.201242
vt 0.715775 0.201105
vt 0.730434 0.196073
vt 0.702030 0.206764
vt 0.709942 0.206041
vt 0.695657 0.194392
vt 0.713867 0.189905
vt 0.176890 0.406976
vt 0.645210 0.171241
vt 0.650262 0.177340
vt 0.643814 0.181211
vt 0.626621 0.147015
vt 0.686539 0.197138
vt 0.647219 0.200964
vt 0.729850 0.173188
vt 0.737110 0.188670
vt 0.714702 0.178202
vt 0.728156 0.155343
vt 0.721172 0.169528
vt 0.713107 0.169559
vt 0.705883 0.181152
vt 0.705317 0.166961
vt 0.716325 0.159043
vt 0.694230 0.183605
vt 0.640206 0.156095
vt 0.696817 0.168606
vt 0.727339 0.138724
vt 0.712777 0.143327
vt 0.721609 0.129127
vt 0.694804 0.156460
vt 0.709078 0.158911
vt 0.698950 0.151970
vt 0.703436 0.138180
vt 0.692476 0.138108
vt 0.680800 0.182793
vt 0.663589 0.185972
vt 0.668694 0.169018
vt 0.650699 0.191572
vt 0.687095 0.167613
vt 0.661234 0.152509
vt 0.685957 0.156571
vt 0.677101 0.152029
vt 0.676919 0.138286
vt 0.673586 0.128699
vt 0.650997 0.156577
vt 0.659032 0.127653
vt 0.619386 0.137246
vt 0.626917 0.163950
vt 0.613919 0.155104
vt 0.616874 0.171677
vt 0.623618 0.174779
vt 0.637929 0.195586
vt 0.629278 0.191884
vt 0.782970 0.123626
vt 0.624124 0.184720
vt 0.620073 0.194706
vt 0.192101 0.418636
vt 0.181662 0.416648
vt 0.197934 0.398399
vt 0.125287 0.371646
vt 0.157752 0.466735
vt 0.164476 0.448884
vt 0.164973 0.427990
vt 0.731981 0.123717
vt 0.177385 0.430562
vt 0.129269 0.403079
vt 0.126939 0.416240
vt 0.153565 0.430005
vt 0.147405 0.433158
vt 0.135942 0.424622
vt 0.119180 0.449458
vt 0.132829 0.447450
vt 0.126556 0.438807
vt 0.113580 0.458640
vt 0.137262 0.440783
vt 0.189892 0.492293
vt 0.181124 0.494902
vt 0.188442 0.480194
vt 0.178851 0.485890
vt 0.119489 0.463905
vt 0.192513 0.467786
vt 0.184829 0.459006
vt 0.119572 0.478608
vt 0.114485 0.492025
vt 0.158566 0.512752
vt 0.170651 0.499075
vt 0.156945 0.499135
vt 0.152428 0.508411
vt 0.145449 0.495622
vt 0.121162 0.493913
vt 0.179453 0.441391
vt 0.189846 0.448471
vt 0.176087 0.455266
vt 0.137149 0.502416
vt 0.168210 0.494681
vt 0.169199 0.481290
vt 0.156478 0.488256
vt 0.159433 0.477963
vt 0.170461 0.467854
vt 0.167275 0.462445
vt 0.150601 0.460147
vt 0.145431 0.486503
vt 0.145480 0.472162
vt 0.129568 0.479800
vt 0.128415 0.490087
vt 0.135424 0.474053
vt 0.129228 0.466118
vt 0.198707 0.424799
vt 0.141598 0.371437
vt 0.150928 0.445073
vt 0.162693 0.439568
vt 0.154426 0.370229
vt 0.183044 0.355790
vt 0.756215 0.697775
vt 0.773327 0.692443
vt 0.769612 0.708184
vt 0.787402 0.682969
vt 0.782252 0.697369
vt 0.868599 0.811957
vt 0.862401 0.799415
vt 0.876080 0.804475
vt 0.776763 0.673470
vt 0.764960 0.681260
vt 0.773533 0.720509
vt 0.757381 0.713332
vt 0.765081 0.727779
vt 0.749795 0.720681
vt 0.829536 0.852435
vt 0.822971 0.845415
vt 0.843534 0.842744
vt 0.816707 0.852019
vt 0.778947 0.733530
vt 0.766947 0.737154
vt 0.776380 0.767518
vt 0.755689 0.761720
vt 0.773911 0.757790
vt 0.759845 0.749919
vt 0.772677 0.889887
vt 0.788692 0.878082
vt 0.774820 0.901232
vt 0.737961 0.704718
vt 0.740943 0.721326
vt 0.775255 0.743111
vt 0.787764 0.746796
vt 0.773937 0.778254
vt 0.341265 0.158209
vt 0.335459 0.157965
vt 0.332381 0.150417
vt 0.336704 0.143948
vt 0.857193 0.790925
vt 0.841417 0.798027
vt 0.343408 0.168006
vt 0.330167 0.169021
vt 0.785525 0.753922
vt 0.744748 0.744337
vt 0.754516 0.737843
vt 0.340210 0.216462
vt 0.328718 0.209448
vt 0.344047 0.210605
vt 0.754082 0.729105
vt 0.355740 0.146566
vt 0.353527 0.160963
vt 0.733308 0.724960
vt 0.345096 0.138529
vt 0.879484 0.790133
vt 0.891374 0.793903
vt 0.856903 0.778455
vt 0.869314 0.779916
vt 0.340176 0.181089
vt 0.345730 0.179281
vt 0.353210 0.181758
vt 0.346310 0.192792
vt 0.844370 0.787419
vt 0.330986 0.193496
vt 0.331890 0.184601
vt 0.359214 0.172468
vt 0.848065 0.773289
vt 0.839936 0.769338
vt 0.852107 0.768979
vt 0.333614 0.200350
vt 0.845952 0.757953
vt 0.806842 0.791361
vt 0.792149 0.785699
vt 0.794654 0.771050
vt 0.859352 0.822705
vt 0.853798 0.809511
vt 0.844417 0.821694
vt 0.834386 0.808908
vt 0.843877 0.833823
vt 0.830975 0.821553
vt 0.824210 0.792872
vt 0.833739 0.785246
vt 0.664779 0.792764
vt 0.801702 0.865379
vt 0.794636 0.852040
vt 0.804786 0.840951
vt 0.729530 0.710401
vt 0.679148 0.793352
vt 0.828755 0.774568
vt 0.723281 0.717860
vt 0.718609 0.731820
vt 0.686797 0.779097
vt 0.688447 0.790583
vt 0.793469 0.762543
vt 0.691720 0.765044
vt 0.701322 0.779374
vt 0.694629 0.789878
vt 0.818491 0.799442
vt 0.818857 0.779571
vt 0.813804 0.818675
vt 0.802927 0.807989
vt 0.846076 0.741160
vt 0.838027 0.749202
vt 0.707412 0.774543
vt 0.714959 0.748601
vt 0.714645 0.765901
vt 0.693473 0.740322
vt 0.729918 0.757161
vt 0.802687 0.744213
vt 0.789572 0.734978
vt 0.832182 0.757523
vt 0.821495 0.748923
vt 0.846303 0.734577
vt 0.826451 0.831945
vt 0.680391 0.800772
vt 0.780718 0.711028
vt 0.789608 0.715888
vt 0.813129 0.834189
vt 0.822164 0.762180
vt 0.698854 0.806961
vt 0.709907 0.823470
vt 0.698999 0.818515
vt 0.689365 0.807561
vt 0.694976 0.825125
vt 0.720346 0.800777
vt 0.705544 0.795152
vt 0.715303 0.789348
vt 0.710835 0.805767
vt 0.725525 0.789137
vt 0.717553 0.828951
vt 0.728435 0.815402
vt 0.725066 0.774273
vt 0.811433 0.858917
vt 0.738669 0.777389
vt 0.736749 0.761516
vt 0.750130 0.788714
vt 0.750858 0.776064
vt 0.745470 0.800533
vt 0.761324 0.783862
vt 0.812706 0.754617
vt 0.832583 0.725991
vt 0.818967 0.736487
vt 0.817733 0.718866
vt 0.826152 0.709584
vt 0.818645 0.714893
vt 0.800626 0.751587
vt 0.803795 0.731054
vt 0.806844 0.775525
vt 0.785136 0.779246
vt 0.824673 0.702653
vt 0.810488 0.706991
vt 0.810990 0.698983
vt 0.814299 0.872536
vt 0.818600 0.691363
vt 0.800338 0.692469
vt 0.801685 0.879873
vt 0.789369 0.866191
vt 0.779256 0.859832
vt 0.781603 0.667330
vt 0.800414 0.681907
vt 0.802045 0.710942
vt 0.799628 0.717416
vt 0.790300 0.818513
vt 0.801079 0.703223
vt 0.788391 0.849523
vt 0.804547 0.717894
vt 0.792996 0.723400
vt 0.789350 0.825865
vt 0.718460 0.851316
vt 0.724852 0.842326
vt 0.735057 0.846860
vt 0.745808 0.852827
vt 0.741551 0.860819
vt 0.727155 0.859844
vt 0.725085 0.830658
vt 0.783297 0.841514
vt 0.741480 0.838915
vt 0.738800 0.819611
vt 0.749628 0.822628
vt 0.755088 0.832392
vt 0.767078 0.846419
vt 0.756567 0.842896
vt 0.756023 0.812980
vt 0.760746 0.799139
vt 0.774323 0.819752
vt 0.771365 0.798612
vt 0.778613 0.793600
vt 0.769894 0.827944
vt 0.787798 0.804039
vt 0.761427 0.864178
vt 0.734404 0.868502
vt 0.745417 0.875472
vt 0.768598 0.873542
vt 0.753659 0.887082
vt 0.779118 0.874381
vt 0.315858 0.956833
vt 0.304695 0.958079
vt 0.305683 0.944444
vt 0.942886 0.879383
vt 0.929577 0.870666
vt 0.938944 0.861125
vt 0.342061 0.882554
vt 0.345308 0.888966
vt 0.335357 0.894668
vt 0.341345 0.943353
vt 0.326853 0.952269
vt 0.330491 0.935841
vt 0.327080 0.880833
vt 0.316951 0.948710
vt 0.342302 0.922791
vt 0.337291 0.913532
vt 0.348415 0.912077
vt 0.339983 0.930612
vt 0.349217 0.936026
vt 0.906940 0.894812
vt 0.901951 0.884128
vt 0.922306 0.888935
vt 0.295038 0.949921
vt 0.306319 0.963439
vt 0.292802 0.962319
vt 0.932772 0.884246
vt 0.924741 0.879065
vt 0.320001 0.939480
vt 0.891479 0.886614
vt 0.354748 0.925861
vt 0.355618 0.907201
vt 0.956660 0.856998
vt 0.925924 0.851377
vt 0.938267 0.846215
vt 0.922122 0.838509
vt 0.913977 0.874689
vt 0.914009 0.864082
vt 0.906373 0.854196
vt 0.916310 0.848065
vt 0.885290 0.893694
vt 0.928092 0.825673
vt 0.363095 0.927229
vt 0.910175 0.831701
vt 0.913230 0.816935
vt 0.897673 0.899488
vt 0.882967 0.905420
vt 0.875464 0.904392
vt 0.902937 0.842803
vt 0.896666 0.869599
vt 0.894560 0.855569
vt 0.892776 0.831565
vt 0.884901 0.842216
vt 0.887504 0.820730
vt 0.875042 0.894728
vt 0.881602 0.862241
vt 0.923624 0.810199
vt 0.878565 0.885245
vt 0.908960 0.798906
vt 0.898223 0.823403
vt 0.891498 0.810401
vt 0.870896 0.909966
vt 0.876196 0.850452
vt 0.368052 0.914293
vt 0.375687 0.919232
vt 0.896335 0.800263
vt 0.874810 0.875690
vt 0.862042 0.888506
vt 0.349935 0.135456
vt 0.338967 0.120506
vt 0.332232 0.128277
vt 0.864656 0.836521
vt 0.315603 0.873513
vt 0.324211 0.855952
vt 0.877396 0.822301
vt 0.873911 0.860904
vt 0.860053 0.863146
vt 0.862544 0.848868
vt 0.858000 0.843031
vt 0.860293 0.883575
vt 0.848108 0.857386
vt 0.441938 0.846816
vt 0.436637 0.852593
vt 0.426948 0.844435
vt 0.346082 0.895409
vt 0.360429 0.895974
vt 0.355417 0.883400
vt 0.343844 0.873575
vt 0.370457 0.902014
vt 0.443674 0.862922
vt 0.364193 0.876956
vt 0.371588 0.891357
vt 0.431076 0.860927
vt 0.424973 0.851474
vt 0.441685 0.879959
vt 0.433606 0.880597
vt 0.434651 0.869864
vt 0.421412 0.862649
vt 0.426831 0.883789
vt 0.418188 0.883346
vt 0.413052 0.870912
vt 0.375343 0.867121
vt 0.384510 0.887267
vt 0.300078 0.935981
vt 0.313320 0.936374
vt 0.310342 0.925051
vt 0.317158 0.914052
vt 0.300151 0.922444
vt 0.304339 0.907994
vt 0.332233 0.867287
vt 0.322587 0.923705
vt 0.308768 0.899002
vt 0.319024 0.884375
vt 0.315262 0.903995
vt 0.408945 0.861171
vt 0.409688 0.844365
vt 0.419781 0.834952
vt 0.390423 0.832985
vt 0.400640 0.833299
vt 0.401309 0.849832
vt 0.395678 0.857839
vt 0.403026 0.877488
vt 0.385280 0.844979
vt 0.407173 0.889061
vt 0.395328 0.887182
vt 0.387842 0.869691
vt 0.383034 0.861978
vt 0.789258 0.918056
vt 0.800358 0.902729
vt 0.797482 0.921917
vt 0.382363 0.875886
vt 0.314342 0.845234
vt 0.314817 0.832392
vt 0.327483 0.849444
vt 0.790482 0.893582
vt 0.780582 0.912690
vt 0.335946 0.852963
vt 0.809387 0.889814
vt 0.820741 0.891067
vt 0.812548 0.904401
vt 0.805323 0.921141
vt 0.812560 0.921999
vt 0.826395 0.899283
vt 0.827364 0.913577
vt 0.418786 0.892551
vt 0.819636 0.880085
vt 0.836886 0.904974
vt 0.824021 0.921536
vt 0.826505 0.875577
vt 0.829731 0.859797
vt 0.833565 0.884218
vt 0.839528 0.863579
vt 0.842321 0.873100
vt 0.850209 0.878536
vt 0.846849 0.895014
vt 0.839646 0.915217
vt 0.396825 0.900342
vt 0.405792 0.904891
vt 0.850346 0.913163
vt 0.396856 0.911440
vt 0.385937 0.901162
vt 0.861964 0.897983
vt 0.862428 0.907910
vt 0.384751 0.917501
vt 0.384244 0.910165
vt 0.381255 0.830692
vt 0.370150 0.839567
vt 0.326882 0.903161
vt 0.340860 0.848395
vt 0.351507 0.866374
vt 0.374985 0.855621
vt 0.368145 0.845819
vt 0.362904 0.862241
vt 0.357059 0.832826
vt 0.350411 0.848285
vt 0.359921 0.854339
vt 0.305773 0.888426
vt 0.347334 0.832987
vt 0.336539 0.837686
vt 0.324212 0.830414
vt 0.205429 0.907736
vt 0.197948 0.913854
vt 0.184890 0.905822
vt 0.215296 0.897941
vt 0.199334 0.896646
vt 0.204178 0.885311
vt 0.217875 0.144091
vt 0.218930 0.154213
vt 0.210851 0.157188
vt 0.228870 0.150361
vt 0.194423 0.950513
vt 0.181879 0.947112
vt 0.191654 0.943376
vt 0.201077 0.930901
vt 0.185019 0.933822
vt 0.225432 0.829272
vt 0.236641 0.831094
vt 0.228321 0.837148
vt 0.250944 0.830843
vt 0.246528 0.839954
vt 0.239292 0.845399
vt 0.206675 0.042615
vt 0.215782 0.029271
vt 0.227713 0.046014
vt 0.215938 0.834377
vt 0.215448 0.824948
vt 0.182519 0.958212
vt 0.244461 0.853665
vt 0.250666 0.847575
vt 0.231908 0.843094
vt 0.208462 0.049494
vt 0.198644 0.960001
vt 0.209408 0.952823
vt 0.214385 0.961023
vt 0.233072 0.027875
vt 0.207759 0.932787
vt 0.219949 0.943733
vt 0.243804 0.044066
vt 0.250262 0.028314
vt 0.227027 0.954064
vt 0.229719 0.962140
vt 0.217935 0.929439
vt 0.231251 0.968001
vt 0.267018 0.037014
vt 0.251998 0.041052
vt 0.227903 0.931035
vt 0.258694 0.049996
vt 0.238349 0.857791
vt 0.237987 0.943767
vt 0.264059 0.043924
vt 0.247719 0.054558
vt 0.192502 0.919568
vt 0.187666 0.912707
vt 0.182250 0.918197
vt 0.183959 0.926933
vt 0.227718 0.861047
vt 0.236043 0.874973
vt 0.231130 0.873661
vt 0.231654 0.851486
vt 0.228571 0.905138
vt 0.226729 0.890180
vt 0.218298 0.886345
vt 0.223709 0.840181
vt 0.215651 0.843182
vt 0.221316 0.858287
vt 0.209994 0.847465
vt 0.213876 0.860519
vt 0.181363 0.896423
vt 0.190657 0.883682
vt 0.189871 0.878433
vt 0.198909 0.877163
vt 0.207924 0.919576
vt 0.199150 0.860822
vt 0.207259 0.869902
vt 0.196634 0.870808
vt 0.216066 0.910243
vt 0.205926 0.833314
vt 0.217417 0.916821
vt 0.310064 0.860557
vt 0.202696 0.849805
vt 0.202919 0.842816
vt 0.244786 0.958875
vt 0.251889 0.942859
vt 0.230115 0.918543
vt 0.216600 0.871174
vt 0.226499 0.876792
vt 0.242930 0.922780
vt 0.257500 0.929460
vt 0.244948 0.933581
vt 0.233857 0.886227
vt 0.235361 0.898368
vt 0.191440 0.851936
vt 0.243467 0.886229
vt 0.248882 0.135792
vt 0.251314 0.143578
vt 0.240970 0.143402
vt 0.259835 0.140050
vt 0.266247 0.132725
vt 0.274280 0.133220
vt 0.256230 0.148189
vt 0.255307 0.129820
vt 0.244161 0.126562
vt 0.210169 0.058487
vt 0.233940 0.058418
vt 0.219201 0.066770
vt 0.283620 0.046649
vt 0.277212 0.048654
vt 0.233143 0.073270
vt 0.242633 0.065546
vt 0.283933 0.037522
vt 0.301054 0.045282
vt 0.207039 0.076884
vt 0.221830 0.087029
vt 0.305456 0.838402
vt 0.299049 0.832231
vt 0.272074 0.969226
vt 0.285571 0.968204
vt 0.277322 0.974946
vt 0.286259 0.843177
vt 0.283032 0.830498
vt 0.305061 0.847152
vt 0.294571 0.034275
vt 0.295709 0.847256
vt 0.299788 0.852641
vt 0.300363 0.865623
vt 0.307694 0.871652
vt 0.286495 0.856594
vt 0.291336 0.861047
vt 0.282129 0.860612
vt 0.301668 0.881030
vt 0.287740 0.875223
vt 0.275667 0.873194
vt 0.264733 0.836542
vt 0.274462 0.831973
vt 0.279070 0.846214
vt 0.271055 0.846243
vt 0.263227 0.932290
vt 0.266168 0.947714
vt 0.257693 0.844285
vt 0.276417 0.859196
vt 0.269253 0.857159
vt 0.265524 0.872682
vt 0.255421 0.872682
vt 0.259279 0.851720
vt 0.253439 0.860547
vt 0.247871 0.873696
vt 0.295557 0.879478
vt 0.285363 0.898912
vt 0.282807 0.884192
vt 0.295030 0.901429
vt 0.273069 0.898696
vt 0.278338 0.911566
vt 0.291101 0.912320
vt 0.282821 0.927218
vt 0.271452 0.913982
vt 0.268794 0.924047
vt 0.267125 0.888778
vt 0.258544 0.886499
vt 0.273297 0.882612
vt 0.261785 0.903368
vt 0.253343 0.888756
vt 0.262929 0.918124
vt 0.256283 0.069722
vt 0.249450 0.073454
vt 0.254684 0.091250
vt 0.237176 0.087641
vt 0.266978 0.062177
vt 0.279178 0.072921
vt 0.245599 0.972254
vt 0.246234 0.113879
vt 0.235658 0.100577
vt 0.256866 0.075773
vt 0.262223 0.080477
vt 0.257963 0.959305
vt 0.256156 0.972519
vt 0.268092 0.089252
vt 0.230236 0.125511
vt 0.205241 0.116035
vt 0.216296 0.130000
vt 0.206048 0.146121
vt 0.261366 0.103730
vt 0.265632 0.957819
vt 0.252948 0.111029
vt 0.304678 0.034412
vt 0.325492 0.136013
vt 0.314243 0.133559
vt 0.234709 0.134705
vt 0.328277 0.116551
vt 0.313948 0.116430
vt 0.310411 0.145207
vt 0.304332 0.134085
vt 0.322344 0.151285
vt 0.319569 0.109628
vt 0.332887 0.103106
vt 0.319973 0.092297
vt 0.337860 0.087006
vt 0.321567 0.103370
vt 0.303460 0.111790
vt 0.287934 0.119722
vt 0.311594 0.098941
vt 0.300938 0.100420
vt 0.293182 0.134193
vt 0.303414 0.156585
vt 0.292010 0.150425
vt 0.276691 0.144023
vt 0.286784 0.134942
vt 0.277205 0.125275
vt 0.267106 0.121005
vt 0.275799 0.106455
vt 0.289685 0.114643
vt 0.266407 0.155751
vt 0.284152 0.099297
vt 0.292356 0.092908
vt 0.939277 0.836632
vt 0.320618 0.072669
vt 0.333521 0.071090
vt 0.299976 0.086865
vt 0.308894 0.081971
vt 0.308291 0.066698
vt 0.298771 0.072163
vt 0.953690 0.840702
vt 0.322511 0.059591
vt 0.311856 0.047782
vt 0.967377 0.846274
vt 0.295870 0.054393
vt 0.278513 0.087440
vt 0.289103 0.075437
vt 0.277121 0.052089
vt 0.280252 0.945025
vt 0.282206 0.934133
vt 0.257365 0.910415
vt 0.250368 0.900970
vt 0.979226 0.853865
vt 0.968385 0.861101
vt 0.270037 0.934510
vt 0.245489 0.909302
vt 0.249756 0.918344
vt 0.264406 0.977315
vt 0.235390 0.156329
vt 0.282942 0.960485
vt 0.962177 0.869367
vt 0.196432 0.822620
vt 0.248876 0.154816
vt 0.249962 0.265513
vt 0.241155 0.288527
vt 0.230992 0.281955
vt 0.229435 0.167290
vt 0.239439 0.179941
vt 0.219454 0.172897
vt 0.269324 0.303284
vt 0.262986 0.315506
vt 0.250209 0.297564
vt 0.239989 0.164333
vt 0.244586 0.187721
vt 0.221264 0.198699
vt 0.242080 0.212969
vt 0.232374 0.217000
vt 0.255832 0.169837
vt 0.265924 0.178800
vt 0.268876 0.282692
vt 0.274363 0.324552
vt 0.262769 0.330325
vt 0.266707 0.193004
vt 0.257838 0.188081
vt 0.259247 0.200079
vt 0.226141 0.233945
vt 0.227306 0.224806
vt 0.242971 0.239126
vt 0.236589 0.224968
vt 0.236924 0.301937
vt 0.257234 0.285659
vt 0.237173 0.250176
vt 0.227239 0.249247
vt 0.229788 0.241553
vt 0.318049 0.317414
vt 0.310425 0.339541
vt 0.301583 0.322848
vt 0.330658 0.308664
vt 0.314999 0.300997
vt 0.795775 0.667594
vt 0.301582 0.299001
vt 0.301002 0.315696
vt 0.224185 0.264704
vt 0.286803 0.324470
vt 0.219692 0.295749
vt 0.290669 0.305483
vt 0.262749 0.219688
vt 0.264595 0.210973
vt 0.279159 0.304993
vt 0.315716 0.282865
vt 0.814906 0.676311
vt 0.825660 0.686022
vt 0.328375 0.286434
vt 0.221490 0.305634
vt 0.835061 0.703440
vt 0.236402 0.264659
vt 0.836654 0.694353
vt 0.319966 0.274999
vt 0.330918 0.271271
vt 0.328509 0.257418
vt 0.313837 0.249628
vt 0.308725 0.263566
vt 0.283398 0.292166
vt 0.297392 0.284320
vt 0.299842 0.269931
vt 0.282374 0.277946
vt 0.286308 0.265958
vt 0.271483 0.267428
vt 0.292150 0.252381
vt 0.306950 0.250865
vt 0.248984 0.218743
vt 0.264689 0.239221
vt 0.250153 0.232372
vt 0.278454 0.257317
vt 0.272238 0.219004
vt 0.282079 0.212288
vt 0.274435 0.204627
vt 0.287274 0.229535
vt 0.278263 0.234203
vt 0.258677 0.246399
vt 0.315098 0.234291
vt 0.324965 0.230376
vt 0.319355 0.239424
vt 0.838388 0.712837
vt 0.318973 0.222051
vt 0.844355 0.722652
vt 0.845322 0.714908
vt 0.324200 0.247240
vt 0.332799 0.235755
vt 0.244998 0.319316
vt 0.334823 0.227895
vt 0.316991 0.214077
vt 0.317435 0.199686
vt 0.311842 0.205619
vt 0.311691 0.229026
vt 0.303129 0.225250
vt 0.308351 0.211980
vt 0.306103 0.198447
vt 0.292317 0.244731
vt 0.295451 0.235279
vt 0.301418 0.239757
vt 0.279832 0.238826
vt 0.272458 0.244742
vt 0.295050 0.228381
vt 0.306071 0.244748
vt 0.298479 0.214040
vt 0.299731 0.201274
vt 0.285555 0.220440
vt 0.288601 0.202720
vt 0.294554 0.192830
vt 0.253972 0.315845
vt 0.316143 0.184548
vt 0.314658 0.193867
vt 0.284836 0.192783
vt 0.321012 0.176452
vt 0.314449 0.178439
vt 0.314016 0.168664
vt 0.302133 0.189358
vt 0.300257 0.176993
vt 0.304986 0.169427
vt 0.308023 0.165049
vt 0.321689 0.158601
vt 0.308256 0.158324
vt 0.288991 0.180184
vt 0.296291 0.166788
vt 0.260676 0.261170
vt 0.274271 0.179197
vt 0.279211 0.159224
vt 0.269617 0.257384
vt 0.227322 0.316768
vt 0.229454 0.331309
vt 0.218513 0.338688
vt 0.238694 0.326057
vt 0.218333 0.223144
vt 0.215853 0.231411
vt 0.220871 0.238763
vt 0.226087 0.277882
vt 0.252868 0.334289
vt 0.029835 0.315581
vt 0.044474 0.299175
vt 0.049523 0.304203
vt 0.461366 0.025729
vt 0.471460 0.033364
vt 0.454957 0.040048
vt 0.029968 0.176739
vt 0.028680 0.189213
vt 0.018504 0.184737
vt 0.042058 0.316561
vt 0.054631 0.312554
vt 0.044378 0.320939
vt 0.453434 0.026691
vt 0.578125 0.039954
vt 0.589718 0.037460
vt 0.586476 0.052071
vt 0.013994 0.196961
vt 0.572466 0.047575
vt 0.568814 0.060948
vt 0.564377 0.045565
vt 0.036298 0.186284
vt 0.047046 0.180530
vt 0.040679 0.171317
vt 0.049598 0.163248
vt 0.043726 0.196915
vt 0.015287 0.208375
vt 0.029365 0.206864
vt 0.021263 0.220983
vt 0.030829 0.214432
vt 0.049974 0.211845
vt 0.479805 0.050359
vt 0.472622 0.058730
vt 0.462417 0.062513
vt 0.034489 0.224739
vt 0.481710 0.028851
vt 0.488496 0.040278
vt 0.599884 0.047792
vt 0.451482 0.052019
vt 0.036448 0.326876
vt 0.057857 0.318536
vt 0.493727 0.047258
vt 0.011944 0.226054
vt 0.498657 0.033845
vt 0.494522 0.055557
vt 0.017702 0.232578
vt 0.029538 0.243182
vt 0.048559 0.225709
vt 0.042397 0.247544
vt 0.027985 0.321069
vt 0.599302 0.039140
vt 0.503784 0.041655
vt 0.206817 0.331947
vt 0.206069 0.320904
vt 0.210090 0.305228
vt 0.200108 0.313599
vt 0.191672 0.325427
vt 0.513922 0.028680
vt 0.012102 0.243285
vt 0.017809 0.252862
vt 0.028443 0.258218
vt 0.521529 0.038364
vt 0.193267 0.299849
vt 0.026902 0.299625
vt 0.205137 0.296515
vt 0.217948 0.275577
vt 0.607722 0.048544
vt 0.196801 0.285887
vt 0.204665 0.278137
vt 0.213009 0.260231
vt 0.198241 0.266302
vt 0.211676 0.253927
vt 0.507322 0.050656
vt 0.512005 0.056353
vt 0.020884 0.311579
vt 0.011066 0.299058
vt 0.527983 0.049865
vt 0.028140 0.271075
vt 0.035732 0.264904
vt 0.027900 0.289025
vt 0.524216 0.025244
vt 0.533208 0.031685
vt 0.014365 0.280178
vt 0.021890 0.263300
vt 0.025866 0.277803
vt 0.184554 0.313380
vt 0.176881 0.318917
vt 0.185886 0.333526
vt 0.166955 0.307004
vt 0.153838 0.319824
vt 0.046011 0.256004
vt 0.039145 0.275218
vt 0.053904 0.271773
vt 0.548904 0.039004
vt 0.146776 0.312500
vt 0.139399 0.318172
vt 0.537631 0.053852
vt 0.141170 0.308398
vt 0.123191 0.315468
vt 0.131064 0.308789
vt 0.086298 0.280250
vt 0.093854 0.260133
vt 0.102221 0.278147
vt 0.112905 0.320616
vt 0.117392 0.304873
vt 0.150629 0.330887
vt 0.162041 0.325923
vt 0.155741 0.306735
vt 0.188032 0.287312
vt 0.178380 0.297164
vt 0.163649 0.292245
vt 0.164435 0.277879
vt 0.153380 0.286531
vt 0.179823 0.275601
vt 0.175125 0.265286
vt 0.193609 0.254561
vt 0.171269 0.275098
vt 0.166072 0.254514
vt 0.151687 0.265754
vt 0.155163 0.256743
vt 0.137668 0.296671
vt 0.143646 0.294799
vt 0.122422 0.296571
vt 0.140074 0.287376
vt 0.108807 0.309924
vt 0.125005 0.285572
vt 0.111189 0.287356
vt 0.134934 0.277146
vt 0.136503 0.269574
vt 0.126102 0.267763
vt 0.118501 0.254946
vt 0.109378 0.266980
vt 0.078219 0.178826
vt 0.100610 0.185249
vt 0.078297 0.193229
vt 0.061525 0.175216
vt 0.079397 0.168449
vt 0.546893 0.050053
vt 0.558266 0.039489
vt 0.215517 0.246924
vt 0.211157 0.243263
vt 0.206147 0.240279
vt 0.198576 0.250009
vt 0.200835 0.232532
vt 0.195816 0.236377
vt 0.206972 0.225541
vt 0.196849 0.215270
vt 0.553538 0.058066
vt 0.211796 0.211292
vt 0.058965 0.205458
vt 0.078010 0.201692
vt 0.063066 0.220807
vt 0.209209 0.186305
vt 0.192305 0.195214
vt 0.193893 0.176165
vt 0.188485 0.205448
vt 0.208804 0.169939
vt 0.086568 0.210545
vt 0.058587 0.260237
vt 0.060004 0.278117
vt 0.204749 0.161847
vt 0.081286 0.266341
vt 0.092435 0.170631
vt 0.194948 0.229181
vt 0.101719 0.166964
vt 0.101867 0.176815
vt 0.187545 0.166683
vt 0.101508 0.293830
vt 0.105039 0.175326
vt 0.108889 0.189198
vt 0.102436 0.197918
vt 0.118822 0.174020
vt 0.121049 0.183623
vt 0.183073 0.243016
vt 0.185055 0.233118
vt 0.185931 0.253320
vt 0.119077 0.196972
vt 0.178134 0.231014
vt 0.174154 0.235146
vt 0.159697 0.243908
vt 0.164420 0.228739
vt 0.185770 0.221983
vt 0.176573 0.218323
vt 0.165026 0.222895
vt 0.168553 0.203390
vt 0.155613 0.220959
vt 0.144246 0.253536
vt 0.132912 0.250601
vt 0.128977 0.246806
vt 0.144418 0.242227
vt 0.106841 0.249641
vt 0.141420 0.233317
vt 0.127006 0.235593
vt 0.114432 0.236318
vt 0.122589 0.225459
vt 0.130916 0.221134
vt 0.119861 0.213154
vt 0.108070 0.214215
vt 0.139010 0.219338
vt 0.145984 0.215299
vt 0.153427 0.207098
vt 0.139452 0.202188
vt 0.471956 0.068658
vt 0.467031 0.085071
vt 0.450571 0.065796
vt 0.130247 0.209740
vt 0.084666 0.223353
vt 0.092645 0.220678
vt 0.486502 0.068238
vt 0.462253 0.098586
vt 0.479544 0.088379
vt 0.477335 0.104461
vt 0.478443 0.077056
vt 0.065199 0.286156
vt 0.071649 0.276133
vt 0.500627 0.063570
vt 0.066551 0.295058
vt 0.500519 0.076638
vt 0.090636 0.299000
vt 0.080742 0.289754
vt 0.177635 0.197870
vt 0.183496 0.183272
vt 0.149532 0.199936
vt 0.169475 0.187568
vt 0.496307 0.089804
vt 0.159736 0.190425
vt 0.164882 0.178694
vt 0.173898 0.169400
vt 0.149493 0.175707
vt 0.158625 0.155866
vt 0.070693 0.258208
vt 0.165855 0.156360
vt 0.146795 0.180002
vt 0.131260 0.190802
vt 0.135814 0.183816
vt 0.144059 0.170833
vt 0.135023 0.170086
vt 0.559018 0.072163
vt 0.545615 0.067859
vt 0.464167 0.106796
vt 0.459179 0.089418
vt 0.474058 0.113641
vt 0.464054 0.115785
vt 0.014885 0.290543
vt 0.487248 0.101642
vt 0.467324 0.122380
vt 0.061827 0.307391
vt 0.496191 0.113051
vt 0.488685 0.116817
vt 0.503993 0.110393
vt 0.505880 0.097219
vt 0.053486 0.248508
vt 0.060114 0.236618
vt 0.071688 0.238748
vt 0.074376 0.305558
vt 0.065081 0.248657
vt 0.100341 0.319438
vt 0.084123 0.319635
vt 0.093984 0.308657
vt 0.088925 0.245360
vt 0.100601 0.229372
vt 0.526524 0.071672
vt 0.526429 0.082332
vt 0.518392 0.075808
vt 0.510525 0.078025
vt 0.518545 0.060469
vt 0.073399 0.313471
vt 0.085135 0.309818
vt 0.517152 0.091874
vt 0.527522 0.093209
vt 0.537223 0.071694
vt 0.103275 0.300519
vt 0.513107 0.105800
vt 0.193528 0.039947
vt 0.190137 0.031619
vt 0.202196 0.029756
vt 0.162532 0.944318
vt 0.170260 0.953928
vt 0.158881 0.952286
vt 0.168862 0.936804
vt 0.081458 0.928549
vt 0.073892 0.936312
vt 0.071377 0.926726
vt 0.071681 0.921242
vt 0.083812 0.920658
vt 0.086057 0.936439
vt 0.083861 0.947621
vt 0.091613 0.925639
vt 0.083089 0.915401
vt 0.092332 0.918171
vt 0.188713 0.054205
vt 0.099640 0.925765
vt 0.096901 0.937891
vt 0.107489 0.926971
vt 0.097848 0.946161
vt 0.102705 0.919818
vt 0.094447 0.906829
vt 0.110020 0.029686
vt 0.094261 0.043997
vt 0.096278 0.025203
vt 0.112140 0.042164
vt 0.111821 0.055445
vt 0.198445 0.154915
vt 0.123733 0.026041
vt 0.129529 0.044532
vt 0.083299 0.899785
vt 0.096766 0.898411
vt 0.109052 0.906470
vt 0.110224 0.899562
vt 0.177535 0.040043
vt 0.176243 0.928050
vt 0.086446 0.882330
vt 0.117261 0.912909
vt 0.127535 0.897661
vt 0.138061 0.902772
vt 0.176177 0.054599
vt 0.106597 0.876913
vt 0.108110 0.883203
vt 0.171794 0.154424
vt 0.150319 0.944363
vt 0.145972 0.935869
vt 0.125798 0.914230
vt 0.088889 0.865126
vt 0.080757 0.855430
vt 0.102505 0.850667
vt 0.175174 0.144358
vt 0.092390 0.844912
vt 0.173557 0.031050
vt 0.189223 0.145164
vt 0.110664 0.863157
vt 0.119800 0.868746
vt 0.164782 0.054837
vt 0.165315 0.041696
vt 0.073875 0.879229
vt 0.095462 0.870115
vt 0.144207 0.949671
vt 0.103849 0.870547
vt 0.109577 0.854820
vt 0.122301 0.862904
vt 0.149215 0.158762
vt 0.144256 0.891077
vt 0.139048 0.155683
vt 0.114757 0.890864
vt 0.154997 0.146969
vt 0.096601 0.837661
vt 0.110026 0.836411
vt 0.457040 0.137322
vt 0.457355 0.124411
vt 0.462324 0.127460
vt 0.449715 0.138085
vt 0.120618 0.065577
vt 0.108243 0.072501
vt 0.128764 0.155685
vt 0.110091 0.848095
vt 0.118079 0.847495
vt 0.136437 0.880604
vt 0.145869 0.915181
vt 0.099000 0.062437
vt 0.091059 0.079241
vt 0.098595 0.073680
vt 0.120852 0.923150
vt 0.135222 0.057629
vt 0.118458 0.075523
vt 0.449318 0.110589
vt 0.116493 0.875643
vt 0.125024 0.085045
vt 0.105034 0.089456
vt 0.455075 0.096652
vt 0.126639 0.890921
vt 0.119227 0.102815
vt 0.105740 0.102078
vt 0.127864 0.844746
vt 0.127323 0.857412
vt 0.380935 0.118447
vt 0.388835 0.114344
vt 0.389777 0.126600
vt 0.129336 0.873142
vt 0.375367 0.092578
vt 0.376666 0.105689
vt 0.364886 0.094251
vt 0.359571 0.107323
vt 0.382522 0.096883
vt 0.137846 0.874226
vt 0.138020 0.856112
vt 0.152359 0.869871
vt 0.366656 0.116240
vt 0.374625 0.134201
vt 0.122803 0.831769
vt 0.361076 0.120967
vt 0.366575 0.133165
vt 0.116333 0.150190
vt 0.101115 0.152199
vt 0.390038 0.095126
vt 0.406514 0.111138
vt 0.402342 0.133682
vt 0.414598 0.133906
vt 0.092771 0.108470
vt 0.106398 0.121579
vt 0.099112 0.125838
vt 0.148633 0.902041
vt 0.157242 0.913387
vt 0.120759 0.114507
vt 0.151068 0.876860
vt 0.090617 0.137242
vt 0.191204 0.131169
vt 0.105701 0.137902
vt 0.120604 0.130313
vt 0.129687 0.137838
vt 0.125481 0.146379
vt 0.443309 0.117671
vt 0.431648 0.113774
vt 0.115527 0.945027
vt 0.105448 0.942983
vt 0.443932 0.103313
vt 0.155737 0.929736
vt 0.141659 0.924707
vt 0.159414 0.922464
vt 0.408288 0.088197
vt 0.422573 0.106897
vt 0.149053 0.847770
vt 0.149784 0.860761
vt 0.195064 0.837027
vt 0.184628 0.830481
vt 0.182700 0.817153
vt 0.186657 0.860336
vt 0.173590 0.841009
vt 0.177911 0.852616
vt 0.155221 0.891074
vt 0.430535 0.095436
vt 0.173076 0.917258
vt 0.159837 0.907696
vt 0.170138 0.905094
vt 0.161067 0.863258
vt 0.163823 0.898899
vt 0.184117 0.889815
vt 0.181793 0.880170
vt 0.439829 0.138312
vt 0.428873 0.135821
vt 0.449301 0.152108
vt 0.432057 0.141537
vt 0.420112 0.149454
vt 0.417927 0.163957
vt 0.437988 0.155939
vt 0.161021 0.880420
vt 0.407277 0.152001
vt 0.178873 0.138781
vt 0.147686 0.884540
vt 0.174918 0.130508
vt 0.151975 0.136448
vt 0.160304 0.132205
vt 0.170848 0.120725
vt 0.160482 0.112152
vt 0.140501 0.144548
vt 0.142258 0.135796
vt 0.140457 0.122197
vt 0.133268 0.101812
vt 0.176064 0.820224
vt 0.164316 0.814476
vt 0.406194 0.172854
vt 0.400522 0.164491
vt 0.387546 0.171254
vt 0.381980 0.164651
vt 0.391908 0.155620
vt 0.398037 0.157237
vt 0.162477 0.845553
vt 0.169412 0.859013
vt 0.171693 0.833455
vt 0.156616 0.818942
vt 0.161819 0.828059
vt 0.161820 0.854687
vt 0.149998 0.826815
vt 0.158281 0.838779
vt 0.145949 0.834287
vt 0.389370 0.138594
vt 0.379737 0.150678
vt 0.372622 0.151435
vt 0.141867 0.826296
vt 0.136463 0.838080
vt 0.138892 0.845282
vt 0.118291 0.934277
vt 0.200019 0.101135
vt 0.171286 0.877070
vt 0.129640 0.930196
vt 0.127409 0.946191
vt 0.154525 0.034315
vt 0.140401 0.041157
vt 0.143324 0.026178
vt 0.199905 0.069133
vt 0.193882 0.086313
vt 0.177207 0.079363
vt 0.184837 0.099667
vt 0.168545 0.095868
vt 0.145179 0.100263
vt 0.146787 0.083368
vt 0.161664 0.070543
vt 0.150926 0.061993
vt 0.132701 0.069627
vt 0.139504 0.061899
vt 0.154461 0.043952
vt 0.147373 0.052342
vt 0.139988 0.938192
vt 0.155201 0.027029
vt 0.190095 0.867399
vt 0.138395 0.942216
vt 0.171053 0.888038
vt 0.174602 0.872031
vt 0.176220 0.910887
vt 0.059636 0.905698
vt 0.047032 0.909966
vt 0.047859 0.901204
vt 0.060188 0.926540
vt 0.053039 0.894792
vt 0.062739 0.914194
vt 0.073963 0.912436
vt 0.048982 0.920003
vt 0.069306 0.038462
vt 0.079812 0.030327
vt 0.086459 0.040815
vt 0.061143 0.872559
vt 0.074835 0.867743
vt 0.075864 0.053288
vt 0.451366 0.081473
vt 0.063947 0.046951
vt 0.085987 0.055211
vt 0.058815 0.038060
vt 0.350460 0.083006
vt 0.347197 0.069146
vt 0.353378 0.064265
vt 0.062492 0.864344
vt 0.074038 0.850014
vt 0.075269 0.860156
vt 0.077390 0.069309
vt 0.060701 0.856569
vt 0.335725 0.041006
vt 0.348821 0.036161
vt 0.353102 0.043586
vt 0.068806 0.154555
vt 0.025525 0.044736
vt 0.037052 0.038608
vt 0.031819 0.049994
vt 0.043110 0.046886
vt 0.045226 0.064326
vt 0.035318 0.066582
vt 0.037902 0.158762
vt 0.018174 0.161748
vt 0.442707 0.029661
vt 0.351360 0.052431
vt 0.343445 0.048603
vt 0.013964 0.165826
vt 0.016580 0.176772
vt 0.028620 0.060072
vt 0.336859 0.051980
vt 0.067798 0.894038
vt 0.443164 0.088813
vt 0.059030 0.887589
vt 0.347372 0.061840
vt 0.428122 0.086631
vt 0.050205 0.035699
vt 0.042215 0.889594
vt 0.083912 0.863901
vt 0.439224 0.084145
vt 0.436349 0.061264
vt 0.430208 0.076939
vt 0.056080 0.061136
vt 0.412982 0.070987
vt 0.087166 0.152256
vt 0.073143 0.138848
vt 0.077963 0.122459
vt 0.050604 0.880939
vt 0.053123 0.147373
vt 0.058885 0.130610
vt 0.046967 0.131082
vt 0.390137 0.077740
vt 0.424047 0.045616
vt 0.405312 0.052532
vt 0.070863 0.105020
vt 0.059222 0.119312
vt 0.048667 0.107886
vt 0.037452 0.877795
vt 0.045109 0.869620
vt 0.352528 0.102171
vt 0.366946 0.088796
vt 0.378861 0.076510
vt 0.384987 0.042241
vt 0.400351 0.041166
vt 0.387659 0.056715
vt 0.073785 0.092567
vt 0.376588 0.049262
vt 0.043090 0.089324
vt 0.064705 0.077630
vt 0.365251 0.082997
vt 0.057541 0.071987
vt 0.365775 0.061371
vt 0.364095 0.070698
vt 0.358353 0.085519
vt 0.088438 0.092600
vt 0.364775 0.050158
vt 0.026936 0.155836
vt 0.022645 0.142756
vt 0.036455 0.137680
vt 0.041960 0.149265
vt 0.028849 0.135058
vt 0.015759 0.146595
vt 0.412001 0.034556
vt 0.423916 0.034376
vt 0.028982 0.129138
vt 0.401478 0.029429
vt 0.015331 0.133544
vt 0.020787 0.122602
vt 0.029941 0.119484
vt 0.022040 0.108072
vt 0.037603 0.113221
vt 0.388694 0.025186
vt 0.372008 0.038137
vt 0.376212 0.025959
vt 0.029302 0.100185
vt 0.362124 0.036028
vt 0.032437 0.080298
vt 0.022033 0.094483
vt 0.023634 0.075144
vt 0.493303 0.715431
vt 0.504164 0.730129
vt 0.494396 0.725869
vt 0.386421 0.659141
vt 0.396411 0.651063
vt 0.400734 0.659150
vt 0.503829 0.696540
vt 0.504807 0.714201
vt 0.497253 0.708246
vt 0.386194 0.643676
vt 0.878870 0.475133
vt 0.892263 0.462701
vt 0.889770 0.472656
vt 0.875857 0.467401
vt 0.406720 0.653119
vt 0.865284 0.474445
vt 0.398615 0.670243
vt 0.389429 0.670266
vt 0.489996 0.706187
vt 0.392883 0.683096
vt 0.379573 0.652101
vt 0.896378 0.466283
vt 0.410812 0.664374
vt 0.415173 0.679815
vt 0.406134 0.678732
vt 0.403431 0.695702
vt 0.419767 0.688647
vt 0.414076 0.704803
vt 0.848383 0.475607
vt 0.836788 0.467618
vt 0.834192 0.477756
vt 0.420749 0.662280
vt 0.428088 0.674213
vt 0.431507 0.664878
vt 0.441202 0.668792
vt 0.442273 0.683390
vt 0.433834 0.691857
vt 0.481772 0.717335
vt 0.526650 0.711697
vt 0.499265 0.741560
vt 0.769426 0.469840
vt 0.768527 0.456143
vt 0.490516 0.740714
vt 0.519416 0.712566
vt 0.525899 0.722640
vt 0.488762 0.737489
vt 0.479712 0.738856
vt 0.481458 0.750646
vt 0.456307 0.737226
vt 0.468189 0.731022
vt 0.469821 0.740186
vt 0.480612 0.762699
vt 0.518650 0.722769
vt 0.455797 0.748935
vt 0.487961 0.694579
vt 0.782342 0.458420
vt 0.788071 0.453782
vt 0.464300 0.754907
vt 0.792035 0.464720
vt 0.795403 0.457975
vt 0.467872 0.717964
vt 0.839662 0.454661
vt 0.481850 0.680575
vt 0.439940 0.733309
vt 0.452266 0.744292
vt 0.778887 0.472757
vt 0.483424 0.688591
vt 0.785496 0.491416
vt 0.770419 0.496178
vt 0.779672 0.491549
vt 0.744094 0.478732
vt 0.750859 0.469674
vt 0.796277 0.478966
vt 0.457794 0.674359
vt 0.816898 0.460338
vt 0.464664 0.706433
vt 0.475723 0.700795
vt 0.482601 0.708479
vt 0.495338 0.750756
vt 0.758975 0.509836
vt 0.756023 0.505035
vt 0.810116 0.463420
vt 0.507860 0.735895
vt 0.823750 0.475226
vt 0.422775 0.703241
vt 0.422188 0.711366
vt 0.813071 0.474696
vt 0.435887 0.700738
vt 0.434229 0.707888
vt 0.437600 0.711649
vt 0.427835 0.720642
vt 0.441527 0.717463
vt 0.435528 0.725027
vt 0.804866 0.476434
vt 0.445923 0.725285
vt 0.460630 0.691513
vt 0.453179 0.695374
vt 0.449127 0.706851
vt 0.453933 0.720705
vt 0.736443 0.877948
vt 0.729163 0.886163
vt 0.721600 0.873365
vt 0.717120 0.886949
vt 0.446552 0.871743
vt 0.788655 0.924989
vt 0.778889 0.925615
vt 0.704777 0.864143
vt 0.710428 0.878231
vt 0.457041 0.842399
vt 0.460380 0.853595
vt 0.453406 0.864623
vt 0.768655 0.914812
vt 0.672303 0.904809
vt 0.663790 0.907747
vt 0.659848 0.892263
vt 0.674601 0.897553
vt 0.526774 0.469014
vt 0.522405 0.456055
vt 0.535169 0.462797
vt 0.690479 0.894121
vt 0.685580 0.886753
vt 0.737490 0.897202
vt 0.673090 0.913898
vt 0.506514 0.471917
vt 0.516881 0.474456
vt 0.518105 0.458998
vt 0.493195 0.468343
vt 0.504525 0.461902
vt 0.682599 0.918323
vt 0.683672 0.907664
vt 0.691513 0.902194
vt 0.695547 0.913018
vt 0.691990 0.928600
vt 0.501572 0.447281
vt 0.698884 0.930906
vt 0.484542 0.459082
vt 0.711438 0.917386
vt 0.708512 0.923354
vt 0.486104 0.467814
vt 0.708162 0.932462
vt 0.469272 0.459283
vt 0.722698 0.935892
vt 0.476997 0.467350
vt 0.476493 0.794222
vt 0.478095 0.805372
vt 0.467857 0.803078
vt 0.719696 0.924759
vt 0.462528 0.466897
vt 0.464987 0.789707
vt 0.745509 0.885627
vt 0.544047 0.448735
vt 0.761771 0.919082
vt 0.756200 0.898839
vt 0.517802 0.434701
vt 0.529541 0.439740
vt 0.441799 0.833896
vt 0.452274 0.828070
vt 0.766159 0.899526
vt 0.725144 0.909585
vt 0.470686 0.448154
vt 0.752198 0.908865
vt 0.488607 0.448618
vt 0.463836 0.816829
vt 0.464222 0.834862
vt 0.755872 0.925338
vt 0.766501 0.926111
vt 0.495346 0.433231
vt 0.480039 0.435111
vt 0.755655 0.918812
vt 0.746921 0.926625
vt 0.453624 0.803879
vt 0.444867 0.794455
vt 0.467822 0.845225
vt 0.738782 0.916940
vt 0.470033 0.836433
vt 0.727244 0.926172
vt 0.746636 0.902923
vt 0.476128 0.815930
vt 0.473577 0.822301
vt 0.464828 0.430164
vt 0.733329 0.924112
vt 0.452468 0.816590
vt 0.453216 0.810112
vt 0.700523 0.882586
vt 0.677260 0.877107
vt 0.706674 0.900069
vt 0.712508 0.904281
vt 0.691200 0.863907
vt 0.633063 0.861904
vt 0.642025 0.857967
vt 0.647694 0.866576
vt 0.565346 0.442193
vt 0.569181 0.459037
vt 0.556932 0.461009
vt 0.571982 0.477098
vt 0.623002 0.847310
vt 0.637697 0.841602
vt 0.547931 0.471219
vt 0.561632 0.479168
vt 0.710758 0.844385
vt 0.632985 0.881487
vt 0.641589 0.872798
vt 0.652780 0.884660
vt 0.703788 0.838773
vt 0.644743 0.892264
vt 0.570613 0.483125
vt 0.581839 0.459799
vt 0.493011 0.766668
vt 0.750601 0.492511
vt 0.735219 0.496794
vt 0.749752 0.518637
vt 0.742090 0.513955
vt 0.736037 0.517381
vt 0.629012 0.872544
vt 0.504506 0.755247
vt 0.508366 0.762495
vt 0.504080 0.775814
vt 0.738644 0.505299
vt 0.695808 0.853494
vt 0.693538 0.842931
vt 0.682274 0.852902
vt 0.617867 0.859099
vt 0.681595 0.860973
vt 0.670272 0.882703
vt 0.668523 0.878999
vt 0.669441 0.864896
vt 0.677448 0.818944
vt 0.670071 0.826654
vt 0.610736 0.865550
vt 0.651144 0.845975
vt 0.741439 0.487012
vt 0.584916 0.470814
vt 0.511614 0.742417
vt 0.590050 0.478495
vt 0.632821 0.835451
vt 0.612785 0.840956
vt 0.615915 0.825848
vt 0.602915 0.462702
vt 0.525522 0.749172
vt 0.520604 0.745447
vt 0.533042 0.742794
vt 0.599501 0.851366
vt 0.522131 0.733668
vt 0.529810 0.727898
vt 0.542303 0.737723
vt 0.538158 0.728066
vt 0.535311 0.722385
vt 0.680461 0.840556
vt 0.687179 0.832556
vt 0.670542 0.834187
vt 0.592093 0.451343
vt 0.672866 0.805505
vt 0.658293 0.833213
vt 0.613333 0.477428
vt 0.662330 0.811449
vt 0.625065 0.459125
vt 0.619899 0.468593
vt 0.597438 0.809932
vt 0.591744 0.827048
vt 0.578955 0.819155
vt 0.726883 0.509925
vt 0.506029 0.787385
vt 0.517680 0.776227
vt 0.525222 0.791599
vt 0.717947 0.483505
vt 0.525417 0.761769
vt 0.716330 0.490458
vt 0.723785 0.464521
vt 0.707571 0.504861
vt 0.538176 0.754072
vt 0.541387 0.772523
vt 0.711920 0.469559
vt 0.548540 0.749034
vt 0.553105 0.758114
vt 0.691684 0.507329
vt 0.702051 0.485813
vt 0.533309 0.783298
vt 0.687338 0.492763
vt 0.685933 0.481235
vt 0.688510 0.470572
vt 0.703528 0.460686
vt 0.540409 0.794045
vt 0.563493 0.774096
vt 0.556918 0.792231
vt 0.678544 0.491091
vt 0.668078 0.489719
vt 0.559085 0.822717
vt 0.536891 0.807958
vt 0.566313 0.799628
vt 0.544986 0.824977
vt 0.540923 0.815555
vt 0.672775 0.470549
vt 0.664822 0.477409
vt 0.574468 0.786507
vt 0.566384 0.821816
vt 0.554496 0.829565
vt 0.583576 0.797635
vt 0.649133 0.478100
vt 0.657616 0.492150
vt 0.662545 0.455111
vt 0.573669 0.835430
vt 0.638918 0.466851
vt 0.591586 0.837913
vt 0.640591 0.478822
vt 0.605444 0.821944
vt 0.651654 0.810665
vt 0.646460 0.801836
vt 0.658952 0.849399
vt 0.666477 0.855762
vt 0.607270 0.484760
vt 0.628502 0.485129
vt 0.645232 0.457630
vt 0.638267 0.788006
vt 0.644393 0.776055
vt 0.637527 0.495665
vt 0.546899 0.726722
vt 0.647958 0.837871
vt 0.582585 0.837589
vt 0.637115 0.830448
vt 0.646407 0.822650
vt 0.626204 0.806126
vt 0.546291 0.732928
vt 0.557182 0.747128
vt 0.555504 0.733925
vt 0.568256 0.742277
vt 0.573548 0.757920
vt 0.587420 0.754070
vt 0.577788 0.738768
vt 0.582894 0.773283
vt 0.595906 0.784097
vt 0.599478 0.775589
vt 0.603385 0.799592
vt 0.603480 0.760115
vt 0.622717 0.764558
vt 0.618890 0.774310
vt 0.613668 0.785979
vt 0.600263 0.750370
vt 0.553620 0.726315
vt 0.574091 0.726712
vt 0.577992 0.733601
vt 0.568153 0.732760
vt 0.628130 0.495826
vt 0.618771 0.496347
vt 0.612607 0.813460
vt 0.589141 0.741022
vt 0.602860 0.742715
vt 0.610023 0.744580
vt 0.546040 0.431389
vt 0.591829 0.436280
vt 0.606025 0.433606
vt 0.580424 0.443131
vt 0.654075 0.904450
vt 0.264270 0.416716
vt 0.251257 0.405953
vt 0.225507 0.339435
vt 0.331085 0.379916
vt 0.338726 0.376033
vt 0.347209 0.383612
vt 0.252987 0.392788
vt 0.264921 0.399065
vt 0.225341 0.361600
vt 0.209011 0.360938
vt 0.203407 0.346185
vt 0.245304 0.384307
vt 0.236780 0.349306
vt 0.311154 0.378445
vt 0.301078 0.355962
vt 0.315577 0.356646
vt 0.238951 0.381979
vt 0.266357 0.344735
vt 0.249622 0.353790
vt 0.238433 0.359938
vt 0.267600 0.355773
vt 0.287096 0.364809
vt 0.293541 0.337470
vt 0.256619 0.372484
vt 0.267511 0.374635
vt 0.645499 0.656446
vt 0.323595 0.366457
vt 0.320634 0.378468
vt 0.248342 0.369677
vt 0.279680 0.341349
vt 0.278764 0.354188
vt 0.770546 0.669287
vt 0.330993 0.328384
vt 0.325543 0.347538
vt 0.337018 0.321923
vt 0.659558 0.671587
vt 0.343677 0.331154
vt 0.341592 0.345171
vt 0.339327 0.358880
vt 0.737397 0.666413
vt 0.723246 0.675730
vt 0.709485 0.669194
vt 0.320948 0.388970
vt 0.733522 0.645746
vt 0.747990 0.654386
vt 0.667927 0.694172
vt 0.674532 0.714302
vt 0.722970 0.649561
vt 0.710696 0.645110
vt 0.680902 0.705377
vt 0.692300 0.722644
vt 0.677954 0.725933
vt 0.684696 0.695818
vt 0.688594 0.710797
vt 0.749199 0.684663
vt 0.759153 0.661916
vt 0.736923 0.684932
vt 0.340150 0.393216
vt 0.716157 0.684220
vt 0.717995 0.700659
vt 0.274284 0.383987
vt 0.705950 0.729390
vt 0.711106 0.705676
vt 0.629559 0.637571
vt 0.297451 0.374568
vt 0.628803 0.611048
vt 0.635319 0.628826
vt 0.637949 0.641747
vt 0.637829 0.649263
vt 0.637822 0.619804
vt 0.645580 0.630671
vt 0.641878 0.632382
vt 0.648658 0.614955
vt 0.661680 0.627942
vt 0.650620 0.639119
vt 0.278619 0.395270
vt 0.278572 0.405717
vt 0.631279 0.597508
vt 0.292874 0.399141
vt 0.338192 0.489695
vt 0.638711 0.600781
vt 0.653029 0.598355
vt 0.658769 0.609862
vt 0.341096 0.482245
vt 0.334346 0.469646
vt 0.666610 0.594865
vt 0.323857 0.425989
vt 0.323146 0.442463
vt 0.313776 0.429761
vt 0.672916 0.604915
vt 0.700815 0.705889
vt 0.217827 0.371445
vt 0.304525 0.401078
vt 0.312234 0.413962
vt 0.335376 0.400366
vt 0.326862 0.408209
vt 0.289688 0.461726
vt 0.302749 0.454392
vt 0.326304 0.458600
vt 0.315514 0.457957
vt 0.278607 0.420337
vt 0.232526 0.376696
vt 0.307413 0.440800
vt 0.293255 0.442546
vt 0.292656 0.417674
vt 0.642202 0.639102
vt 0.666895 0.656905
vt 0.677615 0.671789
vt 0.682931 0.640139
vt 0.682285 0.661013
vt 0.682268 0.621431
vt 0.668567 0.615229
vt 0.697396 0.607235
vt 0.695173 0.656438
vt 0.704103 0.635459
vt 0.711330 0.619233
vt 0.676273 0.684517
vt 0.691936 0.682382
vt 0.699145 0.672290
vt 0.715052 0.630370
vt 0.718513 0.638281
vt 0.682878 0.598865
vt 0.302655 0.428903
vt 0.282435 0.444696
vt 0.198161 0.360764
vt 0.172971 0.350950
vt 0.199474 0.349717
vt 0.170946 0.338793
vt 0.165131 0.356198
vt 0.387149 0.485069
vt 0.373882 0.492087
vt 0.379964 0.481597
vt 0.985771 0.287932
vt 0.971013 0.287762
vt 0.212702 0.737860
vt 0.208331 0.748015
vt 0.208953 0.740129
vt 0.223723 0.746849
vt 0.388078 0.495796
vt 0.375348 0.499458
vt 0.989552 0.311782
vt 0.975197 0.307491
vt 0.987153 0.303086
vt 0.982775 0.322037
vt 0.224729 0.734897
vt 0.199441 0.733827
vt 0.194346 0.737540
vt 0.232814 0.745860
vt 0.238657 0.740056
vt 0.237326 0.731682
vt 0.363759 0.518788
vt 0.369148 0.519114
vt 0.397781 0.491701
vt 0.380369 0.508443
vt 0.370438 0.510679
vt 0.369774 0.503617
vt 0.977377 0.333242
vt 0.245565 0.728981
vt 0.586317 0.093405
vt 0.576346 0.102037
vt 0.572952 0.093565
vt 0.415417 0.183375
vt 0.398948 0.189913
vt 0.585033 0.112753
vt 0.596510 0.113549
vt 0.591647 0.106967
vt 0.591612 0.124782
vt 0.577449 0.117738
vt 0.387082 0.189497
vt 0.566243 0.110927
vt 0.571425 0.125717
vt 0.562934 0.118585
vt 0.407286 0.192247
vt 0.559095 0.097665
vt 0.558659 0.083682
vt 0.548447 0.109657
vt 0.548086 0.087194
vt 0.549297 0.129635
vt 0.545141 0.119347
vt 0.591586 0.071839
vt 0.601089 0.068002
vt 0.590432 0.080389
vt 0.602237 0.088920
vt 0.552865 0.115624
vt 0.438594 0.183371
vt 0.441146 0.198129
vt 0.573652 0.083266
vt 0.434488 0.167935
vt 0.418007 0.212684
vt 0.453922 0.189371
vt 0.464283 0.160718
vt 0.461049 0.183383
vt 0.594622 0.057853
vt 0.400355 0.208012
vt 0.383720 0.203324
vt 0.579816 0.068112
vt 0.392778 0.214678
vt 0.569699 0.072107
vt 0.434545 0.205815
vt 0.458386 0.199463
vt 0.458451 0.208429
vt 0.479086 0.131801
vt 0.500650 0.126247
vt 0.470677 0.136981
vt 0.482133 0.149244
vt 0.469004 0.143982
vt 0.493110 0.133280
vt 0.610562 0.206274
vt 0.608982 0.190938
vt 0.535663 0.124380
vt 0.521122 0.112038
vt 0.533203 0.111783
vt 0.605458 0.216962
vt 0.596432 0.191601
vt 0.590001 0.201216
vt 0.569534 0.199229
vt 0.574480 0.190369
vt 0.585611 0.212832
vt 0.566557 0.211628
vt 0.486772 0.138547
vt 0.542665 0.091679
vt 0.558260 0.191757
vt 0.548739 0.200211
vt 0.552005 0.210129
vt 0.487512 0.166247
vt 0.474827 0.162908
vt 0.515239 0.122529
vt 0.540510 0.108875
vt 0.602154 0.183722
vt 0.600374 0.171564
vt 0.601936 0.160190
vt 0.497668 0.178569
vt 0.486450 0.181543
vt 0.537180 0.099027
vt 0.499806 0.148513
vt 0.609238 0.132635
vt 0.598288 0.149914
vt 0.508628 0.133210
vt 0.602440 0.132404
vt 0.585057 0.181851
vt 0.573762 0.171553
vt 0.581861 0.169951
vt 0.590994 0.162502
vt 0.569371 0.157322
vt 0.562857 0.177274
vt 0.557662 0.159627
vt 0.551826 0.184867
vt 0.587104 0.153913
vt 0.583421 0.150657
vt 0.589103 0.144130
vt 0.575809 0.153131
vt 0.589705 0.138797
vt 0.585366 0.129934
vt 0.582761 0.137648
vt 0.574121 0.139841
vt 0.569903 0.144261
vt 0.542447 0.151471
vt 0.557357 0.132994
vt 0.542310 0.137668
vt 0.538885 0.188471
vt 0.538532 0.208277
vt 0.519545 0.197495
vt 0.528775 0.212321
vt 0.516432 0.204637
vt 0.539320 0.220540
vt 0.512458 0.193010
vt 0.496008 0.195364
vt 0.499263 0.209762
vt 0.521845 0.183882
vt 0.507946 0.211397
vt 0.545941 0.169759
vt 0.534125 0.170580
vt 0.503254 0.173103
vt 0.515396 0.172657
vt 0.525102 0.154419
vt 0.472214 0.181076
vt 0.466351 0.194148
vt 0.476802 0.198685
vt 0.507538 0.154083
vt 0.517663 0.149492
vt 0.511578 0.164916
vt 0.488687 0.212941
vt 0.515932 0.138696
vt 0.472735 0.212232
vt 0.526002 0.141336
vt 0.489201 0.273647
vt 0.475620 0.289968
vt 0.473130 0.269854
vt 0.438545 0.812219
vt 0.434421 0.798379
vt 0.443062 0.804760
vt 0.424476 0.801017
vt 0.458819 0.340975
vt 0.454379 0.327327
vt 0.468059 0.338271
vt 0.477000 0.304370
vt 0.469402 0.324141
vt 0.455441 0.306070
vt 0.385957 0.221528
vt 0.397461 0.231251
vt 0.402646 0.219551
vt 0.419969 0.227371
vt 0.408617 0.228871
vt 0.468177 0.293304
vt 0.460334 0.289236
vt 0.460840 0.281726
vt 0.384907 0.231996
vt 0.385267 0.243034
vt 0.457498 0.269812
vt 0.401132 0.238708
vt 0.473412 0.253633
vt 0.483126 0.264420
vt 0.409927 0.245101
vt 0.398965 0.251230
vt 0.388722 0.256563
vt 0.410025 0.253616
vt 0.438100 0.222370
vt 0.424009 0.220140
vt 0.443347 0.821009
vt 0.426365 0.233237
vt 0.450306 0.225299
vt 0.427807 0.244388
vt 0.457139 0.411671
vt 0.446486 0.394382
vt 0.463554 0.399416
vt 0.466954 0.409435
vt 0.429365 0.252921
vt 0.426227 0.262731
vt 0.419542 0.254199
vt 0.438165 0.234745
vt 0.435641 0.265432
vt 0.440765 0.254084
vt 0.452413 0.379109
vt 0.442335 0.373174
vt 0.484594 0.225407
vt 0.472374 0.241199
vt 0.469549 0.228101
vt 0.456468 0.258875
vt 0.403861 0.806193
vt 0.417714 0.810287
vt 0.496833 0.233871
vt 0.431637 0.825549
vt 0.432881 0.817879
vt 0.507434 0.225656
vt 0.485624 0.242626
vt 0.494274 0.250923
vt 0.496228 0.261759
vt 0.508174 0.253793
vt 0.501213 0.244707
vt 0.511179 0.240169
vt 0.502711 0.265896
vt 0.521382 0.227233
vt 0.550412 0.229148
vt 0.523651 0.241508
vt 0.536917 0.242433
vt 0.563749 0.223615
vt 0.523467 0.253668
vt 0.560321 0.241661
vt 0.549026 0.243993
vt 0.521775 0.264435
vt 0.551649 0.259509
vt 0.547023 0.277104
vt 0.538775 0.257177
vt 0.611610 0.426153
vt 0.562489 0.254326
vt 0.606392 0.420386
vt 0.579790 0.227968
vt 0.573715 0.235142
vt 0.419707 0.817924
vt 0.596417 0.237196
vt 0.593805 0.222039
vt 0.408994 0.825948
vt 0.596523 0.397334
vt 0.595106 0.421667
vt 0.599082 0.408470
vt 0.606536 0.387067
vt 0.597321 0.392161
vt 0.568712 0.427770
vt 0.587819 0.418615
vt 0.552288 0.427648
vt 0.571541 0.418628
vt 0.577764 0.406285
vt 0.563294 0.405549
vt 0.584921 0.389555
vt 0.572451 0.385247
vt 0.560829 0.394661
vt 0.549170 0.406489
vt 0.556813 0.380377
vt 0.545319 0.390564
vt 0.581573 0.255082
vt 0.567830 0.267625
vt 0.590012 0.251133
vt 0.591793 0.263750
vt 0.602755 0.258371
vt 0.608014 0.250323
vt 0.615194 0.262777
vt 0.399690 0.816869
vt 0.380676 0.804871
vt 0.397627 0.267434
vt 0.395648 0.278446
vt 0.416761 0.310928
vt 0.427607 0.310980
vt 0.425346 0.324490
vt 0.406680 0.279723
vt 0.410646 0.265797
vt 0.527849 0.421785
vt 0.412829 0.275832
vt 0.392447 0.814734
vt 0.384856 0.818771
vt 0.508993 0.421970
vt 0.531794 0.405572
vt 0.533979 0.395878
vt 0.533572 0.388876
vt 0.520748 0.405298
vt 0.500643 0.415941
vt 0.511084 0.405976
vt 0.506397 0.398671
vt 0.512906 0.391497
vt 0.499485 0.382665
vt 0.514087 0.383025
vt 0.477872 0.425928
vt 0.399356 0.286219
vt 0.455121 0.369081
vt 0.401165 0.301553
vt 0.410309 0.301224
vt 0.418245 0.266045
vt 0.425159 0.277599
vt 0.380611 0.812310
vt 0.409663 0.323953
vt 0.404507 0.316279
vt 0.477186 0.416014
vt 0.494028 0.406901
vt 0.485107 0.405189
vt 0.489836 0.395204
vt 0.472877 0.403117
vt 0.469855 0.384817
vt 0.486783 0.379774
vt 0.606317 0.379590
vt 0.373580 0.821630
vt 0.591079 0.378740
vt 0.440060 0.352998
vt 0.450092 0.352457
vt 0.434465 0.361484
vt 0.593445 0.366872
vt 0.610618 0.365697
vt 0.367206 0.810303
vt 0.602424 0.352536
vt 0.460130 0.359324
vt 0.441460 0.274134
vt 0.421277 0.283731
vt 0.435085 0.280127
vt 0.436951 0.285389
vt 0.610597 0.340606
vt 0.596201 0.339297
vt 0.607614 0.325379
vt 0.581997 0.369793
vt 0.589648 0.354863
vt 0.566409 0.369743
vt 0.570403 0.352954
vt 0.558628 0.365837
vt 0.593442 0.324345
vt 0.573847 0.340679
vt 0.575893 0.324648
vt 0.559631 0.334828
vt 0.558832 0.323138
vt 0.550948 0.341146
vt 0.553567 0.349984
vt 0.548093 0.326405
vt 0.552262 0.331770
vt 0.432291 0.296884
vt 0.542327 0.371880
vt 0.609941 0.296962
vt 0.597712 0.308962
vt 0.446958 0.288209
vt 0.605599 0.283945
vt 0.595177 0.279285
vt 0.610176 0.273856
vt 0.591746 0.288770
vt 0.582622 0.317472
vt 0.578896 0.302328
vt 0.593237 0.300503
vt 0.428732 0.303350
vt 0.562242 0.313995
vt 0.581264 0.291701
vt 0.569085 0.291542
vt 0.559349 0.298734
vt 0.575660 0.283203
vt 0.582816 0.270916
vt 0.563779 0.284775
vt 0.545154 0.287753
vt 0.558960 0.273221
vt 0.542350 0.355707
vt 0.532265 0.371278
vt 0.518744 0.374665
vt 0.519269 0.362215
vt 0.498125 0.366650
vt 0.503082 0.359265
vt 0.515680 0.355087
vt 0.544912 0.343841
vt 0.538200 0.336465
vt 0.529412 0.343696
vt 0.537240 0.331088
vt 0.499928 0.340432
vt 0.519699 0.334393
vt 0.524717 0.314842
vt 0.511144 0.332989
vt 0.512657 0.319419
vt 0.487273 0.350430
vt 0.470022 0.364221
vt 0.474881 0.374409
vt 0.503896 0.309596
vt 0.468057 0.350987
vt 0.476917 0.359899
vt 0.475049 0.346966
vt 0.481146 0.335993
vt 0.488617 0.318545
vt 0.479162 0.313768
vt 0.543973 0.317619
vt 0.529194 0.309103
vt 0.541776 0.308826
vt 0.545390 0.300267
vt 0.521773 0.297933
vt 0.531771 0.287368
vt 0.522030 0.290956
vt 0.531638 0.269715
vt 0.511956 0.280239
vt 0.521708 0.283723
vt 0.509330 0.294462
vt 0.497222 0.298989
vt 0.499583 0.294499
vt 0.496778 0.282366
vt 0.442756 0.293477
vt 0.437858 0.307330
vt 0.443602 0.302549
vt 0.431145 0.320870
vt 0.439749 0.313400
vt 0.449534 0.313942
vt 0.443751 0.319930
vt 0.426542 0.354666
vt 0.358553 0.817113
vt 0.367124 0.827368
vt 0.426869 0.334542
vt 0.335662 0.829059
vt 0.412641 0.334451
vt 0.437707 0.337105
vt 0.349337 0.820555
vt 0.438622 0.344345
vt 0.422047 0.346503
vt 0.442928 0.338786
vt 0.449891 0.342250
s 1
g moon_rock_04_LOD0_moon_rock_04
usemtl moon_rock_04
f 1/1 2/2 3/3
f 4/4 5/5 6/6
f 7/7 8/8 9/9
f 8/10 10/11 9/12
f 8/8 7/7 11/13
f 12/14 13/15 7/7
f 14/16 12/14 7/7
f 15/17 16/18 6/6
f 16/18 15/17 17/19
f 15/17 18/20 17/19
f 18/20 15/17 19/21
f 1/1 20/22 21/23
f 22/24 23/25 24/26
f 18/20 19/21 25/27
f 2/2 1/1 26/28
f 21/23 27/29 1/1
f 26/28 28/30 2/2
f 26/28 1/1 27/29
f 23/25 29/31 24/26
f 30/32 24/26 29/31
f 29/31 31/33 32/34
f 32/34 31/33 33/35
f 30/32 29/31 32/34
f 4/4 16/18 34/36
f 35/37 36/38 37/39
f 2/2 36/38 35/37
f 36/38 2/2 28/30
f 36/38 28/30 38/40
f 39/41 40/42 41/43
f 37/39 42/44 43/45
f 42/44 37/39 36/38
f 36/38 38/40 42/44
f 22/24 44/46 23/25
f 38/40 28/30 26/28
f 26/28 45/47 38/40
f 26/28 46/48 45/47
f 47/49 48/50 49/51
f 50/52 49/51 48/50
f 48/50 37/39 50/52
f 51/53 40/42 52/54
f 4/4 6/6 16/18
f 16/18 53/55 34/36
f 53/55 16/18 17/19
f 54/56 53/55 17/19
f 49/51 55/57 47/49
f 23/25 31/33 29/31
f 22/58 56/59 44/60
f 57/61 56/59 58/62
f 57/61 58/62 59/63
f 56/59 22/58 58/62
f 58/62 60/64 59/63
f 8/10 61/65 62/66
f 30/32 63/67 62/66
f 10/11 8/10 63/67
f 63/67 30/32 64/68
f 63/67 64/68 65/69
f 10/11 63/67 66/70
f 63/67 65/69 66/70
f 13/15 61/71 11/13
f 67/72 61/71 13/15
f 13/15 68/73 67/72
f 61/65 22/24 24/26
f 61/65 24/26 62/66
f 61/71 67/72 22/58
f 22/58 67/72 58/62
f 58/62 67/72 69/74
f 58/62 69/74 60/64
f 67/72 68/73 69/74
f 61/71 8/8 11/13
f 7/7 13/15 11/13
f 70/75 13/15 12/14
f 71/76 13/15 70/75
f 71/76 70/75 72/77
f 73/78 13/15 71/76
f 73/78 68/73 13/15
f 73/78 71/76 72/77
f 8/10 62/66 63/67
f 68/73 73/78 69/74
f 69/74 74/79 75/80
f 30/32 76/81 64/68
f 76/81 30/32 32/34
f 77/82 76/81 32/34
f 65/69 64/68 78/83
f 76/81 77/82 64/68
f 78/83 64/68 77/82
f 62/66 24/26 30/32
f 78/83 79/84 65/69
f 80/85 78/83 77/82
f 50/52 81/86 49/51
f 50/52 37/39 43/45
f 82/87 57/61 59/63
f 59/63 83/88 82/87
f 60/64 84/89 59/63
f 59/63 84/89 83/88
f 84/89 85/90 83/88
f 69/74 75/80 60/64
f 74/79 69/74 73/78
f 75/80 74/79 86/91
f 87/92 88/93 86/91
f 88/93 89/94 86/91
f 75/80 90/95 60/64
f 90/95 84/89 60/64
f 84/89 90/95 91/96
f 84/89 91/96 85/90
f 91/96 90/95 89/94
f 90/95 75/80 86/91
f 90/95 86/91 89/94
f 92/97 89/94 88/93
f 92/97 88/93 93/98
f 89/94 92/97 94/99
f 89/94 94/99 91/96
f 94/99 95/100 96/101
f 93/98 97/102 92/97
f 95/100 94/99 92/97
f 53/55 54/56 98/103
f 41/43 34/36 53/55
f 98/103 41/43 53/55
f 50/52 43/45 42/44
f 39/41 41/43 98/103
f 98/103 99/104 39/41
f 100/105 33/35 101/106
f 33/35 100/105 32/34
f 100/105 101/106 102/107
f 100/105 103/108 32/34
f 103/108 100/105 104/109
f 104/109 100/105 102/107
f 105/110 98/103 106/111
f 81/86 50/52 107/112
f 102/107 108/113 109/114
f 105/110 99/104 98/103
f 50/52 42/44 110/115
f 110/115 107/112 50/52
f 111/116 102/107 109/114
f 102/107 111/116 104/109
f 109/114 112/117 111/116
f 77/82 32/34 103/108
f 113/118 103/108 104/109
f 103/108 114/119 77/82
f 115/120 114/119 103/108
f 114/119 80/85 77/82
f 80/85 114/119 116/121
f 114/119 115/120 117/122
f 114/119 117/122 116/121
f 113/118 104/109 111/116
f 113/118 115/120 103/108
f 118/123 115/120 113/118
f 119/124 113/118 111/116
f 119/124 118/123 113/118
f 118/123 120/125 121/126
f 120/125 118/123 119/124
f 118/123 121/126 115/120
f 115/120 121/126 117/122
f 122/127 116/121 117/122
f 117/122 121/126 123/128
f 123/128 121/126 120/125
f 124/129 117/122 123/128
f 123/128 125/130 124/129
f 18/20 54/56 17/19
f 98/103 54/56 106/111
f 18/20 106/111 54/56
f 18/20 126/131 106/111
f 25/27 127/132 18/20
f 18/20 128/133 126/131
f 49/51 81/86 55/57
f 127/132 128/133 18/20
f 83/88 129/134 82/87
f 105/110 106/111 130/135
f 131/136 132/137 129/134
f 126/131 130/135 106/111
f 81/86 107/112 124/129
f 133/138 130/135 126/131
f 131/136 134/139 135/140
f 83/88 85/90 136/141
f 136/141 129/134 83/88
f 85/90 137/142 136/141
f 129/134 138/143 131/136
f 138/143 129/134 136/141
f 134/139 131/136 138/143
f 137/142 138/143 136/141
f 133/138 47/49 130/135
f 47/49 133/138 48/50
f 39/41 99/104 139/144
f 122/127 107/112 110/115
f 39/41 139/144 40/42
f 99/104 105/110 140/145
f 141/146 99/104 140/145
f 99/104 141/146 139/144
f 107/112 122/127 124/129
f 117/122 124/129 122/127
f 134/139 142/147 135/140
f 134/139 138/143 143/148
f 144/149 134/139 143/148
f 142/147 134/139 145/150
f 144/149 145/150 134/139
f 143/148 138/143 146/151
f 40/42 139/144 147/152
f 52/54 40/42 147/152
f 148/153 144/149 143/148
f 145/150 144/149 149/154
f 149/154 144/149 150/155
f 144/149 148/153 150/155
f 148/153 151/156 150/155
f 150/155 151/156 152/157
f 153/158 137/142 85/90
f 91/96 153/158 85/90
f 154/159 153/158 91/96
f 91/96 94/99 154/159
f 153/158 155/160 137/142
f 138/143 137/142 146/151
f 146/151 137/142 155/160
f 155/160 153/158 154/159
f 155/160 154/159 156/161
f 94/99 156/161 154/159
f 156/161 94/99 96/101
f 157/162 155/160 156/161
f 157/162 146/151 155/160
f 158/163 96/101 95/100
f 159/164 158/163 95/100
f 96/101 158/163 156/161
f 160/165 42/44 38/40
f 160/165 110/115 42/44
f 161/166 52/54 147/152
f 45/47 160/165 38/40
f 139/144 162/167 147/152
f 162/167 139/144 141/146
f 147/152 162/167 161/166
f 163/168 161/166 162/167
f 130/135 140/145 105/110
f 148/153 143/148 146/151
f 146/151 151/156 148/153
f 46/48 164/169 45/47
f 164/169 160/165 45/47
f 157/162 151/156 146/151
f 164/169 165/170 160/165
f 47/49 140/145 130/135
f 47/49 141/146 140/145
f 165/170 122/127 110/115
f 160/165 165/170 110/115
f 141/146 166/171 162/167
f 163/168 162/167 125/130
f 125/130 162/167 166/171
f 47/49 55/57 141/146
f 166/171 141/146 55/57
f 167/172 166/171 55/57
f 168/173 169/174 170/175
f 169/174 168/173 171/176
f 171/176 172/177 169/174
f 173/178 174/179 9/9
f 175/180 173/181 9/12
f 176/182 173/181 175/180
f 177/183 170/184 173/181
f 176/182 177/183 173/181
f 14/16 7/7 9/9
f 9/9 174/179 14/16
f 178/185 14/16 174/179
f 14/16 70/75 12/14
f 179/186 70/75 14/16
f 70/75 179/186 72/77
f 180/187 72/77 179/186
f 170/175 169/174 174/179
f 170/175 174/179 173/178
f 174/179 169/174 178/185
f 178/185 169/174 181/188
f 169/174 172/177 181/188
f 182/189 170/184 177/183
f 179/186 14/16 183/190
f 183/190 14/16 178/185
f 180/187 183/190 184/191
f 183/190 178/185 181/188
f 183/190 181/188 185/192
f 185/192 184/191 183/190
f 185/192 186/193 184/191
f 177/183 176/182 187/194
f 177/183 187/194 188/195
f 176/182 189/196 187/194
f 180/187 179/186 183/190
f 167/172 55/57 81/86
f 166/171 167/172 125/130
f 81/86 124/129 167/172
f 116/121 122/127 165/170
f 170/184 182/189 168/197
f 165/170 164/169 80/85
f 80/85 164/169 79/84
f 165/170 80/85 116/121
f 182/189 190/198 191/199
f 192/200 193/201 52/54
f 194/202 172/177 171/176
f 172/177 194/202 185/192
f 194/202 195/203 185/192
f 35/37 37/39 196/204
f 193/201 197/205 198/206
f 196/204 37/39 133/138
f 37/39 48/50 133/138
f 199/207 200/208 201/209
f 196/204 133/138 128/133
f 202/210 203/211 204/212
f 205/213 206/214 207/215
f 126/131 128/133 133/138
f 2/2 35/37 196/204
f 3/3 2/2 196/204
f 190/198 208/216 209/217
f 3/3 196/204 210/218
f 128/133 127/132 196/204
f 196/204 127/132 210/218
f 211/219 177/183 188/195
f 211/219 182/189 177/183
f 190/198 182/189 211/219
f 190/198 211/219 212/220
f 181/188 172/177 185/192
f 213/221 211/219 188/195
f 211/219 213/221 214/222
f 190/198 212/220 208/216
f 215/223 208/216 212/220
f 214/222 212/220 211/219
f 215/223 212/220 216/224
f 216/224 212/220 214/222
f 72/77 180/187 217/225
f 217/225 180/187 218/226
f 184/191 218/226 180/187
f 219/227 217/225 218/226
f 186/193 218/226 184/191
f 220/228 219/227 218/226
f 221/229 222/230 223/231
f 127/132 25/27 210/218
f 221/229 224/232 222/230
f 225/233 205/213 207/215
f 225/233 226/234 227/235
f 224/232 221/229 228/236
f 205/213 225/233 227/235
f 229/237 230/238 228/236
f 230/238 224/232 228/236
f 231/239 230/238 232/240
f 223/231 185/192 195/203
f 222/230 185/192 223/231
f 186/193 185/192 222/230
f 233/241 220/228 186/193
f 220/228 233/241 234/242
f 233/241 186/193 222/230
f 224/232 233/241 222/230
f 233/241 224/232 235/243
f 233/241 235/243 236/244
f 236/244 234/242 233/241
f 186/193 220/228 218/226
f 234/242 237/245 220/228
f 237/245 234/242 238/246
f 236/244 239/247 238/246
f 234/242 236/244 238/246
f 224/232 230/238 235/243
f 231/239 239/247 236/244
f 236/244 235/243 231/239
f 231/239 235/243 230/238
f 238/246 206/214 205/213
f 240/248 241/249 231/239
f 231/239 241/249 239/247
f 241/250 240/251 242/252
f 238/246 239/247 206/214
f 239/247 241/249 206/214
f 243/253 241/250 242/252
f 241/250 244/254 206/255
f 245/256 206/255 244/254
f 150/155 152/157 246/257
f 149/154 150/155 247/258
f 52/54 161/166 192/200
f 215/223 248/259 209/217
f 161/166 249/260 192/200
f 197/205 193/201 192/200
f 197/205 192/200 249/260
f 249/260 250/261 197/205
f 215/223 209/217 208/216
f 251/262 215/223 216/224
f 249/260 161/166 163/168
f 249/260 163/168 252/263
f 201/209 198/206 197/205
f 197/205 253/264 201/209
f 163/168 254/265 252/263
f 123/128 163/168 125/130
f 124/129 125/130 167/172
f 123/128 254/265 163/168
f 249/260 255/266 250/261
f 254/265 256/267 252/263
f 238/246 205/213 237/245
f 255/266 252/263 256/267
f 252/263 255/266 249/260
f 227/235 237/245 205/213
f 230/238 229/237 232/240
f 257/268 232/269 258/270
f 240/248 231/239 232/240
f 240/251 232/269 257/268
f 216/224 214/222 259/271
f 260/272 258/270 232/269
f 261/273 216/224 259/271
f 254/265 123/128 256/267
f 123/128 120/125 256/267
f 256/267 120/125 119/124
f 119/124 255/266 256/267
f 253/264 199/207 201/209
f 253/264 262/274 199/207
f 262/274 263/275 199/207
f 197/205 250/261 253/264
f 250/261 255/266 253/264
f 253/264 255/266 262/274
f 263/275 262/274 264/276
f 265/277 199/207 263/275
f 257/268 242/252 240/251
f 266/278 267/279 268/280
f 269/281 264/276 262/274
f 269/281 262/274 255/266
f 270/282 264/276 269/281
f 269/281 255/266 119/124
f 119/124 111/116 269/281
f 269/281 112/117 270/282
f 269/281 111/116 112/117
f 242/252 257/268 243/253
f 243/253 244/254 241/250
f 243/253 245/256 244/254
f 266/278 268/280 271/283
f 268/280 21/23 271/283
f 272/284 271/283 21/23
f 273/285 245/256 243/253
f 274/286 159/164 203/211
f 275/287 210/218 25/27
f 210/218 276/288 3/3
f 95/100 203/211 159/164
f 97/102 95/100 92/97
f 20/22 3/3 276/288
f 20/22 1/1 3/3
f 276/288 272/284 20/22
f 20/22 272/284 21/23
f 10/11 175/180 9/12
f 175/180 189/196 176/182
f 10/11 66/70 175/180
f 66/70 277/289 175/180
f 175/180 277/289 189/196
f 72/77 74/79 73/78
f 189/196 277/289 278/290
f 65/69 79/84 66/70
f 66/70 79/84 279/291
f 66/70 279/291 277/289
f 80/85 79/84 78/83
f 164/169 279/291 79/84
f 278/290 277/289 279/291
f 280/292 279/291 46/48
f 46/48 279/291 164/169
f 189/196 188/195 187/194
f 188/195 189/196 213/221
f 213/221 189/196 278/290
f 278/290 281/293 213/221
f 214/222 213/221 282/294
f 214/222 282/294 259/271
f 213/221 281/293 282/294
f 283/295 284/296 281/293
f 282/294 281/293 284/296
f 282/294 267/279 259/271
f 267/279 282/294 284/296
f 278/290 279/291 280/292
f 278/290 280/292 281/293
f 280/292 283/295 281/293
f 283/295 280/292 285/297
f 26/28 285/297 46/48
f 285/297 280/292 46/48
f 285/297 26/28 27/29
f 284/296 283/295 268/280
f 267/279 284/296 268/280
f 285/297 27/29 283/295
f 27/29 268/280 283/295
f 21/23 268/280 27/29
f 217/225 74/79 72/77
f 217/225 87/92 74/79
f 86/91 74/79 87/92
f 217/225 219/227 87/92
f 87/92 219/227 286/298
f 287/299 288/300 286/298
f 289/301 88/93 87/92
f 289/301 87/92 286/298
f 289/301 93/98 88/93
f 93/98 289/301 97/102
f 289/301 204/212 97/102
f 288/300 204/212 289/301
f 286/298 288/300 289/301
f 287/299 286/298 219/227
f 220/228 287/299 219/227
f 220/228 237/245 287/299
f 237/245 290/302 287/299
f 237/245 227/235 290/302
f 204/212 288/300 287/299
f 203/211 97/102 204/212
f 227/235 291/303 290/302
f 290/302 204/212 287/299
f 290/302 291/303 204/212
f 204/212 291/303 202/210
f 291/303 227/235 226/234
f 292/304 291/303 226/234
f 95/100 97/102 203/211
f 33/35 31/33 293/305
f 294/306 295/307 296/308
f 297/309 298/310 299/311
f 298/310 297/309 300/312
f 301/313 302/314 297/309
f 303/315 304/316 301/313
f 297/309 305/317 301/313
f 306/318 297/309 307/319
f 308/320 309/321 306/318
f 305/317 309/321 310/322
f 305/317 306/318 309/321
f 306/318 305/317 297/309
f 310/322 295/307 305/317
f 311/323 312/324 313/325
f 310/322 309/321 313/325
f 312/324 310/322 313/325
f 303/315 301/313 305/317
f 311/323 313/325 314/326
f 305/317 295/307 294/306
f 296/308 295/307 312/324
f 315/327 248/259 251/262
f 316/328 296/308 312/324
f 317/329 304/316 303/315
f 294/306 318/330 303/315
f 294/306 303/315 305/317
f 319/331 320/332 321/333
f 251/262 216/224 261/273
f 312/324 295/307 310/322
f 322/334 323/335 324/336
f 248/259 215/223 251/262
f 325/337 251/262 326/338
f 326/338 251/262 327/339
f 251/262 325/337 315/327
f 327/339 251/262 261/273
f 318/330 317/329 303/315
f 294/306 328/340 318/330
f 316/328 329/341 296/308
f 330/342 316/328 331/343
f 328/340 294/306 296/308
f 312/324 332/344 316/328
f 296/308 329/341 328/340
f 330/342 329/341 316/328
f 329/341 330/342 333/345
f 334/346 335/347 336/348
f 322/334 337/349 323/335
f 338/350 339/351 340/352
f 341/353 342/354 343/355
f 344/356 335/347 334/346
f 332/344 312/324 311/323
f 345/357 346/358 347/359
f 348/360 349/361 346/358
f 341/353 350/362 332/344
f 338/350 325/337 326/338
f 351/363 339/351 338/350
f 351/363 338/350 326/338
f 311/323 341/353 332/344
f 326/338 352/364 351/363
f 351/363 352/364 353/365
f 341/353 311/323 354/366
f 343/355 350/362 341/353
f 330/342 355/367 356/368
f 323/335 357/369 324/336
f 358/370 324/336 357/369
f 343/355 342/354 359/371
f 360/372 361/373 362/374
f 359/371 361/373 343/355
f 363/375 323/335 364/376
f 359/371 362/374 361/373
f 343/355 361/373 365/377
f 331/343 316/328 332/344
f 355/367 331/343 366/378
f 365/377 350/362 343/355
f 358/370 357/369 344/379
f 333/345 330/342 356/368
f 350/362 331/343 332/344
f 350/362 365/377 366/378
f 355/367 367/380 368/381
f 260/272 369/382 258/270
f 350/362 366/378 331/343
f 258/270 369/382 370/383
f 371/384 370/383 369/382
f 370/383 371/384 372/385
f 360/372 373/386 365/377
f 257/268 258/270 370/383
f 355/367 330/342 331/343
f 357/369 323/335 374/387
f 257/268 370/383 243/253
f 375/388 376/389 367/380
f 273/285 243/253 377/390
f 355/367 366/378 367/380
f 273/285 377/390 378/391
f 377/390 243/253 370/383
f 366/378 365/377 373/386
f 365/377 361/373 360/372
f 373/386 367/380 366/378
f 370/383 372/385 377/390
f 372/385 379/392 377/390
f 372/385 380/393 379/392
f 375/388 381/394 376/389
f 382/395 383/396 384/397
f 385/398 384/397 369/382
f 371/384 369/382 384/397
f 364/376 337/349 386/399
f 383/396 387/400 388/401
f 382/395 348/360 346/358
f 383/396 371/384 384/397
f 371/384 389/402 372/385
f 371/384 383/396 389/402
f 323/335 337/349 364/376
f 380/393 372/385 389/402
f 383/396 388/401 389/402
f 373/386 390/403 375/388
f 382/395 346/358 383/396
f 387/400 346/358 345/357
f 346/358 387/400 383/396
f 389/402 388/401 391/404
f 387/400 391/404 388/401
f 387/400 345/357 391/404
f 389/402 391/404 392/405
f 380/393 389/402 392/405
f 373/386 375/388 367/380
f 373/386 360/372 390/403
f 390/403 393/406 381/394
f 381/394 375/388 390/403
f 344/379 357/369 394/407
f 391/404 395/408 396/409
f 259/271 397/410 261/273
f 397/410 259/271 267/279
f 398/411 327/339 261/273
f 398/411 261/273 397/410
f 364/376 399/412 395/408
f 400/413 398/411 397/410
f 267/279 266/278 397/410
f 398/411 326/338 327/339
f 401/414 266/278 271/283
f 402/415 403/416 401/414
f 404/417 405/418 406/419
f 405/418 407/420 408/421
f 403/416 397/410 266/278
f 405/418 409/422 406/419
f 401/414 403/416 266/278
f 407/420 405/418 404/417
f 410/423 401/414 272/284
f 405/418 408/421 409/422
f 402/415 410/423 411/424
f 352/364 326/338 398/411
f 401/414 271/283 272/284
f 352/364 398/411 400/413
f 410/423 412/425 411/424
f 412/425 410/423 413/426
f 414/427 415/428 416/429
f 400/413 397/410 403/416
f 400/413 403/416 415/428
f 353/365 352/364 400/413
f 402/415 401/414 410/423
f 411/424 417/430 402/415
f 414/427 320/332 418/431
f 419/432 417/430 411/424
f 400/413 415/428 353/365
f 403/416 402/415 417/430
f 419/432 415/428 417/430
f 415/428 414/427 353/365
f 415/428 403/416 417/430
f 416/429 320/332 414/427
f 419/432 412/425 420/433
f 419/432 411/424 412/425
f 419/432 421/434 416/429
f 418/431 353/365 414/427
f 421/434 419/432 420/433
f 420/433 422/435 421/434
f 416/429 415/428 419/432
f 416/429 421/434 393/406
f 378/391 377/390 423/436
f 407/420 404/417 337/349
f 377/390 379/392 423/436
f 363/375 364/376 395/408
f 337/349 404/417 386/399
f 374/387 363/375 424/437
f 374/387 323/335 363/375
f 425/438 426/439 427/440
f 379/392 428/441 423/436
f 426/439 425/438 429/442
f 386/399 406/419 426/439
f 426/439 399/412 386/399
f 406/419 427/440 426/439
f 430/443 428/441 392/405
f 349/361 347/359 346/358
f 431/444 428/441 430/443
f 432/445 430/443 396/409
f 386/399 404/417 406/419
f 392/405 396/409 430/443
f 433/446 426/439 429/442
f 363/375 395/408 424/437
f 425/438 434/447 429/442
f 386/399 399/412 364/376
f 391/404 396/409 392/405
f 433/446 399/412 426/439
f 435/448 272/284 276/288
f 434/447 432/445 429/442
f 435/448 410/423 272/284
f 436/449 435/448 276/288
f 437/450 438/451 435/448
f 432/445 434/447 439/452
f 395/408 399/412 433/446
f 436/449 440/453 437/450
f 441/454 437/450 440/453
f 438/451 413/426 435/448
f 441/454 438/451 437/450
f 345/357 424/437 395/408
f 391/404 345/357 395/408
f 442/455 436/449 443/456
f 440/453 436/449 442/455
f 442/455 444/457 440/453
f 436/449 276/288 443/456
f 443/456 275/287 442/455
f 432/445 433/446 429/442
f 276/288 210/218 443/456
f 437/450 435/448 436/449
f 442/455 275/287 445/458
f 445/458 446/459 442/455
f 440/453 444/457 441/454
f 379/392 380/393 392/405
f 275/287 443/456 210/218
f 446/459 447/460 442/455
f 410/423 435/448 413/426
f 444/457 442/455 447/460
f 448/461 412/425 413/426
f 412/425 449/462 420/433
f 428/441 379/392 392/405
f 450/463 449/462 451/464
f 448/461 413/426 451/464
f 422/435 449/462 450/463
f 441/454 451/464 438/451
f 451/464 452/465 450/463
f 422/435 420/433 449/462
f 412/425 448/461 449/462
f 422/435 450/463 381/394
f 451/464 413/426 438/451
f 448/461 451/464 449/462
f 381/394 450/463 376/389
f 433/446 396/409 395/408
f 368/381 452/465 453/466
f 376/389 450/463 452/465
f 368/381 367/380 376/389
f 396/409 433/446 432/445
f 368/381 376/389 452/465
f 353/365 454/467 351/363
f 455/468 456/469 457/470
f 456/469 362/374 457/470
f 457/470 362/374 359/371
f 441/454 444/457 458/471
f 459/472 455/468 460/473
f 452/465 451/464 441/454
f 461/474 458/471 446/459
f 453/466 452/465 441/454
f 458/471 462/475 453/466
f 453/466 441/454 458/471
f 368/381 453/466 356/368
f 356/368 453/466 462/475
f 461/474 462/475 458/471
f 368/381 356/368 355/367
f 447/460 446/459 444/457
f 456/469 455/468 463/476
f 333/345 356/368 462/475
f 393/406 390/403 360/372
f 446/459 458/471 444/457
f 464/477 465/478 459/472
f 459/472 463/476 455/468
f 459/472 465/478 463/476
f 275/287 19/21 445/458
f 463/476 466/479 467/480
f 347/359 424/437 345/357
f 456/469 468/481 362/374
f 464/477 459/472 335/347
f 469/482 468/481 456/469
f 470/483 19/21 15/17
f 456/469 463/476 467/480
f 470/483 471/484 19/21
f 445/458 19/21 471/484
f 468/481 360/372 362/374
f 468/481 393/406 360/372
f 446/459 471/484 461/474
f 446/459 445/458 471/484
f 472/485 15/17 6/6
f 473/486 470/483 472/485
f 472/485 474/487 473/486
f 416/429 393/406 469/482
f 6/6 475/488 472/485
f 19/21 275/287 25/27
f 476/489 472/485 475/488
f 467/480 469/482 456/469
f 467/480 466/479 469/482
f 472/485 470/483 15/17
f 461/474 471/484 462/475
f 333/345 462/475 477/490
f 471/484 470/483 473/486
f 471/484 473/486 477/490
f 477/490 329/341 333/345
f 328/340 477/490 478/491
f 329/341 477/490 328/340
f 471/484 477/490 462/475
f 477/490 473/486 474/487
f 478/491 472/485 476/489
f 318/330 478/491 317/329
f 478/491 318/330 328/340
f 477/490 474/487 478/491
f 474/487 472/485 478/491
f 469/482 393/406 468/481
f 465/478 321/333 466/479
f 475/488 6/6 5/5
f 422/435 381/394 393/406
f 393/406 421/434 422/435
f 478/491 476/489 479/492
f 347/359 374/387 424/437
f 320/332 319/331 418/431
f 465/478 466/479 463/476
f 480/493 476/489 475/488
f 481/494 349/361 339/495
f 482/496 319/331 321/333
f 481/494 339/495 483/497
f 321/333 320/332 416/429
f 469/482 321/333 416/429
f 482/496 465/478 464/477
f 466/479 321/333 469/482
f 321/333 465/478 482/496
f 319/331 454/467 418/431
f 481/494 483/497 484/498
f 454/467 319/331 482/496
f 347/359 349/361 481/494
f 484/498 485/499 481/494
f 485/499 374/387 481/494
f 353/365 418/431 454/467
f 485/499 484/498 394/407
f 483/500 339/351 351/363
f 339/495 349/361 348/360
f 351/363 454/467 483/500
f 486/501 484/502 487/503
f 483/500 454/467 487/503
f 486/501 487/503 454/467
f 486/501 454/467 482/496
f 394/504 486/501 482/496
f 484/502 486/501 394/504
f 344/356 464/477 335/347
f 484/502 483/500 487/503
f 374/387 347/359 481/494
f 485/499 357/369 374/387
f 464/477 344/356 482/496
f 485/499 394/407 357/369
f 482/496 344/356 394/504
f 488/505 489/506 490/507
f 491/508 492/509 493/510
f 302/314 300/312 297/309
f 494/511 495/512 496/513
f 497/514 498/515 496/513
f 499/516 500/517 501/518
f 499/516 501/518 502/519
f 300/312 302/314 491/508
f 492/509 491/508 302/314
f 502/519 501/518 503/520
f 504/521 502/519 489/506
f 502/519 503/520 505/522
f 493/510 496/513 506/523
f 504/521 489/506 507/524
f 508/525 497/514 492/509
f 489/506 488/505 507/524
f 495/512 506/523 496/513
f 509/526 510/527 511/528
f 489/506 509/526 490/507
f 489/506 502/519 505/522
f 505/522 509/526 489/506
f 512/529 513/530 514/531
f 514/531 515/532 516/533
f 516/533 488/505 512/529
f 514/531 516/533 512/529
f 488/505 490/507 512/529
f 509/526 511/528 490/507
f 498/515 497/514 508/525
f 517/534 518/535 514/531
f 512/529 490/507 511/528
f 513/530 512/529 511/528
f 517/534 519/536 518/535
f 520/537 517/534 513/530
f 521/538 4/4 34/36
f 518/535 515/532 514/531
f 514/531 513/530 517/534
f 522/539 498/515 508/525
f 523/540 524/541 522/539
f 525/542 526/543 527/544
f 528/545 522/539 508/525
f 529/546 530/547 521/538
f 531/548 532/549 518/535
f 527/544 532/549 531/548
f 528/545 492/509 304/316
f 528/545 523/540 522/539
f 493/510 492/509 497/514
f 492/509 528/545 508/525
f 519/536 531/548 518/535
f 519/536 533/550 531/548
f 533/550 519/536 520/537
f 534/551 531/548 533/550
f 520/537 519/536 517/534
f 535/552 534/551 536/553
f 534/551 535/552 527/544
f 534/551 527/544 531/548
f 537/554 534/551 533/550
f 527/544 535/552 525/542
f 538/555 536/553 534/551
f 496/513 493/510 497/514
f 538/555 534/551 537/554
f 523/540 528/545 304/316
f 526/543 525/542 539/556
f 304/316 302/314 301/313
f 535/552 536/553 525/542
f 530/547 540/557 541/558
f 302/314 304/316 492/509
f 317/329 523/540 304/316
f 300/312 491/508 542/559
f 536/553 538/555 543/560
f 506/523 491/508 493/510
f 506/523 544/561 491/508
f 491/508 544/561 542/559
f 544/561 506/523 545/562
f 494/511 546/563 495/512
f 475/488 5/5 547/564
f 547/564 5/5 548/565
f 495/512 545/562 506/523
f 5/5 4/4 521/538
f 545/562 495/512 546/563
f 548/565 5/5 521/538
f 547/564 480/493 475/488
f 547/564 549/566 480/493
f 550/567 551/568 498/515
f 552/569 548/565 530/547
f 552/569 549/566 547/564
f 480/493 549/566 553/570
f 479/492 476/489 480/493
f 498/515 551/568 554/571
f 555/572 551/568 556/573
f 557/574 553/570 549/566
f 548/565 552/569 547/564
f 552/569 557/574 549/566
f 557/574 552/569 558/575
f 559/576 558/575 552/569
f 496/513 498/515 554/571
f 317/329 479/492 524/541
f 560/577 524/541 479/492
f 560/577 479/492 553/570
f 522/539 524/541 560/577
f 558/575 553/570 557/574
f 317/329 524/541 523/540
f 561/578 558/575 559/576
f 552/569 530/547 541/558
f 561/578 553/570 558/575
f 551/568 555/572 554/571
f 553/570 561/578 560/577
f 553/570 479/492 480/493
f 562/579 560/577 561/578
f 562/579 498/515 522/539
f 562/579 561/578 563/580
f 562/579 522/539 560/577
f 556/573 564/581 555/572
f 550/567 498/515 562/579
f 565/582 566/583 567/584
f 554/571 568/585 494/511
f 552/569 541/558 559/576
f 555/572 564/581 569/586
f 569/586 568/585 555/572
f 565/582 570/587 571/588
f 572/589 573/590 574/591
f 564/581 575/592 576/593
f 577/594 578/595 573/590
f 540/557 572/589 541/558
f 555/572 568/585 554/571
f 574/591 573/590 578/595
f 565/582 579/596 566/583
f 568/585 580/597 546/563
f 568/585 581/598 580/597
f 576/593 582/599 569/586
f 583/600 578/595 577/594
f 546/563 494/511 568/585
f 578/595 583/600 584/601
f 585/602 586/603 587/604
f 494/511 496/513 554/571
f 588/605 546/563 580/597
f 589/606 590/607 591/608
f 587/604 592/609 593/610
f 582/599 594/611 569/586
f 569/586 581/598 568/585
f 594/611 582/599 595/612
f 576/593 569/586 564/581
f 569/586 594/611 581/598
f 596/613 594/611 595/612
f 597/614 586/603 585/602
f 575/592 564/581 598/615
f 567/584 566/583 599/616
f 600/617 587/604 593/610
f 601/618 575/592 602/619
f 601/618 582/599 576/593
f 592/609 543/560 538/555
f 603/620 543/560 592/609
f 541/558 572/589 574/591
f 541/558 574/591 604/621
f 530/547 548/565 521/538
f 605/622 578/595 606/623
f 559/576 541/558 604/621
f 606/623 578/595 584/601
f 559/576 604/621 605/622
f 607/624 601/618 602/619
f 608/625 597/614 585/602
f 609/626 606/623 584/601
f 584/601 585/602 609/626
f 605/622 606/623 610/627
f 584/601 608/625 585/602
f 583/600 597/614 584/601
f 610/627 606/623 609/626
f 609/626 585/602 611/628
f 574/591 578/595 605/622
f 611/628 612/629 613/630
f 574/591 605/622 604/621
f 609/626 611/628 613/630
f 561/578 559/576 563/580
f 613/630 610/627 609/626
f 614/631 563/580 605/622
f 610/627 614/631 605/622
f 605/622 563/580 559/576
f 613/630 614/631 610/627
f 550/567 562/579 563/580
f 556/573 551/568 550/567
f 563/580 614/631 550/567
f 614/631 556/573 550/567
f 615/632 556/573 614/631
f 584/601 597/614 608/625
f 616/633 564/581 556/573
f 585/602 587/604 600/617
f 612/629 617/634 615/632
f 617/634 616/633 615/632
f 618/635 585/602 600/617
f 585/602 618/635 611/628
f 615/632 616/633 556/573
f 618/635 600/617 619/636
f 619/636 600/617 593/610
f 618/635 612/629 611/628
f 613/630 612/629 615/632
f 618/635 619/636 620/637
f 538/555 537/554 592/609
f 621/638 612/629 618/635
f 618/635 620/637 621/638
f 619/636 593/610 622/639
f 623/640 620/637 619/636
f 537/554 622/639 593/610
f 613/630 615/632 614/631
f 623/640 619/636 622/639
f 533/550 520/537 537/554
f 520/537 623/640 622/639
f 622/639 537/554 520/537
f 617/634 624/641 616/633
f 621/638 624/641 612/629
f 624/641 617/634 612/629
f 598/615 564/581 616/633
f 624/641 598/615 616/633
f 624/641 621/638 625/642
f 624/641 625/642 598/615
f 511/528 626/643 513/530
f 510/527 627/644 511/528
f 520/537 513/530 623/640
f 513/530 626/643 623/640
f 628/645 575/592 598/615
f 592/609 537/554 593/610
f 628/645 602/619 575/592
f 623/640 626/643 620/637
f 625/642 510/527 628/645
f 601/618 576/593 575/592
f 625/642 627/644 510/527
f 627/644 626/643 511/528
f 629/646 565/582 567/584
f 630/647 602/619 631/648
f 632/649 590/607 633/650
f 626/643 625/642 620/637
f 510/527 631/648 628/645
f 632/649 633/650 634/651
f 505/522 630/647 631/648
f 630/647 607/624 602/619
f 625/642 628/645 598/615
f 582/599 601/618 607/624
f 635/652 636/653 570/587
f 596/613 581/598 594/611
f 635/652 629/646 637/654
f 629/646 570/587 565/582
f 635/652 570/587 629/646
f 638/655 629/646 567/584
f 626/643 627/644 625/642
f 635/652 639/656 636/653
f 607/624 596/613 595/612
f 607/624 595/612 582/599
f 640/657 639/656 635/652
f 637/654 640/657 635/652
f 641/658 639/656 640/657
f 625/642 621/638 620/637
f 642/659 639/656 641/658
f 643/660 640/657 637/654
f 644/661 645/662 646/663
f 641/658 647/664 642/659
f 641/658 640/657 643/660
f 648/665 641/658 643/660
f 645/662 591/608 646/663
f 649/666 596/613 630/647
f 596/613 607/624 630/647
f 596/613 649/666 650/667
f 638/655 645/662 629/646
f 651/668 652/669 653/670
f 652/669 654/671 653/670
f 589/606 638/655 567/584
f 629/646 645/662 637/654
f 633/650 655/672 634/651
f 590/607 632/649 656/673
f 638/655 589/606 645/662
f 589/606 591/608 645/662
f 657/674 658/675 653/676
f 644/661 643/660 637/654
f 644/661 637/654 645/662
f 590/607 589/606 633/650
f 644/661 659/677 648/665
f 646/663 659/677 644/661
f 653/670 658/678 651/668
f 643/660 644/661 648/665
f 649/666 630/647 503/520
f 646/663 591/608 590/607
f 656/673 646/663 590/607
f 602/619 628/645 631/648
f 509/526 631/648 510/527
f 505/522 631/648 509/526
f 660/679 649/666 503/520
f 630/647 505/522 503/520
f 661/680 641/658 662/681
f 663/682 664/683 665/684
f 641/658 648/665 662/681
f 647/664 641/658 661/680
f 656/673 659/677 646/663
f 659/677 662/681 648/665
f 666/685 661/680 662/681
f 634/651 667/686 632/649
f 659/677 666/685 662/681
f 668/687 666/685 659/677
f 668/687 669/688 670/689
f 659/677 656/673 671/690
f 656/673 632/649 671/690
f 659/677 671/690 668/687
f 672/691 668/687 671/690
f 670/689 666/685 668/687
f 673/692 666/685 670/689
f 666/685 673/692 674/693
f 672/691 669/688 668/687
f 673/692 670/689 675/694
f 675/694 676/695 673/692
f 676/695 665/684 673/692
f 673/692 665/684 664/683
f 674/693 673/692 664/683
f 677/696 667/686 678/697
f 674/693 679/698 666/685
f 651/668 658/678 680/699
f 680/699 681/700 682/701
f 680/699 682/701 651/668
f 651/668 682/701 652/669
f 682/701 683/702 652/669
f 684/703 685/704 682/701
f 686/705 685/704 687/706
f 683/702 682/701 686/705
f 682/701 685/704 686/705
f 686/705 687/706 688/707
f 677/696 678/697 688/707
f 663/682 679/698 664/683
f 664/683 679/698 674/693
f 654/671 652/669 689/708
f 667/686 634/651 690/709
f 689/708 652/669 691/710
f 652/669 683/702 691/710
f 679/698 663/682 692/711
f 686/705 688/707 691/710
f 693/712 691/710 688/707
f 671/690 667/686 672/691
f 667/686 671/690 632/649
f 666/685 679/698 661/680
f 661/680 679/698 647/664
f 678/697 690/709 693/712
f 690/709 678/697 667/686
f 686/705 691/710 683/702
f 688/707 678/697 693/712
f 677/696 688/707 687/706
f 694/713 677/696 687/706
f 694/713 695/714 677/696
f 669/688 672/691 695/714
f 695/714 672/691 677/696
f 672/691 667/686 677/696
f 669/688 696/715 670/689
f 317/329 478/491 479/492
f 697/716 681/700 680/699
f 698/717 699/718 700/719
f 680/699 658/678 697/716
f 701/720 700/719 699/718
f 702/721 681/700 697/716
f 703/722 704/723 705/724
f 706/725 703/722 702/721
f 703/722 707/726 702/721
f 707/726 703/722 705/724
f 158/163 159/164 274/286
f 657/674 708/727 658/675
f 701/720 699/718 709/728
f 658/675 708/727 697/729
f 710/730 709/728 699/718
f 711/731 158/163 274/286
f 158/163 712/732 156/161
f 713/733 708/727 657/674
f 156/161 712/732 157/162
f 714/734 715/735 716/736
f 717/737 713/733 657/674
f 712/732 718/738 719/739
f 712/732 720/740 718/738
f 699/718 721/741 710/730
f 158/163 711/731 712/732
f 699/718 722/742 723/743
f 151/156 719/739 724/744
f 724/744 725/745 151/156
f 723/743 721/741 699/718
f 151/156 725/745 152/157
f 723/743 726/746 721/741
f 157/162 712/732 719/739
f 718/738 724/744 719/739
f 157/162 719/739 151/156
f 206/255 245/256 207/747
f 727/748 706/749 708/727
f 702/721 697/716 706/725
f 708/727 706/749 697/729
f 727/748 728/750 706/749
f 721/741 726/746 710/730
f 729/751 713/733 717/737
f 713/733 727/748 708/727
f 730/752 729/751 717/737
f 727/748 713/733 729/751
f 731/753 732/754 733/755
f 734/756 726/746 723/743
f 728/750 727/748 729/751
f 730/752 731/753 729/751
f 735/757 729/751 731/753
f 736/758 735/757 731/753
f 737/759 738/760 739/761
f 730/752 732/754 731/753
f 740/762 736/758 731/753
f 741/763 733/755 732/754
f 706/725 728/764 703/722
f 740/762 731/753 733/755
f 742/765 710/730 726/746
f 203/211 743/766 274/286
f 202/210 743/766 203/211
f 703/722 744/767 745/768
f 291/303 292/304 746/769
f 202/210 746/769 743/766
f 746/769 202/210 291/303
f 292/304 747/770 746/769
f 728/764 744/767 703/722
f 746/769 748/771 743/766
f 728/750 735/757 744/772
f 749/773 704/723 745/768
f 703/722 745/768 704/723
f 750/774 751/775 225/776
f 225/233 751/777 292/304
f 751/775 750/774 752/778
f 753/779 750/774 225/776
f 245/256 753/779 207/747
f 225/233 292/304 226/234
f 207/747 753/779 225/776
f 753/779 754/780 750/774
f 747/770 292/304 751/777
f 245/256 754/780 753/779
f 743/766 711/731 274/286
f 754/780 245/256 273/285
f 755/781 754/780 756/782
f 711/731 757/783 712/732
f 720/740 712/732 757/783
f 729/751 735/757 728/750
f 273/285 756/782 754/780
f 745/784 744/772 735/757
f 718/738 720/740 724/744
f 739/761 758/785 759/786
f 724/744 759/786 758/785
f 739/761 759/786 760/787
f 761/788 760/787 759/786
f 746/769 747/770 748/771
f 743/766 748/771 711/731
f 762/789 748/771 747/770
f 748/771 763/790 711/731
f 748/771 762/789 763/790
f 759/786 724/744 720/740
f 750/774 754/780 755/781
f 762/789 764/791 763/790
f 765/792 751/775 752/778
f 766/793 750/774 755/781
f 752/778 766/793 767/794
f 752/778 767/794 768/795
f 762/789 747/770 765/796
f 768/795 769/797 752/778
f 751/777 765/796 747/770
f 765/792 752/778 769/797
f 769/798 770/799 764/791
f 762/789 765/796 764/791
f 771/800 770/799 769/798
f 772/801 768/795 767/794
f 750/774 766/793 752/778
f 773/802 768/795 772/801
f 769/798 764/791 765/796
f 769/797 768/795 773/802
f 774/803 773/802 772/801
f 773/802 771/804 769/797
f 775/805 771/804 773/802
f 774/803 775/805 773/802
f 763/790 757/783 711/731
f 776/806 771/804 775/805
f 761/788 757/783 777/807
f 720/740 757/783 761/788
f 757/783 778/808 777/807
f 763/790 779/809 778/808
f 778/808 757/783 763/790
f 779/809 764/791 770/799
f 763/790 764/791 779/809
f 770/799 778/808 779/809
f 759/786 720/740 761/788
f 760/787 761/788 780/810
f 781/811 782/812 778/808
f 761/788 777/807 780/810
f 777/807 778/808 782/812
f 783/813 780/810 782/812
f 782/812 780/810 777/807
f 783/813 784/814 785/815
f 770/799 771/800 778/808
f 786/816 783/813 785/815
f 783/813 782/812 784/814
f 778/808 771/800 781/811
f 781/811 771/800 787/817
f 788/818 787/817 771/800
f 784/814 781/811 787/817
f 782/812 781/811 784/814
f 787/817 785/815 784/814
f 787/817 715/735 785/815
f 716/736 715/735 749/819
f 787/817 749/819 715/735
f 771/804 776/806 788/820
f 788/818 749/819 787/817
f 788/820 789/821 749/773
f 790/822 788/820 776/806
f 789/821 788/820 790/822
f 704/723 789/821 790/822
f 745/784 716/736 749/819
f 704/723 749/773 789/821
f 791/823 704/723 790/822
f 767/794 766/793 755/781
f 736/758 716/736 735/757
f 755/781 792/824 767/794
f 767/794 792/824 793/825
f 742/765 794/826 795/827
f 714/734 785/815 715/735
f 709/728 796/828 797/829
f 772/801 767/794 793/825
f 745/784 735/757 716/736
f 736/758 798/830 714/734
f 793/825 799/831 774/803
f 800/832 775/805 774/803
f 709/728 710/730 796/828
f 801/833 775/805 800/832
f 758/785 739/761 738/760
f 714/734 716/736 736/758
f 798/830 786/816 714/734
f 802/834 776/806 775/805
f 772/801 793/825 774/803
f 733/755 741/763 803/835
f 801/833 802/834 775/805
f 740/762 733/755 803/835
f 739/761 796/828 737/759
f 797/829 796/828 760/787
f 710/730 737/759 796/828
f 741/763 700/719 803/835
f 804/836 802/834 805/837
f 790/822 776/806 802/834
f 804/836 806/838 790/822
f 803/835 701/720 709/728
f 709/728 807/839 803/835
f 806/838 791/823 790/822
f 802/834 804/836 790/822
f 701/720 803/835 700/719
f 807/839 786/816 798/830
f 807/839 798/830 740/762
f 740/762 803/835 807/839
f 740/762 798/830 736/758
f 714/734 786/816 785/815
f 725/745 758/785 738/760
f 808/840 709/728 797/829
f 739/761 760/787 796/828
f 786/816 807/839 808/840
f 786/816 780/810 783/813
f 246/257 152/157 809/841
f 246/257 809/841 810/842
f 811/843 795/827 794/826
f 811/843 794/826 809/841
f 812/844 810/842 813/845
f 809/841 152/157 811/843
f 246/257 810/842 812/844
f 808/840 807/839 709/728
f 742/765 737/759 710/730
f 152/157 725/745 811/843
f 737/759 742/765 795/827
f 810/842 809/841 794/826
f 786/816 808/840 780/810
f 808/840 760/787 780/810
f 760/787 808/840 797/829
f 758/785 725/745 724/744
f 795/827 738/760 737/759
f 810/842 794/826 814/846
f 738/760 795/827 725/745
f 698/717 815/847 699/718
f 722/742 699/718 815/847
f 811/843 725/745 795/827
f 810/842 816/848 817/849
f 816/848 726/746 734/756
f 742/765 726/746 794/826
f 816/848 810/842 814/846
f 726/746 814/846 794/826
f 734/756 818/850 816/848
f 813/845 810/842 817/849
f 726/746 816/848 814/846
f 819/851 820/852 821/853
f 822/854 823/855 824/856
f 824/856 825/857 826/858
f 827/859 826/858 819/851
f 823/855 825/857 824/856
f 825/857 823/855 820/852
f 828/860 820/852 823/855
f 820/852 828/860 829/861
f 830/862 828/860 831/863
f 819/851 825/857 820/852
f 819/851 826/858 825/857
f 832/864 826/858 833/865
f 826/858 827/859 833/865
f 200/208 199/207 834/866
f 827/859 819/851 821/853
f 200/208 835/867 836/868
f 836/868 201/209 200/208
f 834/866 835/867 200/208
f 837/869 836/868 835/867
f 827/859 838/870 833/865
f 836/868 837/869 839/871
f 201/209 836/868 198/206
f 821/853 820/852 829/861
f 193/201 198/206 839/871
f 840/872 839/871 841/873
f 198/206 836/868 839/871
f 193/201 839/871 840/872
f 842/874 840/872 843/875
f 830/862 829/861 828/860
f 840/872 841/873 843/875
f 830/862 821/853 829/861
f 844/876 845/877 846/878
f 847/879 848/880 849/881
f 850/882 851/883 835/867
f 852/884 827/859 821/853
f 853/885 854/886 850/882
f 835/867 851/883 837/869
f 838/870 827/859 855/887
f 854/886 856/888 857/889
f 858/890 859/891 860/892
f 536/553 861/893 525/542
f 854/886 862/894 856/888
f 863/895 864/896 854/886
f 854/886 857/889 851/883
f 851/883 850/882 854/886
f 865/897 866/898 859/891
f 539/556 861/893 858/890
f 536/553 543/560 861/893
f 857/889 841/873 837/869
f 837/869 841/873 839/871
f 857/889 837/869 851/883
f 861/893 539/556 525/542
f 867/899 857/889 856/888
f 841/873 857/889 868/900
f 841/873 868/900 843/875
f 869/901 870/902 865/897
f 867/899 868/900 857/889
f 843/875 868/900 871/903
f 872/904 838/870 855/887
f 873/905 858/890 861/893
f 872/904 845/877 838/870
f 861/893 543/560 873/905
f 874/906 543/560 603/620
f 543/560 874/906 873/905
f 865/897 875/907 866/898
f 854/886 864/896 862/894
f 876/908 877/909 864/896
f 878/910 877/909 876/908
f 879/911 877/909 878/910
f 878/910 876/908 880/912
f 879/911 862/894 877/909
f 881/913 875/907 870/902
f 879/911 882/914 862/894
f 880/912 883/915 878/910
f 884/916 882/914 879/911
f 865/897 873/905 885/917
f 864/896 877/909 862/894
f 886/918 878/910 887/919
f 883/915 887/919 878/910
f 887/919 883/915 888/920
f 882/914 867/899 862/894
f 889/921 887/919 888/920
f 890/922 882/914 891/923
f 856/888 862/894 867/899
f 865/897 870/902 875/907
f 886/918 891/923 884/916
f 891/923 882/914 884/916
f 867/899 890/922 868/900
f 871/903 890/922 892/924
f 891/923 886/918 893/925
f 890/922 891/923 894/926
f 886/918 884/916 879/911
f 886/918 879/911 878/910
f 890/922 871/903 868/900
f 886/918 895/927 893/925
f 890/922 894/926 892/924
f 896/928 895/927 897/929
f 886/918 887/919 895/927
f 893/925 895/927 896/928
f 890/922 867/899 882/914
f 898/930 894/926 893/925
f 899/931 898/930 893/925
f 873/905 900/932 885/917
f 859/891 858/890 865/897
f 873/905 865/897 858/890
f 893/925 894/926 891/923
f 901/933 881/913 870/902
f 897/929 889/921 902/934
f 903/935 902/934 904/936
f 897/929 887/919 889/921
f 895/927 887/919 897/929
f 905/937 844/876 906/938
f 888/920 904/936 889/921
f 865/897 885/917 869/901
f 902/934 903/935 907/939
f 902/934 889/921 904/936
f 908/940 902/934 907/939
f 909/941 901/933 870/902
f 869/901 910/942 870/902
f 869/901 885/917 910/942
f 911/943 907/939 912/944
f 844/876 846/878 906/938
f 909/941 870/902 910/942
f 838/870 845/877 833/865
f 913/945 912/944 903/935
f 899/931 893/925 896/928
f 914/946 915/947 916/948
f 915/947 912/944 913/945
f 912/944 915/947 914/946
f 903/935 912/944 907/939
f 917/949 914/946 916/948
f 908/940 897/929 902/934
f 918/950 899/931 919/951
f 908/940 919/951 897/929
f 919/951 899/931 896/928
f 911/943 919/951 908/940
f 899/931 920/952 898/930
f 918/950 920/952 899/931
f 921/953 919/951 911/943
f 914/946 911/943 912/944
f 922/954 921/953 911/943
f 922/954 914/946 917/949
f 919/951 896/928 897/929
f 918/950 923/955 920/952
f 908/940 907/939 911/943
f 923/955 919/951 921/953
f 919/951 923/955 918/950
f 922/954 911/943 914/946
f 924/956 925/957 923/955
f 924/956 909/941 910/942
f 924/956 923/955 921/953
f 909/941 924/956 926/958
f 905/937 845/877 844/876
f 926/958 901/933 909/941
f 906/938 927/959 928/960
f 929/961 930/962 901/933
f 926/958 929/961 901/933
f 901/933 930/962 881/913
f 921/953 926/958 924/956
f 931/963 929/961 926/958
f 51/53 52/54 193/201
f 51/53 193/201 840/872
f 51/53 932/964 40/42
f 933/965 840/872 842/874
f 933/965 932/964 51/53
f 934/966 922/954 917/949
f 922/954 934/966 931/963
f 924/956 910/942 925/957
f 51/53 840/872 933/965
f 41/43 40/42 935/967
f 872/904 846/878 845/877
f 40/42 932/964 935/967
f 932/964 936/968 935/967
f 937/969 938/970 939/971
f 932/964 933/965 936/968
f 936/968 940/972 941/973
f 942/974 936/968 941/973
f 936/968 939/971 940/972
f 935/967 936/968 942/974
f 842/874 939/971 933/965
f 935/967 942/974 41/43
f 942/974 34/36 41/43
f 34/36 942/974 529/546
f 933/965 939/971 936/968
f 34/36 529/546 521/538
f 842/874 843/875 937/969
f 843/875 938/970 937/969
f 871/903 938/970 843/875
f 940/972 939/971 938/970
f 941/973 943/975 942/974
f 938/970 892/924 944/976
f 928/960 905/937 906/938
f 842/874 937/969 939/971
f 944/976 945/977 943/975
f 941/973 940/972 944/976
f 944/976 943/975 941/973
f 946/978 943/975 945/977
f 944/976 940/972 938/970
f 945/977 947/979 946/978
f 529/546 943/975 530/547
f 943/975 529/546 942/974
f 540/557 943/975 946/978
f 892/924 938/970 871/903
f 530/547 943/975 540/557
f 948/980 855/887 827/859
f 949/981 845/877 905/937
f 926/958 922/954 931/963
f 922/954 926/958 921/953
f 950/982 951/983 952/984
f 953/985 951/983 954/986
f 951/983 953/985 952/984
f 845/877 949/981 833/865
f 894/926 955/987 892/924
f 956/988 957/989 955/987
f 928/960 949/981 905/937
f 958/990 892/924 955/987
f 944/976 892/924 959/991
f 957/989 958/990 955/987
f 957/989 960/992 959/991
f 957/989 959/991 958/990
f 894/926 956/988 955/987
f 898/930 956/988 894/926
f 961/993 962/994 956/988
f 892/924 958/990 959/991
f 961/993 963/995 962/994
f 957/989 964/996 960/992
f 962/994 963/995 964/996
f 945/977 944/976 959/991
f 947/979 945/977 965/997
f 962/994 964/996 956/988
f 957/989 956/988 964/996
f 959/991 965/997 945/977
f 965/997 959/991 960/992
f 965/997 966/998 947/979
f 946/978 572/589 540/557
f 960/992 577/594 965/997
f 572/589 966/998 573/590
f 966/998 965/997 577/594
f 934/966 950/982 931/963
f 577/594 573/590 966/998
f 967/999 577/594 960/992
f 960/992 964/996 967/999
f 968/1000 967/999 969/1001
f 964/996 969/1001 967/999
f 964/996 963/995 969/1001
f 597/614 583/600 968/1000
f 970/1002 586/603 968/1000
f 967/999 968/1000 577/594
f 572/589 947/979 966/998
f 968/1000 969/1001 970/1002
f 934/966 951/983 950/982
f 969/1001 963/995 970/1002
f 583/600 577/594 968/1000
f 597/614 968/1000 586/603
f 898/930 971/1003 961/993
f 934/966 917/949 954/986
f 961/993 956/988 898/930
f 920/952 971/1003 898/930
f 920/952 923/955 971/1003
f 963/995 972/1004 973/1005
f 974/1006 971/1003 975/1007
f 961/993 972/1004 963/995
f 974/1006 976/1008 972/1004
f 925/957 971/1003 923/955
f 973/1005 970/1002 963/995
f 925/957 910/942 885/917
f 975/1007 925/957 885/917
f 900/932 975/1007 885/917
f 971/1003 974/1006 961/993
f 972/1004 961/993 974/1006
f 900/932 977/1009 974/1006
f 973/1005 978/1010 970/1002
f 900/932 873/905 874/906
f 976/1008 979/1011 980/1012
f 980/1012 978/1010 976/1008
f 971/1003 925/957 975/1007
f 980/1012 587/604 978/1010
f 975/1007 900/932 974/1006
f 951/983 934/966 954/986
f 587/604 586/603 970/1002
f 977/1009 976/1008 974/1006
f 977/1009 979/1011 976/1008
f 972/1004 976/1008 973/1005
f 977/1009 874/906 979/1011
f 979/1011 603/620 981/1013
f 954/986 917/949 916/948
f 979/1011 874/906 603/620
f 587/604 980/1012 592/609
f 978/1010 587/604 970/1002
f 592/609 980/1012 981/1013
f 900/932 874/906 977/1009
f 982/1014 983/1015 984/1016
f 855/887 948/980 985/1017
f 928/960 927/959 986/1018
f 987/1019 657/674 653/676
f 988/1020 987/1019 989/1021
f 657/674 987/1019 717/737
f 987/1019 988/1020 717/737
f 976/1008 978/1010 973/1005
f 833/865 949/981 832/864
f 817/849 816/848 990/1022
f 847/879 991/1023 990/1022
f 992/1024 993/1025 994/1026
f 995/1027 996/1028 997/1029
f 826/858 832/864 824/856
f 990/1022 991/1023 817/849
f 989/1021 998/1030 999/1031
f 990/1022 1000/1032 847/879
f 981/1013 980/1012 979/1011
f 818/850 1001/1033 1002/1034
f 818/850 1002/1034 990/1022
f 1003/1035 1002/1034 1001/1033
f 1004/1036 847/879 1005/1037
f 1000/1032 1005/1037 847/879
f 994/1026 1006/1038 927/959
f 1007/1039 1008/1040 999/1031
f 1005/1037 1000/1032 1009/1041
f 1002/1034 1009/1041 990/1022
f 927/959 906/938 994/1026
f 1010/1042 1011/1043 1003/1035
f 990/1022 1009/1041 1000/1032
f 1011/1043 1012/1044 1003/1035
f 1013/1045 1005/1037 1014/1046
f 1005/1037 1009/1041 1014/1046
f 1007/1039 999/1031 998/1030
f 983/1015 1014/1046 1009/1041
f 1012/1044 1011/1043 1009/1041
f 1013/1045 1004/1036 1005/1037
f 990/1022 816/848 818/850
f 1015/1047 997/1029 1010/1042
f 1015/1047 1010/1042 1016/1048
f 983/1015 1009/1041 1011/1043
f 997/1029 1017/1049 1010/1042
f 723/743 722/742 1001/1033
f 1018/1050 1015/1047 1019/1051
f 992/1024 1020/1052 1021/1053
f 734/756 723/743 1001/1033
f 734/756 1001/1033 818/850
f 1004/1036 848/880 847/879
f 815/847 1001/1033 722/742
f 1022/1054 1023/1055 1024/1056
f 1003/1035 1001/1033 1016/1048
f 1001/1033 815/847 1024/1056
f 1001/1033 1025/1057 1016/1048
f 1026/1058 1021/1053 1027/1059
f 698/717 700/719 1028/1060
f 698/717 1022/1054 815/847
f 1022/1054 698/717 1028/1060
f 1002/1034 1012/1044 1009/1041
f 1022/1054 1024/1056 815/847
f 1029/1061 1022/1054 1030/1062
f 1002/1034 1003/1035 1012/1044
f 1022/1054 1028/1060 1030/1062
f 1001/1033 1024/1056 1025/1057
f 1025/1057 1024/1056 1023/1055
f 1031/1063 1025/1057 1023/1055
f 1031/1063 1015/1047 1016/1048
f 1031/1063 1023/1055 1032/1064
f 1025/1057 1031/1063 1016/1048
f 1031/1063 1019/1051 1015/1047
f 1018/1050 1033/1065 1034/1066
f 1016/1048 1010/1042 1003/1035
f 1023/1055 1029/1061 1032/1064
f 1029/1061 1023/1055 1022/1054
f 1018/1050 1035/1067 1033/1065
f 1031/1063 1018/1050 1019/1051
f 1035/1067 1018/1050 1032/1064
f 1036/1068 1035/1067 1032/1064
f 1036/1068 1032/1064 1029/1061
f 1037/1069 1038/1070 1030/1062
f 1030/1062 1039/1071 1029/1061
f 1037/1069 1030/1062 1028/1060
f 1029/1061 1039/1071 1036/1068
f 1040/1072 1039/1071 1008/1040
f 1030/1062 1038/1070 1039/1071
f 1031/1063 1032/1064 1018/1050
f 1040/1072 1008/1040 1041/1073
f 1039/1071 1038/1070 1008/1040
f 989/1021 999/1031 988/1020
f 999/1031 1008/1040 1038/1070
f 717/737 988/1020 730/752
f 730/752 988/1020 999/1031
f 994/1026 1020/1052 992/1024
f 1037/1069 732/754 999/1031
f 999/1031 732/754 730/752
f 1026/1058 1039/1071 1040/1072
f 1014/1046 983/1015 982/1014
f 732/754 1037/1069 741/763
f 1042/1074 984/1016 1017/1049
f 1037/1069 999/1031 1038/1070
f 906/938 1020/1052 994/1026
f 906/938 846/878 1020/1052
f 1017/1049 996/1028 1042/1074
f 1011/1043 1010/1042 1017/1049
f 997/1029 996/1028 1017/1049
f 997/1029 1015/1047 1018/1050
f 1043/1075 995/1027 997/1029
f 1043/1075 997/1029 1018/1050
f 983/1015 1017/1049 984/1016
f 1034/1066 1043/1075 1018/1050
f 1043/1075 1034/1066 1044/1076
f 983/1015 1011/1043 1017/1049
f 947/979 572/589 946/978
f 1044/1076 995/1027 1043/1075
f 1044/1076 1045/1077 995/1027
f 741/763 1028/1060 700/719
f 1046/1078 1044/1076 1047/1079
f 1042/1074 996/1028 1048/1080
f 741/763 1037/1069 1028/1060
f 1048/1080 1045/1077 1049/1081
f 993/1025 992/1024 1021/1053
f 1027/1059 1039/1071 1026/1058
f 1046/1078 1045/1077 1044/1076
f 1027/1059 1036/1068 1039/1071
f 1045/1077 1048/1080 996/1028
f 1050/1082 855/887 985/1017
f 855/887 1050/1082 872/904
f 1050/1082 1045/1077 1046/1078
f 1034/1066 1047/1079 1044/1076
f 985/1017 1045/1077 1050/1082
f 1047/1079 1020/1052 1046/1078
f 1046/1078 1020/1052 1050/1082
f 846/878 872/904 1020/1052
f 1020/1052 872/904 1050/1082
f 1035/1067 1027/1059 1033/1065
f 1033/1065 1047/1079 1034/1066
f 996/1028 995/1027 1045/1077
f 1047/1079 1033/1065 1021/1053
f 1049/1081 1045/1077 985/1017
f 1036/1068 1027/1059 1035/1067
f 1020/1052 1047/1079 1021/1053
f 1033/1065 1027/1059 1021/1053
f 603/620 592/609 981/1013
f 1051/1083 1052/1084 1053/1085
f 1052/1084 1054/1086 1055/1087
f 663/682 1056/1088 692/711
f 1057/1089 1056/1088 663/682
f 1058/1090 1051/1083 1059/1091
f 1059/1091 1051/1083 1060/1092
f 1055/1087 1053/1085 1052/1084
f 1053/1085 1060/1092 1051/1083
f 1061/1093 1062/1094 1058/1090
f 665/684 1057/1089 663/682
f 1063/1095 665/684 676/695
f 665/684 1063/1095 1057/1089
f 273/285 378/391 1064/1096
f 1065/1097 1066/1098 1067/1099
f 1057/1089 1063/1095 1068/1100
f 1069/1101 1057/1089 1068/1100
f 1070/1102 1063/1095 1071/1103
f 1072/1104 1069/1101 1068/1100
f 1063/1095 1070/1102 1068/1100
f 1072/1104 1070/1102 1065/1097
f 1072/1104 1068/1100 1070/1102
f 1073/1105 756/782 1064/1096
f 378/391 1073/1105 1064/1096
f 756/782 1074/1106 792/824
f 756/782 1073/1105 1074/1106
f 1073/1105 378/391 423/436
f 1073/1105 1075/1107 1074/1106
f 1076/1108 1072/1104 1065/1097
f 1077/1109 1078/1110 1052/1084
f 1070/1102 1066/1098 1065/1097
f 1076/1108 1065/1097 1067/1099
f 1067/1099 1079/1111 1080/1112
f 1051/1083 1081/1113 1052/1084
f 428/441 1082/1114 423/436
f 1083/1115 1078/1110 1077/1109
f 1075/1107 1073/1105 423/436
f 1075/1107 423/436 1082/1114
f 1063/1095 676/695 1071/1103
f 1084/1116 676/695 675/694
f 1071/1103 676/695 1084/1116
f 439/452 430/443 432/445
f 431/444 1082/1114 428/441
f 430/443 439/452 431/444
f 1061/1093 1058/1090 1085/1117
f 431/444 1086/1118 1082/1114
f 1086/1118 431/444 439/452
f 1086/1118 439/452 1087/1119
f 1088/1120 1070/1102 1071/1103
f 1071/1103 1084/1116 1088/1120
f 1089/1121 1084/1116 675/694
f 1064/1096 756/782 273/285
f 1090/1122 1091/1123 1092/1124
f 756/782 792/824 755/781
f 696/715 1089/1121 675/694
f 675/694 670/689 696/715
f 1093/1125 1088/1120 1094/1126
f 1093/1125 1094/1126 1095/1127
f 792/824 1096/1128 793/825
f 1096/1128 799/831 793/825
f 1088/1120 1084/1116 1094/1126
f 1094/1126 1084/1116 1089/1121
f 1070/1102 1088/1120 1097/1129
f 1074/1106 1096/1128 792/824
f 1098/1130 1096/1128 1099/1131
f 1099/1131 1096/1128 1074/1106
f 1100/1132 1101/1133 1098/1130
f 1101/1133 799/831 1098/1130
f 1101/1133 801/833 799/831
f 800/832 799/831 801/833
f 1096/1128 1098/1130 799/831
f 1099/1131 1074/1106 1075/1107
f 1099/1131 1075/1107 1100/1132
f 800/832 774/803 799/831
f 1100/1132 1098/1130 1099/1131
f 1102/1134 1100/1132 1075/1107
f 1082/1114 1102/1134 1075/1107
f 1102/1134 1082/1114 1086/1118
f 1103/1135 1101/1133 1104/1136
f 1101/1133 1100/1132 1104/1136
f 1086/1118 1087/1119 1102/1134
f 1105/1137 1106/1138 1107/1139
f 1104/1136 1100/1132 1107/1139
f 1058/1090 1059/1091 1085/1117
f 1087/1119 1055/1087 1105/1137
f 1105/1137 1102/1134 1087/1119
f 1085/1117 1108/1140 1061/1093
f 1085/1117 1059/1091 427/440
f 1066/1098 1070/1102 1097/1129
f 1109/1141 802/834 801/833
f 1103/1135 1109/1141 1101/1133
f 1102/1134 1107/1139 1100/1132
f 1101/1133 1109/1141 801/833
f 1105/1137 1107/1139 1102/1134
f 1110/1142 1108/1140 1085/1117
f 1111/1143 1112/1144 1083/1115
f 1097/1129 1113/1145 1066/1098
f 805/837 802/834 1109/1141
f 1113/1145 1097/1129 1093/1125
f 1114/1146 1115/1147 1116/1148
f 1114/1146 1109/1141 1103/1135
f 1093/1125 1097/1129 1088/1120
f 1116/1148 805/837 1109/1141
f 1114/1146 1116/1148 1109/1141
f 1066/1098 1113/1145 1079/1111
f 1083/1115 1077/1109 1117/1149
f 804/836 1116/1148 1115/1147
f 1116/1148 804/836 805/837
f 1118/1150 1119/1151 806/838
f 1107/1139 1120/1152 1104/1136
f 1115/1147 1118/1150 804/836
f 1115/1147 1121/1153 1118/1150
f 1122/1154 1123/1155 1120/1152
f 1124/1156 1125/1157 1103/1135
f 1123/1155 1124/1156 1104/1136
f 1104/1136 1120/1152 1123/1155
f 1125/1157 1115/1147 1114/1146
f 1103/1135 1104/1136 1124/1156
f 1107/1139 1106/1138 1120/1152
f 1105/1137 1054/1086 1106/1138
f 1055/1087 1054/1086 1105/1137
f 1125/1157 1114/1146 1103/1135
f 804/836 1118/1150 806/838
f 1126/1158 1123/1155 1112/1144
f 1127/1159 1124/1156 1126/1158
f 1106/1138 1122/1154 1120/1152
f 1112/1144 1127/1159 1126/1158
f 1112/1144 1123/1155 1122/1154
f 1127/1159 1112/1144 1111/1143
f 1054/1086 1122/1154 1106/1138
f 1128/1160 1125/1157 1129/1161
f 1124/1156 1129/1161 1125/1157
f 1128/1160 1115/1147 1125/1157
f 1128/1160 1121/1153 1115/1147
f 1129/1161 1130/1162 1131/1163
f 1054/1086 1078/1110 1122/1154
f 1127/1159 1129/1161 1124/1156
f 1127/1159 1111/1143 1130/1162
f 1130/1162 1129/1161 1127/1159
f 1128/1160 1132/1164 1133/1165
f 1078/1110 1083/1115 1122/1154
f 1122/1154 1083/1115 1112/1144
f 1134/1166 1132/1164 1131/1163
f 1132/1164 1128/1160 1129/1161
f 1128/1160 1135/1167 1121/1153
f 1136/1168 1131/1163 1130/1162
f 1128/1160 1133/1165 1135/1167
f 1137/1169 1093/1125 1095/1127
f 1132/1164 1134/1166 1137/1169
f 1113/1145 1093/1125 1138/1170
f 1093/1125 1137/1169 1138/1170
f 1138/1170 1137/1169 1134/1166
f 1067/1099 1066/1098 1079/1111
f 1132/1164 1129/1161 1131/1163
f 1139/1171 1140/1172 1079/1111
f 1141/1173 1139/1171 1079/1111
f 791/823 705/724 704/723
f 705/724 806/838 1119/1151
f 806/838 705/724 791/823
f 1141/1173 1090/1122 1139/1171
f 1121/1153 1119/1151 1118/1150
f 1142/1174 1090/1122 1141/1173
f 1139/1171 1092/1124 1143/1175
f 705/724 1119/1151 1144/1176
f 1091/1123 1051/1083 1145/1177
f 1092/1124 1139/1171 1090/1122
f 707/726 705/724 1144/1176
f 406/419 409/422 1110/1142
f 1146/1178 707/726 1147/1179
f 1144/1176 1147/1179 707/726
f 1119/1151 1135/1167 1148/1180
f 1135/1167 1119/1151 1121/1153
f 1146/1178 1147/1179 1149/1181
f 1144/1176 1119/1151 1148/1180
f 1150/1182 1144/1176 1148/1180
f 1137/1169 1133/1165 1132/1164
f 1133/1165 1148/1180 1135/1167
f 1133/1165 1095/1127 1148/1180
f 1133/1165 1137/1169 1095/1127
f 1149/1181 1147/1179 1150/1182
f 1144/1176 1150/1182 1147/1179
f 1150/1182 1151/1183 1149/1181
f 1152/1184 694/713 1151/1183
f 1123/1155 1126/1158 1124/1156
f 1153/1185 1148/1180 1095/1127
f 1150/1182 1148/1180 1153/1185
f 1094/1126 1089/1121 1153/1185
f 694/713 1152/1184 696/715
f 1153/1185 696/715 1152/1184
f 1095/1127 1094/1126 1153/1185
f 1153/1185 1152/1184 1150/1182
f 1089/1121 696/715 1153/1185
f 684/703 702/721 707/726
f 427/440 1110/1142 1085/1117
f 702/721 684/703 681/700
f 1150/1182 1152/1184 1151/1183
f 1154/1186 1077/1109 1081/1113
f 707/726 1146/1178 684/703
f 1146/1178 685/704 684/703
f 695/714 696/715 669/688
f 1058/1090 1145/1177 1051/1083
f 695/714 694/713 696/715
f 1110/1142 427/440 406/419
f 1091/1123 1155/1187 1081/1113
f 1113/1145 1138/1170 1142/1174
f 1092/1124 1091/1123 1145/1177
f 1156/1188 1092/1124 1145/1177
f 1157/1189 1154/1186 1158/1190
f 685/704 1149/1181 687/706
f 684/703 682/701 681/700
f 685/704 1146/1178 1149/1181
f 1058/1090 1062/1094 1145/1177
f 1081/1113 1077/1109 1052/1084
f 1081/1113 1155/1187 1154/1186
f 687/706 1149/1181 1151/1183
f 1157/1189 1111/1143 1083/1115
f 1151/1183 694/713 687/706
f 1060/1092 425/438 427/440
f 1158/1190 1154/1186 1155/1187
f 1117/1149 1157/1189 1083/1115
f 1054/1086 1052/1084 1078/1110
f 1158/1190 1136/1168 1157/1189
f 1142/1174 1141/1173 1113/1145
f 1113/1145 1141/1173 1079/1111
f 1156/1188 1145/1177 1062/1094
f 1138/1170 1159/1191 1142/1174
f 1091/1123 1090/1122 1155/1187
f 1142/1174 1158/1190 1155/1187
f 1134/1166 1131/1163 1136/1168
f 1159/1191 1158/1190 1142/1174
f 1155/1187 1090/1122 1142/1174
f 1134/1166 1159/1191 1138/1170
f 1117/1149 1077/1109 1154/1186
f 1111/1143 1136/1168 1130/1162
f 1157/1189 1117/1149 1154/1186
f 1159/1191 1136/1168 1158/1190
f 1087/1119 439/452 434/447
f 1134/1166 1136/1168 1159/1191
f 1091/1123 1081/1113 1051/1083
f 425/438 1060/1092 434/447
f 1136/1168 1111/1143 1157/1189
f 1087/1119 434/447 1053/1085
f 1053/1085 1055/1087 1087/1119
f 1060/1092 1053/1085 434/447
f 1059/1091 1060/1092 427/440
f 1160/1192 1161/1193 1162/1194
f 1162/1194 1163/1195 1164/1196
f 1165/1197 1166/1198 1160/1192
f 1167/1199 1168/1200 1169/1201
f 1166/1198 1161/1193 1160/1192
f 1170/1202 1163/1195 1162/1194
f 1168/1200 1171/1203 1169/1201
f 1172/1204 1169/1201 1173/1205
f 1174/1206 1175/1207 1167/1199
f 1176/1208 1175/1207 1174/1206
f 1167/1199 1169/1201 1177/1209
f 1178/1210 1176/1208 1179/1211
f 1174/1206 1177/1209 1180/1212
f 1176/1208 1181/1213 1179/1211
f 1177/1209 1174/1206 1167/1199
f 1174/1206 1181/1213 1176/1208
f 1174/1206 1180/1212 1166/1198
f 1181/1213 1165/1197 1179/1211
f 1179/1211 1165/1197 1160/1192
f 1166/1198 1165/1197 1181/1213
f 1181/1213 1174/1206 1166/1198
f 1162/1194 1161/1193 1182/1214
f 1183/1215 1162/1194 1182/1214
f 1162/1194 1164/1196 1160/1192
f 1162/1194 1183/1215 1170/1202
f 358/370 344/379 334/1216
f 358/370 1184/1217 1185/1218
f 1185/1218 324/336 358/370
f 324/336 1185/1218 322/334
f 358/370 334/1216 1186/1219
f 1177/1209 1169/1201 1187/1220
f 1188/1221 322/334 1189/1222
f 1185/1218 1184/1217 1189/1222
f 1185/1218 1189/1222 322/334
f 1190/1223 1180/1212 1187/1220
f 1189/1222 1184/1217 1191/1224
f 1187/1220 1180/1212 1177/1209
f 1180/1212 1190/1223 1192/1225
f 1192/1225 1190/1223 1193/1226
f 455/468 457/470 460/473
f 1194/1227 460/473 1195/1228
f 1163/1195 1196/1229 1197/1230
f 1198/1231 1199/1232 1200/1233
f 1201/1234 1202/1235 1203/1236
f 457/470 359/371 1204/1237
f 1204/1237 460/473 457/470
f 1195/1228 460/473 1204/1237
f 1204/1237 1205/1238 1195/1228
f 1169/1201 1172/1204 1187/1220
f 1206/1239 1207/1240 1208/1241
f 1209/1242 1200/1233 1172/1204
f 1210/1243 1200/1233 1209/1242
f 1200/1233 1187/1220 1172/1204
f 1198/1231 1200/1233 1210/1243
f 1163/1195 1170/1202 1203/1236
f 1187/1220 1200/1233 1193/1226
f 1211/1244 1212/1245 1213/1246
f 1184/1217 1186/1219 1214/1247
f 1193/1226 1190/1223 1187/1220
f 1214/1247 1186/1219 1215/1248
f 1184/1217 358/370 1186/1219
f 1186/1219 336/1249 1215/1248
f 336/1249 1186/1219 334/1216
f 1215/1248 336/1249 1216/1250
f 1189/1222 1191/1224 1217/1251
f 1164/1196 1163/1195 1197/1230
f 1214/1247 1191/1224 1184/1217
f 1216/1252 336/348 1194/1227
f 336/348 459/472 460/473
f 1218/1253 1210/1243 1219/1254
f 1219/1254 1210/1243 1220/1255
f 1208/1241 1221/1256 1206/1239
f 459/472 336/348 335/347
f 1203/1257 1222/1258 1163/1259
f 322/334 407/420 337/349
f 1222/1258 1202/1260 1223/1261
f 1219/1254 1224/1262 1218/1253
f 1210/1243 1218/1253 1198/1231
f 336/348 460/473 1194/1227
f 1188/1221 1189/1222 1225/1263
f 1188/1221 407/420 322/334
f 1203/1257 1202/1260 1222/1258
f 1189/1222 1217/1251 1225/1263
f 1188/1221 408/421 407/420
f 1226/1264 409/422 408/421
f 1201/1234 1170/1202 1183/1215
f 1227/1265 1228/1266 1226/1264
f 1229/1267 1226/1264 408/421
f 1207/1240 1206/1239 1223/1261
f 1108/1140 1110/1142 1228/1266
f 1230/1268 1218/1253 1224/1262
f 1223/1261 1206/1239 1222/1258
f 1110/1142 409/422 1226/1264
f 1108/1140 1228/1266 1231/1269
f 1203/1236 1170/1202 1201/1234
f 1220/1255 1213/1246 1232/1270
f 1110/1142 1226/1264 1228/1266
f 1223/1261 1202/1260 1233/1271
f 1220/1255 1232/1270 1219/1254
f 1208/1241 1234/1272 1235/1273
f 1213/1246 1236/1274 1211/1244
f 1207/1240 1234/1272 1208/1241
f 1205/1238 1204/1237 342/354
f 1237/1275 1213/1246 1212/1245
f 1238/1276 1239/1277 1205/1238
f 1235/1273 1240/1278 1241/1279
f 359/371 342/354 1204/1237
f 1207/1240 1242/1280 1234/1272
f 342/354 341/353 1238/1276
f 1213/1246 1237/1275 1232/1270
f 1243/1281 1238/1276 354/366
f 342/354 1238/1276 1205/1238
f 1238/1276 341/353 354/366
f 1244/1282 1238/1276 1243/1281
f 1243/1281 354/366 314/326
f 1244/1282 1243/1281 1245/1283
f 1246/1284 1235/1273 1234/1272
f 354/366 311/323 314/326
f 1247/1285 1191/1224 1214/1247
f 1062/1094 1061/1093 1108/1140
f 1248/1286 1214/1247 1215/1248
f 1215/1248 1216/1250 1248/1286
f 1216/1252 1194/1227 1249/1287
f 1216/1250 1249/1288 1248/1286
f 1250/1289 1251/1290 1252/1291
f 1250/1289 1248/1286 1249/1288
f 1247/1285 1214/1247 1248/1286
f 1225/1263 408/421 1188/1221
f 1191/1224 1247/1285 1217/1251
f 1225/1263 1217/1251 1253/1292
f 1225/1263 1253/1292 1229/1267
f 1225/1263 1229/1267 408/421
f 1253/1292 1217/1251 1252/1291
f 1252/1291 1248/1286 1250/1289
f 1217/1251 1247/1285 1252/1291
f 1253/1292 1254/1293 1229/1267
f 1254/1293 1227/1265 1226/1264
f 1253/1292 1252/1291 1251/1290
f 1253/1292 1251/1290 1255/1294
f 1255/1294 1256/1295 1253/1292
f 1248/1286 1252/1291 1247/1285
f 1257/1296 1254/1293 1253/1292
f 1258/1297 1249/1287 1194/1227
f 1194/1227 1259/1298 1258/1297
f 1259/1298 1205/1238 1260/1299
f 1250/1289 1261/1300 1262/1301
f 1250/1289 1262/1301 1251/1290
f 1257/1296 1253/1292 1256/1295
f 1261/1302 1249/1287 1258/1297
f 1263/1303 1262/1301 1264/1304
f 1249/1288 1261/1300 1250/1289
f 1262/1301 1261/1300 1265/1305
f 1266/1306 1261/1302 1258/1297
f 1267/1307 1231/1269 1228/1266
f 1231/1269 1267/1307 1268/1308
f 1267/1307 1228/1266 1227/1265
f 1251/1290 1262/1301 1263/1303
f 1195/1228 1259/1298 1194/1227
f 1269/1309 1268/1308 1267/1307
f 1195/1228 1205/1238 1259/1298
f 1255/1294 1263/1303 1256/1295
f 1263/1303 1270/1310 1256/1295
f 1267/1307 1254/1293 1257/1296
f 1254/1293 1267/1307 1227/1265
f 1271/1311 1256/1295 1270/1310
f 1257/1296 1256/1295 1271/1311
f 1257/1296 1271/1311 1267/1307
f 1272/1312 1269/1309 1273/1313
f 1274/1314 1273/1313 1271/1311
f 1255/1294 1251/1290 1263/1303
f 1271/1311 1273/1313 1269/1309
f 1270/1310 1263/1303 1264/1304
f 1265/1305 1264/1304 1262/1301
f 1265/1305 1261/1300 1266/1315
f 1275/1316 1274/1314 1271/1311
f 1270/1310 1264/1304 1276/1317
f 1277/1318 1275/1316 1270/1310
f 1276/1317 1277/1318 1270/1310
f 1271/1311 1269/1309 1267/1307
f 1270/1310 1275/1316 1271/1311
f 1238/1276 1244/1282 1239/1277
f 1205/1238 1239/1277 1260/1299
f 1259/1298 1260/1299 1278/1319
f 1260/1299 1239/1277 1278/1319
f 1239/1277 1244/1282 1278/1319
f 1258/1297 1279/1320 1266/1306
f 1279/1320 1278/1319 1280/1321
f 1279/1320 1280/1321 1281/1322
f 1237/1275 1224/1262 1232/1270
f 1259/1298 1278/1319 1258/1297
f 1266/1306 1279/1320 1281/1322
f 1258/1297 1278/1319 1279/1320
f 1245/1283 1282/1323 1283/1324
f 1282/1323 1245/1283 1243/1281
f 1244/1282 1245/1283 1284/1325
f 1244/1282 1280/1321 1278/1319
f 1233/1271 1284/1325 1242/1280
f 1280/1321 1244/1282 1284/1325
f 1242/1280 1284/1325 1283/1324
f 1283/1324 1284/1325 1245/1283
f 1280/1321 1284/1325 1285/1326
f 1285/1326 1284/1325 1233/1271
f 1223/1261 1233/1271 1242/1280
f 1265/1305 1286/1327 1264/1304
f 1286/1327 1265/1305 1287/1328
f 1265/1305 1266/1315 1281/1329
f 1288/1330 1286/1327 1287/1328
f 1285/1331 1265/1305 1281/1329
f 1281/1322 1280/1321 1285/1326
f 1288/1330 1287/1328 1289/1332
f 1264/1304 1286/1327 1276/1317
f 1285/1331 1287/1328 1265/1305
f 1289/1332 1287/1328 1285/1331
f 1290/1333 1277/1318 1291/1334
f 1277/1318 1290/1333 1275/1316
f 1292/1335 1275/1316 1290/1333
f 1292/1335 1293/1336 1275/1316
f 1277/1318 1276/1317 1294/1337
f 1291/1334 1277/1318 1294/1337
f 1292/1335 1295/1338 1293/1336
f 1296/1339 1291/1334 1294/1337
f 1288/1330 1297/1340 1276/1317
f 1297/1340 1294/1337 1276/1317
f 1276/1317 1286/1327 1288/1330
f 1290/1333 1296/1339 1298/1341
f 1298/1341 1292/1335 1290/1333
f 1290/1333 1291/1334 1296/1339
f 1285/1331 1202/1235 1289/1332
f 1229/1267 1254/1293 1226/1264
f 1202/1260 1285/1326 1233/1271
f 1201/1234 1289/1332 1202/1235
f 1299/1342 1289/1332 1201/1234
f 1300/1343 1296/1339 1294/1337
f 1300/1343 1298/1341 1296/1339
f 1294/1337 1297/1340 1300/1343
f 1301/1344 1298/1341 1300/1343
f 1297/1340 1288/1330 1299/1342
f 1301/1344 1300/1343 1302/1345
f 1300/1343 1297/1340 1299/1342
f 1289/1332 1299/1342 1288/1330
f 1300/1343 1303/1346 1302/1345
f 1303/1346 1300/1343 1299/1342
f 1304/1347 1303/1346 1201/1234
f 1303/1346 1299/1342 1201/1234
f 1305/1348 1304/1347 1306/1349
f 1304/1347 1182/1214 1306/1349
f 1304/1347 1201/1234 1183/1215
f 1302/1345 1303/1346 1304/1347
f 1302/1345 1304/1347 1305/1348
f 1305/1348 1161/1193 1166/1198
f 1183/1215 1182/1214 1304/1347
f 1219/1254 1232/1270 1224/1262
f 1231/1269 1062/1094 1108/1140
f 1161/1193 1306/1349 1182/1214
f 1062/1094 1231/1269 1307/1350
f 1308/1351 1237/1275 1212/1245
f 1224/1262 1237/1275 1308/1351
f 1309/1352 1224/1262 1308/1351
f 1310/1353 1309/1352 1212/1245
f 1080/1112 1310/1353 1212/1245
f 1212/1245 1309/1352 1308/1351
f 1246/1284 1234/1272 1242/1280
f 1223/1261 1242/1280 1207/1240
f 1246/1284 1240/1278 1235/1273
f 1240/1278 1246/1284 1311/1354
f 1156/1188 1062/1094 1307/1350
f 1307/1350 1312/1355 1156/1188
f 1069/1101 1072/1104 1076/1108
f 1312/1355 1092/1124 1156/1188
f 1312/1355 1313/1356 1092/1124
f 1282/1323 1311/1354 1283/1324
f 1246/1284 1242/1280 1283/1324
f 1314/1357 1179/1211 1160/1192
f 1211/1244 1069/1101 1076/1108
f 1164/1196 1314/1357 1160/1192
f 1283/1324 1311/1354 1246/1284
f 1315/1358 1314/1357 1164/1196
f 1080/1112 1076/1108 1067/1099
f 1143/1175 1092/1124 1313/1356
f 1143/1175 1313/1356 1140/1172
f 1313/1356 1316/1359 1140/1172
f 1143/1175 1140/1172 1139/1171
f 1140/1172 1316/1359 1310/1353
f 1080/1112 1079/1111 1140/1172
f 1268/1308 1269/1309 1272/1312
f 1231/1269 1268/1308 1307/1350
f 1307/1350 1272/1312 1317/1360
f 1310/1353 1080/1112 1140/1172
f 1268/1308 1272/1312 1307/1350
f 1312/1355 1307/1350 1317/1360
f 1318/1361 1317/1360 1272/1312
f 1319/1362 1317/1360 1320/1363
f 1319/1362 1312/1355 1317/1360
f 1321/1364 1319/1362 1320/1363
f 1322/1365 1312/1355 1319/1362
f 1318/1361 1272/1312 1273/1313
f 1323/1366 1320/1363 1318/1361
f 1293/1336 1323/1366 1274/1314
f 1273/1313 1274/1314 1323/1366
f 1323/1366 1318/1361 1273/1313
f 1275/1316 1293/1336 1274/1314
f 1305/1348 1306/1349 1161/1193
f 1312/1355 1322/1365 1313/1356
f 1293/1336 1324/1367 1323/1366
f 1325/1368 1316/1359 1322/1365
f 1323/1366 1324/1367 1320/1363
f 1320/1363 1324/1367 1321/1364
f 1313/1356 1322/1365 1316/1359
f 1316/1359 1309/1352 1310/1353
f 1325/1368 1309/1352 1316/1359
f 1326/1369 1224/1262 1309/1352
f 1230/1268 1321/1364 1324/1367
f 1321/1364 1326/1369 1322/1365
f 1325/1368 1326/1369 1309/1352
f 1321/1364 1230/1268 1326/1369
f 1326/1369 1230/1268 1224/1262
f 1295/1338 1324/1367 1293/1336
f 1321/1364 1322/1365 1319/1362
f 1324/1367 1295/1338 1327/1370
f 1326/1369 1325/1368 1322/1365
f 1327/1370 1295/1338 1328/1371
f 1318/1361 1320/1363 1317/1360
f 1329/1372 1327/1370 1328/1371
f 1327/1370 1329/1372 1199/1232
f 1324/1367 1327/1370 1230/1268
f 1218/1253 1327/1370 1198/1231
f 1329/1372 1328/1371 1330/1373
f 1230/1268 1327/1370 1218/1253
f 1292/1335 1298/1341 1330/1373
f 1295/1338 1330/1373 1328/1371
f 1330/1373 1298/1341 1301/1344
f 1295/1338 1292/1335 1330/1373
f 1331/1374 1330/1373 1301/1344
f 1199/1232 1198/1231 1327/1370
f 1331/1374 1199/1232 1330/1373
f 1331/1374 1193/1226 1199/1232
f 1330/1373 1199/1232 1329/1372
f 1193/1226 1200/1233 1199/1232
f 1331/1374 1301/1344 1332/1375
f 1302/1345 1332/1375 1301/1344
f 1192/1225 1193/1226 1331/1374
f 1192/1225 1331/1374 1332/1375
f 1333/1376 1192/1225 1332/1375
f 1333/1376 1180/1212 1192/1225
f 1332/1375 1302/1345 1333/1376
f 1333/1376 1302/1345 1305/1348
f 1166/1198 1333/1376 1305/1348
f 1166/1198 1180/1212 1333/1376
f 1212/1245 1211/1244 1076/1108
f 308/320 1240/1278 1311/1354
f 308/320 1311/1354 309/321
f 1282/1323 1243/1281 313/325
f 1212/1245 1076/1108 1080/1112
f 1311/1354 313/325 309/321
f 313/325 1243/1281 314/326
f 1282/1323 313/325 1311/1354
f 1334/1377 1335/1378 1336/1379
f 1337/1380 1338/1381 1339/1382
f 1340/1383 1341/1384 1342/1385
f 1337/1380 1343/1386 1344/1387
f 1343/1386 1345/1388 1344/1387
f 1345/1388 1346/1389 1347/1390
f 1346/1389 1345/1388 1343/1386
f 1348/1391 1344/1392 1334/1377
f 1348/1391 1349/1393 1344/1392
f 1350/1394 1336/1379 1335/1378
f 1344/1392 1351/1395 1335/1378
f 1334/1377 1344/1392 1335/1378
f 1351/1396 1345/1388 1352/1397
f 1353/1398 1354/1399 1351/1395
f 1349/1400 1337/1380 1344/1387
f 1355/1401 1345/1388 1347/1390
f 1349/1400 1338/1381 1337/1380
f 1345/1388 1351/1396 1344/1387
f 1356/1402 1357/1403 1358/1404
f 1359/1405 1357/1403 1360/1406
f 1351/1395 1350/1394 1335/1378
f 1351/1395 1354/1399 1350/1394
f 1354/1399 1361/1407 1350/1394
f 1362/1408 1363/1409 1356/1402
f 1364/1410 1365/1411 1366/1412
f 1362/1408 1367/1413 1363/1409
f 1341/1384 1340/1383 1368/1414
f 1365/1411 1369/1415 1370/1416
f 1371/1417 1370/1416 1372/1418
f 1373/1419 1360/1406 1363/1409
f 1357/1403 1363/1409 1360/1406
f 1373/1419 1363/1409 1374/1420
f 1362/1408 1375/1421 1367/1413
f 1356/1402 1363/1409 1357/1403
f 1362/1408 1376/1422 1375/1421
f 1377/1423 1378/1424 1340/1383
f 1340/1383 1378/1424 1368/1414
f 1370/1416 1371/1417 1365/1411
f 1379/1425 1365/1411 1371/1417
f 1380/1426 1378/1424 1377/1423
f 1380/1427 1377/1428 1381/1429
f 1379/1425 1371/1417 1382/1430
f 1383/1431 1365/1411 1381/1429
f 1384/1432 1359/1405 1385/1433
f 1365/1411 1386/1434 1381/1429
f 1387/1435 1388/1436 1340/1383
f 1389/1437 1390/1438 1336/1379
f 1386/1434 1391/1439 1392/1440
f 1380/1427 1381/1429 1392/1440
f 1381/1429 1386/1434 1392/1440
f 1392/1441 1393/1442 1380/1426
f 1386/1434 1379/1425 1394/1443
f 1378/1424 1380/1426 1395/1444
f 1380/1426 1393/1442 1395/1444
f 1386/1434 1365/1411 1379/1425
f 1396/1445 1397/1446 1398/1447
f 1399/1448 1398/1447 1397/1446
f 1314/1357 1400/1449 1179/1211
f 1401/1450 1398/1447 1399/1448
f 1315/1358 1398/1447 1401/1450
f 1402/1451 1401/1450 1403/1452
f 1392/1441 1404/1453 1393/1442
f 1403/1452 1401/1450 1399/1448
f 1400/1449 1315/1358 1402/1451
f 1399/1448 1397/1446 1405/1454
f 1400/1449 1406/1455 1407/1456
f 1408/1457 1409/1458 1397/1459
f 1315/1358 1401/1450 1402/1451
f 1403/1452 1399/1448 1405/1454
f 1406/1455 1400/1449 1402/1451
f 1405/1454 1397/1446 1410/1460
f 1403/1452 1405/1454 1410/1460
f 1411/1461 1412/1462 1413/1463
f 1414/1464 1389/1437 1413/1463
f 1386/1434 1394/1443 1391/1439
f 1415/1465 1410/1466 1409/1458
f 1416/1467 1415/1465 1409/1458
f 1409/1458 1417/1468 1416/1467
f 1403/1452 1410/1460 1418/1469
f 1403/1452 1418/1469 1419/1470
f 1415/1471 1418/1469 1410/1460
f 1418/1469 1420/1472 1419/1470
f 1402/1451 1403/1452 1406/1455
f 1406/1455 1421/1473 1422/1474
f 1406/1455 1403/1452 1419/1470
f 1423/1475 1418/1469 1424/1476
f 1419/1470 1420/1472 1421/1473
f 1418/1469 1423/1475 1420/1472
f 1397/1459 1409/1458 1410/1466
f 1425/1477 1420/1472 1423/1475
f 1406/1455 1419/1470 1421/1473
f 1415/1471 1426/1478 1424/1476
f 1425/1477 1423/1475 1426/1478
f 1423/1475 1424/1476 1426/1478
f 1425/1477 1426/1478 1427/1479
f 1424/1476 1418/1469 1415/1471
f 1428/1480 1425/1477 1427/1479
f 1392/1440 1391/1439 1404/1481
f 1428/1480 1421/1473 1420/1472
f 1428/1480 1420/1472 1425/1477
f 1415/1465 1429/1482 1430/1483
f 1431/1484 1430/1483 1432/1485
f 1427/1479 1433/1486 1428/1480
f 1429/1482 1432/1485 1430/1483
f 1394/1443 1379/1425 1382/1430
f 1434/1487 1430/1483 1431/1484
f 1339/1382 1343/1386 1337/1380
f 1339/1382 1435/1488 1436/1489
f 1339/1382 1436/1489 1343/1386
f 1437/1490 1438/1491 1439/1492
f 1429/1482 1415/1465 1416/1467
f 1440/1493 1434/1487 1437/1490
f 1439/1492 1441/1494 1437/1490
f 1437/1490 1441/1494 1440/1493
f 1430/1483 1434/1487 1442/1495
f 1442/1495 1415/1465 1430/1483
f 1442/1495 1443/1496 1444/1497
f 1440/1493 1445/1498 1434/1487
f 1442/1495 1434/1487 1445/1498
f 1433/1486 1427/1479 1443/1499
f 1427/1479 1426/1478 1444/1500
f 1426/1501 1442/1495 1444/1497
f 1427/1479 1444/1500 1443/1499
f 1446/1502 1428/1480 1433/1486
f 1314/1357 1315/1358 1400/1449
f 1447/1503 1442/1495 1445/1498
f 1433/1486 1447/1504 1446/1502
f 1447/1504 1433/1486 1443/1499
f 1442/1495 1447/1503 1443/1496
f 1448/1505 1445/1498 1440/1493
f 1449/1506 1448/1505 1441/1494
f 1449/1506 1447/1503 1445/1498
f 1440/1493 1441/1494 1448/1505
f 1447/1503 1449/1506 1450/1507
f 1451/1508 1449/1506 1452/1509
f 1434/1487 1431/1484 1437/1490
f 1451/1508 1450/1507 1449/1506
f 1441/1494 1453/1510 1449/1506
f 1449/1506 1445/1498 1448/1505
f 1404/1481 1391/1439 1454/1511
f 1455/1512 1453/1510 1439/1492
f 1456/1513 1453/1510 1455/1512
f 1441/1494 1439/1492 1453/1510
f 1442/1495 1426/1501 1415/1465
f 1457/1514 1453/1510 1456/1513
f 1382/1430 1458/1515 1459/1516
f 1459/1516 1394/1443 1382/1430
f 1460/1517 1457/1514 1456/1513
f 1458/1515 1461/1518 1459/1516
f 1462/1519 1463/1520 1464/1521
f 1465/1522 1343/1386 1436/1489
f 1462/1519 1456/1513 1463/1520
f 1449/1506 1457/1514 1452/1509
f 1466/1523 1457/1514 1460/1517
f 1378/1424 1451/1508 1467/1524
f 1467/1524 1468/1525 1368/1414
f 1466/1523 1452/1509 1457/1514
f 1457/1514 1449/1506 1453/1510
f 1451/1508 1452/1509 1467/1524
f 1460/1517 1462/1519 1469/1526
f 1343/1386 1465/1522 1346/1389
f 1468/1525 1467/1524 1452/1509
f 1469/1526 1470/1527 1466/1523
f 1469/1526 1464/1521 1471/1528
f 1471/1528 1470/1527 1469/1526
f 1466/1523 1460/1517 1469/1526
f 1456/1513 1462/1519 1460/1517
f 1470/1527 1341/1384 1468/1525
f 1341/1384 1368/1414 1468/1525
f 1470/1527 1361/1407 1341/1384
f 1452/1509 1466/1523 1468/1525
f 1454/1511 1447/1504 1404/1481
f 1469/1526 1462/1519 1464/1521
f 1450/1507 1393/1442 1404/1453
f 1450/1507 1404/1453 1447/1503
f 1395/1444 1393/1442 1450/1507
f 1395/1444 1450/1507 1451/1508
f 1378/1424 1395/1444 1451/1508
f 1467/1524 1368/1414 1378/1424
f 1435/1488 1385/1433 1436/1489
f 1385/1433 1435/1488 1384/1432
f 1373/1419 1472/1529 1385/1433
f 1465/1522 1385/1433 1472/1529
f 1436/1489 1385/1433 1465/1522
f 1391/1439 1394/1443 1473/1530
f 1336/1379 1350/1394 1389/1437
f 1389/1437 1350/1394 1474/1531
f 1350/1394 1475/1532 1474/1531
f 1413/1463 1474/1531 1411/1461
f 1474/1531 1413/1463 1389/1437
f 1475/1532 1350/1394 1361/1407
f 1475/1532 1471/1528 1474/1531
f 1475/1532 1361/1407 1471/1528
f 1385/1433 1360/1406 1373/1419
f 1473/1530 1394/1443 1459/1516
f 1385/1433 1359/1405 1360/1406
f 1361/1407 1470/1527 1471/1528
f 1411/1461 1474/1531 1471/1528
f 1412/1462 1476/1533 1477/1534
f 1471/1528 1464/1521 1411/1461
f 1473/1530 1454/1511 1391/1439
f 1411/1461 1464/1521 1478/1535
f 1479/1536 1446/1502 1454/1511
f 1478/1535 1476/1533 1412/1462
f 1411/1461 1478/1535 1412/1462
f 1446/1502 1447/1504 1454/1511
f 1463/1520 1478/1535 1464/1521
f 1478/1535 1480/1537 1476/1533
f 1478/1535 1463/1520 1480/1537
f 1351/1396 1352/1397 1353/1538
f 1481/1539 1347/1390 1482/1540
f 1355/1401 1481/1539 1353/1538
f 1347/1390 1483/1541 1484/1542
f 1482/1540 1347/1390 1484/1542
f 1482/1540 1484/1542 1485/1543
f 1470/1527 1468/1525 1466/1523
f 1484/1542 1486/1544 1485/1543
f 1486/1544 1484/1542 1483/1541
f 1355/1401 1353/1538 1352/1397
f 1481/1539 1482/1540 1366/1412
f 1347/1390 1481/1539 1355/1401
f 1481/1539 1366/1412 1487/1545
f 1487/1545 1366/1412 1387/1546
f 1487/1545 1488/1547 1353/1538
f 1354/1399 1353/1398 1488/1548
f 1488/1548 1342/1385 1354/1399
f 1488/1547 1487/1545 1387/1546
f 1487/1545 1353/1538 1481/1539
f 1489/1549 1490/1550 1491/1551
f 1342/1385 1488/1548 1387/1435
f 1340/1383 1342/1385 1387/1435
f 1473/1530 1479/1536 1454/1511
f 1367/1413 1374/1420 1363/1409
f 1400/1449 1178/1210 1179/1211
f 1490/1550 1492/1552 1491/1551
f 1352/1397 1345/1388 1355/1401
f 1493/1553 1494/1554 1375/1421
f 1366/1412 1383/1431 1388/1555
f 1341/1384 1361/1407 1342/1385
f 1364/1410 1366/1412 1485/1543
f 1494/1554 1374/1420 1367/1413
f 1495/1556 1496/1557 1171/1203
f 1176/1208 1178/1210 1497/1558
f 1498/1559 1374/1420 1494/1554
f 1407/1456 1497/1558 1178/1210
f 1175/1207 1176/1208 1499/1560
f 1176/1208 1497/1558 1499/1560
f 1495/1556 1168/1200 1167/1199
f 1175/1207 1499/1560 1500/1561
f 1175/1207 1501/1562 1167/1199
f 1501/1562 1495/1556 1167/1199
f 1500/1561 1501/1562 1175/1207
f 1178/1210 1400/1449 1407/1456
f 1354/1399 1342/1385 1361/1407
f 1364/1410 1485/1543 1369/1415
f 1494/1554 1367/1413 1375/1421
f 1502/1563 1503/1564 1504/1565
f 1485/1543 1366/1412 1482/1540
f 1505/1566 1496/1557 1506/1567
f 1340/1383 1388/1436 1377/1423
f 1507/1568 1508/1569 1509/1570
f 1506/1567 1496/1557 1495/1556
f 1510/1571 1505/1566 1506/1567
f 1510/1571 1506/1567 1511/1572
f 1512/1573 1510/1571 1511/1572
f 1502/1563 1490/1550 1494/1554
f 1502/1563 1513/1574 1490/1550
f 1494/1554 1493/1553 1502/1563
f 1510/1571 1514/1575 1515/1576
f 1505/1566 1510/1571 1515/1576
f 1516/1577 1510/1571 1512/1573
f 1510/1571 1516/1577 1517/1578
f 1407/1456 1406/1455 1422/1474
f 1407/1456 1422/1474 1518/1579
f 1519/1580 1499/1560 1497/1558
f 1497/1558 1407/1456 1518/1579
f 1519/1580 1497/1558 1518/1579
f 1520/1581 1500/1561 1519/1580
f 1510/1571 1517/1578 1514/1575
f 1500/1561 1520/1581 1521/1582
f 1522/1583 1519/1580 1518/1579
f 1519/1580 1522/1583 1520/1581
f 1523/1584 1369/1415 1485/1543
f 1422/1474 1421/1473 1518/1579
f 1520/1581 1524/1585 1521/1582
f 1495/1556 1501/1562 1506/1567
f 1506/1567 1521/1582 1511/1572
f 1500/1561 1499/1560 1519/1580
f 1511/1572 1521/1582 1524/1585
f 1500/1561 1521/1582 1501/1562
f 1518/1579 1421/1473 1522/1583
f 1522/1583 1525/1586 1526/1587
f 1525/1586 1522/1583 1421/1473
f 1428/1480 1525/1586 1421/1473
f 1520/1581 1527/1588 1528/1589
f 1521/1582 1506/1567 1501/1562
f 1527/1588 1520/1581 1522/1583
f 1526/1587 1525/1586 1479/1536
f 1524/1585 1512/1573 1511/1572
f 1529/1590 1461/1518 1530/1591
f 1512/1573 1524/1585 1516/1577
f 1528/1589 1524/1585 1520/1581
f 1525/1586 1428/1480 1446/1502
f 1516/1577 1524/1585 1528/1589
f 1461/1518 1527/1588 1522/1583
f 1529/1590 1531/1592 1516/1577
f 1528/1589 1529/1590 1516/1577
f 1516/1577 1532/1593 1517/1578
f 1461/1518 1529/1590 1527/1588
f 1526/1587 1461/1518 1522/1583
f 1479/1536 1473/1530 1526/1587
f 1527/1588 1529/1590 1528/1589
f 1516/1577 1531/1592 1532/1593
f 1526/1587 1473/1530 1461/1518
f 1473/1530 1459/1516 1461/1518
f 1446/1502 1479/1536 1525/1586
f 1366/1412 1388/1555 1387/1546
f 1533/1594 1534/1595 1535/1596
f 1369/1415 1523/1584 1370/1416
f 1535/1596 1534/1595 1517/1578
f 1383/1431 1381/1429 1377/1428
f 1533/1594 1535/1596 1536/1597
f 1536/1597 1535/1596 1537/1598
f 1490/1550 1513/1574 1492/1552
f 1538/1599 1513/1574 1502/1563
f 1383/1431 1366/1412 1365/1411
f 1492/1552 1513/1574 1538/1599
f 1504/1565 1539/1600 1536/1597
f 1483/1541 1346/1389 1540/1601
f 1504/1565 1536/1597 1541/1602
f 1538/1599 1504/1565 1541/1602
f 1535/1596 1532/1593 1537/1598
f 1458/1515 1382/1430 1530/1591
f 1461/1518 1458/1515 1530/1591
f 1535/1596 1517/1578 1532/1593
f 1509/1570 1541/1602 1537/1598
f 1529/1590 1530/1591 1531/1592
f 1532/1593 1531/1592 1507/1568
f 1530/1591 1507/1568 1531/1592
f 1508/1569 1507/1568 1530/1591
f 1537/1598 1507/1568 1509/1570
f 1541/1602 1536/1597 1537/1598
f 1508/1569 1530/1591 1382/1430
f 1371/1417 1508/1569 1382/1430
f 1492/1552 1538/1599 1541/1602
f 1541/1602 1542/1603 1492/1552
f 1542/1603 1543/1604 1492/1552
f 1371/1417 1509/1570 1508/1569
f 1542/1603 1541/1602 1509/1570
f 1372/1418 1509/1570 1371/1417
f 1509/1570 1372/1418 1542/1603
f 1542/1603 1372/1418 1544/1605
f 1532/1593 1507/1568 1537/1598
f 1544/1605 1543/1604 1542/1603
f 1545/1606 1544/1605 1372/1418
f 1370/1416 1523/1584 1545/1606
f 1364/1410 1369/1415 1365/1411
f 1372/1418 1370/1416 1545/1606
f 1498/1559 1494/1554 1490/1550
f 1543/1604 1491/1551 1492/1552
f 1502/1563 1504/1565 1538/1599
f 1498/1559 1490/1550 1489/1549
f 1491/1551 1546/1607 1489/1549
f 1546/1607 1491/1551 1547/1608
f 1491/1551 1544/1605 1547/1608
f 1491/1551 1543/1604 1544/1605
f 1545/1606 1547/1608 1544/1605
f 1545/1606 1523/1584 1547/1608
f 1374/1420 1489/1549 1548/1609
f 1485/1543 1486/1544 1547/1608
f 1523/1584 1485/1543 1547/1608
f 1374/1420 1498/1559 1489/1549
f 1549/1610 1546/1607 1486/1544
f 1548/1609 1546/1607 1549/1610
f 1546/1607 1548/1609 1489/1549
f 1548/1609 1472/1529 1374/1420
f 1472/1529 1548/1609 1465/1522
f 1472/1529 1373/1419 1374/1420
f 1486/1544 1483/1541 1549/1610
f 1548/1609 1549/1610 1483/1541
f 1483/1541 1540/1601 1548/1609
f 1547/1608 1486/1544 1546/1607
f 1540/1601 1465/1522 1548/1609
f 1346/1389 1465/1522 1540/1601
f 1483/1541 1347/1390 1346/1389
f 1388/1555 1383/1431 1377/1428
f 1495/1556 1171/1203 1168/1200
f 1550/1611 1551/1612 1552/1613
f 1553/1614 1554/1615 1551/1612
f 1555/1616 1356/1402 1358/1404
f 1556/1617 1557/1618 1554/1615
f 1356/1402 1555/1616 1558/1619
f 1376/1422 1558/1619 1559/1620
f 1376/1422 1560/1621 1558/1619
f 1560/1621 1356/1402 1558/1619
f 1559/1620 1558/1619 1561/1622
f 1362/1408 1356/1402 1560/1621
f 1362/1408 1560/1621 1376/1422
f 1358/1404 1562/1623 1555/1616
f 1551/1612 1554/1615 1563/1624
f 1564/1625 1558/1619 1565/1626
f 1558/1619 1555/1616 1565/1626
f 1563/1624 1554/1615 1557/1618
f 1566/1627 1567/1628 1568/1629
f 1567/1628 1566/1627 501/518
f 308/320 1569/1630 1240/1278
f 1558/1619 1564/1625 1561/1622
f 308/320 307/319 1569/1630
f 1570/1631 1571/1632 1572/1633
f 308/320 306/318 307/319
f 297/309 299/311 307/319
f 1559/1620 1561/1622 1573/1634
f 1574/1635 1569/1630 299/311
f 1575/1636 1563/1624 1557/1618
f 1557/1618 1576/1637 1577/1638
f 1569/1630 307/319 299/311
f 1557/1618 1577/1638 1575/1636
f 542/559 298/310 300/312
f 1578/1639 1574/1635 299/311
f 1579/1640 1580/1641 1581/1642
f 542/559 544/561 298/310
f 298/310 1578/1639 299/311
f 1573/1634 1582/1643 1572/1633
f 1578/1639 298/310 544/561
f 1583/1644 1584/1645 588/605
f 1584/1645 544/561 545/562
f 1584/1645 545/562 588/605
f 1480/1537 1585/1646 1586/1647
f 1241/1279 1569/1630 1587/1648
f 1578/1639 544/561 1584/1645
f 1556/1617 1571/1632 1570/1631
f 1587/1648 1588/1649 1208/1241
f 1241/1279 1587/1648 1208/1241
f 1589/1650 1556/1617 1570/1631
f 1480/1537 1590/1651 1476/1533
f 1221/1256 1208/1241 1588/1649
f 1591/1652 1592/1653 579/596
f 1593/1654 1206/1239 1221/1256
f 1594/1655 1206/1239 1593/1654
f 1590/1651 1595/1656 1476/1533
f 1241/1279 1240/1278 1569/1630
f 1221/1256 1588/1649 1593/1654
f 1596/1657 1597/1658 1593/1654
f 1594/1655 1593/1654 1597/1658
f 1593/1654 1588/1649 1596/1657
f 1222/1258 1206/1239 1594/1655
f 1598/1659 1592/1653 1570/1631
f 1592/1653 1589/1650 1570/1631
f 1574/1635 1599/1660 1587/1648
f 1587/1648 1569/1630 1574/1635
f 1222/1258 1196/1661 1163/1259
f 1222/1258 1594/1655 1600/1662
f 1574/1635 1601/1663 1599/1660
f 1222/1258 1600/1662 1196/1661
f 1602/1664 1601/1663 1578/1639
f 1587/1648 1599/1660 1588/1649
f 1599/1660 1603/1665 1604/1666
f 1578/1639 1601/1663 1574/1635
f 1480/1537 1586/1647 1590/1651
f 1602/1664 1599/1660 1601/1663
f 1604/1666 1588/1649 1599/1660
f 1602/1664 1578/1639 1584/1645
f 1605/1667 1584/1645 1583/1644
f 1602/1664 1605/1667 1603/1665
f 1605/1667 1583/1644 1606/1668
f 1584/1645 1605/1667 1602/1664
f 1241/1279 1208/1241 1235/1273
f 1607/1669 1604/1666 1603/1665
f 1597/1658 1596/1657 1608/1670
f 1596/1657 1588/1649 1604/1666
f 1603/1665 1609/1671 1607/1669
f 1610/1672 1596/1657 1604/1666
f 1607/1669 1610/1672 1604/1666
f 1611/1673 1609/1671 1606/1668
f 1606/1668 1609/1671 1605/1667
f 1612/1674 1600/1662 1608/1670
f 1607/1669 1613/1675 1610/1672
f 1608/1670 1613/1675 1612/1674
f 1614/1676 1408/1457 1612/1674
f 1609/1671 1603/1665 1605/1667
f 1603/1665 1599/1660 1602/1664
f 1615/1677 1613/1675 1607/1669
f 1616/1678 1615/1677 1609/1671
f 1617/1679 1614/1676 1612/1674
f 1617/1679 1613/1675 1615/1677
f 1596/1657 1610/1672 1608/1670
f 1609/1671 1615/1677 1607/1669
f 1417/1468 1614/1676 1618/1680
f 1617/1679 1615/1677 1619/1681
f 1613/1675 1617/1679 1612/1674
f 1619/1681 1620/1682 1621/1683
f 1608/1670 1610/1672 1613/1675
f 1619/1681 1615/1677 1622/1684
f 1620/1682 1619/1681 1622/1684
f 1618/1680 1619/1681 1621/1683
f 1614/1676 1617/1679 1618/1680
f 1619/1681 1618/1680 1617/1679
f 580/597 1623/1685 588/605
f 1597/1658 1608/1670 1594/1655
f 1408/1457 1600/1662 1612/1674
f 546/563 588/605 545/562
f 1624/1686 580/597 581/598
f 1585/1646 1480/1537 1463/1520
f 588/605 1623/1685 1583/1644
f 1623/1685 580/597 1625/1687
f 1626/1688 1627/1689 581/598
f 596/613 1626/1688 581/598
f 1624/1686 581/598 1627/1689
f 1628/1690 1629/1691 1627/1689
f 1625/1687 580/597 1624/1686
f 1627/1689 1629/1691 1624/1686
f 1577/1638 1576/1637 1630/1692
f 1631/1693 1632/1694 1633/1695
f 1600/1662 1594/1655 1608/1670
f 1586/1647 1634/1696 1590/1651
f 1628/1690 1627/1689 1626/1688
f 1626/1688 1635/1697 1628/1690
f 1626/1688 596/613 1635/1697
f 596/613 650/667 1635/1697
f 649/666 660/679 650/667
f 660/679 503/520 1636/1698
f 1625/1687 1583/1644 1623/1685
f 1625/1687 1624/1686 1629/1691
f 1637/1699 1638/1700 1629/1691
f 1556/1617 1589/1650 1557/1618
f 1606/1668 1637/1699 1611/1673
f 1638/1700 1606/1668 1583/1644
f 1638/1700 1625/1687 1629/1691
f 1638/1700 1583/1644 1625/1687
f 1609/1671 1611/1673 1616/1678
f 1639/1701 1637/1699 1629/1691
f 1637/1699 1640/1702 1611/1673
f 1641/1703 1639/1701 1642/1704
f 1641/1703 1637/1699 1639/1701
f 1641/1703 1640/1702 1637/1699
f 1643/1705 1629/1691 1628/1690
f 1629/1691 1643/1705 1639/1701
f 1644/1706 1642/1704 1639/1701
f 1642/1704 1644/1706 1645/1707
f 1646/1708 1643/1705 1628/1690
f 1585/1646 1647/1709 1586/1647
f 1644/1706 1639/1701 1643/1705
f 1615/1677 1616/1678 1622/1684
f 1648/1710 1644/1706 1643/1705
f 1648/1710 1643/1705 1646/1708
f 1616/1678 1611/1673 1640/1702
f 1622/1684 1616/1678 1640/1702
f 1641/1703 1645/1707 1640/1702
f 1649/1711 1621/1683 1620/1682
f 1620/1682 1622/1684 1640/1702
f 1650/1712 1649/1711 1645/1707
f 1649/1711 1650/1712 1651/1713
f 1648/1710 1652/1714 1644/1706
f 1642/1704 1645/1707 1641/1703
f 1645/1707 1644/1706 1653/1715
f 1645/1707 1653/1715 1650/1712
f 1654/1716 1653/1715 1644/1706
f 1606/1668 1638/1700 1637/1699
f 1653/1715 1655/1717 1650/1712
f 1644/1706 1652/1714 1654/1716
f 1652/1714 1655/1717 1654/1716
f 1431/1484 1651/1713 1650/1712
f 1656/1718 1655/1717 1652/1714
f 1655/1717 1431/1484 1650/1712
f 1628/1690 1635/1697 1657/1719
f 1657/1719 1635/1697 650/667
f 1657/1719 650/667 1658/1720
f 1646/1708 1628/1690 1657/1719
f 1649/1711 1640/1702 1645/1707
f 1657/1719 1658/1720 1659/1721
f 1660/1722 650/667 660/679
f 1653/1715 1654/1716 1655/1717
f 650/667 1660/1722 1658/1720
f 1620/1682 1640/1702 1649/1711
f 1661/1723 1657/1719 1659/1721
f 1662/1724 1632/1694 1631/1693
f 1632/1694 1659/1721 1658/1720
f 1658/1720 1660/1722 1632/1694
f 1659/1721 1663/1725 1661/1723
f 1662/1724 1659/1721 1632/1694
f 1663/1725 1659/1721 1664/1726
f 1665/1727 1664/1726 1662/1724
f 1648/1710 1661/1723 1663/1725
f 1661/1723 1648/1710 1657/1719
f 1663/1725 1664/1726 1656/1718
f 1665/1727 1656/1718 1664/1726
f 1664/1726 1659/1721 1662/1724
f 1666/1728 1656/1718 1665/1727
f 1667/1729 1662/1724 1631/1693
f 1652/1714 1648/1710 1663/1725
f 1656/1718 1652/1714 1663/1725
f 1657/1719 1648/1710 1646/1708
f 1668/1730 1666/1728 1662/1724
f 1662/1724 1647/1709 1585/1646
f 1662/1724 1585/1646 1668/1730
f 1669/1731 1590/1651 1634/1696
f 1647/1709 1631/1693 1670/1732
f 1634/1696 1647/1709 1670/1732
f 1667/1729 1647/1709 1662/1724
f 1586/1647 1647/1709 1634/1696
f 1634/1696 1670/1732 1671/1733
f 1672/1734 1670/1732 1673/1735
f 1667/1729 1631/1693 1647/1709
f 1674/1736 1660/1722 1636/1698
f 1631/1693 1633/1695 1675/1737
f 1396/1445 1197/1230 1196/1229
f 1398/1447 1197/1230 1396/1445
f 1396/1738 1196/1661 1600/1662
f 1670/1732 1631/1693 1673/1735
f 1197/1230 1315/1358 1164/1196
f 1557/1618 1589/1650 1576/1637
f 1676/1739 1675/1737 1677/1740
f 1315/1358 1197/1230 1398/1447
f 1589/1650 1591/1652 1630/1692
f 1673/1735 1631/1693 1676/1739
f 1675/1737 1633/1695 1674/1736
f 1576/1637 1589/1650 1630/1692
f 1674/1736 1633/1695 1660/1722
f 1633/1695 1632/1694 1660/1722
f 1631/1693 1675/1737 1676/1739
f 1408/1457 1396/1738 1600/1662
f 1568/1629 1567/1628 1677/1740
f 1589/1650 1592/1653 1591/1652
f 1662/1724 1666/1728 1665/1727
f 1636/1698 1660/1722 660/679
f 1396/1738 1408/1457 1397/1459
f 1674/1736 1636/1698 1566/1627
f 1674/1736 1568/1629 1675/1737
f 1636/1698 503/520 1566/1627
f 501/518 1566/1627 503/520
f 1567/1628 501/518 500/517
f 1675/1737 1568/1629 1677/1740
f 1674/1736 1566/1627 1568/1629
f 1678/1741 1679/1742 1680/1743
f 1559/1620 1550/1611 1681/1744
f 1681/1744 1376/1422 1559/1620
f 1376/1422 1681/1744 1375/1421
f 1682/1745 1581/1642 1683/1746
f 1591/1652 1680/1743 1630/1692
f 1681/1744 1493/1553 1375/1421
f 1614/1676 1417/1468 1409/1458
f 1618/1680 1621/1683 1416/1467
f 1408/1457 1614/1676 1409/1458
f 1630/1692 1679/1742 1684/1747
f 1416/1467 1417/1468 1618/1680
f 1630/1692 1680/1743 1679/1742
f 1432/1485 1685/1748 1651/1713
f 1681/1744 1552/1613 1493/1553
f 1685/1748 1649/1711 1651/1713
f 1685/1748 1621/1683 1649/1711
f 1651/1713 1431/1484 1432/1485
f 1438/1491 1655/1717 1656/1718
f 1679/1742 1678/1741 1686/1749
f 1687/1750 1503/1564 1552/1613
f 1429/1482 1621/1683 1685/1748
f 1437/1490 1655/1717 1438/1491
f 1437/1490 1431/1484 1655/1717
f 1416/1467 1621/1683 1429/1482
f 1439/1492 1438/1491 1656/1718
f 1439/1492 1666/1728 1455/1512
f 1439/1492 1656/1718 1666/1728
f 1503/1564 1502/1563 1493/1553
f 1687/1750 1552/1613 1551/1612
f 1687/1750 1551/1612 1688/1751
f 1552/1613 1503/1564 1493/1553
f 1668/1730 1585/1646 1463/1520
f 1575/1636 1688/1751 1551/1612
f 1455/1512 1666/1728 1668/1730
f 1689/1752 1690/1753 1575/1636
f 1463/1520 1456/1513 1668/1730
f 1503/1564 1687/1750 1539/1600
f 1539/1600 1504/1565 1503/1564
f 1539/1600 1687/1750 1688/1751
f 1533/1594 1536/1597 1539/1600
f 1688/1751 1575/1636 1691/1754
f 1533/1594 1539/1600 1534/1595
f 1692/1755 1534/1595 1693/1756
f 1057/1089 1069/1101 1056/1088
f 1692/1755 1514/1575 1534/1595
f 1694/1757 1693/1756 1534/1595
f 1688/1751 1694/1757 1539/1600
f 1689/1752 1575/1636 1577/1638
f 1694/1757 1688/1751 1691/1754
f 1695/1758 1514/1575 1692/1755
f 1539/1600 1694/1757 1534/1595
f 1694/1757 1691/1754 1696/1759
f 1056/1088 1069/1101 1236/1274
f 1514/1575 1695/1758 1515/1576
f 1691/1754 1690/1753 1696/1759
f 1697/1760 1698/1761 1699/1762
f 1056/1088 1697/1760 692/711
f 1698/1761 1700/1763 1699/1762
f 1698/1761 1697/1760 1056/1088
f 1699/1762 679/698 1697/1760
f 1692/1755 1701/1764 1695/1758
f 692/711 1697/1760 679/698
f 1695/1758 1701/1764 1515/1576
f 679/698 1699/1762 1702/1765
f 1691/1754 1575/1636 1690/1753
f 1684/1747 1689/1752 1577/1638
f 1702/1765 1703/1766 642/659
f 1702/1765 642/659 647/664
f 1702/1765 1699/1762 1703/1766
f 1701/1764 1704/1767 1515/1576
f 1496/1557 1505/1566 1515/1576
f 679/698 1702/1765 647/664
f 1171/1203 1496/1557 1705/1768
f 1515/1576 1704/1767 1496/1557
f 1706/1769 1707/1770 1236/1274
f 1704/1767 1705/1768 1496/1557
f 1211/1244 1236/1274 1069/1101
f 1708/1771 1706/1769 1709/1772
f 1708/1771 1709/1772 1710/1773
f 1213/1246 1706/1769 1236/1274
f 1704/1767 1711/1774 1705/1768
f 1706/1769 1220/1255 1709/1772
f 1169/1201 1171/1203 1173/1205
f 1712/1775 1713/1776 1714/1777
f 1551/1612 1563/1624 1575/1636
f 1696/1759 1580/1641 1693/1756
f 1220/1255 1706/1769 1213/1246
f 1056/1088 1236/1274 1698/1761
f 1693/1756 1694/1757 1696/1759
f 1171/1203 1705/1768 1711/1774
f 1209/1242 1709/1772 1210/1243
f 1210/1243 1709/1772 1220/1255
f 1171/1203 1711/1774 1173/1205
f 1715/1778 1209/1242 1172/1204
f 1715/1778 1710/1773 1709/1772
f 1173/1205 1715/1778 1172/1204
f 1173/1205 1711/1774 1715/1778
f 1236/1274 1707/1770 1698/1761
f 1716/1779 1698/1761 1707/1770
f 1715/1778 1709/1772 1209/1242
f 1700/1763 1698/1761 1716/1779
f 1708/1771 1707/1770 1706/1769
f 1708/1771 1716/1779 1707/1770
f 1716/1779 1717/1780 1700/1763
f 1708/1771 1710/1773 1718/1781
f 1718/1781 1719/1782 1717/1780
f 1718/1781 1717/1780 1716/1779
f 1708/1771 1718/1781 1716/1779
f 1717/1780 1719/1782 1720/1783
f 1717/1780 1699/1762 1700/1763
f 1717/1780 1703/1766 1699/1762
f 1703/1766 1720/1783 1721/1784
f 1719/1782 1718/1781 1682/1745
f 1581/1642 1682/1745 1722/1785
f 1721/1784 1682/1745 1683/1746
f 1710/1773 1723/1786 1718/1781
f 1719/1782 1682/1745 1721/1784
f 1719/1782 1721/1784 1720/1783
f 1723/1786 1724/1787 1718/1781
f 1710/1773 1715/1778 1725/1788
f 1725/1788 1723/1786 1710/1773
f 1717/1780 1720/1783 1703/1766
f 1715/1778 1726/1789 1725/1788
f 1704/1767 1726/1789 1711/1774
f 1724/1787 1682/1745 1718/1781
f 1727/1790 1724/1787 1723/1786
f 1704/1767 1725/1788 1726/1789
f 1726/1789 1715/1778 1711/1774
f 1579/1640 1724/1787 1727/1790
f 1724/1787 1722/1785 1682/1745
f 1579/1640 1722/1785 1724/1787
f 1727/1790 1723/1786 1725/1788
f 1728/1791 1727/1790 1725/1788
f 1728/1791 1693/1756 1579/1640
f 1728/1791 1725/1788 1704/1767
f 1693/1756 1728/1791 1692/1755
f 1701/1764 1728/1791 1704/1767
f 1692/1755 1728/1791 1701/1764
f 1693/1756 1580/1641 1579/1640
f 1579/1640 1727/1790 1728/1791
f 639/656 1713/1776 636/653
f 1703/1766 1713/1776 642/659
f 1713/1776 639/656 642/659
f 636/653 1713/1776 1712/1775
f 1729/1792 636/653 1712/1775
f 1559/1620 1573/1634 1730/1793
f 1681/1744 1550/1611 1552/1613
f 1696/1759 1731/1794 1580/1641
f 1559/1620 1730/1793 1550/1611
f 1690/1753 1689/1752 1731/1794
f 1689/1752 1732/1795 1731/1794
f 1696/1759 1690/1753 1731/1794
f 1686/1749 1678/1741 1712/1775
f 1678/1741 570/587 1729/1792
f 1553/1614 1550/1611 1730/1793
f 1573/1634 1733/1796 1730/1793
f 1733/1796 1572/1633 1571/1632
f 1573/1634 1572/1633 1733/1796
f 571/588 570/587 1678/1741
f 565/582 571/588 579/596
f 1684/1747 1732/1795 1689/1752
f 1680/1743 579/596 571/588
f 1714/1777 1683/1746 1712/1775
f 1730/1793 1733/1796 1553/1614
f 1571/1632 1553/1614 1733/1796
f 1553/1614 1556/1617 1554/1615
f 1580/1641 1731/1794 1581/1642
f 1571/1632 1556/1617 1553/1614
f 1734/1797 1570/1631 1572/1633
f 1591/1652 579/596 1680/1743
f 1680/1743 571/588 1678/1741
f 1729/1792 1712/1775 1678/1741
f 1721/1784 1714/1777 1703/1766
f 1703/1766 1714/1777 1713/1776
f 1732/1795 1712/1775 1683/1746
f 1731/1794 1683/1746 1581/1642
f 1732/1795 1686/1749 1712/1775
f 1553/1614 1551/1612 1550/1611
f 1683/1746 1714/1777 1721/1784
f 1722/1785 1579/1640 1581/1642
f 1732/1795 1683/1746 1731/1794
f 1684/1747 1686/1749 1732/1795
f 1686/1749 1684/1747 1679/1742
f 1684/1747 1577/1638 1630/1692
f 636/653 1729/1792 570/587
f 1514/1575 1517/1578 1534/1595
f 1455/1512 1668/1730 1456/1513
f 1685/1748 1432/1485 1429/1482
f 1676/1739 1677/1740 1673/1735
f 1570/1631 1734/1797 1598/1659
f 1735/1798 1736/1799 1737/1800
f 1738/1801 1739/1802 1736/1799
f 1740/1803 1741/1804 1742/1805
f 1738/1801 1736/1799 1743/1806
f 1736/1799 1744/1807 1743/1806
f 1737/1800 1745/1808 1746/1809
f 1745/1808 1747/1810 1746/1809
f 1748/1811 1746/1809 1747/1810
f 1749/1812 1750/1813 1751/1814
f 1749/1812 1752/1815 1750/1813
f 1753/1816 1754/1817 1747/1810
f 1755/1818 1756/1819 1757/1820
f 1747/1810 1745/1808 1753/1816
f 1735/1798 1737/1800 1746/1809
f 1757/1820 1756/1819 1758/1821
f 1759/1822 1760/1823 1761/1824
f 1748/1811 1762/1825 1746/1809
f 1746/1809 1762/1825 1735/1798
f 1748/1811 1763/1826 1762/1825
f 1764/1827 1753/1816 1765/1828
f 1755/1818 1766/1829 1756/1819
f 1767/1830 1768/1831 1769/1832
f 1754/1817 1753/1816 1764/1827
f 1767/1830 1769/1832 1770/1833
f 1771/1834 1741/1804 1772/1835
f 1768/1831 1773/1836 1774/1837
f 1765/1828 1775/1838 1764/1827
f 1757/1820 1758/1821 1764/1827
f 1758/1821 1776/1839 1777/1840
f 1775/1838 1757/1820 1764/1827
f 1756/1819 1776/1839 1758/1821
f 1778/1841 1779/1842 1780/1843
f 1764/1827 1758/1821 1777/1840
f 1754/1817 1781/1844 1747/1810
f 1748/1811 1747/1810 1781/1844
f 1754/1817 1764/1827 1777/1840
f 1754/1817 1777/1840 1781/1844
f 1767/1830 1782/1845 1783/1846
f 1763/1826 1781/1844 1784/1847
f 1777/1840 1784/1847 1781/1844
f 1767/1830 1770/1833 1782/1845
f 1785/1848 1782/1845 1770/1833
f 1767/1830 1783/1846 1773/1836
f 1771/1834 1782/1849 1741/1804
f 1768/1831 1767/1830 1773/1836
f 1741/1804 1782/1849 1742/1805
f 1786/1850 1742/1805 1782/1849
f 1787/1851 1783/1852 1771/1834
f 1783/1852 1782/1849 1771/1834
f 1788/1853 1789/1854 1790/1855
f 1790/1855 1791/1856 1788/1853
f 1789/1854 1788/1853 1773/1836
f 1774/1837 1773/1836 1788/1853
f 1792/1857 1787/1851 1771/1834
f 1793/1858 1794/1859 1788/1853
f 1789/1854 1787/1860 1790/1855
f 1788/1853 1791/1856 1793/1858
f 1795/1861 1787/1851 1792/1857
f 1796/1862 1790/1863 1795/1861
f 1797/1864 1793/1858 1791/1856
f 1789/1854 1773/1836 1783/1846
f 1790/1863 1787/1851 1795/1861
f 1789/1854 1783/1846 1787/1860
f 1796/1862 1791/1865 1790/1863
f 1795/1861 1792/1857 1796/1862
f 1798/1866 1799/1867 1800/1868
f 1740/1803 1801/1869 1802/1870
f 1772/1835 1802/1870 1803/1871
f 1740/1803 1802/1870 1741/1804
f 1804/1872 1772/1835 1803/1871
f 1802/1870 1801/1869 1803/1871
f 1776/1839 1784/1847 1777/1840
f 1802/1870 1772/1835 1741/1804
f 1805/1873 1806/1874 1803/1871
f 1748/1811 1781/1844 1763/1826
f 1806/1874 1804/1872 1803/1871
f 1807/1875 1808/1876 1772/1835
f 831/863 828/860 1809/1877
f 1771/1834 1772/1835 1792/1857
f 1810/1878 1811/1879 1812/1880
f 1784/1847 1813/1881 1763/1826
f 1809/1877 828/860 1814/1882
f 1808/1876 1815/1883 1796/1862
f 1816/1884 1784/1847 1817/1885
f 1814/1882 1818/1886 1819/1887
f 1820/1888 1757/1820 1775/1838
f 1772/1835 1808/1876 1792/1857
f 1818/1886 1821/1889 1822/1890
f 1821/1889 1818/1886 823/855
f 1755/1818 1757/1820 1800/1868
f 1814/1882 828/860 1818/1886
f 1823/1891 1818/1886 1822/1890
f 1824/1892 1804/1872 1806/1874
f 1792/1857 1808/1876 1796/1862
f 1804/1872 1824/1892 1807/1875
f 1807/1875 1772/1835 1804/1872
f 1808/1876 1807/1875 1825/1893
f 1826/1894 1824/1892 1806/1874
f 1780/1843 1797/1864 1791/1856
f 1824/1892 1827/1895 1798/1866
f 1780/1896 1791/1865 1828/1897
f 1826/1894 1827/1895 1824/1892
f 822/854 1821/1889 823/855
f 1829/1898 1821/1889 822/854
f 1821/1889 1829/1898 1822/1890
f 822/854 1830/1899 1831/1900
f 822/854 1831/1900 1829/1898
f 1830/1899 822/854 1832/1901
f 1831/1900 1830/1899 1833/1902
f 1817/1885 1784/1847 1830/1899
f 1830/1899 1784/1847 1776/1839
f 1818/1886 828/860 823/855
f 1834/1903 1765/1828 1835/1904
f 1791/1865 1836/1905 1828/1897
f 1828/1897 1837/1906 1778/1907
f 1751/1814 1750/1813 1838/1908
f 1791/1865 1796/1862 1836/1905
f 1835/1904 1765/1828 1753/1816
f 1778/1907 1780/1896 1828/1897
f 1839/1909 1814/1882 1819/1887
f 1840/1910 1739/1802 1841/1911
f 1828/1897 1836/1905 1837/1906
f 1750/1813 1752/1815 1842/1912
f 1836/1905 1796/1862 1815/1883
f 1836/1905 1815/1883 1843/1913
f 1844/1914 1845/1915 1846/1916
f 1815/1883 1825/1893 1843/1913
f 1842/1912 1826/1894 1838/1908
f 1839/1909 1819/1887 1847/1917
f 1823/1891 1819/1887 1818/1886
f 1845/1915 1848/1918 1846/1916
f 1823/1891 1847/1917 1819/1887
f 1750/1813 1842/1912 1838/1908
f 1844/1914 1847/1917 1823/1891
f 1849/1919 1850/1920 1851/1921
f 1844/1914 1823/1891 1850/1920
f 1850/1920 1852/1922 1844/1914
f 1851/1921 1853/1923 1849/1919
f 1845/1915 1844/1914 1852/1922
f 1850/1920 1823/1891 1851/1921
f 1850/1920 1849/1919 1852/1922
f 1823/1891 1822/1890 1851/1921
f 1854/1924 1852/1922 1855/1925
f 1854/1924 1845/1915 1852/1922
f 1852/1922 1849/1919 1855/1925
f 1856/1926 1829/1898 1831/1900
f 1849/1919 1853/1923 1855/1925
f 1829/1898 1856/1926 1851/1921
f 1829/1898 1851/1921 1822/1890
f 1851/1921 1856/1926 1853/1923
f 1810/1878 1812/1880 1857/1927
f 1858/1928 1853/1923 1856/1926
f 1856/1926 1833/1902 1859/1929
f 1859/1929 1833/1902 1756/1819
f 1756/1819 1833/1902 1776/1839
f 1776/1839 1833/1902 1830/1899
f 1856/1926 1831/1900 1833/1902
f 1858/1928 1859/1929 1756/1819
f 1860/1930 1858/1928 1861/1931
f 1862/1932 1858/1928 1860/1930
f 1855/1925 1853/1923 1862/1932
f 1858/1928 1862/1932 1853/1923
f 1858/1928 1756/1819 1861/1931
f 1766/1829 1863/1933 1756/1819
f 1843/1913 1864/1934 1836/1905
f 1756/1819 1863/1933 1861/1931
f 1865/1935 1778/1907 1837/1906
f 1836/1905 1864/1934 1837/1906
f 1865/1935 1866/1936 1867/1937
f 1867/1937 1868/1938 1865/1935
f 1867/1937 1869/1939 1868/1938
f 1866/1936 1865/1935 1837/1906
f 1837/1906 1864/1934 1866/1936
f 1866/1936 1864/1934 1834/1903
f 1815/1883 1808/1876 1825/1893
f 1870/1940 1834/1903 1864/1934
f 1871/1941 1866/1936 1834/1903
f 1825/1893 1872/1942 1843/1913
f 1752/1815 1812/1880 1842/1912
f 1807/1875 1798/1866 1825/1893
f 1798/1866 1807/1875 1824/1892
f 1825/1893 1798/1866 1872/1942
f 1798/1866 1827/1895 1799/1867
f 1872/1942 1798/1866 1800/1868
f 1864/1934 1843/1913 1872/1942
f 1872/1942 1870/1940 1864/1934
f 1872/1942 1800/1868 1820/1888
f 1870/1940 1765/1828 1834/1903
f 1870/1940 1872/1942 1820/1888
f 1870/1940 1820/1888 1765/1828
f 1775/1838 1765/1828 1820/1888
f 1863/1933 1860/1930 1861/1931
f 1800/1868 1799/1867 1873/1943
f 1820/1888 1800/1868 1757/1820
f 1874/1944 1875/1945 1876/1946
f 1751/1814 1838/1908 1805/1873
f 1873/1943 1766/1829 1755/1818
f 1873/1943 1755/1818 1800/1868
f 1806/1874 1805/1873 1838/1908
f 1838/1908 1826/1894 1806/1874
f 1874/1944 1868/1938 1875/1945
f 1877/1947 1810/1878 1857/1927
f 1878/1948 1876/1946 1879/1949
f 1880/1950 1881/1951 1810/1878
f 1810/1878 1881/1951 1811/1879
f 1812/1880 1752/1815 1857/1927
f 1882/1952 1811/1879 1881/1951
f 1738/1801 1883/1953 1884/1954
f 1841/1911 1885/1955 1886/1956
f 1738/1801 1743/1806 1883/1953
f 1887/1957 1827/1895 1826/1894
f 1876/1946 1875/1945 1888/1958
f 1875/1945 1868/1938 1869/1939
f 1882/1952 1889/1959 1811/1879
f 1890/1960 1885/1955 1875/1945
f 1867/1937 1891/1961 1890/1960
f 1892/1962 1826/1894 1842/1912
f 1869/1939 1890/1960 1875/1945
f 1871/1941 1867/1937 1866/1936
f 1869/1939 1867/1937 1890/1960
f 1886/1956 1890/1960 1891/1961
f 1893/1963 1894/1964 1895/1965
f 1875/1945 1885/1955 1888/1958
f 1896/1966 1897/1967 1895/1965
f 1812/1880 1811/1879 1889/1959
f 1867/1937 1871/1941 1891/1961
f 1886/1956 1885/1955 1890/1960
f 1835/1904 1871/1941 1834/1903
f 1898/1968 1895/1965 1897/1967
f 1892/1962 1887/1957 1826/1894
f 1899/1969 1854/1924 1855/1925
f 1891/1961 1871/1941 1835/1904
f 1889/1959 1900/1970 1892/1962
f 1901/1971 1894/1964 1899/1969
f 1855/1925 1902/1972 1899/1969
f 1901/1971 1899/1969 1902/1972
f 1902/1972 1903/1973 1901/1971
f 1904/1974 1901/1971 1903/1973
f 1896/1966 1895/1965 1901/1971
f 1894/1964 1901/1971 1895/1965
f 1905/1975 1896/1966 1906/1976
f 1901/1971 1906/1976 1896/1966
f 1906/1976 1901/1971 1904/1974
f 1907/1977 1903/1973 1902/1972
f 1904/1974 1905/1975 1906/1976
f 1902/1972 1855/1925 1862/1932
f 1902/1972 1862/1932 1907/1977
f 1862/1932 1908/1978 1907/1977
f 1862/1932 1860/1930 1908/1978
f 1860/1930 1863/1933 1908/1978
f 1907/1977 1908/1978 1909/1979
f 1910/1980 1908/1978 1863/1933
f 1910/1980 1863/1933 1911/1981
f 1911/1981 1863/1933 1766/1829
f 1799/1867 1911/1981 1873/1943
f 1856/1926 1859/1929 1858/1928
f 1912/1982 1905/1975 1904/1974
f 1911/1981 1766/1829 1873/1943
f 1912/1982 1904/1974 1903/1973
f 1912/1982 1903/1973 1907/1977
f 1912/1982 1907/1977 1909/1979
f 1909/1979 1908/1978 1910/1980
f 1909/1979 1887/1957 1892/1962
f 1892/1962 1912/1982 1909/1979
f 1909/1979 1910/1980 1887/1957
f 1887/1957 1910/1980 1913/1983
f 1913/1983 1910/1980 1911/1981
f 1799/1867 1827/1895 1913/1983
f 1913/1983 1911/1981 1799/1867
f 1891/1961 1835/1904 1753/1816
f 1827/1895 1887/1957 1913/1983
f 1897/1967 1896/1966 1914/1984
f 1886/1956 1891/1961 1841/1911
f 1914/1984 1915/1985 1897/1967
f 1916/1986 1915/1985 1914/1984
f 1879/1949 1876/1946 1888/1958
f 1891/1961 1745/1808 1841/1911
f 1738/1801 1884/1954 1879/1949
f 1842/1912 1812/1880 1889/1959
f 1892/1962 1842/1912 1889/1959
f 1917/1987 1918/1988 1916/1986
f 1912/1982 1892/1962 1900/1970
f 1841/1911 1879/1949 1888/1958
f 1888/1958 1885/1955 1841/1911
f 1879/1949 1739/1802 1738/1801
f 1841/1911 1739/1802 1879/1949
f 1753/1816 1745/1808 1891/1961
f 1840/1910 1841/1911 1745/1808
f 1737/1800 1840/1910 1745/1808
f 1737/1800 1736/1799 1739/1802
f 1900/1970 1905/1975 1912/1982
f 1880/1950 1760/1823 1881/1951
f 1840/1910 1737/1800 1739/1802
f 1919/1989 1881/1951 1760/1823
f 1914/1984 1896/1966 1905/1975
f 1905/1975 1900/1970 1889/1959
f 1919/1989 1917/1987 1882/1952
f 1759/1822 1918/1988 1917/1987
f 1914/1984 1917/1987 1916/1986
f 1917/1987 1914/1984 1882/1952
f 1882/1952 1914/1984 1889/1959
f 1919/1989 1759/1822 1917/1987
f 1919/1989 1882/1952 1881/1951
f 1914/1984 1905/1975 1889/1959
f 1759/1822 1919/1989 1760/1823
f 1920/1990 1921/1991 1922/1992
f 1923/1993 1924/1994 1925/1995
f 1926/1996 1927/1997 1928/1998
f 1929/1999 1930/2000 1931/2001
f 1926/1996 1928/1998 1932/2002
f 1922/1992 1933/2003 1920/1990
f 1934/2004 1935/2005 1936/2006
f 1929/1999 1931/2001 1937/2007
f 1938/2008 1929/1999 1937/2007
f 1929/2009 1939/2010 1930/2011
f 1940/2012 1922/1992 1921/1991
f 1923/2013 1941/2014 1921/1991
f 1923/2013 1921/1991 1920/1990
f 1930/2000 1920/1990 1933/2003
f 1920/2015 1942/2016 1923/1993
f 1943/2017 1933/2003 1922/1992
f 1933/2003 1943/2017 1930/2000
f 1944/2018 1939/2010 1929/2009
f 1937/2007 1934/2004 1938/2008
f 1945/2019 1936/2006 1946/2020
f 1947/2021 1923/1993 1925/1995
f 1934/2004 1936/2006 1945/2019
f 1925/1995 1924/1994 1948/2022
f 1949/2023 1948/2022 1950/2024
f 1947/2021 1925/1995 1949/2023
f 1942/2016 1924/1994 1923/1993
f 1948/2022 1949/2023 1925/1995
f 1939/2010 1951/2025 1942/2016
f 1942/2016 1951/2025 1924/1994
f 1920/2015 1930/2011 1942/2016
f 1952/2026 1953/2027 1954/2028
f 1945/2019 1938/2008 1934/2004
f 1951/2025 1952/2026 1924/1994
f 1929/2009 1955/2029 1944/2018
f 1924/1994 1952/2026 1948/2022
f 1949/2023 1950/2024 1956/2030
f 1938/2008 1945/2019 1957/2031
f 1950/2024 1958/2032 1959/2033
f 1954/2028 1958/2032 1950/2024
f 1954/2028 1948/2022 1952/2026
f 1950/2024 1959/2033 1956/2030
f 1950/2024 1948/2022 1954/2028
f 1938/2034 1955/2029 1929/2009
f 1955/2029 1957/2035 1960/2036
f 1954/2028 1961/2037 1958/2032
f 1938/2034 1957/2035 1955/2029
f 1953/2027 1961/2037 1954/2028
f 1962/2038 1953/2027 1952/2026
f 1953/2027 1963/2039 1961/2037
f 1952/2026 1951/2025 1962/2038
f 1930/2011 1939/2010 1942/2016
f 1951/2025 1939/2010 1962/2038
f 1964/2040 1965/2041 1966/2042
f 1961/2037 1963/2039 1965/2041
f 1960/2036 1967/2043 1955/2029
f 1953/2027 1962/2038 1963/2039
f 1963/2039 1962/2038 1968/2044
f 1956/2030 1959/2033 1969/2045
f 1955/2029 1970/2046 1944/2018
f 1959/2033 1971/2047 1969/2045
f 1972/2048 1959/2033 1958/2032
f 1959/2033 1972/2048 1973/2049
f 1939/2010 1944/2018 1962/2038
f 1957/2035 1974/2050 1960/2036
f 1964/2040 1961/2037 1965/2041
f 1968/2044 1962/2038 1944/2018
f 1961/2037 1972/2048 1958/2032
f 1968/2044 1975/2051 1963/2039
f 1961/2037 1964/2040 1972/2048
f 1964/2040 1966/2042 1972/2048
f 1957/2031 1976/2052 1974/2053
f 1959/2033 1977/2054 1971/2047
f 1957/2031 1945/2019 1976/2052
f 1968/2044 1944/2018 1978/2055
f 1973/2049 1977/2054 1959/2033
f 1977/2054 1786/1850 1971/2047
f 1945/2019 1946/2020 1976/2052
f 1967/2043 1979/2056 1970/2046
f 1786/2057 1785/1848 1971/2058
f 1971/2058 1785/1848 1980/2059
f 1965/2041 1975/2051 1981/2060
f 1932/2002 1982/2061 1983/2062
f 1980/2059 1785/1848 1770/1833
f 1786/2057 1782/1845 1785/1848
f 1966/2042 1973/2049 1972/2048
f 1977/2054 1742/1805 1786/1850
f 1973/2049 1966/2042 1984/2063
f 1944/2018 1970/2046 1978/2055
f 1742/1805 1973/2049 1740/1803
f 1973/2049 1742/1805 1977/2054
f 1984/2063 1740/1803 1973/2049
f 1985/2064 1986/2065 1987/2066
f 1965/2041 1963/2039 1975/2051
f 1966/2042 1965/2041 1984/2063
f 1981/2060 1984/2063 1965/2041
f 1968/2044 1985/2064 1975/2051
f 1981/2060 1975/2051 1987/2066
f 1987/2066 1975/2051 1985/2064
f 1981/2060 1987/2066 1988/2067
f 1801/1869 1740/1803 1984/2063
f 1981/2060 1801/1869 1984/2063
f 1955/2029 1967/2043 1970/2046
f 1978/2055 1970/2046 1989/2068
f 1979/2056 1989/2068 1970/2046
f 1988/2067 1805/1873 1981/2060
f 1805/1873 1803/1871 1801/1869
f 1988/2067 1987/2066 1990/2069
f 1981/2060 1805/1873 1801/1869
f 1805/1873 1988/2067 1751/1814
f 1985/2064 1968/2044 1978/2055
f 1991/2070 1992/2071 1993/2072
f 1994/2073 1936/2006 1935/2005
f 1936/2006 1994/2073 1995/2074
f 1946/2020 1936/2006 1995/2074
f 1996/2075 1994/2073 1927/1997
f 1978/2055 1986/2065 1985/2064
f 1996/2075 1927/1997 1926/1996
f 1995/2074 1994/2073 1996/2075
f 1997/2076 1996/2075 1926/1996
f 1976/2052 1946/2020 1998/2077
f 1999/2078 1992/2071 1991/2070
f 1998/2077 1946/2020 1995/2074
f 1996/2075 2000/2079 2001/2080
f 1999/2078 2002/2081 1992/2071
f 1995/2074 1996/2075 2001/2080
f 1992/2071 2002/2081 2003/2082
f 2004/2083 2005/2084 2006/2085
f 2007/2086 2002/2081 2006/2085
f 2002/2081 1999/2078 2006/2085
f 2007/2086 2003/2082 2002/2081
f 2008/2087 2006/2085 2005/2084
f 2003/2082 1993/2072 1992/2071
f 2007/2086 2006/2085 2009/2088
f 2008/2087 2009/2088 2006/2085
f 2010/2089 2007/2086 2009/2088
f 2001/2080 2011/2090 2012/2091
f 1998/2077 1995/2074 2001/2080
f 1922/1992 2013/2092 2014/2093
f 2014/2093 2013/2092 2015/2094
f 1943/2017 1922/1992 2014/2093
f 2016/2095 2017/2096 2018/2097
f 2017/2096 2016/2095 2015/2094
f 2013/2092 2017/2096 2015/2094
f 1932/2002 1983/2062 2019/2098
f 2014/2093 2015/2094 2020/2099
f 2021/2100 2022/2101 2023/2102
f 2024/2103 2025/2104 2003/2082
f 2025/2104 2026/2105 1993/2072
f 1931/2001 1930/2000 1943/2017
f 2027/2106 2028/2107 2029/2108
f 2029/2108 2025/2104 2024/2103
f 2030/2109 2029/2108 2024/2103
f 1993/2072 2003/2082 2025/2104
f 2010/2089 2024/2103 2007/2086
f 2007/2086 2024/2103 2003/2082
f 2031/2110 2030/2109 2024/2103
f 2009/2088 2031/2110 2010/2089
f 2032/2111 2027/2106 2029/2108
f 2010/2089 2031/2110 2024/2103
f 2033/2112 2034/2113 2031/2110
f 2030/2109 2032/2111 2029/2108
f 2025/2104 2029/2108 2028/2107
f 2035/2114 2031/2110 2034/2113
f 2036/2115 2030/2109 2035/2114
f 2037/2116 2038/2117 2004/2118
f 2039/2119 2035/2114 2034/2113
f 2040/2120 2041/2121 2042/2122
f 2043/2123 2037/2116 2044/2124
f 1880/1950 2043/2123 1760/1823
f 2043/2123 1761/1824 1760/1823
f 2019/2098 2045/2125 1997/2076
f 2037/2116 2043/2123 2038/2117
f 2046/2126 2043/2123 1880/1950
f 2030/2109 2031/2110 2035/2114
f 2043/2123 2046/2126 2038/2117
f 2036/2115 2032/2111 2030/2109
f 2046/2126 2047/2127 2048/2128
f 2048/2128 2005/2129 2038/2117
f 2038/2117 2046/2126 2048/2128
f 2048/2128 2008/2130 2005/2129
f 2038/2117 2005/2129 2004/2118
f 2049/2131 2048/2128 2047/2127
f 2050/2132 2008/2130 2048/2128
f 2051/2133 2009/2088 2008/2087
f 2052/2134 1880/1950 1877/1947
f 2050/2132 2049/2131 2053/2135
f 2050/2132 2051/2136 2008/2130
f 2050/2132 2048/2128 2049/2131
f 1877/1947 2054/2137 2052/2134
f 2047/2127 2046/2126 2052/2134
f 2046/2126 1880/1950 2052/2134
f 1877/1947 1880/1950 1810/1878
f 1877/1947 1857/1927 2055/2138
f 2054/2137 1877/1947 2055/2138
f 1752/1815 2055/2138 1857/1927
f 2055/2138 1752/1815 1749/1812
f 2056/2139 2052/2134 2054/2137
f 2055/2138 1749/1812 2057/2140
f 2058/2141 2054/2137 2055/2138
f 1751/1814 2057/2140 1749/1812
f 2057/2140 2058/2141 2055/2138
f 1990/2069 2057/2140 1751/1814
f 2033/2112 2031/2110 2009/2088
f 2047/2127 2052/2134 2056/2139
f 2056/2139 2049/2131 2047/2127
f 2051/2133 2033/2112 2009/2088
f 2049/2131 2056/2139 2059/2142
f 2049/2131 2059/2142 2060/2143
f 2058/2141 2057/2140 1990/2069
f 1990/2069 2059/2142 2058/2141
f 2059/2142 1990/2069 1986/2065
f 2059/2142 2056/2139 2058/2141
f 1989/2068 2060/2143 2059/2142
f 1978/2055 1989/2068 1986/2065
f 2053/2135 2049/2131 2060/2143
f 1986/2065 1989/2068 2059/2142
f 2050/2132 2061/2144 2051/2136
f 2056/2139 2054/2137 2058/2141
f 2034/2113 2033/2112 2062/2145
f 2053/2135 2061/2144 2050/2132
f 2051/2133 2061/2146 2033/2112
f 2061/2146 2062/2145 2033/2112
f 2053/2135 2063/2147 2061/2144
f 2061/2146 2063/2148 2062/2145
f 2053/2135 2060/2143 2063/2147
f 2012/2091 2039/2119 2034/2113
f 2034/2113 2062/2145 2012/2091
f 2064/2149 2001/2080 2012/2091
f 2063/2147 2060/2143 2065/2150
f 2064/2149 2012/2091 2062/2145
f 2066/2151 2063/2147 2065/2150
f 2063/2148 2066/2152 2067/2153
f 2042/2122 2019/2098 1983/2062
f 2064/2149 2062/2145 2063/2148
f 2063/2148 2067/2153 2064/2149
f 1998/2077 2067/2153 1976/2052
f 2067/2153 1974/2053 1976/2052
f 2064/2149 1998/2077 2001/2080
f 1998/2077 2064/2149 2067/2153
f 2065/2150 2060/2143 1979/2056
f 1989/2068 1979/2056 2060/2143
f 2066/2152 1974/2053 2067/2153
f 2065/2150 1960/2036 2066/2151
f 1974/2050 2066/2151 1960/2036
f 2015/2094 2016/2095 2020/2099
f 2014/2093 1931/2001 1943/2017
f 1967/2043 2065/2150 1979/2056
f 2020/2099 1935/2005 1937/2007
f 2068/2154 2027/2106 2032/2111
f 1926/1996 1932/2002 1997/2076
f 2014/2093 2020/2099 1931/2001
f 2032/2111 2069/2155 2068/2154
f 2065/2150 1967/2043 1960/2036
f 2045/2125 2019/2098 2042/2122
f 2016/2095 2023/2102 2070/2156
f 1983/2062 2040/2120 2042/2122
f 2020/2099 1937/2007 1931/2001
f 1932/2002 2019/2098 1997/2076
f 2045/2125 2071/2157 2072/2158
f 2016/2095 2018/2097 2023/2102
f 1937/2007 1935/2005 1934/2004
f 2032/2111 2036/2115 2073/2159
f 2069/2155 2032/2111 2074/2160
f 2023/2102 2018/2097 2021/2100
f 1935/2005 2016/2095 2070/2156
f 2022/2101 1932/2002 2070/2156
f 2074/2160 2032/2111 2073/2159
f 2036/2115 2035/2114 2039/2119
f 2011/2090 2036/2115 2039/2119
f 2000/2079 2075/2161 2011/2090
f 2069/2155 2074/2160 2076/2162
f 2073/2159 2036/2115 2011/2090
f 2074/2160 2077/2163 2076/2162
f 2075/2161 2078/2164 2074/2160
f 2074/2160 2078/2164 2077/2163
f 2078/2164 2072/2158 2077/2163
f 2075/2161 2073/2159 2011/2090
f 2074/2160 2073/2159 2075/2161
f 2078/2164 2075/2161 2072/2158
f 2079/2165 2022/2101 2021/2100
f 1928/1998 1935/2005 2070/2156
f 2020/2099 2016/2095 1935/2005
f 1928/1998 1994/2073 1935/2005
f 2022/2101 2079/2165 1982/2061
f 1994/2073 1928/1998 1927/1997
f 2023/2102 2022/2101 2070/2156
f 2080/2166 2076/2162 2077/2163
f 2012/2091 2011/2090 2039/2119
f 2072/2158 1996/2075 1997/2076
f 2022/2101 1982/2061 1932/2002
f 1996/2075 2072/2158 2000/2079
f 2072/2158 2075/2161 2000/2079
f 1997/2076 2045/2125 2072/2158
f 2000/2079 2011/2090 2001/2080
f 2071/2157 2081/2167 2077/2163
f 2077/2163 2081/2167 2080/2166
f 2077/2163 2072/2158 2071/2157
f 2042/2122 2081/2167 2045/2125
f 2071/2157 2045/2125 2081/2167
f 2041/2121 2081/2167 2042/2122
f 1928/1998 2070/2156 1932/2002
f 1990/2069 1751/1814 1988/2067
f 2081/2167 2041/2121 2082/2168
f 1986/2065 1990/2069 1987/2066
f 2083/2169 2084/2170 2085/2171
f 2086/2172 2087/2173 2088/2174
f 2089/2175 2090/2176 2091/2177
f 2089/2175 2092/2178 2090/2176
f 2093/2179 2094/2180 2095/2181
f 2096/2182 2095/2181 2097/2183
f 2098/2184 2099/2185 2100/2186
f 2101/2187 2102/2188 2099/2185
f 2103/2189 2100/2186 2102/2188
f 2104/2190 2105/2191 2106/2192
f 2107/2193 2108/2194 2098/2184
f 2105/2195 2094/2180 2093/2179
f 2109/2196 2102/2188 2110/2197
f 2111/2198 2100/2186 2103/2189
f 2112/2199 2104/2190 2106/2192
f 2109/2196 2103/2189 2102/2188
f 2105/2195 2093/2179 2113/2200
f 2093/2179 2095/2181 2114/2201
f 2114/2201 2115/2202 2093/2179
f 2105/2191 2113/2203 2106/2192
f 2114/2201 2095/2181 2116/2204
f 2102/2188 2100/2186 2099/2185
f 2096/2182 2116/2204 2095/2181
f 2117/2205 2114/2201 2116/2204
f 2093/2179 2115/2202 2113/2200
f 2118/2206 2106/2192 2113/2203
f 2115/2207 2118/2206 2113/2203
f 2115/2202 2119/2208 2120/2209
f 2115/2202 2114/2201 2119/2208
f 2121/2210 2117/2205 2116/2204
f 2120/2209 2122/2211 2115/2202
f 2122/2212 2123/2213 2115/2207
f 2117/2205 2121/2210 2124/2214
f 2114/2201 2117/2205 2119/2208
f 2123/2213 2122/2212 2125/2215
f 2126/2216 2103/2189 2109/2196
f 2111/2198 2103/2189 2126/2216
f 2123/2213 2118/2206 2115/2207
f 2119/2208 2117/2205 2127/2217
f 2127/2217 2117/2205 2124/2214
f 2125/2215 2122/2212 2128/2218
f 2118/2206 2123/2213 2129/2219
f 2129/2219 2123/2213 2125/2215
f 2084/2170 2130/2220 2131/2221
f 2132/2222 2131/2221 2130/2220
f 2133/2223 2096/2182 2097/2183
f 2134/2224 2135/2225 2136/2226
f 2126/2216 2137/2227 2111/2198
f 2138/2228 2086/2172 2139/2229
f 2086/2172 2140/2230 2139/2229
f 2096/2182 2133/2223 2130/2220
f 2083/2169 2085/2171 2087/2173
f 2107/2193 2100/2186 2141/2231
f 2137/2227 2126/2216 2134/2224
f 2134/2224 2126/2216 2135/2225
f 2132/2222 2130/2220 2133/2223
f 2131/2221 2085/2171 2084/2170
f 2142/2232 2107/2193 2141/2231
f 2111/2198 2137/2227 2141/2231
f 2143/2233 2144/2234 2137/2227
f 2144/2234 2141/2231 2137/2227
f 2107/2193 2098/2184 2100/2186
f 2144/2234 2142/2232 2141/2231
f 2143/2233 2145/2235 2144/2234
f 2087/2173 2146/2236 2088/2174
f 2147/2237 2148/2238 2149/2239
f 2088/2174 2147/2237 2149/2239
f 2150/2240 2096/2182 2130/2220
f 2151/2241 2152/2242 2153/2243
f 2134/2224 2143/2233 2137/2227
f 2149/2239 2153/2243 2152/2242
f 2100/2186 2111/2198 2141/2231
f 2149/2239 2152/2242 2088/2174
f 2150/2240 2083/2169 2154/2244
f 2116/2204 2150/2240 2121/2210
f 2108/2194 2107/2193 2155/2245
f 2130/2220 2084/2170 2150/2240
f 2156/2246 2154/2244 2138/2228
f 2083/2169 2150/2240 2084/2170
f 2083/2169 2086/2172 2154/2244
f 2156/2246 2121/2210 2150/2240
f 2096/2182 2150/2240 2116/2204
f 1983/2062 2157/2247 2040/2120
f 2144/2234 2158/2248 2159/2249
f 2156/2246 2150/2240 2154/2244
f 2155/2245 2142/2232 2144/2234
f 2160/2250 2127/2217 2161/2251
f 2086/2172 2138/2228 2154/2244
f 2162/2252 2121/2210 2156/2246
f 2162/2252 2124/2214 2121/2210
f 2159/2249 2155/2245 2144/2234
f 2086/2172 2088/2174 2140/2230
f 2087/2173 2086/2172 2083/2169
f 2145/2235 2151/2241 2144/2234
f 2162/2252 2156/2246 2138/2228
f 2140/2230 2088/2174 2163/2253
f 2151/2241 2158/2248 2144/2234
f 2163/2253 2088/2174 2152/2242
f 2164/2254 2134/2224 2136/2226
f 2165/2255 2166/2256 2167/2257
f 2163/2253 2152/2242 2145/2235
f 2168/2258 2169/2259 2139/2229
f 2164/2254 2140/2230 2163/2253
f 2139/2229 2169/2259 2138/2228
f 2158/2248 2151/2241 2170/2260
f 2168/2258 2164/2254 2135/2225
f 2136/2226 2135/2225 2164/2254
f 2140/2230 2168/2258 2139/2229
f 2152/2242 2151/2241 2145/2235
f 2168/2258 2140/2230 2164/2254
f 2168/2258 2135/2225 2171/2261
f 2143/2233 2163/2253 2145/2235
f 2172/2262 2173/2263 2174/2264
f 2163/2253 2143/2233 2134/2224
f 2163/2253 2134/2224 2164/2254
f 2175/2265 2173/2263 2172/2262
f 2175/2265 2176/2266 2177/2267
f 2175/2265 2177/2267 2178/2268
f 2173/2263 2175/2265 2178/2268
f 2179/2269 2172/2262 2180/2270
f 2107/2193 2142/2232 2155/2245
f 2181/2271 2182/2272 2183/2273
f 2184/2274 2185/2275 2122/2212
f 2106/2192 2181/2271 2112/2199
f 2182/2272 2181/2271 2106/2192
f 2186/2276 2182/2272 2187/2277
f 2127/2217 2120/2209 2119/2208
f 2188/2278 2189/2279 2184/2274
f 2190/2280 2183/2273 2186/2276
f 2186/2276 2191/2281 2190/2280
f 2160/2250 2120/2209 2127/2217
f 2106/2192 2118/2206 2182/2272
f 2182/2272 2186/2276 2183/2273
f 2182/2272 2118/2206 2129/2219
f 2041/2121 2192/2282 2193/2283
f 2194/2284 2195/2285 2196/2286
f 2192/2282 2197/2287 2193/2283
f 2161/2251 2127/2217 2167/2257
f 2197/2287 2198/2288 2193/2283
f 2040/2120 2199/2289 2192/2282
f 2189/2279 2188/2278 2200/2290
f 2201/2291 2199/2289 2202/2292
f 2040/2120 2192/2282 2041/2121
f 2203/2293 2202/2292 2157/2247
f 2157/2247 2202/2292 2199/2289
f 2201/2291 2197/2287 2192/2282
f 2201/2291 2192/2282 2199/2289
f 2204/2294 2203/2293 2157/2247
f 2205/2295 2197/2287 2201/2291
f 2204/2294 2157/2247 1982/2061
f 2206/2296 2201/2291 2202/2292
f 2197/2287 2205/2295 2207/2297
f 2199/2289 2040/2120 2157/2247
f 2206/2296 2205/2295 2201/2291
f 2203/2293 2204/2294 2208/2298
f 2206/2296 2202/2292 2203/2293
f 2205/2295 2206/2296 2207/2297
f 2206/2296 2203/2293 2209/2299
f 2209/2299 2210/2300 2207/2297
f 2209/2299 2207/2297 2206/2296
f 2187/2277 2182/2272 2129/2219
f 2128/2218 2122/2212 2185/2275
f 2102/2188 2101/2187 2211/2301
f 2212/2302 2213/2303 2214/2304
f 2161/2251 2215/2305 2216/2306
f 2217/2307 2211/2301 2214/2304
f 2197/2287 2212/2302 2198/2288
f 2207/2297 2218/2308 2213/2303
f 2211/2301 2212/2302 2214/2304
f 2218/2308 2214/2304 2213/2303
f 2212/2302 2197/2287 2213/2303
f 2207/2297 2210/2300 2218/2308
f 2218/2308 2219/2309 2214/2304
f 2213/2303 2197/2287 2207/2297
f 2219/2309 2220/2310 2221/2311
f 2211/2301 2217/2307 2102/2188
f 2222/2312 2214/2304 2219/2309
f 2210/2300 2219/2309 2218/2308
f 2217/2307 2110/2197 2102/2188
f 2110/2197 2217/2307 2222/2312
f 2219/2309 2223/2313 2222/2312
f 2222/2312 2217/2307 2214/2304
f 2110/2197 2222/2312 2223/2313
f 2221/2311 2223/2313 2219/2309
f 2210/2300 2220/2310 2219/2309
f 2135/2225 2223/2313 2224/2314
f 2223/2313 2135/2225 2126/2216
f 2223/2313 2126/2216 2109/2196
f 2079/2165 2208/2298 2204/2294
f 2208/2298 2225/2315 2203/2293
f 2224/2314 2223/2313 2221/2311
f 2225/2315 2209/2299 2203/2293
f 2079/2165 2226/2316 2208/2298
f 2227/2317 2210/2300 2209/2299
f 2079/2165 2228/2318 2226/2316
f 2226/2316 2225/2315 2208/2298
f 2209/2299 2225/2315 2227/2317
f 2079/2165 2021/2100 2228/2318
f 2226/2316 2229/2319 2227/2317
f 2223/2313 2109/2196 2110/2197
f 2230/2320 2226/2316 2231/2321
f 2228/2318 2231/2321 2226/2316
f 2226/2316 2227/2317 2225/2315
f 2018/2097 2228/2318 2021/2100
f 2230/2320 2229/2319 2226/2316
f 2231/2321 2018/2097 2017/2096
f 2017/2096 2013/2092 2232/2322
f 2232/2322 2231/2321 2017/2096
f 2232/2322 2230/2320 2231/2321
f 2230/2320 2233/2323 2229/2319
f 2234/2324 2233/2323 2230/2320
f 2234/2324 2230/2320 2232/2322
f 2231/2321 2228/2318 2018/2097
f 2235/2325 2236/2326 2220/2310
f 2236/2326 2221/2311 2220/2310
f 2229/2319 2235/2325 2237/2327
f 2229/2319 2238/2328 2235/2325
f 2239/2329 2236/2326 2238/2328
f 2210/2300 2227/2317 2237/2327
f 2229/2319 2237/2327 2227/2317
f 2238/2328 2229/2319 2233/2323
f 2240/2330 2238/2328 2233/2323
f 2236/2326 2235/2325 2238/2328
f 2237/2327 2220/2310 2210/2300
f 2135/2225 2224/2314 2171/2261
f 2221/2311 2239/2329 2224/2314
f 2241/2331 2187/2277 2129/2219
f 2129/2219 2125/2215 2241/2331
f 2242/2332 2243/2333 2244/2334
f 2242/2332 2187/2277 2241/2331
f 2171/2261 2224/2314 2239/2329
f 2245/2335 2241/2331 2125/2215
f 2245/2335 2246/2336 2241/2331
f 2244/2334 2191/2281 2186/2276
f 2235/2325 2220/2310 2237/2327
f 2244/2334 2186/2276 2187/2277
f 2160/2250 2122/2211 2120/2209
f 2187/2277 2242/2332 2244/2334
f 2239/2329 2221/2311 2236/2326
f 2122/2211 2160/2250 2188/2337
f 2247/2338 2248/2339 2243/2333
f 2249/2340 2250/2341 2242/2332
f 2244/2334 2243/2333 2248/2339
f 2191/2281 2244/2334 2248/2339
f 2242/2332 2241/2331 2249/2340
f 2250/2341 2243/2333 2242/2332
f 2250/2341 2249/2340 2241/2331
f 2251/2342 2161/2251 2216/2306
f 2188/2278 2184/2274 2122/2212
f 2251/2342 2160/2250 2161/2251
f 2251/2342 2200/2343 2160/2250
f 2252/2344 2243/2333 2250/2341
f 2200/2343 2188/2337 2160/2250
f 2248/2339 2253/2345 2254/2346
f 2191/2281 2248/2339 2254/2346
f 2254/2346 2253/2345 2255/2347
f 2204/2294 1982/2061 2079/2165
f 2255/2347 2253/2345 2089/2175
f 2092/2178 2089/2175 2253/2345
f 2089/2175 2256/2348 2255/2347
f 2252/2344 2257/2349 2243/2333
f 2253/2345 2248/2339 2247/2338
f 2257/2349 2247/2338 2243/2333
f 2216/2306 2258/2350 2251/2342
f 2179/2269 2259/2351 2257/2349
f 2247/2338 2257/2349 2259/2351
f 2200/2290 2260/2352 2189/2279
f 2259/2351 2179/2269 2180/2270
f 2247/2338 2259/2351 2180/2270
f 2258/2350 2194/2284 2251/2342
f 1980/2059 2261/2353 2262/2354
f 2263/2355 2092/2178 2253/2345
f 2264/2356 1980/2059 2262/2354
f 2265/2357 2264/2356 2262/2354
f 2261/2353 2266/2358 2262/2354
f 2266/2358 2267/2359 2262/2354
f 2265/2357 2262/2354 2267/2359
f 2261/2353 2268/2360 2266/2358
f 1980/2059 1770/1833 2261/2353
f 2264/2356 2269/2361 1969/2362
f 1969/2362 1971/2058 2264/2356
f 1980/2059 2264/2356 1971/2058
f 2264/2356 2265/2357 2269/2361
f 2270/2363 1956/2364 1969/2362
f 1969/2362 2269/2361 2271/2365
f 2271/2365 2270/2363 1969/2362
f 2272/2366 2267/2359 2273/2367
f 2272/2366 2274/2368 2269/2361
f 2272/2366 2269/2361 2265/2357
f 2267/2359 2272/2366 2265/2357
f 2275/2369 2274/2368 2272/2366
f 2274/2368 2271/2365 2269/2361
f 2276/2370 2277/2371 2278/2372
f 2278/2372 2279/2373 2280/2374
f 2267/2359 2266/2358 2277/2371
f 2280/2374 2276/2370 2278/2372
f 2267/2359 2277/2371 2276/2370
f 2177/2267 2280/2374 2279/2373
f 2274/2368 2270/2363 2271/2365
f 2281/2375 2177/2267 2176/2266
f 2282/2376 2281/2375 2176/2266
f 2280/2374 2273/2367 2276/2370
f 2273/2367 2280/2374 2177/2267
f 2273/2367 2267/2359 2276/2370
f 2283/2377 2281/2375 2282/2376
f 2257/2349 2283/2377 2282/2376
f 2273/2367 2177/2267 2281/2375
f 2284/2378 2272/2366 2273/2367
f 2279/2373 2285/2379 2177/2267
f 2284/2378 2286/2380 2272/2366
f 2284/2378 2273/2367 2281/2375
f 2281/2375 2283/2377 2284/2378
f 2272/2366 2286/2380 2275/2369
f 2252/2344 2283/2377 2257/2349
f 2275/2369 2286/2380 2287/2381
f 2283/2377 2286/2380 2284/2378
f 2288/2382 1949/2023 1956/2030
f 2289/2383 2288/2384 1956/2364
f 2290/2385 2291/2386 2274/2368
f 2291/2386 2270/2363 2274/2368
f 2274/2368 2275/2369 2290/2385
f 2289/2383 2291/2386 2292/2387
f 2291/2386 2290/2385 2293/2388
f 2291/2386 2293/2388 2292/2387
f 1949/2023 2288/2382 2294/2389
f 1956/2364 2270/2363 2289/2383
f 2288/2384 2289/2383 2294/2390
f 1947/2021 1949/2023 2294/2389
f 2292/2387 2294/2390 2289/2383
f 2292/2387 2295/2391 2294/2390
f 2270/2363 2291/2386 2289/2383
f 1947/2021 2294/2389 2295/2392
f 2295/2391 2296/2393 2189/2279
f 2296/2393 2295/2391 2292/2387
f 2287/2381 2290/2385 2275/2369
f 2241/2331 2246/2336 2250/2341
f 2297/2394 2287/2381 2286/2380
f 2287/2381 2298/2395 2290/2385
f 2287/2381 2297/2394 2298/2395
f 2246/2336 2298/2395 2297/2394
f 2298/2395 2293/2388 2290/2385
f 2252/2344 2286/2380 2283/2377
f 2252/2344 2297/2394 2286/2380
f 2292/2387 2293/2388 2296/2393
f 2185/2275 2299/2396 2125/2215
f 2252/2344 2250/2341 2297/2394
f 2250/2341 2246/2336 2297/2394
f 2125/2215 2299/2396 2245/2335
f 2299/2396 2296/2393 2293/2388
f 2293/2388 2298/2395 2246/2336
f 2246/2336 2299/2396 2293/2388
f 2185/2275 2184/2274 2296/2393
f 2184/2274 2189/2279 2296/2393
f 2299/2396 2246/2336 2245/2335
f 2185/2275 2125/2215 2128/2218
f 2299/2396 2185/2275 2296/2393
f 1922/1992 1940/2012 2013/2092
f 2263/2355 2253/2345 2180/2270
f 2300/2397 2013/2092 1940/2012
f 2257/2349 2282/2376 2179/2269
f 2247/2338 2180/2270 2253/2345
f 2295/2391 2189/2279 2260/2352
f 2301/2398 2013/2092 2300/2397
f 2013/2092 2301/2398 2232/2322
f 2172/2262 2179/2269 2175/2265
f 2302/2399 2303/2400 2238/2328
f 2260/2401 2196/2402 1947/2021
f 2234/2324 2232/2322 2304/2403
f 2302/2399 2305/2404 2303/2400
f 2238/2328 2303/2400 2239/2329
f 2301/2398 2304/2403 2232/2322
f 2303/2400 2171/2261 2239/2329
f 2240/2330 2302/2399 2238/2328
f 2303/2400 2169/2259 2171/2261
f 2169/2259 2168/2258 2171/2261
f 2302/2399 2240/2330 2306/2405
f 2305/2404 2169/2259 2303/2400
f 2300/2397 2304/2403 2301/2398
f 2240/2330 2234/2324 2215/2305
f 2215/2305 2161/2251 2166/2256
f 2166/2256 2165/2255 2306/2405
f 2167/2257 2166/2256 2161/2251
f 2233/2323 2234/2324 2240/2330
f 2304/2403 2215/2305 2234/2324
f 2306/2405 2305/2404 2302/2399
f 2304/2403 2216/2306 2215/2305
f 2305/2404 2306/2405 2162/2252
f 2165/2255 2162/2252 2306/2405
f 2138/2228 2169/2259 2305/2404
f 2305/2404 2162/2252 2138/2228
f 2215/2305 2166/2256 2240/2330
f 2165/2255 2124/2214 2162/2252
f 2124/2214 2165/2255 2127/2217
f 2306/2405 2240/2330 2166/2256
f 2180/2270 2174/2264 2263/2355
f 2127/2217 2165/2255 2167/2257
f 2180/2270 2172/2262 2174/2264
f 2194/2284 2260/2406 2251/2342
f 2194/2284 2196/2286 2260/2406
f 2174/2264 2307/2407 2092/2178
f 2174/2264 2092/2178 2263/2355
f 2176/2266 2179/2269 2282/2376
f 2179/2269 2176/2266 2175/2265
f 1947/2021 2295/2392 2260/2401
f 1941/2014 1923/2013 2195/2285
f 1921/1991 1941/2014 1940/2012
f 2258/2350 2308/2408 2194/2284
f 1941/2014 2308/2408 2300/2397
f 1941/2014 2300/2397 1940/2012
f 1923/1993 1947/2021 2195/2409
f 1941/2014 2195/2285 2308/2408
f 2285/2379 2178/2268 2177/2267
f 2196/2402 2195/2409 1947/2021
f 2300/2397 2258/2350 2216/2306
f 2304/2403 2300/2397 2216/2306
f 2195/2285 2194/2284 2308/2408
f 2200/2343 2251/2342 2260/2406
f 2300/2397 2308/2408 2258/2350
f 2157/2247 1983/2062 1982/2061
f 2155/2245 2309/2410 2108/2194
f 2174/2264 2173/2263 2307/2407
f 2173/2263 2178/2268 2310/2411
f 2311/2412 2312/2413 2313/2414
f 2314/2415 2315/2416 2316/2417
f 2310/2411 2178/2268 2285/2379
f 2090/2176 2316/2417 2091/2177
f 2317/2418 2318/2419 2319/2420
f 2316/2417 2090/2176 2307/2407
f 2307/2407 2314/2415 2316/2417
f 2320/2421 2307/2407 2310/2411
f 2320/2421 2314/2415 2307/2407
f 2321/2422 2322/2423 2316/2417
f 2321/2422 2323/2424 2322/2423
f 2323/2424 2324/2425 2322/2423
f 2173/2263 2310/2411 2307/2407
f 2325/2426 2285/2379 2326/2427
f 2310/2411 2325/2426 2320/2421
f 2327/2428 2317/2418 2319/2420
f 2320/2421 2315/2416 2314/2415
f 2325/2426 2321/2422 2315/2416
f 2320/2421 2325/2426 2315/2416
f 2328/2429 2329/2430 2318/2419
f 2325/2426 2310/2411 2285/2379
f 2321/2422 2316/2417 2315/2416
f 2326/2427 2330/2431 2331/2432
f 2321/2422 2332/2433 2323/2424
f 2333/2434 2334/2435 2335/2436
f 2321/2422 2325/2426 2331/2432
f 2326/2427 2331/2432 2325/2426
f 2331/2432 2332/2433 2321/2422
f 2330/2431 2332/2433 2331/2432
f 2334/2435 2336/2437 2335/2436
f 2337/2438 2313/2414 2312/2413
f 2319/2420 2338/2439 2327/2428
f 2339/2440 2340/2441 2341/2442
f 2312/2413 2338/2439 2319/2420
f 2342/2443 2343/2444 2344/2445
f 2345/2446 2342/2443 2346/2447
f 1883/1953 2345/2448 1884/1954
f 2347/2449 2342/2443 2348/2450
f 2341/2442 2333/2434 2335/2436
f 2344/2445 2348/2450 2342/2443
f 2340/2441 2339/2440 2349/2451
f 2350/2452 2348/2450 2344/2445
f 2313/2414 2337/2438 2351/2453
f 2348/2450 2350/2452 2352/2454
f 2348/2450 2352/2454 2347/2449
f 2353/2455 2323/2424 2354/2456
f 2328/2429 2318/2419 2317/2418
f 2328/2429 2317/2418 2355/2457
f 2352/2454 2350/2452 2355/2457
f 2356/2458 2345/2446 2346/2447
f 2355/2457 2350/2452 2328/2429
f 2347/2449 2346/2447 2342/2443
f 2356/2458 2346/2447 2347/2449
f 2345/2448 2357/2459 1884/1954
f 1878/1948 1884/1954 2358/2460
f 1879/1949 1884/1954 1878/1948
f 2357/2459 2358/2460 1884/1954
f 2356/2458 2357/2461 2345/2446
f 1874/1944 1876/1946 1878/1948
f 2337/2438 2359/2462 2351/2453
f 2312/2413 2319/2420 2337/2438
f 1868/1938 1874/1944 2360/2463
f 2311/2412 2361/2464 2339/2440
f 1874/1944 1878/1948 2362/2465
f 2363/2466 2358/2467 2357/2461
f 1878/1948 2358/2460 2362/2465
f 2362/2468 2363/2466 2364/2469
f 2362/2468 2358/2467 2363/2466
f 2363/2466 2356/2458 2365/2470
f 2360/2463 1874/1944 2362/2465
f 2347/2449 2352/2454 2366/2471
f 2366/2471 2367/2472 2347/2449
f 2366/2471 2352/2454 2355/2457
f 2327/2428 2366/2471 2317/2418
f 2368/2473 2356/2458 2367/2472
f 2369/2474 2366/2471 2327/2428
f 2367/2472 2369/2474 2368/2473
f 2356/2458 2347/2449 2367/2472
f 2369/2474 2367/2472 2366/2471
f 2370/2475 2368/2473 2369/2474
f 2369/2474 2327/2428 2371/2476
f 2364/2469 2363/2466 2365/2470
f 2366/2471 2355/2457 2317/2418
f 2357/2461 2356/2458 2363/2466
f 2370/2475 2369/2474 2371/2476
f 2368/2473 2370/2475 2372/2477
f 2365/2470 2373/2478 2364/2469
f 2373/2478 2365/2470 2372/2477
f 2374/2479 2336/2437 2323/2424
f 2353/2455 2375/2480 2376/2481
f 2324/2425 2323/2424 2336/2437
f 2365/2470 2356/2458 2368/2473
f 2349/2451 2339/2440 2361/2464
f 2374/2479 2323/2424 2353/2455
f 2376/2481 2336/2437 2374/2479
f 2377/2482 2370/2475 2371/2476
f 2376/2481 2374/2479 2353/2455
f 2378/2483 2354/2456 2379/2484
f 2335/2436 2336/2437 2376/2481
f 2353/2455 2354/2456 2378/2483
f 2354/2456 2332/2433 2380/2485
f 2323/2424 2332/2433 2354/2456
f 2378/2483 2381/2486 2382/2487
f 2353/2455 2378/2483 2382/2487
f 2335/2436 2383/2488 2339/2440
f 2384/2489 2385/2490 2386/2491
f 2339/2440 2341/2442 2335/2436
f 2387/2492 1868/1938 2360/2463
f 2385/2490 2384/2489 2388/2493
f 2387/2492 2389/2494 1865/1935
f 1868/1938 2387/2492 1865/1935
f 2360/2463 2390/2495 2387/2492
f 2389/2494 2387/2492 2390/2495
f 2362/2468 2364/2469 2391/2496
f 2386/2491 2385/2490 2390/2497
f 2391/2496 2364/2469 2386/2491
f 2337/2438 2319/2420 2392/2498
f 2389/2499 2390/2497 2385/2490
f 2386/2491 2364/2469 2384/2489
f 1778/1841 2389/2499 1779/1842
f 2390/2497 2391/2496 2386/2491
f 2393/2500 1779/1842 2388/2493
f 1797/1864 1779/1842 1793/1858
f 1793/1858 1779/1842 2394/2501
f 2388/2493 2389/2499 2385/2490
f 1779/1842 2389/2499 2388/2493
f 2395/2502 2394/2501 1779/1842
f 2393/2500 2395/2502 1779/1842
f 2388/2493 2396/2503 2397/2504
f 2365/2470 2368/2473 2372/2477
f 2388/2493 2398/2505 2393/2500
f 2388/2493 2384/2489 2396/2503
f 2395/2502 2399/2506 2394/2501
f 2388/2493 2397/2504 2398/2505
f 1865/1935 2389/2494 1778/1907
f 2395/2502 2393/2500 2398/2505
f 2400/2507 2401/2508 2402/2509
f 2400/2507 2372/2477 2403/2510
f 2404/2511 2403/2510 2372/2477
f 2404/2511 2372/2477 2377/2482
f 2372/2477 2370/2475 2377/2482
f 2400/2507 2403/2510 2381/2486
f 2381/2486 2405/2512 2401/2508
f 2381/2486 2401/2508 2400/2507
f 2401/2508 2405/2512 2397/2504
f 2401/2508 2397/2504 2402/2509
f 2396/2503 2384/2489 2402/2509
f 2402/2509 2397/2504 2396/2503
f 2406/2513 2364/2469 2373/2478
f 2403/2510 2382/2487 2381/2486
f 2373/2478 2372/2477 2400/2507
f 2384/2489 2406/2513 2402/2509
f 2384/2489 2364/2469 2406/2513
f 2400/2507 2406/2513 2373/2478
f 2406/2513 2400/2507 2402/2509
f 2397/2504 2407/2514 2398/2505
f 2395/2502 2408/2515 2399/2506
f 2407/2514 2405/2512 2409/2516
f 2410/2517 2407/2514 2379/2484
f 2405/2512 2407/2514 2397/2504
f 2407/2514 2409/2516 2379/2484
f 2398/2505 2407/2514 2395/2502
f 2381/2486 2409/2516 2405/2512
f 2411/2518 2408/2515 2410/2517
f 2409/2516 2381/2486 2378/2483
f 2407/2514 2408/2515 2395/2502
f 2409/2516 2378/2483 2379/2484
f 2410/2517 2408/2515 2407/2514
f 2380/2485 2379/2484 2354/2456
f 2410/2517 2379/2484 2380/2485
f 2412/2519 2319/2420 2318/2419
f 2392/2498 2319/2420 2412/2519
f 2413/2520 1794/1859 2414/2521
f 2415/2522 2410/2517 2380/2485
f 2413/2520 2416/2523 1794/1859
f 1788/1853 2416/2523 1774/1837
f 2417/2524 2416/2523 2413/2520
f 2418/2525 2416/2523 2417/2524
f 2414/2521 2399/2506 2419/2526
f 1788/1853 1794/1859 2416/2523
f 2414/2521 2419/2526 2413/2520
f 2399/2506 2414/2521 2394/2501
f 2420/2527 2417/2524 2413/2520
f 2421/2528 2417/2524 2420/2527
f 1793/1858 2414/2521 1794/1859
f 2420/2527 2413/2520 2419/2526
f 2419/2526 2399/2506 2408/2515
f 2417/2524 2421/2528 2418/2525
f 2362/2465 2390/2495 2360/2463
f 2421/2528 2422/2529 2418/2525
f 2390/2497 2362/2468 2391/2496
f 1774/1837 2416/2523 2423/2530
f 2424/2531 2418/2525 2422/2529
f 2423/2530 1768/1831 1774/1837
f 2418/2525 2423/2530 2416/2523
f 2423/2530 2418/2525 2424/2531
f 1793/1858 2394/2501 2414/2521
f 2424/2531 2422/2529 2277/2371
f 2338/2439 2311/2412 2327/2428
f 2311/2412 2371/2476 2327/2428
f 2423/2530 2424/2531 2268/2360
f 2268/2360 1769/1832 1768/1831
f 2424/2531 2266/2358 2268/2360
f 2424/2531 2277/2371 2266/2358
f 2268/2360 1770/1833 1769/1832
f 2423/2530 2268/2360 1768/1831
f 2419/2526 2408/2515 2411/2518
f 2411/2518 2415/2522 2425/2532
f 2415/2522 2411/2518 2410/2517
f 2420/2527 2419/2526 2411/2518
f 2421/2528 2426/2533 2422/2529
f 2427/2534 2371/2476 2311/2412
f 2422/2529 2426/2533 2277/2371
f 2411/2518 2425/2532 2420/2527
f 2330/2431 2380/2485 2332/2433
f 2426/2533 2420/2527 2425/2532
f 2420/2527 2426/2533 2421/2528
f 2428/2535 2425/2532 2415/2522
f 1779/1842 1797/1864 1780/1843
f 2415/2522 2330/2431 2326/2427
f 2278/2372 2426/2533 2429/2536
f 2426/2533 2278/2372 2277/2371
f 2285/2379 2428/2535 2326/2427
f 2429/2536 2425/2532 2428/2535
f 2429/2536 2428/2535 2285/2379
f 2415/2522 2326/2427 2428/2535
f 2335/2436 2376/2481 2375/2480
f 2429/2536 2279/2373 2278/2372
f 2426/2533 2425/2532 2429/2536
f 2279/2373 2429/2536 2285/2379
f 2380/2485 2330/2431 2415/2522
f 2383/2488 2427/2534 2311/2412
f 2383/2488 2311/2412 2339/2440
f 2375/2480 2383/2488 2335/2436
f 2375/2480 2404/2511 2383/2488
f 2382/2487 2403/2510 2375/2480
f 2371/2476 2430/2537 2377/2482
f 2404/2511 2430/2537 2383/2488
f 2375/2480 2353/2455 2382/2487
f 2375/2480 2403/2510 2404/2511
f 2383/2488 2430/2537 2427/2534
f 2404/2511 2377/2482 2430/2537
f 2431/2538 2359/2462 2337/2438
f 2307/2407 2090/2176 2092/2178
f 2432/2539 2433/2540 2431/2538
f 2324/2425 2334/2435 2322/2423
f 2431/2538 2434/2541 2432/2539
f 1770/1833 2268/2360 2261/2353
f 2322/2423 2334/2435 2435/2542
f 2392/2498 2434/2541 2337/2438
f 2412/2519 2318/2419 2329/2430
f 2430/2537 2371/2476 2427/2534
f 2324/2425 2336/2437 2334/2435
f 2333/2434 2436/2543 2334/2435
f 2312/2413 2311/2412 2338/2439
f 2437/2544 2436/2543 2333/2434
f 2337/2438 2434/2541 2431/2538
f 2311/2412 2438/2545 2361/2464
f 2341/2442 2437/2544 2333/2434
f 2311/2412 2313/2414 2438/2545
f 2438/2545 2349/2451 2361/2464
f 2439/2546 2412/2519 2329/2430
f 2439/2546 2392/2498 2412/2519
f 2440/2547 2441/2548 2442/2549
f 2443/2550 2444/2551 2445/2552
f 2446/2553 2447/2554 2443/2555
f 2448/2556 2442/2549 2449/2557
f 2450/2558 2448/2556 2449/2557
f 2443/2550 2445/2552 2451/2559
f 2452/2560 2453/2561 2454/2562
f 2447/2554 2444/2563 2443/2555
f 2455/2564 2456/2565 2457/2566
f 2447/2554 2446/2553 2458/2567
f 2459/2568 2458/2567 2460/2569
f 2461/2570 2459/2568 2460/2569
f 2460/2569 2458/2567 2446/2553
f 2459/2568 2462/2571 2458/2567
f 2447/2554 2463/2572 2444/2563
f 2462/2571 2464/2573 2458/2567
f 2447/2554 2458/2567 2464/2573
f 2463/2572 2464/2573 2465/2574
f 2464/2573 2466/2575 2465/2574
f 2466/2575 2464/2573 2462/2571
f 2462/2571 2467/2576 2466/2575
f 2447/2554 2464/2573 2463/2572
f 2455/2564 2452/2560 2454/2562
f 2468/2577 2469/2578 2470/2579
f 2467/2576 2471/2580 2466/2575
f 2468/2577 2463/2581 2472/2582
f 2453/2561 2473/2583 2454/2562
f 2445/2552 2470/2579 2474/2584
f 2444/2551 2468/2577 2445/2552
f 2475/2585 2476/2586 1338/1381
f 2445/2552 2468/2577 2470/2579
f 2444/2551 2463/2581 2468/2577
f 2468/2577 2472/2582 2477/2587
f 2463/2572 2465/2574 2478/2588
f 2463/2581 2478/2589 2472/2582
f 2468/2577 2477/2587 2479/2590
f 2466/2575 2471/2580 2465/2574
f 2465/2574 2471/2580 2480/2591
f 2480/2591 2471/2580 2481/2592
f 2478/2588 2465/2574 2480/2591
f 2482/2593 2471/2580 2467/2576
f 2483/2594 2481/2592 2482/2593
f 2440/2547 2475/2585 2453/2595
f 2475/2596 2473/2583 2453/2561
f 2482/2593 2481/2592 2471/2580
f 2477/2587 2478/2589 2484/2597
f 2485/2598 2486/2599 2433/2540
f 2475/2585 2448/2556 2450/2558
f 2440/2547 2448/2556 2475/2585
f 2431/2538 2433/2540 2486/2599
f 2475/2585 2450/2558 2476/2586
f 2359/2462 2431/2538 2487/2600
f 2486/2599 2487/2600 2431/2538
f 1349/1400 2475/2585 1338/1381
f 2486/2599 2488/2601 2487/2600
f 2489/2602 2488/2601 2486/2599
f 2472/2582 2478/2589 2477/2587
f 2478/2589 2490/2603 2484/2597
f 2490/2604 2478/2588 2480/2591
f 2359/2462 2487/2600 2351/2453
f 2480/2591 2491/2605 2490/2604
f 2481/2592 2492/2606 2491/2605
f 2438/2545 2313/2414 2351/2453
f 2484/2597 2490/2603 2493/2607
f 2488/2601 2494/2608 2487/2600
f 2441/2548 2440/2547 2495/2609
f 2496/2610 2351/2453 2487/2600
f 2438/2545 2496/2610 2497/2611
f 2494/2608 2496/2610 2487/2600
f 2498/2612 2475/2596 1348/1391
f 2498/2612 2473/2583 2475/2596
f 2499/2613 2500/2614 2496/2610
f 2438/2545 2351/2453 2496/2610
f 2499/2613 2496/2610 2494/2608
f 2496/2610 2500/2614 2497/2611
f 1348/1391 2475/2596 1349/1393
f 2497/2611 2349/2451 2438/2545
f 2457/2566 2452/2560 2455/2564
f 2500/2614 2349/2451 2497/2611
f 2501/2615 2502/2616 2503/2617
f 2501/2615 2349/2451 2500/2614
f 2501/2615 2500/2614 2502/2616
f 2481/2592 2491/2605 2480/2591
f 2504/2618 2479/2590 2484/2597
f 2479/2590 2477/2587 2484/2597
f 2504/2618 2484/2597 2493/2607
f 2505/2619 2504/2618 2493/2607
f 2452/2620 2457/2621 2495/2609
f 2493/2607 2506/2622 2505/2619
f 2507/2623 2492/2606 2508/2624
f 2495/2609 2509/2625 2441/2548
f 2490/2603 2491/2626 2493/2607
f 2510/2627 2493/2607 2491/2626
f 2511/2628 2510/2629 2512/2630
f 2513/2631 2488/2601 2489/2602
f 2510/2629 2491/2605 2492/2606
f 2513/2631 2494/2608 2488/2601
f 2489/2602 2514/2632 2513/2631
f 2489/2602 2515/2633 2514/2632
f 2516/2634 2514/2632 2517/2635
f 2493/2607 2510/2627 2506/2622
f 2492/2606 2507/2623 2510/2629
f 2481/2592 2483/2594 2492/2606
f 2492/2606 2483/2594 2518/2636
f 2519/2637 2508/2624 2520/2638
f 2440/2547 2453/2595 2452/2620
f 2506/2622 2510/2627 2511/2639
f 2492/2606 2518/2636 2508/2624
f 2521/2640 2517/2635 2522/2641
f 2511/2639 2523/2642 2506/2622
f 2521/2640 2522/2641 2524/2643
f 2525/2644 2526/2645 2522/2641
f 2524/2643 2522/2641 2526/2645
f 1562/1623 1565/1626 1555/1616
f 2527/2646 2528/2647 2529/2648
f 2522/2641 1565/1626 2525/2644
f 1565/1626 2522/2641 2517/2635
f 2525/2644 1562/1623 2530/2649
f 1565/1626 2517/2635 1564/1625
f 2531/2650 2526/2645 2525/2644
f 1565/1626 1562/1623 2525/2644
f 2517/2635 2532/2651 1564/1625
f 2517/2635 2533/2652 2532/2651
f 2530/2649 1562/1623 1358/1404
f 2442/2549 2448/2556 2440/2547
f 2517/2635 2514/2632 2533/2652
f 2517/2635 2521/2640 2534/2653
f 2520/2638 2508/2624 2518/2636
f 2494/2608 2535/2654 2499/2613
f 2513/2631 2536/2655 2494/2608
f 2535/2654 2494/2608 2536/2655
f 2516/2634 2537/2656 2536/2655
f 2516/2634 2536/2655 2513/2631
f 2538/2657 2537/2656 2539/2658
f 2513/2631 2514/2632 2516/2634
f 2535/2654 2536/2655 2537/2656
f 2540/2659 2535/2654 2537/2656
f 2502/2616 2500/2614 2499/2613
f 2535/2654 2540/2659 2499/2613
f 2540/2659 2502/2616 2499/2613
f 2540/2659 2541/2660 2542/2661
f 2540/2659 2537/2656 2543/2662
f 2543/2662 2537/2656 2538/2657
f 2543/2662 2541/2660 2540/2659
f 2541/2660 2538/2657 2544/2663
f 2538/2657 2541/2660 2543/2662
f 2545/2664 2546/2665 2538/2657
f 2540/2659 2542/2661 2502/2616
f 2546/2665 2544/2663 2538/2657
f 2524/2643 2534/2653 2521/2640
f 2526/2645 2547/2666 2524/2643
f 2548/2667 2539/2658 2534/2653
f 2548/2667 2534/2653 2524/2643
f 2539/2658 2537/2656 2534/2653
f 2524/2643 2547/2666 2548/2667
f 2549/2668 2550/2669 2547/2666
f 2547/2666 2550/2669 2548/2667
f 2551/2670 2531/2650 2525/2644
f 2549/2668 2526/2645 2531/2650
f 2549/2668 2547/2666 2526/2645
f 2549/2668 2552/2671 2550/2669
f 2531/2650 2553/2672 2549/2668
f 2537/2656 2516/2634 2534/2653
f 2553/2672 2552/2671 2549/2668
f 2539/2658 2548/2667 2550/2669
f 2517/2635 2534/2653 2516/2634
f 2554/2673 2550/2669 2552/2671
f 2539/2658 2545/2664 2538/2657
f 2545/2664 2539/2658 2550/2669
f 2555/2674 2545/2664 2550/2669
f 2554/2673 2556/2675 2555/2674
f 2554/2673 2555/2674 2550/2669
f 2554/2673 2552/2671 2556/2675
f 2553/2672 2556/2675 2552/2671
f 2557/2676 2556/2675 2558/2677
f 2558/2677 2556/2675 2553/2672
f 2559/2678 2560/2679 2561/2680
f 2509/2625 2519/2637 2441/2548
f 2562/2681 2563/2682 2559/2678
f 2564/2683 2565/2684 2457/2566
f 2566/2685 2437/2544 2341/2442
f 2459/2568 2461/2570 2562/2681
f 2341/2442 2503/2617 2566/2685
f 2566/2685 2503/2617 2567/2686
f 2503/2617 2341/2442 2340/2441
f 2436/2543 2567/2686 2568/2687
f 2569/2688 2503/2617 2502/2616
f 2569/2688 2567/2686 2503/2617
f 2503/2617 2340/2441 2501/2615
f 2567/2686 2436/2543 2437/2544
f 2567/2686 2437/2544 2566/2685
f 2570/2689 2568/2687 2571/2690
f 2334/2435 2436/2543 2435/2542
f 2462/2571 2459/2568 2559/2678
f 2567/2686 2569/2688 2568/2687
f 2436/2543 2568/2687 2572/2691
f 2511/2639 2565/2684 2564/2683
f 2568/2687 2570/2689 2572/2691
f 2572/2691 2435/2542 2436/2543
f 2570/2689 2573/2692 2572/2691
f 2457/2566 2574/2693 2564/2683
f 2575/2694 2322/2423 2435/2542
f 2501/2615 2340/2441 2349/2451
f 2459/2568 2562/2681 2559/2678
f 2575/2694 2572/2691 2573/2692
f 2559/2678 2561/2680 2576/2695
f 2577/2696 2578/2697 2576/2695
f 2462/2571 2559/2678 2576/2695
f 2576/2695 2467/2576 2462/2571
f 2577/2696 2576/2695 2561/2680
f 2467/2576 2576/2695 2578/2697
f 2572/2691 2575/2694 2435/2542
f 2511/2639 2564/2683 2523/2642
f 2322/2423 2575/2694 2579/2698
f 2322/2423 2579/2698 2316/2417
f 2512/2630 2519/2637 2509/2625
f 2580/2699 2581/2700 2579/2698
f 2582/2701 2575/2694 2573/2692
f 2575/2694 2582/2701 2580/2699
f 2579/2698 2575/2694 2580/2699
f 2091/2177 2316/2417 2583/2702
f 2578/2697 2577/2696 2584/2703
f 2529/2648 2558/2677 2553/2672
f 2585/2704 2586/2705 2520/2638
f 2316/2417 2579/2698 2581/2700
f 2581/2700 2587/2706 2583/2702
f 2528/2647 2558/2677 2529/2648
f 2528/2647 2527/2646 2588/2707
f 2559/2678 2589/2708 2560/2679
f 2573/2692 2570/2689 2590/2709
f 2589/2708 2591/2710 2592/2711
f 2581/2700 2593/2712 2587/2706
f 2316/2417 2581/2700 2583/2702
f 2589/2708 2592/2711 2560/2679
f 2594/2713 2529/2648 2553/2672
f 2594/2713 2553/2672 2531/2650
f 2592/2711 2595/2714 2560/2679
f 2560/2679 2595/2714 2596/2715
f 2569/2688 2502/2616 2542/2661
f 2520/2638 2586/2705 2519/2637
f 2560/2679 2597/2716 2577/2696
f 2595/2714 2592/2711 2591/2710
f 2596/2715 2598/2717 2599/2718
f 2598/2717 2596/2715 2595/2714
f 2600/2719 2569/2688 2542/2661
f 2600/2719 2601/2720 2571/2690
f 2602/2721 2600/2719 2542/2661
f 2542/2661 2541/2660 2602/2721
f 2571/2690 2568/2687 2600/2719
f 2600/2719 2568/2687 2569/2688
f 2603/2722 2596/2715 2599/2718
f 2571/2690 2590/2709 2570/2689
f 2601/2720 2600/2719 2604/2723
f 2544/2663 2600/2719 2541/2660
f 2602/2721 2541/2660 2600/2719
f 2605/2724 2600/2719 2544/2663
f 2605/2724 2544/2663 2606/2725
f 2600/2719 2605/2724 2604/2723
f 2607/2726 2605/2724 2606/2725
f 2608/2727 2601/2720 2604/2723
f 2544/2663 2546/2665 2606/2725
f 2608/2727 2609/2728 2582/2701
f 2571/2690 2608/2727 2590/2709
f 2608/2727 2573/2692 2590/2709
f 2607/2726 2610/2729 2605/2724
f 2608/2727 2582/2701 2573/2692
f 2609/2728 2608/2727 2610/2729
f 2604/2723 2610/2729 2608/2727
f 2610/2729 2611/2730 2609/2728
f 2611/2730 2610/2729 2612/2731
f 2546/2665 2555/2674 2613/2732
f 2545/2664 2555/2674 2546/2665
f 2556/2675 2614/2733 2555/2674
f 2604/2723 2605/2724 2610/2729
f 2555/2674 2614/2733 2613/2732
f 2614/2733 2615/2734 2616/2735
f 2614/2733 2556/2675 2557/2676
f 2613/2732 2614/2733 2616/2735
f 2616/2735 2546/2665 2613/2732
f 2614/2733 2557/2676 2615/2734
f 2557/2676 2558/2677 2617/2736
f 2546/2665 2616/2735 2606/2725
f 2618/2737 2606/2725 2616/2735
f 2615/2734 2557/2676 2619/2738
f 2615/2734 2619/2738 2616/2735
f 2616/2735 2619/2738 2618/2737
f 2608/2727 2571/2690 2601/2720
f 2620/2739 2619/2738 2557/2676
f 2621/2740 2619/2738 2620/2739
f 2622/2741 2619/2738 2621/2740
f 2623/2742 2622/2741 2621/2740
f 2607/2726 2618/2737 2612/2731
f 2607/2726 2606/2725 2618/2737
f 2618/2737 2619/2738 2622/2741
f 2624/2743 2623/2742 2621/2740
f 2612/2731 2618/2737 2625/2744
f 2625/2744 2626/2745 2612/2731
f 2612/2731 2626/2745 2627/2746
f 2610/2729 2607/2726 2612/2731
f 2628/2747 2626/2745 2625/2744
f 2629/2748 2630/2749 2470/2579
f 2597/2716 2560/2679 2596/2715
f 2470/2579 2630/2749 2631/2750
f 2625/2744 2622/2741 2632/2751
f 2628/2747 2625/2744 2632/2751
f 2622/2741 2625/2744 2618/2737
f 2597/2716 2584/2703 2577/2696
f 2560/2679 2577/2696 2561/2680
f 2633/2752 2584/2703 2634/2753
f 2584/2703 2597/2716 2624/2743
f 2603/2722 2597/2716 2596/2715
f 2603/2722 2623/2742 2624/2743
f 2597/2716 2603/2722 2624/2743
f 2468/2577 2479/2590 2635/2754
f 2469/2578 2629/2748 2470/2579
f 2636/2755 2637/2756 2638/2757
f 2629/2748 2639/2758 2630/2749
f 2640/2759 2586/2705 2641/2760
f 2586/2705 2441/2548 2519/2637
f 2639/2758 2637/2756 2630/2749
f 2642/2761 2635/2754 2479/2590
f 2468/2577 2629/2748 2469/2578
f 2586/2705 2640/2759 2643/2762
f 2629/2748 2635/2754 2639/2758
f 2629/2748 2468/2577 2635/2754
f 2642/2761 2644/2763 2635/2754
f 2594/2713 2645/2764 2646/2765
f 2582/2701 2647/2766 2580/2699
f 2648/2767 2580/2699 2647/2766
f 2627/2746 2649/2768 2611/2730
f 2650/2769 2648/2767 2647/2766
f 2647/2766 2582/2701 2609/2728
f 2639/2758 2651/2770 2637/2756
f 2611/2730 2647/2766 2609/2728
f 2647/2766 2652/2771 2650/2769
f 2648/2767 2581/2700 2580/2699
f 2649/2768 2652/2771 2647/2766
f 2649/2768 2647/2766 2611/2730
f 2449/2557 2476/2586 2450/2558
f 2648/2767 2653/2772 2581/2700
f 2653/2772 2654/2773 2593/2712
f 2441/2548 2586/2705 2442/2549
f 2650/2769 2653/2772 2648/2767
f 2655/2774 2656/2775 2654/2773
f 2581/2700 2653/2772 2593/2712
f 2657/2776 2588/2707 2641/2760
f 2586/2705 2657/2776 2641/2760
f 2586/2705 2585/2704 2657/2776
f 2658/2777 2654/2773 2656/2775
f 2586/2705 2643/2762 2442/2549
f 2440/2547 2452/2620 2495/2609
f 2632/2751 2622/2741 2623/2742
f 2626/2745 2649/2768 2627/2746
f 2612/2731 2627/2746 2611/2730
f 2641/2760 2527/2646 2646/2765
f 2659/2778 2652/2771 2649/2768
f 2628/2747 2660/2779 2649/2768
f 2660/2779 2659/2778 2649/2768
f 2649/2768 2626/2745 2628/2747
f 2660/2779 2628/2747 2632/2751
f 2653/2772 2650/2769 2652/2771
f 2661/2780 2659/2778 2660/2779
f 2660/2779 2632/2751 2603/2722
f 2653/2772 2659/2778 2655/2774
f 2661/2780 2662/2781 2659/2778
f 2623/2742 2603/2722 2632/2751
f 2659/2778 2653/2772 2652/2771
f 2527/2646 2641/2760 2588/2707
f 2639/2758 2635/2754 2644/2763
f 2653/2772 2655/2774 2654/2773
f 2599/2718 2660/2779 2603/2722
f 2662/2781 2655/2774 2659/2778
f 2646/2765 2640/2759 2641/2760
f 2661/2780 2660/2779 2599/2718
f 2663/2782 2662/2781 2661/2780
f 2644/2763 2651/2770 2639/2758
f 2599/2718 2598/2717 2663/2782
f 2643/2762 2640/2759 2646/2765
f 2574/2693 2457/2566 2456/2565
f 2664/2783 2574/2693 2456/2565
f 2665/2784 2574/2693 2664/2783
f 2636/2755 2638/2757 2666/2785
f 2667/2786 2630/2749 2636/2755
f 2666/2785 2668/2787 2669/2788
f 2630/2749 2637/2756 2636/2755
f 2495/2609 2457/2621 2565/2789
f 2637/2756 2670/2790 2638/2757
f 2507/2623 2508/2624 2519/2637
f 2669/2788 2668/2787 2671/2791
f 2663/2782 2661/2780 2599/2718
f 2672/2792 2449/2557 2442/2549
f 2638/2757 2668/2787 2666/2785
f 2637/2756 2651/2770 2670/2790
f 2673/2793 2674/2794 2670/2790
f 2673/2793 2670/2790 2675/2795
f 2638/2757 2670/2790 2668/2787
f 2651/2770 2676/2796 2670/2790
f 2643/2762 2672/2792 2442/2549
f 2482/2593 2467/2576 2578/2697
f 2677/2797 2482/2593 2678/2798
f 2578/2697 2678/2798 2482/2593
f 2677/2797 2585/2704 2518/2636
f 2482/2593 2677/2797 2483/2594
f 2578/2697 2584/2703 2633/2752
f 2678/2798 2578/2697 2679/2799
f 2578/2697 2633/2752 2679/2799
f 2476/2586 2449/2557 2672/2792
f 2680/2800 2643/2762 2646/2765
f 2483/2594 2677/2797 2518/2636
f 2678/2798 2681/2801 2677/2797
f 2677/2797 2681/2801 2585/2704
f 2682/2802 2551/2670 2530/2649
f 2657/2776 2681/2801 2679/2799
f 2682/2802 1357/1403 1359/1405
f 2678/2798 2679/2799 2681/2801
f 1359/1405 2683/2803 2682/2802
f 2683/2803 2684/2804 2682/2802
f 2679/2799 2685/2805 2657/2776
f 2685/2805 2686/2806 2617/2736
f 2585/2704 2681/2801 2657/2776
f 2657/2776 2528/2647 2588/2707
f 2624/2743 2634/2753 2584/2703
f 2624/2743 2621/2740 2686/2806
f 2634/2753 2685/2805 2633/2752
f 2685/2805 2634/2753 2686/2806
f 2633/2752 2685/2805 2679/2799
f 2634/2753 2624/2743 2686/2806
f 2620/2739 2686/2806 2621/2740
f 2617/2736 2686/2806 2620/2739
f 2687/2807 2688/2808 2689/2809
f 2617/2736 2620/2739 2557/2676
f 2657/2776 2685/2805 2528/2647
f 2505/2619 2689/2809 2690/2810
f 2685/2805 2617/2736 2528/2647
f 2643/2762 2680/2800 2672/2792
f 2558/2677 2528/2647 2617/2736
f 2505/2619 2506/2622 2691/2811
f 2690/2810 2644/2763 2642/2761
f 2642/2761 2479/2590 2504/2618
f 2680/2800 2692/2812 2672/2792
f 2504/2618 2505/2619 2642/2761
f 2527/2646 2594/2713 2646/2765
f 2476/2586 2692/2812 1435/1488
f 1359/1405 1384/1432 2683/2803
f 2691/2811 2687/2807 2689/2809
f 2683/2803 1384/1432 1435/1488
f 2692/2812 2683/2803 1435/1488
f 2680/2800 2693/2813 2692/2812
f 1435/1488 1339/1382 2476/2586
f 2672/2792 2692/2812 2476/2586
f 2509/2625 2565/2789 2512/2630
f 1338/1381 2476/2586 1339/1382
f 2651/2770 2644/2763 2690/2810
f 2690/2810 2689/2809 2694/2814
f 2565/2789 2509/2625 2495/2609
f 2689/2809 2505/2619 2691/2811
f 2642/2761 2505/2619 2690/2810
f 2506/2622 2523/2642 2687/2807
f 2688/2808 2695/2815 2694/2814
f 2694/2814 2651/2770 2690/2810
f 2694/2814 2676/2796 2651/2770
f 2585/2704 2520/2638 2518/2636
f 2687/2807 2523/2642 2696/2816
f 2691/2811 2506/2622 2687/2807
f 2688/2808 2694/2814 2689/2809
f 2564/2683 2574/2693 2665/2784
f 2512/2630 2565/2789 2511/2628
f 2507/2623 2512/2630 2510/2629
f 2683/2803 2692/2812 2693/2813
f 2530/2649 1358/1404 1357/1403
f 2530/2649 2551/2670 2525/2644
f 2682/2802 2530/2649 1357/1403
f 2688/2808 2687/2807 2696/2816
f 2523/2642 2665/2784 2696/2816
f 2523/2642 2564/2683 2665/2784
f 2684/2804 2551/2670 2682/2802
f 2512/2630 2507/2623 2519/2637
f 2551/2670 2697/2817 2531/2650
f 2697/2817 2551/2670 2684/2804
f 2697/2817 2594/2713 2531/2650
f 2645/2764 2594/2713 2697/2817
f 2645/2764 2697/2817 2684/2804
f 2693/2813 2645/2764 2684/2804
f 2693/2813 2680/2800 2645/2764
f 2680/2800 2646/2765 2645/2764
f 2693/2813 2684/2804 2683/2803
f 2527/2646 2529/2648 2594/2713
f 2670/2790 2676/2796 2675/2795
f 2676/2796 2698/2818 2675/2795
f 2699/2819 2700/2820 2701/2821
f 2702/2822 2701/2823 2700/2824
f 2703/2825 2094/2180 2702/2822
f 2704/2826 2705/2827 2706/2828
f 2105/2191 2104/2190 2701/2821
f 2701/2823 2702/2822 2094/2180
f 2704/2826 2707/2829 2708/2830
f 2709/2831 2705/2827 2704/2826
f 2705/2827 2709/2831 2710/2832
f 2704/2826 2711/2833 2709/2831
f 2711/2833 2712/2834 2713/2835
f 2714/2836 2699/2819 2112/2199
f 2712/2834 2711/2833 2708/2830
f 2708/2830 2707/2829 2712/2834
f 2704/2826 2708/2830 2711/2833
f 2709/2831 2711/2833 2715/2837
f 2716/2838 2710/2832 2709/2831
f 2717/2839 2716/2838 2715/2837
f 2709/2831 2715/2837 2716/2838
f 2718/2840 2710/2832 2716/2838
f 2715/2837 2711/2833 2719/2841
f 2711/2833 2713/2835 2719/2841
f 2720/2842 2719/2841 2713/2835
f 2710/2843 2721/2844 2705/2845
f 2722/2846 2723/2847 2721/2844
f 2112/2199 2699/2819 2104/2190
f 2701/2823 2094/2180 2105/2195
f 2699/2819 2701/2821 2104/2190
f 2710/2843 2722/2846 2721/2844
f 2724/2848 2091/2177 2587/2706
f 2583/2702 2587/2706 2091/2177
f 2724/2848 2587/2706 2593/2712
f 2710/2843 2718/2849 2722/2846
f 2725/2850 2722/2846 2718/2849
f 2725/2850 2723/2847 2722/2846
f 2094/2180 2097/2183 2095/2181
f 2712/2834 2720/2842 2713/2835
f 2726/2851 2727/2852 2720/2842
f 2712/2834 2726/2851 2720/2842
f 2728/2853 2719/2841 2720/2842
f 2720/2842 2729/2854 2728/2853
f 2730/2855 2700/2820 2699/2819
f 2097/2183 2703/2825 2731/2856
f 2726/2851 2732/2857 2727/2852
f 2720/2842 2727/2852 2729/2854
f 2733/2858 2734/2859 2735/2860
f 2730/2855 2714/2836 2736/2861
f 2732/2857 2737/2862 2738/2863
f 2699/2819 2714/2836 2730/2855
f 2738/2863 2729/2854 2727/2852
f 2739/2864 2593/2712 2654/2773
f 2727/2852 2732/2857 2738/2863
f 2658/2777 2739/2864 2654/2773
f 2740/2865 2741/2866 2702/2822
f 2733/2858 2735/2860 2742/2867
f 2743/2868 2744/2869 2745/2870
f 2724/2848 2593/2712 2746/2871
f 2744/2869 2747/2872 2745/2870
f 2700/2820 2730/2855 2748/2873
f 2746/2871 2749/2874 2724/2848
f 2750/2875 2751/2876 2737/2862
f 2752/2877 2753/2878 2730/2855
f 2732/2857 2754/2879 2755/2880
f 2748/2881 2740/2865 2700/2824
f 2755/2880 2756/2882 2732/2857
f 2728/2853 2733/2858 2719/2841
f 2094/2180 2703/2825 2097/2183
f 2757/2883 2758/2884 2750/2875
f 2729/2854 2733/2858 2728/2853
f 2759/2885 2656/2775 2655/2774
f 2734/2859 2760/2886 2735/2860
f 2761/2887 2759/2885 2662/2781
f 2743/2868 2745/2870 2755/2880
f 2762/2888 2734/2859 2729/2854
f 2763/2889 2656/2775 2759/2885
f 2759/2885 2655/2774 2662/2781
f 2764/2890 2765/2891 2745/2870
f 2766/2892 2767/2893 2768/2894
f 2766/2892 2769/2895 2767/2893
f 2662/2781 2663/2782 2761/2887
f 2723/2847 2770/2896 2771/2897
f 2732/2857 2756/2882 2737/2862
f 2772/2898 2761/2887 2663/2782
f 2756/2882 2750/2875 2737/2862
f 2756/2882 2745/2870 2757/2883
f 2756/2882 2757/2883 2750/2875
f 2773/2899 2757/2883 2745/2870
f 2755/2880 2745/2870 2756/2882
f 2745/2870 2765/2891 2773/2899
f 2598/2717 2772/2898 2663/2782
f 2764/2890 2745/2870 2747/2872
f 2765/2891 2774/2900 2773/2899
f 2733/2858 2729/2854 2734/2859
f 2734/2859 2775/2901 2760/2886
f 2742/2867 2735/2860 2776/2902
f 2777/2903 2721/2844 2723/2847
f 2778/2904 2779/2905 2771/2897
f 2777/2903 2771/2897 2779/2905
f 2742/2867 2780/2906 2733/2858
f 2770/2896 2723/2847 2781/2907
f 2723/2847 2771/2897 2777/2903
f 2781/2907 2723/2847 2725/2850
f 2770/2896 2782/2908 2771/2897
f 2783/2909 2669/2788 2767/2893
f 2737/2862 2784/2910 2738/2863
f 2669/2788 2671/2791 2767/2893
f 2757/2883 2774/2900 2758/2884
f 2782/2908 2785/2911 2786/2912
f 2783/2909 2666/2785 2669/2788
f 2666/2785 2787/2913 2636/2755
f 2787/2913 2666/2785 2783/2909
f 2762/2888 2788/2914 2734/2859
f 2762/2888 2729/2854 2738/2863
f 2767/2893 2671/2791 2768/2894
f 2778/2904 2771/2897 2786/2912
f 2771/2897 2782/2908 2786/2912
f 2785/2911 2789/2915 2786/2912
f 2786/2912 2789/2915 2790/2916
f 2774/2900 2757/2883 2773/2899
f 2791/2917 2792/2918 2758/2884
f 2734/2859 2788/2914 2775/2901
f 2758/2884 2774/2900 2791/2917
f 2793/2919 2794/2920 2795/2921
f 2796/2922 2758/2884 2792/2918
f 2797/2923 2798/2924 2799/2925
f 2737/2862 2751/2876 2784/2910
f 2798/2924 2764/2926 2799/2925
f 2798/2924 2797/2923 2800/2927
f 2751/2876 2796/2922 2784/2910
f 2772/2898 2598/2717 2595/2714
f 2762/2888 2738/2863 2784/2910
f 2801/2928 2802/2929 2803/2930
f 2772/2898 2595/2714 2591/2710
f 2798/2924 2804/2931 2764/2926
f 2784/2910 2796/2922 2762/2888
f 2805/2932 2804/2931 2793/2919
f 2793/2919 2798/2924 2794/2920
f 2774/2900 2765/2891 2806/2933
f 2765/2934 2805/2932 2806/2935
f 2764/2926 2804/2931 2765/2934
f 2807/2936 2591/2710 2808/2937
f 2804/2931 2798/2924 2793/2919
f 2800/2927 2809/2938 2798/2924
f 2765/2934 2804/2931 2805/2932
f 2762/2888 2796/2922 2775/2901
f 2798/2924 2809/2938 2794/2920
f 2589/2708 2808/2937 2591/2710
f 2795/2921 2794/2920 2810/2939
f 2794/2920 2809/2938 2810/2939
f 2795/2921 2810/2939 2811/2940
f 2811/2940 2810/2939 2812/2941
f 2788/2914 2762/2888 2775/2901
f 2813/2942 2814/2943 2815/2944
f 2776/2902 2816/2945 2817/2946
f 2813/2942 2790/2916 2814/2943
f 2790/2916 2789/2915 2818/2947
f 2790/2916 2818/2947 2814/2943
f 2792/2918 2791/2917 2802/2929
f 2819/2948 2775/2901 2801/2928
f 2256/2348 2724/2848 2749/2874
f 2814/2943 2820/2949 2815/2944
f 2255/2347 2256/2348 2749/2874
f 2256/2348 2091/2177 2724/2848
f 2802/2929 2801/2928 2796/2922
f 2089/2175 2091/2177 2256/2348
f 2792/2918 2802/2929 2796/2922
f 2775/2901 2796/2922 2801/2928
f 2821/2950 2254/2346 2749/2874
f 2820/2949 2814/2943 2822/2951
f 2818/2947 2823/2952 2814/2943
f 2823/2952 2822/2951 2814/2943
f 2824/2953 2807/2936 2822/2951
f 2822/2951 2823/2952 2824/2953
f 2807/2936 2808/2937 2822/2951
f 2772/2898 2591/2710 2807/2936
f 2825/2954 2772/2898 2807/2936
f 2826/2955 2827/2956 2783/2909
f 2828/2957 2718/2840 2829/2958
f 2830/2959 2787/2913 2783/2909
f 2831/2960 2832/2961 2833/2962
f 2810/2939 2834/2963 2835/2964
f 2819/2948 2801/2928 2803/2930
f 2802/2929 2836/2965 2837/2966
f 2838/2967 2309/2410 2155/2245
f 2839/2968 2840/2969 2309/2410
f 2155/2245 2159/2249 2838/2967
f 2776/2902 2833/2962 2832/2961
f 2159/2249 2158/2248 2170/2260
f 2817/2946 2833/2962 2776/2902
f 2783/2909 2827/2956 2830/2959
f 2838/2967 2839/2968 2309/2410
f 2151/2241 2841/2970 2170/2260
f 2735/2860 2816/2945 2776/2902
f 2812/2941 2835/2964 2827/2956
f 2170/2260 2842/2971 2839/2968
f 2843/2972 2170/2260 2841/2970
f 2838/2967 2159/2249 2170/2260
f 2816/2945 2760/2886 2844/2973
f 2812/2941 2810/2939 2835/2964
f 2827/2956 2835/2964 2845/2974
f 2827/2956 2845/2974 2830/2959
f 2846/2975 2833/2962 2817/2946
f 2170/2260 2839/2968 2838/2967
f 2847/2976 2848/2977 2817/2946
f 2837/2966 2849/2978 2803/2930
f 2816/2945 2844/2973 2850/2979
f 2847/2976 2850/2979 2848/2977
f 2816/2945 2850/2979 2847/2976
f 2147/2237 2851/2980 2852/2981
f 2817/2946 2848/2977 2846/2975
f 2769/2895 2826/2955 2767/2893
f 2827/2956 2853/2982 2854/2983
f 2853/2982 2855/2984 2856/2985
f 2816/2945 2847/2976 2817/2946
f 2854/2983 2853/2982 2856/2985
f 2857/2986 2856/2985 2858/2987
f 2856/2985 2859/2988 2858/2987
f 2860/2989 2819/2948 2803/2930
f 2856/2985 2857/2986 2854/2983
f 2858/2987 2861/2990 2857/2986
f 2853/2982 2826/2955 2769/2895
f 2854/2983 2812/2941 2827/2956
f 2826/2955 2853/2982 2827/2956
f 2854/2983 2857/2986 2812/2941
f 2760/2886 2816/2945 2735/2860
f 2862/2991 2749/2874 2746/2871
f 2812/2941 2857/2986 2861/2990
f 2739/2864 2746/2871 2593/2712
f 2844/2973 2760/2886 2863/2992
f 2658/2777 2746/2871 2739/2864
f 2821/2950 2749/2874 2862/2991
f 2763/2889 2658/2777 2656/2775
f 2746/2871 2864/2993 2862/2991
f 2862/2991 2864/2993 2821/2950
f 2746/2871 2763/2889 2864/2993
f 2763/2889 2746/2871 2658/2777
f 2865/2994 2864/2993 2763/2889
f 2866/2995 2867/2996 2864/2993
f 2868/2997 2867/2996 2866/2995
f 2759/2885 2761/2887 2763/2889
f 2869/2998 2865/2994 2763/2889
f 2761/2887 2869/2998 2763/2889
f 2772/2898 2869/2998 2761/2887
f 2772/2898 2825/2954 2869/2998
f 2870/2999 2869/2998 2825/2954
f 2870/2999 2824/2953 2871/3000
f 2825/2954 2824/2953 2870/2999
f 2865/2994 2866/2995 2864/2993
f 2871/3000 2824/2953 2823/2952
f 2871/3000 2866/2995 2865/2994
f 2865/2994 2870/2999 2871/3000
f 2866/2995 2871/3000 2868/2997
f 2824/2953 2825/2954 2807/2936
f 2872/3001 2871/3000 2818/2947
f 2871/3000 2823/2952 2818/2947
f 2869/2998 2870/2999 2865/2994
f 2760/2886 2775/2901 2863/2992
f 2873/3002 2874/3003 2840/2969
f 2133/2223 2731/2856 2846/2975
f 2875/3004 2876/3005 2858/2987
f 2875/3004 2874/3006 2876/3005
f 2877/3007 2878/3008 2874/3006
f 2879/3009 2861/2990 2876/3005
f 2876/3005 2874/3006 2879/3009
f 2861/2990 2858/2987 2876/3005
f 2775/2901 2819/2948 2863/2992
f 2839/2968 2873/3002 2840/2969
f 2874/3006 2878/3008 2879/3009
f 2880/3010 2842/2971 2881/3011
f 2839/2968 2842/2971 2882/3012
f 2881/3011 2842/2971 2843/2972
f 2877/3013 2874/3003 2873/3002
f 2170/2260 2843/2972 2842/2971
f 2883/3014 2877/3013 2873/3002
f 2884/3015 2880/3010 2881/3011
f 2880/3010 2882/3012 2842/2971
f 2885/3016 2877/3013 2883/3014
f 2886/3017 2883/3014 2882/3012
f 2883/3014 2886/3017 2887/3018
f 2836/2965 2880/3010 2884/3015
f 2883/3014 2887/3018 2885/3016
f 2883/3014 2873/3002 2882/3012
f 2811/2940 2812/2941 2861/2990
f 2880/3010 2886/3017 2882/3012
f 2836/2965 2887/3018 2886/3017
f 2882/3012 2873/3002 2839/2968
f 2888/3019 2811/2940 2879/3009
f 2878/3008 2888/3019 2879/3009
f 2889/3020 2888/3019 2878/3008
f 2879/3009 2811/2940 2861/2990
f 2795/2921 2811/2940 2888/3019
f 2836/2965 2886/3017 2880/3010
f 2795/2921 2805/2932 2793/2919
f 2889/3020 2877/3007 2890/3021
f 2890/3022 2877/3013 2885/3016
f 2890/3022 2885/3016 2887/3018
f 2890/3022 2887/3018 2891/3023
f 2791/2917 2891/3023 2892/3024
f 2836/2965 2891/3023 2887/3018
f 2889/3020 2805/2932 2888/3019
f 2888/3019 2805/2932 2795/2921
f 2892/3024 2891/3023 2836/2965
f 2890/3021 2805/2932 2889/3020
f 2891/3023 2806/2933 2890/3022
f 2806/2933 2891/3023 2791/2917
f 2806/2935 2805/2932 2890/3021
f 2774/2900 2806/2933 2791/2917
f 2802/2929 2837/2966 2803/2930
f 2889/3020 2878/3008 2877/3007
f 2829/2958 2718/2840 2716/2838
f 2783/2909 2767/2893 2826/2955
f 2717/2839 2780/2906 2893/3025
f 2829/2958 2893/3025 2828/2957
f 2717/2839 2829/2958 2716/2838
f 2749/2874 2254/2346 2255/2347
f 2837/2966 2836/2965 2849/2978
f 2863/2992 2860/2989 2844/2973
f 2829/2958 2717/2839 2893/3025
f 2191/2281 2254/2346 2894/3026
f 2254/2346 2821/2950 2894/3026
f 2894/3026 2821/2950 2864/2993
f 2860/2989 2803/2930 2895/3027
f 2881/3011 2849/2978 2884/3015
f 2717/2839 2719/2841 2733/2858
f 2717/2839 2715/2837 2719/2841
f 2893/3025 2780/2906 2896/3028
f 2780/2906 2717/2839 2733/2858
f 2893/3025 2896/3028 2828/2957
f 2780/2906 2832/2961 2896/3028
f 2780/2906 2742/2867 2832/2961
f 2860/2989 2863/2992 2819/2948
f 2828/2957 2896/3028 2897/3029
f 2898/3030 2899/3031 2725/2850
f 2828/3032 2898/3030 2725/2850
f 2718/2849 2828/3032 2725/2850
f 2900/3033 2190/2280 2901/3034
f 2190/2280 2900/3033 2183/2273
f 2714/2836 2900/3033 2902/3035
f 2849/2978 2836/2965 2884/3015
f 2900/3033 2181/2271 2183/2273
f 2751/2876 2750/2875 2758/2884
f 2112/2199 2181/2271 2714/2836
f 2903/3036 2894/3026 2867/2996
f 2864/2993 2867/2996 2894/3026
f 2904/3037 2867/2996 2868/2997
f 2905/3038 2904/3037 2868/2997
f 2872/3001 2905/3038 2871/3000
f 2905/3038 2868/2997 2871/3000
f 2789/2915 2872/3001 2818/2947
f 2867/2996 2904/3037 2903/3036
f 2904/3037 2902/3035 2901/3034
f 2900/3033 2901/3034 2902/3035
f 2901/3034 2903/3036 2904/3037
f 2894/3026 2903/3036 2901/3034
f 2190/2280 2191/2281 2894/3026
f 2902/3035 2904/3037 2906/3039
f 2901/3034 2190/2280 2894/3026
f 2900/3033 2714/2836 2181/2271
f 2752/2877 2736/2861 2907/3040
f 2906/3039 2904/3037 2905/3038
f 2907/3040 2902/3035 2906/3039
f 2902/3035 2907/3040 2714/2836
f 2736/2861 2714/2836 2907/3040
f 2785/2911 2872/3001 2789/2915
f 2905/3038 2872/3001 2906/3039
f 2785/2911 2906/3039 2872/3001
f 2907/3040 2906/3039 2908/3041
f 2909/3042 2908/3041 2906/3039
f 2785/2911 2909/3042 2906/3039
f 2910/3043 2908/3041 2909/3042
f 2911/3044 2908/3041 2912/3045
f 2752/2877 2907/3040 2908/3041
f 2911/3044 2752/2877 2908/3041
f 2912/3045 2908/3041 2910/3043
f 2782/2908 2909/3042 2785/2911
f 2909/3042 2782/2908 2770/2896
f 2770/2896 2781/2907 2909/3042
f 2781/2907 2912/3045 2910/3043
f 2909/3042 2781/2907 2910/3043
f 2725/2850 2912/3045 2781/2907
f 2896/3028 2832/2961 2913/3046
f 2912/3045 2725/2850 2899/3031
f 2898/3030 2828/3032 2897/3047
f 2841/2970 2151/2241 2914/3048
f 2911/3044 2899/3031 2898/3030
f 2832/2961 2741/2866 2913/3046
f 2911/3044 2912/3045 2899/3031
f 2796/2922 2751/2876 2758/2884
f 2896/3028 2913/3046 2897/3029
f 2741/2866 2832/2961 2831/2960
f 2703/2825 2702/2822 2831/2960
f 2897/3029 2915/3049 2748/2881
f 2898/3030 2897/3047 2748/2873
f 2700/2824 2740/2865 2702/2822
f 2741/2866 2915/3049 2913/3046
f 2753/2878 2898/3030 2748/2873
f 2741/2866 2831/2960 2702/2822
f 2915/3049 2897/3029 2913/3046
f 2752/2877 2911/3044 2753/2878
f 2916/3050 2850/2979 2844/2973
f 2914/3048 2151/2241 2153/2243
f 2895/3027 2803/2930 2849/2978
f 2740/2865 2748/2881 2915/3049
f 2844/2973 2860/2989 2916/3050
f 2148/2238 2153/2243 2149/2239
f 2849/2978 2917/3051 2895/3027
f 2914/3048 2153/2243 2148/2238
f 2898/3030 2753/2878 2911/3044
f 2730/2855 2753/2878 2748/2873
f 2832/2961 2742/2867 2776/2902
f 2088/2174 2146/2236 2147/2237
f 2146/2236 2851/2980 2147/2237
f 2915/3049 2741/2866 2740/2865
f 2852/2981 2914/3048 2148/2238
f 2148/2238 2147/2237 2852/2981
f 2895/3027 2917/3051 2852/2981
f 2916/3050 2852/2981 2851/2980
f 2841/2970 2914/3048 2852/2981
f 2917/3051 2841/2970 2852/2981
f 2852/2981 2916/3050 2895/3027
f 2146/2236 2087/2173 2085/2171
f 2916/3050 2851/2980 2146/2236
f 2730/2855 2736/2861 2752/2877
f 2916/3050 2860/2989 2895/3027
f 2850/2979 2916/3050 2146/2236
f 2085/2171 2131/2221 2918/3052
f 2848/2977 2850/2979 2146/2236
f 2131/2221 2132/2222 2918/3052
f 2848/2977 2146/2236 2085/2171
f 2097/2183 2731/2856 2133/2223
f 2848/2977 2085/2171 2918/3052
f 2846/2975 2918/3052 2132/2222
f 2848/2977 2918/3052 2846/2975
f 2831/2960 2833/2962 2703/2825
f 2731/2856 2703/2825 2833/2962
f 2846/2975 2132/2222 2133/2223
f 2833/2962 2846/2975 2731/2856
f 2892/3024 2802/2929 2791/2917
f 2841/2970 2881/3011 2843/2972
f 2892/3024 2836/2965 2802/2929
f 2849/2978 2881/3011 2917/3051
f 2841/2970 2917/3051 2881/3011
f 2919/3053 2920/3054 2921/3055
f 2707/2829 2706/2828 2922/3056
f 2919/3053 2921/3055 2923/3057
f 2924/3058 2925/3059 2707/2829
f 2924/3058 2707/2829 2922/3056
f 2924/3058 2922/3056 2926/3060
f 2919/3053 2925/3059 2924/3058
f 2919/3053 2924/3058 2920/3054
f 2926/3061 2922/3062 2927/3063
f 2705/2845 2927/3063 2922/3062
f 2928/3064 2929/3065 2754/2879
f 2636/2755 2787/2913 2667/2786
f 2924/3058 2926/3060 2920/3054
f 2926/3061 2927/3063 2930/3066
f 2667/2786 2931/3067 2630/2749
f 2631/2750 2630/2749 2931/3067
f 2787/2913 2931/3067 2667/2786
f 2930/3066 2932/3068 2926/3061
f 2927/3063 2933/3069 2930/3066
f 2922/3056 2706/2828 2705/2827
f 2631/2750 2474/2584 2470/2579
f 2926/3061 2932/3068 2920/3070
f 2934/3071 2935/3072 2936/3073
f 2937/3074 2934/3075 2938/3076
f 2777/2903 2939/3077 2933/3069
f 2726/2851 2712/2834 2925/3059
f 2937/3074 2935/3078 2934/3075
f 2707/2829 2925/3059 2712/2834
f 2706/2828 2707/2829 2704/2826
f 2563/2682 2808/2937 2589/2708
f 2938/3076 2934/3075 2744/2869
f 2927/3063 2705/2845 2721/2844
f 2940/3079 2941/3080 2942/3081
f 2559/2678 2563/2682 2589/2708
f 2562/2681 2943/3082 2563/2682
f 2928/3064 2937/3074 2938/3076
f 2943/3082 2562/2681 2461/2570
f 2721/2844 2933/3069 2927/3063
f 2938/3076 2744/2869 2929/3065
f 2940/3083 2944/3084 2945/3085
f 2928/3064 2938/3076 2929/3065
f 2944/3084 2946/3086 2945/3085
f 2946/3086 2947/3087 2948/3088
f 2949/3089 2461/2570 2460/2569
f 2945/3085 2946/3086 2948/3088
f 2446/2553 2950/3090 2460/2569
f 2460/2569 2950/3090 2949/3089
f 2445/2552 2951/3091 2451/2559
f 2952/3092 2953/3093 2940/3079
f 2951/3094 2950/3090 2446/2553
f 2951/3094 2446/2553 2451/3095
f 2945/3085 2941/3096 2940/3083
f 2940/3079 2953/3093 2954/3097
f 2941/3096 2945/3085 2948/3088
f 2925/3059 2919/3053 2955/3098
f 2956/3099 2787/2913 2830/2959
f 2956/3099 2830/2959 2845/2974
f 2923/3057 2957/3100 2955/3098
f 2936/3073 2935/3072 2958/3101
f 2956/3099 2845/2974 2959/3102
f 2923/3057 2955/3098 2919/3053
f 2944/3084 2921/3103 2946/3086
f 2955/3098 2726/2851 2925/3059
f 2944/3104 2923/3057 2921/3055
f 2834/2963 2959/3102 2845/2974
f 2835/2964 2834/2963 2845/2974
f 2960/3105 2754/2879 2929/3065
f 2956/3099 2931/3067 2787/2913
f 2451/3095 2446/2553 2443/2555
f 2956/3099 2959/3102 2961/3106
f 2961/3106 2631/2750 2931/3067
f 2631/2750 2961/3106 2962/3107
f 2631/2750 2962/3107 2474/2584
f 2961/3106 2963/3108 2962/3107
f 2946/3086 2964/3109 2947/3087
f 2931/3067 2956/3099 2961/3106
f 2962/3107 2963/3108 2965/3110
f 2822/2951 2808/2937 2966/3111
f 2820/2949 2966/3111 2967/3112
f 2952/3092 2958/3101 2953/3093
f 2822/2951 2966/3111 2820/2949
f 2959/3102 2965/3110 2963/3108
f 2965/3110 2959/3102 2834/2963
f 2815/2944 2820/2949 2968/3113
f 2960/3105 2743/2868 2754/2879
f 2968/3113 2813/2942 2815/2944
f 2946/3086 2921/3103 2920/3070
f 2960/3105 2744/2869 2743/2868
f 2958/3101 2954/3097 2953/3093
f 2943/3082 2966/3111 2563/2682
f 2808/2937 2563/2682 2966/3111
f 2969/3114 2957/3100 2944/3104
f 2970/3115 2943/3082 2461/2570
f 2967/3112 2943/3082 2970/3115
f 2967/3112 2970/3115 2971/3116
f 2971/3116 2970/3115 2972/3117
f 2973/3118 2965/3110 2834/2963
f 2974/3119 2965/3110 2975/3120
f 2974/3119 2962/3107 2965/3110
f 2976/3121 2813/2942 2968/3113
f 2971/3116 2968/3113 2967/3112
f 2959/3102 2963/3108 2961/3106
f 2820/2949 2967/3112 2968/3113
f 2968/3113 2971/3116 2977/3122
f 2967/3112 2966/3111 2943/3082
f 2972/3117 2977/3122 2971/3116
f 2973/3118 2975/3120 2965/3110
f 2978/3123 2968/3113 2977/3122
f 2976/3121 2968/3113 2978/3123
f 2969/3114 2944/3104 2940/3124
f 2954/3125 2969/3114 2940/3124
f 2929/3065 2744/2869 2960/3105
f 2834/2963 2810/2939 2973/3118
f 2973/3118 2810/2939 2809/2938
f 2944/3104 2957/3100 2923/3057
f 2946/3086 2932/3068 2964/3109
f 2747/3126 2799/2925 2764/2926
f 2799/2925 2979/3127 2797/2923
f 2980/3128 2973/3118 2797/2923
f 2973/3118 2809/2938 2797/2923
f 2981/3129 2982/3130 2975/3120
f 2797/2923 2809/2938 2800/2927
f 2981/3129 2975/3120 2983/3131
f 2980/3128 2983/3131 2973/3118
f 2984/3132 2813/2942 2976/3121
f 2975/3120 2973/3118 2983/3131
f 2985/3133 2981/3129 2983/3131
f 2978/3123 2986/3134 2976/3121
f 2984/3132 2986/3134 2987/3135
f 2988/3136 2797/2923 2979/3127
f 2987/3135 2986/3134 2989/3137
f 2990/3138 2980/3128 2991/3139
f 2957/3100 2969/3114 2754/2879
f 2980/3128 2797/2923 2988/3136
f 2992/3140 2979/3127 2799/2925
f 2934/3071 2988/3136 2992/3140
f 2992/3140 2988/3136 2979/3127
f 2985/3133 2983/3131 2980/3128
f 2991/3139 2988/3136 2934/3071
f 2934/3071 2936/3073 2991/3139
f 2984/3132 2993/3141 2813/2942
f 2936/3073 2990/3138 2991/3139
f 2747/3126 2992/3140 2799/2925
f 2936/3073 2958/3101 2990/3138
f 2994/3142 2952/3092 2942/3081
f 2952/3092 2990/3138 2958/3101
f 2985/3133 2980/3128 2990/3138
f 2994/3142 2990/3138 2952/3092
f 2989/3137 2947/3087 2964/3109
f 2445/2552 2474/2584 2962/3107
f 2986/3134 2984/3132 2976/3121
f 2950/3090 2995/3143 2949/3089
f 2974/3119 2445/2552 2962/3107
f 2445/2552 2974/3119 2951/3091
f 2980/3128 2988/3136 2991/3139
f 2995/3143 2996/3144 2949/3089
f 2997/3145 2949/3089 2996/3144
f 2998/3146 2949/3089 2997/3145
f 2999/3147 2997/3145 2996/3144
f 2950/3090 2951/3094 3000/3148
f 3000/3148 2996/3144 2950/3090
f 2996/3144 2995/3143 2950/3090
f 2972/3117 2970/3115 2998/3146
f 2949/3089 2998/3146 2970/3115
f 2998/3146 2997/3145 2972/3117
f 3001/3149 3000/3150 2974/3119
f 3002/3151 2997/3145 2999/3147
f 3001/3149 2974/3119 2975/3120
f 2982/3130 3003/3152 3001/3149
f 2461/2570 2949/3089 2970/3115
f 2996/3144 3001/3153 3003/3154
f 3001/3153 2996/3144 3000/3148
f 2951/3091 2974/3119 3000/3150
f 2999/3147 2996/3144 3002/3151
f 3004/3155 3003/3154 3005/3156
f 3002/3151 2996/3144 3003/3154
f 3002/3151 2972/3117 2997/3145
f 2972/3117 3006/3157 2977/3122
f 2975/3120 2982/3130 3001/3149
f 3002/3151 3004/3155 2972/3117
f 3004/3155 3006/3157 2972/3117
f 3006/3157 2978/3123 2977/3122
f 3003/3152 2982/3130 3005/3158
f 3004/3155 3002/3151 3003/3154
f 3005/3158 2982/3130 2981/3129
f 2981/3129 3007/3159 3008/3160
f 3004/3155 3005/3156 3006/3157
f 3005/3156 3009/3161 3006/3157
f 3009/3161 2986/3134 2978/3123
f 2981/3129 2985/3133 3007/3159
f 3006/3157 3009/3161 2978/3123
f 3008/3160 3005/3158 2981/3129
f 3010/3162 3008/3160 3007/3159
f 3011/3163 2986/3134 3009/3161
f 3008/3164 3010/3165 3011/3163
f 3007/3159 2985/3133 2994/3142
f 3010/3162 3007/3159 2994/3142
f 2990/3138 2994/3142 2985/3133
f 3009/3161 3005/3156 3008/3164
f 3011/3163 3009/3161 3008/3164
f 2942/3081 3010/3162 2994/3142
f 2947/3087 2989/3137 2986/3134
f 3010/3162 2942/3081 2941/3080
f 2948/3088 2947/3087 2986/3134
f 2948/3088 3011/3163 3010/3165
f 2948/3088 2986/3134 3011/3163
f 2948/3088 3010/3165 2941/3096
f 2942/3081 2952/3092 2940/3079
f 2946/3086 2920/3070 2932/3068
f 2954/3125 2935/3078 2937/3074
f 2993/3141 2786/2912 2790/2916
f 2957/3100 2754/2879 2732/2857
f 2958/3101 2935/3072 2954/3097
f 2993/3141 2790/2916 2813/2942
f 2992/3140 2747/3126 2934/3071
f 2928/3064 2754/2879 2969/3114
f 2969/3114 2954/3125 2928/3064
f 2777/2903 2779/2905 2778/2904
f 2747/2872 2744/2869 2934/3075
f 2954/3125 2937/3074 2928/3064
f 2993/3141 2778/2904 2786/2912
f 2993/3141 2939/3077 2778/2904
f 2939/3077 2993/3141 2984/3132
f 2777/2903 2933/3069 2721/2844
f 2984/3132 2987/3135 2939/3077
f 2777/2903 2778/2904 2939/3077
f 2939/3077 2930/3066 2933/3069
f 2957/3100 2732/2857 2955/3098
f 2939/3077 2964/3109 2930/3066
f 2989/3137 2939/3077 2987/3135
f 2989/3137 2964/3109 2939/3077
f 2955/3098 2732/2857 2726/2851
f 2930/3066 2964/3109 2932/3068
f 2743/2868 2755/2880 2754/2879
f 3012/3166 3013/3167 3014/3168
f 3015/3169 3016/3170 3017/3171
f 3018/3172 3019/3173 3020/3174
f 3012/3166 3020/3174 3019/3173
f 3015/3169 3021/3175 3016/3170
f 3022/3176 3023/3177 3015/3178
f 3023/3177 3022/3176 3024/3179
f 3025/3180 3017/3171 3016/3170
f 3013/3167 3012/3166 3019/3173
f 3026/3181 3024/3179 3022/3176
f 3015/3169 3027/3182 3022/3183
f 3017/3171 3027/3182 3015/3169
f 3020/3174 3012/3166 3028/3184
f 3027/3182 3026/3185 3022/3183
f 3029/3186 3021/3175 3015/3169
f 3026/3181 108/113 3024/3179
f 3015/3178 3023/3177 3029/3187
f 3017/3171 3030/3188 3027/3182
f 3030/3188 3031/3189 3027/3182
f 3032/3190 3027/3182 3031/3189
f 3033/3191 3034/3192 3035/3193
f 3026/3185 3032/3190 3033/3191
f 3033/3194 108/113 3026/3181
f 3032/3190 3026/3185 3027/3182
f 3031/3189 3034/3192 3032/3190
f 3034/3192 3033/3191 3032/3190
f 3036/3195 3033/3194 3035/3196
f 3033/3194 3036/3195 108/113
f 3017/3171 3025/3180 3030/3188
f 3025/3180 132/137 3037/3197
f 3030/3188 3025/3180 3037/3197
f 3030/3188 3038/3198 3031/3189
f 3037/3197 3038/3198 3030/3188
f 3039/3199 3040/3200 3038/3198
f 3037/3197 3039/3199 3038/3198
f 3034/3192 3031/3189 3038/3198
f 3038/3198 3040/3200 3041/3201
f 3038/3198 3042/3202 3034/3192
f 3028/3184 3012/3166 3043/3203
f 3012/3166 3014/3168 3043/3203
f 1004/1036 3044/3204 848/880
f 3014/3168 3013/3167 3045/3205
f 3046/3206 853/885 3047/3207
f 31/33 3023/3177 293/305
f 101/106 33/35 293/305
f 3045/3205 3048/3208 3014/3168
f 3049/3209 848/880 3044/3204
f 3044/3204 3050/3210 3049/3209
f 44/46 3023/3177 31/33
f 3029/3187 3023/3177 44/46
f 3021/3175 44/60 56/59
f 3048/3208 3051/3211 3014/3168
f 3021/3175 57/61 3016/3170
f 3021/3175 56/59 57/61
f 3016/3170 82/87 3025/3180
f 57/61 82/87 3016/3170
f 3029/3186 44/60 3021/3175
f 848/880 3049/3209 849/881
f 3048/3208 3052/3212 3051/3211
f 3053/3213 3052/3212 3048/3208
f 3054/3214 3055/3215 3056/3216
f 3057/3217 3056/3216 3053/3213
f 991/1023 847/879 849/881
f 3053/3213 3056/3216 3052/3212
f 3058/3218 3019/3173 3049/3209
f 3019/3173 849/881 3049/3209
f 3018/3172 991/1023 849/881
f 3019/3173 3018/3172 849/881
f 3059/3219 3054/3214 3056/3216
f 3047/3207 850/882 835/867
f 3020/3174 3060/3220 3018/3172
f 3051/3211 3052/3212 3014/3168
f 3018/3172 817/849 991/1023
f 3047/3207 3061/3221 3046/3206
f 3062/3222 3061/3221 834/866
f 835/867 834/866 3061/3221
f 3063/3223 3059/3219 3056/3216
f 23/25 44/46 31/33
f 3047/3207 835/867 3061/3221
f 199/207 3062/3222 834/866
f 3055/3215 3043/3203 3014/3168
f 3056/3216 3055/3215 3052/3212
f 3061/3221 3062/3222 3064/3224
f 3064/3224 3062/3222 3065/3225
f 3066/3226 3043/3203 3055/3215
f 3052/3212 3055/3215 3014/3168
f 3023/3177 101/106 293/305
f 108/113 101/106 3024/3179
f 3024/3179 101/106 3023/3177
f 817/849 3018/3172 813/845
f 3060/3220 812/844 813/845
f 109/114 108/113 3067/3227
f 3067/3227 112/117 109/114
f 3018/3172 3060/3220 813/845
f 3067/3227 108/113 3036/3195
f 812/844 3068/3228 246/257
f 3069/3229 3054/3214 3070/3230
f 3061/3221 3064/3224 3071/3231
f 812/844 3072/3232 3068/3228
f 3060/3220 3072/3232 812/844
f 3059/3219 3070/3230 3054/3214
f 3065/3225 3062/3222 265/277
f 3071/3231 3064/3224 3070/3233
f 3025/3180 82/87 132/137
f 102/107 101/106 108/113
f 3063/3234 3046/3206 3059/3235
f 3037/3197 132/137 131/136
f 3037/3197 131/136 3039/3199
f 82/87 129/134 132/137
f 3073/3236 3074/3237 3046/3206
f 3068/3228 247/258 246/257
f 3013/3167 3019/3173 3058/3218
f 3073/3236 3046/3206 3063/3234
f 853/885 3046/3206 3074/3237
f 247/258 3068/3228 3072/3232
f 3064/3224 3069/3238 3070/3233
f 247/258 3075/3239 149/154
f 247/258 150/155 246/257
f 131/136 135/140 142/147
f 3039/3199 131/136 142/147
f 3039/3199 142/147 3040/3200
f 264/276 3067/3227 3076/3240
f 3077/3241 3078/3242 3079/3243
f 3057/3217 3053/3213 3080/3244
f 142/147 149/154 3075/3239
f 3040/3200 142/147 3075/3239
f 149/154 142/147 145/150
f 199/207 265/277 3062/3222
f 3057/3217 3063/3223 3056/3216
f 3064/3224 3065/3225 265/277
f 3063/3234 3057/3245 3081/3246
f 3061/3221 3071/3231 3046/3206
f 265/277 263/275 3082/3247
f 3076/3240 3082/3247 263/275
f 3079/3243 3028/3184 3043/3203
f 3059/3235 3046/3206 3071/3231
f 3013/3167 3083/3248 3045/3205
f 263/275 264/276 3076/3240
f 3071/3231 3070/3233 3059/3235
f 3028/3184 3078/3242 3060/3220
f 112/117 3067/3227 270/282
f 264/276 270/282 3067/3227
f 3078/3242 3028/3184 3079/3243
f 3076/3240 3067/3227 3036/3195
f 3028/3184 3060/3220 3020/3174
f 3050/3210 3058/3218 3049/3209
f 3013/3167 3058/3218 3083/3248
f 3043/3203 3077/3241 3079/3243
f 3066/3226 3077/3241 3043/3203
f 3076/3240 3036/3195 3035/3196
f 3072/3232 3060/3220 3078/3242
f 3076/3240 3035/3196 3084/3249
f 3035/3193 3034/3192 3085/3250
f 3080/3244 3053/3213 3048/3208
f 3084/3251 3035/3193 3085/3250
f 3086/3252 3076/3240 3084/3249
f 3085/3250 3087/3253 3084/3251
f 3084/3251 3087/3253 3088/3254
f 3084/3251 3088/3254 3089/3255
f 3084/3251 3089/3255 3086/3256
f 3089/3255 3090/3257 3086/3256
f 3086/3256 3090/3257 3091/3258
f 3086/3252 265/277 3082/3247
f 3082/3247 3076/3240 3086/3252
f 3091/3259 265/277 3086/3252
f 3091/3259 3069/3238 265/277
f 3034/3192 3042/3202 3085/3250
f 3091/3258 3092/3260 3069/3229
f 3045/3205 3080/3244 3048/3208
f 3041/3201 3042/3202 3038/3198
f 3042/3202 3087/3253 3085/3250
f 3040/3200 3075/3239 3093/3261
f 3042/3202 3041/3201 3094/3262
f 3064/3224 265/277 3069/3238
f 3041/3201 3093/3261 3094/3262
f 3094/3262 3087/3253 3042/3202
f 3089/3255 3088/3254 3095/3263
f 3095/3263 3088/3254 3087/3253
f 3094/3262 3095/3263 3087/3253
f 3069/3229 3092/3260 3054/3214
f 3054/3214 3092/3260 3096/3264
f 3040/3200 3093/3261 3041/3201
f 3066/3226 3055/3215 3096/3264
f 247/258 3093/3261 3075/3239
f 3089/3255 3095/3263 3096/3264
f 3055/3215 3054/3214 3096/3264
f 3092/3260 3090/3257 3096/3264
f 3094/3262 3077/3241 3095/3263
f 3091/3258 3090/3257 3092/3260
f 3093/3261 247/258 3072/3232
f 3094/3262 3078/3242 3077/3241
f 3096/3264 3095/3263 3077/3241
f 3089/3255 3096/3264 3090/3257
f 3093/3261 3078/3242 3094/3262
f 3077/3241 3066/3226 3096/3264
f 3078/3242 3093/3261 3072/3232
f 1897/1967 1915/1985 1898/1968
f 3097/3265 3098/3266 1915/1985
f 3098/3266 3099/3267 1915/1985
f 3100/3268 3099/3267 3098/3266
f 1915/1985 3099/3267 1898/1968
f 1999/2078 3101/3269 2006/2085
f 2004/2083 2006/2085 3101/3269
f 2004/2118 3101/3270 2037/2116
f 3101/3270 3102/3271 2037/2116
f 2044/2124 1761/1824 2043/2123
f 1898/1968 3103/3272 1893/1963
f 3099/3267 3103/3272 1898/1968
f 3104/3273 3103/3272 3099/3267
f 1895/1965 1898/1968 1893/1963
f 2037/2116 3102/3271 2044/2124
f 3105/3274 3106/3275 3102/3276
f 2044/2124 3107/3277 1761/1824
f 3101/3269 1999/2078 3102/3276
f 1991/2070 3105/3274 1999/2078
f 3108/3278 3109/3279 3110/3280
f 3108/3278 3110/3280 3111/3281
f 1999/2078 3105/3274 3102/3276
f 3109/3282 3112/3283 3113/3284
f 3114/3285 3111/3281 3115/3286
f 3097/3265 3116/3287 3098/3266
f 3108/3278 3117/3288 3109/3279
f 3118/3289 3109/3282 3117/3290
f 3119/3291 3109/3282 3118/3289
f 3111/3281 3117/3288 3108/3278
f 3120/3292 3121/3293 3118/3289
f 3118/3294 3117/3288 3122/3295
f 3122/3295 3117/3288 3111/3281
f 3123/3296 3124/3297 3122/3295
f 3118/3289 3121/3293 3119/3291
f 3124/3297 3120/3298 3118/3294
f 3122/3295 3124/3297 3118/3294
f 3121/3293 3125/3299 3119/3291
f 3126/3300 3120/3298 3124/3297
f 3120/3292 3125/3299 3121/3293
f 3127/3301 3125/3299 3120/3292
f 3126/3300 3124/3297 3128/3302
f 3126/3300 3128/3302 3129/3303
f 3123/3296 3111/3281 3114/3285
f 3120/3292 3126/3304 3127/3301
f 3130/3305 3126/3300 3129/3303
f 3123/3296 3122/3295 3111/3281
f 3126/3304 3131/3306 3127/3301
f 3132/3307 3130/3305 3129/3303
f 3130/3308 3131/3306 3126/3304
f 3131/3309 3132/3310 3133/3311
f 3132/3307 3129/3303 3134/3312
f 3131/3306 3130/3308 3132/3313
f 3119/3291 3112/3283 3109/3282
f 3131/3309 3133/3311 3135/3314
f 3136/3315 3097/3265 1916/1986
f 3137/3316 3113/3284 3112/3283
f 3138/3317 3139/3318 3107/3277
f 3125/3299 3140/3319 3141/3320
f 3105/3274 3142/3321 3143/3322
f 3107/3277 3144/3323 1761/1824
f 3116/3287 3145/3324 3098/3266
f 3127/3301 3131/3306 3135/3325
f 1991/2070 3142/3321 3105/3274
f 3138/3317 3146/3326 3139/3318
f 3127/3301 3147/3327 3125/3299
f 3143/3322 3148/3328 3149/3329
f 3150/3330 3138/3317 3106/3331
f 3119/3291 3141/3320 3112/3283
f 3151/3332 3125/3299 3147/3327
f 3152/3333 3151/3332 3147/3327
f 3107/3277 2044/2124 3102/3271
f 3138/3317 3153/3334 3146/3326
f 3153/3334 3154/3335 3146/3326
f 3138/3317 3107/3277 3102/3271
f 3127/3301 3135/3325 3147/3327
f 3147/3327 3135/3325 3152/3333
f 3155/3336 3156/3337 3135/3314
f 3102/3271 3106/3331 3138/3317
f 3133/3311 3155/3336 3135/3314
f 3106/3275 3105/3274 3150/3338
f 3154/3335 3157/3339 3146/3326
f 3150/3330 3153/3334 3138/3317
f 3154/3335 3153/3334 3150/3330
f 3149/3329 3105/3274 3143/3322
f 3149/3329 3150/3338 3105/3274
f 3125/3299 3141/3320 3119/3291
f 3154/3340 3150/3338 3149/3329
f 3157/3339 3158/3341 3145/3324
f 1918/1988 1759/1822 3139/3318
f 3146/3326 3157/3339 3159/3342
f 3148/3328 3155/3336 3158/3343
f 1761/1824 3144/3323 1759/1822
f 3149/3329 3148/3328 3160/3344
f 3135/3325 3156/3345 3152/3333
f 3160/3344 3154/3340 3149/3329
f 3107/3277 3139/3318 3144/3323
f 3146/3326 3159/3342 3139/3318
f 3136/3315 1918/1988 3159/3342
f 3139/3318 3159/3342 1918/1988
f 1759/1822 3144/3323 3139/3318
f 3157/3339 3154/3335 3160/3346
f 3097/3265 1915/1985 1916/1986
f 3155/3336 3133/3311 3158/3343
f 3158/3343 3133/3311 3132/3310
f 3148/3328 3143/3322 3161/3347
f 3148/3328 3161/3347 3162/3348
f 3148/3328 3162/3348 3155/3336
f 1916/1986 1918/1988 3136/3315
f 3160/3346 3158/3341 3157/3339
f 3158/3343 3160/3344 3148/3328
f 3136/3315 3116/3287 3097/3265
f 3116/3287 3159/3342 3157/3339
f 3157/3339 3145/3324 3116/3287
f 3163/3349 3164/3350 3103/3272
f 3158/3341 3128/3302 3145/3324
f 3158/3341 3134/3312 3128/3302
f 3114/3285 3115/3286 3163/3349
f 3163/3349 3103/3272 3104/3273
f 3164/3350 3163/3349 3115/3286
f 3114/3285 3165/3351 3123/3296
f 3166/3352 3124/3297 3165/3351
f 3123/3296 3165/3351 3124/3297
f 3159/3342 3116/3287 3136/3315
f 3100/3268 3163/3349 3104/3273
f 3165/3351 3114/3285 3163/3349
f 3165/3351 3163/3349 3100/3268
f 3100/3268 3104/3273 3099/3267
f 3134/3312 3158/3341 3132/3307
f 3100/3268 3166/3352 3165/3351
f 3145/3324 3166/3352 3098/3266
f 3166/3352 3128/3302 3124/3297
f 3098/3266 3166/3352 3100/3268
f 3134/3312 3129/3303 3128/3302
f 3145/3324 3128/3302 3166/3352
f 3164/3350 3167/3353 3103/3272
f 3168/3354 3169/3355 3170/3356
f 3171/3357 3172/3358 3173/3359
f 3174/3360 3173/3359 3172/3358
f 3168/3354 3175/3361 3176/3362
f 3177/3363 3173/3359 3178/3364
f 1894/1964 1893/1963 3179/3365
f 3178/3366 3180/3367 3181/3368
f 1854/1924 3179/3365 3182/3369
f 3177/3370 3178/3366 3181/3368
f 3168/3354 3170/3356 3180/3367
f 3180/3367 3170/3356 3181/3368
f 3103/3272 3179/3365 1893/1963
f 3174/3360 3183/3371 3178/3364
f 3172/3358 3184/3372 3174/3360
f 3057/3217 3080/3244 3185/3373
f 3186/3374 3081/3246 3187/3375
f 3057/3245 3185/3376 3081/3246
f 3188/3377 3081/3246 3185/3376
f 3189/3378 3188/3377 3185/3376
f 3168/3354 3180/3367 3183/3379
f 3185/3373 3080/3244 3190/3380
f 3190/3380 3191/3381 3189/3382
f 3188/3377 3192/3383 3081/3246
f 3189/3382 3185/3373 3190/3380
f 3193/3384 3179/3365 3103/3272
f 3179/3365 1899/1969 1894/1964
f 3194/3385 3179/3365 3193/3384
f 3179/3365 3194/3385 3182/3369
f 3193/3384 3167/3353 3195/3386
f 3103/3272 3167/3353 3193/3384
f 3180/3367 3178/3366 3183/3379
f 3168/3354 3183/3379 3196/3387
f 3167/3353 3197/3388 3195/3386
f 3164/3350 3115/3286 3198/3389
f 3195/3386 3194/3385 3193/3384
f 3164/3350 3198/3389 3199/3390
f 3167/3353 3164/3350 3197/3388
f 3197/3388 3164/3350 3200/3391
f 3201/3392 1848/1918 3202/3393
f 3183/3379 3203/3394 3196/3387
f 1848/1918 1845/1915 3182/3369
f 3063/3234 3081/3246 3186/3374
f 3168/3354 3176/3362 3204/3395
f 1854/1924 3182/3369 1845/1915
f 3063/3234 3186/3374 3073/3236
f 3186/3374 3205/3396 3073/3236
f 3206/3397 3183/3371 3174/3360
f 3204/3395 3169/3355 3168/3354
f 3074/3237 3073/3236 863/895
f 3080/3244 3045/3205 3190/3380
f 3045/3205 3207/3398 3190/3380
f 3183/3371 3206/3397 3203/3399
f 3196/3387 3175/3361 3168/3354
f 3207/3398 3045/3205 3083/3248
f 3208/3400 3209/3401 3210/3402
f 3206/3397 3184/3372 3211/3403
f 3212/3404 3213/3405 3214/3406
f 3205/3396 3186/3374 3187/3375
f 3215/3407 3196/3387 3203/3394
f 3058/3218 3216/3408 3083/3248
f 3207/3398 3083/3248 3213/3405
f 3190/3380 3213/3405 3212/3404
f 3050/3210 3217/3409 3216/3408
f 3083/3248 3216/3408 3213/3405
f 3213/3405 3216/3408 3214/3406
f 3218/3410 3217/3409 3219/3411
f 3216/3408 3058/3218 3050/3210
f 3220/3412 3217/3409 3050/3210
f 3221/3413 3222/3414 3194/3385
f 3194/3385 3222/3414 3182/3369
f 3220/3412 3219/3411 3217/3409
f 3222/3414 1848/1918 3182/3369
f 3216/3408 3217/3409 3218/3410
f 3221/3413 3223/3415 3222/3414
f 1844/1914 1846/1916 1847/1917
f 3184/3372 3224/3416 3211/3403
f 1848/1918 3222/3414 3202/3393
f 3175/3361 3215/3407 3209/3401
f 1848/1918 1847/1917 1846/1916
f 3222/3414 3223/3415 3202/3393
f 3206/3397 3174/3360 3184/3372
f 3201/3392 3225/3417 1847/1917
f 1848/1918 3201/3392 1847/1917
f 3223/3415 3226/3418 3202/3393
f 3215/3407 3175/3361 3196/3387
f 3074/3237 863/895 854/886
f 3225/3417 1839/1909 1847/1917
f 3206/3397 3211/3403 3227/3419
f 854/886 853/885 3074/3237
f 3175/3361 3209/3401 3208/3400
f 3203/3399 3206/3397 3227/3419
f 3201/3392 3228/3420 3225/3417
f 3229/3421 3230/3422 3211/3403
f 3081/3246 3192/3383 3187/3375
f 3231/3423 3232/3424 3233/3425
f 3044/3204 1004/1036 3050/3210
f 3192/3383 3234/3426 3187/3375
f 3190/3380 3207/3398 3213/3405
f 3189/3378 3234/3426 3192/3383
f 3189/3378 3192/3383 3188/3377
f 3234/3427 3235/3428 3236/3429
f 3237/3430 3205/3396 3187/3375
f 3191/3381 3238/3431 3235/3428
f 3189/3382 3191/3381 3235/3428
f 3237/3430 3187/3375 3239/3432
f 3237/3430 3240/3433 3073/3236
f 3189/3382 3235/3428 3234/3427
f 3073/3236 3240/3433 863/895
f 3187/3375 3234/3426 3239/3432
f 3236/3434 3239/3432 3234/3426
f 3205/3396 3237/3430 3073/3236
f 3241/3435 3242/3436 3238/3431
f 3241/3435 3212/3404 3214/3406
f 3212/3404 3238/3431 3190/3380
f 3243/3437 3240/3433 3237/3430
f 3244/3438 3245/3439 3241/3435
f 3191/3381 3190/3380 3238/3431
f 3214/3406 3244/3438 3241/3435
f 3212/3404 3241/3435 3238/3431
f 3244/3438 3214/3406 3218/3410
f 3216/3408 3218/3410 3214/3406
f 3246/3440 3239/3432 3236/3434
f 3247/3441 3237/3430 3239/3432
f 3248/3442 3236/3429 3235/3428
f 3246/3440 3249/3443 3247/3441
f 3247/3441 3250/3444 3237/3430
f 3239/3432 3246/3440 3247/3441
f 3243/3437 3250/3444 3251/3445
f 3248/3442 3235/3428 3242/3436
f 3235/3428 3238/3431 3242/3436
f 3237/3430 3250/3444 3243/3437
f 3252/3446 3243/3437 3251/3445
f 3241/3435 3245/3439 3242/3436
f 3249/3443 3250/3444 3247/3441
f 3246/3447 3253/3448 3254/3449
f 3248/3442 3246/3447 3236/3429
f 3242/3436 3253/3448 3246/3447
f 3248/3442 3242/3436 3246/3447
f 3250/3444 3249/3443 3255/3450
f 3255/3450 3256/3451 3250/3444
f 3257/3452 3249/3453 3258/3454
f 3257/3452 3256/3455 3255/3456
f 3254/3449 3258/3454 3249/3453
f 3251/3445 3259/3457 904/936
f 3257/3452 3255/3456 3249/3453
f 3250/3444 3256/3451 3260/3458
f 3259/3457 3250/3444 3260/3458
f 3259/3457 3251/3445 3250/3444
f 3246/3447 3254/3449 3249/3453
f 3258/3454 3254/3449 3261/3459
f 3258/3454 3262/3460 3257/3452
f 3253/3448 3261/3459 3254/3449
f 3263/3461 3256/3455 3257/3452
f 3258/3454 3261/3459 3264/3462
f 3265/3463 3256/3451 3263/3464
f 3265/3463 3260/3458 3256/3451
f 3262/3460 3263/3461 3257/3452
f 3260/3458 3265/3463 3259/3457
f 3259/3457 3265/3463 3266/3465
f 3263/3461 3262/3460 3267/3466
f 3266/3465 3265/3463 3268/3467
f 3233/3425 3262/3460 3264/3462
f 3258/3454 3264/3462 3262/3460
f 3267/3466 3262/3460 3233/3425
f 863/895 876/908 864/896
f 3240/3433 876/908 863/895
f 3264/3462 3231/3423 3233/3425
f 3252/3446 880/912 3243/3437
f 883/915 880/912 3252/3446
f 880/912 3240/3433 3243/3437
f 3209/3401 3215/3407 3269/3468
f 888/920 883/915 3252/3446
f 3240/3433 880/912 876/908
f 904/936 888/920 3252/3446
f 3230/3422 3227/3419 3211/3403
f 3252/3446 3251/3445 904/936
f 3225/3417 1809/1877 1839/1909
f 3265/3463 3270/3469 3268/3467
f 3271/3470 3209/3401 3269/3468
f 1814/1882 1839/1909 1809/1877
f 3272/3471 3273/3472 3228/3420
f 3273/3472 831/863 1809/1877
f 903/935 3259/3457 3266/3465
f 3225/3417 3273/3472 1809/1877
f 3170/3356 3274/3473 3275/3474
f 3203/3399 3227/3419 3215/3475
f 3228/3420 3273/3472 3225/3417
f 3227/3419 3276/3476 3215/3475
f 3271/3470 3232/3424 3231/3423
f 3277/3477 915/947 3266/3465
f 3273/3472 830/862 831/863
f 915/947 913/945 3266/3465
f 3270/3469 3265/3463 3276/3476
f 903/935 904/936 3259/3457
f 3277/3477 3266/3465 3268/3467
f 3263/3464 3276/3476 3265/3463
f 915/947 3277/3477 916/948
f 903/935 3266/3465 913/945
f 3209/3401 3271/3470 3210/3402
f 3232/3424 3271/3470 3269/3468
f 3276/3476 3227/3419 3230/3422
f 3273/3472 3278/3478 830/862
f 3279/3479 830/862 3278/3478
f 3279/3479 3278/3478 852/884
f 3279/3479 821/853 830/862
f 3279/3479 852/884 821/853
f 3195/3386 3221/3413 3194/3385
f 3200/3391 3275/3474 3197/3388
f 3195/3386 3197/3388 3275/3474
f 3267/3480 3276/3476 3263/3464
f 1013/1045 3280/3481 1004/1036
f 3219/3411 3220/3412 3280/3481
f 3275/3474 3274/3473 3195/3386
f 3170/3356 3199/3390 3181/3368
f 3221/3413 3195/3386 3274/3473
f 3226/3418 3204/3395 3281/3482
f 3050/3210 1004/1036 3220/3412
f 3280/3481 3220/3412 1004/1036
f 3199/3390 3200/3391 3164/3350
f 3275/3474 3200/3391 3170/3356
f 3170/3356 3200/3391 3199/3390
f 3274/3473 3223/3415 3221/3413
f 3233/3425 3232/3424 3282/3483
f 3269/3468 3282/3483 3232/3424
f 3228/3420 3201/3392 3202/3393
f 3169/3355 3274/3473 3170/3356
f 3204/3395 3223/3415 3274/3473
f 3223/3415 3204/3395 3226/3418
f 3169/3355 3204/3395 3274/3473
f 3176/3362 3281/3482 3204/3395
f 3281/3482 3283/3484 3226/3418
f 3226/3418 3284/3485 3202/3393
f 3273/3472 3272/3471 3284/3485
f 3226/3418 3283/3484 3284/3485
f 3202/3393 3284/3485 3228/3420
f 3283/3484 3285/3486 3284/3485
f 3176/3362 3208/3400 3281/3482
f 3281/3482 3208/3400 3283/3484
f 3272/3471 3228/3420 3284/3485
f 3175/3361 3208/3400 3176/3362
f 3286/3487 3218/3410 3219/3411
f 3286/3487 3244/3438 3218/3410
f 3244/3438 3286/3487 3287/3488
f 3287/3488 3286/3487 3288/3489
f 3244/3438 3287/3488 3245/3439
f 3288/3489 3289/3490 3287/3488
f 3245/3439 3287/3488 3290/3491
f 3290/3491 3287/3488 3289/3490
f 3291/3492 3289/3490 3292/3493
f 3245/3439 3290/3491 3242/3436
f 3290/3491 3289/3490 3291/3492
f 3280/3481 3288/3489 3286/3487
f 3290/3491 3253/3448 3242/3436
f 3253/3448 3293/3494 3261/3459
f 3253/3448 3290/3491 3293/3494
f 3291/3492 3293/3494 3290/3491
f 3293/3494 3294/3495 3261/3459
f 3293/3494 3291/3492 3295/3496
f 3264/3462 3294/3495 3296/3497
f 3296/3497 3231/3423 3264/3462
f 3293/3494 3295/3496 3294/3495
f 3291/3492 3297/3498 3295/3496
f 3264/3462 3261/3459 3294/3495
f 3295/3496 3297/3498 3298/3499
f 3295/3496 3299/3500 3300/3501
f 3301/3502 3297/3498 3291/3492
f 3295/3496 3298/3499 3299/3500
f 3295/3496 3296/3497 3294/3495
f 3295/3496 3300/3501 3296/3497
f 3288/3489 3280/3481 3302/3503
f 3219/3411 3280/3481 3286/3487
f 3280/3481 1013/1045 3302/3503
f 982/1014 984/1016 3303/3504
f 3302/3503 1013/1045 1014/1046
f 3304/3505 3305/3506 3303/3504
f 1014/1046 982/1014 3302/3503
f 3304/3505 3292/3493 3305/3506
f 3282/3507 3269/3508 3276/3476
f 3299/3500 852/884 3300/3501
f 3233/3425 3282/3483 3267/3466
f 3285/3486 3273/3472 3284/3485
f 3303/3504 984/1016 1042/1074
f 1048/1080 3303/3504 1042/1074
f 3283/3484 3208/3400 3210/3402
f 982/1014 3303/3504 3302/3503
f 3230/3422 3229/3421 3268/3467
f 3302/3503 3305/3506 3288/3489
f 3306/3509 3285/3486 3283/3484
f 3210/3402 3306/3509 3283/3484
f 3285/3486 3278/3478 3273/3472
f 3288/3489 3305/3506 3289/3490
f 3292/3493 3289/3490 3305/3506
f 3305/3506 3302/3503 3303/3504
f 1048/1080 3304/3505 3303/3504
f 3291/3492 3307/3510 3301/3502
f 3304/3505 1048/1080 3292/3493
f 1048/1080 3307/3510 3292/3493
f 3307/3510 1048/1080 1049/1081
f 3269/3508 3215/3475 3276/3476
f 1049/1081 3308/3511 3307/3510
f 3291/3492 3292/3493 3307/3510
f 3229/3421 953/985 3268/3467
f 3268/3467 3276/3476 3230/3422
f 1049/1081 985/1017 3308/3511
f 3270/3469 3276/3476 3268/3467
f 3210/3402 3271/3470 3306/3509
f 3277/3477 953/985 916/948
f 3282/3507 3276/3476 3267/3480
f 3300/3501 3278/3478 3285/3486
f 3285/3486 3296/3497 3300/3501
f 3300/3501 852/884 3278/3478
f 3296/3497 3285/3486 3306/3509
f 3231/3423 3296/3497 3306/3509
f 3231/3423 3306/3509 3271/3470
f 3308/3511 3301/3502 3307/3510
f 3301/3502 3308/3511 3309/3512
f 3308/3511 985/1017 3309/3512
f 3301/3502 3309/3512 948/980
f 952/984 953/985 3229/3421
f 3297/3498 3301/3502 948/980
f 954/986 916/948 953/985
f 3297/3498 948/980 3298/3499
f 3141/3320 3310/3513 3137/3316
f 3112/3283 3141/3320 3137/3316
f 3178/3364 3173/3359 3174/3360
f 3309/3512 985/1017 948/980
f 3311/3514 3312/3515 952/984
f 3211/3403 952/984 3229/3421
f 3224/3416 3311/3514 952/984
f 953/985 3277/3477 3268/3467
f 948/980 827/859 852/884
f 3224/3416 3184/3372 3313/3516
f 3224/3416 952/984 3211/3403
f 3172/3358 3313/3516 3184/3372
f 3298/3499 948/980 852/884
f 852/884 3299/3500 3298/3499
f 3111/3281 3110/3280 3115/3286
f 3173/3359 3137/3316 3171/3357
f 3171/3357 3313/3516 3172/3358
f 3109/3279 3113/3517 3110/3280
f 3173/3359 3113/3284 3137/3316
f 3177/3363 3113/3284 3173/3359
f 3110/3280 3198/3389 3115/3286
f 3198/3389 3110/3280 3199/3390
f 3113/3517 3177/3370 3110/3280
f 3177/3370 3181/3368 3110/3280
f 3181/3368 3199/3390 3110/3280
f 3047/3207 853/885 850/882
f 3179/3365 1854/1924 1899/1969
f 589/606 3314/3518 633/650
f 3314/3518 589/606 3315/3519
f 3315/3519 589/606 567/584
f 2432/2539 3316/3520 2433/2540
f 3317/3521 3318/3522 3319/3523
f 3320/3524 3321/3525 3315/3519
f 2433/2540 3316/3520 3322/3526
f 3322/3526 3323/3527 3324/3528
f 3322/3526 3324/3528 2433/2540
f 3315/3519 3325/3529 3320/3524
f 3326/3530 3322/3526 3316/3520
f 3315/3519 599/616 3325/3529
f 2439/2546 2434/2541 2392/2498
f 599/616 3315/3519 567/584
f 3327/3531 3328/3532 3329/3533
f 3330/3534 3325/3529 599/616
f 2434/2541 3326/3530 2432/2539
f 2432/2539 3326/3530 3316/3520
f 3331/3535 3332/3536 2439/2546
f 3326/3530 2434/2541 2439/2546
f 3326/3530 3332/3536 3333/3537
f 3322/3526 3326/3530 3333/3537
f 3326/3530 2439/2546 3332/3536
f 3331/3535 2439/2546 2329/2430
f 3331/3535 3334/3538 3332/3536
f 3335/3539 3336/3540 3328/3532
f 3321/3525 3337/3541 3338/3542
f 2344/2445 3336/3540 2350/2452
f 3325/3529 3337/3541 3320/3524
f 1021/1053 1026/1058 3339/3543
f 3340/3544 3341/3545 3327/3531
f 3342/3546 3337/3541 3325/3529
f 1021/1053 3339/3543 993/1025
f 2350/2452 3336/3540 3343/3547
f 3328/3532 3336/3540 2343/2444
f 2343/2444 3336/3540 2344/2445
f 3336/3540 3344/3548 3343/3547
f 3344/3548 3336/3540 3335/3539
f 3321/3525 3320/3524 3337/3541
f 1743/1806 3345/3549 1883/1953
f 2343/2444 2342/2443 3346/3550
f 3329/3533 2343/2444 3347/3551
f 3329/3533 3340/3544 3327/3531
f 1883/3552 3346/3550 2345/2446
f 2345/2446 3346/3550 2342/2443
f 986/1018 927/959 1006/1038
f 3348/3553 1006/1038 994/1026
f 994/1026 993/1025 3348/3553
f 3345/3549 1743/1806 1744/1807
f 3346/3550 3347/3551 2343/2444
f 3345/3554 3346/3550 1883/3552
f 3346/3550 3349/3555 3347/3551
f 3329/3533 3328/3532 2343/2444
f 3345/3554 3349/3555 3346/3550
f 3347/3551 3349/3555 3350/3556
f 3329/3533 3347/3551 3350/3556
f 3329/3533 3350/3556 3340/3544
f 3318/3522 3340/3544 3350/3556
f 3351/3557 3352/3558 3353/3559
f 3317/3521 3354/3560 3341/3545
f 3317/3521 3340/3544 3318/3522
f 3317/3521 3341/3545 3340/3544
f 3351/3557 3318/3561 3350/3562
f 3355/3563 3356/3564 949/981
f 986/1018 3355/3563 928/960
f 3319/3565 3318/3561 3351/3557
f 3355/3563 949/981 928/960
f 3357/3566 3319/3565 3353/3559
f 1736/1799 1735/1798 1744/1807
f 3353/3559 3319/3565 3351/3557
f 3358/3567 3356/3564 3355/3563
f 3356/3564 3359/3568 3360/3569
f 3355/3563 3361/3570 3358/3567
f 3358/3567 3362/3571 3356/3564
f 832/864 3356/3564 3360/3569
f 3362/3571 3359/3568 3356/3564
f 832/864 949/981 3356/3564
f 1744/1807 1735/1798 3363/3572
f 3363/3572 3349/3573 3345/3549
f 3345/3549 1744/1807 3363/3572
f 3349/3573 3351/3557 3350/3562
f 3363/3572 3351/3557 3349/3573
f 3351/3557 3363/3572 3364/3574
f 3365/3575 3317/3521 3319/3523
f 3364/3574 3352/3558 3351/3557
f 3335/3539 3338/3542 3334/3538
f 3366/3576 3352/3558 3364/3574
f 1735/1798 1762/1825 3363/3572
f 1762/1825 3364/3574 3363/3572
f 3344/3548 3335/3539 3334/3538
f 2329/2430 2328/2429 3331/3535
f 3331/3535 2328/2429 3343/3547
f 3343/3547 2328/2429 2350/2452
f 3343/3547 3334/3538 3331/3535
f 3366/3576 1762/1825 3367/3577
f 3344/3548 3334/3538 3343/3547
f 1763/1826 1813/1881 1762/1825
f 3338/3542 3335/3539 3368/3578
f 3367/3577 1762/1825 1813/1881
f 1816/1884 3367/3577 1813/1881
f 3337/3541 3334/3538 3338/3542
f 3366/3576 3364/3574 1762/1825
f 3368/3578 3321/3525 3338/3542
f 1816/1884 3369/3579 3370/3580
f 1041/1073 1008/1040 1007/1039
f 1816/1884 3370/3580 3367/3577
f 1007/1039 998/1030 3371/3581
f 1007/1039 1040/1072 1041/1073
f 3372/3582 3368/3578 3335/3539
f 3372/3582 3335/3539 3328/3532
f 1784/1847 1816/1884 1813/1881
f 1026/1058 1040/1072 1007/1039
f 989/1021 3373/3583 998/1030
f 3371/3581 3374/3584 3375/3585
f 1007/1039 3371/3581 3376/3586
f 3371/3581 3375/3585 3376/3586
f 998/1030 3373/3583 3377/3587
f 3371/3581 998/1030 3374/3584
f 3378/3588 3379/3589 3377/3587
f 3379/3589 3375/3585 3374/3584
f 3378/3588 3380/3590 3381/3591
f 3378/3588 3382/3592 3379/3589
f 989/1021 987/1019 3373/3583
f 3383/3593 3321/3525 3368/3578
f 1832/1901 1817/1885 1830/1899
f 3384/3594 3314/3518 3321/3525
f 3383/3593 3384/3594 3321/3525
f 653/676 3385/3595 987/1019
f 3386/3596 3383/3593 3368/3578
f 3377/3587 3379/3589 3374/3584
f 3321/3525 3314/3518 3315/3519
f 3374/3584 998/1030 3377/3587
f 3372/3582 3327/3531 3386/3596
f 3385/3597 653/670 654/671
f 3387/3598 3373/3583 987/1019
f 3387/3598 987/1019 3385/3595
f 3373/3583 3387/3598 3377/3587
f 3388/3599 3389/3600 3380/3590
f 3380/3590 3387/3598 3388/3599
f 3380/3590 3377/3587 3387/3598
f 3385/3597 654/671 3387/3601
f 3387/3601 654/671 3388/3602
f 3378/3588 3377/3587 3380/3590
f 3388/3599 3390/3603 3389/3600
f 3391/3604 3392/3605 3393/3606
f 3368/3578 3372/3582 3386/3596
f 3394/3607 3389/3600 3390/3603
f 3384/3594 3383/3593 3386/3596
f 3328/3532 3327/3531 3372/3582
f 1817/1885 1832/1901 3369/3579
f 1817/1885 3369/3579 1816/1884
f 3369/3579 3362/3571 3395/3608
f 3395/3608 3370/3580 3369/3579
f 3359/3568 3362/3571 3369/3579
f 1832/1901 824/856 3359/3568
f 1832/1901 3359/3568 3369/3579
f 824/856 3360/3569 3359/3568
f 824/856 1832/1901 822/854
f 832/864 3360/3569 824/856
f 3323/3527 3322/3526 3396/3609
f 3327/3531 3354/3560 3386/3596
f 3327/3531 3341/3545 3354/3560
f 3397/3610 3386/3596 3354/3560
f 3398/3611 3397/3610 3354/3560
f 3354/3560 3317/3521 3365/3575
f 3399/3612 3400/3613 3354/3560
f 691/710 3401/3614 3402/3615
f 691/710 693/712 3401/3614
f 3354/3560 3365/3575 3399/3612
f 3390/3616 689/708 3403/3617
f 3354/3560 3400/3613 3398/3611
f 654/671 3390/3616 3388/3602
f 654/671 689/708 3390/3616
f 689/708 691/710 3403/3617
f 691/710 3402/3615 3403/3617
f 3323/3527 3396/3609 579/596
f 566/583 579/596 3396/3609
f 655/672 633/650 3404/3618
f 566/583 3396/3609 3405/3619
f 3406/3620 3402/3615 3407/3621
f 3322/3526 3405/3619 3396/3609
f 3384/3594 3408/3622 3404/3618
f 3404/3618 3314/3518 3384/3594
f 3405/3619 599/616 566/583
f 655/672 3404/3618 3407/3621
f 3386/3596 3408/3622 3384/3594
f 3408/3622 3386/3596 3397/3610
f 690/709 3401/3614 693/712
f 3322/3526 3333/3537 3405/3619
f 3405/3619 3342/3546 3330/3534
f 3342/3546 3405/3619 3333/3537
f 3333/3537 3332/3536 3342/3546
f 599/616 3405/3619 3330/3534
f 3337/3541 3342/3546 3332/3536
f 3337/3541 3332/3536 3334/3538
f 3342/3546 3325/3529 3330/3534
f 1007/1039 3376/3586 1026/1058
f 3404/3618 3408/3622 3407/3621
f 633/650 3314/3518 3404/3618
f 1026/1058 3376/3586 3339/3543
f 3409/3623 3375/3585 3379/3589
f 3375/3585 3409/3623 3376/3586
f 3376/3586 3382/3592 3339/3543
f 3382/3592 3376/3586 3409/3623
f 3382/3592 3410/3624 3339/3543
f 3382/3592 3409/3623 3379/3589
f 3381/3591 3382/3592 3378/3588
f 3382/3592 3381/3591 3410/3624
f 993/1025 3339/3543 3348/3553
f 3339/3543 3410/3624 3348/3553
f 986/1018 1006/1038 3348/3553
f 3348/3553 3411/3625 986/1018
f 3411/3625 3348/3553 3410/3624
f 3412/3626 3413/3627 3410/3624
f 3410/3624 3381/3591 3412/3626
f 3413/3627 3411/3625 3410/3624
f 3381/3591 3414/3628 3412/3626
f 3389/3600 3415/3629 3381/3591
f 3414/3628 3381/3591 3415/3629
f 3381/3591 3380/3590 3389/3600
f 3394/3607 3415/3629 3389/3600
f 3415/3629 3394/3607 3414/3628
f 3414/3628 3394/3607 3391/3630
f 3416/3631 3412/3626 3417/3632
f 3413/3627 3412/3626 3416/3631
f 3414/3628 3400/3633 3412/3626
f 3417/3632 3412/3626 3400/3633
f 986/1018 3411/3625 3355/3563
f 3414/3628 3391/3630 3400/3633
f 3418/3634 3355/3563 3411/3625
f 3418/3634 3411/3625 3419/3635
f 3413/3627 3419/3635 3411/3625
f 3419/3635 3361/3570 3418/3634
f 3353/3559 3420/3636 3416/3631
f 3418/3634 3361/3570 3355/3563
f 3416/3631 3420/3636 3413/3627
f 3362/3571 3361/3570 3395/3608
f 3370/3580 3395/3608 3419/3635
f 3362/3571 3358/3567 3361/3570
f 3370/3580 3419/3635 3367/3577
f 3420/3636 3366/3576 3419/3635
f 3419/3635 3366/3576 3367/3577
f 3419/3635 3395/3608 3361/3570
f 3353/3559 3366/3576 3420/3636
f 3417/3632 3357/3566 3416/3631
f 3357/3566 3353/3559 3416/3631
f 3417/3632 3399/3637 3357/3566
f 3400/3633 3399/3637 3417/3632
f 3357/3566 3399/3637 3365/3638
f 3353/3559 3352/3558 3366/3576
f 3392/3605 3390/3616 3403/3617
f 3413/3627 3420/3636 3419/3635
f 3394/3607 3390/3603 3392/3639
f 3357/3566 3365/3638 3319/3565
f 3393/3606 3392/3605 3403/3617
f 3403/3617 3406/3620 3393/3606
f 3406/3620 3403/3617 3402/3615
f 3407/3621 3421/3640 3406/3620
f 3392/3639 3391/3630 3394/3607
f 3407/3621 3402/3615 3401/3614
f 3406/3620 3421/3640 3393/3606
f 3398/3611 3400/3613 3391/3604
f 3398/3611 3421/3640 3408/3622
f 3398/3611 3393/3606 3421/3640
f 3421/3640 3407/3621 3408/3622
f 3398/3611 3408/3622 3397/3610
f 3401/3614 690/709 3422/3641
f 3407/3621 3401/3614 3422/3641
f 634/651 3422/3641 690/709
f 634/651 655/672 3422/3641
f 3393/3606 3398/3611 3391/3604
f 655/672 3407/3621 3422/3641
f 1598/1659 3423/3642 1592/1653
f 3423/3642 579/596 1592/1653
f 579/596 3423/3642 3323/3527
f 1734/1797 1572/1633 3424/3643
f 3425/3644 3324/3528 3423/3642
f 3423/3642 3324/3528 3323/3527
f 2485/2598 2433/2540 3324/3528
f 1734/1797 3425/3644 3423/3642
f 2532/2651 2533/2652 3426/3645
f 3426/3645 1582/1643 2532/2651
f 1564/1625 2532/2651 1561/1622
f 3324/3528 2486/2599 2485/2598
f 2489/2602 2486/2599 3324/3528
f 1734/1797 3423/3642 1598/1659
f 1561/1622 2532/2651 1582/1643
f 3426/3645 2533/2652 2514/2632
f 3424/3643 1582/1643 3426/3645
f 1582/1643 3427/3646 1572/1633
f 1582/1643 1573/1634 1561/1622
f 1582/1643 3424/3643 3427/3646
f 3424/3643 1572/1633 3427/3646
f 3426/3645 2514/2632 2515/2633
f 3424/3643 3426/3645 2515/2633
f 2515/2633 1734/1797 3424/3643
f 3324/3528 2515/2633 2489/2602
f 3425/3644 1734/1797 2515/2633
f 2515/2633 3324/3528 3425/3644
f 3428/3647 3429/3648 3430/3649
f 340/352 3431/3650 3432/3651
f 3433/3652 3431/3653 3434/3654
f 3435/3655 3431/3653 3433/3652
f 3429/3648 3436/3656 3437/3657
f 3430/3658 3438/3659 3435/3660
f 3430/3658 3429/3661 3438/3659
f 3438/3659 248/259 315/327
f 315/327 3432/3651 3438/3659
f 3431/3650 3438/3659 3432/3651
f 3438/3659 3431/3650 3435/3660
f 3433/3652 3439/3662 3435/3655
f 3432/3651 315/327 325/337
f 3434/3654 3431/3653 3440/3663
f 3434/3654 3440/3663 3433/3652
f 3440/3663 3431/3653 340/3664
f 382/395 385/398 3433/3652
f 384/397 385/398 382/395
f 385/398 369/382 260/272
f 3430/3665 3435/3655 3428/3666
f 325/337 338/350 3432/3651
f 3429/3661 248/259 3438/3659
f 340/352 3432/3651 338/350
f 3428/3666 3439/3662 3441/3667
f 3439/3662 385/398 260/272
f 3433/3652 385/398 3439/3662
f 3428/3666 3435/3655 3439/3662
f 3439/3662 260/272 3441/3667
f 191/3668 171/176 168/173
f 191/3668 3442/3669 171/176
f 182/189 191/199 168/197
f 340/3664 348/360 3440/3663
f 340/3664 339/495 348/360
f 171/176 3442/3669 194/202
f 382/395 3440/3663 348/360
f 3443/3670 229/237 228/236
f 3444/3671 3436/3656 228/236
f 3444/3671 228/236 221/229
f 3445/3672 194/202 3442/3669
f 3433/3652 3440/3663 382/395
f 3445/3672 223/231 194/202
f 228/236 3436/3656 3443/3670
f 194/202 223/231 195/203
f 3444/3671 223/231 3445/3672
f 3436/3656 3428/3647 3443/3670
f 191/3668 3445/3672 3442/3669
f 3445/3672 191/3668 3446/3673
f 3445/3672 3446/3673 3444/3671
f 248/259 3429/3661 3446/3674
f 3436/3656 3429/3648 3428/3647
f 209/217 3446/3674 190/198
f 3446/3673 3429/3648 3437/3657
f 209/217 248/259 3446/3674
f 3436/3656 3444/3671 3437/3657
f 3446/3673 3437/3657 3444/3671
f 3441/3667 3443/3675 3428/3666
f 3446/3674 191/199 190/198
f 3444/3671 221/229 223/231
f 260/272 3443/3675 3441/3667
f 260/272 232/269 3443/3675
f 3443/3670 232/240 229/237
f 3447/3676 3448/3677 3449/3678
f 2875/3004 3450/3679 3451/3680
f 3447/3676 3452/3681 3448/3677
f 3453/3682 3452/3681 3454/3683
f 3447/3676 3454/3683 3452/3681
f 3452/3681 3453/3682 3455/3684
f 3448/3677 3452/3681 3456/3685
f 2840/3686 2875/3004 3451/3680
f 3452/3681 3455/3684 3456/3685
f 3457/3687 3458/3688 3459/3689
f 2840/3686 2874/3006 2875/3004
f 3451/3680 3450/3679 3460/3690
f 3449/3678 3461/3691 3462/3692
f 3461/3691 3463/3693 3464/3694
f 3465/3695 3466/3696 3459/3689
f 1477/1534 3453/3682 3454/3683
f 3449/3678 3448/3677 3457/3687
f 3461/3691 3457/3687 3459/3689
f 3467/3697 3468/3698 3469/3699
f 3468/3698 3470/3700 3469/3699
f 3469/3699 3470/3700 3447/3676
f 3459/3689 3466/3696 3471/3701
f 3461/3691 3449/3678 3457/3687
f 3459/3689 3471/3701 3461/3691
f 3450/3679 3472/3702 3473/3703
f 2853/2982 2769/2895 2855/2984
f 3474/3704 3469/3699 3447/3676
f 3474/3704 3447/3676 3449/3678
f 2855/2984 2859/2988 2856/2985
f 2875/3004 2858/2987 3450/3679
f 3450/3679 3475/3705 3472/3702
f 3475/3705 3450/3679 2858/2987
f 3460/3690 3450/3679 3476/3706
f 2858/2987 2859/2988 3475/3705
f 3475/3705 3477/3707 3472/3702
f 2859/2988 3478/3708 3475/3705
f 3450/3679 3473/3703 3476/3706
f 3447/3676 1477/1534 3454/3683
f 2859/2988 2855/2984 3478/3708
f 3479/3709 3477/3707 3475/3705
f 3475/3705 3478/3708 3479/3709
f 3477/3707 3473/3703 3472/3702
f 3458/3688 3457/3687 3456/3685
f 3461/3691 3471/3701 3463/3693
f 3480/3710 1390/1438 3468/3698
f 2840/3686 3481/3711 2309/3712
f 3474/3704 3482/3713 3469/3699
f 3469/3699 3482/3713 3467/3697
f 3468/3698 3467/3697 3480/3710
f 3460/3690 3476/3706 3481/3711
f 1414/1464 3468/3698 1389/1437
f 3482/3713 3480/3710 3467/3697
f 3468/3698 1414/1464 3470/3700
f 2309/3712 3481/3711 3483/3714
f 3468/3698 1390/1438 1389/1437
f 2840/3686 3451/3680 3481/3711
f 2456/2565 2454/2562 3482/3713
f 3481/3711 3451/3680 3460/3690
f 1477/1534 3470/3700 1414/1464
f 3484/3715 3482/3713 3474/3704
f 3476/3706 3473/3703 3485/3716
f 2454/2562 3480/3710 3482/3713
f 3486/3717 3487/3718 3477/3707
f 3477/3707 3487/3718 3473/3703
f 2455/2564 2454/2562 2456/2565
f 3485/3716 3473/3703 3487/3718
f 1412/1462 1477/1534 1414/1464
f 1414/1464 1413/1463 1412/1462
f 2668/2787 3488/3719 2671/2791
f 3448/3677 3456/3685 3457/3687
f 3462/3692 3474/3704 3449/3678
f 3482/3713 3484/3715 2456/2565
f 2671/2791 3488/3719 2768/2894
f 2674/2794 2673/2793 3489/3720
f 3464/3694 3462/3692 3461/3691
f 3490/3721 3491/3722 3492/3723
f 2668/2787 2674/2794 3488/3719
f 3488/3719 2674/2794 3493/3724
f 2674/2794 3489/3720 3493/3724
f 2668/2787 2670/2790 2674/2794
f 2664/2783 2456/2565 3484/3715
f 2673/2793 2675/2795 3489/3720
f 3484/3715 3474/3704 2664/2783
f 3462/3692 2664/2783 3474/3704
f 3462/3692 2665/2784 2664/2783
f 1677/1740 3494/3725 3495/3726
f 3496/3727 3497/3728 3498/3729
f 3499/3730 3494/3725 500/517
f 3494/3725 1567/1628 500/517
f 3447/3676 3470/3700 1477/1534
f 1677/1740 1567/1628 3494/3725
f 3500/3731 3495/3726 3494/3725
f 3500/3731 3494/3725 3501/3732
f 2766/2892 2768/2894 3490/3721
f 2766/2892 3490/3721 3492/3723
f 3462/3692 3464/3694 2665/2784
f 3494/3725 3499/3730 3501/3732
f 3502/3733 3503/3734 3501/3732
f 2769/2895 2766/2892 3492/3723
f 2696/2816 3464/3694 2688/2808
f 3504/3735 3501/3732 3499/3730
f 2769/2895 3492/3723 3478/3708
f 3505/3736 3502/3733 3501/3732
f 3506/3737 3490/3721 3488/3719
f 3490/3721 3506/3737 3491/3722
f 2688/2808 3507/3738 2695/2815
f 2769/2895 3478/3708 2855/2984
f 3501/3732 3504/3735 3505/3736
f 3508/3739 3502/3733 3509/3740
f 2768/2894 3488/3719 3490/3721
f 3509/3740 3502/3733 3505/3736
f 3510/3741 3509/3740 3505/3736
f 3492/3723 3491/3722 3511/3742
f 1672/1734 1677/1740 3495/3726
f 3507/3738 2688/2808 3464/3694
f 3464/3694 2696/2816 2665/2784
f 3478/3708 3492/3723 3512/3743
f 3513/3744 3489/3720 2675/2795
f 3497/3728 2698/2818 2694/2814
f 1673/1735 1677/1740 1672/1734
f 3463/3693 3514/3745 3507/3738
f 3515/3746 1672/1734 3495/3726
f 2695/2815 3497/3728 2694/2814
f 3516/3747 1672/1734 3515/3746
f 3516/3747 3517/3748 1672/1734
f 3492/3723 3511/3742 3512/3743
f 3500/3731 3515/3746 3495/3726
f 3511/3742 3518/3749 3519/3750
f 2694/2814 2698/2818 2676/2796
f 3520/3751 2695/2815 3507/3738
f 3506/3737 3493/3724 3521/3752
f 2698/2818 3497/3728 2675/2795
f 3497/3728 3520/3751 3498/3729
f 3522/3753 1671/1733 3523/3754
f 1669/1731 1634/1696 1671/1733
f 3522/3753 1669/1731 1671/1733
f 3489/3720 3524/3755 3493/3724
f 1671/1733 1670/1732 1672/1734
f 1672/1734 3517/3748 1671/1733
f 1669/1731 3522/3753 1590/1651
f 3524/3755 3489/3720 3513/3744
f 1671/1733 3517/3748 3523/3754
f 3525/3756 3522/3753 3523/3754
f 3500/3731 3501/3732 3503/3734
f 3515/3746 3500/3731 3526/3757
f 3527/3758 3526/3757 3503/3734
f 3503/3734 3526/3757 3500/3731
f 3526/3757 3528/3759 3516/3747
f 3529/3760 3516/3747 3528/3759
f 3515/3746 3526/3757 3516/3747
f 3516/3747 3529/3760 3517/3748
f 3528/3759 3526/3757 3527/3758
f 3527/3758 3530/3761 3528/3759
f 3527/3758 3503/3734 3531/3762
f 3503/3734 3502/3733 3508/3739
f 3527/3758 3531/3762 3532/3763
f 3531/3762 3508/3739 3533/3764
f 3530/3761 3527/3758 3532/3763
f 3508/3739 3531/3762 3503/3734
f 3529/3760 3523/3754 3517/3748
f 3523/3754 3529/3760 3534/3765
f 3528/3759 3534/3765 3529/3760
f 3535/3766 3536/3767 3534/3765
f 3536/3767 3523/3754 3534/3765
f 3530/3761 3534/3765 3528/3759
f 3537/3768 3535/3766 3534/3765
f 3538/3769 3525/3756 3536/3767
f 3538/3769 3540/3770 3455/3684
f 3536/3767 3525/3756 3523/3754
f 3455/3684 3525/3756 3538/3769
f 3539/3771 3538/3769 3536/3767
f 3540/3770 3539/3771 3541/3772
f 3541/3772 3458/3688 3540/3770
f 3538/3769 3539/3771 3540/3770
f 3530/3761 3537/3768 3534/3765
f 3537/3768 3530/3761 3542/3773
f 3532/3763 3543/3774 3542/3773
f 3542/3773 3530/3761 3532/3763
f 3539/3771 3536/3767 3535/3766
f 3541/3772 3539/3771 3535/3766
f 3537/3768 3542/3773 3541/3772
f 3535/3766 3537/3768 3541/3772
f 3544/3775 3543/3774 3545/3776
f 3497/3728 3496/3727 3513/3744
f 3497/3728 3513/3744 2675/2795
f 2695/2815 3520/3751 3497/3728
f 3506/3737 3488/3719 3493/3724
f 3544/3775 3542/3773 3543/3774
f 3498/3729 3520/3751 3514/3745
f 3546/3777 3508/3739 3509/3740
f 3546/3777 3509/3740 3547/3778
f 3509/3740 3510/3741 3547/3778
f 3548/3779 3549/3780 3550/3781
f 3521/3752 3493/3724 3524/3755
f 3546/3777 3547/3778 3549/3780
f 3498/3729 3514/3745 3466/3696
f 3507/3738 3464/3694 3463/3693
f 3520/3751 3507/3738 3514/3745
f 3551/3782 3549/3780 3547/3778
f 3552/3783 3548/3779 3550/3781
f 3498/3729 3466/3696 3496/3727
f 3553/3784 3552/3783 3554/3785
f 3549/3780 3548/3779 3546/3777
f 3546/3777 3548/3779 3555/3786
f 3552/3783 3550/3781 3556/3787
f 2473/2583 3480/3710 2454/2562
f 3463/3693 3471/3701 3466/3696
f 3466/3696 3514/3745 3463/3693
f 3554/3785 3552/3783 3556/3787
f 3533/3764 3508/3739 3546/3777
f 3557/3788 3532/3763 3531/3762
f 3557/3788 3531/3762 3533/3764
f 3546/3777 3557/3788 3533/3764
f 3555/3786 3558/3789 3546/3777
f 3557/3788 3546/3777 3558/3789
f 3559/3790 3555/3786 3552/3783
f 3466/3696 3465/3695 3496/3727
f 3560/3791 3561/3792 3558/3789
f 3558/3789 3555/3786 3560/3791
f 3552/3783 3553/3784 3559/3790
f 3561/3792 3543/3774 3558/3789
f 3521/3752 3491/3722 3506/3737
f 3543/3774 3532/3763 3557/3788
f 3479/3709 3478/3708 3562/3793
f 3521/3752 3511/3742 3491/3722
f 3563/3794 3562/3793 3564/3795
f 3478/3708 3512/3743 3562/3793
f 3522/3753 1595/1656 1590/1651
f 3518/3749 3511/3742 3559/3790
f 3562/3793 3519/3750 3564/3795
f 3455/3684 1595/1656 3525/3756
f 3525/3756 1595/1656 3522/3753
f 3555/3786 3548/3779 3552/3783
f 1476/1533 1595/1656 1477/1534
f 3453/3682 1477/1534 1595/1656
f 3565/3796 3566/3797 3567/3798
f 3559/3790 3521/3752 3565/3796
f 3558/3789 3543/3774 3557/3788
f 3567/3798 3566/3797 3561/3792
f 3553/3784 3519/3750 3518/3749
f 3564/3795 3519/3750 3553/3784
f 3477/3707 3479/3709 3563/3794
f 3511/3742 3562/3793 3512/3743
f 3453/3682 1595/1656 3455/3684
f 3540/3770 3456/3685 3455/3684
f 3542/3773 3459/3689 3541/3772
f 3458/3688 3456/3685 3540/3770
f 3562/3793 3563/3794 3479/3709
f 3458/3688 3541/3772 3459/3689
f 3544/3775 3459/3689 3542/3773
f 3511/3742 3521/3752 3559/3790
f 2498/2612 1390/1438 2473/2583
f 3511/3742 3519/3750 3562/3793
f 3459/3689 3544/3775 3465/3695
f 3553/3784 3568/3799 3564/3795
f 1334/1377 1336/1379 2498/2612
f 3465/3695 3544/3775 3545/3776
f 2473/2583 1390/1438 3480/3710
f 1334/1377 2498/2612 1348/1391
f 2498/2612 1336/1379 1390/1438
f 3496/3727 3569/3800 3513/3744
f 3518/3749 3559/3790 3553/3784
f 3487/3718 3564/3795 3570/3801
f 3563/3794 3564/3795 3487/3718
f 3568/3799 3570/3801 3564/3795
f 3553/3784 3554/3785 3568/3799
f 3513/3744 3569/3800 3524/3755
f 3486/3717 3477/3707 3563/3794
f 3521/3752 3524/3755 3569/3800
f 3560/3791 3555/3786 3559/3790
f 3559/3790 3565/3796 3567/3798
f 3487/3718 3486/3717 3563/3794
f 3561/3792 3560/3791 3567/3798
f 3545/3776 3496/3727 3465/3695
f 3561/3792 3545/3776 3543/3774
f 3571/3802 3545/3776 3561/3792
f 3567/3798 3560/3791 3559/3790
f 3566/3797 3565/3796 3569/3800
f 3571/3802 3561/3792 3566/3797
f 3571/3802 3566/3797 3569/3800
f 3571/3802 3496/3727 3545/3776
f 3569/3800 3496/3727 3571/3802
f 3569/3800 3565/3796 3521/3752
f 3572/3803 3573/3804 3574/3805
f 3575/3806 3576/3807 3577/3808
f 3576/3807 3575/3806 3578/3809
f 3579/3810 3580/3811 3581/3812
f 3582/3813 3583/3814 3584/3815
f 3483/3714 2108/3816 2309/3712
f 2108/3816 3483/3714 3585/3817
f 3481/3711 3586/3818 3483/3714
f 3586/3818 3585/3817 3483/3714
f 3587/3819 3588/3820 3586/3818
f 3586/3818 3481/3711 3476/3706
f 3584/3815 3583/3814 3580/3811
f 3582/3813 3584/3815 3589/3821
f 3590/3822 3573/3804 3589/3821
f 3590/3822 3591/3823 3573/3804
f 3589/3821 3573/3804 3582/3813
f 2108/3816 3585/3817 2098/3824
f 2099/3825 2098/3824 3585/3817
f 3162/3348 3577/3808 3155/3336
f 3584/3815 3590/3822 3589/3821
f 3162/3348 3575/3806 3577/3808
f 3592/3826 3574/3805 3591/3823
f 3585/3817 3588/3820 3593/3827
f 3574/3805 3594/3828 3595/3829
f 3593/3827 3596/3830 3597/3831
f 3588/3820 3596/3830 3593/3827
f 3588/3820 3585/3817 3586/3818
f 2101/3832 2099/3825 3597/3831
f 3598/3833 3597/3831 3596/3830
f 2099/3825 3585/3817 3593/3827
f 3591/3823 3574/3805 3573/3804
f 2099/3825 3593/3827 3597/3831
f 3592/3826 3594/3828 3574/3805
f 3485/3716 3599/3834 3600/3835
f 3476/3706 3485/3716 3600/3835
f 3601/3836 3161/3347 3143/3322
f 3587/3819 3586/3818 3476/3706
f 3587/3819 3476/3706 3600/3835
f 3575/3806 3161/3347 3601/3836
f 3602/3837 3600/3835 3599/3834
f 3599/3834 3485/3716 3603/3838
f 3596/3830 3602/3837 3604/3839
f 3485/3716 3487/3718 3603/3838
f 3587/3819 3600/3835 3602/3837
f 3588/3820 3587/3819 3602/3837
f 3578/3840 3605/3841 3606/3842
f 3578/3840 3606/3842 3607/3843
f 3608/3844 3609/3845 3610/3846
f 3588/3820 3602/3837 3596/3830
f 3604/3839 3602/3837 3611/3847
f 3610/3846 3598/3833 3596/3830
f 3612/3848 3608/3844 3613/3849
f 3604/3839 3611/3847 3613/3849
f 3161/3347 3575/3806 3162/3348
f 3610/3846 3596/3830 3604/3839
f 3614/3850 3605/3841 3615/3851
f 3604/3839 3613/3849 3608/3844
f 3602/3837 3599/3834 3611/3847
f 3608/3844 3610/3846 3604/3839
f 3603/3838 3611/3847 3599/3834
f 3616/3852 3617/3853 3618/3854
f 3617/3853 3619/3855 3613/3849
f 3613/3849 3611/3847 3603/3838
f 3605/3856 3578/3809 3620/3857
f 3616/3852 3570/3801 3568/3799
f 3603/3838 3487/3718 3570/3801
f 3594/3828 3592/3826 3619/3855
f 3603/3838 3570/3801 3618/3854
f 3616/3852 3568/3799 3621/3858
f 3616/3852 3618/3854 3570/3801
f 3622/3859 3623/3860 3601/3836
f 3601/3836 3143/3322 3142/3321
f 3613/3849 3603/3838 3617/3853
f 3617/3853 3594/3828 3619/3855
f 3624/3861 3621/3858 3568/3799
f 1991/2070 3622/3859 3142/3321
f 3616/3852 3621/3858 3625/3862
f 3616/3852 3625/3862 3617/3853
f 3603/3838 3618/3854 3617/3853
f 3617/3853 3625/3862 3594/3828
f 3625/3862 3626/3863 3627/3864
f 3595/3829 3625/3862 3627/3864
f 3595/3829 3594/3828 3625/3862
f 3554/3785 3556/3787 3624/3861
f 3626/3863 3628/3865 3627/3864
f 3629/3866 3621/3858 3630/3867
f 3624/3861 3630/3867 3621/3858
f 3568/3799 3554/3785 3624/3861
f 3625/3862 3621/3858 3626/3863
f 3621/3858 3629/3866 3626/3863
f 3629/3866 3628/3865 3626/3863
f 3549/3780 3624/3861 3556/3787
f 3628/3865 3631/3868 3627/3864
f 3630/3867 3624/3861 3632/3869
f 3549/3780 3556/3787 3550/3781
f 3624/3861 3549/3780 3632/3869
f 3142/3321 3622/3859 3601/3836
f 3601/3836 3623/3860 3575/3806
f 3633/3870 3551/3782 3510/3741
f 3632/3869 3549/3780 3551/3782
f 3547/3778 3510/3741 3551/3782
f 3634/3871 3630/3867 3632/3869
f 3551/3782 3635/3872 3632/3869
f 3510/3741 3636/3873 3633/3870
f 3628/3865 3629/3866 3630/3867
f 3628/3865 3634/3871 3637/3874
f 3630/3867 3634/3871 3628/3865
f 3633/3870 3638/3875 3639/3876
f 3635/3872 3551/3782 3639/3876
f 3551/3782 3633/3870 3639/3876
f 3637/3874 3640/3877 3628/3865
f 3641/3878 3642/3879 3643/3880
f 3644/3881 931/963 950/982
f 3635/3872 3634/3871 3632/3869
f 3639/3876 3638/3875 3645/3882
f 3622/3859 1993/2072 2026/2105
f 3641/3878 3639/3876 3645/3882
f 952/984 3312/3515 950/982
f 3622/3859 1991/2070 1993/2072
f 3312/3515 3311/3514 3646/3883
f 3643/3880 3635/3872 3639/3876
f 3635/3872 3637/3874 3634/3871
f 3637/3874 3635/3872 3643/3880
f 3643/3880 3639/3876 3641/3878
f 3623/3860 3578/3809 3575/3806
f 3644/3881 950/982 3312/3515
f 3647/3884 3648/3885 3636/3873
f 3578/3809 3649/3886 3620/3857
f 3312/3515 3646/3883 3644/3881
f 499/516 3650/3887 3651/3888
f 3633/3870 3636/3873 3638/3875
f 3505/3736 3647/3884 3636/3873
f 3646/3883 931/963 3644/3881
f 3649/3886 3578/3809 3623/3860
f 3647/3884 3505/3736 3504/3735
f 3636/3873 3510/3741 3505/3736
f 931/963 3646/3883 929/961
f 3649/3886 3652/3889 3620/3857
f 3623/3860 3622/3859 3649/3886
f 930/962 929/961 3653/3890
f 3654/3891 3655/3892 3646/3883
f 3653/3890 929/961 3655/3892
f 930/962 3653/3890 3656/3893
f 3636/3873 3648/3885 3638/3875
f 3646/3883 3655/3892 929/961
f 3653/3890 3657/3894 3656/3893
f 3313/3516 3311/3514 3224/3416
f 3311/3514 3654/3891 3646/3883
f 3504/3735 3499/3730 3651/3888
f 2026/2105 3649/3886 3622/3859
f 3658/3895 3659/3896 3311/3514
f 3311/3514 3659/3896 3654/3891
f 3658/3895 3313/3516 3171/3357
f 3658/3895 3311/3514 3313/3516
f 3171/3357 3137/3316 3310/3513
f 3310/3513 3658/3895 3171/3357
f 3658/3895 3310/3513 3660/3897
f 3651/3888 3647/3884 3504/3735
f 3661/3898 3662/3899 3659/3896
f 3653/3890 3655/3892 3662/3899
f 3662/3899 3661/3898 3663/3900
f 3659/3896 3658/3895 3661/3898
f 3664/3901 3662/3899 3665/3902
f 3655/3892 3659/3896 3662/3899
f 3653/3890 3664/3901 3657/3894
f 3666/3903 3662/3899 3663/3900
f 3664/3901 3653/3890 3662/3899
f 3666/3903 3665/3902 3662/3899
f 3661/3898 3658/3895 3663/3900
f 3658/3895 3660/3897 3663/3900
f 3652/3889 2026/2105 2025/2104
f 3667/3904 3666/3903 3663/3900
f 3668/3905 3666/3903 3669/3906
f 3650/3887 3670/3907 3647/3884
f 3645/3882 3670/3907 3671/3908
f 3645/3882 3671/3908 3641/3878
f 3670/3907 3650/3887 3672/3909
f 3670/3907 3648/3885 3647/3884
f 3638/3875 3670/3907 3645/3882
f 3638/3875 3648/3885 3670/3907
f 3673/3910 3670/3907 3672/3909
f 3647/3884 3651/3888 3650/3887
f 3674/3911 3673/3910 3672/3909
f 3674/3911 3672/3909 3675/3912
f 3650/3887 3675/3912 3672/3909
f 499/516 3651/3888 3499/3730
f 3650/3887 499/516 507/524
f 3499/3730 500/517 499/516
f 499/516 502/519 504/521
f 507/524 3675/3912 3650/3887
f 504/521 507/524 499/516
f 3652/3889 3649/3886 2026/2105
f 3605/3856 3620/3857 3652/3889
f 507/524 488/505 3675/3912
f 3676/3913 3675/3912 488/505
f 3675/3912 3676/3913 3674/3911
f 3677/3914 3615/3915 3605/3856
f 3652/3889 3677/3914 3605/3856
f 3678/3916 2212/3917 2101/3832
f 3597/3831 3678/3916 2101/3832
f 3679/3918 3680/3919 3681/3920
f 3678/3916 3597/3831 3682/3921
f 2212/3917 3678/3916 3682/3921
f 3683/3922 3597/3831 3598/3833
f 3597/3831 3683/3922 3682/3921
f 3652/3889 2028/2107 3677/3914
f 3310/3513 3684/3923 3660/3897
f 3141/3320 3140/3319 3684/3923
f 3682/3921 3683/3922 3685/3924
f 2101/2187 2212/2302 2211/2301
f 3686/3925 3677/3914 2028/2107
f 2027/2106 3686/3925 2028/2107
f 3310/3513 3141/3320 3684/3923
f 2025/2104 2028/2107 3652/3889
f 3686/3925 2027/2106 3687/3926
f 3151/3332 3688/3927 3140/3319
f 3667/3904 3663/3900 3660/3897
f 3667/3904 3669/3906 3666/3903
f 3689/3928 3667/3904 3684/3923
f 3667/3904 3660/3897 3684/3923
f 3689/3928 3690/3929 3667/3904
f 3690/3929 3669/3906 3667/3904
f 3690/3929 3691/3930 3669/3906
f 3689/3928 3692/3931 3690/3929
f 3659/3896 3655/3892 3654/3891
f 3688/3927 3684/3923 3140/3319
f 3689/3928 3684/3923 3692/3931
f 3688/3927 3693/3932 3694/3933
f 3688/3927 3692/3931 3684/3923
f 3695/3934 3696/3935 3692/3931
f 3696/3935 3690/3929 3692/3931
f 3692/3931 3688/3927 3694/3933
f 3695/3934 3697/3936 3696/3935
f 3697/3936 3698/3937 3696/3935
f 3698/3937 3690/3929 3696/3935
f 3692/3931 3694/3933 3695/3934
f 3693/3932 3151/3332 3699/3938
f 2212/3917 3682/3921 2198/3939
f 3151/3332 3693/3932 3688/3927
f 3615/3851 3700/3940 3614/3850
f 2193/3941 3682/3921 3701/3942
f 3151/3332 3152/3333 3699/3938
f 3685/3924 3702/3943 3703/3944
f 3686/3925 3704/3945 3615/3915
f 3679/3918 2082/3946 2041/3947
f 3705/3948 3699/3938 3156/3345
f 3152/3333 3156/3345 3699/3938
f 3615/3915 3677/3914 3686/3925
f 3705/3948 3693/3932 3699/3938
f 3155/3336 3577/3808 3156/3337
f 3577/3808 3576/3807 3156/3337
f 3607/3843 3705/3948 3156/3345
f 3156/3345 3578/3840 3607/3843
f 3706/3949 3707/3950 3708/3951
f 3695/3934 3708/3951 3697/3936
f 3706/3949 3695/3934 3694/3933
f 3708/3951 3695/3934 3706/3949
f 3707/3950 3693/3932 3705/3948
f 3693/3932 3707/3950 3706/3949
f 3576/3807 3578/3809 3156/3337
f 3705/3948 3607/3843 3707/3950
f 3607/3843 3709/3952 3707/3950
f 3708/3951 3710/3953 3711/3954
f 3708/3951 3707/3950 3709/3952
f 3708/3951 3709/3952 3606/3842
f 3606/3842 3709/3952 3607/3843
f 3710/3953 3708/3951 3606/3842
f 3125/3299 3151/3332 3140/3319
f 3605/3841 3710/3953 3606/3842
f 3706/3949 3694/3933 3693/3932
f 3687/3926 3704/3945 3686/3925
f 3702/3943 3610/3846 3609/3845
f 2193/3941 2198/3939 3682/3921
f 881/913 930/962 3656/3893
f 3712/3955 875/907 881/913
f 866/898 875/907 3712/3955
f 3687/3926 3713/3956 3704/3945
f 3683/3922 3598/3833 3702/3943
f 3712/3955 881/913 3656/3893
f 3712/3955 3656/3893 3714/3957
f 3715/3958 3716/3959 3717/3960
f 2193/3941 3701/3942 2041/3947
f 3718/3961 3719/3962 3712/3955
f 866/898 3719/3962 859/891
f 3712/3955 3714/3957 3718/3961
f 3712/3955 3719/3962 866/898
f 3598/3833 3610/3846 3702/3943
f 3717/3963 3615/3915 3704/3945
f 3720/3964 3719/3962 3718/3961
f 3700/3940 3716/3959 3721/3965
f 3685/3924 3683/3922 3702/3943
f 3615/3851 3716/3959 3700/3940
f 3612/3848 3609/3845 3608/3844
f 3609/3845 3612/3848 3703/3944
f 3702/3943 3609/3845 3703/3944
f 3612/3848 3722/3966 3703/3944
f 3723/3967 3724/3968 3725/3969
f 3719/3962 3720/3964 860/892
f 3719/3962 860/892 859/891
f 3726/3970 3720/3964 3727/3971
f 3713/3956 3687/3926 2027/2106
f 2027/2106 2068/2154 3713/3956
f 3713/3956 3717/3963 3704/3945
f 2069/2155 3713/3956 2068/2154
f 3701/3942 3682/3921 3723/3967
f 3728/3972 3726/3970 3727/3971
f 3615/3851 3717/3960 3716/3959
f 3728/3972 526/543 3726/3970
f 860/892 3720/3964 3726/3970
f 526/543 539/556 3726/3970
f 3657/3894 3664/3901 3714/3957
f 3718/3961 3714/3957 3729/3973
f 3665/3902 3729/3973 3714/3957
f 3656/3893 3657/3894 3714/3957
f 860/892 539/556 858/890
f 3730/3974 3718/3961 3729/3973
f 3729/3973 3731/3975 3730/3974
f 3731/3975 3665/3902 3668/3905
f 3731/3975 3732/3976 3730/3974
f 3665/3902 3666/3903 3668/3905
f 3731/3975 3729/3973 3665/3902
f 860/892 3726/3970 539/556
f 3730/3974 3727/3971 3720/3964
f 3733/3977 3731/3975 3668/3905
f 3720/3964 3718/3961 3730/3974
f 3727/3971 3734/3978 3728/3972
f 3733/3977 3732/3976 3731/3975
f 3730/3974 3735/3979 3727/3971
f 3727/3971 3735/3979 3734/3978
f 3730/3974 3732/3976 3735/3979
f 3735/3979 3736/3980 3734/3978
f 3737/3981 3735/3979 3732/3976
f 3737/3981 3738/3982 3736/3980
f 3739/3983 3737/3981 3740/3984
f 3736/3980 3735/3979 3737/3981
f 3740/3984 3737/3981 3732/3976
f 3665/3902 3714/3957 3664/3901
f 3741/3985 3738/3982 3737/3981
f 3682/3921 3685/3924 3723/3967
f 3742/3986 3737/3981 3739/3983
f 3722/3966 3724/3968 3703/3944
f 3619/3855 3592/3826 3722/3966
f 3685/3924 3703/3944 3723/3967
f 526/543 532/549 527/544
f 3728/3972 532/549 526/543
f 532/549 515/532 518/535
f 3703/3944 3724/3968 3723/3967
f 2041/3947 3701/3942 3679/3918
f 3733/3977 3740/3984 3732/3976
f 3743/3987 3723/3967 3725/3969
f 3740/3984 3733/3977 3744/3988
f 532/549 3745/3989 515/532
f 3619/3855 3722/3966 3612/3848
f 3746/3990 3745/3989 532/549
f 3747/3991 3591/3823 3590/3822
f 3612/3848 3613/3849 3619/3855
f 3746/3990 532/549 3728/3972
f 3725/3969 3724/3968 3722/3966
f 3722/3966 3747/3991 3725/3969
f 3748/3992 3749/3993 3750/3994
f 3745/3989 3748/3992 515/532
f 515/532 3750/3994 516/533
f 3676/3913 516/533 3750/3994
f 3744/3988 3733/3977 3668/3905
f 488/505 516/533 3676/3913
f 515/532 3748/3992 3750/3994
f 3674/3911 3676/3913 3750/3994
f 3751/3995 3748/3992 3745/3989
f 3734/3978 3736/3980 3752/3996
f 3752/3996 3753/3997 3746/3990
f 3753/3997 3754/3998 3746/3990
f 3745/3989 3754/3998 3751/3995
f 3734/3978 3746/3990 3728/3972
f 3754/3998 3745/3989 3746/3990
f 3752/3996 3746/3990 3734/3978
f 3755/3999 3701/3942 3723/3967
f 3738/3982 3756/4000 3736/3980
f 3753/3997 3757/4001 3754/3998
f 3752/3996 3756/4000 3753/3997
f 3752/3996 3736/3980 3756/4000
f 3757/4001 3751/3995 3754/3998
f 3757/4001 3753/3997 3758/4002
f 3753/3997 3759/4003 3758/4002
f 3759/4003 3753/3997 3756/4000
f 3760/4004 3757/4001 3758/4002
f 3749/3993 3761/4005 3673/3910
f 3749/3993 3674/3911 3750/3994
f 3762/4006 3760/4004 3758/4002
f 3673/3910 3674/3911 3749/3993
f 3757/4001 3760/4004 3751/3995
f 3751/3995 3749/3993 3748/3992
f 3671/3908 3761/4005 3760/4004
f 3763/4007 3642/3879 3762/4006
f 3764/4008 3762/4006 3642/3879
f 3761/4005 3749/3993 3751/3995
f 3761/4005 3670/3907 3673/3910
f 3759/4003 3762/4006 3758/4002
f 3671/3908 3762/4006 3764/4008
f 3751/3995 3760/4004 3761/4005
f 3762/4006 3671/3908 3760/4004
f 3761/4005 3671/3908 3670/3907
f 3671/3908 3764/4008 3641/3878
f 3765/4009 3744/3988 3766/4010
f 3740/3984 3744/3988 3765/4009
f 3744/3988 3691/3930 3767/4011
f 3691/3930 3698/3937 3767/4011
f 3766/4010 3744/3988 3767/4011
f 3766/4010 3768/4012 3765/4009
f 3669/3906 3744/3988 3668/3905
f 3690/3929 3698/3937 3691/3930
f 3691/3930 3744/3988 3669/3906
f 3769/4013 3767/4011 3697/3936
f 3767/4011 3768/4012 3766/4010
f 3767/4011 3769/4013 3768/4012
f 3770/4014 3771/4015 3768/4012
f 3740/3984 3765/4009 3772/4016
f 3773/4017 3772/4016 3774/4018
f 3765/4009 3774/4018 3772/4016
f 3774/4018 3765/4009 3768/4012
f 3741/3985 3737/3981 3742/3986
f 3741/3985 3742/3986 3773/4017
f 3773/4017 3775/4019 3741/3985
f 3767/4011 3698/3937 3697/3936
f 3774/4018 3768/4012 3771/4015
f 3776/4020 3777/4021 3774/4018
f 3772/4016 3739/3983 3740/3984
f 3771/4015 3776/4020 3774/4018
f 3777/4021 3773/4017 3774/4018
f 3775/4019 3773/4017 3777/4021
f 3777/4021 3778/4022 3775/4019
f 3776/4020 3779/4023 3777/4021
f 3780/4024 3777/4021 3779/4023
f 3769/4013 3770/4014 3768/4012
f 3708/3951 3711/3954 3697/3936
f 3781/4025 3770/4014 3769/4013
f 3710/3953 3605/3841 3614/3850
f 3769/4013 3697/3936 3711/3954
f 3700/3940 3782/4026 3783/4027
f 3700/3940 3783/4027 3710/3953
f 3711/3954 3710/3953 3783/4027
f 3614/3850 3700/3940 3710/3953
f 3779/4023 3784/4028 3780/4024
f 3769/4013 3783/4027 3781/4025
f 3782/4026 3785/4029 3786/4030
f 3721/3965 3782/4026 3700/3940
f 3783/4027 3769/4013 3711/3954
f 3782/4026 3786/4030 3783/4027
f 3787/4031 3788/4032 3781/4025
f 3721/3965 3785/4029 3782/4026
f 3776/4020 3770/4014 3781/4025
f 3770/4014 3776/4020 3771/4015
f 3783/4027 3786/4030 3781/4025
f 3583/3814 3789/4033 3788/4032
f 3786/4030 3785/4029 3781/4025
f 3788/4032 3789/4033 3776/4020
f 3785/4029 3716/3959 3579/3810
f 3776/4020 3781/4025 3788/4032
f 3785/4029 3581/3812 3787/4031
f 3789/4033 3779/4023 3776/4020
f 3788/4032 3581/3812 3583/3814
f 3781/4025 3785/4029 3787/4031
f 3785/4029 3579/3810 3581/3812
f 3581/3812 3788/4032 3787/4031
f 3581/3812 3580/3811 3583/3814
f 3790/4034 3789/4033 3583/3814
f 3739/3983 3772/4016 3773/4017
f 3791/4035 3738/3982 3741/3985
f 3778/4022 3791/4035 3775/4019
f 3791/4035 3778/4022 3792/4036
f 3741/3985 3775/4019 3791/4035
f 3756/4000 3738/3982 3791/4035
f 3756/4000 3793/4037 3794/4038
f 3794/4038 3759/4003 3756/4000
f 3791/4035 3793/4037 3756/4000
f 3794/4038 3763/4007 3759/4003
f 3794/4038 3795/4039 3796/4040
f 3795/4039 3794/4038 3793/4037
f 3791/4035 3792/4036 3793/4037
f 3797/4041 3796/4040 3795/4039
f 3795/4039 3792/4036 3778/4022
f 3780/4024 3778/4022 3777/4021
f 3793/4037 3792/4036 3795/4039
f 3742/3986 3739/3983 3773/4017
f 3759/4003 3763/4007 3762/4006
f 3780/4024 3784/4028 3778/4022
f 3795/4039 3778/4022 3784/4028
f 3641/3878 3764/4008 3642/3879
f 3796/4040 3798/4042 3763/4007
f 3642/3879 3763/4007 3798/4042
f 3799/4043 3800/4044 3801/4045
f 3643/3880 3798/4042 3637/3874
f 3794/4038 3796/4040 3763/4007
f 3801/4045 3800/4044 3797/4041
f 3631/3868 3640/3877 3799/4043
f 3640/3877 3631/3868 3628/3865
f 3789/4033 3784/4028 3779/4023
f 3800/4044 3796/4040 3797/4041
f 3642/3879 3798/4042 3643/3880
f 3795/4039 3801/4045 3797/4041
f 3790/4034 3582/3813 3789/4033
f 3799/4043 3640/3877 3800/4044
f 3789/4033 3802/4046 3784/4028
f 3803/4047 3801/4045 3802/4046
f 3582/3813 3802/4046 3789/4033
f 3784/4028 3801/4045 3795/4039
f 3582/3813 3573/3804 3802/4046
f 3582/3813 3790/4034 3583/3814
f 3801/4045 3784/4028 3802/4046
f 3803/4047 3802/4046 3804/4048
f 3801/4045 3803/4047 3804/4048
f 3801/4045 3804/4048 3799/4043
f 3804/4048 3631/3868 3799/4043
f 3572/3803 3627/3864 3631/3868
f 3802/4046 3573/3804 3804/4048
f 3572/3803 3804/4048 3573/3804
f 3804/4048 3572/3803 3631/3868
f 3595/3829 3627/3864 3572/3803
f 3723/3967 3743/3987 3755/3999
f 3725/3969 3747/3991 3805/4049
f 3722/3966 3592/3826 3747/3991
f 3747/3991 3592/3826 3591/3823
f 3572/3803 3574/3805 3595/3829
f 3679/3918 3755/3999 3680/3919
f 3679/3918 3701/3942 3755/3999
f 3806/4050 3680/3919 3755/3999
f 3805/4049 3584/3815 3807/4051
f 3805/4049 3590/3822 3584/3815
f 3743/3987 3806/4050 3755/3999
f 3805/4049 3747/3991 3590/3822
f 3807/4051 3806/4050 3743/3987
f 3808/4052 3681/3920 3680/3919
f 3807/4051 3725/3969 3805/4049
f 3809/4053 3810/4054 3811/4055
f 3743/3987 3725/3969 3807/4051
f 3807/4051 3810/4054 3809/4053
f 3806/4050 3809/4053 3680/3919
f 3798/4042 3796/4040 3800/4044
f 3811/4055 3808/4052 3809/4053
f 3809/4053 3808/4052 3680/3919
f 3810/4054 3807/4051 3584/3815
f 3800/4044 3640/3877 3798/4042
f 3809/4053 3806/4050 3807/4051
f 3715/3958 3717/3960 3812/4056
f 3584/3815 3580/3811 3810/4054
f 3811/4055 3810/4054 3580/3811
f 3812/4057 3717/3963 3713/3956
f 3812/4057 3813/4058 2076/2162
f 3637/3874 3798/4042 3640/3877
f 2082/3946 3679/3918 3681/3920
f 3681/3920 3814/4059 2082/3946
f 2081/2167 2082/2168 3815/4060
f 3813/4058 3812/4057 3713/3956
f 2081/2167 3815/4060 2080/2166
f 2082/3946 3814/4059 3815/4061
f 3816/4062 3814/4059 3808/4052
f 3817/4063 2080/2166 3815/4060
f 3814/4059 3681/3920 3808/4052
f 2080/2166 3812/4057 2076/2162
f 3812/4057 2080/2166 3817/4063
f 3818/4064 3715/3958 3812/4056
f 3817/4065 3818/4064 3812/4056
f 3814/4059 3816/4062 3818/4064
f 3814/4059 3817/4065 3815/4061
f 3816/4062 3811/4055 3819/4066
f 3816/4062 3808/4052 3811/4055
f 3818/4064 3817/4065 3814/4059
f 3819/4066 3818/4064 3816/4062
f 3819/4066 3811/4055 3580/3811
f 3580/3811 3820/4067 3819/4066
f 3715/3958 3818/4064 3819/4066
f 3580/3811 3579/3810 3820/4067
f 3715/3958 3819/4066 3820/4067
f 3820/4067 3716/3959 3715/3958
f 3579/3810 3716/3959 3820/4067
f 3785/4029 3721/3965 3716/3959
f 2069/2155 3813/4058 3713/3956
f 2069/2155 2076/2162 3813/4058
