# Blender 5.1.0
# www.blender.org
mtllib without_normalMap_mid_century_lounge_chair_1k.mtl
g without_normalMap_mid_century_lounge_chair_Mesh
v -0.023502 -0.032367 0.184614
v -0.023502 -0.032367 0.187399
v 0.000011 -0.040000 0.184614
v 0.000011 -0.040000 0.187399
v 0.023520 -0.032354 0.184614
v 0.023520 -0.032354 0.187399
v 0.038045 -0.012350 0.184614
v 0.038045 -0.012350 0.187399
v 0.038038 0.012371 0.187399
v 0.038038 0.012371 0.184614
v 0.041212 0.013403 0.167278
v 0.041219 -0.013380 0.167278
v 0.025482 -0.035053 0.167278
v 0.000012 -0.043336 0.167278
v -0.025463 -0.035067 0.167278
v -0.041212 -0.013403 0.167278
v -0.041219 0.013380 0.167278
v -0.025482 0.035053 0.167278
v -0.000012 0.043336 0.167278
v 0.025463 0.035067 0.167278
v 0.036531 0.011881 0.042581
v 0.036538 -0.011860 0.042581
v 0.022588 -0.031072 0.042581
v 0.000011 -0.038414 0.042581
v -0.022571 -0.031084 0.042581
v -0.036531 -0.011881 0.042581
v -0.036538 0.011860 0.042581
v -0.022588 0.031072 0.042581
v -0.000011 0.038414 0.042581
v 0.022571 0.031084 0.042581
v -0.361533 -0.279381 0.036086
v -0.057722 -0.058518 0.138093
v -0.316515 -0.246654 0.042157
v -0.264372 -0.208747 0.053979
v -0.208658 -0.168245 0.070747
v -0.153169 -0.127906 0.091317
v -0.101688 -0.090480 0.114287
v -0.057369 -0.058262 0.039123
v -0.361539 -0.279385 0.007167
v -0.108064 -0.095116 0.033629
v -0.158759 -0.131970 0.028135
v -0.209454 -0.168824 0.022640
v -0.260149 -0.205677 0.017146
v -0.310844 -0.242531 0.011651
v -0.073118 -0.036598 0.039123
v -0.377288 -0.257721 0.007167
v -0.123813 -0.073452 0.033629
v -0.174508 -0.110306 0.028135
v -0.225203 -0.147160 0.022640
v -0.275898 -0.184014 0.017146
v -0.326593 -0.220867 0.011651
v -0.073470 -0.036855 0.138093
v -0.377282 -0.257717 0.036086
v -0.117437 -0.068817 0.114287
v -0.168918 -0.106242 0.091317
v -0.224407 -0.146581 0.070747
v -0.280121 -0.187084 0.053979
v -0.332264 -0.224990 0.042157
v -0.361690 0.279178 0.036086
v -0.057754 0.058486 0.138093
v -0.316653 0.246476 0.042157
v -0.264489 0.208599 0.053979
v -0.208752 0.168127 0.070747
v -0.153241 0.127820 0.091317
v -0.101738 0.090423 0.114287
v -0.073491 0.036813 0.138093
v -0.377427 0.257505 0.036086
v -0.117475 0.068751 0.114287
v -0.168978 0.106147 0.091317
v -0.224489 0.146455 0.070747
v -0.280226 0.186926 0.053979
v -0.332390 0.224803 0.042157
v -0.361696 0.279182 0.007167
v -0.057402 0.058230 0.039123
v -0.310980 0.242356 0.011651
v -0.260264 0.205531 0.017146
v -0.209549 0.168706 0.022640
v -0.158833 0.131881 0.028135
v -0.108118 0.095055 0.033629
v -0.073139 0.036557 0.039123
v -0.377432 0.257509 0.007167
v -0.123854 0.073383 0.033629
v -0.174570 0.110208 0.028135
v -0.225286 0.147033 0.022640
v -0.276001 0.183858 0.017146
v -0.326717 0.220684 0.011651
v 0.128273 0.438534 0.007167
v 0.012167 0.080856 0.039123
v 0.108922 0.378921 0.011652
v 0.089571 0.319308 0.017146
v 0.070220 0.259695 0.022640
v 0.050869 0.200082 0.028135
v 0.031518 0.140469 0.033629
v 0.037642 0.072587 0.039123
v 0.153747 0.430265 0.007167
v 0.056993 0.132200 0.033629
v 0.076344 0.191813 0.028135
v 0.095695 0.251426 0.022640
v 0.115046 0.311039 0.017146
v 0.134396 0.370652 0.011652
v 0.037776 0.073001 0.138093
v 0.153745 0.430258 0.036086
v 0.054559 0.124701 0.114287
v 0.074210 0.185239 0.091317
v 0.095391 0.250489 0.070747
v 0.116658 0.316005 0.053979
v 0.136561 0.377321 0.042157
v 0.012301 0.081270 0.138093
v 0.128270 0.438528 0.036086
v 0.029084 0.132971 0.114287
v 0.048735 0.193509 0.091317
v 0.069916 0.258759 0.070747
v 0.091183 0.324274 0.053979
v 0.111086 0.385590 0.042157
v 0.128519 -0.438462 0.007167
v 0.012212 -0.080849 0.039123
v 0.109135 -0.378860 0.011652
v 0.089750 -0.319258 0.017146
v 0.070366 -0.259656 0.022640
v 0.050981 -0.200053 0.028135
v 0.031597 -0.140451 0.033629
v 0.012347 -0.081263 0.138093
v 0.128517 -0.438456 0.036086
v 0.029159 -0.132954 0.114287
v 0.048844 -0.193481 0.091317
v 0.070061 -0.258719 0.070747
v 0.091365 -0.324223 0.053979
v 0.111303 -0.385527 0.042157
v 0.153987 -0.430172 0.036086
v 0.037817 -0.072980 0.138093
v 0.136773 -0.377244 0.042157
v 0.116835 -0.315939 0.053979
v 0.095531 -0.250436 0.070747
v 0.074314 -0.185198 0.091317
v 0.054629 -0.124671 0.114287
v 0.037683 -0.072565 0.039123
v 0.153989 -0.430178 0.007167
v 0.057067 -0.132168 0.033629
v 0.076451 -0.191770 0.028135
v 0.095836 -0.251372 0.022640
v 0.115220 -0.310974 0.017146
v 0.134605 -0.370576 0.011652
v 0.456709 0.013520 0.007167
v 0.080658 0.013414 0.039123
v 0.394034 0.013502 0.011652
v 0.331359 0.013485 0.017146
v 0.268684 0.013467 0.022640
v 0.206009 0.013450 0.028135
v 0.143333 0.013432 0.033629
v 0.080666 -0.013369 0.039123
v 0.456717 -0.013263 0.007167
v 0.143341 -0.013351 0.033629
v 0.206016 -0.013334 0.028135
v 0.268691 -0.013316 0.022640
v 0.331366 -0.013298 0.017146
v 0.394042 -0.013281 0.011652
v 0.456703 0.013520 0.036086
v 0.081094 0.013414 0.138093
v 0.401045 0.013504 0.042157
v 0.336580 0.013486 0.053979
v 0.267699 0.013467 0.070747
v 0.199098 0.013448 0.091317
v 0.135450 0.013430 0.114287
v 0.456710 -0.013263 0.036086
v 0.081101 -0.013369 0.138093
v 0.401053 -0.013279 0.042157
v 0.336587 -0.013297 0.053979
v 0.267707 -0.013316 0.070747
v 0.199105 -0.013336 0.091317
v 0.135458 -0.013354 0.114287
v 0.471728 0.013365 0.034827
v 0.483190 0.006752 0.034133
v 0.478345 0.011594 0.034426
v 0.471735 -0.013100 0.034827
v 0.484964 0.000136 0.034026
v 0.478351 -0.011325 0.034426
v 0.483193 -0.006480 0.034133
v 0.158483 -0.444510 0.034827
v 0.155735 -0.457454 0.034133
v 0.158843 -0.451350 0.034426
v 0.133316 -0.452695 0.034827
v 0.149992 -0.461186 0.034026
v 0.137048 -0.458439 0.034426
v 0.143152 -0.461547 0.034133
v -0.373780 -0.288087 0.034827
v -0.386940 -0.289474 0.034133
v -0.380174 -0.290544 0.034426
v -0.389342 -0.266681 0.034827
v -0.392264 -0.285165 0.034026
v -0.393651 -0.272006 0.034426
v -0.394721 -0.278771 0.034133
v -0.392424 0.284944 0.034026
v -0.389492 0.266462 0.034827
v -0.394877 0.278549 0.034133
v -0.393804 0.271784 0.034426
v -0.373942 0.287877 0.034827
v -0.380337 0.290330 0.034426
v -0.387102 0.289257 0.034133
v 0.133061 0.452770 0.034827
v 0.142892 0.461627 0.034133
v 0.136790 0.458516 0.034426
v 0.158233 0.444599 0.034827
v 0.149733 0.461270 0.034026
v 0.158590 0.451439 0.034426
v 0.155478 0.457541 0.034133
v 0.477405 0.013526 0.007167
v 0.490800 0.000138 0.007167
v 0.484101 0.011734 0.007167
v 0.489004 0.006833 0.007167
v 0.477412 -0.013257 0.007167
v 0.489008 -0.006558 0.007167
v 0.484107 -0.011461 0.007167
v 0.160390 -0.449859 0.007167
v 0.160755 -0.456781 0.007167
v 0.157609 -0.462959 0.007167
v 0.151797 -0.466736 0.007167
v 0.134920 -0.458143 0.007167
v 0.144874 -0.467101 0.007167
v 0.138697 -0.463955 0.007167
v -0.378278 -0.291554 0.007167
v -0.396984 -0.288597 0.007167
v -0.384749 -0.294040 0.007167
v -0.391596 -0.292958 0.007167
v -0.394027 -0.269890 0.007167
v -0.399471 -0.282126 0.007167
v -0.398388 -0.275279 0.007167
v -0.394179 0.269669 0.007167
v -0.398543 0.275055 0.007167
v -0.399629 0.281901 0.007167
v -0.397147 0.288373 0.007167
v -0.378442 0.291341 0.007167
v -0.391761 0.292737 0.007167
v -0.384914 0.293824 0.007167
v 0.134662 0.458218 0.007167
v 0.138436 0.464033 0.007167
v 0.144612 0.467182 0.007167
v 0.151534 0.466821 0.007167
v 0.160137 0.449949 0.007167
v 0.157349 0.463047 0.007167
v 0.160498 0.456872 0.007167
v -0.052247 0.021388 0.153999
v -0.062952 0.029160 0.144465
v -0.036511 0.043060 0.153999
v -0.047215 0.050833 0.144465
v -0.047056 0.050718 0.040244
v -0.036278 0.042891 0.041412
v -0.062793 0.029045 0.040244
v -0.052014 0.021219 0.041412
v -0.036254 -0.042912 0.041412
v -0.047027 -0.050744 0.040244
v -0.036486 -0.043081 0.153999
v -0.047186 -0.050859 0.144465
v -0.062935 -0.029196 0.144465
v -0.052235 -0.021417 0.153999
v -0.062776 -0.029080 0.040244
v -0.052002 -0.021248 0.041412
v 0.004227 -0.056297 0.153999
v 0.008319 -0.068877 0.144465
v 0.004138 -0.056023 0.041412
v 0.008258 -0.068690 0.040244
v 0.029608 -0.047740 0.041412
v 0.033728 -0.060406 0.040244
v 0.033789 -0.060593 0.144465
v 0.029697 -0.048013 0.153999
v 0.054560 -0.013376 0.041412
v 0.067880 -0.013373 0.040244
v 0.054553 0.013407 0.041412
v 0.067873 0.013411 0.040244
v 0.068069 0.013411 0.144465
v 0.054840 0.013407 0.153999
v 0.068076 -0.013373 0.144465
v 0.054848 -0.013376 0.153999
v 0.029582 0.047756 0.041412
v 0.033694 0.060426 0.040244
v 0.004107 0.056026 0.041412
v 0.008219 0.068695 0.040244
v 0.008280 0.068882 0.144465
v 0.004196 0.056299 0.153999
v 0.033755 0.060612 0.144465
v 0.029670 0.048030 0.153999
v -0.361539 -0.279385 0.004387
v -0.367667 -0.278416 -0.000000
v -0.363334 -0.279101 0.001285
v -0.378256 -0.263850 -0.000000
v -0.377288 -0.257721 0.004387
v -0.377571 -0.259516 0.001285
v -0.377432 0.257509 0.004387
v -0.378405 0.263637 -0.000000
v -0.377717 0.259304 0.001285
v -0.367824 0.278209 -0.000000
v -0.361696 0.279182 0.004387
v -0.363490 0.278897 0.001285
v 0.128273 0.438534 0.004387
v 0.133800 0.441353 0.000000
v 0.129892 0.439360 0.001285
v 0.150929 0.435793 0.000000
v 0.153747 0.430265 0.004387
v 0.152922 0.431884 0.001285
v 0.153989 -0.430178 0.004387
v 0.151174 -0.435708 0.000000
v 0.153165 -0.431798 0.001285
v 0.134048 -0.441277 0.000000
v 0.128519 -0.438462 0.004387
v 0.130139 -0.439287 0.001285
v 0.456709 0.013520 0.004388
v 0.461098 0.009134 0.000000
v 0.457995 0.012235 0.001285
v 0.461103 -0.008875 0.000000
v 0.456717 -0.013263 0.004388
v 0.458001 -0.011978 0.001285
v 0.160137 0.449949 0.004387
v 0.155786 0.450754 0.000000
v 0.158863 0.450185 0.001285
v 0.160498 0.456872 0.004387
v 0.156055 0.455926 0.000000
v 0.159197 0.456595 0.001285
v 0.153974 0.460007 0.000000
v 0.157349 0.463047 0.004387
v 0.156361 0.462157 0.001285
v 0.150132 0.462501 0.000000
v 0.151534 0.466821 0.004387
v 0.151124 0.465556 0.001285
v 0.138436 0.464033 0.004387
v 0.141476 0.460658 0.000000
v 0.139327 0.463045 0.001285
v 0.138657 0.456314 0.000000
v 0.134662 0.458218 0.004387
v 0.135832 0.457661 0.001285
v 0.144612 0.467182 0.004387
v 0.145557 0.462739 0.000000
v 0.144889 0.465881 0.001285
v -0.399629 0.281901 0.004387
v -0.395112 0.281428 -0.000000
v -0.398306 0.281762 0.001285
v -0.398543 0.275055 0.004387
v -0.394394 0.276903 -0.000000
v -0.397327 0.275596 0.001285
v -0.391133 0.272880 -0.000000
v -0.394179 0.269669 0.004387
v -0.393287 0.270609 0.001285
v -0.394238 -0.277125 -0.000000
v -0.398388 -0.275279 0.004387
v -0.397172 -0.275819 0.001285
v -0.394953 -0.281650 -0.000000
v -0.399471 -0.282126 0.004387
v -0.398147 -0.281986 0.001285
v -0.394027 -0.269890 0.004387
v -0.390980 -0.273099 -0.000000
v -0.393135 -0.270830 0.001285
v 0.134920 -0.458143 0.004387
v 0.138913 -0.456236 0.000000
v 0.136090 -0.457584 0.001285
v 0.141735 -0.460579 0.000000
v 0.138697 -0.463955 0.004387
v 0.139587 -0.462966 0.001285
v 0.145817 -0.462657 0.000000
v 0.144874 -0.467101 0.004387
v 0.145151 -0.465799 0.001285
v 0.150392 -0.462416 0.000000
v 0.151797 -0.466736 0.004387
v 0.151385 -0.465471 0.001285
v 0.160755 -0.456781 0.004387
v 0.156312 -0.455838 0.000000
v 0.159453 -0.456505 0.001285
v 0.156039 -0.450667 0.000000
v 0.160390 -0.449859 0.004387
v 0.159116 -0.450096 0.001285
v 0.157609 -0.462959 0.004387
v 0.154233 -0.459920 0.000000
v 0.156620 -0.462069 0.001285
v 0.490800 0.000138 0.004388
v 0.486258 0.000137 0.000000
v 0.489470 0.000138 0.001285
v 0.485071 0.004561 0.000000
v 0.489004 0.006833 0.004388
v 0.487852 0.006168 0.001285
v 0.481831 0.007799 0.000000
v 0.484101 0.011734 0.004388
v 0.483436 0.010581 0.001285
v 0.476828 0.009138 0.000000
v 0.477405 0.013526 0.004388
v 0.477236 0.012241 0.001285
v -0.378442 0.291341 0.004387
v -0.380552 0.287452 -0.000000
v -0.379060 0.290202 0.001285
v -0.385388 0.289306 -0.000000
v -0.384914 0.293824 0.004387
v -0.385053 0.292500 0.001285
v -0.389912 0.288588 -0.000000
v -0.391761 0.292737 0.004387
v -0.391219 0.291522 0.001285
v -0.393471 0.285704 -0.000000
v -0.397147 0.288373 0.004387
v -0.396070 0.287592 0.001285
v -0.396984 -0.288597 0.004387
v -0.393310 -0.285926 -0.000000
v -0.395908 -0.287814 0.001285
v -0.389750 -0.288808 -0.000000
v -0.391596 -0.292958 0.004387
v -0.391055 -0.291742 0.001285
v -0.385225 -0.289523 -0.000000
v -0.384749 -0.294040 0.004387
v -0.384888 -0.292717 0.001285
v -0.380391 -0.287666 -0.000000
v -0.378278 -0.291554 0.004387
v -0.378897 -0.290415 0.001285
v 0.477412 -0.013257 0.004388
v 0.476833 -0.008870 0.000000
v 0.477243 -0.011972 0.001285
v 0.481835 -0.007528 0.000000
v 0.484107 -0.011461 0.004388
v 0.483442 -0.010309 0.001285
v 0.485073 -0.004288 0.000000
v 0.489008 -0.006558 0.004388
v 0.487855 -0.005893 0.001285
v -0.000000 0.000000 0.232536
v 0.041212 0.013403 0.184614
v 0.041212 0.013403 0.187399
v 0.041219 -0.013380 0.187399
v 0.041219 -0.013380 0.184614
v 0.025482 -0.035053 0.187399
v 0.025482 -0.035053 0.184614
v 0.000012 -0.043336 0.187399
v 0.000012 -0.043336 0.184614
v -0.025463 -0.035067 0.187399
v -0.025463 -0.035067 0.184614
v -0.041212 -0.013403 0.187399
v -0.041212 -0.013403 0.184614
v -0.041219 0.013380 0.187399
v -0.041219 0.013380 0.184614
v -0.025482 0.035053 0.187399
v -0.025482 0.035053 0.184614
v -0.000012 0.043336 0.187399
v -0.000012 0.043336 0.184614
v 0.025463 0.035067 0.187399
v 0.025463 0.035067 0.184614
v -0.038038 -0.012371 0.187399
v -0.038038 -0.012371 0.184614
v -0.038045 0.012350 0.187399
v -0.038045 0.012350 0.184614
v -0.023520 0.032354 0.187399
v -0.023520 0.032354 0.184614
v -0.000011 0.040000 0.187399
v -0.000011 0.040000 0.184614
v 0.023502 0.032367 0.187399
v 0.023502 0.032367 0.184614
v 0.041212 0.013403 0.042582
v 0.041219 -0.013380 0.042582
v 0.025482 -0.035053 0.042581
v 0.000012 -0.043336 0.042581
v -0.025463 -0.035067 0.042581
v -0.041212 -0.013403 0.042581
v -0.041219 0.013380 0.042581
v -0.025482 0.035053 0.042581
v -0.000012 0.043336 0.042581
v 0.025463 0.035067 0.042581
v -0.000000 0.000000 0.062536
v 0.022839 0.007428 0.062536
v 0.022843 -0.007415 0.062536
v 0.014122 -0.019426 0.062536
v 0.000007 -0.024017 0.062536
v -0.014111 -0.019434 0.062536
v -0.022839 -0.007428 0.062536
v -0.022843 0.007415 0.062536
v -0.014122 0.019426 0.062536
v -0.000007 0.024017 0.062536
v 0.014111 0.019434 0.062536
v 0.041219 -0.013380 0.232536
v 0.041212 0.013403 0.232536
v 0.025482 -0.035053 0.232536
v 0.000012 -0.043336 0.232536
v -0.025463 -0.035067 0.232536
v -0.041212 -0.013403 0.232536
v -0.041219 0.013380 0.232536
v -0.025482 0.035053 0.232536
v -0.000012 0.043336 0.232536
v 0.025463 0.035067 0.232536
v -0.385358 0.491178 0.709127
v 0.228022 0.493662 0.670814
v -0.415012 0.340089 0.653741
v 0.214279 0.357487 0.594774
v -0.485460 0.243173 0.482497
v -0.502073 -0.000000 0.442223
v 0.118175 0.000000 0.261948
v 0.233988 0.435005 0.666051
v -0.394675 0.428220 0.705345
v -0.385358 -0.491178 0.709127
v 0.228022 -0.493662 0.670814
v -0.415012 -0.340089 0.653741
v 0.214279 -0.357487 0.594774
v -0.485460 -0.243173 0.482497
v 0.233988 -0.435005 0.666051
v -0.394675 -0.428220 0.705345
v 0.234469 0.453572 0.668542
v 0.233997 0.469909 0.669870
v 0.232000 0.483417 0.670480
v -0.396258 0.406281 0.701005
v -0.399227 0.383405 0.693182
v -0.404698 0.360741 0.679271
v 0.174359 0.330233 0.456216
v 0.196170 0.344486 0.531777
v -0.431650 0.322239 0.613113
v -0.451428 0.303297 0.565044
v -0.470304 0.278359 0.519245
v 0.118463 0.079879 0.262945
v 0.120481 0.155121 0.269920
v 0.165010 0.357143 0.599308
v 0.202310 0.357645 0.595852
v 0.087465 0.271943 0.337062
v -0.495065 0.194926 0.459213
v -0.499997 0.135925 0.447257
v -0.501814 0.069755 0.442852
v -0.322965 0.502497 0.705161
v -0.358229 0.501131 0.707381
v -0.376677 0.497669 0.708559
v 0.069046 0.000000 0.274927
v 0.106071 0.000000 0.264800
v -0.401593 0.340173 0.652567
v -0.362345 0.341000 0.648980
v -0.198811 0.345970 0.633633
v 0.003515 0.352513 0.614518
v -0.471687 0.243417 0.479767
v -0.432332 0.244911 0.470636
v -0.270784 0.253189 0.429563
v -0.071700 0.263991 0.377824
v 0.220074 0.499802 0.671337
v 0.202497 0.503047 0.672462
v 0.168102 0.504198 0.674628
v 0.024301 0.503943 0.683583
v -0.177995 0.503199 0.696135
v -0.488224 0.000000 0.439120
v -0.448858 0.000000 0.428657
v -0.287819 0.000000 0.381404
v -0.089540 0.000000 0.321828
v 0.225075 0.374376 0.632813
v 0.230343 0.394244 0.651907
v 0.232861 0.414892 0.661464
v -0.389824 0.480289 0.709354
v -0.392337 0.465856 0.709039
v -0.393659 0.448300 0.707821
v 0.023168 0.433279 0.679286
v -0.179264 0.430598 0.691839
v -0.342577 0.428562 0.702011
v -0.381507 0.428240 0.704483
v 0.222045 0.435159 0.666841
v 0.184759 0.435070 0.669216
v 0.234469 -0.453572 0.668542
v 0.233997 -0.469909 0.669870
v 0.232000 -0.483417 0.670480
v -0.396257 -0.406281 0.701005
v -0.399227 -0.383405 0.693182
v -0.404698 -0.360741 0.679271
v 0.174359 -0.330233 0.456216
v 0.196170 -0.344486 0.531777
v -0.431650 -0.322239 0.613113
v -0.451428 -0.303297 0.565044
v -0.470304 -0.278359 0.519245
v 0.118463 -0.079879 0.262945
v 0.120481 -0.155121 0.269920
v 0.165010 -0.357143 0.599308
v 0.202310 -0.357645 0.595852
v 0.087465 -0.271943 0.337062
v -0.495064 -0.194926 0.459213
v -0.499997 -0.135925 0.447257
v -0.501814 -0.069755 0.442852
v -0.322965 -0.502497 0.705161
v -0.358229 -0.501131 0.707381
v -0.376676 -0.497669 0.708559
v -0.401593 -0.340173 0.652567
v -0.362345 -0.341000 0.648980
v -0.198811 -0.345970 0.633633
v 0.003515 -0.352513 0.614518
v -0.471687 -0.243417 0.479767
v -0.432332 -0.244911 0.470636
v -0.270784 -0.253189 0.429563
v -0.071700 -0.263991 0.377824
v 0.220074 -0.499802 0.671337
v 0.202497 -0.503047 0.672462
v 0.168102 -0.504199 0.674628
v 0.024301 -0.503943 0.683583
v -0.177995 -0.503199 0.696135
v 0.225075 -0.374376 0.632813
v 0.230343 -0.394244 0.651907
v 0.232861 -0.414892 0.661464
v -0.389824 -0.480289 0.709354
v -0.392337 -0.465856 0.709039
v -0.393659 -0.448300 0.707821
v 0.023168 -0.433279 0.679286
v -0.179264 -0.430598 0.691839
v -0.342577 -0.428562 0.702011
v -0.381507 -0.428240 0.704483
v 0.222045 -0.435159 0.666841
v 0.184759 -0.435070 0.669216
v 0.069334 0.079450 0.275898
v 0.106360 0.079863 0.265792
v 0.071349 0.154314 0.282694
v 0.108380 0.155093 0.272729
v 0.076817 0.220007 0.301140
v 0.104263 0.307177 0.393732
v 0.125141 0.329328 0.464221
v 0.162334 0.330302 0.458023
v 0.146921 0.343869 0.537868
v 0.184176 0.344605 0.533181
v 0.185350 0.453819 0.671700
v 0.222580 0.453792 0.669329
v 0.185586 0.471241 0.672980
v 0.222479 0.470678 0.670631
v 0.185523 0.487685 0.673462
v 0.221572 0.485818 0.671169
v -0.380576 0.448401 0.706963
v -0.341742 0.448732 0.704494
v -0.379681 0.466559 0.708208
v -0.341238 0.467368 0.705764
v -0.378384 0.482756 0.708603
v -0.340885 0.484880 0.706221
v -0.178530 0.450349 0.694323
v 0.023823 0.452453 0.681770
v -0.178153 0.468728 0.695598
v 0.024159 0.470334 0.683046
v -0.178014 0.486192 0.696068
v 0.024283 0.487354 0.683515
v -0.456601 0.278590 0.516856
v -0.417256 0.280074 0.508938
v -0.437814 0.303487 0.563077
v -0.398487 0.304809 0.556664
v -0.418134 0.322374 0.611583
v -0.378837 0.323450 0.606728
v -0.255247 0.288379 0.473497
v -0.055429 0.299229 0.428901
v -0.235915 0.312329 0.528202
v -0.035197 0.322172 0.492457
v -0.215704 0.329722 0.585498
v -0.014073 0.337955 0.558922
v -0.487966 0.069842 0.439755
v -0.448599 0.070350 0.429313
v -0.486157 0.136089 0.444201
v -0.446792 0.137052 0.433904
v -0.481248 0.195146 0.456268
v -0.441886 0.196455 0.446367
v -0.287553 0.073135 0.382156
v -0.089262 0.076764 0.322703
v -0.285690 0.142335 0.387424
v -0.087310 0.149222 0.328827
v -0.280633 0.203665 0.401721
v -0.082014 0.213066 0.345451
v -0.188534 0.365380 0.663361
v 0.014091 0.370587 0.648419
v -0.183291 0.387122 0.679011
v 0.019352 0.391313 0.665798
v -0.180600 0.409263 0.687416
v 0.021947 0.412629 0.674781
v -0.391362 0.360794 0.678295
v -0.352191 0.361434 0.675417
v -0.385960 0.383440 0.692289
v -0.346878 0.383948 0.689704
v -0.383047 0.406307 0.700140
v -0.344050 0.406712 0.697654
v 0.175806 0.374214 0.636476
v 0.213121 0.374550 0.633707
v 0.181085 0.394192 0.655210
v 0.218396 0.394418 0.652726
v 0.183618 0.414911 0.664646
v 0.220916 0.415058 0.662257
v 0.069334 -0.079450 0.275898
v 0.071349 -0.154314 0.282694
v 0.076817 -0.220007 0.301140
v 0.106360 -0.079863 0.265792
v 0.108380 -0.155093 0.272729
v 0.104263 -0.307177 0.393732
v 0.125141 -0.329328 0.464221
v 0.146922 -0.343870 0.537868
v 0.162334 -0.330302 0.458023
v 0.184176 -0.344605 0.533181
v 0.185350 -0.453819 0.671700
v 0.185586 -0.471241 0.672980
v 0.185523 -0.487685 0.673462
v 0.222580 -0.453792 0.669329
v 0.222479 -0.470678 0.670631
v 0.221572 -0.485818 0.671169
v -0.380576 -0.448401 0.706963
v -0.379681 -0.466558 0.708208
v -0.378384 -0.482756 0.708603
v -0.341742 -0.448732 0.704494
v -0.341238 -0.467368 0.705764
v -0.340885 -0.484880 0.706221
v -0.178530 -0.450349 0.694323
v -0.178153 -0.468728 0.695598
v -0.178014 -0.486192 0.696068
v 0.023823 -0.452453 0.681770
v 0.024159 -0.470334 0.683046
v 0.024283 -0.487354 0.683515
v -0.456600 -0.278590 0.516855
v -0.437814 -0.303487 0.563077
v -0.418134 -0.322374 0.611583
v -0.417256 -0.280074 0.508938
v -0.398487 -0.304809 0.556664
v -0.378837 -0.323450 0.606728
v -0.255247 -0.288379 0.473497
v -0.235915 -0.312329 0.528202
v -0.215704 -0.329722 0.585498
v -0.055429 -0.299229 0.428901
v -0.035197 -0.322172 0.492457
v -0.014073 -0.337954 0.558922
v -0.487966 -0.069842 0.439755
v -0.486157 -0.136089 0.444201
v -0.481248 -0.195146 0.456268
v -0.448599 -0.070350 0.429313
v -0.446792 -0.137051 0.433904
v -0.441886 -0.196455 0.446367
v -0.287553 -0.073135 0.382157
v -0.285690 -0.142335 0.387424
v -0.280633 -0.203665 0.401721
v -0.089262 -0.076764 0.322703
v -0.087310 -0.149222 0.328827
v -0.082014 -0.213066 0.345451
v -0.188534 -0.365380 0.663361
v -0.183291 -0.387122 0.679011
v -0.180600 -0.409263 0.687416
v 0.014091 -0.370587 0.648419
v 0.019352 -0.391313 0.665798
v 0.021948 -0.412629 0.674781
v -0.391362 -0.360794 0.678295
v -0.385960 -0.383440 0.692289
v -0.383047 -0.406307 0.700140
v -0.352191 -0.361434 0.675417
v -0.346878 -0.383948 0.689704
v -0.344050 -0.406712 0.697654
v 0.175806 -0.374214 0.636476
v 0.181085 -0.394192 0.655210
v 0.183618 -0.414911 0.664646
v 0.213121 -0.374550 0.633707
v 0.218396 -0.394418 0.652726
v 0.220916 -0.415058 0.662257
v -0.387095 0.491326 0.683619
v 0.226416 0.493827 0.645297
v -0.416306 0.362345 0.640763
v 0.213893 0.381990 0.586989
v -0.489705 0.259065 0.462367
v -0.507659 0.000000 0.417272
v 0.112315 -0.000000 0.237059
v 0.232391 0.439608 0.640924
v -0.396337 0.432358 0.680151
v -0.387095 -0.491326 0.683619
v 0.226416 -0.493827 0.645297
v -0.416306 -0.362345 0.640763
v 0.213893 -0.381990 0.586989
v -0.489705 -0.259065 0.462367
v 0.232391 -0.439608 0.640924
v -0.396337 -0.432357 0.680151
v 0.232860 0.456281 0.643159
v 0.232417 0.471335 0.644384
v 0.230417 0.483932 0.644964
v -0.397898 0.413075 0.676348
v -0.400837 0.394602 0.670070
v -0.406204 0.378154 0.660088
v 0.173597 0.355133 0.450307
v 0.195837 0.369583 0.526896
v -0.432951 0.346020 0.603796
v -0.453233 0.326739 0.554889
v -0.473161 0.299609 0.504926
v 0.112626 0.081271 0.238068
v 0.114799 0.160036 0.245355
v 0.163805 0.381604 0.591454
v 0.201672 0.382161 0.588117
v -0.500222 0.203641 0.435495
v -0.505484 0.139558 0.422484
v -0.507386 0.070787 0.417908
v -0.324566 0.502598 0.679643
v -0.359857 0.501236 0.681865
v -0.378369 0.497798 0.683048
v 0.062120 -0.000000 0.250313
v 0.099877 0.000000 0.239990
v -0.403019 0.362497 0.639721
v -0.364061 0.363563 0.636602
v -0.200590 0.369323 0.622878
v 0.001895 0.376567 0.605492
v -0.476276 0.259384 0.459763
v -0.437685 0.261234 0.451100
v -0.276476 0.270636 0.411059
v -0.077210 0.282507 0.360281
v 0.218461 0.499946 0.645820
v 0.200885 0.503164 0.646945
v 0.166503 0.504307 0.649111
v 0.022716 0.504048 0.658064
v -0.179580 0.503302 0.670617
v -0.494176 -0.000000 0.414250
v -0.455653 0.000000 0.404008
v -0.295143 0.000001 0.356906
v -0.096881 0.000000 0.297334
v 0.224259 0.395777 0.617985
v 0.229081 0.408990 0.630620
v 0.231357 0.423291 0.637210
v -0.391583 0.480769 0.683849
v -0.394091 0.467194 0.683561
v -0.395361 0.450831 0.682427
v 0.021545 0.437734 0.654138
v -0.180888 0.434887 0.666665
v -0.344211 0.432720 0.676818
v -0.383160 0.432373 0.679288
v 0.220442 0.439760 0.641714
v 0.183143 0.439646 0.644085
v 0.232860 -0.456281 0.643159
v 0.232417 -0.471335 0.644384
v 0.230417 -0.483932 0.644964
v -0.397898 -0.413075 0.676348
v -0.400837 -0.394602 0.670070
v -0.406204 -0.378154 0.660088
v 0.173597 -0.355133 0.450307
v 0.195837 -0.369583 0.526896
v -0.432951 -0.346020 0.603796
v -0.453233 -0.326740 0.554889
v -0.473161 -0.299610 0.504926
v 0.112626 -0.081271 0.238068
v 0.114799 -0.160036 0.245355
v 0.163805 -0.381603 0.591454
v 0.201672 -0.382161 0.588117
v -0.500222 -0.203641 0.435495
v -0.505484 -0.139558 0.422484
v -0.507386 -0.070787 0.417908
v -0.324566 -0.502598 0.679643
v -0.359857 -0.501236 0.681865
v -0.378368 -0.497797 0.683048
v -0.403019 -0.362497 0.639721
v -0.364061 -0.363563 0.636602
v -0.200590 -0.369323 0.622878
v 0.001895 -0.376567 0.605492
v -0.476276 -0.259384 0.459763
v -0.437685 -0.261234 0.451100
v -0.276476 -0.270636 0.411059
v -0.077210 -0.282507 0.360281
v 0.218461 -0.499946 0.645820
v 0.200885 -0.503164 0.646945
v 0.166503 -0.504307 0.649111
v 0.022716 -0.504048 0.658064
v -0.179580 -0.503302 0.670617
v 0.224259 -0.395777 0.617985
v 0.229081 -0.408990 0.630620
v 0.231357 -0.423291 0.637210
v -0.391583 -0.480769 0.683849
v -0.394091 -0.467194 0.683561
v -0.395360 -0.450831 0.682427
v 0.021545 -0.437734 0.654137
v -0.180887 -0.434887 0.666665
v -0.344211 -0.432719 0.676818
v -0.383160 -0.432375 0.679288
v 0.220442 -0.439760 0.641714
v 0.183143 -0.439647 0.644085
v 0.062419 0.080819 0.251299
v 0.100185 0.081254 0.240995
v 0.064533 0.159155 0.258408
v 0.102344 0.160007 0.248247
v 0.123317 0.354189 0.458377
v 0.161242 0.355202 0.452158
v 0.145643 0.368945 0.533029
v 0.183544 0.369709 0.528359
v 0.183740 0.456467 0.646310
v 0.220970 0.456473 0.643942
v 0.183984 0.472567 0.647491
v 0.220889 0.472061 0.645144
v 0.183920 0.488117 0.647946
v 0.219978 0.486312 0.645653
v -0.382255 0.450903 0.681564
v -0.343370 0.451214 0.679090
v -0.381393 0.467851 0.682725
v -0.342866 0.468611 0.680273
v -0.380095 0.483213 0.683095
v -0.342507 0.485286 0.680706
v -0.180134 0.452879 0.668921
v 0.022219 0.455046 0.656374
v -0.179747 0.469979 0.670105
v 0.022566 0.471621 0.657554
v -0.179602 0.486598 0.670551
v 0.022696 0.487764 0.657999
v -0.459740 0.299896 0.502672
v -0.421000 0.301652 0.495328
v -0.439842 0.326968 0.553049
v -0.400986 0.328472 0.547190
v -0.419615 0.346202 0.602412
v -0.380688 0.347439 0.598062
v -0.259160 0.310771 0.461325
v -0.059077 0.322340 0.418089
v -0.238522 0.336520 0.520200
v -0.037573 0.346792 0.485820
v -0.217636 0.354197 0.578334
v -0.015818 0.362819 0.553208
v -0.493905 0.070882 0.414893
v -0.455385 0.071421 0.404672
v -0.492014 0.139750 0.419513
v -0.453502 0.140824 0.409450
v -0.486775 0.203921 0.432649
v -0.448259 0.205489 0.423049
v -0.294868 0.074319 0.357670
v -0.096595 0.078061 0.298224
v -0.292931 0.146511 0.363172
v -0.094566 0.153793 0.304632
v -0.287498 0.213579 0.378853
v -0.088842 0.223854 0.322913
v -0.190362 0.384505 0.645821
v 0.012356 0.391005 0.632341
v -0.185055 0.399675 0.656544
v 0.017613 0.405053 0.643956
v -0.182273 0.416650 0.662908
v 0.020278 0.420566 0.650416
v -0.392950 0.378301 0.659201
v -0.353962 0.379281 0.656636
v -0.387605 0.394703 0.669209
v -0.348602 0.395457 0.666739
v -0.384694 0.413124 0.675489
v -0.345712 0.413633 0.673029
v 0.174373 0.395488 0.621504
v 0.212116 0.395971 0.618914
v 0.179491 0.408789 0.633855
v 0.217031 0.409181 0.631457
v 0.181995 0.423246 0.640384
v 0.219376 0.423470 0.638011
v 0.062419 -0.080819 0.251299
v 0.064533 -0.159155 0.258408
v 0.100185 -0.081253 0.240995
v 0.102344 -0.160007 0.248247
v 0.123317 -0.354189 0.458376
v 0.145643 -0.368945 0.533029
v 0.161242 -0.355202 0.452158
v 0.183544 -0.369709 0.528359
v 0.183740 -0.456468 0.646310
v 0.183984 -0.472563 0.647491
v 0.183920 -0.488120 0.647946
v 0.220970 -0.456473 0.643942
v 0.220889 -0.472061 0.645144
v 0.219978 -0.486312 0.645653
v -0.382254 -0.450903 0.681564
v -0.381394 -0.467851 0.682725
v -0.380095 -0.483213 0.683095
v -0.343370 -0.451215 0.679090
v -0.342866 -0.468612 0.680273
v -0.342507 -0.485290 0.680706
v -0.180134 -0.452876 0.668920
v -0.179747 -0.469986 0.670105
v -0.179601 -0.486593 0.670551
v 0.022219 -0.455047 0.656374
v 0.022566 -0.471621 0.657554
v 0.022696 -0.487764 0.657999
v -0.459740 -0.299896 0.502672
v -0.439842 -0.326969 0.553049
v -0.419615 -0.346202 0.602412
v -0.421000 -0.301652 0.495328
v -0.400986 -0.328472 0.547190
v -0.380688 -0.347439 0.598062
v -0.259160 -0.310771 0.461325
v -0.238522 -0.336520 0.520200
v -0.217636 -0.354197 0.578334
v -0.059077 -0.322340 0.418089
v -0.037573 -0.346792 0.485820
v -0.015818 -0.362819 0.553208
v -0.493905 -0.070882 0.414893
v -0.492014 -0.139750 0.419513
v -0.486775 -0.203921 0.432649
v -0.455385 -0.071421 0.404672
v -0.453502 -0.140824 0.409450
v -0.448259 -0.205489 0.423049
v -0.294868 -0.074320 0.357670
v -0.292931 -0.146510 0.363172
v -0.287498 -0.213579 0.378854
v -0.096595 -0.078061 0.298224
v -0.094566 -0.153793 0.304632
v -0.088842 -0.223854 0.322913
v -0.190362 -0.384505 0.645821
v -0.185055 -0.399675 0.656544
v -0.182273 -0.416650 0.662908
v 0.012356 -0.391005 0.632341
v 0.017613 -0.405053 0.643956
v 0.020278 -0.420566 0.650416
v -0.392950 -0.378301 0.659201
v -0.387605 -0.394703 0.669209
v -0.384694 -0.413122 0.675488
v -0.353962 -0.379280 0.656636
v -0.348602 -0.395457 0.666739
v -0.345712 -0.413632 0.673028
v 0.174373 -0.395488 0.621504
v 0.179491 -0.408789 0.633855
v 0.181995 -0.423245 0.640383
v 0.212116 -0.395971 0.618913
v 0.217031 -0.409181 0.631457
v 0.219376 -0.423470 0.638011
v 0.129532 0.275166 0.296301
v 0.138176 0.303383 0.326557
v 0.138340 -0.303265 0.327136
v 0.129532 -0.275166 0.296301
v 0.146520 0.321079 0.355843
v 0.157375 0.337998 0.393792
v 0.119158 0.211977 0.260247
v 0.124418 0.249992 0.278468
v 0.087810 0.302236 0.337886
v 0.079052 0.273671 0.307969
v 0.125724 0.303398 0.329093
v 0.117044 0.275104 0.298915
v 0.159377 -0.340113 0.400768
v 0.147650 -0.322752 0.359791
v 0.123718 -0.244927 0.276040
v 0.119158 -0.211977 0.260247
v 0.079052 -0.273671 0.307969
v 0.087960 -0.302083 0.338395
v 0.061724 -0.290042 0.325335
v 0.117044 -0.275104 0.298915
v 0.125886 -0.303274 0.329658
v 0.074042 0.248893 0.290815
v 0.068795 0.210710 0.272893
v 0.111943 0.249986 0.281215
v 0.106684 0.211932 0.263064
v 0.107132 0.336981 0.403625
v 0.096027 0.319651 0.365912
v 0.144991 0.338051 0.396012
v 0.134061 0.321045 0.358117
v 0.068795 -0.210711 0.272893
v 0.073343 -0.243805 0.288427
v 0.049763 -0.230418 0.284460
v 0.106684 -0.211932 0.263064
v 0.111242 -0.244915 0.278796
v 0.097178 -0.321361 0.369820
v 0.109130 -0.339105 0.410384
v 0.080212 -0.329631 0.388252
v 0.135198 -0.322726 0.362056
v 0.146997 -0.340168 0.402943
v 0.141024 0.282335 0.340931
v 0.133607 0.258416 0.315291
v 0.133607 -0.258416 0.315291
v 0.141025 -0.282335 0.340931
v 0.158343 0.313433 0.400812
v 0.149041 0.299089 0.368645
v 0.128974 0.235804 0.299275
v 0.124504 0.203576 0.283826
v 0.121520 0.258376 0.317840
v 0.128968 0.282364 0.343410
v 0.149041 -0.299089 0.368645
v 0.158343 -0.313433 0.400812
v 0.124504 -0.203576 0.283826
v 0.128974 -0.235804 0.299275
v 0.128968 -0.282364 0.343410
v 0.121520 -0.258376 0.317840
v 0.112409 0.203541 0.286558
v 0.116890 0.235803 0.301942
v 0.136965 0.299069 0.370868
v 0.146317 0.313489 0.402992
v 0.116890 -0.235803 0.301942
v 0.112409 -0.203541 0.286558
v 0.146317 -0.313489 0.402992
v 0.136965 -0.299069 0.370868
v 0.619470 0.000320 1.141799
v 0.404018 -0.004583 1.054624
v 0.234367 -0.003140 0.728670
v 0.553474 0.005155 1.150465
v 0.035808 -0.001527 0.387951
v 0.119582 -0.003385 0.558929
v 0.255301 0.334832 0.808075
v 0.430282 0.299620 1.070089
v 0.518794 0.252629 1.155892
v 0.238594 0.168791 0.765506
v 0.413342 0.152183 1.069946
v 0.538754 0.145627 1.152990
v 0.052046 0.270238 0.422734
v 0.038755 0.147623 0.404227
v 0.122634 0.163806 0.594955
v 0.132020 0.317743 0.637163
v 0.309650 0.344126 0.788230
v 0.487148 0.308011 1.040763
v 0.568531 0.264317 1.140127
v 0.606281 0.149334 1.142158
v 0.099944 0.275307 0.405856
v 0.184892 0.327972 0.624179
v 0.256308 -0.331552 0.806883
v 0.430276 -0.297954 1.070341
v 0.518616 -0.251528 1.157133
v 0.235980 -0.177595 0.765732
v 0.410485 -0.155664 1.066767
v 0.536130 -0.141338 1.153013
v 0.051272 -0.269576 0.422395
v 0.036387 -0.149104 0.401730
v 0.118093 -0.169539 0.587654
v 0.133492 -0.318790 0.639461
v 0.310229 -0.343761 0.788482
v 0.487132 -0.308000 1.040093
v 0.568446 -0.264500 1.140113
v 0.607044 -0.148887 1.142337
v 0.099940 -0.275189 0.405951
v 0.185740 -0.328860 0.625537
v 0.087074 0.000153 0.309626
v 0.068380 -0.000867 0.466426
v 0.016922 0.000555 0.335144
v 0.170107 -0.004026 0.642943
v 0.508413 0.006581 1.126179
v 0.342234 -0.007322 0.879902
v 0.032353 0.235785 0.356057
v 0.487700 0.270195 1.134404
v 0.402962 0.065600 1.059769
v 0.497322 0.148492 1.129947
v 0.221067 0.082568 0.749152
v 0.172918 0.168752 0.678066
v 0.233935 0.260605 0.792476
v 0.418415 0.246569 1.078848
v 0.528699 0.203847 1.157684
v 0.550361 0.066132 1.155906
v 0.086087 0.300928 0.528527
v 0.015838 0.130788 0.338374
v 0.039599 0.209133 0.415222
v 0.030014 0.065682 0.385031
v 0.074793 0.159880 0.489644
v 0.190426 0.333149 0.728152
v 0.108992 0.074188 0.578900
v 0.113661 0.250808 0.621054
v 0.356023 0.315436 0.944882
v 0.336034 0.160656 0.903008
v 0.076886 0.239124 0.339563
v 0.545052 0.284898 1.111624
v 0.588707 0.219427 1.141859
v 0.616887 0.072675 1.142620
v 0.136489 0.306007 0.513206
v 0.244248 0.342794 0.711820
v 0.410804 0.327397 0.929692
v 0.032695 -0.234797 0.356810
v 0.487812 -0.272107 1.138436
v 0.402277 -0.086759 1.059808
v 0.499148 -0.140015 1.133292
v 0.227172 -0.075483 0.741626
v 0.172971 -0.177029 0.677181
v 0.235048 -0.255028 0.791279
v 0.420633 -0.243568 1.073998
v 0.525071 -0.206043 1.158185
v 0.550972 -0.070497 1.156072
v 0.086674 -0.300622 0.528654
v 0.016262 -0.131953 0.340647
v 0.040208 -0.206390 0.414493
v 0.031793 -0.060109 0.386409
v 0.067572 -0.158799 0.489288
v 0.192327 -0.331742 0.725910
v 0.106713 -0.074945 0.573231
v 0.111750 -0.251882 0.618854
v 0.354016 -0.309631 0.945442
v 0.334300 -0.166682 0.905811
v 0.076984 -0.238755 0.339816
v 0.545098 -0.284956 1.111768
v 0.589694 -0.220536 1.141884
v 0.617055 -0.073532 1.142512
v 0.136859 -0.306226 0.514324
v 0.243664 -0.342687 0.710728
v 0.411064 -0.327181 0.929238
v 0.486653 0.216261 1.138775
v 0.014567 0.063518 0.332405
v 0.170043 0.256619 0.713312
v 0.338421 0.248153 0.931113
v 0.020848 0.190349 0.350240
v 0.058580 0.067126 0.471273
v 0.160026 0.076823 0.660138
v 0.069771 0.226743 0.515369
v 0.503622 0.067280 1.131750
v 0.340390 0.073165 0.889321
v 0.486649 -0.213954 1.138583
v 0.014572 -0.062999 0.332095
v 0.169877 -0.260249 0.707787
v 0.336488 -0.249447 0.938400
v 0.021746 -0.188596 0.352271
v 0.054863 -0.069617 0.467459
v 0.160505 -0.074947 0.658755
v 0.064287 -0.231573 0.511860
v 0.505306 -0.074795 1.135903
v 0.336201 -0.088512 0.885950
v 0.287456 -0.001154 0.809310
v 0.305267 0.325782 0.877228
v 0.289785 0.163201 0.838063
v 0.359266 0.336697 0.854503
v 0.306397 -0.324562 0.877238
v 0.289842 -0.171004 0.838337
v 0.358284 -0.337517 0.856096
v 0.290186 0.254206 0.867719
v 0.279085 0.083222 0.836302
v 0.291000 -0.250805 0.870649
v 0.280093 -0.077245 0.825992
v 0.600150 0.001229 1.167237
v 0.037969 0.000041 0.282097
v 0.043416 0.214497 0.315624
v 0.277737 0.371899 0.805284
v 0.453767 0.331890 1.058213
v 0.546703 0.269019 1.157205
v 0.038118 0.118751 0.287045
v 0.585588 0.144136 1.167220
v 0.075307 0.302551 0.418529
v 0.155595 0.358463 0.639835
v 0.043478 -0.214206 0.316052
v 0.278458 -0.372389 0.804905
v 0.454673 -0.332676 1.057913
v 0.546886 -0.269307 1.157494
v 0.038147 -0.118781 0.287170
v 0.588015 -0.142355 1.168542
v 0.075329 -0.302555 0.418634
v 0.156489 -0.358958 0.641468
v 0.053814 0.259614 0.348825
v 0.512122 0.304541 1.128680
v 0.039351 0.169217 0.297946
v 0.570323 0.210438 1.165270
v 0.599718 0.069365 1.169085
v 0.109687 0.335805 0.527811
v 0.213737 0.372709 0.727166
v 0.378631 0.351835 0.946669
v 0.037876 0.061184 0.282505
v 0.053856 -0.259395 0.348937
v 0.512266 -0.305450 1.128742
v 0.039478 -0.169116 0.298516
v 0.570846 -0.212828 1.166274
v 0.599726 -0.069984 1.168786
v 0.110151 -0.335927 0.528808
v 0.214094 -0.370121 0.725707
v 0.379545 -0.351874 0.946914
v 0.037828 -0.061248 0.282327
v 0.328980 0.365471 0.873186
v 0.329999 -0.363551 0.872536
v 0.290663 0.000192 0.672868
v 0.358940 -0.000102 0.755527
v 0.586766 -0.000021 1.081460
v 0.614495 0.000201 1.124355
v 0.108724 0.000321 0.355590
v 0.156392 0.000150 0.454226
v 0.220094 -0.000170 0.574917
v 0.456353 -0.002973 0.891464
v 0.523303 -0.001450 0.993588
v 0.051866 -0.001236 0.424994
v 0.094891 -0.001748 0.513726
v 0.014935 0.000372 0.317098
v 0.024732 0.000134 0.359698
v 0.143793 -0.004003 0.602406
v 0.200542 -0.003875 0.685474
v 0.532707 0.006269 1.138976
v 0.469845 0.007506 1.105526
v 0.345357 -0.015124 0.957642
v 0.260640 -0.001617 0.769207
v 0.040116 0.253065 0.383910
v 0.028694 0.219934 0.337892
v 0.506680 0.259943 1.149223
v 0.463658 0.283290 1.109905
v 0.407978 0.025420 1.057968
v 0.408631 0.115831 1.062835
v 0.468263 0.149098 1.113648
v 0.519517 0.147455 1.142961
v 0.231514 0.013305 0.735731
v 0.232957 0.148542 0.758404
v 0.150412 0.166045 0.645026
v 0.206979 0.169907 0.723759
v 0.242033 0.302564 0.800367
v 0.237046 0.195980 0.779272
v 0.423524 0.277187 1.074596
v 0.412762 0.204642 1.080636
v 0.533936 0.170734 1.153961
v 0.521866 0.234519 1.158737
v 0.551737 0.028102 1.149973
v 0.545251 0.110653 1.154065
v 0.107968 0.309013 0.584672
v 0.067075 0.287350 0.472235
v 0.014452 0.125129 0.320125
v 0.023993 0.138959 0.366798
v 0.044319 0.244498 0.419245
v 0.039596 0.171020 0.411025
v 0.032954 0.025371 0.388338
v 0.032811 0.109364 0.392022
v 0.054340 0.153320 0.444468
v 0.096566 0.163567 0.544979
v 0.226269 0.334900 0.766916
v 0.159633 0.327018 0.684605
v 0.113344 0.016833 0.564750
v 0.115962 0.140616 0.589423
v 0.121896 0.293470 0.628863
v 0.118436 0.190538 0.607655
v 0.389732 0.311552 1.011328
v 0.282320 0.331333 0.844447
v 0.317572 0.156739 0.873682
v 0.348516 0.161951 0.980842
v 0.086915 0.257309 0.366822
v 0.069180 0.222530 0.322868
v 0.561062 0.274148 1.130688
v 0.520453 0.295832 1.082224
v 0.597412 0.186421 1.141942
v 0.578310 0.247912 1.141441
v 0.618239 0.034872 1.142199
v 0.612838 0.111063 1.142495
v 0.158975 0.318049 0.570670
v 0.116581 0.291688 0.456454
v 0.278182 0.344737 0.750514
v 0.212137 0.337135 0.670355
v 0.446660 0.320502 0.985342
v 0.336167 0.341054 0.822388
v 0.040262 -0.251749 0.384491
v 0.028854 -0.219027 0.338890
v 0.506835 -0.260183 1.152258
v 0.462633 -0.284428 1.111639
v 0.401799 -0.045046 1.055135
v 0.410085 -0.130315 1.061276
v 0.463956 -0.146739 1.113890
v 0.518159 -0.140103 1.142862
v 0.229256 -0.022779 0.731436
v 0.228440 -0.145734 0.756865
v 0.143201 -0.173890 0.632631
v 0.204543 -0.180103 0.722264
v 0.245548 -0.306197 0.801204
v 0.236267 -0.198451 0.777306
v 0.422639 -0.270609 1.073501
v 0.416618 -0.203003 1.075215
v 0.531462 -0.170547 1.154835
v 0.520836 -0.233162 1.158782
v 0.554634 -0.029568 1.155542
v 0.545135 -0.105061 1.156171
v 0.109843 -0.310502 0.587384
v 0.066863 -0.287853 0.472114
v 0.014880 -0.125853 0.321715
v 0.024400 -0.140561 0.367876
v 0.043201 -0.242709 0.418594
v 0.039170 -0.173262 0.410792
v 0.035642 -0.027670 0.387739
v 0.029557 -0.113880 0.391374
v 0.050406 -0.156224 0.442194
v 0.091626 -0.164028 0.540745
v 0.224205 -0.331157 0.766458
v 0.162329 -0.325437 0.685880
v 0.116418 -0.019109 0.563531
v 0.109464 -0.144124 0.579698
v 0.122965 -0.295196 0.629732
v 0.117641 -0.188083 0.603793
v 0.389586 -0.313358 1.009575
v 0.282888 -0.329888 0.842494
v 0.315850 -0.168277 0.872943
v 0.359819 -0.163588 0.985306
v 0.087095 -0.256917 0.366924
v 0.069221 -0.222231 0.323209
v 0.561040 -0.274111 1.130780
v 0.520435 -0.295946 1.082451
v 0.599258 -0.186372 1.142180
v 0.577902 -0.247973 1.141766
v 0.619655 -0.036428 1.142256
v 0.612984 -0.110950 1.142383
v 0.160046 -0.318566 0.572410
v 0.116915 -0.291879 0.456697
v 0.277946 -0.344531 0.749848
v 0.213539 -0.336418 0.672098
v 0.446617 -0.319076 0.984301
v 0.336664 -0.340856 0.823149
v 0.493965 0.174855 1.135152
v 0.509320 0.207372 1.150786
v 0.484785 0.247038 1.137406
v 0.459986 0.228982 1.117343
v 0.020637 0.064912 0.356191
v 0.014790 0.096884 0.334020
v 0.013661 0.062441 0.315340
v 0.015318 0.029840 0.333277
v 0.141119 0.254425 0.667688
v 0.172068 0.198836 0.693247
v 0.204235 0.261411 0.757201
v 0.179987 0.303516 0.722519
v 0.336485 0.202525 0.919324
v 0.367053 0.254250 1.003529
v 0.347021 0.287064 0.941208
v 0.321092 0.247945 0.903019
v 0.018757 0.180772 0.331133
v 0.018962 0.160515 0.345351
v 0.028052 0.199946 0.377977
v 0.025445 0.216225 0.353876
v 0.080046 0.073221 0.527744
v 0.064487 0.135148 0.480870
v 0.041833 0.064408 0.424936
v 0.064805 0.017418 0.468280
v 0.189896 0.075925 0.707466
v 0.169206 0.147235 0.670662
v 0.134203 0.074173 0.622529
v 0.164487 0.020050 0.648882
v 0.052467 0.215747 0.458506
v 0.073109 0.178701 0.502852
v 0.090344 0.242337 0.568596
v 0.075812 0.278365 0.522985
v 0.086783 0.083558 0.310742
v 0.083804 0.208189 0.329454
v 0.086636 0.149936 0.317350
v 0.466698 0.064415 1.113109
v 0.507285 0.027870 1.126377
v 0.528249 0.066594 1.145070
v 0.500470 0.115288 1.130732
v 0.319223 0.076846 0.872230
v 0.343365 0.027673 0.883746
v 0.348222 0.067036 0.962662
v 0.337204 0.119450 0.894190
v 0.458126 -0.224744 1.115020
v 0.484741 -0.243133 1.139728
v 0.506846 -0.208672 1.151114
v 0.494060 -0.179455 1.135869
v 0.016063 -0.029643 0.334113
v 0.013741 -0.062219 0.315251
v 0.014489 -0.098272 0.334082
v 0.020874 -0.062760 0.355689
v 0.180031 -0.306223 0.718892
v 0.210038 -0.255771 0.755790
v 0.177775 -0.196310 0.692902
v 0.141307 -0.255624 0.667982
v 0.323150 -0.245987 0.908947
v 0.345615 -0.284448 0.943192
v 0.366311 -0.253465 1.008151
v 0.331724 -0.206520 0.924071
v 0.025904 -0.214684 0.355169
v 0.028933 -0.197635 0.379506
v 0.019065 -0.161000 0.348453
v 0.019346 -0.179832 0.333331
v 0.064090 -0.019189 0.466796
v 0.043533 -0.061945 0.422844
v 0.060747 -0.138633 0.480348
v 0.079223 -0.073669 0.525618
v 0.167641 -0.022220 0.646253
v 0.132252 -0.075853 0.617616
v 0.163525 -0.147507 0.668432
v 0.193511 -0.074912 0.702706
v 0.074851 -0.275429 0.520885
v 0.084533 -0.243096 0.570857
v 0.065967 -0.175146 0.501773
v 0.049629 -0.216227 0.455829
v 0.086810 -0.083757 0.310668
v 0.086756 -0.149914 0.318095
v 0.083933 -0.207742 0.330031
v 0.500789 -0.118822 1.133814
v 0.528626 -0.071795 1.146201
v 0.506838 -0.028644 1.131532
v 0.464865 -0.077624 1.114698
v 0.334463 -0.128754 0.894486
v 0.350393 -0.088492 0.960732
v 0.340115 -0.043765 0.882108
v 0.322086 -0.082585 0.866538
v 0.411030 -0.001509 0.825077
v 0.322300 -0.003475 0.854964
v 0.334271 0.318598 0.913957
v 0.266340 0.165813 0.803274
v 0.382729 0.332277 0.889902
v 0.334774 -0.313660 0.915058
v 0.265935 -0.174134 0.805289
v 0.383356 -0.332421 0.888689
v 0.262959 0.258229 0.833633
v 0.249215 0.083858 0.794901
v 0.262387 -0.254683 0.832620
v 0.253336 -0.076502 0.786174
v 0.283314 -0.021079 0.814761
v 0.283716 -0.141023 0.833226
v 0.296802 -0.298611 0.876473
v 0.289389 -0.195152 0.853655
v 0.284582 0.017559 0.817106
v 0.286696 0.142098 0.836217
v 0.296218 0.293323 0.874093
v 0.287337 0.194411 0.852627
v 0.078191 0.300815 0.417956
v 0.056859 0.258256 0.348665
v 0.062955 0.281861 0.378101
v 0.073092 0.300292 0.419863
v 0.051593 0.257892 0.350632
v 0.041291 0.213553 0.317867
v 0.047516 0.237006 0.329017
v 0.046580 0.213846 0.315915
v 0.549302 0.268852 1.154958
v 0.514863 0.303558 1.126821
v 0.531450 0.289324 1.146869
v 0.543580 0.267239 1.156604
v 0.509658 0.302163 1.128721
v 0.451609 0.329462 1.058604
v 0.487024 0.319270 1.100712
v 0.456451 0.330839 1.056658
v 0.040849 0.192154 0.305684
v 0.037181 0.168812 0.300462
v 0.035869 0.118547 0.289611
v 0.038531 0.144853 0.291745
v 0.588134 0.144317 1.164847
v 0.572659 0.210829 1.162858
v 0.577546 0.177798 1.165553
v 0.581460 0.144045 1.165890
v 0.566729 0.209485 1.164180
v 0.559913 0.242926 1.163309
v 0.602743 0.001033 1.164723
v 0.602177 0.069411 1.166264
v 0.600210 0.032640 1.167136
v 0.596172 0.001452 1.165806
v 0.595933 0.069084 1.168124
v 0.594759 0.105979 1.169028
v 0.158452 0.356833 0.638854
v 0.112505 0.334045 0.527006
v 0.130949 0.348219 0.585949
v 0.153568 0.355708 0.640570
v 0.107599 0.333272 0.528749
v 0.091061 0.320584 0.470184
v 0.280484 0.370359 0.803814
v 0.216715 0.370846 0.725824
v 0.245217 0.372313 0.765786
v 0.275777 0.368685 0.805807
v 0.211695 0.369867 0.727824
v 0.183439 0.366557 0.685915
v 0.381493 0.350815 0.945094
v 0.416992 0.345108 1.003609
v 0.376268 0.348925 0.946572
v 0.326930 0.362590 0.873831
v 0.352744 0.358566 0.908043
v 0.331676 0.363912 0.871306
v 0.037921 0.090747 0.284004
v 0.035587 0.061047 0.285118
v 0.035697 0.000033 0.284840
v 0.037908 0.030771 0.282055
v 0.046645 -0.213546 0.316359
v 0.056920 -0.258027 0.348778
v 0.047542 -0.236712 0.329297
v 0.041371 -0.213183 0.318403
v 0.051662 -0.257597 0.350788
v 0.073105 -0.300327 0.419966
v 0.063103 -0.281795 0.378079
v 0.078214 -0.300851 0.418034
v 0.457289 -0.331484 1.056192
v 0.514879 -0.304136 1.126700
v 0.487148 -0.319849 1.100778
v 0.452422 -0.330634 1.058707
v 0.509777 -0.303476 1.129180
v 0.543713 -0.267694 1.157126
v 0.531581 -0.289533 1.147084
v 0.549407 -0.268988 1.155100
v 0.038701 -0.144869 0.292055
v 0.035906 -0.118586 0.289769
v 0.037350 -0.168683 0.301181
v 0.040966 -0.191902 0.306259
v 0.573452 -0.213136 1.163428
v 0.559629 -0.243542 1.163355
v 0.566998 -0.211818 1.165630
v 0.583937 -0.142072 1.167452
v 0.579159 -0.177746 1.167002
v 0.590533 -0.142634 1.166031
v 0.602187 -0.070158 1.166164
v 0.595093 -0.105289 1.169076
v 0.595884 -0.070006 1.167666
v 0.601966 -0.033937 1.168776
v 0.112959 -0.334153 0.527950
v 0.091131 -0.320515 0.470626
v 0.108020 -0.333257 0.529706
v 0.154592 -0.356119 0.642354
v 0.131811 -0.348051 0.587623
v 0.159296 -0.357275 0.640383
v 0.216608 -0.368149 0.724657
v 0.183284 -0.367059 0.686325
v 0.212128 -0.367085 0.726186
v 0.276639 -0.368939 0.805372
v 0.247551 -0.372979 0.767016
v 0.281084 -0.370908 0.803457
v 0.333135 -0.361284 0.871182
v 0.382806 -0.351874 0.944981
v 0.353277 -0.358093 0.908382
v 0.327593 -0.360902 0.872873
v 0.376849 -0.348813 0.947399
v 0.416085 -0.344554 1.002656
v 0.037925 -0.030683 0.281982
v 0.035531 -0.061116 0.284916
v 0.037995 -0.090822 0.283890
v 0.305225 0.369852 0.840266
v 0.305361 -0.369190 0.839682
v 0.572042 0.003416 1.157912
v 0.571512 -0.070195 1.161789
v 0.614448 0.000774 1.152967
v 0.612588 0.070134 1.153116
v 0.571128 0.067084 1.162268
v 0.612893 -0.072102 1.153577
v 0.021179 -0.061226 0.299766
v 0.021681 0.000035 0.300597
v 0.021207 0.061250 0.299966
v 0.030448 0.209281 0.326854
v 0.024520 0.171454 0.314851
v 0.040683 0.247335 0.355627
v 0.061277 0.211068 0.315441
v 0.069347 0.249429 0.344950
v 0.314706 0.344024 0.877003
v 0.266990 0.352197 0.809099
v 0.297477 0.359132 0.795437
v 0.232242 0.357352 0.718309
v 0.200433 0.351196 0.730078
v 0.345808 0.351460 0.860632
v 0.439372 0.315287 1.063419
v 0.365884 0.331687 0.945321
v 0.495739 0.286875 1.131928
v 0.473935 0.321240 1.047873
v 0.397907 0.341113 0.936885
v 0.531333 0.295506 1.117884
v 0.545861 0.204741 1.160540
v 0.527685 0.258868 1.155767
v 0.562074 0.266769 1.145251
v 0.583861 0.214777 1.151506
v 0.021753 0.120312 0.304410
v 0.556768 0.144268 1.158859
v 0.601089 0.146348 1.153098
v 0.095841 0.316318 0.530496
v 0.061184 0.285561 0.423274
v 0.091322 0.288746 0.412138
v 0.126430 0.320926 0.519874
v 0.141688 0.337059 0.641141
v 0.173388 0.343556 0.630894
v 0.030637 -0.208498 0.327908
v 0.024986 -0.171151 0.316441
v 0.069462 -0.249115 0.345120
v 0.061334 -0.210788 0.315859
v 0.040945 -0.246623 0.356079
v 0.315133 -0.342018 0.874711
v 0.266371 -0.350452 0.807351
v 0.201301 -0.349164 0.727206
v 0.344674 -0.350578 0.863310
v 0.297254 -0.359274 0.794757
v 0.230584 -0.356991 0.717507
v 0.440492 -0.316270 1.065430
v 0.363702 -0.328667 0.947432
v 0.531134 -0.295624 1.117606
v 0.472796 -0.321310 1.046590
v 0.496279 -0.289057 1.134203
v 0.397884 -0.340164 0.935684
v 0.543494 -0.207142 1.161884
v 0.527474 -0.258450 1.156933
v 0.584481 -0.216553 1.151795
v 0.561937 -0.266893 1.145097
v 0.021914 -0.120534 0.305013
v 0.555764 -0.141665 1.160442
v 0.602634 -0.145595 1.153417
v 0.096653 -0.315676 0.531259
v 0.060944 -0.285753 0.423227
v 0.126912 -0.321127 0.520896
v 0.091336 -0.288792 0.412207
v 0.143484 -0.337303 0.643577
v 0.174234 -0.344372 0.632169
v 0.463694 0.187511 1.119731
v 0.515063 0.171719 1.146574
v 0.504698 0.238895 1.151486
v 0.459673 0.259703 1.114470
v 0.021814 0.028376 0.357693
v 0.021952 0.100279 0.359763
v 0.013762 0.094123 0.316754
v 0.014113 0.030283 0.315772
v 0.149086 0.298278 0.676813
v 0.148086 0.194282 0.657040
v 0.205442 0.198084 0.737825
v 0.215744 0.304190 0.765150
v 0.317647 0.199830 0.890528
v 0.352755 0.207847 0.994492
v 0.378663 0.288115 1.010402
v 0.325292 0.286507 0.911020
v 0.022883 0.203470 0.335484
v 0.016790 0.154356 0.326687
v 0.026617 0.167164 0.374257
v 0.032673 0.230475 0.381417
v 0.088467 0.015772 0.516794
v 0.087305 0.139624 0.536822
v 0.046566 0.124860 0.434980
v 0.047894 0.020551 0.425045
v 0.195295 0.016564 0.693190
v 0.201084 0.149543 0.715464
v 0.143001 0.144790 0.636313
v 0.138639 0.018644 0.609721
v 0.057552 0.261796 0.465476
v 0.053732 0.176229 0.454075
v 0.094367 0.184037 0.557798
v 0.098643 0.286988 0.578176
v 0.570212 0.180179 1.084663
v 0.551678 0.252815 1.090030
v 0.579097 0.240331 1.127493
v 0.597390 0.172193 1.125678
v 0.076237 0.080555 0.295347
v 0.107727 0.089087 0.356591
v 0.247730 0.293386 0.682725
v 0.313622 0.297740 0.761385
v 0.336559 0.210856 0.756103
v 0.270020 0.207947 0.675791
v 0.435601 0.202953 0.893616
v 0.415138 0.286058 0.900388
v 0.485486 0.272904 1.004317
v 0.504364 0.193138 0.997982
v 0.581389 0.099346 1.082455
v 0.609666 0.094793 1.124984
v 0.074434 0.195488 0.313383
v 0.101942 0.229704 0.375833
v 0.106575 0.163082 0.364026
v 0.076315 0.142541 0.301685
v 0.153315 0.098903 0.456788
v 0.215124 0.108254 0.577087
v 0.282861 0.114420 0.674319
v 0.351185 0.115991 0.755769
v 0.138313 0.257230 0.474598
v 0.187986 0.278867 0.588481
v 0.206588 0.197313 0.580141
v 0.147969 0.181115 0.463913
v 0.449530 0.110919 0.891714
v 0.516854 0.105673 0.994855
v 0.107343 0.306028 0.462937
v 0.049043 0.266853 0.383840
v 0.291958 0.347961 0.844048
v 0.061188 0.183941 0.304813
v 0.573847 0.244224 1.149840
v 0.514341 0.274179 1.147849
v 0.537481 0.235377 1.160462
v 0.434116 0.332771 0.993492
v 0.035741 0.228433 0.337032
v 0.062532 0.230136 0.327072
v 0.564688 0.108371 1.160938
v 0.061122 0.077541 0.287218
v 0.608596 0.108881 1.153496
v 0.551109 0.172515 1.157919
v 0.021308 0.091423 0.301343
v 0.548874 0.282054 1.135597
v 0.615543 -0.035548 1.153641
v 0.571288 0.029294 1.158273
v 0.076979 0.302363 0.473947
v 0.592320 0.182657 1.152111
v 0.200375 0.351269 0.676834
v 0.117306 0.327516 0.587785
v 0.169319 0.345775 0.687529
v 0.078784 0.269424 0.372779
v 0.323135 0.356027 0.828503
v 0.232655 0.351110 0.765327
v 0.027632 -0.191940 0.322050
v 0.148249 0.333353 0.577459
v 0.471899 0.299754 1.105653
v 0.506858 0.308201 1.088706
v 0.400553 0.326644 1.009119
v 0.265582 0.360071 0.757131
v 0.022750 0.147324 0.309561
v 0.061343 0.135280 0.293241
v 0.027309 0.192693 0.320666
v 0.061157 -0.000172 0.286146
v 0.466952 0.118180 1.112411
v 0.468634 0.028724 1.104928
v 0.531922 0.027675 1.138873
v 0.524995 0.112993 1.143913
v 0.316259 0.128981 0.871714
v 0.320621 0.022176 0.860941
v 0.343766 0.023945 0.957455
v 0.342408 0.108420 0.969553
v 0.461326 -0.191644 1.114966
v 0.456807 -0.256807 1.113796
v 0.504928 -0.235743 1.152710
v 0.514235 -0.172311 1.147113
v 0.024611 -0.028144 0.360185
v 0.014485 -0.030202 0.316165
v 0.013867 -0.094673 0.316844
v 0.020394 -0.103998 0.358692
v 0.151828 -0.301488 0.677678
v 0.215787 -0.306228 0.764095
v 0.210252 -0.197285 0.737509
v 0.144700 -0.193470 0.650109
v 0.317968 -0.199235 0.890394
v 0.327700 -0.286390 0.915345
v 0.376008 -0.284568 1.012176
v 0.351831 -0.212482 1.001505
v 0.023204 -0.202286 0.336995
v 0.032898 -0.228687 0.382461
v 0.027976 -0.166224 0.375786
v 0.016818 -0.154381 0.328115
v 0.091677 -0.017344 0.517469
v 0.048111 -0.024741 0.422173
v 0.042398 -0.127043 0.432510
v 0.081682 -0.142428 0.530429
v 0.198227 -0.022014 0.690091
v 0.141152 -0.021146 0.607360
v 0.133139 -0.145575 0.625795
v 0.196217 -0.146831 0.714849
v 0.055679 -0.260727 0.464877
v 0.097765 -0.288020 0.579880
v 0.090370 -0.179012 0.557017
v 0.051179 -0.176710 0.449879
v 0.570276 -0.180178 1.084774
v 0.598207 -0.172157 1.125725
v 0.579264 -0.240708 1.127479
v 0.551709 -0.252860 1.090210
v 0.108023 -0.089989 0.356639
v 0.076266 -0.080657 0.295223
v 0.076325 -0.000236 0.294194
v 0.248476 -0.293215 0.681604
v 0.269918 -0.207025 0.675176
v 0.336997 -0.210286 0.755344
v 0.313907 -0.297375 0.760951
v 0.436191 -0.204195 0.893396
v 0.504412 -0.193575 0.997934
v 0.485878 -0.272804 1.003904
v 0.416204 -0.286273 0.900292
v 0.581396 -0.099380 1.082381
v 0.609677 -0.094788 1.124987
v 0.074500 -0.195247 0.313865
v 0.076397 -0.142553 0.302067
v 0.106975 -0.162726 0.364980
v 0.102240 -0.228632 0.376344
v 0.215333 -0.109329 0.576389
v 0.152504 -0.100277 0.457108
v 0.351806 -0.116920 0.755093
v 0.283429 -0.115540 0.673644
v 0.138209 -0.256027 0.475362
v 0.147133 -0.180498 0.464587
v 0.205385 -0.196769 0.580512
v 0.188821 -0.278368 0.589549
v 0.449424 -0.114393 0.891449
v 0.516974 -0.107283 0.994829
v 0.107604 -0.306124 0.463206
v 0.061270 -0.183774 0.305292
v 0.035819 -0.227786 0.337738
v 0.170836 -0.343999 0.688280
v 0.573237 -0.245182 1.149223
v 0.433101 -0.332166 0.989809
v 0.472197 -0.302272 1.107187
v 0.021396 -0.091661 0.301278
v 0.062570 -0.229814 0.327399
v 0.061140 -0.077617 0.287074
v 0.023202 -0.147299 0.310512
v 0.291886 -0.346649 0.840751
v 0.608684 -0.108428 1.153737
v 0.514558 -0.275164 1.149529
v 0.549204 -0.282245 1.135893
v 0.077419 -0.303051 0.474749
v 0.613628 0.033560 1.152372
v 0.549804 -0.171704 1.160140
v 0.594054 -0.182644 1.152856
v 0.021575 -0.030270 0.300112
v 0.202304 -0.351692 0.677879
v 0.049169 -0.266171 0.384093
v 0.078911 -0.269227 0.372807
v 0.370532 0.345664 0.896149
v 0.323325 -0.355862 0.829527
v 0.119638 -0.326007 0.590391
v 0.149285 -0.333830 0.579038
v 0.399117 -0.328472 1.004444
v 0.506924 -0.308099 1.089191
v 0.232681 -0.351176 0.767496
v 0.264562 -0.360127 0.756269
v 0.536279 -0.235514 1.160373
v 0.061423 -0.135302 0.293492
v 0.021356 0.030454 0.299916
v 0.566798 -0.103215 1.162903
v 0.467099 -0.125669 1.112870
v 0.521335 -0.112474 1.144540
v 0.531843 -0.028886 1.144204
v 0.466076 -0.031013 1.109612
v 0.317233 -0.132812 0.867293
v 0.357280 -0.130539 0.972138
v 0.342432 -0.052943 0.957741
v 0.320862 -0.030491 0.861343
v 0.256779 -0.020310 0.774363
v 0.257113 -0.144312 0.798317
v 0.370133 -0.346498 0.895949
v 0.403714 -0.115848 0.824126
v 0.367637 -0.293242 0.830769
v 0.388769 -0.208071 0.824950
v 0.271108 -0.304831 0.839311
v 0.266751 -0.195800 0.818428
v 0.255888 0.015614 0.777195
v 0.262072 0.148340 0.799901
v 0.341934 -0.333365 0.913023
v 0.341807 0.336351 0.912910
v 0.403632 0.114235 0.824836
v 0.367435 0.293288 0.830893
v 0.389132 0.207874 0.825597
v 0.270860 0.299691 0.840221
v 0.262779 0.192632 0.816531
v 0.065917 0.280261 0.377715
v 0.060717 0.279832 0.379665
v 0.045349 0.235671 0.331056
v 0.050623 0.235992 0.329095
v 0.534134 0.288592 1.144656
v 0.528530 0.287296 1.146733
v 0.484580 0.316758 1.101282
v 0.489793 0.317999 1.098728
v 0.043366 0.180431 0.302314
v 0.038718 0.191528 0.308090
v 0.036316 0.144575 0.294309
v 0.041663 0.131768 0.290031
v 0.579958 0.178480 1.163349
v 0.573780 0.176774 1.164088
v 0.556526 0.241652 1.162680
v 0.562409 0.243013 1.160722
v 0.602692 0.032750 1.164389
v 0.596100 0.032230 1.166117
v 0.590707 0.105857 1.167917
v 0.597232 0.106274 1.166425
v 0.133823 0.346574 0.585121
v 0.128983 0.345526 0.586872
v 0.088895 0.318166 0.471296
v 0.093882 0.318797 0.469458
v 0.248009 0.370849 0.764445
v 0.242842 0.368908 0.765866
v 0.181310 0.363698 0.686566
v 0.186613 0.364570 0.684564
v 0.419956 0.343406 1.001845
v 0.414680 0.342558 1.004470
v 0.351001 0.355499 0.908733
v 0.355437 0.357463 0.906397
v 0.041246 0.075964 0.283959
v 0.035646 0.090574 0.286585
v 0.035613 0.030685 0.284721
v 0.050654 -0.235687 0.329388
v 0.045381 -0.235306 0.331412
v 0.060847 -0.279723 0.379667
v 0.066055 -0.280204 0.377688
v 0.489931 -0.318412 1.098820
v 0.484767 -0.317529 1.101459
v 0.528747 -0.287641 1.147098
v 0.534234 -0.288742 1.144845
v 0.041762 -0.131795 0.290248
v 0.036520 -0.144601 0.294713
v 0.038871 -0.191202 0.308817
v 0.043489 -0.180253 0.302888
v 0.562191 -0.243707 1.160786
v 0.556008 -0.242078 1.162603
v 0.575141 -0.176354 1.166055
v 0.581515 -0.178574 1.164548
v 0.597505 -0.105703 1.166484
v 0.591356 -0.104767 1.167990
v 0.598243 -0.033424 1.167735
v 0.604291 -0.034286 1.166223
v 0.093980 -0.318783 0.469848
v 0.088977 -0.317994 0.471866
v 0.129702 -0.344837 0.588501
v 0.134635 -0.346370 0.586659
v 0.186102 -0.365382 0.685137
v 0.181260 -0.363992 0.687046
v 0.245916 -0.369949 0.767761
v 0.249794 -0.371139 0.765768
v 0.356290 -0.357545 0.906606
v 0.351231 -0.354851 0.909120
v 0.412782 -0.342248 1.003499
v 0.419519 -0.344258 1.000730
v 0.041279 -0.000143 0.282881
v 0.035654 -0.030575 0.284686
v 0.035719 -0.090663 0.286449
v 0.041258 -0.076037 0.283802
v 0.303304 0.367027 0.840734
v 0.307910 0.368397 0.838604
v 0.308034 -0.367397 0.838153
v 0.303215 -0.366177 0.840012
v 0.574214 -0.030933 1.161824
v 0.095185 -0.218339 0.302739
v 0.322809 -0.367366 0.787062
v 0.502529 -0.320782 1.061359
v 0.582459 -0.273861 1.150260
v 0.124873 -0.309402 0.397770
v 0.200503 -0.354959 0.626339
v 0.113366 -0.288894 0.358928
v 0.104886 -0.271272 0.336336
v 0.098936 -0.239674 0.314896
v 0.569345 -0.289116 1.143357
v 0.553594 -0.300553 1.129604
v 0.532295 -0.310307 1.103933
v 0.090925 -0.091303 0.272913
v 0.090925 -0.031306 0.271582
v 0.093809 -0.202477 0.297886
v 0.091437 -0.167313 0.285565
v 0.091980 -0.153056 0.279667
v 0.618889 -0.193747 1.157944
v 0.607667 -0.225192 1.156758
v 0.588833 -0.263065 1.152257
v 0.642199 -0.041265 1.156345
v 0.635112 -0.121291 1.157745
v 0.178051 -0.346965 0.572680
v 0.157631 -0.337496 0.511502
v 0.139739 -0.325369 0.450600
v 0.284409 -0.369906 0.738998
v 0.252276 -0.367694 0.702067
v 0.224834 -0.362216 0.667452
v 0.462661 -0.333592 0.999469
v 0.416212 -0.347187 0.926151
v 0.367992 -0.359225 0.851862
v 0.575800 -0.217738 1.114880
v 0.549841 -0.288273 1.116462
v 0.606717 -0.195669 1.145649
v 0.595348 -0.229121 1.145527
v 0.575965 -0.274642 1.144019
v 0.104766 -0.050985 0.311967
v 0.094321 -0.048233 0.283177
v 0.104659 -0.119424 0.316014
v 0.094444 -0.110634 0.286332
v 0.238886 -0.340565 0.673537
v 0.311366 -0.345736 0.762969
v 0.263280 -0.249585 0.670042
v 0.340800 -0.253437 0.762778
v 0.429434 -0.244044 0.888139
v 0.399912 -0.331541 0.888847
v 0.517548 -0.228919 1.027506
v 0.489933 -0.307768 1.029864
v 0.594433 -0.142563 1.112172
v 0.622798 -0.121705 1.144095
v 0.603059 -0.062127 1.109026
v 0.629494 -0.041290 1.141927
v 0.098091 -0.225668 0.310666
v 0.108403 -0.259412 0.341579
v 0.095454 -0.169123 0.295551
v 0.105867 -0.188879 0.326299
v 0.196964 -0.062031 0.518754
v 0.137928 -0.055903 0.391776
v 0.191483 -0.145847 0.521860
v 0.136035 -0.132310 0.396032
v 0.374576 -0.069119 0.763016
v 0.291920 -0.068040 0.667058
v 0.362952 -0.161278 0.762799
v 0.281872 -0.158785 0.667782
v 0.132657 -0.296421 0.420358
v 0.170832 -0.320231 0.539346
v 0.134167 -0.212725 0.406026
v 0.182310 -0.232038 0.529061
v 0.451176 -0.155979 0.887177
v 0.537388 -0.147898 1.024611
v 0.461991 -0.067026 0.886137
v 0.546622 -0.063967 1.021694
v 0.119140 -0.220760 0.290814
v 0.342807 -0.374289 0.772673
v 0.523396 -0.329123 1.049159
v 0.599941 -0.281038 1.133039
v 0.149146 -0.310897 0.389868
v 0.222243 -0.360825 0.614100
v 0.137507 -0.289999 0.350570
v 0.128690 -0.272512 0.327063
v 0.122010 -0.241607 0.303980
v 0.587619 -0.296698 1.127109
v 0.573128 -0.308687 1.115218
v 0.552670 -0.318655 1.090922
v 0.587823 -0.043300 1.037383
v 0.581134 -0.129243 1.040565
v 0.416664 -0.046872 0.772038
v 0.407541 -0.140924 0.772059
v 0.115447 -0.091731 0.265686
v 0.115411 -0.031369 0.264222
v 0.117936 -0.204809 0.286269
v 0.116759 -0.177553 0.278186
v 0.116019 -0.154368 0.271028
v 0.350690 -0.351393 0.772654
v 0.377910 -0.266670 0.772417
v 0.530607 -0.310169 1.048489
v 0.555372 -0.239085 1.045634
v 0.637058 -0.199157 1.140781
v 0.620936 -0.240586 1.138426
v 0.606344 -0.270108 1.135010
v 0.661363 -0.042253 1.139441
v 0.653984 -0.124421 1.140772
v 0.201144 -0.351900 0.562809
v 0.181458 -0.341148 0.502937
v 0.163930 -0.327769 0.442656
v 0.148946 -0.290472 0.385730
v 0.148298 -0.216107 0.371314
v 0.149701 -0.036626 0.353426
v 0.148622 -0.110979 0.356824
v 0.303390 -0.376317 0.723092
v 0.270975 -0.373860 0.685753
v 0.244712 -0.368383 0.652524
v 0.271407 -0.044929 0.597884
v 0.264738 -0.135127 0.599279
v 0.227357 -0.338556 0.612290
v 0.244943 -0.256364 0.605761
v 0.483740 -0.341746 0.987515
v 0.437258 -0.355023 0.913925
v 0.388738 -0.366655 0.838882
v 0.583706 -0.233184 1.087847
v 0.559665 -0.300742 1.090355
v 0.603426 -0.228440 1.113844
v 0.579937 -0.292042 1.115039
v 0.617339 -0.224052 1.128994
v 0.594256 -0.282095 1.127729
v 0.133518 -0.034910 0.314616
v 0.123905 -0.033526 0.290037
v 0.118669 -0.032370 0.275026
v 0.133147 -0.105374 0.317864
v 0.123872 -0.100426 0.292855
v 0.118731 -0.095936 0.277228
v 0.250980 -0.345826 0.651421
v 0.278074 -0.350978 0.685206
v 0.311021 -0.353257 0.722922
v 0.272603 -0.262413 0.647453
v 0.302641 -0.266357 0.683264
v 0.337407 -0.267987 0.722253
v 0.423844 -0.261894 0.838145
v 0.396630 -0.344400 0.838778
v 0.471598 -0.254710 0.912111
v 0.444989 -0.333764 0.913604
v 0.516911 -0.246625 0.984579
v 0.491217 -0.321650 0.986964
v 0.608727 -0.127141 1.083007
v 0.628156 -0.125808 1.110321
v 0.642161 -0.124955 1.127689
v 0.615200 -0.042731 1.079728
v 0.634741 -0.042431 1.107429
v 0.649101 -0.042297 1.125526
v 0.121221 -0.227574 0.299884
v 0.127894 -0.249877 0.319076
v 0.136847 -0.271308 0.346435
v 0.119530 -0.178145 0.288162
v 0.125543 -0.189385 0.305691
v 0.134621 -0.203076 0.332089
v 0.237266 -0.043123 0.539689
v 0.203796 -0.040961 0.473657
v 0.173736 -0.038708 0.408642
v 0.232048 -0.129997 0.541821
v 0.200124 -0.123843 0.476422
v 0.171509 -0.117295 0.411859
v 0.375455 -0.047097 0.721888
v 0.338441 -0.046864 0.681440
v 0.304518 -0.046168 0.642973
v 0.366340 -0.141588 0.721723
v 0.329756 -0.140833 0.681526
v 0.296663 -0.138735 0.643630
v 0.164727 -0.306312 0.438829
v 0.183627 -0.319212 0.499665
v 0.204825 -0.329779 0.560234
v 0.167492 -0.228124 0.425410
v 0.191091 -0.238981 0.488101
v 0.217486 -0.248474 0.551049
v 0.453153 -0.138781 0.836903
v 0.499883 -0.135660 0.909396
v 0.543875 -0.132259 0.980383
v 0.461853 -0.046194 0.836214
v 0.507887 -0.045224 0.907769
v 0.551134 -0.044180 0.977826
v 0.095185 0.218339 0.302739
v 0.322809 0.367366 0.787062
v 0.502529 0.320782 1.061359
v 0.582459 0.273861 1.150260
v 0.124873 0.309401 0.397770
v 0.200503 0.354959 0.626339
v 0.113366 0.288894 0.358928
v 0.104886 0.271272 0.336336
v 0.098936 0.239674 0.314896
v 0.569345 0.289116 1.143357
v 0.553594 0.300553 1.129604
v 0.532295 0.310307 1.103933
v 0.090925 0.091303 0.272913
v 0.090925 0.031306 0.271582
v 0.093809 0.202477 0.297886
v 0.091437 0.167313 0.285565
v 0.091980 0.153056 0.279667
v 0.618889 0.193747 1.157944
v 0.607667 0.225192 1.156758
v 0.588833 0.263065 1.152257
v 0.642199 0.041265 1.156345
v 0.635112 0.121291 1.157745
v 0.178051 0.346965 0.572680
v 0.157631 0.337496 0.511502
v 0.139739 0.325369 0.450600
v 0.284409 0.369906 0.738998
v 0.252276 0.367694 0.702067
v 0.224834 0.362216 0.667452
v 0.462661 0.333592 0.999469
v 0.416212 0.347187 0.926151
v 0.367992 0.359226 0.851862
v 0.575800 0.217738 1.114880
v 0.549841 0.288273 1.116462
v 0.606717 0.195669 1.145649
v 0.595348 0.229121 1.145527
v 0.575965 0.274642 1.144019
v 0.104766 0.050985 0.311967
v 0.094321 0.048233 0.283177
v 0.104659 0.119424 0.316014
v 0.094444 0.110634 0.286332
v 0.238886 0.340565 0.673537
v 0.311366 0.345736 0.762969
v 0.263280 0.249585 0.670042
v 0.340800 0.253437 0.762778
v 0.429434 0.244044 0.888139
v 0.399912 0.331541 0.888847
v 0.517548 0.228919 1.027506
v 0.489933 0.307768 1.029864
v 0.594433 0.142562 1.112172
v 0.622798 0.121705 1.144095
v 0.603059 0.062127 1.109026
v 0.629495 0.041290 1.141927
v 0.098091 0.225668 0.310666
v 0.108403 0.259412 0.341579
v 0.095454 0.169123 0.295551
v 0.105867 0.188879 0.326299
v 0.196964 0.062031 0.518754
v 0.137928 0.055903 0.391776
v 0.191483 0.145847 0.521860
v 0.136035 0.132310 0.396032
v 0.374576 0.069119 0.763016
v 0.291920 0.068040 0.667058
v 0.362952 0.161278 0.762799
v 0.281872 0.158785 0.667782
v 0.132657 0.296421 0.420358
v 0.170832 0.320231 0.539346
v 0.134167 0.212725 0.406026
v 0.182310 0.232038 0.529061
v 0.451176 0.155979 0.887177
v 0.537388 0.147898 1.024611
v 0.461991 0.067026 0.886137
v 0.546622 0.063967 1.021694
v 0.119232 0.220760 0.290814
v 0.342807 0.374289 0.772673
v 0.523396 0.329123 1.049159
v 0.599941 0.281038 1.133039
v 0.149146 0.310897 0.389868
v 0.222243 0.360825 0.614100
v 0.137507 0.289999 0.350570
v 0.128690 0.272512 0.327063
v 0.122010 0.241607 0.303980
v 0.587619 0.296698 1.127109
v 0.573128 0.308687 1.115218
v 0.552670 0.318655 1.090922
v 0.587823 0.043300 1.037383
v 0.581134 0.129243 1.040565
v 0.416664 0.046872 0.772038
v 0.407541 0.140924 0.772059
v 0.115447 0.091731 0.265686
v 0.115411 0.031369 0.264222
v 0.118028 0.204809 0.286269
v 0.116851 0.177553 0.278186
v 0.116019 0.154368 0.271028
v 0.350690 0.351393 0.772654
v 0.377910 0.266670 0.772417
v 0.530607 0.310169 1.048489
v 0.555372 0.239085 1.045634
v 0.637059 0.199157 1.140781
v 0.620936 0.240586 1.138426
v 0.606344 0.270108 1.135010
v 0.661363 0.042253 1.139441
v 0.653984 0.124421 1.140772
v 0.201144 0.351900 0.562809
v 0.181458 0.341148 0.502937
v 0.163930 0.327769 0.442656
v 0.148945 0.290472 0.385730
v 0.148298 0.216107 0.371314
v 0.149701 0.036626 0.353426
v 0.148622 0.110979 0.356824
v 0.303390 0.376317 0.723092
v 0.270975 0.373860 0.685753
v 0.244712 0.368383 0.652524
v 0.271407 0.044929 0.597884
v 0.264738 0.135127 0.599279
v 0.227357 0.338556 0.612290
v 0.244943 0.256364 0.605761
v 0.483740 0.341746 0.987515
v 0.437258 0.355023 0.913925
v 0.388738 0.366655 0.838882
v 0.583706 0.233184 1.087847
v 0.559665 0.300742 1.090355
v 0.603426 0.228440 1.113844
v 0.579937 0.292042 1.115039
v 0.617339 0.224052 1.128994
v 0.594256 0.282095 1.127729
v 0.133518 0.034911 0.314616
v 0.123905 0.033527 0.290037
v 0.118669 0.032370 0.275026
v 0.133147 0.105374 0.317864
v 0.123872 0.100426 0.292855
v 0.118731 0.095936 0.277228
v 0.250980 0.345826 0.651421
v 0.278074 0.350978 0.685206
v 0.311021 0.353257 0.722922
v 0.272604 0.262413 0.647453
v 0.302641 0.266357 0.683264
v 0.337407 0.267987 0.722253
v 0.423844 0.261894 0.838145
v 0.396630 0.344400 0.838778
v 0.471598 0.254710 0.912111
v 0.444989 0.333764 0.913604
v 0.516911 0.246625 0.984579
v 0.491217 0.321650 0.986964
v 0.608727 0.127141 1.083007
v 0.628156 0.125809 1.110321
v 0.642161 0.124955 1.127689
v 0.615200 0.042731 1.079728
v 0.634741 0.042431 1.107429
v 0.649101 0.042297 1.125526
v 0.121221 0.227574 0.299884
v 0.127894 0.249877 0.319076
v 0.136847 0.271308 0.346435
v 0.119474 0.175565 0.287644
v 0.125543 0.189385 0.305691
v 0.134621 0.203076 0.332089
v 0.237266 0.043123 0.539689
v 0.203796 0.040961 0.473657
v 0.173736 0.038708 0.408642
v 0.232048 0.129997 0.541821
v 0.200124 0.123843 0.476422
v 0.171509 0.117295 0.411859
v 0.375455 0.047097 0.721888
v 0.338441 0.046864 0.681440
v 0.304518 0.046168 0.642973
v 0.366340 0.141588 0.721723
v 0.329756 0.140833 0.681526
v 0.296663 0.138735 0.643630
v 0.164727 0.306312 0.438829
v 0.183627 0.319212 0.499665
v 0.204825 0.329779 0.560234
v 0.167492 0.228124 0.425410
v 0.191091 0.238981 0.488101
v 0.217486 0.248474 0.551049
v 0.453153 0.138781 0.836903
v 0.499883 0.135660 0.909396
v 0.543875 0.132259 0.980383
v 0.461853 0.046194 0.836214
v 0.507887 0.045224 0.907769
v 0.551134 0.044180 0.977826
v -0.457844 0.248951 0.589616
v -0.495571 -0.004285 0.512366
v -0.333008 0.257385 0.592430
v 0.054099 0.274960 0.471893
v -0.370783 -0.005561 0.506237
v 0.008436 0.003208 0.370157
v -0.485953 0.154131 0.534588
v -0.363254 0.135459 0.517236
v 0.007772 0.168055 0.388794
v -0.469293 0.283424 0.558756
v -0.518346 0.000074 0.459262
v -0.505791 0.190629 0.484706
v -0.067426 0.272223 0.530329
v -0.124687 0.005480 0.432515
v -0.114007 0.146911 0.448104
v -0.461078 -0.249577 0.591751
v -0.331693 -0.260673 0.598112
v 0.054028 -0.274756 0.471815
v -0.487307 -0.153962 0.534596
v -0.360895 -0.137620 0.525556
v 0.006538 -0.175535 0.393019
v -0.469019 -0.283228 0.559140
v -0.506903 -0.191537 0.483742
v -0.066892 -0.272141 0.527982
v -0.115092 -0.150663 0.445648
v -0.473339 0.214019 0.565751
v -0.419670 0.253000 0.600359
v 0.021476 0.276891 0.497594
v -0.453564 -0.007563 0.520164
v -0.250070 -0.000933 0.470541
v -0.344861 0.202557 0.567143
v 0.043092 0.233078 0.438828
v -0.493778 0.080050 0.518134
v -0.367384 0.066865 0.514400
v 0.011540 0.081194 0.374669
v -0.239652 0.140438 0.484563
v -0.443656 0.142862 0.531811
v -0.489358 0.255367 0.523861
v -0.434633 0.296553 0.559595
v -0.482302 0.000016 0.437244
v -0.515513 0.100206 0.465950
v -0.472829 0.204130 0.459632
v -0.201342 0.263778 0.564391
v -0.037430 0.007332 0.399073
v -0.031609 0.161492 0.407069
v -0.122058 0.071866 0.440961
v -0.088072 0.214560 0.495834
v -0.472388 -0.216557 0.568465
v -0.421141 -0.255388 0.604717
v 0.021073 -0.276657 0.497337
v -0.344728 -0.196716 0.567398
v 0.034595 -0.232620 0.434302
v -0.496678 -0.075468 0.519082
v -0.369494 -0.064898 0.513015
v 0.010415 -0.082971 0.374547
v -0.237268 -0.140066 0.492219
v -0.443470 -0.143299 0.537582
v -0.488949 -0.255834 0.524622
v -0.434428 -0.296873 0.560233
v -0.516172 -0.099267 0.464527
v -0.471536 -0.204085 0.460161
v -0.200099 -0.266532 0.568072
v -0.032255 -0.168945 0.408674
v -0.120498 -0.073718 0.443746
v -0.083884 -0.213787 0.494186
v -0.433118 0.204478 0.578405
v 0.003533 0.224369 0.463519
v -0.034731 0.069154 0.402459
v -0.453192 0.069780 0.525797
v -0.454725 0.269811 0.507627
v -0.480669 0.105500 0.441187
v -0.247867 0.068409 0.478411
v -0.217198 0.207057 0.532698
v -0.436422 -0.206150 0.572675
v 0.001080 -0.223165 0.454041
v -0.033057 -0.078028 0.404034
v -0.453409 -0.062405 0.527899
v -0.453864 -0.269817 0.508592
v -0.480336 -0.105415 0.441189
v -0.246237 -0.071515 0.482366
v -0.216523 -0.202696 0.534722
v -0.469198 0.273795 0.583758
v -0.528948 -0.000359 0.489696
v -0.333547 0.302073 0.592766
v 0.062954 0.303949 0.461951
v 0.025787 0.001062 0.328167
v -0.517475 0.173842 0.513667
v 0.033941 0.181543 0.360868
v -0.064797 0.320392 0.532091
v -0.470252 -0.274262 0.584561
v -0.333441 -0.301864 0.592900
v 0.062937 -0.303838 0.461983
v -0.517114 -0.173329 0.514319
v 0.034913 -0.185443 0.363045
v -0.064796 -0.320143 0.532083
v -0.498091 0.236398 0.549536
v -0.421417 0.292295 0.599566
v 0.026346 0.322122 0.500782
v 0.059005 0.256831 0.408695
v -0.524575 0.090556 0.495033
v 0.028823 0.095153 0.333517
v -0.200432 0.311280 0.565626
v -0.499332 -0.235992 0.549613
v -0.421774 -0.292838 0.600517
v 0.026338 -0.321962 0.500816
v 0.055580 -0.254682 0.409432
v -0.527097 -0.090563 0.495521
v 0.027837 -0.094207 0.334091
v -0.200396 -0.311196 0.565663
v -0.482942 0.185619 0.551248
v -0.465816 0.235804 0.582100
v -0.444852 0.250957 0.596336
v -0.382501 0.255092 0.598490
v -0.015717 0.275390 0.512875
v 0.044478 0.276772 0.483582
v -0.418676 -0.007083 0.517397
v -0.478093 -0.006948 0.517756
v -0.185468 0.003063 0.449487
v -0.313604 -0.004476 0.487970
v -0.352859 0.162138 0.546689
v -0.335990 0.232642 0.586452
v 0.028223 0.196510 0.412280
v 0.051569 0.258619 0.458769
v -0.494304 0.041593 0.513879
v -0.491328 0.119003 0.524908
v -0.369809 0.039586 0.505139
v -0.366341 0.118004 0.517228
v -0.002804 0.042594 0.365187
v 0.009543 0.136302 0.383841
v -0.175754 0.142555 0.468065
v -0.304881 0.138590 0.501900
v -0.411501 0.139079 0.528206
v -0.467178 0.147972 0.535251
v -0.498880 0.228029 0.502776
v -0.478781 0.274056 0.544620
v -0.457793 0.290138 0.560458
v -0.399351 0.300976 0.555054
v -0.448356 -0.000050 0.424789
v -0.505168 0.000006 0.448172
v -0.388236 0.229612 0.444377
v -0.367108 0.284572 0.503265
v 0.010672 0.222714 0.348693
v 0.031072 0.287661 0.403716
v -0.516936 0.049960 0.461083
v -0.512919 0.147624 0.471243
v -0.399302 0.134374 0.417054
v -0.003810 0.131329 0.313591
v -0.438922 0.208258 0.446955
v -0.495068 0.197890 0.472079
v -0.270657 0.260162 0.580472
v -0.131527 0.268244 0.547059
v -0.009836 0.005279 0.385164
v -0.074968 0.009388 0.414576
v -0.008164 0.165584 0.397599
v -0.063180 0.154945 0.422652
v -0.125111 0.033427 0.431400
v -0.118695 0.118051 0.445962
v -0.100678 0.176510 0.473045
v -0.076252 0.245043 0.516475
v -0.484257 -0.183894 0.551438
v -0.467840 -0.233020 0.579670
v -0.447102 -0.252185 0.599425
v -0.382589 -0.258346 0.605254
v -0.016508 -0.274820 0.511694
v 0.044409 -0.276592 0.483522
v -0.353598 -0.156244 0.545064
v -0.335342 -0.234194 0.592830
v 0.018618 -0.200976 0.410123
v 0.051874 -0.258381 0.458390
v -0.489074 -0.039188 0.509990
v -0.494413 -0.119752 0.526912
v -0.371376 -0.034760 0.502979
v -0.364985 -0.115745 0.523336
v 0.001434 -0.044654 0.368235
v 0.015287 -0.129100 0.384105
v -0.174059 -0.141359 0.467494
v -0.304291 -0.139426 0.509417
v -0.409673 -0.140151 0.533227
v -0.469212 -0.147581 0.538483
v -0.498711 -0.227762 0.502556
v -0.478246 -0.273987 0.545311
v -0.457650 -0.290415 0.560999
v -0.399055 -0.301296 0.555658
v -0.386573 -0.229310 0.445654
v -0.366449 -0.284762 0.503717
v 0.010396 -0.222671 0.349098
v 0.031065 -0.287638 0.403769
v -0.517763 -0.049675 0.460805
v -0.512696 -0.147903 0.471148
v -0.401686 0.001721 0.412544
v -0.398497 -0.134111 0.417921
v -0.007881 0.001735 0.304224
v -0.003806 -0.131164 0.313697
v -0.437416 -0.208203 0.447424
v -0.494226 -0.198375 0.471977
v -0.269542 -0.263187 0.584698
v -0.129805 -0.269838 0.548648
v -0.010659 -0.173533 0.400941
v -0.059632 -0.160797 0.420562
v -0.124560 -0.036072 0.434668
v -0.120023 -0.124809 0.447035
v -0.098475 -0.175531 0.468761
v -0.072867 -0.245352 0.516117
v -0.442341 0.166775 0.563071
v -0.394155 0.202436 0.577037
v -0.424957 0.230761 0.596229
v -0.458251 0.207977 0.572366
v -0.015016 0.179597 0.428532
v 0.027434 0.228497 0.450613
v 0.012847 0.251019 0.482215
v -0.034696 0.219636 0.479168
v -0.040422 0.039937 0.392134
v -0.006832 0.074878 0.389034
v -0.032057 0.133646 0.408674
v -0.072158 0.067136 0.418849
v -0.453637 0.044331 0.519369
v -0.417355 0.066118 0.524458
v -0.448112 0.121179 0.529913
v -0.477233 0.075149 0.523187
v -0.477131 0.263064 0.516029
v -0.444079 0.287821 0.535330
v -0.420316 0.274380 0.497916
v -0.464701 0.241297 0.481277
v -0.503317 0.102629 0.453073
v -0.477984 0.157982 0.446651
v -0.446757 0.107510 0.428397
v -0.481694 0.052212 0.439254
v -0.251058 0.036677 0.468890
v -0.184247 0.072076 0.458034
v -0.243784 0.113978 0.483624
v -0.311793 0.065971 0.496045
v -0.228311 0.170587 0.511761
v -0.150174 0.210779 0.514839
v -0.207240 0.237610 0.552587
v -0.283817 0.202838 0.552174
v -0.458494 -0.212280 0.571460
v -0.427867 -0.232402 0.597239
v -0.397919 -0.199624 0.569762
v -0.443286 -0.163353 0.561008
v -0.036645 -0.219360 0.475770
v 0.013982 -0.251165 0.484659
v 0.021496 -0.228492 0.442217
v -0.019315 -0.186389 0.421074
v -0.067737 -0.075939 0.421530
v -0.032518 -0.136994 0.413917
v -0.006923 -0.079887 0.389300
v -0.034182 -0.038937 0.395264
v -0.479992 -0.067511 0.524949
v -0.449005 -0.121480 0.537617
v -0.417137 -0.063183 0.522503
v -0.453527 -0.036787 0.513583
v -0.463417 -0.241259 0.481947
v -0.419187 -0.274420 0.498736
v -0.443654 -0.288073 0.536143
v -0.476405 -0.263107 0.516945
v -0.481881 -0.052092 0.438815
v -0.446378 -0.107530 0.428166
v -0.476995 -0.157943 0.446922
v -0.503153 -0.102552 0.452920
v -0.310889 -0.068013 0.499301
v -0.242399 -0.114824 0.486294
v -0.181518 -0.073421 0.462536
v -0.250886 -0.035028 0.469295
v -0.283866 -0.199634 0.552477
v -0.205762 -0.238844 0.558652
v -0.147603 -0.207292 0.514547
v -0.228243 -0.168186 0.512087
v -0.469166 0.275358 0.580707
v -0.497598 0.238189 0.546527
v -0.486047 0.257897 0.567932
v -0.467331 0.270986 0.584414
v -0.495588 0.234305 0.551006
v -0.515052 0.171715 0.515895
v -0.509792 0.207965 0.530277
v -0.516194 0.175859 0.510398
v -0.334587 0.302844 0.589306
v -0.421948 0.293268 0.596240
v -0.383907 0.297736 0.599314
v -0.332963 0.298456 0.592976
v -0.420330 0.288988 0.599791
v -0.449172 0.284929 0.594622
v 0.060510 0.305134 0.459656
v 0.050888 0.316242 0.483137
v 0.062165 0.301014 0.463520
v 0.026141 0.318607 0.501326
v -0.064553 0.316724 0.532336
v -0.012294 0.322910 0.516503
v 0.031867 0.183319 0.358760
v 0.056350 0.258577 0.406919
v 0.048743 0.222399 0.381857
v 0.031208 0.179512 0.364106
v 0.057960 0.254591 0.411342
v 0.064555 0.284073 0.436459
v -0.523577 0.091541 0.492085
v -0.523398 0.133104 0.502799
v -0.521726 0.089433 0.497226
v -0.525722 -0.000513 0.491869
v -0.528229 0.045538 0.491313
v -0.528261 -0.000286 0.486446
v 0.023259 0.001045 0.325749
v 0.026198 0.096135 0.331279
v 0.023708 0.047021 0.330713
v 0.024715 0.001145 0.331649
v 0.027777 0.094189 0.336909
v 0.031070 0.142903 0.345042
v -0.129484 0.316234 0.548820
v -0.200073 0.307556 0.565837
v -0.270719 0.306445 0.580920
v -0.516575 -0.175068 0.511135
v -0.498705 -0.238135 0.546614
v -0.509254 -0.207525 0.530499
v -0.514439 -0.171589 0.516300
v -0.497226 -0.233391 0.551291
v -0.468673 -0.271295 0.585608
v -0.486378 -0.257966 0.568562
v -0.469929 -0.275972 0.581304
v -0.422408 -0.294032 0.597190
v -0.449433 -0.285253 0.595239
v -0.420793 -0.289665 0.601140
v -0.332752 -0.298380 0.593454
v -0.384018 -0.297624 0.599611
v -0.334504 -0.303036 0.589650
v -0.012297 -0.322730 0.516530
v -0.064551 -0.316381 0.532276
v 0.026100 -0.318410 0.501325
v 0.062128 -0.300863 0.463538
v 0.050875 -0.316113 0.483189
v 0.060530 -0.305099 0.459677
v 0.053347 -0.256625 0.407617
v 0.064496 -0.283961 0.436490
v 0.054000 -0.252306 0.411844
v 0.032153 -0.184394 0.366648
v 0.043884 -0.221965 0.383786
v 0.032809 -0.186928 0.360850
v -0.526457 -0.091304 0.492424
v -0.526627 -0.045264 0.491708
v -0.524524 -0.089632 0.497669
v -0.523593 -0.133472 0.502652
v 0.025468 -0.095268 0.331705
v 0.032977 -0.141115 0.343370
v 0.026685 -0.093142 0.337496
v 0.024724 -0.049887 0.330578
v -0.270729 -0.305930 0.580762
v -0.199955 -0.307611 0.566130
v -0.129538 -0.315558 0.548706
v -0.460836 0.257180 0.587708
v -0.417778 0.269706 0.600229
v -0.494313 0.247779 0.532428
v -0.468919 0.281248 0.566819
v -0.482861 0.222242 0.559749
v -0.427836 0.297229 0.577314
v -0.508746 -0.001974 0.503566
v -0.509299 -0.082662 0.510406
v -0.506413 0.084307 0.510166
v -0.523604 0.000195 0.470703
v -0.521781 -0.095704 0.476345
v -0.519790 0.096762 0.477722
v -0.332234 0.275959 0.592904
v -0.199646 0.284187 0.566059
v -0.346716 0.304299 0.557278
v 0.057879 0.285095 0.469663
v 0.051666 0.241516 0.426427
v 0.043289 0.310411 0.441298
v 0.023654 0.297048 0.501423
v 0.019396 -0.087534 0.358747
v 0.017582 0.002065 0.353464
v 0.020850 0.087068 0.358394
v -0.500384 0.161276 0.527911
v -0.510472 0.184489 0.495870
v 0.017092 0.171203 0.379398
v -0.064766 0.293213 0.532622
v -0.463575 -0.257361 0.589437
v -0.419083 -0.271477 0.603778
v -0.484388 -0.221755 0.561480
v -0.468970 -0.281309 0.567206
v -0.427781 -0.297598 0.577911
v -0.494417 -0.248107 0.533087
v -0.330766 -0.278566 0.596264
v -0.199121 -0.285787 0.568275
v -0.346630 -0.304582 0.557643
v 0.057788 -0.284898 0.469600
v 0.044193 -0.240044 0.424712
v 0.024155 -0.296389 0.501555
v 0.043317 -0.310419 0.441334
v -0.499820 -0.161862 0.527232
v -0.512196 -0.184367 0.495316
v 0.016524 -0.178624 0.383291
v -0.064712 -0.292882 0.531824
v -0.466938 0.176987 0.558142
v -0.403708 0.161644 0.559845
v -0.386073 0.231451 0.594492
v -0.451149 0.231700 0.589244
v -0.049417 0.174604 0.445240
v 0.010710 0.187803 0.420157
v 0.037302 0.253848 0.469835
v -0.023856 0.248382 0.497888
v -0.075907 0.037029 0.408560
v -0.016468 0.041552 0.376435
v -0.007082 0.135424 0.395805
v -0.067568 0.127512 0.425268
v -0.476836 0.043254 0.517790
v -0.417896 0.041851 0.518302
v -0.415271 0.120371 0.527356
v -0.472835 0.117669 0.530582
v -0.487116 0.234903 0.492403
v -0.466662 0.281417 0.540225
v -0.409335 0.292229 0.528232
v -0.430597 0.246010 0.469539
v -0.110236 0.230514 0.368193
v -0.082708 0.295922 0.429231
v -0.002661 0.295107 0.407509
v -0.027572 0.229776 0.347973
v -0.126010 0.136484 0.332538
v -0.042932 0.135848 0.312117
v -0.504313 0.051265 0.450043
v -0.500399 0.153209 0.459083
v -0.444185 0.161312 0.433359
v -0.447622 0.052870 0.427447
v -0.518066 0.142153 0.483273
v -0.452536 0.290659 0.574921
v -0.474657 0.242682 0.575559
v 0.019545 0.138434 0.369754
v -0.482885 0.267806 0.551687
v -0.285093 0.308225 0.544345
v -0.381956 0.272654 0.599141
v -0.502464 -0.041044 0.505076
v -0.181058 0.315092 0.519308
v 0.044273 0.280934 0.409660
v 0.047259 0.293818 0.486618
v -0.445370 -0.266187 0.598766
v 0.019739 0.320960 0.459518
v 0.011624 0.126541 0.322713
v 0.038154 0.206612 0.401560
v 0.012188 -0.047155 0.356252
v -0.523011 -0.048018 0.472309
v -0.494689 0.193708 0.543319
v -0.504134 0.220351 0.512996
v -0.269362 0.279920 0.581078
v 0.025252 0.215061 0.356713
v 0.007526 0.001650 0.313565
v 0.008028 0.043571 0.354235
v -0.128933 0.288722 0.549081
v -0.391751 0.301722 0.574824
v -0.012929 0.296217 0.516319
v -0.056525 0.322475 0.486206
v 0.058347 0.267528 0.449608
v -0.341788 0.133450 0.399701
v -0.244867 0.133756 0.370320
v -0.329483 0.228486 0.429695
v -0.306896 0.285595 0.489742
v -0.205305 0.289445 0.463903
v -0.230418 0.225691 0.405187
v -0.313547 0.039752 0.486406
v -0.187483 0.034310 0.448392
v -0.180627 0.115236 0.465751
v -0.308466 0.114189 0.501432
v -0.293928 0.165263 0.528583
v -0.162544 0.173879 0.493866
v -0.139453 0.241314 0.534503
v -0.274758 0.234567 0.571192
v -0.468633 -0.174119 0.558531
v -0.454053 -0.231701 0.590014
v -0.387839 -0.233298 0.599548
v -0.404787 -0.156481 0.555814
v -0.048489 -0.177765 0.437618
v -0.023752 -0.248342 0.499120
v 0.038676 -0.253731 0.470678
v 0.002255 -0.194291 0.415415
v -0.071210 -0.039646 0.416143
v -0.065685 -0.131022 0.427483
v -0.003921 -0.131242 0.399948
v -0.012458 -0.041087 0.379292
v -0.474242 -0.038069 0.512507
v -0.476330 -0.118610 0.534383
v -0.413699 -0.121221 0.533905
v -0.420155 -0.036607 0.511667
v -0.486003 -0.235064 0.492389
v -0.429113 -0.246007 0.470166
v -0.408690 -0.292528 0.529122
v -0.466252 -0.281510 0.541057
v -0.109937 -0.230033 0.369044
v -0.027549 -0.229559 0.348419
v -0.002613 -0.295145 0.407620
v -0.082628 -0.295990 0.429450
v -0.129750 0.001857 0.323395
v -0.046902 0.001804 0.302760
v -0.042890 -0.135645 0.312461
v -0.125710 -0.136157 0.333134
v -0.504754 -0.051184 0.449713
v -0.447956 -0.052869 0.426309
v -0.442941 -0.161228 0.433842
v -0.499799 -0.153238 0.459142
v -0.518286 -0.142247 0.483174
v -0.494523 -0.193381 0.543011
v -0.268816 -0.281813 0.584135
v -0.452180 -0.290916 0.575535
v -0.474956 -0.241078 0.575347
v -0.482392 -0.268002 0.552539
v 0.058065 -0.267163 0.449317
v -0.285037 -0.308455 0.544581
v -0.180996 -0.315266 0.519489
v -0.013360 -0.295652 0.516205
v -0.506757 -0.124547 0.517172
v 0.043929 -0.280661 0.409748
v 0.047331 -0.293599 0.486490
v 0.019790 -0.320992 0.459575
v -0.128502 -0.289848 0.550479
v 0.011721 -0.126148 0.322677
v -0.509378 0.043261 0.506471
v -0.522570 0.048375 0.472511
v 0.024387 -0.132937 0.367986
v -0.504228 -0.219975 0.512826
v 0.029324 -0.208881 0.401715
v 0.024380 -0.215373 0.357683
v -0.504374 0.122502 0.516975
v -0.381404 -0.275664 0.603608
v -0.391636 -0.302045 0.575340
v -0.056463 -0.322572 0.486302
v -0.344533 0.001825 0.393517
v -0.248345 0.001747 0.361556
v -0.244658 -0.133529 0.370895
v -0.341114 -0.133037 0.401197
v -0.328673 -0.228602 0.429782
v -0.230243 -0.225444 0.405751
v -0.205327 -0.289680 0.463847
v -0.306572 -0.285793 0.490065
v -0.315303 -0.034955 0.486750
v -0.307828 -0.115586 0.505731
v -0.179440 -0.123094 0.463943
v -0.185623 -0.035841 0.451327
v -0.294612 -0.162715 0.527704
v -0.273745 -0.235880 0.577875
v -0.135097 -0.241837 0.538704
v -0.161683 -0.172755 0.491839
v -0.485449 0.259782 0.564880
v -0.483961 0.255185 0.569111
v -0.507421 0.205580 0.532172
v -0.508756 0.210077 0.527204
v -0.384723 0.298573 0.595865
v -0.383242 0.294149 0.599480
v -0.447612 0.281785 0.595017
v -0.449452 0.286254 0.591373
v 0.036607 0.319976 0.489042
v 0.050272 0.312960 0.484151
v -0.012237 0.319289 0.516822
v -0.040061 0.322275 0.520918
v 0.046199 0.224249 0.380038
v 0.047300 0.220268 0.384865
v 0.063614 0.281510 0.438614
v 0.061957 0.285581 0.434505
v -0.522578 0.134550 0.499547
v -0.520539 0.131448 0.505025
v -0.525408 0.045107 0.493576
v -0.527470 0.045994 0.488175
v 0.021479 0.047564 0.328197
v 0.021790 0.046379 0.334510
v 0.029425 0.142196 0.348719
v 0.028628 0.144186 0.342786
v -0.166222 0.314480 0.553755
v -0.129141 0.312528 0.549060
v -0.270384 0.302664 0.581095
v -0.271835 0.307294 0.577486
v -0.508752 -0.209650 0.527462
v -0.506803 -0.205239 0.532329
v -0.484294 -0.255022 0.569794
v -0.485845 -0.260073 0.565461
v -0.449660 -0.286754 0.591839
v -0.448036 -0.282192 0.595968
v -0.383394 -0.294472 0.600187
v -0.384765 -0.298764 0.596332
v -0.040026 -0.322273 0.521019
v -0.012267 -0.319047 0.516802
v 0.050282 -0.312835 0.484164
v 0.036634 -0.319941 0.489095
v 0.061967 -0.285544 0.434513
v 0.063514 -0.281332 0.438618
v 0.041724 -0.220046 0.386753
v 0.041790 -0.223808 0.381838
v -0.526312 -0.045715 0.488476
v -0.523057 -0.044606 0.494059
v -0.521143 -0.132016 0.504897
v -0.522886 -0.134857 0.499428
v 0.030397 -0.142399 0.341253
v 0.031757 -0.139948 0.346822
v 0.023487 -0.049605 0.333837
v 0.022539 -0.050303 0.328057
v -0.271820 -0.307205 0.577727
v -0.270245 -0.302601 0.581196
v -0.129300 -0.311999 0.549015
v -0.166176 -0.314425 0.553902
v -0.443842 0.265121 0.596425
v -0.000024 0.000000 0.232380
v 0.069013 -0.023047 0.245594
v 0.068999 0.023094 0.245598
v 0.043074 -0.060375 0.253467
v 0.001035 -0.074643 0.266010
v -0.041074 -0.060403 0.278347
v -0.067195 -0.023094 0.285683
v -0.067210 0.023048 0.285687
v -0.041112 0.060374 0.278358
v 0.000988 0.074643 0.266023
v 0.043036 0.060404 0.253478
v 0.051823 0.016637 0.248338
v 0.033112 0.010865 0.236688
v 0.042218 0.013352 0.246391
v 0.033118 -0.010847 0.236686
v 0.051832 -0.016608 0.248335
v 0.042225 -0.013329 0.246389
v -0.027933 0.043589 0.271259
v -0.018779 0.028444 0.252144
v -0.022166 0.035034 0.264056
v 0.001087 0.035200 0.246483
v 0.002562 0.053913 0.262641
v 0.002425 0.043342 0.257408
v -0.027910 -0.043606 0.271252
v -0.018764 -0.028455 0.252139
v -0.022147 -0.035048 0.264051
v -0.031097 -0.010814 0.255535
v -0.046824 -0.016618 0.276448
v -0.037396 -0.013332 0.268096
v 0.020930 -0.028474 0.240551
v 0.033078 -0.043600 0.253869
v 0.027054 -0.035045 0.250658
v 0.020915 0.028485 0.240555
v 0.033054 0.043618 0.253876
v 0.027035 0.035059 0.250663
v -0.031103 0.010796 0.255537
v -0.046833 0.016590 0.276451
v -0.037403 0.013309 0.268098
v 0.001105 -0.035200 0.246478
v 0.002591 -0.053913 0.262633
v 0.002448 -0.043342 0.257402
v 0.072439 0.000032 0.244313
v 0.058894 -0.043857 0.248744
v 0.023151 -0.070983 0.259463
v -0.021097 -0.070998 0.272511
v -0.056958 -0.043896 0.282887
v -0.070784 -0.000032 0.286459
v -0.056986 0.043857 0.282894
v -0.021142 0.070983 0.272524
v 0.023107 0.070998 0.259476
v 0.058866 0.043896 0.248752
v -0.013459 -0.051273 0.267168
v -0.010500 -0.041217 0.260907
v -0.009365 -0.033469 0.249435
v -0.039432 0.031641 0.274461
v -0.031440 0.025420 0.266539
v -0.026295 0.020634 0.254176
v 0.044465 0.031682 0.250516
v 0.036287 0.025456 0.248084
v 0.028369 0.020691 0.238290
v 0.018626 -0.051270 0.258051
v 0.015391 -0.041214 0.253871
v 0.011534 -0.033478 0.243378
v -0.049406 -0.000005 0.277049
v -0.039471 -0.000006 0.268580
v -0.032785 -0.000007 0.255913
v 0.018599 0.051279 0.258059
v 0.015368 0.041222 0.253877
v 0.011517 0.033484 0.243383
v 0.044482 -0.031657 0.250511
v 0.036301 -0.025436 0.248080
v 0.028380 -0.020675 0.238287
v -0.039415 -0.031665 0.274457
v -0.031426 -0.025440 0.266535
v -0.026284 -0.020649 0.254173
v -0.013486 0.051263 0.267176
v -0.010522 0.041209 0.260913
v -0.009382 0.033463 0.249439
v 0.054331 0.000004 0.247483
v 0.044193 0.000006 0.245775
v 0.034788 0.000008 0.236268
v 0.002023 -0.000000 0.269450
v 0.029134 0.000008 0.232340
v 0.027704 0.009018 0.232342
v 0.023570 -0.017132 0.232348
v 0.027709 -0.009002 0.232342
v 0.008994 -0.027728 0.232368
v 0.017121 -0.023584 0.232357
v -0.009026 -0.027733 0.232393
v -0.000016 -0.029157 0.232380
v -0.023608 -0.017145 0.232413
v -0.017155 -0.023594 0.232404
v -0.029181 -0.000008 0.232421
v -0.027752 -0.009018 0.232419
v -0.023617 0.017132 0.232413
v -0.027757 0.009002 0.232419
v -0.009042 0.027728 0.232393
v -0.017169 0.023584 0.232404
v 0.008979 0.027733 0.232368
v -0.000032 0.029157 0.232380
v 0.023560 0.017145 0.232348
v 0.017108 0.023594 0.232357
v 0.073506 0.000022 0.247959
v 0.070065 0.023084 0.249244
v 0.059960 -0.043847 0.252390
v 0.070080 -0.023038 0.249239
v 0.024222 -0.070974 0.263100
v 0.044145 -0.060366 0.257103
v -0.020024 -0.070989 0.276142
v 0.002106 -0.074634 0.269646
v -0.055885 -0.043887 0.286518
v -0.040001 -0.060394 0.281979
v -0.069711 -0.000023 0.290090
v -0.066122 -0.023085 0.289314
v -0.055913 0.043848 0.286526
v -0.066137 0.023039 0.289318
v -0.020069 0.070974 0.276155
v -0.040039 0.060365 0.281990
v 0.024178 0.070989 0.263113
v 0.002059 0.074634 0.269660
v 0.059933 0.043887 0.252398
v 0.044107 0.060395 0.257114
v -0.386227 0.491252 0.696373
v 0.227219 0.493744 0.658055
v -0.415659 0.351217 0.647252
v 0.214086 0.369739 0.590882
v -0.487583 0.251119 0.472432
v -0.504866 0.000000 0.429747
v 0.115245 0.000000 0.249504
v 0.233190 0.437307 0.653488
v -0.395506 0.430289 0.692748
v -0.386227 -0.491252 0.696373
v 0.227219 -0.493744 0.658055
v -0.415659 -0.351217 0.647252
v 0.214086 -0.369739 0.590882
v -0.487582 -0.251119 0.472432
v 0.233190 -0.437307 0.653488
v -0.395506 -0.430289 0.692748
v 0.233665 0.454927 0.655851
v 0.233207 0.470622 0.657127
v 0.231209 0.483674 0.657722
v -0.397078 0.409678 0.688677
v -0.400032 0.389004 0.681626
v -0.405451 0.369448 0.669680
v 0.173978 0.342683 0.453261
v 0.196004 0.357034 0.529336
v -0.432301 0.334129 0.608455
v -0.452331 0.315018 0.559966
v -0.471733 0.288984 0.512085
v 0.115545 0.080575 0.250507
v 0.117640 0.157578 0.257637
v -0.497643 0.199283 0.447354
v -0.502740 0.137742 0.434870
v -0.504600 0.070271 0.430380
v -0.323766 0.502548 0.692402
v -0.359043 0.501184 0.694623
v -0.377523 0.497733 0.695803
v 0.219268 0.499874 0.658579
v 0.201691 0.503105 0.659704
v 0.167303 0.504253 0.661870
v 0.023508 0.503996 0.670823
v -0.178787 0.503251 0.683376
v 0.224667 0.385077 0.625399
v 0.229712 0.401617 0.641264
v 0.232109 0.419092 0.649337
v -0.390703 0.480529 0.696601
v -0.393214 0.466525 0.696300
v -0.394510 0.449566 0.695124
v 0.233665 -0.454927 0.655851
v 0.233207 -0.470622 0.657127
v 0.231209 -0.483674 0.657722
v -0.397078 -0.409678 0.688677
v -0.400032 -0.389004 0.681626
v -0.405451 -0.369448 0.669679
v 0.173978 -0.342683 0.453261
v 0.196004 -0.357034 0.529336
v -0.432301 -0.334129 0.608455
v -0.452331 -0.315018 0.559966
v -0.471733 -0.288984 0.512085
v 0.115545 -0.080575 0.250507
v 0.117640 -0.157578 0.257637
v -0.497643 -0.199283 0.447354
v -0.502740 -0.137742 0.434870
v -0.504600 -0.070271 0.430380
v -0.323766 -0.502548 0.692402
v -0.359043 -0.501183 0.694623
v -0.377522 -0.497734 0.695803
v 0.219268 -0.499874 0.658579
v 0.201691 -0.503105 0.659704
v 0.167303 -0.504253 0.661870
v 0.023508 -0.503996 0.670823
v -0.178787 -0.503251 0.683376
v 0.224667 -0.385077 0.625399
v 0.229712 -0.401617 0.641264
v 0.232109 -0.419092 0.649337
v -0.390703 -0.480529 0.696601
v -0.393214 -0.466525 0.696300
v -0.394510 -0.449565 0.695124
v 0.147780 0.310084 0.362244
v 0.139600 0.292859 0.333744
v 0.131570 0.266791 0.305796
v 0.126696 0.242898 0.288871
v 0.139682 -0.292800 0.334034
v 0.148345 -0.310920 0.364218
v 0.126346 -0.240365 0.287657
v 0.131570 -0.266791 0.305796
v 0.157859 0.325716 0.397302
v 0.121831 0.207776 0.272037
v 0.158860 -0.326773 0.400790
v 0.121831 -0.207776 0.272037
vt 0.074752 0.714810
vt 0.057336 0.725144
vt 0.057336 0.714810
vt 0.640414 0.669705
vt 0.647103 0.680040
vt 0.640414 0.680040
vt 0.647103 0.659371
vt 0.647103 0.669705
vt 0.640414 0.649036
vt 0.640414 0.659371
vt 0.640414 0.638701
vt 0.647103 0.649036
vt 0.640414 0.628367
vt 0.647103 0.638701
vt 0.640414 0.618032
vt 0.647103 0.628367
vt 0.640414 0.607697
vt 0.647103 0.618032
vt 0.640414 0.597362
vt 0.647103 0.607697
vt 0.640414 0.587028
vt 0.647103 0.597362
vt 0.074752 0.642467
vt 0.057335 0.652801
vt 0.057335 0.642467
vt 0.844454 0.826577
vt 0.887741 0.825091
vt 0.892386 0.830777
vt 0.074752 0.632132
vt 0.057335 0.632132
vt 0.996797 0.190003
vt 0.995723 0.180464
vt 0.996797 0.180464
vt 0.074752 0.704475
vt 0.057336 0.704475
vt 0.074752 0.694140
vt 0.057336 0.694140
vt 0.057336 0.683806
vt 0.074752 0.673471
vt 0.057335 0.673471
vt 0.074752 0.663136
vt 0.057335 0.663136
vt 0.074752 0.725144
vt 0.057336 0.735479
vt 0.074752 0.652801
vt 0.589254 0.274167
vt 0.601096 0.271299
vt 0.598054 0.280543
vt 0.695219 0.638701
vt 0.121955 0.928914
vt 0.123441 0.885627
vt 0.127122 0.928915
vt 0.647103 0.587028
vt 0.695219 0.597362
vt 0.078064 0.949499
vt 0.034777 0.948013
vt 0.078064 0.944332
vt 0.695219 0.659371
vt 0.505621 0.976029
vt 0.462334 0.974547
vt 0.505621 0.970861
vt 0.695219 0.618032
vt 0.986113 0.764118
vt 0.996448 0.758951
vt 0.996448 0.764118
vt 0.695219 0.680040
vt 0.282861 0.928532
vt 0.287703 0.917394
vt 0.290816 0.927836
vt 0.077682 0.788593
vt 0.066544 0.783751
vt 0.076986 0.780638
vt 0.191499 0.885604
vt 0.186657 0.896742
vt 0.183544 0.886300
vt 0.505222 0.815122
vt 0.494084 0.810282
vt 0.504525 0.807167
vt 0.269662 0.829695
vt 0.274503 0.818557
vt 0.277618 0.828998
vt 0.505621 0.965702
vt 0.467563 0.963919
vt 0.505620 0.960749
vt 0.986113 0.753791
vt 0.996448 0.748839
vt 0.996448 0.753791
vt 0.844454 0.816250
vt 0.882511 0.814463
vt 0.884522 0.819685
vt 0.844455 0.453760
vt 0.854790 0.461102
vt 0.844455 0.461102
vt 0.206454 0.979926
vt 0.199111 0.969591
vt 0.206454 0.969591
vt 0.281965 0.012865
vt 0.283351 0.015444
vt 0.282268 0.015566
vt 0.970568 0.979919
vt 0.963226 0.969585
vt 0.970569 0.969585
vt 0.132282 0.928915
vt 0.134068 0.890857
vt 0.137234 0.928915
vt 0.809387 0.757015
vt 0.766100 0.758497
vt 0.761455 0.752810
vt 0.132464 0.875502
vt 0.127623 0.864363
vt 0.133441 0.864386
vt 0.982970 0.031322
vt 0.983734 0.034128
vt 0.982662 0.034059
vt 0.026086 0.972205
vt 0.026086 0.977311
vt 0.025401 0.974758
vt 0.957748 0.950997
vt 0.952581 0.940662
vt 0.957748 0.940662
vt 0.956934 0.979919
vt 0.951339 0.969585
vt 0.956935 0.969585
vt 0.212277 0.986460
vt 0.217444 0.996795
vt 0.212277 0.996795
vt 0.434598 0.948382
vt 0.434598 0.943276
vt 0.435283 0.945829
vt 0.003308 0.074818
vt 0.004071 0.077593
vt 0.003009 0.077528
vt 0.808989 0.917922
vt 0.797850 0.922762
vt 0.797873 0.916944
vt 0.821235 0.762077
vt 0.832374 0.757236
vt 0.832351 0.763054
vt 0.844836 0.665670
vt 0.855974 0.660828
vt 0.855952 0.666647
vt 0.352406 0.885221
vt 0.350920 0.928508
vt 0.347238 0.885221
vt 0.820851 0.922984
vt 0.864138 0.921499
vt 0.868783 0.927185
vt 0.844455 0.623879
vt 0.854729 0.629698
vt 0.844517 0.629698
vt 0.432404 0.967873
vt 0.438223 0.957600
vt 0.438222 0.967812
vt 0.262285 0.957538
vt 0.269627 0.967873
vt 0.262285 0.967873
vt 0.790201 0.972199
vt 0.790201 0.977305
vt 0.789516 0.974752
vt 0.318574 0.853810
vt 0.313732 0.842672
vt 0.319550 0.842694
vt 0.442652 0.965259
vt 0.442652 0.960153
vt 0.443338 0.962706
vt 0.479480 0.854192
vt 0.477994 0.810905
vt 0.483680 0.806260
vt 0.983704 0.042073
vt 0.982628 0.042069
vt 0.800449 0.969585
vt 0.822052 0.979919
vt 0.800449 0.979919
vt 0.822052 0.969585
vt 0.847342 0.979919
vt 0.847342 0.969585
vt 0.874697 0.979919
vt 0.874697 0.969585
vt 0.902332 0.979919
vt 0.902332 0.969585
vt 0.928442 0.979919
vt 0.928442 0.969585
vt 0.951339 0.979919
vt 0.797416 0.895345
vt 0.809378 0.893679
vt 0.795045 0.870167
vt 0.809380 0.869402
vt 0.809381 0.845125
vt 0.790923 0.843125
vt 0.809383 0.820848
vt 0.785330 0.816061
vt 0.809385 0.796572
vt 0.778646 0.790821
vt 0.809386 0.772295
vt 0.373186 0.996795
vt 0.348940 0.986460
vt 0.373186 0.986460
vt 0.348940 0.996795
vt 0.324664 0.986460
vt 0.324664 0.996795
vt 0.300387 0.986460
vt 0.300387 0.996795
vt 0.276110 0.986460
vt 0.276110 0.996795
vt 0.251833 0.986460
vt 0.251833 0.996795
vt 0.227556 0.986460
vt 0.247086 0.818122
vt 0.268685 0.818580
vt 0.245420 0.830085
vt 0.221908 0.815752
vt 0.196866 0.830087
vt 0.194866 0.811629
vt 0.172589 0.830088
vt 0.167802 0.806035
vt 0.148312 0.830090
vt 0.142562 0.799351
vt 0.124035 0.830091
vt 0.120866 0.792033
vt 0.796839 0.940662
vt 0.821085 0.950997
vt 0.796839 0.950997
vt 0.821085 0.940662
vt 0.845361 0.950997
vt 0.845361 0.940662
vt 0.869638 0.950997
vt 0.869638 0.940662
vt 0.893915 0.950997
vt 0.893915 0.940662
vt 0.918192 0.950997
vt 0.918192 0.940662
vt 0.942469 0.950997
vt 0.214074 0.897179
vt 0.192476 0.896720
vt 0.215742 0.885216
vt 0.239253 0.899551
vt 0.264296 0.885218
vt 0.266294 0.903677
vt 0.288572 0.885219
vt 0.293357 0.909273
vt 0.312849 0.885220
vt 0.318597 0.915959
vt 0.337126 0.885221
vt 0.340293 0.923279
vt 0.856411 0.688245
vt 0.844449 0.689913
vt 0.858784 0.713424
vt 0.844450 0.714190
vt 0.844451 0.738467
vt 0.862909 0.740465
vt 0.844452 0.762743
vt 0.868506 0.767528
vt 0.844453 0.787020
vt 0.875192 0.792767
vt 0.844454 0.811297
vt 0.424350 0.940661
vt 0.402746 0.950996
vt 0.402746 0.940661
vt 0.377457 0.950996
vt 0.377457 0.940661
vt 0.350102 0.940661
vt 0.322467 0.950996
vt 0.322467 0.940661
vt 0.296357 0.940661
vt 0.296357 0.950996
vt 0.273459 0.940661
vt 0.260286 0.916957
vt 0.281885 0.917416
vt 0.258619 0.928920
vt 0.235108 0.914584
vt 0.210065 0.928918
vt 0.208066 0.910459
vt 0.185788 0.928917
vt 0.181003 0.904863
vt 0.161511 0.928916
vt 0.155764 0.898177
vt 0.036334 0.969591
vt 0.057937 0.979926
vt 0.036334 0.979926
vt 0.057937 0.969591
vt 0.083227 0.979926
vt 0.110582 0.969591
vt 0.110582 0.979926
vt 0.138217 0.969591
vt 0.138217 0.979926
vt 0.164327 0.969591
vt 0.164327 0.979926
vt 0.187224 0.969591
vt 0.187224 0.979926
vt 0.832810 0.784653
vt 0.820848 0.786320
vt 0.835183 0.809831
vt 0.820848 0.810597
vt 0.820849 0.834874
vt 0.839307 0.836873
vt 0.820849 0.859151
vt 0.844903 0.863936
vt 0.820850 0.883428
vt 0.851589 0.889175
vt 0.820850 0.907704
vt 0.935983 0.986454
vt 0.911737 0.996789
vt 0.911737 0.986454
vt 0.887460 0.996789
vt 0.887460 0.986454
vt 0.863184 0.996789
vt 0.863184 0.986454
vt 0.838907 0.996789
vt 0.838907 0.986454
vt 0.814630 0.996789
vt 0.814630 0.986454
vt 0.790353 0.996789
vt 0.790353 0.986454
vt 0.432404 0.957538
vt 0.410801 0.967873
vt 0.410801 0.957538
vt 0.385511 0.967873
vt 0.385511 0.957538
vt 0.358157 0.967873
vt 0.358157 0.957538
vt 0.330521 0.957538
vt 0.304411 0.967873
vt 0.304411 0.957538
vt 0.281514 0.967873
vt 0.281514 0.957538
vt 0.986113 0.603209
vt 0.996448 0.627455
vt 0.986113 0.627455
vt 0.996448 0.651731
vt 0.986113 0.651731
vt 0.986113 0.676008
vt 0.996448 0.676008
vt 0.986113 0.700285
vt 0.996448 0.700285
vt 0.986113 0.724562
vt 0.986113 0.748839
vt 0.155039 0.863927
vt 0.156707 0.875889
vt 0.180218 0.861553
vt 0.180984 0.875888
vt 0.205261 0.875887
vt 0.207260 0.857428
vt 0.229538 0.875886
vt 0.234322 0.851832
vt 0.253814 0.875885
vt 0.259562 0.845146
vt 0.278091 0.875884
vt 0.066107 0.811168
vt 0.066566 0.789569
vt 0.078069 0.812836
vt 0.063734 0.836346
vt 0.078068 0.861389
vt 0.059609 0.863388
vt 0.078067 0.885666
vt 0.054013 0.890451
vt 0.078066 0.909943
vt 0.047327 0.915690
vt 0.078065 0.934220
vt 0.040007 0.937386
vt 0.341149 0.842235
vt 0.342817 0.854197
vt 0.366327 0.839862
vt 0.367094 0.854196
vt 0.391370 0.854196
vt 0.393369 0.835737
vt 0.415647 0.854195
vt 0.420432 0.830141
vt 0.439924 0.854194
vt 0.445671 0.823455
vt 0.464201 0.854193
vt 0.854790 0.623879
vt 0.844455 0.602276
vt 0.854790 0.602276
vt 0.854790 0.576986
vt 0.844455 0.549632
vt 0.854790 0.549632
vt 0.844455 0.521996
vt 0.854790 0.521996
vt 0.844455 0.495886
vt 0.854790 0.495886
vt 0.844455 0.472989
vt 0.854790 0.472989
vt 0.493650 0.837699
vt 0.494107 0.816100
vt 0.505612 0.839365
vt 0.491279 0.862877
vt 0.505615 0.887919
vt 0.487157 0.889919
vt 0.505617 0.912196
vt 0.481564 0.916983
vt 0.505619 0.936472
vt 0.474880 0.942223
vt 0.996988 0.426651
vt 0.986654 0.402406
vt 0.996988 0.402406
vt 0.986654 0.378129
vt 0.996988 0.378129
vt 0.986654 0.353852
vt 0.996988 0.353852
vt 0.986654 0.329575
vt 0.996988 0.329575
vt 0.986654 0.305298
vt 0.996988 0.305298
vt 0.986654 0.281021
vt 0.996988 0.281021
vt 0.794631 0.979858
vt 0.794631 0.969646
vt 0.267864 0.950996
vt 0.273459 0.950996
vt 0.108756 0.830091
vt 0.110238 0.786804
vt 0.113923 0.830091
vt 0.342079 0.885221
vt 0.947421 0.950997
vt 0.942469 0.940662
vt 0.947421 0.940662
vt 0.119083 0.830091
vt 0.222604 0.986460
vt 0.227556 0.996795
vt 0.222604 0.996795
vt 0.293371 0.875884
vt 0.291885 0.832597
vt 0.297571 0.827952
vt 0.809386 0.767342
vt 0.771329 0.769125
vt 0.769319 0.763903
vt 0.283044 0.875884
vt 0.281258 0.837826
vt 0.286479 0.835816
vt 0.275919 0.967873
vt 0.078065 0.939172
vt 0.986654 0.265742
vt 0.996988 0.270909
vt 0.986654 0.270909
vt 0.986654 0.276069
vt 0.775074 0.996789
vt 0.780241 0.986454
vt 0.780241 0.996789
vt 0.469153 0.854193
vt 0.467367 0.816135
vt 0.472588 0.814125
vt 0.844455 0.467394
vt 0.785401 0.996789
vt 0.820850 0.912657
vt 0.858908 0.910871
vt 0.860919 0.916092
vt 0.192819 0.969591
vt 0.821932 0.754122
vt 0.832473 0.754590
vt 0.822188 0.751460
vt 0.832764 0.751961
vt 0.822594 0.748816
vt 0.833373 0.749389
vt 0.290349 0.917295
vt 0.293479 0.927580
vt 0.292978 0.917004
vt 0.296123 0.927174
vt 0.295550 0.916394
vt 0.298716 0.926517
vt 0.178810 0.897741
vt 0.178238 0.886962
vt 0.181382 0.897132
vt 0.180882 0.886556
vt 0.184012 0.896841
vt 0.796849 0.930609
vt 0.807628 0.931183
vt 0.806971 0.933776
vt 0.797459 0.928037
vt 0.808035 0.928539
vt 0.797750 0.925408
vt 0.808291 0.925877
vt 0.124509 0.874805
vt 0.124977 0.864264
vt 0.121847 0.874549
vt 0.122347 0.863973
vt 0.119203 0.874143
vt 0.119775 0.863364
vt 0.066445 0.781105
vt 0.076730 0.777975
vt 0.066154 0.778476
vt 0.076323 0.775331
vt 0.065544 0.775904
vt 0.075667 0.772738
vt 0.493083 0.802435
vt 0.503862 0.801861
vt 0.493693 0.805007
vt 0.504269 0.804505
vt 0.493984 0.807636
vt 0.845533 0.657715
vt 0.856074 0.658183
vt 0.845789 0.655052
vt 0.856364 0.655553
vt 0.846195 0.652408
vt 0.856974 0.652981
vt 0.282350 0.817557
vt 0.282924 0.828336
vt 0.279778 0.818166
vt 0.280280 0.828742
vt 0.277149 0.818457
vt 0.310619 0.853113
vt 0.311086 0.842573
vt 0.307956 0.852857
vt 0.308457 0.842282
vt 0.305312 0.852452
vt 0.305885 0.841672
vt 0.847070 0.634128
vt 0.852176 0.634128
vt 0.849623 0.634813
vt 0.424350 0.950996
vt 0.430168 0.940723
vt 0.430168 0.950935
vt 0.030516 0.979864
vt 0.030516 0.969652
vt 0.345514 0.925289
vt 0.952581 0.950997
vt 0.267864 0.940661
vt 0.261573 0.950996
vt 0.261573 0.940661
vt 0.844454 0.821409
vt 0.217444 0.986460
vt 0.115644 0.790023
vt 0.809387 0.762183
vt 0.963226 0.979919
vt 0.275919 0.957538
vt 0.269627 0.957538
vt 0.288203 0.875884
vt 0.986113 0.758951
vt 0.037996 0.942607
vt 0.474313 0.854192
vt 0.854790 0.467394
vt 0.996988 0.276069
vt 0.465553 0.969141
vt 0.820851 0.917816
vt 0.785401 0.986454
vt 0.192819 0.979926
vt 0.199111 0.979926
vt 0.128847 0.888846
vt 0.254230 0.950996
vt 0.792073 0.970330
vt 0.792073 0.979174
vt 0.054752 0.003312
vt 0.051954 0.004087
vt 0.052018 0.003016
vt 0.052023 0.017117
vt 0.044020 0.016103
vt 0.051943 0.016051
vt 0.042140 0.015279
vt 0.043231 0.004904
vt 0.043216 0.015280
vt 0.058899 0.010044
vt 0.057284 0.007548
vt 0.058346 0.007179
vt 0.984526 0.043946
vt 0.994890 0.042871
vt 0.994890 0.043946
vt 0.058455 0.013003
vt 0.057764 0.010075
vt 0.432726 0.941407
vt 0.432726 0.950250
vt 0.027958 0.970336
vt 0.289136 0.019782
vt 0.291613 0.018083
vt 0.292012 0.019137
vt 0.986766 0.027746
vt 0.984640 0.030132
vt 0.984110 0.029068
vt 0.286103 0.019377
vt 0.289082 0.018631
vt 0.825377 0.015561
vt 0.824612 0.012780
vt 0.825676 0.012845
vt 0.044025 0.004089
vt 0.044025 0.003016
vt 0.056001 0.005022
vt 0.057071 0.004511
vt 0.845201 0.632255
vt 0.440780 0.967127
vt 0.440780 0.958284
vt 0.296043 0.012870
vt 0.295026 0.004888
vt 0.296097 0.004895
vt 0.003009 0.085470
vt 0.004075 0.085470
vt 0.824613 0.004889
vt 0.825682 0.004890
vt 0.294208 0.003010
vt 0.283849 0.004085
vt 0.283849 0.003010
vt 0.815708 0.019351
vt 0.813462 0.016856
vt 0.816057 0.018207
vt 0.996440 0.031420
vt 0.995688 0.034181
vt 0.995363 0.031545
vt 0.294086 0.016739
vt 0.294627 0.017788
vt 0.996788 0.042071
vt 0.996752 0.034107
vt 0.057106 0.015837
vt 0.057324 0.012651
vt 0.017140 0.085475
vt 0.016003 0.077554
vt 0.017071 0.077475
vt 0.295725 0.015588
vt 0.294977 0.012798
vt 0.823802 0.003017
vt 0.813439 0.004092
vt 0.813439 0.003017
vt 0.811589 0.012913
vt 0.812995 0.015493
vt 0.811909 0.015621
vt 0.015668 0.074901
vt 0.016752 0.074773
vt 0.818688 0.018650
vt 0.818736 0.019804
vt 0.992650 0.027651
vt 0.994906 0.030154
vt 0.992289 0.028789
vt 0.006583 0.077791
vt 0.013449 0.083703
vt 0.006652 0.083674
vt 0.989691 0.028310
vt 0.987149 0.028811
vt 0.009939 0.070557
vt 0.007422 0.072262
vt 0.007023 0.071193
vt 0.986272 0.034339
vt 0.993116 0.040292
vt 0.986306 0.040272
vt 0.281945 0.004877
vt 0.283032 0.012793
vt 0.821644 0.019159
vt 0.821254 0.018098
vt 0.283228 0.018039
vt 0.286442 0.018224
vt 0.004881 0.087336
vt 0.015226 0.086280
vt 0.015225 0.087354
vt 0.015862 0.072405
vt 0.012616 0.072155
vt 0.012977 0.070999
vt 0.811524 0.004897
vt 0.812659 0.012835
vt 0.989661 0.027165
vt 0.054586 0.015711
vt 0.054717 0.016791
vt 0.815190 0.012624
vt 0.822029 0.006671
vt 0.822094 0.012582
vt 0.004373 0.072554
vt 0.004919 0.073616
vt 0.009987 0.071716
vt 0.292455 0.012585
vt 0.285621 0.006683
vt 0.292428 0.006662
vt 0.824244 0.017836
vt 0.823714 0.016794
vt 0.285953 0.014581
vt 0.284294 0.012700
vt 0.285556 0.012595
vt 0.284665 0.015138
vt 0.053703 0.013125
vt 0.051843 0.014791
vt 0.051733 0.013532
vt 0.054270 0.014403
vt 0.056105 0.012234
vt 0.054723 0.014338
vt 0.055961 0.015264
vt 0.815599 0.014612
vt 0.816527 0.016999
vt 0.814359 0.015594
vt 0.818637 0.016215
vt 0.817028 0.015832
vt 0.821693 0.014552
vt 0.823352 0.012686
vt 0.822971 0.015115
vt 0.824279 0.015431
vt 0.986684 0.032348
vt 0.985004 0.034227
vt 0.985396 0.031776
vt 0.984077 0.031455
vt 0.987572 0.030007
vt 0.988100 0.031130
vt 0.985519 0.031337
vt 0.820229 0.015767
vt 0.822869 0.015584
vt 0.820773 0.016916
vt 0.284346 0.005384
vt 0.293711 0.005384
vt 0.294208 0.004085
vt 0.005382 0.084967
vt 0.004883 0.086263
vt 0.813925 0.012735
vt 0.814311 0.015178
vt 0.813936 0.005392
vt 0.823304 0.005392
vt 0.823802 0.004092
vt 0.985023 0.041571
vt 0.994393 0.041571
vt 0.984526 0.042871
vt 0.045800 0.013500
vt 0.044531 0.005404
vt 0.045830 0.006682
vt 0.044518 0.014784
vt 0.287395 0.015810
vt 0.284695 0.015585
vt 0.283798 0.016878
vt 0.289018 0.017395
vt 0.286891 0.016987
vt 0.292042 0.014554
vt 0.293715 0.012697
vt 0.293318 0.015127
vt 0.294627 0.015452
vt 0.291155 0.016904
vt 0.290607 0.015762
vt 0.008433 0.074611
vt 0.010013 0.072975
vt 0.010036 0.074164
vt 0.007879 0.073456
vt 0.006985 0.075826
vt 0.005329 0.077686
vt 0.005710 0.075262
vt 0.004404 0.074947
vt 0.992780 0.032413
vt 0.994433 0.034276
vt 0.993178 0.034380
vt 0.994057 0.031854
vt 0.991859 0.030023
vt 0.993980 0.031394
vt 0.991307 0.031183
vt 0.989697 0.029525
vt 0.055363 0.010092
vt 0.056089 0.007961
vt 0.056545 0.010086
vt 0.053744 0.007026
vt 0.054932 0.008491
vt 0.054783 0.005878
vt 0.051859 0.005354
vt 0.054309 0.005736
vt 0.054624 0.004417
vt 0.013069 0.075779
vt 0.014740 0.077654
vt 0.013476 0.077764
vt 0.014355 0.075214
vt 0.011656 0.074553
vt 0.014303 0.074822
vt 0.015264 0.073569
vt 0.014732 0.084983
vt 0.016051 0.085482
vt 0.283032 0.004877
vt 0.051753 0.006621
vt 0.995704 0.042074
vt 0.815220 0.006692
vt 0.812615 0.004890
vt 0.818661 0.017397
vt 0.989694 0.030736
vt 0.054955 0.011690
vt 0.289014 0.016206
vt 0.012174 0.073378
vt 0.628190 0.311402
vt 0.637262 0.307167
vt 0.638019 0.308209
vt 0.628190 0.277959
vt 0.619118 0.282194
vt 0.618361 0.281152
vt 0.033424 0.009086
vt 0.024665 0.004236
vt 0.025063 0.003011
vt 0.006367 0.028744
vt 0.015126 0.033594
vt 0.014728 0.034818
vt 0.638019 0.281152
vt 0.642869 0.289911
vt 0.637262 0.282194
vt 0.612286 0.299848
vt 0.619118 0.307167
vt 0.618361 0.308209
vt 0.025063 0.034818
vt 0.032382 0.027987
vt 0.033424 0.028744
vt 0.644094 0.299848
vt 0.642869 0.299450
vt 0.612286 0.289513
vt 0.613511 0.289911
vt 0.014728 0.003011
vt 0.007409 0.009842
vt 0.006367 0.009086
vt 0.640414 0.576693
vt 0.996797 0.094613
vt 0.995723 0.104152
vt 0.995723 0.094613
vt 0.996797 0.113691
vt 0.996797 0.104152
vt 0.996797 0.123230
vt 0.995723 0.113691
vt 0.996797 0.132769
vt 0.995723 0.123230
vt 0.996797 0.142308
vt 0.995723 0.132769
vt 0.996797 0.151847
vt 0.995723 0.142308
vt 0.996797 0.161386
vt 0.995723 0.151847
vt 0.996797 0.170925
vt 0.995723 0.161386
vt 0.995723 0.170925
vt 0.004461 0.018915
vt 0.003174 0.018915
vt 0.035330 0.018915
vt 0.036617 0.018915
vt 0.613511 0.299450
vt 0.644094 0.289513
vt 0.024665 0.033594
vt 0.015126 0.004236
vt 0.628190 0.279246
vt 0.628190 0.310115
vt 0.007409 0.027987
vt 0.032382 0.009842
vt 0.573318 0.473410
vt 0.583147 0.472116
vt 0.573318 0.475309
vt 0.563489 0.472116
vt 0.564606 0.470579
vt 0.557415 0.463755
vt 0.559221 0.463168
vt 0.559221 0.454007
vt 0.557415 0.453420
vt 0.563489 0.445059
vt 0.564606 0.446596
vt 0.573318 0.441865
vt 0.573318 0.443765
vt 0.583147 0.445059
vt 0.582031 0.446596
vt 0.589222 0.453420
vt 0.587416 0.454007
vt 0.589222 0.463755
vt 0.587416 0.463168
vt 0.582031 0.470579
vt 0.617830 0.274541
vt 0.611813 0.263602
vt 0.621635 0.264113
vt 0.609269 0.246459
vt 0.601179 0.255957
vt 0.597962 0.246459
vt 0.585706 0.263971
vt 0.596834 0.268490
vt 0.608921 0.280638
vt 0.610308 0.268459
vt 0.610138 0.258905
vt 0.606229 0.255699
vt 0.588836 0.253321
vt 0.595370 0.263544
vt 0.606192 0.271569
vt 0.618367 0.253173
vt 0.597043 0.258743
vt 0.603620 0.263628
vt 0.134497 0.479302
vt 0.129330 0.495206
vt 0.120969 0.489131
vt 0.139664 0.495206
vt 0.148025 0.489131
vt 0.151219 0.479302
vt 0.148025 0.469474
vt 0.139664 0.463399
vt 0.129330 0.463399
vt 0.120969 0.469474
vt 0.117775 0.479302
vt 0.539540 0.431038
vt 0.515030 0.418630
vt 0.539719 0.418319
vt 0.442854 0.430521
vt 0.424903 0.418172
vt 0.449934 0.418235
vt 0.406159 0.861102
vt 0.415344 0.882774
vt 0.405804 0.882791
vt 0.565844 0.431341
vt 0.566092 0.418570
vt 0.565770 0.435443
vt 0.539503 0.435129
vt 0.514731 0.431093
vt 0.010872 0.716571
vt 0.003830 0.705828
vt 0.007893 0.705058
vt 0.024735 0.745554
vt 0.012812 0.732215
vt 0.015909 0.729119
vt 0.401509 0.300155
vt 0.400498 0.247736
vt 0.411923 0.247225
vt 0.425005 0.861107
vt 0.432052 0.882656
vt 0.424022 0.882731
vt 0.416025 0.861104
vt 0.616239 0.418863
vt 0.633274 0.430967
vt 0.616831 0.431405
vt 0.423343 0.430399
vt 0.399329 0.418120
vt 0.431664 0.365107
vt 0.454932 0.364780
vt 0.486440 0.430901
vt 0.472256 0.418313
vt 0.492918 0.418524
vt 0.751023 0.603631
vt 0.748451 0.614099
vt 0.746831 0.603971
vt 0.422810 0.434337
vt 0.397326 0.430256
vt 0.396675 0.434152
vt 0.375528 0.430164
vt 0.377869 0.418090
vt 0.395734 0.909958
vt 0.404962 0.931975
vt 0.395732 0.931982
vt 0.388338 0.365758
vt 0.408117 0.365461
vt 0.334514 0.414343
vt 0.326664 0.425180
vt 0.328884 0.413258
vt 0.321856 0.423895
vt 0.323599 0.412161
vt 0.339651 0.361265
vt 0.345440 0.362336
vt 0.338162 0.427442
vt 0.340628 0.415435
vt 0.337432 0.431297
vt 0.332095 0.426339
vt 0.326161 0.428939
vt 0.321950 0.427410
vt 0.318916 0.425462
vt 0.317459 0.422504
vt 0.317557 0.416633
vt 0.319417 0.405476
vt 0.479963 0.296358
vt 0.465026 0.242676
vt 0.482754 0.241327
vt 0.334163 0.360201
vt 0.328823 0.359139
vt 0.369847 0.244610
vt 0.366490 0.231230
vt 0.372397 0.232112
vt 0.363810 0.243573
vt 0.361196 0.230620
vt 0.378982 0.233141
vt 0.373253 0.227901
vt 0.379817 0.228897
vt 0.376430 0.245669
vt 0.359053 0.297155
vt 0.353100 0.296085
vt 0.358152 0.242576
vt 0.347468 0.295014
vt 0.351355 0.247244
vt 0.351702 0.363419
vt 0.354016 0.235962
vt 0.356291 0.230232
vt 0.358926 0.227841
vt 0.362710 0.227087
vt 0.367512 0.227194
vt 0.365505 0.298229
vt 0.341993 0.293941
vt 0.439952 0.298305
vt 0.460676 0.297266
vt 0.447965 0.231338
vt 0.466125 0.229548
vt 0.446396 0.244306
vt 0.429859 0.233143
vt 0.483516 0.228085
vt 0.466548 0.225024
vt 0.483805 0.223507
vt 0.427802 0.245943
vt 0.419127 0.299337
vt 0.476171 0.364522
vt 0.414353 0.234564
vt 0.415164 0.230236
vt 0.430575 0.228757
vt 0.448541 0.226882
vt 0.414448 0.909917
vt 0.405334 0.909954
vt 0.542455 0.240427
vt 0.521066 0.226976
vt 0.542726 0.227091
vt 0.520544 0.240192
vt 0.501336 0.227235
vt 0.565481 0.227158
vt 0.542805 0.222470
vt 0.565480 0.222540
vt 0.565489 0.240459
vt 0.413735 0.931920
vt 0.421721 0.931769
vt 0.422741 0.909816
vt 0.428932 0.931472
vt 0.395736 0.861101
vt 0.395735 0.882794
vt 0.500729 0.240471
vt 0.501538 0.222631
vt 0.521213 0.222361
vt 0.430305 0.909623
vt 0.375230 0.365780
vt 0.380387 0.300078
vt 0.389353 0.300441
vt 0.366182 0.365326
vt 0.372598 0.299268
vt 0.391597 0.247454
vt 0.358577 0.364480
vt 0.363966 0.417921
vt 0.354814 0.417391
vt 0.347340 0.416513
vt 0.760413 0.244429
vt 0.764840 0.297815
vt 0.753860 0.245495
vt 0.777189 0.295651
vt 0.784985 0.361608
vt 0.771263 0.296731
vt 0.383679 0.246683
vt 0.394198 0.234893
vt 0.403083 0.235145
vt 0.386258 0.234142
vt 0.403927 0.230853
vt 0.387097 0.229886
vt 0.395042 0.230622
vt 0.361471 0.429964
vt 0.352296 0.429412
vt 0.374802 0.434032
vt 0.360726 0.433822
vt 0.351558 0.433267
vt 0.344846 0.428523
vt 0.344114 0.432378
vt 0.592146 0.432002
vt 0.591959 0.419725
vt 0.706068 0.417518
vt 0.688278 0.429908
vt 0.681152 0.417731
vt 0.376126 0.882772
vt 0.385313 0.861101
vt 0.385666 0.882790
vt 0.367447 0.882728
vt 0.375447 0.861102
vt 0.359418 0.882652
vt 0.366467 0.861104
vt 0.729899 0.247595
vt 0.728978 0.299809
vt 0.718521 0.247103
vt 0.498215 0.431019
vt 0.676443 0.430062
vt 0.666009 0.434210
vt 0.665689 0.430222
vt 0.592164 0.436086
vt 0.007221 0.692206
vt 0.011955 0.704289
vt 0.731523 0.417347
vt 0.707684 0.429676
vt 0.699052 0.364653
vt 0.675805 0.364423
vt 0.722546 0.364918
vt 0.742265 0.365146
vt 0.386503 0.931974
vt 0.752883 0.417232
vt 0.733567 0.429416
vt 0.755258 0.429241
vt 0.734231 0.433290
vt 0.708234 0.433591
vt 0.009060 0.681714
vt 0.003029 0.691865
vt 0.005252 0.679981
vt 0.658929 0.417993
vt 0.644972 0.430670
vt 0.638357 0.418442
vt 0.796030 0.413355
vt 0.803879 0.424118
vt 0.798476 0.425289
vt 0.801631 0.412257
vt 0.808661 0.422824
vt 0.790748 0.360526
vt 0.796209 0.359450
vt 0.811032 0.404480
vt 0.806889 0.411148
vt 0.665638 0.242615
vt 0.650766 0.296116
vt 0.647981 0.241273
vt 0.812918 0.415581
vt 0.811593 0.424375
vt 0.808579 0.426323
vt 0.804391 0.427859
vt 0.799188 0.429113
vt 0.793179 0.430242
vt 0.792440 0.426407
vt 0.789946 0.414462
vt 0.763730 0.231101
vt 0.757850 0.231990
vt 0.768999 0.230484
vt 0.766422 0.243385
vt 0.756990 0.227799
vt 0.751296 0.233027
vt 0.750457 0.228804
vt 0.762705 0.227084
vt 0.767485 0.226969
vt 0.771254 0.227712
vt 0.776158 0.235788
vt 0.772053 0.242381
vt 0.778830 0.247016
vt 0.778753 0.362706
vt 0.782795 0.294572
vt 0.788244 0.293492
vt 0.801523 0.358378
vt 0.690655 0.298030
vt 0.669988 0.297015
vt 0.682622 0.231319
vt 0.664542 0.229541
vt 0.700648 0.233103
vt 0.684192 0.244230
vt 0.664120 0.225037
vt 0.647224 0.228083
vt 0.646937 0.223524
vt 0.682046 0.226883
vt 0.699932 0.228738
vt 0.715273 0.230193
vt 0.716086 0.234500
vt 0.702709 0.245845
vt 0.654545 0.364264
vt 0.711418 0.299027
vt 0.377020 0.909915
vt 0.386133 0.909953
vt 0.609813 0.226962
vt 0.588498 0.240378
vt 0.588213 0.227075
vt 0.629474 0.227229
vt 0.610331 0.240138
vt 0.588134 0.222463
vt 0.609668 0.222361
vt 0.629275 0.222642
vt 0.630075 0.240418
vt 0.362533 0.931469
vt 0.368727 0.909814
vt 0.369744 0.931767
vt 0.377730 0.931919
vt 0.361162 0.909619
vt 0.750021 0.299689
vt 0.755325 0.365127
vt 0.741090 0.300069
vt 0.757778 0.298865
vt 0.764337 0.364648
vt 0.771909 0.363782
vt 0.738762 0.247300
vt 0.746645 0.246518
vt 0.783267 0.415556
vt 0.775830 0.416455
vt 0.766722 0.417014
vt 0.359518 0.191045
vt 0.354804 0.137485
vt 0.365569 0.190122
vt 0.736151 0.234798
vt 0.727306 0.235064
vt 0.744055 0.234036
vt 0.726460 0.230792
vt 0.735303 0.230547
vt 0.743212 0.229801
vt 0.769246 0.428992
vt 0.778376 0.428412
vt 0.785789 0.427503
vt 0.786530 0.431338
vt 0.779123 0.432247
vt 0.770001 0.432829
vt 0.755994 0.433087
vt 0.505228 0.020950
vt 0.530770 0.008151
vt 0.530926 0.020957
vt 0.405433 0.020512
vt 0.423853 0.008072
vt 0.424928 0.020655
vt 0.506901 0.075049
vt 0.531757 0.075147
vt 0.557372 0.008167
vt 0.557351 0.020979
vt 0.557380 0.003980
vt 0.504895 0.008163
vt 0.530751 0.003965
vt 0.438962 0.020748
vt 0.449322 0.008124
vt 0.450061 0.020813
vt 0.437895 0.008100
vt 0.449067 0.003975
vt 0.460152 0.074582
vt 0.473826 0.020908
vt 0.483172 0.074875
vt 0.384784 0.189258
vt 0.382833 0.137631
vt 0.393693 0.190420
vt 0.688708 0.433858
vt 0.487696 0.020935
vt 0.411877 0.073599
vt 0.436465 0.074145
vt 0.379459 0.020231
vt 0.403931 0.008022
vt 0.609406 0.021111
vt 0.633477 0.028254
vt 0.631365 0.074938
vt 0.486252 0.434947
vt 0.477298 0.430775
vt 0.514672 0.435164
vt 0.377504 0.007863
vt 0.403421 0.003966
vt 0.356618 0.007500
vt 0.376880 0.003856
vt 0.358946 0.019775
vt 0.533745 0.198032
vt 0.557260 0.143049
vt 0.557239 0.198045
vt 0.369421 0.072174
vt 0.388081 0.072953
vt 0.325077 0.021046
vt 0.317704 0.010059
vt 0.322729 0.009027
vt 0.319862 0.022004
vt 0.313171 0.011257
vt 0.330275 0.074096
vt 0.335651 0.073150
vt 0.328184 0.008090
vt 0.330578 0.020126
vt 0.327478 0.004225
vt 0.317213 0.006294
vt 0.322042 0.005178
vt 0.313281 0.007739
vt 0.310346 0.009651
vt 0.308942 0.018475
vt 0.314854 0.023009
vt 0.310726 0.029648
vt 0.447581 0.195491
vt 0.464425 0.141985
vt 0.468072 0.196760
vt 0.325061 0.075068
vt 0.356491 0.204381
vt 0.362018 0.203587
vt 0.351457 0.204917
vt 0.353869 0.191980
vt 0.362849 0.207817
vt 0.368085 0.202681
vt 0.368903 0.206937
vt 0.348916 0.138408
vt 0.348471 0.192901
vt 0.343368 0.139365
vt 0.341783 0.188172
vt 0.337999 0.140354
vt 0.341317 0.072235
vt 0.344399 0.199489
vt 0.349273 0.207679
vt 0.352954 0.208478
vt 0.357486 0.208443
vt 0.332612 0.141381
vt 0.420329 0.140081
vt 0.442511 0.141142
vt 0.429049 0.206682
vt 0.448873 0.208424
vt 0.410541 0.204778
vt 0.427316 0.193876
vt 0.449331 0.212868
vt 0.469005 0.209789
vt 0.469324 0.214274
vt 0.408351 0.192108
vt 0.399234 0.138880
vt 0.463857 0.020880
vt 0.473303 0.008149
vt 0.396245 0.202977
vt 0.397085 0.207263
vt 0.411289 0.209109
vt 0.429655 0.211074
vt 0.509013 0.142872
vt 0.532829 0.143015
vt 0.511249 0.211008
vt 0.533949 0.211131
vt 0.489622 0.210612
vt 0.510828 0.197910
vt 0.533998 0.215667
vt 0.557233 0.211142
vt 0.557230 0.215679
vt 0.488964 0.197534
vt 0.486287 0.142549
vt 0.557288 0.075186
vt 0.489827 0.215127
vt 0.511365 0.215539
vt 0.366900 0.136343
vt 0.358860 0.071429
vt 0.373239 0.136654
vt 0.360886 0.136703
vt 0.352634 0.071146
vt 0.378293 0.188939
vt 0.347053 0.071473
vt 0.347529 0.019238
vt 0.341331 0.019024
vt 0.336063 0.019359
vt 0.759728 0.137534
vt 0.755031 0.191116
vt 0.748977 0.190195
vt 0.778844 0.073170
vt 0.771171 0.139411
vt 0.765618 0.138455
vt 0.371925 0.189328
vt 0.380937 0.201483
vt 0.387469 0.201784
vt 0.374494 0.201884
vt 0.388337 0.206053
vt 0.375326 0.206146
vt 0.381790 0.205749
vt 0.345022 0.007047
vt 0.338824 0.006913
vt 0.355920 0.003538
vt 0.344305 0.003116
vt 0.333620 0.007299
vt 0.338114 0.003015
vt 0.332917 0.003424
vt 0.583963 0.008248
vt 0.583761 0.021037
vt 0.682010 0.027972
vt 0.709016 0.020643
vt 0.702648 0.073687
vt 0.607638 0.075105
vt 0.582809 0.075179
vt 0.609800 0.008371
vt 0.626905 0.021213
vt 0.731693 0.137693
vt 0.729754 0.189336
vt 0.720841 0.190500
vt 0.657187 0.028237
vt 0.676995 0.021027
vt 0.678071 0.074234
vt 0.442446 0.434496
vt 0.665317 0.008458
vt 0.664589 0.021133
vt 0.583999 0.004065
vt 0.710471 0.008168
vt 0.734965 0.020304
vt 0.693022 0.008290
vt 0.691952 0.020854
vt 0.726420 0.073022
vt 0.745071 0.072226
vt 0.580734 0.198053
vt 0.736893 0.007933
vt 0.755477 0.019813
vt 0.737507 0.003924
vt 0.757786 0.007531
vt 0.710965 0.004111
vt 0.616988 0.435464
vt 0.639459 0.008489
vt 0.650713 0.021212
vt 0.638916 0.021241
vt 0.789360 0.021038
vt 0.796722 0.010037
vt 0.794576 0.021990
vt 0.801259 0.011230
vt 0.799590 0.022989
vt 0.784222 0.074112
vt 0.789439 0.075079
vt 0.803726 0.029626
vt 0.794693 0.076083
vt 0.650096 0.142048
vt 0.666926 0.195569
vt 0.646426 0.196829
vt 0.805498 0.018446
vt 0.804083 0.009620
vt 0.805558 0.012570
vt 0.801144 0.007710
vt 0.791694 0.009011
vt 0.797209 0.006269
vt 0.786936 0.004212
vt 0.786235 0.008080
vt 0.783855 0.020124
vt 0.758064 0.204457
vt 0.752535 0.203665
vt 0.760683 0.192050
vt 0.763100 0.204991
vt 0.746465 0.202760
vt 0.751704 0.207898
vt 0.745647 0.207019
vt 0.757071 0.208522
vt 0.761605 0.208555
vt 0.765286 0.207754
vt 0.770160 0.199558
vt 0.767911 0.205331
vt 0.766085 0.192969
vt 0.772773 0.188236
vt 0.773176 0.072261
vt 0.776538 0.140396
vt 0.781929 0.141420
vt 0.694192 0.140151
vt 0.672008 0.141211
vt 0.685465 0.206771
vt 0.665629 0.208508
vt 0.687201 0.193959
vt 0.703985 0.204867
vt 0.645486 0.209864
vt 0.665169 0.212954
vt 0.645164 0.214351
vt 0.684858 0.211165
vt 0.703236 0.209201
vt 0.717450 0.207353
vt 0.706176 0.192191
vt 0.718289 0.203064
vt 0.654374 0.074654
vt 0.715290 0.138947
vt 0.605505 0.142910
vt 0.581691 0.143035
vt 0.603223 0.211051
vt 0.580519 0.211154
vt 0.603656 0.197950
vt 0.624858 0.210674
vt 0.580465 0.215691
vt 0.603104 0.215584
vt 0.624650 0.215190
vt 0.625527 0.197591
vt 0.628235 0.142600
vt 0.755630 0.071471
vt 0.747628 0.136398
vt 0.741288 0.136712
vt 0.761856 0.071182
vt 0.753644 0.136756
vt 0.767438 0.071504
vt 0.736247 0.189016
vt 0.742618 0.189403
vt 0.778367 0.019364
vt 0.773097 0.019035
vt 0.766897 0.019259
vt 0.138509 0.990664
vt 0.185764 0.994840
vt 0.138511 0.994857
vt 0.733605 0.201566
vt 0.727070 0.201869
vt 0.740051 0.201965
vt 0.726202 0.206140
vt 0.732753 0.205835
vt 0.739220 0.206230
vt 0.769387 0.007058
vt 0.775588 0.006916
vt 0.780795 0.007296
vt 0.781494 0.003417
vt 0.776294 0.003015
vt 0.770099 0.003125
vt 0.758478 0.003564
vt 0.791070 0.474895
vt 0.791060 0.481923
vt 0.787773 0.477489
vt 0.787767 0.470921
vt 0.784605 0.473677
vt 0.784855 0.467710
vt 0.781793 0.470575
vt 0.782398 0.465141
vt 0.779372 0.468043
vt 0.813334 0.677633
vt 0.811832 0.669940
vt 0.815844 0.671195
vt 0.813342 0.663647
vt 0.817530 0.664164
vt 0.813440 0.657097
vt 0.817645 0.656436
vt 0.814486 0.646883
vt 0.810669 0.648709
vt 0.463128 0.008144
vt 0.473162 0.003969
vt 0.423467 0.003973
vt 0.768537 0.550283
vt 0.779888 0.526123
vt 0.783377 0.528449
vt 0.791396 0.508581
vt 0.795143 0.510515
vt 0.806423 0.634306
vt 0.802937 0.636638
vt 0.795994 0.619252
vt 0.792412 0.621446
vt 0.787073 0.602505
vt 0.783120 0.604007
vt 0.782755 0.584289
vt 0.778498 0.584519
vt 0.781307 0.659937
vt 0.796950 0.681716
vt 0.778204 0.662762
vt 0.765023 0.640477
vt 0.761547 0.642856
vt 0.487190 0.008153
vt 0.504839 0.003978
vt 0.654050 0.430439
vt 0.645213 0.434684
vt 0.781132 0.564193
vt 0.785221 0.565275
vt 0.789325 0.544298
vt 0.793090 0.546168
vt 0.800806 0.524813
vt 0.804354 0.527052
vt 0.813796 0.505568
vt 0.817249 0.507947
vt 0.308270 0.976217
vt 0.261016 0.980402
vt 0.261015 0.976209
vt 0.012782 0.990711
vt 0.024383 0.994910
vt 0.012777 0.994904
vt 0.006604 0.990699
vt 0.006589 0.994892
vt 0.003021 0.994871
vt 0.003039 0.990678
vt 0.202945 0.990653
vt 0.206238 0.994844
vt 0.202942 0.994846
vt 0.197072 0.990650
vt 0.197069 0.994843
vt 0.185764 0.990647
vt 0.024384 0.990717
vt 0.072031 0.994894
vt 0.374750 0.976243
vt 0.308269 0.980410
vt 0.795655 0.497754
vt 0.799854 0.498540
vt 0.799818 0.490838
vt 0.795627 0.491553
vt 0.797729 0.484827
vt 0.793914 0.486623
vt 0.794544 0.479581
vt 0.803501 0.695542
vt 0.801962 0.690118
vt 0.805533 0.692316
vt 0.804278 0.686226
vt 0.807921 0.688306
vt 0.806850 0.681483
vt 0.810586 0.683390
vt 0.809483 0.675965
vt 0.047268 0.820942
vt 0.047259 0.813914
vt 0.050742 0.816256
vt 0.043965 0.824915
vt 0.043971 0.818348
vt 0.041053 0.828127
vt 0.040803 0.822160
vt 0.038596 0.830696
vt 0.037991 0.825262
vt 0.912126 0.648594
vt 0.910624 0.656287
vt 0.908275 0.650262
vt 0.914636 0.655033
vt 0.912134 0.662580
vt 0.916322 0.662064
vt 0.912232 0.669131
vt 0.913278 0.679344
vt 0.916437 0.669791
vt 0.665567 0.004318
vt 0.678010 0.008390
vt 0.693403 0.004199
vt 0.036086 0.769714
vt 0.021142 0.747727
vt 0.039575 0.767388
vt 0.047594 0.787256
vt 0.905215 0.691921
vt 0.909461 0.677519
vt 0.894786 0.706975
vt 0.901729 0.689590
vt 0.885865 0.723723
vt 0.891204 0.704782
vt 0.881547 0.741938
vt 0.881912 0.722221
vt 0.037504 0.635900
vt 0.053146 0.614120
vt 0.056089 0.617107
vt 0.021221 0.655360
vt 0.034401 0.633075
vt 0.609876 0.004195
vt 0.627458 0.008455
vt 0.639606 0.004321
vt 0.651430 0.008500
vt 0.879924 0.762034
vt 0.877290 0.741709
vt 0.884013 0.760952
vt 0.888117 0.781930
vt 0.891882 0.780059
vt 0.899598 0.801414
vt 0.903146 0.799175
vt 0.912588 0.820659
vt 0.072029 0.990701
vt 0.433997 0.976243
vt 0.422396 0.980444
vt 0.422395 0.976251
vt 0.440175 0.976230
vt 0.434003 0.980436
vt 0.443759 0.980402
vt 0.440190 0.980423
vt 0.243834 0.976218
vt 0.240542 0.980409
vt 0.240537 0.976216
vt 0.249707 0.976213
vt 0.243838 0.980411
vt 0.249710 0.980406
vt 0.374749 0.980436
vt 0.051341 0.785322
vt 0.051853 0.798083
vt 0.056016 0.804999
vt 0.056052 0.797297
vt 0.053927 0.811009
vt 0.051825 0.804284
vt 0.050112 0.809213
vt 0.902292 0.630686
vt 0.900754 0.636109
vt 0.898748 0.632925
vt 0.904325 0.633911
vt 0.903070 0.640001
vt 0.906713 0.637922
vt 0.905642 0.644745
vt 0.909378 0.642838
vt 0.465292 0.434688
vt 0.454759 0.430595
vt 0.465579 0.430671
vt 0.755441 0.565807
vt 0.764944 0.548109
vt 0.752976 0.627278
vt 0.756741 0.625421
vt 0.009174 0.668558
vt 0.017745 0.652980
vt 0.462911 0.003974
vt 0.651644 0.004342
vt 0.487083 0.003968
vt 0.437530 0.003972
vt 0.627581 0.004283
vt 0.678360 0.004271
vt 0.759124 0.567810
vt 0.758468 0.580946
vt 0.754398 0.579939
vt 0.016703 0.672273
vt 0.012867 0.683447
vt 0.751612 0.590835
vt 0.755216 0.603290
vt 0.752560 0.613245
vt 0.760505 0.623564
vt 0.019005 0.726023
vt 0.477040 0.434812
vt 0.654350 0.434443
vt 0.498082 0.435078
vt 0.454368 0.434593
vt 0.633483 0.435000
vt 0.676861 0.434032
vt 0.750327 0.578931
vt 0.503893 0.668632
vt 0.533698 0.683950
vt 0.506963 0.690934
vt 0.533938 0.667300
vt 0.548088 0.678649
vt 0.545858 0.696279
vt 0.531541 0.701271
vt 0.508023 0.708307
vt 0.548328 0.667043
vt 0.558399 0.677480
vt 0.559511 0.666726
vt 0.567195 0.677082
vt 0.565418 0.691533
vt 0.556666 0.692849
vt 0.554653 0.705882
vt 0.544580 0.708969
vt 0.562370 0.704372
vt 0.560456 0.711817
vt 0.554620 0.714600
vt 0.544630 0.718681
vt 0.530493 0.714034
vt 0.508194 0.721274
vt 0.530380 0.724174
vt 0.508738 0.731219
vt 0.168643 0.620838
vt 0.155681 0.610317
vt 0.168659 0.609315
vt 0.167335 0.637969
vt 0.154786 0.622475
vt 0.154514 0.638018
vt 0.143998 0.623426
vt 0.144546 0.610753
vt 0.156611 0.652855
vt 0.170969 0.656248
vt 0.160175 0.668880
vt 0.147796 0.665901
vt 0.145355 0.651848
vt 0.144100 0.637802
vt 0.138024 0.651011
vt 0.136822 0.637638
vt 0.140097 0.663899
vt 0.132675 0.662510
vt 0.130681 0.650322
vt 0.129475 0.637441
vt 0.136624 0.610851
vt 0.136466 0.623865
vt 0.128934 0.624153
vt 0.128808 0.610862
vt 0.281576 0.743193
vt 0.299553 0.734879
vt 0.304588 0.747117
vt 0.276591 0.732817
vt 0.294601 0.716564
vt 0.317124 0.717494
vt 0.322670 0.737198
vt 0.327060 0.749954
vt 0.272165 0.715060
vt 0.292245 0.690961
vt 0.268097 0.689692
vt 0.288362 0.678552
vt 0.305335 0.679446
vt 0.310523 0.692695
vt 0.334036 0.692040
vt 0.340600 0.719398
vt 0.329447 0.679507
vt 0.351591 0.678614
vt 0.356177 0.690754
vt 0.360366 0.718805
vt 0.346396 0.737808
vt 0.349744 0.751548
vt 0.365438 0.736962
vt 0.371758 0.751195
vt 0.408550 0.671812
vt 0.394198 0.689338
vt 0.389253 0.675338
vt 0.423499 0.672975
vt 0.415314 0.690677
vt 0.430401 0.691206
vt 0.421491 0.711716
vt 0.400996 0.715192
vt 0.457233 0.673344
vt 0.463409 0.692594
vt 0.470043 0.712303
vt 0.436130 0.711304
vt 0.442572 0.728486
vt 0.475559 0.726660
vt 0.478846 0.737129
vt 0.446629 0.741276
vt 0.405275 0.732188
vt 0.425978 0.728719
vt 0.429759 0.743148
vt 0.409086 0.746535
vt 0.144454 0.699250
vt 0.148362 0.695801
vt 0.149647 0.702701
vt 0.141466 0.692479
vt 0.146007 0.686673
vt 0.153958 0.690141
vt 0.155984 0.700574
vt 0.157251 0.708892
vt 0.138482 0.683769
vt 0.143438 0.675946
vt 0.135563 0.673777
vt 0.151357 0.678095
vt 0.163751 0.680444
vt 0.165621 0.693824
vt 0.176975 0.672095
vt 0.179887 0.681791
vt 0.181612 0.697581
vt 0.167467 0.706348
vt 0.169004 0.716043
vt 0.183671 0.712320
vt 0.185753 0.723432
vt 0.249401 0.606823
vt 0.227819 0.615826
vt 0.227815 0.607922
vt 0.250454 0.615960
vt 0.230685 0.640259
vt 0.205521 0.637873
vt 0.205074 0.616759
vt 0.204839 0.608791
vt 0.255128 0.640314
vt 0.235670 0.667774
vt 0.260720 0.668057
vt 0.240478 0.678000
vt 0.215671 0.676675
vt 0.210567 0.666180
vt 0.189963 0.662287
vt 0.184840 0.637064
vt 0.195029 0.674212
vt 0.185840 0.609026
vt 0.185418 0.618404
vt 0.336316 0.605042
vt 0.314804 0.614654
vt 0.313295 0.605257
vt 0.338190 0.612381
vt 0.318938 0.640046
vt 0.295392 0.640764
vt 0.292024 0.616455
vt 0.291051 0.605706
vt 0.340894 0.642299
vt 0.324993 0.670982
vt 0.347575 0.670129
vt 0.301731 0.670401
vt 0.283474 0.669593
vt 0.276202 0.640022
vt 0.264181 0.677823
vt 0.272173 0.616324
vt 0.270464 0.606149
vt 0.203630 0.719528
vt 0.207343 0.730633
vt 0.200309 0.700358
vt 0.224881 0.704994
vt 0.228637 0.726349
vt 0.232134 0.736329
vt 0.198740 0.683905
vt 0.220495 0.684877
vt 0.245029 0.687070
vt 0.248449 0.711489
vt 0.253382 0.730130
vt 0.257364 0.739703
vt 0.502060 0.274988
vt 0.491537 0.257668
vt 0.504215 0.256537
vt 0.194217 0.758049
vt 0.158164 0.768003
vt 0.148530 0.747399
vt 0.142605 0.762693
vt 0.132738 0.758299
vt 0.128319 0.743297
vt 0.127491 0.755199
vt 0.123802 0.748422
vt 0.022032 0.968552
vt 0.015699 0.971448
vt 0.016284 0.958500
vt 0.493587 0.249775
vt 0.505447 0.248183
vt 0.024271 0.938480
vt 0.016852 0.944101
vt 0.017338 0.927946
vt 0.536137 0.403491
vt 0.522119 0.412105
vt 0.521072 0.403577
vt 0.166559 0.953150
vt 0.199477 0.946060
vt 0.200793 0.953318
vt 0.166718 0.961194
vt 0.202297 0.961225
vt 0.223868 0.947123
vt 0.226998 0.954331
vt 0.230720 0.962058
vt 0.510865 0.411259
vt 0.508494 0.402706
vt 0.398574 0.800318
vt 0.364123 0.780246
vt 0.412250 0.778076
vt 0.375145 0.802472
vt 0.352455 0.801808
vt 0.330738 0.799207
vt 0.310278 0.796312
vt 0.320431 0.775910
vt 0.484400 0.326558
vt 0.499941 0.342633
vt 0.484918 0.343949
vt 0.487574 0.362852
vt 0.501873 0.362253
vt 0.500019 0.310150
vt 0.486188 0.297349
vt 0.500693 0.296202
vt 0.283254 0.770593
vt 0.257756 0.788010
vt 0.247459 0.765744
vt 0.237168 0.784790
vt 0.209128 0.781049
vt 0.180235 0.774439
vt 0.488150 0.276033
vt 0.517042 0.274092
vt 0.518002 0.255642
vt 0.025587 0.905125
vt 0.017596 0.911642
vt 0.017711 0.895460
vt 0.518679 0.246981
vt 0.534840 0.255110
vt 0.017960 0.879416
vt 0.025971 0.864640
vt 0.018171 0.864665
vt 0.535248 0.273491
vt 0.542979 0.755001
vt 0.541592 0.746329
vt 0.549880 0.744610
vt 0.537001 0.757753
vt 0.532449 0.749883
vt 0.528425 0.763315
vt 0.510399 0.757296
vt 0.515948 0.770042
vt 0.498674 0.777330
vt 0.500903 0.409761
vt 0.245061 0.948962
vt 0.250152 0.955732
vt 0.535831 0.361439
vt 0.519126 0.384878
vt 0.517200 0.361768
vt 0.535997 0.384833
vt 0.505039 0.384418
vt 0.535577 0.340764
vt 0.515754 0.323392
vt 0.535463 0.322488
vt 0.516020 0.341489
vt 0.499556 0.324899
vt 0.465494 0.768971
vt 0.476330 0.784608
vt 0.450819 0.791253
vt 0.424370 0.796727
vt 0.491916 0.383761
vt 0.497089 0.401417
vt 0.515976 0.308704
vt 0.516402 0.294977
vt 0.535692 0.294173
vt 0.535567 0.307770
vt 0.498404 0.792409
vt 0.475577 0.792326
vt 0.497900 0.784503
vt 0.450171 0.799437
vt 0.330838 0.808044
vt 0.310608 0.814260
vt 0.310077 0.804976
vt 0.169392 0.722858
vt 0.148972 0.707163
vt 0.139451 0.702880
vt 0.168009 0.730321
vt 0.186648 0.730877
vt 0.185986 0.739021
vt 0.157149 0.714732
vt 0.394167 0.757474
vt 0.391590 0.749418
vt 0.275052 0.808503
vt 0.292671 0.802080
vt 0.292057 0.811382
vt 0.396229 0.767163
vt 0.411731 0.755163
vt 0.414160 0.764758
vt 0.375290 0.759678
vt 0.134412 0.693781
vt 0.115107 0.754946
vt 0.126220 0.758388
vt 0.123245 0.764254
vt 0.011385 0.970338
vt 0.011559 0.956989
vt 0.119736 0.750033
vt 0.006180 0.878697
vt 0.012955 0.864889
vt 0.013161 0.878910
vt 0.556979 0.720962
vt 0.534641 0.740926
vt 0.509343 0.739368
vt 0.531759 0.732028
vt 0.562034 0.727560
vt 0.563871 0.714837
vt 0.570347 0.719148
vt 0.568987 0.705087
vt 0.004557 0.956453
vt 0.004565 0.971052
vt 0.577147 0.708204
vt 0.572900 0.691972
vt 0.582109 0.694193
vt 0.208185 0.797601
vt 0.237063 0.793346
vt 0.237196 0.802187
vt 0.180211 0.782926
vt 0.208555 0.789273
vt 0.452899 0.757511
vt 0.480985 0.744819
vt 0.483290 0.753939
vt 0.539656 0.767386
vt 0.528016 0.769055
vt 0.537130 0.762315
vt 0.145919 0.711910
vt 0.154958 0.721085
vt 0.547500 0.759495
vt 0.132868 0.764429
vt 0.573961 0.630983
vt 0.580895 0.649484
vt 0.571801 0.650572
vt 0.005220 0.910327
vt 0.012910 0.894482
vt 0.012605 0.910876
vt 0.592821 0.648236
vt 0.583521 0.631204
vt 0.594824 0.631849
vt 0.577390 0.665376
vt 0.569036 0.666010
vt 0.121793 0.650671
vt 0.012139 0.926987
vt 0.004646 0.927073
vt 0.423852 0.814308
vt 0.398268 0.809160
vt 0.423835 0.805272
vt 0.574905 0.677825
vt 0.585259 0.679743
vt 0.588759 0.665238
vt 0.119534 0.611048
vt 0.123852 0.662783
vt 0.131465 0.771905
vt 0.142849 0.770227
vt 0.142159 0.778690
vt 0.550721 0.734250
vt 0.814229 0.085289
vt 0.814185 0.062374
vt 0.822076 0.062895
vt 0.005793 0.850010
vt 0.005870 0.865094
vt 0.012784 0.834222
vt 0.017952 0.849244
vt 0.012902 0.849580
vt 0.573792 0.603750
vt 0.582667 0.614358
vt 0.573194 0.613987
vt 0.593999 0.601704
vt 0.582700 0.602805
vt 0.208982 0.738042
vt 0.475777 0.800693
vt 0.208997 0.746521
vt 0.234147 0.743765
vt 0.234898 0.752542
vt 0.011878 0.942880
vt 0.398391 0.818425
vt 0.375085 0.810888
vt 0.352474 0.810337
vt 0.180191 0.792182
vt 0.260068 0.748109
vt 0.261519 0.757148
vt 0.284890 0.751826
vt 0.286885 0.761038
vt 0.307719 0.755566
vt 0.353075 0.819663
vt 0.375104 0.819779
vt 0.309965 0.764533
vt 0.330138 0.758248
vt 0.332132 0.767512
vt 0.529677 0.775449
vt 0.515273 0.776577
vt 0.276177 0.799382
vt 0.292303 0.793333
vt 0.795077 0.268418
vt 0.801161 0.250241
vt 0.803966 0.268351
vt 0.350847 0.759133
vt 0.353707 0.767697
vt 0.376563 0.767944
vt 0.131112 0.527768
vt 0.135826 0.537580
vt 0.127366 0.537407
vt 0.450222 0.808173
vt 0.546629 0.726233
vt 0.158438 0.776179
vt 0.157764 0.785474
vt 0.431590 0.751540
vt 0.511490 0.747374
vt 0.449533 0.749232
vt 0.332052 0.817232
vt 0.244012 0.941121
vt 0.222702 0.938643
vt 0.130259 0.684260
vt 0.004527 0.942184
vt 0.126724 0.673961
vt 0.119276 0.597578
vt 0.128283 0.584212
vt 0.128427 0.597598
vt 0.134411 0.937465
vt 0.166594 0.945832
vt 0.133844 0.945974
vt 0.533159 0.653983
vt 0.500249 0.653186
vt 0.533045 0.630845
vt 0.549719 0.652662
vt 0.497390 0.631586
vt 0.531548 0.614962
vt 0.497960 0.614247
vt 0.531949 0.605664
vt 0.550970 0.614228
vt 0.550948 0.631748
vt 0.563181 0.631310
vt 0.551186 0.604866
vt 0.563124 0.613925
vt 0.563281 0.604479
vt 0.561858 0.651636
vt 0.387529 0.666347
vt 0.384686 0.641642
vt 0.406998 0.659967
vt 0.406943 0.637871
vt 0.419896 0.655224
vt 0.402820 0.614826
vt 0.378978 0.613564
vt 0.401088 0.603899
vt 0.414346 0.602147
vt 0.416243 0.616548
vt 0.418275 0.635549
vt 0.446859 0.614636
vt 0.449669 0.632907
vt 0.495473 0.601254
vt 0.451819 0.650825
vt 0.498837 0.536011
vt 0.527934 0.519398
vt 0.529511 0.538527
vt 0.502551 0.515682
vt 0.526138 0.505556
vt 0.541758 0.509053
vt 0.544721 0.523674
vt 0.546987 0.540720
vt 0.502707 0.498670
vt 0.524740 0.492361
vt 0.502753 0.487352
vt 0.525360 0.480714
vt 0.540458 0.485297
vt 0.540554 0.497092
vt 0.550524 0.499357
vt 0.551804 0.510516
vt 0.550251 0.489405
vt 0.555800 0.492369
vt 0.557600 0.499833
vt 0.560114 0.511087
vt 0.554836 0.526105
vt 0.556245 0.540256
vt 0.563078 0.526421
vt 0.565258 0.539243
vt 0.155635 0.598188
vt 0.168309 0.598177
vt 0.143839 0.597687
vt 0.153154 0.583443
vt 0.166965 0.584382
vt 0.136052 0.597526
vt 0.135629 0.583770
vt 0.142798 0.583415
vt 0.136310 0.570061
vt 0.143554 0.568538
vt 0.128959 0.571197
vt 0.130662 0.558938
vt 0.138379 0.556995
vt 0.146299 0.554456
vt 0.154136 0.566052
vt 0.168267 0.561700
vt 0.158076 0.550737
vt 0.172924 0.546845
vt 0.277036 0.471611
vt 0.295092 0.478248
vt 0.271789 0.481912
vt 0.299917 0.467714
vt 0.316109 0.475302
vt 0.310541 0.495030
vt 0.290088 0.497727
vt 0.266362 0.500287
vt 0.321088 0.463848
vt 0.340846 0.474138
vt 0.343415 0.462940
vt 0.361577 0.473294
vt 0.356086 0.495843
vt 0.337292 0.496126
vt 0.331752 0.521879
vt 0.308287 0.522898
vt 0.352097 0.520687
vt 0.348186 0.530142
vt 0.325235 0.529598
vt 0.301896 0.531530
vt 0.285522 0.524375
vt 0.263198 0.527424
vt 0.279297 0.533502
vt 0.257792 0.536102
vt 0.392186 0.521282
vt 0.405671 0.533592
vt 0.387004 0.532484
vt 0.398297 0.496767
vt 0.412452 0.519666
vt 0.420360 0.498719
vt 0.428315 0.516083
vt 0.421898 0.534019
vt 0.401516 0.475811
vt 0.425121 0.468155
vt 0.423582 0.480637
vt 0.438312 0.481330
vt 0.434652 0.496984
vt 0.467108 0.495565
vt 0.441110 0.469889
vt 0.470612 0.482366
vt 0.503516 0.475434
vt 0.457797 0.534099
vt 0.461972 0.512865
vt 0.141001 0.521973
vt 0.145207 0.525390
vt 0.138392 0.528884
vt 0.146034 0.518315
vt 0.152590 0.520390
vt 0.151299 0.531054
vt 0.143480 0.534589
vt 0.153301 0.511769
vt 0.163802 0.514230
vt 0.164750 0.504237
vt 0.179027 0.507715
vt 0.177703 0.522899
vt 0.162697 0.527077
vt 0.161445 0.540029
vt 0.149618 0.542390
vt 0.176584 0.536701
vt 0.141129 0.545097
vt 0.133112 0.547611
vt 0.228397 0.601104
vt 0.250304 0.599881
vt 0.204049 0.600819
vt 0.228424 0.576843
vt 0.251295 0.575817
vt 0.183885 0.599055
vt 0.183099 0.583230
vt 0.202263 0.579321
vt 0.186124 0.555825
vt 0.207371 0.550356
vt 0.190686 0.543373
vt 0.211695 0.541675
vt 0.229976 0.548228
vt 0.253481 0.546884
vt 0.235433 0.538929
vt 0.314099 0.597293
vt 0.335869 0.596493
vt 0.291445 0.597799
vt 0.293594 0.574825
vt 0.316715 0.574405
vt 0.338431 0.573984
vt 0.271514 0.598575
vt 0.272661 0.574890
vt 0.275034 0.545711
vt 0.296948 0.544184
vt 0.320949 0.543867
vt 0.343470 0.543866
vt 0.180798 0.496051
vt 0.198590 0.499482
vt 0.202132 0.487441
vt 0.222743 0.492203
vt 0.218713 0.510761
vt 0.195103 0.518127
vt 0.226848 0.480890
vt 0.248704 0.485949
vt 0.253113 0.475755
vt 0.243953 0.504898
vt 0.240905 0.531521
vt 0.216024 0.534264
vt 0.193552 0.534719
vt 0.568043 0.274394
vt 0.578194 0.256855
vt 0.581865 0.275205
vt 0.024589 0.791064
vt 0.017475 0.801716
vt 0.017069 0.785620
vt 0.016568 0.770917
vt 0.022286 0.761080
vt 0.565484 0.255956
vt 0.576051 0.249015
vt 0.015793 0.758281
vt 0.861972 0.432657
vt 0.850090 0.433428
vt 0.847046 0.428234
vt 0.858001 0.412500
vt 0.842676 0.418344
vt 0.837398 0.402737
vt 0.847843 0.366590
vt 0.831277 0.380265
vt 0.550451 0.411857
vt 0.536244 0.412105
vt 0.551461 0.403273
vt 0.561652 0.410674
vt 0.130934 0.961146
vt 0.106321 0.954316
vt 0.132504 0.953231
vt 0.109469 0.947085
vt 0.805784 0.162783
vt 0.826278 0.196339
vt 0.804204 0.186388
vt 0.804435 0.207631
vt 0.583933 0.361736
vt 0.571152 0.342074
vt 0.586269 0.343106
vt 0.586485 0.325670
vt 0.807065 0.229583
vt 0.830480 0.240153
vt 0.810048 0.250555
vt 0.570682 0.309635
vt 0.584250 0.296376
vt 0.585534 0.310751
vt 0.569912 0.295552
vt 0.825409 0.351177
vt 0.840462 0.313498
vt 0.821408 0.323382
vt 0.818323 0.302666
vt 0.835550 0.277434
vt 0.814850 0.285368
vt 0.553243 0.273757
vt 0.551684 0.255346
vt 0.550843 0.246687
vt 0.025619 0.824425
vt 0.017787 0.833739
vt 0.564075 0.247565
vt 0.017715 0.817888
vt 0.851760 0.018050
vt 0.860400 0.019497
vt 0.848994 0.023985
vt 0.856904 0.028644
vt 0.843445 0.032518
vt 0.088327 0.948934
vt 0.083255 0.955689
vt 0.102566 0.962167
vt 0.077049 0.963173
vt 0.571512 0.409020
vt 0.563808 0.402028
vt 0.575065 0.400607
vt 0.849721 0.050648
vt 0.836730 0.044931
vt 0.829291 0.062138
vt 0.553161 0.384578
vt 0.554593 0.361502
vt 0.566901 0.383809
vt 0.555295 0.323060
vt 0.571259 0.324308
vt 0.555391 0.341160
vt 0.569680 0.361675
vt 0.837992 0.095528
vt 0.821922 0.084561
vt 0.815139 0.110381
vt 0.579896 0.382840
vt 0.828606 0.149041
vt 0.809575 0.137202
vt 0.554929 0.308442
vt 0.554574 0.294679
vt 0.203459 0.471691
vt 0.228847 0.473483
vt 0.203895 0.479795
vt 0.805838 0.085074
vt 0.806994 0.110996
vt 0.798288 0.110881
vt 0.850233 0.445697
vt 0.846912 0.434673
vt 0.855021 0.440811
vt 0.847299 0.013511
vt 0.862134 0.011246
vt 0.145091 0.513806
vt 0.152848 0.505829
vt 0.162919 0.489548
vt 0.181517 0.488170
vt 0.164719 0.497155
vt 0.135702 0.518446
vt 0.302326 0.459292
vt 0.323421 0.455684
vt 0.280176 0.463131
vt 0.348843 0.444123
vt 0.368548 0.452657
vt 0.345617 0.453689
vt 0.281484 0.453861
vt 0.572392 0.494495
vt 0.568143 0.510161
vt 0.564057 0.498218
vt 0.004781 0.772243
vt 0.011808 0.758877
vt 0.011739 0.772041
vt 0.856776 0.437253
vt 0.813691 0.380329
vt 0.817090 0.350497
vt 0.822548 0.379765
vt 0.541825 0.477468
vt 0.526692 0.472186
vt 0.556611 0.475854
vt 0.559039 0.488914
vt 0.552023 0.482642
vt 0.528758 0.463684
vt 0.504594 0.466419
vt 0.505706 0.458041
vt 0.120056 0.571281
vt 0.119352 0.584186
vt 0.141721 0.509103
vt 0.839389 0.021270
vt 0.837707 0.032892
vt 0.831300 0.031186
vt 0.844445 0.023827
vt 0.110638 0.938608
vt 0.124153 0.547802
vt 0.121714 0.559113
vt 0.404069 0.463953
vt 0.387158 0.453592
vt 0.405342 0.455386
vt 0.385597 0.461866
vt 0.370306 0.443432
vt 0.591181 0.554520
vt 0.582377 0.570097
vt 0.580094 0.555517
vt 0.005262 0.819383
vt 0.005732 0.834704
vt 0.012368 0.802868
vt 0.012543 0.818774
vt 0.833398 0.429498
vt 0.835092 0.417872
vt 0.840942 0.428154
vt 0.544968 0.469423
vt 0.841068 0.437757
vt 0.256075 0.459144
vt 0.255546 0.468288
vt 0.180570 0.480054
vt 0.005789 0.894422
vt 0.594301 0.615419
vt 0.571414 0.525556
vt 0.574513 0.538710
vt 0.011965 0.786812
vt 0.004505 0.787433
vt 0.578422 0.507471
vt 0.004835 0.803314
vt 0.303820 0.449690
vt 0.787434 0.206923
vt 0.795654 0.186348
vt 0.795655 0.207387
vt 0.796988 0.163035
vt 0.830139 0.045564
vt 0.822831 0.044559
vt 0.150300 0.499461
vt 0.819920 0.402955
vt 0.829245 0.402528
vt 0.257046 0.805437
vt 0.257871 0.796197
vt 0.275746 0.790539
vt 0.389668 0.443932
vt 0.798717 0.285898
vt 0.806217 0.285302
vt 0.812848 0.268716
vt 0.801055 0.137643
vt 0.792144 0.137507
vt 0.229316 0.464566
vt 0.787789 0.162961
vt 0.472798 0.469193
vt 0.444193 0.460927
vt 0.473302 0.461321
vt 0.808193 0.351865
vt 0.813091 0.323138
vt 0.447413 0.450801
vt 0.826555 0.418552
vt 0.366014 0.461757
vt 0.789181 0.229415
vt 0.797966 0.229223
vt 0.325390 0.446736
vt 0.800872 0.303886
vt 0.809572 0.302694
vt 0.792000 0.250001
vt 0.582806 0.522988
vt 0.565308 0.483849
vt 0.089371 0.941110
vt 0.198924 0.937548
vt 0.166617 0.937286
vt 0.120519 0.637811
vt 0.572951 0.570194
vt 0.570081 0.555030
vt 0.583891 0.587453
vt 0.587371 0.538041
vt 0.497384 0.547059
vt 0.530728 0.547614
vt 0.548117 0.549891
vt 0.531229 0.568429
vt 0.495522 0.565855
vt 0.558350 0.552247
vt 0.562195 0.569960
vt 0.551017 0.568995
vt 0.551330 0.589236
vt 0.563622 0.588820
vt 0.494510 0.583813
vt 0.531128 0.588678
vt 0.404103 0.548923
vt 0.383679 0.545377
vt 0.417917 0.550561
vt 0.415284 0.567954
vt 0.405049 0.570409
vt 0.380414 0.572371
vt 0.452738 0.548501
vt 0.447758 0.566827
vt 0.445963 0.582145
vt 0.414663 0.587021
vt 0.446758 0.598106
vt 0.402727 0.592354
vt 0.377609 0.596332
vt 0.376891 0.605186
vt 0.357302 0.597038
vt 0.360218 0.572985
vt 0.356531 0.605292
vt 0.364962 0.544143
vt 0.369455 0.531299
vt 0.427017 0.448363
vt 0.426119 0.458841
vt 0.804054 0.323625
vt 0.377568 0.495436
vt 0.381695 0.473461
vt 0.374114 0.521460
vt 0.358344 0.613281
vt 0.363468 0.642416
vt 0.369002 0.669558
vt 0.371400 0.676925
vt 0.476387 0.453586
vt 0.407858 0.445675
vt 0.432819 0.761072
vt 0.485147 0.311660
vt 0.382114 0.717419
vt 0.386838 0.735357
vt 0.375476 0.689053
vt 0.516255 0.783874
vt 0.530381 0.776677
vt 0.516798 0.785202
vt 0.498811 0.793800
vt 0.167392 0.731642
vt 0.185547 0.740424
vt 0.154152 0.722266
vt 0.144931 0.712896
vt 0.138298 0.703652
vt 0.548515 0.760442
vt 0.540524 0.768474
vt 0.130916 0.773294
vt 0.122469 0.765470
vt 0.563174 0.728632
vt 0.571685 0.720037
vt 0.551582 0.735480
vt 0.535282 0.742336
vt 0.512013 0.748695
vt 0.157492 0.786990
vt 0.180084 0.793571
vt 0.141856 0.780116
vt 0.557253 0.747383
vt 0.561521 0.743999
vt 0.555333 0.752373
vt 0.133122 0.694367
vt 0.128870 0.684701
vt 0.125276 0.674297
vt 0.122378 0.663036
vt 0.217134 0.936779
vt 0.228391 0.937631
vt 0.003101 0.956515
vt 0.003093 0.942102
vt 0.003152 0.927178
vt 0.587045 0.680214
vt 0.590684 0.665272
vt 0.578639 0.708835
vt 0.114130 0.756096
vt 0.003028 0.971273
vt 0.004590 0.878680
vt 0.004326 0.865197
vt 0.595879 0.601566
vt 0.596192 0.615560
vt 0.594690 0.648268
vt 0.003677 0.910322
vt 0.004186 0.894465
vt 0.450495 0.809610
vt 0.424144 0.815744
vt 0.398646 0.819878
vt 0.261446 0.758630
vt 0.286974 0.762539
vt 0.234758 0.753998
vt 0.208722 0.747963
vt 0.476086 0.802116
vt 0.332183 0.818684
vt 0.310658 0.815732
vt 0.354310 0.769424
vt 0.376920 0.769585
vt 0.332405 0.769044
vt 0.310188 0.766085
vt 0.375311 0.821473
vt 0.353251 0.821258
vt 0.208087 0.799234
vt 0.483644 0.755446
vt 0.453585 0.759017
vt 0.433081 0.762641
vt 0.414528 0.766305
vt 0.256939 0.806860
vt 0.274883 0.810043
vt 0.237144 0.803646
vt 0.192664 0.935970
vt 0.205199 0.936238
vt 0.119002 0.637949
vt 0.120298 0.650863
vt 0.118313 0.624617
vt 0.119856 0.624529
vt 0.117966 0.611084
vt 0.166697 0.935843
vt 0.179747 0.935870
vt 0.838303 0.020396
vt 0.846356 0.012491
vt 0.134483 0.517698
vt 0.140663 0.508137
vt 0.149430 0.498295
vt 0.162235 0.488233
vt 0.180073 0.478677
vt 0.821510 0.044016
vt 0.812800 0.061970
vt 0.830068 0.030472
vt 0.825083 0.418894
vt 0.818369 0.403191
vt 0.812273 0.380492
vt 0.506081 0.456739
vt 0.529285 0.462315
vt 0.545700 0.468234
vt 0.557646 0.474770
vt 0.566607 0.482943
vt 0.839826 0.438538
vt 0.832002 0.430045
vt 0.104948 0.937626
vt 0.116211 0.936713
vt 0.122667 0.547535
vt 0.120221 0.558926
vt 0.125916 0.537020
vt 0.129753 0.527214
vt 0.854435 0.005770
vt 0.084103 0.940542
vt 0.094280 0.938866
vt 0.004885 0.758170
vt 0.003123 0.772097
vt 0.003336 0.757934
vt 0.849088 0.446706
vt 0.573964 0.493694
vt 0.584608 0.522285
vt 0.589241 0.537845
vt 0.003011 0.787580
vt 0.003308 0.803263
vt 0.004192 0.834701
vt 0.003737 0.819440
vt 0.592903 0.554235
vt 0.593494 0.569923
vt 0.594849 0.586156
vt 0.596564 0.585895
vt 0.004319 0.850136
vt 0.804412 0.084771
vt 0.203074 0.470224
vt 0.229144 0.463061
vt 0.255987 0.457451
vt 0.281438 0.452337
vt 0.790694 0.137272
vt 0.786324 0.162752
vt 0.796844 0.110626
vt 0.786046 0.185561
vt 0.786006 0.206759
vt 0.784565 0.185368
vt 0.303941 0.448067
vt 0.325649 0.445157
vt 0.348955 0.442572
vt 0.370574 0.441714
vt 0.790582 0.249969
vt 0.787838 0.229384
vt 0.802447 0.323777
vt 0.799368 0.303984
vt 0.796974 0.285762
vt 0.408364 0.444166
vt 0.427271 0.446657
vt 0.447917 0.449068
vt 0.476963 0.451900
vt 0.806521 0.351996
vt 0.153654 0.935840
vt 0.117724 0.597545
vt 0.117836 0.584115
vt 0.118561 0.571158
vt 0.128138 0.936173
vt 0.140676 0.935874
vt 0.396610 0.768640
vt 0.291994 0.812855
vt 0.793562 0.268435
vt 0.390091 0.442344
vt 0.574817 0.588218
vt 0.938271 0.406984
vt 0.954002 0.401685
vt 0.957204 0.416768
vt 0.948106 0.380922
vt 0.021608 0.474753
vt 0.009085 0.457890
vt 0.022534 0.456525
vt 0.974681 0.049239
vt 0.947936 0.008601
vt 0.980290 0.003590
vt 0.932595 0.039679
vt 0.938629 0.054312
vt 0.931580 0.374927
vt 0.922463 0.365067
vt 0.937057 0.369091
vt 0.946043 0.374292
vt 0.952021 0.381377
vt 0.954468 0.386337
vt 0.961217 0.403604
vt 0.964733 0.417729
vt 0.112625 0.401086
vt 0.065856 0.418793
vt 0.063447 0.396546
vt 0.930765 0.569106
vt 0.927627 0.550588
vt 0.933666 0.542139
vt 0.915573 0.524550
vt 0.913931 0.554427
vt 0.059396 0.550471
vt 0.036530 0.581378
vt 0.035497 0.550428
vt 0.057155 0.605894
vt 0.058332 0.581413
vt 0.928937 0.481265
vt 0.915576 0.480061
vt 0.961134 0.449579
vt 0.943833 0.475735
vt 0.942516 0.440480
vt 0.961155 0.556127
vt 0.964762 0.588006
vt 0.957227 0.588970
vt 0.877892 0.526662
vt 0.876425 0.559977
vt 0.920057 0.194052
vt 0.961138 0.240391
vt 0.920192 0.244451
vt 0.912805 0.270846
vt 0.909908 0.249918
vt 0.908421 0.230496
vt 0.908597 0.209111
vt 0.910701 0.182365
vt 0.003009 0.531717
vt 0.019498 0.551293
vt 0.003344 0.552777
vt 0.967450 0.120989
vt 0.019347 0.529487
vt 0.004646 0.504973
vt 0.020311 0.502995
vt 0.961797 0.187732
vt 0.927694 0.127125
vt 0.914961 0.148024
vt 0.920616 0.109486
vt 0.926777 0.071711
vt 0.007123 0.476207
vt 0.962246 0.484804
vt 0.969151 0.449806
vt 0.970632 0.484825
vt 0.189201 0.164980
vt 0.148990 0.189674
vt 0.149469 0.165010
vt 0.934204 0.515961
vt 0.928935 0.523349
vt 0.970652 0.520848
vt 0.962259 0.520875
vt 0.036332 0.474302
vt 0.916993 0.600894
vt 0.909481 0.584782
vt 0.923695 0.576171
vt 0.920698 0.597716
vt 0.922931 0.590803
vt 0.915107 0.607007
vt 0.902719 0.615565
vt 0.905390 0.620781
vt 0.894829 0.628409
vt 0.866756 0.631646
vt 0.872542 0.595087
vt 0.928413 0.575423
vt 0.024345 0.605415
vt 0.021781 0.581407
vt 0.035449 0.528300
vt 0.059103 0.502106
vt 0.059478 0.528312
vt 0.035844 0.502084
vt 0.058636 0.474304
vt 0.943833 0.529949
vt 0.943229 0.364421
vt 0.969216 0.311226
vt 0.980049 0.368443
vt 0.877158 0.637327
vt 0.853233 0.644284
vt 0.929875 0.351592
vt 0.930046 0.310330
vt 0.923034 0.324177
vt 0.917346 0.296131
vt 0.006586 0.581130
vt 0.010296 0.604088
vt 0.036650 0.456167
vt 0.058327 0.456167
vt 0.038892 0.427564
vt 0.034952 0.413696
vt 0.068003 0.433070
vt 0.043595 0.435707
vt 0.113447 0.423272
vt 0.031006 0.391495
vt 0.026723 0.412175
vt 0.022315 0.389983
vt 0.031238 0.425921
vt 0.036865 0.433793
vt 0.044229 0.439072
vt 0.070152 0.442022
vt 0.049298 0.441423
vt 0.081699 0.451364
vt 0.062866 0.446371
vt 0.108094 0.188064
vt 0.055412 0.161766
vt 0.109500 0.163967
vt 0.114532 0.447729
vt 0.114055 0.437967
vt 0.154750 0.014828
vt 0.127632 0.008689
vt 0.155271 0.007915
vt 0.129504 0.003488
vt 0.155720 0.003014
vt 0.185341 0.044678
vt 0.152357 0.071041
vt 0.153328 0.044675
vt 0.184553 0.026328
vt 0.154118 0.026322
vt 0.183926 0.014836
vt 0.183407 0.007926
vt 0.123388 0.027436
vt 0.091811 0.012965
vt 0.125625 0.015831
vt 0.086839 0.020976
vt 0.080745 0.033060
vt 0.120818 0.045714
vt 0.074835 0.051076
vt 0.117868 0.071773
vt 0.069197 0.076021
vt 0.150599 0.423672
vt 0.052918 0.183703
vt 0.013707 0.198901
vt 0.015458 0.180031
vt 0.051712 0.204158
vt 0.013396 0.220663
vt 0.008696 0.159662
vt 0.005336 0.178951
vt 0.003420 0.197376
vt 0.003014 0.218845
vt 0.004339 0.246312
vt 0.051649 0.226914
vt 0.014666 0.248251
vt 0.102246 0.005493
vt 0.052673 0.254888
vt 0.107599 0.233872
vt 0.108174 0.262105
vt 0.107523 0.210154
vt 0.018632 0.160157
vt 0.054739 0.289645
vt 0.021793 0.321921
vt 0.017624 0.283196
vt 0.057520 0.327856
vt 0.026484 0.359663
vt 0.109125 0.296431
vt 0.007550 0.281300
vt 0.012127 0.320161
vt 0.017304 0.358056
vt 0.060568 0.365047
vt 0.989245 0.094150
vt 0.977694 0.121066
vt 0.978098 0.093641
vt 0.111536 0.370156
vt 0.110309 0.333821
vt 0.150741 0.438520
vt 0.150832 0.448628
vt 0.114913 0.455429
vt 0.150379 0.401596
vt 0.182960 0.003026
vt 0.187762 0.456733
vt 0.187825 0.448635
vt 0.187916 0.438532
vt 0.188058 0.423685
vt 0.150282 0.135188
vt 0.114763 0.102755
vt 0.151297 0.102525
vt 0.070243 0.017776
vt 0.060467 0.026496
vt 0.050986 0.038858
vt 0.073261 0.013773
vt 0.064120 0.019498
vt 0.050563 0.029729
vt 0.042844 0.040522
vt 0.042354 0.056553
vt 0.033453 0.058110
vt 0.092123 0.008466
vt 0.080221 0.011829
vt 0.189640 0.264350
vt 0.149332 0.298357
vt 0.149029 0.264365
vt 0.188390 0.135168
vt 0.187373 0.102517
vt 0.111839 0.134795
vt 0.063914 0.105191
vt 0.059200 0.134984
vt 0.148801 0.212206
vt 0.148836 0.236151
vt 0.188280 0.401606
vt 0.189837 0.236164
vt 0.189865 0.212197
vt 0.189677 0.189650
vt 0.034930 0.080427
vt 0.028544 0.107907
vt 0.023077 0.135615
vt 0.025556 0.081663
vt 0.018911 0.108650
vt 0.013287 0.135761
vt 0.149697 0.335237
vt 0.150067 0.371049
vt 0.188592 0.371051
vt 0.188965 0.335230
vt 0.189332 0.298342
vt 0.923613 0.749518
vt 0.934762 0.785956
vt 0.923613 0.786387
vt 0.974942 0.562012
vt 0.983019 0.583291
vt 0.971992 0.581601
vt 0.987112 0.550141
vt 0.986005 0.563443
vt 0.978008 0.532278
vt 0.976010 0.549019
vt 0.978969 0.521483
vt 0.989140 0.533182
vt 0.979589 0.977296
vt 0.988691 0.966182
vt 0.990519 0.975066
vt 0.976196 0.957921
vt 0.977707 0.968209
vt 0.974923 0.942813
vt 0.987278 0.956577
vt 0.974051 0.919709
vt 0.986059 0.942105
vt 0.942860 0.852851
vt 0.926413 0.822276
vt 0.937486 0.820906
vt 0.988848 0.121254
vt 0.977526 0.147408
vt 0.991258 0.063972
vt 0.979423 0.070675
vt 0.979549 0.063421
vt 0.991137 0.071233
vt 0.978801 0.083073
vt 0.990323 0.087502
vt 0.946208 0.867037
vt 0.931962 0.855244
vt 0.951134 0.884930
vt 0.936585 0.874108
vt 0.941995 0.893401
vt 0.940419 0.888034
vt 0.977526 0.174780
vt 0.988681 0.147436
vt 0.988681 0.174752
vt 0.933672 0.462474
vt 0.934204 0.488653
vt 0.958666 0.662069
vt 0.967909 0.687552
vt 0.956728 0.687611
vt 0.962782 0.633928
vt 0.969783 0.663116
vt 0.967655 0.606158
vt 0.973830 0.635517
vt 0.978671 0.607935
vt 0.969926 0.775233
vt 0.976971 0.746662
vt 0.981024 0.774012
vt 0.965991 0.748659
vt 0.972484 0.725533
vt 0.961550 0.727746
vt 0.969077 0.707215
vt 0.957995 0.708655
vt 0.973677 0.887110
vt 0.985202 0.919406
vt 0.973299 0.848783
vt 0.984831 0.886959
vt 0.972265 0.809801
vt 0.984453 0.848547
vt 0.983409 0.809245
vt 0.938277 0.598766
vt 0.954024 0.604067
vt 0.948127 0.624851
vt 0.931587 0.630854
vt 0.073365 0.474766
vt 0.085904 0.457904
vt 0.087857 0.476231
vt 0.911182 0.322644
vt 0.884436 0.363283
vt 0.875130 0.317571
vt 0.869096 0.332205
vt 0.937070 0.636694
vt 0.922463 0.640725
vt 0.946063 0.631487
vt 0.952045 0.624395
vt 0.954494 0.619430
vt 0.961245 0.602144
vt 0.272804 0.418815
vt 0.226033 0.401098
vt 0.275219 0.396565
vt 0.930775 0.435501
vt 0.927634 0.454022
vt 0.923705 0.428434
vt 0.942520 0.565238
vt 0.877886 0.477952
vt 0.913936 0.450181
vt 0.897638 0.131492
vt 0.856557 0.177831
vt 0.856692 0.127433
vt 0.849305 0.101037
vt 0.846408 0.121965
vt 0.844921 0.141387
vt 0.845097 0.162772
vt 0.847201 0.189518
vt 0.075400 0.551352
vt 0.091925 0.531782
vt 0.091557 0.552860
vt 0.903950 0.250895
vt 0.864195 0.244758
vt 0.075581 0.529527
vt 0.090315 0.505018
vt 0.898297 0.184151
vt 0.851462 0.223859
vt 0.857116 0.262398
vt 0.863278 0.300172
vt 0.074643 0.503026
vt 0.969179 0.555898
vt 0.213041 0.015845
vt 0.072449 0.456531
vt 0.917004 0.403704
vt 0.909488 0.419819
vt 0.902728 0.389027
vt 0.920709 0.406884
vt 0.915118 0.397589
vt 0.905401 0.383811
vt 0.894838 0.376178
vt 0.866758 0.372937
vt 0.877164 0.367256
vt 0.872541 0.409507
vt 0.876421 0.444627
vt 0.928423 0.429183
vt 0.922943 0.413798
vt 0.070472 0.605442
vt 0.073073 0.581460
vt 0.879729 0.007462
vt 0.905716 0.060657
vt 0.866546 0.061553
vt 0.853233 0.360294
vt 0.866375 0.020291
vt 0.859534 0.047706
vt 0.853846 0.075753
vt 0.088263 0.581209
vt 0.084511 0.604143
vt 0.299771 0.427594
vt 0.270653 0.433093
vt 0.295065 0.435738
vt 0.268501 0.442046
vt 0.225208 0.423285
vt 0.303716 0.413725
vt 0.307668 0.391519
vt 0.311946 0.412205
vt 0.307427 0.425953
vt 0.301796 0.433825
vt 0.294430 0.439103
vt 0.289358 0.441453
vt 0.275787 0.446398
vt 0.256950 0.451386
vt 0.230576 0.188046
vt 0.283256 0.161744
vt 0.285754 0.183681
vt 0.224118 0.447742
vt 0.224597 0.437980
vt 0.211034 0.008705
vt 0.209164 0.003505
vt 0.215276 0.027445
vt 0.217845 0.045717
vt 0.245717 0.012770
vt 0.251813 0.020985
vt 0.257906 0.033064
vt 0.263816 0.051074
vt 0.220795 0.071770
vt 0.324972 0.198875
vt 0.323217 0.180002
vt 0.325288 0.220641
vt 0.286963 0.204139
vt 0.329974 0.159629
vt 0.320038 0.160127
vt 0.335262 0.197347
vt 0.333340 0.178919
vt 0.335672 0.218821
vt 0.334351 0.246295
vt 0.324021 0.248236
vt 0.287029 0.226899
vt 0.236410 0.005511
vt 0.231074 0.233864
vt 0.286007 0.254877
vt 0.230499 0.262096
vt 0.231149 0.210142
vt 0.283941 0.289640
vt 0.316893 0.321926
vt 0.281157 0.327860
vt 0.312197 0.359679
vt 0.278103 0.365059
vt 0.229545 0.296423
vt 0.321065 0.283190
vt 0.331141 0.281293
vt 0.326562 0.320167
vt 0.321380 0.358073
vt 0.316361 0.390009
vt 0.989245 0.228037
vt 0.977694 0.201122
vt 0.988848 0.200934
vt 0.227127 0.370162
vt 0.228358 0.333820
vt 0.223735 0.455440
vt 0.223902 0.102745
vt 0.268402 0.017784
vt 0.278176 0.026500
vt 0.265384 0.013793
vt 0.258425 0.011852
vt 0.274523 0.019505
vt 0.288077 0.029730
vt 0.287656 0.038856
vt 0.295795 0.040518
vt 0.296289 0.056544
vt 0.246528 0.008492
vt 0.186311 0.071040
vt 0.226828 0.134778
vt 0.229169 0.163946
vt 0.269457 0.076011
vt 0.274744 0.105175
vt 0.279464 0.134963
vt 0.303717 0.080409
vt 0.310110 0.107882
vt 0.305188 0.058097
vt 0.313089 0.081641
vt 0.319742 0.108622
vt 0.315586 0.135586
vt 0.325375 0.135729
vt 0.107014 0.855530
vt 0.098935 0.876808
vt 0.095987 0.857219
vt 0.111104 0.888681
vt 0.100002 0.889801
vt 0.101999 0.906543
vt 0.113130 0.905640
vt 0.102958 0.917338
vt 0.103625 0.461525
vt 0.112726 0.472640
vt 0.101742 0.470611
vt 0.100229 0.480899
vt 0.111311 0.482244
vt 0.098955 0.496007
vt 0.110091 0.496716
vt 0.098080 0.519111
vt 0.926413 0.713630
vt 0.942860 0.683054
vt 0.937486 0.714999
vt 0.934762 0.749950
vt 0.991257 0.258216
vt 0.979386 0.251516
vt 0.991136 0.250955
vt 0.978764 0.239118
vt 0.990323 0.234686
vt 0.978098 0.228547
vt 0.931962 0.680662
vt 0.946208 0.668868
vt 0.936585 0.661798
vt 0.951134 0.650976
vt 0.941995 0.642504
vt 0.952694 0.645661
vt 0.091915 0.751267
vt 0.082670 0.776750
vt 0.080734 0.751207
vt 0.093787 0.775704
vt 0.086783 0.804891
vt 0.097831 0.803303
vt 0.091653 0.832662
vt 0.102669 0.830886
vt 0.093941 0.663587
vt 0.100983 0.692159
vt 0.090003 0.690160
vt 0.096494 0.713287
vt 0.085560 0.711073
vt 0.093085 0.731604
vt 0.082004 0.730164
vt 0.109232 0.519415
vt 0.097703 0.551710
vt 0.108857 0.551862
vt 0.097322 0.590037
vt 0.108475 0.590274
vt 0.096283 0.629019
vt 0.107427 0.629577
vt 0.592231 0.768578
vt 0.580055 0.776864
vt 0.578402 0.769940
vt 0.594446 0.776288
vt 0.582075 0.786374
vt 0.567430 0.779440
vt 0.566517 0.773141
vt 0.596828 0.785815
vt 0.583582 0.800284
vt 0.600107 0.817949
vt 0.598287 0.798539
vt 0.584463 0.819510
vt 0.567527 0.802907
vt 0.567396 0.788912
vt 0.556288 0.791489
vt 0.567647 0.821033
vt 0.555334 0.804777
vt 0.554445 0.822630
vt 0.546875 0.805491
vt 0.548472 0.792684
vt 0.557013 0.776606
vt 0.557274 0.782375
vt 0.550172 0.784126
vt 0.551715 0.779305
vt 0.592297 0.940820
vt 0.578838 0.919070
vt 0.594828 0.918391
vt 0.590004 0.954407
vt 0.579686 0.941238
vt 0.577695 0.955611
vt 0.558219 0.940095
vt 0.561493 0.919787
vt 0.588119 0.964335
vt 0.587072 0.971874
vt 0.573755 0.965391
vt 0.570503 0.972405
vt 0.554425 0.964403
vt 0.555881 0.954793
vt 0.544069 0.954395
vt 0.553404 0.971447
vt 0.543008 0.963659
vt 0.535373 0.968127
vt 0.533937 0.963463
vt 0.533459 0.954631
vt 0.547356 0.920731
vt 0.545366 0.940552
vt 0.534154 0.940912
vt 0.535967 0.921687
vt 0.650388 0.937649
vt 0.640584 0.916701
vt 0.651758 0.916667
vt 0.651342 0.953546
vt 0.639232 0.938347
vt 0.638165 0.953958
vt 0.626671 0.937965
vt 0.624756 0.916475
vt 0.637606 0.965459
vt 0.652289 0.965307
vt 0.637300 0.972549
vt 0.623275 0.965553
vt 0.625719 0.953841
vt 0.600694 0.953878
vt 0.621155 0.974270
vt 0.600089 0.964814
vt 0.606359 0.916963
vt 0.602872 0.938660
vt 0.656323 0.772758
vt 0.637516 0.765981
vt 0.655348 0.765681
vt 0.656572 0.782380
vt 0.636663 0.772991
vt 0.625727 0.782326
vt 0.623911 0.772793
vt 0.622387 0.765937
vt 0.636950 0.796475
vt 0.636110 0.782206
vt 0.655997 0.815625
vt 0.656438 0.796146
vt 0.626835 0.816343
vt 0.627038 0.796398
vt 0.605394 0.784072
vt 0.605684 0.797087
vt 0.606860 0.816684
vt 0.606860 0.774294
vt 0.606880 0.766626
vt 0.623109 0.508622
vt 0.628203 0.524318
vt 0.621778 0.524760
vt 0.624409 0.494984
vt 0.629185 0.508234
vt 0.630174 0.493977
vt 0.638502 0.507487
vt 0.637675 0.523803
vt 0.625794 0.483867
vt 0.627169 0.476941
vt 0.630820 0.482255
vt 0.630955 0.473812
vt 0.638990 0.479707
vt 0.639027 0.492378
vt 0.664729 0.472405
vt 0.669849 0.477413
vt 0.664225 0.477844
vt 0.665157 0.468206
vt 0.670313 0.471710
vt 0.670738 0.467174
vt 0.677766 0.474068
vt 0.663776 0.484196
vt 0.669057 0.490882
vt 0.663427 0.491077
vt 0.669412 0.483923
vt 0.676812 0.487226
vt 0.723309 0.474268
vt 0.732747 0.488521
vt 0.720657 0.487813
vt 0.725932 0.464086
vt 0.735507 0.475717
vt 0.742188 0.469904
vt 0.740515 0.476570
vt 0.738286 0.488980
vt 0.719161 0.502416
vt 0.731110 0.521861
vt 0.718769 0.521858
vt 0.731308 0.502728
vt 0.736962 0.503101
vt 0.736824 0.521867
vt 0.617440 0.579338
vt 0.622976 0.599326
vt 0.616249 0.599031
vt 0.618644 0.559601
vt 0.624091 0.579406
vt 0.625560 0.559916
vt 0.633888 0.579764
vt 0.632715 0.599721
vt 0.620425 0.541902
vt 0.627065 0.541465
vt 0.636655 0.541333
vt 0.635461 0.560210
vt 0.663180 0.498386
vt 0.668654 0.505948
vt 0.663029 0.506048
vt 0.668810 0.498239
vt 0.676228 0.502021
vt 0.662947 0.513989
vt 0.668530 0.522139
vt 0.662924 0.522122
vt 0.668553 0.513939
vt 0.675978 0.521870
vt 0.607298 0.560601
vt 0.612287 0.579402
vt 0.605498 0.579582
vt 0.608257 0.542822
vt 0.613592 0.559836
vt 0.616882 0.524872
vt 0.615264 0.542247
vt 0.816942 0.457278
vt 0.833078 0.455928
vt 0.826508 0.462794
vt 0.621258 0.470730
vt 0.630137 0.468365
vt 0.625328 0.474647
vt 0.638942 0.469915
vt 0.555646 0.772361
vt 0.564734 0.768583
vt 0.576976 0.764285
vt 0.588715 0.754428
vt 0.590663 0.762018
vt 0.552383 0.767600
vt 0.549124 0.777578
vt 0.544827 0.774257
vt 0.600087 0.972742
vt 0.586434 0.977380
vt 0.619731 0.981409
vt 0.599920 0.979480
vt 0.525429 0.871373
vt 0.531106 0.898238
vt 0.522462 0.897773
vt 0.618153 0.990037
vt 0.613623 0.493996
vt 0.618225 0.508913
vt 0.611527 0.509036
vt 0.622149 0.483517
vt 0.620006 0.495115
vt 0.607771 0.686537
vt 0.612725 0.671153
vt 0.614302 0.686301
vt 0.672249 0.445976
vt 0.696717 0.457727
vt 0.671449 0.459834
vt 0.542641 0.792796
vt 0.545307 0.823061
vt 0.540681 0.805303
vt 0.545263 0.783780
vt 0.533074 0.804364
vt 0.538658 0.823049
vt 0.530602 0.822439
vt 0.669854 0.761961
vt 0.669300 0.767685
vt 0.703521 0.752276
vt 0.716769 0.761810
vt 0.702048 0.759562
vt 0.670837 0.752863
vt 0.654557 0.759584
vt 0.654101 0.751746
vt 0.684050 0.765308
vt 0.698065 0.443285
vt 0.739100 0.455682
vt 0.610232 0.525273
vt 0.836695 0.468160
vt 0.742889 0.476541
vt 0.528271 0.964148
vt 0.526479 0.954936
vt 0.532329 0.970102
vt 0.526695 0.941281
vt 0.519883 0.921846
vt 0.528348 0.922049
vt 0.527534 0.973781
vt 0.757870 0.777299
vt 0.757349 0.783951
vt 0.755516 0.778956
vt 0.767587 0.805264
vt 0.776755 0.822103
vt 0.769664 0.823017
vt 0.762147 0.774275
vt 0.762072 0.783692
vt 0.759523 0.792453
vt 0.790466 0.440954
vt 0.787826 0.454945
vt 0.741032 0.441349
vt 0.833899 0.519314
vt 0.826394 0.544915
vt 0.827306 0.509125
vt 0.740991 0.489298
vt 0.568362 0.978604
vt 0.552121 0.977443
vt 0.536860 0.980029
vt 0.540129 0.974407
vt 0.584406 0.985988
vt 0.686909 0.974402
vt 0.672217 0.979598
vt 0.671471 0.973256
vt 0.779347 0.844820
vt 0.774353 0.871207
vt 0.771796 0.845448
vt 0.672622 0.989284
vt 0.687969 0.981417
vt 0.689063 0.990022
vt 0.653347 0.981105
vt 0.653048 0.974064
vt 0.603921 0.636312
vt 0.610670 0.618093
vt 0.610747 0.637007
vt 0.611259 0.598773
vt 0.615714 0.618573
vt 0.604678 0.654051
vt 0.611491 0.654703
vt 0.535931 0.791268
vt 0.574705 0.757509
vt 0.562119 0.762375
vt 0.651846 0.449706
vt 0.652180 0.458477
vt 0.543592 0.845837
vt 0.541420 0.871683
vt 0.536417 0.846011
vt 0.732349 0.757760
vt 0.742218 0.768783
vt 0.729958 0.764302
vt 0.528197 0.845343
vt 0.533923 0.871851
vt 0.837028 0.483417
vt 0.829743 0.477362
vt 0.835941 0.500722
vt 0.836384 0.592093
vt 0.835750 0.612026
vt 0.829087 0.592038
vt 0.739652 0.540749
vt 0.739443 0.521877
vt 0.694353 0.730265
vt 0.671017 0.743058
vt 0.669483 0.729588
vt 0.637055 0.978716
vt 0.636288 0.988149
vt 0.653503 0.989677
vt 0.538657 0.897864
vt 0.627455 0.462350
vt 0.638560 0.462996
vt 0.637239 0.455285
vt 0.651958 0.466201
vt 0.566182 0.986964
vt 0.518509 0.941423
vt 0.519079 0.956094
vt 0.542011 0.969860
vt 0.620086 0.752230
vt 0.606266 0.760574
vt 0.604214 0.752661
vt 0.550009 0.984678
vt 0.685520 0.502027
vt 0.685204 0.521858
vt 0.700489 0.521873
vt 0.686282 0.487135
vt 0.700882 0.502127
vt 0.702022 0.487221
vt 0.687493 0.473716
vt 0.678693 0.464720
vt 0.688650 0.463977
vt 0.703858 0.473528
vt 0.705591 0.463403
vt 0.655653 0.839262
vt 0.638158 0.816276
vt 0.654280 0.865049
vt 0.638396 0.839539
vt 0.626539 0.864948
vt 0.627518 0.839158
vt 0.640409 0.891016
vt 0.639532 0.864843
vt 0.652680 0.891684
vt 0.625073 0.891062
vt 0.608705 0.865825
vt 0.607800 0.891357
vt 0.596966 0.892726
vt 0.598453 0.867145
vt 0.608687 0.839937
vt 0.599333 0.841287
vt 0.584454 0.842652
vt 0.582431 0.868252
vt 0.567536 0.844074
vt 0.580560 0.894143
vt 0.563900 0.895698
vt 0.566140 0.869853
vt 0.552168 0.871050
vt 0.549888 0.896830
vt 0.553594 0.845386
vt 0.714929 0.767825
vt 0.725811 0.776529
vt 0.713060 0.775443
vt 0.727993 0.769746
vt 0.740656 0.779471
vt 0.738911 0.787670
vt 0.722897 0.785979
vt 0.711377 0.785778
vt 0.748716 0.776116
vt 0.741596 0.774073
vt 0.749882 0.781902
vt 0.751346 0.790775
vt 0.736894 0.801628
vt 0.752763 0.804118
vt 0.761604 0.805248
vt 0.753769 0.822296
vt 0.737235 0.820908
vt 0.720417 0.799899
vt 0.710062 0.798936
vt 0.719905 0.819209
vt 0.709230 0.818028
vt 0.728076 0.920394
vt 0.717358 0.942146
vt 0.713658 0.918517
vt 0.746112 0.921261
vt 0.727475 0.942701
vt 0.748773 0.939888
vt 0.729626 0.955709
vt 0.720354 0.953552
vt 0.760835 0.921502
vt 0.771715 0.921604
vt 0.762929 0.940115
vt 0.773593 0.940417
vt 0.764772 0.953982
vt 0.749667 0.955792
vt 0.751302 0.964423
vt 0.774628 0.954143
vt 0.765630 0.963323
vt 0.772733 0.967606
vt 0.766209 0.969325
vt 0.752685 0.970039
vt 0.722309 0.962502
vt 0.733428 0.963985
vt 0.736524 0.970354
vt 0.723247 0.970259
vt 0.668268 0.916348
vt 0.683572 0.916666
vt 0.669843 0.938698
vt 0.685159 0.954137
vt 0.669540 0.955526
vt 0.703584 0.916448
vt 0.684363 0.939039
vt 0.705835 0.938912
vt 0.708062 0.952676
vt 0.705833 0.964681
vt 0.685975 0.965712
vt 0.704668 0.973882
vt 0.670250 0.966194
vt 0.681596 0.772202
vt 0.668935 0.773809
vt 0.680005 0.782382
vt 0.668501 0.782268
vt 0.701376 0.773192
vt 0.701094 0.765685
vt 0.702901 0.783728
vt 0.679919 0.796539
vt 0.702820 0.797359
vt 0.700662 0.816626
vt 0.680346 0.815615
vt 0.668459 0.795814
vt 0.667703 0.815708
vt 0.623826 0.671989
vt 0.618997 0.686441
vt 0.617652 0.671523
vt 0.632576 0.672453
vt 0.624893 0.686845
vt 0.633378 0.687410
vt 0.626143 0.700215
vt 0.620741 0.699661
vt 0.669056 0.553358
vt 0.663767 0.560076
vt 0.663417 0.553181
vt 0.676818 0.557035
vt 0.669411 0.560332
vt 0.669835 0.566878
vt 0.664174 0.566470
vt 0.664681 0.571936
vt 0.677776 0.570218
vt 0.670296 0.572645
vt 0.670737 0.577171
vt 0.665131 0.576142
vt 0.622754 0.709987
vt 0.634317 0.701098
vt 0.627583 0.711165
vt 0.635532 0.712815
vt 0.628506 0.719128
vt 0.624597 0.716407
vt 0.732770 0.555694
vt 0.723347 0.569971
vt 0.720692 0.556418
vt 0.738264 0.555242
vt 0.735546 0.568496
vt 0.742241 0.574283
vt 0.738415 0.577399
vt 0.725984 0.580143
vt 0.719198 0.541804
vt 0.736971 0.541111
vt 0.731326 0.541489
vt 0.622392 0.619090
vt 0.632153 0.619525
vt 0.622375 0.638115
vt 0.615839 0.637591
vt 0.662925 0.530237
vt 0.668542 0.530309
vt 0.676212 0.542219
vt 0.668641 0.538304
vt 0.663009 0.538191
vt 0.663167 0.545864
vt 0.668803 0.546008
vt 0.616538 0.655246
vt 0.631742 0.638617
vt 0.622888 0.655767
vt 0.631919 0.656218
vt 0.605974 0.670891
vt 0.828754 0.639636
vt 0.836243 0.666372
vt 0.829277 0.674692
vt 0.754508 0.767894
vt 0.750705 0.772620
vt 0.718641 0.754584
vt 0.765083 0.845423
vt 0.763326 0.822887
vt 0.785175 0.897021
vt 0.779394 0.921577
vt 0.777118 0.897556
vt 0.767346 0.871196
vt 0.626188 0.730396
vt 0.636814 0.728836
vt 0.636050 0.736446
vt 0.623015 0.718749
vt 0.628296 0.724501
vt 0.636512 0.722123
vt 0.650498 0.732040
vt 0.650765 0.740667
vt 0.767397 0.781744
vt 0.765004 0.792521
vt 0.744534 0.762248
vt 0.614336 0.713038
vt 0.619405 0.722853
vt 0.619348 0.710694
vt 0.616505 0.699708
vt 0.767824 0.973715
vt 0.738675 0.976015
vt 0.724904 0.985199
vt 0.723840 0.976012
vt 0.770963 0.979362
vt 0.775730 0.969606
vt 0.780486 0.973357
vt 0.754217 0.975506
vt 0.696378 0.744209
vt 0.736785 0.730021
vt 0.739196 0.744586
vt 0.786165 0.729367
vt 0.789078 0.743537
vt 0.779830 0.963755
vt 0.787916 0.921226
vt 0.781177 0.940702
vt 0.686053 0.759246
vt 0.705481 0.980932
vt 0.706948 0.989594
vt 0.687750 0.751571
vt 0.837080 0.700249
vt 0.835872 0.716086
vt 0.829581 0.706389
vt 0.740545 0.567622
vt 0.742896 0.567617
vt 0.836702 0.683201
vt 0.774206 0.962997
vt 0.756636 0.982560
vt 0.786189 0.965859
vt 0.781502 0.954633
vt 0.789070 0.955643
vt 0.831639 0.728092
vt 0.815352 0.726688
vt 0.825069 0.720999
vt 0.769801 0.897631
vt 0.782303 0.870719
vt 0.835888 0.629407
vt 0.836330 0.647653
vt 0.740921 0.554997
vt 0.637159 0.759458
vt 0.636909 0.751610
vt 0.621254 0.760027
vt 0.834774 0.573975
vt 0.604600 0.598692
vt 0.610410 0.700830
vt 0.740892 0.984218
vt 0.603913 0.617450
vt 0.833804 0.535875
vt 0.834325 0.554894
vt 0.739639 0.503426
vt 0.789532 0.940889
vt 0.771251 0.791166
vt 0.649647 0.724345
vt 0.819626 0.738336
vt 0.685502 0.542212
vt 0.700895 0.542112
vt 0.702027 0.557028
vt 0.686286 0.557086
vt 0.687514 0.570569
vt 0.703882 0.570706
vt 0.705630 0.580866
vt 0.688679 0.580321
vt 0.678709 0.579602
vt 0.667609 0.838759
vt 0.681521 0.839200
vt 0.667627 0.864865
vt 0.700166 0.839819
vt 0.709441 0.840801
vt 0.699870 0.866305
vt 0.682868 0.865252
vt 0.683431 0.891685
vt 0.710115 0.867506
vt 0.702810 0.892370
vt 0.710162 0.893942
vt 0.667985 0.891384
vt 0.721170 0.842529
vt 0.738211 0.843943
vt 0.723781 0.868377
vt 0.754823 0.844851
vt 0.756470 0.870552
vt 0.739924 0.869778
vt 0.742569 0.896508
vt 0.758793 0.897370
vt 0.726149 0.894863
vt 0.616786 0.481314
vt 0.612297 0.493649
vt 0.615465 0.480774
vt 0.620230 0.469827
vt 0.543973 0.773416
vt 0.551653 0.766593
vt 0.574205 0.756290
vt 0.588293 0.753138
vt 0.610041 0.509040
vt 0.608678 0.525414
vt 0.636777 0.453922
vt 0.651629 0.448220
vt 0.672207 0.444469
vt 0.529305 0.822184
vt 0.531801 0.804049
vt 0.539620 0.781636
vt 0.521952 0.966244
vt 0.534806 0.790774
vt 0.538596 0.780937
vt 0.626687 0.461140
vt 0.821087 0.445619
vt 0.816402 0.442169
vt 0.826992 0.446721
vt 0.834216 0.455045
vt 0.526648 0.974631
vt 0.517830 0.956321
vt 0.520844 0.966798
vt 0.517203 0.941441
vt 0.518556 0.921741
vt 0.780541 0.439300
vt 0.800711 0.439926
vt 0.837353 0.500797
vt 0.835228 0.519520
vt 0.583931 0.987715
vt 0.565898 0.988402
vt 0.549651 0.985948
vt 0.536258 0.981130
vt 0.838061 0.467699
vt 0.838452 0.483296
vt 0.606817 0.542927
vt 0.603867 0.751272
vt 0.619805 0.750843
vt 0.636825 0.750243
vt 0.654061 0.750281
vt 0.604142 0.579612
vt 0.603227 0.598666
vt 0.605954 0.560750
vt 0.835708 0.555032
vt 0.836107 0.574031
vt 0.837746 0.592056
vt 0.636117 0.989772
vt 0.653510 0.991048
vt 0.599740 0.988494
vt 0.617964 0.991400
vt 0.599705 0.990029
vt 0.835181 0.536008
vt 0.726933 0.440331
vt 0.755072 0.439513
vt 0.521118 0.897614
vt 0.524077 0.871207
vt 0.526830 0.845184
vt 0.698092 0.441790
vt 0.609045 0.701139
vt 0.606391 0.686620
vt 0.604597 0.670890
vt 0.718957 0.753305
vt 0.732830 0.756543
vt 0.745142 0.761132
vt 0.755303 0.766861
vt 0.763027 0.773442
vt 0.613045 0.713646
vt 0.618355 0.723817
vt 0.625486 0.731679
vt 0.768371 0.781058
vt 0.772323 0.790685
vt 0.775301 0.803831
vt 0.774183 0.804127
vt 0.778005 0.821820
vt 0.650629 0.742090
vt 0.671076 0.744501
vt 0.635728 0.737837
vt 0.799459 0.744307
vt 0.779055 0.745460
vt 0.789281 0.921104
vt 0.790866 0.940900
vt 0.790339 0.955874
vt 0.787301 0.966409
vt 0.781376 0.974231
vt 0.825536 0.737198
vt 0.832750 0.728996
vt 0.814954 0.741832
vt 0.838452 0.700386
vt 0.837211 0.716616
vt 0.771552 0.980496
vt 0.757092 0.983851
vt 0.741213 0.985734
vt 0.725037 0.986962
vt 0.837556 0.666330
vt 0.838037 0.683193
vt 0.602590 0.636204
vt 0.602561 0.617323
vt 0.671001 0.751242
vt 0.687945 0.750292
vt 0.703800 0.751012
vt 0.603293 0.653937
vt 0.837686 0.647490
vt 0.689302 0.991400
vt 0.707185 0.991014
vt 0.672646 0.990598
vt 0.837052 0.611964
vt 0.837215 0.629187
vt 0.725035 0.746050
vt 0.696485 0.745580
vt 0.780552 0.844624
vt 0.783611 0.870539
vt 0.786471 0.896902
vt 0.753461 0.745957
vt 0.721358 0.691634
vt 0.718258 0.695641
vt 0.717971 0.692367
vt 0.994905 0.916023
vt 0.996428 0.906417
vt 0.996463 0.916018
vt 0.732461 0.674886
vt 0.740721 0.681121
vt 0.731804 0.678380
vt 0.729135 0.657785
vt 0.731399 0.650448
vt 0.735187 0.653453
vt 0.754236 0.678475
vt 0.760684 0.688707
vt 0.752051 0.685294
vt 0.743821 0.645933
vt 0.743081 0.634962
vt 0.750207 0.640025
vt 0.724436 0.652670
vt 0.722714 0.647234
vt 0.727162 0.648365
vt 0.714506 0.692147
vt 0.710049 0.693369
vt 0.711216 0.691016
vt 0.730706 0.681757
vt 0.735184 0.689253
vt 0.729131 0.684917
vt 0.731806 0.664323
vt 0.738362 0.657196
vt 0.740723 0.661585
vt 0.732709 0.671351
vt 0.742197 0.666383
vt 0.742625 0.671354
vt 0.727040 0.687730
vt 0.727158 0.694339
vt 0.724431 0.690032
vt 0.717976 0.650335
vt 0.714012 0.647844
vt 0.718264 0.647062
vt 0.731796 0.638778
vt 0.726504 0.629719
vt 0.735070 0.631468
vt 0.754932 0.671358
vt 0.763553 0.662404
vt 0.764555 0.671351
vt 0.738157 0.700986
vt 0.735067 0.711238
vt 0.731791 0.703927
vt 0.718145 0.637204
vt 0.709323 0.631928
vt 0.717770 0.629843
vt 0.752053 0.657414
vt 0.756162 0.646450
vt 0.760686 0.654000
vt 0.748514 0.691477
vt 0.750205 0.702682
vt 0.743817 0.696774
vt 0.711549 0.704057
vt 0.701709 0.706692
vt 0.705760 0.701193
vt 0.743841 0.654066
vt 0.739900 0.649458
vt 0.746796 0.683291
vt 0.743838 0.688640
vt 0.718253 0.701163
vt 0.718139 0.705500
vt 0.712712 0.700108
vt 0.735132 0.645761
vt 0.729763 0.643142
vt 0.749157 0.671356
vt 0.748606 0.677427
vt 0.725004 0.705464
vt 0.729759 0.699562
vt 0.724041 0.700989
vt 0.724046 0.641716
vt 0.718258 0.641540
vt 0.748607 0.665280
vt 0.746797 0.659416
vt 0.739897 0.693248
vt 0.735128 0.696944
vt 0.705773 0.641505
vt 0.712717 0.642595
vt 0.707852 0.644731
vt 0.710056 0.649333
vt 0.717766 0.712863
vt 0.709319 0.710777
vt 0.707842 0.697969
vt 0.714006 0.694858
vt 0.738359 0.685509
vt 0.748517 0.651230
vt 0.711555 0.638646
vt 0.731395 0.692257
vt 0.754237 0.664233
vt 0.725010 0.637241
vt 0.722709 0.695470
vt 0.742196 0.676323
vt 0.738162 0.641721
vt 0.701709 0.636016
vt 0.743079 0.707744
vt 0.726501 0.712986
vt 0.763552 0.680303
vt 0.721363 0.651068
vt 0.732462 0.667817
vt 0.714512 0.650555
vt 0.727045 0.654972
vt 0.756160 0.696257
vt 0.730709 0.660945
vt 0.994937 0.791194
vt 0.996488 0.781599
vt 0.996499 0.791201
vt 0.994926 0.781592
vt 0.996444 0.771999
vt 0.994916 0.935227
vt 0.996499 0.944822
vt 0.994937 0.944829
vt 0.994926 0.925625
vt 0.996475 0.935222
vt 0.994926 0.810398
vt 0.996474 0.800801
vt 0.996485 0.810403
vt 0.994916 0.800796
vt 0.996488 0.954424
vt 0.994926 0.954431
vt 0.994905 0.820000
vt 0.996428 0.829606
vt 0.994871 0.829602
vt 0.996464 0.820005
vt 0.994834 0.839204
vt 0.996324 0.848810
vt 0.994767 0.848806
vt 0.996391 0.839208
vt 0.994674 0.858407
vt 0.996119 0.868012
vt 0.994562 0.868008
vt 0.996231 0.858411
vt 0.994766 0.887217
vt 0.996231 0.877612
vt 0.996323 0.887213
vt 0.994674 0.877616
vt 0.994871 0.906421
vt 0.996390 0.896815
vt 0.994833 0.896819
vt 0.996444 0.964026
vt 0.994882 0.964033
vt 0.996484 0.925620
vt 0.014853 0.053418
vt 0.012958 0.041580
vt 0.016709 0.041574
vt 0.020278 0.042727
vt 0.023316 0.044926
vt 0.025526 0.047957
vt 0.026691 0.051522
vt 0.026697 0.055273
vt 0.025544 0.058842
vt 0.023344 0.061881
vt 0.020313 0.064090
vt 0.016748 0.065255
vt 0.012997 0.065261
vt 0.009428 0.064108
vt 0.006390 0.061909
vt 0.004180 0.058878
vt 0.003015 0.055313
vt 0.003009 0.051562
vt 0.004162 0.047993
vt 0.006362 0.044955
vt 0.009393 0.042745
vt 0.618513 0.375601
vt 0.591167 0.361670
vt 0.596811 0.353903
vt 0.588204 0.380402
vt 0.588202 0.370801
vt 0.596815 0.397301
vt 0.591170 0.389533
vt 0.613714 0.405910
vt 0.604583 0.402944
vt 0.632448 0.402943
vt 0.623316 0.405910
vt 0.645860 0.389533
vt 0.640216 0.397300
vt 0.648824 0.370800
vt 0.648825 0.380402
vt 0.640211 0.353901
vt 0.645856 0.361668
vt 0.623312 0.345291
vt 0.632444 0.348258
vt 0.604580 0.348260
vt 0.613710 0.345291
vt 0.755757 0.591548
vt 0.007078 0.718251
vt 0.747466 0.590123
vt 0.012938 0.670416
vt 0.024697 0.657740
vt 0.768500 0.638097
vt 0.772129 0.552456
vt 0.913114 0.640931
vt 0.910355 0.635842
vt 0.907896 0.631713
vt 0.905837 0.628446
vt 0.054226 0.818598
vt 0.057742 0.812805
vt 0.060207 0.805713
vt 0.060251 0.796512
vt 0.055088 0.783388
vt 0.422394 0.972058
vt 0.374752 0.972050
vt 0.261014 0.972016
vt 0.249704 0.972020
vt 0.243830 0.972025
vt 0.240531 0.972023
vt 0.440160 0.972037
vt 0.443739 0.976209
vt 0.433992 0.972050
vt 0.072027 0.986508
vt 0.906693 0.796936
vt 0.916041 0.818280
vt 0.895646 0.778189
vt 0.888102 0.759871
vt 0.885804 0.742168
vt 0.040608 0.638725
vt 0.059032 0.620094
vt 0.889817 0.725224
vt 0.898368 0.709169
vt 0.908701 0.694253
vt 0.917094 0.681169
vt 0.043064 0.765062
vt 0.028327 0.743381
vt 0.920641 0.670452
vt 0.920511 0.661548
vt 0.918647 0.653779
vt 0.915976 0.646927
vt 0.041622 0.833599
vt 0.044115 0.830992
vt 0.047126 0.827671
vt 0.050565 0.823536
vt 0.814322 0.685296
vt 0.817184 0.679300
vt 0.811563 0.690385
vt 0.809104 0.694514
vt 0.807045 0.697781
vt 0.798027 0.477239
vt 0.801544 0.483031
vt 0.804009 0.490123
vt 0.798890 0.512449
vt 0.804053 0.499325
vt 0.308272 0.972024
vt 0.024385 0.986524
vt 0.185764 0.986454
vt 0.197074 0.986457
vt 0.202948 0.986460
vt 0.206242 0.990651
vt 0.006618 0.986506
vt 0.003058 0.986485
vt 0.012787 0.986518
vt 0.807902 0.529291
vt 0.820702 0.510326
vt 0.796855 0.548038
vt 0.789310 0.566357
vt 0.787013 0.584059
vt 0.784411 0.657112
vt 0.799893 0.678728
vt 0.791025 0.601003
vt 0.799576 0.617059
vt 0.809909 0.631974
vt 0.786866 0.530775
vt 0.818302 0.645058
vt 0.821719 0.664680
vt 0.821849 0.655776
vt 0.819855 0.672449
vt 0.785424 0.462238
vt 0.787917 0.464845
vt 0.790928 0.468165
vt 0.794367 0.472301
vt 0.138507 0.986470
vt 0.014666 0.714890
vt 0.995723 0.190003
vt 0.074752 0.683806
vt 0.074752 0.735479
vt 0.695219 0.628367
vt 0.117755 0.880982
vt 0.695219 0.587028
vt 0.030132 0.953699
vt 0.695219 0.649036
vt 0.457690 0.980234
vt 0.695219 0.607697
vt 0.695219 0.669705
vt 0.854790 0.453760
vt 0.356606 0.933153
vt 0.221143 0.830086
vt 0.240019 0.885217
vt 0.350102 0.950996
vt 0.234342 0.928919
vt 0.083227 0.969591
vt 0.935983 0.996789
vt 0.330521 0.967873
vt 0.996448 0.603209
vt 0.996448 0.724562
vt 0.078069 0.837112
vt 0.844455 0.576986
vt 0.505614 0.863642
vt 0.986654 0.426651
vt 0.104552 0.782160
vt 0.996988 0.265742
vt 0.775074 0.986454
vt 0.823251 0.746223
vt 0.175645 0.887619
vt 0.116610 0.873486
vt 0.503205 0.799268
vt 0.846852 0.649816
vt 0.285517 0.827679
vt 0.302719 0.851795
vt 0.254230 0.940661
vt 0.044027 0.017191
vt 0.042154 0.004903
vt 0.027958 0.979180
vt 0.854044 0.632255
vt 0.812885 0.017996
vt 0.995483 0.029009
vt 0.293201 0.015554
vt 0.005812 0.074817
vt 0.647103 0.576693
vt 0.433405 0.861121
vt 0.331392 0.430182
vt 0.358067 0.861117
vt 0.011414 0.692546
vt 0.813034 0.421426
vt 0.773882 0.230088
vt 0.308875 0.012602
vt 0.319809 0.076076
vt 0.346649 0.205258
vt 0.792376 0.005159
vt 0.799956 0.693302
vt 0.035570 0.827794
vt 0.762807 0.569814
vt 0.756669 0.612390
vt 0.534723 0.246461
vt 0.256418 0.963173
vt 0.859403 0.003890
vt 0.239077 0.938866
vt 0.583758 0.694651
vt 0.596564 0.631940
vt 0.580121 0.506913
vt 0.595272 0.569890
vt 0.937574 0.017140
vt 0.037674 0.605892
vt 0.150895 0.456733
vt 0.990651 0.522458
vt 0.952694 0.890244
vt 0.916790 0.368293
vt 0.874075 0.354743
vt 0.916549 0.003440
vt 0.109999 0.875378
vt 0.114675 0.916355
vt 0.114554 0.463756
vt 0.979512 0.258771
vt 0.940419 0.647871
vt 0.105039 0.664809
vt 0.738356 0.466804
vt 0.561671 0.761238
vt 0.711221 0.651686
vt 0.994882 0.771985
vt 0.443720 0.972016
vt 0.919493 0.815901
vt 0.206247 0.986458
vt 0.802836 0.675741
s 1
g mid_century_lounge_chair_mid_century_lounge_chair
usemtl mid_century_lounge_chair
f 477/1 418/2 435/3
f 422/4 12/5 420/6
f 422/4 14/7 13/8
f 426/9 14/7 424/10
f 428/11 15/12 426/9
f 430/13 16/14 428/11
f 432/15 17/16 430/13
f 434/17 18/18 432/15
f 436/19 19/20 434/17
f 417/21 20/22 436/19
f 470/23 423/24 421/25
f 454/26 243/27 18/28
f 468/29 421/25 419/30
f 8/31 10/32 9/33
f 476/34 435/3 433/35
f 475/36 433/35 431/37
f 429/38 475/36 431/37
f 473/39 429/38 427/40
f 472/41 427/40 425/42
f 469/43 419/44 418/2
f 471/45 425/42 423/24
f 24/46 460/47 23/48
f 17/16 452/49 16/14
f 455/50 278/51 275/52
f 11/53 456/54 20/22
f 449/55 264/56 261/57
f 15/12 450/58 14/7
f 447/59 270/60 267/61
f 19/20 454/62 18/18
f 449/63 259/64 450/65
f 13/8 448/66 12/5
f 87/67 199/68 234/69
f 137/70 178/71 213/72
f 81/73 193/74 227/75
f 143/76 171/77 206/78
f 39/79 185/80 220/81
f 268/82 158/83 144/84
f 262/85 116/86 260/87
f 245/88 60/89 244/90
f 11/91 272/92 270/93
f 20/94 278/95 19/96
f 217/97 354/98 219/99
f 16/100 251/101 15/102
f 276/103 108/104 88/105
f 452/106 254/107 16/108
f 115/109 181/110 123/111
f 228/112 339/113 227/114
f 200/115 205/116 203/117
f 453/118 246/119 454/120
f 253/121 32/122 252/123
f 451/124 256/125 452/126
f 194/127 198/128 192/129
f 208/130 381/131 206/132
f 46/133 188/134 53/135
f 95/136 202/137 102/138
f 73/139 196/140 59/141
f 453/142 241/143 248/144
f 456/145 280/146 20/147
f 157/148 174/149 171/150
f 129/151 181/152 178/153
f 14/154 264/155 13/156
f 186/157 191/158 189/159
f 151/160 174/161 164/162
f 179/163 184/164 182/165
f 448/166 272/167 12/168
f 227/114 287/169 81/170
f 31/171 58/172 53/173
f 33/174 57/175 58/172
f 34/176 56/177 57/175
f 35/178 55/179 56/177
f 36/180 54/181 55/179
f 37/182 52/183 54/181
f 46/133 58/184 51/185
f 51/185 57/186 50/187
f 57/186 49/188 50/187
f 56/189 48/190 49/188
f 55/191 47/192 48/190
f 54/193 45/194 47/192
f 46/195 44/196 39/197
f 51/198 43/199 44/196
f 50/200 42/201 43/199
f 49/202 41/203 42/201
f 48/204 40/205 41/203
f 47/206 38/207 40/205
f 39/79 33/208 31/209
f 44/210 34/211 33/208
f 34/211 42/212 35/213
f 35/213 41/214 36/215
f 36/215 40/216 37/217
f 37/217 38/218 32/219
f 73/220 86/221 81/222
f 75/223 85/224 86/221
f 76/225 84/226 85/224
f 77/227 83/228 84/226
f 78/229 82/230 83/228
f 79/231 80/232 82/230
f 81/73 72/233 67/234
f 86/235 71/236 72/233
f 71/236 84/237 70/238
f 70/238 83/239 69/240
f 69/240 82/241 68/242
f 68/242 80/243 66/244
f 73/139 61/245 75/246
f 75/246 62/247 76/248
f 62/247 77/249 76/248
f 63/250 78/251 77/249
f 64/252 79/253 78/251
f 65/254 74/255 79/253
f 59/256 72/257 61/258
f 61/258 71/259 62/260
f 71/259 63/261 62/260
f 63/261 69/262 64/263
f 69/262 65/264 64/263
f 68/265 60/266 65/264
f 87/67 114/267 109/268
f 89/269 113/270 114/267
f 113/270 91/271 112/272
f 112/272 92/273 111/274
f 111/274 93/275 110/276
f 110/276 88/105 108/104
f 109/277 107/278 102/279
f 114/280 106/281 107/278
f 106/281 112/282 105/283
f 105/283 111/284 104/285
f 104/285 110/286 103/287
f 103/287 108/288 101/289
f 95/136 107/290 100/291
f 100/291 106/292 99/293
f 106/292 98/294 99/293
f 105/295 97/296 98/294
f 104/297 96/298 97/296
f 103/299 94/300 96/298
f 87/301 100/302 89/303
f 89/303 99/304 90/305
f 90/305 98/306 91/307
f 91/307 97/308 92/309
f 92/309 96/310 93/311
f 93/311 94/312 88/313
f 123/314 131/315 128/316
f 128/316 132/317 127/318
f 127/318 133/319 126/320
f 133/319 125/321 126/320
f 125/321 135/322 124/323
f 124/323 130/324 122/325
f 137/326 117/327 142/328
f 142/328 118/329 141/330
f 118/329 140/331 141/330
f 119/332 139/333 140/331
f 120/334 138/335 139/333
f 138/335 116/86 136/336
f 115/109 128/337 117/338
f 117/338 127/339 118/340
f 127/339 119/341 118/340
f 126/342 120/343 119/341
f 125/344 121/345 120/343
f 124/346 116/347 121/345
f 137/70 131/348 129/349
f 142/350 132/351 131/348
f 132/351 140/352 133/353
f 133/353 139/354 134/355
f 134/355 138/356 135/357
f 135/357 136/358 130/359
f 151/160 166/360 156/361
f 156/361 167/362 155/363
f 167/362 154/364 155/363
f 168/365 153/366 154/364
f 169/367 152/368 153/366
f 170/369 150/370 152/368
f 164/371 159/372 166/373
f 159/372 167/374 166/373
f 167/374 161/375 168/376
f 168/376 162/377 169/378
f 169/378 163/379 170/380
f 170/380 158/381 165/382
f 143/76 159/383 157/384
f 145/385 160/386 159/383
f 160/386 147/387 161/388
f 161/388 148/389 162/390
f 162/390 149/391 163/392
f 163/392 144/84 158/83
f 143/393 156/394 145/395
f 145/395 155/396 146/397
f 146/397 154/398 147/399
f 147/399 153/400 148/401
f 148/401 152/402 149/403
f 149/403 150/404 144/405
f 31/171 188/406 185/407
f 242/408 60/266 66/409
f 451/410 251/411 249/412
f 247/413 66/244 80/243
f 247/414 74/415 245/416
f 250/417 32/219 38/218
f 250/418 45/419 255/420
f 450/421 257/422 14/423
f 255/424 52/425 253/426
f 260/427 122/428 258/429
f 263/430 122/325 130/324
f 262/431 130/359 136/358
f 448/432 267/433 265/434
f 266/435 144/405 150/404
f 456/436 275/437 273/438
f 266/439 165/440 271/441
f 269/442 165/382 158/381
f 274/443 88/313 94/312
f 274/444 101/445 279/446
f 277/447 101/289 108/288
f 238/448 204/449 202/137
f 240/450 205/451 204/449
f 239/452 203/453 205/451
f 234/69 201/454 235/455
f 235/455 200/456 236/457
f 236/457 203/458 237/459
f 192/460 229/461 194/462
f 194/462 228/463 195/464
f 195/464 227/75 193/74
f 189/465 225/466 221/467
f 191/468 226/469 225/466
f 190/470 224/471 226/469
f 217/472 183/473 181/110
f 219/474 184/475 183/473
f 218/476 182/477 184/475
f 213/72 180/478 214/479
f 214/479 179/480 215/481
f 215/481 182/482 216/483
f 175/484 209/485 172/486
f 172/486 208/487 173/488
f 173/488 206/78 171/77
f 231/489 197/490 196/140
f 233/491 198/492 197/490
f 232/493 192/494 198/492
f 189/495 223/496 186/497
f 186/497 222/498 187/499
f 187/499 220/81 185/80
f 210/500 176/501 174/161
f 212/502 177/503 176/501
f 211/504 175/505 177/503
f 172/506 177/507 175/508
f 67/509 196/510 193/511
f 109/277 202/512 199/513
f 242/514 248/144 241/143
f 245/416 248/515 247/414
f 244/516 241/517 243/518
f 244/90 246/519 245/88
f 255/420 249/520 250/418
f 252/521 249/412 251/411
f 253/426 256/522 255/424
f 252/123 254/523 253/121
f 258/524 264/155 257/525
f 258/429 259/526 260/427
f 260/87 261/527 262/85
f 263/528 261/57 264/56
f 271/441 265/529 266/439
f 271/530 270/93 272/92
f 268/531 265/434 267/433
f 269/532 267/61 270/60
f 279/446 273/533 274/444
f 276/534 273/438 275/437
f 279/535 278/95 280/536
f 277/537 275/52 278/51
f 17/538 243/518 241/517
f 188/406 187/539 185/407
f 190/540 186/157 187/539
f 222/541 405/542 220/543
f 224/544 285/545 347/546
f 46/547 281/548 285/549
f 221/550 399/551 223/552
f 81/553 291/554 73/555
f 225/556 395/557 221/550
f 197/558 194/127 195/559
f 196/510 195/559 193/511
f 202/512 201/560 199/513
f 201/560 205/116 200/115
f 216/561 368/562 215/563
f 229/564 335/565 228/566
f 218/567 360/568 216/561
f 235/569 327/570 234/571
f 220/543 281/572 39/573
f 223/552 402/574 222/575
f 173/576 177/507 172/506
f 174/149 173/576 171/150
f 181/152 180/577 178/153
f 183/578 179/163 180/577
f 213/579 299/580 137/581
f 143/582 381/131 305/583
f 234/571 293/584 87/585
f 137/586 303/587 115/588
f 239/589 314/590 318/591
f 233/592 383/593 387/594
f 215/563 362/595 214/596
f 73/597 383/593 231/598
f 226/599 345/600 225/556
f 151/601 407/602 210/603
f 214/604 366/605 213/579
f 87/606 297/607 95/608
f 238/609 314/610 240/611
f 210/603 411/612 212/613
f 239/589 321/614 237/615
f 232/616 387/617 390/618
f 380/619 308/620 306/621
f 229/564 393/622 332/623
f 207/624 375/625 209/626
f 338/627 290/628 288/629
f 115/630 350/631 217/97
f 236/632 321/614 329/633
f 219/634 357/635 218/567
f 143/636 309/637 151/638
f 212/639 414/640 211/641
f 95/642 311/643 238/609
f 232/616 393/622 230/644
f 224/544 342/645 226/646
f 312/647 294/648 326/649
f 208/650 375/625 378/651
f 211/641 371/652 207/624
f 365/653 302/654 300/655
f 235/656 329/633 323/657
f 353/658 352/659 351/660
f 355/661 350/631 352/659
f 341/662 349/663 348/664
f 343/665 347/546 349/663
f 341/662 346/666 343/667
f 343/667 345/600 342/668
f 315/669 319/670 316/671
f 316/671 318/591 314/590
f 320/672 319/670 317/673
f 319/670 321/614 318/591
f 324/674 328/675 325/676
f 325/676 327/570 323/677
f 336/678 340/679 337/680
f 337/680 339/113 335/681
f 336/678 334/682 333/683
f 337/684 332/623 334/682
f 330/685 325/686 331/687
f 331/687 323/657 329/633
f 300/655 304/688 301/689
f 304/688 299/690 301/689
f 308/620 307/691 306/621
f 307/691 309/637 305/692
f 315/669 313/693 312/647
f 316/694 311/643 313/693
f 294/648 298/695 295/696
f 298/695 293/697 295/696
f 290/628 289/698 288/629
f 292/699 287/700 289/698
f 284/701 283/702 282/703
f 286/704 281/548 283/702
f 356/705 355/706 353/658
f 355/706 357/635 354/707
f 356/705 361/708 358/709
f 361/708 357/635 358/709
f 363/710 367/711 364/712
f 364/712 366/605 362/713
f 363/710 370/714 369/715
f 370/714 362/595 368/562
f 374/716 373/717 372/718
f 376/719 371/652 373/717
f 377/720 376/719 374/716
f 376/719 378/651 375/625
f 377/720 382/721 379/722
f 379/722 381/131 378/723
f 386/724 385/725 384/726
f 388/727 383/593 385/725
f 386/724 391/728 388/729
f 388/729 390/618 387/617
f 389/730 394/731 391/728
f 394/731 390/618 391/728
f 396/732 400/733 397/734
f 400/733 395/557 397/734
f 401/735 400/733 398/736
f 403/737 399/551 400/733
f 401/735 406/738 403/739
f 403/739 405/542 402/740
f 410/741 409/742 408/743
f 412/744 407/602 409/742
f 413/745 412/746 410/741
f 412/746 414/640 411/747
f 306/621 382/721 380/619
f 307/691 381/131 382/721
f 308/620 409/742 310/748
f 310/748 407/602 309/749
f 300/655 367/711 365/653
f 301/689 366/605 367/711
f 302/654 352/659 304/688
f 304/688 350/631 303/750
f 282/703 406/738 404/751
f 283/702 405/542 406/738
f 284/701 349/663 286/704
f 286/704 347/546 285/545
f 288/629 340/679 338/627
f 289/698 339/113 340/679
f 290/628 385/725 292/699
f 292/699 383/593 291/752
f 294/648 328/675 326/649
f 295/696 327/570 328/675
f 296/753 313/693 298/695
f 298/695 311/643 297/754
f 320/672 331/687 322/755
f 331/687 321/614 322/755
f 392/756 334/682 394/731
f 334/682 393/622 394/731
f 396/732 346/666 344/757
f 397/734 345/600 346/666
f 359/758 370/714 361/708
f 361/708 368/562 360/568
f 413/745 373/717 415/759
f 373/717 414/640 415/759
f 404/751 284/701 282/703
f 435/760 443/761 433/762
f 425/763 4/764 423/765
f 432/766 444/767 434/768
f 422/769 3/770 424/771
f 427/772 439/773 437/774
f 419/775 9/776 418/777
f 426/778 438/779 428/780
f 431/781 443/761 441/782
f 421/783 4/764 6/784
f 436/785 10/786 417/787
f 420/788 11/53 417/21
f 8/789 5/790 7/791
f 4/792 5/790 6/793
f 2/794 3/795 4/792
f 437/796 1/797 2/794
f 439/798 438/799 437/796
f 441/800 440/801 439/798
f 443/802 442/803 441/800
f 445/804 444/805 443/802
f 9/33 446/806 445/804
f 417/787 7/807 420/808
f 428/780 440/809 430/810
f 421/783 8/811 419/775
f 429/812 441/782 439/773
f 426/778 3/770 1/813
f 436/785 444/767 446/814
f 427/772 2/815 425/763
f 418/777 445/816 435/760
f 422/769 7/807 5/817
f 430/810 442/818 432/766
f 22/819 447/820 448/821
f 22/819 449/822 23/823
f 23/823 450/824 24/825
f 25/826 450/824 451/827
f 25/826 452/828 26/829
f 26/829 453/830 27/831
f 27/831 454/832 28/833
f 28/833 455/834 29/835
f 29/835 456/836 30/837
f 30/837 447/820 21/838
f 21/839 467/840 30/841
f 28/842 464/843 27/844
f 25/845 461/846 24/46
f 22/847 458/848 21/839
f 28/842 466/849 465/850
f 26/851 462/852 25/845
f 23/48 459/853 22/847
f 30/841 466/849 29/854
f 27/844 463/855 26/851
f 457/856 458/848 459/853
f 457/856 459/853 460/47
f 457/856 460/47 461/846
f 457/856 461/846 462/852
f 457/856 462/852 463/855
f 457/856 463/855 464/843
f 457/856 464/843 465/850
f 457/856 465/850 466/849
f 457/856 466/849 467/840
f 457/856 467/840 458/848
f 341/662 404/751 401/735
f 398/736 396/732 344/757
f 398/736 341/662 401/735
f 386/724 338/627 336/678
f 333/683 392/756 389/730
f 333/683 386/724 336/678
f 315/669 326/649 324/674
f 330/685 320/672 317/673
f 330/685 315/669 324/674
f 377/720 408/743 380/619
f 374/716 372/718 413/745
f 374/716 410/741 377/720
f 353/658 365/653 363/710
f 369/715 359/758 356/705
f 369/715 353/658 363/710
f 416/857 468/858 469/859
f 416/857 470/860 468/858
f 416/857 471/861 470/860
f 416/857 472/862 471/861
f 416/857 473/863 472/862
f 416/857 474/864 473/863
f 416/857 475/865 474/864
f 416/857 476/866 475/865
f 416/857 477/867 476/866
f 416/857 469/859 477/867
f 595/868 596/869 594/870
f 1042/871 600/872 599/873
f 594/874 643/875 641/876
f 517/877 594/870 516/878
f 484/879 595/868 517/877
f 505/880 597/881 595/868
f 3080/882 986/883 3079/884
f 3051/885 996/886 3085/887
f 520/888 653/889 519/890
f 598/891 525/892 645/893
f 596/894 645/893 643/875
f 665/895 1044/896 668/897
f 601/898 602/899 600/872
f 599/873 631/900 629/901
f 1040/902 509/903 598/904
f 3077/905 991/906 984/907
f 500/908 603/909 601/898
f 501/910 508/911 603/909
f 603/909 507/912 602/899
f 533/913 635/914 532/915
f 602/899 521/916 633/917
f 600/872 633/917 631/900
f 604/918 607/919 606/920
f 606/920 609/921 608/922
f 604/918 619/923 617/924
f 545/925 604/918 546/926
f 485/927 605/928 545/925
f 605/928 495/929 607/919
f 607/919 496/930 609/921
f 609/921 479/931 526/932
f 609/921 527/933 608/922
f 608/922 527/933 528/934
f 524/935 623/936 523/937
f 621/938 528/934 529/939
f 606/920 621/938 619/923
f 611/940 612/941 610/942
f 613/943 614/944 612/941
f 544/945 540/946 486/947
f 543/948 610/942 544/945
f 616/949 613/943 611/940
f 618/950 615/951 613/943
f 620/952 513/953 615/951
f 546/926 617/924 541/954
f 615/951 513/953 514/955
f 614/944 514/955 515/956
f 614/944 478/957 538/958
f 612/941 538/958 539/959
f 610/942 539/959 540/946
f 619/923 620/952 618/950
f 541/954 616/949 542/960
f 621/938 530/961 620/952
f 629/901 630/962 628/963
f 623/936 624/964 622/965
f 625/966 626/967 624/964
f 522/968 504/969 482/970
f 523/937 622/965 522/968
f 628/963 625/966 623/936
f 630/962 627/971 625/966
f 632/972 519/890 627/971
f 509/903 629/901 525/973
f 627/971 518/974 626/967
f 626/967 480/975 502/976
f 624/964 502/976 503/977
f 622/965 503/977 504/969
f 631/900 632/972 630/962
f 525/973 628/963 524/935
f 633/917 520/888 632/972
f 641/876 642/978 640/979
f 635/980 636/981 634/982
f 637/983 638/984 636/981
f 531/985 512/986 483/987
f 532/988 634/982 531/985
f 640/979 637/989 635/914
f 642/978 639/990 637/989
f 644/991 523/992 639/990
f 516/993 641/876 534/994
f 639/995 522/968 638/984
f 638/984 482/970 510/996
f 636/981 510/996 511/997
f 634/982 511/997 512/986
f 643/875 644/991 642/978
f 534/994 640/979 533/913
f 645/893 524/998 644/991
f 647/999 648/1000 646/1001
f 649/1002 650/1003 648/1000
f 521/916 646/1001 520/888
f 646/1001 655/1004 653/889
f 651/1005 542/960 650/1003
f 658/1006 649/1002 647/999
f 660/1007 651/1005 649/1002
f 662/1008 541/954 651/1005
f 683/1009 589/1010 590/1011
f 687/1012 689/1013 686/1014
f 507/912 647/999 521/916
f 650/1003 543/948 657/1015
f 648/1000 657/1015 655/1004
f 653/889 654/1016 652/1017
f 655/1004 656/1018 654/1016
f 518/974 499/1019 480/975
f 519/890 652/1017 518/974
f 657/1015 544/945 656/1018
f 656/1018 486/947 497/1020
f 654/1016 497/1020 498/1021
f 652/1017 498/1021 499/1019
f 659/1022 660/1007 658/1006
f 661/1023 662/1008 660/1007
f 508/911 658/1006 507/912
f 481/1024 659/1022 508/911
f 535/1025 661/1023 659/1022
f 536/1026 663/1027 661/1023
f 537/1028 545/925 663/1027
f 663/1027 546/926 662/1008
f 665/895 667/1029 664/1030
f 670/1031 1045/1032 669/1033
f 714/1034 664/1035 713/1036
f 715/1037 665/1038 714/1034
f 576/1039 666/1040 715/1037
f 725/1041 571/1042 570/1043
f 596/869 1039/1044 598/904
f 1046/1045 1026/1046 1037/1047
f 668/897 558/1048 667/1029
f 667/1029 484/879 517/877
f 664/1030 517/877 516/878
f 3082/1049 1026/1050 3079/884
f 671/1051 672/1052 670/1031
f 702/1053 669/1033 701/1054
f 703/1055 670/1031 702/1053
f 572/1056 671/1051 703/1055
f 707/1057 533/913 532/915
f 560/1058 673/1059 671/1051
f 561/1060 554/1061 673/1059
f 673/1059 553/1062 672/1052
f 3081/1063 987/1064 998/1065
f 562/1066 1043/1067 666/1068
f 674/1069 678/1070 677/1071
f 675/1072 679/1073 678/1070
f 690/1074 674/1069 689/1013
f 691/1075 675/1072 690/1074
f 691/1075 579/1076 676/1077
f 695/1078 575/1079 574/1080
f 676/1077 579/1076 578/1081
f 578/1081 679/1073 676/1077
f 679/1073 488/1082 549/1083
f 678/1070 549/1083 548/1084
f 677/1071 548/1084 547/1085
f 677/1071 492/1086 592/1087
f 674/1069 592/1087 593/1088
f 681/1089 683/1009 680/1090
f 682/1091 684/1092 681/1089
f 587/1093 591/1094 493/1095
f 586/1096 680/1090 587/1093
f 585/1097 681/1089 586/1096
f 487/1098 682/1091 585/1097
f 682/1091 567/1099 685/1100
f 685/1100 567/1099 566/1101
f 689/1013 593/1088 588/1102
f 566/1101 688/1103 685/1100
f 685/1100 687/1012 684/1092
f 684/1092 686/1014 683/1009
f 680/1090 590/1011 591/1094
f 688/1103 690/1074 687/1012
f 691/1075 581/1104 580/1105
f 686/1014 588/1102 589/1010
f 699/1106 701/1054 698/1107
f 693/1108 695/1078 692/1109
f 694/1110 696/1111 693/1108
f 557/1112 573/1113 491/1114
f 556/1115 692/1109 557/1112
f 555/1116 693/1108 556/1115
f 489/1117 694/1110 555/1116
f 569/1118 697/1119 694/1110
f 701/1054 562/1066 576/1120
f 570/1043 700/1121 697/1119
f 697/1119 699/1106 696/1111
f 696/1111 698/1107 695/1078
f 692/1109 574/1080 573/1113
f 700/1121 702/1053 699/1106
f 571/1042 703/1055 700/1121
f 698/1107 576/1120 575/1079
f 711/1122 713/1036 710/1123
f 705/1124 707/1125 704/1126
f 706/1127 708/1128 705/1124
f 565/1129 531/985 483/987
f 564/1130 704/1126 565/1129
f 563/1131 705/1124 564/1130
f 491/1114 706/1127 563/1131
f 573/1113 709/1132 706/1127
f 713/1036 516/993 534/994
f 574/1133 712/1134 709/1135
f 709/1135 711/1122 708/1136
f 708/1136 710/1123 707/1057
f 704/1126 532/988 531/985
f 712/1134 714/1034 711/1122
f 575/1137 715/1037 712/1134
f 710/1123 534/994 533/913
f 717/1138 719/1139 716/1140
f 718/1141 720/1142 717/1138
f 721/1143 589/1010 588/1102
f 726/1144 716/1140 725/1041
f 727/1145 717/1138 726/1144
f 590/1011 718/1141 727/1145
f 719/1139 560/1058 572/1056
f 716/1140 572/1056 571/1042
f 617/924 618/950 616/949
f 588/1102 730/1146 721/1143
f 721/1143 729/1147 720/1142
f 720/1142 728/1148 719/1139
f 863/1149 797/1150 798/1151
f 723/1152 725/1041 722/1153
f 724/1154 726/1144 723/1152
f 552/1155 569/1118 489/1117
f 551/1156 722/1153 552/1155
f 550/1157 723/1152 551/1156
f 493/1095 724/1154 550/1157
f 591/1094 727/1145 724/1154
f 722/1153 570/1043 569/1118
f 729/1147 731/1158 728/1148
f 730/1146 732/1159 729/1147
f 593/1088 733/1160 730/1146
f 592/1087 584/1161 733/1160
f 733/1160 583/1162 732/1159
f 732/1159 582/1163 731/1158
f 731/1158 490/1164 561/1060
f 728/1148 561/1060 560/1058
f 850/1165 849/1166 848/1167
f 852/1168 1011/1169 1009/1170
f 895/1171 848/1167 893/1172
f 848/1167 772/1173 771/1174
f 849/1166 740/1175 772/1173
f 851/1176 761/1177 849/1166
f 1010/1178 994/1179 992/1180
f 1012/1181 985/1182 994/1179
f 780/1183 1005/1184 897/1185
f 905/1186 775/1187 774/1188
f 672/1052 1034/1189 1045/1032
f 1006/1190 851/1176 850/1165
f 883/1191 1009/1170 881/1192
f 854/1193 853/1194 852/1168
f 917/1195 1015/1196 965/1197
f 881/1192 992/1180 780/1183
f 1029/1198 1031/1199 1040/902
f 506/1200 1039/1044 597/881
f 855/1201 756/1202 853/1194
f 764/1203 757/1204 855/1201
f 763/1205 855/1201 854/1193
f 887/1206 788/1207 787/1208
f 776/1209 854/1193 885/1210
f 885/1210 852/1168 883/1191
f 856/1211 859/1212 857/1213
f 858/1214 861/1215 859/1212
f 871/1216 856/1211 869/1217
f 856/1211 800/1218 801/1219
f 857/1213 741/1220 800/1218
f 857/1213 751/1221 750/1222
f 859/1212 752/1223 751/1221
f 861/1215 735/1224 752/1223
f 782/1225 861/1215 860/1226
f 860/1226 783/1227 782/1225
f 875/1228 779/1229 778/1230
f 873/1231 783/1227 860/1226
f 873/1231 858/1214 871/1216
f 864/1232 863/1149 862/1233
f 866/1234 865/1235 864/1232
f 795/1236 799/1237 742/1238
f 862/1233 798/1151 799/1237
f 865/1235 868/1239 863/1149
f 867/1240 870/1241 865/1235
f 768/1242 872/1243 867/1240
f 869/1217 801/1219 796/1244
f 867/1240 769/1245 768/1242
f 866/1234 769/1245 867/1240
f 734/1246 866/1234 793/1247
f 793/1247 864/1232 794/1248
f 794/1248 862/1233 795/1236
f 872/1243 871/1216 870/1241
f 868/1239 796/1244 797/1150
f 785/1249 873/1231 872/1243
f 882/1250 881/1192 880/1251
f 876/1252 875/1228 874/1253
f 878/1254 877/1255 876/1252
f 760/1256 777/1257 738/1258
f 874/1253 778/1230 777/1257
f 877/1255 880/1251 875/1228
f 879/1259 882/1250 877/1255
f 774/1188 884/1260 879/1259
f 993/1261 1007/1262 1005/1184
f 773/1263 879/1259 878/1254
f 736/1264 878/1254 758/1265
f 758/1265 876/1252 759/1266
f 759/1266 874/1253 760/1256
f 884/1260 883/1191 882/1250
f 880/1251 780/1183 779/1229
f 775/1187 885/1210 884/1260
f 894/1267 893/1172 892/1268
f 888/1269 887/1206 886/1270
f 890/1271 889/1272 888/1269
f 767/1273 786/1274 739/1275
f 886/1270 787/1208 786/1274
f 889/1272 892/1268 887/1206
f 891/1276 894/1267 889/1272
f 778/1230 896/1277 891/1276
f 893/1172 771/1174 789/1278
f 777/1257 891/1276 890/1271
f 738/1258 890/1271 765/1279
f 765/1279 888/1269 766/1280
f 766/1280 886/1270 767/1273
f 896/1277 895/1171 894/1267
f 892/1268 789/1278 788/1207
f 779/1229 897/1185 896/1277
f 900/1281 899/1282 898/1283
f 902/1284 901/1285 900/1281
f 898/1283 776/1209 775/1187
f 907/1286 898/1283 905/1186
f 797/1150 903/1287 902/1284
f 901/1285 910/1288 899/1282
f 903/1287 912/1289 901/1285
f 796/1244 914/1290 903/1287
f 843/1291 933/1292 844/1293
f 939/1294 937/1295 936/1296
f 899/1282 763/1205 776/1209
f 798/1151 902/1284 909/1297
f 909/1297 900/1281 907/1286
f 906/1298 905/1186 904/1299
f 908/1300 907/1286 906/1298
f 755/1301 773/1263 736/1264
f 904/1299 774/1188 773/1263
f 799/1237 909/1297 908/1300
f 742/1238 908/1300 753/1302
f 753/1302 906/1298 754/1303
f 754/1303 904/1299 755/1301
f 912/1289 911/1304 910/1288
f 914/1290 913/1305 912/1289
f 910/1288 764/1203 763/1205
f 911/1304 737/1306 764/1203
f 913/1305 790/1307 911/1304
f 915/1308 791/1309 913/1305
f 800/1218 792/1310 915/1308
f 801/1219 915/1308 914/1290
f 918/1311 917/1195 916/1312
f 1020/1313 920/1314 952/1315
f 916/1312 964/1316 963/1317
f 919/1318 1013/1319 917/1195
f 895/1171 1006/1190 850/1165
f 825/1320 975/1321 824/1322
f 1002/1323 1018/1324 951/1325
f 1027/1326 601/898 1042/871
f 1004/1327 1018/1324 1001/1328
f 813/1329 919/1318 918/1311
f 740/1175 918/1311 772/1173
f 772/1173 916/1312 771/1174
f 922/1330 921/1331 920/1314
f 1022/1332 920/1314 1019/1333
f 920/1314 953/1334 952/1315
f 921/1331 826/1335 953/1334
f 788/1207 957/1336 787/1208
f 923/1337 815/1338 921/1331
f 809/1339 816/1340 923/1337
f 808/1341 923/1337 922/1330
f 1044/896 559/1342 668/897
f 1017/1343 1000/1344 1014/1345
f 924/1346 928/1347 925/1348
f 925/1348 929/1349 926/1350
f 924/1346 940/1351 939/1294
f 925/1348 941/1352 940/1351
f 941/1352 833/1353 834/1354
f 829/1355 945/1356 828/1357
f 926/1350 832/1358 833/1353
f 929/1349 832/1358 926/1350
f 929/1349 744/1359 831/1360
f 928/1347 804/1361 929/1349
f 927/1362 803/1363 928/1347
f 748/1364 927/1362 846/1365
f 846/1365 924/1346 847/1366
f 933/1292 931/1367 930/1368
f 934/1369 932/1370 931/1367
f 845/1371 841/1372 749/1373
f 930/1368 840/1374 841/1372
f 931/1367 839/1375 840/1374
f 932/1370 743/1376 839/1375
f 932/1370 821/1377 822/1378
f 935/1379 820/1380 821/1377
f 847/1366 939/1294 842/1381
f 938/1382 820/1380 935/1379
f 937/1295 935/1379 934/1369
f 936/1296 934/1369 933/1292
f 844/1293 930/1368 845/1371
f 940/1351 938/1382 937/1295
f 941/1352 835/1383 938/1382
f 842/1381 936/1296 843/1291
f 951/1325 949/1384 948/1385
f 945/1356 943/1386 942/1387
f 946/1388 944/1389 943/1386
f 827/1390 812/1391 747/1392
f 942/1387 811/1393 812/1391
f 943/1386 810/1394 811/1393
f 944/1389 745/1395 810/1394
f 947/1396 823/1397 944/1389
f 1015/1196 1000/1344 830/1398
f 950/1399 824/1322 947/1396
f 949/1384 947/1396 946/1388
f 948/1385 946/1388 945/1356
f 828/1357 942/1387 827/1390
f 952/1315 950/1399 949/1384
f 953/1334 825/1320 950/1399
f 830/1398 948/1385 829/1355
f 963/1317 961/1400 960/1401
f 957/1336 955/1402 954/1403
f 958/1404 956/1405 955/1402
f 786/1274 819/1406 739/1275
f 954/1403 818/1407 819/1406
f 955/1402 817/1408 818/1407
f 956/1405 747/1392 817/1408
f 959/1409 827/1390 956/1405
f 771/1174 963/1317 789/1278
f 962/1410 828/1357 959/1409
f 961/1400 959/1409 958/1404
f 960/1401 958/1404 957/1336
f 787/1208 954/1403 786/1274
f 964/1316 962/1410 961/1400
f 965/1197 829/1355 962/1410
f 789/1278 960/1401 788/1207
f 969/1411 967/1412 966/1413
f 970/1414 968/1415 967/1412
f 971/1416 843/1291 968/1415
f 966/1413 976/1417 975/1321
f 967/1412 977/1418 976/1417
f 968/1415 844/1293 977/1418
f 815/1338 969/1411 826/1335
f 826/1335 966/1413 825/1320
f 870/1241 869/1217 868/1239
f 980/1419 842/1381 971/1416
f 979/1420 971/1416 970/1414
f 978/1421 970/1414 969/1411
f 3037/1422 783/1423 784/1424
f 975/1321 973/1425 972/1426
f 976/1417 974/1427 973/1425
f 823/1397 807/1428 745/1395
f 972/1426 806/1429 807/1428
f 973/1425 805/1430 806/1429
f 974/1427 749/1373 805/1430
f 977/1418 845/1371 974/1427
f 824/1322 972/1426 823/1397
f 981/1431 979/1420 978/1421
f 982/1432 980/1419 979/1420
f 983/1433 847/1366 980/1419
f 838/1434 846/1365 983/1433
f 837/1435 983/1433 982/1432
f 836/1436 982/1432 981/1431
f 746/1437 981/1431 816/1340
f 816/1340 978/1421 815/1338
f 3015/1438 741/1439 750/1440
f 3016/1441 750/1440 751/1442
f 3017/1443 751/1442 752/1444
f 3000/1445 752/1444 735/1446
f 3007/1447 753/1448 3018/1449
f 3018/1449 754/1450 3019/1451
f 3019/1451 755/1452 3020/1453
f 3001/1454 755/1452 736/1455
f 995/1456 991/1457 1007/1262
f 853/1194 989/1458 1011/1169
f 3021/1459 757/1460 3022/1461
f 3022/1461 737/1462 3002/1463
f 3023/1464 736/1455 758/1465
f 3024/1466 758/1465 759/1467
f 3025/1468 759/1467 760/1469
f 3003/1470 760/1469 738/1471
f 3026/1472 740/1473 761/1474
f 3027/1475 761/1474 762/1476
f 1008/1477 762/1478 851/1176
f 1038/1479 1036/1480 1043/1067
f 3003/1470 765/1481 3028/1482
f 3028/1482 766/1483 3029/1484
f 3029/1484 767/1485 3030/1486
f 3030/1486 739/1487 3004/1488
f 3067/1489 833/1490 3066/1491
f 3032/1492 768/1493 769/1494
f 3033/1495 769/1494 770/1496
f 3033/1495 734/1497 2999/1498
f 3034/1499 735/1500 781/1501
f 3035/1502 781/1501 782/1503
f 3036/1504 782/1503 783/1423
f 3031/1505 785/1506 768/1493
f 3068/1507 834/1508 3067/1489
f 3002/1463 790/1509 3039/1510
f 3040/1511 790/1509 791/1512
f 3041/1513 791/1512 792/1514
f 3006/1515 792/1514 741/1439
f 2999/1516 793/1517 3042/1518
f 3042/1518 794/1519 3043/1520
f 3043/1520 795/1521 3044/1522
f 3044/1522 742/1523 3007/1447
f 3045/1524 748/1525 3013/1526
f 3046/1527 802/1528 3045/1524
f 3047/1529 803/1530 3046/1527
f 3009/1531 804/1532 3047/1529
f 3014/1533 805/1534 749/1535
f 3048/1536 806/1537 805/1534
f 3049/1538 807/1539 806/1537
f 3010/1540 807/1539 3050/1541
f 986/1542 1021/1543 1004/1327
f 996/1544 922/1330 1022/1332
f 3051/885 809/1545 808/1546
f 3052/1547 746/1548 809/1545
f 3053/1549 745/1550 3010/1540
f 3054/1551 810/1552 3053/1549
f 3055/1553 811/1554 3054/1551
f 3012/1555 812/1556 3055/1553
f 3056/1557 740/1558 3005/1559
f 3057/1560 813/1561 3056/1557
f 814/1562 1016/1563 919/1318
f 998/1564 1003/1565 1017/1343
f 3012/1555 817/1566 747/1567
f 3058/1568 818/1569 817/1566
f 3059/1570 819/1571 818/1569
f 3060/1572 739/1573 819/1571
f 3038/1574 784/1424 785/1506
f 3062/1575 820/1576 3061/1577
f 3063/1578 821/1579 3062/1575
f 3063/1578 743/1580 822/1581
f 3064/1582 744/1583 3009/1584
f 3065/1585 831/1586 3064/1582
f 3066/1491 832/1587 3065/1585
f 3061/1577 835/1588 3068/1507
f 3011/1589 836/1590 746/1548
f 3070/1591 836/1590 3069/1592
f 3071/1593 837/1594 3070/1591
f 3013/1526 838/1595 3071/1593
f 3008/1596 839/1597 743/1598
f 3072/1599 840/1600 839/1597
f 3073/1601 841/1602 840/1600
f 3074/1603 749/1535 841/1602
f 542/960 611/940 543/948
f 1023/1604 1041/1605 1032/1606
f 3021/1459 989/1607 756/1608
f 3027/1475 990/1609 3084/1610
f 1032/1606 599/873 509/903
f 992/1180 993/1261 780/1183
f 3057/1560 999/1611 814/1612
f 669/1033 1037/1047 562/1066
f 1000/1344 1001/1328 1002/1323
f 1005/1184 1006/1190 897/1185
f 1009/1170 1010/1178 881/1192
f 1013/1319 1014/1345 1015/1196
f 1018/1324 1019/1333 1020/1313
f 992/1180 995/1456 993/1261
f 994/1179 984/1613 995/1456
f 1003/1565 1001/1328 1000/1344
f 987/1614 1004/1327 1003/1565
f 1005/1184 1008/1477 1006/1190
f 990/1615 1007/1262 991/1457
f 1009/1170 1012/1181 1010/1178
f 988/1616 1011/1169 989/1458
f 1016/1563 1014/1345 1013/1319
f 1017/1343 999/1617 998/1564
f 1021/1543 1019/1333 1018/1324
f 1022/1332 997/1618 996/1544
f 3083/1619 1028/1620 3075/1621
f 3081/1063 1035/1622 1036/1623
f 3076/1624 1024/1625 3077/905
f 1031/1199 1032/1606 509/903
f 3078/1626 1030/1627 3084/1610
f 3080/882 1034/1628 3085/887
f 1037/1047 1038/1479 562/1066
f 1039/1044 1040/902 598/904
f 1041/1605 1042/871 599/873
f 1043/1067 1044/896 666/1068
f 1045/1032 1046/1045 669/1033
f 1024/1629 1032/1606 1031/1199
f 1037/1047 1025/1630 1038/1479
f 1040/902 1030/1631 1029/1198
f 1042/871 1028/1632 1027/1326
f 1035/1633 1043/1067 1036/1480
f 1033/1634 1045/1032 1034/1189
f 3076/1624 988/1635 3075/1621
f 1057/1636 1623/1637 1248/1638
f 1239/1639 1341/1640 1623/1637
f 1623/1637 1145/1641 1344/1642
f 1248/1638 1344/1642 1098/1643
f 1094/1644 1624/1645 1341/1640
f 1240/1646 1249/1647 1624/1645
f 1624/1645 1099/1648 1342/1649
f 1341/1640 1342/1649 1145/1641
f 1145/1641 1625/1650 1343/1651
f 1342/1649 1250/1652 1625/1650
f 1625/1650 1055/1653 1235/1654
f 1343/1651 1235/1654 1092/1655
f 1098/1643 1626/1656 1247/1657
f 1344/1642 1343/1651 1626/1656
f 1626/1656 1092/1655 1236/1658
f 1247/1657 1236/1658 1054/1659
f 1259/1660 1226/1661 1051/1662
f 1104/1663 1627/1664 1259/1660
f 1345/1665 1348/1666 1627/1664
f 1627/1664 1087/1667 1226/1661
f 1104/1663 1628/1668 1345/1665
f 1260/1669 1256/1670 1628/1668
f 1628/1668 1102/1671 1346/1672
f 1345/1665 1346/1672 1146/1673
f 1146/1673 1629/1674 1347/1675
f 1346/1672 1255/1676 1629/1674
f 1629/1674 1584/1677 1699/1678
f 1347/1675 1699/1678 1562/1679
f 1348/1666 1225/1680 1087/1667
f 1146/1673 1630/1681 1348/1666
f 1630/1681 1562/1679 1825/1682
f 1630/1681 1561/1683 1225/1680
f 1062/1684 1631/1685 1264/1686
f 1267/1687 1349/1688 1631/1685
f 1631/1685 1147/1689 1352/1690
f 1264/1686 1352/1690 1106/1691
f 1108/1692 1632/1693 1349/1688
f 1268/1694 1243/1695 1632/1693
f 1632/1693 1096/1696 1350/1697
f 1349/1688 1350/1697 1147/1689
f 1147/1689 1633/1698 1351/1699
f 1350/1697 1244/1700 1633/1698
f 1633/1698 1056/1701 1246/1702
f 1351/1699 1246/1702 1097/1703
f 1106/1691 1634/1704 1263/1705
f 1352/1690 1351/1699 1634/1704
f 1634/1704 1097/1703 1245/1706
f 1263/1705 1245/1706 1053/1707
f 1271/1708 1446/1709 1167/1710
f 1110/1711 1635/1712 1271/1708
f 1353/1713 1356/1714 1635/1712
f 1635/1712 1172/1715 1446/1709
f 1272/1716 1353/1713 1110/1711
f 1057/1636 1636/1717 1272/1716
f 1248/1638 1354/1718 1636/1717
f 1636/1717 1148/1719 1353/1713
f 1354/1718 1355/1720 1148/1719
f 1098/1643 1637/1721 1354/1718
f 1637/1721 1054/1659 1269/1722
f 1637/1721 1109/1723 1355/1720
f 1356/1714 1445/1724 1172/1715
f 1148/1719 1638/1725 1356/1714
f 1355/1720 1429/1726 1638/1725
f 1638/1725 1166/1727 1445/1724
f 1563/1728 1639/1729 1234/1730
f 1719/1731 1357/1732 1639/1729
f 1639/1729 1149/1733 1360/1734
f 1234/1730 1360/1734 1091/1735
f 1564/1736 1640/1737 1357/1732
f 1717/1738 1255/1676 1640/1737
f 1640/1737 1102/1671 1358/1739
f 1357/1732 1358/1739 1149/1733
f 1149/1733 1641/1740 1359/1741
f 1358/1739 1256/1670 1641/1740
f 1641/1740 1060/1742 1258/1743
f 1359/1741 1258/1743 1103/1744
f 1091/1735 1642/1745 1233/1746
f 1360/1734 1359/1741 1642/1745
f 1642/1745 1103/1744 1257/1747
f 1233/1746 1257/1747 1059/1748
f 1052/1749 1643/1750 1224/1751
f 1265/1752 1361/1753 1643/1750
f 1643/1750 1150/1754 1364/1755
f 1643/1750 1086/1756 1224/1751
f 1107/1757 1644/1758 1361/1753
f 1266/1759 1262/1760 1644/1758
f 1644/1758 1105/1761 1362/1762
f 1361/1753 1362/1762 1150/1754
f 1150/1754 1645/1763 1363/1764
f 1362/1762 1261/1765 1645/1763
f 1645/1763 1060/1742 1260/1669
f 1363/1764 1260/1669 1104/1663
f 1364/1755 1223/1766 1086/1756
f 1150/1754 1646/1767 1364/1755
f 1363/1764 1259/1660 1646/1767
f 1646/1767 1051/1662 1223/1766
f 1049/1768 1647/1769 1228/1770
f 1241/1771 1365/1772 1647/1769
f 1647/1769 1151/1773 1368/1774
f 1228/1770 1368/1774 1088/1775
f 1095/1776 1648/1777 1365/1772
f 1242/1778 1244/1700 1648/1777
f 1648/1777 1096/1696 1366/1779
f 1365/1772 1366/1779 1151/1773
f 1151/1773 1649/1780 1367/1781
f 1366/1779 1243/1695 1649/1780
f 1649/1780 1061/1782 1266/1759
f 1367/1781 1266/1759 1107/1757
f 1088/1775 1650/1783 1227/1784
f 1368/1774 1367/1781 1650/1783
f 1650/1783 1107/1757 1265/1752
f 1227/1784 1265/1752 1052/1749
f 1059/1748 1651/1785 1254/1786
f 1257/1747 1369/1787 1651/1785
f 1651/1785 1152/1788 1372/1789
f 1254/1786 1372/1789 1101/1790
f 1103/1744 1652/1791 1369/1787
f 1258/1743 1261/1765 1652/1791
f 1652/1791 1105/1761 1370/1792
f 1369/1787 1370/1792 1152/1788
f 1152/1788 1653/1793 1371/1794
f 1370/1792 1262/1760 1653/1793
f 1653/1793 1061/1782 1268/1694
f 1371/1794 1268/1694 1108/1692
f 1101/1790 1654/1795 1253/1796
f 1372/1789 1371/1794 1654/1795
f 1654/1795 1108/1692 1267/1687
f 1253/1796 1267/1687 1062/1684
f 1668/1797 1656/1798 1655/1799
f 1667/1800 1276/1801 1656/1802
f 1656/1802 1276/1801 1112/1803
f 1656/1802 1275/1804 1657/1805
f 1657/1805 1065/1806 1278/1807
f 1657/1808 1278/1809 1113/1810
f 1655/1799 1657/1811 1658/1812
f 1658/1813 1113/1810 1277/1814
f 1658/1813 1277/1814 1066/1815
f 1218/1816 1373/1817 1660/1818
f 1767/1819 1696/1820 1659/1821
f 1085/1822 1659/1821 1373/1823
f 1659/1821 1718/1824 1674/1825
f 1373/1823 1674/1825 1375/1826
f 1660/1818 1375/1827 1673/1828
f 1068/1829 1661/1830 1680/1831
f 1284/1832 1116/1833 1661/1830
f 1283/1834 1661/1830 1116/1833
f 1283/1834 1063/1835 1662/1836
f 1662/1837 1664/1838 1661/1839
f 1680/1840 1664/1838 1681/1841
f 1849/1842 1666/1843 1665/1844
f 1848/1845 1431/1846 1666/1847
f 1666/1847 1431/1846 1117/1848
f 1666/1847 1285/1849 1667/1800
f 1667/1800 1285/1849 1064/1850
f 1665/1844 1667/1851 1668/1797
f 1655/1799 1684/1852 1668/1797
f 1658/1812 1669/1853 1655/1799
f 1066/1815 1670/1854 1658/1813
f 1670/1854 1280/1855 1114/1856
f 1670/1857 1216/1858 1669/1853
f 1670/1854 1279/1859 1217/1860
f 1217/1860 1279/1859 1047/1861
f 1669/1853 1222/1862 1684/1852
f 1566/1863 1671/1864 1688/1865
f 1274/1866 1374/1867 1671/1864
f 1111/1868 1672/1869 1374/1867
f 1273/1870 1067/1871 1672/1869
f 1374/1872 1673/1828 1375/1827
f 1688/1873 1674/1825 1718/1824
f 1671/1874 1375/1826 1674/1825
f 1220/1875 1675/1876 1676/1877
f 1219/1878 1660/1818 1675/1876
f 1675/1876 1673/1828 1682/1879
f 1676/1877 1682/1879 1681/1841
f 1214/1880 1678/1881 1215/1882
f 1214/1880 1676/1877 1677/1883
f 1677/1883 1681/1841 1664/1838
f 1677/1883 1663/1884 1678/1881
f 1067/1871 1679/1885 1672/1869
f 1282/1886 1115/1887 1679/1885
f 1115/1887 1680/1831 1679/1885
f 1281/1888 1068/1829 1680/1831
f 1679/1889 1681/1841 1682/1879
f 1672/1890 1682/1879 1673/1828
f 1665/1844 1847/1891 1849/1842
f 1668/1797 1683/1892 1665/1844
f 1684/1852 1221/1893 1683/1892
f 1683/1892 1427/1894 1847/1891
f 1447/1895 1685/1896 1589/1897
f 1115/1887 1685/1896 1590/1898
f 1282/1886 1589/1897 1685/1896
f 1716/1899 1485/1900 1570/1901
f 1059/1748 1686/1902 1233/1746
f 1693/1903 1452/1904 1563/1728
f 1853/1905 1588/1906 1450/1907
f 1233/1746 1565/1908 1091/1735
f 1166/1727 1687/1909 1270/1910
f 1496/1911 1709/1912 1924/1913
f 1923/1914 1568/1915 1494/1916
f 1270/1910 1569/1917 1053/1707
f 1861/1918 1564/1736 1719/1731
f 1867/1919 1582/1920 1455/1921
f 1113/1810 1689/1922 1583/1923
f 1689/1924 1065/1806 1582/1920
f 1868/1925 1556/1926 1808/1927
f 1055/1653 1690/1928 1235/1654
f 1858/1929 1574/1930 1713/1931
f 1857/1932 1581/1933 1458/1934
f 1690/1928 1092/1655 1235/1654
f 1099/1648 1691/1935 1250/1652
f 1468/1936 1689/1922 1867/1937
f 1866/1938 1580/1939 1471/1940
f 1691/1935 1055/1653 1250/1652
f 1880/1941 1578/1942 1491/1943
f 1577/1944 1285/1849 1692/1945
f 1692/1945 1117/1848 1578/1942
f 1493/1946 1715/1947 1881/1948
f 1091/1735 1693/1903 1234/1730
f 1855/1949 1567/1950 1694/1951
f 1854/1952 1565/1908 1451/1953
f 1234/1730 1693/1903 1563/1728
f 1454/1954 1694/1951 1566/1863
f 1111/1868 1694/1951 1567/1950
f 1694/1951 1274/1866 1566/1863
f 1700/1955 1455/1921 1582/1920
f 1100/1956 1695/1957 1252/1958
f 1871/1959 1557/1960 1697/1961
f 1870/1962 1558/1963 1477/1964
f 1252/1958 1585/1965 1058/1966
f 1885/1967 1562/1679 1699/1678
f 1871/1959 1586/1968 1467/1969
f 1114/1856 1697/1961 1557/1960
f 1280/1855 1586/1968 1697/1961
f 1872/1970 1592/1971 1712/1972
f 1058/1966 1698/1973 1249/1647
f 1691/1935 1458/1934 1581/1933
f 1865/1974 1585/1965 1470/1975
f 1249/1647 1580/1939 1099/1648
f 1825/1682 1499/1976 1561/1683
f 1465/1977 1699/1678 1584/1677
f 1856/1978 1579/1979 1456/1980
f 1582/1920 1275/1804 1700/1955
f 1700/1955 1112/1803 1579/1979
f 1459/1981 1690/1928 1857/1932
f 1792/1982 1508/1983 1620/1984
f 1906/1985 1556/1926 1473/1986
f 1559/1987 1333/1988 1701/1989
f 1701/1989 1047/1861 1556/1926
f 1050/1990 1702/1991 1251/1992
f 1695/1957 1470/1975 1585/1965
f 1476/1993 1702/1991 1554/1994
f 1702/1991 1100/1956 1251/1992
f 1101/1790 1703/1995 1254/1786
f 1875/1996 1590/1898 1685/1896
f 1874/1997 1587/1998 1483/1999
f 1254/1786 1588/1906 1059/1748
f 1468/1936 1704/2000 1583/1923
f 1066/1815 1704/2000 1586/1968
f 1277/1814 1583/1923 1704/2000
f 1865/1974 1580/1939 1698/1973
f 1479/2001 1705/2002 1592/1971
f 1571/2003 1284/1832 1705/2002
f 1284/1832 1592/1971 1705/2002
f 1692/1945 1462/2004 1577/1944
f 1062/1684 1706/2005 1253/1796
f 1703/1995 1450/1907 1588/1906
f 1873/2006 1591/2007 1482/2008
f 1253/1796 1587/1998 1101/1790
f 1106/1691 1707/2009 1264/1686
f 1486/2010 1705/2002 1879/2011
f 1878/2012 1572/2013 1489/2014
f 1264/1686 1591/2007 1062/1684
f 1448/2015 1708/2016 1567/1950
f 1067/1871 1708/2016 1589/1897
f 1273/1870 1567/1950 1708/2016
f 1451/1953 1686/1902 1853/1905
f 1924/1913 1570/1901 1485/1900
f 1573/2017 1286/2018 1709/1912
f 1709/1912 1063/1835 1570/1901
f 1925/2019 1602/2020 1816/2021
f 1053/1707 1710/2022 1263/1705
f 1707/2009 1482/2008 1591/2007
f 1877/2023 1569/1917 1488/2024
f 1263/1705 1572/2013 1106/1691
f 1897/2025 1594/2026 1519/2027
f 1480/2028 1712/1972 1590/1898
f 1068/1829 1712/1972 1592/1971
f 1281/1888 1590/1898 1712/1972
f 1483/1999 1706/2005 1873/2006
f 1576/2029 1236/1658 1092/1655
f 1456/1980 1714/2030 1859/2031
f 1858/1929 1576/2029 1459/1981
f 1713/1931 1054/1659 1236/1658
f 1859/2031 1577/1944 1462/2004
f 1579/1979 1276/1801 1714/2030
f 1714/2030 1064/1850 1577/1944
f 1688/1865 1454/1954 1566/1863
f 1574/1930 1269/1722 1054/1659
f 1846/2032 1494/1916 1568/1915
f 1881/1948 1574/1930 1460/2033
f 1269/1722 1575/2034 1109/1723
f 1876/2035 1571/2003 1486/2010
f 1570/1901 1283/1834 1716/1899
f 1716/1899 1116/1833 1571/2003
f 1489/2014 1710/2022 1877/2023
f 1860/2036 1718/1824 1863/2037
f 1464/2038 1717/1738 1564/1736
f 1864/2039 1586/1968 1704/2000
f 1862/2040 1584/1677 1717/1738
f 1452/1904 1719/1731 1563/1728
f 1920/2041 1560/2042 1811/2043
f 1922/2044 1720/2045 1801/2046
f 1057/1636 1721/2047 1239/1639
f 1238/2048 1376/2049 1721/2047
f 1376/2049 1379/2050 1721/2047
f 1721/2047 1094/1644 1239/1639
f 1093/2051 1722/2052 1376/2049
f 1237/2053 1230/2054 1722/2052
f 1230/2054 1377/2055 1722/2052
f 1376/2049 1377/2055 1153/2056
f 1377/2055 1378/2057 1153/2056
f 1089/2058 1723/2059 1377/2055
f 1229/2060 1251/1992 1723/2059
f 1378/2057 1251/1992 1100/1956
f 1379/2050 1240/1646 1094/1644
f 1153/2056 1724/2061 1379/2050
f 1378/2057 1252/1958 1724/2061
f 1724/2061 1058/1966 1240/1646
f 1444/2062 1271/1708 1167/1710
f 1173/2063 1725/2064 1444/2062
f 1380/2065 1383/2066 1725/2064
f 1271/1708 1383/2066 1110/1711
f 1173/2063 1726/2067 1380/2065
f 1443/2068 1428/2069 1726/2067
f 1726/2067 1090/2070 1381/2071
f 1380/2065 1381/2071 1154/2072
f 1154/2072 1727/2073 1382/2074
f 1090/2070 1727/2073 1381/2071
f 1727/2073 1048/2075 1237/2053
f 1382/2074 1237/2053 1093/2051
f 1110/1711 1728/2076 1272/1716
f 1383/2066 1382/2074 1728/2076
f 1728/2076 1093/2051 1238/2048
f 1272/1716 1238/2048 1057/1636
f 1073/2077 1729/2078 1293/2079
f 1302/2080 1384/2081 1729/2078
f 1729/2078 1155/2082 1387/2083
f 1293/2079 1387/2083 1121/2084
f 1125/2085 1730/2086 1384/2081
f 1301/2087 1290/2088 1730/2086
f 1730/2086 1119/2089 1385/2090
f 1384/2081 1385/2090 1155/2082
f 1155/2082 1731/2091 1386/2092
f 1385/2090 1289/2093 1731/2091
f 1731/2091 1071/2094 1304/2095
f 1386/2092 1304/2095 1126/2096
f 1121/2084 1732/2097 1294/2098
f 1387/2083 1386/2092 1732/2097
f 1732/2097 1126/2096 1303/2099
f 1294/2098 1303/2099 1074/2100
f 1051/1662 1733/2101 1313/2102
f 1087/1667 1733/2101 1226/1661
f 1388/2103 1391/2104 1733/2101
f 1733/2101 1131/2105 1313/2102
f 1225/1680 1388/2103 1087/1667
f 1561/1683 1734/2106 1225/1680
f 1734/2106 1560/2042 1389/2107
f 1734/2106 1156/2108 1388/2103
f 1156/2108 1735/2109 1390/2110
f 1389/2107 1799/2111 1735/2109
f 1735/2109 1614/2112 1309/2113
f 1390/2110 1309/2113 1129/2114
f 1131/2105 1736/2115 1314/2116
f 1391/2104 1390/2110 1736/2115
f 1736/2115 1129/2114 1310/2117
f 1314/2116 1310/2117 1076/2118
f 1078/2119 1737/2120 1321/2121
f 1318/2122 1392/2123 1737/2120
f 1737/2120 1157/2124 1395/2125
f 1321/2121 1395/2125 1135/2126
f 1133/2127 1738/2128 1392/2123
f 1317/2129 1299/2130 1738/2128
f 1738/2128 1124/2131 1393/2132
f 1392/2123 1393/2132 1157/2124
f 1157/2124 1739/2133 1394/2134
f 1393/2132 1300/2135 1739/2133
f 1739/2133 1072/2136 1298/2137
f 1394/2134 1298/2137 1123/2138
f 1135/2126 1740/2139 1322/2140
f 1395/2125 1394/2134 1740/2139
f 1740/2139 1123/2138 1297/2141
f 1322/2140 1297/2141 1077/2142
f 1442/2143 1325/2144 1170/2145
f 1174/2146 1741/2147 1442/2143
f 1396/2148 1399/2149 1741/2147
f 1741/2147 1137/2150 1325/2144
f 1441/2151 1396/2148 1174/2146
f 1441/2151 1432/2152 1742/2153
f 1432/2152 1397/2154 1742/2153
f 1742/2153 1158/2155 1396/2148
f 1397/2154 1398/2156 1158/2155
f 1136/2157 1743/2158 1397/2154
f 1743/2158 1070/2159 1301/2087
f 1743/2158 1125/2085 1398/2156
f 1399/2149 1326/2160 1137/2150
f 1158/2155 1744/2161 1399/2149
f 1398/2156 1302/2080 1744/2161
f 1744/2161 1073/2077 1326/2160
f 1593/2162 1745/2163 1711/2164
f 1288/2165 1400/2166 1745/2163
f 1745/2163 1159/2167 1403/2168
f 1711/2164 1403/2168 1594/2026
f 1118/2169 1746/2170 1400/2166
f 1287/2171 1311/2172 1746/2170
f 1746/2170 1130/2173 1401/2174
f 1400/2166 1401/2174 1159/2167
f 1159/2167 1747/2175 1402/2176
f 1401/2174 1312/2177 1747/2175
f 1747/2175 1076/2118 1310/2117
f 1402/2176 1310/2117 1129/2114
f 1594/2026 1748/2178 1802/2179
f 1403/2168 1402/2176 1748/2178
f 1748/2178 1129/2114 1309/2113
f 1802/2179 1309/2113 1614/2112
f 1052/1749 1749/2180 1319/2181
f 1086/1756 1749/2180 1224/1751
f 1404/2182 1407/2183 1749/2180
f 1319/2181 1407/2183 1134/2184
f 1223/1766 1404/2182 1086/1756
f 1051/1662 1750/2185 1223/1766
f 1313/2102 1405/2186 1750/2185
f 1750/2185 1160/2187 1404/2182
f 1160/2187 1751/2188 1406/2189
f 1405/2186 1314/2116 1751/2188
f 1751/2188 1076/2118 1315/2190
f 1406/2189 1315/2190 1132/2191
f 1134/2184 1752/2192 1320/2193
f 1407/2183 1406/2189 1752/2192
f 1752/2192 1132/2191 1316/2194
f 1320/2193 1316/2194 1077/2142
f 1049/1768 1753/2195 1295/2196
f 1228/1770 1408/2197 1753/2195
f 1753/2195 1161/2198 1411/2199
f 1295/2196 1411/2199 1122/2200
f 1088/1775 1754/2201 1408/2197
f 1227/1784 1319/2181 1754/2201
f 1754/2201 1134/2184 1409/2202
f 1408/2197 1409/2202 1161/2198
f 1161/2198 1755/2203 1410/2204
f 1409/2202 1320/2193 1755/2203
f 1755/2203 1077/2142 1297/2141
f 1410/2204 1297/2141 1123/2138
f 1122/2200 1756/2205 1296/2206
f 1411/2199 1410/2204 1756/2205
f 1756/2205 1123/2138 1298/2137
f 1296/2206 1298/2137 1072/2136
f 1075/2207 1757/2208 1311/2172
f 1308/2209 1412/2210 1757/2208
f 1757/2208 1162/2211 1415/2212
f 1311/2172 1415/2212 1130/2173
f 1128/2213 1758/2214 1412/2210
f 1307/2215 1321/2121 1758/2214
f 1758/2214 1135/2126 1413/2216
f 1412/2210 1413/2216 1162/2211
f 1162/2211 1759/2217 1414/2218
f 1413/2216 1322/2140 1759/2217
f 1759/2217 1077/2142 1316/2194
f 1414/2218 1316/2194 1132/2191
f 1130/2173 1760/2219 1312/2177
f 1415/2212 1414/2218 1760/2219
f 1760/2219 1132/2191 1315/2190
f 1312/2177 1315/2190 1076/2118
f 1773/2220 1764/2221 1774/2222
f 1762/2223 1082/2224 1331/2225
f 1762/2223 1140/2226 1763/2227
f 1761/2228 1763/2229 1764/2221
f 1763/2227 1140/2226 1332/2230
f 1763/2231 1081/2232 1329/2233
f 1764/2234 1329/2233 1139/2235
f 1764/2234 1139/2235 1330/2236
f 1774/2237 1330/2236 1080/2238
f 1218/1816 1416/2239 1085/2240
f 1765/2241 1417/2242 1416/2239
f 1416/2243 1779/2244 1766/2245
f 1766/2245 1824/2246 1801/2046
f 1085/1822 1766/2245 1767/1819
f 1767/1819 1801/2046 1720/2045
f 1084/2247 1768/2248 1338/2249
f 1338/2249 1768/2248 1143/2250
f 1789/2251 1769/2252 1768/2253
f 1769/2252 1771/2254 1768/2253
f 1768/2248 1337/2255 1143/2250
f 1337/2255 1771/2256 1079/2257
f 1840/2258 1775/2259 1839/2260
f 1772/2261 1774/2222 1775/2259
f 1774/2237 1080/2238 1339/2262
f 1775/2263 1339/2262 1144/2264
f 1775/2263 1144/2264 1434/2265
f 1839/2266 1434/2265 1171/2267
f 1791/2268 1761/2228 1773/2220
f 1222/1862 1776/2269 1791/2268
f 1216/1858 1777/2270 1776/2269
f 1217/1860 1047/1861 1333/1988
f 1777/2271 1333/1988 1141/2272
f 1776/2269 1762/2273 1761/2228
f 1777/2271 1141/2272 1334/2274
f 1777/2271 1082/2224 1762/2223
f 1596/2275 1778/2276 1328/2277
f 1328/2277 1418/2278 1138/2279
f 1793/2280 1779/2244 1778/2281
f 1778/2281 1417/2282 1418/2283
f 1418/2284 1780/2285 1781/2286
f 1138/2279 1781/2287 1327/2288
f 1327/2288 1781/2287 1083/2289
f 1220/1875 1783/2290 1219/1878
f 1782/2291 1787/2292 1783/2290
f 1783/2290 1780/2285 1765/2241
f 1219/1878 1765/2241 1218/1816
f 1784/2293 1214/1880 1215/1882
f 1770/2294 1785/2295 1784/2293
f 1785/2295 1788/2296 1782/2291
f 1214/1880 1782/2291 1220/1875
f 1083/2289 1786/2297 1336/2298
f 1336/2298 1786/2297 1142/2299
f 1781/2286 1787/2292 1786/2300
f 1786/2300 1788/2296 1789/2251
f 1142/2299 1789/2301 1335/2302
f 1335/2302 1789/2301 1084/2247
f 1838/2303 1772/2261 1840/2258
f 1427/1894 1790/2304 1838/2303
f 1221/1893 1791/2268 1790/2304
f 1790/2304 1773/2220 1772/2261
f 1908/2305 1617/2306 1807/2307
f 1907/2308 1619/2309 1531/2310
f 1620/1984 1336/2298 1792/1982
f 1792/1982 1142/2299 1619/2309
f 1899/2311 1613/2312 1796/2313
f 1501/2314 1793/2315 1596/2275
f 1118/2169 1794/2316 1597/2317
f 1288/2165 1593/2162 1794/2316
f 1889/2318 1618/2319 1813/2320
f 1504/2321 1794/2316 1593/2162
f 1133/2127 1795/2322 1600/2323
f 1318/2122 1621/2324 1795/2322
f 1913/2325 1599/2326 1821/2327
f 1534/2328 1795/2322 1621/2324
f 1900/2329 1610/2330 1823/2331
f 1521/2332 1796/2333 1612/2334
f 1796/2313 1081/2232 1332/2335
f 1796/2333 1140/2226 1612/2334
f 1509/2336 1797/2337 1607/2338
f 1797/2337 1144/2264 1339/2262
f 1607/2338 1339/2262 1080/2238
f 1290/2088 1608/2339 1119/2089
f 1070/2159 1798/2340 1290/2088
f 1893/2341 1611/2342 1805/2343
f 1892/2344 1604/2345 1512/2346
f 1921/2347 1560/2042 1550/2348
f 1888/2349 1597/2317 1794/2316
f 1887/2350 1595/2351 1502/2352
f 1800/2353 1596/2275 1328/2277
f 1800/2353 1138/2279 1595/2351
f 1687/1909 1488/2024 1569/1917
f 1895/2354 1801/2046 1824/2246
f 1711/2164 1504/2321 1593/2162
f 1896/2355 1614/2112 1518/2356
f 1169/2357 1803/2358 1598/2359
f 1324/2360 1599/2326 1803/2358
f 1540/2361 1803/2358 1599/2326
f 1904/2362 1555/2363 1826/2364
f 1903/2365 1559/1987 1527/2366
f 1616/2367 1334/2274 1804/2368
f 1804/2368 1141/2272 1559/1987
f 1289/2093 1611/2342 1071/2094
f 1119/2089 1805/2343 1289/2093
f 1894/2369 1606/2370 1806/2371
f 1893/2341 1608/2339 1513/2372
f 1516/2373 1806/2371 1613/2312
f 1806/2371 1139/2235 1329/2233
f 1613/2312 1329/2233 1081/2232
f 1128/2213 1807/2307 1617/2306
f 1308/2209 1618/2319 1807/2307
f 1909/2374 1621/2324 1817/2375
f 1506/2376 1807/2307 1618/2319
f 1474/2377 1808/1927 1557/1960
f 1047/1861 1808/1927 1556/1926
f 1279/1859 1557/1960 1808/1927
f 1869/2378 1558/1963 1702/1991
f 1074/2100 1809/2379 1615/2380
f 1303/2099 1610/2330 1809/2379
f 1521/2332 1810/2381 1902/2382
f 1523/2383 1809/2379 1610/2330
f 1804/2368 1526/2384 1616/2367
f 1902/2382 1616/2367 1526/2384
f 1612/2334 1331/2225 1810/2381
f 1810/2381 1082/2224 1616/2367
f 1799/2111 1518/2356 1614/2112
f 1499/1976 1811/2043 1561/1683
f 1912/2385 1600/2323 1795/2322
f 1537/2386 1812/2387 1603/2388
f 1622/2389 1338/2249 1812/2387
f 1603/2388 1338/2249 1143/2250
f 1075/2207 1813/2320 1618/2319
f 1287/2171 1597/2317 1813/2320
f 1502/2352 1814/2390 1890/2391
f 1505/2392 1813/2320 1597/2317
f 1891/2393 1607/2338 1820/2394
f 1890/2391 1620/1984 1508/1983
f 1595/2351 1327/2288 1814/2390
f 1814/2390 1083/2289 1620/1984
f 1883/2395 1573/2017 1496/1911
f 1578/1942 1431/1846 1815/2396
f 1815/2396 1168/2397 1573/2017
f 1696/1820 1863/2037 1718/1824
f 1926/2398 1598/2359 1803/2358
f 1543/2399 1816/2021 1601/2400
f 1816/2021 1079/2257 1340/2401
f 1601/2400 1340/2401 1171/2267
f 1078/2119 1817/2375 1621/2324
f 1307/2215 1617/2306 1817/2375
f 1531/2310 1818/2402 1910/2403
f 1533/2404 1817/2375 1617/2306
f 1812/2387 1536/2405 1622/2389
f 1910/2403 1622/2389 1536/2405
f 1619/2309 1335/2302 1818/2402
f 1818/2402 1084/2247 1622/2389
f 1323/2406 1604/2345 1070/2159
f 1323/2406 1605/2407 1819/2408
f 1918/2409 1609/2410 1797/2337
f 1547/2411 1819/2408 1605/2407
f 1513/2372 1798/2340 1892/2344
f 1510/2412 1820/2394 1606/2370
f 1820/2394 1080/2238 1330/2236
f 1606/2370 1330/2236 1139/2235
f 1069/2413 1821/2327 1599/2326
f 1317/2129 1600/2323 1821/2327
f 1914/2414 1603/2388 1822/2415
f 1539/2416 1821/2327 1600/2323
f 1915/2417 1601/2400 1837/2418
f 1542/2419 1822/2415 1602/2020
f 1822/2415 1143/2250 1337/2255
f 1602/2020 1337/2255 1079/2257
f 1126/2096 1823/2331 1610/2330
f 1071/2094 1823/2331 1304/2095
f 1901/2420 1615/2380 1809/2379
f 1900/2329 1611/2342 1514/2421
f 1519/2027 1802/2179 1896/2355
f 1898/2422 1824/2246 1793/2280
f 1884/2423 1720/2045 1919/2424
f 1498/2425 1825/1682 1562/1679
f 1800/2353 1501/2314 1596/2275
f 1127/2426 1826/2364 1555/2363
f 1306/2427 1615/2380 1826/2364
f 1927/2428 1476/1993 1554/1994
f 1524/2429 1826/2364 1615/2380
f 1293/2079 1292/2430 1073/2077
f 1121/2084 1827/2431 1293/2079
f 1419/2432 1422/2433 1827/2431
f 1827/2431 1120/2434 1292/2430
f 1294/2098 1419/2432 1121/2084
f 1074/2100 1828/2435 1294/2098
f 1306/2427 1420/2436 1828/2435
f 1828/2435 1163/2437 1419/2432
f 1420/2436 1421/2438 1163/2437
f 1127/2426 1829/2439 1420/2436
f 1829/2439 1050/1990 1229/2060
f 1421/2438 1229/2060 1089/2058
f 1422/2433 1291/2440 1120/2434
f 1163/2437 1830/2441 1422/2433
f 1421/2438 1230/2054 1830/2441
f 1830/2441 1048/2075 1291/2440
f 1170/2145 1831/2442 1440/2443
f 1325/2144 1423/2444 1831/2442
f 1831/2442 1164/2445 1426/2446
f 1831/2442 1175/2447 1440/2443
f 1137/2150 1832/2448 1423/2444
f 1326/2160 1292/2430 1832/2448
f 1832/2448 1120/2434 1424/2449
f 1423/2444 1424/2449 1164/2445
f 1164/2445 1833/2450 1425/2451
f 1424/2449 1291/2440 1833/2450
f 1291/2440 1231/2452 1833/2450
f 1425/2451 1231/2452 1090/2070
f 1175/2447 1834/2453 1439/2454
f 1426/2446 1425/2451 1834/2453
f 1834/2453 1090/2070 1428/2069
f 1439/2454 1428/2069 1165/2455
f 1122/2200 1835/2456 1295/2196
f 1438/2457 1439/2454 1835/2456
f 1835/2456 1165/2455 1232/2458
f 1295/2196 1232/2458 1049/1768
f 1072/2136 1836/2459 1296/2206
f 1433/2460 1440/2443 1836/2459
f 1836/2459 1175/2447 1438/2457
f 1296/2206 1438/2457 1122/2200
f 1916/2461 1605/2407 1845/2462
f 1544/2463 1837/2418 1609/2410
f 1837/2418 1171/2267 1434/2265
f 1609/2410 1434/2265 1144/2264
f 1215/1882 1838/2303 1784/2293
f 1784/2293 1840/2258 1770/2294
f 1839/2266 1171/2267 1340/2401
f 1771/2256 1340/2401 1079/2257
f 1770/2294 1839/2260 1771/2254
f 1299/2130 1437/2464 1124/2131
f 1069/2413 1841/2465 1299/2130
f 1324/2360 1441/2151 1841/2465
f 1841/2465 1174/2146 1437/2464
f 1300/2135 1433/2460 1072/2136
f 1124/2131 1842/2466 1300/2135
f 1437/2464 1442/2143 1842/2466
f 1842/2466 1170/2145 1433/2460
f 1095/1776 1843/2467 1436/2468
f 1241/1771 1232/2458 1843/2467
f 1843/2467 1165/2455 1443/2068
f 1436/2468 1443/2068 1173/2063
f 1056/1701 1844/2469 1430/2470
f 1242/1778 1436/2468 1844/2469
f 1844/2469 1173/2063 1444/2062
f 1430/2470 1444/2062 1167/1710
f 1136/2157 1845/2462 1605/2407
f 1169/2357 1845/2462 1432/2152
f 1917/2471 1604/2345 1819/2408
f 1546/2472 1845/2462 1598/2359
f 1109/1723 1846/2032 1429/1726
f 1491/1943 1815/2396 1883/2395
f 1882/2473 1575/2034 1493/1946
f 1429/1726 1568/1915 1166/1727
f 1847/1891 1215/1882 1678/1881
f 1849/1842 1678/1881 1663/1884
f 1662/1836 1286/2018 1848/1845
f 1848/1845 1286/2018 1168/2397
f 1663/1884 1848/2474 1849/1842
f 1435/2475 1245/1706 1097/1703
f 1172/1715 1850/2476 1435/2475
f 1445/1724 1270/1910 1850/2476
f 1850/2476 1053/1707 1245/1706
f 1430/2470 1246/1702 1056/1701
f 1167/1710 1851/2477 1430/2470
f 1446/1709 1435/2475 1851/2477
f 1851/2477 1097/1703 1246/1702
f 1852/2478 1194/2479 1449/2480
f 1447/1895 1449/2480 1184/2481
f 1449/2482 1450/1907 1184/2483
f 1194/2484 1853/1905 1449/2482
f 1451/1953 1453/2485 1854/1952
f 1854/1952 1178/2486 1452/1904
f 1178/2487 1855/1949 1454/1954
f 1453/2488 1448/2015 1855/1949
f 1456/1980 1457/2489 1856/1978
f 1856/1978 1181/2490 1455/1921
f 1457/2491 1458/1934 1181/2492
f 1195/2493 1857/1932 1457/2491
f 1459/1981 1461/2494 1858/1929
f 1858/1929 1180/2495 1460/2033
f 1461/2496 1462/2004 1180/2497
f 1195/2498 1859/2031 1461/2496
f 1860/2499 1196/2500 1463/2501
f 1454/1954 1463/2501 1178/2487
f 1178/2486 1861/1918 1452/1904
f 1463/2502 1464/2038 1861/1918
f 1862/2040 1196/2503 1466/2504
f 1465/1977 1466/2504 1182/2505
f 1182/2506 1466/2507 1863/2037
f 1466/2507 1860/2036 1863/2037
f 1864/2039 1197/2508 1469/2509
f 1864/2039 1183/2510 1467/1969
f 1469/2511 1470/1975 1183/2512
f 1469/2511 1471/1940 1865/1974
f 1471/1940 1472/2513 1866/1938
f 1866/1938 1181/2492 1458/1934
f 1472/2514 1455/1921 1181/2490
f 1197/2508 1867/1937 1472/2515
f 1474/2377 1475/2516 1868/1925
f 1868/1925 1176/2517 1473/1986
f 1176/2518 1869/2378 1476/1993
f 1475/2519 1477/1964 1869/2378
f 1477/1964 1478/2520 1870/1962
f 1870/1962 1183/2512 1470/1975
f 1478/2521 1467/1969 1183/2510
f 1198/2522 1871/1959 1478/2521
f 1872/1970 1199/2523 1481/2524
f 1872/1970 1185/2525 1479/2001
f 1481/2526 1482/2008 1185/2527
f 1199/2528 1873/2006 1481/2526
f 1483/1999 1484/2529 1874/1997
f 1874/1997 1184/2483 1450/1907
f 1184/2481 1875/1996 1447/1895
f 1484/2530 1480/2028 1875/1996
f 1486/2010 1487/2531 1876/2035
f 1876/2035 1179/2532 1485/1900
f 1487/2533 1488/2024 1179/2534
f 1200/2535 1877/2023 1487/2533
f 1489/2014 1490/2536 1878/2012
f 1878/2012 1185/2527 1482/2008
f 1490/2537 1479/2001 1185/2525
f 1200/2538 1879/2011 1490/2537
f 1491/1943 1492/2539 1880/1941
f 1880/1941 1180/2497 1462/2004
f 1492/2540 1460/2033 1180/2495
f 1201/2541 1881/1948 1492/2540
f 1493/1946 1495/2542 1882/2473
f 1882/2473 1212/2543 1494/1916
f 1495/2544 1496/1911 1212/2545
f 1201/2546 1883/2395 1495/2544
f 1884/2423 1202/2547 1497/2548
f 1863/2037 1497/2548 1182/2506
f 1182/2505 1885/1967 1465/1977
f 1202/2549 1885/1967 1497/2550
f 1498/2425 1500/2551 1886/2552
f 1886/2552 1177/2553 1499/1976
f 1177/2554 1500/2555 1919/2424
f 1500/2555 1884/2423 1919/2424
f 1502/2352 1503/2556 1887/2350
f 1887/2350 1186/2557 1501/2314
f 1186/2558 1888/2349 1504/2321
f 1503/2559 1505/2392 1888/2349
f 1889/2318 1203/2560 1507/2561
f 1506/2376 1507/2561 1192/2562
f 1507/2563 1508/1983 1192/2564
f 1203/2565 1890/2391 1507/2563
f 1891/2393 1204/2566 1511/2567
f 1509/2336 1511/2567 1188/2568
f 1188/2569 1892/2344 1512/2346
f 1511/2570 1513/2372 1892/2344
f 1893/2341 1204/2571 1515/2572
f 1514/2421 1515/2572 1189/2573
f 1189/2574 1894/2369 1516/2373
f 1515/2575 1510/2412 1894/2369
f 1898/2422 1517/2576 1895/2354
f 1895/2354 1517/2576 1190/2577
f 1517/2578 1518/2356 1190/2579
f 1205/2580 1896/2355 1517/2578
f 1519/2027 1520/2581 1897/2025
f 1504/2321 1520/2581 1186/2558
f 1520/2582 1501/2314 1186/2557
f 1520/2583 1205/2584 1898/2422
f 1899/2585 1206/2586 1522/2587
f 1516/2373 1522/2588 1189/2574
f 1189/2573 1900/2329 1514/2421
f 1522/2589 1523/2383 1900/2329
f 1523/2383 1525/2590 1901/2420
f 1524/2429 1525/2590 1191/2591
f 1525/2592 1526/2384 1191/2593
f 1206/2586 1902/2382 1525/2592
f 1903/2365 1207/2594 1528/2595
f 1526/2384 1528/2595 1191/2593
f 1191/2591 1904/2362 1524/2429
f 1528/2596 1529/2597 1904/2362
f 1927/2428 1529/2597 1905/2598
f 1527/2366 1701/1989 1906/1985
f 1529/2597 1530/2599 1905/2598
f 1905/2598 1176/2518 1476/1993
f 1530/2600 1473/1986 1176/2517
f 1207/2594 1906/1985 1530/2600
f 1531/2310 1532/2601 1907/2308
f 1907/2308 1192/2564 1508/1983
f 1192/2562 1908/2305 1506/2376
f 1532/2602 1533/2404 1908/2305
f 1909/2374 1208/2603 1535/2604
f 1534/2328 1535/2604 1193/2605
f 1535/2606 1536/2405 1193/2607
f 1208/2608 1910/2403 1535/2606
f 1911/2609 1209/2610 1538/2611
f 1536/2405 1538/2611 1193/2607
f 1193/2605 1912/2385 1534/2328
f 1538/2612 1539/2416 1912/2385
f 1913/2325 1209/2613 1541/2614
f 1540/2361 1541/2614 1187/2615
f 1187/2616 1914/2414 1542/2419
f 1541/2617 1537/2386 1914/2414
f 1915/2417 1210/2618 1545/2619
f 1543/2399 1545/2619 1213/2620
f 1213/2621 1916/2461 1546/2472
f 1545/2622 1547/2411 1916/2461
f 1917/2471 1210/2623 1548/2624
f 1512/2346 1548/2624 1188/2569
f 1188/2568 1918/2409 1509/2336
f 1548/2625 1544/2463 1918/2409
f 1922/2044 1549/2626 1919/2424
f 1919/2424 1549/2626 1177/2554
f 1177/2553 1920/2041 1499/1976
f 1549/2627 1550/2348 1920/2041
f 1921/2347 1211/2628 1551/2629
f 1921/2347 1190/2579 1518/2356
f 1551/2630 1895/2354 1190/2577
f 1551/2630 1211/2631 1922/2044
f 1494/1916 1552/2632 1923/1914
f 1923/1914 1179/2534 1488/2024
f 1552/2633 1485/1900 1179/2532
f 1212/2545 1924/1913 1552/2633
f 1925/2019 1213/2620 1553/2634
f 1542/2419 1553/2634 1187/2616
f 1187/2615 1926/2398 1540/2361
f 1553/2635 1546/2472 1926/2398
f 1305/2636 1554/1994 1050/1990
f 1305/2636 1555/2363 1927/2428
f 1852/2478 1589/1897 1708/2016
f 1959/2637 1962/2638 1961/2639
f 1959/2637 1963/2640 1962/2638
f 1997/2641 1959/2642 1976/2643
f 1974/2644 1960/2645 1959/2646
f 1930/2647 1960/2645 1975/2648
f 1960/2649 1939/2650 1938/2651
f 1960/2649 1937/2652 1963/2640
f 1963/2640 1931/2653 1947/2654
f 1962/2638 1947/2654 1946/2655
f 1961/2639 1946/2655 1945/2656
f 2013/2657 2047/2658 2024/2659
f 1944/2660 1967/2661 1940/2662
f 1964/2663 1967/2661 1966/2664
f 2168/2665 1984/2666 1989/2667
f 2164/2668 1984/2666 2163/2669
f 2144/2670 1964/2663 2143/2671
f 1977/2672 1978/2673 1976/2674
f 2156/2675 2124/2676 2140/2677
f 1985/2678 1966/2664 1987/2679
f 1969/2680 1970/2681 1968/2682
f 1933/2683 1955/2684 1968/2682
f 1955/2684 1954/2685 1968/2682
f 1953/2686 1968/2682 1954/2685
f 1953/2686 1929/2687 1969/2680
f 1971/2688 1991/2689 1970/2690
f 1972/2691 1975/2648 1974/2644
f 1990/2692 1972/2693 1996/2694
f 1971/2695 1973/2696 1972/2691
f 1969/2680 1958/2697 1973/2696
f 1973/2696 1958/2697 1957/2698
f 1973/2696 1956/2699 1975/2648
f 1975/2648 1956/2699 1930/2647
f 1996/2694 1974/2700 1997/2641
f 1979/2701 1949/2702 1948/2703
f 2219/2704 2091/2705 2040/2706
f 2144/2670 1941/2707 1965/2708
f 1979/2701 2127/2709 2158/2710
f 1976/2643 1999/2711 1997/2641
f 1980/2712 1983/2713 1982/2714
f 1928/2715 1980/2712 1942/2716
f 1936/2717 1981/2718 1980/2712
f 1935/2719 1934/2720 1981/2718
f 1934/2720 1992/2721 1981/2718
f 1981/2718 1994/2722 1983/2713
f 1983/2713 1987/2679 1966/2664
f 1982/2714 1966/2664 1967/2661
f 1943/2723 1982/2714 1944/2660
f 1942/2716 1982/2714 1943/2723
f 1984/2666 1987/2724 1986/2725
f 1988/2726 2177/2727 2167/2728
f 1998/2729 2178/2730 2177/2727
f 1989/2667 1986/2725 1991/2689
f 1989/2667 1990/2692 1988/2726
f 1978/2673 2158/2710 2157/2731
f 1992/2732 1995/2733 1994/2734
f 1932/2735 1952/2736 1992/2721
f 1952/2737 1993/2738 1992/2732
f 1951/2739 1950/2740 1993/2738
f 1933/2683 1993/2738 1950/2740
f 1993/2738 1970/2681 1995/2733
f 1995/2741 1991/2689 1986/2725
f 1994/2742 1986/2725 1987/2724
f 1997/2641 1998/2729 1996/2694
f 1940/2662 1965/2708 1941/2707
f 2178/2730 1978/2743 2157/2744
f 1996/2694 1988/2726 1990/2692
f 2047/2658 2050/2745 2048/2746
f 2049/2747 2052/2748 2050/2745
f 2071/2749 2049/2747 2047/2658
f 2024/2659 2048/2746 2023/2750
f 2023/2750 2011/2751 2002/2752
f 2048/2746 2010/2753 2011/2751
f 2050/2745 2009/2754 2010/2753
f 2052/2748 2003/2755 2009/2754
f 2051/2756 2027/2757 2052/2748
f 2051/2756 2025/2758 2026/2759
f 2094/2760 2043/2761 2041/2762
f 2073/2763 2025/2758 2051/2756
f 2072/2764 2051/2756 2049/2747
f 2054/2765 2058/2766 2055/2767
f 2055/2767 2016/2768 2017/2769
f 2214/2770 2085/2771 2035/2772
f 2232/2773 2035/2772 2053/2774
f 2233/2775 2053/2774 2054/2765
f 2234/2776 2054/2765 2055/2767
f 2035/2772 2056/2777 2053/2774
f 2080/2778 2057/2779 2081/2780
f 2081/2780 2056/2777 2082/2781
f 2082/2781 2036/2782 2034/2783
f 2034/2783 2088/2784 2098/2785
f 2074/2786 2072/2764 2071/2749
f 2062/2787 2060/2788 2059/2789
f 2063/2790 2061/2791 2060/2788
f 2005/2792 2059/2789 2039/2793
f 2059/2789 2038/2794 2039/2793
f 2060/2788 2037/2795 2038/2794
f 2061/2791 2001/2796 2037/2795
f 2064/2797 2021/2798 2061/2791
f 2020/2799 2058/2766 2080/2778
f 2022/2800 2092/2801 2015/2802
f 2064/2797 2093/2803 2092/2801
f 2063/2790 2094/2760 2093/2803
f 2042/2804 2062/2787 2059/2789
f 2065/2805 2068/2806 2066/2807
f 2067/2808 2070/2809 2068/2806
f 2101/2810 2067/2808 2065/2805
f 2022/2800 2066/2807 2021/2798
f 2021/2798 2046/2811 2001/2796
f 2066/2807 2045/2812 2046/2811
f 2068/2806 2044/2813 2045/2812
f 2070/2809 2002/2752 2044/2813
f 2069/2814 2023/2750 2070/2809
f 1944/2815 2016/2816 2020/2817
f 2103/2818 2024/2659 2069/2814
f 2102/2819 2069/2814 2067/2808
f 2075/2820 2073/2763 2072/2764
f 2076/2821 2029/2822 2073/2763
f 2012/2823 2071/2749 2013/2657
f 2196/2824 2055/2767 2017/2769
f 2207/2825 2076/2821 2255/2826
f 2255/2826 2075/2820 2254/2827
f 2254/2827 2074/2786 2253/2828
f 2083/2829 2087/2830 2084/2831
f 2077/2832 2081/2780 2078/2833
f 2078/2833 2082/2781 2079/2834
f 2000/2835 2077/2832 2008/2836
f 2008/2836 2078/2833 2007/2837
f 2007/2837 2079/2834 2006/2838
f 2006/2838 2033/2839 2004/2840
f 2079/2834 2034/2783 2033/2839
f 2019/2841 2020/2799 2080/2778
f 2018/2842 2080/2778 2077/2832
f 2084/2831 2088/2784 2085/2771
f 2085/2771 2036/2782 2035/2772
f 2193/2843 2104/2844 2014/2845
f 2262/2846 2040/2706 2083/2829
f 2263/2847 2083/2829 2084/2831
f 2085/2771 2263/2847 2084/2831
f 2040/2706 2086/2848 2083/2829
f 2098/2785 2087/2830 2099/2849
f 2099/2849 2086/2848 2100/2850
f 2100/2850 2041/2762 2043/2761
f 2015/2802 2065/2805 2022/2800
f 2092/2801 2090/2851 2089/2852
f 2093/2803 2091/2705 2090/2851
f 2091/2705 2041/2762 2040/2706
f 2253/2828 2012/2823 2191/2853
f 2268/2854 2014/2845 2089/2852
f 2269/2855 2089/2852 2090/2851
f 2270/2856 2090/2851 2091/2705
f 2015/2802 2089/2852 2014/2845
f 2104/2844 2102/2819 2101/2810
f 2095/2857 2099/2849 2096/2858
f 2096/2858 2100/2850 2097/2859
f 2004/2840 2095/2857 2032/2860
f 2032/2860 2096/2858 2031/2861
f 2031/2861 2097/2859 2030/2862
f 2030/2862 2042/2804 2005/2792
f 2097/2859 2043/2761 2042/2804
f 2033/2839 2098/2785 2095/2857
f 2105/2863 2103/2818 2102/2819
f 2106/2864 2013/2657 2103/2818
f 2014/2845 2101/2810 2015/2802
f 2053/2774 2057/2779 2054/2765
f 2191/2853 2106/2864 2285/2865
f 2285/2865 2105/2863 2284/2866
f 2283/2867 2105/2863 2104/2844
f 2207/2868 1948/2869 2028/2870
f 1934/2871 2004/2872 1932/2873
f 1934/2871 2007/2874 2006/2875
f 1936/2876 2007/2874 1935/2877
f 1928/2878 2008/2879 1936/2876
f 1931/2880 2009/2881 2003/2882
f 1938/2883 2009/2881 1937/2884
f 1939/2885 2010/2886 1938/2883
f 1930/2887 2011/2888 1939/2885
f 1945/2889 2029/2890 1949/2891
f 1949/2891 2028/2870 1948/2869
f 1940/2892 2017/2893 2016/2816
f 1928/2894 2018/2895 2000/2896
f 1942/2897 2019/2898 2018/2895
f 1943/2899 2020/2817 2019/2898
f 1961/2639 1976/2674 1959/2637
f 1946/2900 2025/2901 1945/2889
f 1947/2902 2026/2903 1946/2900
f 1947/2902 2003/2904 2027/2905
f 2196/2906 1941/2907 2120/2908
f 2144/2670 2119/2909 2120/2910
f 1950/2911 2005/2912 1933/2913
f 1951/2914 2030/2915 1950/2911
f 1952/2916 2031/2917 1951/2914
f 1932/2873 2032/2918 1952/2916
f 1929/2919 2037/2920 2001/2921
f 1953/2922 2038/2923 2037/2920
f 1954/2924 2039/2925 2038/2923
f 1933/2913 2039/2925 1955/2926
f 1956/2927 2002/2928 1930/2887
f 1957/2929 2044/2930 1956/2927
f 1958/2931 2045/2932 1957/2929
f 1929/2919 2046/2933 1958/2931
f 2138/2934 2140/2677 2141/2935
f 2138/2934 2142/2936 2139/2937
f 2176/2938 2138/2939 2153/2940
f 2153/2941 2139/2942 2154/2943
f 2139/2942 2109/2944 2154/2943
f 2139/2937 2117/2945 2118/2946
f 2139/2937 2116/2947 2117/2945
f 2142/2936 2110/2948 2116/2947
f 2141/2935 2126/2949 2142/2936
f 2140/2677 2125/2950 2141/2935
f 2226/2951 2192/2952 2203/2953
f 2123/2954 2146/2955 2161/2956
f 2143/2671 2146/2955 2144/2670
f 2157/2731 2156/2675 2155/2957
f 2164/2958 2145/2959 2143/2671
f 2149/2960 2148/2961 2147/2962
f 2112/2963 2147/2962 2134/2964
f 2134/2964 2147/2962 2133/2965
f 2147/2962 2132/2966 2133/2965
f 2132/2966 2148/2961 2108/2967
f 2170/2968 2150/2969 2149/2970
f 2151/2971 2154/2943 2152/2972
f 2169/2973 2151/2974 2150/2969
f 2150/2975 2152/2972 2148/2961
f 2148/2961 2137/2976 2108/2967
f 2152/2972 2136/2977 2137/2976
f 2152/2972 2135/2978 2136/2977
f 2154/2943 2109/2944 2135/2978
f 2175/2979 2153/2940 2151/2974
f 2158/2710 2128/2980 2156/2675
f 2236/2981 2232/2773 2233/2775
f 2178/2730 2155/2982 2176/2938
f 2159/2983 2162/2984 2160/2985
f 2107/2986 2159/2983 2115/2987
f 2115/2987 2160/2985 2114/2988
f 2114/2988 2160/2985 2113/2989
f 2113/2989 2171/2990 2111/2991
f 2160/2985 2173/2992 2171/2990
f 2162/2984 2166/2993 2173/2992
f 2161/2956 2145/2959 2162/2984
f 2122/2994 2123/2954 2161/2956
f 2121/2995 2161/2956 2159/2983
f 2163/2669 2166/2996 2164/2668
f 2168/2665 2165/2997 2163/2669
f 2169/2973 2168/2665 2167/2728
f 2171/2998 2174/2999 2172/3000
f 2111/2991 2171/2990 2131/3001
f 2131/3002 2172/3000 2130/3003
f 2130/3003 2172/3000 2129/3004
f 2172/3000 2112/2963 2129/3004
f 2172/3000 2149/2960 2147/2962
f 2174/3005 2170/2968 2149/2970
f 2173/3006 2165/2997 2174/3005
f 2177/2727 2176/2938 2175/2979
f 2167/2728 2175/2979 2169/2973
f 2226/2951 2229/3007 2228/3008
f 2228/3008 2231/3009 2230/3010
f 2228/3008 2250/3011 2226/2951
f 2203/2953 2227/3012 2226/2951
f 2202/3013 2190/3014 2227/3012
f 2227/3012 2189/3015 2229/3007
f 2229/3007 2188/3016 2231/3009
f 2231/3009 2182/3017 2206/3018
f 2230/3010 2206/3018 2205/3019
f 2230/3010 2205/3019 2204/3020
f 2273/3021 2222/3022 2241/3023
f 2204/3020 2252/3024 2230/3010
f 2230/3010 2251/3025 2228/3008
f 2237/3026 2233/2775 2234/2776
f 2195/3027 2234/2776 2196/2824
f 2214/2770 2235/3028 2215/3029
f 2259/3030 2236/2981 2237/3026
f 2260/3031 2235/3028 2236/2981
f 2261/3032 2215/3029 2235/3028
f 2213/3033 2267/3034 2215/3029
f 2251/3025 2253/2828 2250/3011
f 2239/3035 2241/3023 2238/3036
f 2240/3037 2242/3038 2239/3035
f 2184/3039 2238/3036 2221/3040
f 2217/3041 2238/3036 2218/3042
f 2216/3043 2239/3035 2217/3041
f 2180/3044 2240/3037 2216/3043
f 2200/3045 2243/3046 2240/3037
f 2199/3047 2237/3026 2195/3027
f 2271/3048 2201/3049 2194/3050
f 2272/3051 2243/3046 2271/3048
f 2273/3021 2242/3038 2272/3051
f 2221/3040 2241/3023 2222/3022
f 2244/3052 2247/3053 2246/3054
f 2246/3054 2249/3055 2248/3056
f 2246/3054 2280/3057 2244/3052
f 2201/3049 2245/3058 2244/3052
f 2200/3045 2225/3059 2245/3058
f 2245/3058 2224/3060 2247/3053
f 2247/3053 2223/3061 2249/3055
f 2249/3055 2181/3062 2202/3013
f 2248/3056 2202/3013 2203/2953
f 2123/3063 2195/3064 2119/3065
f 2282/3066 2203/2953 2192/2952
f 2248/3056 2281/3067 2246/3054
f 2252/3024 2254/2827 2251/3025
f 2255/2826 2208/3068 2207/2825
f 2250/3011 2191/2853 2192/2952
f 2266/3069 2262/2846 2263/2847
f 2256/3070 2260/3031 2259/3030
f 2257/3071 2261/3032 2260/3031
f 2179/3072 2256/3070 2197/3073
f 2187/3074 2257/3071 2256/3070
f 2186/3075 2258/3076 2257/3071
f 2185/3077 2212/3078 2258/3076
f 2258/3076 2213/3033 2261/3032
f 2198/3079 2259/3030 2199/3047
f 2197/3073 2259/3030 2198/3079
f 2267/3034 2263/2847 2264/3080
f 2215/3029 2264/3080 2214/2770
f 2219/2704 2265/3081 2220/3082
f 2277/3083 2266/3069 2267/3034
f 2278/3084 2265/3081 2266/3069
f 2279/3085 2220/3082 2265/3081
f 2244/3052 2194/3050 2201/3049
f 2269/2855 2271/3048 2268/2854
f 2270/2856 2272/3051 2269/2855
f 2220/3082 2270/2856 2219/2704
f 2268/2854 2194/3050 2193/2843
f 2281/3067 2283/2867 2280/3057
f 2274/3086 2278/3084 2277/3083
f 2275/3087 2279/3085 2278/3084
f 2183/3088 2274/3086 2212/3078
f 2211/3089 2275/3087 2274/3086
f 2210/3090 2276/3091 2275/3087
f 2209/3092 2221/3040 2276/3091
f 2276/3091 2222/3022 2279/3085
f 2212/3078 2277/3083 2213/3033
f 2282/3066 2284/2866 2281/3067
f 2285/2865 2192/2952 2191/2853
f 2280/3057 2193/2843 2194/3050
f 2196/2906 2119/3065 2195/3064
f 2183/3093 2113/3094 2111/3095
f 2113/3094 2186/3096 2114/3097
f 2186/3096 2115/3098 2114/3097
f 2187/3099 2107/3100 2115/3098
f 2110/3101 2188/3102 2116/3103
f 2188/3102 2117/3104 2116/3103
f 2189/3105 2118/3106 2117/3104
f 2190/3107 2109/3108 2118/3106
f 2208/3109 2124/3110 2128/3111
f 2207/2868 2128/3111 2127/3112
f 2107/3113 2197/3114 2121/3115
f 2121/3115 2198/3116 2122/3117
f 2122/3117 2199/3118 2123/3063
f 2155/2957 2140/2677 2138/2934
f 2204/3119 2125/3120 2124/3110
f 2205/3121 2126/3122 2125/3120
f 2126/3122 2182/3123 2110/3124
f 2164/2958 1964/2663 1985/2678
f 2184/3125 2129/3126 2112/3127
f 2209/3128 2130/3129 2129/3126
f 2210/3130 2131/3131 2130/3129
f 2211/3132 2111/3095 2131/3131
f 2108/3133 2216/3134 2132/3135
f 2132/3135 2217/3136 2133/3137
f 2133/3137 2218/3138 2134/3139
f 2218/3138 2112/3127 2134/3139
f 2181/3140 2135/3141 2109/3108
f 2223/3142 2136/3143 2135/3141
f 2224/3144 2137/3145 2136/3143
f 2225/3146 2108/3133 2137/3145
f 2168/2665 1988/2726 2167/2728
f 1945/2656 1977/2672 1961/2639
f 2292/3147 2674/3148 2395/3149
f 2418/3150 2489/3151 2674/3148
f 2489/3151 2492/3152 2674/3148
f 2674/3148 2311/3153 2395/3149
f 2322/3154 2675/3155 2489/3151
f 2293/3156 2675/3155 2417/3157
f 2405/3158 2490/3159 2675/3155
f 2675/3155 2351/3160 2489/3151
f 2490/3159 2491/3161 2351/3160
f 2316/3162 2676/3163 2490/3159
f 2406/3164 2398/3165 2676/3163
f 2676/3163 2312/3166 2491/3161
f 2492/3152 2396/3167 2311/3153
f 2351/3160 2677/3168 2492/3152
f 2491/3161 2397/3169 2677/3168
f 2677/3168 2286/3170 2396/3167
f 2440/3171 2443/3172 2300/3173
f 2330/3174 2678/3175 2440/3171
f 2493/3176 2496/3177 2678/3175
f 2678/3175 2332/3178 2443/3172
f 2439/3179 2493/3176 2330/3174
f 2294/3180 2679/3181 2439/3179
f 2407/3182 2494/3183 2679/3181
f 2679/3181 2352/3184 2493/3176
f 2494/3183 2495/3185 2352/3184
f 2317/3186 2680/3187 2494/3183
f 2680/3187 2289/3188 2400/3189
f 2680/3187 2313/3190 2495/3185
f 2496/3177 2444/3191 2332/3178
f 2352/3184 2681/3192 2496/3177
f 2495/3185 2399/3193 2681/3192
f 2681/3192 2298/3194 2444/3191
f 2438/3195 2441/3196 2299/3197
f 2329/3198 2682/3199 2438/3195
f 2497/3200 2500/3201 2682/3199
f 2441/3196 2500/3201 2331/3202
f 2329/3198 2683/3203 2497/3200
f 2437/3204 2413/3205 2683/3203
f 2413/3205 2498/3206 2683/3203
f 2683/3203 2353/3207 2497/3200
f 2498/3206 2499/3208 2353/3207
f 2320/3209 2684/3210 2498/3206
f 2684/3210 2294/3180 2439/3179
f 2684/3210 2330/3174 2499/3208
f 2500/3201 2442/3211 2331/3202
f 2353/3207 2685/3212 2500/3201
f 2499/3208 2440/3171 2685/3212
f 2685/3212 2300/3173 2442/3211
f 2402/3213 2409/3214 2287/3215
f 2314/3216 2686/3217 2402/3213
f 2686/3217 2354/3218 2504/3219
f 2409/3214 2504/3219 2318/3220
f 2314/3216 2687/3221 2501/3222
f 2290/3223 2687/3221 2401/3224
f 2687/3221 2319/3225 2502/3226
f 2501/3222 2502/3226 2354/3218
f 2502/3226 2503/3227 2354/3218
f 2319/3225 2688/3228 2502/3226
f 2412/3229 2417/3157 2688/3228
f 2688/3228 2322/3154 2503/3227
f 2318/3220 2689/3230 2410/3231
f 2354/3218 2689/3230 2504/3219
f 2503/3227 2418/3150 2689/3230
f 2689/3230 2292/3147 2410/3231
f 2419/3232 2434/3233 2297/3234
f 2323/3235 2690/3236 2419/3232
f 2505/3237 2508/3238 2690/3236
f 2690/3236 2327/3239 2434/3233
f 2420/3240 2505/3237 2323/3235
f 2295/3241 2691/3242 2420/3240
f 2421/3243 2506/3244 2691/3242
f 2691/3242 2355/3245 2505/3237
f 2506/3246 2507/3247 2355/3248
f 2324/3249 2692/3250 2506/3246
f 2422/3251 2426/3252 2692/3250
f 2507/3247 2692/3250 2426/3252
f 2508/3253 2433/3254 2327/3255
f 2355/3248 2693/3256 2508/3253
f 2507/3247 2425/3257 2693/3256
f 2433/3254 2693/3256 2425/3257
f 2695/3258 2697/3259 2694/3260
f 2730/3261 2696/3262 2695/3258
f 2696/3262 2648/3263 2428/3264
f 2696/3262 2427/3265 2697/3259
f 2698/3266 2771/3267 2770/3268
f 2694/3260 2699/3269 2698/3266
f 2697/3259 2432/3270 2699/3269
f 2771/3267 2432/3270 2477/3271
f 2429/3272 2424/3273 2296/3274
f 2326/3275 2700/3276 2429/3272
f 2509/3277 2512/3278 2700/3276
f 2700/3276 2325/3279 2424/3273
f 2430/3280 2509/3277 2326/3275
f 2297/3234 2701/3281 2430/3280
f 2434/3233 2510/3282 2701/3281
f 2701/3281 2356/3283 2509/3277
f 2510/3284 2511/3285 2356/3286
f 2327/3255 2702/3287 2510/3284
f 2702/3287 2425/3257 2431/3288
f 2511/3285 2702/3287 2431/3288
f 2512/3289 2423/3290 2325/3291
f 2356/3286 2703/3292 2512/3289
f 2703/3292 2431/3288 2475/3293
f 2423/3290 2703/3292 2475/3293
f 2579/3294 2795/3295 2839/3296
f 2836/3297 2642/3298 2579/3294
f 2654/3299 2430/3280 2704/3300
f 2704/3300 2326/3275 2642/3298
f 2716/3301 2567/3302 2648/3303
f 2553/3304 2705/3305 2634/3306
f 2705/3305 2324/3307 2421/3243
f 2634/3306 2421/3243 2295/3241
f 2311/3153 2706/3308 2635/3309
f 2286/3170 2706/3308 2396/3167
f 2721/3310 2558/3311 2653/3312
f 2821/3313 2631/3314 2556/3315
f 2414/3316 2655/3317 2294/3180
f 2414/3316 2652/3318 2707/3319
f 2592/3320 2727/3321 2845/3322
f 2589/3323 2707/3319 2652/3318
f 2554/3324 2722/3325 2823/3326
f 2554/3324 2708/3327 2633/3328
f 2708/3327 2295/3241 2420/3240
f 2708/3327 2323/3235 2633/3328
f 2848/3329 2671/3330 2797/3331
f 2561/3332 2709/3333 2645/3334
f 2398/3165 2632/3335 2312/3166
f 2288/3336 2710/3337 2398/3165
f 2876/3338 2556/3315 2631/3314
f 2825/3339 2643/3340 2564/3341
f 2287/3215 2711/3342 2455/3343
f 2866/3344 2670/3345 2788/3346
f 2865/3347 2637/3348 2582/3349
f 2711/3342 2338/3350 2455/3343
f 2847/3351 2712/3352 2709/3333
f 2704/3300 2560/3353 2654/3299
f 2835/3354 2648/3303 2567/3302
f 2648/3263 2713/3355 2428/3264
f 2313/3190 2714/3356 2649/3357
f 2400/3189 2646/3358 2714/3356
f 2729/3359 2571/3360 2656/3361
f 2569/3362 2714/3356 2646/3358
f 2657/3363 2447/3364 2301/3365
f 2801/3366 2605/3367 2663/3368
f 2599/3369 2715/3370 2657/3363
f 2715/3370 2334/3371 2447/3364
f 2831/3372 2716/3301 2730/3373
f 2844/3374 2730/3373 2712/3352
f 2573/3375 2717/3376 2724/3377
f 2724/3378 2432/3270 2427/3265
f 2317/3186 2718/3379 2647/3380
f 2407/3182 2655/3317 2718/3379
f 2834/3381 2646/3358 2731/3382
f 2576/3383 2718/3379 2655/3317
f 2340/3384 2719/3385 2459/3386
f 2873/3387 2664/3388 2780/3389
f 2870/3390 2650/3391 2626/3392
f 2459/3386 2651/3393 2291/3394
f 2620/3395 2720/3396 2641/3397
f 2296/3274 2720/3396 2640/3398
f 2473/3399 2641/3397 2720/3396
f 2867/3400 2641/3397 2778/3401
f 2395/3149 2653/3312 2292/3147
f 2311/3153 2721/3310 2395/3149
f 2565/3402 2710/3337 2825/3339
f 2822/3403 2635/3309 2557/3404
f 2824/3405 2645/3334 2728/3406
f 2823/3326 2654/3299 2560/3353
f 2633/3328 2419/3232 2722/3325
f 2722/3325 2297/3234 2654/3299
f 2435/3407 2643/3340 2288/3336
f 2328/3408 2723/3409 2435/3407
f 2849/3410 2659/3411 2779/3412
f 2846/3413 2644/3414 2592/3320
f 2835/3354 2574/3415 2713/3416
f 2832/3417 2713/3416 2574/3415
f 2724/3378 2428/3264 2713/3355
f 2585/3418 2871/3419 2725/3420
f 2793/3421 2477/3271 2725/3422
f 2785/3423 2607/3424 2665/3425
f 2320/3209 2726/3426 2652/3318
f 2291/3394 2726/3426 2413/3205
f 2707/3319 2576/3383 2655/3317
f 2841/3427 2651/3393 2588/3428
f 2436/3429 2644/3414 2328/3408
f 2298/3194 2727/3321 2436/3429
f 2723/3409 2564/3341 2643/3340
f 2845/3322 2656/3361 2571/3360
f 2827/3430 2636/3431 2705/3305
f 2562/3432 2728/3406 2636/3431
f 2728/3406 2645/3334 2422/3433
f 2636/3431 2422/3433 2324/3307
f 2399/3193 2656/3361 2298/3194
f 2313/3190 2729/3359 2399/3193
f 2833/3434 2647/3380 2718/3379
f 2830/3435 2649/3357 2570/3436
f 2724/3377 2832/3417 2573/3375
f 2289/3188 2731/3382 2646/3358
f 2408/3437 2647/3380 2731/3382
f 2581/3438 2800/3439 2837/3440
f 2577/3441 2731/3382 2647/3380
f 2475/3293 2732/3442 2804/3443
f 2732/3442 2805/3444 2804/3443
f 2425/3257 2732/3442 2431/3288
f 2734/3445 2733/3446 2732/3442
f 2737/3447 2698/3266 2733/3446
f 2733/3446 2770/3268 2805/3444
f 2426/3252 2734/3445 2425/3257
f 2735/3448 2737/3447 2734/3445
f 2645/3449 2735/3448 2426/3252
f 2709/3450 2736/3451 2735/3448
f 2712/3452 2695/3258 2736/3451
f 2736/3451 2694/3260 2737/3447
f 2404/3453 2411/3454 2290/3223
f 2315/3455 2738/3456 2404/3453
f 2738/3456 2357/3457 2516/3458
f 2411/3454 2516/3458 2319/3225
f 2315/3455 2739/3459 2513/3460
f 2403/3461 2441/3196 2739/3459
f 2441/3196 2514/3462 2739/3459
f 2739/3459 2357/3457 2513/3460
f 2514/3462 2515/3463 2357/3457
f 2331/3202 2740/3464 2514/3462
f 2442/3211 2415/3465 2740/3464
f 2740/3464 2321/3466 2515/3463
f 2319/3225 2741/3467 2412/3229
f 2357/3457 2741/3467 2516/3458
f 2515/3463 2416/3468 2741/3467
f 2741/3467 2293/3156 2412/3229
f 2416/3468 2405/3158 2293/3156
f 2321/3466 2742/3469 2416/3468
f 2517/3470 2520/3471 2742/3469
f 2742/3469 2316/3162 2405/3158
f 2415/3465 2517/3470 2321/3466
f 2300/3173 2743/3472 2415/3465
f 2443/3172 2518/3473 2743/3472
f 2743/3472 2358/3474 2517/3470
f 2518/3473 2519/3475 2358/3474
f 2332/3178 2744/3476 2518/3473
f 2444/3191 2436/3429 2744/3476
f 2744/3476 2328/3408 2519/3475
f 2520/3471 2406/3164 2316/3162
f 2358/3474 2745/3477 2520/3471
f 2519/3475 2435/3407 2745/3477
f 2745/3477 2288/3336 2406/3164
f 2304/3478 2746/3479 2464/3480
f 2445/3481 2521/3482 2746/3479
f 2746/3479 2359/3483 2524/3484
f 2464/3480 2524/3484 2342/3485
f 2446/3486 2521/3482 2333/3487
f 2301/3365 2747/3488 2446/3486
f 2447/3364 2522/3489 2747/3488
f 2747/3488 2359/3483 2521/3482
f 2522/3489 2523/3490 2359/3483
f 2334/3371 2748/3491 2522/3489
f 2448/3492 2452/3493 2748/3491
f 2748/3491 2336/3494 2523/3490
f 2342/3485 2749/3495 2463/3496
f 2524/3484 2523/3490 2749/3495
f 2523/3490 2451/3497 2749/3495
f 2749/3495 2305/3498 2463/3496
f 2487/3499 2484/3500 2310/3501
f 2350/3502 2750/3503 2487/3499
f 2525/3504 2528/3505 2750/3503
f 2750/3503 2348/3506 2484/3500
f 2488/3507 2525/3504 2350/3502
f 2309/3508 2751/3509 2488/3507
f 2449/3510 2526/3511 2751/3509
f 2751/3509 2360/3512 2525/3504
f 2526/3511 2527/3513 2360/3512
f 2335/3514 2752/3515 2526/3511
f 2752/3515 2303/3516 2454/3517
f 2752/3515 2337/3518 2527/3513
f 2528/3505 2483/3519 2348/3506
f 2360/3512 2753/3520 2528/3505
f 2527/3513 2453/3521 2753/3520
f 2753/3520 2306/3522 2483/3519
f 2485/3523 2438/3195 2299/3197
f 2349/3524 2754/3525 2485/3523
f 2754/3525 2361/3526 2532/3527
f 2754/3525 2329/3198 2438/3195
f 2486/3528 2529/3529 2349/3524
f 2310/3501 2755/3530 2486/3528
f 2484/3500 2530/3531 2755/3530
f 2755/3530 2361/3526 2529/3529
f 2361/3526 2756/3532 2531/3533
f 2530/3531 2483/3519 2756/3532
f 2756/3532 2306/3522 2460/3534
f 2531/3533 2460/3534 2340/3384
f 2532/3527 2437/3204 2329/3198
f 2361/3526 2757/3535 2532/3527
f 2531/3533 2459/3386 2757/3535
f 2757/3535 2291/3394 2437/3204
f 2455/3343 2402/3213 2287/3215
f 2455/3343 2533/3536 2758/3537
f 2758/3537 2362/3538 2536/3539
f 2758/3537 2314/3216 2402/3213
f 2338/3350 2759/3540 2533/3536
f 2304/3478 2759/3540 2456/3541
f 2464/3480 2534/3542 2759/3540
f 2759/3540 2362/3538 2533/3536
f 2534/3542 2535/3543 2362/3538
f 2342/3485 2760/3544 2534/3542
f 2463/3496 2458/3545 2760/3544
f 2535/3543 2458/3545 2339/3546
f 2314/3216 2761/3547 2401/3224
f 2362/3538 2761/3547 2536/3539
f 2535/3543 2457/3548 2761/3547
f 2401/3224 2457/3548 2290/3223
f 2480/3549 2465/3550 2308/3551
f 2346/3552 2762/3553 2480/3549
f 2537/3554 2540/3555 2762/3553
f 2762/3553 2343/3556 2465/3550
f 2479/3557 2537/3558 2346/3559
f 2479/3557 2469/3560 2763/3561
f 2469/3560 2538/3562 2763/3561
f 2763/3561 2363/3563 2537/3558
f 2538/3562 2539/3564 2363/3563
f 2538/3562 2470/3565 2764/3566
f 2470/3565 2468/3567 2764/3566
f 2764/3566 2344/3568 2539/3564
f 2540/3555 2466/3569 2343/3556
f 2363/3570 2765/3571 2540/3555
f 2539/3572 2467/3573 2765/3571
f 2765/3571 2307/3574 2466/3569
f 2767/3575 2769/3576 2766/3577
f 2471/3578 2768/3579 2767/3575
f 2768/3579 2669/3580 2791/3581
f 2768/3579 2803/3582 2769/3576
f 2771/3267 2773/3583 2770/3268
f 2771/3267 2478/3584 2772/3585
f 2478/3584 2767/3575 2772/3585
f 2772/3585 2766/3577 2773/3583
f 2424/3273 2473/3399 2296/3274
f 2325/3279 2774/3586 2424/3273
f 2541/3587 2544/3588 2774/3586
f 2774/3586 2345/3589 2473/3399
f 2423/3290 2541/3590 2325/3291
f 2423/3290 2475/3293 2775/3591
f 2775/3591 2476/3592 2542/3593
f 2775/3591 2364/3594 2541/3590
f 2542/3593 2543/3595 2364/3594
f 2542/3593 2476/3592 2776/3596
f 2476/3592 2479/3557 2776/3596
f 2776/3596 2346/3559 2543/3595
f 2544/3588 2474/3597 2345/3589
f 2364/3598 2777/3599 2544/3588
f 2543/3600 2480/3549 2777/3599
f 2777/3599 2308/3551 2474/3597
f 2594/3601 2778/3401 2671/3330
f 2345/3589 2778/3401 2641/3397
f 2474/3597 2671/3330 2778/3401
f 2793/3602 2619/3603 2799/3604
f 2670/3345 2445/3481 2304/3478
f 2850/3605 2657/3363 2782/3606
f 2597/3607 2779/3412 2670/3345
f 2445/3481 2659/3411 2333/3487
f 2663/3368 2481/3608 2302/3609
f 2874/3610 2673/3611 2792/3612
f 2605/3367 2780/3389 2663/3368
f 2780/3389 2347/3613 2481/3608
f 2852/3614 2661/3615 2602/3616
f 2660/3617 2467/3573 2781/3618
f 2781/3618 2344/3619 2661/3615
f 2602/3616 2802/3620 2855/3621
f 2333/3487 2782/3606 2446/3486
f 2853/3622 2658/3623 2715/3370
f 2598/3624 2782/3606 2659/3411
f 2782/3606 2301/3365 2446/3486
f 2851/3625 2660/3617 2601/3626
f 2343/3556 2783/3627 2662/3628
f 2783/3627 2307/3574 2660/3617
f 2781/3618 2601/3626 2660/3617
f 2303/3516 2784/3629 2454/3517
f 2798/3630 2617/3631 2672/3632
f 2861/3633 2666/3634 2611/3635
f 2454/3517 2667/3636 2337/3518
f 2872/3637 2786/3638 2875/3639
f 2875/3639 2803/3640 2856/3641
f 2557/3404 2706/3308 2821/3313
f 2673/3611 2449/3510 2309/3508
f 2790/3642 2611/3635 2666/3634
f 2609/3643 2787/3644 2673/3611
f 2787/3644 2335/3514 2449/3510
f 2638/3645 2456/3541 2338/3350
f 2626/3392 2796/3646 2869/3647
f 2622/3648 2788/3346 2638/3645
f 2788/3346 2304/3478 2456/3541
f 2614/3649 2860/3650 2789/3651
f 2669/3580 2472/3652 2789/3653
f 2863/3654 2789/3651 2799/3604
f 2335/3514 2790/3642 2450/3655
f 2616/3656 2784/3629 2861/3633
f 2858/3657 2668/3658 2610/3659
f 2450/3655 2666/3634 2303/3516
f 2613/3660 2791/3661 2669/3662
f 2860/3650 2669/3662 2789/3651
f 2664/3388 2482/3663 2347/3613
f 2629/3664 2792/3612 2664/3388
f 2792/3612 2309/3508 2482/3663
f 2624/3665 2868/3666 2793/3602
f 2799/3667 2478/3584 2793/3421
f 2871/3419 2793/3602 2725/3420
f 2409/3214 2637/3348 2287/3215
f 2318/3220 2794/3668 2409/3214
f 2841/3427 2652/3318 2726/3426
f 2838/3669 2639/3670 2581/3438
f 2725/3420 2840/3671 2585/3418
f 2839/3296 2640/3398 2584/3672
f 2642/3298 2429/3272 2795/3295
f 2795/3295 2296/3274 2640/3398
f 2672/3632 2460/3534 2306/3522
f 2870/3390 2651/3393 2719/3385
f 2617/3631 2796/3646 2672/3632
f 2460/3534 2650/3391 2340/3384
f 2595/3673 2797/3331 2662/3628
f 2308/3551 2797/3331 2671/3330
f 2465/3550 2662/3628 2797/3331
f 2595/3673 2783/3627 2851/3625
f 2337/3518 2798/3630 2453/3521
f 2865/3347 2638/3645 2711/3342
f 2862/3674 2667/3636 2616/3656
f 2453/3521 2672/3632 2306/3522
f 2619/3603 2863/3654 2799/3604
f 2472/3652 2799/3667 2789/3653
f 2864/3675 2640/3398 2720/3396
f 2410/3231 2639/3670 2318/3220
f 2292/3147 2800/3439 2410/3231
f 2794/3668 2582/3349 2637/3348
f 2837/3440 2653/3312 2558/3311
f 2843/3676 2586/3677 2717/3376
f 2840/3671 2717/3376 2586/3677
f 2717/3678 2477/3271 2432/3270
f 2658/3623 2448/3492 2334/3371
f 2857/3679 2668/3658 2787/3644
f 2604/3680 2801/3366 2658/3623
f 2801/3366 2302/3609 2448/3492
f 2855/3621 2665/3425 2607/3424
f 2661/3615 2468/3681 2802/3620
f 2802/3620 2468/3681 2665/3425
f 2856/3641 2791/3661 2859/3682
f 2805/3444 2807/3683 2804/3443
f 2475/3293 2807/3683 2476/3592
f 2770/3268 2806/3684 2805/3444
f 2773/3583 2809/3685 2806/3684
f 2806/3684 2808/3686 2807/3683
f 2807/3683 2469/3560 2476/3592
f 2809/3685 2811/3687 2808/3686
f 2808/3686 2470/3565 2469/3560
f 2766/3577 2810/3688 2809/3685
f 2769/3576 2786/3689 2810/3688
f 2810/3688 2785/3690 2811/3687
f 2811/3687 2665/3691 2470/3565
f 2290/3223 2812/3692 2404/3453
f 2339/3546 2812/3692 2457/3548
f 2545/3693 2548/3694 2812/3692
f 2404/3453 2548/3694 2315/3455
f 2458/3545 2545/3693 2339/3546
f 2305/3498 2813/3695 2458/3545
f 2462/3696 2546/3697 2813/3695
f 2813/3695 2365/3698 2545/3693
f 2546/3697 2547/3699 2365/3698
f 2341/3700 2814/3701 2546/3697
f 2461/3702 2486/3528 2814/3701
f 2814/3701 2349/3524 2547/3699
f 2315/3455 2815/3703 2403/3461
f 2365/3698 2815/3703 2548/3694
f 2547/3699 2485/3523 2815/3703
f 2403/3461 2485/3523 2299/3197
f 2451/3497 2462/3696 2305/3498
f 2336/3494 2816/3704 2451/3497
f 2549/3705 2552/3706 2816/3704
f 2816/3704 2341/3700 2462/3696
f 2452/3493 2549/3705 2336/3494
f 2302/3609 2817/3707 2452/3493
f 2481/3608 2550/3708 2817/3707
f 2817/3707 2366/3709 2549/3705
f 2550/3708 2551/3710 2366/3709
f 2347/3613 2818/3711 2550/3708
f 2482/3663 2488/3507 2818/3711
f 2818/3711 2350/3502 2551/3710
f 2552/3706 2461/3702 2341/3700
f 2366/3709 2819/3712 2552/3706
f 2551/3710 2487/3499 2819/3712
f 2819/3712 2310/3501 2461/3702
f 2820/3713 2381/3714 2555/3715
f 2553/3304 2555/3715 2367/3716
f 2367/3717 2821/3313 2556/3315
f 2555/3718 2557/3404 2821/3313
f 2557/3404 2559/3719 2822/3403
f 2822/3403 2372/3720 2558/3311
f 2559/3721 2560/3353 2372/3722
f 2381/3714 2823/3326 2559/3721
f 2824/3405 2382/3723 2563/3724
f 2561/3332 2563/3724 2369/3725
f 2369/3726 2825/3339 2564/3341
f 2563/3727 2565/3402 2825/3339
f 2632/3335 2826/3728 2876/3338
f 2829/3729 2649/3357 2714/3356
f 2826/3728 2382/3730 2566/3731
f 2556/3315 2566/3731 2367/3717
f 2367/3716 2827/3430 2553/3304
f 2566/3732 2562/3432 2827/3430
f 2828/3733 2383/3734 2568/3735
f 2567/3302 2568/3735 2370/3736
f 2370/3737 2829/3729 2569/3362
f 2383/3738 2829/3729 2568/3739
f 2570/3436 2572/3740 2830/3435
f 2830/3435 2374/3741 2571/3360
f 2374/3742 2572/3743 2831/3372
f 2572/3743 2828/3733 2831/3372
f 2574/3415 2575/3744 2832/3417
f 2832/3417 2373/3745 2573/3375
f 2373/3746 2833/3434 2576/3383
f 2575/3747 2577/3441 2833/3434
f 2834/3381 2384/3748 2578/3749
f 2569/3362 2578/3749 2370/3737
f 2578/3750 2567/3302 2370/3736
f 2384/3751 2835/3354 2578/3750
f 2579/3294 2580/3752 2836/3297
f 2836/3297 2372/3722 2560/3353
f 2580/3753 2558/3311 2372/3720
f 2385/3754 2837/3440 2580/3753
f 2581/3438 2583/3755 2838/3669
f 2838/3669 2368/3756 2582/3349
f 2583/3757 2584/3672 2368/3758
f 2385/3759 2839/3296 2583/3757
f 2840/3671 2386/3760 2587/3761
f 2585/3418 2587/3761 2371/3762
f 2587/3763 2588/3428 2371/3764
f 2587/3763 2589/3323 2841/3427
f 2842/3765 2386/3766 2590/3767
f 2576/3383 2590/3767 2373/3746
f 2373/3745 2843/3676 2573/3375
f 2590/3768 2586/3677 2843/3676
f 2844/3374 2387/3769 2591/3770
f 2831/3372 2591/3770 2374/3742
f 2591/3771 2571/3360 2374/3741
f 2591/3771 2592/3320 2845/3322
f 2846/3413 2387/3772 2593/3773
f 2564/3341 2593/3773 2369/3726
f 2369/3725 2847/3351 2561/3332
f 2387/3769 2847/3351 2593/3774
f 2848/3329 2388/3775 2596/3776
f 2594/3601 2596/3776 2378/3777
f 2378/3778 2849/3410 2597/3607
f 2596/3779 2598/3624 2849/3410
f 2850/3605 2388/3780 2600/3781
f 2599/3369 2600/3781 2375/3782
f 2600/3783 2601/3626 2375/3784
f 2388/3775 2851/3625 2600/3783
f 2602/3616 2603/3785 2852/3614
f 2852/3614 2375/3784 2601/3626
f 2603/3786 2599/3369 2375/3782
f 2389/3787 2853/3622 2603/3786
f 2604/3680 2606/3788 2854/3789
f 2854/3789 2376/3790 2605/3367
f 2606/3791 2607/3424 2376/3792
f 2389/3793 2855/3621 2606/3791
f 2859/3682 2608/3794 2856/3641
f 2856/3641 2608/3794 2380/3795
f 2380/3796 2857/3679 2609/3643
f 2608/3797 2610/3659 2857/3679
f 2858/3657 2390/3798 2612/3799
f 2858/3657 2377/3800 2611/3635
f 2612/3801 2613/3660 2377/3802
f 2612/3801 2390/3803 2859/3682
f 2860/3650 2391/3804 2615/3805
f 2613/3660 2615/3805 2377/3802
f 2615/3806 2611/3635 2377/3800
f 2391/3807 2861/3633 2615/3806
f 2616/3656 2618/3808 2862/3674
f 2862/3674 2379/3809 2617/3631
f 2379/3810 2863/3654 2619/3603
f 2618/3811 2614/3649 2863/3654
f 2864/3675 2392/3812 2621/3813
f 2584/3672 2621/3813 2368/3758
f 2621/3814 2582/3349 2368/3756
f 2621/3814 2622/3648 2865/3347
f 2866/3344 2392/3815 2623/3816
f 2597/3607 2623/3816 2378/3778
f 2378/3777 2867/3400 2594/3601
f 2623/3817 2620/3395 2867/3400
f 2624/3665 2625/3818 2868/3666
f 2868/3666 2379/3810 2619/3603
f 2379/3809 2869/3647 2617/3631
f 2393/3819 2869/3647 2625/3820
f 2626/3392 2627/3821 2870/3390
f 2870/3390 2371/3764 2588/3428
f 2627/3822 2585/3418 2371/3762
f 2393/3823 2871/3419 2627/3822
f 2872/3637 2394/3824 2628/3825
f 2872/3637 2376/3792 2607/3424
f 2628/3826 2605/3367 2376/3790
f 2394/3827 2873/3387 2628/3826
f 2629/3664 2630/3828 2874/3610
f 2609/3643 2630/3828 2380/3796
f 2630/3829 2856/3641 2380/3795
f 2630/3829 2394/3824 2875/3639
f 2397/3169 2631/3314 2286/3170
f 2312/3166 2876/3338 2397/3169
f 2820/3713 2634/3306 2708/3327
f 2978/3830 2936/3831 2977/3832
f 2886/3833 2993/3834 2996/3835
f 2972/3836 2933/3837 2971/3838
f 2965/3839 2915/3840 2930/3841
f 2913/3842 2924/3843 2931/3844
f 2928/3845 2881/3846 2921/3847
f 2963/3848 2906/3849 2939/3850
f 2960/3851 2957/3852 2959/3853
f 2974/3854 2954/3855 2973/3856
f 2967/3857 2901/3858 2951/3859
f 2969/3860 2903/3861 2942/3862
f 2976/3863 2945/3864 2975/3865
f 2961/3866 2891/3867 2948/3868
f 2937/3869 2880/3870 2920/3871
f 2940/3872 2883/3873 2923/3874
f 2898/3875 2926/3876 2943/3877
f 2946/3878 2878/3879 2919/3880
f 2949/3881 2882/3882 2922/3883
f 2894/3884 2925/3885 2952/3886
f 2888/3887 2918/3888 2955/3889
f 2928/3845 2902/3890 2929/3891
f 2929/3891 2901/3858 2930/3841
f 2894/3884 2932/3892 2931/3844
f 2896/3893 2933/3837 2932/3892
f 2888/3887 2935/3894 2934/3895
f 2890/3896 2936/3831 2935/3894
f 2937/3869 2917/3897 2938/3898
f 2938/3898 2915/3840 2939/3850
f 2913/3842 2941/3899 2940/3872
f 2914/3900 2942/3862 2941/3899
f 2910/3901 2944/3902 2943/3877
f 2911/3903 2945/3864 2944/3902
f 2946/3878 2908/3904 2947/3905
f 2947/3905 2906/3849 2948/3868
f 2949/3881 2905/3906 2950/3907
f 2950/3907 2903/3861 2951/3859
f 2898/3875 2953/3908 2952/3886
f 2899/3909 2954/3855 2953/3908
f 2955/3910 2893/3911 2956/3912
f 2956/3912 2891/3867 2957/3913
f 2910/3901 2927/3914 2934/3895
f 2934/3895 2879/3915 2888/3887
f 2956/3916 2889/3917 2890/3896
f 2955/3889 2890/3896 2888/3887
f 2953/3908 2895/3918 2896/3893
f 2952/3886 2896/3893 2894/3884
f 2902/3890 2951/3859 2901/3858
f 2900/3919 2950/3907 2902/3890
f 2893/3911 2948/3868 2891/3867
f 2892/3920 2947/3905 2893/3911
f 2944/3902 2897/3921 2899/3909
f 2943/3877 2899/3909 2898/3875
f 2905/3906 2942/3862 2903/3861
f 2904/3922 2941/3899 2905/3906
f 2908/3904 2939/3850 2906/3849
f 2907/3923 2938/3898 2908/3904
f 2935/3894 2909/3924 2911/3903
f 2934/3895 2911/3903 2910/3901
f 2932/3892 2912/3925 2914/3900
f 2931/3844 2914/3900 2913/3842
f 2917/3897 2930/3841 2915/3840
f 2916/3926 2929/3891 2917/3897
f 2892/3920 2918/3927 2878/3879
f 2952/3886 2886/3928 2898/3875
f 2904/3922 2922/3883 2883/3873
f 2907/3923 2919/3880 2880/3870
f 2943/3877 2887/3929 2910/3901
f 2940/3872 2884/3930 2913/3842
f 2916/3926 2920/3871 2881/3846
f 2964/3931 2948/3868 2906/3849
f 2975/3865 2909/3924 2978/3830
f 2969/3860 2912/3925 2972/3836
f 2970/3932 2951/3859 2903/3861
f 2973/3856 2897/3921 2976/3863
f 2962/3933 2957/3913 2891/3867
f 2966/3934 2939/3850 2915/3840
f 2900/3919 2921/3847 2882/3882
f 2931/3844 2885/3935 2894/3884
f 2968/3936 2930/3841 2901/3858
f 2971/3838 2895/3918 2974/3854
f 2977/3832 2889/3917 2960/3851
f 2919/3937 2982/3938 2981/3939
f 2878/3940 2979/3941 2982/3938
f 2887/3942 2997/3943 2927/3944
f 2926/3945 2998/3946 2887/3942
f 2920/3947 2984/3948 2983/3949
f 2880/3950 2981/3939 2984/3948
f 2927/3944 2980/3951 2879/3952
f 2881/3953 2985/3954 2921/3955
f 2881/3953 2983/3949 2986/3956
f 2882/3957 2987/3958 2922/3959
f 2921/3955 2988/3960 2882/3957
f 2883/3961 2989/3962 2923/3963
f 2922/3959 2990/3964 2883/3961
f 2924/3965 2992/3966 2991/3967
f 2884/3968 2989/3962 2992/3966
f 2925/3969 2994/3970 2993/3834
f 2885/3971 2991/3967 2994/3970
f 2879/3952 2979/3972 2918/3973
f 2886/3833 2995/3974 2926/3945
f 2877/3975 2960/3976 2959/3977
f 2877/3975 2962/3978 2961/3979
f 2877/3975 2964/3980 2963/3981
f 2877/3975 2966/3982 2965/3983
f 2877/3975 2968/3984 2967/3985
f 2877/3975 2970/3986 2969/3987
f 2877/3975 2972/3988 2971/3989
f 2877/3975 2974/3990 2973/3991
f 2877/3975 2976/3992 2975/3993
f 2877/3975 2978/3994 2977/3995
f 2877/3975 2959/3977 2962/3978
f 2877/3975 2961/3979 2964/3980
f 2877/3975 2963/3981 2966/3982
f 2877/3975 2965/3983 2968/3984
f 2877/3975 2967/3985 2970/3986
f 2877/3975 2969/3987 2972/3988
f 2877/3975 2971/3989 2974/3990
f 2877/3975 2973/3991 2976/3992
f 2877/3975 2975/3993 2978/3994
f 2877/3975 2977/3995 2960/3976
f 2958/3996 2979/3997 2980/3998
f 2958/3996 2981/3999 2982/4000
f 2958/3996 2983/4001 2984/4002
f 2958/3996 2985/4003 2986/4004
f 2958/3996 2987/4005 2988/4006
f 2958/3996 2989/4007 2990/4008
f 2958/3996 2991/4009 2992/4010
f 2958/3996 2993/4011 2994/4012
f 2958/3996 2995/4013 2996/4014
f 2958/3996 2997/4015 2998/4016
f 2958/3996 2982/4000 2979/3997
f 2958/3996 2984/4002 2981/3999
f 2958/3996 2986/4004 2983/4001
f 2958/3996 2988/4006 2985/4003
f 2958/3996 2990/4008 2987/4005
f 2958/3996 2992/4010 2989/4007
f 2958/3996 2994/4012 2991/4009
f 2958/3996 2996/4014 2993/4011
f 2958/3996 2998/4016 2995/4013
f 2958/3996 2980/3998 2997/4015
f 1023/4017 3075/1621 1028/1620
f 997/4018 3085/887 996/886
f 991/906 3084/1610 990/1609
f 985/4019 3077/905 984/907
f 998/1065 3086/4020 3081/1063
f 989/1607 3075/1621 988/1635
f 559/4021 3086/4020 3057/1560
f 506/4022 3084/1610 1030/1627
f 500/4023 3083/1619 3021/1459
f 587/4024 3014/1533 3074/1603
f 586/4025 3074/1603 3073/1601
f 585/4026 3073/1601 3072/1599
f 487/4027 3072/1599 3008/1596
f 492/4028 3071/1593 584/4029
f 584/4029 3070/1591 583/4030
f 583/4030 3069/1592 582/4031
f 490/4032 3069/1592 3011/1589
f 566/4033 3068/1507 581/4034
f 579/4035 3065/1585 578/4036
f 578/4036 3064/1582 577/4037
f 577/4037 3009/1584 488/4038
f 568/4039 3008/4040 3063/1578
f 568/4039 3062/1575 567/4041
f 567/4041 3061/1577 566/4033
f 530/4042 3037/1422 3038/1574
f 565/4043 3004/4044 3060/1572
f 564/4045 3060/1572 3059/1570
f 563/4046 3059/1570 3058/1568
f 491/4047 3058/1568 3012/1555
f 559/4021 3056/1557 558/4048
f 558/4048 3005/1559 484/4049
f 491/4047 3055/1553 557/4050
f 557/4050 3054/1551 556/4051
f 556/4051 3053/1549 555/4052
f 555/4052 3010/1540 489/4053
f 554/4054 3011/1589 3052/1547
f 553/4055 3052/1547 3051/885
f 489/4053 3050/1541 552/4056
f 551/4057 3050/1541 3049/1538
f 550/4058 3049/1538 3048/1536
f 493/4059 3048/1536 3014/1533
f 488/4060 3047/1529 549/4061
f 549/4061 3046/1527 548/4062
f 548/4062 3045/1524 547/4063
f 547/4063 3013/1526 492/4028
f 540/4064 3007/1447 486/4065
f 539/4066 3044/1522 540/4064
f 538/4067 3043/1520 539/4066
f 478/4068 3042/1518 538/4067
f 485/4069 3041/1513 3006/1515
f 537/4070 3040/1511 3041/1513
f 536/4071 3039/1510 3040/1511
f 481/4072 3039/1510 535/4073
f 581/4034 3067/1489 580/4074
f 513/4075 3038/1574 3031/1505
f 528/4076 3035/1502 3036/1504
f 527/4077 3034/1499 3035/1502
f 526/4078 3000/4079 3034/1499
f 515/4080 2999/1498 478/4081
f 515/4080 3032/1492 3033/1495
f 514/4082 3031/1505 3032/1492
f 580/4074 3066/1491 579/4035
f 512/4083 3004/1488 483/4084
f 511/4085 3030/1486 512/4083
f 510/4086 3029/1484 511/4085
f 482/4087 3028/1482 510/4086
f 506/4022 3026/1472 3027/1475
f 505/4088 3005/4089 3026/1472
f 482/4087 3025/1468 3003/1470
f 504/4090 3024/1466 3025/1468
f 503/4091 3023/1464 3024/1466
f 502/4092 3001/1454 3023/1464
f 501/4093 3002/1463 481/4072
f 500/4023 3022/1461 501/4093
f 480/4094 3020/1453 3001/1454
f 498/4095 3020/1453 499/4096
f 497/4097 3019/1451 498/4095
f 486/4065 3018/1449 497/4097
f 479/4098 3017/1443 3000/1445
f 496/4099 3016/1441 3017/1443
f 495/4100 3015/1438 3016/1441
f 494/4101 3006/1515 3015/1438
f 529/4102 3036/1504 3037/1422
f 1036/1623 3082/1049 3081/1063
f 986/883 3082/1049 3079/884
f 1024/1625 3078/1626 3077/905
f 553/4055 3085/887 1034/1628
f 1033/4103 3079/884 1026/1050
f 477/1 469/43 418/2
f 422/4 13/8 12/5
f 422/4 424/10 14/7
f 426/9 15/12 14/7
f 428/11 16/14 15/12
f 430/13 17/16 16/14
f 432/15 18/18 17/16
f 434/17 19/20 18/18
f 436/19 20/22 19/20
f 417/21 11/53 20/22
f 470/23 471/45 423/24
f 454/26 246/519 243/27
f 468/29 470/23 421/25
f 8/31 7/4104 10/32
f 476/34 477/1 435/3
f 475/36 476/34 433/35
f 429/38 474/4105 475/36
f 473/39 474/4105 429/38
f 472/41 473/39 427/40
f 469/43 468/4106 419/44
f 471/45 472/41 425/42
f 24/46 461/846 460/47
f 17/16 453/4107 452/49
f 455/50 19/4108 278/51
f 11/53 447/4109 456/54
f 449/55 13/4110 264/56
f 15/12 451/4111 450/58
f 447/59 11/4112 270/60
f 19/20 455/4113 454/62
f 449/63 261/527 259/64
f 13/8 449/4114 448/66
f 87/67 109/268 199/68
f 137/70 129/349 178/71
f 81/73 67/234 193/74
f 143/76 157/384 171/77
f 39/79 31/209 185/80
f 268/82 269/532 158/83
f 262/85 136/336 116/86
f 245/88 74/255 60/89
f 11/91 12/4115 272/92
f 20/94 280/536 278/95
f 217/97 350/631 354/98
f 16/100 254/523 251/101
f 276/103 277/537 108/104
f 452/106 256/522 254/107
f 115/109 217/472 181/110
f 228/112 335/681 339/113
f 453/118 248/515 246/119
f 253/121 52/183 32/122
f 451/124 249/520 256/125
f 208/130 378/723 381/131
f 46/133 224/471 188/134
f 95/136 238/448 202/137
f 73/139 231/489 196/140
f 453/142 17/4116 241/143
f 456/145 273/533 280/146
f 157/148 164/371 174/149
f 129/151 123/314 181/152
f 14/154 257/525 264/155
f 151/160 210/500 174/161
f 448/166 265/529 272/167
f 227/114 339/113 287/169
f 31/171 33/174 58/172
f 33/174 34/176 57/175
f 34/176 35/178 56/177
f 35/178 36/180 55/179
f 36/180 37/182 54/181
f 37/182 32/122 52/183
f 46/133 53/135 58/184
f 51/185 58/184 57/186
f 57/186 56/189 49/188
f 56/189 55/191 48/190
f 55/191 54/193 47/192
f 54/193 52/425 45/194
f 46/195 51/198 44/196
f 51/198 50/200 43/199
f 50/200 49/202 42/201
f 49/202 48/204 41/203
f 48/204 47/206 40/205
f 47/206 45/419 38/207
f 39/79 44/210 33/208
f 44/210 43/4117 34/211
f 34/211 43/4117 42/212
f 35/213 42/212 41/214
f 36/215 41/214 40/216
f 37/217 40/216 38/218
f 73/220 75/223 86/221
f 75/223 76/225 85/224
f 76/225 77/227 84/226
f 77/227 78/229 83/228
f 78/229 79/231 82/230
f 79/231 74/415 80/232
f 81/73 86/235 72/233
f 86/235 85/4118 71/236
f 71/236 85/4118 84/237
f 70/238 84/237 83/239
f 69/240 83/239 82/241
f 68/242 82/241 80/243
f 73/139 59/141 61/245
f 75/246 61/245 62/247
f 62/247 63/250 77/249
f 63/250 64/252 78/251
f 64/252 65/254 79/253
f 65/254 60/89 74/255
f 59/256 67/509 72/257
f 61/258 72/257 71/259
f 71/259 70/4119 63/261
f 63/261 70/4119 69/262
f 69/262 68/265 65/264
f 68/265 66/409 60/266
f 87/67 89/269 114/267
f 89/269 90/4120 113/270
f 113/270 90/4120 91/271
f 112/272 91/271 92/273
f 111/274 92/273 93/275
f 110/276 93/275 88/105
f 109/277 114/280 107/278
f 114/280 113/4121 106/281
f 106/281 113/4121 112/282
f 105/283 112/282 111/284
f 104/285 111/284 110/286
f 103/287 110/286 108/288
f 95/136 102/138 107/290
f 100/291 107/290 106/292
f 106/292 105/295 98/294
f 105/295 104/297 97/296
f 104/297 103/299 96/298
f 103/299 101/445 94/300
f 87/301 95/4122 100/302
f 89/303 100/302 99/304
f 90/305 99/304 98/306
f 91/307 98/306 97/308
f 92/309 97/308 96/310
f 93/311 96/310 94/312
f 123/314 129/151 131/315
f 128/316 131/315 132/317
f 127/318 132/317 133/319
f 133/319 134/4123 125/321
f 125/321 134/4123 135/322
f 124/323 135/322 130/324
f 137/326 115/4124 117/327
f 142/328 117/327 118/329
f 118/329 119/332 140/331
f 119/332 120/334 139/333
f 120/334 121/4125 138/335
f 138/335 121/4125 116/86
f 115/109 123/111 128/337
f 117/338 128/337 127/339
f 127/339 126/342 119/341
f 126/342 125/344 120/343
f 125/344 124/346 121/345
f 124/346 122/428 116/347
f 137/70 142/350 131/348
f 142/350 141/4126 132/351
f 132/351 141/4126 140/352
f 133/353 140/352 139/354
f 134/355 139/354 138/356
f 135/357 138/356 136/358
f 151/160 164/162 166/360
f 156/361 166/360 167/362
f 167/362 168/365 154/364
f 168/365 169/367 153/366
f 169/367 170/369 152/368
f 170/369 165/440 150/370
f 164/371 157/148 159/372
f 159/372 160/4127 167/374
f 167/374 160/4127 161/375
f 168/376 161/375 162/377
f 169/378 162/377 163/379
f 170/380 163/379 158/381
f 143/76 145/385 159/383
f 145/385 146/4128 160/386
f 160/386 146/4128 147/387
f 161/388 147/387 148/389
f 162/390 148/389 149/391
f 163/392 149/391 144/84
f 143/393 151/4129 156/394
f 145/395 156/394 155/396
f 146/397 155/396 154/398
f 147/399 154/398 153/400
f 148/401 153/400 152/402
f 149/403 152/402 150/404
f 31/171 53/173 188/406
f 242/408 244/516 60/266
f 451/410 15/4130 251/411
f 247/413 242/514 66/244
f 247/414 80/232 74/415
f 250/417 252/521 32/219
f 250/418 38/207 45/419
f 450/421 259/526 257/422
f 255/424 45/194 52/425
f 260/427 116/347 122/428
f 263/430 258/524 122/325
f 262/431 263/528 130/359
f 448/432 447/4131 267/433
f 266/435 268/531 144/405
f 456/436 455/4132 275/437
f 266/439 150/370 165/440
f 269/442 271/530 165/382
f 274/443 276/534 88/313
f 274/444 94/300 101/445
f 277/447 279/535 101/289
f 238/448 240/450 204/449
f 240/450 239/452 205/451
f 239/452 237/4133 203/453
f 234/69 199/68 201/454
f 235/455 201/454 200/456
f 236/457 200/456 203/458
f 192/460 230/4134 229/461
f 194/462 229/461 228/463
f 195/464 228/463 227/75
f 189/465 191/468 225/466
f 191/468 190/470 226/469
f 190/470 188/134 224/471
f 217/472 219/474 183/473
f 219/474 218/476 184/475
f 218/476 216/4135 182/477
f 213/72 178/71 180/478
f 214/479 180/478 179/480
f 215/481 179/480 182/482
f 175/484 207/4136 209/485
f 172/486 209/485 208/487
f 173/488 208/487 206/78
f 231/489 233/491 197/490
f 233/491 232/493 198/492
f 232/493 230/4137 192/494
f 189/495 221/4138 223/496
f 186/497 223/496 222/498
f 187/499 222/498 220/81
f 210/500 212/502 176/501
f 212/502 211/504 177/503
f 211/504 207/4139 175/505
f 67/509 59/256 196/510
f 109/277 102/279 202/512
f 242/514 247/413 248/144
f 245/416 246/119 248/515
f 244/516 242/408 241/517
f 244/90 243/27 246/519
f 255/420 256/125 249/520
f 252/521 250/417 249/412
f 253/426 254/107 256/522
f 252/123 251/101 254/523
f 258/524 263/430 264/155
f 258/429 257/422 259/526
f 260/87 259/64 261/527
f 263/528 262/431 261/57
f 271/441 272/167 265/529
f 271/530 269/442 270/93
f 268/531 266/435 265/434
f 269/532 268/82 267/61
f 279/446 280/146 273/533
f 276/534 274/443 273/438
f 279/535 277/447 278/95
f 277/537 276/103 275/52
f 17/538 18/4140 243/518
f 188/406 190/540 187/539
f 190/540 191/158 186/157
f 222/541 402/740 405/542
f 224/544 46/4141 285/545
f 46/547 39/4142 281/548
f 221/550 395/557 399/551
f 81/553 287/700 291/554
f 225/556 345/600 395/557
f 197/558 198/128 194/127
f 196/510 197/558 195/559
f 202/512 204/4143 201/560
f 201/560 204/4143 205/116
f 216/561 360/568 368/562
f 229/564 332/623 335/565
f 218/567 357/635 360/568
f 235/569 323/677 327/570
f 220/543 405/542 281/572
f 223/552 399/551 402/574
f 173/576 176/4144 177/507
f 174/149 176/4144 173/576
f 181/152 183/578 180/577
f 183/578 184/164 179/163
f 213/579 366/605 299/580
f 143/582 206/132 381/131
f 234/571 327/570 293/584
f 137/586 299/690 303/587
f 239/589 240/4145 314/590
f 233/592 231/598 383/593
f 215/563 368/562 362/595
f 73/597 291/752 383/593
f 226/599 342/668 345/600
f 151/601 309/749 407/602
f 214/604 362/713 366/605
f 87/606 293/697 297/607
f 238/609 311/643 314/610
f 210/603 407/602 411/612
f 239/589 318/591 321/614
f 232/616 233/4146 387/617
f 380/619 408/743 308/620
f 229/564 230/644 393/622
f 207/624 371/652 375/625
f 338/627 384/726 290/628
f 115/630 303/750 350/631
f 236/632 237/615 321/614
f 219/634 354/707 357/635
f 143/636 305/692 309/637
f 212/639 411/747 414/640
f 95/642 297/754 311/643
f 232/616 390/618 393/622
f 224/544 347/546 342/645
f 312/647 296/753 294/648
f 208/650 209/626 375/625
f 211/641 414/640 371/652
f 365/653 351/660 302/654
f 235/656 236/632 329/633
f 353/658 355/661 352/659
f 355/661 354/98 350/631
f 341/662 343/665 349/663
f 343/665 342/645 347/546
f 341/662 344/757 346/666
f 343/667 346/666 345/600
f 315/669 317/673 319/670
f 316/671 319/670 318/591
f 320/672 322/755 319/670
f 319/670 322/755 321/614
f 324/674 326/649 328/675
f 325/676 328/675 327/570
f 336/678 338/627 340/679
f 337/680 340/679 339/113
f 336/678 337/684 334/682
f 337/684 335/565 332/623
f 330/685 324/674 325/686
f 331/687 325/686 323/657
f 300/655 302/654 304/688
f 304/688 303/587 299/690
f 308/620 310/748 307/691
f 307/691 310/748 309/637
f 315/669 316/694 313/693
f 316/694 314/610 311/643
f 294/648 296/753 298/695
f 298/695 297/607 293/697
f 290/628 292/699 289/698
f 292/699 291/554 287/700
f 284/701 286/704 283/702
f 286/704 285/549 281/548
f 356/705 358/709 355/706
f 355/706 358/709 357/635
f 356/705 359/758 361/708
f 361/708 360/568 357/635
f 363/710 365/653 367/711
f 364/712 367/711 366/605
f 363/710 364/4147 370/714
f 370/714 364/4147 362/595
f 374/716 376/719 373/717
f 376/719 375/625 371/652
f 377/720 379/4148 376/719
f 376/719 379/4148 378/651
f 377/720 380/619 382/721
f 379/722 382/721 381/131
f 386/724 388/727 385/725
f 388/727 387/594 383/593
f 386/724 389/730 391/728
f 388/729 391/728 390/618
f 389/730 392/756 394/731
f 394/731 393/622 390/618
f 396/732 398/736 400/733
f 400/733 399/551 395/557
f 401/735 403/737 400/733
f 403/737 402/574 399/551
f 401/735 404/751 406/738
f 403/739 406/738 405/542
f 410/741 412/744 409/742
f 412/744 411/612 407/602
f 413/745 415/759 412/746
f 412/746 415/759 414/640
f 306/621 307/691 382/721
f 307/691 305/583 381/131
f 308/620 408/743 409/742
f 310/748 409/742 407/602
f 300/655 301/689 367/711
f 301/689 299/580 366/605
f 302/654 351/660 352/659
f 304/688 352/659 350/631
f 282/703 283/702 406/738
f 283/702 281/572 405/542
f 284/701 348/664 349/663
f 286/704 349/663 347/546
f 288/629 289/698 340/679
f 289/698 287/169 339/113
f 290/628 384/726 385/725
f 292/699 385/725 383/593
f 294/648 295/696 328/675
f 295/696 293/584 327/570
f 296/753 312/647 313/693
f 298/695 313/693 311/643
f 320/672 330/685 331/687
f 331/687 329/633 321/614
f 392/756 333/683 334/682
f 334/682 332/623 393/622
f 396/732 397/734 346/666
f 397/734 395/557 345/600
f 359/758 369/715 370/714
f 361/708 370/714 368/562
f 413/745 372/718 373/717
f 373/717 371/652 414/640
f 404/751 348/664 284/701
f 435/760 445/816 443/761
f 425/763 2/815 4/764
f 432/766 442/818 444/767
f 422/769 5/817 3/770
f 427/772 429/812 439/773
f 419/775 8/811 9/776
f 426/778 1/813 438/779
f 431/781 433/762 443/761
f 421/783 423/765 4/764
f 436/785 446/814 10/786
f 420/788 12/4149 11/53
f 8/789 6/793 5/790
f 4/792 3/795 5/790
f 2/794 1/797 3/795
f 437/796 438/799 1/797
f 439/798 440/801 438/799
f 441/800 442/803 440/801
f 443/802 444/805 442/803
f 445/804 446/806 444/805
f 9/33 10/32 446/806
f 417/787 10/786 7/807
f 428/780 438/779 440/809
f 421/783 6/784 8/811
f 429/812 431/781 441/782
f 426/778 424/771 3/770
f 436/785 434/768 444/767
f 427/772 437/774 2/815
f 418/777 9/776 445/816
f 422/769 420/808 7/807
f 430/810 440/809 442/818
f 22/819 21/838 447/820
f 22/819 448/821 449/822
f 23/823 449/822 450/824
f 25/826 24/825 450/824
f 25/826 451/827 452/828
f 26/829 452/828 453/830
f 27/831 453/830 454/832
f 28/833 454/832 455/834
f 29/835 455/834 456/836
f 30/837 456/836 447/820
f 21/839 458/848 467/840
f 28/842 465/850 464/843
f 25/845 462/852 461/846
f 22/847 459/853 458/848
f 28/842 29/854 466/849
f 26/851 463/855 462/852
f 23/48 460/47 459/853
f 30/841 467/840 466/849
f 27/844 464/843 463/855
f 341/662 348/664 404/751
f 398/736 344/757 341/662
f 386/724 384/726 338/627
f 333/683 389/730 386/724
f 315/669 312/647 326/649
f 330/685 317/673 315/669
f 377/720 410/741 408/743
f 374/716 413/745 410/741
f 353/658 351/660 365/653
f 369/715 356/705 353/658
f 595/868 597/881 596/869
f 1042/871 601/898 600/872
f 594/874 596/894 643/875
f 517/877 595/868 594/870
f 484/879 505/880 595/868
f 505/880 506/1200 597/881
f 3080/882 997/4018 986/883
f 3051/885 808/1546 996/886
f 520/888 646/1001 653/889
f 598/891 509/4150 525/892
f 596/894 598/891 645/893
f 665/895 666/1068 1044/896
f 601/898 603/909 602/899
f 599/873 600/872 631/900
f 1040/902 1031/1199 509/903
f 3077/905 3078/1626 991/906
f 500/908 501/910 603/909
f 501/910 481/1024 508/911
f 603/909 508/911 507/912
f 533/913 640/979 635/914
f 602/899 507/912 521/916
f 600/872 602/899 633/917
f 604/918 605/928 607/919
f 606/920 607/919 609/921
f 604/918 606/920 619/923
f 545/925 605/928 604/918
f 485/927 494/4151 605/928
f 605/928 494/4151 495/929
f 607/919 495/929 496/930
f 609/921 496/930 479/931
f 609/921 526/932 527/933
f 524/935 628/963 623/936
f 621/938 608/922 528/934
f 606/920 608/922 621/938
f 611/940 613/943 612/941
f 613/943 615/951 614/944
f 544/945 610/942 540/946
f 543/948 611/940 610/942
f 616/949 618/950 613/943
f 618/950 620/952 615/951
f 620/952 530/961 513/953
f 546/926 604/918 617/924
f 614/944 615/951 514/955
f 614/944 515/956 478/957
f 612/941 614/944 538/958
f 610/942 612/941 539/959
f 619/923 621/938 620/952
f 541/954 617/924 616/949
f 621/938 529/939 530/961
f 629/901 631/900 630/962
f 623/936 625/966 624/964
f 625/966 627/971 626/967
f 522/968 622/965 504/969
f 523/937 623/936 622/965
f 628/963 630/962 625/966
f 630/962 632/972 627/971
f 632/972 520/888 519/890
f 509/903 599/873 629/901
f 627/971 519/890 518/974
f 626/967 518/974 480/975
f 624/964 626/967 502/976
f 622/965 624/964 503/977
f 631/900 633/917 632/972
f 525/973 629/901 628/963
f 633/917 521/916 520/888
f 641/876 643/875 642/978
f 635/980 637/983 636/981
f 637/983 639/995 638/984
f 531/985 634/982 512/986
f 532/988 635/980 634/982
f 640/979 642/978 637/989
f 642/978 644/991 639/990
f 644/991 524/998 523/992
f 516/993 594/874 641/876
f 639/995 523/937 522/968
f 638/984 522/968 482/970
f 636/981 638/984 510/996
f 634/982 636/981 511/997
f 643/875 645/893 644/991
f 534/994 641/876 640/979
f 645/893 525/892 524/998
f 647/999 649/1002 648/1000
f 649/1002 651/1005 650/1003
f 521/916 647/999 646/1001
f 646/1001 648/1000 655/1004
f 651/1005 541/954 542/960
f 658/1006 660/1007 649/1002
f 660/1007 662/1008 651/1005
f 662/1008 546/926 541/954
f 683/1009 686/1014 589/1010
f 687/1012 690/1074 689/1013
f 507/912 658/1006 647/999
f 650/1003 542/960 543/948
f 648/1000 650/1003 657/1015
f 653/889 655/1004 654/1016
f 655/1004 657/1015 656/1018
f 518/974 652/1017 499/1019
f 519/890 653/889 652/1017
f 657/1015 543/948 544/945
f 656/1018 544/945 486/947
f 654/1016 656/1018 497/1020
f 652/1017 654/1016 498/1021
f 659/1022 661/1023 660/1007
f 661/1023 663/1027 662/1008
f 508/911 659/1022 658/1006
f 481/1024 535/1025 659/1022
f 535/1025 536/1026 661/1023
f 536/1026 537/1028 663/1027
f 537/1028 485/927 545/925
f 663/1027 545/925 546/926
f 665/895 668/897 667/1029
f 670/1031 672/1052 1045/1032
f 714/1034 665/1038 664/1035
f 715/1037 666/1040 665/1038
f 576/1039 562/4152 666/1040
f 725/1041 716/1140 571/1042
f 596/869 597/881 1039/1044
f 1046/1045 1033/1634 1026/1046
f 668/897 559/1342 558/1048
f 667/1029 558/1048 484/879
f 664/1030 667/1029 517/877
f 3082/1049 1025/4153 1026/1050
f 671/1051 673/1059 672/1052
f 702/1053 670/1031 669/1033
f 703/1055 671/1051 670/1031
f 572/1056 560/1058 671/1051
f 707/1057 710/1123 533/913
f 560/1058 561/1060 673/1059
f 561/1060 490/1164 554/1061
f 673/1059 554/1061 553/1062
f 3081/1063 3082/1049 987/1064
f 562/1066 1038/1479 1043/1067
f 674/1069 675/1072 678/1070
f 675/1072 676/1077 679/1073
f 690/1074 675/1072 674/1069
f 691/1075 676/1077 675/1072
f 691/1075 580/1105 579/1076
f 695/1078 698/1107 575/1079
f 578/1081 577/4154 679/1073
f 679/1073 577/4154 488/1082
f 678/1070 679/1073 549/1083
f 677/1071 678/1070 548/1084
f 677/1071 547/1085 492/1086
f 674/1069 677/1071 592/1087
f 681/1089 684/1092 683/1009
f 682/1091 685/1100 684/1092
f 587/1093 680/1090 591/1094
f 586/1096 681/1089 680/1090
f 585/1097 682/1091 681/1089
f 487/1098 568/4155 682/1091
f 682/1091 568/4155 567/1099
f 689/1013 674/1069 593/1088
f 566/1101 581/1104 688/1103
f 685/1100 688/1103 687/1012
f 684/1092 687/1012 686/1014
f 680/1090 683/1009 590/1011
f 688/1103 691/1075 690/1074
f 691/1075 688/1103 581/1104
f 686/1014 689/1013 588/1102
f 699/1106 702/1053 701/1054
f 693/1108 696/1111 695/1078
f 694/1110 697/1119 696/1111
f 557/1112 692/1109 573/1113
f 556/1115 693/1108 692/1109
f 555/1116 694/1110 693/1108
f 489/1117 569/1118 694/1110
f 569/1118 570/1043 697/1119
f 701/1054 669/1033 562/1066
f 570/1043 571/1042 700/1121
f 697/1119 700/1121 699/1106
f 696/1111 699/1106 698/1107
f 692/1109 695/1078 574/1080
f 700/1121 703/1055 702/1053
f 571/1042 572/1056 703/1055
f 698/1107 701/1054 576/1120
f 711/1122 714/1034 713/1036
f 705/1124 708/1128 707/1125
f 706/1127 709/1132 708/1128
f 565/1129 704/1126 531/985
f 564/1130 705/1124 704/1126
f 563/1131 706/1127 705/1124
f 491/1114 573/1113 706/1127
f 573/1113 574/1080 709/1132
f 713/1036 664/1035 516/993
f 574/1133 575/1137 712/1134
f 709/1135 712/1134 711/1122
f 708/1136 711/1122 710/1123
f 704/1126 707/1125 532/988
f 712/1134 715/1037 714/1034
f 575/1137 576/1039 715/1037
f 710/1123 713/1036 534/994
f 717/1138 720/1142 719/1139
f 718/1141 721/1143 720/1142
f 721/1143 718/1141 589/1010
f 726/1144 717/1138 716/1140
f 727/1145 718/1141 717/1138
f 590/1011 589/1010 718/1141
f 719/1139 728/1148 560/1058
f 716/1140 719/1139 572/1056
f 617/924 619/923 618/950
f 588/1102 593/1088 730/1146
f 721/1143 730/1146 729/1147
f 720/1142 729/1147 728/1148
f 863/1149 868/1239 797/1150
f 723/1152 726/1144 725/1041
f 724/1154 727/1145 726/1144
f 552/1155 722/1153 569/1118
f 551/1156 723/1152 722/1153
f 550/1157 724/1154 723/1152
f 493/1095 591/1094 724/1154
f 591/1094 590/1011 727/1145
f 722/1153 725/1041 570/1043
f 729/1147 732/1159 731/1158
f 730/1146 733/1160 732/1159
f 593/1088 592/1087 733/1160
f 592/1087 492/1086 584/1161
f 733/1160 584/1161 583/1162
f 732/1159 583/1162 582/1163
f 731/1158 582/1163 490/1164
f 728/1148 731/1158 561/1060
f 850/1165 851/1176 849/1166
f 852/1168 853/1194 1011/1169
f 895/1171 850/1165 848/1167
f 848/1167 849/1166 772/1173
f 849/1166 761/1177 740/1175
f 851/1176 762/1478 761/1177
f 1010/1178 1012/1181 994/1179
f 1012/1181 988/1616 985/1182
f 780/1183 993/1261 1005/1184
f 905/1186 898/1283 775/1187
f 672/1052 553/1062 1034/1189
f 1006/1190 1008/1477 851/1176
f 883/1191 852/1168 1009/1170
f 854/1193 855/1201 853/1194
f 965/1197 964/1316 917/1195
f 917/1195 1013/1319 1015/1196
f 881/1192 1010/1178 992/1180
f 1029/1198 1024/1629 1031/1199
f 506/1200 1030/1631 1039/1044
f 855/1201 757/1204 756/1202
f 764/1203 737/1306 757/1204
f 763/1205 764/1203 855/1201
f 887/1206 892/1268 788/1207
f 776/1209 763/1205 854/1193
f 885/1210 854/1193 852/1168
f 856/1211 858/1214 859/1212
f 858/1214 860/1226 861/1215
f 871/1216 858/1214 856/1211
f 856/1211 857/1213 800/1218
f 857/1213 750/1222 741/1220
f 857/1213 859/1212 751/1221
f 859/1212 861/1215 752/1223
f 861/1215 781/4156 735/1224
f 782/1225 781/4156 861/1215
f 875/1228 880/1251 779/1229
f 873/1231 784/4157 783/1227
f 873/1231 860/1226 858/1214
f 864/1232 865/1235 863/1149
f 866/1234 867/1240 865/1235
f 795/1236 862/1233 799/1237
f 862/1233 863/1149 798/1151
f 865/1235 870/1241 868/1239
f 867/1240 872/1243 870/1241
f 768/1242 785/1249 872/1243
f 869/1217 856/1211 801/1219
f 866/1234 770/4158 769/1245
f 734/1246 770/4158 866/1234
f 793/1247 866/1234 864/1232
f 794/1248 864/1232 862/1233
f 872/1243 873/1231 871/1216
f 868/1239 869/1217 796/1244
f 785/1249 784/4157 873/1231
f 882/1250 883/1191 881/1192
f 876/1252 877/1255 875/1228
f 878/1254 879/1259 877/1255
f 760/1256 874/1253 777/1257
f 874/1253 875/1228 778/1230
f 877/1255 882/1250 880/1251
f 879/1259 884/1260 882/1250
f 774/1188 775/1187 884/1260
f 993/1261 995/1456 1007/1262
f 773/1263 774/1188 879/1259
f 736/1264 773/1263 878/1254
f 758/1265 878/1254 876/1252
f 759/1266 876/1252 874/1253
f 884/1260 885/1210 883/1191
f 880/1251 881/1192 780/1183
f 775/1187 776/1209 885/1210
f 894/1267 895/1171 893/1172
f 888/1269 889/1272 887/1206
f 890/1271 891/1276 889/1272
f 767/1273 886/1270 786/1274
f 886/1270 887/1206 787/1208
f 889/1272 894/1267 892/1268
f 891/1276 896/1277 894/1267
f 778/1230 779/1229 896/1277
f 893/1172 848/1167 771/1174
f 777/1257 778/1230 891/1276
f 738/1258 777/1257 890/1271
f 765/1279 890/1271 888/1269
f 766/1280 888/1269 886/1270
f 896/1277 897/1185 895/1171
f 892/1268 893/1172 789/1278
f 779/1229 780/1183 897/1185
f 900/1281 901/1285 899/1282
f 902/1284 903/1287 901/1285
f 898/1283 899/1282 776/1209
f 907/1286 900/1281 898/1283
f 797/1150 796/1244 903/1287
f 901/1285 912/1289 910/1288
f 903/1287 914/1290 912/1289
f 796/1244 801/1219 914/1290
f 843/1291 936/1296 933/1292
f 939/1294 940/1351 937/1295
f 899/1282 910/1288 763/1205
f 798/1151 797/1150 902/1284
f 909/1297 902/1284 900/1281
f 906/1298 907/1286 905/1186
f 908/1300 909/1297 907/1286
f 755/1301 904/1299 773/1263
f 904/1299 905/1186 774/1188
f 799/1237 798/1151 909/1297
f 742/1238 799/1237 908/1300
f 753/1302 908/1300 906/1298
f 754/1303 906/1298 904/1299
f 912/1289 913/1305 911/1304
f 914/1290 915/1308 913/1305
f 910/1288 911/1304 764/1203
f 911/1304 790/1307 737/1306
f 913/1305 791/1309 790/1307
f 915/1308 792/1310 791/1309
f 800/1218 741/1220 792/1310
f 801/1219 800/1218 915/1308
f 918/1311 919/1318 917/1195
f 952/1315 951/1325 1020/1313
f 1020/1313 1019/1333 920/1314
f 916/1312 917/1195 964/1316
f 919/1318 1016/1563 1013/1319
f 895/1171 897/1185 1006/1190
f 825/1320 966/1413 975/1321
f 951/1325 830/1398 1002/1323
f 1002/1323 1001/1328 1018/1324
f 1018/1324 1020/1313 951/1325
f 1027/1326 500/908 601/898
f 1004/1327 1021/1543 1018/1324
f 813/1329 814/1562 919/1318
f 740/1175 813/1329 918/1311
f 772/1173 918/1311 916/1312
f 922/1330 923/1337 921/1331
f 1022/1332 922/1330 920/1314
f 920/1314 921/1331 953/1334
f 921/1331 815/1338 826/1335
f 788/1207 960/1401 957/1336
f 923/1337 816/1340 815/1338
f 809/1339 746/1437 816/1340
f 808/1341 809/1339 923/1337
f 1044/896 1035/1633 559/1342
f 1017/1343 1003/1565 1000/1344
f 924/1346 927/1362 928/1347
f 925/1348 928/1347 929/1349
f 924/1346 925/1348 940/1351
f 925/1348 926/1350 941/1352
f 941/1352 926/1350 833/1353
f 829/1355 948/1385 945/1356
f 929/1349 831/1360 832/1358
f 929/1349 804/1361 744/1359
f 928/1347 803/1363 804/1361
f 927/1362 802/4159 803/1363
f 748/1364 802/4159 927/1362
f 846/1365 927/1362 924/1346
f 933/1292 934/1369 931/1367
f 934/1369 935/1379 932/1370
f 845/1371 930/1368 841/1372
f 930/1368 931/1367 840/1374
f 931/1367 932/1370 839/1375
f 932/1370 822/1378 743/1376
f 932/1370 935/1379 821/1377
f 847/1366 924/1346 939/1294
f 938/1382 835/1383 820/1380
f 937/1295 938/1382 935/1379
f 936/1296 937/1295 934/1369
f 844/1293 933/1292 930/1368
f 940/1351 941/1352 938/1382
f 941/1352 834/1354 835/1383
f 842/1381 939/1294 936/1296
f 951/1325 952/1315 949/1384
f 945/1356 946/1388 943/1386
f 946/1388 947/1396 944/1389
f 827/1390 942/1387 812/1391
f 942/1387 943/1386 811/1393
f 943/1386 944/1389 810/1394
f 944/1389 823/1397 745/1395
f 947/1396 824/1322 823/1397
f 830/1398 965/1197 1015/1196
f 1015/1196 1014/1345 1000/1344
f 1000/1344 1002/1323 830/1398
f 950/1399 825/1320 824/1322
f 949/1384 950/1399 947/1396
f 948/1385 949/1384 946/1388
f 828/1357 945/1356 942/1387
f 952/1315 953/1334 950/1399
f 953/1334 826/1335 825/1320
f 830/1398 951/1325 948/1385
f 963/1317 964/1316 961/1400
f 957/1336 958/1404 955/1402
f 958/1404 959/1409 956/1405
f 786/1274 954/1403 819/1406
f 954/1403 955/1402 818/1407
f 955/1402 956/1405 817/1408
f 956/1405 827/1390 747/1392
f 959/1409 828/1357 827/1390
f 771/1174 916/1312 963/1317
f 962/1410 829/1355 828/1357
f 961/1400 962/1410 959/1409
f 960/1401 961/1400 958/1404
f 787/1208 957/1336 954/1403
f 964/1316 965/1197 962/1410
f 965/1197 830/1398 829/1355
f 789/1278 963/1317 960/1401
f 969/1411 970/1414 967/1412
f 970/1414 971/1416 968/1415
f 971/1416 842/1381 843/1291
f 966/1413 967/1412 976/1417
f 967/1412 968/1415 977/1418
f 968/1415 843/1291 844/1293
f 815/1338 978/1421 969/1411
f 826/1335 969/1411 966/1413
f 870/1241 871/1216 869/1217
f 980/1419 847/1366 842/1381
f 979/1420 980/1419 971/1416
f 978/1421 979/1420 970/1414
f 3037/1422 3036/1504 783/1423
f 975/1321 976/1417 973/1425
f 976/1417 977/1418 974/1427
f 823/1397 972/1426 807/1428
f 972/1426 973/1425 806/1429
f 973/1425 974/1427 805/1430
f 974/1427 845/1371 749/1373
f 977/1418 844/1293 845/1371
f 824/1322 975/1321 972/1426
f 981/1431 982/1432 979/1420
f 982/1432 983/1433 980/1419
f 983/1433 846/1365 847/1366
f 838/1434 748/1364 846/1365
f 837/1435 838/1434 983/1433
f 836/1436 837/1435 982/1432
f 746/1437 836/1436 981/1431
f 816/1340 981/1431 978/1421
f 3015/1438 3006/1515 741/1439
f 3016/1441 3015/1438 750/1440
f 3017/1443 3016/1441 751/1442
f 3000/1445 3017/1443 752/1444
f 3007/1447 742/1523 753/1448
f 3018/1449 753/1448 754/1450
f 3019/1451 754/1450 755/1452
f 3001/1454 3020/1453 755/1452
f 995/1456 984/1613 991/1457
f 853/1194 756/1202 989/1458
f 3021/1459 756/1608 757/1460
f 3022/1461 757/1460 737/1462
f 3023/1464 3001/1454 736/1455
f 3024/1466 3023/1464 758/1465
f 3025/1468 3024/1466 759/1467
f 3003/1470 3025/1468 760/1469
f 3026/1472 3005/4089 740/1473
f 3027/1475 3026/1472 761/1474
f 1008/1477 990/1615 762/1478
f 1038/1479 1025/1630 1036/1480
f 3003/1470 738/1471 765/1481
f 3028/1482 765/1481 766/1483
f 3029/1484 766/1483 767/1485
f 3030/1486 767/1485 739/1487
f 3067/1489 834/1508 833/1490
f 3032/1492 3031/1505 768/1493
f 3033/1495 3032/1492 769/1494
f 3033/1495 770/1496 734/1497
f 3034/1499 3000/4079 735/1500
f 3035/1502 3034/1499 781/1501
f 3036/1504 3035/1502 782/1503
f 3031/1505 3038/1574 785/1506
f 3068/1507 835/1588 834/1508
f 3002/1463 737/1462 790/1509
f 3040/1511 3039/1510 790/1509
f 3041/1513 3040/1511 791/1512
f 3006/1515 3041/1513 792/1514
f 2999/1516 734/4160 793/1517
f 3042/1518 793/1517 794/1519
f 3043/1520 794/1519 795/1521
f 3044/1522 795/1521 742/1523
f 3045/1524 802/1528 748/1525
f 3046/1527 803/1530 802/1528
f 3047/1529 804/1532 803/1530
f 3009/1531 744/4161 804/1532
f 3014/1533 3048/1536 805/1534
f 3048/1536 3049/1538 806/1537
f 3049/1538 3050/1541 807/1539
f 3010/1540 745/1550 807/1539
f 986/1542 997/1618 1021/1543
f 996/1544 808/1341 922/1330
f 3051/885 3052/1547 809/1545
f 3052/1547 3011/1589 746/1548
f 3053/1549 810/1552 745/1550
f 3054/1551 811/1554 810/1552
f 3055/1553 812/1556 811/1554
f 3012/1555 747/1567 812/1556
f 3056/1557 813/1561 740/1558
f 3057/1560 814/1612 813/1561
f 814/1562 999/1617 1016/1563
f 998/1564 987/1614 1003/1565
f 3012/1555 3058/1568 817/1566
f 3058/1568 3059/1570 818/1569
f 3059/1570 3060/1572 819/1571
f 3060/1572 3004/4044 739/1573
f 3038/1574 3037/1422 784/1424
f 3062/1575 821/1579 820/1576
f 3063/1578 822/1581 821/1579
f 3063/1578 3008/4040 743/1580
f 3064/1582 831/1586 744/1583
f 3065/1585 832/1587 831/1586
f 3066/1491 833/1490 832/1587
f 3061/1577 820/1576 835/1588
f 3011/1589 3069/1592 836/1590
f 3070/1591 837/1594 836/1590
f 3071/1593 838/1595 837/1594
f 3013/1526 748/1525 838/1595
f 3008/1596 3072/1599 839/1597
f 3072/1599 3073/1601 840/1600
f 3073/1601 3074/1603 841/1602
f 3074/1603 3014/1533 749/1535
f 542/960 616/949 611/940
f 1023/1604 1028/1632 1041/1605
f 3021/1459 3083/1619 989/1607
f 3027/1475 762/1476 990/1609
f 1032/1606 1041/1605 599/873
f 3057/1560 3086/4020 999/1611
f 669/1033 1046/1045 1037/1047
f 992/1180 994/1179 995/1456
f 994/1179 985/1182 984/1613
f 1003/1565 1004/1327 1001/1328
f 987/1614 986/1542 1004/1327
f 1005/1184 1007/1262 1008/1477
f 990/1615 1008/1477 1007/1262
f 1009/1170 1011/1169 1012/1181
f 988/1616 1012/1181 1011/1169
f 1016/1563 1017/1343 1014/1345
f 1017/1343 1016/1563 999/1617
f 1021/1543 1022/1332 1019/1333
f 1022/1332 1021/1543 997/1618
f 3083/1619 1027/4162 1028/1620
f 3081/1063 3086/4020 1035/1622
f 3076/1624 1023/4017 1024/1625
f 3078/1626 1029/4163 1030/1627
f 3080/882 1033/4103 1034/1628
f 1024/1629 1023/1604 1032/1606
f 1037/1047 1026/1046 1025/1630
f 1040/902 1039/1044 1030/1631
f 1042/871 1041/1605 1028/1632
f 1035/1633 1044/896 1043/1067
f 1033/1634 1046/1045 1045/1032
f 3076/1624 985/4019 988/1635
f 1057/1636 1239/1639 1623/1637
f 1239/1639 1094/1644 1341/1640
f 1623/1637 1341/1640 1145/1641
f 1248/1638 1623/1637 1344/1642
f 1094/1644 1240/1646 1624/1645
f 1240/1646 1058/1966 1249/1647
f 1624/1645 1249/1647 1099/1648
f 1341/1640 1624/1645 1342/1649
f 1145/1641 1342/1649 1625/1650
f 1342/1649 1099/1648 1250/1652
f 1625/1650 1250/1652 1055/1653
f 1343/1651 1625/1650 1235/1654
f 1098/1643 1344/1642 1626/1656
f 1344/1642 1145/1641 1343/1651
f 1626/1656 1343/1651 1092/1655
f 1247/1657 1626/1656 1236/1658
f 1259/1660 1627/1664 1226/1661
f 1104/1663 1345/1665 1627/1664
f 1345/1665 1146/1673 1348/1666
f 1627/1664 1348/1666 1087/1667
f 1104/1663 1260/1669 1628/1668
f 1260/1669 1060/1742 1256/1670
f 1628/1668 1256/1670 1102/1671
f 1345/1665 1628/1668 1346/1672
f 1146/1673 1346/1672 1629/1674
f 1346/1672 1102/1671 1255/1676
f 1629/1674 1255/1676 1584/1677
f 1347/1675 1629/1674 1699/1678
f 1348/1666 1630/1681 1225/1680
f 1146/1673 1347/1675 1630/1681
f 1630/1681 1347/1675 1562/1679
f 1630/1681 1825/1682 1561/1683
f 1062/1684 1267/1687 1631/1685
f 1267/1687 1108/1692 1349/1688
f 1631/1685 1349/1688 1147/1689
f 1264/1686 1631/1685 1352/1690
f 1108/1692 1268/1694 1632/1693
f 1268/1694 1061/1782 1243/1695
f 1632/1693 1243/1695 1096/1696
f 1349/1688 1632/1693 1350/1697
f 1147/1689 1350/1697 1633/1698
f 1350/1697 1096/1696 1244/1700
f 1633/1698 1244/1700 1056/1701
f 1351/1699 1633/1698 1246/1702
f 1106/1691 1352/1690 1634/1704
f 1352/1690 1147/1689 1351/1699
f 1634/1704 1351/1699 1097/1703
f 1263/1705 1634/1704 1245/1706
f 1271/1708 1635/1712 1446/1709
f 1110/1711 1353/1713 1635/1712
f 1353/1713 1148/1719 1356/1714
f 1635/1712 1356/1714 1172/1715
f 1272/1716 1636/1717 1353/1713
f 1057/1636 1248/1638 1636/1717
f 1248/1638 1098/1643 1354/1718
f 1636/1717 1354/1718 1148/1719
f 1354/1718 1637/1721 1355/1720
f 1098/1643 1247/1657 1637/1721
f 1637/1721 1247/1657 1054/1659
f 1637/1721 1269/1722 1109/1723
f 1356/1714 1638/1725 1445/1724
f 1148/1719 1355/1720 1638/1725
f 1355/1720 1109/1723 1429/1726
f 1638/1725 1429/1726 1166/1727
f 1563/1728 1719/1731 1639/1729
f 1719/1731 1564/1736 1357/1732
f 1639/1729 1357/1732 1149/1733
f 1234/1730 1639/1729 1360/1734
f 1564/1736 1717/1738 1640/1737
f 1717/1738 1584/1677 1255/1676
f 1640/1737 1255/1676 1102/1671
f 1357/1732 1640/1737 1358/1739
f 1149/1733 1358/1739 1641/1740
f 1358/1739 1102/1671 1256/1670
f 1641/1740 1256/1670 1060/1742
f 1359/1741 1641/1740 1258/1743
f 1091/1735 1360/1734 1642/1745
f 1360/1734 1149/1733 1359/1741
f 1642/1745 1359/1741 1103/1744
f 1233/1746 1642/1745 1257/1747
f 1052/1749 1265/1752 1643/1750
f 1265/1752 1107/1757 1361/1753
f 1643/1750 1361/1753 1150/1754
f 1643/1750 1364/1755 1086/1756
f 1107/1757 1266/1759 1644/1758
f 1266/1759 1061/1782 1262/1760
f 1644/1758 1262/1760 1105/1761
f 1361/1753 1644/1758 1362/1762
f 1150/1754 1362/1762 1645/1763
f 1362/1762 1105/1761 1261/1765
f 1645/1763 1261/1765 1060/1742
f 1363/1764 1645/1763 1260/1669
f 1364/1755 1646/1767 1223/1766
f 1150/1754 1363/1764 1646/1767
f 1363/1764 1104/1663 1259/1660
f 1646/1767 1259/1660 1051/1662
f 1049/1768 1241/1771 1647/1769
f 1241/1771 1095/1776 1365/1772
f 1647/1769 1365/1772 1151/1773
f 1228/1770 1647/1769 1368/1774
f 1095/1776 1242/1778 1648/1777
f 1242/1778 1056/1701 1244/1700
f 1648/1777 1244/1700 1096/1696
f 1365/1772 1648/1777 1366/1779
f 1151/1773 1366/1779 1649/1780
f 1366/1779 1096/1696 1243/1695
f 1649/1780 1243/1695 1061/1782
f 1367/1781 1649/1780 1266/1759
f 1088/1775 1368/1774 1650/1783
f 1368/1774 1151/1773 1367/1781
f 1650/1783 1367/1781 1107/1757
f 1227/1784 1650/1783 1265/1752
f 1059/1748 1257/1747 1651/1785
f 1257/1747 1103/1744 1369/1787
f 1651/1785 1369/1787 1152/1788
f 1254/1786 1651/1785 1372/1789
f 1103/1744 1258/1743 1652/1791
f 1258/1743 1060/1742 1261/1765
f 1652/1791 1261/1765 1105/1761
f 1369/1787 1652/1791 1370/1792
f 1152/1788 1370/1792 1653/1793
f 1370/1792 1105/1761 1262/1760
f 1653/1793 1262/1760 1061/1782
f 1371/1794 1653/1793 1268/1694
f 1101/1790 1372/1789 1654/1795
f 1372/1789 1152/1788 1371/1794
f 1654/1795 1371/1794 1108/1692
f 1253/1796 1654/1795 1267/1687
f 1668/1797 1667/1851 1656/1798
f 1667/1800 1064/1850 1276/1801
f 1656/1802 1112/1803 1275/1804
f 1657/1805 1275/1804 1065/1806
f 1655/1799 1656/1798 1657/1811
f 1658/1813 1657/1808 1113/1810
f 1218/1816 1085/2240 1373/1817
f 1767/1819 1720/2045 1696/1820
f 1085/1822 1767/1819 1659/1821
f 1659/1821 1696/1820 1718/1824
f 1373/1823 1659/1821 1674/1825
f 1660/1818 1373/1817 1375/1827
f 1068/1829 1284/1832 1661/1830
f 1283/1834 1662/1836 1661/1830
f 1662/1837 1663/1884 1664/1838
f 1680/1840 1661/1839 1664/1838
f 1849/1842 1848/2474 1666/1843
f 1848/1845 1168/2397 1431/1846
f 1666/1847 1117/1848 1285/1849
f 1665/1844 1666/1843 1667/1851
f 1655/1799 1669/1853 1684/1852
f 1658/1812 1670/1857 1669/1853
f 1066/1815 1280/1855 1670/1854
f 1670/1857 1217/4164 1216/1858
f 1670/1854 1114/1856 1279/1859
f 1669/1853 1216/1858 1222/1862
f 1566/1863 1274/1866 1671/1864
f 1274/1866 1111/1868 1374/1867
f 1111/1868 1273/1870 1672/1869
f 1374/1872 1672/1890 1673/1828
f 1688/1873 1671/1874 1674/1825
f 1671/1874 1374/4165 1375/1826
f 1220/1875 1219/1878 1675/1876
f 1219/1878 1218/1816 1660/1818
f 1675/1876 1660/1818 1673/1828
f 1676/1877 1675/1876 1682/1879
f 1214/1880 1677/1883 1678/1881
f 1214/1880 1220/1875 1676/1877
f 1677/1883 1676/1877 1681/1841
f 1677/1883 1664/1838 1663/1884
f 1067/1871 1282/1886 1679/1885
f 1115/1887 1281/1888 1680/1831
f 1679/1889 1680/1840 1681/1841
f 1672/1890 1679/1889 1682/1879
f 1665/1844 1683/1892 1847/1891
f 1668/1797 1684/1852 1683/1892
f 1684/1852 1222/1862 1221/1893
f 1683/1892 1221/1893 1427/1894
f 1447/1895 1875/1996 1685/1896
f 1115/1887 1282/1886 1685/1896
f 1282/1886 1067/1871 1589/1897
f 1716/1899 1876/2035 1485/1900
f 1059/1748 1588/1906 1686/1902
f 1693/1903 1854/1952 1452/1904
f 1853/1905 1686/1902 1588/1906
f 1233/1746 1686/1902 1565/1908
f 1166/1727 1568/1915 1687/1909
f 1496/1911 1573/2017 1709/1912
f 1923/1914 1687/1909 1568/1915
f 1270/1910 1687/1909 1569/1917
f 1861/1918 1464/2038 1564/1736
f 1867/1919 1689/1924 1582/1920
f 1113/1810 1278/1809 1689/1922
f 1689/1924 1278/1807 1065/1806
f 1868/1925 1473/1986 1556/1926
f 1055/1653 1581/1933 1690/1928
f 1858/1929 1460/2033 1574/1930
f 1857/1932 1690/1928 1581/1933
f 1690/1928 1576/2029 1092/1655
f 1099/1648 1580/1939 1691/1935
f 1468/1936 1583/1923 1689/1922
f 1866/1938 1691/1935 1580/1939
f 1691/1935 1581/1933 1055/1653
f 1880/1941 1692/1945 1578/1942
f 1577/1944 1064/1850 1285/1849
f 1692/1945 1285/1849 1117/1848
f 1493/1946 1575/2034 1715/1947
f 1091/1735 1565/1908 1693/1903
f 1855/1949 1448/2015 1567/1950
f 1854/1952 1693/1903 1565/1908
f 1454/1954 1855/1949 1694/1951
f 1111/1868 1274/1866 1694/1951
f 1700/1955 1856/1978 1455/1921
f 1100/1956 1558/1963 1695/1957
f 1871/1959 1474/2377 1557/1960
f 1870/1962 1695/1957 1558/1963
f 1252/1958 1695/1957 1585/1965
f 1885/1967 1498/2425 1562/1679
f 1871/1959 1697/1961 1586/1968
f 1114/1856 1280/1855 1697/1961
f 1280/1855 1066/1815 1586/1968
f 1872/1970 1479/2001 1592/1971
f 1058/1966 1585/1965 1698/1973
f 1691/1935 1866/1938 1458/1934
f 1865/1974 1698/1973 1585/1965
f 1249/1647 1698/1973 1580/1939
f 1825/1682 1886/2552 1499/1976
f 1465/1977 1885/1967 1699/1678
f 1856/1978 1700/1955 1579/1979
f 1582/1920 1065/1806 1275/1804
f 1700/1955 1275/1804 1112/1803
f 1459/1981 1576/2029 1690/1928
f 1792/1982 1907/2308 1508/1983
f 1906/1985 1701/1989 1556/1926
f 1559/1987 1141/2272 1333/1988
f 1701/1989 1333/1988 1047/1861
f 1050/1990 1554/1994 1702/1991
f 1695/1957 1870/1962 1470/1975
f 1476/1993 1869/2378 1702/1991
f 1702/1991 1558/1963 1100/1956
f 1101/1790 1587/1998 1703/1995
f 1875/1996 1480/2028 1590/1898
f 1874/1997 1703/1995 1587/1998
f 1254/1786 1703/1995 1588/1906
f 1468/1936 1864/2039 1704/2000
f 1066/1815 1277/1814 1704/2000
f 1277/1814 1113/1810 1583/1923
f 1865/1974 1471/1940 1580/1939
f 1479/2001 1879/2011 1705/2002
f 1571/2003 1116/1833 1284/1832
f 1284/1832 1068/1829 1592/1971
f 1692/1945 1880/1941 1462/2004
f 1062/1684 1591/2007 1706/2005
f 1703/1995 1874/1997 1450/1907
f 1873/2006 1706/2005 1591/2007
f 1253/1796 1706/2005 1587/1998
f 1106/1691 1572/2013 1707/2009
f 1486/2010 1571/2003 1705/2002
f 1878/2012 1707/2009 1572/2013
f 1264/1686 1707/2009 1591/2007
f 1448/2015 1852/2478 1708/2016
f 1067/1871 1273/1870 1708/2016
f 1273/1870 1111/1868 1567/1950
f 1451/1953 1565/1908 1686/1902
f 1924/1913 1709/1912 1570/1901
f 1573/2017 1168/2397 1286/2018
f 1709/1912 1286/2018 1063/1835
f 1925/2019 1542/2419 1602/2020
f 1053/1707 1569/1917 1710/2022
f 1707/2009 1878/2012 1482/2008
f 1877/2023 1710/2022 1569/1917
f 1263/1705 1710/2022 1572/2013
f 1897/2025 1711/2164 1594/2026
f 1480/2028 1872/1970 1712/1972
f 1068/1829 1281/1888 1712/1972
f 1281/1888 1115/1887 1590/1898
f 1483/1999 1587/1998 1706/2005
f 1576/2029 1713/1931 1236/1658
f 1456/1980 1579/1979 1714/2030
f 1858/1929 1713/1931 1576/2029
f 1713/1931 1574/1930 1054/1659
f 1859/2031 1714/2030 1577/1944
f 1579/1979 1112/1803 1276/1801
f 1714/2030 1276/1801 1064/1850
f 1688/1865 1860/2499 1454/1954
f 1574/1930 1715/1947 1269/1722
f 1846/2032 1882/2473 1494/1916
f 1881/1948 1715/1947 1574/1930
f 1269/1722 1715/1947 1575/2034
f 1876/2035 1716/1899 1571/2003
f 1570/1901 1063/1835 1283/1834
f 1716/1899 1283/1834 1116/1833
f 1489/2014 1572/2013 1710/2022
f 1860/2036 1688/1873 1718/1824
f 1464/2038 1862/2040 1717/1738
f 1864/2039 1467/1969 1586/1968
f 1862/2040 1465/1977 1584/1677
f 1452/1904 1861/1918 1719/1731
f 1920/2041 1550/2348 1560/2042
f 1922/2044 1919/2424 1720/2045
f 1057/1636 1238/2048 1721/2047
f 1238/2048 1093/2051 1376/2049
f 1376/2049 1153/2056 1379/2050
f 1721/2047 1379/2050 1094/1644
f 1093/2051 1237/2053 1722/2052
f 1237/2053 1048/2075 1230/2054
f 1230/2054 1089/2058 1377/2055
f 1376/2049 1722/2052 1377/2055
f 1377/2055 1723/2059 1378/2057
f 1089/2058 1229/2060 1723/2059
f 1229/2060 1050/1990 1251/1992
f 1378/2057 1723/2059 1251/1992
f 1379/2050 1724/2061 1240/1646
f 1153/2056 1378/2057 1724/2061
f 1378/2057 1100/1956 1252/1958
f 1724/2061 1252/1958 1058/1966
f 1444/2062 1725/2064 1271/1708
f 1173/2063 1380/2065 1725/2064
f 1380/2065 1154/2072 1383/2066
f 1271/1708 1725/2064 1383/2066
f 1173/2063 1443/2068 1726/2067
f 1443/2068 1165/2455 1428/2069
f 1726/2067 1428/2069 1090/2070
f 1380/2065 1726/2067 1381/2071
f 1154/2072 1381/2071 1727/2073
f 1090/2070 1231/2452 1727/2073
f 1727/2073 1231/2452 1048/2075
f 1382/2074 1727/2073 1237/2053
f 1110/1711 1383/2066 1728/2076
f 1383/2066 1154/2072 1382/2074
f 1728/2076 1382/2074 1093/2051
f 1272/1716 1728/2076 1238/2048
f 1073/2077 1302/2080 1729/2078
f 1302/2080 1125/2085 1384/2081
f 1729/2078 1384/2081 1155/2082
f 1293/2079 1729/2078 1387/2083
f 1125/2085 1301/2087 1730/2086
f 1301/2087 1070/2159 1290/2088
f 1730/2086 1290/2088 1119/2089
f 1384/2081 1730/2086 1385/2090
f 1155/2082 1385/2090 1731/2091
f 1385/2090 1119/2089 1289/2093
f 1731/2091 1289/2093 1071/2094
f 1386/2092 1731/2091 1304/2095
f 1121/2084 1387/2083 1732/2097
f 1387/2083 1155/2082 1386/2092
f 1732/2097 1386/2092 1126/2096
f 1294/2098 1732/2097 1303/2099
f 1051/1662 1226/1661 1733/2101
f 1087/1667 1388/2103 1733/2101
f 1388/2103 1156/2108 1391/2104
f 1733/2101 1391/2104 1131/2105
f 1225/1680 1734/2106 1388/2103
f 1561/1683 1811/2043 1734/2106
f 1734/2106 1811/2043 1560/2042
f 1734/2106 1389/2107 1156/2108
f 1156/2108 1389/2107 1735/2109
f 1389/2107 1560/2042 1799/2111
f 1735/2109 1799/2111 1614/2112
f 1390/2110 1735/2109 1309/2113
f 1131/2105 1391/2104 1736/2115
f 1391/2104 1156/2108 1390/2110
f 1736/2115 1390/2110 1129/2114
f 1314/2116 1736/2115 1310/2117
f 1078/2119 1318/2122 1737/2120
f 1318/2122 1133/2127 1392/2123
f 1737/2120 1392/2123 1157/2124
f 1321/2121 1737/2120 1395/2125
f 1133/2127 1317/2129 1738/2128
f 1317/2129 1069/2413 1299/2130
f 1738/2128 1299/2130 1124/2131
f 1392/2123 1738/2128 1393/2132
f 1157/2124 1393/2132 1739/2133
f 1393/2132 1124/2131 1300/2135
f 1739/2133 1300/2135 1072/2136
f 1394/2134 1739/2133 1298/2137
f 1135/2126 1395/2125 1740/2139
f 1395/2125 1157/2124 1394/2134
f 1740/2139 1394/2134 1123/2138
f 1322/2140 1740/2139 1297/2141
f 1442/2143 1741/2147 1325/2144
f 1174/2146 1396/2148 1741/2147
f 1396/2148 1158/2155 1399/2149
f 1741/2147 1399/2149 1137/2150
f 1441/2151 1742/2153 1396/2148
f 1441/2151 1169/2357 1432/2152
f 1432/2152 1136/2157 1397/2154
f 1742/2153 1397/2154 1158/2155
f 1397/2154 1743/2158 1398/2156
f 1136/2157 1323/2406 1743/2158
f 1743/2158 1323/2406 1070/2159
f 1743/2158 1301/2087 1125/2085
f 1399/2149 1744/2161 1326/2160
f 1158/2155 1398/2156 1744/2161
f 1398/2156 1125/2085 1302/2080
f 1744/2161 1302/2080 1073/2077
f 1593/2162 1288/2165 1745/2163
f 1288/2165 1118/2169 1400/2166
f 1745/2163 1400/2166 1159/2167
f 1711/2164 1745/2163 1403/2168
f 1118/2169 1287/2171 1746/2170
f 1287/2171 1075/2207 1311/2172
f 1746/2170 1311/2172 1130/2173
f 1400/2166 1746/2170 1401/2174
f 1159/2167 1401/2174 1747/2175
f 1401/2174 1130/2173 1312/2177
f 1747/2175 1312/2177 1076/2118
f 1402/2176 1747/2175 1310/2117
f 1594/2026 1403/2168 1748/2178
f 1403/2168 1159/2167 1402/2176
f 1748/2178 1402/2176 1129/2114
f 1802/2179 1748/2178 1309/2113
f 1052/1749 1224/1751 1749/2180
f 1086/1756 1404/2182 1749/2180
f 1404/2182 1160/2187 1407/2183
f 1319/2181 1749/2180 1407/2183
f 1223/1766 1750/2185 1404/2182
f 1051/1662 1313/2102 1750/2185
f 1313/2102 1131/2105 1405/2186
f 1750/2185 1405/2186 1160/2187
f 1160/2187 1405/2186 1751/2188
f 1405/2186 1131/2105 1314/2116
f 1751/2188 1314/2116 1076/2118
f 1406/2189 1751/2188 1315/2190
f 1134/2184 1407/2183 1752/2192
f 1407/2183 1160/2187 1406/2189
f 1752/2192 1406/2189 1132/2191
f 1320/2193 1752/2192 1316/2194
f 1049/1768 1228/1770 1753/2195
f 1228/1770 1088/1775 1408/2197
f 1753/2195 1408/2197 1161/2198
f 1295/2196 1753/2195 1411/2199
f 1088/1775 1227/1784 1754/2201
f 1227/1784 1052/1749 1319/2181
f 1754/2201 1319/2181 1134/2184
f 1408/2197 1754/2201 1409/2202
f 1161/2198 1409/2202 1755/2203
f 1409/2202 1134/2184 1320/2193
f 1755/2203 1320/2193 1077/2142
f 1410/2204 1755/2203 1297/2141
f 1122/2200 1411/2199 1756/2205
f 1411/2199 1161/2198 1410/2204
f 1756/2205 1410/2204 1123/2138
f 1296/2206 1756/2205 1298/2137
f 1075/2207 1308/2209 1757/2208
f 1308/2209 1128/2213 1412/2210
f 1757/2208 1412/2210 1162/2211
f 1311/2172 1757/2208 1415/2212
f 1128/2213 1307/2215 1758/2214
f 1307/2215 1078/2119 1321/2121
f 1758/2214 1321/2121 1135/2126
f 1412/2210 1758/2214 1413/2216
f 1162/2211 1413/2216 1759/2217
f 1413/2216 1135/2126 1322/2140
f 1759/2217 1322/2140 1077/2142
f 1414/2218 1759/2217 1316/2194
f 1130/2173 1415/2212 1760/2219
f 1415/2212 1162/2211 1414/2218
f 1760/2219 1414/2218 1132/2191
f 1312/2177 1760/2219 1315/2190
f 1773/2220 1761/2228 1764/2221
f 1762/2223 1331/2225 1140/2226
f 1761/2228 1762/2273 1763/2229
f 1763/2231 1332/2335 1081/2232
f 1764/2234 1763/2231 1329/2233
f 1774/2237 1764/2234 1330/2236
f 1218/1816 1765/2241 1416/2239
f 1765/2241 1780/2285 1417/2242
f 1416/2243 1417/2282 1779/2244
f 1766/2245 1779/2244 1824/2246
f 1085/1822 1416/2243 1766/2245
f 1767/1819 1766/2245 1801/2046
f 1084/2247 1789/2301 1768/2248
f 1789/2251 1788/2296 1769/2252
f 1769/2252 1770/2294 1771/2254
f 1768/2248 1771/2256 1337/2255
f 1840/2258 1772/2261 1775/2259
f 1772/2261 1773/2220 1774/2222
f 1775/2263 1774/2237 1339/2262
f 1839/2266 1775/2263 1434/2265
f 1791/2268 1776/2269 1761/2228
f 1222/1862 1216/1858 1776/2269
f 1216/1858 1217/4164 1777/2270
f 1777/2271 1217/1860 1333/1988
f 1776/2269 1777/2270 1762/2273
f 1777/2271 1334/2274 1082/2224
f 1596/2275 1793/2315 1778/2276
f 1328/2277 1778/2276 1418/2278
f 1793/2280 1824/2246 1779/2244
f 1778/2281 1779/2244 1417/2282
f 1418/2284 1417/2242 1780/2285
f 1138/2279 1418/2278 1781/2287
f 1220/1875 1782/2291 1783/2290
f 1782/2291 1788/2296 1787/2292
f 1783/2290 1787/2292 1780/2285
f 1219/1878 1783/2290 1765/2241
f 1784/2293 1785/2295 1214/1880
f 1770/2294 1769/2252 1785/2295
f 1785/2295 1769/2252 1788/2296
f 1214/1880 1785/2295 1782/2291
f 1083/2289 1781/2287 1786/2297
f 1781/2286 1780/2285 1787/2292
f 1786/2300 1787/2292 1788/2296
f 1142/2299 1786/2297 1789/2301
f 1838/2303 1790/2304 1772/2261
f 1427/1894 1221/1893 1790/2304
f 1221/1893 1222/1862 1791/2268
f 1790/2304 1791/2268 1773/2220
f 1908/2305 1533/2404 1617/2306
f 1907/2308 1792/1982 1619/2309
f 1620/1984 1083/2289 1336/2298
f 1792/1982 1336/2298 1142/2299
f 1899/2311 1516/2373 1613/2312
f 1501/2314 1898/4166 1793/2315
f 1118/2169 1288/2165 1794/2316
f 1889/2318 1506/2376 1618/2319
f 1504/2321 1888/2349 1794/2316
f 1133/2127 1318/2122 1795/2322
f 1318/2122 1078/2119 1621/2324
f 1913/2325 1540/2361 1599/2326
f 1534/2328 1912/2385 1795/2322
f 1900/2329 1523/2383 1610/2330
f 1521/2332 1899/2585 1796/2333
f 1796/2313 1613/2312 1081/2232
f 1796/2333 1332/2230 1140/2226
f 1509/2336 1918/2409 1797/2337
f 1797/2337 1609/2410 1144/2264
f 1607/2338 1797/2337 1339/2262
f 1290/2088 1798/2340 1608/2339
f 1070/2159 1604/2345 1798/2340
f 1893/2341 1514/2421 1611/2342
f 1892/2344 1798/2340 1604/2345
f 1921/2347 1799/2111 1560/2042
f 1888/2349 1505/2392 1597/2317
f 1887/2350 1800/2353 1595/2351
f 1800/2353 1328/2277 1138/2279
f 1687/1909 1923/1914 1488/2024
f 1895/2354 1922/2044 1801/2046
f 1711/2164 1897/2025 1504/2321
f 1896/2355 1802/2179 1614/2112
f 1169/2357 1324/2360 1803/2358
f 1324/2360 1069/2413 1599/2326
f 1540/2361 1926/2398 1803/2358
f 1904/2362 1529/2597 1555/2363
f 1903/2365 1804/2368 1559/1987
f 1616/2367 1082/2224 1334/2274
f 1804/2368 1334/2274 1141/2272
f 1289/2093 1805/2343 1611/2342
f 1119/2089 1608/2339 1805/2343
f 1894/2369 1510/2412 1606/2370
f 1893/2341 1805/2343 1608/2339
f 1516/2373 1894/2369 1806/2371
f 1806/2371 1606/2370 1139/2235
f 1613/2312 1806/2371 1329/2233
f 1128/2213 1308/2209 1807/2307
f 1308/2209 1075/2207 1618/2319
f 1909/2374 1534/2328 1621/2324
f 1506/2376 1908/2305 1807/2307
f 1474/2377 1868/1925 1808/1927
f 1047/1861 1279/1859 1808/1927
f 1279/1859 1114/1856 1557/1960
f 1869/2378 1477/1964 1558/1963
f 1074/2100 1303/2099 1809/2379
f 1303/2099 1126/2096 1610/2330
f 1521/2332 1612/2334 1810/2381
f 1523/2383 1901/2420 1809/2379
f 1804/2368 1903/2365 1526/2384
f 1902/2382 1810/2381 1616/2367
f 1612/2334 1140/2226 1331/2225
f 1810/2381 1331/2225 1082/2224
f 1799/2111 1921/2347 1518/2356
f 1499/1976 1920/2041 1811/2043
f 1912/2385 1539/2416 1600/2323
f 1537/2386 1911/2609 1812/2387
f 1622/2389 1084/2247 1338/2249
f 1603/2388 1812/2387 1338/2249
f 1075/2207 1287/2171 1813/2320
f 1287/2171 1118/2169 1597/2317
f 1502/2352 1595/2351 1814/2390
f 1505/2392 1889/2318 1813/2320
f 1891/2393 1509/2336 1607/2338
f 1890/2391 1814/2390 1620/1984
f 1595/2351 1138/2279 1327/2288
f 1814/2390 1327/2288 1083/2289
f 1883/2395 1815/2396 1573/2017
f 1578/1942 1117/1848 1431/1846
f 1815/2396 1431/1846 1168/2397
f 1696/1820 1884/2423 1863/2037
f 1926/2398 1546/2472 1598/2359
f 1543/2399 1925/2019 1816/2021
f 1816/2021 1602/2020 1079/2257
f 1601/2400 1816/2021 1340/2401
f 1078/2119 1307/2215 1817/2375
f 1307/2215 1128/2213 1617/2306
f 1531/2310 1619/2309 1818/2402
f 1533/2404 1909/2374 1817/2375
f 1812/2387 1911/2609 1536/2405
f 1910/2403 1818/2402 1622/2389
f 1619/2309 1142/2299 1335/2302
f 1818/2402 1335/2302 1084/2247
f 1323/2406 1819/2408 1604/2345
f 1323/2406 1136/2157 1605/2407
f 1918/2409 1544/2463 1609/2410
f 1547/2411 1917/2471 1819/2408
f 1513/2372 1608/2339 1798/2340
f 1510/2412 1891/2393 1820/2394
f 1820/2394 1607/2338 1080/2238
f 1606/2370 1820/2394 1330/2236
f 1069/2413 1317/2129 1821/2327
f 1317/2129 1133/2127 1600/2323
f 1914/2414 1537/2386 1603/2388
f 1539/2416 1913/2325 1821/2327
f 1915/2417 1543/2399 1601/2400
f 1542/2419 1914/2414 1822/2415
f 1822/2415 1603/2388 1143/2250
f 1602/2020 1822/2415 1337/2255
f 1126/2096 1304/2095 1823/2331
f 1071/2094 1611/2342 1823/2331
f 1901/2420 1524/2429 1615/2380
f 1900/2329 1823/2331 1611/2342
f 1519/2027 1594/2026 1802/2179
f 1898/2422 1895/2354 1824/2246
f 1884/2423 1696/1820 1720/2045
f 1498/2425 1886/2552 1825/1682
f 1800/2353 1887/2350 1501/2314
f 1127/2426 1306/2427 1826/2364
f 1306/2427 1074/2100 1615/2380
f 1927/2428 1905/2598 1476/1993
f 1524/2429 1904/2362 1826/2364
f 1293/2079 1827/2431 1292/2430
f 1121/2084 1419/2432 1827/2431
f 1419/2432 1163/2437 1422/2433
f 1827/2431 1422/2433 1120/2434
f 1294/2098 1828/2435 1419/2432
f 1074/2100 1306/2427 1828/2435
f 1306/2427 1127/2426 1420/2436
f 1828/2435 1420/2436 1163/2437
f 1420/2436 1829/2439 1421/2438
f 1127/2426 1305/2636 1829/2439
f 1829/2439 1305/2636 1050/1990
f 1421/2438 1829/2439 1229/2060
f 1422/2433 1830/2441 1291/2440
f 1163/2437 1421/2438 1830/2441
f 1421/2438 1089/2058 1230/2054
f 1830/2441 1230/2054 1048/2075
f 1170/2145 1325/2144 1831/2442
f 1325/2144 1137/2150 1423/2444
f 1831/2442 1423/2444 1164/2445
f 1831/2442 1426/2446 1175/2447
f 1137/2150 1326/2160 1832/2448
f 1326/2160 1073/2077 1292/2430
f 1832/2448 1292/2430 1120/2434
f 1423/2444 1832/2448 1424/2449
f 1164/2445 1424/2449 1833/2450
f 1424/2449 1120/2434 1291/2440
f 1291/2440 1048/2075 1231/2452
f 1425/2451 1833/2450 1231/2452
f 1175/2447 1426/2446 1834/2453
f 1426/2446 1164/2445 1425/2451
f 1834/2453 1425/2451 1090/2070
f 1439/2454 1834/2453 1428/2069
f 1122/2200 1438/2457 1835/2456
f 1438/2457 1175/2447 1439/2454
f 1835/2456 1439/2454 1165/2455
f 1295/2196 1835/2456 1232/2458
f 1072/2136 1433/2460 1836/2459
f 1433/2460 1170/2145 1440/2443
f 1836/2459 1440/2443 1175/2447
f 1296/2206 1836/2459 1438/2457
f 1916/2461 1547/2411 1605/2407
f 1544/2463 1915/2417 1837/2418
f 1837/2418 1601/2400 1171/2267
f 1609/2410 1837/2418 1434/2265
f 1215/1882 1427/1894 1838/2303
f 1784/2293 1838/2303 1840/2258
f 1771/2256 1839/2266 1340/2401
f 1770/2294 1840/2258 1839/2260
f 1299/2130 1841/2465 1437/2464
f 1069/2413 1324/2360 1841/2465
f 1324/2360 1169/2357 1441/2151
f 1841/2465 1441/2151 1174/2146
f 1300/2135 1842/2466 1433/2460
f 1124/2131 1437/2464 1842/2466
f 1437/2464 1174/2146 1442/2143
f 1842/2466 1442/2143 1170/2145
f 1095/1776 1241/1771 1843/2467
f 1241/1771 1049/1768 1232/2458
f 1843/2467 1232/2458 1165/2455
f 1436/2468 1843/2467 1443/2068
f 1056/1701 1242/1778 1844/2469
f 1242/1778 1095/1776 1436/2468
f 1844/2469 1436/2468 1173/2063
f 1430/2470 1844/2469 1444/2062
f 1136/2157 1432/2152 1845/2462
f 1169/2357 1598/2359 1845/2462
f 1917/2471 1512/2346 1604/2345
f 1546/2472 1916/2461 1845/2462
f 1109/1723 1575/2034 1846/2032
f 1491/1943 1578/1942 1815/2396
f 1882/2473 1846/2032 1575/2034
f 1429/1726 1846/2032 1568/1915
f 1847/1891 1427/1894 1215/1882
f 1849/1842 1847/1891 1678/1881
f 1662/1836 1063/1835 1286/2018
f 1663/1884 1662/1837 1848/2474
f 1435/2475 1850/2476 1245/1706
f 1172/1715 1445/1724 1850/2476
f 1445/1724 1166/1727 1270/1910
f 1850/2476 1270/1910 1053/1707
f 1430/2470 1851/2477 1246/1702
f 1167/1710 1446/1709 1851/2477
f 1446/1709 1172/1715 1435/2475
f 1851/2477 1435/2475 1097/1703
f 1852/2478 1448/2015 1194/2479
f 1447/1895 1852/2478 1449/2480
f 1449/2482 1853/1905 1450/1907
f 1194/2484 1451/1953 1853/1905
f 1451/1953 1194/2484 1453/2485
f 1854/1952 1453/2485 1178/2486
f 1178/2487 1453/2488 1855/1949
f 1453/2488 1194/2479 1448/2015
f 1456/1980 1195/2498 1457/2489
f 1856/1978 1457/2489 1181/2490
f 1457/2491 1857/1932 1458/1934
f 1195/2493 1459/1981 1857/1932
f 1459/1981 1195/2493 1461/2494
f 1858/1929 1461/2494 1180/2495
f 1461/2496 1859/2031 1462/2004
f 1195/2498 1456/1980 1859/2031
f 1454/1954 1860/2499 1463/2501
f 1178/2486 1463/2502 1861/1918
f 1463/2502 1196/2503 1464/2038
f 1862/2040 1464/2038 1196/2503
f 1465/1977 1862/2040 1466/2504
f 1466/2507 1196/4167 1860/2036
f 1864/2039 1468/1936 1197/2508
f 1864/2039 1469/2509 1183/2510
f 1469/2511 1865/1974 1470/1975
f 1469/2511 1197/4168 1471/1940
f 1471/1940 1197/4168 1472/2513
f 1866/1938 1472/2513 1181/2492
f 1472/2514 1867/1919 1455/1921
f 1197/2508 1468/1936 1867/1937
f 1474/2377 1198/2522 1475/2516
f 1868/1925 1475/2516 1176/2517
f 1176/2518 1475/2519 1869/2378
f 1475/2519 1198/4169 1477/1964
f 1477/1964 1198/4169 1478/2520
f 1870/1962 1478/2520 1183/2512
f 1478/2521 1871/1959 1467/1969
f 1198/2522 1474/2377 1871/1959
f 1872/1970 1480/2028 1199/2523
f 1872/1970 1481/2524 1185/2525
f 1481/2526 1873/2006 1482/2008
f 1199/2528 1483/1999 1873/2006
f 1483/1999 1199/2528 1484/2529
f 1874/1997 1484/2529 1184/2483
f 1184/2481 1484/2530 1875/1996
f 1484/2530 1199/2523 1480/2028
f 1486/2010 1200/2538 1487/2531
f 1876/2035 1487/2531 1179/2532
f 1487/2533 1877/2023 1488/2024
f 1200/2535 1489/2014 1877/2023
f 1489/2014 1200/2535 1490/2536
f 1878/2012 1490/2536 1185/2527
f 1490/2537 1879/2011 1479/2001
f 1200/2538 1486/2010 1879/2011
f 1491/1943 1201/2546 1492/2539
f 1880/1941 1492/2539 1180/2497
f 1492/2540 1881/1948 1460/2033
f 1201/2541 1493/1946 1881/1948
f 1493/1946 1201/2541 1495/2542
f 1882/2473 1495/2542 1212/2543
f 1495/2544 1883/2395 1496/1911
f 1201/2546 1491/1943 1883/2395
f 1863/2037 1884/2423 1497/2548
f 1182/2505 1497/2550 1885/1967
f 1202/2549 1498/2425 1885/1967
f 1498/2425 1202/2549 1500/2551
f 1886/2552 1500/2551 1177/2553
f 1500/2555 1202/2547 1884/2423
f 1502/2352 1203/2565 1503/2556
f 1887/2350 1503/2556 1186/2557
f 1186/2558 1503/2559 1888/2349
f 1503/2559 1203/2560 1505/2392
f 1889/2318 1505/2392 1203/2560
f 1506/2376 1889/2318 1507/2561
f 1507/2563 1890/2391 1508/1983
f 1203/2565 1502/2352 1890/2391
f 1891/2393 1510/2412 1204/2566
f 1509/2336 1891/2393 1511/2567
f 1188/2569 1511/2570 1892/2344
f 1511/2570 1204/2571 1513/2372
f 1893/2341 1513/2372 1204/2571
f 1514/2421 1893/2341 1515/2572
f 1189/2574 1515/2575 1894/2369
f 1515/2575 1204/2566 1510/2412
f 1898/2422 1205/2584 1517/2576
f 1517/2578 1896/2355 1518/2356
f 1205/2580 1519/2027 1896/2355
f 1519/2027 1205/2580 1520/2581
f 1504/2321 1897/2025 1520/2581
f 1520/2582 1898/4166 1501/2314
f 1899/2585 1521/2332 1206/2586
f 1516/2373 1899/2311 1522/2588
f 1189/2573 1522/2589 1900/2329
f 1522/2589 1206/4170 1523/2383
f 1523/2383 1206/4170 1525/2590
f 1524/2429 1901/2420 1525/2590
f 1525/2592 1902/2382 1526/2384
f 1206/2586 1521/2332 1902/2382
f 1903/2365 1527/2366 1207/2594
f 1526/2384 1903/2365 1528/2595
f 1191/2591 1528/2596 1904/2362
f 1528/2596 1207/4171 1529/2597
f 1927/2428 1555/2363 1529/2597
f 1527/2366 1559/1987 1701/1989
f 1529/2597 1207/4171 1530/2599
f 1905/2598 1530/2599 1176/2518
f 1530/2600 1906/1985 1473/1986
f 1207/2594 1527/2366 1906/1985
f 1531/2310 1208/2608 1532/2601
f 1907/2308 1532/2601 1192/2564
f 1192/2562 1532/2602 1908/2305
f 1532/2602 1208/2603 1533/2404
f 1909/2374 1533/2404 1208/2603
f 1534/2328 1909/2374 1535/2604
f 1535/2606 1910/2403 1536/2405
f 1208/2608 1531/2310 1910/2403
f 1911/2609 1537/2386 1209/2610
f 1536/2405 1911/2609 1538/2611
f 1193/2605 1538/2612 1912/2385
f 1538/2612 1209/2613 1539/2416
f 1913/2325 1539/2416 1209/2613
f 1540/2361 1913/2325 1541/2614
f 1187/2616 1541/2617 1914/2414
f 1541/2617 1209/2610 1537/2386
f 1915/2417 1544/2463 1210/2618
f 1543/2399 1915/2417 1545/2619
f 1213/2621 1545/2622 1916/2461
f 1545/2622 1210/2623 1547/2411
f 1917/2471 1547/2411 1210/2623
f 1512/2346 1917/2471 1548/2624
f 1188/2568 1548/2625 1918/2409
f 1548/2625 1210/2618 1544/2463
f 1922/2044 1211/2631 1549/2626
f 1177/2553 1549/2627 1920/2041
f 1549/2627 1211/2628 1550/2348
f 1921/2347 1550/2348 1211/2628
f 1921/2347 1551/2629 1190/2579
f 1551/2630 1922/2044 1895/2354
f 1494/1916 1212/2543 1552/2632
f 1923/1914 1552/2632 1179/2534
f 1552/2633 1924/1913 1485/1900
f 1212/2545 1496/1911 1924/1913
f 1925/2019 1543/2399 1213/2620
f 1542/2419 1925/2019 1553/2634
f 1187/2615 1553/2635 1926/2398
f 1553/2635 1213/2621 1546/2472
f 1305/2636 1927/2428 1554/1994
f 1305/2636 1127/2426 1555/2363
f 1852/2478 1447/1895 1589/1897
f 1959/2637 1960/2649 1963/2640
f 1997/2641 1974/2700 1959/2642
f 1974/2644 1975/2648 1960/2645
f 1930/2647 1939/4172 1960/2645
f 1960/2649 1938/2651 1937/2652
f 1963/2640 1937/2652 1931/2653
f 1962/2638 1963/2640 1947/2654
f 1961/2639 1962/2638 1946/2655
f 2013/2657 2071/2749 2047/2658
f 1944/2660 1982/2714 1967/2661
f 1964/2663 1965/2708 1967/2661
f 2168/2665 2163/2669 1984/2666
f 2164/2668 1985/4173 1984/2666
f 2144/2670 1965/2708 1964/2663
f 1977/2672 1979/2701 1978/2673
f 2156/2675 2128/2980 2124/2676
f 1985/2678 1964/2663 1966/2664
f 1969/2680 1971/2695 1970/2681
f 1953/2686 1969/2680 1968/2682
f 1971/2688 1990/2692 1991/2689
f 1972/2691 1973/2696 1975/2648
f 1990/2692 1971/2688 1972/2693
f 1971/2695 1969/2680 1973/2696
f 1969/2680 1929/2687 1958/2697
f 1973/2696 1957/2698 1956/2699
f 1996/2694 1972/2693 1974/2700
f 1979/2701 1977/2672 1949/2702
f 2219/2704 2270/2856 2091/2705
f 2144/2670 2120/2910 1941/2707
f 1979/2701 1948/2703 2127/2709
f 1976/2643 1978/2743 1999/2711
f 1980/2712 1981/2718 1983/2713
f 1928/2715 1936/2717 1980/2712
f 1936/2717 1935/2719 1981/2718
f 1934/2720 1932/2735 1992/2721
f 1981/2718 1992/2721 1994/2722
f 1983/2713 1994/2722 1987/2679
f 1982/2714 1983/2713 1966/2664
f 1942/2716 1980/2712 1982/2714
f 1984/2666 1985/4173 1987/2724
f 1988/2726 1998/2729 2177/2727
f 1998/2729 1999/2711 2178/2730
f 1989/2667 1984/2666 1986/2725
f 1989/2667 1991/2689 1990/2692
f 1978/2673 1979/2701 2158/2710
f 1992/2732 1993/2738 1995/2733
f 1952/2737 1951/2739 1993/2738
f 1933/2683 1968/2682 1993/2738
f 1993/2738 1968/2682 1970/2681
f 1995/2741 1970/2690 1991/2689
f 1994/2742 1995/2741 1986/2725
f 1997/2641 1999/2711 1998/2729
f 1940/2662 1967/2661 1965/2708
f 2178/2730 1999/2711 1978/2743
f 1996/2694 1998/2729 1988/2726
f 2047/2658 2049/2747 2050/2745
f 2049/2747 2051/2756 2052/2748
f 2071/2749 2072/2764 2049/2747
f 2024/2659 2047/2658 2048/2746
f 2023/2750 2048/2746 2011/2751
f 2048/2746 2050/2745 2010/2753
f 2050/2745 2052/2748 2009/2754
f 2052/2748 2027/2757 2003/2755
f 2051/2756 2026/2759 2027/2757
f 2094/2760 2062/2787 2043/2761
f 2073/2763 2029/2822 2025/2758
f 2072/2764 2073/2763 2051/2756
f 2054/2765 2057/2779 2058/2766
f 2055/2767 2058/2766 2016/2768
f 2214/2770 2264/3080 2085/2771
f 2232/2773 2214/2770 2035/2772
f 2233/2775 2232/2773 2053/2774
f 2234/2776 2233/2775 2054/2765
f 2035/2772 2036/2782 2056/2777
f 2080/2778 2058/2766 2057/2779
f 2081/2780 2057/2779 2056/2777
f 2082/2781 2056/2777 2036/2782
f 2034/2783 2036/2782 2088/2784
f 2074/2786 2075/2820 2072/2764
f 2062/2787 2063/2790 2060/2788
f 2063/2790 2064/2797 2061/2791
f 2005/2792 2042/2804 2059/2789
f 2059/2789 2060/2788 2038/2794
f 2060/2788 2061/2791 2037/2795
f 2061/2791 2021/2798 2001/2796
f 2064/2797 2022/2800 2021/2798
f 2020/2799 2016/2768 2058/2766
f 2022/2800 2064/2797 2092/2801
f 2064/2797 2063/2790 2093/2803
f 2063/2790 2062/2787 2094/2760
f 2042/2804 2043/2761 2062/2787
f 2065/2805 2067/2808 2068/2806
f 2067/2808 2069/2814 2070/2809
f 2101/2810 2102/2819 2067/2808
f 2022/2800 2065/2805 2066/2807
f 2021/2798 2066/2807 2046/2811
f 2066/2807 2068/2806 2045/2812
f 2068/2806 2070/2809 2044/2813
f 2070/2809 2023/2750 2002/2752
f 2069/2814 2024/2659 2023/2750
f 1944/2815 1940/2892 2016/2816
f 2103/2818 2013/2657 2024/2659
f 2102/2819 2103/2818 2069/2814
f 2075/2820 2076/2821 2073/2763
f 2076/2821 2028/4174 2029/2822
f 2012/2823 2074/2786 2071/2749
f 2196/2824 2234/2776 2055/2767
f 2207/2825 2028/4174 2076/2821
f 2255/2826 2076/2821 2075/2820
f 2254/2827 2075/2820 2074/2786
f 2083/2829 2086/2848 2087/2830
f 2077/2832 2080/2778 2081/2780
f 2078/2833 2081/2780 2082/2781
f 2000/2835 2018/2842 2077/2832
f 2008/2836 2077/2832 2078/2833
f 2007/2837 2078/2833 2079/2834
f 2006/2838 2079/2834 2033/2839
f 2079/2834 2082/2781 2034/2783
f 2018/2842 2019/2841 2080/2778
f 2084/2831 2087/2830 2088/2784
f 2085/2771 2088/2784 2036/2782
f 2193/2843 2283/2867 2104/2844
f 2262/2846 2219/2704 2040/2706
f 2263/2847 2262/2846 2083/2829
f 2085/2771 2264/3080 2263/2847
f 2040/2706 2041/2762 2086/2848
f 2098/2785 2088/2784 2087/2830
f 2099/2849 2087/2830 2086/2848
f 2100/2850 2086/2848 2041/2762
f 2015/2802 2101/2810 2065/2805
f 2092/2801 2093/2803 2090/2851
f 2093/2803 2094/2760 2091/2705
f 2091/2705 2094/2760 2041/2762
f 2253/2828 2074/2786 2012/2823
f 2268/2854 2193/2843 2014/2845
f 2269/2855 2268/2854 2089/2852
f 2270/2856 2269/2855 2090/2851
f 2015/2802 2092/2801 2089/2852
f 2104/2844 2105/2863 2102/2819
f 2095/2857 2098/2785 2099/2849
f 2096/2858 2099/2849 2100/2850
f 2004/2840 2033/2839 2095/2857
f 2032/2860 2095/2857 2096/2858
f 2031/2861 2096/2858 2097/2859
f 2030/2862 2097/2859 2042/2804
f 2097/2859 2100/2850 2043/2761
f 2033/2839 2034/2783 2098/2785
f 2105/2863 2106/2864 2103/2818
f 2106/2864 2012/2823 2013/2657
f 2014/2845 2104/2844 2101/2810
f 2053/2774 2056/2777 2057/2779
f 2191/2853 2012/2823 2106/2864
f 2285/2865 2106/2864 2105/2863
f 2283/2867 2284/2866 2105/2863
f 2207/2868 2127/3112 1948/2869
f 1934/2871 2006/2875 2004/2872
f 1934/2871 1935/2877 2007/2874
f 1936/2876 2008/2879 2007/2874
f 1928/2878 2000/4175 2008/2879
f 1931/2880 1937/2884 2009/2881
f 1938/2883 2010/2886 2009/2881
f 1939/2885 2011/2888 2010/2886
f 1930/2887 2002/2928 2011/2888
f 1945/2889 2025/2901 2029/2890
f 1949/2891 2029/2890 2028/2870
f 1940/2892 1941/2907 2017/2893
f 1928/2894 1942/2897 2018/2895
f 1942/2897 1943/2899 2019/2898
f 1943/2899 1944/2815 2020/2817
f 1961/2639 1977/2672 1976/2674
f 1946/2900 2026/2903 2025/2901
f 1947/2902 2027/2905 2026/2903
f 1947/2902 1931/4176 2003/2904
f 2196/2906 2017/2893 1941/2907
f 2144/2670 2146/2955 2119/2909
f 1950/2911 2030/2915 2005/2912
f 1951/2914 2031/2917 2030/2915
f 1952/2916 2032/2918 2031/2917
f 1932/2873 2004/2872 2032/2918
f 1929/2919 1953/2922 2037/2920
f 1953/2922 1954/2924 2038/2923
f 1954/2924 1955/2926 2039/2925
f 1933/2913 2005/2912 2039/2925
f 1956/2927 2044/2930 2002/2928
f 1957/2929 2045/2932 2044/2930
f 1958/2931 2046/2933 2045/2932
f 1929/2919 2001/2921 2046/2933
f 2138/2934 2141/2935 2142/2936
f 2176/2938 2155/2982 2138/2939
f 2153/2941 2138/4177 2139/2942
f 2139/2942 2118/4178 2109/2944
f 2139/2937 2142/2936 2116/2947
f 2142/2936 2126/2949 2110/2948
f 2141/2935 2125/2950 2126/2949
f 2140/2677 2124/2676 2125/2950
f 2226/2951 2250/3011 2192/2952
f 2123/2954 2119/2909 2146/2955
f 2143/2671 2145/2959 2146/2955
f 2157/2731 2158/2710 2156/2675
f 2164/2958 2166/2993 2145/2959
f 2149/2960 2150/2975 2148/2961
f 2147/2962 2148/2961 2132/2966
f 2170/2968 2169/2973 2150/2969
f 2151/2971 2153/2941 2154/2943
f 2169/2973 2175/2979 2151/2974
f 2150/2975 2151/2971 2152/2972
f 2148/2961 2152/2972 2137/2976
f 2152/2972 2154/2943 2135/2978
f 2175/2979 2176/2938 2153/2940
f 2158/2710 2127/2709 2128/2980
f 2236/2981 2235/3028 2232/2773
f 2178/2730 2157/2744 2155/2982
f 2159/2983 2161/2956 2162/2984
f 2107/2986 2121/2995 2159/2983
f 2115/2987 2159/2983 2160/2985
f 2113/2989 2160/2985 2171/2990
f 2160/2985 2162/2984 2173/2992
f 2162/2984 2145/2959 2166/2993
f 2161/2956 2146/2955 2145/2959
f 2121/2995 2122/2994 2161/2956
f 2163/2669 2165/2997 2166/2996
f 2168/2665 2170/2968 2165/2997
f 2169/2973 2170/2968 2168/2665
f 2171/2998 2173/4179 2174/2999
f 2131/3002 2171/2998 2172/3000
f 2172/3000 2147/2962 2112/2963
f 2172/3000 2174/2999 2149/2960
f 2174/3005 2165/2997 2170/2968
f 2173/3006 2166/2996 2165/2997
f 2177/2727 2178/2730 2176/2938
f 2167/2728 2177/2727 2175/2979
f 2226/2951 2227/3012 2229/3007
f 2228/3008 2229/3007 2231/3009
f 2228/3008 2251/3025 2250/3011
f 2203/2953 2202/3013 2227/3012
f 2202/3013 2181/3062 2190/3014
f 2227/3012 2190/3014 2189/3015
f 2229/3007 2189/3015 2188/3016
f 2231/3009 2188/3016 2182/3017
f 2230/3010 2231/3009 2206/3018
f 2273/3021 2220/3082 2222/3022
f 2204/3020 2208/3068 2252/3024
f 2230/3010 2252/3024 2251/3025
f 2237/3026 2236/2981 2233/2775
f 2195/3027 2237/3026 2234/2776
f 2214/2770 2232/2773 2235/3028
f 2259/3030 2260/3031 2236/2981
f 2260/3031 2261/3032 2235/3028
f 2261/3032 2213/3033 2215/3029
f 2213/3033 2277/3083 2267/3034
f 2251/3025 2254/2827 2253/2828
f 2239/3035 2242/3038 2241/3023
f 2240/3037 2243/3046 2242/3038
f 2184/3039 2218/3042 2238/3036
f 2217/3041 2239/3035 2238/3036
f 2216/3043 2240/3037 2239/3035
f 2180/3044 2200/3045 2240/3037
f 2200/3045 2201/3049 2243/3046
f 2199/3047 2259/3030 2237/3026
f 2271/3048 2243/3046 2201/3049
f 2272/3051 2242/3038 2243/3046
f 2273/3021 2241/3023 2242/3038
f 2221/3040 2238/3036 2241/3023
f 2244/3052 2245/3058 2247/3053
f 2246/3054 2247/3053 2249/3055
f 2246/3054 2281/3067 2280/3057
f 2201/3049 2200/3045 2245/3058
f 2200/3045 2180/3044 2225/3059
f 2245/3058 2225/3059 2224/3060
f 2247/3053 2224/3060 2223/3061
f 2249/3055 2223/3061 2181/3062
f 2248/3056 2249/3055 2202/3013
f 2123/3063 2199/3118 2195/3064
f 2282/3066 2248/3056 2203/2953
f 2248/3056 2282/3066 2281/3067
f 2252/3024 2255/2826 2254/2827
f 2255/2826 2252/3024 2208/3068
f 2250/3011 2253/2828 2191/2853
f 2266/3069 2265/3081 2262/2846
f 2256/3070 2257/3071 2260/3031
f 2257/3071 2258/3076 2261/3032
f 2179/3072 2187/3074 2256/3070
f 2187/3074 2186/3075 2257/3071
f 2186/3075 2185/3077 2258/3076
f 2185/3077 2183/3088 2212/3078
f 2258/3076 2212/3078 2213/3033
f 2197/3073 2256/3070 2259/3030
f 2267/3034 2266/3069 2263/2847
f 2215/3029 2267/3034 2264/3080
f 2219/2704 2262/2846 2265/3081
f 2277/3083 2278/3084 2266/3069
f 2278/3084 2279/3085 2265/3081
f 2279/3085 2222/3022 2220/3082
f 2244/3052 2280/3057 2194/3050
f 2269/2855 2272/3051 2271/3048
f 2270/2856 2273/3021 2272/3051
f 2220/3082 2273/3021 2270/2856
f 2268/2854 2271/3048 2194/3050
f 2281/3067 2284/2866 2283/2867
f 2274/3086 2275/3087 2278/3084
f 2275/3087 2276/3091 2279/3085
f 2183/3088 2211/3089 2274/3086
f 2211/3089 2210/3090 2275/3087
f 2210/3090 2209/3092 2276/3091
f 2209/3092 2184/3039 2221/3040
f 2276/3091 2221/3040 2222/3022
f 2212/3078 2274/3086 2277/3083
f 2282/3066 2285/2865 2284/2866
f 2285/2865 2282/3066 2192/2952
f 2280/3057 2283/2867 2193/2843
f 2196/2906 2120/2908 2119/3065
f 2183/3093 2185/4180 2113/3094
f 2113/3094 2185/4180 2186/3096
f 2186/3096 2187/3099 2115/3098
f 2187/3099 2179/4181 2107/3100
f 2110/3101 2182/4182 2188/3102
f 2188/3102 2189/3105 2117/3104
f 2189/3105 2190/3107 2118/3106
f 2190/3107 2181/3140 2109/3108
f 2208/3109 2204/3119 2124/3110
f 2207/2868 2208/3109 2128/3111
f 2107/3113 2179/4183 2197/3114
f 2121/3115 2197/3114 2198/3116
f 2122/3117 2198/3116 2199/3118
f 2155/2957 2156/2675 2140/2677
f 2204/3119 2205/3121 2125/3120
f 2205/3121 2206/4184 2126/3122
f 2126/3122 2206/4184 2182/3123
f 2164/2958 2143/2671 1964/2663
f 2184/3125 2209/3128 2129/3126
f 2209/3128 2210/3130 2130/3129
f 2210/3130 2211/3132 2131/3131
f 2211/3132 2183/3093 2111/3095
f 2108/3133 2180/4185 2216/3134
f 2132/3135 2216/3134 2217/3136
f 2133/3137 2217/3136 2218/3138
f 2218/3138 2184/3125 2112/3127
f 2181/3140 2223/3142 2135/3141
f 2223/3142 2224/3144 2136/3143
f 2224/3144 2225/3146 2137/3145
f 2225/3146 2180/4185 2108/3133
f 2168/2665 1989/2667 1988/2726
f 1945/2656 1949/2702 1977/2672
f 2292/3147 2418/3150 2674/3148
f 2418/3150 2322/3154 2489/3151
f 2489/3151 2351/3160 2492/3152
f 2674/3148 2492/3152 2311/3153
f 2322/3154 2417/3157 2675/3155
f 2293/3156 2405/3158 2675/3155
f 2405/3158 2316/3162 2490/3159
f 2675/3155 2490/3159 2351/3160
f 2490/3159 2676/3163 2491/3161
f 2316/3162 2406/3164 2676/3163
f 2406/3164 2288/3336 2398/3165
f 2676/3163 2398/3165 2312/3166
f 2492/3152 2677/3168 2396/3167
f 2351/3160 2491/3161 2677/3168
f 2491/3161 2312/3166 2397/3169
f 2677/3168 2397/3169 2286/3170
f 2440/3171 2678/3175 2443/3172
f 2330/3174 2493/3176 2678/3175
f 2493/3176 2352/3184 2496/3177
f 2678/3175 2496/3177 2332/3178
f 2439/3179 2679/3181 2493/3176
f 2294/3180 2407/3182 2679/3181
f 2407/3182 2317/3186 2494/3183
f 2679/3181 2494/3183 2352/3184
f 2494/3183 2680/3187 2495/3185
f 2317/3186 2408/3437 2680/3187
f 2680/3187 2408/3437 2289/3188
f 2680/3187 2400/3189 2313/3190
f 2496/3177 2681/3192 2444/3191
f 2352/3184 2495/3185 2681/3192
f 2495/3185 2313/3190 2399/3193
f 2681/3192 2399/3193 2298/3194
f 2438/3195 2682/3199 2441/3196
f 2329/3198 2497/3200 2682/3199
f 2497/3200 2353/3207 2500/3201
f 2441/3196 2682/3199 2500/3201
f 2329/3198 2437/3204 2683/3203
f 2437/3204 2291/3394 2413/3205
f 2413/3205 2320/3209 2498/3206
f 2683/3203 2498/3206 2353/3207
f 2498/3206 2684/3210 2499/3208
f 2320/3209 2414/3316 2684/3210
f 2684/3210 2414/3316 2294/3180
f 2684/3210 2439/3179 2330/3174
f 2500/3201 2685/3212 2442/3211
f 2353/3207 2499/3208 2685/3212
f 2499/3208 2330/3174 2440/3171
f 2685/3212 2440/3171 2300/3173
f 2402/3213 2686/3217 2409/3214
f 2314/3216 2501/3222 2686/3217
f 2686/3217 2501/3222 2354/3218
f 2409/3214 2686/3217 2504/3219
f 2314/3216 2401/3224 2687/3221
f 2290/3223 2411/3454 2687/3221
f 2687/3221 2411/3454 2319/3225
f 2501/3222 2687/3221 2502/3226
f 2502/3226 2688/3228 2503/3227
f 2319/3225 2412/3229 2688/3228
f 2412/3229 2293/3156 2417/3157
f 2688/3228 2417/3157 2322/3154
f 2318/3220 2504/3219 2689/3230
f 2354/3218 2503/3227 2689/3230
f 2503/3227 2322/3154 2418/3150
f 2689/3230 2418/3150 2292/3147
f 2419/3232 2690/3236 2434/3233
f 2323/3235 2505/3237 2690/3236
f 2505/3237 2355/3245 2508/3238
f 2690/3236 2508/3238 2327/3239
f 2420/3240 2691/3242 2505/3237
f 2295/3241 2421/3243 2691/3242
f 2421/3243 2324/3307 2506/3244
f 2691/3242 2506/3244 2355/3245
f 2506/3246 2692/3250 2507/3247
f 2324/3249 2422/3251 2692/3250
f 2422/3251 2645/3449 2426/3252
f 2508/3253 2693/3256 2433/3254
f 2355/3248 2507/3247 2693/3256
f 2507/3247 2426/3252 2425/3257
f 2695/3258 2696/3262 2697/3259
f 2730/3261 2716/4186 2696/3262
f 2696/3262 2716/4186 2648/3263
f 2696/3262 2428/3264 2427/3265
f 2698/3266 2699/3269 2771/3267
f 2694/3260 2697/3259 2699/3269
f 2697/3259 2427/3265 2432/3270
f 2771/3267 2699/3269 2432/3270
f 2429/3272 2700/3276 2424/3273
f 2326/3275 2509/3277 2700/3276
f 2509/3277 2356/3283 2512/3278
f 2700/3276 2512/3278 2325/3279
f 2430/3280 2701/3281 2509/3277
f 2297/3234 2434/3233 2701/3281
f 2434/3233 2327/3239 2510/3282
f 2701/3281 2510/3282 2356/3283
f 2510/3284 2702/3287 2511/3285
f 2327/3255 2433/3254 2702/3287
f 2702/3287 2433/3254 2425/3257
f 2512/3289 2703/3292 2423/3290
f 2356/3286 2511/3285 2703/3292
f 2703/3292 2511/3285 2431/3288
f 2579/3294 2642/3298 2795/3295
f 2836/3297 2704/3300 2642/3298
f 2654/3299 2297/3234 2430/3280
f 2704/3300 2430/3280 2326/3275
f 2716/3301 2828/3733 2567/3302
f 2553/3304 2827/3430 2705/3305
f 2705/3305 2636/3431 2324/3307
f 2634/3306 2705/3305 2421/3243
f 2311/3153 2396/3167 2706/3308
f 2286/3170 2631/3314 2706/3308
f 2721/3310 2822/3403 2558/3311
f 2821/3313 2706/3308 2631/3314
f 2414/3316 2707/3319 2655/3317
f 2414/3316 2320/3209 2652/3318
f 2592/3320 2644/3414 2727/3321
f 2589/3323 2842/3765 2707/3319
f 2554/3324 2633/3328 2722/3325
f 2554/3324 2820/3713 2708/3327
f 2708/3327 2634/3306 2295/3241
f 2708/3327 2420/3240 2323/3235
f 2848/3329 2594/3601 2671/3330
f 2561/3332 2847/3351 2709/3333
f 2398/3165 2710/3337 2632/3335
f 2288/3336 2643/3340 2710/3337
f 2876/3338 2826/3728 2556/3315
f 2825/3339 2710/3337 2643/3340
f 2287/3215 2637/3348 2711/3342
f 2866/3344 2597/3607 2670/3345
f 2865/3347 2711/3342 2637/3348
f 2711/3342 2638/3645 2338/3350
f 2847/3351 2844/3374 2712/3352
f 2704/3300 2836/3297 2560/3353
f 2835/3354 2713/3416 2648/3303
f 2313/3190 2400/3189 2714/3356
f 2400/3189 2289/3188 2646/3358
f 2729/3359 2830/3435 2571/3360
f 2569/3362 2829/3729 2714/3356
f 2657/3363 2715/3370 2447/3364
f 2801/3366 2854/3789 2605/3367
f 2599/3369 2853/3622 2715/3370
f 2715/3370 2658/3623 2334/3371
f 2831/3372 2828/3733 2716/3301
f 2844/3374 2831/3372 2730/3373
f 2573/3375 2843/3676 2717/3376
f 2724/3378 2717/3678 2432/3270
f 2317/3186 2407/3182 2718/3379
f 2407/3182 2294/3180 2655/3317
f 2834/3381 2569/3362 2646/3358
f 2576/3383 2833/3434 2718/3379
f 2340/3384 2650/3391 2719/3385
f 2873/3387 2629/3664 2664/3388
f 2870/3390 2719/3385 2650/3391
f 2459/3386 2719/3385 2651/3393
f 2620/3395 2864/3675 2720/3396
f 2296/3274 2473/3399 2720/3396
f 2473/3399 2345/3589 2641/3397
f 2867/3400 2620/3395 2641/3397
f 2395/3149 2721/3310 2653/3312
f 2311/3153 2635/3309 2721/3310
f 2565/3402 2632/3335 2710/3337
f 2822/3403 2721/3310 2635/3309
f 2824/3405 2561/3332 2645/3334
f 2823/3326 2722/3325 2654/3299
f 2633/3328 2323/3235 2419/3232
f 2722/3325 2419/3232 2297/3234
f 2435/3407 2723/3409 2643/3340
f 2328/3408 2644/3414 2723/3409
f 2849/3410 2598/3624 2659/3411
f 2846/3413 2723/3409 2644/3414
f 2832/3417 2724/3377 2713/3416
f 2724/3378 2427/3265 2428/3264
f 2793/3421 2478/3584 2477/3271
f 2785/3423 2872/3637 2607/3424
f 2320/3209 2413/3205 2726/3426
f 2291/3394 2651/3393 2726/3426
f 2707/3319 2842/3765 2576/3383
f 2841/3427 2726/3426 2651/3393
f 2436/3429 2727/3321 2644/3414
f 2298/3194 2656/3361 2727/3321
f 2723/3409 2846/3413 2564/3341
f 2845/3322 2727/3321 2656/3361
f 2827/3430 2562/3432 2636/3431
f 2562/3432 2824/3405 2728/3406
f 2636/3431 2728/3406 2422/3433
f 2399/3193 2729/3359 2656/3361
f 2313/3190 2649/3357 2729/3359
f 2833/3434 2577/3441 2647/3380
f 2830/3435 2729/3359 2649/3357
f 2289/3188 2408/3437 2731/3382
f 2408/3437 2317/3186 2647/3380
f 2581/3438 2639/3670 2800/3439
f 2577/3441 2834/3381 2731/3382
f 2475/3293 2431/3288 2732/3442
f 2732/3442 2733/3446 2805/3444
f 2425/3257 2734/3445 2732/3442
f 2734/3445 2737/3447 2733/3446
f 2737/3447 2694/3260 2698/3266
f 2733/3446 2698/3266 2770/3268
f 2426/3252 2735/3448 2734/3445
f 2735/3448 2736/3451 2737/3447
f 2645/3449 2709/3450 2735/3448
f 2709/3450 2712/3452 2736/3451
f 2712/3452 2730/3261 2695/3258
f 2736/3451 2695/3258 2694/3260
f 2404/3453 2738/3456 2411/3454
f 2315/3455 2513/3460 2738/3456
f 2738/3456 2513/3460 2357/3457
f 2411/3454 2738/3456 2516/3458
f 2315/3455 2403/3461 2739/3459
f 2403/3461 2299/3197 2441/3196
f 2441/3196 2331/3202 2514/3462
f 2739/3459 2514/3462 2357/3457
f 2514/3462 2740/3464 2515/3463
f 2331/3202 2442/3211 2740/3464
f 2442/3211 2300/3173 2415/3465
f 2740/3464 2415/3465 2321/3466
f 2319/3225 2516/3458 2741/3467
f 2357/3457 2515/3463 2741/3467
f 2515/3463 2321/3466 2416/3468
f 2741/3467 2416/3468 2293/3156
f 2416/3468 2742/3469 2405/3158
f 2321/3466 2517/3470 2742/3469
f 2517/3470 2358/3474 2520/3471
f 2742/3469 2520/3471 2316/3162
f 2415/3465 2743/3472 2517/3470
f 2300/3173 2443/3172 2743/3472
f 2443/3172 2332/3178 2518/3473
f 2743/3472 2518/3473 2358/3474
f 2518/3473 2744/3476 2519/3475
f 2332/3178 2444/3191 2744/3476
f 2444/3191 2298/3194 2436/3429
f 2744/3476 2436/3429 2328/3408
f 2520/3471 2745/3477 2406/3164
f 2358/3474 2519/3475 2745/3477
f 2519/3475 2328/3408 2435/3407
f 2745/3477 2435/3407 2288/3336
f 2304/3478 2445/3481 2746/3479
f 2445/3481 2333/3487 2521/3482
f 2746/3479 2521/3482 2359/3483
f 2464/3480 2746/3479 2524/3484
f 2446/3486 2747/3488 2521/3482
f 2301/3365 2447/3364 2747/3488
f 2447/3364 2334/3371 2522/3489
f 2747/3488 2522/3489 2359/3483
f 2522/3489 2748/3491 2523/3490
f 2334/3371 2448/3492 2748/3491
f 2448/3492 2302/3609 2452/3493
f 2748/3491 2452/3493 2336/3494
f 2342/3485 2524/3484 2749/3495
f 2524/3484 2359/3483 2523/3490
f 2523/3490 2336/3494 2451/3497
f 2749/3495 2451/3497 2305/3498
f 2487/3499 2750/3503 2484/3500
f 2350/3502 2525/3504 2750/3503
f 2525/3504 2360/3512 2528/3505
f 2750/3503 2528/3505 2348/3506
f 2488/3507 2751/3509 2525/3504
f 2309/3508 2449/3510 2751/3509
f 2449/3510 2335/3514 2526/3511
f 2751/3509 2526/3511 2360/3512
f 2526/3511 2752/3515 2527/3513
f 2335/3514 2450/3655 2752/3515
f 2752/3515 2450/3655 2303/3516
f 2752/3515 2454/3517 2337/3518
f 2528/3505 2753/3520 2483/3519
f 2360/3512 2527/3513 2753/3520
f 2527/3513 2337/3518 2453/3521
f 2753/3520 2453/3521 2306/3522
f 2485/3523 2754/3525 2438/3195
f 2349/3524 2529/3529 2754/3525
f 2754/3525 2529/3529 2361/3526
f 2754/3525 2532/3527 2329/3198
f 2486/3528 2755/3530 2529/3529
f 2310/3501 2484/3500 2755/3530
f 2484/3500 2348/3506 2530/3531
f 2755/3530 2530/3531 2361/3526
f 2361/3526 2530/3531 2756/3532
f 2530/3531 2348/3506 2483/3519
f 2756/3532 2483/3519 2306/3522
f 2531/3533 2756/3532 2460/3534
f 2532/3527 2757/3535 2437/3204
f 2361/3526 2531/3533 2757/3535
f 2531/3533 2340/3384 2459/3386
f 2757/3535 2459/3386 2291/3394
f 2455/3343 2758/3537 2402/3213
f 2455/3343 2338/3350 2533/3536
f 2758/3537 2533/3536 2362/3538
f 2758/3537 2536/3539 2314/3216
f 2338/3350 2456/3541 2759/3540
f 2304/3478 2464/3480 2759/3540
f 2464/3480 2342/3485 2534/3542
f 2759/3540 2534/3542 2362/3538
f 2534/3542 2760/3544 2535/3543
f 2342/3485 2463/3496 2760/3544
f 2463/3496 2305/3498 2458/3545
f 2535/3543 2760/3544 2458/3545
f 2314/3216 2536/3539 2761/3547
f 2362/3538 2535/3543 2761/3547
f 2535/3543 2339/3546 2457/3548
f 2401/3224 2761/3547 2457/3548
f 2480/3549 2762/3553 2465/3550
f 2346/3552 2537/3554 2762/3553
f 2537/3554 2363/3570 2540/3555
f 2762/3553 2540/3555 2343/3556
f 2479/3557 2763/3561 2537/3558
f 2469/3560 2470/3565 2538/3562
f 2763/3561 2538/3562 2363/3563
f 2538/3562 2764/3566 2539/3564
f 2470/3565 2665/3691 2468/3567
f 2764/3566 2468/3567 2344/3568
f 2540/3555 2765/3571 2466/3569
f 2363/3570 2539/3572 2765/3571
f 2539/3572 2344/3619 2467/3573
f 2765/3571 2467/3573 2307/3574
f 2767/3575 2768/3579 2769/3576
f 2471/3578 2472/3652 2768/3579
f 2768/3579 2472/3652 2669/3580
f 2768/3579 2791/3581 2803/3582
f 2771/3267 2772/3585 2773/3583
f 2771/3267 2477/3271 2478/3584
f 2478/3584 2471/3578 2767/3575
f 2772/3585 2767/3575 2766/3577
f 2424/3273 2774/3586 2473/3399
f 2325/3279 2541/3587 2774/3586
f 2541/3587 2364/3598 2544/3588
f 2774/3586 2544/3588 2345/3589
f 2423/3290 2775/3591 2541/3590
f 2775/3591 2475/3293 2476/3592
f 2775/3591 2542/3593 2364/3594
f 2542/3593 2776/3596 2543/3595
f 2476/3592 2469/3560 2479/3557
f 2776/3596 2479/3557 2346/3559
f 2544/3588 2777/3599 2474/3597
f 2364/3598 2543/3600 2777/3599
f 2543/3600 2346/3552 2480/3549
f 2777/3599 2480/3549 2308/3551
f 2594/3601 2867/3400 2778/3401
f 2345/3589 2474/3597 2778/3401
f 2474/3597 2308/3551 2671/3330
f 2793/3602 2868/3666 2619/3603
f 2670/3345 2779/3412 2445/3481
f 2850/3605 2599/3369 2657/3363
f 2597/3607 2849/3410 2779/3412
f 2445/3481 2779/3412 2659/3411
f 2663/3368 2780/3389 2481/3608
f 2874/3610 2609/3643 2673/3611
f 2605/3367 2873/3387 2780/3389
f 2780/3389 2664/3388 2347/3613
f 2852/3614 2781/3618 2661/3615
f 2660/3617 2307/3574 2467/3573
f 2781/3618 2467/3573 2344/3619
f 2602/3616 2661/3615 2802/3620
f 2333/3487 2659/3411 2782/3606
f 2853/3622 2604/3680 2658/3623
f 2598/3624 2850/3605 2782/3606
f 2782/3606 2657/3363 2301/3365
f 2851/3625 2783/3627 2660/3617
f 2343/3556 2466/3569 2783/3627
f 2783/3627 2466/3569 2307/3574
f 2781/3618 2852/3614 2601/3626
f 2303/3516 2666/3634 2784/3629
f 2798/3630 2862/3674 2617/3631
f 2861/3633 2784/3629 2666/3634
f 2454/3517 2784/3629 2667/3636
f 2872/3637 2785/3423 2786/3638
f 2875/3639 2786/3638 2803/3640
f 2557/3404 2635/3309 2706/3308
f 2673/3611 2787/3644 2449/3510
f 2790/3642 2858/3657 2611/3635
f 2609/3643 2857/3679 2787/3644
f 2787/3644 2668/3658 2335/3514
f 2638/3645 2788/3346 2456/3541
f 2626/3392 2650/3391 2796/3646
f 2622/3648 2866/3344 2788/3346
f 2788/3346 2670/3345 2304/3478
f 2863/3654 2614/3649 2789/3651
f 2335/3514 2668/3658 2790/3642
f 2616/3656 2667/3636 2784/3629
f 2858/3657 2790/3642 2668/3658
f 2450/3655 2790/3642 2666/3634
f 2613/3660 2859/3682 2791/3661
f 2860/3650 2613/3660 2669/3662
f 2664/3388 2792/3612 2482/3663
f 2629/3664 2874/3610 2792/3612
f 2792/3612 2673/3611 2309/3508
f 2799/3667 2471/3578 2478/3584
f 2871/3419 2624/3665 2793/3602
f 2409/3214 2794/3668 2637/3348
f 2318/3220 2639/3670 2794/3668
f 2841/3427 2589/3323 2652/3318
f 2838/3669 2794/3668 2639/3670
f 2839/3296 2795/3295 2640/3398
f 2642/3298 2326/3275 2429/3272
f 2795/3295 2429/3272 2296/3274
f 2672/3632 2796/3646 2460/3534
f 2870/3390 2588/3428 2651/3393
f 2617/3631 2869/3647 2796/3646
f 2460/3534 2796/3646 2650/3391
f 2595/3673 2848/3329 2797/3331
f 2308/3551 2465/3550 2797/3331
f 2465/3550 2343/3556 2662/3628
f 2595/3673 2662/3628 2783/3627
f 2337/3518 2667/3636 2798/3630
f 2865/3347 2622/3648 2638/3645
f 2862/3674 2798/3630 2667/3636
f 2453/3521 2798/3630 2672/3632
f 2472/3652 2471/3578 2799/3667
f 2864/3675 2584/3672 2640/3398
f 2410/3231 2800/3439 2639/3670
f 2292/3147 2653/3312 2800/3439
f 2794/3668 2838/3669 2582/3349
f 2837/3440 2800/3439 2653/3312
f 2840/3671 2725/3420 2717/3376
f 2717/3678 2725/3422 2477/3271
f 2658/3623 2801/3366 2448/3492
f 2857/3679 2610/3659 2668/3658
f 2604/3680 2854/3789 2801/3366
f 2801/3366 2663/3368 2302/3609
f 2855/3621 2802/3620 2665/3425
f 2661/3615 2344/3619 2468/3681
f 2856/3641 2803/3640 2791/3661
f 2805/3444 2806/3684 2807/3683
f 2475/3293 2804/3443 2807/3683
f 2770/3268 2773/3583 2806/3684
f 2773/3583 2766/3577 2809/3685
f 2806/3684 2809/3685 2808/3686
f 2807/3683 2808/3686 2469/3560
f 2809/3685 2810/3688 2811/3687
f 2808/3686 2811/3687 2470/3565
f 2766/3577 2769/3576 2810/3688
f 2769/3576 2803/3582 2786/3689
f 2810/3688 2786/3689 2785/3690
f 2811/3687 2785/3690 2665/3691
f 2290/3223 2457/3548 2812/3692
f 2339/3546 2545/3693 2812/3692
f 2545/3693 2365/3698 2548/3694
f 2404/3453 2812/3692 2548/3694
f 2458/3545 2813/3695 2545/3693
f 2305/3498 2462/3696 2813/3695
f 2462/3696 2341/3700 2546/3697
f 2813/3695 2546/3697 2365/3698
f 2546/3697 2814/3701 2547/3699
f 2341/3700 2461/3702 2814/3701
f 2461/3702 2310/3501 2486/3528
f 2814/3701 2486/3528 2349/3524
f 2315/3455 2548/3694 2815/3703
f 2365/3698 2547/3699 2815/3703
f 2547/3699 2349/3524 2485/3523
f 2403/3461 2815/3703 2485/3523
f 2451/3497 2816/3704 2462/3696
f 2336/3494 2549/3705 2816/3704
f 2549/3705 2366/3709 2552/3706
f 2816/3704 2552/3706 2341/3700
f 2452/3493 2817/3707 2549/3705
f 2302/3609 2481/3608 2817/3707
f 2481/3608 2347/3613 2550/3708
f 2817/3707 2550/3708 2366/3709
f 2550/3708 2818/3711 2551/3710
f 2347/3613 2482/3663 2818/3711
f 2482/3663 2309/3508 2488/3507
f 2818/3711 2488/3507 2350/3502
f 2552/3706 2819/3712 2461/3702
f 2366/3709 2551/3710 2819/3712
f 2551/3710 2350/3502 2487/3499
f 2819/3712 2487/3499 2310/3501
f 2820/3713 2554/3324 2381/3714
f 2553/3304 2820/3713 2555/3715
f 2367/3717 2555/3718 2821/3313
f 2555/3718 2381/4187 2557/3404
f 2557/3404 2381/4187 2559/3719
f 2822/3403 2559/3719 2372/3720
f 2559/3721 2823/3326 2560/3353
f 2381/3714 2554/3324 2823/3326
f 2824/3405 2562/3432 2382/3723
f 2561/3332 2824/3405 2563/3724
f 2369/3726 2563/3727 2825/3339
f 2563/3727 2382/3730 2565/3402
f 2632/3335 2565/3402 2826/3728
f 2829/3729 2570/3436 2649/3357
f 2826/3728 2565/3402 2382/3730
f 2556/3315 2826/3728 2566/3731
f 2367/3716 2566/3732 2827/3430
f 2566/3732 2382/3723 2562/3432
f 2567/3302 2828/3733 2568/3735
f 2370/3737 2568/3739 2829/3729
f 2383/3738 2570/3436 2829/3729
f 2570/3436 2383/3738 2572/3740
f 2830/3435 2572/3740 2374/3741
f 2572/3743 2383/3734 2828/3733
f 2574/3415 2384/3751 2575/3744
f 2832/3417 2575/3744 2373/3745
f 2373/3746 2575/3747 2833/3434
f 2575/3747 2384/3748 2577/3441
f 2834/3381 2577/3441 2384/3748
f 2569/3362 2834/3381 2578/3749
f 2578/3750 2835/3354 2567/3302
f 2384/3751 2574/3415 2835/3354
f 2579/3294 2385/3759 2580/3752
f 2836/3297 2580/3752 2372/3722
f 2580/3753 2837/3440 2558/3311
f 2385/3754 2581/3438 2837/3440
f 2581/3438 2385/3754 2583/3755
f 2838/3669 2583/3755 2368/3756
f 2583/3757 2839/3296 2584/3672
f 2385/3759 2579/3294 2839/3296
f 2840/3671 2586/3677 2386/3760
f 2585/3418 2840/3671 2587/3761
f 2587/3763 2841/3427 2588/3428
f 2587/3763 2386/3766 2589/3323
f 2842/3765 2589/3323 2386/3766
f 2576/3383 2842/3765 2590/3767
f 2373/3745 2590/3768 2843/3676
f 2590/3768 2386/3760 2586/3677
f 2831/3372 2844/3374 2591/3770
f 2591/3771 2845/3322 2571/3360
f 2591/3771 2387/3772 2592/3320
f 2846/3413 2592/3320 2387/3772
f 2564/3341 2846/3413 2593/3773
f 2369/3725 2593/3774 2847/3351
f 2387/3769 2844/3374 2847/3351
f 2848/3329 2595/3673 2388/3775
f 2594/3601 2848/3329 2596/3776
f 2378/3778 2596/3779 2849/3410
f 2596/3779 2388/3780 2598/3624
f 2850/3605 2598/3624 2388/3780
f 2599/3369 2850/3605 2600/3781
f 2600/3783 2851/3625 2601/3626
f 2388/3775 2595/3673 2851/3625
f 2602/3616 2389/3793 2603/3785
f 2852/3614 2603/3785 2375/3784
f 2603/3786 2853/3622 2599/3369
f 2389/3787 2604/3680 2853/3622
f 2604/3680 2389/3787 2606/3788
f 2854/3789 2606/3788 2376/3790
f 2606/3791 2855/3621 2607/3424
f 2389/3793 2602/3616 2855/3621
f 2859/3682 2390/3803 2608/3794
f 2380/3796 2608/3797 2857/3679
f 2608/3797 2390/3798 2610/3659
f 2858/3657 2610/3659 2390/3798
f 2858/3657 2612/3799 2377/3800
f 2612/3801 2859/3682 2613/3660
f 2860/3650 2614/3649 2391/3804
f 2613/3660 2860/3650 2615/3805
f 2615/3806 2861/3633 2611/3635
f 2391/3807 2616/3656 2861/3633
f 2616/3656 2391/3807 2618/3808
f 2862/3674 2618/3808 2379/3809
f 2379/3810 2618/3811 2863/3654
f 2618/3811 2391/3804 2614/3649
f 2864/3675 2620/3395 2392/3812
f 2584/3672 2864/3675 2621/3813
f 2621/3814 2865/3347 2582/3349
f 2621/3814 2392/3815 2622/3648
f 2866/3344 2622/3648 2392/3815
f 2597/3607 2866/3344 2623/3816
f 2378/3777 2623/3817 2867/3400
f 2623/3817 2392/3812 2620/3395
f 2624/3665 2393/3823 2625/3818
f 2868/3666 2625/3818 2379/3810
f 2379/3809 2625/3820 2869/3647
f 2393/3819 2626/3392 2869/3647
f 2626/3392 2393/3819 2627/3821
f 2870/3390 2627/3821 2371/3764
f 2627/3822 2871/3419 2585/3418
f 2393/3823 2624/3665 2871/3419
f 2872/3637 2875/3639 2394/3824
f 2872/3637 2628/3825 2376/3792
f 2628/3826 2873/3387 2605/3367
f 2394/3827 2629/3664 2873/3387
f 2629/3664 2394/3827 2630/3828
f 2609/3643 2874/3610 2630/3828
f 2630/3829 2875/3639 2856/3641
f 2397/3169 2876/3338 2631/3314
f 2312/3166 2632/3335 2876/3338
f 2820/3713 2553/3304 2634/3306
f 2978/3830 2909/3924 2936/3831
f 2886/3833 2925/3969 2993/3834
f 2972/3836 2912/3925 2933/3837
f 2965/3839 2966/3934 2915/3840
f 2913/3842 2884/3930 2924/3843
f 2928/3845 2916/3926 2881/3846
f 2963/3848 2964/3931 2906/3849
f 2960/3851 2889/3917 2957/3852
f 2974/3854 2895/3918 2954/3855
f 2967/3857 2968/3936 2901/3858
f 2969/3860 2970/3932 2903/3861
f 2976/3863 2897/3921 2945/3864
f 2961/3866 2962/3933 2891/3867
f 2937/3869 2907/3923 2880/3870
f 2940/3872 2904/3922 2883/3873
f 2898/3875 2886/3928 2926/3876
f 2946/3878 2892/3920 2878/3879
f 2949/3881 2900/3919 2882/3882
f 2894/3884 2885/3935 2925/3885
f 2888/3887 2879/3915 2918/3888
f 2928/3845 2900/3919 2902/3890
f 2929/3891 2902/3890 2901/3858
f 2894/3884 2896/3893 2932/3892
f 2896/3893 2895/3918 2933/3837
f 2888/3887 2890/3896 2935/3894
f 2890/3896 2889/3917 2936/3831
f 2937/3869 2916/3926 2917/3897
f 2938/3898 2917/3897 2915/3840
f 2913/3842 2914/3900 2941/3899
f 2914/3900 2912/3925 2942/3862
f 2910/3901 2911/3903 2944/3902
f 2911/3903 2909/3924 2945/3864
f 2946/3878 2907/3923 2908/3904
f 2947/3905 2908/3904 2906/3849
f 2949/3881 2904/3922 2905/3906
f 2950/3907 2905/3906 2903/3861
f 2898/3875 2899/3909 2953/3908
f 2899/3909 2897/3921 2954/3855
f 2955/3910 2892/3920 2893/3911
f 2956/3912 2893/3911 2891/3867
f 2910/3901 2887/3929 2927/3914
f 2934/3895 2927/3914 2879/3915
f 2956/3916 2957/3852 2889/3917
f 2955/3889 2956/3916 2890/3896
f 2953/3908 2954/3855 2895/3918
f 2952/3886 2953/3908 2896/3893
f 2902/3890 2950/3907 2951/3859
f 2900/3919 2949/3881 2950/3907
f 2893/3911 2947/3905 2948/3868
f 2892/3920 2946/3878 2947/3905
f 2944/3902 2945/3864 2897/3921
f 2943/3877 2944/3902 2899/3909
f 2905/3906 2941/3899 2942/3862
f 2904/3922 2940/3872 2941/3899
f 2908/3904 2938/3898 2939/3850
f 2907/3923 2937/3869 2938/3898
f 2935/3894 2936/3831 2909/3924
f 2934/3895 2935/3894 2911/3903
f 2932/3892 2933/3837 2912/3925
f 2931/3844 2932/3892 2914/3900
f 2917/3897 2929/3891 2930/3841
f 2916/3926 2928/3845 2929/3891
f 2892/3920 2955/3910 2918/3927
f 2952/3886 2925/3885 2886/3928
f 2904/3922 2949/3881 2922/3883
f 2907/3923 2946/3878 2919/3880
f 2943/3877 2926/3876 2887/3929
f 2940/3872 2923/3874 2884/3930
f 2916/3926 2937/3869 2920/3871
f 2964/3931 2961/3866 2948/3868
f 2975/3865 2945/3864 2909/3924
f 2969/3860 2942/3862 2912/3925
f 2970/3932 2967/3857 2951/3859
f 2973/3856 2954/3855 2897/3921
f 2962/3933 2959/4188 2957/3913
f 2966/3934 2963/3848 2939/3850
f 2900/3919 2928/3845 2921/3847
f 2931/3844 2924/3843 2885/3935
f 2968/3936 2965/3839 2930/3841
f 2971/3838 2933/3837 2895/3918
f 2977/3832 2936/3831 2889/3917
f 2919/3937 2878/3940 2982/3938
f 2878/3940 2918/4189 2979/3941
f 2887/3942 2998/3946 2997/3943
f 2926/3945 2995/3974 2998/3946
f 2920/3947 2880/3950 2984/3948
f 2880/3950 2919/3937 2981/3939
f 2927/3944 2997/3943 2980/3951
f 2881/3953 2986/3956 2985/3954
f 2881/3953 2920/3947 2983/3949
f 2882/3957 2988/3960 2987/3958
f 2921/3955 2985/3954 2988/3960
f 2883/3961 2990/3964 2989/3962
f 2922/3959 2987/3958 2990/3964
f 2924/3965 2884/3968 2992/3966
f 2884/3968 2923/3963 2989/3962
f 2925/3969 2885/3971 2994/3970
f 2885/3971 2924/3965 2991/3967
f 2879/3952 2980/3951 2979/3972
f 2886/3833 2996/3835 2995/3974
f 1023/4017 3076/1624 3075/1621
f 997/4018 3080/882 3085/887
f 991/906 3078/1626 3084/1610
f 985/4019 3076/1624 3077/905
f 998/1065 999/1611 3086/4020
f 989/1607 3083/1619 3075/1621
f 559/4021 1035/1622 3086/4020
f 506/4022 3027/1475 3084/1610
f 500/4023 1027/4162 3083/1619
f 587/4024 493/4059 3014/1533
f 586/4025 587/4024 3074/1603
f 585/4026 586/4025 3073/1601
f 487/4027 585/4026 3072/1599
f 492/4028 3013/1526 3071/1593
f 584/4029 3071/1593 3070/1591
f 583/4030 3070/1591 3069/1592
f 490/4032 582/4031 3069/1592
f 566/4033 3061/1577 3068/1507
f 579/4035 3066/1491 3065/1585
f 578/4036 3065/1585 3064/1582
f 577/4037 3064/1582 3009/1584
f 568/4039 487/4190 3008/4040
f 568/4039 3063/1578 3062/1575
f 567/4041 3062/1575 3061/1577
f 530/4042 529/4102 3037/1422
f 565/4043 483/4191 3004/4044
f 564/4045 565/4043 3060/1572
f 563/4046 564/4045 3059/1570
f 491/4047 563/4046 3058/1568
f 559/4021 3057/1560 3056/1557
f 558/4048 3056/1557 3005/1559
f 491/4047 3012/1555 3055/1553
f 557/4050 3055/1553 3054/1551
f 556/4051 3054/1551 3053/1549
f 555/4052 3053/1549 3010/1540
f 554/4054 490/4032 3011/1589
f 553/4055 554/4054 3052/1547
f 489/4053 3010/1540 3050/1541
f 551/4057 552/4056 3050/1541
f 550/4058 551/4057 3049/1538
f 493/4059 550/4058 3048/1536
f 488/4060 3009/1531 3047/1529
f 549/4061 3047/1529 3046/1527
f 548/4062 3046/1527 3045/1524
f 547/4063 3045/1524 3013/1526
f 540/4064 3044/1522 3007/1447
f 539/4066 3043/1520 3044/1522
f 538/4067 3042/1518 3043/1520
f 478/4068 2999/1516 3042/1518
f 485/4069 537/4070 3041/1513
f 537/4070 536/4071 3040/1511
f 536/4071 535/4073 3039/1510
f 481/4072 3002/1463 3039/1510
f 581/4034 3068/1507 3067/1489
f 513/4075 530/4042 3038/1574
f 528/4076 527/4077 3035/1502
f 527/4077 526/4078 3034/1499
f 526/4078 479/4192 3000/4079
f 515/4080 3033/1495 2999/1498
f 515/4080 514/4082 3032/1492
f 514/4082 513/4075 3031/1505
f 580/4074 3067/1489 3066/1491
f 512/4083 3030/1486 3004/1488
f 511/4085 3029/1484 3030/1486
f 510/4086 3028/1482 3029/1484
f 482/4087 3003/1470 3028/1482
f 506/4022 505/4088 3026/1472
f 505/4088 484/4193 3005/4089
f 482/4087 504/4090 3025/1468
f 504/4090 503/4091 3024/1466
f 503/4091 502/4092 3023/1464
f 502/4092 480/4094 3001/1454
f 501/4093 3022/1461 3002/1463
f 500/4023 3021/1459 3022/1461
f 480/4094 499/4096 3020/1453
f 498/4095 3019/1451 3020/1453
f 497/4097 3018/1449 3019/1451
f 486/4065 3007/1447 3018/1449
f 479/4098 496/4099 3017/1443
f 496/4099 495/4100 3016/1441
f 495/4100 494/4101 3015/1438
f 494/4101 485/4069 3006/1515
f 529/4102 528/4076 3036/1504
f 1036/1623 1025/4153 3082/1049
f 986/883 987/1064 3082/1049
f 1024/1625 1029/4163 3078/1626
f 553/4055 3051/885 3085/887
f 1033/4103 3080/882 3079/884
