# Blender 5.1.0
# www.blender.org
mtllib dogtoy.mtl
o Cube.003
v 1.941680 -0.912179 2.052837
v 1.581540 -0.912179 2.052837
v 1.924046 -0.912179 1.732482
v 1.546271 -0.912179 1.732482
v 1.216691 -0.912179 2.052837
v 1.216691 -0.912179 1.728074
v 1.884369 -0.912179 1.422923
v 1.132137 -0.912179 1.533366
v -0.000000 -0.912179 2.132084
v -0.000000 -0.912179 2.815400
v -0.000000 -0.912179 2.292687
v -0.000000 -0.912179 2.577923
v 0.333343 -0.912179 2.079204
v 1.941680 -0.912179 2.926230
v 0.803052 -0.912179 2.926230
v 1.328003 -0.912179 1.313574
v 0.600721 -0.912179 2.322156
v 1.216691 -0.912179 2.322156
v 1.941680 -0.912179 2.322156
v 1.581540 -0.912179 2.322156
v 1.581540 -0.912179 2.926230
v 1.941680 -0.912179 2.617455
v 1.581540 -0.912179 2.617455
v 0.701887 -0.912179 2.617455
v 1.216691 -0.912179 2.926230
v 1.216691 -0.912179 2.617455
v 1.868792 -0.912179 1.225509
v 0.000000 0.000000 3.217067
v -0.000000 -0.000000 1.880571
v 2.423895 -0.000000 1.161022
v 2.536137 -0.000000 1.419965
v 2.648455 -0.000000 1.723796
v 2.750466 -0.000000 2.065817
v 2.284107 -0.000000 3.404756
v 2.508442 -0.000000 3.324118
v 2.692436 -0.000000 3.151168
v 2.788614 -0.000000 2.921715
v 0.885892 -0.000000 3.359731
v 1.244246 -0.000000 3.427617
v 1.580979 -0.000000 3.462626
v 1.949723 -0.000000 3.449591
v 1.046853 -0.000000 1.161407
v 0.875046 -0.000000 1.381362
v 0.606074 -0.000000 1.641527
v 0.326470 -0.000000 1.805015
v 2.810759 -0.000000 2.649984
v 2.796796 -0.000000 2.336704
v 1.764722 -0.000000 0.695815
v 2.016975 -0.000000 0.756008
v 2.243335 -0.000000 0.903945
v 2.346351 -0.000000 1.037642
v 1.508867 -0.000000 0.737905
v 1.272663 -0.000000 0.869406
v 1.147517 -0.000000 1.010077
v 1.457542 -0.912179 1.087195
v -0.000000 -0.778644 1.880571
v -0.000000 -0.912179 2.017635
v -0.000000 -0.845411 1.898935
v -0.000000 -0.894288 1.949103
v -0.000000 -0.912179 3.084759
v -0.000000 -0.778644 3.217067
v -0.000000 -0.894288 3.150913
v -0.000000 -0.845411 3.199341
v 2.750466 -0.778644 2.065817
v 2.609803 -0.912179 2.063560
v 2.731621 -0.845412 2.065515
v 2.680134 -0.894288 2.064689
v 2.319052 -0.912179 1.242626
v 2.423895 -0.778644 1.161022
v 2.372445 -0.894289 1.207604
v 2.411359 -0.845412 1.176430
v 2.648455 -0.778644 1.723796
v 2.507880 -0.912179 1.725482
v 2.629622 -0.845412 1.724022
v 2.578167 -0.894289 1.724639
v 2.536137 -0.778644 1.419965
v 2.394017 -0.912179 1.420610
v 2.517097 -0.845412 1.420052
v 2.465077 -0.894289 1.420288
v 2.648429 -0.912179 2.922462
v 2.788614 -0.778644 2.921715
v 2.718521 -0.894288 2.922089
v 2.769832 -0.845412 2.921815
v 2.252749 -0.912179 3.274129
v 2.284107 -0.778644 3.404756
v 2.268428 -0.894288 3.339442
v 2.279906 -0.845411 3.387255
v 2.588074 -0.912179 3.066000
v 2.692436 -0.778644 3.151168
v 2.640254 -0.894288 3.108584
v 2.678454 -0.845412 3.139758
v 2.437184 -0.912179 3.207833
v 2.508442 -0.778644 3.324118
v 2.472813 -0.894288 3.265976
v 2.498896 -0.845411 3.308539
v 0.298705 -0.912179 1.948505
v 0.326470 -0.778644 1.805015
v 0.312588 -0.894288 1.876760
v 0.322751 -0.845411 1.824239
v 1.046853 -0.778644 1.161407
v 1.171849 -0.912179 1.229059
v 1.063599 -0.845411 1.170471
v 1.109351 -0.894288 1.195233
v 0.606074 -0.778644 1.641528
v 0.779738 -0.912179 1.666142
v 0.629341 -0.845411 1.644825
v 0.692906 -0.894288 1.653835
v 0.875046 -0.778644 1.381362
v 0.997439 -0.912179 1.453726
v 0.891443 -0.845411 1.391057
v 0.936242 -0.894288 1.417544
v 0.885892 -0.778644 3.359731
v 0.837277 -0.912179 3.217352
v 0.879378 -0.845411 3.340656
v 0.861584 -0.894288 3.288541
v 1.953999 -0.912179 3.311578
v 1.949723 -0.778644 3.449591
v 1.951861 -0.894288 3.380584
v 1.950296 -0.845411 3.431100
v 1.234492 -0.912179 3.291210
v 1.244246 -0.778644 3.427617
v 1.239369 -0.894288 3.359414
v 1.242939 -0.845411 3.409342
v 1.581121 -0.912179 3.326975
v 1.580979 -0.778644 3.462626
v 1.581050 -0.894288 3.394801
v 1.580998 -0.845411 3.444452
v 2.656921 -0.912179 2.334324
v 2.796796 -0.778644 2.336704
v 2.726859 -0.894288 2.335514
v 2.778056 -0.845412 2.336385
v 2.810759 -0.778644 2.649984
v 2.671144 -0.912179 2.644758
v 2.792054 -0.845412 2.649284
v 2.740952 -0.894288 2.647371
v 1.795731 -0.912179 0.838064
v 1.764722 -0.778644 0.695815
v 1.780226 -0.894288 0.766940
v 1.768877 -0.845412 0.714873
v 2.250429 -0.912179 1.143101
v 2.346351 -0.778644 1.037642
v 2.307595 -0.894289 1.096735
v 2.341216 -0.845412 1.060290
v 1.957736 -0.912179 0.876815
v 2.016975 -0.778644 0.756008
v 1.987355 -0.894289 0.816411
v 2.009039 -0.845412 0.772193
v 2.151357 -0.912179 1.003356
v 2.243335 -0.778644 0.903945
v 2.197346 -0.894289 0.953650
v 2.231012 -0.845412 0.917264
v 1.293112 -0.912179 1.046294
v 1.147517 -0.778644 1.010077
v 1.220314 -0.894288 1.028185
v 1.167023 -0.845411 1.014929
v 1.379194 -0.912179 0.949571
v 1.272663 -0.778644 0.869406
v 1.325929 -0.894288 0.909489
v 1.286936 -0.845412 0.880146
v 1.508867 -0.778644 0.737905
v 1.486632 -0.912179 0.889223
v 1.505888 -0.845412 0.758178
v 1.497749 -0.894288 0.813564
v 0.401526 -0.912179 2.870815
v 0.350943 -0.912179 2.597689
v 0.300360 -0.912179 2.307421
v 0.423107 0.000000 3.258791
v 0.398800 -0.912179 3.121447
v 0.410953 -0.894288 3.190119
v 0.419851 -0.845411 3.240390
v 0.423107 -0.778644 3.258791
v -1.941681 -0.912178 2.052837
v -1.581540 -0.912178 2.052837
v -1.924046 -0.912179 1.732482
v -1.546272 -0.912179 1.732482
v -1.216691 -0.912178 2.052837
v -1.216691 -0.912179 1.728074
v -1.884369 -0.912179 1.422923
v -1.132138 -0.912179 1.533366
v -0.333343 -0.912179 2.079204
v -1.941681 -0.912178 2.926230
v -0.803053 -0.912179 2.926230
v -1.328004 -0.912179 1.313574
v -0.600721 -0.912179 2.322156
v -1.216691 -0.912178 2.322156
v -1.941681 -0.912178 2.322156
v -1.581540 -0.912178 2.322156
v -1.581540 -0.912178 2.926230
v -1.941681 -0.912178 2.617455
v -1.581540 -0.912178 2.617455
v -0.701887 -0.912179 2.617455
v -1.216691 -0.912178 2.926230
v -1.216691 -0.912178 2.617455
v -1.868792 -0.912179 1.225509
v -2.423895 0.000000 1.161022
v -2.536137 0.000000 1.419965
v -2.648455 0.000000 1.723796
v -2.750466 0.000000 2.065817
v -2.284107 0.000000 3.404756
v -2.508442 0.000000 3.324118
v -2.692436 0.000000 3.151168
v -2.788614 0.000000 2.921715
v -0.885892 0.000000 3.359731
v -1.244246 0.000000 3.427617
v -1.580979 0.000000 3.462626
v -1.949723 0.000000 3.449591
v -1.046853 0.000000 1.161407
v -0.875046 0.000000 1.381362
v -0.606074 0.000000 1.641527
v -0.326470 -0.000000 1.805015
v -2.810759 0.000000 2.649984
v -2.796796 0.000000 2.336704
v -1.764722 0.000000 0.695815
v -2.016975 0.000000 0.756008
v -2.243335 0.000000 0.903945
v -2.346351 0.000000 1.037642
v -1.508867 0.000000 0.737905
v -1.272663 0.000000 0.869406
v -1.147517 0.000000 1.010077
v -1.457542 -0.912179 1.087195
v -2.750466 -0.778644 2.065817
v -2.609803 -0.912178 2.063560
v -2.731621 -0.845411 2.065515
v -2.680134 -0.894288 2.064689
v -2.319052 -0.912178 1.242626
v -2.423895 -0.778644 1.161022
v -2.372445 -0.894288 1.207604
v -2.411359 -0.845411 1.176430
v -2.648455 -0.778644 1.723796
v -2.507880 -0.912178 1.725482
v -2.629622 -0.845411 1.724022
v -2.578167 -0.894288 1.724639
v -2.536137 -0.778644 1.419965
v -2.394017 -0.912178 1.420610
v -2.517097 -0.845411 1.420052
v -2.465077 -0.894288 1.420288
v -2.648429 -0.912178 2.922462
v -2.788614 -0.778644 2.921715
v -2.718521 -0.894288 2.922089
v -2.769832 -0.845411 2.921815
v -2.252749 -0.912178 3.274129
v -2.284107 -0.778644 3.404756
v -2.268428 -0.894288 3.339442
v -2.279906 -0.845411 3.387255
v -2.588074 -0.912178 3.066000
v -2.692436 -0.778644 3.151168
v -2.640254 -0.894288 3.108584
v -2.678454 -0.845411 3.139758
v -2.437184 -0.912178 3.207833
v -2.508442 -0.778644 3.324118
v -2.472813 -0.894288 3.265976
v -2.498896 -0.845411 3.308539
v -0.298705 -0.912179 1.948505
v -0.326470 -0.778644 1.805015
v -0.312588 -0.894288 1.876760
v -0.322751 -0.845411 1.824239
v -1.046853 -0.778644 1.161407
v -1.171849 -0.912179 1.229059
v -1.063600 -0.845411 1.170471
v -1.109351 -0.894288 1.195233
v -0.606074 -0.778644 1.641528
v -0.779738 -0.912179 1.666142
v -0.629341 -0.845411 1.644825
v -0.692906 -0.894288 1.653835
v -0.875046 -0.778644 1.381362
v -0.997439 -0.912179 1.453726
v -0.891443 -0.845411 1.391057
v -0.936242 -0.894288 1.417544
v -0.885892 -0.778644 3.359731
v -0.837277 -0.912178 3.217352
v -0.879379 -0.845411 3.340656
v -0.861584 -0.894288 3.288541
v -1.953999 -0.912178 3.311578
v -1.949723 -0.778644 3.449591
v -1.951861 -0.894288 3.380584
v -1.950296 -0.845411 3.431100
v -1.234492 -0.912178 3.291210
v -1.244246 -0.778644 3.427617
v -1.239369 -0.894288 3.359414
v -1.242939 -0.845411 3.409342
v -1.581121 -0.912178 3.326975
v -1.580979 -0.778644 3.462626
v -1.581051 -0.894288 3.394801
v -1.580999 -0.845411 3.444452
v -2.656921 -0.912178 2.334324
v -2.796796 -0.778644 2.336704
v -2.726859 -0.894288 2.335514
v -2.778056 -0.845411 2.336385
v -2.810759 -0.778644 2.649984
v -2.671144 -0.912178 2.644758
v -2.792054 -0.845411 2.649284
v -2.740952 -0.894288 2.647371
v -1.795731 -0.912179 0.838064
v -1.764722 -0.778644 0.695815
v -1.780227 -0.894288 0.766940
v -1.768877 -0.845411 0.714873
v -2.250429 -0.912178 1.143101
v -2.346351 -0.778644 1.037642
v -2.307595 -0.894288 1.096735
v -2.341216 -0.845411 1.060290
v -1.957736 -0.912179 0.876815
v -2.016975 -0.778644 0.756008
v -1.987356 -0.894288 0.816411
v -2.009039 -0.845411 0.772193
v -2.151357 -0.912178 1.003356
v -2.243335 -0.778644 0.903945
v -2.197346 -0.894288 0.953650
v -2.231012 -0.845411 0.917264
v -1.293112 -0.912179 1.046294
v -1.147517 -0.778644 1.010077
v -1.220315 -0.894288 1.028185
v -1.167023 -0.845411 1.014929
v -1.379195 -0.912179 0.949571
v -1.272663 -0.778644 0.869406
v -1.325929 -0.894288 0.909489
v -1.286936 -0.845411 0.880146
v -1.508867 -0.778644 0.737905
v -1.486632 -0.912179 0.889223
v -1.505888 -0.845411 0.758178
v -1.497749 -0.894288 0.813564
v -0.401526 -0.912179 2.870815
v -0.350943 -0.912179 2.597689
v -0.300360 -0.912179 2.307421
v -0.423107 0.000000 3.258791
v -0.398800 -0.912179 3.121447
v -0.410954 -0.894288 3.190119
v -0.419851 -0.845411 3.240390
v -0.423107 -0.778644 3.258791
v 1.941681 0.912178 2.052837
v 1.581540 0.912178 2.052837
v 1.924046 0.912178 1.732482
v 1.546272 0.912178 1.732482
v 1.216691 0.912178 2.052837
v 1.216691 0.912178 1.728074
v 1.884369 0.912178 1.422923
v 1.132138 0.912178 1.533366
v 0.000000 0.912179 2.132083
v 0.000000 0.912179 2.815400
v 0.000000 0.912179 2.292687
v 0.000000 0.912179 2.577923
v 0.333343 0.912179 2.079204
v 1.941681 0.912178 2.926230
v 0.803053 0.912179 2.926230
v 1.328004 0.912178 1.313574
v 0.600721 0.912179 2.322155
v 1.216691 0.912178 2.322155
v 1.941681 0.912178 2.322155
v 1.581540 0.912178 2.322155
v 1.581540 0.912178 2.926230
v 1.941681 0.912178 2.617455
v 1.581540 0.912178 2.617455
v 0.701887 0.912179 2.617455
v 1.216691 0.912178 2.926230
v 1.216691 0.912178 2.617455
v 1.868792 0.912178 1.225509
v 1.457542 0.912178 1.087195
v 0.000000 0.778644 1.880571
v 0.000000 0.912179 2.017635
v 0.000000 0.845411 1.898934
v 0.000000 0.894288 1.949103
v 0.000000 0.912179 3.084759
v 0.000000 0.778644 3.217067
v 0.000000 0.894288 3.150913
v 0.000000 0.845411 3.199341
v 2.750466 0.778644 2.065817
v 2.609803 0.912178 2.063560
v 2.731621 0.845411 2.065515
v 2.680134 0.894288 2.064689
v 2.319052 0.912178 1.242626
v 2.423895 0.778644 1.161022
v 2.372445 0.894288 1.207604
v 2.411359 0.845411 1.176430
v 2.648455 0.778644 1.723796
v 2.507880 0.912178 1.725482
v 2.629622 0.845411 1.724022
v 2.578167 0.894288 1.724639
v 2.536137 0.778644 1.419965
v 2.394017 0.912178 1.420610
v 2.517097 0.845411 1.420052
v 2.465077 0.894288 1.420288
v 2.648429 0.912178 2.922462
v 2.788614 0.778644 2.921715
v 2.718521 0.894288 2.922089
v 2.769832 0.845411 2.921815
v 2.252749 0.912178 3.274129
v 2.284107 0.778644 3.404756
v 2.268428 0.894288 3.339442
v 2.279906 0.845411 3.387255
v 2.588074 0.912178 3.066000
v 2.692436 0.778644 3.151168
v 2.640254 0.894288 3.108584
v 2.678454 0.845411 3.139758
v 2.437184 0.912178 3.207833
v 2.508442 0.778644 3.324118
v 2.472813 0.894288 3.265976
v 2.498896 0.845411 3.308539
v 0.298705 0.912179 1.948505
v 0.326470 0.778644 1.805015
v 0.312588 0.894288 1.876760
v 0.322751 0.845411 1.824239
v 1.046853 0.778644 1.161407
v 1.171849 0.912178 1.229059
v 1.063600 0.845411 1.170471
v 1.109351 0.894288 1.195233
v 0.606074 0.778644 1.641527
v 0.779738 0.912178 1.666142
v 0.629341 0.845411 1.644825
v 0.692906 0.894288 1.653835
v 0.875046 0.778644 1.381362
v 0.997439 0.912178 1.453726
v 0.891443 0.845411 1.391057
v 0.936242 0.894288 1.417544
v 0.885892 0.778644 3.359731
v 0.837277 0.912179 3.217352
v 0.879379 0.845411 3.340656
v 0.861584 0.894288 3.288541
v 1.953999 0.912179 3.311578
v 1.949723 0.778644 3.449590
v 1.951861 0.894288 3.380584
v 1.950296 0.845411 3.431100
v 1.234492 0.912179 3.291210
v 1.244246 0.778644 3.427617
v 1.239369 0.894288 3.359413
v 1.242939 0.845411 3.409342
v 1.581121 0.912179 3.326975
v 1.580979 0.778644 3.462626
v 1.581051 0.894288 3.394800
v 1.580999 0.845411 3.444452
v 2.656921 0.912178 2.334324
v 2.796796 0.778644 2.336704
v 2.726859 0.894288 2.335514
v 2.778056 0.845411 2.336385
v 2.810759 0.778644 2.649984
v 2.671144 0.912178 2.644758
v 2.792054 0.845411 2.649284
v 2.740952 0.894288 2.647371
v 1.795731 0.912178 0.838064
v 1.764722 0.778644 0.695815
v 1.780227 0.894288 0.766940
v 1.768877 0.845411 0.714873
v 2.250429 0.912178 1.143101
v 2.346351 0.778644 1.037642
v 2.307595 0.894288 1.096735
v 2.341216 0.845411 1.060290
v 1.957736 0.912178 0.876815
v 2.016975 0.778644 0.756008
v 1.987356 0.894288 0.816411
v 2.009039 0.845411 0.772193
v 2.151357 0.912178 1.003356
v 2.243335 0.778644 0.903945
v 2.197346 0.894288 0.953650
v 2.231012 0.845411 0.917264
v 1.293112 0.912178 1.046294
v 1.147517 0.778644 1.010077
v 1.220315 0.894288 1.028185
v 1.167023 0.845411 1.014929
v 1.379195 0.912178 0.949571
v 1.272663 0.778644 0.869406
v 1.325929 0.894288 0.909489
v 1.286936 0.845411 0.880146
v 1.508867 0.778644 0.737905
v 1.486632 0.912178 0.889223
v 1.505888 0.845411 0.758178
v 1.497749 0.894288 0.813564
v 0.401526 0.912179 2.870815
v 0.350943 0.912179 2.597689
v 0.300360 0.912179 2.307421
v 0.398800 0.912179 3.121447
v 0.410954 0.894288 3.190119
v 0.419851 0.845411 3.240390
v 0.423107 0.778644 3.258791
v -1.941680 0.912179 2.052837
v -1.581540 0.912179 2.052837
v -1.924046 0.912179 1.732482
v -1.546271 0.912179 1.732482
v -1.216691 0.912179 2.052837
v -1.216691 0.912179 1.728074
v -1.884369 0.912179 1.422923
v -1.132137 0.912179 1.533366
v -0.333343 0.912179 2.079204
v -1.941680 0.912179 2.926230
v -0.803052 0.912179 2.926230
v -1.328003 0.912179 1.313574
v -0.600721 0.912179 2.322155
v -1.216691 0.912179 2.322155
v -1.941680 0.912179 2.322155
v -1.581540 0.912179 2.322155
v -1.581540 0.912179 2.926230
v -1.941680 0.912179 2.617455
v -1.581540 0.912179 2.617455
v -0.701887 0.912179 2.617455
v -1.216691 0.912179 2.926230
v -1.216691 0.912179 2.617455
v -1.868792 0.912179 1.225509
v -1.457542 0.912179 1.087195
v -2.750466 0.778644 2.065817
v -2.609803 0.912179 2.063560
v -2.731621 0.845412 2.065515
v -2.680134 0.894288 2.064689
v -2.319052 0.912179 1.242626
v -2.423895 0.778644 1.161022
v -2.372445 0.894288 1.207604
v -2.411359 0.845411 1.176430
v -2.648455 0.778644 1.723796
v -2.507880 0.912179 1.725482
v -2.629622 0.845411 1.724022
v -2.578167 0.894288 1.724639
v -2.536137 0.778644 1.419965
v -2.394017 0.912179 1.420610
v -2.517097 0.845411 1.420052
v -2.465077 0.894288 1.420288
v -2.648429 0.912179 2.922462
v -2.788614 0.778644 2.921715
v -2.718521 0.894288 2.922089
v -2.769832 0.845412 2.921815
v -2.252749 0.912179 3.274129
v -2.284107 0.778644 3.404756
v -2.268428 0.894289 3.339442
v -2.279906 0.845412 3.387255
v -2.588074 0.912179 3.066000
v -2.692436 0.778644 3.151168
v -2.640254 0.894288 3.108584
v -2.678454 0.845412 3.139758
v -2.437184 0.912179 3.207833
v -2.508442 0.778644 3.324118
v -2.472813 0.894289 3.265976
v -2.498896 0.845412 3.308539
v -0.298705 0.912179 1.948505
v -0.326470 0.778644 1.805015
v -0.312588 0.894288 1.876760
v -0.322751 0.845411 1.824239
v -1.046853 0.778644 1.161407
v -1.171849 0.912179 1.229059
v -1.063599 0.845411 1.170471
v -1.109351 0.894288 1.195233
v -0.606074 0.778644 1.641527
v -0.779738 0.912179 1.666142
v -0.629341 0.845411 1.644825
v -0.692906 0.894288 1.653835
v -0.875046 0.778644 1.381362
v -0.997439 0.912179 1.453726
v -0.891443 0.845411 1.391057
v -0.936242 0.894288 1.417544
v -0.885892 0.778644 3.359731
v -0.837277 0.912179 3.217352
v -0.879378 0.845411 3.340656
v -0.861584 0.894288 3.288541
v -1.953999 0.912179 3.311578
v -1.949723 0.778644 3.449590
v -1.951861 0.894288 3.380584
v -1.950296 0.845412 3.431100
v -1.234492 0.912179 3.291210
v -1.244246 0.778644 3.427617
v -1.239369 0.894288 3.359413
v -1.242939 0.845412 3.409342
v -1.581121 0.912179 3.326975
v -1.580979 0.778644 3.462626
v -1.581050 0.894288 3.394800
v -1.580998 0.845412 3.444452
v -2.656921 0.912179 2.334324
v -2.796796 0.778644 2.336704
v -2.726859 0.894288 2.335514
v -2.778056 0.845412 2.336385
v -2.810759 0.778644 2.649984
v -2.671144 0.912179 2.644758
v -2.792054 0.845412 2.649284
v -2.740952 0.894288 2.647371
v -1.795731 0.912179 0.838064
v -1.764722 0.778644 0.695815
v -1.780226 0.894288 0.766940
v -1.768877 0.845411 0.714873
v -2.250429 0.912179 1.143101
v -2.346351 0.778644 1.037642
v -2.307595 0.894288 1.096735
v -2.341216 0.845411 1.060290
v -1.957736 0.912179 0.876815
v -2.016975 0.778644 0.756008
v -1.987355 0.894288 0.816411
v -2.009039 0.845411 0.772193
v -2.151357 0.912179 1.003356
v -2.243335 0.778644 0.903945
v -2.197346 0.894288 0.953650
v -2.231012 0.845411 0.917264
v -1.293112 0.912179 1.046294
v -1.147517 0.778644 1.010077
v -1.220314 0.894288 1.028185
v -1.167023 0.845411 1.014929
v -1.379194 0.912179 0.949571
v -1.272663 0.778644 0.869406
v -1.325929 0.894288 0.909489
v -1.286936 0.845411 0.880146
v -1.508867 0.778644 0.737905
v -1.486632 0.912179 0.889223
v -1.505888 0.845411 0.758178
v -1.497749 0.894288 0.813564
v -0.401526 0.912179 2.870815
v -0.350943 0.912179 2.597689
v -0.300360 0.912179 2.307421
v -0.398800 0.912179 3.121447
v -0.410953 0.894288 3.190119
v -0.419851 0.845411 3.240390
v -0.423107 0.778644 3.258791
vn 0.5180 -0.1309 0.8453
vn 0.8216 -0.0000 0.5701
vn 0.5225 -0.0000 0.8526
vn -0.0000 -0.0000 1.0000
vn -0.1562 -0.1294 0.9792
vn -0.1559 -0.0000 0.9878
vn 0.1369 -0.9899 0.0375
vn -0.0000 -1.0000 -0.0000
vn 0.1300 -0.9915 0.0023
vn -0.0000 -0.9923 0.1241
vn 0.9486 -0.0000 -0.3164
vn 0.9654 -0.1326 -0.2245
vn 0.9407 -0.1305 -0.3130
vn 0.8775 -0.1297 -0.4618
vn 0.8203 -0.0000 -0.5719
vn 0.8846 -0.0000 -0.4663
vn -0.0000 -0.9940 -0.1091
vn -0.0405 -0.9923 -0.1175
vn 0.9281 -0.0000 -0.3724
vn 0.9206 -0.1290 -0.3686
vn -0.5927 -0.1212 -0.7963
vn -0.3693 -0.0000 -0.9293
vn -0.6043 -0.0000 -0.7967
vn -0.7357 -0.1368 -0.6633
vn -0.7435 -0.0000 -0.6688
vn -0.0795 -0.9924 -0.0937
vn -0.0985 -0.9926 -0.0704
vn -0.0899 -0.9928 -0.0791
vn 0.0842 -0.0000 0.9964
vn 0.2346 -0.1303 0.9633
vn 0.2369 -0.0000 0.9715
vn 0.1216 -0.9892 0.0823
vn 0.0323 -0.9903 0.1349
vn -0.0276 -0.9908 0.1328
vn -0.0200 -0.9910 0.1325
vn 0.9906 -0.1355 0.0183
vn 0.9943 -0.0000 -0.1068
vn 0.9998 -0.0000 0.0184
vn -0.0045 -0.9909 0.1343
vn -0.8109 -0.0000 -0.5851
vn -0.7862 -0.1336 -0.6033
vn -0.8030 -0.1379 -0.5798
vn -0.1973 -0.1271 0.9721
vn -0.1449 -0.0000 0.9894
vn -0.1996 -0.0000 0.9799
vn 0.0115 -0.9914 0.1303
vn -0.1429 -0.1302 0.9811
vn -0.0341 -0.0000 0.9994
vn -0.0336 -0.1317 0.9907
vn 0.9638 -0.1313 0.2319
vn 0.9715 -0.0000 0.2368
vn 0.0356 -0.0000 -0.9994
vn 0.3927 -0.1295 -0.9105
vn 0.0313 -0.1354 -0.9903
vn 0.1300 -0.9914 -0.0148
vn 0.1259 -0.9911 -0.0432
vn 0.1291 -0.9911 -0.0318
vn 0.0102 -0.9901 -0.1403
vn -0.0570 -0.9891 -0.1358
vn -0.3200 -0.1314 -0.9383
vn -0.6256 -0.0000 -0.7802
vn -0.3293 -0.0000 -0.9442
vn 0.8140 -0.1290 0.5664
vn 0.6791 -0.0000 -0.7340
vn 0.8120 -0.1257 -0.5700
vn 0.6733 -0.1305 -0.7277
vn 0.0561 -0.9896 -0.1323
vn 0.1024 -0.9924 -0.0675
vn 0.3954 -0.0000 -0.9185
vn -0.0903 -0.9887 -0.1193
vn 0.9853 -0.1347 -0.1052
vn 0.9738 -0.0000 -0.2276
vn 0.1244 -0.9909 -0.0510
vn 0.1279 -0.9894 -0.0691
vn -0.1043 -0.9910 -0.0836
vn -0.6232 -0.1250 -0.7720
vn -0.7918 -0.0000 -0.6108
vn -0.3343 -0.4781 -0.8122
vn -0.3735 -0.1210 -0.9197
vn -0.5229 -0.4762 -0.7069
vn -0.1854 -0.8613 -0.4730
vn -0.3103 -0.8618 -0.4012
vn -0.6350 -0.5191 -0.5722
vn -0.3560 -0.8787 -0.3180
vn -0.6924 -0.5205 -0.4996
vn -0.3880 -0.8785 -0.2788
vn 0.4542 -0.8602 -0.2319
vn 0.4700 -0.8619 -0.1904
vn 0.7729 -0.4955 -0.3964
vn 0.8066 -0.4947 -0.3234
vn 0.4769 -0.8641 -0.1608
vn 0.8223 -0.4987 -0.2740
vn 0.4869 -0.8657 -0.1160
vn 0.8418 -0.5029 -0.1962
vn 0.0754 -0.9895 0.1230
vn 0.1199 -0.8596 0.4967
vn 0.2704 -0.8556 0.4413
vn 0.2050 -0.4948 0.8445
vn 0.4547 -0.4926 0.7420
vn 0.4312 -0.8522 0.2964
vn 0.7169 -0.4875 0.4984
vn 0.4977 -0.8580 0.1268
vn 0.8443 -0.4955 0.2039
vn -0.1022 -0.8596 0.5006
vn -0.0737 -0.8630 0.4997
vn -0.1729 -0.4905 0.8541
vn -0.1249 -0.4972 0.8586
vn -0.0170 -0.8640 0.5032
vn -0.0292 -0.5001 0.8655
vn 0.0428 -0.8676 0.4955
vn 0.0728 -0.5049 0.8601
vn 0.0832 -0.1332 0.9876
vn 0.8600 -0.5101 0.0159
vn 0.8564 -0.5081 -0.0917
vn 0.4930 -0.8700 0.0089
vn 0.4921 -0.8688 -0.0540
vn 0.2041 -0.8550 -0.4768
vn 0.0255 -0.8620 -0.5063
vn 0.3451 -0.4901 -0.8004
vn 0.0288 -0.5043 -0.8630
vn 0.0971 -0.9898 -0.1040
vn 0.3501 -0.8569 -0.3784
vn 0.5909 -0.4929 -0.6387
vn 0.4168 -0.8652 -0.2786
vn 0.7181 -0.4909 -0.4932
vn -0.3284 -0.8470 -0.4180
vn -0.1828 -0.8547 -0.4859
vn -0.5512 -0.4786 -0.6835
vn -0.2826 -0.4955 -0.8213
vn -0.3940 -0.8661 -0.3078
vn -0.6846 -0.5052 -0.5255
vn -0.0759 -0.8680 0.4908
vn -0.0181 -0.9920 0.1253
vn -0.1368 -0.4994 0.8555
vn -0.0000 -0.1364 -0.9907
vn -0.0000 -0.0000 -1.0000
vn -0.0000 -0.8866 -0.4625
vn -0.0000 -0.5257 -0.8507
vn -0.0000 -0.1307 0.9914
vn -0.0000 -0.5045 0.8634
vn -0.0000 -0.8713 0.4908
vn -0.8216 -0.0000 0.5701
vn -0.5180 -0.1309 0.8453
vn -0.5225 -0.0000 0.8526
vn 0.1562 -0.1294 0.9792
vn 0.1559 -0.0000 0.9878
vn -0.1369 -0.9899 0.0375
vn 0.0181 -0.9920 0.1253
vn -0.9654 -0.1326 -0.2245
vn -0.9486 -0.0000 -0.3164
vn -0.9407 -0.1305 -0.3130
vn -0.8203 -0.0000 -0.5719
vn -0.8775 -0.1297 -0.4618
vn -0.8846 -0.0000 -0.4663
vn 0.0405 -0.9923 -0.1175
vn -0.9281 -0.0000 -0.3724
vn -0.9206 -0.1290 -0.3686
vn 0.3693 -0.0000 -0.9293
vn 0.5927 -0.1212 -0.7963
vn 0.6043 -0.0000 -0.7967
vn 0.7357 -0.1368 -0.6633
vn 0.7435 -0.0000 -0.6688
vn 0.0795 -0.9924 -0.0937
vn 0.0899 -0.9928 -0.0791
vn 0.0985 -0.9926 -0.0704
vn -0.2346 -0.1303 0.9633
vn -0.0842 -0.0000 0.9964
vn -0.2369 -0.0000 0.9715
vn -0.0323 -0.9903 0.1349
vn -0.1216 -0.9892 0.0823
vn 0.0276 -0.9908 0.1328
vn -0.9943 -0.0000 -0.1068
vn -0.9906 -0.1355 0.0183
vn -0.9998 -0.0000 0.0184
vn 0.0200 -0.9910 0.1325
vn 0.7862 -0.1336 -0.6033
vn 0.8109 -0.0000 -0.5851
vn 0.8030 -0.1379 -0.5798
vn 0.1449 -0.0000 0.9894
vn 0.1973 -0.1271 0.9721
vn 0.1996 -0.0000 0.9799
vn -0.0115 -0.9914 0.1303
vn 0.0045 -0.9909 0.1343
vn 0.0341 -0.0000 0.9994
vn 0.1429 -0.1302 0.9811
vn 0.0336 -0.1317 0.9907
vn -0.9638 -0.1313 0.2319
vn -0.9715 -0.0000 0.2368
vn -0.3927 -0.1295 -0.9105
vn -0.0356 -0.0000 -0.9994
vn -0.0313 -0.1354 -0.9903
vn -0.1300 -0.9914 -0.0148
vn -0.1300 -0.9915 0.0023
vn -0.1259 -0.9911 -0.0432
vn -0.0102 -0.9901 -0.1403
vn 0.6256 -0.0000 -0.7802
vn 0.3200 -0.1314 -0.9383
vn 0.3293 -0.0000 -0.9442
vn -0.1291 -0.9911 -0.0318
vn -0.8140 -0.1290 0.5664
vn -0.8120 -0.1257 -0.5700
vn -0.6791 -0.0000 -0.7340
vn -0.6733 -0.1305 -0.7277
vn -0.1024 -0.9924 -0.0675
vn -0.0561 -0.9896 -0.1323
vn -0.3954 -0.0000 -0.9185
vn 0.0903 -0.9887 -0.1193
vn 0.0570 -0.9891 -0.1358
vn -0.9738 -0.0000 -0.2276
vn -0.9853 -0.1347 -0.1052
vn -0.1244 -0.9909 -0.0510
vn -0.1279 -0.9894 -0.0691
vn 0.1043 -0.9910 -0.0836
vn 0.7918 -0.0000 -0.6108
vn 0.6232 -0.1250 -0.7720
vn 0.3343 -0.4781 -0.8122
vn 0.3735 -0.1210 -0.9197
vn 0.1854 -0.8613 -0.4730
vn 0.5229 -0.4762 -0.7069
vn 0.3103 -0.8618 -0.4012
vn 0.6350 -0.5191 -0.5722
vn 0.3560 -0.8787 -0.3180
vn 0.6924 -0.5205 -0.4996
vn 0.3880 -0.8785 -0.2788
vn -0.4542 -0.8602 -0.2319
vn -0.4700 -0.8619 -0.1904
vn -0.7729 -0.4955 -0.3964
vn -0.8066 -0.4947 -0.3234
vn -0.4769 -0.8641 -0.1608
vn -0.8223 -0.4987 -0.2740
vn -0.4869 -0.8657 -0.1160
vn -0.8418 -0.5029 -0.1962
vn -0.1199 -0.8596 0.4967
vn -0.0754 -0.9895 0.1230
vn -0.2050 -0.4948 0.8445
vn -0.2704 -0.8556 0.4413
vn -0.4547 -0.4926 0.7420
vn -0.4312 -0.8522 0.2964
vn -0.7169 -0.4875 0.4984
vn -0.4977 -0.8580 0.1268
vn -0.8443 -0.4955 0.2039
vn 0.1022 -0.8597 0.5006
vn 0.1729 -0.4905 0.8541
vn 0.0737 -0.8630 0.4997
vn 0.1249 -0.4972 0.8586
vn 0.0170 -0.8640 0.5032
vn 0.0292 -0.5001 0.8655
vn -0.0428 -0.8676 0.4955
vn -0.0728 -0.5049 0.8601
vn -0.0832 -0.1332 0.9876
vn -0.8600 -0.5101 0.0159
vn -0.8564 -0.5081 -0.0917
vn -0.4930 -0.8700 0.0089
vn -0.4921 -0.8688 -0.0540
vn -0.2041 -0.8550 -0.4768
vn -0.3451 -0.4901 -0.8004
vn -0.0255 -0.8620 -0.5063
vn -0.0288 -0.5043 -0.8630
vn -0.0971 -0.9898 -0.1040
vn -0.3501 -0.8569 -0.3784
vn -0.5909 -0.4929 -0.6387
vn -0.4168 -0.8652 -0.2786
vn -0.7181 -0.4909 -0.4932
vn 0.3284 -0.8470 -0.4180
vn 0.1828 -0.8547 -0.4859
vn 0.5512 -0.4786 -0.6835
vn 0.2826 -0.4955 -0.8213
vn 0.3940 -0.8661 -0.3078
vn 0.6846 -0.5052 -0.5255
vn 0.0759 -0.8680 0.4908
vn 0.1368 -0.4994 0.8555
vn 0.5180 0.1309 0.8453
vn -0.1562 0.1294 0.9792
vn 0.1369 0.9899 0.0375
vn -0.0000 1.0000 -0.0000
vn -0.0000 0.9923 0.1241
vn -0.0181 0.9920 0.1253
vn 0.9654 0.1326 -0.2245
vn 0.9407 0.1305 -0.3130
vn 0.8775 0.1297 -0.4618
vn -0.0000 0.9940 -0.1091
vn -0.0405 0.9923 -0.1175
vn 0.9206 0.1290 -0.3686
vn -0.5927 0.1212 -0.7963
vn -0.7357 0.1368 -0.6633
vn -0.0795 0.9924 -0.0937
vn -0.0899 0.9928 -0.0791
vn -0.0985 0.9926 -0.0704
vn 0.2346 0.1303 0.9633
vn 0.0323 0.9903 0.1349
vn 0.1216 0.9892 0.0823
vn -0.0276 0.9908 0.1328
vn 0.9906 0.1355 0.0183
vn -0.0200 0.9910 0.1325
vn -0.7862 0.1336 -0.6033
vn -0.8030 0.1379 -0.5798
vn -0.1973 0.1271 0.9721
vn 0.0115 0.9914 0.1303
vn -0.0045 0.9909 0.1343
vn -0.1429 0.1302 0.9811
vn -0.0336 0.1317 0.9907
vn 0.9638 0.1313 0.2319
vn 0.3927 0.1295 -0.9105
vn 0.0313 0.1354 -0.9903
vn 0.1300 0.9914 -0.0148
vn 0.1300 0.9915 0.0023
vn 0.1259 0.9911 -0.0432
vn 0.0102 0.9901 -0.1403
vn -0.3200 0.1314 -0.9383
vn 0.1291 0.9911 -0.0318
vn 0.8140 0.1290 0.5664
vn 0.8120 0.1257 -0.5700
vn 0.6733 0.1305 -0.7277
vn 0.1024 0.9924 -0.0675
vn 0.0561 0.9896 -0.1323
vn -0.0903 0.9887 -0.1193
vn -0.0570 0.9891 -0.1358
vn 0.9853 0.1347 -0.1052
vn 0.1244 0.9909 -0.0510
vn 0.1279 0.9894 -0.0691
vn -0.1043 0.9910 -0.0836
vn -0.6232 0.1250 -0.7720
vn -0.3343 0.4781 -0.8122
vn -0.3735 0.1210 -0.9197
vn -0.1854 0.8613 -0.4730
vn -0.5229 0.4762 -0.7069
vn -0.3103 0.8618 -0.4012
vn -0.6350 0.5191 -0.5722
vn -0.3560 0.8787 -0.3180
vn -0.6924 0.5205 -0.4996
vn -0.3880 0.8785 -0.2788
vn 0.4542 0.8602 -0.2319
vn 0.4700 0.8619 -0.1904
vn 0.7729 0.4955 -0.3964
vn 0.8066 0.4947 -0.3234
vn 0.4769 0.8641 -0.1608
vn 0.8223 0.4987 -0.2740
vn 0.4869 0.8657 -0.1160
vn 0.8418 0.5029 -0.1962
vn 0.1199 0.8596 0.4967
vn 0.0754 0.9895 0.1230
vn 0.2050 0.4948 0.8445
vn 0.2704 0.8556 0.4413
vn 0.4547 0.4926 0.7420
vn 0.4312 0.8522 0.2964
vn 0.7169 0.4875 0.4984
vn 0.4977 0.8580 0.1268
vn 0.8443 0.4955 0.2039
vn -0.1022 0.8597 0.5006
vn -0.1729 0.4905 0.8541
vn -0.0737 0.8630 0.4997
vn -0.1249 0.4972 0.8586
vn -0.0170 0.8640 0.5032
vn -0.0292 0.5001 0.8655
vn 0.0428 0.8676 0.4955
vn 0.0728 0.5049 0.8601
vn 0.0832 0.1332 0.9876
vn 0.8600 0.5101 0.0159
vn 0.8564 0.5081 -0.0917
vn 0.4930 0.8700 0.0089
vn 0.4921 0.8688 -0.0540
vn 0.2041 0.8550 -0.4768
vn 0.3451 0.4901 -0.8004
vn 0.0255 0.8620 -0.5063
vn 0.0288 0.5043 -0.8630
vn 0.0971 0.9898 -0.1040
vn 0.3501 0.8569 -0.3784
vn 0.5909 0.4929 -0.6387
vn 0.4168 0.8652 -0.2786
vn 0.7181 0.4909 -0.4932
vn -0.3284 0.8470 -0.4180
vn -0.1828 0.8547 -0.4859
vn -0.5512 0.4786 -0.6835
vn -0.2826 0.4955 -0.8213
vn -0.3940 0.8661 -0.3078
vn -0.6846 0.5052 -0.5255
vn -0.0759 0.8680 0.4908
vn -0.1368 0.4994 0.8555
vn -0.0000 0.1364 -0.9907
vn -0.0000 0.8866 -0.4625
vn -0.0000 0.5257 -0.8507
vn -0.0000 0.1307 0.9914
vn -0.0000 0.5045 0.8634
vn -0.0000 0.8713 0.4908
vn -0.5180 0.1309 0.8453
vn 0.1562 0.1294 0.9792
vn -0.1369 0.9899 0.0375
vn -0.1300 0.9915 0.0023
vn -0.9654 0.1326 -0.2245
vn -0.9407 0.1305 -0.3130
vn -0.8775 0.1297 -0.4618
vn 0.0405 0.9923 -0.1175
vn -0.9206 0.1290 -0.3686
vn 0.5927 0.1212 -0.7963
vn 0.7357 0.1368 -0.6633
vn 0.0795 0.9924 -0.0937
vn 0.0985 0.9926 -0.0704
vn 0.0899 0.9928 -0.0791
vn -0.2346 0.1303 0.9633
vn -0.1216 0.9892 0.0823
vn -0.0323 0.9903 0.1349
vn 0.0276 0.9908 0.1328
vn 0.0200 0.9910 0.1325
vn -0.9906 0.1355 0.0183
vn 0.0045 0.9909 0.1343
vn 0.7862 0.1336 -0.6033
vn 0.8030 0.1379 -0.5798
vn 0.1973 0.1271 0.9721
vn -0.0115 0.9914 0.1303
vn 0.1429 0.1302 0.9811
vn 0.0336 0.1317 0.9907
vn -0.9638 0.1313 0.2319
vn -0.3927 0.1295 -0.9105
vn -0.0313 0.1354 -0.9903
vn -0.1300 0.9914 -0.0148
vn -0.1259 0.9911 -0.0432
vn -0.1291 0.9911 -0.0318
vn -0.0102 0.9901 -0.1403
vn 0.0570 0.9891 -0.1358
vn 0.3200 0.1314 -0.9383
vn -0.8140 0.1290 0.5664
vn -0.8120 0.1257 -0.5700
vn -0.6733 0.1305 -0.7277
vn -0.0561 0.9896 -0.1323
vn -0.1024 0.9924 -0.0675
vn 0.0903 0.9887 -0.1193
vn -0.9853 0.1347 -0.1052
vn -0.1244 0.9909 -0.0510
vn -0.1279 0.9894 -0.0691
vn 0.1043 0.9910 -0.0836
vn 0.6232 0.1250 -0.7720
vn 0.3343 0.4781 -0.8122
vn 0.3735 0.1210 -0.9197
vn 0.5229 0.4762 -0.7069
vn 0.1854 0.8613 -0.4730
vn 0.3103 0.8618 -0.4012
vn 0.6350 0.5191 -0.5722
vn 0.3560 0.8787 -0.3180
vn 0.6924 0.5205 -0.4996
vn 0.3880 0.8785 -0.2788
vn -0.4542 0.8602 -0.2319
vn -0.4700 0.8619 -0.1904
vn -0.7729 0.4955 -0.3964
vn -0.8066 0.4947 -0.3234
vn -0.4769 0.8641 -0.1608
vn -0.8223 0.4987 -0.2740
vn -0.4869 0.8657 -0.1160
vn -0.8418 0.5029 -0.1962
vn -0.0754 0.9895 0.1230
vn -0.1199 0.8596 0.4967
vn -0.2704 0.8556 0.4413
vn -0.2050 0.4948 0.8445
vn -0.4547 0.4926 0.7420
vn -0.4312 0.8522 0.2964
vn -0.7169 0.4875 0.4984
vn -0.4977 0.8580 0.1268
vn -0.8443 0.4955 0.2039
vn 0.1022 0.8596 0.5006
vn 0.0737 0.8630 0.4997
vn 0.1729 0.4905 0.8541
vn 0.1249 0.4972 0.8586
vn 0.0170 0.8640 0.5032
vn 0.0292 0.5001 0.8655
vn -0.0428 0.8676 0.4955
vn -0.0728 0.5049 0.8601
vn -0.0832 0.1332 0.9876
vn -0.8600 0.5101 0.0159
vn -0.8564 0.5081 -0.0917
vn -0.4930 0.8700 0.0089
vn -0.4921 0.8688 -0.0540
vn -0.2041 0.8550 -0.4768
vn -0.0255 0.8620 -0.5063
vn -0.3451 0.4901 -0.8004
vn -0.0288 0.5043 -0.8630
vn -0.0971 0.9898 -0.1040
vn -0.3501 0.8569 -0.3784
vn -0.5909 0.4929 -0.6387
vn -0.4168 0.8652 -0.2786
vn -0.7181 0.4909 -0.4932
vn 0.3284 0.8470 -0.4180
vn 0.1828 0.8547 -0.4859
vn 0.5512 0.4786 -0.6835
vn 0.2826 0.4955 -0.8213
vn 0.3940 0.8661 -0.3078
vn 0.6846 0.5052 -0.5255
vn 0.0759 0.8680 0.4908
vn 0.0181 0.9920 0.1253
vn 0.1368 0.4994 0.8555
vt 0.705425 0.250973
vt 0.765392 0.231526
vt 0.765392 0.250973
vt 0.765392 0.447115
vt 0.705425 0.414372
vt 0.765392 0.414372
vt 0.051307 0.435373
vt 0.075831 0.384879
vt 0.071158 0.438732
vt 0.058395 0.263999
vt 0.040636 0.231073
vt 0.062949 0.231073
vt 0.765392 0.118566
vt 0.705425 0.146053
vt 0.705425 0.118566
vt 0.705425 0.071883
vt 0.765392 0.060661
vt 0.765392 0.071883
vt 0.124056 0.259487
vt 0.129990 0.231073
vt 0.135137 0.257024
vt 0.765392 0.093619
vt 0.705425 0.093619
vt 0.120024 0.359748
vt 0.142421 0.387414
vt 0.118280 0.387144
vt 0.121928 0.331473
vt 0.144635 0.358891
vt 0.387853 0.588611
vt 0.327886 0.613556
vt 0.327886 0.588611
vt 0.387853 0.559792
vt 0.327886 0.559792
vt 0.155594 0.299153
vt 0.163127 0.328696
vt 0.147253 0.333521
vt 0.165596 0.386184
vt 0.178004 0.345806
vt 0.186160 0.334991
vt 0.170664 0.318819
vt 0.102975 0.280987
vt 0.100770 0.330295
vt 0.097993 0.385950
vt 0.099397 0.358575
vt 0.053249 0.357005
vt 0.052731 0.384193
vt 0.053659 0.328945
vt 0.076798 0.357637
vt 0.053939 0.296387
vt 0.077680 0.329428
vt 0.078781 0.288564
vt 0.765392 0.295315
vt 0.705425 0.269332
vt 0.765392 0.269332
vt 0.041372 0.430499
vt 0.026837 0.406674
vt 0.030879 0.299201
vt 0.025440 0.330260
vt 0.705425 0.191368
vt 0.765392 0.167218
vt 0.765392 0.191368
vt 0.022798 0.356735
vt 0.327886 0.538297
vt 0.387853 0.524300
vt 0.387853 0.538297
vt 0.705425 0.377893
vt 0.765392 0.349804
vt 0.765392 0.377893
vt 0.023845 0.384743
vt 0.705425 0.349804
vt 0.765392 0.323731
vt 0.705425 0.323731
vt 0.705425 0.212365
vt 0.765392 0.212365
vt 0.765392 0.006864
vt 0.705425 0.026836
vt 0.705425 0.006864
vt 0.080815 0.260017
vt 0.082607 0.231073
vt 0.104948 0.256221
vt 0.120133 0.231073
vt 0.094076 0.439312
vt 0.140260 0.431196
vt 0.114433 0.437148
vt 0.207826 0.383525
vt 0.193210 0.357732
vt 0.206866 0.361733
vt 0.387853 0.488979
vt 0.327886 0.509799
vt 0.327886 0.488979
vt 0.705425 0.231526
vt 0.765392 0.047662
vt 0.705425 0.060661
vt 0.705425 0.047662
vt 0.180127 0.386325
vt 0.204206 0.394492
vt 0.184430 0.414196
vt 0.765392 0.026836
vt 0.203786 0.353662
vt 0.387853 0.469010
vt 0.327886 0.469010
vt 0.705425 0.167217
vt 0.765392 0.146053
vt 0.163564 0.423870
vt 0.176952 0.418842
vt 0.198034 0.346381
vt 0.387853 0.509799
vt 0.327886 0.524300
vt 0.164369 0.281824
vt 0.147386 0.259107
vt 0.153175 0.258123
vt 0.160248 0.285863
vt 0.141312 0.258548
vt 0.157467 0.291945
vt 0.182273 0.306168
vt 0.178186 0.309937
vt 0.174354 0.314216
vt 0.197199 0.322431
vt 0.193369 0.326300
vt 0.189698 0.330534
vt 0.179447 0.423032
vt 0.163415 0.429365
vt 0.182322 0.427382
vt 0.163784 0.434760
vt 0.165059 0.439957
vt 0.140054 0.436663
vt 0.140259 0.442053
vt 0.141192 0.447298
vt 0.114023 0.442572
vt 0.113930 0.447933
vt 0.114412 0.453228
vt 0.031615 0.419754
vt 0.021950 0.407905
vt 0.027358 0.422359
vt 0.016983 0.409219
vt 0.023066 0.425012
vt 0.011812 0.410644
vt 0.038180 0.434133
vt 0.034978 0.437938
vt 0.031646 0.442158
vt 0.018693 0.427730
vt 0.050880 0.440552
vt 0.050108 0.445680
vt 0.025114 0.301171
vt 0.020003 0.330657
vt 0.019447 0.302357
vt 0.014590 0.330776
vt 0.013937 0.302184
vt 0.017474 0.356729
vt 0.012162 0.356694
vt 0.009203 0.330390
vt 0.018496 0.384625
vt 0.013160 0.384674
vt 0.007856 0.385007
vt 0.006864 0.356593
vt 0.093335 0.455282
vt 0.069905 0.449290
vt 0.093340 0.449987
vt 0.070529 0.444024
vt 0.093632 0.444671
vt 0.208368 0.396893
vt 0.213041 0.382996
vt 0.212675 0.399278
vt 0.218182 0.382812
vt 0.217329 0.401713
vt 0.194654 0.407498
vt 0.198150 0.411011
vt 0.201696 0.414526
vt 0.205333 0.418089
vt 0.187723 0.418597
vt 0.191162 0.422428
vt 0.195085 0.426165
vt 0.207308 0.350363
vt 0.212160 0.363166
vt 0.211188 0.347296
vt 0.217409 0.363945
vt 0.215684 0.344505
vt 0.222623 0.363648
vt 0.200486 0.341255
vt 0.203408 0.336584
vt 0.185200 0.431887
vt 0.207062 0.332694
vt 0.032176 0.264904
vt 0.037919 0.263858
vt 0.026498 0.265472
vt 0.020915 0.265204
vt 0.048776 0.450756
vt 0.069319 0.454483
vt 0.223236 0.383171
vt 0.387853 0.639363
vt 0.327886 0.639363
vt 0.136148 0.231073
vt 0.142187 0.231073
vt 0.147951 0.231073
vt 0.023777 0.231073
vt 0.029348 0.231073
vt 0.034987 0.231073
vt 0.765392 0.808889
vt 0.825358 0.828336
vt 0.765392 0.828336
vt 0.705425 0.479858
vt 0.765392 0.479858
vt 0.051307 0.026773
vt 0.075831 0.077268
vt 0.052731 0.077953
vt 0.058395 0.198147
vt 0.037919 0.198288
vt 0.825358 0.723416
vt 0.765392 0.695929
vt 0.825358 0.695929
vt 0.765392 0.638024
vt 0.825358 0.649247
vt 0.765392 0.649247
vt 0.124056 0.202659
vt 0.135137 0.205122
vt 0.765392 0.670982
vt 0.825358 0.670982
vt 0.142421 0.074732
vt 0.120024 0.102398
vt 0.118280 0.075002
vt 0.144636 0.103256
vt 0.121928 0.130673
vt 0.327886 0.665170
vt 0.387853 0.690114
vt 0.327886 0.690114
vt 0.387853 0.718934
vt 0.327886 0.718934
vt 0.155594 0.162994
vt 0.163127 0.133450
vt 0.170664 0.143327
vt 0.165596 0.075962
vt 0.186160 0.127156
vt 0.178004 0.116340
vt 0.102975 0.181159
vt 0.100770 0.131851
vt 0.097993 0.076196
vt 0.099397 0.103572
vt 0.053249 0.105141
vt 0.076798 0.104510
vt 0.053659 0.133201
vt 0.053939 0.165759
vt 0.077680 0.132718
vt 0.078781 0.173582
vt 0.825358 0.846695
vt 0.765392 0.872678
vt 0.765392 0.846695
vt 0.026837 0.055472
vt 0.041373 0.031647
vt 0.147253 0.128626
vt 0.030879 0.162945
vt 0.765392 0.744581
vt 0.825358 0.768732
vt 0.765392 0.768732
vt 0.025440 0.131886
vt 0.387853 0.754426
vt 0.327886 0.740429
vt 0.387853 0.740429
vt 0.765392 0.544426
vt 0.705425 0.516337
vt 0.765392 0.516337
vt 0.023845 0.077403
vt 0.022798 0.105411
vt 0.765392 0.570499
vt 0.705425 0.544426
vt 0.825358 0.901094
vt 0.765392 0.901094
vt 0.825358 0.789728
vt 0.765392 0.789728
vt 0.825358 0.604200
vt 0.765392 0.584227
vt 0.825358 0.584227
vt 0.080816 0.202129
vt 0.104948 0.205925
vt 0.106462 0.231073
vt 0.094077 0.022834
vt 0.071158 0.023414
vt 0.140260 0.030950
vt 0.207826 0.078622
vt 0.193210 0.104414
vt 0.180127 0.075821
vt 0.327886 0.768926
vt 0.387853 0.789746
vt 0.327886 0.789746
vt 0.114433 0.024998
vt 0.825358 0.808889
vt 0.825358 0.638024
vt 0.765392 0.625025
vt 0.825358 0.625025
vt 0.184430 0.047950
vt 0.204206 0.067654
vt 0.765392 0.604200
vt 0.203786 0.108484
vt 0.206866 0.100414
vt 0.387853 0.809716
vt 0.327886 0.809716
vt 0.765392 0.723416
vt 0.825358 0.744581
vt 0.163564 0.038276
vt 0.176953 0.043304
vt 0.198034 0.115765
vt 0.327886 0.754426
vt 0.387853 0.768926
vt 0.147386 0.203039
vt 0.164369 0.180322
vt 0.153175 0.204023
vt 0.141312 0.203599
vt 0.160248 0.176283
vt 0.157467 0.170201
vt 0.182273 0.155978
vt 0.178186 0.152209
vt 0.174354 0.147930
vt 0.197199 0.139715
vt 0.193369 0.135846
vt 0.189698 0.131612
vt 0.179447 0.039114
vt 0.163415 0.032781
vt 0.182323 0.034764
vt 0.165059 0.022189
vt 0.163784 0.027387
vt 0.140054 0.025484
vt 0.140260 0.020093
vt 0.114023 0.019574
vt 0.113931 0.014213
vt 0.141193 0.014848
vt 0.021950 0.054241
vt 0.031615 0.042392
vt 0.016983 0.052927
vt 0.027358 0.039787
vt 0.011813 0.051502
vt 0.023066 0.037134
vt 0.038180 0.028013
vt 0.034979 0.024208
vt 0.031646 0.019989
vt 0.050880 0.021594
vt 0.050108 0.016466
vt 0.025114 0.160975
vt 0.019447 0.159789
vt 0.020003 0.131489
vt 0.013937 0.159962
vt 0.014590 0.131370
vt 0.017474 0.105417
vt 0.009203 0.131756
vt 0.012162 0.105452
vt 0.018497 0.077521
vt 0.013160 0.077472
vt 0.007856 0.077139
vt 0.093335 0.006864
vt 0.069905 0.012856
vt 0.069320 0.007663
vt 0.093340 0.012159
vt 0.070529 0.018122
vt 0.093632 0.017475
vt 0.208368 0.065253
vt 0.212675 0.062868
vt 0.213041 0.079150
vt 0.217329 0.060433
vt 0.218182 0.079334
vt 0.194654 0.054648
vt 0.198150 0.051135
vt 0.201696 0.047621
vt 0.187723 0.043549
vt 0.191162 0.039718
vt 0.195085 0.035982
vt 0.207308 0.111783
vt 0.212160 0.098980
vt 0.211188 0.114850
vt 0.217409 0.098201
vt 0.215684 0.117642
vt 0.200486 0.120891
vt 0.203408 0.125562
vt 0.185201 0.030259
vt 0.207062 0.129452
vt 0.032176 0.197242
vt 0.026498 0.196674
vt 0.020915 0.196942
vt 0.048776 0.011391
vt 0.222623 0.098498
vt 0.114412 0.008918
vt 0.825358 0.250973
vt 0.825358 0.414372
vt 0.281407 0.026773
vt 0.305932 0.077268
vt 0.282832 0.077953
vt 0.288496 0.198147
vt 0.270737 0.231073
vt 0.268019 0.198288
vt 0.825358 0.146053
vt 0.825358 0.118566
vt 0.825358 0.071884
vt 0.360090 0.231073
vt 0.354157 0.202659
vt 0.365237 0.205122
vt 0.825358 0.093619
vt 0.372521 0.074732
vt 0.350124 0.102398
vt 0.348380 0.075002
vt 0.374736 0.103255
vt 0.352028 0.130673
vt 0.267920 0.588611
vt 0.267920 0.559792
vt 0.385694 0.162993
vt 0.393228 0.133450
vt 0.400765 0.143327
vt 0.395696 0.075962
vt 0.416260 0.127156
vt 0.408104 0.116340
vt 0.333075 0.181159
vt 0.330870 0.131851
vt 0.328093 0.076196
vt 0.329497 0.103572
vt 0.283349 0.105141
vt 0.306899 0.104509
vt 0.283760 0.133201
vt 0.284040 0.165759
vt 0.307780 0.132718
vt 0.308881 0.173582
vt 0.825358 0.269332
vt 0.256937 0.055472
vt 0.271473 0.031647
vt 0.377353 0.128626
vt 0.260979 0.162945
vt 0.825358 0.191368
vt 0.255541 0.131886
vt 0.267920 0.524300
vt 0.267920 0.538297
vt 0.825358 0.377893
vt 0.253945 0.077403
vt 0.252898 0.105411
vt 0.825358 0.349804
vt 0.825358 0.323731
vt 0.825358 0.212365
vt 0.825358 0.026836
vt 0.825358 0.006864
vt 0.310916 0.202129
vt 0.293050 0.231073
vt 0.335048 0.205925
vt 0.312707 0.231073
vt 0.350233 0.231073
vt 0.336563 0.231073
vt 0.324177 0.022834
vt 0.301259 0.023414
vt 0.370360 0.030950
vt 0.437926 0.078622
vt 0.423310 0.104414
vt 0.410228 0.075821
vt 0.267920 0.488979
vt 0.344533 0.024998
vt 0.825358 0.231526
vt 0.825358 0.060661
vt 0.825358 0.047662
vt 0.414531 0.047950
vt 0.434307 0.067654
vt 0.433886 0.108484
vt 0.436966 0.100414
vt 0.267920 0.469010
vt 0.825358 0.167218
vt 0.393664 0.038276
vt 0.407053 0.043304
vt 0.428134 0.115765
vt 0.267920 0.509799
vt 0.377486 0.203039
vt 0.394469 0.180322
vt 0.383275 0.204023
vt 0.371412 0.203598
vt 0.390348 0.176283
vt 0.387567 0.170201
vt 0.412373 0.155978
vt 0.408287 0.152209
vt 0.404454 0.147930
vt 0.427299 0.139715
vt 0.423469 0.135846
vt 0.419798 0.131612
vt 0.409547 0.039114
vt 0.393516 0.032781
vt 0.412423 0.034764
vt 0.395160 0.022189
vt 0.393885 0.027387
vt 0.370154 0.025484
vt 0.370360 0.020093
vt 0.344123 0.019574
vt 0.344031 0.014213
vt 0.371293 0.014848
vt 0.252051 0.054241
vt 0.261715 0.042392
vt 0.247083 0.052927
vt 0.257458 0.039787
vt 0.241913 0.051502
vt 0.253167 0.037134
vt 0.268280 0.028013
vt 0.265079 0.024208
vt 0.261746 0.019989
vt 0.280980 0.021594
vt 0.280209 0.016466
vt 0.255214 0.160975
vt 0.249547 0.159789
vt 0.250103 0.131489
vt 0.244038 0.159962
vt 0.244690 0.131370
vt 0.247574 0.105417
vt 0.239303 0.131756
vt 0.242262 0.105452
vt 0.248597 0.077521
vt 0.243260 0.077472
vt 0.237956 0.077139
vt 0.323435 0.006864
vt 0.300005 0.012856
vt 0.299420 0.007663
vt 0.323440 0.012159
vt 0.300629 0.018122
vt 0.323733 0.017475
vt 0.438468 0.065253
vt 0.442775 0.062868
vt 0.443141 0.079150
vt 0.447429 0.060433
vt 0.448282 0.079334
vt 0.424754 0.054648
vt 0.428250 0.051135
vt 0.431797 0.047621
vt 0.417823 0.043549
vt 0.421262 0.039718
vt 0.425185 0.035982
vt 0.437408 0.111783
vt 0.442260 0.098980
vt 0.441289 0.114850
vt 0.447509 0.098201
vt 0.445784 0.117642
vt 0.430586 0.120891
vt 0.433508 0.125562
vt 0.415301 0.030259
vt 0.437162 0.129452
vt 0.262276 0.197242
vt 0.256598 0.196674
vt 0.251015 0.196942
vt 0.278876 0.011391
vt 0.452723 0.098498
vt 0.344512 0.008918
vt 0.267920 0.639363
vt 0.366248 0.231073
vt 0.372287 0.231073
vt 0.378052 0.231073
vt 0.253877 0.231073
vt 0.259448 0.231073
vt 0.265087 0.231073
vt 0.705425 0.828336
vt 0.825358 0.479858
vt 0.281407 0.435373
vt 0.305932 0.384879
vt 0.301259 0.438732
vt 0.288496 0.263999
vt 0.705425 0.723416
vt 0.705425 0.695929
vt 0.705425 0.649247
vt 0.354157 0.259487
vt 0.365237 0.257024
vt 0.705425 0.670982
vt 0.350124 0.359748
vt 0.372521 0.387414
vt 0.348380 0.387144
vt 0.352028 0.331473
vt 0.374736 0.358891
vt 0.267920 0.690114
vt 0.267920 0.718934
vt 0.385694 0.299153
vt 0.393228 0.328696
vt 0.377353 0.333521
vt 0.395696 0.386184
vt 0.408104 0.345806
vt 0.416260 0.334990
vt 0.400765 0.318819
vt 0.333075 0.280987
vt 0.330870 0.330295
vt 0.328093 0.385950
vt 0.329497 0.358575
vt 0.283349 0.357005
vt 0.282832 0.384193
vt 0.283760 0.328945
vt 0.306899 0.357637
vt 0.284040 0.296387
vt 0.307780 0.329428
vt 0.308881 0.288564
vt 0.705425 0.846695
vt 0.271473 0.430499
vt 0.256937 0.406674
vt 0.260979 0.299201
vt 0.255541 0.330260
vt 0.705425 0.768732
vt 0.252898 0.356735
vt 0.267920 0.754426
vt 0.267920 0.740429
vt 0.825358 0.516337
vt 0.253945 0.384743
vt 0.825358 0.544426
vt 0.705425 0.901094
vt 0.705425 0.789728
vt 0.705425 0.604200
vt 0.705425 0.584227
vt 0.310916 0.260017
vt 0.335048 0.256221
vt 0.324177 0.439312
vt 0.370360 0.431196
vt 0.344533 0.437148
vt 0.437926 0.383525
vt 0.423310 0.357732
vt 0.436966 0.361733
vt 0.267920 0.789746
vt 0.705425 0.808889
vt 0.705425 0.638024
vt 0.705425 0.625025
vt 0.410228 0.386325
vt 0.434307 0.394492
vt 0.414531 0.414196
vt 0.433886 0.353662
vt 0.267920 0.809716
vt 0.705425 0.744581
vt 0.393664 0.423870
vt 0.407053 0.418842
vt 0.428134 0.346381
vt 0.267920 0.768926
vt 0.394469 0.281824
vt 0.377486 0.259107
vt 0.383275 0.258123
vt 0.390348 0.285863
vt 0.371412 0.258548
vt 0.387567 0.291945
vt 0.412373 0.306168
vt 0.408287 0.309937
vt 0.404454 0.314216
vt 0.427299 0.322431
vt 0.423469 0.326300
vt 0.419798 0.330534
vt 0.409547 0.423032
vt 0.393516 0.429365
vt 0.412423 0.427382
vt 0.393885 0.434760
vt 0.395159 0.439957
vt 0.370154 0.436663
vt 0.370360 0.442053
vt 0.371293 0.447298
vt 0.344123 0.442572
vt 0.344031 0.447933
vt 0.344512 0.453228
vt 0.261715 0.419754
vt 0.252050 0.407905
vt 0.257458 0.422359
vt 0.247083 0.409219
vt 0.253166 0.425012
vt 0.241913 0.410644
vt 0.268280 0.434133
vt 0.265079 0.437938
vt 0.261746 0.442158
vt 0.248793 0.427730
vt 0.280980 0.440552
vt 0.280209 0.445680
vt 0.255214 0.301171
vt 0.250103 0.330657
vt 0.249547 0.302357
vt 0.244690 0.330776
vt 0.244038 0.302184
vt 0.247574 0.356729
vt 0.242262 0.356694
vt 0.239303 0.330390
vt 0.248597 0.384625
vt 0.243260 0.384674
vt 0.237956 0.385007
vt 0.236964 0.356593
vt 0.323435 0.455282
vt 0.300005 0.449290
vt 0.323440 0.449987
vt 0.300629 0.444024
vt 0.323732 0.444671
vt 0.438468 0.396893
vt 0.443141 0.382996
vt 0.442775 0.399278
vt 0.448282 0.382812
vt 0.447429 0.401713
vt 0.424754 0.407498
vt 0.428250 0.411011
vt 0.431797 0.414526
vt 0.435433 0.418089
vt 0.417823 0.418597
vt 0.421262 0.422428
vt 0.425185 0.426165
vt 0.437408 0.350363
vt 0.442260 0.363166
vt 0.441289 0.347296
vt 0.447509 0.363945
vt 0.445784 0.344504
vt 0.452723 0.363648
vt 0.430586 0.341255
vt 0.433508 0.336584
vt 0.415301 0.431887
vt 0.437162 0.332694
vt 0.262276 0.264904
vt 0.268019 0.263858
vt 0.256598 0.265472
vt 0.251015 0.265204
vt 0.278876 0.450755
vt 0.299420 0.454483
vt 0.453337 0.383171
vt 0.705425 0.447115
vt 0.387853 0.613556
vt 0.705425 0.295315
vt 0.387853 0.665170
vt 0.825358 0.872678
vt 0.705425 0.570499
vt 0.018693 0.034416
vt 0.006864 0.105553
vt 0.223236 0.078975
vt 0.205333 0.044057
vt 0.825358 0.447115
vt 0.267920 0.613555
vt 0.825358 0.295315
vt 0.248794 0.034416
vt 0.236964 0.105553
vt 0.453337 0.078975
vt 0.435433 0.044057
vt 0.267920 0.665170
vt 0.705425 0.872678
vt 0.825358 0.570499
s 1
usemtl WoodToy2
f 93/1/1 36/2/2 35/3/3
f 28/4/4 171/5/5 167/6/6
f 80/7/7 22/8/8 133/9/9
f 164/10/8 60/11/10 10/12/8
f 32/13/11 64/14/12 72/15/13
f 69/16/14 51/17/15 30/18/16
f 13/19/8 57/20/17 96/21/18
f 31/22/19 72/15/13 76/23/20
f 2/24/8 3/25/8 1/26/8
f 5/27/8 4/28/8 2/24/8
f 104/29/21 45/30/22 44/31/23
f 108/32/24 44/31/23 43/33/25
f 105/34/26 8/35/8 6/36/8
f 7/37/8 4/28/8 16/38/8
f 101/39/27 8/35/8 109/40/28
f 5/27/8 17/41/8 13/19/8
f 2/24/8 18/42/8 5/27/8
f 19/43/8 2/24/8 1/26/8
f 22/8/8 20/44/8 19/43/8
f 21/45/8 22/8/8 14/46/8
f 25/47/8 23/48/8 21/45/8
f 15/49/8 26/50/8 25/47/8
f 24/51/8 18/42/8 26/50/8
f 20/44/8 26/50/8 18/42/8
f 41/52/29 85/53/30 34/54/31
f 13/19/8 96/21/18 5/27/8
f 88/55/32 84/56/33 14/46/8
f 105/34/26 5/27/8 96/21/18
f 16/38/8 6/36/8 8/35/8
f 113/57/34 25/47/8 120/58/35
f 132/59/36 47/60/37 46/61/38
f 120/58/35 21/45/8 124/62/39
f 42/63/40 153/64/41 100/65/42
f 112/66/43 39/67/44 38/68/45
f 100/65/42 43/33/25 42/63/40
f 21/45/8 116/69/46 124/62/39
f 121/70/47 40/71/48 39/67/44
f 125/72/49 41/52/29 40/71/48
f 81/73/50 46/61/38 37/74/51
f 48/75/52 145/76/53 137/77/54
f 30/18/16 76/23/20 69/16/14
f 10/12/8 165/78/8 164/10/8
f 12/79/8 166/80/8 165/78/8
f 166/80/8 9/81/8 13/19/8
f 85/53/30 35/3/3 34/54/31
f 22/8/8 128/82/55 133/9/9
f 1/26/8 73/83/56 65/84/57
f 136/85/58 55/86/8 161/87/59
f 160/88/60 53/89/61 52/90/62
f 19/43/8 65/84/57 128/82/55
f 89/91/63 37/74/51 36/2/2
f 50/92/64 141/93/65 149/94/66
f 27/95/8 144/96/67 140/97/68
f 49/98/69 149/94/66 145/76/53
f 55/86/8 156/99/70 161/87/59
f 137/100/54 52/90/62 48/101/52
f 129/102/71 33/103/72 47/60/37
f 3/25/8 77/104/73 73/83/56
f 7/37/8 68/105/74 77/104/73
f 152/106/75 16/38/8 101/39/27
f 157/107/76 54/108/77 53/89/61
f 16/38/8 27/95/8 7/37/8
f 104/109/21 99/110/78 97/111/79
f 106/112/80 98/113/81 99/110/78
f 107/114/82 96/21/18 98/113/81
f 108/115/24 106/112/80 104/109/21
f 110/116/83 107/114/82 106/112/80
f 111/117/84 105/34/26 107/114/82
f 100/118/42 110/116/83 108/115/24
f 102/119/85 111/117/84 110/116/83
f 103/120/86 109/40/28 111/117/84
f 77/104/73 70/121/87 79/122/88
f 79/122/88 71/123/89 78/124/90
f 71/123/89 76/125/20 78/124/90
f 73/83/56 79/122/88 75/126/91
f 75/126/91 78/124/90 74/127/92
f 74/127/92 76/125/20 72/128/13
f 65/84/57 75/126/91 67/129/93
f 67/129/93 74/127/92 66/130/94
f 66/130/94 72/128/13 64/131/12
f 92/132/95 86/133/96 84/56/33
f 94/134/97 87/135/98 86/133/96
f 95/136/99 85/137/30 87/135/98
f 92/132/95 90/138/100 94/134/97
f 94/134/97 91/139/101 95/136/99
f 95/136/99 89/140/63 93/141/1
f 80/7/7 90/138/100 88/55/32
f 82/142/102 91/139/101 90/138/100
f 83/143/103 89/140/63 91/139/101
f 120/58/35 115/144/104 113/57/34
f 122/145/105 114/146/106 115/144/104
f 123/147/107 112/148/43 114/146/106
f 124/62/39 122/145/105 120/58/35
f 126/149/108 123/147/107 122/145/105
f 127/150/109 121/151/47 123/147/107
f 124/62/39 118/152/110 126/149/108
f 126/149/108 119/153/111 127/150/109
f 127/150/109 117/154/112 125/155/49
f 129/156/71 134/157/113 131/158/114
f 131/158/114 135/159/115 130/160/116
f 130/160/116 133/9/9 128/82/55
f 136/85/58 146/161/117 144/96/67
f 138/162/118 147/163/119 146/161/117
f 139/164/120 145/165/53 147/163/119
f 148/166/121 146/161/117 150/167/122
f 150/167/122 147/163/119 151/168/123
f 151/168/123 145/165/53 149/169/66
f 148/166/121 142/170/124 140/97/68
f 150/167/122 143/171/125 142/170/124
f 151/168/123 141/172/65 143/171/125
f 161/87/59 158/173/126 163/174/127
f 163/174/127 159/175/128 162/176/129
f 162/176/129 157/177/76 160/178/60
f 152/106/75 158/173/126 156/99/70
f 154/179/130 159/175/128 158/173/126
f 155/180/131 157/177/76 159/175/128
f 69/181/14 143/171/125 141/172/65
f 71/123/89 142/170/124 143/171/125
f 70/121/87 140/97/68 142/170/124
f 153/182/41 102/119/85 100/118/42
f 155/180/131 103/120/86 102/119/85
f 154/179/130 101/39/27 103/120/86
f 116/69/46 86/133/96 118/152/110
f 118/152/110 87/135/98 119/153/111
f 119/153/111 85/137/30 117/154/112
f 113/57/34 169/183/132 168/184/133
f 115/144/104 170/185/134 169/183/132
f 114/146/106 171/186/5 170/185/134
f 81/187/50 134/157/113 132/188/36
f 83/143/103 135/159/115 134/157/113
f 82/142/102 133/9/9 135/159/115
f 136/85/58 163/174/127 138/162/118
f 138/162/118 162/176/129 139/164/120
f 139/164/120 160/178/60 137/189/54
f 64/131/12 131/158/114 66/130/94
f 66/130/94 130/160/116 67/129/93
f 67/129/93 128/82/55 65/84/57
f 45/30/22 56/190/135 29/191/136
f 59/192/137 96/21/18 57/20/17
f 58/193/138 98/113/81 59/192/137
f 56/194/135 99/110/78 58/193/138
f 170/185/134 61/195/139 63/196/140
f 169/183/132 63/196/140 62/197/141
f 168/184/133 62/197/141 60/11/10
f 17/41/8 166/80/8 13/19/8
f 165/78/8 17/41/8 24/51/8
f 164/10/8 24/51/8 15/49/8
f 15/49/8 168/184/133 164/10/8
f 167/6/6 112/66/43 38/68/45
f 201/198/142 250/199/143 200/200/144
f 328/201/145 28/4/4 324/202/146
f 237/203/147 189/204/8 181/205/8
f 321/206/8 60/11/10 325/207/148
f 221/208/149 197/209/150 229/210/151
f 216/211/152 226/212/153 195/213/154
f 57/20/17 180/214/8 253/215/155
f 229/210/151 196/216/156 233/217/157
f 174/218/8 173/219/8 172/220/8
f 175/221/8 176/222/8 173/219/8
f 210/223/158 261/224/159 209/225/160
f 209/225/160 265/226/161 208/227/162
f 262/228/163 179/229/8 266/230/164
f 178/231/8 175/221/8 174/218/8
f 258/232/165 179/229/8 183/233/8
f 184/234/8 176/222/8 180/214/8
f 185/235/8 173/219/8 176/222/8
f 173/219/8 186/236/8 172/220/8
f 187/237/8 189/204/8 186/236/8
f 189/204/8 188/238/8 181/205/8
f 190/239/8 192/240/8 188/238/8
f 182/241/8 193/242/8 191/243/8
f 191/243/8 185/235/8 184/234/8
f 193/242/8 187/237/8 185/235/8
f 242/244/166 206/245/167 199/246/168
f 180/214/8 176/222/8 253/215/155
f 181/205/8 241/247/169 245/248/170
f 176/222/8 262/228/163 253/215/155
f 183/233/8 177/249/8 175/221/8
f 270/250/171 192/240/8 182/241/8
f 212/251/172 289/252/173 211/253/174
f 277/254/175 188/238/8 192/240/8
f 310/255/176 207/256/177 257/257/178
f 204/258/179 269/259/180 203/260/181
f 208/227/162 257/257/178 207/256/177
f 273/261/182 188/238/8 281/262/183
f 205/263/184 278/264/185 204/258/179
f 206/245/167 282/265/186 205/266/184
f 211/253/174 238/267/187 202/268/188
f 302/269/189 213/270/190 294/271/191
f 233/217/157 195/213/154 226/212/153
f 322/272/8 10/12/8 321/206/8
f 323/273/8 12/79/8 322/272/8
f 323/273/8 9/81/8 11/274/8
f 200/200/144 242/244/166 199/246/168
f 285/275/192 189/204/8 290/276/193
f 172/220/8 230/277/194 174/218/8
f 293/278/195 220/279/8 194/280/8
f 218/281/196 317/282/197 217/283/198
f 222/284/199 186/236/8 285/275/192
f 202/268/188 246/285/200 201/198/142
f 298/286/201 215/287/202 306/288/203
f 297/289/204 301/290/205 194/280/8
f 306/288/203 214/291/206 302/269/189
f 313/292/207 220/279/8 318/293/208
f 217/283/198 294/294/191 213/295/190
f 198/296/209 286/297/210 212/251/172
f 174/218/8 234/298/211 178/231/8
f 178/231/8 225/299/212 194/280/8
f 309/300/213 183/233/8 220/279/8
f 219/301/214 314/302/215 218/281/196
f 183/233/8 194/280/8 220/279/8
f 256/303/216 261/304/159 254/305/217
f 255/306/218 263/307/219 256/303/216
f 253/215/155 264/308/220 255/306/218
f 263/307/219 265/309/161 261/304/159
f 264/308/220 267/310/221 263/307/219
f 262/228/163 268/311/222 264/308/220
f 267/310/221 257/312/178 265/309/161
f 268/311/222 259/313/223 267/310/221
f 266/230/164 260/314/224 268/311/222
f 234/298/211 227/315/225 225/299/212
f 236/316/226 228/317/227 227/315/225
f 233/318/157 228/317/227 235/319/228
f 230/277/194 236/316/226 234/298/211
f 232/320/229 235/319/228 236/316/226
f 231/321/230 233/318/157 235/319/228
f 222/284/199 232/320/229 230/277/194
f 224/322/231 231/321/230 232/320/229
f 223/323/232 229/324/151 231/321/230
f 243/325/233 249/326/234 241/247/169
f 244/327/235 251/328/236 243/325/233
f 242/329/166 252/330/237 244/327/235
f 249/326/234 247/331/238 245/248/170
f 251/328/236 248/332/239 247/331/238
f 252/330/237 246/333/200 248/332/239
f 247/331/238 237/203/147 245/248/170
f 248/332/239 239/334/240 247/331/238
f 246/333/200 240/335/241 248/332/239
f 272/336/242 277/254/175 270/250/171
f 271/337/243 279/338/244 272/336/242
f 269/339/180 280/340/245 271/337/243
f 279/338/244 281/262/183 277/254/175
f 280/340/245 283/341/246 279/338/244
f 278/342/185 284/343/247 280/340/245
f 281/262/183 275/344/248 273/261/182
f 283/341/246 276/345/249 275/344/248
f 284/343/247 274/346/250 276/345/249
f 286/347/210 291/348/251 289/349/173
f 288/350/252 292/351/253 291/348/251
f 287/352/254 290/276/193 292/351/253
f 303/353/255 293/278/195 301/290/205
f 304/354/256 295/355/257 303/353/255
f 302/356/189 296/357/258 304/354/256
f 305/358/259 303/353/255 301/290/205
f 307/359/260 304/354/256 303/353/255
f 308/360/261 302/356/189 304/354/256
f 299/361/262 305/358/259 297/289/204
f 300/362/263 307/359/260 299/361/262
f 298/363/201 308/360/261 300/362/263
f 318/293/208 315/364/264 313/292/207
f 320/365/265 316/366/266 315/364/264
f 319/367/267 314/368/215 316/366/266
f 315/364/264 309/300/213 313/292/207
f 316/366/266 311/369/268 315/364/264
f 314/368/215 312/370/269 316/366/266
f 300/362/263 226/371/153 298/363/201
f 299/361/262 228/317/227 300/362/263
f 297/289/204 227/315/225 299/361/262
f 259/313/223 310/372/176 257/312/178
f 260/314/224 312/370/269 259/313/223
f 258/232/165 311/369/268 260/314/224
f 273/261/182 243/325/233 241/247/169
f 275/344/248 244/327/235 243/325/233
f 276/345/249 242/329/166 244/327/235
f 326/373/270 270/250/171 325/207/148
f 327/374/271 272/336/242 326/373/270
f 328/375/145 271/337/243 327/374/271
f 291/348/251 238/376/187 289/349/173
f 292/351/253 240/335/241 291/348/251
f 290/276/193 239/334/240 292/351/253
f 293/278/195 320/365/265 318/293/208
f 295/355/257 319/367/267 320/365/265
f 296/357/258 317/377/197 319/367/267
f 221/378/149 288/350/252 286/347/210
f 223/323/232 287/352/254 288/350/252
f 224/322/231 285/275/192 287/352/254
f 56/190/135 210/223/158 29/191/136
f 59/192/137 253/215/155 255/306/218
f 58/193/138 255/306/218 256/303/216
f 56/194/135 256/303/216 254/305/217
f 61/195/139 327/374/271 63/196/140
f 63/196/140 326/373/270 62/197/141
f 62/197/141 325/207/148 60/11/10
f 184/234/8 180/214/8 323/273/8
f 184/234/8 322/272/8 191/243/8
f 191/243/8 321/206/8 182/241/8
f 182/241/8 325/207/148 270/250/171
f 269/259/180 324/202/146 203/260/181
f 36/2/2 394/379/272 35/3/3
f 471/380/273 28/4/4 167/6/6
f 381/381/274 350/382/275 342/383/275
f 465/384/275 361/385/276 468/386/277
f 365/387/278 32/13/11 373/388/279
f 51/17/15 370/389/280 30/18/16
f 358/390/281 341/391/275 397/392/282
f 373/388/279 31/22/19 377/393/283
f 331/394/275 330/395/275 329/396/275
f 332/397/275 333/398/275 330/395/275
f 45/30/22 405/399/284 44/31/23
f 44/31/23 409/400/285 43/33/25
f 406/401/286 336/402/275 410/403/287
f 335/404/275 332/397/275 331/394/275
f 402/405/288 336/402/275 344/406/275
f 345/407/275 333/398/275 341/391/275
f 346/408/275 330/395/275 333/398/275
f 330/395/275 347/409/275 329/396/275
f 348/410/275 350/382/275 347/409/275
f 350/382/275 349/411/275 342/383/275
f 351/412/275 353/413/275 349/411/275
f 343/414/275 354/415/275 352/416/275
f 352/416/275 346/408/275 345/407/275
f 354/415/275 348/410/275 346/408/275
f 386/417/289 41/52/29 34/54/31
f 341/391/275 333/398/275 397/392/282
f 342/383/275 385/418/290 389/419/291
f 333/398/275 406/401/286 397/392/282
f 344/406/275 334/420/275 332/397/275
f 414/421/292 353/413/275 343/414/275
f 47/60/37 433/422/293 46/61/38
f 421/423/294 349/411/275 353/413/275
f 454/424/295 42/63/40 401/425/296
f 39/67/44 413/426/297 38/68/45
f 43/33/25 401/425/296 42/63/40
f 417/427/298 349/411/275 425/428/299
f 40/71/48 422/429/300 39/67/44
f 41/52/29 426/430/301 40/71/48
f 46/61/38 382/431/302 37/74/51
f 446/432/303 48/75/52 438/433/304
f 377/393/283 30/18/16 370/389/280
f 466/434/275 338/435/275 465/384/275
f 467/436/275 340/437/275 466/434/275
f 467/436/275 337/438/275 339/439/275
f 35/3/3 386/417/289 34/54/31
f 429/440/305 350/382/275 434/441/306
f 329/396/275 374/442/307 331/394/275
f 437/443/308 356/444/275 355/445/275
f 53/89/61 461/446/309 52/90/62
f 366/447/310 347/409/275 429/440/305
f 37/74/51 390/448/311 36/2/2
f 442/449/312 50/92/64 450/450/313
f 441/451/314 445/452/315 355/445/275
f 450/450/313 49/98/69 446/432/303
f 457/453/316 356/444/275 462/454/317
f 52/90/62 438/455/304 48/101/52
f 33/103/72 430/456/318 47/60/37
f 331/394/275 378/457/319 335/404/275
f 335/404/275 369/458/320 355/445/275
f 453/459/321 344/406/275 356/444/275
f 54/108/77 458/460/322 53/89/61
f 344/406/275 355/445/275 356/444/275
f 400/461/323 405/462/284 398/463/324
f 399/464/325 407/465/326 400/461/323
f 397/392/282 408/466/327 399/464/325
f 407/465/326 409/467/285 405/462/284
f 408/466/327 411/468/328 407/465/326
f 406/401/286 412/469/329 408/466/327
f 411/468/328 401/470/296 409/467/285
f 412/469/329 403/471/330 411/468/328
f 410/403/287 404/472/331 412/469/329
f 378/457/319 371/473/332 369/458/320
f 380/474/333 372/475/334 371/473/332
f 377/476/283 372/475/334 379/477/335
f 374/442/307 380/474/333 378/457/319
f 376/478/336 379/477/335 380/474/333
f 375/479/337 377/476/283 379/477/335
f 366/447/310 376/478/336 374/442/307
f 368/480/338 375/479/337 376/478/336
f 367/481/339 373/482/279 375/479/337
f 387/483/340 393/484/341 385/418/290
f 388/485/342 395/486/343 387/483/340
f 386/487/289 396/488/344 388/485/342
f 393/484/341 391/489/345 389/419/291
f 395/486/343 392/490/346 391/489/345
f 396/488/344 390/491/311 392/490/346
f 391/489/345 381/381/274 389/419/291
f 392/490/346 383/492/347 391/489/345
f 390/491/311 384/493/348 392/490/346
f 416/494/349 421/423/294 414/421/292
f 415/495/350 423/496/351 416/494/349
f 413/497/297 424/498/352 415/495/350
f 423/496/351 425/428/299 421/423/294
f 424/498/352 427/499/353 423/496/351
f 422/500/300 428/501/354 424/498/352
f 425/428/299 419/502/355 417/427/298
f 427/499/353 420/503/356 419/502/355
f 428/501/354 418/504/357 420/503/356
f 430/505/318 435/506/358 433/507/293
f 432/508/359 436/509/360 435/506/358
f 431/510/361 434/441/306 436/509/360
f 447/511/362 437/443/308 445/452/315
f 448/512/363 439/513/364 447/511/362
f 446/514/303 440/515/365 448/512/363
f 449/516/366 447/511/362 445/452/315
f 451/517/367 448/512/363 447/511/362
f 452/518/368 446/514/303 448/512/363
f 443/519/369 449/516/366 441/451/314
f 444/520/370 451/517/367 443/519/369
f 442/521/312 452/518/368 444/520/370
f 462/454/317 459/522/371 457/453/316
f 464/523/372 460/524/373 459/522/371
f 463/525/374 458/526/322 460/524/373
f 459/522/371 453/459/321 457/453/316
f 460/524/373 455/527/375 459/522/371
f 458/526/322 456/528/376 460/524/373
f 444/520/370 370/529/280 442/521/312
f 443/519/369 372/475/334 444/520/370
f 441/451/314 371/473/332 443/519/369
f 403/471/330 454/530/295 401/470/296
f 404/472/331 456/528/376 403/471/330
f 402/405/288 455/527/375 404/472/331
f 417/427/298 387/483/340 385/418/290
f 419/502/355 388/485/342 387/483/340
f 420/503/356 386/487/289 388/485/342
f 469/531/377 414/421/292 468/386/277
f 470/532/378 416/494/349 469/531/377
f 471/533/273 415/495/350 470/532/378
f 435/506/358 382/534/302 433/507/293
f 436/509/360 384/493/348 435/506/358
f 434/441/306 383/492/347 436/509/360
f 437/443/308 464/523/372 462/454/317
f 439/513/364 463/525/374 464/523/372
f 440/515/365 461/535/309 463/525/374
f 365/536/278 432/508/359 430/505/318
f 367/481/339 431/510/361 432/508/359
f 368/480/338 429/440/305 431/510/361
f 357/537/379 45/30/22 29/191/136
f 360/538/380 397/392/282 399/464/325
f 359/539/381 399/464/325 400/461/323
f 357/540/379 400/461/323 398/463/324
f 362/541/382 470/532/378 364/542/383
f 364/542/383 469/531/377 363/543/384
f 363/543/384 468/386/277 361/385/276
f 345/407/275 341/391/275 467/436/275
f 345/407/275 466/434/275 352/416/275
f 352/416/275 465/384/275 343/414/275
f 343/414/275 468/386/277 414/421/292
f 413/426/297 167/6/6 38/68/45
f 525/544/385 201/198/142 200/200/144
f 28/4/4 602/545/386 324/202/146
f 512/546/387 489/547/275 565/548/388
f 596/549/275 361/385/276 338/435/275
f 197/209/150 496/550/389 504/551/390
f 501/552/391 216/211/152 195/213/154
f 480/553/275 358/390/281 528/554/392
f 196/216/156 504/551/390 508/555/393
f 473/556/275 474/557/275 472/558/275
f 476/559/275 475/560/275 473/556/275
f 536/561/394 210/223/158 209/225/160
f 540/562/395 209/225/160 208/227/162
f 537/563/396 479/564/275 477/565/275
f 478/566/275 475/560/275 483/567/275
f 533/568/397 479/564/275 541/569/398
f 476/559/275 484/570/275 480/553/275
f 473/556/275 485/571/275 476/559/275
f 486/572/275 473/556/275 472/558/275
f 489/547/275 487/573/275 486/572/275
f 488/574/275 489/547/275 481/575/275
f 492/576/275 490/577/275 488/574/275
f 482/578/275 493/579/275 492/576/275
f 491/580/275 485/571/275 493/579/275
f 487/573/275 493/579/275 485/571/275
f 206/245/167 517/581/399 199/246/168
f 480/553/275 528/554/392 476/559/275
f 520/582/400 516/583/401 481/575/275
f 537/563/396 476/559/275 528/554/392
f 483/567/275 477/565/275 479/564/275
f 545/584/402 492/576/275 552/585/403
f 564/586/404 212/251/172 211/253/174
f 552/585/403 488/574/275 556/587/405
f 207/256/177 585/588/406 532/589/407
f 544/590/408 204/258/179 203/260/181
f 532/589/407 208/227/162 207/256/177
f 488/574/275 548/591/409 556/587/405
f 553/592/410 205/263/184 204/258/179
f 557/593/411 206/245/167 205/266/184
f 513/594/412 211/253/174 202/268/188
f 213/270/190 577/595/413 569/596/414
f 195/213/154 508/555/393 501/552/391
f 338/435/275 597/597/275 596/549/275
f 340/437/275 598/598/275 597/597/275
f 598/598/275 337/438/275 480/553/275
f 517/581/399 200/200/144 199/246/168
f 489/547/275 560/599/415 565/548/388
f 472/558/275 505/600/416 497/601/417
f 568/602/418 495/603/275 593/604/419
f 592/605/420 218/281/196 217/283/198
f 486/572/275 497/601/417 560/599/415
f 521/606/421 202/268/188 201/198/142
f 215/287/202 573/607/422 581/608/423
f 494/609/275 576/610/424 572/611/425
f 214/291/206 581/608/423 577/595/413
f 495/603/275 588/612/426 593/604/419
f 569/613/414 217/283/198 213/295/190
f 561/614/427 198/296/209 212/251/172
f 474/557/275 509/615/428 505/600/416
f 478/566/275 500/616/429 509/615/428
f 584/617/430 483/567/275 533/568/397
f 589/618/431 219/301/214 218/281/196
f 483/567/275 494/609/275 478/566/275
f 536/619/394 531/620/432 529/621/433
f 538/622/434 530/623/435 531/620/432
f 539/624/436 528/554/392 530/623/435
f 540/625/395 538/622/434 536/619/394
f 542/626/437 539/624/436 538/622/434
f 543/627/438 537/563/396 539/624/436
f 532/628/407 542/626/437 540/625/395
f 534/629/439 543/627/438 542/626/437
f 535/630/440 541/569/398 543/627/438
f 509/615/428 502/631/441 511/632/442
f 511/632/442 503/633/443 510/634/444
f 503/633/443 508/635/393 510/634/444
f 505/600/416 511/632/442 507/636/445
f 507/636/445 510/634/444 506/637/446
f 506/637/446 508/635/393 504/638/390
f 497/601/417 507/636/445 499/639/447
f 499/639/447 506/637/446 498/640/448
f 498/640/448 504/638/390 496/641/389
f 524/642/449 518/643/450 516/583/401
f 526/644/451 519/645/452 518/643/450
f 527/646/453 517/647/399 519/645/452
f 524/642/449 522/648/454 526/644/451
f 526/644/451 523/649/455 527/646/453
f 527/646/453 521/650/421 525/651/385
f 512/546/387 522/648/454 520/582/400
f 514/652/456 523/649/455 522/648/454
f 515/653/457 521/650/421 523/649/455
f 552/585/403 547/654/458 545/584/402
f 554/655/459 546/656/460 547/654/458
f 555/657/461 544/658/408 546/656/460
f 556/587/405 554/655/459 552/585/403
f 558/659/462 555/657/461 554/655/459
f 559/660/463 553/661/410 555/657/461
f 556/587/405 550/662/464 558/659/462
f 558/659/462 551/663/465 559/660/463
f 559/660/463 549/664/466 557/665/411
f 561/666/427 566/667/467 563/668/468
f 563/668/468 567/669/469 562/670/470
f 562/670/470 565/548/388 560/599/415
f 568/602/418 578/671/471 576/610/424
f 570/672/472 579/673/473 578/671/471
f 571/674/474 577/675/413 579/673/473
f 580/676/475 578/671/471 582/677/476
f 582/677/476 579/673/473 583/678/477
f 583/678/477 577/675/413 581/679/423
f 580/676/475 574/680/478 572/611/425
f 582/677/476 575/681/479 574/680/478
f 583/678/477 573/682/422 575/681/479
f 593/604/419 590/683/480 595/684/481
f 595/684/481 591/685/482 594/686/483
f 594/686/483 589/687/431 592/688/420
f 584/617/430 590/683/480 588/612/426
f 586/689/484 591/685/482 590/683/480
f 587/690/485 589/687/431 591/685/482
f 501/691/391 575/681/479 573/682/422
f 503/633/443 574/680/478 575/681/479
f 502/631/441 572/611/425 574/680/478
f 585/692/406 534/629/439 532/628/407
f 587/690/485 535/630/440 534/629/439
f 586/689/484 533/568/397 535/630/440
f 548/591/409 518/643/450 550/662/464
f 550/662/464 519/645/452 551/663/465
f 551/663/465 517/647/399 549/664/466
f 545/584/402 600/693/486 599/694/487
f 547/654/458 601/695/488 600/693/486
f 546/656/460 602/696/386 601/695/488
f 513/697/412 566/667/467 564/698/404
f 515/653/457 567/669/469 566/667/467
f 514/652/456 565/548/388 567/669/469
f 568/602/418 595/684/481 570/672/472
f 570/672/472 594/686/483 571/674/474
f 571/674/474 592/688/420 569/699/414
f 496/641/389 563/668/468 498/640/448
f 498/640/448 562/670/470 499/639/447
f 499/639/447 560/599/415 497/601/417
f 210/223/158 357/537/379 29/191/136
f 360/538/380 528/554/392 358/390/281
f 359/539/381 530/623/435 360/538/380
f 357/540/379 531/620/432 359/539/381
f 601/695/488 362/541/382 364/542/383
f 600/693/486 364/542/383 363/543/384
f 599/694/487 363/543/384 361/385/276
f 484/570/275 598/598/275 480/553/275
f 597/597/275 484/570/275 491/580/275
f 596/549/275 491/580/275 482/578/275
f 482/578/275 599/694/487 596/549/275
f 324/202/146 544/590/408 203/260/181
f 93/1/1 89/91/63 36/2/2
f 28/4/4 61/700/139 171/5/5
f 80/7/7 14/46/8 22/8/8
f 164/10/8 168/184/133 60/11/10
f 32/13/11 33/103/72 64/14/12
f 69/16/14 141/93/65 51/17/15
f 13/19/8 9/81/8 57/20/17
f 31/22/19 32/13/11 72/15/13
f 2/24/8 4/28/8 3/25/8
f 5/27/8 6/36/8 4/28/8
f 104/29/21 97/701/79 45/30/22
f 108/32/24 104/29/21 44/31/23
f 105/34/26 109/40/28 8/35/8
f 7/37/8 3/25/8 4/28/8
f 101/39/27 16/38/8 8/35/8
f 5/27/8 18/42/8 17/41/8
f 2/24/8 20/44/8 18/42/8
f 19/43/8 20/44/8 2/24/8
f 22/8/8 23/48/8 20/44/8
f 21/45/8 23/48/8 22/8/8
f 25/47/8 26/50/8 23/48/8
f 15/49/8 24/51/8 26/50/8
f 24/51/8 17/41/8 18/42/8
f 20/44/8 23/48/8 26/50/8
f 41/52/29 117/702/112 85/53/30
f 14/46/8 80/7/7 88/55/32
f 88/55/32 92/132/95 84/56/33
f 84/56/33 116/69/46 14/46/8
f 105/34/26 6/36/8 5/27/8
f 16/38/8 4/28/8 6/36/8
f 113/57/34 15/49/8 25/47/8
f 132/59/36 129/102/71 47/60/37
f 120/58/35 25/47/8 21/45/8
f 42/63/40 54/108/77 153/64/41
f 112/66/43 121/70/47 39/67/44
f 100/65/42 108/32/24 43/33/25
f 21/45/8 14/46/8 116/69/46
f 121/70/47 125/72/49 40/71/48
f 125/72/49 117/702/112 41/52/29
f 81/73/50 132/59/36 46/61/38
f 48/75/52 49/98/69 145/76/53
f 30/18/16 31/22/19 76/23/20
f 10/12/8 12/79/8 165/78/8
f 12/79/8 11/274/8 166/80/8
f 166/80/8 11/274/8 9/81/8
f 85/53/30 93/1/1 35/3/3
f 22/8/8 19/43/8 128/82/55
f 1/26/8 3/25/8 73/83/56
f 136/85/58 27/95/8 55/86/8
f 160/88/60 157/107/76 53/89/61
f 19/43/8 1/26/8 65/84/57
f 89/91/63 81/73/50 37/74/51
f 50/92/64 51/17/15 141/93/65
f 140/97/68 68/105/74 27/95/8
f 27/95/8 136/85/58 144/96/67
f 144/96/67 148/166/121 140/97/68
f 49/98/69 50/92/64 149/94/66
f 55/86/8 152/106/75 156/99/70
f 137/100/54 160/88/60 52/90/62
f 129/102/71 64/14/12 33/103/72
f 3/25/8 7/37/8 77/104/73
f 7/37/8 27/95/8 68/105/74
f 152/106/75 55/86/8 16/38/8
f 157/107/76 153/64/41 54/108/77
f 16/38/8 55/86/8 27/95/8
f 104/109/21 106/112/80 99/110/78
f 106/112/80 107/114/82 98/113/81
f 107/114/82 105/34/26 96/21/18
f 108/115/24 110/116/83 106/112/80
f 110/116/83 111/117/84 107/114/82
f 111/117/84 109/40/28 105/34/26
f 100/118/42 102/119/85 110/116/83
f 102/119/85 103/120/86 111/117/84
f 103/120/86 101/39/27 109/40/28
f 77/104/73 68/105/74 70/121/87
f 79/122/88 70/121/87 71/123/89
f 71/123/89 69/181/14 76/125/20
f 73/83/56 77/104/73 79/122/88
f 75/126/91 79/122/88 78/124/90
f 74/127/92 78/124/90 76/125/20
f 65/84/57 73/83/56 75/126/91
f 67/129/93 75/126/91 74/127/92
f 66/130/94 74/127/92 72/128/13
f 92/132/95 94/134/97 86/133/96
f 94/134/97 95/136/99 87/135/98
f 95/136/99 93/141/1 85/137/30
f 92/132/95 88/55/32 90/138/100
f 94/134/97 90/138/100 91/139/101
f 95/136/99 91/139/101 89/140/63
f 80/7/7 82/142/102 90/138/100
f 82/142/102 83/143/103 91/139/101
f 83/143/103 81/187/50 89/140/63
f 120/58/35 122/145/105 115/144/104
f 122/145/105 123/147/107 114/146/106
f 123/147/107 121/151/47 112/148/43
f 124/62/39 126/149/108 122/145/105
f 126/149/108 127/150/109 123/147/107
f 127/150/109 125/155/49 121/151/47
f 124/62/39 116/69/46 118/152/110
f 126/149/108 118/152/110 119/153/111
f 127/150/109 119/153/111 117/154/112
f 129/156/71 132/188/36 134/157/113
f 131/158/114 134/157/113 135/159/115
f 130/160/116 135/159/115 133/9/9
f 136/85/58 138/162/118 146/161/117
f 138/162/118 139/164/120 147/163/119
f 139/164/120 137/189/54 145/165/53
f 148/166/121 144/96/67 146/161/117
f 150/167/122 146/161/117 147/163/119
f 151/168/123 147/163/119 145/165/53
f 148/166/121 150/167/122 142/170/124
f 150/167/122 151/168/123 143/171/125
f 151/168/123 149/169/66 141/172/65
f 161/87/59 156/99/70 158/173/126
f 163/174/127 158/173/126 159/175/128
f 162/176/129 159/175/128 157/177/76
f 152/106/75 154/179/130 158/173/126
f 154/179/130 155/180/131 159/175/128
f 155/180/131 153/182/41 157/177/76
f 69/181/14 71/123/89 143/171/125
f 71/123/89 70/121/87 142/170/124
f 70/121/87 68/105/74 140/97/68
f 153/182/41 155/180/131 102/119/85
f 155/180/131 154/179/130 103/120/86
f 154/179/130 152/106/75 101/39/27
f 116/69/46 84/56/33 86/133/96
f 118/152/110 86/133/96 87/135/98
f 119/153/111 87/135/98 85/137/30
f 113/57/34 115/144/104 169/183/132
f 115/144/104 114/146/106 170/185/134
f 114/146/106 112/148/43 171/186/5
f 81/187/50 83/143/103 134/157/113
f 83/143/103 82/142/102 135/159/115
f 82/142/102 80/7/7 133/9/9
f 136/85/58 161/87/59 163/174/127
f 138/162/118 163/174/127 162/176/129
f 139/164/120 162/176/129 160/178/60
f 64/131/12 129/156/71 131/158/114
f 66/130/94 131/158/114 130/160/116
f 67/129/93 130/160/116 128/82/55
f 45/30/22 97/701/79 56/190/135
f 59/192/137 98/113/81 96/21/18
f 58/193/138 99/110/78 98/113/81
f 56/194/135 97/111/79 99/110/78
f 170/185/134 171/186/5 61/195/139
f 169/183/132 170/185/134 63/196/140
f 168/184/133 169/183/132 62/197/141
f 165/78/8 166/80/8 17/41/8
f 164/10/8 165/78/8 24/51/8
f 15/49/8 113/57/34 168/184/133
f 167/6/6 171/5/5 112/66/43
f 201/198/142 246/285/200 250/199/143
f 328/201/145 61/700/139 28/4/4
f 237/203/147 290/276/193 189/204/8
f 321/206/8 10/12/8 60/11/10
f 221/208/149 198/296/209 197/209/150
f 216/211/152 298/286/201 226/212/153
f 57/20/17 9/81/8 180/214/8
f 229/210/151 197/209/150 196/216/156
f 174/218/8 175/221/8 173/219/8
f 175/221/8 177/249/8 176/222/8
f 210/223/158 254/703/217 261/224/159
f 209/225/160 261/224/159 265/226/161
f 262/228/163 177/249/8 179/229/8
f 178/231/8 183/233/8 175/221/8
f 258/232/165 266/230/164 179/229/8
f 184/234/8 185/235/8 176/222/8
f 185/235/8 187/237/8 173/219/8
f 173/219/8 187/237/8 186/236/8
f 187/237/8 190/239/8 189/204/8
f 189/204/8 190/239/8 188/238/8
f 190/239/8 193/242/8 192/240/8
f 182/241/8 192/240/8 193/242/8
f 191/243/8 193/242/8 185/235/8
f 193/242/8 190/239/8 187/237/8
f 242/244/166 274/704/250 206/245/167
f 245/248/170 237/203/147 181/205/8
f 181/205/8 273/261/182 241/247/169
f 241/247/169 249/326/234 245/248/170
f 176/222/8 177/249/8 262/228/163
f 183/233/8 179/229/8 177/249/8
f 270/250/171 277/254/175 192/240/8
f 212/251/172 286/297/210 289/252/173
f 277/254/175 281/262/183 188/238/8
f 310/255/176 219/301/214 207/256/177
f 204/258/179 278/264/185 269/259/180
f 208/227/162 265/226/161 257/257/178
f 273/261/182 181/205/8 188/238/8
f 205/263/184 282/705/186 278/264/185
f 206/245/167 274/704/250 282/265/186
f 211/253/174 289/252/173 238/267/187
f 302/269/189 214/291/206 213/270/190
f 233/217/157 196/216/156 195/213/154
f 322/272/8 12/79/8 10/12/8
f 323/273/8 11/274/8 12/79/8
f 323/273/8 180/214/8 9/81/8
f 200/200/144 250/199/143 242/244/166
f 285/275/192 186/236/8 189/204/8
f 172/220/8 222/284/199 230/277/194
f 293/278/195 318/293/208 220/279/8
f 218/281/196 314/302/215 317/282/197
f 222/284/199 172/220/8 186/236/8
f 202/268/188 238/267/187 246/285/200
f 298/286/201 216/211/152 215/287/202
f 194/280/8 225/299/212 297/289/204
f 297/289/204 305/358/259 301/290/205
f 301/290/205 293/278/195 194/280/8
f 306/288/203 215/287/202 214/291/206
f 313/292/207 309/300/213 220/279/8
f 217/283/198 317/282/197 294/294/191
f 198/296/209 221/208/149 286/297/210
f 174/218/8 230/277/194 234/298/211
f 178/231/8 234/298/211 225/299/212
f 309/300/213 258/232/165 183/233/8
f 219/301/214 310/255/176 314/302/215
f 183/233/8 178/231/8 194/280/8
f 256/303/216 263/307/219 261/304/159
f 255/306/218 264/308/220 263/307/219
f 253/215/155 262/228/163 264/308/220
f 263/307/219 267/310/221 265/309/161
f 264/308/220 268/311/222 267/310/221
f 262/228/163 266/230/164 268/311/222
f 267/310/221 259/313/223 257/312/178
f 268/311/222 260/314/224 259/313/223
f 266/230/164 258/232/165 260/314/224
f 234/298/211 236/316/226 227/315/225
f 236/316/226 235/319/228 228/317/227
f 233/318/157 226/371/153 228/317/227
f 230/277/194 232/320/229 236/316/226
f 232/320/229 231/321/230 235/319/228
f 231/321/230 229/324/151 233/318/157
f 222/284/199 224/322/231 232/320/229
f 224/322/231 223/323/232 231/321/230
f 223/323/232 221/378/149 229/324/151
f 243/325/233 251/328/236 249/326/234
f 244/327/235 252/330/237 251/328/236
f 242/329/166 250/706/143 252/330/237
f 249/326/234 251/328/236 247/331/238
f 251/328/236 252/330/237 248/332/239
f 252/330/237 250/706/143 246/333/200
f 247/331/238 239/334/240 237/203/147
f 248/332/239 240/335/241 239/334/240
f 246/333/200 238/376/187 240/335/241
f 272/336/242 279/338/244 277/254/175
f 271/337/243 280/340/245 279/338/244
f 269/339/180 278/342/185 280/340/245
f 279/338/244 283/341/246 281/262/183
f 280/340/245 284/343/247 283/341/246
f 278/342/185 282/707/186 284/343/247
f 281/262/183 283/341/246 275/344/248
f 283/341/246 284/343/247 276/345/249
f 284/343/247 282/707/186 274/346/250
f 286/347/210 288/350/252 291/348/251
f 288/350/252 287/352/254 292/351/253
f 287/352/254 285/275/192 290/276/193
f 303/353/255 295/355/257 293/278/195
f 304/354/256 296/357/258 295/355/257
f 302/356/189 294/708/191 296/357/258
f 305/358/259 307/359/260 303/353/255
f 307/359/260 308/360/261 304/354/256
f 308/360/261 306/709/203 302/356/189
f 299/361/262 307/359/260 305/358/259
f 300/362/263 308/360/261 307/359/260
f 298/363/201 306/709/203 308/360/261
f 318/293/208 320/365/265 315/364/264
f 320/365/265 319/367/267 316/366/266
f 319/367/267 317/377/197 314/368/215
f 315/364/264 311/369/268 309/300/213
f 316/366/266 312/370/269 311/369/268
f 314/368/215 310/372/176 312/370/269
f 300/362/263 228/317/227 226/371/153
f 299/361/262 227/315/225 228/317/227
f 297/289/204 225/299/212 227/315/225
f 259/313/223 312/370/269 310/372/176
f 260/314/224 311/369/268 312/370/269
f 258/232/165 309/300/213 311/369/268
f 273/261/182 275/344/248 243/325/233
f 275/344/248 276/345/249 244/327/235
f 276/345/249 274/346/250 242/329/166
f 326/373/270 272/336/242 270/250/171
f 327/374/271 271/337/243 272/336/242
f 328/375/145 269/339/180 271/337/243
f 291/348/251 240/335/241 238/376/187
f 292/351/253 239/334/240 240/335/241
f 290/276/193 237/203/147 239/334/240
f 293/278/195 295/355/257 320/365/265
f 295/355/257 296/357/258 319/367/267
f 296/357/258 294/708/191 317/377/197
f 221/378/149 223/323/232 288/350/252
f 223/323/232 224/322/231 287/352/254
f 224/322/231 222/284/199 285/275/192
f 56/190/135 254/703/217 210/223/158
f 59/192/137 57/20/17 253/215/155
f 58/193/138 59/192/137 255/306/218
f 56/194/135 58/193/138 256/303/216
f 61/195/139 328/375/145 327/374/271
f 63/196/140 327/374/271 326/373/270
f 62/197/141 326/373/270 325/207/148
f 184/234/8 323/273/8 322/272/8
f 191/243/8 322/272/8 321/206/8
f 182/241/8 321/206/8 325/207/148
f 269/259/180 328/201/145 324/202/146
f 36/2/2 390/448/311 394/379/272
f 471/380/273 362/710/382 28/4/4
f 381/381/274 434/441/306 350/382/275
f 465/384/275 338/435/275 361/385/276
f 365/387/278 33/103/72 32/13/11
f 51/17/15 442/449/312 370/389/280
f 358/390/281 337/438/275 341/391/275
f 373/388/279 32/13/11 31/22/19
f 331/394/275 332/397/275 330/395/275
f 332/397/275 334/420/275 333/398/275
f 45/30/22 398/711/324 405/399/284
f 44/31/23 405/399/284 409/400/285
f 406/401/286 334/420/275 336/402/275
f 335/404/275 344/406/275 332/397/275
f 402/405/288 410/403/287 336/402/275
f 345/407/275 346/408/275 333/398/275
f 346/408/275 348/410/275 330/395/275
f 330/395/275 348/410/275 347/409/275
f 348/410/275 351/412/275 350/382/275
f 350/382/275 351/412/275 349/411/275
f 351/412/275 354/415/275 353/413/275
f 343/414/275 353/413/275 354/415/275
f 352/416/275 354/415/275 346/408/275
f 354/415/275 351/412/275 348/410/275
f 386/417/289 418/712/357 41/52/29
f 389/419/291 381/381/274 342/383/275
f 342/383/275 417/427/298 385/418/290
f 385/418/290 393/484/341 389/419/291
f 333/398/275 334/420/275 406/401/286
f 344/406/275 336/402/275 334/420/275
f 414/421/292 421/423/294 353/413/275
f 47/60/37 430/456/318 433/422/293
f 421/423/294 425/428/299 349/411/275
f 454/424/295 54/108/77 42/63/40
f 39/67/44 422/429/300 413/426/297
f 43/33/25 409/400/285 401/425/296
f 417/427/298 342/383/275 349/411/275
f 40/71/48 426/430/301 422/429/300
f 41/52/29 418/712/357 426/430/301
f 46/61/38 433/422/293 382/431/302
f 446/432/303 49/98/69 48/75/52
f 377/393/283 31/22/19 30/18/16
f 466/434/275 340/437/275 338/435/275
f 467/436/275 339/439/275 340/437/275
f 467/436/275 341/391/275 337/438/275
f 35/3/3 394/379/272 386/417/289
f 429/440/305 347/409/275 350/382/275
f 329/396/275 366/447/310 374/442/307
f 437/443/308 462/454/317 356/444/275
f 53/89/61 458/460/322 461/446/309
f 366/447/310 329/396/275 347/409/275
f 37/74/51 382/431/302 390/448/311
f 442/449/312 51/17/15 50/92/64
f 355/445/275 369/458/320 441/451/314
f 441/451/314 449/516/366 445/452/315
f 445/452/315 437/443/308 355/445/275
f 450/450/313 50/92/64 49/98/69
f 457/453/316 453/459/321 356/444/275
f 52/90/62 461/446/309 438/455/304
f 33/103/72 365/387/278 430/456/318
f 331/394/275 374/442/307 378/457/319
f 335/404/275 378/457/319 369/458/320
f 453/459/321 402/405/288 344/406/275
f 54/108/77 454/424/295 458/460/322
f 344/406/275 335/404/275 355/445/275
f 400/461/323 407/465/326 405/462/284
f 399/464/325 408/466/327 407/465/326
f 397/392/282 406/401/286 408/466/327
f 407/465/326 411/468/328 409/467/285
f 408/466/327 412/469/329 411/468/328
f 406/401/286 410/403/287 412/469/329
f 411/468/328 403/471/330 401/470/296
f 412/469/329 404/472/331 403/471/330
f 410/403/287 402/405/288 404/472/331
f 378/457/319 380/474/333 371/473/332
f 380/474/333 379/477/335 372/475/334
f 377/476/283 370/529/280 372/475/334
f 374/442/307 376/478/336 380/474/333
f 376/478/336 375/479/337 379/477/335
f 375/479/337 373/482/279 377/476/283
f 366/447/310 368/480/338 376/478/336
f 368/480/338 367/481/339 375/479/337
f 367/481/339 365/536/278 373/482/279
f 387/483/340 395/486/343 393/484/341
f 388/485/342 396/488/344 395/486/343
f 386/487/289 394/713/272 396/488/344
f 393/484/341 395/486/343 391/489/345
f 395/486/343 396/488/344 392/490/346
f 396/488/344 394/713/272 390/491/311
f 391/489/345 383/492/347 381/381/274
f 392/490/346 384/493/348 383/492/347
f 390/491/311 382/534/302 384/493/348
f 416/494/349 423/496/351 421/423/294
f 415/495/350 424/498/352 423/496/351
f 413/497/297 422/500/300 424/498/352
f 423/496/351 427/499/353 425/428/299
f 424/498/352 428/501/354 427/499/353
f 422/500/300 426/714/301 428/501/354
f 425/428/299 427/499/353 419/502/355
f 427/499/353 428/501/354 420/503/356
f 428/501/354 426/714/301 418/504/357
f 430/505/318 432/508/359 435/506/358
f 432/508/359 431/510/361 436/509/360
f 431/510/361 429/440/305 434/441/306
f 447/511/362 439/513/364 437/443/308
f 448/512/363 440/515/365 439/513/364
f 446/514/303 438/715/304 440/515/365
f 449/516/366 451/517/367 447/511/362
f 451/517/367 452/518/368 448/512/363
f 452/518/368 450/716/313 446/514/303
f 443/519/369 451/517/367 449/516/366
f 444/520/370 452/518/368 451/517/367
f 442/521/312 450/716/313 452/518/368
f 462/454/317 464/523/372 459/522/371
f 464/523/372 463/525/374 460/524/373
f 463/525/374 461/535/309 458/526/322
f 459/522/371 455/527/375 453/459/321
f 460/524/373 456/528/376 455/527/375
f 458/526/322 454/530/295 456/528/376
f 444/520/370 372/475/334 370/529/280
f 443/519/369 371/473/332 372/475/334
f 441/451/314 369/458/320 371/473/332
f 403/471/330 456/528/376 454/530/295
f 404/472/331 455/527/375 456/528/376
f 402/405/288 453/459/321 455/527/375
f 417/427/298 419/502/355 387/483/340
f 419/502/355 420/503/356 388/485/342
f 420/503/356 418/504/357 386/487/289
f 469/531/377 416/494/349 414/421/292
f 470/532/378 415/495/350 416/494/349
f 471/533/273 413/497/297 415/495/350
f 435/506/358 384/493/348 382/534/302
f 436/509/360 383/492/347 384/493/348
f 434/441/306 381/381/274 383/492/347
f 437/443/308 439/513/364 464/523/372
f 439/513/364 440/515/365 463/525/374
f 440/515/365 438/715/304 461/535/309
f 365/536/278 367/481/339 432/508/359
f 367/481/339 368/480/338 431/510/361
f 368/480/338 366/447/310 429/440/305
f 357/537/379 398/711/324 45/30/22
f 360/538/380 358/390/281 397/392/282
f 359/539/381 360/538/380 399/464/325
f 357/540/379 359/539/381 400/461/323
f 362/541/382 471/533/273 470/532/378
f 364/542/383 470/532/378 469/531/377
f 363/543/384 469/531/377 468/386/277
f 345/407/275 467/436/275 466/434/275
f 352/416/275 466/434/275 465/384/275
f 343/414/275 465/384/275 468/386/277
f 413/426/297 471/380/273 167/6/6
f 525/544/385 521/606/421 201/198/142
f 28/4/4 362/710/382 602/545/386
f 512/546/387 481/575/275 489/547/275
f 596/549/275 599/694/487 361/385/276
f 197/209/150 198/296/209 496/550/389
f 501/552/391 573/607/422 216/211/152
f 480/553/275 337/438/275 358/390/281
f 196/216/156 197/209/150 504/551/390
f 473/556/275 475/560/275 474/557/275
f 476/559/275 477/565/275 475/560/275
f 536/561/394 529/717/433 210/223/158
f 540/562/395 536/561/394 209/225/160
f 537/563/396 541/569/398 479/564/275
f 478/566/275 474/557/275 475/560/275
f 533/568/397 483/567/275 479/564/275
f 476/559/275 485/571/275 484/570/275
f 473/556/275 487/573/275 485/571/275
f 486/572/275 487/573/275 473/556/275
f 489/547/275 490/577/275 487/573/275
f 488/574/275 490/577/275 489/547/275
f 492/576/275 493/579/275 490/577/275
f 482/578/275 491/580/275 493/579/275
f 491/580/275 484/570/275 485/571/275
f 487/573/275 490/577/275 493/579/275
f 206/245/167 549/718/466 517/581/399
f 481/575/275 512/546/387 520/582/400
f 520/582/400 524/642/449 516/583/401
f 516/583/401 548/591/409 481/575/275
f 537/563/396 477/565/275 476/559/275
f 483/567/275 475/560/275 477/565/275
f 545/584/402 482/578/275 492/576/275
f 564/586/404 561/614/427 212/251/172
f 552/585/403 492/576/275 488/574/275
f 207/256/177 219/301/214 585/588/406
f 544/590/408 553/592/410 204/258/179
f 532/589/407 540/562/395 208/227/162
f 488/574/275 481/575/275 548/591/409
f 553/592/410 557/719/411 205/263/184
f 557/593/411 549/718/466 206/245/167
f 513/594/412 564/586/404 211/253/174
f 213/270/190 214/291/206 577/595/413
f 195/213/154 196/216/156 508/555/393
f 338/435/275 340/437/275 597/597/275
f 340/437/275 339/439/275 598/598/275
f 598/598/275 339/439/275 337/438/275
f 517/581/399 525/544/385 200/200/144
f 489/547/275 486/572/275 560/599/415
f 472/558/275 474/557/275 505/600/416
f 568/602/418 494/609/275 495/603/275
f 592/605/420 589/618/431 218/281/196
f 486/572/275 472/558/275 497/601/417
f 521/606/421 513/594/412 202/268/188
f 215/287/202 216/211/152 573/607/422
f 572/611/425 500/616/429 494/609/275
f 494/609/275 568/602/418 576/610/424
f 576/610/424 580/676/475 572/611/425
f 214/291/206 215/287/202 581/608/423
f 495/603/275 584/617/430 588/612/426
f 569/613/414 592/605/420 217/283/198
f 561/614/427 496/550/389 198/296/209
f 474/557/275 478/566/275 509/615/428
f 478/566/275 494/609/275 500/616/429
f 584/617/430 495/603/275 483/567/275
f 589/618/431 585/588/406 219/301/214
f 483/567/275 495/603/275 494/609/275
f 536/619/394 538/622/434 531/620/432
f 538/622/434 539/624/436 530/623/435
f 539/624/436 537/563/396 528/554/392
f 540/625/395 542/626/437 538/622/434
f 542/626/437 543/627/438 539/624/436
f 543/627/438 541/569/398 537/563/396
f 532/628/407 534/629/439 542/626/437
f 534/629/439 535/630/440 543/627/438
f 535/630/440 533/568/397 541/569/398
f 509/615/428 500/616/429 502/631/441
f 511/632/442 502/631/441 503/633/443
f 503/633/443 501/691/391 508/635/393
f 505/600/416 509/615/428 511/632/442
f 507/636/445 511/632/442 510/634/444
f 506/637/446 510/634/444 508/635/393
f 497/601/417 505/600/416 507/636/445
f 499/639/447 507/636/445 506/637/446
f 498/640/448 506/637/446 504/638/390
f 524/642/449 526/644/451 518/643/450
f 526/644/451 527/646/453 519/645/452
f 527/646/453 525/651/385 517/647/399
f 524/642/449 520/582/400 522/648/454
f 526/644/451 522/648/454 523/649/455
f 527/646/453 523/649/455 521/650/421
f 512/546/387 514/652/456 522/648/454
f 514/652/456 515/653/457 523/649/455
f 515/653/457 513/697/412 521/650/421
f 552/585/403 554/655/459 547/654/458
f 554/655/459 555/657/461 546/656/460
f 555/657/461 553/661/410 544/658/408
f 556/587/405 558/659/462 554/655/459
f 558/659/462 559/660/463 555/657/461
f 559/660/463 557/665/411 553/661/410
f 556/587/405 548/591/409 550/662/464
f 558/659/462 550/662/464 551/663/465
f 559/660/463 551/663/465 549/664/466
f 561/666/427 564/698/404 566/667/467
f 563/668/468 566/667/467 567/669/469
f 562/670/470 567/669/469 565/548/388
f 568/602/418 570/672/472 578/671/471
f 570/672/472 571/674/474 579/673/473
f 571/674/474 569/699/414 577/675/413
f 580/676/475 576/610/424 578/671/471
f 582/677/476 578/671/471 579/673/473
f 583/678/477 579/673/473 577/675/413
f 580/676/475 582/677/476 574/680/478
f 582/677/476 583/678/477 575/681/479
f 583/678/477 581/679/423 573/682/422
f 593/604/419 588/612/426 590/683/480
f 595/684/481 590/683/480 591/685/482
f 594/686/483 591/685/482 589/687/431
f 584/617/430 586/689/484 590/683/480
f 586/689/484 587/690/485 591/685/482
f 587/690/485 585/692/406 589/687/431
f 501/691/391 503/633/443 575/681/479
f 503/633/443 502/631/441 574/680/478
f 502/631/441 500/616/429 572/611/425
f 585/692/406 587/690/485 534/629/439
f 587/690/485 586/689/484 535/630/440
f 586/689/484 584/617/430 533/568/397
f 548/591/409 516/583/401 518/643/450
f 550/662/464 518/643/450 519/645/452
f 551/663/465 519/645/452 517/647/399
f 545/584/402 547/654/458 600/693/486
f 547/654/458 546/656/460 601/695/488
f 546/656/460 544/658/408 602/696/386
f 513/697/412 515/653/457 566/667/467
f 515/653/457 514/652/456 567/669/469
f 514/652/456 512/546/387 565/548/388
f 568/602/418 593/604/419 595/684/481
f 570/672/472 595/684/481 594/686/483
f 571/674/474 594/686/483 592/688/420
f 496/641/389 561/666/427 563/668/468
f 498/640/448 563/668/468 562/670/470
f 499/639/447 562/670/470 560/599/415
f 210/223/158 529/717/433 357/537/379
f 360/538/380 530/623/435 528/554/392
f 359/539/381 531/620/432 530/623/435
f 357/540/379 529/621/433 531/620/432
f 601/695/488 602/696/386 362/541/382
f 600/693/486 601/695/488 364/542/383
f 599/694/487 600/693/486 363/543/384
f 597/597/275 598/598/275 484/570/275
f 596/549/275 597/597/275 491/580/275
f 482/578/275 545/584/402 599/694/487
f 324/202/146 602/545/386 544/590/408
o Cylinder.009
v -1.397337 -2.381407 6.271698
v -1.329882 -2.381407 6.258280
v -1.272697 -2.381407 6.220070
v -1.234487 -2.381407 6.162885
v -1.221069 -2.381407 6.095430
v -1.234487 -2.381407 6.027976
v -1.272697 -2.381407 5.970790
v -1.329882 -2.381407 5.932580
v -1.397337 -2.381407 5.919163
v -1.464791 -2.381407 5.932580
v -1.521976 -2.381407 5.970790
v -1.560186 -2.381407 6.027976
v -1.573604 -2.381407 6.095430
v -1.560186 -2.381407 6.162885
v -1.521976 -2.381407 6.220070
v -1.464791 -2.381407 6.258280
v -1.397336 -1.157213 6.271698
v -1.329882 -1.157213 6.258280
v -1.272697 -1.157213 6.220070
v -1.234487 -1.157213 6.162885
v -1.221069 -1.157213 6.095430
v -1.234487 -1.157213 6.027976
v -1.272697 -1.157213 5.970790
v -1.329882 -1.157213 5.932580
v -1.397336 -1.157213 5.919163
v -1.464791 -1.157213 5.932580
v -1.521976 -1.157213 5.970790
v -1.560186 -1.157213 6.027976
v -1.573604 -1.157213 6.095430
v -1.560186 -1.157213 6.162885
v -1.521976 -1.157213 6.220070
v -1.464791 -1.157213 6.258280
v -1.329882 -2.381407 6.258280
v -1.397337 -2.381407 6.271698
v -1.272697 -2.381407 6.220070
v -1.234487 -2.381407 6.162885
v -1.221069 -2.381407 6.095430
v -1.234487 -2.381407 6.027976
v -1.272697 -2.381407 5.970790
v -1.329882 -2.381407 5.932580
v -1.397337 -2.381407 5.919163
v -1.464791 -2.381407 5.932580
v -1.521976 -2.381407 5.970790
v -1.560186 -2.381407 6.027976
v -1.573604 -2.381407 6.095430
v -1.560186 -2.381407 6.162885
v -1.521976 -2.381407 6.220070
v -1.464791 -2.381407 6.258280
v -1.397336 2.381407 6.271698
v -1.329881 2.381407 6.258280
v -1.272696 2.381407 6.220070
v -1.234486 2.381407 6.162885
v -1.221069 2.381407 6.095430
v -1.234486 2.381407 6.027976
v -1.272696 2.381407 5.970790
v -1.329881 2.381407 5.932580
v -1.397336 2.381407 5.919163
v -1.464791 2.381407 5.932580
v -1.521976 2.381407 5.970790
v -1.560186 2.381407 6.027976
v -1.573603 2.381407 6.095430
v -1.560186 2.381407 6.162885
v -1.521976 2.381407 6.220070
v -1.464791 2.381407 6.258280
v -1.397336 1.157212 6.271698
v -1.329881 1.157212 6.258280
v -1.272696 1.157212 6.220070
v -1.234486 1.157212 6.162885
v -1.221069 1.157212 6.095430
v -1.234486 1.157212 6.027976
v -1.272696 1.157212 5.970790
v -1.329881 1.157212 5.932580
v -1.397336 1.157212 5.919163
v -1.464791 1.157212 5.932580
v -1.521976 1.157212 5.970790
v -1.560186 1.157212 6.027976
v -1.573604 1.157212 6.095430
v -1.560186 1.157212 6.162885
v -1.521976 1.157212 6.220070
v -1.464791 1.157212 6.258280
v -1.329881 2.381407 6.258280
v -1.397336 2.381407 6.271698
v -1.272696 2.381407 6.220070
v -1.234486 2.381407 6.162885
v -1.221069 2.381407 6.095430
v -1.234486 2.381407 6.027976
v -1.272696 2.381407 5.970790
v -1.329881 2.381407 5.932580
v -1.397336 2.381407 5.919163
v -1.464791 2.381407 5.932580
v -1.521976 2.381407 5.970790
v -1.560186 2.381407 6.027976
v -1.573603 2.381407 6.095430
v -1.560186 2.381407 6.162885
v -1.521976 2.381407 6.220070
v -1.464791 2.381407 6.258280
vn -0.0000 -0.0000 1.0000
vn 0.3827 -0.0000 0.9239
vn 0.7071 -0.0000 0.7071
vn 0.9239 -0.0000 0.3827
vn 1.0000 -0.0000 -0.0000
vn 0.9239 -0.0000 -0.3827
vn 0.7071 -0.0000 -0.7071
vn 0.3827 -0.0000 -0.9239
vn -0.0000 -0.0000 -1.0000
vn -0.3827 -0.0000 -0.9239
vn -0.7071 -0.0000 -0.7071
vn -0.9239 -0.0000 -0.3827
vn -1.0000 -0.0000 -0.0000
vn -0.9239 -0.0000 0.3827
vn -0.7071 -0.0000 0.7071
vn -0.0000 -1.0000 -0.0000
vn -0.3827 -0.0000 0.9239
vn -0.0000 1.0000 -0.0000
vt 0.943960 0.433769
vt 0.839086 0.439661
vt 0.839086 0.433769
vt 0.943960 0.439661
vt 0.839086 0.445553
vt 0.943960 0.451445
vt 0.839086 0.451445
vt 0.839086 0.457337
vt 0.943960 0.457337
vt 0.839086 0.463229
vt 0.943960 0.463229
vt 0.839086 0.469121
vt 0.943960 0.469121
vt 0.839086 0.475013
vt 0.943960 0.475013
vt 0.839086 0.480905
vt 0.943960 0.386634
vt 0.839086 0.392525
vt 0.839086 0.386633
vt 0.943960 0.392526
vt 0.839086 0.398417
vt 0.943960 0.398418
vt 0.839086 0.404309
vt 0.943960 0.410202
vt 0.839086 0.410201
vt 0.943960 0.416094
vt 0.839086 0.416093
vt 0.839086 0.421985
vt 0.431201 0.758179
vt 0.413445 0.770043
vt 0.401581 0.752287
vt 0.943960 0.421986
vt 0.839086 0.427877
vt 0.943960 0.427877
vt 0.943960 0.445553
vt 0.943960 0.480904
vt 0.943960 0.404310
vt 0.424780 0.767788
vt 0.428947 0.746844
vt 0.408002 0.742677
vt 0.403835 0.746844
vt 0.413445 0.740423
vt 0.419337 0.740423
vt 0.424780 0.742677
vt 0.431201 0.752287
vt 0.428947 0.763622
vt 0.419337 0.770043
vt 0.408002 0.767788
vt 0.403835 0.763622
vt 0.401581 0.758179
s 1
usemtl WoodToy2
f 636/720/489 620/721/490 619/722/489
f 635/723/490 621/724/491 620/721/490
f 621/724/491 638/725/492 622/726/492
f 638/725/492 623/727/493 622/726/492
f 639/728/493 624/729/494 623/727/493
f 640/730/494 625/731/495 624/729/494
f 641/732/495 626/733/496 625/731/495
f 642/734/496 627/735/497 626/733/496
f 643/736/497 628/737/498 627/738/497
f 644/739/498 629/740/499 628/737/498
f 645/741/499 630/742/500 629/740/499
f 630/742/500 647/743/501 631/744/501
f 631/744/501 648/745/502 632/746/502
f 648/745/502 633/747/503 632/746/502
f 613/748/504 609/749/504 605/750/504
f 649/751/503 634/752/505 633/747/503
f 618/753/505 619/722/489 634/752/505
f 668/721/490 684/720/489 667/722/489
f 669/724/491 683/723/490 668/721/490
f 670/726/492 685/754/491 669/724/491
f 671/727/493 686/725/492 670/726/492
f 672/729/494 687/728/493 671/727/493
f 672/729/494 689/732/495 688/730/494
f 674/733/496 689/732/495 673/731/495
f 674/733/496 691/755/497 690/734/496
f 676/737/498 691/736/497 675/738/497
f 677/740/499 692/739/498 676/737/498
f 678/742/500 693/741/499 677/740/499
f 678/742/500 695/743/501 694/756/500
f 680/746/502 695/743/501 679/744/501
f 680/746/502 697/751/503 696/745/502
f 659/757/506 663/758/506 651/759/506
f 682/752/505 697/751/503 681/747/503
f 667/722/489 666/753/505 682/752/505
f 636/720/489 635/723/490 620/721/490
f 635/723/490 637/754/491 621/724/491
f 621/724/491 637/754/491 638/725/492
f 638/725/492 639/728/493 623/727/493
f 639/728/493 640/730/494 624/729/494
f 640/730/494 641/732/495 625/731/495
f 641/732/495 642/734/496 626/733/496
f 642/734/496 643/755/497 627/735/497
f 643/736/497 644/739/498 628/737/498
f 644/739/498 645/741/499 629/740/499
f 645/741/499 646/756/500 630/742/500
f 630/742/500 646/756/500 647/743/501
f 631/744/501 647/743/501 648/745/502
f 648/745/502 649/751/503 633/747/503
f 605/750/504 604/760/504 603/759/504
f 603/759/504 650/761/504 617/762/504
f 617/762/504 616/763/504 615/758/504
f 615/758/504 614/764/504 613/748/504
f 613/748/504 612/765/504 611/757/504
f 611/757/504 610/766/504 609/749/504
f 609/749/504 608/767/504 607/768/504
f 607/768/504 606/769/504 605/750/504
f 605/750/504 603/759/504 617/762/504
f 617/762/504 615/758/504 613/748/504
f 613/748/504 611/757/504 609/749/504
f 609/749/504 607/768/504 605/750/504
f 605/750/504 617/762/504 613/748/504
f 649/751/503 618/753/505 634/752/505
f 618/753/505 636/720/489 619/722/489
f 668/721/490 683/723/490 684/720/489
f 669/724/491 685/754/491 683/723/490
f 670/726/492 686/725/492 685/754/491
f 671/727/493 687/728/493 686/725/492
f 672/729/494 688/730/494 687/728/493
f 672/729/494 673/731/495 689/732/495
f 674/733/496 690/734/496 689/732/495
f 674/733/496 675/735/497 691/755/497
f 676/737/498 692/739/498 691/736/497
f 677/740/499 693/741/499 692/739/498
f 678/742/500 694/756/500 693/741/499
f 678/742/500 679/744/501 695/743/501
f 680/746/502 696/745/502 695/743/501
f 680/746/502 681/747/503 697/751/503
f 651/759/506 652/760/506 653/750/506
f 653/750/506 654/769/506 655/768/506
f 655/768/506 656/767/506 657/749/506
f 657/749/506 658/766/506 659/757/506
f 659/757/506 660/765/506 661/748/506
f 661/748/506 662/764/506 663/758/506
f 663/758/506 664/763/506 665/762/506
f 665/762/506 698/761/506 651/759/506
f 651/759/506 653/750/506 655/768/506
f 655/768/506 657/749/506 659/757/506
f 659/757/506 661/748/506 663/758/506
f 663/758/506 665/762/506 651/759/506
f 651/759/506 655/768/506 659/757/506
f 682/752/505 666/753/505 697/751/503
f 667/722/489 684/720/489 666/753/505
o Cube.004
v -2.488297 -0.912179 5.540564
v -2.503264 -0.912179 5.213801
v -3.053254 -0.912179 5.319082
v -3.291439 -0.912179 5.020004
v -2.436129 -0.912179 4.796302
v -3.347041 -0.912179 4.545998
v -3.848039 -0.912179 5.228460
v -3.922329 -0.912179 4.414157
v -2.397596 -0.912179 3.895530
v -1.184283 -0.912179 4.075918
v -1.958620 -0.912179 3.933251
v -1.538108 -0.912179 3.986628
v -2.396289 -0.912179 4.041418
v -1.274679 -0.912179 5.822729
v -1.099306 -0.912179 4.613843
v -4.362821 -0.912179 4.596930
v -2.010978 -0.912179 4.344968
v -1.928716 -0.912179 4.917370
v -2.133526 -0.912179 5.699844
v -2.000243 -0.912179 5.370130
v -1.142128 -0.912179 5.484222
v -1.700717 -0.912179 5.794717
v -1.512670 -0.912179 5.469447
v -1.449293 -0.912179 4.455455
v -1.053225 -0.912179 5.046517
v -1.405942 -0.912179 5.027019
v -4.202749 -0.912179 5.235443
v -4.555797 -0.912179 4.793074
v -2.798511 -0.778644 3.685855
v -2.730393 -0.912178 3.873797
v -2.784028 -0.845411 3.717364
v -2.747862 -0.894288 3.794474
v -1.141665 -0.778644 3.880974
v -1.154164 -0.894288 4.007829
v -1.146657 -0.845411 3.917798
v -2.604652 -0.778644 6.323742
v -2.591491 -0.912179 6.170846
v -2.603959 -0.845412 6.299569
v -2.598732 -0.894288 6.243168
v -3.669466 -0.912179 5.646885
v -3.761579 -0.778644 5.753681
v -3.698037 -0.894289 5.700814
v -3.736649 -0.845412 5.740749
v -2.893546 -0.778644 6.025341
v -2.897684 -0.912179 5.883647
v -2.894594 -0.845412 6.005204
v -2.896627 -0.894289 5.951979
v -3.272545 -0.778644 5.831874
v -3.315951 -0.912179 5.699587
v -3.276451 -0.845412 5.814965
v -3.290632 -0.894289 5.766436
v -1.529784 -0.912179 6.477092
v -1.541991 -0.778644 6.615621
v -1.536508 -0.894288 6.546295
v -1.540642 -0.845412 6.597006
v -0.953519 -0.912179 6.133823
v -0.804484 -0.778644 6.173609
v -0.879130 -0.894288 6.153471
v -0.825019 -0.845411 6.167907
v -1.319209 -0.912179 6.432453
v -1.213141 -0.778644 6.545057
v -1.266720 -0.894288 6.488449
v -1.227647 -0.845412 6.529767
v -1.090232 -0.912179 6.302524
v -0.953941 -0.778644 6.383007
v -1.022153 -0.894288 6.342408
v -0.972854 -0.845411 6.371741
v -3.055419 -0.912179 3.964841
v -3.209418 -0.778644 3.759392
v -3.119197 -0.894288 3.863269
v -3.179957 -0.845411 3.793048
v -4.450353 -0.778644 4.245062
v -4.418749 -0.912179 4.407623
v -4.446811 -0.845411 4.272047
v -4.434290 -0.894288 4.330417
v -3.698764 -0.778644 3.881954
v -3.674370 -0.912179 4.008747
v -3.700134 -0.845411 3.897792
v -3.691110 -0.894288 3.942437
v -4.175300 -0.778644 4.073553
v -4.084759 -0.912179 4.223963
v -4.163166 -0.845411 4.103126
v -4.130283 -0.894288 4.159094
v -0.620929 -0.778644 4.638584
v -0.784119 -0.912179 4.622212
v -0.639615 -0.845411 4.631962
v -0.696283 -0.894288 4.621544
v -0.818728 -0.912179 5.856116
v -0.660474 -0.778644 5.858916
v -0.739456 -0.894288 5.857510
v -0.682111 -0.845411 5.858386
v -0.711598 -0.912179 5.098989
v -0.584630 -0.778644 5.129868
v -0.648168 -0.894288 5.113493
v -0.601497 -0.845411 5.124573
v -0.711092 -0.912179 5.498764
v -0.569720 -0.778644 5.502859
v -0.639755 -0.894288 5.500964
v -0.588855 -0.845411 5.502248
v -2.297454 -0.912179 6.391123
v -2.309121 -0.778644 6.542577
v -2.304999 -0.894289 6.466503
v -2.309482 -0.845412 6.521892
v -1.915452 -0.778644 6.640757
v -1.912268 -0.912179 6.501840
v -1.914797 -0.845412 6.622070
v -1.914059 -0.894288 6.571241
v -4.693984 -0.912179 5.190549
v -4.797741 -0.778644 5.162865
v -4.750759 -0.894289 5.176540
v -4.787457 -0.845412 5.166245
v -3.921425 -0.912179 5.598215
v -4.044467 -0.778644 5.701895
v -3.959390 -0.894289 5.657821
v -4.003133 -0.845412 5.694047
v -4.583618 -0.912179 5.365237
v -4.680110 -0.778644 5.433538
v -4.631498 -0.894289 5.399261
v -4.667132 -0.845412 5.424129
v -4.265734 -0.912179 5.532541
v -4.350546 -0.778644 5.628380
v -4.305932 -0.894289 5.581569
v -4.336935 -0.845412 5.616184
v -4.584660 -0.912179 4.561596
v -4.582379 -0.778644 4.382457
v -4.584053 -0.894288 4.472957
v -4.583648 -0.845411 4.407905
v -4.656709 -0.912179 4.679186
v -4.683888 -0.778644 4.554108
v -4.672316 -0.894288 4.617973
v -4.682508 -0.845411 4.572109
v -4.774701 -0.778644 4.856096
v -4.700693 -0.912179 4.817702
v -4.770898 -0.845412 4.851288
v -4.743332 -0.894288 4.837389
v -1.214139 -0.912179 4.187278
v -1.556828 -0.912179 4.134498
v -1.994401 -0.912179 4.057772
v -0.898452 -0.912179 4.287776
v -0.842583 -0.894288 4.247405
v -0.803838 -0.845411 4.221774
v -0.788854 -0.778644 4.211948
v -2.347053 -0.778644 3.697233
v -2.356293 -0.845411 3.728800
v -2.367983 -0.894288 3.815532
v -1.942141 -0.778644 3.733629
v -1.941111 -0.845411 3.768599
v -1.939874 -0.894288 3.857328
v -1.505957 -0.778644 3.787098
v -1.509323 -0.845411 3.824828
v -1.516010 -0.894288 3.911838
v -1.003569 -0.912179 4.374901
v -0.862049 -0.912179 5.071342
v -0.914487 -0.912179 4.644737
v -0.906216 -0.912179 5.491227
v -0.975732 -0.912179 5.844502
v -1.181396 -0.912179 6.199914
v -2.398604 -0.912179 4.237998
v -3.545173 -0.912179 4.243061
v -2.905375 -0.912179 4.137775
v -2.488297 0.912178 5.540564
v -2.503264 0.912178 5.213801
v -3.053254 0.912179 5.319082
v -3.291439 0.912178 5.020004
v -2.436129 0.912178 4.796302
v -3.347040 0.912179 4.545998
v -3.848039 0.912179 5.228460
v -3.922328 0.912179 4.414157
v -2.397596 0.912178 3.895530
v -1.184283 0.912178 4.075918
v -1.958620 0.912178 3.933251
v -1.538108 0.912178 3.986628
v -2.396288 0.912178 4.041418
v -1.274679 0.912178 5.822729
v -1.099306 0.912178 4.613843
v -4.362821 0.912179 4.596930
v -2.010978 0.912178 4.344968
v -1.928716 0.912178 4.917370
v -2.133525 0.912178 5.699844
v -2.000243 0.912178 5.370130
v -1.142128 0.912178 5.484222
v -1.700717 0.912178 5.794717
v -1.512670 0.912178 5.469447
v -1.449293 0.912178 4.455455
v -1.053225 0.912178 5.046516
v -1.405942 0.912178 5.027019
v -4.202748 0.912179 5.235443
v -4.555797 0.912179 4.793074
v -2.798511 0.778644 3.685855
v -2.730393 0.912178 3.873797
v -2.784028 0.845411 3.717364
v -2.747862 0.894288 3.794474
v -1.141665 0.778644 3.880974
v -1.154164 0.894288 4.007829
v -1.146657 0.845411 3.917798
v -2.604652 0.778644 6.323742
v -2.591491 0.912179 6.170846
v -2.603959 0.845411 6.299569
v -2.598731 0.894288 6.243168
v -3.669466 0.912179 5.646885
v -3.761579 0.778644 5.753681
v -3.698036 0.894289 5.700814
v -3.736649 0.845412 5.740749
v -2.893546 0.778644 6.025341
v -2.897684 0.912179 5.883647
v -2.894594 0.845411 6.005204
v -2.896627 0.894288 5.951979
v -3.272545 0.778644 5.831874
v -3.315950 0.912179 5.699587
v -3.276450 0.845412 5.814965
v -3.290632 0.894288 5.766436
v -1.529784 0.912178 6.477092
v -1.541991 0.778644 6.615621
v -1.536508 0.894288 6.546295
v -1.540642 0.845411 6.597006
v -0.953519 0.912178 6.133823
v -0.804484 0.778644 6.173609
v -0.879130 0.894288 6.153471
v -0.825019 0.845411 6.167907
v -1.319209 0.912178 6.432453
v -1.213141 0.778644 6.545057
v -1.266720 0.894288 6.488449
v -1.227647 0.845411 6.529767
v -1.090232 0.912178 6.302524
v -0.953941 0.778644 6.383007
v -1.022153 0.894288 6.342408
v -0.972854 0.845411 6.371741
v -3.055419 0.912178 3.964841
v -3.209418 0.778644 3.759392
v -3.119196 0.894288 3.863269
v -3.179957 0.845411 3.793048
v -4.450353 0.778644 4.245062
v -4.418749 0.912179 4.407623
v -4.446811 0.845411 4.272047
v -4.434290 0.894288 4.330417
v -3.698764 0.778644 3.881954
v -3.674370 0.912178 4.008747
v -3.700134 0.845411 3.897792
v -3.691110 0.894288 3.942437
v -4.175299 0.778644 4.073553
v -4.084759 0.912179 4.223963
v -4.163166 0.845411 4.103126
v -4.130282 0.894288 4.159094
v -0.620929 0.778644 4.638584
v -0.784119 0.912178 4.622212
v -0.639615 0.845411 4.631962
v -0.696283 0.894288 4.621544
v -0.818728 0.912178 5.856116
v -0.660474 0.778644 5.858916
v -0.739456 0.894288 5.857510
v -0.682111 0.845411 5.858386
v -0.711598 0.912178 5.098989
v -0.584630 0.778644 5.129868
v -0.648168 0.894288 5.113493
v -0.601497 0.845411 5.124573
v -0.711092 0.912178 5.498764
v -0.569720 0.778644 5.502859
v -0.639755 0.894288 5.500964
v -0.588855 0.845411 5.502248
v -2.297454 0.912179 6.391123
v -2.309121 0.778644 6.542577
v -2.304999 0.894288 6.466503
v -2.309481 0.845411 6.521892
v -1.915452 0.778644 6.640757
v -1.912268 0.912179 6.501840
v -1.914797 0.845411 6.622070
v -1.914059 0.894288 6.571241
v -4.693983 0.912179 5.190548
v -4.797741 0.778644 5.162865
v -4.750758 0.894289 5.176540
v -4.787457 0.845412 5.166245
v -3.921425 0.912179 5.598215
v -4.044467 0.778644 5.701895
v -3.959390 0.894289 5.657821
v -4.003132 0.845412 5.694047
v -4.583617 0.912179 5.365237
v -4.680110 0.778645 5.433538
v -4.631498 0.894289 5.399261
v -4.667132 0.845412 5.424129
v -4.265733 0.912179 5.532541
v -4.350546 0.778645 5.628380
v -4.305932 0.894289 5.581569
v -4.336934 0.845412 5.616184
v -4.584660 0.912179 4.561596
v -4.582379 0.778644 4.382457
v -4.584053 0.894288 4.472957
v -4.583648 0.845411 4.407905
v -4.656709 0.912179 4.679186
v -4.683888 0.778644 4.554108
v -4.672316 0.894288 4.617973
v -4.682508 0.845411 4.572109
v -4.774701 0.778644 4.856096
v -4.700692 0.912179 4.817702
v -4.770898 0.845412 4.851288
v -4.743331 0.894288 4.837389
v -1.214139 0.912178 4.187278
v -1.556828 0.912178 4.134498
v -1.994401 0.912178 4.057772
v -0.898452 0.912178 4.287776
v -0.842583 0.894288 4.247405
v -0.803838 0.845411 4.221774
v -0.788854 0.778644 4.211948
v -2.347053 0.778644 3.697233
v -2.356292 0.845411 3.728800
v -2.367983 0.894288 3.815532
v -1.942141 0.778644 3.733629
v -1.941111 0.845411 3.768599
v -1.939874 0.894288 3.857328
v -1.505957 0.778644 3.787098
v -1.509323 0.845411 3.824828
v -1.516010 0.894288 3.911838
v -1.003569 0.912178 4.374901
v -0.862049 0.912178 5.071341
v -0.914487 0.912178 4.644737
v -0.906216 0.912178 5.491227
v -0.975732 0.912178 5.844502
v -1.181396 0.912178 6.199914
v -2.398604 0.912178 4.237998
v -3.545173 0.912178 4.243061
v -2.905375 0.912178 4.137775
vn 0.8568 0.1476 0.4941
vn 0.6799 -0.1492 0.7180
vn 0.8568 -0.1476 0.4941
vn -0.1945 -0.2516 -0.9481
vn -0.0809 0.2243 -0.9712
vn -0.0809 -0.2243 -0.9712
vn 0.0199 -0.9908 0.1336
vn -0.0000 -1.0000 -0.0000
vn -0.3124 0.1117 0.9434
vn -0.5965 -0.1159 0.7942
vn -0.5965 0.1159 0.7942
vn -0.6117 -0.1695 -0.7727
vn -0.7815 0.1136 -0.6135
vn -0.6117 0.1695 -0.7727
vn -0.0108 -0.9927 -0.1201
vn -0.0117 -0.9970 -0.0770
vn -0.1669 -0.1225 0.9783
vn -0.1669 0.1224 0.9783
vn -0.4482 0.2131 -0.8682
vn -0.3051 -0.1074 -0.9462
vn -0.4482 -0.2131 -0.8682
vn -0.0418 -0.9901 -0.1341
vn -0.0536 -0.9936 -0.0990
vn -0.0835 -0.9909 -0.1056
vn 0.4590 0.2310 -0.8579
vn 0.8165 -0.1317 -0.5621
vn 0.4590 -0.2310 -0.8579
vn 0.1070 -0.9938 -0.0306
vn -0.3051 0.1074 -0.9462
vn 0.1429 -0.9897 -0.0086
vn 0.8165 0.1317 -0.5621
vn 0.9690 -0.1215 -0.2150
vn 0.3763 0.1402 0.9158
vn 0.1364 -0.1323 0.9818
vn 0.3763 -0.1402 0.9158
vn 0.9852 0.1371 0.1028
vn 0.9331 -0.1468 0.3282
vn 0.9852 -0.1371 0.1028
vn 0.1147 -0.9923 0.0465
vn 0.1332 -0.9909 0.0185
vn 0.9690 0.1215 -0.2150
vn 0.9910 -0.1221 -0.0544
vn 0.9910 0.1221 -0.0544
vn -0.4170 0.1331 0.8991
vn -0.6507 -0.1340 0.7474
vn -0.4171 -0.1331 0.8991
vn -0.0870 0.1342 0.9871
vn -0.0870 -0.1342 0.9871
vn -0.2078 -0.1190 0.9709
vn 0.0575 -0.9913 -0.1184
vn 0.0125 -0.9935 -0.1135
vn 0.0214 -0.9931 -0.1154
vn 0.0074 -0.9941 -0.1082
vn -0.6507 0.1340 0.7474
vn -0.0149 -0.9903 0.1383
vn -0.0697 -0.9909 0.1153
vn -0.1895 -0.9797 0.0660
vn -0.9844 0.0708 0.1609
vn -0.9837 -0.0276 -0.1776
vn -0.9844 -0.0708 0.1609
vn -0.1030 -0.9881 0.1143
vn -0.0691 -0.9901 0.1223
vn 0.6799 0.1492 0.7180
vn -0.7428 -0.1103 0.6603
vn -0.3761 0.1182 0.9190
vn -0.7428 0.1103 0.6603
vn -0.0234 -0.9909 0.1324
vn -0.1149 -0.9847 0.1309
vn -0.2276 -0.9699 -0.0860
vn -0.2363 -0.9704 -0.0500
vn -0.3761 -0.1182 0.9190
vn -0.2078 0.1190 0.9709
vn -0.9096 0.0666 -0.4101
vn -0.7815 -0.1136 -0.6135
vn -0.9096 -0.0666 -0.4101
vn -0.0323 -0.9908 0.1314
vn -0.0249 -0.9885 0.1492
vn -0.1545 -0.9823 -0.1057
vn -0.2710 -0.4668 -0.8418
vn -0.1266 -0.6905 -0.7121
vn -0.1593 -0.8513 -0.4998
vn -0.0544 -0.9372 -0.3444
vn -0.3690 -0.6229 -0.6898
vn -0.2031 -0.9043 -0.3754
vn -0.5150 -0.5448 -0.6618
vn -0.2991 -0.8724 -0.3866
vn -0.0865 -0.8484 0.5223
vn -0.2784 -0.4556 0.8455
vn -0.1532 -0.8464 0.5100
vn -0.3124 -0.1117 0.9434
vn -0.1434 -0.4770 0.8672
vn -0.3030 -0.8462 0.4382
vn -0.5309 -0.4568 0.7138
vn -0.3569 -0.8436 0.4013
vn -0.5767 -0.4858 0.6569
vn 0.1066 -0.9919 0.0687
vn 0.3197 -0.8737 0.3667
vn 0.0820 -0.9912 0.1035
vn 0.4100 -0.8775 0.2487
vn 0.5778 -0.5291 0.6215
vn 0.7323 -0.5305 0.4269
vn 0.1732 -0.8667 0.4679
vn 0.0433 -0.9905 0.1302
vn 0.3208 -0.5140 0.7955
vn 0.0711 -0.8636 0.4992
vn 0.1188 -0.5007 0.8574
vn 0.4667 -0.8753 -0.1264
vn 0.8447 -0.4973 -0.1977
vn 0.5210 -0.8531 -0.0266
vn 0.8765 -0.4793 -0.0451
vn 0.4994 -0.8643 0.0597
vn 0.8582 -0.5050 0.0921
vn 0.4459 -0.8789 0.1693
vn 0.7978 -0.5305 0.2864
vn -0.0765 -0.5019 0.8616
vn -0.3730 -0.5030 0.7797
vn -0.0487 -0.8621 0.5044
vn -0.2337 -0.8617 0.4503
vn -0.4078 -0.8158 0.4102
vn -0.6614 -0.4375 0.6092
vn -0.6161 -0.7744 0.1442
vn -0.9198 -0.3591 0.1583
vn -0.1921 -0.8313 0.5215
vn -0.0495 -0.9874 0.1505
vn -0.3288 -0.4562 0.8269
vn -0.0976 -0.8484 0.5202
vn -0.1753 -0.4633 0.8687
vn -0.6945 -0.7095 -0.1196
vn -0.9529 -0.2585 -0.1589
vn -0.6278 -0.7287 -0.2735
vn -0.8600 -0.3231 -0.3950
vn -0.4670 -0.8108 -0.3529
vn -0.7002 -0.4423 -0.5604
vn 0.4310 -0.8415 -0.3256
vn 0.1216 -0.9887 -0.0873
vn 0.7122 -0.4815 -0.5108
vn 0.0585 0.2218 -0.9733
vn -0.0258 -0.9242 -0.3811
vn -0.0598 -0.6633 -0.7460
vn 0.3612 -0.6653 -0.6534
vn 0.2019 -0.9152 -0.3489
vn 0.9331 0.1468 0.3282
vn 0.0585 -0.2218 -0.9733
vn 0.0470 -0.6798 -0.7319
vn 0.0266 -0.9343 -0.3556
vn 0.1023 0.2366 -0.9662
vn 0.1807 0.2506 -0.9511
vn 0.1023 -0.2366 -0.9662
vn 0.0781 -0.6957 -0.7141
vn 0.0410 -0.9329 -0.3577
vn 0.1807 -0.2506 -0.9511
vn 0.1347 -0.7021 -0.6992
vn 0.0705 -0.9304 -0.3597
vn 0.0199 0.9908 0.1336
vn -0.0000 1.0000 -0.0000
vn -0.0149 0.9903 0.1383
vn -0.0108 0.9927 -0.1201
vn -0.0117 0.9970 -0.0770
vn -0.0418 0.9901 -0.1341
vn -0.0536 0.9936 -0.0990
vn -0.0835 0.9909 -0.1056
vn 0.1070 0.9938 -0.0306
vn 0.1429 0.9897 -0.0086
vn 0.1332 0.9909 0.0185
vn 0.1147 0.9923 0.0465
vn 0.0575 0.9913 -0.1184
vn 0.0125 0.9935 -0.1135
vn 0.0074 0.9941 -0.1082
vn -0.0691 0.9901 0.1223
vn -0.0697 0.9909 0.1153
vn -0.1030 0.9881 0.1143
vn -0.1895 0.9797 0.0660
vn -0.2363 0.9704 -0.0500
vn -0.1149 0.9847 0.1309
vn -0.0234 0.9909 0.1324
vn -0.2276 0.9699 -0.0860
vn -0.0323 0.9908 0.1314
vn -0.0249 0.9885 0.1492
vn -0.1545 0.9823 -0.1057
vn -0.1945 0.2516 -0.9481
vn -0.2710 0.4668 -0.8418
vn -0.1266 0.6905 -0.7121
vn -0.1593 0.8513 -0.4998
vn -0.0544 0.9372 -0.3444
vn -0.3690 0.6229 -0.6898
vn -0.2031 0.9043 -0.3754
vn -0.5150 0.5448 -0.6618
vn -0.2991 0.8724 -0.3866
vn -0.0865 0.8484 0.5223
vn -0.1532 0.8464 0.5100
vn -0.2784 0.4556 0.8455
vn -0.1434 0.4770 0.8672
vn -0.3030 0.8462 0.4382
vn -0.5309 0.4568 0.7138
vn -0.3569 0.8436 0.4013
vn -0.5767 0.4858 0.6569
vn 0.1066 0.9919 0.0687
vn 0.3197 0.8737 0.3667
vn 0.4100 0.8775 0.2487
vn 0.5778 0.5291 0.6215
vn 0.7323 0.5305 0.4269
vn 0.0820 0.9912 0.1035
vn 0.1732 0.8667 0.4679
vn 0.3208 0.5140 0.7955
vn 0.0433 0.9905 0.1302
vn 0.0711 0.8636 0.4992
vn 0.1188 0.5007 0.8574
vn 0.1364 0.1323 0.9818
vn 0.4667 0.8753 -0.1264
vn 0.5210 0.8531 -0.0266
vn 0.8447 0.4973 -0.1977
vn 0.8765 0.4793 -0.0451
vn 0.4994 0.8643 0.0597
vn 0.8582 0.5050 0.0921
vn 0.4459 0.8789 0.1693
vn 0.7978 0.5305 0.2864
vn -0.0765 0.5019 0.8616
vn -0.3730 0.5030 0.7797
vn -0.0487 0.8621 0.5044
vn -0.2337 0.8617 0.4503
vn -0.4078 0.8158 0.4102
vn -0.6161 0.7744 0.1442
vn -0.6614 0.4375 0.6092
vn -0.9198 0.3591 0.1583
vn -0.1921 0.8313 0.5215
vn -0.0495 0.9874 0.1505
vn -0.3288 0.4562 0.8269
vn -0.0976 0.8484 0.5202
vn -0.1753 0.4633 0.8687
vn -0.6945 0.7095 -0.1196
vn -0.6278 0.7287 -0.2735
vn -0.9529 0.2585 -0.1589
vn -0.8600 0.3231 -0.3950
vn -0.9837 0.0276 -0.1776
vn -0.4670 0.8108 -0.3529
vn -0.7002 0.4423 -0.5604
vn 0.4310 0.8415 -0.3256
vn 0.1216 0.9887 -0.0873
vn 0.7122 0.4815 -0.5108
vn -0.0258 0.9242 -0.3811
vn -0.0598 0.6633 -0.7460
vn 0.3612 0.6653 -0.6534
vn 0.2019 0.9152 -0.3489
vn 0.0470 0.6798 -0.7319
vn 0.0266 0.9343 -0.3556
vn 0.0781 0.6957 -0.7141
vn 0.0410 0.9329 -0.3577
vn 0.1347 0.7021 -0.6992
vn 0.0214 0.9931 -0.1154
vn 0.0705 0.9304 -0.3597
vt 0.137392 0.653695
vt 0.254192 0.634399
vt 0.254192 0.653695
vt 0.123664 0.564682
vt 0.006864 0.533373
vt 0.123664 0.533373
vt 0.656147 0.389462
vt 0.616918 0.423191
vt 0.605073 0.393981
vt 0.006864 0.874499
vt 0.123664 0.906414
vt 0.006864 0.906414
vt 0.123664 0.665351
vt 0.006864 0.679643
vt 0.006864 0.665351
vt 0.517824 0.554917
vt 0.518966 0.526493
vt 0.534253 0.574686
vt 0.123664 0.837354
vt 0.006864 0.837354
vt 0.629049 0.532110
vt 0.603907 0.496861
vt 0.626092 0.485116
vt 0.615173 0.558167
vt 0.572723 0.505579
vt 0.006864 0.641039
vt 0.123664 0.602517
vt 0.123664 0.641039
vt 0.557443 0.615708
vt 0.592509 0.619969
vt 0.584675 0.636962
vt 0.645900 0.590833
vt 0.618191 0.643445
vt 0.607724 0.653129
vt 0.565008 0.466863
vt 0.598156 0.457262
vt 0.624893 0.455400
vt 0.589114 0.421116
vt 0.578323 0.395859
vt 0.556030 0.427978
vt 0.546251 0.403675
vt 0.519008 0.420348
vt 0.518879 0.448517
vt 0.528143 0.490338
vt 0.137392 0.842827
vt 0.254192 0.806544
vt 0.254192 0.842827
vt 0.541552 0.558811
vt 0.626909 0.375855
vt 0.569275 0.599583
vt 0.509780 0.399371
vt 0.541847 0.390088
vt 0.515325 0.407187
vt 0.006864 0.602517
vt 0.538875 0.379089
vt 0.571356 0.379889
vt 0.137392 0.806544
vt 0.254192 0.772156
vt 0.137392 0.611472
vt 0.254192 0.586246
vt 0.254192 0.611472
vt 0.137392 0.707210
vt 0.254192 0.679652
vt 0.254192 0.707210
vt 0.592908 0.362525
vt 0.565762 0.366656
vt 0.137392 0.772156
vt 0.254192 0.735208
vt 0.137392 0.735208
vt 0.137392 0.527742
vt 0.254192 0.500161
vt 0.254192 0.527742
vt 0.137392 0.558172
vt 0.254192 0.558172
vt 0.123664 0.815784
vt 0.500053 0.465272
vt 0.485773 0.441534
vt 0.494078 0.440454
vt 0.497820 0.499210
vt 0.489276 0.468190
vt 0.507636 0.497939
vt 0.508811 0.531175
vt 0.254192 0.469010
vt 0.137392 0.500161
vt 0.137392 0.469010
vt 0.670187 0.413769
vt 0.665066 0.502042
vt 0.665062 0.647564
vt 0.636486 0.649996
vt 0.655676 0.614932
vt 0.006864 0.741324
vt 0.123664 0.718251
vt 0.123664 0.741324
vt 0.672729 0.469626
vt 0.675998 0.442385
vt 0.137392 0.634399
vt 0.123664 0.763460
vt 0.006864 0.792175
vt 0.006864 0.763460
vt 0.674057 0.586216
vt 0.673244 0.636547
vt 0.632369 0.659658
vt 0.642173 0.658332
vt 0.123664 0.792175
vt 0.006864 0.815784
vt 0.006864 0.694599
vt 0.123664 0.679643
vt 0.123664 0.694599
vt 0.665476 0.539196
vt 0.671156 0.566824
vt 0.622833 0.658746
vt 0.521360 0.594581
vt 0.549394 0.622202
vt 0.545254 0.625398
vt 0.525232 0.589656
vt 0.553340 0.619061
vt 0.529118 0.582459
vt 0.574474 0.651801
vt 0.578093 0.647377
vt 0.581636 0.642265
vt 0.595755 0.665357
vt 0.599074 0.660909
vt 0.603131 0.656846
vt 0.676059 0.567461
vt 0.674901 0.532439
vt 0.669901 0.535179
vt 0.680281 0.531304
vt 0.681590 0.568988
vt 0.670109 0.499403
vt 0.675634 0.497465
vt 0.677951 0.467383
vt 0.683427 0.465830
vt 0.681268 0.497195
vt 0.615552 0.362903
vt 0.631278 0.360965
vt 0.630734 0.366736
vt 0.614611 0.357181
vt 0.632213 0.355523
vt 0.614089 0.351636
vt 0.633745 0.350380
vt 0.648357 0.372006
vt 0.646346 0.377300
vt 0.650718 0.367039
vt 0.653750 0.362616
vt 0.661053 0.387504
vt 0.665817 0.385180
vt 0.670407 0.382337
vt 0.506814 0.393535
vt 0.504690 0.388364
vt 0.537712 0.374171
vt 0.502000 0.383873
vt 0.536167 0.369178
vt 0.563636 0.361655
vt 0.534065 0.364308
vt 0.561680 0.356773
vt 0.590500 0.357005
vt 0.588610 0.351655
vt 0.587573 0.346365
vt 0.691697 0.437441
vt 0.679753 0.409344
vt 0.684583 0.407365
vt 0.686445 0.438468
vt 0.674958 0.411529
vt 0.681249 0.440203
vt 0.676655 0.638888
vt 0.680523 0.641384
vt 0.665839 0.651633
vt 0.684968 0.643986
vt 0.667323 0.655695
vt 0.681822 0.613626
vt 0.677388 0.611974
vt 0.686540 0.615114
vt 0.691697 0.616157
vt 0.679423 0.587478
vt 0.684732 0.589577
vt 0.690321 0.591994
vt 0.644656 0.660678
vt 0.646875 0.664141
vt 0.629050 0.662762
vt 0.648566 0.668903
vt 0.626490 0.666895
vt 0.617183 0.661740
vt 0.625351 0.671955
vt 0.612636 0.665498
vt 0.687210 0.569846
vt 0.609951 0.670275
vt 0.614236 0.346274
vt 0.487593 0.414467
vt 0.491908 0.416966
vt 0.483422 0.411949
vt 0.478843 0.409221
vt 0.688963 0.465579
vt 0.006864 0.499502
vt 0.512760 0.558672
vt 0.507602 0.564094
vt 0.503009 0.567675
vt 0.472872 0.443136
vt 0.480223 0.441337
vt 0.500499 0.421191
vt 0.137392 0.679652
vt 0.489115 0.535503
vt 0.494737 0.533969
vt 0.502135 0.531684
vt 0.006864 0.469010
vt 0.123664 0.499502
vt 0.137392 0.871042
vt 0.254192 0.904002
vt 0.137392 0.904002
vt 0.484526 0.503287
vt 0.491749 0.500228
vt 0.254192 0.871042
vt 0.475920 0.470951
vt 0.483286 0.468785
vt 0.470171 0.472324
vt 0.467064 0.443479
vt 0.597058 0.373374
vt 0.532711 0.520525
vt 0.583947 0.576555
vt 0.656147 0.289357
vt 0.616918 0.255629
vt 0.670187 0.265050
vt 0.518966 0.152326
vt 0.517824 0.123902
vt 0.534253 0.104134
vt 0.603907 0.181958
vt 0.629049 0.146709
vt 0.626092 0.193704
vt 0.572723 0.173240
vt 0.615174 0.120652
vt 0.557444 0.063111
vt 0.592509 0.058850
vt 0.569275 0.079236
vt 0.645900 0.087986
vt 0.618192 0.035374
vt 0.584675 0.041857
vt 0.607724 0.025691
vt 0.565008 0.211956
vt 0.598156 0.221557
vt 0.624893 0.223419
vt 0.605073 0.284839
vt 0.589114 0.257703
vt 0.578323 0.282960
vt 0.556030 0.250841
vt 0.519008 0.258471
vt 0.546251 0.275144
vt 0.518879 0.230303
vt 0.541552 0.120008
vt 0.532711 0.158294
vt 0.626909 0.302965
vt 0.509780 0.279448
vt 0.541847 0.288731
vt 0.538875 0.299730
vt 0.571356 0.298930
vt 0.565762 0.312163
vt 0.592908 0.316295
vt 0.485773 0.237286
vt 0.500053 0.213547
vt 0.494078 0.238365
vt 0.497820 0.179610
vt 0.507636 0.180881
vt 0.508811 0.147644
vt 0.675998 0.236435
vt 0.665067 0.176778
vt 0.672729 0.209193
vt 0.665062 0.031256
vt 0.636486 0.028823
vt 0.642173 0.020487
vt 0.655676 0.063887
vt 0.673244 0.042273
vt 0.674057 0.092603
vt 0.632369 0.019161
vt 0.665476 0.139623
vt 0.671156 0.111995
vt 0.622833 0.020073
vt 0.521360 0.084238
vt 0.549394 0.056618
vt 0.525232 0.089163
vt 0.553340 0.059758
vt 0.529118 0.096360
vt 0.574474 0.027019
vt 0.545254 0.053421
vt 0.578094 0.031442
vt 0.581636 0.036554
vt 0.595755 0.013463
vt 0.599074 0.017911
vt 0.603131 0.021973
vt 0.676059 0.111359
vt 0.669901 0.143640
vt 0.674901 0.146380
vt 0.681590 0.109831
vt 0.680281 0.147515
vt 0.670109 0.179417
vt 0.675634 0.181354
vt 0.681268 0.181624
vt 0.677951 0.211437
vt 0.683427 0.212989
vt 0.688963 0.213241
vt 0.615552 0.315916
vt 0.631278 0.317855
vt 0.614611 0.321638
vt 0.632213 0.323297
vt 0.614089 0.327183
vt 0.633745 0.328440
vt 0.614236 0.332546
vt 0.630734 0.312084
vt 0.648357 0.306813
vt 0.650718 0.311781
vt 0.653751 0.316203
vt 0.646346 0.301520
vt 0.661053 0.291316
vt 0.665817 0.293639
vt 0.670407 0.296482
vt 0.506814 0.285285
vt 0.537712 0.304649
vt 0.504690 0.290455
vt 0.536167 0.309641
vt 0.502000 0.294947
vt 0.563636 0.317165
vt 0.561680 0.322046
vt 0.534065 0.314511
vt 0.590500 0.321815
vt 0.588610 0.327164
vt 0.587573 0.332454
vt 0.559919 0.326992
vt 0.691697 0.241378
vt 0.679753 0.269476
vt 0.686445 0.240351
vt 0.674958 0.267290
vt 0.681249 0.238617
vt 0.676655 0.039931
vt 0.665839 0.027186
vt 0.680523 0.037435
vt 0.667323 0.023124
vt 0.684968 0.034833
vt 0.681823 0.065194
vt 0.677388 0.066845
vt 0.686540 0.063705
vt 0.691697 0.062663
vt 0.679423 0.091341
vt 0.684732 0.089243
vt 0.690321 0.086825
vt 0.644656 0.018141
vt 0.629051 0.016057
vt 0.646875 0.014678
vt 0.626490 0.011924
vt 0.648566 0.009917
vt 0.617183 0.017079
vt 0.612636 0.013321
vt 0.625351 0.006864
vt 0.687210 0.108973
vt 0.609952 0.008544
vt 0.487593 0.264352
vt 0.491908 0.261853
vt 0.483422 0.266870
vt 0.478843 0.269598
vt 0.684583 0.271455
vt 0.669808 0.018915
vt 0.512760 0.120148
vt 0.507602 0.114725
vt 0.503009 0.111144
vt 0.472872 0.235684
vt 0.467064 0.235341
vt 0.480223 0.237482
vt 0.528143 0.188481
vt 0.500499 0.257628
vt 0.489115 0.143317
vt 0.494737 0.144850
vt 0.502135 0.147136
vt 0.484526 0.175532
vt 0.491749 0.178592
vt 0.475920 0.207869
vt 0.489276 0.210630
vt 0.470171 0.206495
vt 0.479042 0.173496
vt 0.483286 0.210034
vt 0.597058 0.305446
vt 0.515325 0.271633
vt 0.583947 0.102265
vt 0.137392 0.586246
vt 0.006864 0.564682
vt 0.123664 0.874498
vt 0.006864 0.718251
vt 0.559919 0.351828
vt 0.669808 0.659904
vt 0.123664 0.469010
vt 0.479042 0.505323
s 1
usemtl WoodToy2
f 915/770/507 763/771/508 755/772/509
f 767/773/510 887/774/511 727/775/512
f 750/776/513 720/777/514 712/778/514
f 906/779/515 742/780/516 902/781/517
f 770/782/518 983/783/519 930/784/520
f 728/785/521 711/786/514 766/787/522
f 739/788/523 906/779/515 899/789/524
f 701/790/514 700/791/514 699/792/514
f 702/793/514 703/794/514 700/791/514
f 938/795/525 774/796/526 778/797/527
f 930/784/520 778/797/527 770/782/518
f 775/798/528 706/799/514 779/800/529
f 705/801/514 702/793/514 701/790/514
f 779/800/529 714/802/514 771/803/530
f 716/804/514 700/791/514 703/794/514
f 699/792/514 718/805/514 717/806/514
f 718/805/514 720/777/514 717/806/514
f 712/778/514 721/807/514 719/808/514
f 719/808/514 724/809/514 723/810/514
f 713/811/514 724/809/514 722/812/514
f 722/812/514 716/804/514 715/813/514
f 724/809/514 718/805/514 716/804/514
f 891/814/531 840/815/532 731/816/533
f 711/786/514 858/817/514 766/787/522
f 712/778/514 855/818/514 750/776/513
f 766/787/522 857/819/514 775/798/528
f 706/799/514 702/793/514 714/802/514
f 783/820/534 851/821/514 852/822/514
f 934/823/535 767/773/510 774/796/526
f 790/824/536 853/825/514 851/821/514
f 1000/826/537 782/827/538 840/815/532
f 919/828/539 751/829/540 759/830/541
f 955/831/542 787/832/543 795/833/544
f 786/834/545 853/825/514 794/835/546
f 942/836/547 791/837/548 782/827/538
f 951/838/549 795/833/544 791/837/548
f 959/839/550 734/840/551 799/841/552
f 962/842/553 799/841/552 802/843/554
f 899/789/524 811/844/555 739/788/523
f 835/845/514 708/846/556 834/847/514
f 835/845/514 709/848/557 710/849/558
f 836/850/514 707/851/559 709/848/557
f 742/852/516 894/853/560 902/854/517
f 803/855/561 717/806/514 720/777/514
f 699/792/514 743/856/562 701/790/514
f 806/857/563 726/858/514 725/859/514
f 967/860/564 830/861/565 807/862/566
f 735/863/567 717/806/514 798/864/568
f 923/865/569 759/830/541 763/771/508
f 815/866/570 979/867/571 975/868/572
f 810/869/573 814/870/574 725/859/514
f 807/862/566 975/868/572 967/860/564
f 826/871/575 726/858/514 831/872/576
f 819/873/577 971/874/578 979/867/571
f 987/875/579 823/876/580 827/877/581
f 701/790/514 747/878/582 705/801/514
f 705/801/514 738/879/583 725/859/514
f 822/880/584 714/802/514 726/858/514
f 830/861/565 987/875/579 827/877/581
f 714/802/514 725/859/514 726/858/514
f 767/881/510 776/882/585 774/883/526
f 769/884/586 777/885/587 776/882/585
f 768/886/588 775/798/528 777/885/587
f 776/882/585 778/887/527 774/883/526
f 777/885/587 780/888/589 776/882/585
f 775/798/528 781/889/590 777/885/587
f 780/888/589 770/890/518 778/887/527
f 781/889/590 772/891/591 780/888/589
f 779/800/529 773/892/592 781/889/590
f 747/878/582 740/893/593 738/879/583
f 748/894/594 740/893/593 749/895/595
f 746/896/596 741/897/597 748/894/594
f 743/856/562 749/895/595 747/878/582
f 745/898/598 748/894/594 749/895/595
f 744/899/599 746/896/596 748/894/594
f 735/863/567 745/898/598 743/856/562
f 737/900/600 744/899/599 745/898/598
f 736/901/601 742/902/516 744/899/599
f 754/903/602 764/904/603 762/905/604
f 756/906/605 765/907/606 764/904/603
f 757/908/607 763/909/508 765/907/606
f 762/905/604 760/910/608 758/911/609
f 764/904/603 761/912/610 760/910/608
f 765/907/606 759/913/541 761/912/610
f 758/911/609 752/914/611 750/776/513
f 760/910/608 753/915/612 752/914/611
f 761/912/610 751/916/540 753/915/612
f 785/917/613 790/824/536 783/820/534
f 784/918/614 792/919/615 785/917/613
f 782/920/538 793/921/616 784/918/614
f 792/919/615 794/835/546 790/824/536
f 793/921/616 796/922/617 792/919/615
f 791/923/548 797/924/618 793/921/616
f 794/835/546 788/925/619 786/834/545
f 796/922/617 789/926/620 788/925/619
f 797/924/618 787/927/543 789/926/620
f 799/928/552 804/929/621 802/930/554
f 801/931/622 805/932/623 804/929/621
f 800/933/624 803/855/561 805/932/623
f 816/934/625 806/857/563 814/870/574
f 817/935/626 808/936/627 816/934/625
f 815/937/570 809/938/628 817/935/626
f 820/939/629 814/870/574 818/940/630
f 821/941/631 816/934/625 820/939/629
f 819/942/577 817/935/626 821/941/631
f 812/943/632 818/940/630 810/869/573
f 813/944/633 820/939/629 812/943/632
f 811/945/555 821/941/631 813/944/633
f 833/946/634 826/871/575 831/872/576
f 832/947/635 828/948/636 833/946/634
f 830/949/565 829/950/637 832/947/635
f 828/948/636 822/880/584 826/871/575
f 829/950/637 824/951/638 828/948/636
f 827/952/581 825/953/639 829/950/637
f 813/944/633 739/954/523 811/945/555
f 812/943/632 741/897/597 813/944/633
f 810/869/573 740/893/593 812/943/632
f 772/891/591 823/955/580 770/890/518
f 773/892/592 825/953/639 772/891/591
f 771/803/530 824/951/638 773/892/592
f 786/834/545 756/906/605 754/903/602
f 788/925/619 757/908/607 756/906/605
f 789/926/620 755/956/509 757/908/607
f 838/957/640 783/820/534 837/958/641
f 839/959/642 785/917/613 838/957/640
f 840/960/532 784/918/614 839/959/642
f 804/929/621 751/916/540 802/930/554
f 805/932/623 753/915/612 804/929/621
f 803/855/561 752/914/611 805/932/623
f 806/857/563 833/946/634 831/872/576
f 808/936/627 832/947/635 833/946/634
f 809/938/628 830/949/565 832/947/635
f 734/961/551 801/931/622 799/928/552
f 736/901/601 800/933/624 801/931/622
f 737/900/600 798/864/568 800/933/624
f 1001/962/643 727/775/512 887/774/511
f 730/963/644 766/787/522 768/886/588
f 729/964/645 768/886/588 769/884/586
f 727/965/512 769/884/586 767/881/510
f 733/966/646 840/960/532 839/959/642
f 732/967/647 839/959/642 838/957/640
f 732/967/647 837/958/641 708/846/556
f 715/813/514 835/845/514 722/812/514
f 722/812/514 834/847/514 713/811/514
f 713/811/514 850/968/514 852/822/514
f 947/969/648 755/772/509 787/832/543
f 730/963/644 707/851/559 728/785/521
f 729/964/645 841/970/649 842/971/650
f 730/963/644 842/971/650 843/972/651
f 1004/973/652 841/974/649 1001/962/643
f 1007/975/653 844/976/654 1004/977/652
f 843/972/651 845/978/655 846/979/656
f 843/972/651 709/848/557 707/851/559
f 841/970/649 845/978/655 842/971/650
f 891/814/531 847/980/657 1007/975/653
f 846/979/656 848/981/658 849/982/659
f 846/979/656 710/849/558 709/848/557
f 845/978/655 847/983/657 848/981/658
f 849/982/659 733/966/646 732/967/647
f 849/982/659 708/846/556 710/849/558
f 848/981/658 731/984/533 733/966/646
f 837/958/641 834/847/514 708/846/556
f 855/818/514 786/834/545 754/903/602
f 853/825/514 723/810/514 851/821/514
f 850/968/514 783/820/534 852/822/514
f 854/985/514 719/808/514 853/825/514
f 852/822/514 723/810/514 713/811/514
f 855/818/514 758/911/609 750/776/513
f 856/986/514 836/850/514 715/813/514
f 858/817/514 704/987/514 857/819/514
f 858/817/514 856/986/514 703/794/514
f 715/813/514 703/794/514 856/986/514
f 706/799/514 857/819/514 704/987/514
f 910/988/660 880/989/661 963/990/662
f 871/991/661 888/992/663 926/993/664
f 860/994/661 861/995/661 859/996/661
f 863/997/661 862/998/661 860/994/661
f 935/999/665 866/1000/661 1017/1001/661
f 865/1002/661 862/998/661 874/1003/661
f 874/1003/661 939/1004/666 931/1005/667
f 860/994/661 876/1006/661 863/997/661
f 859/996/661 878/1007/661 860/994/661
f 880/989/661 878/1007/661 877/1008/661
f 872/1009/661 881/1010/661 880/989/661
f 879/1011/661 884/1012/661 881/1010/661
f 873/1013/661 884/1012/661 883/1014/661
f 882/1015/661 876/1006/661 884/1012/661
f 878/1007/661 884/1012/661 876/1006/661
f 871/991/661 1018/1016/661 1016/1017/661
f 1015/1018/661 872/1009/661 910/988/660
f 926/993/664 1017/1001/661 1018/1016/661
f 862/998/661 866/1000/661 874/1003/661
f 943/1019/668 1011/1020/661 950/1021/669
f 950/1021/669 1013/1022/661 954/1023/670
f 1013/1022/661 946/1024/671 954/1023/670
f 868/1025/672 995/1026/661 994/1027/661
f 995/1026/661 869/1028/673 996/1029/661
f 996/1029/661 867/1030/674 871/991/661
f 963/990/662 877/1008/661 958/1031/675
f 859/996/661 903/1032/676 895/1033/677
f 966/1034/678 886/1035/661 991/1036/679
f 877/1008/661 895/1033/677 958/1031/675
f 885/1037/661 974/1038/680 970/1039/681
f 886/1035/661 986/1040/682 991/1036/679
f 861/995/661 907/1041/683 903/1032/676
f 865/1002/661 898/1042/684 907/1041/683
f 982/1043/685 874/1003/661 931/1005/667
f 874/1003/661 885/1037/661 865/1002/661
f 927/1044/686 936/1045/687 929/1046/688
f 929/1046/688 937/1047/689 928/1048/690
f 928/1048/690 935/999/665 926/993/664
f 938/1049/525 936/1045/687 934/1050/535
f 940/1051/691 937/1047/689 936/1045/687
f 941/1052/692 935/999/665 937/1047/689
f 930/1053/520 940/1051/691 938/1049/525
f 932/1054/693 941/1052/692 940/1051/691
f 933/1055/694 939/1004/666 941/1052/692
f 907/1041/683 900/1056/695 909/1057/696
f 900/1056/695 908/1058/697 909/1057/696
f 901/1059/698 906/1060/515 908/1058/697
f 903/1032/676 909/1057/696 905/1061/699
f 905/1061/699 908/1058/697 904/1062/700
f 904/1062/700 906/1060/515 902/1063/517
f 895/1033/677 905/1061/699 897/1064/701
f 897/1064/701 904/1062/700 896/1065/702
f 896/1065/702 902/1063/517 894/1066/560
f 914/1067/703 924/1068/704 916/1069/705
f 916/1069/705 925/1070/706 917/1071/707
f 917/1071/707 923/1072/569 915/1073/507
f 922/1074/708 920/1075/709 924/1068/704
f 924/1068/704 921/1076/710 925/1070/706
f 925/1070/706 919/1077/539 923/1072/569
f 918/1078/711 912/1079/712 920/1075/709
f 920/1075/709 913/1080/713 921/1076/710
f 921/1076/710 911/1081/714 919/1077/539
f 950/1021/669 945/1082/715 943/1019/668
f 952/1083/716 944/1084/717 945/1082/715
f 953/1085/718 942/1086/547 944/1084/717
f 954/1023/670 952/1083/716 950/1021/669
f 956/1087/719 953/1085/718 952/1083/716
f 957/1088/720 951/1089/549 953/1085/718
f 954/1023/670 948/1090/721 956/1087/719
f 956/1087/719 949/1091/722 957/1088/720
f 957/1088/720 947/1092/648 955/1093/542
f 959/1094/550 964/1095/723 961/1096/724
f 961/1096/724 965/1097/725 960/1098/726
f 960/1098/726 963/990/662 958/1031/675
f 966/1034/678 976/1099/727 974/1038/680
f 968/1100/728 977/1101/729 976/1099/727
f 969/1102/730 975/1103/572 977/1101/729
f 974/1038/680 980/1104/731 978/1105/732
f 976/1099/727 981/1106/733 980/1104/731
f 977/1101/729 979/1107/571 981/1106/733
f 978/1105/732 972/1108/734 970/1039/681
f 980/1104/731 973/1109/735 972/1108/734
f 981/1106/733 971/1110/578 973/1109/735
f 986/1040/682 993/1111/736 991/1036/679
f 988/1112/737 992/1113/738 993/1111/736
f 989/1114/739 990/1115/740 992/1113/738
f 982/1043/685 988/1112/737 986/1040/682
f 984/1116/741 989/1114/739 988/1112/737
f 985/1117/742 987/1118/579 989/1114/739
f 899/1119/524 973/1109/735 971/1110/578
f 901/1059/698 972/1108/734 973/1109/735
f 900/1056/695 970/1039/681 972/1108/734
f 983/1120/519 932/1054/693 930/1053/520
f 985/1117/742 933/1055/694 932/1054/693
f 984/1116/741 931/1005/667 933/1055/694
f 946/1024/671 916/1069/705 948/1090/721
f 948/1090/721 917/1071/707 949/1091/722
f 949/1091/722 915/1073/507 947/1092/648
f 943/1019/668 998/1121/743 997/1122/744
f 945/1082/715 999/1123/745 998/1121/743
f 944/1084/717 1000/1124/537 999/1123/745
f 911/1081/714 964/1095/723 962/1125/553
f 913/1080/713 965/1097/725 964/1095/723
f 912/1079/712 963/990/662 965/1097/725
f 966/1034/678 993/1111/736 968/1100/728
f 968/1100/728 992/1113/738 969/1102/730
f 969/1102/730 990/1115/740 967/1126/564
f 894/1066/560 961/1096/724 896/1065/702
f 896/1065/702 960/1098/726 897/1064/701
f 897/1064/701 958/1031/675 895/1033/677
f 890/1127/746 926/993/664 888/992/663
f 889/1128/747 928/1048/690 890/1127/746
f 887/1129/511 929/1046/688 889/1128/747
f 893/1130/748 1000/1124/537 891/1131/531
f 892/1132/749 999/1123/745 893/1130/748
f 997/1122/744 892/1132/749 868/1025/672
f 995/1026/661 875/1133/661 882/1015/661
f 994/1027/661 882/1015/661 873/1013/661
f 873/1013/661 1010/1134/661 994/1027/661
f 867/1030/674 890/1127/746 888/992/663
f 889/1128/747 1001/1135/643 887/1129/511
f 890/1127/746 1002/1136/750 889/1128/747
f 1003/1137/751 1005/1138/752 1002/1136/750
f 869/1028/673 1003/1137/751 867/1030/674
f 1005/1138/752 1001/1135/643 1002/1136/750
f 1006/1139/753 1008/1140/754 1005/1138/752
f 870/1141/755 1006/1139/753 869/1028/673
f 1005/1138/752 1007/1142/653 1004/1143/652
f 1009/1144/756 893/1130/748 1008/1140/754
f 868/1025/672 1009/1144/756 870/1141/755
f 1008/1140/754 891/1131/531 1007/1142/653
f 997/1122/744 994/1027/661 1010/1134/661
f 914/1067/703 1014/1145/661 1015/1018/661
f 883/1014/661 1013/1022/661 1011/1020/661
f 943/1019/668 1010/1134/661 1012/1146/661
f 879/1011/661 1014/1145/661 1013/1022/661
f 1012/1146/661 883/1014/661 1011/1020/661
f 1015/1018/661 918/1078/711 922/1074/708
f 996/1029/661 1016/1017/661 875/1133/661
f 864/1147/661 1018/1016/661 1017/1001/661
f 1018/1016/661 863/997/661 1016/1017/661
f 863/997/661 875/1133/661 1016/1017/661
f 866/1000/661 864/1147/661 1017/1001/661
f 911/1148/714 802/843/554 751/829/540
f 915/770/507 923/865/569 763/771/508
f 767/773/510 927/1149/686 887/774/511
f 750/776/513 803/855/561 720/777/514
f 906/779/515 746/1150/596 742/780/516
f 770/782/518 823/876/580 983/783/519
f 728/785/521 707/851/559 711/786/514
f 739/788/523 746/1150/596 906/779/515
f 701/790/514 702/793/514 700/791/514
f 702/793/514 704/987/514 703/794/514
f 938/795/525 934/823/535 774/796/526
f 930/784/520 938/795/525 778/797/527
f 775/798/528 857/819/514 706/799/514
f 705/801/514 714/802/514 702/793/514
f 779/800/529 706/799/514 714/802/514
f 716/804/514 718/805/514 700/791/514
f 699/792/514 700/791/514 718/805/514
f 718/805/514 721/807/514 720/777/514
f 712/778/514 720/777/514 721/807/514
f 719/808/514 721/807/514 724/809/514
f 713/811/514 723/810/514 724/809/514
f 722/812/514 724/809/514 716/804/514
f 724/809/514 721/807/514 718/805/514
f 891/814/531 1000/826/537 840/815/532
f 711/786/514 856/986/514 858/817/514
f 712/778/514 854/985/514 855/818/514
f 766/787/522 858/817/514 857/819/514
f 706/799/514 704/987/514 702/793/514
f 783/820/534 790/824/536 851/821/514
f 934/823/535 927/1149/686 767/773/510
f 790/824/536 794/835/546 853/825/514
f 1000/826/537 942/836/547 782/827/538
f 919/828/539 911/1148/714 751/829/540
f 955/831/542 947/969/648 787/832/543
f 786/834/545 854/985/514 853/825/514
f 942/836/547 951/838/549 791/837/548
f 951/838/549 955/831/542 795/833/544
f 959/839/550 894/853/560 734/840/551
f 962/842/553 959/839/550 799/841/552
f 899/789/524 971/874/578 811/844/555
f 835/845/514 710/849/558 708/846/556
f 835/845/514 836/850/514 709/848/557
f 836/850/514 711/786/514 707/851/559
f 742/852/516 734/840/551 894/853/560
f 803/855/561 798/864/568 717/806/514
f 699/792/514 735/863/567 743/856/562
f 806/857/563 831/872/576 726/858/514
f 967/860/564 990/1151/740 830/861/565
f 735/863/567 699/792/514 717/806/514
f 923/865/569 919/828/539 759/830/541
f 815/866/570 819/873/577 979/867/571
f 725/859/514 738/879/583 810/869/573
f 810/869/573 818/940/630 814/870/574
f 814/870/574 806/857/563 725/859/514
f 807/862/566 815/866/570 975/868/572
f 826/871/575 822/880/584 726/858/514
f 819/873/577 811/844/555 971/874/578
f 987/875/579 983/783/519 823/876/580
f 701/790/514 743/856/562 747/878/582
f 705/801/514 747/878/582 738/879/583
f 822/880/584 771/803/530 714/802/514
f 830/861/565 990/1151/740 987/875/579
f 714/802/514 705/801/514 725/859/514
f 767/881/510 769/884/586 776/882/585
f 769/884/586 768/886/588 777/885/587
f 768/886/588 766/787/522 775/798/528
f 776/882/585 780/888/589 778/887/527
f 777/885/587 781/889/590 780/888/589
f 775/798/528 779/800/529 781/889/590
f 780/888/589 772/891/591 770/890/518
f 781/889/590 773/892/592 772/891/591
f 779/800/529 771/803/530 773/892/592
f 747/878/582 749/895/595 740/893/593
f 748/894/594 741/897/597 740/893/593
f 746/896/596 739/954/523 741/897/597
f 743/856/562 745/898/598 749/895/595
f 745/898/598 744/899/599 748/894/594
f 744/899/599 742/902/516 746/896/596
f 735/863/567 737/900/600 745/898/598
f 737/900/600 736/901/601 744/899/599
f 736/901/601 734/961/551 742/902/516
f 754/903/602 756/906/605 764/904/603
f 756/906/605 757/908/607 765/907/606
f 757/908/607 755/956/509 763/909/508
f 762/905/604 764/904/603 760/910/608
f 764/904/603 765/907/606 761/912/610
f 765/907/606 763/909/508 759/913/541
f 758/911/609 760/910/608 752/914/611
f 760/910/608 761/912/610 753/915/612
f 761/912/610 759/913/541 751/916/540
f 785/917/613 792/919/615 790/824/536
f 784/918/614 793/921/616 792/919/615
f 782/920/538 791/923/548 793/921/616
f 792/919/615 796/922/617 794/835/546
f 793/921/616 797/924/618 796/922/617
f 791/923/548 795/1152/544 797/924/618
f 794/835/546 796/922/617 788/925/619
f 796/922/617 797/924/618 789/926/620
f 797/924/618 795/1152/544 787/927/543
f 799/928/552 801/931/622 804/929/621
f 801/931/622 800/933/624 805/932/623
f 800/933/624 798/864/568 803/855/561
f 816/934/625 808/936/627 806/857/563
f 817/935/626 809/938/628 808/936/627
f 815/937/570 807/1153/566 809/938/628
f 820/939/629 816/934/625 814/870/574
f 821/941/631 817/935/626 816/934/625
f 819/942/577 815/937/570 817/935/626
f 812/943/632 820/939/629 818/940/630
f 813/944/633 821/941/631 820/939/629
f 811/945/555 819/942/577 821/941/631
f 833/946/634 828/948/636 826/871/575
f 832/947/635 829/950/637 828/948/636
f 830/949/565 827/952/581 829/950/637
f 828/948/636 824/951/638 822/880/584
f 829/950/637 825/953/639 824/951/638
f 827/952/581 823/955/580 825/953/639
f 813/944/633 741/897/597 739/954/523
f 812/943/632 740/893/593 741/897/597
f 810/869/573 738/879/583 740/893/593
f 772/891/591 825/953/639 823/955/580
f 773/892/592 824/951/638 825/953/639
f 771/803/530 822/880/584 824/951/638
f 786/834/545 788/925/619 756/906/605
f 788/925/619 789/926/620 757/908/607
f 789/926/620 787/927/543 755/956/509
f 838/957/640 785/917/613 783/820/534
f 839/959/642 784/918/614 785/917/613
f 840/960/532 782/920/538 784/918/614
f 804/929/621 753/915/612 751/916/540
f 805/932/623 752/914/611 753/915/612
f 803/855/561 750/776/513 752/914/611
f 806/857/563 808/936/627 833/946/634
f 808/936/627 809/938/628 832/947/635
f 809/938/628 807/1153/566 830/949/565
f 734/961/551 736/901/601 801/931/622
f 736/901/601 737/900/600 800/933/624
f 737/900/600 735/863/567 798/864/568
f 1001/962/643 841/974/649 727/775/512
f 730/963/644 728/785/521 766/787/522
f 729/964/645 730/963/644 768/886/588
f 727/965/512 729/964/645 769/884/586
f 733/966/646 731/984/533 840/960/532
f 732/967/647 733/966/646 839/959/642
f 732/967/647 838/957/640 837/958/641
f 715/813/514 836/850/514 835/845/514
f 722/812/514 835/845/514 834/847/514
f 713/811/514 834/847/514 850/968/514
f 947/969/648 915/770/507 755/772/509
f 730/963/644 843/972/651 707/851/559
f 729/964/645 727/965/512 841/970/649
f 730/963/644 729/964/645 842/971/650
f 1004/973/652 844/1154/654 841/974/649
f 1007/975/653 847/980/657 844/976/654
f 843/972/651 842/971/650 845/978/655
f 843/972/651 846/979/656 709/848/557
f 841/970/649 844/1155/654 845/978/655
f 891/814/531 731/816/533 847/980/657
f 846/979/656 845/978/655 848/981/658
f 846/979/656 849/982/659 710/849/558
f 845/978/655 844/1155/654 847/983/657
f 849/982/659 848/981/658 733/966/646
f 849/982/659 732/967/647 708/846/556
f 848/981/658 847/983/657 731/984/533
f 837/958/641 850/968/514 834/847/514
f 754/903/602 762/905/604 855/818/514
f 855/818/514 854/985/514 786/834/545
f 853/825/514 719/808/514 723/810/514
f 850/968/514 837/958/641 783/820/534
f 854/985/514 712/778/514 719/808/514
f 852/822/514 851/821/514 723/810/514
f 855/818/514 762/905/604 758/911/609
f 856/986/514 711/786/514 836/850/514
f 858/817/514 703/794/514 704/987/514
f 715/813/514 716/804/514 703/794/514
f 910/988/660 872/1009/661 880/989/661
f 871/991/661 867/1030/674 888/992/663
f 860/994/661 862/998/661 861/995/661
f 863/997/661 864/1147/661 862/998/661
f 935/999/665 939/1004/666 866/1000/661
f 865/1002/661 861/995/661 862/998/661
f 874/1003/661 866/1000/661 939/1004/666
f 860/994/661 878/1007/661 876/1006/661
f 859/996/661 877/1008/661 878/1007/661
f 880/989/661 881/1010/661 878/1007/661
f 872/1009/661 879/1011/661 881/1010/661
f 879/1011/661 883/1014/661 884/1012/661
f 873/1013/661 882/1015/661 884/1012/661
f 882/1015/661 875/1133/661 876/1006/661
f 878/1007/661 881/1010/661 884/1012/661
f 871/991/661 926/993/664 1018/1016/661
f 1015/1018/661 1014/1145/661 872/1009/661
f 926/993/664 935/999/665 1017/1001/661
f 862/998/661 864/1147/661 866/1000/661
f 943/1019/668 1012/1146/661 1011/1020/661
f 950/1021/669 1011/1020/661 1013/1022/661
f 1013/1022/661 1014/1145/661 946/1024/671
f 868/1025/672 870/1141/755 995/1026/661
f 995/1026/661 870/1141/755 869/1028/673
f 996/1029/661 869/1028/673 867/1030/674
f 963/990/662 880/989/661 877/1008/661
f 859/996/661 861/995/661 903/1032/676
f 966/1034/678 885/1037/661 886/1035/661
f 877/1008/661 859/996/661 895/1033/677
f 970/1039/681 898/1042/684 885/1037/661
f 885/1037/661 966/1034/678 974/1038/680
f 974/1038/680 978/1105/732 970/1039/681
f 886/1035/661 982/1043/685 986/1040/682
f 861/995/661 865/1002/661 907/1041/683
f 865/1002/661 885/1037/661 898/1042/684
f 982/1043/685 886/1035/661 874/1003/661
f 874/1003/661 886/1035/661 885/1037/661
f 927/1044/686 934/1050/535 936/1045/687
f 929/1046/688 936/1045/687 937/1047/689
f 928/1048/690 937/1047/689 935/999/665
f 938/1049/525 940/1051/691 936/1045/687
f 940/1051/691 941/1052/692 937/1047/689
f 941/1052/692 939/1004/666 935/999/665
f 930/1053/520 932/1054/693 940/1051/691
f 932/1054/693 933/1055/694 941/1052/692
f 933/1055/694 931/1005/667 939/1004/666
f 907/1041/683 898/1042/684 900/1056/695
f 900/1056/695 901/1059/698 908/1058/697
f 901/1059/698 899/1119/524 906/1060/515
f 903/1032/676 907/1041/683 909/1057/696
f 905/1061/699 909/1057/696 908/1058/697
f 904/1062/700 908/1058/697 906/1060/515
f 895/1033/677 903/1032/676 905/1061/699
f 897/1064/701 905/1061/699 904/1062/700
f 896/1065/702 904/1062/700 902/1063/517
f 914/1067/703 922/1074/708 924/1068/704
f 916/1069/705 924/1068/704 925/1070/706
f 917/1071/707 925/1070/706 923/1072/569
f 922/1074/708 918/1078/711 920/1075/709
f 924/1068/704 920/1075/709 921/1076/710
f 925/1070/706 921/1076/710 919/1077/539
f 918/1078/711 910/988/660 912/1079/712
f 920/1075/709 912/1079/712 913/1080/713
f 921/1076/710 913/1080/713 911/1081/714
f 950/1021/669 952/1083/716 945/1082/715
f 952/1083/716 953/1085/718 944/1084/717
f 953/1085/718 951/1089/549 942/1086/547
f 954/1023/670 956/1087/719 952/1083/716
f 956/1087/719 957/1088/720 953/1085/718
f 957/1088/720 955/1093/542 951/1089/549
f 954/1023/670 946/1024/671 948/1090/721
f 956/1087/719 948/1090/721 949/1091/722
f 957/1088/720 949/1091/722 947/1092/648
f 959/1094/550 962/1125/553 964/1095/723
f 961/1096/724 964/1095/723 965/1097/725
f 960/1098/726 965/1097/725 963/990/662
f 966/1034/678 968/1100/728 976/1099/727
f 968/1100/728 969/1102/730 977/1101/729
f 969/1102/730 967/1126/564 975/1103/572
f 974/1038/680 976/1099/727 980/1104/731
f 976/1099/727 977/1101/729 981/1106/733
f 977/1101/729 975/1103/572 979/1107/571
f 978/1105/732 980/1104/731 972/1108/734
f 980/1104/731 981/1106/733 973/1109/735
f 981/1106/733 979/1107/571 971/1110/578
f 986/1040/682 988/1112/737 993/1111/736
f 988/1112/737 989/1114/739 992/1113/738
f 989/1114/739 987/1118/579 990/1115/740
f 982/1043/685 984/1116/741 988/1112/737
f 984/1116/741 985/1117/742 989/1114/739
f 985/1117/742 983/1120/519 987/1118/579
f 899/1119/524 901/1059/698 973/1109/735
f 901/1059/698 900/1056/695 972/1108/734
f 900/1056/695 898/1042/684 970/1039/681
f 983/1120/519 985/1117/742 932/1054/693
f 985/1117/742 984/1116/741 933/1055/694
f 984/1116/741 982/1043/685 931/1005/667
f 946/1024/671 914/1067/703 916/1069/705
f 948/1090/721 916/1069/705 917/1071/707
f 949/1091/722 917/1071/707 915/1073/507
f 943/1019/668 945/1082/715 998/1121/743
f 945/1082/715 944/1084/717 999/1123/745
f 944/1084/717 942/1086/547 1000/1124/537
f 911/1081/714 913/1080/713 964/1095/723
f 913/1080/713 912/1079/712 965/1097/725
f 912/1079/712 910/988/660 963/990/662
f 966/1034/678 991/1036/679 993/1111/736
f 968/1100/728 993/1111/736 992/1113/738
f 969/1102/730 992/1113/738 990/1115/740
f 894/1066/560 959/1094/550 961/1096/724
f 896/1065/702 961/1096/724 960/1098/726
f 897/1064/701 960/1098/726 958/1031/675
f 890/1127/746 928/1048/690 926/993/664
f 889/1128/747 929/1046/688 928/1048/690
f 887/1129/511 927/1044/686 929/1046/688
f 893/1130/748 999/1123/745 1000/1124/537
f 892/1132/749 998/1121/743 999/1123/745
f 997/1122/744 998/1121/743 892/1132/749
f 995/1026/661 996/1029/661 875/1133/661
f 994/1027/661 995/1026/661 882/1015/661
f 873/1013/661 1012/1146/661 1010/1134/661
f 867/1030/674 1003/1137/751 890/1127/746
f 889/1128/747 1002/1136/750 1001/1135/643
f 890/1127/746 1003/1137/751 1002/1136/750
f 1003/1137/751 1006/1139/753 1005/1138/752
f 869/1028/673 1006/1139/753 1003/1137/751
f 1005/1138/752 1004/1143/652 1001/1135/643
f 1006/1139/753 1009/1144/756 1008/1140/754
f 870/1141/755 1009/1144/756 1006/1139/753
f 1005/1138/752 1008/1140/754 1007/1142/653
f 1009/1144/756 892/1132/749 893/1130/748
f 868/1025/672 892/1132/749 1009/1144/756
f 1008/1140/754 893/1130/748 891/1131/531
f 997/1122/744 868/1025/672 994/1027/661
f 1015/1018/661 922/1074/708 914/1067/703
f 914/1067/703 946/1024/671 1014/1145/661
f 883/1014/661 879/1011/661 1013/1022/661
f 943/1019/668 997/1122/744 1010/1134/661
f 879/1011/661 872/1009/661 1014/1145/661
f 1012/1146/661 873/1013/661 883/1014/661
f 1015/1018/661 910/988/660 918/1078/711
f 996/1029/661 871/991/661 1016/1017/661
f 864/1147/661 863/997/661 1018/1016/661
f 863/997/661 876/1006/661 875/1133/661
f 911/1148/714 962/842/553 802/843/554
o Cylinder.008
v -1.406091 -0.926502 6.555268
v -1.404851 -0.960995 6.589729
v -1.405241 -0.936605 6.579696
v -1.406091 -1.157212 6.555268
v -1.404851 -1.122719 6.589729
v -1.405241 -1.147109 6.579696
v -1.104870 -0.926502 6.467673
v -1.088065 -0.960995 6.501526
v -1.093134 -0.936605 6.491666
v -1.104870 -1.157212 6.467673
v -1.088065 -1.122719 6.501526
v -1.093134 -1.147109 6.491666
v -0.894969 -0.926502 6.235549
v -0.869617 -0.960995 6.265441
v -0.877024 -0.936605 6.256696
v -0.894969 -1.157212 6.235549
v -0.869617 -1.122719 6.265441
v -0.877024 -1.147109 6.256696
v -0.732397 -0.926502 5.878892
v -0.703170 -0.960995 5.898688
v -0.711685 -0.936605 5.892803
v -0.732397 -1.157212 5.878892
v -0.703170 -1.122719 5.898688
v -0.711685 -1.147109 5.892803
v -0.626669 -0.926502 5.472574
v -0.591989 -0.960995 5.480220
v -0.602048 -0.936605 5.478225
v -0.626669 -1.157212 5.472574
v -0.591989 -1.122719 5.480220
v -0.602048 -1.147109 5.478225
v -0.587806 -0.926502 5.141989
v -0.552528 -0.960995 5.140155
v -0.563181 -0.936605 5.140591
v -0.587806 -1.157212 5.141989
v -0.552528 -1.122719 5.140155
v -0.563181 -1.147109 5.140591
v -0.731801 -0.926502 4.583950
v -0.696114 -0.960995 4.565144
v -0.706768 -0.936605 4.570971
v -0.731801 -1.157211 4.583950
v -0.696114 -1.122719 4.565144
v -0.706768 -1.147109 4.570971
v -1.281052 -0.926502 4.291168
v -1.255065 -0.960995 4.267870
v -1.262974 -0.936605 4.274217
v -1.281052 -1.157211 4.291168
v -1.255065 -1.122719 4.267870
v -1.262974 -1.147109 4.274217
v -1.991971 -0.926502 4.295181
v -1.994757 -0.960995 4.265395
v -1.994736 -0.936605 4.273846
v -1.991971 -1.157211 4.295181
v -1.994757 -1.122718 4.265395
v -1.994736 -1.147109 4.273846
v -2.382160 -0.926502 4.413275
v -2.404004 -0.960995 4.387563
v -2.397344 -0.936605 4.395135
v -2.382160 -1.157211 4.413275
v -2.404004 -1.122718 4.387563
v -2.397344 -1.147109 4.395135
v -2.588441 -0.926502 4.604984
v -2.607226 -0.960995 4.595691
v -2.602052 -0.936605 4.598392
v -2.588441 -1.157211 4.604984
v -2.607226 -1.122718 4.595691
v -2.602052 -1.147109 4.598392
v -2.604174 -0.926502 4.873363
v -2.629793 -0.960995 4.867143
v -2.622658 -0.936605 4.868788
v -2.604174 -1.157211 4.873363
v -2.629793 -1.122718 4.867143
v -2.622658 -1.147109 4.868788
v -2.189128 -0.926502 5.386004
v -2.216466 -0.960995 5.392627
v -2.209174 -0.936605 5.390232
v -2.189128 -1.157211 5.386004
v -2.216466 -1.122719 5.392627
v -2.209174 -1.147109 5.390232
v -2.005396 -0.926502 6.018877
v -2.032623 -0.960995 6.038317
v -2.024411 -0.936605 6.032511
v -2.005396 -1.157211 6.018877
v -2.032623 -1.122719 6.038317
v -2.024411 -1.147109 6.032511
v -1.899704 -0.926502 6.297668
v -1.928027 -0.960995 6.321708
v -1.919649 -0.936605 6.314689
v -1.899704 -1.157211 6.297668
v -1.928027 -1.122719 6.321708
v -1.919649 -1.147109 6.314689
v -1.693320 -0.926502 6.462831
v -1.709431 -0.960995 6.496768
v -1.704443 -0.936605 6.486687
v -1.693320 -1.157211 6.462831
v -1.709431 -1.122719 6.496768
v -1.704443 -1.147109 6.486687
v -2.467616 -0.960995 5.133606
v -2.460011 -0.936605 5.133063
v -2.437576 -0.926502 5.134112
v -2.467616 -1.122718 5.133606
v -2.460011 -1.147109 5.133063
v -2.437576 -1.157211 5.134112
v -2.072035 -0.960995 5.710278
v -2.064975 -0.936605 5.707270
v -2.048194 -0.926502 5.696488
v -2.072035 -1.122719 5.710278
v -2.064975 -1.147109 5.707270
v -2.048194 -1.157211 5.696488
v -0.951926 -0.960995 4.340170
v -0.961113 -0.936605 4.346092
v -0.982489 -0.926502 4.361441
v -0.951926 -1.122719 4.340170
v -0.961113 -1.147109 4.346092
v -0.982489 -1.157211 4.361441
v -0.580558 -0.960995 4.857988
v -0.591619 -0.936605 4.861689
v -0.617498 -0.926502 4.870540
v -0.580558 -1.122719 4.857988
v -0.591619 -1.147109 4.861689
v -0.617498 -1.157212 4.870540
v -1.624080 -0.960995 4.231234
v -1.628805 -0.936605 4.238705
v -1.638631 -0.926502 4.258095
v -1.624080 -1.122719 4.231234
v -1.628805 -1.147109 4.238705
v -1.638631 -1.157211 4.258095
v -1.406091 0.926503 6.555268
v -1.404851 0.960996 6.589729
v -1.405241 0.936606 6.579696
v -1.406091 1.157212 6.555268
v -1.404851 1.122719 6.589729
v -1.405241 1.147109 6.579696
v -1.104870 0.926503 6.467672
v -1.088065 0.960996 6.501526
v -1.093133 0.936606 6.491666
v -1.104870 1.157212 6.467672
v -1.088065 1.122719 6.501526
v -1.093133 1.147109 6.491666
v -0.894969 0.926503 6.235549
v -0.869617 0.960996 6.265440
v -0.877024 0.936606 6.256696
v -0.894969 1.157212 6.235549
v -0.869617 1.122719 6.265440
v -0.877024 1.147109 6.256696
v -0.732397 0.926503 5.878892
v -0.703169 0.960996 5.898687
v -0.711685 0.936606 5.892802
v -0.732397 1.157212 5.878892
v -0.703169 1.122719 5.898687
v -0.711685 1.147109 5.892802
v -0.626669 0.926503 5.472573
v -0.591989 0.960996 5.480219
v -0.602048 0.936606 5.478225
v -0.626669 1.157212 5.472573
v -0.591989 1.122719 5.480219
v -0.602048 1.147109 5.478225
v -0.587806 0.926503 5.141989
v -0.552527 0.960996 5.140155
v -0.563181 0.936606 5.140590
v -0.587805 1.157212 5.141989
v -0.552527 1.122719 5.140155
v -0.563181 1.147109 5.140590
v -0.731801 0.926503 4.583949
v -0.696114 0.960996 4.565144
v -0.706767 0.936606 4.570971
v -0.731801 1.157212 4.583949
v -0.696114 1.122719 4.565144
v -0.706767 1.147109 4.570971
v -1.281052 0.926503 4.291168
v -1.255065 0.960996 4.267869
v -1.262974 0.936606 4.274217
v -1.281052 1.157212 4.291168
v -1.255065 1.122719 4.267869
v -1.262974 1.147109 4.274217
v -1.991971 0.926503 4.295181
v -1.994757 0.960996 4.265395
v -1.994736 0.936606 4.273846
v -1.991971 1.157212 4.295181
v -1.994757 1.122719 4.265395
v -1.994736 1.147110 4.273846
v -2.382160 0.926503 4.413274
v -2.404004 0.960996 4.387563
v -2.397344 0.936606 4.395135
v -2.382160 1.157212 4.413274
v -2.404004 1.122719 4.387563
v -2.397344 1.147110 4.395135
v -2.588441 0.926503 4.604984
v -2.607226 0.960996 4.595690
v -2.602052 0.936606 4.598392
v -2.588441 1.157212 4.604984
v -2.607226 1.122719 4.595690
v -2.602052 1.147110 4.598392
v -2.604174 0.926503 4.873363
v -2.629793 0.960996 4.867142
v -2.622658 0.936606 4.868788
v -2.604174 1.157212 4.873363
v -2.629793 1.122719 4.867142
v -2.622658 1.147110 4.868788
v -2.189128 0.926503 5.386003
v -2.216466 0.960996 5.392627
v -2.209174 0.936606 5.390232
v -2.189128 1.157212 5.386003
v -2.216466 1.122719 5.392627
v -2.209174 1.147110 5.390232
v -2.005396 0.926503 6.018876
v -2.032623 0.960996 6.038317
v -2.024411 0.936606 6.032511
v -2.005396 1.157212 6.018876
v -2.032623 1.122719 6.038317
v -2.024411 1.147110 6.032511
v -1.899704 0.926503 6.297668
v -1.928027 0.960996 6.321708
v -1.919649 0.936606 6.314689
v -1.899704 1.157212 6.297668
v -1.928027 1.122719 6.321708
v -1.919649 1.147110 6.314689
v -1.693320 0.926503 6.462831
v -1.709431 0.960996 6.496768
v -1.704443 0.936606 6.486686
v -1.693320 1.157212 6.462831
v -1.709431 1.122719 6.496768
v -1.704443 1.147110 6.486686
v -2.467616 0.960996 5.133606
v -2.460011 0.936606 5.133062
v -2.437576 0.926503 5.134112
v -2.467616 1.122719 5.133606
v -2.460011 1.147110 5.133062
v -2.437576 1.157212 5.134112
v -2.072035 0.960996 5.710278
v -2.064975 0.936606 5.707270
v -2.048194 0.926503 5.696488
v -2.072035 1.122719 5.710278
v -2.064975 1.147110 5.707270
v -2.048194 1.157212 5.696488
v -0.951926 0.960996 4.340170
v -0.961113 0.936606 4.346092
v -0.982489 0.926503 4.361441
v -0.951926 1.122719 4.340170
v -0.961113 1.147109 4.346092
v -0.982489 1.157212 4.361441
v -0.580558 0.960996 4.857987
v -0.591619 0.936606 4.861689
v -0.617498 0.926503 4.870540
v -0.580558 1.122719 4.857987
v -0.591619 1.147109 4.861689
v -0.617498 1.157212 4.870540
v -1.624080 0.960996 4.231234
v -1.628805 0.936606 4.238705
v -1.638631 0.926503 4.258095
v -1.624080 1.122719 4.231234
v -1.628805 1.147109 4.238705
v -1.638631 1.157212 4.258095
vn -0.4571 -0.2084 0.8647
vn -0.0107 0.1876 0.9822
vn -0.4571 0.2084 0.8647
vn 0.8126 -0.2062 0.5452
vn 0.9235 0.1917 0.3323
vn 0.8126 0.2062 0.5452
vn 0.9235 -0.1917 0.3323
vn 0.9635 0.1959 0.1825
vn 0.9635 -0.1959 0.1825
vn 0.9793 0.2021 0.0069
vn 0.9485 -0.2167 -0.2312
vn 0.7997 0.2206 -0.5584
vn 0.9485 0.2167 -0.2312
vn 0.4644 -0.1825 -0.8666
vn 0.1690 0.1502 -0.9741
vn 0.4644 0.1825 -0.8666
vn 0.0081 -0.1476 -0.9890
vn -0.1870 0.1615 -0.9690
vn 0.0081 0.1476 -0.9890
vn -0.1870 -0.1615 -0.9690
vn -0.5095 0.1844 -0.8405
vn -0.5095 -0.1844 -0.8405
vn -0.9033 0.1142 -0.4136
vn -0.9033 -0.1142 -0.4136
vn -0.9674 0.1280 0.2186
vn -0.7873 -0.1258 0.6035
vn -0.8141 0.1477 0.5616
vn -0.7873 0.1258 0.6035
vn -0.9517 -0.1535 0.2658
vn -0.9549 0.1805 0.2356
vn -0.9517 0.1535 0.2658
vn -0.9549 -0.1805 0.2356
vn -0.7932 0.2019 0.5745
vn -0.7932 -0.2019 0.5745
vn 0.5087 -0.2036 0.8365
vn 0.5087 0.2036 0.8365
vn -0.3166 -0.9375 -0.1444
vn 0.0339 -0.9686 -0.2465
vn 0.2067 -0.9784 0.0015
vn -0.0107 -0.1876 0.9822
vn -0.0103 0.6739 0.7388
vn 0.3762 0.6970 0.6105
vn -0.0055 0.9735 0.2288
vn -0.0103 -0.6739 0.7388
vn 0.3762 -0.6970 0.6105
vn -0.0055 -0.9735 0.2288
vn 0.1150 -0.9775 0.1769
vn 0.5895 0.7094 0.3864
vn 0.1150 0.9775 0.1769
vn 0.5894 -0.7094 0.3864
vn 0.1698 -0.9800 0.1042
vn 0.6773 0.6950 0.2413
vn 0.1698 0.9800 0.1042
vn 0.6773 -0.6950 0.2413
vn 0.1962 -0.9783 0.0671
vn 0.6977 0.7042 0.1318
vn 0.1962 0.9783 0.0671
vn 0.6977 -0.7042 0.1318
vn 0.1939 -0.9804 0.0361
vn 0.7117 0.7025 0.0042
vn 0.2067 0.9784 0.0015
vn 0.1939 0.9804 0.0361
vn 0.7117 -0.7025 0.0042
vn 0.9794 -0.2020 0.0069
vn 0.5678 0.7188 -0.4012
vn 0.6726 0.7218 -0.1631
vn 0.1593 0.9802 -0.1175
vn 0.1867 0.9814 -0.0442
vn 0.6726 -0.7218 -0.1631
vn 0.1867 -0.9814 -0.0442
vn 0.3362 0.6667 -0.6652
vn 0.1269 0.6368 -0.7605
vn 0.0929 0.9704 -0.2228
vn 0.5678 -0.7188 -0.4012
vn 0.3362 -0.6667 -0.6652
vn 0.1593 -0.9802 -0.1175
vn 0.0929 -0.9704 -0.2228
vn 0.0005 0.6293 -0.7771
vn -0.1484 0.6540 -0.7418
vn -0.0075 0.9671 -0.2543
vn 0.1269 -0.6368 -0.7605
vn 0.0005 -0.6293 -0.7771
vn -0.0075 -0.9671 -0.2543
vn -0.3748 0.6691 -0.6417
vn -0.1097 0.9726 -0.2047
vn -0.0466 0.9730 -0.2260
vn -0.3748 -0.6691 -0.6417
vn -0.1484 -0.6540 -0.7418
vn -0.1097 -0.9727 -0.2047
vn -0.7663 0.5388 -0.3501
vn -0.3166 0.9375 -0.1444
vn -0.7663 -0.5388 -0.3501
vn -0.7971 0.5721 0.1932
vn -0.9674 -0.1280 0.2186
vn -0.7971 -0.5721 0.1932
vn -0.3096 -0.9440 0.1143
vn -0.6373 0.5914 0.4940
vn -0.6206 0.6520 0.4355
vn -0.2196 0.9567 0.1911
vn -0.6373 -0.5914 0.4940
vn -0.2196 -0.9567 0.1911
vn -0.7220 0.6693 0.1754
vn -0.7269 0.6569 0.2005
vn -0.2284 0.9723 0.0497
vn -0.2085 0.9759 0.0646
vn -0.6206 -0.6520 0.4355
vn -0.7269 -0.6569 0.2005
vn -0.1808 -0.9767 0.1155
vn -0.2085 -0.9759 0.0646
vn -0.5848 0.6937 0.4206
vn -0.1753 0.9769 0.1223
vn -0.5848 -0.6937 0.4206
vn -0.7220 -0.6693 0.1754
vn -0.1753 -0.9769 0.1223
vn -0.3320 0.7076 0.6237
vn -0.0972 0.9792 0.1779
vn -0.3320 -0.7076 0.6237
vn -0.0972 -0.9792 0.1779
vn 0.0339 0.9686 -0.2465
vn -0.8141 -0.1477 0.5616
vn -0.3096 0.9440 0.1143
vn -0.2284 -0.9723 0.0497
vn -0.1808 0.9767 0.1155
vn 0.1690 -0.1502 -0.9741
vn 0.7997 -0.2206 -0.5584
vn -0.0466 -0.9730 -0.2260
vn 0.9794 0.2021 0.0069
vn 0.1689 -0.1502 -0.9741
vn 0.5895 -0.7094 0.3864
vn 0.5894 0.7094 0.3864
vn 0.9794 -0.2021 0.0069
vn -0.1097 0.9727 -0.2047
vn -0.1808 0.9767 0.1154
vn -0.0972 -0.9792 0.1780
vt 0.879056 0.734306
vt 0.865802 0.760403
vt 0.865802 0.734306
vt 0.892784 0.754570
vt 0.906037 0.721564
vt 0.906037 0.754570
vt 0.892784 0.721564
vt 0.906037 0.686080
vt 0.892784 0.686080
vt 0.906037 0.658024
vt 0.892784 0.634786
vt 0.906037 0.608986
vt 0.906037 0.634786
vt 0.892784 0.581068
vt 0.906037 0.555529
vt 0.906037 0.581068
vt 0.892784 0.525139
vt 0.906037 0.494633
vt 0.906037 0.525139
vt 0.879056 0.494633
vt 0.865802 0.529633
vt 0.865802 0.494633
vt 0.879056 0.529633
vt 0.865802 0.553472
vt 0.879056 0.553472
vt 0.865802 0.575795
vt 0.879056 0.601359
vt 0.865802 0.630926
vt 0.865802 0.601359
vt 0.879056 0.659522
vt 0.865802 0.686599
vt 0.865802 0.659522
vt 0.879056 0.686599
vt 0.865802 0.711355
vt 0.879056 0.711355
vt 0.892784 0.780930
vt 0.906037 0.780930
vt 0.606950 0.880978
vt 0.501350 0.856460
vt 0.480137 0.770828
vt 0.879056 0.760403
vt 0.865802 0.787352
vt 0.935526 0.212524
vt 0.961156 0.206702
vt 0.962019 0.208705
vt 0.935732 0.210250
vt 0.960345 0.204678
vt 0.563504 0.685683
vt 0.589135 0.691505
vt 0.563710 0.687958
vt 0.588324 0.693529
vt 0.563807 0.690271
vt 0.910969 0.202464
vt 0.911920 0.200387
vt 0.935829 0.207936
vt 0.538948 0.695743
vt 0.539899 0.697820
vt 0.540590 0.700147
vt 0.885491 0.180928
vt 0.886903 0.179214
vt 0.912612 0.198060
vt 0.513470 0.717279
vt 0.514881 0.718993
vt 0.516070 0.720877
vt 0.862612 0.153380
vt 0.864423 0.152091
vt 0.888091 0.177330
vt 0.490591 0.744828
vt 0.492402 0.746117
vt 0.494183 0.747475
vt 0.850123 0.128187
vt 0.852159 0.127379
vt 0.866204 0.150733
vt 0.478101 0.770020
vt 0.476071 0.769127
vt 0.840482 0.107009
vt 0.841308 0.081553
vt 0.842715 0.106660
vt 0.843776 0.081692
vt 0.845083 0.106398
vt 0.470693 0.791548
vt 0.468461 0.791198
vt 0.473062 0.791809
vt 0.869617 0.039557
vt 0.852048 0.056693
vt 0.850033 0.055710
vt 0.871314 0.040969
vt 0.854241 0.057202
vt 0.478012 0.842498
vt 0.469286 0.816654
vt 0.480026 0.841514
vt 0.471754 0.816515
vt 0.482220 0.841005
vt 0.924215 0.012344
vt 0.896935 0.025151
vt 0.895649 0.023428
vt 0.924907 0.014415
vt 0.898453 0.026415
vt 0.523627 0.874780
vt 0.499292 0.857238
vt 0.524914 0.873057
vt 0.526431 0.871792
vt 0.958355 0.009092
vt 0.957902 0.011131
vt 0.925520 0.016255
vt 0.552194 0.885864
vt 0.586334 0.889116
vt 0.586669 0.891344
vt 0.552886 0.883793
vt 0.585881 0.887076
vt 0.958691 0.006864
vt 0.979882 0.016033
vt 0.978972 0.017230
vt 0.607861 0.882174
vt 0.609125 0.883834
vt 0.993136 0.033073
vt 0.981147 0.014374
vt 0.991108 0.033919
vt 0.621115 0.865134
vt 0.619086 0.864289
vt 0.617723 0.863225
vt 0.986187 0.088801
vt 0.990664 0.058874
vt 0.992861 0.058772
vt 0.983955 0.088750
vt 0.988899 0.059852
vt 0.620840 0.839436
vt 0.618643 0.839334
vt 0.616878 0.838356
vt 0.986445 0.118803
vt 0.990319 0.146181
vt 0.984262 0.118967
vt 0.988269 0.145712
vt 0.982364 0.118670
vt 0.614424 0.779404
vt 0.611933 0.809457
vt 0.612240 0.779240
vt 0.610049 0.808969
vt 0.610343 0.779537
vt 0.992586 0.146220
vt 0.990930 0.170808
vt 0.988737 0.170102
vt 0.620565 0.751987
vt 0.618908 0.727400
vt 0.621114 0.726780
vt 0.618297 0.752027
vt 0.616715 0.728106
vt 0.993136 0.171427
vt 0.980157 0.190378
vt 0.978410 0.188825
vt 0.608136 0.707830
vt 0.609879 0.706365
vt 0.606388 0.709383
vt 0.981900 0.191843
vt 0.589998 0.689502
vt 0.873372 0.041747
vt 0.614166 0.809407
vt 0.989745 0.034982
vt 0.879056 0.575795
vt 0.616248 0.752495
vt 0.982071 0.089238
vt 0.879056 0.630926
vt 0.497595 0.858650
vt 0.839086 0.081266
vt 0.892784 0.608986
vt 0.467064 0.816941
vt 0.848093 0.129080
vt 0.892784 0.658024
vt 0.553498 0.881952
vt 0.892784 0.555529
vt 0.892784 0.494633
vt 0.879056 0.787352
s 1
usemtl WoodToy2
f 1113/1156/757 1020/1157/758 1110/1158/759
f 1035/1159/760 1038/1160/761 1032/1161/762
f 1041/1162/763 1044/1163/764 1038/1160/761
f 1047/1164/765 1050/1165/766 1044/1163/764
f 1136/1166/767 1056/1167/768 1133/1168/769
f 1130/1169/770 1062/1170/771 1127/1171/772
f 1142/1172/773 1068/1173/774 1139/1174/775
f 1071/1175/776 1074/1176/777 1068/1177/774
f 1077/1178/778 1080/1179/779 1074/1176/777
f 1083/1180/780 1086/1181/781 1080/1179/779
f 1118/1182/782 1092/1183/783 1115/1184/784
f 1124/1185/785 1098/1186/786 1121/1187/787
f 1101/1188/788 1104/1189/789 1098/1186/786
f 1107/1190/790 1110/1158/759 1104/1189/789
f 1029/1191/791 1032/1161/762 1026/1192/792
f 1082/1193/793 1064/1194/794 1052/1195/795
f 1023/1196/796 1026/1197/792 1020/1157/758
f 1026/1198/792 1021/1199/797 1020/1200/758
f 1027/1201/798 1019/1202/799 1021/1199/797
f 1029/1203/791 1024/1204/800 1030/1205/801
f 1030/1205/801 1022/1206/802 1028/1207/803
f 1032/1208/762 1027/1201/798 1026/1198/792
f 1033/1209/804 1025/1210/805 1027/1201/798
f 1035/1211/760 1030/1205/801 1036/1212/806
f 1036/1212/806 1028/1207/803 1034/1213/807
f 1038/1214/761 1033/1209/804 1032/1208/762
f 1039/1215/808 1031/1216/809 1033/1209/804
f 1041/1217/763 1036/1212/806 1042/1218/810
f 1042/1218/810 1034/1213/807 1040/1219/811
f 1044/1220/764 1039/1215/808 1038/1214/761
f 1045/1221/812 1037/1222/813 1039/1215/808
f 1047/1223/765 1042/1218/810 1048/1224/814
f 1048/1224/814 1040/1219/811 1046/1225/815
f 1044/1220/764 1051/1226/816 1045/1221/812
f 1045/1221/812 1049/1227/817 1043/1228/818
f 1047/1223/765 1054/1229/819 1053/1230/820
f 1048/1224/814 1052/1195/795 1054/1229/819
f 1133/1231/769 1057/1232/821 1134/1233/822
f 1134/1233/822 1055/1234/823 1135/1235/824
f 1053/1230/820 1137/1236/825 1136/1237/767
f 1054/1229/819 1138/1238/826 1137/1236/825
f 1062/1239/771 1128/1240/827 1127/1241/772
f 1063/1242/828 1129/1243/829 1128/1240/827
f 1130/1244/770 1060/1245/830 1131/1246/831
f 1131/1246/831 1058/1247/832 1132/1248/833
f 1068/1249/774 1140/1250/834 1139/1251/775
f 1069/1252/835 1141/1253/836 1140/1250/834
f 1142/1254/773 1066/1255/837 1143/1256/838
f 1143/1256/838 1064/1194/794 1144/1257/839
f 1068/1249/774 1075/1258/840 1069/1252/835
f 1069/1252/835 1073/1259/841 1067/1260/842
f 1071/1261/776 1078/1262/843 1077/1263/778
f 1072/1264/844 1076/1265/845 1078/1262/843
f 1074/1266/777 1081/1267/846 1075/1258/840
f 1075/1258/840 1079/1268/847 1073/1259/841
f 1077/1263/778 1084/1269/848 1083/1270/780
f 1078/1262/843 1082/1193/793 1084/1269/848
f 1086/1271/781 1081/1267/846 1080/1272/779
f 1087/1273/849 1079/1268/847 1081/1267/846
f 1089/1274/850 1084/1269/848 1090/1275/851
f 1090/1275/851 1082/1193/793 1088/1276/852
f 1092/1277/783 1116/1278/853 1115/1279/784
f 1093/1280/854 1117/1281/855 1116/1278/853
f 1118/1282/782 1090/1275/851 1119/1283/856
f 1119/1283/856 1088/1276/852 1120/1284/857
f 1121/1285/787 1099/1286/858 1122/1287/859
f 1122/1287/859 1097/1288/860 1123/1289/861
f 1124/1290/785 1096/1291/862 1125/1292/863
f 1125/1292/863 1094/1293/864 1126/1294/865
f 1098/1295/786 1105/1296/866 1099/1286/858
f 1099/1286/858 1103/1297/867 1097/1288/860
f 1101/1298/788 1108/1299/868 1107/1300/790
f 1102/1301/869 1106/1302/870 1108/1299/868
f 1104/1303/789 1111/1304/871 1105/1296/866
f 1105/1296/866 1109/1305/872 1103/1297/867
f 1107/1300/790 1114/1306/873 1113/1307/757
f 1108/1299/868 1112/1308/874 1114/1306/873
f 1110/1309/759 1021/1199/797 1111/1304/871
f 1111/1304/871 1019/1202/799 1109/1305/872
f 1113/1307/757 1024/1204/800 1023/1310/796
f 1114/1306/873 1022/1206/802 1024/1204/800
f 1025/1210/805 1061/1311/875 1123/1289/861
f 1096/1291/862 1120/1284/857 1094/1293/864
f 1095/1312/876 1119/1283/856 1096/1291/862
f 1116/1278/853 1085/1313/877 1087/1273/849
f 1115/1279/784 1087/1273/849 1086/1271/781
f 1089/1314/850 1115/1184/784 1086/1181/781
f 1125/1292/863 1100/1315/878 1102/1301/869
f 1124/1290/785 1102/1301/869 1101/1298/788
f 1122/1287/859 1091/1316/879 1093/1280/854
f 1121/1285/787 1093/1280/854 1092/1277/783
f 1095/1317/876 1121/1187/787 1092/1183/783
f 1066/1255/837 1132/1248/833 1064/1194/794
f 1065/1318/880 1131/1246/831 1066/1255/837
f 1128/1240/827 1055/1234/823 1057/1232/821
f 1127/1241/772 1057/1232/821 1056/1319/768
f 1059/1320/881 1127/1171/772 1056/1167/768
f 1137/1236/825 1058/1247/832 1060/1245/830
f 1136/1237/767 1060/1245/830 1059/1321/881
f 1051/1226/816 1135/1235/824 1049/1227/817
f 1050/1322/766 1134/1233/822 1051/1226/816
f 1053/1323/820 1133/1168/769 1050/1165/766
f 1072/1264/844 1144/1257/839 1070/1324/882
f 1071/1261/776 1143/1256/838 1072/1264/844
f 1140/1250/834 1061/1311/875 1063/1242/828
f 1139/1251/775 1063/1242/828 1062/1239/771
f 1065/1325/880 1139/1174/775 1062/1170/771
f 1146/1157/796 1239/1156/759 1236/1158/757
f 1164/1160/763 1161/1159/762 1158/1161/760
f 1170/1163/765 1167/1162/761 1164/1160/763
f 1170/1163/765 1179/1323/883 1173/1164/764
f 1182/1167/881 1262/1166/769 1259/1168/767
f 1188/1170/884 1256/1169/772 1253/1171/770
f 1194/1173/776 1268/1172/775 1265/1174/773
f 1200/1176/778 1197/1175/774 1194/1177/776
f 1206/1179/780 1203/1178/777 1200/1176/778
f 1212/1181/850 1209/1180/779 1206/1179/780
f 1218/1183/876 1244/1182/784 1241/1184/782
f 1224/1186/788 1250/1185/787 1247/1187/785
f 1230/1189/790 1227/1188/786 1224/1186/788
f 1236/1158/757 1233/1190/789 1230/1189/790
f 1158/1161/760 1155/1191/792 1152/1192/791
f 1258/1248/829 1252/1294/861 1148/1206/799
f 1152/1197/791 1149/1196/758 1146/1157/796
f 1147/1199/800 1152/1198/791 1146/1200/796
f 1145/1202/802 1153/1201/801 1147/1199/800
f 1155/1203/792 1150/1204/797 1149/1310/758
f 1156/1205/798 1148/1206/799 1150/1204/797
f 1153/1201/801 1158/1208/760 1152/1198/791
f 1151/1210/803 1159/1209/885 1153/1201/801
f 1161/1211/762 1156/1205/798 1155/1203/792
f 1162/1212/886 1154/1207/805 1156/1205/798
f 1159/1209/885 1164/1214/763 1158/1208/760
f 1157/1216/807 1165/1215/810 1159/1209/885
f 1167/1217/761 1162/1212/886 1161/1211/762
f 1168/1218/808 1160/1213/809 1162/1212/886
f 1165/1215/810 1170/1220/765 1164/1214/763
f 1163/1222/811 1171/1221/814 1165/1215/810
f 1173/1223/764 1168/1218/808 1167/1217/761
f 1174/1224/812 1166/1219/813 1168/1218/808
f 1170/1220/765 1177/1226/819 1176/1322/887
f 1171/1221/814 1175/1227/795 1177/1226/819
f 1180/1229/816 1173/1223/764 1179/1230/883
f 1178/1195/817 1174/1224/812 1180/1229/816
f 1259/1231/767 1183/1232/830 1182/1319/881
f 1260/1233/825 1181/1234/832 1183/1232/830
f 1263/1236/822 1179/1230/883 1262/1237/769
f 1264/1238/824 1180/1229/816 1263/1236/822
f 1254/1240/831 1188/1239/884 1253/1241/770
f 1255/1243/833 1189/1242/837 1254/1240/831
f 1256/1244/772 1186/1245/821 1185/1321/768
f 1257/1246/827 1184/1247/823 1186/1245/821
f 1266/1250/838 1194/1249/776 1265/1251/773
f 1267/1253/839 1195/1252/844 1266/1250/838
f 1268/1254/775 1192/1255/828 1191/1318/771
f 1269/1256/834 1190/1194/875 1192/1255/828
f 1194/1249/776 1201/1258/843 1200/1266/778
f 1195/1252/844 1199/1259/845 1201/1258/843
f 1204/1262/840 1197/1261/774 1203/1263/777
f 1202/1265/888 1198/1264/835 1204/1262/840
f 1200/1266/778 1207/1267/848 1206/1272/780
f 1201/1258/843 1205/1268/793 1207/1267/848
f 1210/1269/846 1203/1263/777 1209/1270/779
f 1208/1193/847 1204/1262/840 1210/1269/846
f 1207/1267/848 1212/1271/850 1206/1272/780
f 1205/1268/793 1213/1273/851 1207/1267/848
f 1215/1274/781 1210/1269/846 1209/1270/779
f 1216/1275/849 1208/1193/847 1210/1269/846
f 1242/1278/856 1218/1277/876 1241/1279/782
f 1243/1281/857 1219/1280/862 1242/1278/856
f 1244/1282/784 1216/1275/849 1215/1274/781
f 1245/1283/853 1214/1276/877 1216/1275/849
f 1247/1285/785 1225/1286/869 1224/1295/788
f 1248/1287/863 1223/1288/878 1225/1286/869
f 1250/1290/787 1222/1291/854 1221/1312/783
f 1251/1292/859 1220/1293/889 1222/1291/854
f 1224/1295/788 1231/1296/868 1230/1303/790
f 1225/1286/869 1229/1297/870 1231/1296/868
f 1234/1299/866 1227/1298/786 1233/1300/789
f 1232/1302/867 1228/1301/858 1234/1299/866
f 1230/1303/790 1237/1304/873 1236/1309/757
f 1231/1296/868 1235/1305/890 1237/1304/873
f 1240/1306/871 1233/1300/789 1239/1307/759
f 1238/1308/872 1234/1299/866 1240/1306/871
f 1236/1309/757 1147/1199/800 1146/1200/796
f 1237/1304/873 1145/1202/802 1147/1199/800
f 1150/1204/797 1239/1307/759 1149/1310/758
f 1148/1206/799 1240/1306/871 1150/1204/797
f 1217/1316/864 1199/1259/845 1169/1228/815
f 1222/1291/854 1246/1284/855 1245/1283/853
f 1221/1312/783 1245/1283/853 1244/1282/784
f 1211/1313/852 1242/1278/856 1213/1273/851
f 1213/1273/851 1241/1279/782 1212/1271/850
f 1241/1184/782 1215/1314/781 1212/1181/850
f 1226/1315/860 1251/1292/859 1228/1301/858
f 1228/1301/858 1250/1290/787 1227/1298/786
f 1217/1316/864 1248/1287/863 1219/1280/862
f 1219/1280/862 1247/1285/785 1218/1277/876
f 1247/1187/785 1221/1317/783 1218/1183/876
f 1192/1255/828 1258/1248/829 1257/1246/827
f 1191/1318/771 1257/1246/827 1256/1244/772
f 1181/1234/832 1254/1240/831 1183/1232/830
f 1183/1232/830 1253/1241/770 1182/1319/881
f 1253/1171/770 1185/1320/768 1182/1167/881
f 1184/1247/823 1263/1236/822 1186/1245/821
f 1186/1245/821 1262/1237/769 1185/1321/768
f 1177/1226/819 1261/1235/826 1260/1233/825
f 1176/1322/887 1260/1233/825 1259/1231/767
f 1259/1168/767 1179/1323/883 1176/1165/887
f 1198/1264/835 1270/1257/836 1269/1256/834
f 1197/1261/774 1269/1256/834 1268/1254/775
f 1187/1311/794 1266/1250/838 1189/1242/837
f 1189/1242/837 1265/1251/773 1188/1239/884
f 1265/1174/773 1191/1325/771 1188/1170/884
f 1113/1156/757 1023/1196/796 1020/1157/758
f 1035/1159/760 1041/1162/763 1038/1160/761
f 1041/1162/763 1047/1164/765 1044/1163/764
f 1047/1164/765 1053/1323/820 1050/1165/766
f 1136/1166/767 1059/1320/881 1056/1167/768
f 1130/1169/770 1065/1325/880 1062/1170/771
f 1142/1172/773 1071/1326/776 1068/1173/774
f 1071/1175/776 1077/1178/778 1074/1176/777
f 1077/1178/778 1083/1180/780 1080/1179/779
f 1083/1180/780 1089/1314/850 1086/1181/781
f 1118/1182/782 1095/1317/876 1092/1183/783
f 1124/1185/785 1101/1188/788 1098/1186/786
f 1101/1188/788 1107/1190/790 1104/1189/789
f 1107/1190/790 1113/1156/757 1110/1158/759
f 1029/1191/791 1035/1159/760 1032/1161/762
f 1034/1213/807 1028/1207/803 1022/1206/802
f 1022/1206/802 1112/1308/874 1106/1302/870
f 1106/1302/870 1100/1315/878 1126/1294/865
f 1094/1293/864 1120/1284/857 1088/1276/852
f 1022/1206/802 1106/1302/870 1126/1294/865
f 1094/1293/864 1088/1276/852 1082/1193/793
f 1022/1206/802 1126/1294/865 1094/1293/864
f 1040/1219/811 1034/1213/807 1022/1206/802
f 1052/1195/795 1046/1225/815 1040/1219/811
f 1058/1247/832 1138/1238/826 1052/1195/795
f 1064/1194/794 1132/1248/833 1058/1247/832
f 1070/1324/882 1144/1257/839 1064/1194/794
f 1082/1193/793 1076/1265/845 1070/1324/882
f 1022/1206/802 1094/1293/864 1082/1193/793
f 1052/1195/795 1040/1219/811 1022/1206/802
f 1064/1194/794 1058/1247/832 1052/1195/795
f 1082/1193/793 1070/1324/882 1064/1194/794
f 1052/1195/795 1022/1206/802 1082/1193/793
f 1023/1196/796 1029/1327/791 1026/1197/792
f 1026/1198/792 1027/1201/798 1021/1199/797
f 1027/1201/798 1025/1210/805 1019/1202/799
f 1029/1203/791 1023/1310/796 1024/1204/800
f 1030/1205/801 1024/1204/800 1022/1206/802
f 1032/1208/762 1033/1209/804 1027/1201/798
f 1033/1209/804 1031/1216/809 1025/1210/805
f 1035/1211/760 1029/1203/791 1030/1205/801
f 1036/1212/806 1030/1205/801 1028/1207/803
f 1038/1214/761 1039/1215/808 1033/1209/804
f 1039/1215/808 1037/1222/813 1031/1216/809
f 1041/1217/763 1035/1211/760 1036/1212/806
f 1042/1218/810 1036/1212/806 1034/1213/807
f 1044/1220/764 1045/1221/812 1039/1215/808
f 1045/1221/812 1043/1228/818 1037/1222/813
f 1047/1223/765 1041/1217/763 1042/1218/810
f 1048/1224/814 1042/1218/810 1040/1219/811
f 1044/1220/764 1050/1322/766 1051/1226/816
f 1045/1221/812 1051/1226/816 1049/1227/817
f 1047/1223/765 1048/1224/814 1054/1229/819
f 1048/1224/814 1046/1225/815 1052/1195/795
f 1133/1231/769 1056/1319/768 1057/1232/821
f 1134/1233/822 1057/1232/821 1055/1234/823
f 1053/1230/820 1054/1229/819 1137/1236/825
f 1054/1229/819 1052/1195/795 1138/1238/826
f 1062/1239/771 1063/1242/828 1128/1240/827
f 1063/1242/828 1061/1311/875 1129/1243/829
f 1130/1244/770 1059/1321/881 1060/1245/830
f 1131/1246/831 1060/1245/830 1058/1247/832
f 1068/1249/774 1069/1252/835 1140/1250/834
f 1069/1252/835 1067/1260/842 1141/1253/836
f 1142/1254/773 1065/1318/880 1066/1255/837
f 1143/1256/838 1066/1255/837 1064/1194/794
f 1068/1249/774 1074/1266/777 1075/1258/840
f 1069/1252/835 1075/1258/840 1073/1259/841
f 1071/1261/776 1072/1264/844 1078/1262/843
f 1072/1264/844 1070/1324/882 1076/1265/845
f 1074/1266/777 1080/1272/779 1081/1267/846
f 1075/1258/840 1081/1267/846 1079/1268/847
f 1077/1263/778 1078/1262/843 1084/1269/848
f 1078/1262/843 1076/1265/845 1082/1193/793
f 1086/1271/781 1087/1273/849 1081/1267/846
f 1087/1273/849 1085/1313/877 1079/1268/847
f 1089/1274/850 1083/1270/780 1084/1269/848
f 1090/1275/851 1084/1269/848 1082/1193/793
f 1092/1277/783 1093/1280/854 1116/1278/853
f 1093/1280/854 1091/1316/879 1117/1281/855
f 1118/1282/782 1089/1274/850 1090/1275/851
f 1119/1283/856 1090/1275/851 1088/1276/852
f 1121/1285/787 1098/1295/786 1099/1286/858
f 1122/1287/859 1099/1286/858 1097/1288/860
f 1124/1290/785 1095/1312/876 1096/1291/862
f 1125/1292/863 1096/1291/862 1094/1293/864
f 1098/1295/786 1104/1303/789 1105/1296/866
f 1099/1286/858 1105/1296/866 1103/1297/867
f 1101/1298/788 1102/1301/869 1108/1299/868
f 1102/1301/869 1100/1315/878 1106/1302/870
f 1104/1303/789 1110/1309/759 1111/1304/871
f 1105/1296/866 1111/1304/871 1109/1305/872
f 1107/1300/790 1108/1299/868 1114/1306/873
f 1108/1299/868 1106/1302/870 1112/1308/874
f 1110/1309/759 1020/1200/758 1021/1199/797
f 1111/1304/871 1021/1199/797 1019/1202/799
f 1113/1307/757 1114/1306/873 1024/1204/800
f 1114/1306/873 1112/1308/874 1022/1206/802
f 1109/1305/872 1019/1202/799 1025/1210/805
f 1025/1210/805 1031/1216/809 1037/1222/813
f 1037/1222/813 1043/1228/818 1049/1227/817
f 1049/1227/817 1135/1235/824 1055/1234/823
f 1055/1234/823 1129/1243/829 1061/1311/875
f 1061/1311/875 1141/1253/836 1067/1260/842
f 1067/1260/842 1073/1259/841 1079/1268/847
f 1079/1268/847 1085/1313/877 1117/1281/855
f 1079/1268/847 1117/1281/855 1091/1316/879
f 1061/1311/875 1067/1260/842 1079/1268/847
f 1049/1227/817 1055/1234/823 1061/1311/875
f 1025/1210/805 1037/1222/813 1049/1227/817
f 1103/1297/867 1109/1305/872 1025/1210/805
f 1123/1289/861 1097/1288/860 1103/1297/867
f 1061/1311/875 1079/1268/847 1091/1316/879
f 1123/1289/861 1103/1297/867 1025/1210/805
f 1061/1311/875 1091/1316/879 1123/1289/861
f 1025/1210/805 1049/1227/817 1061/1311/875
f 1096/1291/862 1119/1283/856 1120/1284/857
f 1095/1312/876 1118/1282/782 1119/1283/856
f 1116/1278/853 1117/1281/855 1085/1313/877
f 1115/1279/784 1116/1278/853 1087/1273/849
f 1089/1314/850 1118/1182/782 1115/1184/784
f 1125/1292/863 1126/1294/865 1100/1315/878
f 1124/1290/785 1125/1292/863 1102/1301/869
f 1122/1287/859 1123/1289/861 1091/1316/879
f 1121/1285/787 1122/1287/859 1093/1280/854
f 1095/1317/876 1124/1185/785 1121/1187/787
f 1066/1255/837 1131/1246/831 1132/1248/833
f 1065/1318/880 1130/1244/770 1131/1246/831
f 1128/1240/827 1129/1243/829 1055/1234/823
f 1127/1241/772 1128/1240/827 1057/1232/821
f 1059/1320/881 1130/1169/770 1127/1171/772
f 1137/1236/825 1138/1238/826 1058/1247/832
f 1136/1237/767 1137/1236/825 1060/1245/830
f 1051/1226/816 1134/1233/822 1135/1235/824
f 1050/1322/766 1133/1231/769 1134/1233/822
f 1053/1323/820 1136/1166/767 1133/1168/769
f 1072/1264/844 1143/1256/838 1144/1257/839
f 1071/1261/776 1142/1254/773 1143/1256/838
f 1140/1250/834 1141/1253/836 1061/1311/875
f 1139/1251/775 1140/1250/834 1063/1242/828
f 1065/1325/880 1142/1172/773 1139/1174/775
f 1146/1157/796 1149/1196/758 1239/1156/759
f 1164/1160/763 1167/1162/761 1161/1159/762
f 1170/1163/765 1173/1164/764 1167/1162/761
f 1170/1163/765 1176/1165/887 1179/1323/883
f 1182/1167/881 1185/1320/768 1262/1166/769
f 1188/1170/884 1191/1325/771 1256/1169/772
f 1194/1173/776 1197/1326/774 1268/1172/775
f 1200/1176/778 1203/1178/777 1197/1175/774
f 1206/1179/780 1209/1180/779 1203/1178/777
f 1212/1181/850 1215/1314/781 1209/1180/779
f 1218/1183/876 1221/1317/783 1244/1182/784
f 1224/1186/788 1227/1188/786 1250/1185/787
f 1230/1189/790 1233/1190/789 1227/1188/786
f 1236/1158/757 1239/1156/759 1233/1190/789
f 1158/1161/760 1161/1159/762 1155/1191/792
f 1148/1206/799 1154/1207/805 1160/1213/809
f 1160/1213/809 1166/1219/813 1172/1225/818
f 1172/1225/818 1178/1195/817 1264/1238/824
f 1264/1238/824 1184/1247/823 1258/1248/829
f 1258/1248/829 1190/1194/875 1270/1257/836
f 1270/1257/836 1196/1324/842 1202/1265/888
f 1202/1265/888 1208/1193/847 1214/1276/877
f 1214/1276/877 1246/1284/855 1220/1293/889
f 1252/1294/861 1226/1315/860 1232/1302/867
f 1202/1265/888 1214/1276/877 1220/1293/889
f 1252/1294/861 1232/1302/867 1238/1308/872
f 1202/1265/888 1220/1293/889 1252/1294/861
f 1258/1248/829 1270/1257/836 1202/1265/888
f 1172/1225/818 1264/1238/824 1258/1248/829
f 1148/1206/799 1160/1213/809 1172/1225/818
f 1252/1294/861 1238/1308/872 1148/1206/799
f 1258/1248/829 1202/1265/888 1252/1294/861
f 1148/1206/799 1172/1225/818 1258/1248/829
f 1152/1197/791 1155/1327/792 1149/1196/758
f 1147/1199/800 1153/1201/801 1152/1198/791
f 1145/1202/802 1151/1210/803 1153/1201/801
f 1155/1203/792 1156/1205/798 1150/1204/797
f 1156/1205/798 1154/1207/805 1148/1206/799
f 1153/1201/801 1159/1209/885 1158/1208/760
f 1151/1210/803 1157/1216/807 1159/1209/885
f 1161/1211/762 1162/1212/886 1156/1205/798
f 1162/1212/886 1160/1213/809 1154/1207/805
f 1159/1209/885 1165/1215/810 1164/1214/763
f 1157/1216/807 1163/1222/811 1165/1215/810
f 1167/1217/761 1168/1218/808 1162/1212/886
f 1168/1218/808 1166/1219/813 1160/1213/809
f 1165/1215/810 1171/1221/814 1170/1220/765
f 1163/1222/811 1169/1228/815 1171/1221/814
f 1173/1223/764 1174/1224/812 1168/1218/808
f 1174/1224/812 1172/1225/818 1166/1219/813
f 1170/1220/765 1171/1221/814 1177/1226/819
f 1171/1221/814 1169/1228/815 1175/1227/795
f 1180/1229/816 1174/1224/812 1173/1223/764
f 1178/1195/817 1172/1225/818 1174/1224/812
f 1259/1231/767 1260/1233/825 1183/1232/830
f 1260/1233/825 1261/1235/826 1181/1234/832
f 1263/1236/822 1180/1229/816 1179/1230/883
f 1264/1238/824 1178/1195/817 1180/1229/816
f 1254/1240/831 1189/1242/837 1188/1239/884
f 1255/1243/833 1187/1311/794 1189/1242/837
f 1256/1244/772 1257/1246/827 1186/1245/821
f 1257/1246/827 1258/1248/829 1184/1247/823
f 1266/1250/838 1195/1252/844 1194/1249/776
f 1267/1253/839 1193/1260/882 1195/1252/844
f 1268/1254/775 1269/1256/834 1192/1255/828
f 1269/1256/834 1270/1257/836 1190/1194/875
f 1194/1249/776 1195/1252/844 1201/1258/843
f 1195/1252/844 1193/1260/882 1199/1259/845
f 1204/1262/840 1198/1264/835 1197/1261/774
f 1202/1265/888 1196/1324/842 1198/1264/835
f 1200/1266/778 1201/1258/843 1207/1267/848
f 1201/1258/843 1199/1259/845 1205/1268/793
f 1210/1269/846 1204/1262/840 1203/1263/777
f 1208/1193/847 1202/1265/888 1204/1262/840
f 1207/1267/848 1213/1273/851 1212/1271/850
f 1205/1268/793 1211/1313/852 1213/1273/851
f 1215/1274/781 1216/1275/849 1210/1269/846
f 1216/1275/849 1214/1276/877 1208/1193/847
f 1242/1278/856 1219/1280/862 1218/1277/876
f 1243/1281/857 1217/1316/864 1219/1280/862
f 1244/1282/784 1245/1283/853 1216/1275/849
f 1245/1283/853 1246/1284/855 1214/1276/877
f 1247/1285/785 1248/1287/863 1225/1286/869
f 1248/1287/863 1249/1289/865 1223/1288/878
f 1250/1290/787 1251/1292/859 1222/1291/854
f 1251/1292/859 1252/1294/861 1220/1293/889
f 1224/1295/788 1225/1286/869 1231/1296/868
f 1225/1286/869 1223/1288/878 1229/1297/870
f 1234/1299/866 1228/1301/858 1227/1298/786
f 1232/1302/867 1226/1315/860 1228/1301/858
f 1230/1303/790 1231/1296/868 1237/1304/873
f 1231/1296/868 1229/1297/870 1235/1305/890
f 1240/1306/871 1234/1299/866 1233/1300/789
f 1238/1308/872 1232/1302/867 1234/1299/866
f 1236/1309/757 1237/1304/873 1147/1199/800
f 1237/1304/873 1235/1305/890 1145/1202/802
f 1150/1204/797 1240/1306/871 1239/1307/759
f 1148/1206/799 1238/1308/872 1240/1306/871
f 1151/1210/803 1145/1202/802 1235/1305/890
f 1235/1305/890 1229/1297/870 1223/1288/878
f 1235/1305/890 1223/1288/878 1249/1289/865
f 1157/1216/807 1151/1210/803 1235/1305/890
f 1169/1228/815 1163/1222/811 1157/1216/807
f 1261/1235/826 1175/1227/795 1169/1228/815
f 1255/1243/833 1181/1234/832 1261/1235/826
f 1267/1253/839 1187/1311/794 1255/1243/833
f 1199/1259/845 1193/1260/882 1267/1253/839
f 1211/1313/852 1205/1268/793 1199/1259/845
f 1217/1316/864 1243/1281/857 1211/1313/852
f 1235/1305/890 1249/1289/865 1217/1316/864
f 1169/1228/815 1157/1216/807 1235/1305/890
f 1255/1243/833 1261/1235/826 1169/1228/815
f 1199/1259/845 1267/1253/839 1255/1243/833
f 1217/1316/864 1211/1313/852 1199/1259/845
f 1169/1228/815 1235/1305/890 1217/1316/864
f 1199/1259/845 1255/1243/833 1169/1228/815
f 1222/1291/854 1220/1293/889 1246/1284/855
f 1221/1312/783 1222/1291/854 1245/1283/853
f 1211/1313/852 1243/1281/857 1242/1278/856
f 1213/1273/851 1242/1278/856 1241/1279/782
f 1241/1184/782 1244/1182/784 1215/1314/781
f 1226/1315/860 1252/1294/861 1251/1292/859
f 1228/1301/858 1251/1292/859 1250/1290/787
f 1217/1316/864 1249/1289/865 1248/1287/863
f 1219/1280/862 1248/1287/863 1247/1285/785
f 1247/1187/785 1250/1185/787 1221/1317/783
f 1192/1255/828 1190/1194/875 1258/1248/829
f 1191/1318/771 1192/1255/828 1257/1246/827
f 1181/1234/832 1255/1243/833 1254/1240/831
f 1183/1232/830 1254/1240/831 1253/1241/770
f 1253/1171/770 1256/1169/772 1185/1320/768
f 1184/1247/823 1264/1238/824 1263/1236/822
f 1186/1245/821 1263/1236/822 1262/1237/769
f 1177/1226/819 1175/1227/795 1261/1235/826
f 1176/1322/887 1177/1226/819 1260/1233/825
f 1259/1168/767 1262/1166/769 1179/1323/883
f 1198/1264/835 1196/1324/842 1270/1257/836
f 1197/1261/774 1198/1264/835 1269/1256/834
f 1187/1311/794 1267/1253/839 1266/1250/838
f 1189/1242/837 1266/1250/838 1265/1251/773
f 1265/1174/773 1268/1172/775 1191/1325/771
o Cylinder.010
v 2.560661 0.140338 3.257286
v 2.837740 0.140338 3.596440
v 2.602251 0.129655 3.223308
v 2.879330 0.129655 3.562462
v 2.637509 0.099234 3.194503
v 2.914588 0.099234 3.533657
v 2.661068 0.053705 3.175256
v 2.938147 0.053705 3.514410
v 2.669341 0.000000 3.168498
v 2.946420 -0.000000 3.507652
v 2.661068 -0.053705 3.175256
v 2.938147 -0.053705 3.514410
v 2.637509 -0.099234 3.194503
v 2.914588 -0.099234 3.533657
v 2.602251 -0.129655 3.223308
v 2.879330 -0.129655 3.562462
v 2.560661 -0.140338 3.257286
v 2.837740 -0.140338 3.596440
v 2.519071 -0.129655 3.291264
v 2.796150 -0.129655 3.630418
v 2.483813 -0.099234 3.320069
v 2.760892 -0.099234 3.659223
v 2.460254 -0.053705 3.339316
v 2.737333 -0.053705 3.678470
v 2.451981 0.000000 3.346075
v 2.729060 -0.000000 3.685229
v 2.460254 0.053705 3.339316
v 2.737333 0.053705 3.678470
v 2.483813 0.099234 3.320069
v 2.760892 0.099234 3.659223
v 2.519071 0.129655 3.291264
v 2.796150 0.129655 3.630418
v 2.879330 0.129655 3.562462
v 2.837740 0.140338 3.596440
v 2.914588 0.099234 3.533657
v 2.938147 0.053705 3.514410
v 2.946420 -0.000000 3.507652
v 2.938147 -0.053705 3.514410
v 2.914588 -0.099234 3.533657
v 2.879330 -0.129655 3.562462
v 2.837740 -0.140338 3.596440
v 2.796150 -0.129655 3.630418
v 2.760892 -0.099234 3.659223
v 2.737333 -0.053705 3.678470
v 2.729060 -0.000000 3.685229
v 2.737333 0.053705 3.678470
v 2.760892 0.099234 3.659223
v 2.796150 0.129655 3.630418
vn -0.0000 1.0000 -0.0000
vn 0.2964 0.9239 -0.2421
vn 0.5476 0.7071 -0.4474
vn 0.7155 0.3827 -0.5845
vn 0.7744 -0.0000 -0.6327
vn 0.7155 -0.3827 -0.5845
vn 0.5476 -0.7071 -0.4474
vn 0.2964 -0.9239 -0.2421
vn -0.0000 -1.0000 -0.0000
vn -0.2964 -0.9239 0.2421
vn -0.5476 -0.7071 0.4474
vn -0.7155 -0.3827 0.5845
vn -0.7744 -0.0000 0.6327
vn -0.7155 0.3827 0.5845
vn -0.5476 0.7071 0.4474
vn 0.6327 -0.0000 0.7744
vn -0.2964 0.9239 0.2421
vt 0.634842 0.704447
vt 0.672360 0.699756
vt 0.672360 0.704447
vt 0.634842 0.699756
vt 0.672360 0.695065
vt 0.634842 0.695065
vt 0.672360 0.690374
vt 0.634842 0.690374
vt 0.672360 0.685683
vt 0.634842 0.760738
vt 0.672360 0.756047
vt 0.672360 0.760738
vt 0.634842 0.756047
vt 0.672360 0.751356
vt 0.634842 0.751356
vt 0.672360 0.746665
vt 0.634842 0.746665
vt 0.672360 0.741974
vt 0.634842 0.741974
vt 0.672360 0.737283
vt 0.634842 0.737283
vt 0.672360 0.732592
vt 0.634842 0.732592
vt 0.672360 0.727901
vt 0.634842 0.727901
vt 0.672360 0.723210
vt 0.634842 0.723210
vt 0.672360 0.718519
vt 0.634842 0.718519
vt 0.672360 0.713829
vt 0.644288 0.774465
vt 0.658425 0.783911
vt 0.648979 0.798048
vt 0.634842 0.713829
vt 0.672360 0.709138
vt 0.634842 0.709138
vt 0.634842 0.685683
vt 0.644288 0.798048
vt 0.639954 0.796253
vt 0.636637 0.792936
vt 0.634842 0.788602
vt 0.634842 0.783911
vt 0.636637 0.779577
vt 0.639954 0.776261
vt 0.648979 0.774465
vt 0.653313 0.776261
vt 0.656630 0.779577
vt 0.658425 0.788602
vt 0.656630 0.792936
vt 0.653313 0.796253
s 1
usemtl WoodToy2
f 1304/1328/891 1273/1329/892 1271/1330/891
f 1303/1331/892 1275/1332/893 1273/1329/892
f 1305/1333/893 1277/1334/894 1275/1332/893
f 1306/1335/894 1279/1336/895 1277/1334/894
f 1307/1337/895 1281/1338/896 1279/1339/895
f 1308/1340/896 1283/1341/897 1281/1338/896
f 1309/1342/897 1285/1343/898 1283/1341/897
f 1310/1344/898 1287/1345/899 1285/1343/898
f 1311/1346/899 1289/1347/900 1287/1345/899
f 1312/1348/900 1291/1349/901 1289/1347/900
f 1313/1350/901 1293/1351/902 1291/1349/901
f 1314/1352/902 1295/1353/903 1293/1351/902
f 1315/1354/903 1297/1355/904 1295/1353/903
f 1316/1356/904 1299/1357/905 1297/1355/904
f 1292/1358/906 1284/1359/906 1276/1360/906
f 1317/1361/905 1301/1362/907 1299/1357/905
f 1302/1363/907 1271/1330/891 1301/1362/907
f 1304/1328/891 1303/1331/892 1273/1329/892
f 1303/1331/892 1305/1333/893 1275/1332/893
f 1305/1333/893 1306/1335/894 1277/1334/894
f 1306/1335/894 1307/1364/895 1279/1336/895
f 1307/1337/895 1308/1340/896 1281/1338/896
f 1308/1340/896 1309/1342/897 1283/1341/897
f 1309/1342/897 1310/1344/898 1285/1343/898
f 1310/1344/898 1311/1346/899 1287/1345/899
f 1311/1346/899 1312/1348/900 1289/1347/900
f 1312/1348/900 1313/1350/901 1291/1349/901
f 1313/1350/901 1314/1352/902 1293/1351/902
f 1314/1352/902 1315/1354/903 1295/1353/903
f 1315/1354/903 1316/1356/904 1297/1355/904
f 1316/1356/904 1317/1361/905 1299/1357/905
f 1276/1360/906 1274/1365/906 1272/1366/906
f 1272/1366/906 1318/1367/906 1300/1368/906
f 1300/1368/906 1298/1369/906 1296/1370/906
f 1296/1370/906 1294/1371/906 1292/1358/906
f 1292/1358/906 1290/1372/906 1288/1373/906
f 1288/1373/906 1286/1374/906 1284/1359/906
f 1284/1359/906 1282/1375/906 1280/1376/906
f 1280/1376/906 1278/1377/906 1276/1360/906
f 1276/1360/906 1272/1366/906 1300/1368/906
f 1300/1368/906 1296/1370/906 1292/1358/906
f 1292/1358/906 1288/1373/906 1284/1359/906
f 1284/1359/906 1280/1376/906 1276/1360/906
f 1276/1360/906 1300/1368/906 1292/1358/906
f 1317/1361/905 1302/1363/907 1301/1362/907
f 1302/1363/907 1304/1328/891 1271/1330/891
o Cylinder.006
v -1.766709 -0.926502 1.793738
v -1.766709 -0.960995 1.828907
v -1.766709 -0.936605 1.818606
v -1.766709 -1.157212 1.793738
v -1.766709 -1.122719 1.828907
v -1.766709 -1.147109 1.818606
v -1.431092 -0.926502 1.726979
v -1.417633 -0.960995 1.759471
v -1.421575 -0.936605 1.749954
v -1.431092 -1.157212 1.726979
v -1.417633 -1.122719 1.759471
v -1.421575 -1.147109 1.749954
v -1.146569 -0.926502 1.536867
v -1.121701 -0.960995 1.561735
v -1.128985 -0.936605 1.554452
v -1.146569 -1.157212 1.536867
v -1.121701 -1.122719 1.561735
v -1.128985 -1.147109 1.554452
v -0.956457 -0.926502 1.252345
v -0.923966 -0.960995 1.265803
v -0.933482 -0.936605 1.261862
v -0.956457 -1.157212 1.252345
v -0.923966 -1.122719 1.265803
v -0.933482 -1.147109 1.261862
v -0.889699 -0.926502 0.916728
v -0.854530 -0.960995 0.916728
v -0.864831 -0.936605 0.916728
v -0.889699 -1.157212 0.916728
v -0.854530 -1.122719 0.916728
v -0.864831 -1.147109 0.916728
v -0.956457 -0.926502 0.581111
v -0.923966 -0.960995 0.567652
v -0.933482 -0.936605 0.571594
v -0.956457 -1.157212 0.581111
v -0.923966 -1.122719 0.567652
v -0.933482 -1.147109 0.571594
v -1.146569 -0.926502 0.296588
v -1.121701 -0.960995 0.271720
v -1.128985 -0.936605 0.279004
v -1.146569 -1.157211 0.296588
v -1.121701 -1.122719 0.271720
v -1.128985 -1.147109 0.279004
v -1.431092 -0.926502 0.106476
v -1.417633 -0.960995 0.073985
v -1.421575 -0.936605 0.083502
v -1.431092 -1.157211 0.106476
v -1.417633 -1.122719 0.073985
v -1.421575 -1.147109 0.083502
v -1.766709 -0.926502 0.039718
v -1.766709 -0.960995 0.004549
v -1.766709 -0.936605 0.014850
v -1.766709 -1.157211 0.039718
v -1.766709 -1.122719 0.004549
v -1.766709 -1.147109 0.014850
v -2.102326 -0.926502 0.106476
v -2.115784 -0.960995 0.073985
v -2.111842 -0.936605 0.083502
v -2.102326 -1.157211 0.106476
v -2.115784 -1.122719 0.073985
v -2.111842 -1.147109 0.083502
v -2.386848 -0.926502 0.296588
v -2.411716 -0.960995 0.271720
v -2.404433 -0.936605 0.279004
v -2.386848 -1.157211 0.296588
v -2.411716 -1.122719 0.271720
v -2.404433 -1.147109 0.279004
v -2.576960 -0.926502 0.581111
v -2.609452 -0.960995 0.567652
v -2.599935 -0.936605 0.571594
v -2.576960 -1.157211 0.581111
v -2.609452 -1.122719 0.567652
v -2.599935 -1.147109 0.571594
v -2.643719 -0.926502 0.916728
v -2.678887 -0.960995 0.916728
v -2.668587 -0.936605 0.916728
v -2.643719 -1.157211 0.916728
v -2.678887 -1.122719 0.916728
v -2.668587 -1.147109 0.916728
v -2.576960 -0.926502 1.252345
v -2.609452 -0.960995 1.265804
v -2.599935 -0.936605 1.261862
v -2.576960 -1.157211 1.252345
v -2.609452 -1.122719 1.265804
v -2.599935 -1.147109 1.261862
v -2.386848 -0.926502 1.536867
v -2.411716 -0.960995 1.561735
v -2.404433 -0.936605 1.554452
v -2.386848 -1.157211 1.536867
v -2.411716 -1.122719 1.561735
v -2.404433 -1.147109 1.554452
v -2.102326 -0.926502 1.726979
v -2.115784 -0.960995 1.759471
v -2.111842 -0.936605 1.749954
v -2.102326 -1.157211 1.726979
v -2.115784 -1.122719 1.759471
v -2.111842 -1.147109 1.749954
v 1.766708 -0.926503 1.793738
v 1.766708 -0.960996 1.828906
v 1.766708 -0.936606 1.818606
v 1.766708 -1.157212 1.793738
v 1.766708 -1.122719 1.828906
v 1.766708 -1.147109 1.818606
v 1.431092 -0.926503 1.726979
v 1.417633 -0.960996 1.759471
v 1.421575 -0.936605 1.749954
v 1.431092 -1.157212 1.726979
v 1.417633 -1.122719 1.759471
v 1.421575 -1.147109 1.749954
v 1.146569 -0.926503 1.536867
v 1.121701 -0.960996 1.561735
v 1.128985 -0.936605 1.554452
v 1.146569 -1.157212 1.536867
v 1.121701 -1.122719 1.561735
v 1.128985 -1.147109 1.554452
v 0.956457 -0.926503 1.252345
v 0.923965 -0.960995 1.265803
v 0.933482 -0.936605 1.261862
v 0.956457 -1.157212 1.252345
v 0.923965 -1.122719 1.265803
v 0.933482 -1.147109 1.261862
v 0.889699 -0.926503 0.916728
v 0.854530 -0.960995 0.916728
v 0.864831 -0.936605 0.916728
v 0.889699 -1.157212 0.916728
v 0.854530 -1.122719 0.916728
v 0.864831 -1.147109 0.916728
v 0.956457 -0.926503 0.581111
v 0.923965 -0.960995 0.567652
v 0.933482 -0.936605 0.571594
v 0.956457 -1.157212 0.581111
v 0.923965 -1.122719 0.567652
v 0.933482 -1.147109 0.571594
v 1.146569 -0.926503 0.296588
v 1.121701 -0.960995 0.271720
v 1.128984 -0.936605 0.279004
v 1.146569 -1.157212 0.296588
v 1.121701 -1.122719 0.271720
v 1.128984 -1.147109 0.279004
v 1.431091 -0.926503 0.106476
v 1.417633 -0.960995 0.073985
v 1.421575 -0.936605 0.083502
v 1.431091 -1.157212 0.106476
v 1.417633 -1.122719 0.073985
v 1.421575 -1.147109 0.083502
v 1.766708 -0.926503 0.039718
v 1.766708 -0.960995 0.004549
v 1.766708 -0.936605 0.014850
v 1.766708 -1.157212 0.039718
v 1.766708 -1.122719 0.004549
v 1.766708 -1.147109 0.014850
v 2.102326 -0.926503 0.106476
v 2.115784 -0.960996 0.073985
v 2.111842 -0.936605 0.083502
v 2.102326 -1.157212 0.106476
v 2.115784 -1.122719 0.073985
v 2.111842 -1.147109 0.083502
v 2.386848 -0.926503 0.296588
v 2.411716 -0.960996 0.271720
v 2.404433 -0.936605 0.279004
v 2.386848 -1.157212 0.296588
v 2.411716 -1.122719 0.271720
v 2.404433 -1.147109 0.279004
v 2.576960 -0.926503 0.581110
v 2.609452 -0.960996 0.567652
v 2.599935 -0.936606 0.571594
v 2.576960 -1.157212 0.581110
v 2.609452 -1.122719 0.567652
v 2.599935 -1.147109 0.571594
v 2.643719 -0.926503 0.916728
v 2.678887 -0.960996 0.916728
v 2.668587 -0.936606 0.916728
v 2.643719 -1.157212 0.916728
v 2.678887 -1.122719 0.916728
v 2.668587 -1.147109 0.916728
v 2.576960 -0.926503 1.252345
v 2.609452 -0.960996 1.265804
v 2.599935 -0.936606 1.261862
v 2.576960 -1.157212 1.252345
v 2.609452 -1.122719 1.265804
v 2.599935 -1.147109 1.261862
v 2.386848 -0.926503 1.536867
v 2.411716 -0.960996 1.561735
v 2.404433 -0.936606 1.554452
v 2.386848 -1.157212 1.536867
v 2.411716 -1.122719 1.561735
v 2.404433 -1.147109 1.554452
v 2.102326 -0.926503 1.726979
v 2.115784 -0.960996 1.759471
v 2.111842 -0.936606 1.749954
v 2.102326 -1.157212 1.726979
v 2.115784 -1.122719 1.759471
v 2.111842 -1.147109 1.749954
v -1.766708 0.926503 1.793738
v -1.766708 0.960996 1.828907
v -1.766708 0.936606 1.818606
v -1.766708 1.157212 1.793738
v -1.766708 1.122719 1.828907
v -1.766708 1.147109 1.818606
v -1.431092 0.926503 1.726979
v -1.417633 0.960996 1.759471
v -1.421575 0.936606 1.749954
v -1.431092 1.157212 1.726979
v -1.417633 1.122719 1.759471
v -1.421575 1.147109 1.749954
v -1.146569 0.926503 1.536868
v -1.121701 0.960996 1.561736
v -1.128985 0.936606 1.554452
v -1.146569 1.157212 1.536868
v -1.121701 1.122719 1.561736
v -1.128985 1.147109 1.554452
v -0.956457 0.926503 1.252345
v -0.923966 0.960996 1.265803
v -0.933482 0.936606 1.261862
v -0.956457 1.157212 1.252345
v -0.923966 1.122719 1.265803
v -0.933482 1.147109 1.261862
v -0.889699 0.926503 0.916728
v -0.854530 0.960996 0.916728
v -0.864831 0.936606 0.916728
v -0.889699 1.157212 0.916728
v -0.854530 1.122719 0.916728
v -0.864831 1.147109 0.916728
v -0.956457 0.926503 0.581111
v -0.923966 0.960996 0.567652
v -0.933482 0.936606 0.571594
v -0.956457 1.157212 0.581111
v -0.923966 1.122719 0.567652
v -0.933482 1.147109 0.571594
v -1.146569 0.926503 0.296588
v -1.121701 0.960996 0.271720
v -1.128985 0.936606 0.279004
v -1.146569 1.157212 0.296588
v -1.121701 1.122719 0.271720
v -1.128985 1.147109 0.279004
v -1.431091 0.926503 0.106476
v -1.417633 0.960996 0.073985
v -1.421575 0.936606 0.083502
v -1.431091 1.157212 0.106476
v -1.417633 1.122719 0.073985
v -1.421575 1.147109 0.083502
v -1.766709 0.926503 0.039718
v -1.766709 0.960996 0.004549
v -1.766709 0.936606 0.014850
v -1.766709 1.157212 0.039718
v -1.766709 1.122719 0.004549
v -1.766709 1.147109 0.014850
v -2.102326 0.926503 0.106476
v -2.115784 0.960996 0.073985
v -2.111842 0.936606 0.083502
v -2.102326 1.157212 0.106476
v -2.115784 1.122719 0.073985
v -2.111842 1.147109 0.083502
v -2.386848 0.926503 0.296588
v -2.411716 0.960996 0.271720
v -2.404433 0.936606 0.279004
v -2.386848 1.157212 0.296588
v -2.411716 1.122719 0.271720
v -2.404433 1.147109 0.279004
v -2.576960 0.926503 0.581111
v -2.609452 0.960996 0.567652
v -2.599935 0.936606 0.571594
v -2.576960 1.157212 0.581111
v -2.609452 1.122719 0.567652
v -2.599935 1.147109 0.571594
v -2.643719 0.926503 0.916728
v -2.678887 0.960996 0.916728
v -2.668587 0.936606 0.916728
v -2.643719 1.157212 0.916728
v -2.678887 1.122719 0.916728
v -2.668587 1.147109 0.916728
v -2.576960 0.926503 1.252345
v -2.609452 0.960996 1.265804
v -2.599935 0.936606 1.261862
v -2.576960 1.157212 1.252345
v -2.609452 1.122719 1.265804
v -2.599935 1.147109 1.261862
v -2.386848 0.926503 1.536868
v -2.411716 0.960996 1.561736
v -2.404433 0.936606 1.554452
v -2.386848 1.157212 1.536868
v -2.411716 1.122719 1.561736
v -2.404433 1.147109 1.554452
v -2.102326 0.926503 1.726979
v -2.115784 0.960996 1.759471
v -2.111842 0.936606 1.749955
v -2.102326 1.157212 1.726979
v -2.115784 1.122719 1.759471
v -2.111842 1.147109 1.749955
v 1.766709 0.926502 1.793738
v 1.766709 0.960995 1.828907
v 1.766709 0.936605 1.818606
v 1.766709 1.157212 1.793738
v 1.766709 1.122719 1.828907
v 1.766709 1.147109 1.818606
v 1.431092 0.926503 1.726979
v 1.417633 0.960995 1.759471
v 1.421575 0.936605 1.749954
v 1.431092 1.157212 1.726979
v 1.417633 1.122719 1.759471
v 1.421575 1.147109 1.749954
v 1.146569 0.926503 1.536867
v 1.121701 0.960995 1.561735
v 1.128985 0.936605 1.554452
v 1.146569 1.157212 1.536867
v 1.121701 1.122719 1.561735
v 1.128985 1.147109 1.554452
v 0.956457 0.926503 1.252345
v 0.923966 0.960995 1.265803
v 0.933482 0.936605 1.261862
v 0.956457 1.157212 1.252345
v 0.923966 1.122719 1.265803
v 0.933482 1.147109 1.261862
v 0.889699 0.926503 0.916728
v 0.854530 0.960995 0.916728
v 0.864831 0.936605 0.916728
v 0.889699 1.157212 0.916728
v 0.854530 1.122719 0.916728
v 0.864831 1.147109 0.916728
v 0.956457 0.926503 0.581111
v 0.923966 0.960995 0.567652
v 0.933482 0.936605 0.571594
v 0.956457 1.157212 0.581111
v 0.923966 1.122719 0.567652
v 0.933482 1.147109 0.571594
v 1.146569 0.926503 0.296588
v 1.121701 0.960995 0.271720
v 1.128985 0.936605 0.279004
v 1.146569 1.157212 0.296588
v 1.121701 1.122719 0.271720
v 1.128985 1.147109 0.279004
v 1.431091 0.926503 0.106476
v 1.417633 0.960995 0.073985
v 1.421575 0.936605 0.083502
v 1.431091 1.157212 0.106476
v 1.417633 1.122719 0.073985
v 1.421575 1.147109 0.083502
v 1.766709 0.926503 0.039718
v 1.766709 0.960995 0.004549
v 1.766709 0.936605 0.014850
v 1.766709 1.157212 0.039718
v 1.766709 1.122719 0.004549
v 1.766709 1.147109 0.014850
v 2.102326 0.926503 0.106476
v 2.115784 0.960995 0.073985
v 2.111842 0.936605 0.083502
v 2.102326 1.157212 0.106476
v 2.115784 1.122719 0.073985
v 2.111842 1.147109 0.083502
v 2.386848 0.926503 0.296588
v 2.411716 0.960995 0.271720
v 2.404433 0.936605 0.279004
v 2.386848 1.157212 0.296588
v 2.411716 1.122719 0.271720
v 2.404433 1.147109 0.279004
v 2.576960 0.926502 0.581110
v 2.609452 0.960995 0.567652
v 2.599935 0.936605 0.571594
v 2.576960 1.157212 0.581110
v 2.609452 1.122719 0.567652
v 2.599935 1.147109 0.571594
v 2.643719 0.926502 0.916728
v 2.678887 0.960995 0.916728
v 2.668587 0.936605 0.916728
v 2.643719 1.157212 0.916728
v 2.678887 1.122719 0.916728
v 2.668587 1.147109 0.916728
v 2.576960 0.926502 1.252345
v 2.609452 0.960995 1.265804
v 2.599935 0.936605 1.261862
v 2.576960 1.157212 1.252345
v 2.609452 1.122719 1.265804
v 2.599935 1.147109 1.261862
v 2.386848 0.926502 1.536867
v 2.411716 0.960995 1.561735
v 2.404433 0.936605 1.554452
v 2.386848 1.157212 1.536867
v 2.411716 1.122719 1.561735
v 2.404433 1.147109 1.554452
v 2.102326 0.926502 1.726979
v 2.115784 0.960995 1.759471
v 2.111842 0.936605 1.749954
v 2.102326 1.157212 1.726979
v 2.115784 1.122719 1.759471
v 2.111842 1.147109 1.749954
vn -0.3754 -0.1938 0.9064
vn -0.0000 0.1938 0.9810
vn -0.3754 0.1938 0.9064
vn 0.6937 -0.1938 0.6937
vn 0.9064 0.1938 0.3754
vn 0.6937 0.1938 0.6937
vn 0.9064 -0.1938 0.3754
vn 0.9810 0.1938 -0.0000
vn 0.9810 -0.1938 -0.0000
vn 0.9064 0.1938 -0.3754
vn 0.9064 -0.1938 -0.3754
vn 0.6937 0.1938 -0.6937
vn 0.6937 -0.1938 -0.6937
vn 0.3754 0.1939 -0.9064
vn 0.3754 -0.1938 -0.9064
vn -0.0000 0.1938 -0.9810
vn -0.0000 -0.1938 -0.9810
vn -0.3754 0.1939 -0.9064
vn -0.3754 -0.1939 -0.9064
vn -0.6937 0.1938 -0.6937
vn -0.6937 -0.1938 -0.6937
vn -0.9064 0.1938 -0.3754
vn -0.9064 -0.1938 -0.3754
vn -0.9810 0.1938 -0.0000
vn -0.9810 -0.1938 -0.0000
vn -0.9064 0.1938 0.3754
vn -0.9064 -0.1938 0.3754
vn -0.6937 0.1938 0.6937
vn -0.6937 -0.1938 0.6937
vn 0.3754 -0.1938 0.9064
vn 0.3754 0.1938 0.9064
vn -0.1518 -0.9767 -0.1518
vn 0.1518 -0.9767 -0.1518
vn 0.1517 -0.9767 0.1518
vn -0.0000 -0.1938 0.9810
vn -0.0000 0.6889 0.7249
vn 0.0821 0.9767 0.1983
vn -0.0000 0.9767 0.2146
vn 0.2774 -0.6889 0.6697
vn -0.0000 -0.9767 0.2146
vn 0.0821 -0.9767 0.1983
vn 0.2774 0.6889 0.6697
vn 0.5126 0.6889 0.5126
vn 0.5126 -0.6889 0.5126
vn 0.6697 0.6889 0.2774
vn 0.1518 0.9767 0.1518
vn 0.6697 -0.6889 0.2774
vn 0.1983 -0.9767 0.0821
vn 0.7249 0.6889 -0.0000
vn 0.2146 0.9767 -0.0000
vn 0.1983 0.9767 0.0821
vn 0.7249 -0.6889 -0.0000
vn 0.2146 -0.9767 -0.0000
vn 0.6697 0.6889 -0.2774
vn 0.6697 -0.6889 -0.2774
vn 0.1983 -0.9767 -0.0821
vn 0.5126 0.6889 -0.5126
vn 0.1983 0.9767 -0.0821
vn 0.5126 -0.6889 -0.5126
vn 0.2774 0.6889 -0.6697
vn 0.1518 0.9767 -0.1518
vn 0.2774 -0.6889 -0.6697
vn 0.0821 -0.9767 -0.1983
vn -0.0000 0.6889 -0.7249
vn 0.0821 0.9767 -0.1983
vn -0.0000 -0.6889 -0.7249
vn -0.0000 -0.9767 -0.2146
vn -0.0821 0.9767 -0.1983
vn -0.0000 0.9767 -0.2146
vn -0.2774 -0.6889 -0.6697
vn -0.0821 -0.9767 -0.1983
vn -0.2774 0.6889 -0.6697
vn -0.1518 0.9767 -0.1518
vn -0.5126 -0.6889 -0.5126
vn -0.6697 0.6889 -0.2774
vn -0.5126 0.6889 -0.5126
vn -0.6697 -0.6889 -0.2774
vn -0.1983 -0.9767 -0.0821
vn -0.7249 0.6889 -0.0000
vn -0.1983 0.9767 -0.0821
vn -0.7249 -0.6889 -0.0000
vn -0.2146 -0.9767 -0.0000
vn -0.6697 0.6889 0.2774
vn -0.2146 0.9767 -0.0000
vn -0.6697 -0.6889 0.2774
vn -0.1983 -0.9767 0.0821
vn -0.5126 0.6889 0.5126
vn -0.1983 0.9767 0.0821
vn -0.5126 -0.6889 0.5126
vn -0.1518 -0.9767 0.1518
vn -0.2774 0.6889 0.6697
vn -0.1518 0.9767 0.1518
vn -0.2774 -0.6889 0.6697
vn -0.0821 -0.9767 0.1983
vn -0.0821 0.9767 0.1983
vn -0.0000 -0.6889 0.7249
vn -0.3754 -0.1938 -0.9064
vn 0.3754 -0.1939 -0.9064
vn 0.1518 -0.9767 0.1518
vn 0.3754 0.1938 -0.9064
vn -0.1517 0.9767 0.1518
vt 0.839086 0.751891
vt 0.852075 0.723307
vt 0.852074 0.751891
vt 0.839086 0.666138
vt 0.852075 0.637554
vt 0.852075 0.666138
vt 0.839086 0.637554
vt 0.852075 0.608970
vt 0.839086 0.608970
vt 0.852075 0.580386
vt 0.839086 0.580386
vt 0.852075 0.551801
vt 0.839086 0.551801
vt 0.852075 0.523217
vt 0.839086 0.523217
vt 0.852075 0.494633
vt 0.839086 0.951981
vt 0.852075 0.923397
vt 0.852075 0.951981
vt 0.839086 0.923397
vt 0.852075 0.894813
vt 0.839086 0.894813
vt 0.852074 0.866229
vt 0.839086 0.866229
vt 0.852074 0.837644
vt 0.839086 0.837644
vt 0.852074 0.809060
vt 0.839086 0.809060
vt 0.852074 0.780476
vt 0.839086 0.780476
vt 0.839086 0.694723
vt 0.852075 0.694723
vt 0.354938 0.827784
vt 0.410275 0.910311
vt 0.327645 0.965546
vt 0.839086 0.723307
vt 0.974387 0.257910
vt 0.952526 0.239183
vt 0.953743 0.237328
vt 0.970720 0.260379
vt 0.951305 0.241014
vt 0.279145 0.938271
vt 0.301028 0.956976
vt 0.299813 0.958833
vt 0.282807 0.935798
vt 0.302248 0.955143
vt 0.985554 0.284848
vt 0.972551 0.259157
vt 0.983379 0.285296
vt 0.327217 0.967706
vt 0.326801 0.969887
vt 0.983373 0.313608
vt 0.981219 0.285722
vt 0.355533 0.967727
vt 0.355979 0.969902
vt 0.355107 0.965566
vt 0.985554 0.314023
vt 0.972647 0.339795
vt 0.970814 0.338576
vt 0.981213 0.313180
vt 0.381680 0.956913
vt 0.382925 0.958751
vt 0.380459 0.955082
vt 0.953944 0.361682
vt 0.974505 0.341010
vt 0.952695 0.359848
vt 0.403522 0.938117
vt 0.401666 0.936899
vt 0.399836 0.935677
vt 0.927022 0.372880
vt 0.926573 0.370706
vt 0.951471 0.358018
vt 0.412434 0.910741
vt 0.414613 0.911157
vt 0.897859 0.372906
vt 0.898274 0.370726
vt 0.926144 0.368547
vt 0.412440 0.882452
vt 0.414613 0.882004
vt 0.410281 0.882880
vt 0.872110 0.359974
vt 0.898702 0.368566
vt 0.401583 0.856335
vt 0.403418 0.855087
vt 0.399753 0.857559
vt 0.850251 0.341249
vt 0.870893 0.361830
vt 0.853918 0.338781
vt 0.873331 0.358143
vt 0.381545 0.836369
vt 0.382761 0.834512
vt 0.380325 0.838201
vt 0.839086 0.314314
vt 0.852087 0.340002
vt 0.843421 0.313440
vt 0.355782 0.823443
vt 0.355367 0.825624
vt 0.841270 0.285555
vt 0.841261 0.313866
vt 0.327056 0.825626
vt 0.326607 0.823451
vt 0.327485 0.827786
vt 0.839089 0.285140
vt 0.852019 0.259365
vt 0.843431 0.285984
vt 0.300920 0.836496
vt 0.299674 0.834659
vt 0.302142 0.838328
vt 0.870715 0.237468
vt 0.850161 0.258150
vt 0.871964 0.239302
vt 0.853852 0.260585
vt 0.280900 0.856495
vt 0.279046 0.855274
vt 0.282729 0.857720
vt 0.897626 0.226263
vt 0.898075 0.228436
vt 0.873189 0.241131
vt 0.270099 0.882639
vt 0.267920 0.882222
vt 0.272257 0.883070
vt 0.926778 0.226252
vt 0.926363 0.228432
vt 0.898504 0.230595
vt 0.270109 0.910918
vt 0.267936 0.911368
vt 0.272267 0.910489
vt 0.925934 0.230590
vt 0.280979 0.937022
vt 0.839086 0.494633
s 1
usemtl WoodToy2
f 1413/1378/908 1320/1379/909 1410/1380/910
f 1335/1381/911 1338/1382/912 1332/1383/913
f 1341/1384/914 1344/1385/915 1338/1382/912
f 1347/1386/916 1350/1387/917 1344/1385/915
f 1353/1388/918 1356/1389/919 1350/1387/917
f 1359/1390/920 1362/1391/921 1356/1389/919
f 1365/1392/922 1368/1393/923 1362/1391/921
f 1371/1394/924 1374/1395/925 1368/1396/923
f 1377/1397/926 1380/1398/927 1374/1395/925
f 1383/1399/928 1386/1400/929 1380/1398/927
f 1389/1401/930 1392/1402/931 1386/1400/929
f 1395/1403/932 1398/1404/933 1392/1402/931
f 1401/1405/934 1404/1406/935 1398/1404/933
f 1407/1407/936 1410/1380/910 1404/1406/935
f 1329/1408/937 1332/1383/913 1326/1409/938
f 1382/1410/939 1358/1411/940 1334/1412/941
f 1323/1413/942 1326/1409/938 1320/1379/909
f 1326/1414/938 1321/1415/943 1320/1416/909
f 1321/1415/943 1325/1417/944 1319/1418/945
f 1323/1419/942 1330/1420/946 1329/1421/937
f 1330/1420/946 1322/1422/947 1328/1423/948
f 1332/1424/913 1327/1425/949 1326/1414/938
f 1333/1426/950 1325/1417/944 1327/1425/949
f 1329/1421/937 1336/1427/951 1335/1428/911
f 1336/1427/951 1328/1423/948 1334/1412/941
f 1332/1424/913 1339/1429/952 1333/1426/950
f 1339/1429/952 1331/1430/953 1333/1426/950
f 1335/1428/911 1342/1431/954 1341/1432/914
f 1342/1431/954 1334/1412/941 1340/1433/955
f 1338/1434/912 1345/1435/956 1339/1429/952
f 1339/1429/952 1343/1436/957 1337/1437/958
f 1341/1432/914 1348/1438/959 1347/1439/916
f 1342/1431/954 1346/1440/960 1348/1438/959
f 1350/1441/917 1345/1435/956 1344/1442/915
f 1351/1443/961 1343/1436/957 1345/1435/956
f 1353/1444/918 1348/1438/959 1354/1445/962
f 1354/1445/962 1346/1440/960 1352/1446/963
f 1356/1447/919 1351/1443/961 1350/1441/917
f 1357/1448/964 1349/1449/965 1351/1443/961
f 1353/1444/918 1360/1450/966 1359/1451/920
f 1360/1450/966 1352/1446/963 1358/1411/940
f 1362/1452/921 1357/1448/964 1356/1447/919
f 1363/1453/967 1355/1454/968 1357/1448/964
f 1359/1451/920 1366/1455/969 1365/1456/922
f 1360/1450/966 1364/1457/970 1366/1455/969
f 1362/1452/921 1369/1458/971 1363/1453/967
f 1369/1458/971 1361/1459/972 1363/1453/967
f 1365/1456/922 1372/1460/973 1371/1461/924
f 1366/1455/969 1370/1462/974 1372/1460/973
f 1374/1463/925 1369/1458/971 1368/1464/923
f 1369/1458/971 1373/1465/975 1367/1466/976
f 1371/1461/924 1378/1467/977 1377/1468/926
f 1372/1460/973 1376/1469/978 1378/1467/977
f 1380/1470/927 1375/1471/979 1374/1463/925
f 1375/1471/979 1379/1472/980 1373/1465/975
f 1383/1473/928 1378/1467/977 1384/1474/981
f 1384/1474/981 1376/1469/978 1382/1410/939
f 1380/1470/927 1387/1475/982 1381/1476/983
f 1387/1475/982 1379/1472/980 1381/1476/983
f 1383/1473/928 1390/1477/984 1389/1478/930
f 1390/1477/984 1382/1410/939 1388/1479/985
f 1386/1480/929 1393/1481/986 1387/1475/982
f 1393/1481/986 1385/1482/987 1387/1475/982
f 1389/1478/930 1396/1483/988 1395/1484/932
f 1396/1483/988 1388/1479/985 1394/1485/989
f 1398/1486/933 1393/1481/986 1392/1487/931
f 1399/1488/990 1391/1489/991 1393/1481/986
f 1395/1484/932 1402/1490/992 1401/1491/934
f 1396/1483/988 1400/1492/993 1402/1490/992
f 1404/1493/935 1399/1488/990 1398/1486/933
f 1405/1494/994 1397/1495/995 1399/1488/990
f 1401/1491/934 1408/1496/996 1407/1497/936
f 1408/1496/996 1400/1492/993 1406/1498/997
f 1410/1499/910 1405/1494/994 1404/1493/935
f 1411/1500/998 1403/1501/999 1405/1494/994
f 1407/1497/936 1414/1502/1000 1413/1503/908
f 1414/1502/1000 1406/1498/997 1412/1504/1001
f 1320/1416/909 1411/1500/998 1410/1499/910
f 1321/1415/943 1409/1505/1002 1411/1500/998
f 1413/1503/908 1324/1506/1003 1323/1419/942
f 1324/1506/1003 1412/1504/1001 1322/1422/947
f 1361/1459/972 1385/1482/987 1409/1505/1002
f 1416/1379/909 1509/1378/937 1506/1380/938
f 1434/1382/933 1431/1381/936 1428/1383/935
f 1440/1385/931 1437/1384/934 1434/1382/933
f 1446/1387/929 1443/1386/932 1440/1385/931
f 1452/1389/927 1449/1388/930 1446/1387/929
f 1458/1391/925 1455/1390/928 1452/1389/927
f 1464/1393/923 1461/1392/1004 1458/1391/925
f 1470/1395/921 1467/1394/924 1464/1396/923
f 1476/1398/919 1473/1397/1005 1470/1395/921
f 1482/1400/917 1479/1399/920 1476/1398/919
f 1488/1402/915 1485/1401/918 1482/1400/917
f 1494/1404/912 1491/1403/916 1488/1402/915
f 1500/1406/913 1497/1405/914 1494/1404/912
f 1506/1380/938 1503/1407/911 1500/1406/913
f 1428/1383/935 1425/1408/908 1422/1409/910
f 1466/1462/974 1490/1485/960 1418/1422/947
f 1422/1409/910 1419/1413/942 1416/1379/909
f 1417/1415/943 1422/1414/910 1416/1416/909
f 1417/1415/943 1421/1417/1002 1423/1425/998
f 1426/1420/1000 1419/1419/942 1425/1421/908
f 1424/1423/1001 1420/1506/1003 1426/1420/1000
f 1422/1414/910 1429/1426/994 1428/1424/935
f 1421/1417/1002 1429/1426/994 1423/1425/998
f 1432/1427/996 1425/1421/908 1431/1428/936
f 1430/1412/997 1426/1420/1000 1432/1427/996
f 1428/1424/935 1435/1429/990 1434/1434/933
f 1427/1430/999 1435/1429/990 1429/1426/994
f 1438/1431/992 1431/1428/936 1437/1432/934
f 1438/1431/992 1430/1412/997 1432/1427/996
f 1434/1434/933 1441/1435/986 1440/1442/931
f 1435/1429/990 1439/1436/991 1441/1435/986
f 1444/1438/988 1437/1432/934 1443/1439/932
f 1442/1440/989 1438/1431/992 1444/1438/988
f 1441/1435/986 1446/1441/929 1440/1442/931
f 1439/1436/991 1447/1443/982 1441/1435/986
f 1449/1444/930 1444/1438/988 1443/1439/932
f 1450/1445/984 1442/1440/989 1444/1438/988
f 1447/1443/982 1452/1447/927 1446/1441/929
f 1445/1449/987 1453/1448/983 1447/1443/982
f 1456/1450/981 1449/1444/930 1455/1451/928
f 1456/1450/981 1448/1446/985 1450/1445/984
f 1453/1448/983 1458/1452/925 1452/1447/927
f 1451/1454/980 1459/1453/979 1453/1448/983
f 1461/1456/1004 1456/1450/981 1455/1451/928
f 1460/1457/978 1456/1450/981 1462/1455/977
f 1458/1452/925 1465/1458/971 1464/1464/923
f 1457/1459/975 1465/1458/971 1459/1453/979
f 1468/1460/973 1461/1456/1004 1467/1461/924
f 1466/1462/974 1462/1455/977 1468/1460/973
f 1465/1458/971 1470/1463/921 1464/1464/923
f 1465/1458/971 1469/1465/972 1471/1471/967
f 1474/1467/969 1467/1461/924 1473/1468/1005
f 1472/1469/970 1468/1460/973 1474/1467/969
f 1471/1471/967 1476/1470/919 1470/1463/921
f 1471/1471/967 1475/1472/968 1477/1476/964
f 1479/1473/920 1474/1467/969 1473/1468/1005
f 1478/1410/940 1474/1467/969 1480/1474/966
f 1476/1470/919 1483/1475/961 1482/1480/917
f 1475/1472/968 1483/1475/961 1477/1476/964
f 1486/1477/962 1479/1473/920 1485/1478/918
f 1486/1477/962 1478/1410/940 1480/1474/966
f 1482/1480/917 1489/1481/956 1488/1487/915
f 1481/1482/965 1489/1481/956 1483/1475/961
f 1492/1483/959 1485/1478/918 1491/1484/916
f 1492/1483/959 1484/1479/963 1486/1477/962
f 1489/1481/956 1494/1486/912 1488/1487/915
f 1487/1489/957 1495/1488/952 1489/1481/956
f 1498/1490/954 1491/1484/916 1497/1491/914
f 1498/1490/954 1490/1485/960 1492/1483/959
f 1495/1488/952 1500/1493/913 1494/1486/912
f 1495/1488/952 1499/1501/953 1501/1494/950
f 1504/1496/951 1497/1491/914 1503/1497/911
f 1502/1498/1006 1498/1490/954 1504/1496/951
f 1501/1494/950 1506/1499/938 1500/1493/913
f 1499/1501/953 1507/1500/949 1501/1494/950
f 1509/1503/937 1504/1496/951 1503/1497/911
f 1510/1502/946 1502/1498/1006 1504/1496/951
f 1507/1500/949 1416/1416/909 1506/1499/938
f 1505/1505/944 1417/1415/943 1507/1500/949
f 1420/1506/1003 1509/1503/937 1419/1419/942
f 1418/1422/947 1510/1502/946 1420/1506/1003
f 1469/1465/972 1445/1449/987 1421/1417/1002
f 1512/1379/942 1605/1378/910 1602/1380/908
f 1530/1382/914 1527/1381/913 1524/1383/911
f 1536/1385/916 1533/1384/912 1530/1382/914
f 1542/1387/918 1539/1386/915 1536/1385/916
f 1548/1389/920 1545/1388/917 1542/1387/918
f 1554/1391/1005 1551/1390/919 1548/1389/920
f 1560/1393/924 1557/1392/1007 1554/1391/1005
f 1566/1395/926 1563/1394/923 1560/1396/924
f 1572/1398/928 1569/1397/925 1566/1395/926
f 1578/1400/930 1575/1399/927 1572/1398/928
f 1584/1402/932 1581/1401/929 1578/1400/930
f 1590/1404/934 1587/1403/931 1584/1402/932
f 1596/1406/936 1593/1405/933 1590/1404/934
f 1602/1380/908 1599/1407/935 1596/1406/936
f 1524/1383/911 1521/1408/938 1518/1409/937
f 1562/1462/976 1586/1485/991 1514/1422/945
f 1518/1409/937 1515/1413/909 1512/1379/942
f 1513/1415/1003 1518/1414/937 1512/1416/942
f 1513/1415/1003 1517/1417/948 1519/1425/946
f 1522/1420/949 1515/1419/909 1521/1421/938
f 1520/1423/944 1516/1506/943 1522/1420/949
f 1518/1414/937 1525/1426/951 1524/1424/911
f 1517/1417/948 1525/1426/951 1519/1425/946
f 1528/1427/950 1521/1421/938 1527/1428/913
f 1526/1412/953 1522/1420/949 1528/1427/950
f 1524/1424/911 1531/1429/954 1530/1434/914
f 1523/1430/1006 1531/1429/954 1525/1426/951
f 1534/1431/952 1527/1428/913 1533/1432/912
f 1534/1431/952 1526/1412/953 1528/1427/950
f 1530/1434/914 1537/1435/959 1536/1442/916
f 1531/1429/954 1535/1436/960 1537/1435/959
f 1540/1438/956 1533/1432/912 1539/1439/915
f 1538/1440/957 1534/1431/952 1540/1438/956
f 1537/1435/959 1542/1441/918 1536/1442/916
f 1535/1436/960 1543/1443/962 1537/1435/959
f 1545/1444/917 1540/1438/956 1539/1439/915
f 1546/1445/961 1538/1440/957 1540/1438/956
f 1543/1443/962 1548/1447/920 1542/1441/918
f 1541/1449/963 1549/1448/966 1543/1443/962
f 1552/1450/964 1545/1444/917 1551/1451/919
f 1552/1450/964 1544/1446/965 1546/1445/961
f 1549/1448/966 1554/1452/1005 1548/1447/920
f 1547/1454/940 1555/1453/969 1549/1448/966
f 1557/1456/1007 1552/1450/964 1551/1451/919
f 1556/1457/972 1552/1450/964 1558/1455/967
f 1554/1452/1005 1561/1458/973 1560/1464/924
f 1553/1459/970 1561/1458/973 1555/1453/969
f 1564/1460/971 1557/1456/1007 1563/1461/923
f 1562/1462/976 1558/1455/967 1564/1460/971
f 1561/1458/973 1566/1463/926 1560/1464/924
f 1561/1458/973 1565/1465/978 1567/1471/977
f 1570/1467/979 1563/1461/923 1569/1468/925
f 1568/1469/975 1564/1460/971 1570/1467/979
f 1567/1471/977 1572/1470/928 1566/1463/926
f 1567/1471/977 1571/1472/939 1573/1476/981
f 1575/1473/927 1570/1467/979 1569/1468/925
f 1574/1410/980 1570/1467/979 1576/1474/983
f 1572/1470/928 1579/1475/984 1578/1480/930
f 1571/1472/939 1579/1475/984 1573/1476/981
f 1582/1477/982 1575/1473/927 1581/1478/929
f 1582/1477/982 1574/1410/980 1576/1474/983
f 1578/1480/930 1585/1481/988 1584/1487/932
f 1577/1482/985 1585/1481/988 1579/1475/984
f 1588/1483/986 1581/1478/929 1587/1484/931
f 1588/1483/986 1580/1479/987 1582/1477/982
f 1585/1481/988 1590/1486/934 1584/1487/932
f 1583/1489/989 1591/1488/992 1585/1481/988
f 1594/1490/990 1587/1484/931 1593/1491/933
f 1594/1490/990 1586/1485/991 1588/1483/986
f 1591/1488/992 1596/1493/936 1590/1486/934
f 1591/1488/992 1595/1501/997 1597/1494/996
f 1600/1496/994 1593/1491/933 1599/1497/935
f 1598/1498/999 1594/1490/990 1600/1496/994
f 1597/1494/996 1602/1499/908 1596/1493/936
f 1595/1501/997 1603/1500/1000 1597/1494/996
f 1605/1503/910 1600/1496/994 1599/1497/935
f 1606/1502/998 1598/1498/999 1600/1496/994
f 1603/1500/1000 1512/1416/942 1602/1499/908
f 1601/1505/1001 1513/1415/1003 1603/1500/1000
f 1516/1506/943 1605/1503/910 1515/1419/909
f 1514/1422/945 1606/1502/998 1516/1506/943
f 1565/1465/978 1541/1449/963 1517/1417/948
f 1701/1378/938 1608/1379/942 1698/1380/937
f 1623/1381/935 1626/1382/934 1620/1383/936
f 1629/1384/933 1632/1385/932 1626/1382/934
f 1635/1386/931 1638/1387/930 1632/1385/932
f 1641/1388/929 1644/1389/928 1638/1387/930
f 1647/1390/927 1650/1391/926 1644/1389/928
f 1653/1392/925 1656/1393/924 1650/1391/926
f 1659/1394/923 1662/1395/1005 1656/1396/924
f 1665/1397/921 1668/1398/920 1662/1395/1005
f 1671/1399/919 1674/1400/918 1668/1398/920
f 1677/1401/917 1680/1402/916 1674/1400/918
f 1683/1403/915 1686/1404/914 1680/1402/916
f 1689/1405/912 1692/1406/911 1686/1404/914
f 1695/1407/913 1698/1380/937 1692/1406/911
f 1617/1408/910 1620/1383/936 1614/1409/908
f 1670/1410/968 1646/1411/980 1622/1412/1008
f 1611/1413/909 1614/1409/908 1608/1379/942
f 1614/1414/908 1609/1415/1003 1608/1416/942
f 1609/1415/1003 1613/1417/1001 1607/1418/947
f 1611/1419/909 1618/1420/998 1617/1421/910
f 1618/1420/998 1610/1422/945 1616/1423/1002
f 1620/1424/936 1615/1425/1000 1614/1414/908
f 1621/1426/996 1613/1417/1001 1615/1425/1000
f 1617/1421/910 1624/1427/994 1623/1428/935
f 1624/1427/994 1616/1423/1002 1622/1412/1008
f 1620/1424/936 1627/1429/992 1621/1426/996
f 1627/1429/992 1619/1430/997 1621/1426/996
f 1623/1428/935 1630/1431/990 1629/1432/933
f 1630/1431/990 1622/1412/1008 1628/1433/995
f 1626/1434/934 1633/1435/988 1627/1429/992
f 1627/1429/992 1631/1436/989 1625/1437/993
f 1629/1432/933 1636/1438/986 1635/1439/931
f 1630/1431/990 1634/1440/991 1636/1438/986
f 1638/1441/930 1633/1435/988 1632/1442/932
f 1639/1443/984 1631/1436/989 1633/1435/988
f 1641/1444/929 1636/1438/986 1642/1445/982
f 1642/1445/982 1634/1440/991 1640/1446/987
f 1644/1447/928 1639/1443/984 1638/1441/930
f 1645/1448/981 1637/1449/985 1639/1443/984
f 1641/1444/929 1648/1450/983 1647/1451/927
f 1648/1450/983 1640/1446/987 1646/1411/980
f 1650/1452/926 1645/1448/981 1644/1447/928
f 1651/1453/977 1643/1454/939 1645/1448/981
f 1647/1451/927 1654/1455/979 1653/1456/925
f 1648/1450/983 1652/1457/975 1654/1455/979
f 1650/1452/926 1657/1458/973 1651/1453/977
f 1657/1458/973 1649/1459/978 1651/1453/977
f 1653/1456/925 1660/1460/971 1659/1461/923
f 1654/1455/979 1658/1462/976 1660/1460/971
f 1662/1463/1005 1657/1458/973 1656/1464/924
f 1657/1458/973 1661/1465/970 1655/1466/974
f 1659/1461/923 1666/1467/967 1665/1468/921
f 1660/1460/971 1664/1469/972 1666/1467/967
f 1668/1470/920 1663/1471/969 1662/1463/1005
f 1663/1471/969 1667/1472/940 1661/1465/970
f 1671/1473/919 1666/1467/967 1672/1474/964
f 1672/1474/964 1664/1469/972 1670/1410/968
f 1668/1470/920 1675/1475/962 1669/1476/966
f 1675/1475/962 1667/1472/940 1669/1476/966
f 1671/1473/919 1678/1477/961 1677/1478/917
f 1678/1477/961 1670/1410/968 1676/1479/965
f 1674/1480/918 1681/1481/959 1675/1475/962
f 1681/1481/959 1673/1482/963 1675/1475/962
f 1677/1478/917 1684/1483/956 1683/1484/915
f 1684/1483/956 1676/1479/965 1682/1485/957
f 1686/1486/914 1681/1481/959 1680/1487/916
f 1687/1488/954 1679/1489/960 1681/1481/959
f 1683/1484/915 1690/1490/952 1689/1491/912
f 1684/1483/956 1688/1492/958 1690/1490/952
f 1692/1493/911 1687/1488/954 1686/1486/914
f 1693/1494/951 1685/1495/955 1687/1488/954
f 1689/1491/912 1696/1496/950 1695/1497/913
f 1696/1496/950 1688/1492/958 1694/1498/953
f 1698/1499/937 1693/1494/951 1692/1493/911
f 1699/1500/946 1691/1501/1006 1693/1494/951
f 1695/1497/913 1702/1502/949 1701/1503/938
f 1702/1502/949 1694/1498/953 1700/1504/944
f 1608/1416/942 1699/1500/946 1698/1499/937
f 1609/1415/1003 1697/1505/948 1699/1500/946
f 1701/1503/938 1612/1506/943 1611/1419/909
f 1612/1506/943 1700/1504/944 1610/1422/945
f 1649/1459/978 1673/1482/963 1697/1505/948
f 1413/1378/908 1323/1413/942 1320/1379/909
f 1335/1381/911 1341/1384/914 1338/1382/912
f 1341/1384/914 1347/1386/916 1344/1385/915
f 1347/1386/916 1353/1388/918 1350/1387/917
f 1353/1388/918 1359/1390/920 1356/1389/919
f 1359/1390/920 1365/1392/922 1362/1391/921
f 1365/1392/922 1371/1507/924 1368/1393/923
f 1371/1394/924 1377/1397/926 1374/1395/925
f 1377/1397/926 1383/1399/928 1380/1398/927
f 1383/1399/928 1389/1401/930 1386/1400/929
f 1389/1401/930 1395/1403/932 1392/1402/931
f 1395/1403/932 1401/1405/934 1398/1404/933
f 1401/1405/934 1407/1407/936 1404/1406/935
f 1407/1407/936 1413/1378/908 1410/1380/910
f 1329/1408/937 1335/1381/911 1332/1383/913
f 1334/1412/941 1328/1423/948 1322/1422/947
f 1322/1422/947 1412/1504/1001 1406/1498/997
f 1406/1498/997 1400/1492/993 1394/1485/989
f 1394/1485/989 1388/1479/985 1382/1410/939
f 1382/1410/939 1376/1469/978 1370/1462/974
f 1370/1462/974 1364/1457/970 1358/1411/940
f 1358/1411/940 1352/1446/963 1346/1440/960
f 1346/1440/960 1340/1433/955 1334/1412/941
f 1334/1412/941 1322/1422/947 1406/1498/997
f 1406/1498/997 1394/1485/989 1382/1410/939
f 1382/1410/939 1370/1462/974 1358/1411/940
f 1358/1411/940 1346/1440/960 1334/1412/941
f 1334/1412/941 1406/1498/997 1382/1410/939
f 1323/1413/942 1329/1408/937 1326/1409/938
f 1326/1414/938 1327/1425/949 1321/1415/943
f 1321/1415/943 1327/1425/949 1325/1417/944
f 1323/1419/942 1324/1506/1003 1330/1420/946
f 1330/1420/946 1324/1506/1003 1322/1422/947
f 1332/1424/913 1333/1426/950 1327/1425/949
f 1333/1426/950 1331/1430/953 1325/1417/944
f 1329/1421/937 1330/1420/946 1336/1427/951
f 1336/1427/951 1330/1420/946 1328/1423/948
f 1332/1424/913 1338/1434/912 1339/1429/952
f 1339/1429/952 1337/1437/958 1331/1430/953
f 1335/1428/911 1336/1427/951 1342/1431/954
f 1342/1431/954 1336/1427/951 1334/1412/941
f 1338/1434/912 1344/1442/915 1345/1435/956
f 1339/1429/952 1345/1435/956 1343/1436/957
f 1341/1432/914 1342/1431/954 1348/1438/959
f 1342/1431/954 1340/1433/955 1346/1440/960
f 1350/1441/917 1351/1443/961 1345/1435/956
f 1351/1443/961 1349/1449/965 1343/1436/957
f 1353/1444/918 1347/1439/916 1348/1438/959
f 1354/1445/962 1348/1438/959 1346/1440/960
f 1356/1447/919 1357/1448/964 1351/1443/961
f 1357/1448/964 1355/1454/968 1349/1449/965
f 1353/1444/918 1354/1445/962 1360/1450/966
f 1360/1450/966 1354/1445/962 1352/1446/963
f 1362/1452/921 1363/1453/967 1357/1448/964
f 1363/1453/967 1361/1459/972 1355/1454/968
f 1359/1451/920 1360/1450/966 1366/1455/969
f 1360/1450/966 1358/1411/940 1364/1457/970
f 1362/1452/921 1368/1464/923 1369/1458/971
f 1369/1458/971 1367/1466/976 1361/1459/972
f 1365/1456/922 1366/1455/969 1372/1460/973
f 1366/1455/969 1364/1457/970 1370/1462/974
f 1374/1463/925 1375/1471/979 1369/1458/971
f 1369/1458/971 1375/1471/979 1373/1465/975
f 1371/1461/924 1372/1460/973 1378/1467/977
f 1372/1460/973 1370/1462/974 1376/1469/978
f 1380/1470/927 1381/1476/983 1375/1471/979
f 1375/1471/979 1381/1476/983 1379/1472/980
f 1383/1473/928 1377/1468/926 1378/1467/977
f 1384/1474/981 1378/1467/977 1376/1469/978
f 1380/1470/927 1386/1480/929 1387/1475/982
f 1387/1475/982 1385/1482/987 1379/1472/980
f 1383/1473/928 1384/1474/981 1390/1477/984
f 1390/1477/984 1384/1474/981 1382/1410/939
f 1386/1480/929 1392/1487/931 1393/1481/986
f 1393/1481/986 1391/1489/991 1385/1482/987
f 1389/1478/930 1390/1477/984 1396/1483/988
f 1396/1483/988 1390/1477/984 1388/1479/985
f 1398/1486/933 1399/1488/990 1393/1481/986
f 1399/1488/990 1397/1495/995 1391/1489/991
f 1395/1484/932 1396/1483/988 1402/1490/992
f 1396/1483/988 1394/1485/989 1400/1492/993
f 1404/1493/935 1405/1494/994 1399/1488/990
f 1405/1494/994 1403/1501/999 1397/1495/995
f 1401/1491/934 1402/1490/992 1408/1496/996
f 1408/1496/996 1402/1490/992 1400/1492/993
f 1410/1499/910 1411/1500/998 1405/1494/994
f 1411/1500/998 1409/1505/1002 1403/1501/999
f 1407/1497/936 1408/1496/996 1414/1502/1000
f 1414/1502/1000 1408/1496/996 1406/1498/997
f 1320/1416/909 1321/1415/943 1411/1500/998
f 1321/1415/943 1319/1418/945 1409/1505/1002
f 1413/1503/908 1414/1502/1000 1324/1506/1003
f 1324/1506/1003 1414/1502/1000 1412/1504/1001
f 1409/1505/1002 1319/1418/945 1325/1417/944
f 1325/1417/944 1331/1430/953 1337/1437/958
f 1337/1437/958 1343/1436/957 1349/1449/965
f 1349/1449/965 1355/1454/968 1361/1459/972
f 1361/1459/972 1367/1466/976 1373/1465/975
f 1373/1465/975 1379/1472/980 1385/1482/987
f 1385/1482/987 1391/1489/991 1397/1495/995
f 1397/1495/995 1403/1501/999 1409/1505/1002
f 1409/1505/1002 1325/1417/944 1337/1437/958
f 1337/1437/958 1349/1449/965 1361/1459/972
f 1361/1459/972 1373/1465/975 1385/1482/987
f 1385/1482/987 1397/1495/995 1409/1505/1002
f 1409/1505/1002 1337/1437/958 1361/1459/972
f 1416/1379/909 1419/1413/942 1509/1378/937
f 1434/1382/933 1437/1384/934 1431/1381/936
f 1440/1385/931 1443/1386/932 1437/1384/934
f 1446/1387/929 1449/1388/930 1443/1386/932
f 1452/1389/927 1455/1390/928 1449/1388/930
f 1458/1391/925 1461/1392/1004 1455/1390/928
f 1464/1393/923 1467/1507/924 1461/1392/1004
f 1470/1395/921 1473/1397/1005 1467/1394/924
f 1476/1398/919 1479/1399/920 1473/1397/1005
f 1482/1400/917 1485/1401/918 1479/1399/920
f 1488/1402/915 1491/1403/916 1485/1401/918
f 1494/1404/912 1497/1405/914 1491/1403/916
f 1500/1406/913 1503/1407/911 1497/1405/914
f 1506/1380/938 1509/1378/937 1503/1407/911
f 1428/1383/935 1431/1381/936 1425/1408/908
f 1418/1422/947 1424/1423/1001 1430/1412/997
f 1430/1412/997 1436/1433/993 1442/1440/989
f 1442/1440/989 1448/1446/985 1454/1411/939
f 1454/1411/939 1460/1457/978 1466/1462/974
f 1466/1462/974 1472/1469/970 1478/1410/940
f 1478/1410/940 1484/1479/963 1490/1485/960
f 1490/1485/960 1496/1492/955 1502/1498/1006
f 1502/1498/1006 1508/1504/948 1418/1422/947
f 1418/1422/947 1430/1412/997 1442/1440/989
f 1442/1440/989 1454/1411/939 1466/1462/974
f 1466/1462/974 1478/1410/940 1490/1485/960
f 1490/1485/960 1502/1498/1006 1418/1422/947
f 1418/1422/947 1442/1440/989 1466/1462/974
f 1422/1409/910 1425/1408/908 1419/1413/942
f 1417/1415/943 1423/1425/998 1422/1414/910
f 1417/1415/943 1415/1418/945 1421/1417/1002
f 1426/1420/1000 1420/1506/1003 1419/1419/942
f 1424/1423/1001 1418/1422/947 1420/1506/1003
f 1422/1414/910 1423/1425/998 1429/1426/994
f 1421/1417/1002 1427/1430/999 1429/1426/994
f 1432/1427/996 1426/1420/1000 1425/1421/908
f 1430/1412/997 1424/1423/1001 1426/1420/1000
f 1428/1424/935 1429/1426/994 1435/1429/990
f 1427/1430/999 1433/1437/995 1435/1429/990
f 1438/1431/992 1432/1427/996 1431/1428/936
f 1438/1431/992 1436/1433/993 1430/1412/997
f 1434/1434/933 1435/1429/990 1441/1435/986
f 1435/1429/990 1433/1437/995 1439/1436/991
f 1444/1438/988 1438/1431/992 1437/1432/934
f 1442/1440/989 1436/1433/993 1438/1431/992
f 1441/1435/986 1447/1443/982 1446/1441/929
f 1439/1436/991 1445/1449/987 1447/1443/982
f 1449/1444/930 1450/1445/984 1444/1438/988
f 1450/1445/984 1448/1446/985 1442/1440/989
f 1447/1443/982 1453/1448/983 1452/1447/927
f 1445/1449/987 1451/1454/980 1453/1448/983
f 1456/1450/981 1450/1445/984 1449/1444/930
f 1456/1450/981 1454/1411/939 1448/1446/985
f 1453/1448/983 1459/1453/979 1458/1452/925
f 1451/1454/980 1457/1459/975 1459/1453/979
f 1461/1456/1004 1462/1455/977 1456/1450/981
f 1460/1457/978 1454/1411/939 1456/1450/981
f 1458/1452/925 1459/1453/979 1465/1458/971
f 1457/1459/975 1463/1466/976 1465/1458/971
f 1468/1460/973 1462/1455/977 1461/1456/1004
f 1466/1462/974 1460/1457/978 1462/1455/977
f 1465/1458/971 1471/1471/967 1470/1463/921
f 1465/1458/971 1463/1466/976 1469/1465/972
f 1474/1467/969 1468/1460/973 1467/1461/924
f 1472/1469/970 1466/1462/974 1468/1460/973
f 1471/1471/967 1477/1476/964 1476/1470/919
f 1471/1471/967 1469/1465/972 1475/1472/968
f 1479/1473/920 1480/1474/966 1474/1467/969
f 1478/1410/940 1472/1469/970 1474/1467/969
f 1476/1470/919 1477/1476/964 1483/1475/961
f 1475/1472/968 1481/1482/965 1483/1475/961
f 1486/1477/962 1480/1474/966 1479/1473/920
f 1486/1477/962 1484/1479/963 1478/1410/940
f 1482/1480/917 1483/1475/961 1489/1481/956
f 1481/1482/965 1487/1489/957 1489/1481/956
f 1492/1483/959 1486/1477/962 1485/1478/918
f 1492/1483/959 1490/1485/960 1484/1479/963
f 1489/1481/956 1495/1488/952 1494/1486/912
f 1487/1489/957 1493/1495/958 1495/1488/952
f 1498/1490/954 1492/1483/959 1491/1484/916
f 1498/1490/954 1496/1492/955 1490/1485/960
f 1495/1488/952 1501/1494/950 1500/1493/913
f 1495/1488/952 1493/1495/958 1499/1501/953
f 1504/1496/951 1498/1490/954 1497/1491/914
f 1502/1498/1006 1496/1492/955 1498/1490/954
f 1501/1494/950 1507/1500/949 1506/1499/938
f 1499/1501/953 1505/1505/944 1507/1500/949
f 1509/1503/937 1510/1502/946 1504/1496/951
f 1510/1502/946 1508/1504/948 1502/1498/1006
f 1507/1500/949 1417/1415/943 1416/1416/909
f 1505/1505/944 1415/1418/945 1417/1415/943
f 1420/1506/1003 1510/1502/946 1509/1503/937
f 1418/1422/947 1508/1504/948 1510/1502/946
f 1421/1417/1002 1415/1418/945 1505/1505/944
f 1505/1505/944 1499/1501/953 1493/1495/958
f 1493/1495/958 1487/1489/957 1481/1482/965
f 1481/1482/965 1475/1472/968 1469/1465/972
f 1469/1465/972 1463/1466/976 1457/1459/975
f 1457/1459/975 1451/1454/980 1445/1449/987
f 1445/1449/987 1439/1436/991 1433/1437/995
f 1433/1437/995 1427/1430/999 1421/1417/1002
f 1421/1417/1002 1505/1505/944 1493/1495/958
f 1493/1495/958 1481/1482/965 1469/1465/972
f 1469/1465/972 1457/1459/975 1445/1449/987
f 1445/1449/987 1433/1437/995 1421/1417/1002
f 1421/1417/1002 1493/1495/958 1469/1465/972
f 1512/1379/942 1515/1413/909 1605/1378/910
f 1530/1382/914 1533/1384/912 1527/1381/913
f 1536/1385/916 1539/1386/915 1533/1384/912
f 1542/1387/918 1545/1388/917 1539/1386/915
f 1548/1389/920 1551/1390/919 1545/1388/917
f 1554/1391/1005 1557/1392/1007 1551/1390/919
f 1560/1393/924 1563/1507/923 1557/1392/1007
f 1566/1395/926 1569/1397/925 1563/1394/923
f 1572/1398/928 1575/1399/927 1569/1397/925
f 1578/1400/930 1581/1401/929 1575/1399/927
f 1584/1402/932 1587/1403/931 1581/1401/929
f 1590/1404/934 1593/1405/933 1587/1403/931
f 1596/1406/936 1599/1407/935 1593/1405/933
f 1602/1380/908 1605/1378/910 1599/1407/935
f 1524/1383/911 1527/1381/913 1521/1408/938
f 1514/1422/945 1520/1423/944 1526/1412/953
f 1526/1412/953 1532/1433/958 1538/1440/957
f 1538/1440/957 1544/1446/965 1550/1411/968
f 1550/1411/968 1556/1457/972 1562/1462/976
f 1562/1462/976 1568/1469/975 1574/1410/980
f 1574/1410/980 1580/1479/987 1586/1485/991
f 1586/1485/991 1592/1492/995 1598/1498/999
f 1598/1498/999 1604/1504/1002 1514/1422/945
f 1514/1422/945 1526/1412/953 1538/1440/957
f 1538/1440/957 1550/1411/968 1562/1462/976
f 1562/1462/976 1574/1410/980 1586/1485/991
f 1586/1485/991 1598/1498/999 1514/1422/945
f 1514/1422/945 1538/1440/957 1562/1462/976
f 1518/1409/937 1521/1408/938 1515/1413/909
f 1513/1415/1003 1519/1425/946 1518/1414/937
f 1513/1415/1003 1511/1418/947 1517/1417/948
f 1522/1420/949 1516/1506/943 1515/1419/909
f 1520/1423/944 1514/1422/945 1516/1506/943
f 1518/1414/937 1519/1425/946 1525/1426/951
f 1517/1417/948 1523/1430/1006 1525/1426/951
f 1528/1427/950 1522/1420/949 1521/1421/938
f 1526/1412/953 1520/1423/944 1522/1420/949
f 1524/1424/911 1525/1426/951 1531/1429/954
f 1523/1430/1006 1529/1437/955 1531/1429/954
f 1534/1431/952 1528/1427/950 1527/1428/913
f 1534/1431/952 1532/1433/958 1526/1412/953
f 1530/1434/914 1531/1429/954 1537/1435/959
f 1531/1429/954 1529/1437/955 1535/1436/960
f 1540/1438/956 1534/1431/952 1533/1432/912
f 1538/1440/957 1532/1433/958 1534/1431/952
f 1537/1435/959 1543/1443/962 1542/1441/918
f 1535/1436/960 1541/1449/963 1543/1443/962
f 1545/1444/917 1546/1445/961 1540/1438/956
f 1546/1445/961 1544/1446/965 1538/1440/957
f 1543/1443/962 1549/1448/966 1548/1447/920
f 1541/1449/963 1547/1454/940 1549/1448/966
f 1552/1450/964 1546/1445/961 1545/1444/917
f 1552/1450/964 1550/1411/968 1544/1446/965
f 1549/1448/966 1555/1453/969 1554/1452/1005
f 1547/1454/940 1553/1459/970 1555/1453/969
f 1557/1456/1007 1558/1455/967 1552/1450/964
f 1556/1457/972 1550/1411/968 1552/1450/964
f 1554/1452/1005 1555/1453/969 1561/1458/973
f 1553/1459/970 1559/1466/974 1561/1458/973
f 1564/1460/971 1558/1455/967 1557/1456/1007
f 1562/1462/976 1556/1457/972 1558/1455/967
f 1561/1458/973 1567/1471/977 1566/1463/926
f 1561/1458/973 1559/1466/974 1565/1465/978
f 1570/1467/979 1564/1460/971 1563/1461/923
f 1568/1469/975 1562/1462/976 1564/1460/971
f 1567/1471/977 1573/1476/981 1572/1470/928
f 1567/1471/977 1565/1465/978 1571/1472/939
f 1575/1473/927 1576/1474/983 1570/1467/979
f 1574/1410/980 1568/1469/975 1570/1467/979
f 1572/1470/928 1573/1476/981 1579/1475/984
f 1571/1472/939 1577/1482/985 1579/1475/984
f 1582/1477/982 1576/1474/983 1575/1473/927
f 1582/1477/982 1580/1479/987 1574/1410/980
f 1578/1480/930 1579/1475/984 1585/1481/988
f 1577/1482/985 1583/1489/989 1585/1481/988
f 1588/1483/986 1582/1477/982 1581/1478/929
f 1588/1483/986 1586/1485/991 1580/1479/987
f 1585/1481/988 1591/1488/992 1590/1486/934
f 1583/1489/989 1589/1495/993 1591/1488/992
f 1594/1490/990 1588/1483/986 1587/1484/931
f 1594/1490/990 1592/1492/995 1586/1485/991
f 1591/1488/992 1597/1494/996 1596/1493/936
f 1591/1488/992 1589/1495/993 1595/1501/997
f 1600/1496/994 1594/1490/990 1593/1491/933
f 1598/1498/999 1592/1492/995 1594/1490/990
f 1597/1494/996 1603/1500/1000 1602/1499/908
f 1595/1501/997 1601/1505/1001 1603/1500/1000
f 1605/1503/910 1606/1502/998 1600/1496/994
f 1606/1502/998 1604/1504/1002 1598/1498/999
f 1603/1500/1000 1513/1415/1003 1512/1416/942
f 1601/1505/1001 1511/1418/947 1513/1415/1003
f 1516/1506/943 1606/1502/998 1605/1503/910
f 1514/1422/945 1604/1504/1002 1606/1502/998
f 1517/1417/948 1511/1418/947 1601/1505/1001
f 1601/1505/1001 1595/1501/997 1589/1495/993
f 1589/1495/993 1583/1489/989 1577/1482/985
f 1577/1482/985 1571/1472/939 1565/1465/978
f 1565/1465/978 1559/1466/974 1553/1459/970
f 1553/1459/970 1547/1454/940 1541/1449/963
f 1541/1449/963 1535/1436/960 1529/1437/955
f 1529/1437/955 1523/1430/1006 1517/1417/948
f 1517/1417/948 1601/1505/1001 1589/1495/993
f 1589/1495/993 1577/1482/985 1565/1465/978
f 1565/1465/978 1553/1459/970 1541/1449/963
f 1541/1449/963 1529/1437/955 1517/1417/948
f 1517/1417/948 1589/1495/993 1565/1465/978
f 1701/1378/938 1611/1413/909 1608/1379/942
f 1623/1381/935 1629/1384/933 1626/1382/934
f 1629/1384/933 1635/1386/931 1632/1385/932
f 1635/1386/931 1641/1388/929 1638/1387/930
f 1641/1388/929 1647/1390/927 1644/1389/928
f 1647/1390/927 1653/1392/925 1650/1391/926
f 1653/1392/925 1659/1507/923 1656/1393/924
f 1659/1394/923 1665/1397/921 1662/1395/1005
f 1665/1397/921 1671/1399/919 1668/1398/920
f 1671/1399/919 1677/1401/917 1674/1400/918
f 1677/1401/917 1683/1403/915 1680/1402/916
f 1683/1403/915 1689/1405/912 1686/1404/914
f 1689/1405/912 1695/1407/913 1692/1406/911
f 1695/1407/913 1701/1378/938 1698/1380/937
f 1617/1408/910 1623/1381/935 1620/1383/936
f 1622/1412/1008 1616/1423/1002 1610/1422/945
f 1610/1422/945 1700/1504/944 1694/1498/953
f 1694/1498/953 1688/1492/958 1682/1485/957
f 1682/1485/957 1676/1479/965 1670/1410/968
f 1670/1410/968 1664/1469/972 1658/1462/976
f 1658/1462/976 1652/1457/975 1646/1411/980
f 1646/1411/980 1640/1446/987 1634/1440/991
f 1634/1440/991 1628/1433/995 1622/1412/1008
f 1622/1412/1008 1610/1422/945 1694/1498/953
f 1694/1498/953 1682/1485/957 1670/1410/968
f 1670/1410/968 1658/1462/976 1646/1411/980
f 1646/1411/980 1634/1440/991 1622/1412/1008
f 1622/1412/1008 1694/1498/953 1670/1410/968
f 1611/1413/909 1617/1408/910 1614/1409/908
f 1614/1414/908 1615/1425/1000 1609/1415/1003
f 1609/1415/1003 1615/1425/1000 1613/1417/1001
f 1611/1419/909 1612/1506/943 1618/1420/998
f 1618/1420/998 1612/1506/943 1610/1422/945
f 1620/1424/936 1621/1426/996 1615/1425/1000
f 1621/1426/996 1619/1430/997 1613/1417/1001
f 1617/1421/910 1618/1420/998 1624/1427/994
f 1624/1427/994 1618/1420/998 1616/1423/1002
f 1620/1424/936 1626/1434/934 1627/1429/992
f 1627/1429/992 1625/1437/993 1619/1430/997
f 1623/1428/935 1624/1427/994 1630/1431/990
f 1630/1431/990 1624/1427/994 1622/1412/1008
f 1626/1434/934 1632/1442/932 1633/1435/988
f 1627/1429/992 1633/1435/988 1631/1436/989
f 1629/1432/933 1630/1431/990 1636/1438/986
f 1630/1431/990 1628/1433/995 1634/1440/991
f 1638/1441/930 1639/1443/984 1633/1435/988
f 1639/1443/984 1637/1449/985 1631/1436/989
f 1641/1444/929 1635/1439/931 1636/1438/986
f 1642/1445/982 1636/1438/986 1634/1440/991
f 1644/1447/928 1645/1448/981 1639/1443/984
f 1645/1448/981 1643/1454/939 1637/1449/985
f 1641/1444/929 1642/1445/982 1648/1450/983
f 1648/1450/983 1642/1445/982 1640/1446/987
f 1650/1452/926 1651/1453/977 1645/1448/981
f 1651/1453/977 1649/1459/978 1643/1454/939
f 1647/1451/927 1648/1450/983 1654/1455/979
f 1648/1450/983 1646/1411/980 1652/1457/975
f 1650/1452/926 1656/1464/924 1657/1458/973
f 1657/1458/973 1655/1466/974 1649/1459/978
f 1653/1456/925 1654/1455/979 1660/1460/971
f 1654/1455/979 1652/1457/975 1658/1462/976
f 1662/1463/1005 1663/1471/969 1657/1458/973
f 1657/1458/973 1663/1471/969 1661/1465/970
f 1659/1461/923 1660/1460/971 1666/1467/967
f 1660/1460/971 1658/1462/976 1664/1469/972
f 1668/1470/920 1669/1476/966 1663/1471/969
f 1663/1471/969 1669/1476/966 1667/1472/940
f 1671/1473/919 1665/1468/921 1666/1467/967
f 1672/1474/964 1666/1467/967 1664/1469/972
f 1668/1470/920 1674/1480/918 1675/1475/962
f 1675/1475/962 1673/1482/963 1667/1472/940
f 1671/1473/919 1672/1474/964 1678/1477/961
f 1678/1477/961 1672/1474/964 1670/1410/968
f 1674/1480/918 1680/1487/916 1681/1481/959
f 1681/1481/959 1679/1489/960 1673/1482/963
f 1677/1478/917 1678/1477/961 1684/1483/956
f 1684/1483/956 1678/1477/961 1676/1479/965
f 1686/1486/914 1687/1488/954 1681/1481/959
f 1687/1488/954 1685/1495/955 1679/1489/960
f 1683/1484/915 1684/1483/956 1690/1490/952
f 1684/1483/956 1682/1485/957 1688/1492/958
f 1692/1493/911 1693/1494/951 1687/1488/954
f 1693/1494/951 1691/1501/1006 1685/1495/955
f 1689/1491/912 1690/1490/952 1696/1496/950
f 1696/1496/950 1690/1490/952 1688/1492/958
f 1698/1499/937 1699/1500/946 1693/1494/951
f 1699/1500/946 1697/1505/948 1691/1501/1006
f 1695/1497/913 1696/1496/950 1702/1502/949
f 1702/1502/949 1696/1496/950 1694/1498/953
f 1608/1416/942 1609/1415/1003 1699/1500/946
f 1609/1415/1003 1607/1418/947 1697/1505/948
f 1701/1503/938 1702/1502/949 1612/1506/943
f 1612/1506/943 1702/1502/949 1700/1504/944
f 1697/1505/948 1607/1418/947 1613/1417/1001
f 1613/1417/1001 1619/1430/997 1625/1437/993
f 1625/1437/993 1631/1436/989 1637/1449/985
f 1637/1449/985 1643/1454/939 1649/1459/978
f 1649/1459/978 1655/1466/974 1661/1465/970
f 1661/1465/970 1667/1472/940 1673/1482/963
f 1673/1482/963 1679/1489/960 1685/1495/955
f 1685/1495/955 1691/1501/1006 1697/1505/948
f 1697/1505/948 1613/1417/1001 1625/1437/993
f 1625/1437/993 1637/1449/985 1649/1459/978
f 1649/1459/978 1661/1465/970 1673/1482/963
f 1673/1482/963 1685/1495/955 1697/1505/948
f 1697/1505/948 1625/1437/993 1649/1459/978
o Cylinder.007
v -1.807312 0.709212 3.319553
v -1.895516 0.709214 3.873407
v -1.536236 0.655226 3.332885
v -1.624439 0.655228 3.886738
v -1.306429 0.501488 3.344187
v -1.394632 0.501490 3.898040
v -1.152876 0.271403 3.351739
v -1.241080 0.271405 3.905592
v -1.098956 -0.000001 3.354392
v -1.187159 0.000001 3.908245
v -1.152876 -0.271404 3.351741
v -1.241080 -0.271403 3.905594
v -1.306428 -0.501490 3.344190
v -1.394632 -0.501488 3.898043
v -1.536236 -0.655228 3.332889
v -1.624439 -0.655226 3.886742
v -1.807312 -0.709213 3.319558
v -1.895516 -0.709211 3.873411
v -2.078388 -0.655228 3.306227
v -2.166592 -0.655226 3.860080
v -2.308196 -0.501490 3.294925
v -2.396399 -0.501488 3.848778
v -2.461748 -0.271405 3.287373
v -2.549952 -0.271403 3.841226
v -2.515668 -0.000001 3.284720
v -2.603872 0.000001 3.838573
v -2.461748 0.271403 3.287371
v -2.549952 0.271405 3.841224
v -2.308196 0.501488 3.294921
v -2.396399 0.501490 3.848775
v -2.078388 0.655226 3.306223
v -2.166592 0.655228 3.860076
vn 0.0134 0.9999 0.0021
vn 0.3683 0.9279 0.0587
vn 0.3911 0.9182 0.0623
vn 0.6936 0.7118 0.1105
vn 0.7069 0.6983 0.1126
vn 0.9112 0.3856 0.1451
vn 0.9151 0.3761 0.1457
vn 0.9876 -0.0000 0.1573
vn 0.9151 -0.3761 0.1457
vn 0.9112 -0.3856 0.1451
vn 0.7069 -0.6983 0.1126
vn 0.6936 -0.7118 0.1105
vn 0.3911 -0.9182 0.0623
vn 0.3683 -0.9279 0.0587
vn 0.0134 -0.9999 0.0021
vn -0.0134 -0.9999 -0.0021
vn -0.3683 -0.9279 -0.0587
vn -0.3911 -0.9182 -0.0623
vn -0.6936 -0.7118 -0.1105
vn -0.7069 -0.6983 -0.1126
vn -0.9112 -0.3856 -0.1451
vn -0.9151 -0.3761 -0.1457
vn -0.9876 -0.0000 -0.1573
vn -0.9151 0.3761 -0.1457
vn -0.9112 0.3856 -0.1451
vn -0.7069 0.6983 -0.1126
vn -0.6936 0.7118 -0.1105
vn -0.3911 0.9182 -0.0623
vn -0.3683 0.9279 -0.0587
vn -0.0134 0.9999 -0.0021
vt 0.438813 0.533431
vt 0.407796 0.517370
vt 0.440533 0.517370
vt 0.409254 0.501283
vt 0.441991 0.501283
vt 0.410228 0.485159
vt 0.442966 0.485159
vt 0.410571 0.469010
vt 0.443308 0.469010
vt 0.410570 0.726695
vt 0.442966 0.710545
vt 0.443308 0.726695
vt 0.410228 0.710545
vt 0.441991 0.694422
vt 0.409254 0.694422
vt 0.440533 0.678335
vt 0.407796 0.678335
vt 0.438813 0.662274
vt 0.406076 0.662274
vt 0.437093 0.646212
vt 0.404355 0.646212
vt 0.435635 0.630125
vt 0.402897 0.630125
vt 0.434660 0.614002
vt 0.401923 0.614002
vt 0.434318 0.597852
vt 0.401923 0.581703
vt 0.434660 0.581703
vt 0.402897 0.565579
vt 0.435635 0.565579
vt 0.404355 0.549492
vt 0.437093 0.549492
vt 0.406076 0.533431
vt 0.401581 0.597852
s 1
usemtl WoodToy2
f 1703/1508/1009 1706/1509/1010 1705/1510/1011
f 1705/1510/1011 1708/1511/1012 1707/1512/1013
f 1707/1512/1013 1710/1513/1014 1709/1514/1015
f 1709/1514/1015 1712/1515/1016 1711/1516/1016
f 1712/1517/1016 1713/1518/1017 1711/1519/1016
f 1714/1520/1018 1715/1521/1019 1713/1518/1017
f 1716/1522/1020 1717/1523/1021 1715/1521/1019
f 1718/1524/1022 1719/1525/1023 1717/1523/1021
f 1720/1526/1024 1721/1527/1025 1719/1525/1023
f 1722/1528/1026 1723/1529/1027 1721/1527/1025
f 1724/1530/1028 1725/1531/1029 1723/1529/1027
f 1726/1532/1030 1727/1533/1031 1725/1531/1029
f 1727/1533/1031 1730/1534/1032 1729/1535/1033
f 1729/1535/1033 1732/1536/1034 1731/1537/1035
f 1731/1537/1035 1734/1538/1036 1733/1539/1037
f 1733/1539/1037 1704/1540/1038 1703/1508/1009
f 1703/1508/1009 1704/1540/1038 1706/1509/1010
f 1705/1510/1011 1706/1509/1010 1708/1511/1012
f 1707/1512/1013 1708/1511/1012 1710/1513/1014
f 1709/1514/1015 1710/1513/1014 1712/1515/1016
f 1712/1517/1016 1714/1520/1018 1713/1518/1017
f 1714/1520/1018 1716/1522/1020 1715/1521/1019
f 1716/1522/1020 1718/1524/1022 1717/1523/1021
f 1718/1524/1022 1720/1526/1024 1719/1525/1023
f 1720/1526/1024 1722/1528/1026 1721/1527/1025
f 1722/1528/1026 1724/1530/1028 1723/1529/1027
f 1724/1530/1028 1726/1532/1030 1725/1531/1029
f 1726/1532/1030 1728/1541/1031 1727/1533/1031
f 1727/1533/1031 1728/1541/1031 1730/1534/1032
f 1729/1535/1033 1730/1534/1032 1732/1536/1034
f 1731/1537/1035 1732/1536/1034 1734/1538/1036
f 1733/1539/1037 1734/1538/1036 1704/1540/1038
