mtllib cyberpunk_enigma_-_katana.mtl
o defaultMaterial
usemtl Handle
v 134.97863686812065 -961.4230279788607 4734.679167482146
v -1169.2696448794286 -1255.9413905280767 4906.082437614493
v 134.63547485617596 -990.9222134627474 4704.511820478041
v 44.89812219228992 -701.1249223238177 4595.776803741281
v -1216.4927100288794 -1096.9408810434188 4871.532813740612
v 89.93838944830097 -831.2740631016416 4665.227914814742
v 1230.0713388318902 -758.4706828991436 4563.009320312652
v 1235.422694431375 -783.2388444370288 4540.470343188665
v 1144.5164913818219 -491.5569486196799 4429.067313512769
v 1187.5282928405602 -623.5556333240828 4499.3633008998
v -1177.07287334753 -1227.2677671476724 4941.422529047368
v -2717.1738022823356 -1589.9275879513934 5165.879346430362
v -2794.7181942034736 -1303.9723916687403 5055.545572614703
v -2757.3073679387876 -1431.9905701647058 5125.438502136876
v -3853.28033275568 -1825.081656474542 5391.568958030846
v -3852.832086317566 -1855.4117051970597 5361.4878572236275
v -3905.407138010893 -1706.9905435868343 5328.047636265079
v -3852.832086317566 -1855.4117051970597 5361.4878572236275
v -5319.014248034269 -2220.107851455262 5670.347743307583
v -5315.626159687196 -2249.1487338497122 5639.408016660677
v -3905.407138010893 -1706.9905435868343 5328.047636265079
v -5391.596621133224 -1976.517989068492 5538.0462731892
v -5355.304696733695 -2098.3127662134116 5604.196890243368
v -6146.476618668723 -2466.701298388759 5840.033618538856
v -6145.389411232878 -2498.731441929956 5806.196126717063
v -6208.073941854838 -2357.2557668384475 5779.234558447524
v -6386.142930636863 -2299.8431016834993 5749.83111310357
v -6378.242303589341 -2417.234129786717 5818.438162058739
v -6637.898765545744 -2515.0587462447684 5868.958969517861
v -6625.275198700266 -2562.238456061909 5900.545142514666
v -6370.343165157044 -2534.6249742912114 5887.04599922966
v -6369.1723400470155 -2567.021664717172 5849.264881448128
v -6612.653078123626 -2609.4182620687116 5932.132005837431
v -6640.146861476023 -2647.3704720601477 5906.554313614583
v -6748.066627126457 -2666.9329931441725 5945.5069916418115
v -6770.056231408077 -2679.986755739016 5932.535774759697
v -6740.145407796553 -2629.952559285185 5926.637794204674
v -6701.450733009891 -2576.234735119705 5899.667312547278
v -6642.634806145533 -2514.3979373580223 5844.10320958519
v -6715.9266557986175 -2588.1653728140245 5887.8488389033
v -6751.761276395993 -2630.4272358287717 5907.867286641738
v -6768.100802608457 -2658.579468302937 5921.791042756905
v -6415.399092206505 -2300.795625928421 5732.146052319542
v -6390.937162517248 -2283.901748552371 5723.023524010653
v -6269.668396563896 -2247.8097070331582 5718.434400720704
v -6275.449819054607 -2234.4866070447733 5693.258962976343
v -5401.107526982461 -1963.6309824809357 5513.16375089767
v -3965.10564304653 -1575.1670039584637 5240.39342024265
v -3957.5346615163403 -1588.8999686511545 5264.526060177821
v -1256.6921337106744 -951.5253890391449 4777.482060269072
v 49.94157383471966 -683.9381656203487 4566.521892111758
v 1140.8361133836438 -474.1883072105452 4397.7276805689935
v 1187.176455718293 -630.0407164624148 4466.937906237625
v -3965.10564304653 -1575.1670039584637 5240.39342024265
v -2797.358068313031 -1292.3474569010516 5033.738714382187
v -1255.9125642334209 -966.6145342939642 4801.642906432094
v -1169.2696448794286 -1255.9413905280767 4906.082437614493
v 134.5752982462308 -1003.5611818965202 4670.119653759957
v 134.63547485617596 -990.9222134627474 4704.511820478041
v -1221.3642730516071 -1120.580422432045 4812.196271846747
v 40.82864099734792 -716.9058407054761 4551.007277228866
v 85.05922595825612 -855.1712187668224 4605.324952561347
v 1227.594067560803 -792.3978775716469 4507.950515445537
v 1140.4853202950926 -508.15555632602957 4383.6640000226835
v 1182.5682036121675 -647.5976072019349 4439.0329663234115
v -2717.1738022823356 -1589.9275879513934 5165.879346430362
v -1177.4622465577297 -1265.6915987183977 4872.135407687295
v -2798.7210082583 -1317.7334015752535 5013.843143141646
v -1260.0646447875963 -981.5197615426407 4757.400085092463
v -3853.4734456830574 -1866.9418857812946 5323.640728087588
v -2721.1090250240554 -1602.0661378926784 5127.793433307071
v -3910.3503981092394 -1730.474388143323 5267.663353941868
v -2761.990042163312 -1455.349813463094 5066.972683276945
v -3852.832086317566 -1855.4117051970597 5361.4878572236275
v -5317.724261355856 -2260.880021652287 5602.244248251944
v -3853.4734456830574 -1866.9418857812946 5323.640728087588
v -3910.3503981092394 -1730.474388143323 5267.663353941868
v -5395.7823459575775 -1991.8493155142412 5493.528752938715
v -3961.7124204572724 -1604.067267942693 5219.995516665648
v -5315.626159687196 -2249.1487338497122 5639.408016660677
v -6140.5372930898875 -2507.210059008908 5770.32712641682
v -6212.342281584804 -2380.910980697193 5721.677776137808
v -5360.009951224181 -2122.1916681040657 5544.168807729582
v -6389.325513943304 -2313.08668218045 5712.1691963993335
v -6272.91289234854 -2262.1867410559134 5679.8106577589415
v -6382.375625208786 -2440.871311521433 5760.997859031641
v -6631.862141234003 -2539.0610385356867 5831.703463135635
v -6145.389411232878 -2498.731441929956 5806.196126717063
v -6372.765544886774 -2578.558442022274 5819.198379372319
v -6627.006388790103 -2650.5152555544423 5872.982677911956
v -6369.1723400470155 -2567.021664717172 5849.264881448128
v -6640.146861476023 -2647.3704720601477 5906.554313614583
v -6749.653291099257 -2681.0322869366128 5915.264011615744
v -6741.014819646047 -2644.0108389487414 5897.26731315382
v -6699.374352346243 -2591.19289456322 5866.392900086052
v -6642.634806145533 -2514.3979373580223 5844.10320958519
v -6715.9266557986175 -2588.1653728140245 5887.8488389033
v -6770.056231408077 -2679.986755739016 5932.535774759697
v -6768.100802608457 -2658.579468302937 5921.791042756905
v -6415.399092206505 -2300.795625928421 5732.146052319542
v -6390.937162517248 -2283.901748552371 5723.023524010653
v -6275.449819054607 -2234.4866070447733 5693.258962976343
v -5401.107526982461 -1963.6309824809357 5513.16375089767
v -3965.10564304653 -1575.1670039584637 5240.39342024265
v -1256.6921337106744 -951.5253890391449 4777.482060269072
v 49.94157383471966 -683.9381656203487 4566.521892111758
v 1140.8361133836438 -474.1883072105452 4397.7276805689935
v 1187.176455718293 -630.0407164624148 4466.937906237625
v -3965.10564304653 -1575.1670039584637 5240.39342024265
v -2797.358068313031 -1292.3474569010516 5033.738714382187
v -6629.433486036134 -2594.787919624663 5852.343301046081
v -3853.28033275568 -1825.081656474542 5391.568958030846
v -2719.8970920131896 -1560.0088104283336 5195.331608122018
v 3308.642385445264 -518.4735604115739 4319.735554068332
v 4136.326580824361 -349.04794736742474 4248.5321528702925
v 3300.399755432437 -474.4676485987319 4353.125484452933
v 4441.256051561052 -300.9587493603707 4187.785015504315
v 4432.232937917554 -269.214053796346 4194.254491236032
v 4419.257523439006 -302.35852317481545 4194.66467676808
v 4068.841174063524 11.225363680678697 4047.1969924227265
v 4290.293746640204 19.925440866268787 3958.265608635241
v 4061.8156012076197 -14.702580823537915 3989.3098878212572
v 4344.669648836688 36.620153221970554 4006.4200087460517
v 4394.994338549639 -6.344436149261014 4075.6848871699713
v 4418.641334878559 -2.808357285070656 4062.4527886375795
v 3318.658861306624 -160.89132339488174 4223.773788940401
v 3219.50527661848 -222.64156626339343 4262.343868924249
v 3331.817954433728 -326.95933454013027 4313.322332103095
v 4317.4037591850265 33.771552748630484 4008.1931513226673
v 4310.709345163279 14.082487019433984 3959.82645568742
v 4338.586989594056 16.439668846181235 3956.83824694989
v 4396.457024891134 10.930111711007044 4001.692196655981
v 4392.748383358595 -5.3921598242877735 3963.3756936024342
v 4429.78238817365 8.262201099646745 3987.7032193673035
v 4426.235472898576 -3.472037675327556 3960.341582963475
v 4428.152027040068 -3.882477404484348 4033.6856326988914
v 4460.534180791147 -11.89360054225142 4014.698716306314
v 4457.092007271953 -32.03118292366878 3971.7107338973747
v 4078.8399607370875 -34.118898925705935 4127.1961919460855
v 4440.238685635886 -89.10445324229772 4122.47120511932
v 4464.987422396832 -84.02995278462674 4110.257924510436
v 4478.106508191463 -85.9691962653568 4087.7746686381165
v 4540.302540527038 -180.4513465566646 4104.821774689902
v 4510.2781998882465 -90.87486058934815 4058.676718222537
v 4536.383372846995 -206.56408888140277 4047.9615437415505
v 4508.148526661588 -116.52089206178061 4007.806022380955
v 4485.744642853234 -63.732817287745775 3984.671501210498
v 4486.607453972634 -43.72937877476693 4036.249641221971
v 4519.317320296098 -202.33872440919936 4135.180696497438
v 4504.863937294392 -198.79108222994307 4156.731255194496
v 4481.935322727859 -182.27650628674235 4160.391582885081
v 4379.861356928893 -3.567254766213182 4086.6308538545586
v 4431.8749518703125 -92.56536432826726 4134.610087074451
v 4468.6467086867315 -292.40311398958056 4155.58159656006
v 4407.685807103039 -339.0519538229951 4171.800850609425
v 4403.659868617667 -307.96222443859824 4207.425192010053
v 4391.433578315868 -350.1176826934793 4183.4967638542985
v 4430.530809882795 -331.1213914891405 4166.858391835653
v 4419.072789386433 -267.1103571447193 4203.2545051027055
v 4388.237469159565 -374.1496586552528 4135.746079068825
v 4401.662157570385 -360.1951708384879 4128.383732337994
v 4428.320792777036 -354.27483992637224 4123.967052921246
v 4459.159169915846 -318.1242913613344 4136.168758164
v 4497.800470370881 -288.2578133372541 4143.277169057943
v 4538.8286834772425 -244.05896796113893 4065.3171282903077
v 4543.760215113487 -213.38960968202412 4114.872397460714
v 4145.316149582608 -391.6372538211074 4216.703321549225
v 3286.885220134797 -153.0954555819303 4104.063497797673
v 3170.4305839985527 -190.3648697726718 4184.550659000848
v 3292.4151058873704 -131.20505492587768 4149.266099381024
v 3164.604995113723 -212.38397880716047 4139.429902336275
v 2487.7078152787685 -304.36417926680394 4281.33798967779
v 2480.8665909641313 -324.7315053346198 4236.393198558051
v 2316.3451213838234 -287.32788009087767 4282.951249383457
v 2491.9451075764173 -336.0916724883922 4356.967511018293
v 2410.4203284086434 -477.4454728273653 4442.296730855191
v 2477.604762149015 -652.6770959816597 4436.621032826728
v 2469.9058561530733 -604.8829953882507 4470.67723094019
v 2481.81272973464 -671.6738511823403 4397.941769663451
v 3302.1965600967906 -538.6700642086514 4282.814182112077
v 2319.7768165476987 -310.7802519095401 4352.904177624124
v 4092.630031435597 -150.39149490525028 4192.659877835529
v 1665.3006377698043 -388.49767364446416 4374.2261219855245
v 1641.1766584053394 -435.76910970087874 4451.7323746406655
v 1608.325174747974 -623.853540677019 4554.014288474561
v 1600.0212706369232 -748.3508834661496 4590.422709320065
v 1593.4531667282629 -444.63422489691277 4456.040321169168
v 4471.813843566072 -182.72220928354977 4170.827654248797
v 4297.063517967028 41.9231324908618 4011.177621337277
v 4142.442416723157 -415.6812383167011 4171.09573469746
v 4457.802078251322 -275.5243759248633 4184.353374850119
v 4478.657181147205 -327.0111363425765 4107.910614587211
v 4455.507058296257 -330.7335558824834 4111.153089559462
v 1605.1068132250282 -814.1083340208899 4521.2904076764235
v 1601.323197546428 -793.1851778261787 4565.0433780710355
v 1556.10893658467 -759.6758378288323 4595.112486939226
v 1559.0498635833746 -632.7909952264754 4557.637898351787
v 1672.9910522757104 -410.67974500728064 4328.679278886999
v 1577.6267634556548 -368.4655180861424 4315.022496630747
v 1520.1599144881259 -330.6489641730809 4362.553528945688
v 1583.994790586276 -343.06004475766645 4369.776777199856
v 1549.8248650774249 -376.58132571581564 4401.179079619617
v 1605.0062157815712 -399.8293658086649 4405.1572925097225
v 1665.3006377698043 -388.49767364446416 4374.2261219855245
v 1552.5930842059465 -416.5649203770331 4422.164647006575
v 1548.5815746574815 -457.8374894140313 4458.74628950601
v 1552.5930842059465 -416.5649203770331 4422.164647006575
v 1437.6706323923838 -346.430191335804 4377.457780124151
v 1366.7545320980116 -368.676189761135 4403.376249315141
v 1439.3793094564428 -349.8046075592181 4390.037991592851
v 1514.8759241319167 -335.2256928324923 4376.020754012603
v 1507.992580814558 -353.6932268001258 4312.892824433766
v 1437.3674701332054 -368.0141595863206 4324.019099117186
v 1353.7185840089412 -383.2803715232035 4336.562842226041
v 1354.2771248917827 -361.4452151349051 4390.727650469938
v 1182.6170051568408 -415.5508797675556 4437.8410494359
v 1031.8603340729044 -423.7897673324952 4433.628050051698
v 1019.730244408453 -447.1515462946428 4453.5099720033
v 1077.7957586910497 -648.991509699854 4555.559908600064
v 1504.7741234962848 -329.96055557080695 4418.436861621784
v 1534.4141271457245 -368.64332628518093 4437.489726989462
v 1421.071078410506 -341.56741193107496 4426.534615224118
v 1350.6851795600492 -367.5681156611022 4438.854376677694
v 1510.2936615730719 -456.9375783497636 4444.856976829626
v 1532.7806050620463 -488.5731176531708 4457.930456073092
v 1532.7806050620463 -488.5731176531708 4457.930456073092
v 1514.8059993219108 -631.5666825931886 4548.680541791027
v 1490.7745470383782 -717.4572948250172 4557.998469325821
v 1506.722320006073 -755.9181623298355 4595.775886321765
v 1494.6544668180127 -755.1867374569118 4575.903292244525
v 1508.7232346015637 -782.9512109498747 4588.2662064863
v 1546.1124061862158 -794.765736798321 4585.923044927503
v 1295.1515845367792 -788.634302838658 4657.389964307656
v 1338.5204111032397 -755.7006758254325 4588.314185700407
v 1332.9337093252393 -731.2392391363107 4623.790978676842
v 1424.6605849428702 -612.7652455856335 4512.761908299258
v 1490.7745470383782 -717.4572948250172 4557.998469325821
v 1494.6544668180127 -755.1867374569118 4575.903292244525
v 1508.7232346015637 -782.9512109498747 4588.2662064863
v 1304.2142597696013 -819.9001783507124 4620.2731315425535
v 1605.1068132250282 -814.1083340208899 4521.2904076764235
v 1554.1207754210757 -840.845960952212 4574.784580871036
v 1555.571171442851 -858.5256260934684 4545.083834091577
v 1601.323197546428 -793.1851778261787 4565.0433780710355
v 1546.1124061862158 -794.765736798321 4585.923044927503
v 1517.862686225214 -801.0925214723535 4592.7756167521065
v 1515.6215943649577 -843.2280794724494 4588.097161913128
v 1291.8699818730095 -846.5878007543289 4628.893843571544
v 1259.0734226398174 -883.5161803846818 4630.879383556666
v 1514.1948269514055 -847.4375797338132 4582.528243803165
v 1415.5624736851514 -587.293532178581 4548.220105258312
v 1499.8292047245761 -435.0087317057081 4471.733725155132
v 1245.9197097194958 -563.4911062770639 4541.90261373606
v 1339.7986698442194 -386.06489452314736 4414.112310541234
v 1235.817133251789 -572.395393284396 4508.273230066147
v 978.6898677575789 -610.2317585704559 4536.990291857286
v 960.2524262804334 -639.5572565612407 4554.066840558192
v 947.3203587029534 -667.4491149319015 4495.401036051041
v 971.760844525061 -633.7668206295332 4477.8465132329275
v 842.0311256587338 -678.198872587885 4573.69792909707
v 735.909859473702 -723.1945856135794 4535.138425405511
v 738.9671045337318 -703.6977443455552 4589.683123094512
v 1139.6375723939334 -752.6943904421757 4632.803924343174
v 1261.7103602948591 -849.8039173366318 4674.241959389999
v 1143.5053189591385 -910.8299179256263 4643.809873966468
v 1121.0011425163025 -904.6874991534987 4650.7847607476515
v 1120.6679390265256 -870.3138551676585 4694.82897031308
v 1100.9447691511366 -880.9842929016033 4658.32565388694
v 1097.4839810203061 -828.2513836251301 4676.864249271552
v 1120.2293779236697 -769.905369412155 4609.091866071415
v 1085.9752121861131 -849.1718771423263 4648.409532433369
v 1258.0171373854507 -891.7735153057354 4624.848005865189
v 1142.4690345392655 -914.3346535445742 4639.287940057955
v 1091.7007267460094 -922.1672699784756 4649.2704871867845
v 1082.4648820316893 -883.726112465713 4660.985716833654
v 1040.4092046874066 -831.9686032399031 4643.406631401872
v 1514.0260916196537 -864.3713632461856 4550.503149163383
v 801.4648556395298 -936.5966506055155 4697.336538066761
v 820.490111962861 -970.349682003875 4685.005800701302
v 940.5486383793486 -762.0814135318091 4596.998663683839
v 753.9934812570996 -808.226753913853 4648.456061148765
v 1257.1580176862997 -909.9094411902815 4588.448836797471
v 1142.0224943956678 -930.8715420842192 4605.697363623494
v 1090.8784471914328 -940.2416606232987 4613.375654257762
v 818.5026995633202 -986.1590248354798 4652.690880003774
v 793.3304936215477 -961.5300046253831 4642.554725693301
v 756.7540050157727 -907.03002997947 4671.171257134917
v 754.4699796506159 -927.1779083597678 4629.028265824869
v 763.6601280907669 -892.7092014802049 4679.725946648542
v 750.8924876591011 -893.6254974321531 4670.909338248151
v 1195.1556271207685 -387.5781743611941 4413.079111671958
v 1193.0023438121518 -409.54095340454626 4359.223155061053
v 1027.5002016015203 -441.7672602480184 4385.01811059972
v 1010.0105453963433 -470.43588528016755 4399.279673775485
v 1605.0062157815712 -399.8293658086649 4405.1572925097225
v 702.0214975160927 -700.8909163745253 4591.237527483347
v 697.898726337784 -720.5544430716685 4536.355028536191
v 659.6414359261312 -681.0968426633885 4582.820815245057
v 651.7711288228762 -700.4124584508966 4529.900415325957
v 238.76796704686123 -760.7247417653573 4650.502239881036
v 659.6414359261312 -681.0968426633885 4582.820815245057
v 676.1285325746521 -804.4868951496586 4649.415565309537
v 676.1285325746521 -804.4868951496586 4649.415565309537
v 227.22249621961754 -888.1013140131996 4719.607618549601
v 681.7769679078365 -919.1562728515079 4678.872594945657
v 194.9968246383478 -809.3306528240062 4678.453902718668
v 262.3754637708197 -945.2030669048427 4726.602216731169
v 681.7769679078365 -919.1562728515079 4678.872594945657
v 679.702217153613 -866.4246209417345 4662.786164268727
v 261.30230504199744 -931.5293639972945 4733.624179471023
v 230.4208421805488 -943.045170015714 4741.1319057460605
v 722.1683260743011 -862.7912506817889 4667.432539911623
v 718.99446808435 -871.2622030250706 4662.531966682275
v 679.702217153613 -866.4246209417345 4662.786164268727
v 679.5687193956363 -854.3332151249082 4667.899690048289
v 234.78144516365714 -955.7102823159173 4733.301196915847
v 252.45803889271963 -995.2596142477295 4738.956384690245
v 195.5672204730891 -974.7921364791221 4744.741826225276
v 194.8040997360418 -1006.9967934824039 4747.982841527211
v 159.56967300713498 -851.6845651192059 4689.479783574271
v 170.6560203822633 -849.2176843815079 4703.789351604407
v 195.40537042537886 -961.734933161928 4750.547082596873
v 163.04844819246043 -926.2212882189734 4743.161373082955
v 146.60339452161168 -872.2707034519366 4715.391760173298
v 108.05776752503628 -889.1179780103312 4725.987870153916
v 136.86944009381804 -872.6054713381282 4700.721105827152
v 108.04918716765137 -884.889285624386 4708.300771204073
v 214.78509061743574 -780.2795173892273 4649.797033134972
v 193.15417050875993 -806.3579853349369 4609.016585098573
v 215.81102249266323 -785.8863162199618 4628.419340013292
v 233.78069493586145 -782.3469173856414 4595.282487826593
v 65.29375330426299 -815.1105695109791 4661.109062723065
v 66.4853185917149 -809.2221259548253 4673.500188315929
v 59.303794737498066 -857.2095719891776 4697.735023884176
v 191.02830928338702 -806.94654847579 4668.621695713393
v 62.030175625030694 -837.9861542328276 4688.401325170672
v 48.84413350135921 -897.1216373392865 4717.770208645929
v 56.20618888929195 -901.3797987441765 4735.6688165094465
v 65.3322013195324 -952.9112261335771 4758.3684006731255
v 64.20719025270992 -990.3252774993125 4770.3642849398775
v 65.36359830028103 -1002.0851273318862 4765.737248921927
v 69.2587193086526 -1031.8725635702795 4769.710837991857
v 61.19507875468739 -843.993322381606 4674.861662860141
v 58.76982004931739 -861.1011280853307 4683.2871064775245
v 52.08672168455422 -866.1410669380327 4696.770760469846
v -855.100357878918 -1069.1118076449452 4869.327348171569
v -841.6690035356651 -1138.8364468688112 4907.58325393958
v -836.1515547446293 -1155.9038321237483 4909.800091808481
v -830.6384509977252 -1169.2029267125786 4901.3417620537175
v -827.928047768318 -1201.5766084329175 4908.25916298316
v -830.3645037190486 -1219.5930668023432 4869.642295038029
v 68.5391503255816 -1049.321880126369 4730.368157059927
v 194.43609294154362 -1023.4896282597764 4710.229928557742
v 252.69128717485955 -1011.7805320633464 4700.999331026064
v 679.4880334155638 -936.8427522339598 4638.422987897813
v 679.4880334155638 -936.8427522339598 4638.422987897813
v -881.2895658156283 -1043.4042365532425 4840.897282079908
v 52.16421607649585 -873.1611910377396 4680.722623189739
v -885.7301062873844 -1051.1560387942036 4826.119446711879
v -869.9617251631203 -1065.0781579275347 4863.376874705755
v -869.9617251631203 -1065.0781579275347 4863.376874705755
v -939.5115543945928 -1082.242618621803 4883.93040271536
v -855.100357878918 -1069.1118076449452 4869.327348171569
v -881.2895658156283 -1043.4042365532425 4840.897282079908
v -896.450266328884 -1027.4174758302952 4840.841780458095
v -896.9076232006469 -1033.7970134582522 4823.624235750365
v -885.7301062873844 -1051.1560387942036 4826.119446711879
v -918.0762647816246 -1001.7630977650645 4811.650040606014
v -917.9729176221927 -993.2517387684122 4827.40606759676
v 46.40669355198489 -886.1122518514824 4654.965196882218
v -892.0200232436471 -1064.7510599591835 4799.494273478791
v -936.289474747796 -1049.3121940392032 4855.1751800558895
v -932.8848722231919 -1077.288387447465 4873.087899280232
v -961.2535947468923 -1000.9716829536428 4833.440840324041
v -962.9411494638875 -1009.1945339671777 4818.407147372241
v -841.6690035356651 -1138.8364468688112 4907.58325393958
v -965.2320526870128 -1144.11081477503 4918.202835903488
v -915.0176791785348 -1174.0213530252508 4923.167856862461
v -836.1515547446293 -1155.9038321237483 4909.800091808481
v -910.6523508647383 -1187.239268417678 4914.92718175794
v -830.6384509977252 -1169.2029267125786 4901.3417620537175
v -827.928047768318 -1201.5766084329175 4908.25916298316
v -905.6545086618478 -1216.577927008371 4919.109006307142
v -830.3645037190486 -1219.5930668023432 4869.642295038029
v -909.7225751916319 -1235.1193871109704 4880.4225768010265
v -936.6778623121554 -1184.6245796181986 4928.79504799574
v -963.2468106306517 -1074.5669612341733 4873.170429211234
v -995.9334404177898 -1063.4675245855544 4876.8399301536165
v -964.3765913743825 -1079.4176470472462 4883.668774974455
v -1054.9379417855992 -1156.3322466068698 4930.193520741579
v -1033.1568827944939 -1050.0228942849546 4872.881285957856
v -977.203891736428 -1218.730568159619 4943.718147898531
v -1003.4292690424318 -1233.1139952242324 4954.5430928631185
v -958.8935186743929 -1200.5201080896195 4937.043213994026
v -933.6311932381861 -1197.4025222954335 4921.152933778205
v -956.1853942673608 -1214.3271931390711 4930.504025556744
v -979.292855403568 -1232.3925531838593 4926.237426311526
v -1007.2755694838559 -1245.0557230247373 4937.0065178563445
v -946.4502372429513 -1224.2974256225466 4925.1868523126095
v -986.0059531125048 -1250.2717207885669 4892.561178202855
v -950.4005300484241 -1242.7675582278885 4886.66964866319
v -997.7513046601346 -1060.2273683067792 4867.251575016703
v -1034.9529460031126 -1047.6689843544139 4862.421382451426
v -992.5829344585825 -1038.3790185838684 4855.310403229546
v -1002.0336032533498 -1008.3890436057527 4838.864861432974
v -1042.9781265849144 -1015.6018691906891 4844.870543164762
v -1216.6296609466456 -1277.0139703215812 4990.4653137169025
v -1217.941371218439 -1285.1657347802889 4973.634994047032
v -1002.5178375811206 -1016.0921573265746 4824.356814760534
v -1013.6803085182453 -1264.0283290589196 4900.751026489636
v -1221.8852528178268 -1304.4295878614298 4933.077638689168
v -1042.0778731555185 -1023.2264145922046 4829.84310695715
v -1179.7427960687626 -1201.9433972747433 4959.153360427503
v -1102.0883355051121 -1057.2028570585962 4880.144165428438
v -1196.8801105363768 -1101.151492489753 4907.295389777299
v -1223.824235088993 -1133.9452639432038 4928.242604645649
v -1173.1963718344557 -1076.3249945687028 4892.771631428445
v -1202.6782858286947 -1101.3817050522423 4899.6231438333125
v -1230.670026801121 -1130.3499762789415 4916.524847641245
v -1174.194271080335 -1074.178925102203 4883.640032904284
v -1389.0510477964792 -1166.4299262148936 4952.029487704861
v -1442.3315559893122 -1243.5211739629744 4996.951151385892
v -1350.8128183145936 -1228.9808754001517 4983.979184240956
v -1384.4770137925896 -1166.8791952882843 4941.234510376008
v -1376.7640556561228 -1156.5003599678155 4937.578026170407
v -1356.7177656812253 -1300.2195100312094 5012.068318561348
v -1468.29713459612 -1317.586440755519 5025.286782242253
v -1358.5293063340087 -1312.526118765079 4992.10092493165
v -1470.969224466155 -1330.5660841503422 5006.613670228494
v -1362.1762340802056 -1330.5194092926833 4954.333245535157
v -1473.0616093136719 -1348.739197649201 4970.030766833956
v -1537.143010278607 -1301.6784048609502 5015.5198635496035
v -1534.5468198080712 -1227.7727673567526 4982.977902434095
v -1556.8089486410893 -1256.3696124456317 4997.119219913234
v -1516.238551451866 -1206.2893633915148 4971.752755968839
v -1505.2284635357512 -1190.210797662977 4954.958059958269
v -1521.8269610908665 -1205.8164833998267 4963.315745326661
v -1491.909736107439 -1315.0678163803223 5024.124388221068
v -1500.339306946214 -1190.5933720576581 4962.066215878347
v -1542.3436303306185 -1229.6975298555944 4975.7892465741215
v -1562.5842656254456 -1260.442460715439 4991.4472808819455
v -1542.1405237336567 -1308.0066231208714 5012.308995238709
v -1489.742550547202 -1330.4847602568302 5003.867318887318
v -1384.1409262206464 -1163.5433073322763 4926.351248729729
v -1360.7990048871934 -1071.7897899228667 4891.804224511802
v -1361.8771271331875 -1080.204826451776 4876.030606469483
v -1379.5297519817946 -1168.3434530684767 4911.075840764357
v -1255.3373015358643 -1060.7319015662638 4861.248500630885
v -1250.4713049679774 -1052.266432505733 4875.784829271213
v -1104.3913207103403 -1055.858415869299 4870.313627205689
v -1147.987471470344 -1034.1952139514858 4860.953773886002
v -1148.6583290926935 -1041.9462450074325 4845.584737247056
v -1506.4445285372958 -1185.4789169465826 4948.536970456099
v -1509.1315400394594 -1205.9089269783772 4905.728540456996
v -1526.70419154096 -1189.1883948123436 4951.56107015824
v -1542.1405237336567 -1308.0066231208714 5012.308995238709
v -1585.0171779775671 -1346.6806019115259 5021.820717382938
v -1489.742550547202 -1330.4847602568302 5003.867318887318
v -1528.0868317751926 -1209.2220685048328 4908.503725390098
v -1521.8269610908665 -1205.8164833998267 4963.315745326661
v -1558.724966325188 -1195.0831322117306 4956.2382371180665
v -1542.3436303306185 -1229.6975298555944 4975.7892465741215
v -1609.9853653443083 -1256.5919990773468 4992.727769997531
v -1562.5842656254456 -1260.442460715439 4991.4472808819455
v -1593.472507532995 -1308.4703212564077 5015.857934729035
v -1473.0616093136719 -1348.739197649201 4970.030766833956
v -1487.376917016574 -1346.4244960321307 4969.829186400906
v -1589.6589469679623 -1364.4448148590775 4984.916012598119
v -1560.4939845047543 -1214.9574826733294 4913.267565618616
v -1526.70419154096 -1189.1883948123436 4951.56107015824
v -1528.0868317751926 -1209.2220685048328 4908.503725390098
v -1636.5816401055783 -1228.5630544624491 4924.503355918591
v -1634.8264635581668 -1208.9208529167934 4967.4326613749045
v -2087.4439883531372 -1407.4383640640363 5094.073018793798
v -2084.346417923504 -1445.8265869647907 5099.595989307979
v -2090.642336045275 -1360.344914046151 5072.319540630257
v -2131.0354419811233 -1322.8223374635695 5000.571499273633
v -2129.1751877689658 -1302.6293875600454 5041.906511981644
v -2090.9039160324237 -1464.420703812395 5064.003845280315
v -2166.230156793316 -1367.5251550464584 5023.592620585641
v -2169.4441089178295 -1350.8228363983874 5068.106542285664
v -2224.994292679056 -1419.5411462594275 5103.527424340762
v -2222.5301436152477 -1437.6864860716403 5059.901387152167
v -2287.6234251408823 -1486.272485167823 5135.364398191806
v -2287.016731322756 -1505.3537003630183 5095.618277591153
v 4124.844027578645 -431.3437124823977 4071.8230625544784
v 3303.65288343758 -554.0284574735672 4243.163709810989
v 3289.744058755379 -550.581962800441 4189.478154364688
v 4432.238787324058 -369.3534900355553 4041.179276643073
v 4420.546553723202 -352.954447015087 4014.009073287184
v 4447.114816449322 -350.97313975512975 4021.980938639804
v 4290.293746640204 19.925440866268787 3958.265608635241
v 4061.3955852818203 -42.703875722066414 3931.7682868299185
v 4061.8156012076197 -14.702580823537915 3989.3098878212572
v 4338.366101122413 -8.55712414526215 3909.412821734029
v 4383.018643554218 -91.74323786416255 3893.0458563509887
v 4311.054883323927 -10.659633439736126 3913.284006495398
v 3306.421602537599 -251.27152010038162 4030.7835556564323
v 3317.9480942028304 -426.9039513730506 4099.14579663041
v 3206.7054669874765 -315.3559100352006 4063.897658152441
v 4289.978942220981 -6.581747363645718 3907.1038001714232
v 4338.586989594056 16.439668846181235 3956.83824694989
v 4310.709345163279 14.082487019433984 3959.82645568742
v 4391.340754019488 -24.688686157324128 3926.1492970315567
v 4392.748383358595 -5.3921598242877735 3963.3756936024342
v 4426.345291473655 -16.874796858260993 3933.7895731419267
v 4420.459981563027 -59.731891570164294 3914.3140199753466
v 4457.092007271953 -32.03118292366878 3971.7107338973747
v 4426.235472898576 -3.472037675327556 3960.341582963475
v 3286.4907728416483 -173.78820854907894 4058.064323161546
v 4407.650713109605 -80.44001211896375 3896.02348172253
v 4427.227665227368 -182.88263015768268 3921.5202030286605
v 4452.5130857213635 -171.77059120746821 3922.560268634014
v 4468.165682960473 -156.4235849442482 3937.3042068597892
v 4532.921623593868 -233.3975997058012 3991.3733845719944
v 4503.549572970179 -139.03187497426836 3955.660415990291
v 4536.383372846995 -206.56408888140277 4047.9615437415505
v 4508.148526661588 -116.52089206178061 4007.806022380955
v 4485.744642853234 -63.732817287745775 3984.671501210498
v 4454.912321942626 -52.077608096427866 3928.5285930066257
v 4479.593479081301 -88.61830042101872 3936.7579521967396
v 4509.913703705546 -269.2715796444435 3991.4553915416586
v 4469.113458812524 -273.7750671562835 3964.0960699540274
v 4492.940408444102 -282.9912928216156 3976.408935926691
v 4366.724396919346 -98.02728326173155 3885.1270915371597
v 4417.89514700812 -194.26876501789684 3917.098128096185
v 4461.900669014777 -340.31557348644174 4052.411124772901
v 4401.966153083279 -380.0305388066538 4083.873174095117
v 4392.225288388273 -387.1280542378811 4037.923081280437
v 4409.286403580201 -374.04890207651465 4040.1552849887476
v 4424.99131199727 -373.3405323744664 4078.2643558563223
v 4405.601986519625 -358.3988905910859 4006.9046096543934
v 4388.237469159565 -374.1496586552528 4135.746079068825
v 4401.662157570385 -360.1951708384879 4128.383732337994
v 4428.320792777036 -354.27483992637224 4123.967052921246
v 4492.030682239521 -329.85313030357247 4053.8371710386364
v 4455.801899010623 -341.80913744684494 4085.2443002945593
v 4538.8286834772425 -244.05896796113893 4065.3171282903077
v 4536.168608840953 -262.563042547465 4010.1603970439883
v 4139.1986930356925 -435.156653927873 4123.104306920258
v 4385.32490084905 -395.7840152676549 4086.5924303586103
v 3164.442907162916 -232.8073670226688 4093.747752385415
v 3286.885220134797 -153.0954555819303 4104.063497797673
v 2482.036313269091 -346.34092518888133 4191.386109491661
v 3164.604995113723 -212.38397880716047 4139.429902336275
v 2310.6868366697613 -328.1251332259121 4195.521398526625
v 2480.8665909641313 -324.7315053346198 4236.393198558051
v 2479.8365677991974 -425.36810093177456 4167.725540291933
v 2472.5750508031792 -688.6037064465854 4359.264307568085
v 2481.81272973464 -671.6738511823403 4397.941769663451
v 3302.1965600967906 -538.6700642086514 4282.814182112077
v 2307.888532098382 -396.53146950043265 4168.869870875656
v 4077.5962426881983 -258.682201316331 3960.4921414004148
v 4065.1885611297616 -133.21263226989095 3914.834660877661
v 1659.5011237928916 -430.48715750446365 4283.77504788233
v 1629.669390336112 -519.1634941050422 4273.372973237863
v 1595.4676482766117 -716.6030299078756 4355.291104477419
v 2458.9622973898313 -683.1753918561315 4302.197162233385
v 1589.4185009422479 -823.9278460562701 4427.616476313241
v 1582.3527226607346 -526.0052083660423 4282.433849672671
v 2396.642153357829 -576.6414078984923 4229.571277277548
v 4457.964588780996 -281.8666114157859 3958.962936839479
v 4142.442416723157 -415.6812383167011 4171.09573469746
v 4478.657181147205 -327.0111363425765 4107.910614587211
v 4455.507058296257 -330.7335558824834 4111.153089559462
v 1605.1068132250282 -814.1083340208899 4521.2904076764235
v 1595.5963090849377 -833.9292685358529 4477.744273786695
v 1545.9925850907448 -832.4470036362263 4438.05274268188
v 1546.6742715049259 -722.658644567178 4364.996417875322
v 1672.9910522757104 -410.67974500728064 4328.679278886999
v 2314.3913019030447 -306.9525972107489 4238.898227277532
v 1513.544308262529 -377.4234762471623 4262.325074474064
v 1577.6267634556548 -368.4655180861424 4315.022496630747
v 1577.3583487345024 -393.2118806341987 4261.8058117551
v 1541.2389664408556 -437.9560757739133 4269.694357970783
v 1596.801798163323 -458.5862698823362 4279.240841379028
v 1659.5011237928916 -430.48715750446365 4283.77504788233
v 1672.9910522757104 -410.67974500728064 4328.679278886999
v 1543.7756526042024 -479.7408745251952 4286.749321669949
v 1538.1503261168632 -534.2260153551837 4295.002424261081
v 1543.7756526042024 -479.7408745251952 4286.749321669949
v 1358.806832007001 -425.4012370572086 4281.534097656303
v 1431.010984960331 -394.92234309810556 4273.42510697396
v 1431.4041504204633 -406.5416078070548 4267.894915114106
v 1507.188110965371 -390.2509084089313 4257.772545327983
v 1507.992580814558 -353.6932268001258 4312.892824433766
v 1437.3674701332054 -368.0141595863206 4324.019099117186
v 1353.7185840089412 -383.2803715232035 4336.562842226041
v 1347.46937019484 -410.5497417255956 4285.434893983219
v 1174.6895977039164 -472.8593192142113 4314.996464095778
v 1025.9725906555702 -467.6698426143523 4339.723444821864
v 1187.763835404955 -436.6657347818923 4307.978868630007
v 1069.5817313336036 -707.881289726229 4429.374238720729
v 1013.1076519562012 -497.17551562967714 4346.582697369067
v 1493.0284675991488 -418.37043005560804 4228.132176506762
v 1409.0012796489814 -428.4720586956553 4240.502835563955
v 1339.8128930022963 -450.5602247413917 4261.775640995436
v 1501.3920007339352 -521.0132183923665 4307.521894695824
v 1523.809770703095 -552.3674536894447 4321.109738576631
v 1503.8208895365879 -713.1087052104227 4373.963233396395
v 1483.0945326852238 -774.0314204383424 4436.677839905886
v 1496.442770979744 -683.233738927974 4392.217396353271
v 1496.7714703321174 -828.4111341533745 4439.598097625167
v 1486.655728603655 -812.0803993800597 4453.910534329123
v 1500.8212892188826 -840.1476556253407 4465.688833463961
v 1330.4029416682788 -814.4778952804216 4462.3335997782515
v 1281.378461057837 -886.030344179384 4448.3127256635935
v 1319.6554409452788 -825.4425698782576 4421.6108106009115
v 1416.8979430277404 -669.0104071624792 4392.230625867139
v 1523.809770703095 -552.3674536894447 4321.109738576631
v 1496.442770979744 -683.233738927974 4392.217396353271
v 1483.0945326852238 -774.0314204383424 4436.677839905886
v 1486.655728603655 -812.0803993800597 4453.910534329123
v 1500.8212892188826 -840.1476556253407 4465.688833463961
v 1605.1068132250282 -814.1083340208899 4521.2904076764235
v 1549.103844039104 -868.8632070114006 4513.4699855258505
v 1595.5963090849377 -833.9292685358529 4477.744273786695
v 1538.7398450832604 -847.8432267625659 4471.627289958617
v 1510.2405834065833 -855.8697265171072 4475.292620165645
v 1510.652271651267 -879.2433468323541 4510.38526477266
v 1284.1964282337735 -901.5790696057369 4510.7457139010185
v 1253.372538120257 -925.4402742741956 4541.489014727746
v 1510.0066950077512 -877.7900568967087 4517.24491187132
v 1402.655142012751 -679.117401226622 4351.16223113626
v 1486.9916584914774 -526.8456839090213 4274.96360123509
v 1522.722328817531 -460.94648748787256 4240.911350489094
v 1234.1974320465204 -650.9099915600601 4354.962174945484
v 1331.7707908338143 -443.5120338648429 4290.863418660047
v 952.6789254121461 -695.0699099822014 4435.81088532293
v 971.5645526140443 -663.8143982110203 4422.075080436998
v 971.760844525061 -633.7668206295332 4477.8465132329275
v 947.3203587029534 -667.4491149319015 4495.401036051041
v 835.1123067052349 -729.2022900389089 4465.07658895786
v 735.909859473702 -723.1945856135794 4535.138425405511
v 845.8471639801999 -698.483684436906 4516.466813968137
v 1127.619696865844 -836.5284115366104 4453.398157132942
v 1227.6988541559085 -630.2033744870473 4384.221170374967
v 1138.4582311838096 -947.2586930287462 4565.733162694587
v 1249.5175346972098 -936.752787951453 4487.43065833708
v 1115.0093722411607 -947.349181979843 4559.441931010845
v 1093.2155571021915 -936.7845373160608 4538.543659555992
v 1109.9103607590155 -956.7886166401531 4502.708356551637
v 1112.022956993078 -828.6716550465796 4483.108299361882
v 1085.4586311223884 -916.9103233647609 4487.103830645597
v 1077.7601983263999 -908.0822169254899 4522.215721230678
v 1253.2561371349336 -925.9811531747969 4551.364327010841
v 1138.0703656241535 -945.8954285930815 4571.501167836967
v 1087.0556371748148 -955.9554396929378 4575.993948014624
v 1296.0792769934264 -878.5208375108244 4494.639136578489
v 1074.5635124879416 -939.558982921096 4540.721866285969
v 1032.1640993331769 -890.8454606238129 4517.061318879544
v 1514.0260916196537 -864.3713632461856 4550.503149163383
v 793.3727124506968 -985.6408154140812 4591.101266853726
v 816.3025631917169 -999.8646558658493 4619.384960477008
v 934.7990583807536 -803.6276507710113 4507.913702194033
v 745.6636346822213 -865.179036332394 4526.1298696158365
v 1257.1580176862997 -909.9094411902815 4588.448836797471
v 1142.0224943956678 -930.8715420842192 4605.697363623494
v 1090.8784471914328 -940.2416606232987 4613.375654257762
v 818.5026995633202 -986.1590248354798 4652.690880003774
v 793.3304936215477 -961.5300046253831 4642.554725693301
v 750.7538347413172 -942.3074687650235 4587.93852802971
v 754.4699796506159 -927.1779083597678 4629.028265824869
v 747.4234067724897 -936.30194041801 4575.386235660673
v 757.9088086470483 -946.8192466944537 4577.244078394251
v 1193.0023438121518 -409.54095340454626 4359.223155061053
v 1010.0105453963433 -470.43588528016755 4399.279673775485
v 1027.5002016015203 -441.7672602480184 4385.01811059972
v 1596.801798163323 -458.5862698823362 4279.240841379028
v 694.9658737134475 -750.2308719396038 4486.280213072286
v 670.2126998935673 -854.9279776158742 4549.179945746145
v 697.898726337784 -720.5544430716685 4536.355028536191
v 732.258557800644 -752.6354164737179 4485.542095027622
v 652.9760353413079 -728.9582548505202 4481.060565753894
v 231.93002294804685 -810.8411924579464 4543.189695261126
v 651.7711288228762 -700.4124584508966 4529.900415325957
v 652.9760353413079 -728.9582548505202 4481.060565753894
v 670.2126998935673 -854.9279776158742 4549.179945746145
v 219.337637503688 -932.9324553680704 4612.164361362417
v 714.156456203777 -911.634576262067 4566.060440859435
v 187.3824826149426 -859.4045754195467 4570.692434720748
v 676.0959809657772 -952.2994026604699 4601.563383774492
v 256.56399491573825 -986.5540589895967 4637.472199588618
v 673.3555821414957 -905.8493117417221 4566.867091151093
v 253.33327296537493 -985.1270093682994 4617.66860912419
v 222.82411526786854 -996.8086319252463 4625.158932593424
v 713.9290441776166 -912.2786508365597 4564.20417099827
v 676.0959809657772 -952.2994026604699 4601.563383774492
v 673.3555821414957 -905.8493117417221 4566.867091151093
v 672.7444288009003 -906.328145896829 4560.358774298202
v 672.7444288009003 -906.328145896829 4560.358774298202
v 247.5645793332093 -1026.82295534953 4666.5819175005445
v 189.7112335552382 -1016.1557686088503 4655.620806158393
v 229.00452457639133 -997.2226522700232 4644.246315073605
v 153.87014104397215 -894.2574589600196 4598.36642673842
v 163.72450913508447 -905.2343232956185 4583.881748061023
v 187.85507367671673 -1014.1290896170173 4637.105153050252
v 154.9137135298402 -984.5771071543219 4618.792569560212
v 100.37897841039651 -944.9506076349074 4607.244235030615
v 139.1730734271434 -927.7405030063555 4597.029280361628
v 102.16592965593377 -927.4447923252712 4617.1953010914185
v 209.16685357439778 -821.3328399157876 4561.730745679094
v 185.520781380431 -850.5987357393643 4575.952024932809
v 193.15417050875993 -806.3579853349369 4609.016585098573
v 233.78069493586145 -782.3469173856414 4595.282487826593
v 212.72521929681952 -809.0829393506226 4578.836384224347
v 61.12399342162723 -845.7398011372497 4596.334746559564
v 53.581661436425435 -899.3366064594285 4607.685965545879
v 131.00126219506535 -915.1590212442845 4609.596946005049
v 60.418655739458245 -850.9806287146218 4584.808564490189
v 56.28501461094592 -879.9527967788754 4598.492832027755
v 43.07524032190116 -938.7197147580691 4628.7225008591495
v 58.964944648038 -1001.9028149358068 4657.244530950855
v 58.05650705983072 -1041.797632697748 4667.002953273803
v 189.60362996925875 -1039.0127541327072 4675.789308006355
v 59.519111788097206 -1043.449516668392 4676.59749195579
v 56.978452080986074 -874.3578754951886 4609.7383446597205
v 54.51392619891098 -891.7451327484715 4617.983094626217
v 46.79134155317806 -904.4357704058903 4615.0330253946795
v -862.2166460564908 -1122.5811085653486 4755.21653422327
v 48.33887870738991 -957.6636039865381 4615.9271136160305
v -849.719173998177 -1197.0355100738589 4782.670400880065
v -836.433657813328 -1210.6246199954549 4812.1720441937705
v 63.84795816395899 -1064.546915028838 4695.07127272538
v -830.3645037190486 -1219.5930668023432 4869.642295038029
v -833.1683035194499 -1234.8299176996886 4833.359199216263
v 68.5391503255816 -1049.321880126369 4730.368157059927
v 194.43609294154362 -1023.4896282597764 4710.229928557742
v 252.69128717485955 -1011.7805320633464 4700.999331026064
v 679.4880334155638 -936.8427522339598 4638.422987897813
v -884.9089563864877 -1081.452826087245 4759.415229035437
v 48.67284491095097 -896.8961455105706 4629.349625976519
v -862.2166460564908 -1122.5811085653486 4755.21653422327
v -938.9923528510919 -1129.941641394867 4770.724227538177
v -868.8618587267329 -1108.0918533297786 4766.445733052567
v -902.2076340007236 -1072.6867406015538 4750.163721598048
v -884.9089563864877 -1081.452826087245 4759.415229035437
v -897.9677897034394 -1066.3107034184684 4765.170820268078
v -919.9398213657312 -1036.0757996409022 4753.868708979502
v -886.8836497136638 -1072.1950391232504 4773.245557664457
v 46.40669355198489 -886.1122518514824 4654.965196882218
v -941.7164789454862 -1095.0546534771065 4762.998092192362
v -920.8652842047152 -1043.7506626402005 4737.717521470089
v -964.65156278614 -1051.5276345826383 4744.390615689618
v -965.2177240008223 -1044.3724658300714 4759.779484721312
v -849.719173998177 -1197.0355100738589 4782.670400880065
v -946.6019509014707 -1137.1128524279557 4765.6202802112775
v -922.6413601846316 -1227.6751789606928 4807.500745495779
v -843.7999615109734 -1209.65570994999 4793.404816637031
v -916.4135495119092 -1228.8077801913992 4825.825286523699
v -836.433657813328 -1210.6246199954549 4812.1720441937705
v -833.1683035194499 -1234.8299176996886 4833.359199216263
v -830.3645037190486 -1219.5930668023432 4869.642295038029
v -910.4834240255634 -1249.9984704042577 4846.158139979955
v -944.2164953772458 -1237.7763663605137 4814.141700575687
v -973.4600959268121 -1202.5645676594752 4793.12683916736
v -1002.7021410070315 -1114.2951345388242 4762.113204450352
v -971.4030001779399 -1126.093654253929 4771.700506162869
v -972.0913462709625 -1133.4733620260313 4766.125947548178
v -1063.1326717004117 -1214.924009695841 4804.199309651816
v -984.2201117118655 -1269.2176171513493 4835.300532697901
v -1010.7661346505618 -1285.393428642858 4842.127217744298
v -966.4353592672592 -1253.282173263803 4823.3733215814445
v -962.0705865561431 -1255.0455501014385 4841.188374687059
v -983.6354063279339 -1264.1362002994247 4857.790086734688
v -1012.1389176659145 -1279.8439359410322 4862.454199424575
v -951.063041090583 -1257.6838549828265 4852.057518221978
v -939.4063413192596 -1238.9766933885035 4832.054466599261
v -986.0059531125048 -1250.2717207885669 4892.561178202855
v -909.7225751916319 -1235.1193871109704 4880.4225768010265
v -950.4005300484241 -1242.7675582278885 4886.66964866319
v -1006.1904558542706 -1110.1574153304505 4765.380223611717
v -1040.2904721335228 -1098.7728324080485 4761.956167960187
v -1041.3470227631929 -1097.5385698698865 4764.0016755007055
v -998.6068539010598 -1081.7875481693966 4760.495339667023
v -1004.9003514475535 -1058.1920482221853 4750.4523436445315
v -1045.490982995891 -1065.0622980725125 4757.039427130543
v -1224.0885832388053 -1330.6200753005328 4875.649977905471
v -1004.8519114906951 -1051.4812414332025 4765.316283311029
v -1013.6803085182453 -1264.0283290589196 4900.751026489636
v -1223.2251569473203 -1323.2082761394076 4892.079317163352
v -1187.8361145681731 -1260.4058995947057 4833.896078608293
v -1109.0765433543972 -1107.496051653567 4770.255421303541
v -1233.741192888631 -1185.804028880182 4808.120920218021
v -1204.3858874748678 -1154.0601542406507 4793.038171872088
v -1210.2455092718474 -1144.8208796901563 4803.607557870386
v -1180.287328460571 -1128.7104138647585 4779.986921327205
v -1234.8467238271724 -1182.4257780546986 4815.315324007276
v -1178.1320932861433 -1123.5029614572782 4786.288436187149
v -1109.7379671395486 -1106.0223812747024 4773.021063571063
v -1450.811170353315 -1302.7396977438543 4869.7180605919275
v -1396.643689590446 -1221.9434607839444 4833.797952544833
v -1359.243084879324 -1288.410309844117 4857.1872424521425
v -1390.9295722957115 -1210.7537467084594 4847.353419783367
v -1378.4732401345238 -1197.0271294214813 4838.855139904518
v -1364.5222548830516 -1354.8666443911898 4893.862875642865
v -1363.4538740731523 -1347.9842708079532 4916.106027987669
v -1476.0513296519914 -1370.8369233729245 4910.795684253846
v -1362.1762340802056 -1330.5194092926833 4954.333245535157
v -1475.8765244765696 -1365.0848022877412 4932.571961500748
v -1541.8926319900736 -1275.82980752399 4878.758651039088
v -1544.3476481363264 -1349.3866412764346 4915.149088139198
v -1564.2963682533243 -1304.1545379251743 4893.4290632908705
v -1523.6655903631308 -1254.408949984549 4867.567946776604
v -1508.915574511729 -1236.427319769983 4864.17300158543
v -1507.0825034238374 -1237.412785610768 4860.337856491927
v -1499.5202739207616 -1367.3755193516745 4911.523450752436
v -1221.8852528178268 -1304.4295878614298 4933.077638689168
v -1544.7441333669874 -1275.474187548041 4884.656312758301
v -1565.9437236851988 -1304.2551935107183 4898.8363646979615
v -1544.9537546024085 -1348.0643947539756 4918.90451072278
v -1524.2237068555885 -1251.5914658632394 4871.854612651993
v -1389.256751069338 -1200.0297355090242 4848.057183801906
v -1364.9102199139488 -1121.5528863010225 4803.500576431886
v -1382.6731082130962 -1192.0918059051896 4860.047216944132
v -1257.7191257592456 -1095.8025769082155 4802.933543846057
v -1364.0243832704427 -1114.267419389231 4819.1202560696465
v -1151.6424992142445 -1083.684286324981 4772.788764789816
v -1255.05456406302 -1102.2890501257048 4787.110764231271
v -1044.4462628472522 -1058.4740598347776 4771.089877000284
v -1151.083448305698 -1077.082593631576 4787.135983613434
v -1511.7632162286907 -1224.7061348859588 4865.1403227391875
v -1509.1315400394594 -1205.9089269783772 4905.728540456996
v -1532.0307298343691 -1228.5563593140078 4868.148341421463
v -1589.7655000194445 -1380.1919717667874 4949.762743061816
v -1544.9537546024085 -1348.0643947539756 4918.90451072278
v -1494.1309930776188 -1362.052345441159 4936.216694063144
v -1528.0868317751926 -1209.2220685048328 4908.503725390098
v -1564.1106254932592 -1234.4497909378842 4872.949433177353
v -1524.2237068555885 -1251.5914658632394 4871.854612651993
v -1544.7441333669874 -1275.474187548041 4884.656312758301
v -1615.9472604975972 -1298.3717449486098 4903.735962887992
v -1565.9437236851988 -1304.2551935107183 4898.8363646979615
v -1599.5652118369003 -1349.8395416248898 4926.682790178701
v -1473.0616093136719 -1348.739197649201 4970.030766833956
v -1494.1309930776188 -1362.052345441159 4936.216694063144
v -1589.6589469679623 -1364.4448148590775 4984.916012598119
v -1487.376917016574 -1346.4244960321307 4969.829186400906
v -1560.4939845047543 -1214.9574826733294 4913.267565618616
v -1532.0307298343691 -1228.5563593140078 4868.148341421463
v -1636.5816401055783 -1228.5630544624491 4924.503355918591
v -1640.156079851993 -1248.425500520801 4884.194637656858
v -2093.1879362750205 -1448.747890387096 5004.850425883158
v -2096.2393401290346 -1402.1388160543795 4983.313132569267
v -2132.158374133055 -1341.3427180943386 4960.891594946598
v -2088.6773753545804 -1479.510620810046 5028.521867752885
v -2166.230156793316 -1367.5251550464584 5023.592620585641
v -2131.0354419811233 -1322.8223374635695 5000.571499273633
v -2170.999297291516 -1391.585940273624 4986.574305619421
v -2222.5301436152477 -1437.6864860716403 5059.901387152167
v -2226.045839805465 -1460.4621079341796 5022.929077677656
v -2287.016731322756 -1505.3537003630183 5095.618277591153
v -2286.8997106659845 -1522.7734965939628 5058.576465340102
v -2090.9039160324237 -1464.420703812395 5064.003845280315
v 77.69299823012415 -868.3615641773317 4624.519715329782
v 82.56101277963764 -860.1878265713516 4617.889842229446
v 185.42207761223807 -825.0940497096369 4600.505410932297
v 185.1917527416178 -818.606676773062 4615.229551092198
v 85.03236596733282 -842.3845708726772 4656.068803556965
v 73.9760758562512 -863.0024484341347 4642.657832983161
v 87.09544863344313 -848.2378688397836 4612.147159873834
v 79.9667000805799 -852.4129959456549 4658.71764341245
v 89.56110362612476 -830.3431005098665 4650.15028290058
v -987.0657138124693 -1062.4165208994607 4770.515305835637
v -1377.6021120973758 -1178.986058109065 4884.6788200693745
v -1340.0376523661225 -1181.2579462867457 4859.84438335012
v -1324.293538008994 -1123.8203810784396 4821.002126234233
v -1232.9692735296671 -1105.7390669556748 4806.652196473035
v -886.8836497136638 -1072.1950391232504 4773.245557664457
v -924.3387675302358 -1081.7227965022557 4778.022507059884
v -984.3281321931395 -1028.9783335236496 4829.533178795502
v -1017.6706126310767 -1034.8908713591306 4834.380869171936
v -892.0200232436471 -1064.7510599591835 4799.494273478791
v -920.0432036080829 -1055.5234724732886 4833.83854063501
v -1048.9788154900307 -1047.7903775000634 4842.381142514165
v -1138.761969136153 -1063.1860588878853 4855.170660014165
v -1143.3386570878702 -1089.9698659069695 4793.490758922844
v -944.1889772819659 -1023.2559036159298 4824.442624645379
v -1319.6964804537683 -1097.363503248681 4882.5266879035535
v -946.4529759430429 -1057.3857757512512 4765.537853648961
v -1227.8632003710545 -1080.9327020599706 4869.031462753516
v -1377.6021120973758 -1178.986058109065 4884.6788200693745
v -1337.5866348393367 -1163.3991611747788 4898.113272309999
v -1339.0138932493862 -1172.156009571271 4878.814314501284
v -1053.6686734524362 -1074.1784219366982 4780.315954891975
v -892.0200232436471 -1064.7510599591835 4799.494273478791
v -922.5554295530942 -1070.5378266725309 4804.125662102474
v -1020.3945470464719 -1068.3098752762837 4775.423243909944
v -1323.6311234787831 -1110.8293010218133 4850.820566747776
v -1339.0138932493862 -1172.156009571271 4878.814314501284
v -985.3282861810569 -1043.4960663768265 4798.86696763738
v -1019.2242457352756 -1049.9084663897088 4803.79321785563
v -1051.8724093067683 -1059.706803388855 4810.438455258605
v -1141.9090985925893 -1075.7968731058543 4823.3907646527305
v -1231.6742430689899 -1093.034668432906 4836.916305921969
v -1323.6311234787831 -1110.8293010218133 4850.820566747776
v -944.4861032053043 -1037.6364596249114 4793.772003736675
v -985.3282861810569 -1043.4960663768265 4798.86696763738
v -1019.2242457352756 -1049.9084663897088 4803.79321785563
v -1051.8724093067683 -1059.706803388855 4810.438455258605
v -1141.9090985925893 -1075.7968731058543 4823.3907646527305
v -1231.6742430689899 -1093.034668432906 4836.916305921969
v -944.4861032053043 -1037.6364596249114 4793.772003736675
v 187.2291202224896 -811.5115446168801 4629.582775437755
v 73.9760758562512 -863.0024484341347 4642.657832983161
v 78.9313163505696 -854.201489044163 4637.373380709155
v 78.9313163505696 -854.201489044163 4637.373380709155
v 83.45126206764267 -842.2224939949197 4631.320206637598
v 83.45126206764267 -842.2224939949197 4631.320206637598
v 185.1917527416178 -818.606676773062 4615.229551092198
v -3957.5346615163403 -1588.8999686511545 5264.526060177821
v 1235.422694431375 -783.2388444370288 4540.470343188665
v -3852.832086317566 -1855.4117051970597 5361.4878572236275
v -3961.7124204572724 -1604.067267942693 5219.995516665648
v -6751.761276395993 -2630.4272358287717 5907.867286641738
v 2314.3913019030447 -306.9525972107489 4238.898227277532
v 1672.9910522757104 -410.67974500728064 4328.679278886999
v 1504.2247414193855 -625.828092410808 4515.222479325456
v 1504.2247414193855 -625.828092410808 4515.222479325456
v 845.8471639801999 -698.483684436906 4516.466813968137
v 651.7711288228762 -700.4124584508966 4529.900415325957
v 679.5687193956363 -854.3332151249082 4667.899690048289
v 1538.7398450832604 -847.8432267625659 4471.627289958617
v 1555.571171442851 -858.5256260934684 4545.083834091577
v 651.7711288228762 -700.4124584508966 4529.900415325957
v -868.8618587267329 -1108.0918533297786 4766.445733052567
v -843.7999615109734 -1209.65570994999 4793.404816637031
v 679.4880334155638 -936.8427522339598 4638.422987897813
v -892.0200232436471 -1064.7510599591835 4799.494273478791
v -1473.0616093136719 -1348.739197649201 4970.030766833956
v -1528.0868317751926 -1209.2220685048328 4908.503725390098
v -922.5554295530942 -1070.5378266725309 4804.125662102474
vt 0.0661650002002716 0.20265799760818481
vt 0.07292799651622772 0.4606599807739258
vt 0.07458999752998352 0.20295101404190063
vt 0.008315999992191792 0.20512700080871582
vt 0.03488000109791756 0.4619399905204773
vt 0.03768499940633774 0.20403099060058594
vt 0.06737200170755386 0.011491000652313232
vt 0.07303500175476074 0.007816016674041748
vt 0.015869999304413795 0.00832301378250122
vt 0.04316899925470352 0.0068489909172058105
vt 0.0641930028796196 0.46199798583984375
vt 0.07159099727869034 0.7679039984941483
vt 0.005942000076174736 0.7672650068998337
vt 0.03474999964237213 0.7676949948072433
vt 0.06642600148916245 0.9939760002307594
vt 0.07459799945354462 0.9941360000520945
vt 0.039055000990629196 0.9968089999165386
vt 0.4520699977874756 0.9993039999972098
vt 0.4633449912071228 0.7089380025863647
vt 0.45532500743865967 0.7091600000858307
vt 0.48715001344680786 0.9985869999509305
vt 0.517192006111145 0.7129999995231628
vt 0.49027499556541443 0.7109740078449249
vt 0.46165400743484497 0.542957991361618
vt 0.45285600423812866 0.5427390038967133
vt 0.48776400089263916 0.5399349927902222
vt 0.5102599859237671 0.5125769972801208
vt 0.48588699102401733 0.5054390132427216
vt 0.48307499289512634 0.4533969759941101
vt 0.4725790023803711 0.45228099822998047
vt 0.46154800057411194 0.49815499782562256
vt 0.45219600200653076 0.49787598848342896
vt 0.4620499908924103 0.45094501972198486
vt 0.4544200003147125 0.444333016872406
vt 0.4609679877758026 0.4266440272331238
vt 0.4589790105819702 0.42202502489089966
vt 0.46709999442100525 0.4289739727973938
vt 0.4750460088253021 0.4387670159339905
vt 0.48757800459861755 0.4521780014038086
vt 0.47643300890922546 0.43497800827026367
vt 0.46988698840141296 0.4260770082473755
vt 0.46411699056625366 0.42202502489089966
vt 0.5142800211906433 0.5076479911804199
vt 0.5161089897155762 0.5132139921188354
vt 0.5138149857521057 0.5368089973926544
vt 0.5192570090293884 0.5372489988803864
vt 0.5227609872817993 0.7128239870071411
vt 0.5196760296821594 0.9976079999469221
vt 0.5142530202865601 0.9974189999047667
vt 0.0002460000105202198 0.4606829881668091
vt 0.002345999935641885 0.20260697603225708
vt 0.009630000218749046 0.005463004112243652
vt 0.04212399944663048 0.0002509951591491699
vt 0.0061599998734891415 0.9997560000047088
vt 0.001230000052601099 0.7666240036487579
vt 0.005565000232309103 0.4618769884109497
vt 0.14993399381637573 0.5422810018062592
vt 0.1453379988670349 0.8016290068626404
vt 0.15269100666046143 0.8011139929294586
vt 0.11168300360441208 0.540926992893219
vt 0.0845400020480156 0.7988349944353104
vt 0.1143060028553009 0.799903005361557
vt 0.14483000338077545 0.9872719999402761
vt 0.09293700009584427 0.9900949997827411
vt 0.11914200335741043 0.9927790001966059
vt 0.15068499743938446 0.23351800441741943
vt 0.14301499724388123 0.5414240062236786
vt 0.08219999819993973 0.234266996383667
vt 0.08194900304079056 0.5410009920597076
vt 0.1450899988412857 0.006578028202056885
vt 0.14296600222587585 0.23343998193740845
vt 0.1148499995470047 0.003470003604888916
vt 0.11141599714756012 0.2337779998779297
vt 0.45157501101493835 0.9990969999926165
vt 0.44266200065612793 0.7093029916286469
vt 0.44418099522590637 0.9997509999957401
vt 0.41457098722457886 0.998217000043951
vt 0.38614699244499207 0.7126370072364807
vt 0.38731399178504944 0.9968809999991208
vt 0.4500109851360321 0.70899298787117
vt 0.44474199414253235 0.5442380011081696
vt 0.4162049889564514 0.5399239957332611
vt 0.4132489860057831 0.7107389867305756
vt 0.3936130106449127 0.5127879977226257
vt 0.3901520073413849 0.5368100106716156
vt 0.41793400049209595 0.505499005317688
vt 0.4224950075149536 0.45422500371932983
vt 0.451570987701416 0.5425570011138916
vt 0.44478800892829895 0.4975619912147522
vt 0.4433389902114868 0.44801998138427734
vt 0.4508970081806183 0.49757999181747437
vt 0.44889700412750244 0.44411700963974
vt 0.44339799880981445 0.4254930019378662
vt 0.4370709955692291 0.42823898792266846
vt 0.4291290044784546 0.43896299600601196
vt 0.41731399297714233 0.4523569941520691
vt 0.42740800976753235 0.43424397706985474
vt 0.4450390040874481 0.4210190176963806
vt 0.44005200266838074 0.421425998210907
vt 0.3897489905357361 0.5075770020484924
vt 0.3878360092639923 0.513137012720108
vt 0.38436800241470337 0.537090003490448
vt 0.37961000204086304 0.7123779952526093
vt 0.3806059956550598 0.9970040000043809
vt 0.0750890001654625 0.5422280132770538
vt 0.07788799703121185 0.8014450073242188
vt 0.08678700029850006 0.9935960001312196
vt 0.11897200345993042 0.9997549999970943
vt 0.08029799908399582 0.0005789995193481445
vt 0.07602299749851227 0.23490798473358154
vt 0.4329400062561035 0.451183021068573
vt 0.4600810110569 0.9997509999957401
vt 0.06354700028896332 0.7681259959936142
vt 0.27552899718284607 0.7543269991874695
vt 0.28608399629592896 0.9131660014390945
vt 0.2862899899482727 0.7532349973917007
vt 0.2922990024089813 0.9676840007305145
vt 0.29742300510406494 0.9657279998064041
vt 0.29172199964523315 0.9638280011713505
vt 0.36695900559425354 0.9158160015940666
vt 0.3730809986591339 0.9603150002658367
vt 0.3791170120239258 0.9159199967980385
vt 0.3601279854774475 0.9653510004281998
vt 0.3446739912033081 0.9679300002753735
vt 0.3452970087528229 0.9723329991102219
vt 0.3491300046443939 0.7709629982709885
vt 0.3412899971008301 0.7489669919013977
vt 0.31439900398254395 0.7649140059947968
vt 0.3618159890174866 0.9608080014586449
vt 0.3714179992675781 0.9640449993312359
vt 0.3693220019340515 0.9690719991922379
vt 0.35627099871635437 0.9746220000088215
vt 0.3630940020084381 0.9789639990776777
vt 0.35472801327705383 0.9807789996266365
vt 0.35892701148986816 0.9842509999871254
vt 0.3480699956417084 0.9763220008462667
vt 0.34747999906539917 0.982752000913024
vt 0.35240599513053894 0.9898990001529455
vt 0.3496190011501312 0.9135299995541573
vt 0.3285309970378876 0.9714819993823767
vt 0.32923001050949097 0.9758960008621216
vt 0.3303369879722595 0.9799949992448092
vt 0.31321799755096436 0.9875360000878572
vt 0.33076900243759155 0.9873580001294613
vt 0.3114849925041199 0.9997520000033546
vt 0.33260801434516907 0.9981159999733791
vt 0.3446100056171417 0.9943129997700453
vt 0.34018799662590027 0.9850310003384948
vt 0.3088519871234894 0.9820719994604588
vt 0.3088589906692505 0.9779139999300241
vt 0.3115220069885254 0.974414000287652
vt 0.3444350063800812 0.9650220014154911
vt 0.32742801308631897 0.9693519994616508
vt 0.2928839921951294 0.9752489998936653
vt 0.2836189866065979 0.9639090001583099
vt 0.29117900133132935 0.9604090005159378
vt 0.2827009856700897 0.9597790017724037
vt 0.2856070101261139 0.9680359996855259
vt 0.29774999618530273 0.9631499983370304
vt 0.27285000681877136 0.9632860012352467
vt 0.27449798583984375 0.967204000800848
vt 0.2769300043582916 0.9724320005625486
vt 0.28648000955581665 0.97639200091362
vt 0.29458901286125183 0.9804190006107092
vt 0.30240800976753235 0.9972669999115169
vt 0.30758601427078247 0.9873719997704029
vt 0.27612701058387756 0.9150450006127357
vt 0.3737350106239319 0.7677839994430542
vt 0.3598729968070984 0.7426669895648956
vt 0.36444300413131714 0.7692530006170273
vt 0.36972498893737793 0.7412430047988892
vt 0.3586130142211914 0.6025280058383942
vt 0.36859598755836487 0.6024790108203888
vt 0.3638339936733246 0.5699099898338318
vt 0.3424290120601654 0.6005370020866394
vt 0.3131119906902313 0.5796340107917786
vt 0.27483001351356506 0.5876429975032806
vt 0.28622201085090637 0.586679995059967
vt 0.2665489912033081 0.5889109969139099
vt 0.2673240005970001 0.7534659951925278
vt 0.35043200850486755 0.5684309899806976
vt 0.3250269889831543 0.9108780026435852
vt 0.36309099197387695 0.44558101892471313
vt 0.3466950058937073 0.4382299780845642
vt 0.308351993560791 0.4254850149154663
vt 0.2852660119533539 0.41905999183654785
vt 0.3462660014629364 0.4291210174560547
vt 0.311259001493454 0.9721089992672205
vt 0.3628369867801666 0.9571439996361732
vt 0.2663689851760864 0.9156519994139671
vt 0.2965790033340454 0.9701829999685287
vt 0.28427600860595703 0.9835969991981983
vt 0.28132298588752747 0.9793870002031326
vt 0.2663640081882477 0.41923099756240845
vt 0.27553001046180725 0.4180150032043457
vt 0.2849839925765991 0.41078799962997437
vt 0.30827298760414124 0.41628700494766235
vt 0.3728429973125458 0.44754302501678467
vt 0.7137629985809326 0.9806600008159876
vt 0.7068089842796326 0.9666390009224415
vt 0.7025600075721741 0.9772660005837679
vt 0.6945440173149109 0.9707849994301796
vt 0.690339982509613 0.9817060008645058
vt 0.6970419883728027 0.9939310001209378
vt 0.35534998774528503 0.42210501432418823
vt 0.34514498710632324 0.42060399055480957
vt 0.6858299970626831 0.9712690003216267
vt 0.7075979709625244 0.9515519998967648
vt 0.7035530209541321 0.9379110001027584
vt 0.7053859829902649 0.9514049999415874
vt 0.7045459747314453 0.9650899991393089
vt 0.7172729969024658 0.9667599983513355
vt 0.7182250022888184 0.9525449983775616
vt 0.7177749872207642 0.9361400008201599
vt 0.7065489888191223 0.9359889999032021
vt 0.6993629932403564 0.9018869996070862
vt 0.7037420272827148 0.8784099966287613
vt 0.6996309757232666 0.875390000641346
vt 0.6587330102920532 0.8717209994792938
vt 0.6991140246391296 0.9606559984385967
vt 0.6925690174102783 0.9636529982089996
vt 0.6992970108985901 0.9482759982347488
vt 0.6969280242919922 0.9365279972553253
vt 0.677416980266571 0.9636560007929802
vt 0.6709480285644531 0.9674750007688999
vt 0.34140801429748535 0.41544002294540405
vt 0.3106969892978668 0.40806299448013306
vt 0.29711100459098816 0.3992670178413391
vt 0.2880750000476837 0.40290600061416626
vt 0.2894180119037628 0.39922499656677246
vt 0.28349199891090393 0.4011319875717163
vt 0.2790830135345459 0.40718400478363037
vt 0.6181439757347107 0.9068220034241676
vt 0.6221190094947815 0.9223380014300346
vt 0.6278489828109741 0.916482001543045
vt 0.6478989720344543 0.9443809986114502
vt 0.6243929862976074 0.9526440016925335
vt 0.6163840293884277 0.9515909999608994
vt 0.6100599765777588 0.9529329985380173
vt 0.6105329990386963 0.912212997674942
vt 0.5942599773406982 0.9737880006432533
vt 0.5972650051116943 0.9592900015413761
vt 0.5908849835395813 0.9606090001761913
vt 0.6032549738883972 0.9704950004816055
vt 0.6062470078468323 0.9594600014388561
vt 0.6061890125274658 0.9537830017507076
vt 0.5985130071640015 0.9519210010766983
vt 0.6056320071220398 0.9082640036940575
vt 0.5992969870567322 0.9003529995679855
vt 0.5971739888191223 0.9517300017178059
vt 0.6531969904899597 0.9381069988012314
vt 0.6810619831085205 0.9579580016434193
vt 0.6643040180206299 0.9082920029759407
vt 0.7004860043525696 0.931987002491951
vt 0.6686030030250549 0.9036559984087944
vt 0.6724479794502258 0.855006992816925
vt 0.6669020056724548 0.848691999912262
vt 0.677573025226593 0.8404150009155273
vt 0.6824600100517273 0.8468589931726456
vt 0.659267008304596 0.8225499987602234
vt 0.6682450175285339 0.8004399985074997
vt 0.6566110253334045 0.7998140007257462
vt 0.6311140060424805 0.8818169981241226
vt 0.6089149713516235 0.8988540023565292
vt 0.5978900194168091 0.8774550035595894
vt 0.6005910038948059 0.8732279986143112
vt 0.610027015209198 0.8771189972758293
vt 0.6071500182151794 0.8697589933872223
vt 0.6171079874038696 0.8745689988136292
vt 0.6324849724769592 0.8752539977431297
vt 0.6154639720916748 0.8676930069923401
vt 0.5973140001296997 0.900009997189045
vt 0.5967950224876404 0.8771679997444153
vt 0.5982779860496521 0.8664010018110275
vt 0.6072250008583069 0.8656429946422577
vt 0.6202690005302429 0.8584389984607697
vt 0.590133011341095 0.9523999989032745
vt 0.6026189923286438 0.8100749999284744
vt 0.5961560010910034 0.813293993473053
vt 0.6396669745445251 0.8404570072889328
vt 0.6308929920196533 0.8008439987897873
vt 0.5893039703369141 0.9003050029277802
vt 0.5893679857254028 0.8771179988980293
vt 0.5900570154190063 0.8664070069789886
vt 0.5893030166625977 0.8116990029811859
vt 0.5922759771347046 0.8041040003299713
vt 0.6081039905548096 0.7984029948711395
vt 0.5976349711418152 0.7944400012493134
vt 0.6114439964294434 0.8010109961032867
vt 0.6115130186080933 0.7976119965314865
vt 0.7054250240325928 0.9052430018782616
vt 0.7164220213890076 0.904669001698494
vt 0.7115910053253174 0.874879002571106
vt 0.7077310085296631 0.8688540011644363
vt 0.35882800817489624 0.43290597200393677
vt 0.6574609875679016 0.791813999414444
vt 0.6691100001335144 0.7936740070581436
vt 0.660984992980957 0.7830130010843277
vt 0.5232560038566589 0.6937989890575409
vt 0.5330430269241333 0.7671359926462173
vt 0.5338969826698303 0.6932510137557983
vt 0.6333670020103455 0.7856509983539581
vt 0.5600510239601135 0.6968410015106201
vt 0.5561540126800537 0.7779780030250549
vt 0.6095370054244995 0.7812830060720444
vt 0.5397089719772339 0.7783749997615814
vt 0.5682889819145203 0.7746800035238266
vt 0.5809760093688965 0.7012059986591339
vt 0.5714010000228882 0.6990439891815186
vt 0.5655609965324402 0.7745500057935715
vt 0.5661810040473938 0.7805480062961578
vt 0.6196050047874451 0.7926660031080246
vt 0.6178060173988342 0.7913710027933121
vt 0.6206099987030029 0.7837159931659698
vt 0.6232950091362 0.7843389958143234
vt 0.5689229965209961 0.7799800038337708
vt 0.576665997505188 0.7788340002298355
vt 0.5704370141029358 0.788004994392395
vt 0.5761749744415283 0.7896489948034286
vt 0.543624997138977 0.7868220061063766
vt 0.5458850264549255 0.7848570048809052
vt 0.567816972732544 0.7876890003681183
vt 0.5597580075263977 0.7914029955863953
vt 0.5484750270843506 0.7903829962015152
vt 0.5491600036621094 0.7982069998979568
vt 0.545615017414093 0.791706994175911
vt 0.5459030270576477 0.79721400141716
vt 0.5329340100288391 0.7724300026893616
vt 0.523464024066925 0.7724950015544891
vt 0.5284349918365479 0.7724210023880005
vt 0.5232570171356201 0.7679969966411591
vt 0.5320529937744141 0.79619300365448
vt 0.5334010124206543 0.7959299981594086
vt 0.5372710227966309 0.8027700036764145
vt 0.5379329919815063 0.7789700031280518
vt 0.5353450179100037 0.7992430031299591
vt 0.544543981552124 0.8094269931316376
vt 0.5484930276870728 0.8089430034160614
vt 0.5597220063209534 0.8107199966907501
vt 0.5670650005340576 0.8130369931459427
vt 0.569491982460022 0.8131760060787201
vt 0.5752689838409424 0.8137840032577515
vt 0.5330510139465332 0.8000189960002899
vt 0.5341989994049072 0.8035700023174286
vt 0.5375170111656189 0.805306002497673
vt 0.5464879870414734 0.9947939999401569
vt 0.5622079968452454 0.9957460002042353
vt 0.5657449960708618 0.9953749999403954
vt 0.5689380168914795 0.9945539999753237
vt 0.575435996055603 0.9953990001231432
vt 0.5838990211486816 0.9953519999980927
vt 0.5834919810295105 0.8135019987821579
vt 0.5837420225143433 0.7894809991121292
vt 0.584119975566864 0.7786870002746582
vt 0.5888069868087769 0.7015900015830994
vt 0.6011499762535095 0.7797610014677048
vt 0.5379570126533508 0.9980879999930039
vt 0.5335909724235535 0.8063289970159531
vt 0.5345690250396729 0.9988069999963045
vt 0.5444309711456299 0.9973329999484122
vt 0.4237389862537384 0.4144520163536072
vt 0.4195469915866852 0.4009209871292114
vt 0.4221450090408325 0.4172629714012146
vt 0.4299199879169464 0.4120290279388428
vt 0.4312340021133423 0.40838301181793213
vt 0.4337629973888397 0.4095100164413452
vt 0.4332210123538971 0.4132019877433777
vt 0.4350090026855469 0.4053660035133362
vt 0.4337570071220398 0.40457600355148315
vt 0.5277829766273499 0.8083959966897964
vt 0.528560996055603 0.9997499999881256
vt 0.42704999446868896 0.40234601497650146
vt 0.421642005443573 0.40234702825546265
vt 0.43538299202919006 0.4001709818840027
vt 0.43785300850868225 0.4008749723434448
vt 0.40537500381469727 0.41844701766967773
vt 0.407370001077652 0.3936319947242737
vt 0.3997330069541931 0.4024680256843567
vt 0.4017859995365143 0.4191259741783142
vt 0.39657899737358093 0.4034649729728699
vt 0.3985379934310913 0.42030197381973267
vt 0.3916960060596466 0.4199410080909729
vt 0.3904399871826172 0.40361398458480835
vt 0.3829349875450134 0.4205250144004822
vt 0.38154199719429016 0.4038800001144409
vt 0.39813101291656494 0.39759600162506104
vt 0.4227209985256195 0.39712101221084595
vt 0.42482998967170715 0.3914399743080139
vt 0.420771986246109 0.3964120149612427
vt 0.40880098938941956 0.3766610026359558
vt 0.4286139905452728 0.38566797971725464
vt 0.3929539918899536 0.38755398988723755
vt 0.3918890058994293 0.3815910220146179
vt 0.395579993724823 0.3922889828681946
vt 0.39508500695228577 0.3984220027923584
vt 0.39234301447868347 0.3928130269050598
vt 0.3883090019226074 0.38787102699279785
vt 0.38787001371383667 0.3812999725341797
vt 0.38993000984191895 0.39489102363586426
vt 0.3801819980144501 0.387703001499176
vt 0.3809039890766144 0.3953089714050293
vt 0.4266259968280792 0.3918030261993408
vt 0.4305180013179779 0.386011004447937
vt 0.430527001619339 0.39362800121307373
vt 0.4365530014038086 0.3938649892807007
vt 0.4371899962425232 0.38650602102279663
vt 0.39251598715782166 0.3397979736328125
vt 0.38883599638938904 0.33956199884414673
vt 0.4393570125102997 0.3943589925765991
vt 0.3796069920063019 0.38104498386383057
vt 0.3798980116844177 0.3388599753379822
vt 0.44017401337623596 0.38704198598861694
vt 0.405674010515213 0.35144102573394775
vt 0.430417001247406 0.3737580180168152
vt 0.42633500695228577 0.3552190065383911
vt 0.4214729964733124 0.3482459783554077
vt 0.42979198694229126 0.3607320189476013
vt 0.427729994058609 0.35418301820755005
vt 0.4240489900112152 0.34767502546310425
vt 0.43146300315856934 0.3607040047645569
vt 0.4272080063819885 0.31342101097106934
vt 0.41108500957489014 0.298009991645813
vt 0.41005200147628784 0.3169580101966858
vt 0.42951300740242004 0.3145110011100769
vt 0.4296239912509918 0.3174070119857788
vt 0.3952940106391907 0.31160998344421387
vt 0.3975670039653778 0.29040902853012085
vt 0.3906170129776001 0.3109099864959717
vt 0.3934650123119354 0.2889620065689087
vt 0.3822450041770935 0.3097410202026367
vt 0.3855369985103607 0.2872130274772644
vt 0.402660995721817 0.27819597721099854
vt 0.4180000126361847 0.28079497814178467
vt 0.4124239981174469 0.2759299874305725
vt 0.42222800850868225 0.285148024559021
vt 0.42694199085235596 0.2878739833831787
vt 0.423770010471344 0.2837520241737366
vt 0.3987799882888794 0.28630000352859497
vt 0.4253610074520111 0.289031982421875
vt 0.4189459979534149 0.27877098321914673
vt 0.4124850034713745 0.2740679979324341
vt 0.4017139971256256 0.27674299478530884
vt 0.393887996673584 0.28514397144317627
vt 0.4330190122127533 0.3157070279121399
vt 0.4361270070075989 0.3345400094985962
vt 0.43832701444625854 0.33376097679138184
vt 0.43705201148986816 0.31682902574539185
vt 0.44171300530433655 0.348471999168396
vt 0.4387899935245514 0.349261999130249
vt 0.4321570098400116 0.3737249970436096
vt 0.4382529854774475 0.3673520088195801
vt 0.44131699204444885 0.36754000186920166
vt 0.4287239909172058 0.28772497177124023
vt 0.43831300735473633 0.2861589789390564
vt 0.4281330108642578 0.2833719849586487
vt 0.6228259801864624 0.3244050145149231
vt 0.628525972366333 0.3343150019645691
vt 0.6292380094528198 0.3151310086250305
vt 0.43772798776626587 0.2822520136833191
vt 0.6021689772605896 0.31533098220825195
vt 0.5980290174484253 0.32175302505493164
vt 0.6063429713249207 0.3204699754714966
vt 0.6092489957809448 0.33478397130966187
vt 0.6119800209999084 0.3258950114250183
vt 0.6208000183105469 0.33426201343536377
vt 0.6365820169448853 0.31142401695251465
vt 0.6365860104560852 0.31425899267196655
vt 0.6365860104560852 0.3347730040550232
vt 0.5887309908866882 0.32152098417282104
vt 0.5980759859085083 0.31532198190689087
vt 0.5887519717216492 0.3150259852409363
vt 0.5886679887771606 0.33675599098205566
vt 0.5978659987449646 0.3369939923286438
vt 0.6195359826087952 0.4324979782104492
vt 0.626583993434906 0.4341070055961609
vt 0.6102190017700195 0.4300140142440796
vt 0.5890120267868042 0.43488699197769165
vt 0.5974860191345215 0.43268299102783203
vt 0.635496973991394 0.4365280270576477
vt 0.5946120023727417 0.44686901569366455
vt 0.6035119891166687 0.4428330063819885
vt 0.6138870120048523 0.45589202642440796
vt 0.6075000166893005 0.46217697858810425
vt 0.6222789883613586 0.46148502826690674
vt 0.6250789761543274 0.4715319871902466
vt 0.17285099625587463 0.4856799840927124
vt 0.1623930037021637 0.6445589959621429
vt 0.17309799790382385 0.6456539928913116
vt 0.17908300459384918 0.43111497163772583
vt 0.18421199917793274 0.43311697244644165
vt 0.18339000642299652 0.42870497703552246
vt 0.25981199741363525 0.43858301639556885
vt 0.2536810040473938 0.4830480217933655
vt 0.26587000489234924 0.48294901847839355
vt 0.2469249963760376 0.4335240125656128
vt 0.231455996632576 0.43094801902770996
vt 0.24858400225639343 0.4381120204925537
vt 0.23582600057125092 0.6278949975967407
vt 0.2011519968509674 0.6339719891548157
vt 0.2280219942331314 0.6499170064926147
vt 0.2496040016412735 0.44181400537490845
vt 0.2560670077800751 0.42981797456741333
vt 0.25819098949432373 0.43483197689056396
vt 0.24296799302101135 0.42434102296829224
vt 0.2497989982366562 0.41997599601745605
vt 0.24149000644683838 0.41809797286987305
vt 0.2348479926586151 0.4225199818611145
vt 0.23917299509048462 0.40901899337768555
vt 0.24566300213336945 0.4146779775619507
vt 0.25116100907325745 0.6296429932117462
vt 0.2320989966392517 0.4265519976615906
vt 0.21531300246715546 0.4273719787597656
vt 0.21599799394607544 0.4230239987373352
vt 0.21709799766540527 0.4188699722290039
vt 0.20002399384975433 0.41133999824523926
vt 0.2175460010766983 0.4115239977836609
vt 0.19828100502490997 0.39911001920700073
vt 0.21942000091075897 0.40077000856399536
vt 0.23139600455760956 0.4046090245246887
vt 0.23425599932670593 0.4161530137062073
vt 0.22725600004196167 0.41382497549057007
vt 0.19563700258731842 0.41674500703811646
vt 0.19830100238323212 0.42443400621414185
vt 0.19562199711799622 0.42096298933029175
vt 0.2311449944972992 0.4338949918746948
vt 0.21416999399662018 0.4295240044593811
vt 0.17964600026607513 0.42357099056243896
vt 0.17043499648571014 0.434984028339386
vt 0.17797499895095825 0.43856197595596313
vt 0.1785389930009842 0.4350299835205078
vt 0.1724810004234314 0.4309120178222656
vt 0.1846430003643036 0.43589597940444946
vt 0.15964899957180023 0.4355980157852173
vt 0.16129299998283386 0.4316849708557129
vt 0.16369199752807617 0.42645102739334106
vt 0.18136300146579742 0.41839998960494995
vt 0.17326000332832336 0.4224650263786316
vt 0.1892080008983612 0.4015910029411316
vt 0.1943349987268448 0.4115210175514221
vt 0.16298599541187286 0.4838089942932129
vt 0.1695210039615631 0.439145028591156
vt 0.24658000469207764 0.6562460064888
vt 0.26043900847435 0.6311100125312805
vt 0.24525600671768188 0.7963439971208572
vt 0.25633499026298523 0.6576420068740845
vt 0.2505129873752594 0.8289829939603806
vt 0.255264014005661 0.7964179962873459
vt 0.2289939969778061 0.7983539998531342
vt 0.16169500350952148 0.8112529963254929
vt 0.15342900156974792 0.8099859952926636
vt 0.1541929990053177 0.6454200148582458
vt 0.237186998128891 0.8304589986801147
vt 0.21180999279022217 0.4879770278930664
vt 0.23639899492263794 0.4853129982948303
vt 0.2498590052127838 0.953269999474287
vt 0.23342899978160858 0.9606430009007454
vt 0.1951020061969757 0.9734049998223782
vt 0.1730329990386963 0.8122150003910065
vt 0.17209599912166595 0.9798130001872778
vt 0.23296600580215454 0.9697379991412163
vt 0.19986900687217712 0.8192619979381561
vt 0.19798900187015533 0.42676299810409546
vt 0.1531829982995987 0.4831969738006592
vt 0.17104800045490265 0.41525697708129883
vt 0.1680999994277954 0.41948401927948
vt 0.15318800508975983 0.9796430002897978
vt 0.16237600147724152 0.9808740001171827
vt 0.1718049943447113 0.9880640003830194
vt 0.1950249969959259 0.9825899992138147
vt 0.2595439851284027 0.9513220004737377
vt 0.2595750093460083 0.8281610012054443
vt 0.706400990486145 0.5051499903202057
vt 0.713263988494873 0.4911540150642395
vt 0.7023749947547913 0.49435800313949585
vt 0.6942059993743896 0.5009140074253082
vt 0.6900269985198975 0.48999202251434326
vt 0.6967530250549316 0.4777680039405823
vt 0.7050870060920715 0.472025990486145
vt 0.24211999773979187 0.97677499987185
vt 0.23189400136470795 0.9782299995422363
vt 0.6855059862136841 0.5004209876060486
vt 0.7030619978904724 0.5337240099906921
vt 0.7071250081062317 0.5201430022716522
vt 0.7049660086631775 0.5202989876270294
vt 0.7041609883308411 0.5066649913787842
vt 0.7168499827384949 0.5050190091133118
vt 0.7177180051803589 0.5192019939422607
vt 0.7171970009803772 0.5355480015277863
vt 0.7060229778289795 0.5356450080871582
vt 0.6986929774284363 0.5696510076522827
vt 0.7029770016670227 0.5930320024490356
vt 0.7047629952430725 0.566428005695343
vt 0.6582210063934326 0.5996910035610199
vt 0.6988909840583801 0.5960310101509094
vt 0.6987689733505249 0.5109640061855316
vt 0.698930025100708 0.5233860015869141
vt 0.6967250108718872 0.535176008939743
vt 0.6770880222320557 0.507999986410141
vt 0.22820700705051422 0.9834969993680716
vt 0.19743500649929047 0.9907649997621775
vt 0.18385900557041168 0.9996709999977611
vt 0.2021770030260086 0.995232000015676
vt 0.17489799857139587 0.9959169998764992
vt 0.17614999413490295 0.9997539999894798
vt 0.17020399868488312 0.9977599999401718
vt 0.621632993221283 0.5491600036621094
vt 0.617605984210968 0.5646960139274597
vt 0.6273599863052368 0.5550409853458405
vt 0.6475039720535278 0.5271889865398407
vt 0.6706399917602539 0.5041869878768921
vt 0.6428530216217041 0.5127770006656647
vt 0.6240090131759644 0.5187920033931732
vt 0.6159949898719788 0.5198639929294586
vt 0.6096490025520325 0.5184710025787354
vt 0.5940210223197937 0.497435986995697
vt 0.5968520045280457 0.512160986661911
vt 0.6030539870262146 0.5007970035076141
vt 0.6059200167655945 0.5118969976902008
vt 0.6057909727096558 0.5176090002059937
vt 0.5981410145759583 0.51944500207901
vt 0.6050999760627747 0.5632230043411255
vt 0.5986229777336121 0.5711359977722168
vt 0.5968160033226013 0.5196360051631927
vt 0.6527860164642334 0.5334950089454651
vt 0.6807169914245605 0.513714998960495
vt 0.6921409964561462 0.5081189870834351
vt 0.6636899709701538 0.56318199634552
vt 0.6999670267105103 0.5396029949188232
vt 0.6661949753761292 0.6225889921188354
vt 0.6719719767570496 0.6163670122623444
vt 0.6816930174827576 0.6240780055522919
vt 0.6772649884223938 0.63052698969841
vt 0.6589760184288025 0.6488020122051239
vt 0.667926013469696 0.6710320115089417
vt 0.6711500287055969 0.6498900055885315
vt 0.6305390000343323 0.589818000793457
vt 0.6680170297622681 0.5678569972515106
vt 0.5972989797592163 0.5941829979419708
vt 0.6083629727363586 0.5726870000362396
vt 0.599901020526886 0.5984829962253571
vt 0.6065089702606201 0.6018399894237518
vt 0.6096829771995544 0.5942350029945374
vt 0.6318960189819336 0.5962580144405365
vt 0.616457998752594 0.5969890058040619
vt 0.6148489713668823 0.6038950085639954
vt 0.596705973148346 0.5714839994907379
vt 0.5961750149726868 0.5944730043411255
vt 0.597769021987915 0.6052510142326355
vt 0.6100000143051147 0.5592870116233826
vt 0.6066679954528809 0.6060000061988831
vt 0.6197239756584167 0.6131500005722046
vt 0.5897870063781738 0.5189320147037506
vt 0.6022449731826782 0.6620849967002869
vt 0.5960590243339539 0.6587919890880585
vt 0.639277994632721 0.6310789883136749
vt 0.631292998790741 0.6708939969539642
vt 0.5886710286140442 0.5711649954319
vt 0.5886710286140442 0.594523012638092
vt 0.5893750190734863 0.605324000120163
vt 0.589123010635376 0.6605870127677917
vt 0.592615008354187 0.6681540012359619
vt 0.6087419986724854 0.6734499931335449
vt 0.5989050269126892 0.6775639951229095
vt 0.6123499870300293 0.6729150116443634
vt 0.6099200248718262 0.6704739928245544
vt 0.7157379984855652 0.5669440031051636
vt 0.7068160176277161 0.6025330126285553
vt 0.710777997970581 0.5966250002384186
vt 0.24558399617671967 0.9659710004925728
vt 0.6573659777641296 0.6793439984321594
vt 0.633313000202179 0.6856459975242615
vt 0.6685109734535217 0.6776829957962036
vt 0.656279981136322 0.6714310050010681
vt 0.6607630252838135 0.6877999901771545
vt 0.532908022403717 0.6191090047359467
vt 0.5232560038566589 0.6922329962253571
vt 0.533905029296875 0.6927550137042999
vt 0.5608630180358887 0.6891300082206726
vt 0.5553479790687561 0.6084280014038086
vt 0.6193150281906128 0.6797339916229248
vt 0.5395979881286621 0.6075040102005005
vt 0.5810710191726685 0.6847989857196808
vt 0.569320023059845 0.6114419996738434
vt 0.5709540247917175 0.6871019899845123
vt 0.5657730102539062 0.6114970147609711
vt 0.5663380026817322 0.6055180132389069
vt 0.619700014591217 0.6795049905776978
vt 0.6110910177230835 0.690991997718811
vt 0.6227840185165405 0.6878040134906769
vt 0.6239839792251587 0.687391996383667
vt 0.569811999797821 0.6871950030326843
vt 0.5772809982299805 0.6073090136051178
vt 0.5713329911231995 0.5980919897556305
vt 0.5699290037155151 0.6061600148677826
vt 0.5434859991073608 0.5990259945392609
vt 0.5460789799690247 0.6011520028114319
vt 0.5679050087928772 0.5983560085296631
vt 0.5600630044937134 0.5945479869842529
vt 0.5493940114974976 0.5875050127506256
vt 0.5486429929733276 0.5955159962177277
vt 0.5456740260124207 0.5885309875011444
vt 0.5328919887542725 0.6137790083885193
vt 0.5378689765930176 0.6069689989089966
vt 0.5235139727592468 0.6136350035667419
vt 0.5232549905776978 0.6181089878082275
vt 0.5285149812698364 0.6137399971485138
vt 0.5318769812583923 0.5897150039672852
vt 0.5368250012397766 0.5829840004444122
vt 0.5454069972038269 0.5940989851951599
vt 0.5331230163574219 0.5899559855461121
vt 0.5349439978599548 0.5866029858589172
vt 0.5440899729728699 0.5762560069561005
vt 0.5606889724731445 0.5748879909515381
vt 0.5684670209884644 0.5729010105133057
vt 0.5767070055007935 0.5964010059833527
vt 0.5703499913215637 0.5727970004081726
vt 0.5329809784889221 0.5859259963035583
vt 0.534197986125946 0.5823250114917755
vt 0.5372909903526306 0.5805279910564423
vt 0.5477839708328247 0.39142102003097534
vt 0.548757016658783 0.5766740143299103
vt 0.5636839866638184 0.39042699337005615
vt 0.5709199905395508 0.39163702726364136
vt 0.575780987739563 0.5721920132637024
vt 0.5850300192832947 0.3909100294113159
vt 0.5772290229797363 0.39081698656082153
vt 0.5832020044326782 0.5724959969520569
vt 0.5837180018424988 0.5965940058231354
vt 0.5841100215911865 0.607461005449295
vt 0.6032419800758362 0.6927550137042999
vt 0.5380719900131226 0.388359010219574
vt 0.5336369872093201 0.5795719921588898
vt 0.3084520101547241 0.25705498456954956
vt 0.308584988117218 0.27215099334716797
vt 0.31217899918556213 0.25856202840805054
vt 0.3188380002975464 0.265949010848999
vt 0.3174239993095398 0.262224018573761
vt 0.32117199897766113 0.2641969919204712
vt 0.3225350081920624 0.2689669728279114
vt 0.5347579717636108 0.3878819942474365
vt 0.5280939936637878 0.5774500072002411
vt 0.3145819902420044 0.27209901809692383
vt 0.32107898592948914 0.2695840001106262
vt 0.3224180042743683 0.27441298961639404
vt 0.32508400082588196 0.27398401498794556
vt 0.29167500138282776 0.25637298822402954
vt 0.30692601203918457 0.27365100383758545
vt 0.2863309979438782 0.27275198698043823
vt 0.2881369888782501 0.2557790279388428
vt 0.28243499994277954 0.2716659903526306
vt 0.2840780019760132 0.254580020904541
vt 0.2773450016975403 0.2551100254058838
vt 0.2691420018672943 0.254580020904541
vt 0.2762199938297272 0.271619975566864
vt 0.28485000133514404 0.2777940034866333
vt 0.2943359911441803 0.28159499168395996
vt 0.31270700693130493 0.2832760214805603
vt 0.30999600887298584 0.27786797285079956
vt 0.30838701128959656 0.27842599153518677
vt 0.2959910035133362 0.29909002780914307
vt 0.2798280119895935 0.2881370186805725
vt 0.2787570059299469 0.29417097568511963
vt 0.28242799639701843 0.28332197666168213
vt 0.2785309851169586 0.28256499767303467
vt 0.2749690115451813 0.28772902488708496
vt 0.2747670114040375 0.2944830060005188
vt 0.2758370041847229 0.280460000038147
vt 0.28101998567581177 0.2768239974975586
vt 0.26694801449775696 0.2879289984703064
vt 0.26840201020240784 0.271465003490448
vt 0.2677519917488098 0.28015798330307007
vt 0.3138769865036011 0.2835109829902649
vt 0.31698301434516907 0.2893509864807129
vt 0.31746500730514526 0.2894139885902405
vt 0.3186100125312805 0.28118401765823364
vt 0.3232339918613434 0.28096699714660645
vt 0.3238239884376526 0.28848201036453247
vt 0.27956700325012207 0.33645302057266235
vt 0.32612699270248413 0.2808089852333069
vt 0.2663629949092865 0.29472601413726807
vt 0.27602800726890564 0.3367140293121338
vt 0.29269999265670776 0.32510697841644287
vt 0.3187449872493744 0.30212998390197754
vt 0.3095740079879761 0.328620970249176
vt 0.3134630024433136 0.3212199807167053
vt 0.3158929944038391 0.3228049874305725
vt 0.31696200370788574 0.3155810236930847
vt 0.3109929859638214 0.329039990901947
vt 0.31852200627326965 0.31555402278900146
vt 0.31929299235343933 0.30224597454071045
vt 0.29828500747680664 0.3766689896583557
vt 0.3129970133304596 0.3613870143890381
vt 0.2968829870223999 0.3586040139198303
vt 0.3166849911212921 0.36064600944519043
vt 0.31720998883247375 0.3561819791793823
vt 0.2827799916267395 0.36412298679351807
vt 0.27827298641204834 0.3649129867553711
vt 0.2857440114021301 0.38461601734161377
vt 0.2700609862804413 0.36633801460266113
vt 0.2819409966468811 0.3861910104751587
vt 0.3059459924697876 0.3931180238723755
vt 0.29142698645591736 0.39540398120880127
vt 0.30059000849723816 0.39761900901794434
vt 0.309783011674881 0.38881999254226685
vt 0.31320199370384216 0.38527899980545044
vt 0.3125160038471222 0.3846060037612915
vt 0.28717300295829773 0.3883669972419739
vt 0.26707398891448975 0.33753502368927
vt 0.3061859905719757 0.3944240212440491
vt 0.30043500661849976 0.39872997999191284
vt 0.291036993265152 0.39607298374176025
vt 0.31060099601745605 0.38941001892089844
vt 0.3187980055809021 0.3593599796295166
vt 0.32268399000167847 0.343720018863678
vt 0.32239699363708496 0.3585349917411804
vt 0.32842400670051575 0.3287240266799927
vt 0.3247919976711273 0.3442869782447815
vt 0.3251129984855652 0.3088359832763672
vt 0.32543501257896423 0.3278700113296509
vt 0.3267430067062378 0.28823602199554443
vt 0.32808399200439453 0.30879902839660645
vt 0.31580299139022827 0.38574302196502686
vt 0.3243510127067566 0.3868820071220398
vt 0.3154729902744293 0.3899180293083191
vt 0.6447780132293701 0.33518797159194946
vt 0.6509969830513 0.3245850205421448
vt 0.6444090008735657 0.31612300872802734
vt 0.32394498586654663 0.390546977519989
vt 0.6755070090293884 0.3228070139884949
vt 0.670648992061615 0.31558501720428467
vt 0.6663470268249512 0.32084202766418457
vt 0.6639249920845032 0.3359619975090027
vt 0.661067008972168 0.3263949751853943
vt 0.6524400115013123 0.3352530002593994
vt 0.27431800961494446 0.38834500312805176
vt 0.2826400101184845 0.3898320198059082
vt 0.6373119950294495 0.335640013217926
vt 0.6371229887008667 0.3153330087661743
vt 0.6846290230751038 0.32260602712631226
vt 0.6755340099334717 0.3161870241165161
vt 0.6846269965171814 0.33843499422073364
vt 0.6752369999885559 0.3384690284729004
vt 0.6526039838790894 0.4327459931373596
vt 0.6618099808692932 0.4303690195083618
vt 0.6742309927940369 0.4327840209007263
vt 0.6455230116844177 0.4342219829559326
vt 0.6759849786758423 0.4467620253562927
vt 0.6819959878921509 0.4353340268135071
vt 0.6678529977798462 0.4428039789199829
vt 0.6630690097808838 0.4616379737854004
vt 0.6571369767189026 0.4559199810028076
vt 0.6460059881210327 0.4715309739112854
vt 0.6488140225410461 0.46170300245285034
vt 0.6372140049934387 0.4362679719924927
vt 0.5301910042762756 0.5846239924430847
vt 0.5296710133552551 0.5870899856090546
vt 0.5264800190925598 0.610617995262146
vt 0.5234349966049194 0.6104080080986023
vt 0.5297920107841492 0.7988349944353104
vt 0.5264059901237488 0.8036430031061172
vt 0.5292710065841675 0.5899699926376343
vt 0.5302850008010864 0.8012650012969971
vt 0.5294420123100281 0.7959460020065308
vt 0.3285669982433319 0.2777569890022278
vt 0.3289810121059418 0.36027997732162476
vt 0.329600989818573 0.35205501317977905
vt 0.32890599966049194 0.34100401401519775
vt 0.3313150107860565 0.3251360058784485
vt 0.3208470046520233 0.2612209916114807
vt 0.3260279893875122 0.26478201150894165
vt 0.44184499979019165 0.39759600162506104
vt 0.4431140124797821 0.39129501581192017
vt 0.43708598613739014 0.4178159832954407
vt 0.43809300661087036 0.4106069803237915
vt 0.44474101066589355 0.3850569725036621
vt 0.4458540081977844 0.368552029132843
vt 0.3309890031814575 0.30786699056625366
vt 0.4394420087337494 0.40461301803588867
vt 0.4439699947834015 0.335877001285553
vt 0.3269590139389038 0.2703559994697571
vt 0.4463149905204773 0.3519740104675293
vt 0.44402000308036804 0.31504201889038086
vt 0.44459301233291626 0.3239169716835022
vt 0.4481930136680603 0.3224419951438904
vt 0.32988399267196655 0.29044800996780396
vt 0.3255710005760193 0.25784897804260254
vt 0.3299199938774109 0.26239800453186035
vt 0.32933899760246277 0.2840309739112854
vt 0.3347899913787842 0.34189099073410034
vt 0.3328790068626404 0.3533409833908081
vt 0.44795700907707214 0.39941298961639404
vt 0.4496150016784668 0.39274102449417114
vt 0.4510290026664734 0.3861219882965088
vt 0.4522469937801361 0.3686649799346924
vt 0.4522469937801361 0.35151898860931396
vt 0.45044198632240295 0.33479100465774536
vt 0.3331800103187561 0.26900798082351685
vt 0.33470800518989563 0.27661198377609253
vt 0.33569300174713135 0.2832009792327881
vt 0.33632799983024597 0.28991997241973877
vt 0.33731400966644287 0.3077930212020874
vt 0.33696499466896057 0.32555001974105835
vt 0.44537100195884705 0.4070810079574585
vt 0.5264319777488708 0.7755089998245239
vt 0.5265009999275208 0.5821810066699982
vt 0.5257830023765564 0.5848279893398285
vt 0.5254330039024353 0.8011350035667419
vt 0.5246390104293823 0.79789699614048
vt 0.5250080227851868 0.5881330072879791
vt 0.5233880281448364 0.7757260054349899
vt 0.011667000129818916 0.9996439999958966
vt 0.15038800239562988 0.991372000426054
vt 0.15268300473690033 0.006057024002075195
vt 0.08714199811220169 0.0007039904594421387
vt 0.4344269931316376 0.42556601762771606
vt 0.3728730082511902 0.5707240104675293
vt 0.7054219841957092 0.999749000009615
vt 0.31542301177978516 0.40364599227905273
vt 0.6432030200958252 0.9587370008230209
vt 0.6713680028915405 0.8214199990034103
vt 0.6714869737625122 0.7845579981803894
vt 0.5691270232200623 0.6987180113792419
vt 0.16590000689029694 0.9916740003973246
vt 0.590565025806427 0.5106880068778992
vt 0.6707339882850647 0.6863879859447479
vt 0.5440679788589478 0.3903200030326843
vt 0.5670779943466187 0.3907979726791382
vt 0.5881760120391846 0.6845450103282928
vt 0.5294560194015503 0.3863530158996582
vt 0.6370810270309448 0.31252700090408325
vt 0.6846290230751038 0.31590598821640015
vt 0.44197800755500793 0.41415101289749146
vn 0.10659580361503684 0.23113926894580508 0.9670635827094634
vn 0.2513776936677467 -0.8364474398665159 0.4869958269503298
vn 0.23921169616409207 -0.8187068086043827 0.522012381043903
vn 0.018890405965408513 0.5555033505803377 0.8312996932854483
vn 0.03951113824959534 0.48244117979837986 0.8750367866489777
vn 0.040772081226037225 0.4813222260919376 0.8755949703272621
vn 0.18192441261088085 0.1030757828462416 0.9778951329702077
vn 0.37939917217358354 -0.795210133389325 0.4729662904572922
vn 0.038115258930803406 0.5669500168018263 0.8228699201484075
vn 0.06501749374274104 0.4716874367237488 0.8793655028168844
vn 0.09031117482945665 0.3015702575961012 0.9491571373773389
vn 0.26851861245889025 -0.8268354799511081 0.49420728834890004
vn 0.021172382651042675 0.5354461509273405 0.8443039438910453
vn 0.038095675022317636 0.4859462810733568 0.8731580220415822
vn 0.08990377147114231 0.3202122736465771 0.943070205065007
vn 0.30284502513577544 -0.8129142484887207 0.4974488067676212
vn 0.03651428679613871 0.48587261342518767 0.8732665746398104
vn 0.30284502513577544 -0.8129142484887207 0.4974488067676212
vn 0.1539398314463233 0.12860443327477097 0.9796751645501445
vn 0.32716805660982234 -0.8069092445484959 0.49179114855426964
vn 0.03651428679613871 0.48587261342518767 0.8732665746398104
vn 0.0027143116113966634 0.5615021451834736 0.8274708293751711
vn 0.03395238607918094 0.486481670109125 0.8730308242710372
vn 0.1153209964437811 0.2676676738905198 0.956585115989817
vn 0.3411658556497929 -0.7992726877823031 0.4947413763816378
vn 0.02704414605784973 0.49339393863288067 0.8693854355142688
vn -0.056008946822293126 0.5559017158804045 0.829358957362299
vn 0.0011224573805871695 0.5076968300582078 0.8615350653561794
vn -0.17266332384246594 0.6190920419012298 0.7661020951898239
vn -0.0374436328664451 0.5261077182807655 0.8495932221499708
vn 0.13156698588086294 0.17534023595921086 0.9756771647835124
vn 0.3379448766315617 -0.801130531673982 0.4939464865531907
vn 0.19825720476927966 -0.15409698058000415 0.9679608470042566
vn 0.3361658582634287 -0.8179057758714449 0.4669289641199633
vn 0.0939411187247572 -0.2611773349915756 0.9607088351313521
vn 0.128233162380787 -0.9014603688602818 0.41343132372875074
vn -0.2418612479148685 0.5524771249157726 0.7976666993186217
vn -0.3734358156210172 0.6712765068706389 0.6402605273910135
vn -0.727511876331908 0.5351797296691949 -0.42931238829928275
vn -0.7932423648968029 0.5409920483047038 -0.2794533131025799
vn -0.8315167484208639 0.5102359440804007 -0.21963419238355408
vn -0.9624015631944853 0.2592233724004356 -0.08115709680709428
vn -0.7143887068272243 0.6173079543607649 -0.32951428655014897
vn -0.46389451633412865 0.845057108964082 -0.26585778210237226
vn -0.014906957359433582 0.5766725125714084 0.8168393941692962
vn -0.3446948023957548 0.8930624539131559 -0.28917978250901977
vn -0.3140519568204012 0.9063763158131098 -0.2825833373543647
vn -0.28875715677803027 0.914567884867217 -0.28316936341873816
vn 0.010061083848952707 0.5569683508442811 0.8304727754415469
vn -0.24238157816824654 0.924734666747761 -0.2934569247429297
vn -0.22953525443724504 0.9231150598814609 -0.3084998430963553
vn -0.07393261352402647 0.9387282618015843 -0.3366351424799308
vn 0.9604243512038433 0.21997705780164994 -0.17086591133285264
vn -0.28875715677803027 0.914567884867217 -0.28316936341873816
vn -0.2569285893859971 0.9241140952819586 -0.28284419537499567
vn 0.010215773737594146 0.5743253664805276 0.8185633826307831
vn 0.2513776936677467 -0.8364474398665159 0.4869958269503298
vn -0.00199303156265902 -0.6048847413856344 -0.7963105408469894
vn 0.23921169616409207 -0.8187068086043827 0.522012381043903
vn -0.06731145166766445 -0.3884933793621202 -0.9189896967138378
vn -0.10515837500555712 -0.2333583279479689 -0.9666879573800011
vn -0.06341631380543841 -0.397586117445388 -0.9153707720689099
vn 0.0904932896710003 -0.719685877193366 -0.6883772241241977
vn -0.07673900770980797 -0.24186949357619686 -0.9672694933537954
vn -0.03930319668348034 -0.41070929451012417 -0.9109188405854035
vn 0.26851861245889025 -0.8268354799511081 0.49420728834890004
vn -0.004515840560878773 -0.5926882461728937 -0.8054193007573932
vn -0.1040487803721053 -0.26295101112432084 -0.9591822647712867
vn -0.12744672732548137 -0.151978940739222 -0.9801325080139974
vn 0.0035377843923059325 -0.5961285387657401 -0.8028812174603519
vn -0.02474039380886432 -0.5274622156690273 -0.8492181839525712
vn -0.06850618102756212 -0.38948049684208846 -0.9184834488114954
vn -0.06728666585456816 -0.38960155124251217 -0.918522256598937
vn 0.30284502513577544 -0.8129142484887207 0.4974488067676212
vn 0.010088083737198108 -0.5983623646873371 -0.8011621003843662
vn 0.0035377843923059325 -0.5961285387657401 -0.8028812174603519
vn -0.06850618102756212 -0.38948049684208846 -0.9184834488114954
vn -0.12800392078644085 -0.22323097030758482 -0.9663244435275519
vn -0.12355908778572215 -0.21357572096130722 -0.969081298571703
vn 0.32716805660982234 -0.8069092445484959 0.49179114855426964
vn 0.002821446048927776 -0.5725197561560026 -0.8198860702885885
vn -0.07787569360965238 -0.3802736549543846 -0.921589563576134
vn -0.0703200425338174 -0.3914740472424032 -0.9174983171394349
vn -0.17818624954612136 -0.27731052697183517 -0.9441125632589
vn -0.138285302634998 -0.23215408736644005 -0.9627988651811978
vn -0.0933693879887945 -0.37841429357742895 -0.9209151859986312
vn -0.2688615637934452 -0.21145279918128393 -0.939681421138538
vn 0.3411658556497929 -0.7992726877823031 0.4947413763816378
vn 0.006358446020260025 -0.607071378303497 -0.794621867185204
vn 0.07914493378838784 -0.8293832104897622 -0.5530457210876212
vn 0.3379448766315617 -0.801130531673982 0.4939464865531907
vn 0.3361658582634287 -0.8179057758714449 0.4669289641199633
vn -0.03452894294322667 -0.8836744581658356 -0.4668267388277371
vn -0.32649917950294843 -0.2804980660094019 -0.9026179262284162
vn -0.442443680935695 -0.09751530547380804 -0.8914787459039184
vn -0.727511876331908 0.5351797296691949 -0.42931238829928275
vn -0.7932423648968029 0.5409920483047038 -0.2794533131025799
vn 0.128233162380787 -0.9014603688602818 0.41343132372875074
vn -0.9624015631944853 0.2592233724004356 -0.08115709680709428
vn -0.7143887068272243 0.6173079543607649 -0.32951428655014897
vn -0.46389451633412865 0.845057108964082 -0.26585778210237226
vn -0.3446948023957548 0.8930624539131559 -0.28917978250901977
vn -0.3140519568204012 0.9063763158131098 -0.2825833373543647
vn -0.28875715677803027 0.914567884867217 -0.28316936341873816
vn -0.24238157816824654 0.924734666747761 -0.2934569247429297
vn -0.22953525443724504 0.9231150598814609 -0.3084998430963553
vn -0.07393261352402647 0.9387282618015843 -0.3366351424799308
vn 0.9604243512038433 0.21997705780164994 -0.17086591133285264
vn -0.28875715677803027 0.914567884867217 -0.28316936341873816
vn -0.2569285893859971 0.9241140952819586 -0.28284419537499567
vn -0.12087059463434884 -0.3706885356788103 -0.9208584629947418
vn 0.08990377147114231 0.3202122736465771 0.943070205065007
vn 0.10060628632237215 0.270588375195969 0.9574237861893898
vn 0.19891022451570137 -0.7472923887685191 0.6340258735034036
vn 0.11853231604359964 0.06385383531472474 0.990894937805689
vn 0.1304346769859844 0.024146841563244523 0.9911628146183056
vn 0.5592429132550647 -0.4276542545423236 0.7101825135455235
vn 0.48143867974958704 -0.015705031086694247 0.8763390608888437
vn 0.47486292128239654 -0.4153608272052837 0.7758740807724477
vn -0.13879216241263462 0.9703775486738943 0.19774768944912816
vn -0.15158361145165444 0.899345927817017 -0.4101210929203991
vn -0.21353558284603913 0.8903614194206105 -0.40206852359506823
vn 0.23853152999404129 0.9681652474013025 0.07588651344657192
vn 0.2470036432375424 0.8020808388177719 0.5437421523376316
vn 0.4721051291558193 0.7752134829487966 0.41971514492470147
vn -0.02955619564684585 0.6594984885266185 0.7511246067930347
vn -0.022832701991890785 0.6715197849405719 0.7406347589420292
vn 0.06341099044551675 0.37125013754333513 0.92636514488876
vn 0.15029543420174785 0.988625004374632 -0.005646519579982861
vn 0.052635876843619034 0.90297923095283 -0.42644808938103956
vn 0.21324491350657232 0.8794879720926665 -0.42547328213167923
vn 0.3392321261508243 0.9269726680048852 -0.16013505974363065
vn 0.1502680502554086 0.8906300293353815 -0.4291825531385164
vn 0.37740170724590216 0.912026578643961 -0.1605474111123228
vn 0.39367017318289327 0.8232812407759499 -0.4089398407254583
vn 0.4875391412563899 0.778045963660705 0.39616923678431537
vn 0.7098670819160928 0.7001955288773934 -0.07625580208770023
vn 0.7300594474261373 0.5999609818741923 -0.3272002803366743
vn -0.005456644265777076 0.6869416107041248 0.7266921277381361
vn 0.402712265645451 0.5752546123895483 0.7119725851627001
vn 0.5855799336604306 0.5278930917657956 0.6151626004238189
vn 0.6284119788763888 0.5653899401884583 0.5342589263066668
vn 0.86157996252571 0.39072265467451167 0.32406137581991856
vn 0.9244021897778696 0.3756091503456589 0.06632011542881988
vn 0.9722659678058833 0.18051259445217382 -0.1487080733875395
vn 0.9402470664528084 0.2807509266776892 -0.19265090499789125
vn 0.8603624399753247 0.43869044734278706 -0.2594747835337592
vn 0.7852604835122777 0.5838198142094663 0.20620474672152425
vn 0.6920906823478067 0.23479908828878643 0.6825539359978096
vn 0.7081891403791184 0.102906016386234 0.6984829942386582
vn 0.4550361698596095 0.331564187735947 0.8264425409733567
vn 0.06997204909021534 0.6312059935083107 0.7724525267647864
vn 0.10610502262344158 0.4656968829987578 0.8785602639200799
vn 0.6941194470958528 -0.3643767395328385 0.620828305452293
vn 0.5486450219965886 -0.7010370046981909 0.4555609266411587
vn 0.24661830399058934 -0.30814854740442077 0.9188165675853643
vn 0.2402451566852783 -0.6788757904224001 0.6938371032653323
vn 0.5723456791489673 -0.6552396600828898 0.49303287052078615
vn 0.09420042136884717 0.26417008234584227 0.9598648072553356
vn 0.24843751953084287 -0.883277478740042 0.39761752280300305
vn 0.4961324008401132 -0.7988784635705933 0.3400674069647271
vn 0.519313330352104 -0.7852029524008399 0.33729807064317885
vn 0.5658387206836908 -0.695744900890663 0.44245403722837223
vn 0.7650105131794479 -0.43670695935689735 0.4733349198761601
vn 0.903014743561646 -0.4097462587508658 0.12912155648830737
vn 0.9401376344019461 -0.17226595756432944 0.294050451871031
vn 0.19815285968779645 -0.7534153969635606 0.6269774189042127
vn -0.29097174270377896 0.87405640521151 -0.3890512118688988
vn -0.1764400076688546 0.9557062775743056 0.2355725677978633
vn -0.21115594327899398 0.9767901211966404 -0.035975363106033
vn -0.23186902660789827 0.8870399457684418 -0.3992453996115991
vn -0.10863285269204782 0.9940804869025249 0.001699669269764633
vn -0.11044700919036535 0.9032494888174123 -0.41465867784478677
vn -0.11519269249419524 0.9868494073070159 -0.11339704975760831
vn 0.0037812583323322967 0.6640156579894941 0.7477091065582946
vn 0.06291510108824758 0.3865908089005575 0.9201028401916104
vn 0.210153790175407 -0.7143867072759619 0.66744813801697
vn 0.13306803123085914 0.02674921656271965 0.9907458697757078
vn 0.20120406291759027 -0.8933666823508509 0.40176223805988537
vn 0.19324590144334952 -0.8946486230838896 0.40281492374221656
vn -0.0004218255522930037 0.7088736560007408 0.7053353542048966
vn 0.058745289765564195 0.4016748638647611 0.9138962165747191
vn -0.06815896822318096 0.9737309115130793 0.2172612874275099
vn 0.01748919204408454 0.5556171144817449 0.8312543234513878
vn 0.06162040899611594 0.3596542689955623 0.9310487269678311
vn 0.12084996952316887 0.06800990740783347 0.9903382944027899
vn -0.04955212052023136 0.5442148360083483 0.8374812234434601
vn 0.11492758916568069 0.3507078414633346 0.9294060787323769
vn -0.040998665122485935 0.9393500559137107 0.340500487390375
vn 0.1882634796247938 -0.8952833100779611 0.40376311983069246
vn 0.568421777617121 -0.07559067477183935 0.8192574275636016
vn 0.7292133729448604 -0.6370713574169322 0.24977578400903344
vn 0.5287801580179354 -0.78236945136995 0.3290738306970198
vn 0.2366444907985904 -0.8867723781194553 0.39703165412727703
vn 0.22683583591512996 -0.6333807423133732 0.7398475105122978
vn 0.0863070992588285 0.049257528584070814 0.9950501396891094
vn -0.057766796318757696 0.4002099738464095 0.9146009917318717
vn -0.1541325179560344 0.899481909656103 -0.4088709589955527
vn 0.34593771265780165 0.8423089851782583 -0.41333118978497246
vn 0.03674694802047748 0.9443465385891798 -0.326893372318582
vn 0.3473983301572303 0.8891450373744475 0.2978850495012472
vn 0.5032923678853789 0.5097239998906586 0.6977666059391179
vn 0.11854030735638062 0.6869172152446356 0.7170027440201399
vn -0.06815896822318096 0.9737309115130793 0.2172612874275099
vn -0.07857139148167498 0.5904741512824049 0.8032227668013134
vn -0.2771089472752525 0.5110586805610062 0.8136520487058609
vn -0.07857139148167498 0.5904741512824049 0.8032227668013134
vn -0.21823996582801053 0.9479641759049402 -0.23180862476675992
vn -0.32493905671946965 0.9452186657647184 -0.031245532612311555
vn -0.21570414666988014 0.9613970936168218 -0.17084305515456813
vn 0.1463048276367614 0.9390197921592882 0.311186001200736
vn -0.10821368879178844 0.9035122732866853 -0.4146750168245005
vn -0.23140783179853316 0.887359311657919 -0.3988030433638713
vn -0.21321074824508954 0.8906506812911794 -0.40159997603128283
vn -0.18793801575446462 0.9715014406503097 -0.1444446366212571
vn 0.025826050262124527 0.46934497272530934 0.8826371347871881
vn -0.3116404486631846 0.9495779152804467 0.03438042420695521
vn -0.3392728149020168 0.507610029646341 0.7919760191261492
vn 0.01947971564078976 0.4229372232072581 0.9059495824295564
vn 0.20465638366804084 0.9498956992234187 0.2362497094617735
vn 0.4198228016775073 0.33505715340068776 0.8434960101545689
vn -0.07673966225737358 0.6970359651002357 0.7129178687572693
vn -0.08295879907051228 0.5128488021884866 0.8544612008456632
vn 0.6875317604133658 -0.020772686936512665 0.7258571305018198
vn -0.2771220990227025 0.4333940302517017 0.8575388951968528
vn -0.2771220990227025 0.4333940302517017 0.8575388951968528
vn -0.5577626944048413 0.41295802981958696 0.7199766956907541
vn -0.10529154055661955 0.4336298761409086 0.8949183325897587
vn -0.2857258088293716 0.2672490331422952 0.9202927341087236
vn -0.03929112491784337 0.4097843972942045 0.9113358081612486
vn 0.045392480305566606 0.320484163398567 0.9461656428672675
vn 0.26346427625863345 -0.19326220257387391 0.9451117903146746
vn 0.23947556030565514 0.3062135382456649 0.9213494044125514
vn 0.3182999157943039 0.28282869829078316 0.9048166062957069
vn 0.20130975673172188 0.3501019373814003 0.9148240351490581
vn 0.3954005339209843 0.2059356667321111 0.8951250856403262
vn -0.10529154055661955 0.4336298761409086 0.8949183325897587
vn -0.03929112491784337 0.4097843972942045 0.9113358081612486
vn 0.045392480305566606 0.320484163398567 0.9461656428672675
vn 0.25562548537083396 0.26689766678665994 0.9292046312264928
vn 0.2366444907985904 -0.8867723781194553 0.39703165412727703
vn 0.4959116693023006 -0.5314910912336601 0.6867232602650496
vn 0.5339902672875048 -0.7850219915127008 0.3139981963063684
vn 0.22683583591512996 -0.6333807423133732 0.7398475105122978
vn 0.26346427625863345 -0.19326220257387391 0.9451117903146746
vn 0.16529437325376845 0.056647191394798985 0.9846161007609641
vn 0.20175029585847779 -0.18823496106424986 0.961178660579893
vn 0.33507596000145645 -0.11852053143751673 0.9347068977261647
vn 0.28672926210329597 -0.5263102660180675 0.8004897464288285
vn 0.22468137240876365 -0.8427560560450805 0.48916307188079483
vn 0.20177290523874683 0.35701661912140525 0.9120454091670199
vn 0.1566180308748707 0.3731865193172222 0.9144411485736927
vn -0.16399416795458757 0.5178046487641751 0.8396334072647966
vn -0.2790422840638324 0.6092100310907542 0.74229276011749
vn -0.16005077108214902 0.5182975869786864 0.8400900916021331
vn -0.5084616796480294 0.5404083589863523 0.6703920687681074
vn -0.11104227117679645 0.5706185900383491 0.8136731768434704
vn -0.4734929942081966 0.8103511981553501 -0.3451598471490354
vn -0.9631903982995911 0.2600865552103004 -0.06796499409486127
vn -0.07548904877985821 0.7828352834756896 0.6176328379060239
vn -0.2087824890219989 0.892803651023279 -0.3991384634400472
vn -0.05340813517542068 0.7957184954369169 0.60330725763635
vn -0.22202879063383893 0.5480554526489131 0.8064356372032861
vn 0.27591794195273966 -0.2643779374700535 0.9241069177793471
vn 0.20432876239402784 -0.7415675743305689 0.6390049213895002
vn -0.12828305610773616 -0.620620049050661 0.7735465158812459
vn -0.010612299163874041 -0.3752908210305881 0.9268463620021624
vn -0.5400217105954295 -0.30832028006657575 0.7831444036608157
vn -0.2060603838754509 0.42614746506614537 0.8808731215190984
vn -0.1590962316951844 0.49933437251298846 0.8516769184893133
vn -0.418274435663003 0.42583264067402576 0.8023173054393022
vn 0.2271183378842615 -0.8387142431419788 0.49495017824773835
vn 0.2243495023813297 -0.84827299426203 0.47968763584960156
vn 0.21261360657772496 -0.7031180326784999 0.6785429142068526
vn 0.12078763394401183 0.035052184176876236 0.9920593187257694
vn 0.012346426722198753 0.4639662376615129 0.885766840685185
vn 0.21465982661261102 -0.8913420782878856 0.39928743820971435
vn -0.027803352861307144 0.13320970965644013 0.9906978080236759
vn 0.1091143606894 -0.5203514591024037 0.8469524280036884
vn 0.03892114842570225 0.4266488417984661 0.9035794984378805
vn 0.09389469628054851 0.4216046727024011 0.9019053641962026
vn 0.21960396250655603 -0.8898698836699246 0.3998820948588397
vn 0.22237774016909495 -0.8893045604216409 0.3996067310376024
vn 0.21104738809088158 -0.8924907330352173 0.3986468254310793
vn 0.15814383177796887 -0.9024789196695586 0.4006523780319389
vn -0.7010211304744155 -0.6301072101237694 0.33396748101935386
vn -0.31147817105889547 -0.7158308651939159 0.624954015419963
vn -0.20789242920556267 -0.8954328261426789 0.39367599843671597
vn 0.051337533633550654 0.4676412241326557 0.8824262819817502
vn -0.14783870429706455 0.16480328139044356 0.975183878022349
vn -0.1638676935702343 0.9731590947507485 0.16158203893959056
vn -0.22214239999552468 0.8890865834569902 -0.400222189840849
vn -0.3656668544211127 0.8518247869572108 -0.3750763707607706
vn -0.9613049376854167 0.26761774002854977 -0.0653724865952699
vn 0.11854030735638062 0.6869172152446356 0.7170027440201399
vn 0.11253006022964132 0.7332931895610004 0.6705356692139263
vn 0.29458677342035644 0.8518494467482175 -0.4330948545071153
vn 0.0030457056031533785 0.7740903846092866 0.6330677689890916
vn -0.2009076157850951 0.891833670924765 -0.4053009170041522
vn -0.04737912091816663 0.7484558985260381 0.6614899748768706
vn 0.0030457056031533785 0.7740903846092866 0.6330677689890916
vn 0.05623178318760776 0.44329891576373365 0.8946083264995023
vn 0.05623178318760776 0.44329891576373365 0.8946083264995023
vn 0.06040813863334699 0.4428245968128822 0.8945709771976523
vn 0.18219366479332805 -0.3457613735072611 0.9204643073468677
vn -0.11036131981281465 0.5714546433332098 0.8131789284665999
vn 0.11830512074022301 0.16560376452133027 0.9790706264529669
vn 0.18219366479332805 -0.3457613735072611 0.9204643073468677
vn 0.13324645315456832 0.0634498408170221 0.9890497967352412
vn 0.11495570252822758 0.20860366875564706 0.9712207245718791
vn 0.1620609694378709 0.23244141528614876 0.9590136759424389
vn -0.026017944502439876 0.2560534834263471 0.9663124133473094
vn -0.03214571402696497 0.16232369679169056 0.9862138056879838
vn 0.13324645315456832 0.0634498408170221 0.9890497967352412
vn 0.10542745732217049 0.20717460755836897 0.9726066693302168
vn 0.2609323469416005 0.010786099507027136 0.9652968301910935
vn 0.20516090290116148 -0.39136482716393856 0.8970744539778851
vn 0.18800002757745082 -0.046497932057176734 0.9810677509455116
vn 0.24397378132471587 -0.5641875536665869 0.7887770269942147
vn -0.10818510475247449 0.5136230291402889 0.8511682366291932
vn -0.028480523693996642 0.5179129461780245 0.8549590867119399
vn 0.15829816746811307 0.0920622190656002 0.9830901474417058
vn 0.06215177000137704 0.38065691153175146 0.9226253157099062
vn -0.15941072084740085 0.6579590754269516 0.735987824044816
vn -0.013233912427200586 0.5774415853279736 0.8163247387503245
vn -0.06717935753577389 0.5691756990810793 0.819466873947108
vn -0.06949698266005841 0.6909253032794854 0.7195779281560121
vn -0.26092209495843177 0.9444116336062648 0.20001581605375449
vn -0.7254269768058085 0.6423626539794975 -0.2472365711111552
vn -0.3787911799493997 0.7215450775816097 -0.5795601288997462
vn -0.24463055575082435 0.8844678561687536 -0.39733172865666244
vn -0.38721778622124853 0.6794342245264279 -0.6232427461078762
vn -0.14255996832903411 0.7044571748655394 0.6952817732477157
vn -0.026350116146260236 0.45420884756785324 0.8905054711623962
vn -0.012063332803553558 0.4924919226238071 0.8702334067087847
vn -0.055079545533349435 0.4350070483853628 0.8987408478081399
vn -0.03320203551589097 0.7337252948333681 0.678634523553944
vn 0.009811231904253778 0.590282051716805 0.8071374351060172
vn 0.058424736457577287 0.42173329008005755 0.9048356658576808
vn 0.1438579232529823 0.0465094704154851 0.988504813887626
vn 0.1504822685465256 0.010561946308293046 0.9885562867855691
vn 0.22883935261425162 -0.5493774035946756 0.8036274131179593
vn -0.9111604155666377 -0.04475159149948708 -0.40961444330332764
vn -0.9205657717257667 0.2524000062452012 -0.298082030277516
vn -0.08807243859431413 0.841486840194251 0.533050788705866
vn 0.02539388053940839 0.5524435272510636 0.8331634293639836
vn 0.06861571854277473 0.4002982874502903 0.9138124338359724
vn 0.1807648921339102 -0.14905487251654498 0.972165983127826
vn 0.15203048877650382 -0.002386534379247466 0.9883729230083319
vn 0.22309171958606344 -0.49704857972680205 0.8385539899396474
vn 0.22859585156860382 -0.896422218619588 0.3796987524482539
vn 0.23143195372433115 -0.8970551654333594 0.3764721516455993
vn 0.2431390604103391 -0.8936260058539504 0.3772478746981791
vn 0.21481379389442817 -0.9018219431049614 0.37492961591087165
vn 0.20335037071822543 -0.9053923819325974 0.3727106940606587
vn 0.20335037071822543 -0.9053923819325974 0.3727106940606587
vn -0.08235408099220506 0.8860128204176045 0.4562883818371571
vn -0.22270753347284555 0.8847007097406139 -0.40951924096298004
vn -0.22628753707717827 0.884977134886403 -0.4069513746036475
vn -0.014470085056597342 0.7199458289129201 0.6938793987930056
vn -0.014470085056597342 0.7199458289129201 0.6938793987930056
vn 0.05357889261274117 0.5296817712312786 0.8465025242086923
vn 0.02539388053940839 0.5524435272510636 0.8331634293639836
vn -0.08235408099220506 0.8860128204176045 0.4562883818371571
vn 0.3987675468280188 0.6305753259886304 0.6658522372501999
vn 0.20939850154894887 -0.1173646500739395 -0.9707614570336405
vn -0.22628753707717827 0.884977134886403 -0.4069513746036475
vn 0.21883383031884387 0.3224094486893507 -0.9209581435134893
vn 0.1704614630181943 0.6300496689959361 0.757614878565494
vn -0.1932879121432025 0.9043471925916621 -0.3805206147778339
vn -0.22782098928239608 0.9057407845274381 -0.3573950588438673
vn 0.06167179077042197 0.48098298485674446 0.8745581504402472
vn 0.012295710919574133 0.6568389016157532 0.7539306817056812
vn -0.012771500565850531 0.7119460231984227 0.7021180447939274
vn -0.18551377309662656 0.2618293461801873 -0.9471166947479646
vn 0.06861571854277473 0.4002982874502903 0.9138124338359724
vn 0.0641289749618161 0.4116135382680666 0.909099427832176
vn 0.132358670507837 0.1270125784280749 0.9830305118674852
vn 0.1807648921339102 -0.14905487251654498 0.972165983127826
vn 0.19118655563716988 -0.046413911832120104 0.9804557357331516
vn 0.15203048877650382 -0.002386534379247466 0.9883729230083319
vn 0.22309171958606344 -0.49704857972680205 0.8385539899396474
vn 0.2346244931921984 -0.667977642814166 0.7062274533708915
vn 0.22859585156860382 -0.896422218619588 0.3796987524482539
vn 0.2273876876218174 -0.8912971378539457 0.3922808325311949
vn 0.22733921266543813 0.11107900705688817 0.9674597338266406
vn 0.1174540590140107 0.6317524602866522 0.7662201856796094
vn 0.0773166243180191 0.5054284274674332 0.8593976054841344
vn 0.07446216659315322 0.5402216380876217 0.8382219082606827
vn 0.059538745744126466 0.42823642426054015 0.9017032231792026
vn 0.06360834342752966 0.5349692254720593 0.8424736829386604
vn 0.23483716830855444 0.1512546196359444 0.96019453467493
vn 0.14739015742019268 0.18632582747532697 0.9713695627881725
vn 0.13907049795423593 0.2515354282170765 0.9578044293854633
vn 0.3256827916859231 -0.07217457080621821 0.9427202928380198
vn 0.4427714991561514 -0.3802316363106217 0.8120205060733141
vn 0.3754820287069042 -0.8072105969558807 0.45543857794468645
vn 0.2844327468312505 -0.8584845987887557 0.4267343508232479
vn 0.24759238872040346 -0.7438393658253866 0.620806738765142
vn 0.41292860551842797 -0.8357610855918705 0.36193006859738064
vn 0.2379660023288326 -0.8884111459617869 0.39255294861521384
vn 0.15736080719084164 0.700249281912451 0.696339370954525
vn 0.031845161582538986 0.6609546647419282 0.7497498361718175
vn 0.0618487817114372 0.47826304432593153 0.8760360658288578
vn -0.12245807783977555 0.9374633138230625 0.32583209542288716
vn -0.05736993846108226 0.8033932918503363 0.5926785880819824
vn 0.14299459160113748 0.08800423671631721 0.9858031249153161
vn 0.2320938481932349 -0.8796762123799675 0.41509301006363636
vn -0.16152244156246928 0.11077396138863045 -0.9806322605084787
vn 0.2539577885331204 -0.8827866919015651 0.39521272530734397
vn 0.2296526992629517 -0.8876442230944251 0.3991833800752918
vn -0.17033944731919565 0.1681195388816325 -0.9709378421573742
vn 0.07125922073196905 0.3980120086241647 0.9146084213758532
vn 0.011479742134535405 0.5646808488460018 0.8252295162359885
vn 0.019032280604808202 0.48791225654321857 0.8726851678640383
vn 0.02675792474647305 0.5300492597036213 0.8475445685926523
vn -0.0012380612696321102 0.5167987865925449 0.8561059989164694
vn -0.050869827897329654 0.5413338476249484 0.8392674937260857
vn 0.014929090491590689 0.52180320130169 0.8529352503961845
vn -0.007854019729244304 0.5699755924732257 0.8216240857952546
vn -0.004015558678288795 0.5535485852369489 0.8328072040218393
vn 0.0019293901822282557 0.427444589911994 0.9040394902925933
vn 0.06279792873850648 0.41315964968667146 0.9084907946792529
vn -0.20227309075880281 0.9605171328904116 0.19102993006035573
vn -0.07657461066299376 0.6054058005767975 0.7922248075071733
vn 0.13141353504400233 0.055996303271795785 0.9897448645116235
vn 0.11278735966633867 -0.10397561919904086 0.9881639955552277
vn 0.21477454567265758 -0.8722893238739919 0.4392985658826554
vn 0.164123189308254 -0.8740818979721823 0.45721375128995667
vn 0.2098367171192049 -0.8912442331768484 0.40206003155952524
vn 0.13737309520753946 -0.9011342000096377 0.4112004210675012
vn -0.11367266806803235 0.2871531637607556 0.9511159682585945
vn -0.08964536092428176 0.4559540328328042 0.8854770630616343
vn -0.26838399437454713 0.4509469143492912 0.8512443315537649
vn -0.10792802982020559 0.5624753582259592 0.8197395999753262
vn -0.18754334526633537 0.8530778920353683 0.48691437005576715
vn -0.18430668224469018 0.6102892170048795 0.7704402108454138
vn -0.11049677025199206 0.08309059108742266 0.9903971008825809
vn -0.07296412886286827 0.6490382766829317 0.7572486720356353
vn -0.07800374295963523 0.5272899542139814 0.8460973468043169
vn -0.05557185791426148 0.40785607797449147 0.911353492486435
vn 0.06369310601922724 0.17292710091600907 0.9828730365690208
vn 0.13352876957704385 -0.7525892766022871 0.6448096218563172
vn -0.7494637607682918 0.6603070147805369 -0.04794494265993681
vn -0.11258975649491242 0.6152833458732039 0.7802242953301901
vn -0.3924134983420415 -0.09361604258586613 -0.9150123949376434
vn -0.37026146976385255 0.7031659691692963 -0.6070124082838142
vn -0.16391118425371495 0.13186859589206018 -0.97762149991395
vn -0.013692869374633996 0.6822913050081336 0.7309521738380611
vn 0.01749145900891437 0.5773775093718518 0.8162899365625529
vn -0.030274394279206942 0.7360188909964898 0.6762837075867822
vn -0.17016304318724992 0.1547994988884828 -0.9731812030023642
vn -0.21832903990322702 0.9471806282060294 -0.23490697709128663
vn -0.2391143768032755 0.8849392937178221 -0.39963328344894294
vn -0.2083846568232456 0.9674590779949248 -0.14352270623796087
vn 0.06369310601922724 0.17292710091600907 0.9828730365690208
vn 0.19988650397880534 -0.2684780908503915 0.9423188952050469
vn 0.13352876957704385 -0.7525892766022871 0.6448096218563172
vn -0.21860414449852417 0.8879331063936208 -0.4047060990129054
vn -0.18430668224469018 0.6102892170048795 0.7704402108454138
vn -0.1276019022193785 0.9284628120330287 0.3488188085836499
vn -0.07800374295963523 0.5272899542139814 0.8460973468043169
vn 0.048080577547205905 0.45566496622352703 0.888851898023084
vn -0.05557185791426148 0.40785607797449147 0.911353492486435
vn 0.07401033273708488 0.3593854652833758 0.9302497288315635
vn 0.13737309520753946 -0.9011342000096377 0.4112004210675012
vn 0.17264530997441901 -0.8966230362409174 0.4077508158495271
vn 0.23617163582668943 -0.8855054165096078 0.40012887394324814
vn -0.21889844706690856 0.8875844410772998 -0.4053113985927275
vn -0.2083846568232456 0.9674590779949248 -0.14352270623796087
vn -0.21860414449852417 0.8879331063936208 -0.4047060990129054
vn -0.22880675691465366 0.8849854999526023 -0.40552204978748196
vn -0.10002499442563804 0.8863421959565246 0.4520979010757702
vn 0.08171721545804754 0.28935782082198364 0.9537265584154274
vn 0.2317575721232992 -0.5307731739040426 0.8152105652083655
vn 0.04564271307324218 0.4562319697905091 0.8886895591174602
vn -0.27843594895679646 0.872862888026464 -0.40072908683377256
vn -0.1720135258927691 0.856791074049798 0.4861279690971616
vn 0.24429074766306857 -0.8802849660638963 0.4067190788838213
vn -0.815398963860775 0.5266585001700058 -0.24032343608864795
vn -0.43830389874675085 0.6641916555870027 0.6055899082646562
vn -0.3118186080679615 0.5904552320247889 0.7444002785041873
vn -0.797817259434624 0.542948791459168 -0.2620958420144336
vn 0.11300437436490841 -0.4467422081630028 0.8874972736972435
vn -0.8446251621404962 -0.48701125943916523 0.22232491686407638
vn 0.008360442868074684 -0.7199587786552332 -0.6939664689538788
vn 0.16693582994606165 -0.9755827400581779 0.14272612227898993
vn 0.022876181561383695 -0.746090594823783 -0.6654513540692996
vn 0.5014880572741878 -0.8411256427417079 -0.2025274834033887
vn 0.3918044193142176 -0.702326764520154 -0.5943285394834248
vn 0.4797535244599262 -0.7001124275112034 -0.5288469954652754
vn -0.15158361145165444 0.899345927817017 -0.4101210929203991
vn -0.20660509068640778 0.47841458433491635 -0.8534833460578539
vn -0.21353558284603913 0.8903614194206105 -0.40206852359506823
vn 0.17943355762449478 0.5508715945825834 -0.8150730548118119
vn 0.15042280181419165 0.09015335661346544 -0.984502591660222
vn 0.10484801013961442 0.6318997537942728 -0.7679255145679825
vn -0.14130454469341205 -0.14921203532779964 -0.9786566273021009
vn -0.05367361778132182 -0.4712565063875476 -0.8803615438793699
vn -0.13442002578757165 -0.1334225297433757 -0.9819010567384815
vn -0.12266359090718479 0.3442617078675082 -0.9308262565924434
vn 0.21324491350657232 0.8794879720926665 -0.42547328213167923
vn 0.052635876843619034 0.90297923095283 -0.42644808938103956
vn 0.3089986983166469 0.7004819576484892 -0.6433077268675994
vn 0.1502680502554086 0.8906300293353815 -0.4291825531385164
vn 0.3435877112945155 0.6895397358787329 -0.6375597519383449
vn 0.4040231212735698 0.17062013537642964 -0.8986957699246675
vn 0.7300594474261373 0.5999609818741923 -0.3272002803366743
vn 0.39367017318289327 0.8232812407759499 -0.4089398407254583
vn -0.2540798832510003 0.6647983947550794 -0.7024859480859582
vn 0.3858909910506297 0.1532773538814772 -0.909722043161017
vn 0.29945211893580453 -0.19042735224831703 -0.9349148902336256
vn 0.4915274713781718 -0.15791139360153436 -0.856425558149336
vn 0.5361464546101788 -0.07515448745859296 -0.8407727292341086
vn 0.8005749937905742 -0.04400700684116742 -0.5976144766202569
vn 0.8904758757733411 0.14562815041633007 -0.43109761826298687
vn 0.9722659678058833 0.18051259445217382 -0.1487080733875395
vn 0.9402470664528084 0.2807509266776892 -0.19265090499789125
vn 0.8603624399753247 0.43869044734278706 -0.2594747835337592
vn 0.6773145479216607 0.4751982621883357 -0.5616329894039898
vn 0.7268877955414321 0.17631361769026865 -0.6637376295720222
vn 0.602292604999974 -0.4038167906775024 -0.6886041079816961
vn 0.3447052816021023 -0.4391442633088058 -0.8296569079074685
vn 0.6246973398762887 -0.5023076118488254 -0.597863108604485
vn -0.04342033768613903 -0.18723571663696012 -0.9813549106672191
vn -0.010294714719882076 -0.37840230807587455 -0.9255839843534931
vn 0.6454195272657501 -0.7386847909310335 -0.19436669846254773
vn 0.5282214375165888 -0.8282155890593476 0.18719255056488296
vn 0.16275932069207702 -0.9114594330326646 -0.3778241726830445
vn 0.4027339441485185 -0.8830819937450645 -0.24077284430313148
vn 0.5485664641334101 -0.826597293366892 0.12574477733367895
vn -0.022071432081580286 -0.5667205539897348 -0.823614391309086
vn 0.24843751953084287 -0.883277478740042 0.39761752280300305
vn 0.4961324008401132 -0.7988784635705933 0.3400674069647271
vn 0.519313330352104 -0.7852029524008399 0.33729807064317885
vn 0.7305325505222982 -0.6808471583789084 -0.05262451476974572
vn 0.5566261694783745 -0.8086778047775496 0.1902827252064554
vn 0.903014743561646 -0.4097462587508658 0.12912155648830737
vn 0.9102494527507138 -0.3828786622704659 -0.15763839552914888
vn 0.16694457371383303 -0.9738485795177152 0.15410533241531582
vn 0.1980832448110204 -0.978939792503116 0.04939545302042898
vn -0.2472751984504143 0.4380505569312101 -0.8642723446944053
vn -0.29097174270377896 0.87405640521151 -0.3890512118688988
vn -0.15678424665535548 0.6388880001373194 -0.7531539173908937
vn -0.23186902660789827 0.8870399457684418 -0.3992453996115991
vn -0.15091213014548666 0.7278815673649248 -0.6688900902729328
vn -0.11044700919036535 0.9032494888174123 -0.41465867784478677
vn -0.10815145428443486 -0.14491618199552592 -0.983515410724205
vn 0.17295922424049553 -0.9803410984096791 0.09495492361657515
vn 0.20120406291759027 -0.8933666823508509 0.40176223805988537
vn 0.19324590144334952 -0.8946486230838896 0.40281492374221656
vn -0.1098927604960985 -0.08426069865860429 -0.9903654456068784
vn -0.058971134478586734 -0.44180661485457023 -0.8951699952350133
vn -0.11645133496728477 -0.11465028476586328 -0.9865568401199414
vn -0.13948565098949411 0.46100975493920093 -0.8763639421033564
vn -0.09822233076267228 -0.2782519609628693 -0.9554727730081408
vn -0.05541346010760339 -0.48164923043130664 -0.874610408847181
vn 0.025245928283041476 -0.7439310362005258 -0.667779347151991
vn 0.010799005419839731 -0.7162261142495875 -0.6977847338175858
vn -0.16102325581104374 -0.2873236848801891 -0.9442015733914454
vn -0.05430732964629839 -0.4562606326023259 -0.8881874515461327
vn 0.00009479931293290136 -0.4855614649713192 -0.8742025250180856
vn 0.1882634796247938 -0.8952833100779611 0.40376311983069246
vn 0.7292133729448604 -0.6370713574169322 0.24977578400903344
vn 0.5287801580179354 -0.78236945136995 0.3290738306970198
vn 0.2366444907985904 -0.8867723781194553 0.39703165412727703
vn 0.17724394471983446 -0.9840461601157682 -0.015418781455243188
vn -0.02111249631788005 -0.7317273207703083 -0.6812704239415753
vn -0.16847174495162548 -0.43869230479978166 -0.8827039893771921
vn -0.1541325179560344 0.899481909656103 -0.4088709589955527
vn -0.14272420055147084 0.9004310355459857 -0.4109181826136774
vn 0.02413588361271522 0.8565343900886029 -0.5155252638986555
vn 0.34593771265780165 0.8423089851782583 -0.41333118978497246
vn 0.26873779289004635 0.3244408396017856 -0.9069278583608925
vn 0.42038736702919594 -0.21897812921906165 -0.8805242986800422
vn 0.008423246849301007 -0.10654810822236072 -0.9942718690311779
vn -0.13948565098949411 0.46100975493920093 -0.8763639421033564
vn -0.1541325179560344 0.899481909656103 -0.4088709589955527
vn -0.1906992983793482 -0.23005032765725447 -0.9543115970910206
vn -0.3828697515685189 -0.279452942978289 -0.8805207584121081
vn -0.1906992983793482 -0.23005032765725447 -0.9543115970910206
vn -0.3671395313097287 0.6371202790176383 -0.6777066582336044
vn -0.2390275972561271 0.7993318678398901 -0.5513024331576594
vn -0.24444509144866536 0.7584241907885952 -0.6041848592056228
vn 0.07569759756024887 0.35994557294994384 -0.9298973374719081
vn -0.10821368879178844 0.9035122732866853 -0.4146750168245005
vn -0.23140783179853316 0.887359311657919 -0.3988030433638713
vn -0.21321074824508954 0.8906506812911794 -0.40159997603128283
vn -0.2191101317207087 0.7453681579710629 -0.6296165970335902
vn -0.0914347054951999 -0.37394572187106806 -0.9229324415824441
vn -0.3608876576314547 0.5984149268262571 -0.715303903191369
vn -0.2280394119435728 0.5104258326591634 -0.8291341845290358
vn -0.10194050713383272 -0.4241068189619099 -0.8998563991633924
vn -0.44322636328679804 -0.26290788805255594 -0.8569888174808956
vn 0.13278652718844633 0.42639509719878144 -0.8947373688865765
vn -0.20058461095945415 -0.10424046103036519 -0.9741148495585218
vn -0.19838315408397236 -0.31972381507036174 -0.9265100141134731
vn 0.6099214681825165 -0.6032656163310327 -0.5138739133316876
vn -0.3900866655489032 -0.36080315783739586 -0.8471443056855786
vn -0.6515876312140134 -0.2559248861516759 -0.7140980405358652
vn -0.22175089373848278 -0.4007036010956282 -0.8889674713931773
vn -0.36979981158225333 -0.3757280422111346 -0.8497508679900939
vn -0.3937371290658524 -0.5190663360556873 -0.7586443250751331
vn -0.15710173103015032 -0.431806263761828 -0.8881792593183997
vn -0.07005278619923451 -0.5159931757366877 -0.8537234035323689
vn 0.20784490514782233 -0.5257340035966339 -0.8248662030089166
vn 0.12312380563880505 -0.5153154465265269 -0.8481099687282209
vn 0.08432022645055583 -0.48380324955049475 -0.8711053410097477
vn 0.2881213310646898 -0.5705201331144784 -0.7690857405364823
vn -0.3900866655489032 -0.36080315783739586 -0.8471443056855786
vn -0.36979981158225333 -0.3757280422111346 -0.8497508679900939
vn -0.22175089373848278 -0.4007036010956282 -0.8889674713931773
vn -0.15710173103015032 -0.431806263761828 -0.8881792593183997
vn -0.07005278619923451 -0.5159931757366877 -0.8537234035323689
vn 0.2366444907985904 -0.8867723781194553 0.39703165412727703
vn 0.444786220008811 -0.8913982634104 -0.08703076742851801
vn 0.17724394471983446 -0.9840461601157682 -0.015418781455243188
vn 0.16743658109385995 -0.8617402118230592 -0.47892462730449387
vn 0.058379652264124456 -0.7199496229414213 -0.6915665959457739
vn 0.10980998796345531 -0.8630469161908225 -0.49304339261060726
vn 0.2393773809456853 -0.8059852872842901 -0.5413743493857505
vn 0.22620431157479254 -0.9636585607027718 -0.1421048479441729
vn 0.21420103018184597 -0.927215078851071 0.3072297450121623
vn 0.08472610688694522 -0.47248454340136176 -0.8772569994355067
vn 0.0278144401026782 -0.46890130655273393 -0.8828125065011899
vn 0.3093606176488345 -0.44812189607178204 -0.838738799930564
vn -0.2740416364910722 -0.29901332150357 -0.9140526325287279
vn -0.3750774280076449 -0.16814361664444916 -0.9116165022534939
vn -0.2819704904283567 -0.23225440908421519 -0.9308869598337567
vn -0.5528963249591579 -0.19629389253560725 -0.8097989636940003
vn -0.9631903982995911 0.2600865552103004 -0.06796499409486127
vn -0.4734929942081966 0.8103511981553501 -0.3451598471490354
vn -0.16552154504296224 0.019720386979926244 -0.9860089880239189
vn -0.2087824890219989 0.892803651023279 -0.3991384634400472
vn -0.3025844286775717 0.8700162332058184 -0.3892485291946862
vn -0.3330988710596137 -0.2534040499869908 -0.9082023615632155
vn -0.27243283502889554 -0.300495230975485 -0.9140475734660141
vn 0.1641505292193994 -0.9788480700938987 0.12211084894652506
vn 0.18831271423935084 -0.8886810017477094 -0.41807224111210306
vn -0.16926160681121544 -0.9851275654108425 -0.029566675961153022
vn -0.581732687857397 -0.7819097434573761 -0.22406301114782154
vn -0.09123906322757207 -0.947504909663247 -0.30644718877058996
vn -0.2825031612217634 -0.31966004024780076 -0.9044387334521254
vn -0.31912642291444315 -0.3799370323926206 -0.8682201204847309
vn -0.5171352512460908 -0.3187960698024639 -0.7943174414534439
vn 0.2150119557869428 -0.9281197111744732 0.30391390326552353
vn 0.21272129012546248 -0.923772093260653 0.3184254582161894
vn 0.17051711028349253 -0.9826340462074324 0.07317271577970262
vn 0.14234628119355186 -0.5474169931038108 -0.8246648845995255
vn -0.0012087580853750225 -0.7285716269792505 -0.6849685564058391
vn -0.12672529286794942 -0.36199498782554335 -0.923526030459736
vn 0.21465982661261102 -0.8913420782878856 0.39928743820971435
vn -0.15615945184010757 -0.6519548906089627 -0.7420034004046426
vn 0.03622816122488652 -0.983635587260335 -0.17648952322809253
vn -0.07873964039877879 -0.42810292718902904 -0.9002932593116847
vn -0.05116329496874211 -0.4513815122672152 -0.8908630914070373
vn 0.21960396250655603 -0.8898698836699246 0.3998820948588397
vn 0.22237774016909495 -0.8893045604216409 0.3996067310376024
vn 0.21104738809088158 -0.8924907330352173 0.3986468254310793
vn 0.15814383177796887 -0.9024789196695586 0.4006523780319389
vn -0.7010211304744155 -0.6301072101237694 0.33396748101935386
vn -0.2937737955021847 -0.9555745247023145 0.023964240363225333
vn -0.20789242920556267 -0.8954328261426789 0.39367599843671597
vn -0.2574591023166646 -0.6145427658446996 -0.7456889429126893
vn -0.03360259098340601 -0.3924999989571924 -0.9191379747882282
vn -0.22214239999552468 0.8890865834569902 -0.400222189840849
vn -0.9613049376854167 0.26761774002854977 -0.0653724865952699
vn -0.3656668544211127 0.8518247869572108 -0.3750763707607706
vn 0.008423246849301007 -0.10654810822236072 -0.9942718690311779
vn -0.1332298211222754 -0.22073772975610637 -0.9661908038404456
vn -0.07561334418797679 -0.4095878483658978 -0.9091316827895203
vn 0.29458677342035644 0.8518494467482175 -0.4330948545071153
vn -0.14345681653490575 0.13874560839630914 -0.9798825429307374
vn -0.08743891891619428 -0.1008006855744124 -0.9910568385549317
vn -0.1309687069739777 -0.13079054796431394 -0.9827212373591805
vn -0.2009076157850951 0.891833670924765 -0.4053009170041522
vn -0.08743891891619428 -0.1008006855744124 -0.9910568385549317
vn -0.07561334418797679 -0.4095878483658978 -0.9091316827895203
vn -0.028509316295166294 -0.3940113309253968 -0.9186633169920193
vn -0.11139963336216074 -0.6779341454726815 -0.726632930776607
vn -0.11261655253042738 -0.3276023653193445 -0.9380800617928792
vn 0.08912781318209698 -0.9190419086976624 -0.3839507819691671
vn 0.01928744993661657 -0.6953536387416742 -0.7184088747806892
vn 0.03615060403388773 -0.7810581395390864 -0.6234110333381389
vn -0.05418961419975874 -0.3933708327168051 -0.9177814956080605
vn 0.06839883943005855 -0.46086441163085773 -0.8848308272527379
vn -0.1907355424294185 -0.4802352217015707 -0.8561507371318433
vn 0.08912781318209698 -0.9190419086976624 -0.3839507819691671
vn 0.03615060403388773 -0.7810581395390864 -0.6234110333381389
vn -0.057346567675521314 -0.3303138769250812 -0.9421274403638603
vn -0.057346567675521314 -0.3303138769250812 -0.9421274403638603
vn 0.11932556329933482 -0.9308484650302711 -0.34537305206701474
vn 0.10470127595709587 -0.8175913624123252 -0.5661996175570183
vn 0.19935476529351523 -0.791527141410341 -0.577704476324653
vn -0.23632647604408374 -0.28244898066120316 -0.92971628470412
vn 0.05899937140140573 -0.3381352165763457 -0.9392463199209814
vn 0.06401917850298866 -0.7694677203013207 -0.635469096178635
vn -0.06559513689350777 -0.42689126960869667 -0.9019207958284348
vn -0.17642510241965592 -0.35731499913655546 -0.9171696542233926
vn -0.29357624956785777 -0.09324987844035713 -0.9513766056933128
vn -0.20852350604817177 -0.07615854930824811 -0.9750476002701822
vn -0.3321086548224176 0.4161817125398446 -0.8464612356980362
vn -0.11120761449227606 -0.37971724317117594 -0.9183940775709628
vn -0.7254269768058085 0.6423626539794975 -0.2472365711111552
vn -0.24463055575082435 0.8844678561687536 -0.39733172865666244
vn -0.524536847184679 0.8497997640398701 -0.05197554216492361
vn -0.35275842196502033 0.9332030513730241 -0.0685095660534046
vn -0.1328037384706079 -0.40851291797890754 -0.9030395134724664
vn -0.19628548309408675 -0.2344261780552885 -0.9521115355718107
vn -0.21272931851399227 -0.16640983354650882 -0.9628364369629951
vn -0.14304752833065182 -0.40654535957319354 -0.9023626074079056
vn -0.1524350955061643 -0.004995592842783639 -0.9883008578920569
vn -0.049811100455526426 -0.4516581382377207 -0.8907995175318886
vn 0.0058832085113958744 -0.6596921861795827 -0.7515128790321656
vn 0.17744135194851496 -0.973348429494392 -0.1452838649660845
vn 0.046624144943273764 -0.7619842373989674 -0.6459150184535292
vn -0.840386232988667 0.34297333383346335 0.41966685797460557
vn -0.8889678524894782 0.44801850475410954 0.09495039040539786
vn -0.1686318690580477 0.04100834066748435 -0.9848256742864134
vn -0.07992213637842639 -0.29104916412801324 -0.9533639578760531
vn -0.06083763250051613 -0.4234431915725659 -0.9038775613890252
vn -0.053802237794926155 -0.36753963536609674 -0.9284502871146171
vn 0.06431331740937762 -0.8101882756053354 -0.5826308911098466
vn 0.16300832782825997 -0.9753328042393105 -0.14884289043591314
vn 0.22859585156860382 -0.896422218619588 0.3796987524482539
vn 0.15538865809146363 -0.969167945037352 -0.1912272450479016
vn 0.23143195372433115 -0.8970551654333594 0.3764721516455993
vn 0.2431390604103391 -0.8936260058539504 0.3772478746981791
vn 0.21481379389442817 -0.9018219431049614 0.37492961591087165
vn 0.20335037071822543 -0.9053923819325974 0.3727106940606587
vn -0.15778258630192385 0.07757859143435203 -0.9844217681517093
vn -0.223356244749784 0.8695922076576911 -0.4403650534639387
vn -0.07992213637842639 -0.29104916412801324 -0.9533639578760531
vn -0.08738636022905244 0.11433911626386123 -0.9895909208041055
vn -0.13716763847837365 -0.002194749804626348 -0.990545416438621
vn 0.2633509650066581 -0.19995243569326324 -0.9437506517562747
vn -0.15778258630192385 0.07757859143435203 -0.9844217681517093
vn 0.3303571841882198 0.687704631563657 0.6464723277767775
vn 0.2787434181670676 0.916491525700842 0.2869588649041565
vn -0.22649657054514216 0.8897133183708762 -0.39637042604711753
vn -0.1932879121432025 0.9043471925916621 -0.3805206147778339
vn -0.03737778792548301 -0.3505204680735139 -0.9358089027313868
vn 0.035555112751087435 -0.16419016191341398 -0.9857877178622709
vn -0.13633436246919725 -0.060088186412651796 -0.9888388905497985
vn -0.11968251971555502 0.9352994307335784 0.33300310710859765
vn -0.053802237794926155 -0.36753963536609674 -0.9284502871146171
vn -0.06441297399507481 -0.30194681949041585 -0.9511461964286733
vn 0.036714996192415326 -0.7082735540792023 -0.7049826818061604
vn 0.10737676305955184 -0.8914919173205949 -0.4401276997723528
vn 0.12445357609266774 -0.8460846807496714 -0.5183165252994287
vn 0.06431331740937762 -0.8101882756053354 -0.5826308911098466
vn 0.15538865809146363 -0.969167945037352 -0.1912272450479016
vn 0.22859585156860382 -0.896422218619588 0.3796987524482539
vn 0.19359145389647564 -0.9810764962782029 -0.0033552091937980736
vn 0.1601616575415952 -0.7174377096409025 -0.6779611908057458
vn -0.056220798198982826 -0.42269299702195423 -0.904527419218714
vn -0.07379468642605243 -0.31028018169452964 -0.9477766367150491
vn 0.047262279458822436 -0.08103011613402732 -0.9955904766617961
vn -0.048980343970171876 -0.26831368168780556 -0.9620855960483446
vn -0.06012639043553042 -0.39581588325188494 -0.9163594293391236
vn 0.14281118157269676 -0.6621106955912669 -0.7356727487147114
vn 0.034902142723124 -0.6299884402945465 -0.7758198280068509
vn 0.04383212834728732 -0.5977608926595448 -0.8004752711554622
vn 0.43416332951409864 -0.8756085093652589 -0.21168831246051698
vn 0.3826372614235762 -0.8825755450442273 0.27321993605912226
vn 0.28025625515327734 -0.8933212187780945 0.3513312276588592
vn 0.22541498430587353 -0.968030428590929 0.11002351645191456
vn 0.27717566351481526 -0.8255249343789967 -0.4916118736093294
vn 0.41292860551842797 -0.8357610855918705 0.36193006859738064
vn 0.2273876876218174 -0.8912971378539457 0.3922808325311949
vn 0.2379660023288326 -0.8884111459617869 0.39255294861521384
vn 0.09729555945103081 -0.027036342449929987 -0.9948882401044056
vn -0.08668897969294657 -0.2970548520781434 -0.9509171549912369
vn -0.05881338708555358 -0.12132602456973236 -0.9908688012353751
vn -0.0251476301593997 -0.3030176209855259 -0.9526530942948952
vn -0.19770495549594894 0.3055962094482137 -0.9314095271915723
vn -0.14397853408294178 0.0796401626884146 -0.9863709374319025
vn 0.031935323041772885 -0.7004821903630722 -0.7129550028763179
vn -0.12758782529912258 0.9500591539135778 0.2847963323156699
vn 0.2539577885331204 -0.8827866919015651 0.39521272530734397
vn 0.22964330239838718 -0.8955163543293109 0.3812012759583882
vn -0.05233171176097053 -0.43783258513187945 -0.8975321828998124
vn -0.06999404629321727 -0.26044921836314766 -0.9629470588446327
vn -0.09836371686498789 -0.2603220357618556 -0.9604983169695341
vn -0.12911371068089744 -0.3383954005121162 -0.9321041801357044
vn -0.21713350140818305 -0.25542481240166204 -0.9421312051809972
vn -0.10804037068003916 -0.26960352088828826 -0.9568914357584972
vn -0.11436892752984044 -0.3081808611529338 -0.9444280307332636
vn -0.1617883785094518 -0.2195948735465408 -0.9620824351849279
vn -0.12054100067780078 -0.1736627360521095 -0.977400184807886
vn -0.13231307470192832 -0.4044260017560186 -0.9049490921408577
vn -0.1404386312849745 -0.20688174956897482 -0.9682339244924664
vn -0.05313800833373028 -0.4215370755980224 -0.9052529182314695
vn -0.28025744370630556 0.4901919870584515 -0.8253287715031471
vn -0.2016682856944879 -0.15539900938600257 -0.9670475947061218
vn 0.021328744068318677 -0.7213824905211395 -0.6922083407804229
vn 0.2095453288371983 -0.9097853510332382 0.35830346106036737
vn 0.014306974668046776 -0.8218508974412836 -0.5695229695550519
vn 0.2098367171192049 -0.8912442331768484 0.40206003155952524
vn 0.15765880590146297 -0.9207968051593698 0.3567589445690497
vn -0.21451311576209497 -0.3818701886121625 -0.8989767973731855
vn -0.22703649396418074 -0.44074311982614156 -0.8684468508402643
vn -0.3046648052675295 -0.36405713701987064 -0.8801373514493027
vn -0.2217196859390158 -0.2504104579001929 -0.9424091380294017
vn -0.2549453380703436 0.19344609708244903 -0.9474077697168026
vn -0.21999901794375712 -0.08090375199357323 -0.9721394010208335
vn -0.25305544997561785 -0.6947318220258151 -0.6732834727678445
vn 0.2296526992629517 -0.8876442230944251 0.3991833800752918
vn -0.2100983966214841 -0.2929654022174929 -0.932753953001875
vn -0.20040792711974229 -0.4313838975693326 -0.8796275323484706
vn -0.121299872933709 -0.7242999867636957 -0.6787310734012229
vn -0.2780809768494965 -0.1857586508114034 -0.9424249009672637
vn -0.6161298316705929 0.4829975375196005 -0.6221715272138135
vn -0.27096700322364137 -0.17881435110118551 -0.9458341879020131
vn -0.4099802289100419 0.903855056987761 -0.12232026757868425
vn -0.12067401502344237 0.9456689351404605 0.3019073487155117
vn -0.21595283609365912 0.6740642572616097 0.7064005589362596
vn -0.17933019058637212 0.19915628732429472 -0.9634196676233356
vn -0.12450841053795655 -0.08971467406819997 -0.9881543062508751
vn -0.14506428790701742 0.9741719743127745 0.17304715206434645
vn -0.09849207700098112 0.9069616522747775 0.40953616698777406
vn -0.23897549246372693 0.760593701539821 -0.6036455376954862
vn -0.2391143768032755 0.8849392937178221 -0.39963328344894294
vn -0.24351445106261757 0.6988902874146288 -0.6724976418406013
vn 0.09652964683757997 -0.8773262909222462 -0.47008574381492
vn -0.121299872933709 -0.7242999867636957 -0.6787310734012229
vn 0.09711467902884285 -0.9850816236762856 0.14206665271068267
vn -0.21860414449852417 0.8879331063936208 -0.4047060990129054
vn -0.2162112298067234 0.28225586932235897 -0.9346573320412908
vn -0.2780809768494965 -0.1857586508114034 -0.9424249009672637
vn -0.2100983966214841 -0.2929654022174929 -0.932753953001875
vn -0.07176508052612827 -0.4025057601148945 -0.9126000691931867
vn -0.20040792711974229 -0.4313838975693326 -0.8796275323484706
vn -0.050982412789821525 -0.4757545106737304 -0.8780993333101488
vn 0.13737309520753946 -0.9011342000096377 0.4112004210675012
vn 0.09711467902884285 -0.9850816236762856 0.14206665271068267
vn 0.23617163582668943 -0.8855054165096078 0.40012887394324814
vn 0.17264530997441901 -0.8966230362409174 0.4077508158495271
vn -0.21889844706690856 0.8875844410772998 -0.4053113985927275
vn -0.24351445106261757 0.6988902874146288 -0.6724976418406013
vn -0.22880675691465366 0.8849854999526023 -0.40552204978748196
vn -0.14410247910379043 -0.0463268536204797 -0.9884777681616153
vn -0.03763704364150672 -0.5245045659813805 -0.8505753424656814
vn -0.06675214271185934 -0.4030278306162744 -0.9127500858351727
vn -0.27532125183055167 0.4150748862737871 -0.8671280453746498
vn 0.16724716526181937 -0.9715902508226028 -0.16745378532107746
vn -0.815398963860775 0.5266585001700058 -0.24032343608864795
vn -0.27843594895679646 0.872862888026464 -0.40072908683377256
vn -0.503228880925992 -0.05638397460565601 -0.862311742242701
vn -0.797817259434624 0.542948791459168 -0.2620958420144336
vn -0.38982421286588764 -0.18759554509290804 -0.9015791670867211
vn -0.8446251621404962 -0.48701125943916523 0.22232491686407638
vn 0.0451259462453529 -0.9701293733006467 -0.23835403926670903
vn 0.24429074766306857 -0.8802849660638963 0.4067190788838213
vn -0.8046220971741501 0.5905789521232735 -0.06164237218057565
vn -0.8384568280729586 0.47038191748696234 0.2751926582580312
vn -0.2941666880570521 0.9505000773752221 -0.10007778248563232
vn -0.3037960440794287 0.8702603077667216 -0.3877563156512877
vn -0.8933763001524461 0.1486153319151319 -0.424019185233029
vn -0.7459200203594077 0.6218992200769462 -0.23842123079689553
vn -0.2952285773850258 0.9551087937044435 -0.02464303722467687
vn -0.8238677303188315 0.46809606380932856 -0.3195747768293207
vn -0.3411888235461111 0.6604830245193117 -0.6688440483468794
vn -0.1698811387299148 0.9816330409953383 -0.08681573319434467
vn -0.2367144458108353 0.8863179788584582 -0.39800340638834586
vn -0.4990969261448434 0.6932401694928799 0.5199233844656844
vn -0.31620775954604796 0.9005932154128083 0.29823566714142025
vn -0.1755080130156925 0.9826492780923103 0.05997777615037851
vn -0.22649657054514216 0.8897133183708762 -0.39637042604711753
vn 0.10770178710242229 0.98851012036829 0.1060569044636578
vn -0.20738071681860673 0.5655514334288947 -0.7982135143170176
vn -0.3134403038362061 0.5363115746115219 -0.7836613240863535
vn -0.22782098928239608 0.9057407845274381 -0.3573950588438673
vn 0.33076044616534594 0.5584381126468358 -0.7607525232267988
vn -0.2128815973899873 0.20255301568871936 -0.9558523428480431
vn -0.22664000869533016 0.6600195848099708 -0.7162460848939102
vn -0.19031740145325263 0.9735777789635846 -0.12619665214424414
vn 0.04551180588445096 0.2554052206640455 -0.9657623148490969
vn -0.33730018118606897 0.30076584286833635 -0.8920585718076725
vn 0.29652840921523455 0.9295155563785462 0.2192526692621192
vn -0.21856723056875185 0.4643040306468715 -0.8582832474460719
vn -0.2367144458108353 0.8863179788584582 -0.39800340638834586
vn -0.5523917138072097 0.08839528559147974 -0.8288845926920915
vn -0.8140594006621161 0.5448042289994056 -0.201235295755987
vn -0.1292401807257773 0.9569578328479765 0.25986281349372187
vn -0.22782098928239608 0.9057407845274381 -0.3573950588438673
vn 0.5422456304643503 0.7319599362081484 -0.4125582722822107
vn -0.21804379233636187 0.9748263048849319 -0.0465894830188859
vn -0.7432716538825531 0.6315372740668708 -0.22069870864796723
vn -0.8140594006621161 0.5448042289994056 -0.201235295755987
vn -0.1940004090811762 0.8554144334555446 -0.4802395114026603
vn -0.2637431218324551 0.8443747512360895 -0.4663376943386227
vn -0.2462005591783152 0.8912725151552428 -0.3808130622616987
vn -0.22248236787527023 0.9042522265209437 -0.3644578258406985
vn -0.22695705587457193 0.9077818065733702 -0.3527360010590566
vn -0.7432716538825531 0.6315372740668708 -0.22069870864796723
vn 0.48929388935099893 0.7463750872302021 -0.4511271650054787
vn -0.1940004090811762 0.8554144334555446 -0.4802395114026603
vn -0.2637431218324551 0.8443747512360895 -0.4663376943386227
vn -0.2462005591783152 0.8912725151552428 -0.3808130622616987
vn -0.22248236787527023 0.9042522265209437 -0.3644578258406985
vn -0.22695705587457193 0.9077818065733702 -0.3527360010590566
vn 0.48929388935099893 0.7463750872302021 -0.4511271650054787
vn -0.3241213443631662 0.6848868297000914 -0.6525912845200831
vn -0.7459200203594077 0.6218992200769462 -0.23842123079689553
vn -0.9217602582458223 0.3709865746449706 -0.11281395193763254
vn -0.9217602582458223 0.3709865746449706 -0.11281395193763254
vn -0.44394651571260785 0.8217719835427981 -0.35721463890883604
vn -0.44394651571260785 0.8217719835427981 -0.35721463890883604
vn -0.3037960440794287 0.8702603077667216 -0.3877563156512877
vn 0.010061083848952707 0.5569683508442811 0.8304727754415469
vn 0.37939917217358354 -0.795210133389325 0.4729662904572922
vn 0.30284502513577544 -0.8129142484887207 0.4974488067676212
vn -0.12355908778572215 -0.21357572096130722 -0.969081298571703
vn -0.8315167484208639 0.5102359440804007 -0.21963419238355408
vn -0.14272420055147084 0.9004310355459857 -0.4109181826136774
vn -0.1541325179560344 0.899481909656103 -0.4088709589955527
vn -0.2572913469662972 0.42633823427763917 0.8672005954617958
vn -0.2572913469662972 0.42633823427763917 0.8672005954617958
vn -0.3025844286775717 0.8700162332058184 -0.3892485291946862
vn -0.2009076157850951 0.891833670924765 -0.4053009170041522
vn 0.10542745732217049 0.20717460755836897 0.9726066693302168
vn 0.16743658109385995 -0.8617402118230592 -0.47892462730449387
vn 0.5339902672875048 -0.7850219915127008 0.3139981963063684
vn -0.2009076157850951 0.891833670924765 -0.4053009170041522
vn -0.13716763847837365 -0.002194749804626348 -0.990545416438621
vn 0.10737676305955184 -0.8914919173205949 -0.4401276997723528
vn 0.20335037071822543 -0.9053923819325974 0.3727106940606587
vn -0.22782098928239608 0.9057407845274381 -0.3573950588438673
vn 0.13737309520753946 -0.9011342000096377 0.4112004210675012
vn -0.21860414449852417 0.8879331063936208 -0.4047060990129054
vn 0.5422456304643503 0.7319599362081484 -0.4125582722822107
f 1/1/1 2/2/2 3/3/3
f 4/4/4 5/5/5 6/6/6
f 7/7/7 3/3/3 8/8/8
f 9/9/9 6/6/6 10/10/10
f 11/11/11 12/12/12 2/2/2
f 5/5/5 13/13/13 14/14/14
f 12/12/12 15/15/15 16/16/16
f 13/13/13 17/17/17 14/14/14
f 18/18/18 19/19/19 20/20/20
f 21/21/21 22/22/22 23/23/23
f 20/20/20 24/24/24 25/25/25
f 22/22/22 26/26/26 23/23/23
f 26/26/26 27/27/27 28/28/28
f 28/28/28 29/29/29 30/30/30
f 25/25/25 31/31/31 32/32/32
f 32/32/32 33/33/33 34/34/34
f 34/34/34 35/35/35 36/36/36
f 37/37/37 33/33/33 30/30/30
f 38/38/38 39/39/39 40/40/40
f 37/37/37 40/40/40 41/41/41
f 35/35/35 42/42/42 36/36/36
f 43/43/43 29/29/29 27/27/27
f 43/43/43 27/27/27 44/44/44
f 44/44/44 45/45/45 46/46/46
f 46/46/46 22/22/22 47/47/47
f 48/48/48 22/22/22 49/49/49
f 50/50/50 4/4/4 51/51/51
f 51/51/51 9/9/9 52/52/52
f 7/7/7 53/53/53 10/10/10
f 54/54/54 13/13/13 55/55/55
f 56/56/56 55/55/55 13/13/13
f 57/57/57 58/58/58 59/59/59
f 60/60/60 61/61/61 62/62/62
f 63/63/63 59/59/59 58/58/58
f 62/62/62 64/64/64 65/65/65
f 66/66/66 67/67/67 57/57/57
f 60/60/60 68/68/68 69/69/69
f 66/66/66 70/70/70 71/71/71
f 72/72/72 68/68/68 73/73/73
f 74/74/74 75/75/75 76/76/76
f 77/77/77 78/78/78 79/79/79
f 80/80/80 81/81/81 75/75/75
f 82/82/82 78/78/78 83/83/83
f 82/82/82 84/84/84 85/85/85
f 86/86/86 87/87/87 84/84/84
f 88/88/88 89/89/89 81/81/81
f 90/90/90 91/91/91 92/92/92
f 92/92/92 93/93/93 90/90/90
f 94/94/94 90/90/90 93/93/93
f 95/95/95 96/96/96 87/87/87
f 94/94/94 97/97/97 95/95/95
f 93/93/93 98/98/98 99/99/99
f 100/100/100 87/87/87 96/96/96
f 100/100/100 101/101/101 84/84/84
f 85/85/85 101/101/101 102/102/102
f 78/78/78 102/102/102 103/103/103
f 104/104/104 78/78/78 103/103/103
f 61/61/61 105/105/105 106/106/106
f 64/64/64 106/106/106 107/107/107
f 108/108/108 63/63/63 65/65/65
f 68/68/68 109/109/109 110/110/110
f 110/110/110 69/69/69 68/68/68
f 64/64/64 108/108/108 65/65/65
f 99/99/99 94/94/94 93/93/93
f 95/95/95 111/111/111 94/94/94
f 89/89/89 111/111/111 86/86/86
f 81/81/81 86/86/86 82/82/82
f 81/81/81 83/83/83 75/75/75
f 75/75/75 77/77/77 76/76/76
f 70/70/70 73/73/73 71/71/71
f 71/71/71 60/60/60 67/67/67
f 58/58/58 65/65/65 63/63/63
f 67/67/67 62/62/62 58/58/58
f 9/9/9 53/53/53 52/52/52
f 37/37/37 42/42/42 35/35/35
f 38/38/38 30/30/30 29/29/29
f 31/31/31 30/30/30 33/33/33
f 24/24/24 28/28/28 31/31/31
f 23/23/23 24/24/24 19/19/19
f 112/112/112 23/23/23 19/19/19
f 14/14/14 15/15/15 113/113/113
f 11/11/11 14/14/14 113/113/113
f 10/10/10 1/1/1 7/7/7
f 6/6/6 11/11/11 1/1/1
f 114/114/114 115/115/115 116/116/116
f 117/117/117 118/118/118 119/119/119
f 120/120/120 121/121/121 122/122/122
f 123/123/123 124/124/124 125/125/125
f 126/126/126 127/127/127 128/128/128
f 121/121/121 129/129/129 130/130/130
f 129/129/129 131/131/131 130/130/130
f 131/131/131 132/132/132 133/133/133
f 133/133/133 134/134/134 135/135/135
f 134/134/134 136/136/136 137/137/137
f 134/134/134 138/138/138 135/135/135
f 120/120/120 126/126/126 139/139/139
f 132/132/132 125/125/125 136/136/136
f 125/125/125 140/140/140 141/141/141
f 142/142/142 125/125/125 141/141/141
f 142/142/142 143/143/143 144/144/144
f 144/144/144 145/145/145 146/146/146
f 137/137/137 147/147/147 138/138/138
f 136/136/136 148/148/148 137/137/137
f 149/149/149 141/141/141 150/150/150
f 141/141/141 151/151/151 150/150/150
f 140/140/140 152/152/152 153/153/153
f 150/150/150 154/154/154 149/149/149
f 155/155/155 156/156/156 157/157/157
f 119/119/119 158/158/158 117/117/117
f 119/119/119 159/159/159 156/156/156
f 155/155/155 160/160/160 161/161/161
f 155/155/155 162/162/162 158/158/158
f 163/163/163 164/164/164 154/154/154
f 164/164/164 165/165/165 166/166/166
f 167/167/167 160/160/160 157/157/157
f 168/168/168 169/169/169 170/170/170
f 171/171/171 172/172/172 169/169/169
f 173/173/173 174/174/174 172/172/172
f 175/175/175 169/169/169 172/172/172
f 126/126/126 169/169/169 127/127/127
f 128/128/128 175/175/175 176/176/176
f 177/177/177 116/116/116 178/178/178
f 114/114/114 179/179/179 180/180/180
f 181/181/181 172/172/172 174/174/174
f 126/126/126 182/182/182 139/139/139
f 181/181/181 183/183/183 184/184/184
f 178/178/178 185/185/185 186/186/186
f 187/187/187 185/185/185 184/184/184
f 116/116/116 176/176/176 178/178/178
f 176/176/176 184/184/184 185/185/185
f 176/176/176 175/175/175 181/181/181
f 151/151/151 153/153/153 188/188/188
f 159/159/159 115/115/115 156/156/156
f 145/145/145 166/166/166 165/165/165
f 143/143/143 149/149/149 166/166/166
f 148/148/148 142/142/142 144/144/144
f 148/148/148 146/146/146 147/147/147
f 129/129/129 152/152/152 124/124/124
f 152/152/152 182/182/182 153/153/153
f 189/189/189 139/139/139 152/152/152
f 170/170/170 122/122/122 168/168/168
f 153/153/153 182/182/182 188/188/188
f 115/115/115 157/157/157 156/156/156
f 115/115/115 128/128/128 116/116/116
f 190/190/190 114/114/114 180/180/180
f 158/158/158 154/154/154 117/117/117
f 182/182/182 159/159/159 188/188/188
f 164/164/164 149/149/149 154/154/154
f 118/118/118 188/188/188 159/159/159
f 191/191/191 151/151/151 118/118/118
f 154/154/154 191/191/191 117/117/117
f 192/192/192 163/163/163 193/193/193
f 163/163/163 162/162/162 193/193/193
f 177/177/177 194/194/194 179/179/179
f 178/178/178 195/195/195 177/177/177
f 196/196/196 195/195/195 186/186/186
f 197/197/197 186/186/186 185/185/185
f 174/174/174 198/198/198 183/183/183
f 199/199/199 200/200/200 201/201/201
f 201/201/201 202/202/202 203/203/203
f 204/204/204 201/201/201 203/203/203
f 204/204/204 199/199/199 201/201/201
f 187/187/187 205/205/205 206/206/206
f 202/202/202 207/207/207 203/203/203
f 208/208/208 209/209/209 210/210/210
f 211/211/211 201/201/201 200/200/200
f 211/211/211 208/208/208 210/210/210
f 208/208/208 212/212/212 213/213/213
f 208/208/208 214/214/214 215/215/215
f 216/216/216 217/217/217 218/218/218
f 218/218/218 219/219/219 216/216/216
f 202/202/202 220/220/220 221/221/221
f 220/220/220 210/210/210 222/222/222
f 222/222/222 209/209/209 223/223/223
f 207/207/207 224/224/224 225/225/225
f 206/206/206 205/205/205 226/226/226
f 227/227/227 228/228/228 229/229/229
f 197/197/197 206/206/206 227/227/227
f 226/226/226 227/227/227 206/206/206
f 229/229/229 228/228/228 230/230/230
f 196/196/196 231/231/231 232/232/232
f 229/229/229 197/197/197 227/227/227
f 233/233/233 234/234/234 235/235/235
f 236/236/236 225/225/225 224/224/224
f 229/229/229 230/230/230 231/231/231
f 237/237/237 236/236/236 234/234/234
f 238/238/238 237/237/237 234/234/234
f 239/239/239 234/234/234 240/240/240
f 241/241/241 242/242/242 243/243/243
f 242/242/242 244/244/244 245/245/245
f 242/242/242 246/246/246 247/247/247
f 247/247/247 248/248/248 249/249/249
f 249/249/249 250/250/250 247/247/247
f 235/235/235 236/236/236 251/251/251
f 251/251/251 224/224/224 252/252/252
f 221/221/221 224/224/224 202/202/202
f 222/222/222 221/221/221 220/220/220
f 252/252/252 223/223/223 251/251/251
f 253/253/253 254/254/254 255/255/255
f 219/219/219 256/256/256 257/257/257
f 209/209/209 215/215/215 254/254/254
f 209/209/209 254/254/254 223/223/223
f 258/258/258 256/256/256 259/259/259
f 260/260/260 261/261/261 262/262/262
f 258/258/258 260/260/260 257/257/257
f 251/251/251 253/253/253 235/235/235
f 255/255/255 263/263/263 253/253/253
f 264/264/264 265/265/265 249/249/249
f 266/266/266 267/267/267 268/268/268
f 269/269/269 270/270/270 271/271/271
f 268/268/268 269/269/269 271/271/271
f 235/235/235 263/263/263 233/233/233
f 269/269/269 264/264/264 233/233/233
f 269/269/269 233/233/233 263/263/263
f 248/248/248 233/233/233 264/264/264
f 265/265/265 272/272/272 249/249/249
f 273/273/273 266/266/266 274/274/274
f 242/242/242 247/247/247 250/250/250
f 246/246/246 240/240/240 248/248/248
f 246/246/246 245/245/245 239/239/239
f 265/265/265 267/267/267 266/266/266
f 274/274/274 268/268/268 275/275/275
f 249/249/249 248/248/248 264/264/264
f 275/275/275 271/271/271 276/276/276
f 242/242/242 277/277/277 243/243/243
f 276/276/276 278/278/278 275/275/275
f 275/275/275 279/279/279 274/274/274
f 270/270/270 276/276/276 271/271/271
f 280/280/280 270/270/270 219/219/219
f 281/281/281 260/260/260 262/262/262
f 282/282/282 250/250/250 272/272/272
f 283/283/283 272/272/272 273/273/273
f 284/284/284 273/273/273 274/274/274
f 285/285/285 274/274/274 279/279/279
f 286/286/286 279/279/279 278/278/278
f 286/286/286 287/287/287 288/288/288
f 287/287/287 289/289/289 290/290/290
f 280/280/280 257/257/257 260/260/260
f 255/255/255 219/219/219 270/270/270
f 216/216/216 255/255/255 254/254/254
f 254/254/254 291/291/291 216/216/216
f 292/292/292 215/215/215 214/214/214
f 217/217/217 292/292/292 293/293/293
f 294/294/294 217/217/217 293/293/293
f 295/295/295 184/184/184 183/183/183
f 296/296/296 281/281/281 262/262/262
f 296/296/296 261/261/261 297/297/297
f 297/297/297 298/298/298 296/296/296
f 299/299/299 300/300/300 301/301/301
f 302/302/302 296/296/296 298/298/298
f 303/303/303 300/300/300 304/304/304
f 259/259/259 218/218/218 294/294/294
f 290/290/290 305/305/305 287/287/287
f 304/304/304 300/300/300 306/306/306
f 307/307/307 308/308/308 309/309/309
f 310/310/310 304/304/304 311/311/311
f 309/309/309 310/310/310 307/307/307
f 278/278/278 289/289/289 287/287/287
f 281/281/281 312/312/312 289/289/289
f 305/305/305 313/313/313 314/314/314
f 312/312/312 290/290/290 289/289/289
f 315/315/315 313/313/313 312/312/312
f 310/310/310 303/303/303 304/304/304
f 312/312/312 302/302/302 315/315/315
f 307/307/307 311/311/311 316/316/316
f 317/317/317 318/318/318 319/319/319
f 306/306/306 320/320/320 321/321/321
f 316/316/316 322/322/322 318/318/318
f 316/316/316 317/317/317 307/307/307
f 311/311/311 323/323/323 322/322/322
f 304/304/304 321/321/321 323/323/323
f 323/323/323 324/324/324 325/325/325
f 324/324/324 323/323/323 321/321/321
f 324/324/324 320/320/320 326/326/326
f 324/324/324 327/327/327 325/325/325
f 328/328/328 306/306/306 300/300/300
f 329/329/329 330/330/330 331/331/331
f 328/328/328 332/332/332 333/333/333
f 330/330/330 300/300/300 331/331/331
f 326/326/326 334/334/334 327/327/327
f 335/335/335 333/333/333 336/336/336
f 336/336/336 320/320/320 335/335/335
f 325/325/325 337/337/337 338/338/338
f 334/334/334 337/337/337 327/327/327
f 325/325/325 339/339/339 323/323/323
f 323/323/323 340/340/340 322/322/322
f 318/318/318 340/340/340 341/341/341
f 319/319/319 341/341/341 342/342/342
f 343/343/343 333/333/333 332/332/332
f 336/336/336 344/344/344 334/334/334
f 337/337/337 334/334/334 345/345/345
f 337/337/337 346/346/346 338/338/338
f 339/339/339 346/346/346 347/347/347
f 340/340/340 347/347/347 348/348/348
f 340/340/340 349/349/349 341/341/341
f 342/342/342 349/349/349 350/350/350
f 342/342/342 351/351/351 352/352/352
f 319/319/319 352/352/352 353/353/353
f 317/317/317 353/353/353 354/354/354
f 308/308/308 354/354/354 355/355/355
f 287/287/287 356/356/356 288/288/288
f 357/357/357 358/358/358 359/359/359
f 337/337/337 357/357/357 360/360/360
f 345/345/345 344/344/344 358/358/358
f 361/361/361 362/362/362 363/363/363
f 361/361/361 364/364/364 365/365/365
f 366/366/366 364/364/364 367/367/367
f 365/365/365 368/368/368 369/369/369
f 359/359/359 370/370/370 371/371/371
f 361/361/361 372/372/372 373/373/373
f 372/372/372 369/369/369 374/374/374
f 374/374/374 368/368/368 375/375/375
f 376/376/376 362/362/362 377/377/377
f 376/376/376 378/378/378 379/379/379
f 379/379/379 380/380/380 381/381/381
f 382/382/382 380/380/380 383/383/383
f 384/384/384 383/383/383 385/385/385
f 378/378/378 377/377/377 386/386/386
f 387/387/387 388/388/388 389/389/389
f 362/362/362 387/387/387 389/389/389
f 362/362/362 389/389/389 377/377/377
f 389/389/389 388/388/388 377/377/377
f 390/390/390 388/388/388 391/391/391
f 392/392/392 390/390/390 393/393/393
f 377/377/377 394/394/394 386/386/386
f 380/380/380 386/386/386 395/395/395
f 396/396/396 392/392/392 397/397/397
f 397/397/397 393/393/393 398/398/398
f 395/395/395 399/399/399 383/383/383
f 398/398/398 400/400/400 397/397/397
f 385/385/385 399/399/399 401/401/401
f 399/399/399 396/396/396 397/397/397
f 394/394/394 395/395/395 386/386/386
f 394/394/394 390/390/390 392/392/392
f 401/401/401 397/397/397 400/400/400
f 391/391/391 402/402/402 403/403/403
f 387/387/387 404/404/404 402/402/402
f 404/404/404 374/374/374 405/405/405
f 404/404/404 406/406/406 403/403/403
f 398/398/398 407/407/407 408/408/408
f 402/402/402 404/404/404 403/403/403
f 405/405/405 375/375/375 409/409/409
f 410/410/410 408/408/408 411/411/411
f 405/405/405 412/412/412 406/406/406
f 413/413/413 393/393/393 390/390/390
f 403/403/403 414/414/414 391/391/391
f 391/391/391 414/414/414 390/390/390
f 413/413/413 415/415/415 416/416/416
f 417/417/417 418/418/418 415/415/415
f 415/415/415 390/390/390 417/417/417
f 415/415/415 419/419/419 416/416/416
f 414/414/414 420/420/420 417/417/417
f 390/390/390 414/414/414 417/417/417
f 421/421/421 422/422/422 423/423/423
f 424/424/424 421/421/421 425/425/425
f 426/426/426 422/422/422 427/427/427
f 428/428/428 427/427/427 429/429/429
f 430/430/430 429/429/429 431/431/431
f 432/432/432 433/433/433 434/434/434
f 435/435/435 436/436/436 437/437/437
f 422/422/422 438/438/438 427/427/427
f 422/422/422 435/435/435 433/433/433
f 411/411/411 428/428/428 430/430/430
f 408/408/408 426/426/426 428/428/428
f 407/407/407 423/423/423 426/426/426
f 439/439/439 424/424/424 436/436/436
f 416/416/416 423/423/423 413/413/413
f 434/434/434 440/440/440 441/441/441
f 425/425/425 416/416/416 419/419/419
f 432/432/432 441/441/441 442/442/442
f 432/432/432 443/443/443 438/438/438
f 438/438/438 429/429/429 427/427/427
f 433/433/433 437/437/437 440/440/440
f 424/424/424 425/425/425 444/444/444
f 444/444/444 425/425/425 445/445/445
f 444/444/444 446/446/446 447/447/447
f 448/448/448 445/445/445 449/449/449
f 450/450/450 406/406/406 451/451/451
f 420/420/420 450/450/450 451/451/451
f 420/420/420 449/449/449 418/418/418
f 419/419/419 418/418/418 449/449/449
f 419/419/419 445/445/445 425/425/425
f 452/452/452 406/406/406 412/412/412
f 452/452/452 449/449/449 451/451/451
f 424/424/424 453/453/453 436/436/436
f 372/372/372 387/387/387 373/373/373
f 453/453/453 444/444/444 447/447/447
f 447/447/447 454/454/454 453/453/453
f 436/436/436 455/455/455 437/437/437
f 456/456/456 457/457/457 458/458/458
f 459/459/459 453/453/453 454/454/454
f 460/460/460 461/461/461 462/462/462
f 461/461/461 463/463/463 462/462/462
f 464/464/464 462/462/462 463/463/463
f 464/464/464 465/465/465 456/456/456
f 466/466/466 458/458/458 467/467/467
f 468/468/468 458/458/458 457/457/457
f 469/469/469 470/470/470 471/471/471
f 461/461/461 472/472/472 473/473/473
f 457/457/457 474/474/474 475/475/475
f 465/465/465 476/476/476 474/474/474
f 473/473/473 477/477/477 478/478/478
f 473/473/473 476/476/476 463/463/463
f 468/468/468 475/475/475 479/479/479
f 478/478/478 480/480/480 481/481/481
f 478/478/478 481/481/481 476/476/476
f 474/474/474 481/481/481 482/482/482
f 483/483/483 481/481/481 480/480/480
f 475/475/475 482/482/482 484/484/484
f 485/485/485 482/482/482 483/483/483
f 479/479/479 484/484/484 485/485/485
f 486/486/486 487/487/487 488/488/488
f 489/489/489 490/490/490 491/491/491
f 492/492/492 493/493/493 494/494/494
f 495/495/495 496/496/496 497/497/497
f 498/498/498 499/499/499 500/500/500
f 492/492/492 497/497/497 501/501/501
f 502/502/502 497/497/497 503/503/503
f 502/502/502 504/504/504 495/495/495
f 505/505/505 506/506/506 504/504/504
f 506/506/506 507/507/507 504/504/504
f 508/508/508 506/506/506 509/509/509
f 493/493/493 498/498/498 510/510/510
f 511/511/511 504/504/504 507/507/507
f 512/512/512 511/511/511 513/513/513
f 514/514/514 511/511/511 507/507/507
f 515/515/515 514/514/514 516/516/516
f 517/517/517 516/516/516 518/518/518
f 519/519/519 520/520/520 508/508/508
f 521/521/521 507/507/507 520/520/520
f 522/522/522 513/513/513 514/514/514
f 523/523/523 513/513/513 524/524/524
f 525/525/525 512/512/512 526/526/526
f 524/524/524 527/527/527 491/491/491
f 528/528/528 529/529/529 530/530/530
f 531/531/531 530/530/530 489/489/489
f 530/530/530 532/532/532 490/490/490
f 533/533/533 528/528/528 534/534/534
f 535/535/535 528/528/528 531/531/531
f 536/536/536 537/537/537 527/527/527
f 538/538/538 536/536/536 539/539/539
f 533/533/533 540/540/540 541/541/541
f 542/542/542 543/543/543 510/510/510
f 544/544/544 545/545/545 542/542/542
f 546/546/546 547/547/547 544/544/544
f 548/548/548 542/542/542 500/500/500
f 498/498/498 542/542/542 510/510/510
f 499/499/499 548/548/548 500/500/500
f 549/549/549 488/488/488 487/487/487
f 550/550/550 487/487/487 551/551/551
f 552/552/552 544/544/544 548/548/548
f 553/553/553 498/498/498 554/554/554
f 555/555/555 552/552/552 556/556/556
f 557/557/557 558/558/558 559/559/559
f 557/557/557 560/560/560 556/556/556
f 488/488/488 561/561/561 499/499/499
f 556/556/556 561/561/561 557/557/557
f 561/561/561 552/552/552 548/548/548
f 523/523/523 526/526/526 512/512/512
f 532/532/532 529/529/529 486/486/486
f 517/517/517 539/539/539 515/515/515
f 515/515/515 539/539/539 522/522/522
f 521/521/521 516/516/516 514/514/514
f 518/518/518 521/521/521 519/519/519
f 497/497/497 525/525/525 501/501/501
f 525/525/525 553/553/553 554/554/554
f 501/501/501 554/554/554 493/493/493
f 494/494/494 510/510/510 543/543/543
f 526/526/526 562/562/562 553/553/553
f 486/486/486 541/541/541 540/540/540
f 486/486/486 499/499/499 553/553/553
f 563/563/563 487/487/487 540/540/540
f 531/531/531 527/527/527 537/537/537
f 532/532/532 553/553/553 562/562/562
f 522/522/522 536/536/536 527/527/527
f 562/562/562 490/490/490 532/532/532
f 523/523/523 491/491/491 490/490/490
f 527/527/527 489/489/489 491/491/491
f 564/564/564 565/565/565 537/537/537
f 537/537/537 535/535/535 531/531/531
f 566/566/566 549/549/549 550/550/550
f 567/567/567 558/558/558 549/549/549
f 567/567/567 568/568/568 559/559/559
f 559/559/559 569/569/569 557/557/557
f 546/546/546 570/570/570 571/571/571
f 572/572/572 573/573/573 574/574/574
f 575/575/575 574/574/574 576/576/576
f 577/577/577 576/576/576 574/574/574
f 577/577/577 573/573/573 578/578/578
f 579/579/579 560/560/560 580/580/580
f 575/575/575 576/576/576 581/581/581
f 582/582/582 583/583/583 584/584/584
f 585/585/585 572/572/572 574/574/574
f 585/585/585 583/583/583 572/572/572
f 586/586/586 583/583/583 587/587/587
f 588/588/588 583/583/583 589/589/589
f 590/590/590 591/591/591 592/592/592
f 593/593/593 594/594/594 590/590/590
f 575/575/575 595/595/595 585/585/585
f 584/584/584 595/595/595 596/596/596
f 582/582/582 596/596/596 597/597/597
f 581/581/581 598/598/598 575/575/575
f 580/580/580 599/599/599 579/579/579
f 600/600/600 601/601/601 602/602/602
f 580/580/580 569/569/569 600/600/600
f 600/600/600 599/599/599 580/580/580
f 603/603/603 604/604/604 601/601/601
f 568/568/568 605/605/605 603/603/603
f 603/603/603 569/569/569 568/568/568
f 606/606/606 607/607/607 608/608/608
f 609/609/609 610/610/610 611/611/611
f 603/603/603 605/605/605 604/604/604
f 612/612/612 609/609/609 611/611/611
f 613/613/613 606/606/606 612/612/612
f 614/614/614 606/606/606 613/613/613
f 615/615/615 616/616/616 617/617/617
f 616/616/616 618/618/618 617/617/617
f 619/619/619 616/616/616 620/620/620
f 621/621/621 620/620/620 622/622/622
f 623/623/623 622/622/622 620/620/620
f 608/608/608 609/609/609 606/606/606
f 598/598/598 624/624/624 625/625/625
f 626/626/626 598/598/598 625/625/625
f 596/596/596 626/626/626 625/625/625
f 597/597/597 625/625/625 624/624/624
f 627/627/627 628/628/628 597/597/597
f 593/593/593 629/629/629 630/630/630
f 582/582/582 628/628/628 589/589/589
f 582/582/582 597/597/597 628/628/628
f 631/631/631 629/629/629 632/632/632
f 633/633/633 634/634/634 635/635/635
f 633/633/633 632/632/632 629/629/629
f 627/627/627 624/624/624 608/608/608
f 636/636/636 637/637/637 627/627/627
f 638/638/638 639/639/639 622/622/622
f 640/640/640 641/641/641 642/642/642
f 643/643/643 644/644/644 645/645/645
f 641/641/641 644/644/644 642/642/642
f 608/608/608 636/636/636 627/627/627
f 639/639/639 644/644/644 607/607/607
f 644/644/644 636/636/636 607/607/607
f 607/607/607 621/621/621 639/639/639
f 646/646/646 638/638/638 622/622/622
f 640/640/640 647/647/647 648/648/648
f 616/616/616 623/623/623 620/620/620
f 649/649/649 619/619/619 621/621/621
f 619/619/619 614/614/614 618/618/618
f 638/638/638 640/640/640 642/642/642
f 641/641/641 648/648/648 650/650/650
f 622/622/622 639/639/639 621/621/621
f 645/645/645 650/650/650 651/651/651
f 616/616/616 652/652/652 623/623/623
f 653/653/653 651/651/651 650/650/650
f 654/654/654 650/650/650 648/648/648
f 643/643/643 645/645/645 651/651/651
f 655/655/655 643/643/643 651/651/651
f 656/656/656 633/633/633 655/655/655
f 657/657/657 623/623/623 652/652/652
f 658/658/658 646/646/646 657/657/657
f 659/659/659 647/647/647 658/658/658
f 660/660/660 648/648/648 659/659/659
f 661/661/661 654/654/654 660/660/660
f 662/662/662 661/661/661 663/663/663
f 662/662/662 664/664/664 665/665/665
f 629/629/629 655/655/655 633/633/633
f 637/637/637 643/643/643 593/593/593
f 637/637/637 590/590/590 628/628/628
f 628/628/628 592/592/592 589/589/589
f 666/666/666 589/589/589 592/592/592
f 591/591/591 666/666/666 592/592/592
f 591/591/591 667/667/667 668/668/668
f 556/556/556 669/669/669 555/555/555
f 670/670/670 656/656/656 671/671/671
f 672/672/672 673/673/673 670/670/670
f 674/674/674 672/672/672 670/670/670
f 675/675/675 676/676/676 677/677/677
f 671/671/671 674/674/674 670/670/670
f 675/675/675 678/678/678 679/679/679
f 631/631/631 594/594/594 630/630/630
f 662/662/662 680/680/680 664/664/664
f 679/679/679 681/681/681 675/675/675
f 682/682/682 683/683/683 684/684/684
f 685/685/685 686/686/686 679/679/679
f 685/685/685 684/684/684 683/683/683
f 653/653/653 662/662/662 665/665/665
f 656/656/656 664/664/664 687/687/687
f 688/688/688 689/689/689 680/680/680
f 664/664/664 680/680/680 687/687/687
f 687/687/687 689/689/689 690/690/690
f 685/685/685 678/678/678 691/691/691
f 671/671/671 687/687/687 690/690/690
f 683/683/683 686/686/686 685/685/685
f 692/692/692 693/693/693 694/694/694
f 695/695/695 681/681/681 696/696/696
f 694/694/694 697/697/697 686/686/686
f 694/694/694 683/683/683 692/692/692
f 686/686/686 698/698/698 679/679/679
f 679/679/679 696/696/696 681/681/681
f 698/698/698 699/699/699 700/700/700
f 700/700/700 696/696/696 698/698/698
f 700/700/700 695/695/695 696/696/696
f 701/701/701 700/700/700 699/699/699
f 702/702/702 681/681/681 703/703/703
f 704/704/704 705/705/705 706/706/706
f 702/702/702 707/707/707 706/706/706
f 675/675/675 706/706/706 705/705/705
f 708/708/708 709/709/709 701/701/701
f 703/703/703 710/710/710 702/702/702
f 695/695/695 711/711/711 703/703/703
f 699/699/699 712/712/712 701/701/701
f 708/708/708 701/701/701 712/712/712
f 713/713/713 699/699/699 698/698/698
f 714/714/714 698/698/698 697/697/697
f 693/693/693 714/714/714 697/697/697
f 715/715/715 716/716/716 693/693/693
f 717/717/717 710/710/710 711/711/711
f 718/718/718 711/711/711 708/708/708
f 712/712/712 719/719/719 708/708/708
f 720/720/720 712/712/712 721/721/721
f 713/713/713 720/720/720 721/721/721
f 714/714/714 722/722/722 713/713/713
f 723/723/723 714/714/714 716/716/716
f 724/724/724 723/723/723 716/716/716
f 724/724/724 725/725/725 726/726/726
f 715/715/715 727/727/727 724/724/724
f 692/692/692 728/728/728 715/715/715
f 682/682/682 729/729/729 692/692/692
f 662/662/662 730/730/730 688/688/688
f 731/731/731 732/732/732 719/719/719
f 712/712/712 731/731/731 719/719/719
f 718/718/718 719/719/719 732/732/732
f 733/733/733 734/734/734 735/735/735
f 735/735/735 736/736/736 737/737/737
f 738/738/738 737/737/737 736/736/736
f 736/736/736 739/739/739 738/738/738
f 740/740/740 741/741/741 732/732/732
f 742/742/742 735/735/735 734/734/734
f 743/743/743 742/742/742 744/744/744
f 739/739/739 744/744/744 745/745/745
f 746/746/746 747/747/747 733/733/733
f 748/748/748 746/746/746 749/749/749
f 750/750/750 749/749/749 751/751/751
f 752/752/752 750/750/750 751/751/751
f 753/753/753 754/754/754 752/752/752
f 748/748/748 755/755/755 756/756/756
f 757/757/757 758/758/758 759/759/759
f 747/747/747 758/758/758 734/734/734
f 747/747/747 756/756/756 759/759/759
f 759/759/759 756/756/756 757/757/757
f 760/760/760 757/757/757 756/756/756
f 761/761/761 762/762/762 760/760/760
f 763/763/763 756/756/756 755/755/755
f 750/750/750 755/755/755 748/748/748
f 761/761/761 764/764/764 765/765/765
f 762/762/762 765/765/765 766/766/766
f 767/767/767 764/764/764 768/768/768
f 769/769/769 766/766/766 765/765/765
f 770/770/770 767/767/767 754/754/754
f 767/767/767 765/765/765 764/764/764
f 763/763/763 768/768/768 764/764/764
f 763/763/763 761/761/761 760/760/760
f 765/765/765 771/771/771 769/769/769
f 772/772/772 773/773/773 774/774/774
f 758/758/758 772/772/772 775/775/775
f 744/744/744 775/775/775 776/776/776
f 777/777/777 775/775/775 774/774/774
f 766/766/766 778/778/778 762/762/762
f 772/772/772 774/774/774 775/775/775
f 745/745/745 776/776/776 779/779/779
f 780/780/780 781/781/781 766/766/766
f 777/777/777 779/779/779 776/776/776
f 782/782/782 762/762/762 778/778/778
f 783/783/783 774/774/774 773/773/773
f 773/773/773 760/760/760 783/783/783
f 782/782/782 784/784/784 785/785/785
f 786/786/786 787/787/787 785/785/785
f 785/785/785 760/760/760 782/782/782
f 788/788/788 785/785/785 784/784/784
f 783/783/783 789/789/789 790/790/790
f 760/760/760 787/787/787 783/783/783
f 791/791/791 792/792/792 793/793/793
f 794/794/794 795/795/795 792/792/792
f 796/796/796 791/791/791 793/793/793
f 797/797/797 798/798/798 796/796/796
f 799/799/799 800/800/800 797/797/797
f 801/801/801 802/802/802 803/803/803
f 804/804/804 805/805/805 806/806/806
f 791/791/791 807/807/807 802/802/802
f 804/804/804 791/791/791 801/801/801
f 808/808/808 797/797/797 781/781/781
f 781/781/781 796/796/796 778/778/778
f 778/778/778 793/793/793 782/782/782
f 794/794/794 806/806/806 805/805/805
f 793/793/793 784/784/784 782/782/782
f 803/803/803 809/809/809 801/801/801
f 795/795/795 784/784/784 792/792/792
f 802/802/802 810/810/810 803/803/803
f 807/807/807 811/811/811 802/802/802
f 800/800/800 807/807/807 798/798/798
f 801/801/801 812/812/812 804/804/804
f 794/794/794 813/813/813 795/795/795
f 813/813/813 814/814/814 795/795/795
f 815/815/815 814/814/814 813/813/813
f 816/816/816 814/814/814 817/817/817
f 777/777/777 790/790/790 818/818/818
f 789/789/789 818/818/818 790/790/790
f 819/819/819 789/789/789 786/786/786
f 788/788/788 819/819/819 786/786/786
f 814/814/814 788/788/788 795/795/795
f 820/820/820 818/818/818 821/821/821
f 821/821/821 819/819/819 816/816/816
f 822/822/822 794/794/794 805/805/805
f 742/742/742 758/758/758 775/775/775
f 822/822/822 815/815/815 813/813/813
f 823/823/823 815/815/815 822/822/822
f 824/824/824 805/805/805 812/812/812
f 825/825/825 826/826/826 827/827/827
f 828/828/828 822/822/822 824/824/824
f 829/829/829 830/830/830 831/831/831
f 832/832/832 829/829/829 831/831/831
f 833/833/833 832/832/832 831/831/831
f 834/834/834 833/833/833 826/826/826
f 835/835/835 836/836/836 800/800/800
f 837/837/837 827/827/827 838/838/838
f 839/839/839 840/840/840 829/829/829
f 841/841/841 829/829/829 842/842/842
f 825/825/825 843/843/843 834/834/834
f 834/834/834 844/844/844 832/832/832
f 845/845/845 841/841/841 842/842/842
f 844/844/844 842/842/842 832/832/832
f 837/837/837 846/846/846 825/825/825
f 845/845/845 847/847/847 848/848/848
f 845/845/845 844/844/844 849/849/849
f 843/843/843 849/849/849 844/844/844
f 850/850/850 849/849/849 851/851/851
f 846/846/846 851/851/851 843/843/843
f 852/852/852 851/851/851 853/853/853
f 854/854/854 853/853/853 846/846/846
f 718/718/718 732/732/732 855/855/855
f 717/717/717 855/855/855 856/856/856
f 704/704/704 857/857/857 858/858/858
f 332/332/332 859/859/859 343/343/343
f 358/358/358 860/860/860 370/370/370
f 707/707/707 856/856/856 861/861/861
f 343/343/343 862/862/862 344/344/344
f 330/330/330 863/863/863 332/332/332
f 779/779/779 864/864/864 745/745/745
f 865/865/865 866/866/866 815/815/815
f 816/816/816 867/867/867 868/868/868
f 869/869/869 738/738/738 870/870/870
f 409/409/409 871/871/871 872/872/872
f 873/873/873 874/874/874 367/367/367
f 412/412/412 872/872/872 875/875/875
f 366/366/366 367/367/367 874/874/874
f 452/452/452 875/875/875 876/876/876
f 821/821/821 868/868/868 877/877/877
f 817/817/817 866/866/866 867/867/867
f 375/375/375 878/878/878 871/871/871
f 448/448/448 879/879/879 446/446/446
f 738/738/738 880/880/880 870/870/870
f 452/452/452 881/881/881 448/448/448
f 882/882/882 883/883/883 884/884/884
f 745/745/745 880/880/880 739/739/739
f 366/366/366 878/878/878 368/368/368
f 821/821/821 885/885/885 820/820/820
f 886/886/886 870/870/870 887/887/887
f 820/820/820 888/888/888 779/779/779
f 446/446/446 883/883/883 447/447/447
f 889/889/889 866/866/866 890/890/890
f 878/878/878 891/891/891 871/871/871
f 871/871/871 892/892/892 872/872/872
f 872/872/872 893/893/893 875/875/875
f 876/876/876 893/893/893 894/894/894
f 881/881/881 894/894/894 895/895/895
f 879/879/879 895/895/895 896/896/896
f 887/887/887 880/880/880 897/897/897
f 883/883/883 896/896/896 884/884/884
f 898/898/898 880/880/880 864/864/864
f 899/899/899 864/864/864 888/888/888
f 900/900/900 888/888/888 885/885/885
f 900/900/900 877/877/877 901/901/901
f 901/901/901 868/868/868 902/902/902
f 902/902/902 867/867/867 889/889/889
f 874/874/874 903/903/903 878/878/878
f 358/358/358 344/344/344 862/862/862
f 329/329/329 904/904/904 330/330/330
f 732/732/732 905/905/905 855/855/855
f 706/706/706 861/861/861 857/857/857
f 855/855/855 906/906/906 856/856/856
f 907/907/907 862/862/862 859/859/859
f 908/908/908 859/859/859 863/863/863
f 856/856/856 909/909/909 861/861/861
f 863/863/863 910/910/910 908/908/908
f 861/861/861 858/858/858 857/857/857
f 289/289/289 280/280/280 281/281/281
f 655/655/655 665/665/665 656/656/656
f 1/1/1 11/11/11 2/2/2
f 4/4/4 56/56/56 5/5/5
f 7/7/7 1/1/1 3/3/3
f 9/9/9 4/4/4 6/6/6
f 11/11/11 113/113/113 12/12/12
f 5/5/5 56/56/56 13/13/13
f 12/12/12 113/113/113 15/15/15
f 13/13/13 911/911/911 17/17/17
f 18/18/18 112/112/112 19/19/19
f 21/21/21 49/49/49 22/22/22
f 20/20/20 19/19/19 24/24/24
f 22/22/22 45/45/45 26/26/26
f 26/26/26 45/45/45 27/27/27
f 28/28/28 27/27/27 29/29/29
f 25/25/25 24/24/24 31/31/31
f 32/32/32 31/31/31 33/33/33
f 34/34/34 33/33/33 35/35/35
f 37/37/37 35/35/35 33/33/33
f 38/38/38 29/29/29 39/39/39
f 37/37/37 38/38/38 40/40/40
f 43/43/43 39/39/39 29/29/29
f 44/44/44 27/27/27 45/45/45
f 46/46/46 45/45/45 22/22/22
f 48/48/48 47/47/47 22/22/22
f 50/50/50 56/56/56 4/4/4
f 51/51/51 4/4/4 9/9/9
f 7/7/7 8/8/8 53/53/53
f 54/54/54 911/911/911 13/13/13
f 56/56/56 50/50/50 55/55/55
f 57/57/57 67/67/67 58/58/58
f 60/60/60 69/69/69 61/61/61
f 63/63/63 912/912/912 59/59/59
f 62/62/62 61/61/61 64/64/64
f 66/66/66 71/71/71 67/67/67
f 60/60/60 73/73/73 68/68/68
f 66/66/66 913/913/913 70/70/70
f 72/72/72 914/914/914 68/68/68
f 74/74/74 80/80/80 75/75/75
f 77/77/77 83/83/83 78/78/78
f 80/80/80 88/88/88 81/81/81
f 82/82/82 85/85/85 78/78/78
f 82/82/82 86/86/86 84/84/84
f 86/86/86 111/111/111 87/87/87
f 88/88/88 91/91/91 89/89/89
f 90/90/90 89/89/89 91/91/91
f 92/92/92 98/98/98 93/93/93
f 94/94/94 111/111/111 90/90/90
f 95/95/95 97/97/97 96/96/96
f 94/94/94 915/915/915 97/97/97
f 100/100/100 84/84/84 87/87/87
f 85/85/85 84/84/84 101/101/101
f 78/78/78 85/85/85 102/102/102
f 104/104/104 79/79/79 78/78/78
f 61/61/61 69/69/69 105/105/105
f 64/64/64 61/61/61 106/106/106
f 108/108/108 912/912/912 63/63/63
f 68/68/68 914/914/914 109/109/109
f 110/110/110 105/105/105 69/69/69
f 64/64/64 107/107/107 108/108/108
f 99/99/99 915/915/915 94/94/94
f 95/95/95 87/87/87 111/111/111
f 89/89/89 90/90/90 111/111/111
f 81/81/81 89/89/89 86/86/86
f 81/81/81 82/82/82 83/83/83
f 75/75/75 83/83/83 77/77/77
f 70/70/70 72/72/72 73/73/73
f 71/71/71 73/73/73 60/60/60
f 58/58/58 62/62/62 65/65/65
f 67/67/67 60/60/60 62/62/62
f 9/9/9 10/10/10 53/53/53
f 37/37/37 41/41/41 42/42/42
f 38/38/38 37/37/37 30/30/30
f 31/31/31 28/28/28 30/30/30
f 24/24/24 26/26/26 28/28/28
f 23/23/23 26/26/26 24/24/24
f 112/112/112 21/21/21 23/23/23
f 14/14/14 17/17/17 15/15/15
f 11/11/11 5/5/5 14/14/14
f 10/10/10 6/6/6 1/1/1
f 6/6/6 5/5/5 11/11/11
f 114/114/114 167/167/167 115/115/115
f 117/117/117 191/191/191 118/118/118
f 120/120/120 189/189/189 121/121/121
f 123/123/123 129/129/129 124/124/124
f 121/121/121 189/189/189 129/129/129
f 129/129/129 123/123/123 131/131/131
f 131/131/131 123/123/123 132/132/132
f 133/133/133 132/132/132 134/134/134
f 134/134/134 132/132/132 136/136/136
f 134/134/134 137/137/137 138/138/138
f 120/120/120 170/170/170 126/126/126
f 132/132/132 123/123/123 125/125/125
f 125/125/125 124/124/124 140/140/140
f 142/142/142 136/136/136 125/125/125
f 142/142/142 149/149/149 143/143/143
f 144/144/144 143/143/143 145/145/145
f 137/137/137 148/148/148 147/147/147
f 136/136/136 142/142/142 148/148/148
f 149/149/149 142/142/142 141/141/141
f 141/141/141 140/140/140 151/151/151
f 140/140/140 124/124/124 152/152/152
f 150/150/150 191/191/191 154/154/154
f 155/155/155 119/119/119 156/156/156
f 119/119/119 155/155/155 158/158/158
f 119/119/119 118/118/118 159/159/159
f 155/155/155 157/157/157 160/160/160
f 155/155/155 161/161/161 162/162/162
f 163/163/163 192/192/192 164/164/164
f 164/164/164 192/192/192 165/165/165
f 167/167/167 190/190/190 160/160/160
f 168/168/168 171/171/171 169/169/169
f 171/171/171 173/173/173 172/172/172
f 173/173/173 916/916/916 174/174/174
f 175/175/175 127/127/127 169/169/169
f 126/126/126 170/170/170 169/169/169
f 128/128/128 127/127/127 175/175/175
f 177/177/177 114/114/114 116/116/116
f 114/114/114 177/177/177 179/179/179
f 181/181/181 175/175/175 172/172/172
f 126/126/126 128/128/128 182/182/182
f 181/181/181 174/174/174 183/183/183
f 178/178/178 176/176/176 185/185/185
f 187/187/187 197/197/197 185/185/185
f 116/116/116 128/128/128 176/176/176
f 176/176/176 181/181/181 184/184/184
f 151/151/151 140/140/140 153/153/153
f 145/145/145 143/143/143 166/166/166
f 148/148/148 144/144/144 146/146/146
f 129/129/129 189/189/189 152/152/152
f 152/152/152 139/139/139 182/182/182
f 189/189/189 120/120/120 139/139/139
f 170/170/170 120/120/120 122/122/122
f 115/115/115 167/167/167 157/157/157
f 115/115/115 182/182/182 128/128/128
f 190/190/190 167/167/167 114/114/114
f 158/158/158 163/163/163 154/154/154
f 182/182/182 115/115/115 159/159/159
f 164/164/164 166/166/166 149/149/149
f 118/118/118 151/151/151 188/188/188
f 191/191/191 150/150/150 151/151/151
f 163/163/163 158/158/158 162/162/162
f 177/177/177 195/195/195 194/194/194
f 178/178/178 186/186/186 195/195/195
f 196/196/196 232/232/232 195/195/195
f 197/197/197 196/196/196 186/186/186
f 174/174/174 916/916/916 198/198/198
f 199/199/199 212/212/212 200/200/200
f 201/201/201 211/211/211 202/202/202
f 204/204/204 917/917/917 199/199/199
f 187/187/187 295/295/295 205/205/205
f 208/208/208 215/215/215 209/209/209
f 211/211/211 200/200/200 208/208/208
f 208/208/208 200/200/200 212/212/212
f 208/208/208 213/213/213 214/214/214
f 216/216/216 291/291/291 217/217/217
f 218/218/218 256/256/256 219/219/219
f 202/202/202 211/211/211 220/220/220
f 220/220/220 211/211/211 210/210/210
f 222/222/222 210/210/210 209/209/209
f 207/207/207 202/202/202 224/224/224
f 227/227/227 918/918/918 228/228/228
f 197/197/197 187/187/187 206/206/206
f 226/226/226 918/918/918 227/227/227
f 196/196/196 229/229/229 231/231/231
f 229/229/229 196/196/196 197/197/197
f 233/233/233 240/240/240 234/234/234
f 236/236/236 919/919/919 225/225/225
f 237/237/237 919/919/919 236/236/236
f 239/239/239 238/238/238 234/234/234
f 241/241/241 244/244/244 242/242/242
f 242/242/242 245/245/245 246/246/246
f 247/247/247 246/246/246 248/248/248
f 249/249/249 272/272/272 250/250/250
f 235/235/235 234/234/234 236/236/236
f 251/251/251 236/236/236 224/224/224
f 221/221/221 252/252/252 224/224/224
f 222/222/222 252/252/252 221/221/221
f 252/252/252 222/222/222 223/223/223
f 253/253/253 223/223/223 254/254/254
f 258/258/258 257/257/257 256/256/256
f 260/260/260 920/920/920 261/261/261
f 258/258/258 920/920/920 260/260/260
f 251/251/251 223/223/223 253/253/253
f 255/255/255 270/270/270 263/263/263
f 264/264/264 267/267/267 265/265/265
f 269/269/269 263/263/263 270/270/270
f 268/268/268 267/267/267 269/269/269
f 235/235/235 253/253/253 263/263/263
f 269/269/269 267/267/267 264/264/264
f 248/248/248 240/240/240 233/233/233
f 265/265/265 273/273/273 272/272/272
f 273/273/273 265/265/265 266/266/266
f 246/246/246 239/239/239 240/240/240
f 274/274/274 266/266/266 268/268/268
f 275/275/275 268/268/268 271/271/271
f 242/242/242 250/250/250 277/277/277
f 276/276/276 289/289/289 278/278/278
f 275/275/275 278/278/278 279/279/279
f 280/280/280 276/276/276 270/270/270
f 281/281/281 280/280/280 260/260/260
f 282/282/282 277/277/277 250/250/250
f 283/283/283 282/282/282 272/272/272
f 284/284/284 283/283/283 273/273/273
f 285/285/285 284/284/284 274/274/274
f 286/286/286 285/285/285 279/279/279
f 286/286/286 278/278/278 287/287/287
f 280/280/280 219/219/219 257/257/257
f 216/216/216 219/219/219 255/255/255
f 254/254/254 215/215/215 291/291/291
f 292/292/292 291/291/291 215/215/215
f 217/217/217 291/291/291 292/292/292
f 294/294/294 218/218/218 217/217/217
f 295/295/295 187/187/187 184/184/184
f 296/296/296 302/302/302 281/281/281
f 296/296/296 262/262/262 261/261/261
f 297/297/297 921/921/921 298/298/298
f 299/299/299 331/331/331 300/300/300
f 303/303/303 301/301/301 300/300/300
f 259/259/259 256/256/256 218/218/218
f 290/290/290 313/313/313 305/305/305
f 307/307/307 317/317/317 308/308/308
f 309/309/309 922/922/922 310/310/310
f 312/312/312 313/313/313 290/290/290
f 315/315/315 314/314/314 313/313/313
f 310/310/310 922/922/922 303/303/303
f 312/312/312 281/281/281 302/302/302
f 307/307/307 310/310/310 311/311/311
f 317/317/317 316/316/316 318/318/318
f 306/306/306 335/335/335 320/320/320
f 316/316/316 311/311/311 322/322/322
f 311/311/311 304/304/304 323/323/323
f 304/304/304 306/306/306 321/321/321
f 324/324/324 321/321/321 320/320/320
f 324/324/324 326/326/326 327/327/327
f 328/328/328 335/335/335 306/306/306
f 328/328/328 330/330/330 332/332/332
f 330/330/330 328/328/328 300/300/300
f 326/326/326 320/320/320 334/334/334
f 335/335/335 328/328/328 333/333/333
f 336/336/336 334/334/334 320/320/320
f 325/325/325 327/327/327 337/337/337
f 325/325/325 338/338/338 339/339/339
f 323/323/323 339/339/339 340/340/340
f 318/318/318 322/322/322 340/340/340
f 319/319/319 318/318/318 341/341/341
f 343/343/343 336/336/336 333/333/333
f 336/336/336 343/343/343 344/344/344
f 337/337/337 360/360/360 346/346/346
f 339/339/339 338/338/338 346/346/346
f 340/340/340 339/339/339 347/347/347
f 340/340/340 348/348/348 349/349/349
f 342/342/342 341/341/341 349/349/349
f 342/342/342 350/350/350 351/351/351
f 319/319/319 342/342/342 352/352/352
f 317/317/317 319/319/319 353/353/353
f 308/308/308 317/317/317 354/354/354
f 287/287/287 305/305/305 356/356/356
f 357/357/357 345/345/345 358/358/358
f 337/337/337 345/345/345 357/357/357
f 345/345/345 334/334/334 344/344/344
f 361/361/361 373/373/373 362/362/362
f 366/366/366 365/365/365 364/364/364
f 365/365/365 366/366/366 368/368/368
f 359/359/359 358/358/358 370/370/370
f 361/361/361 365/365/365 372/372/372
f 372/372/372 365/365/365 369/369/369
f 374/374/374 369/369/369 368/368/368
f 376/376/376 363/363/363 362/362/362
f 376/376/376 377/377/377 378/378/378
f 379/379/379 378/378/378 380/380/380
f 382/382/382 381/381/381 380/380/380
f 384/384/384 382/382/382 383/383/383
f 387/387/387 402/402/402 388/388/388
f 362/362/362 373/373/373 387/387/387
f 390/390/390 377/377/377 388/388/388
f 377/377/377 390/390/390 394/394/394
f 380/380/380 378/378/378 386/386/386
f 396/396/396 394/394/394 392/392/392
f 397/397/397 392/392/392 393/393/393
f 383/383/383 380/380/380 395/395/395
f 395/395/395 396/396/396 399/399/399
f 398/398/398 410/410/410 400/400/400
f 385/385/385 383/383/383 399/399/399
f 394/394/394 396/396/396 395/395/395
f 401/401/401 399/399/399 397/397/397
f 391/391/391 388/388/388 402/402/402
f 404/404/404 372/372/372 374/374/374
f 404/404/404 405/405/405 406/406/406
f 398/398/398 393/393/393 407/407/407
f 405/405/405 374/374/374 375/375/375
f 410/410/410 398/398/398 408/408/408
f 405/405/405 409/409/409 412/412/412
f 413/413/413 407/407/407 393/393/393
f 403/403/403 450/450/450 414/414/414
f 417/417/417 420/420/420 418/418/418
f 415/415/415 413/413/413 390/390/390
f 415/415/415 418/418/418 419/419/419
f 414/414/414 450/450/450 420/420/420
f 421/421/421 439/439/439 422/422/422
f 426/426/426 423/423/423 422/422/422
f 428/428/428 426/426/426 427/427/427
f 430/430/430 428/428/428 429/429/429
f 432/432/432 422/422/422 433/433/433
f 435/435/435 439/439/439 436/436/436
f 422/422/422 432/432/432 438/438/438
f 422/422/422 439/439/439 435/435/435
f 411/411/411 408/408/408 428/428/428
f 408/408/408 407/407/407 426/426/426
f 407/407/407 413/413/413 423/423/423
f 439/439/439 421/421/421 424/424/424
f 416/416/416 421/421/421 423/423/423
f 434/434/434 433/433/433 440/440/440
f 425/425/425 421/421/421 416/416/416
f 432/432/432 434/434/434 441/441/441
f 432/432/432 442/442/442 443/443/443
f 438/438/438 443/443/443 429/429/429
f 433/433/433 435/435/435 437/437/437
f 444/444/444 445/445/445 446/446/446
f 448/448/448 446/446/446 445/445/445
f 450/450/450 403/403/403 406/406/406
f 420/420/420 451/451/451 449/449/449
f 419/419/419 449/449/449 445/445/445
f 452/452/452 451/451/451 406/406/406
f 452/452/452 448/448/448 449/449/449
f 424/424/424 444/444/444 453/453/453
f 372/372/372 404/404/404 387/387/387
f 447/447/447 882/882/882 454/454/454
f 436/436/436 453/453/453 455/455/455
f 456/456/456 465/465/465 457/457/457
f 459/459/459 455/455/455 453/453/453
f 460/460/460 470/470/470 461/461/461
f 461/461/461 473/473/473 463/463/463
f 464/464/464 463/463/463 465/465/465
f 431/431/431 429/429/429 443/443/443
f 468/468/468 467/467/467 458/458/458
f 469/469/469 461/461/461 470/470/470
f 461/461/461 469/469/469 472/472/472
f 457/457/457 465/465/465 474/474/474
f 465/465/465 463/463/463 476/476/476
f 473/473/473 472/472/472 477/477/477
f 473/473/473 478/478/478 476/476/476
f 468/468/468 457/457/457 475/475/475
f 478/478/478 477/477/477 480/480/480
f 474/474/474 476/476/476 481/481/481
f 483/483/483 482/482/482 481/481/481
f 475/475/475 474/474/474 482/482/482
f 485/485/485 484/484/484 482/482/482
f 479/479/479 475/475/475 484/484/484
f 486/486/486 540/540/540 487/487/487
f 489/489/489 530/530/530 490/490/490
f 492/492/492 501/501/501 493/493/493
f 495/495/495 511/511/511 496/496/496
f 492/492/492 503/503/503 497/497/497
f 502/502/502 495/495/495 497/497/497
f 502/502/502 505/505/505 504/504/504
f 505/505/505 509/509/509 506/506/506
f 506/506/506 520/520/520 507/507/507
f 508/508/508 520/520/520 506/506/506
f 493/493/493 554/554/554 498/498/498
f 511/511/511 495/495/495 504/504/504
f 512/512/512 496/496/496 511/511/511
f 514/514/514 513/513/513 511/511/511
f 515/515/515 522/522/522 514/514/514
f 517/517/517 515/515/515 516/516/516
f 519/519/519 521/521/521 520/520/520
f 521/521/521 514/514/514 507/507/507
f 522/522/522 524/524/524 513/513/513
f 523/523/523 512/512/512 513/513/513
f 525/525/525 496/496/496 512/512/512
f 524/524/524 522/522/522 527/527/527
f 528/528/528 541/541/541 529/529/529
f 531/531/531 528/528/528 530/530/530
f 530/530/530 529/529/529 532/532/532
f 533/533/533 541/541/541 528/528/528
f 535/535/535 534/534/534 528/528/528
f 536/536/536 564/564/564 537/537/537
f 538/538/538 564/564/564 536/536/536
f 533/533/533 563/563/563 540/540/540
f 542/542/542 545/545/545 543/543/543
f 544/544/544 547/547/547 545/545/545
f 546/546/546 571/571/571 547/547/547
f 548/548/548 544/544/544 542/542/542
f 498/498/498 500/500/500 542/542/542
f 499/499/499 561/561/561 548/548/548
f 549/549/549 558/558/558 488/488/488
f 550/550/550 549/549/549 487/487/487
f 552/552/552 546/546/546 544/544/544
f 553/553/553 499/499/499 498/498/498
f 555/555/555 546/546/546 552/552/552
f 557/557/557 561/561/561 558/558/558
f 557/557/557 569/569/569 560/560/560
f 488/488/488 558/558/558 561/561/561
f 556/556/556 552/552/552 561/561/561
f 523/523/523 562/562/562 526/526/526
f 517/517/517 538/538/538 539/539/539
f 518/518/518 516/516/516 521/521/521
f 497/497/497 496/496/496 525/525/525
f 525/525/525 526/526/526 553/553/553
f 501/501/501 525/525/525 554/554/554
f 494/494/494 493/493/493 510/510/510
f 486/486/486 529/529/529 541/541/541
f 486/486/486 488/488/488 499/499/499
f 563/563/563 551/551/551 487/487/487
f 531/531/531 489/489/489 527/527/527
f 532/532/532 486/486/486 553/553/553
f 522/522/522 539/539/539 536/536/536
f 562/562/562 523/523/523 490/490/490
f 523/523/523 524/524/524 491/491/491
f 537/537/537 565/565/565 535/535/535
f 566/566/566 567/567/567 549/549/549
f 567/567/567 559/559/559 558/558/558
f 567/567/567 923/923/923 568/568/568
f 559/559/559 568/568/568 569/569/569
f 546/546/546 555/555/555 570/570/570
f 572/572/572 586/586/586 573/573/573
f 575/575/575 585/585/585 574/574/574
f 577/577/577 574/574/574 573/573/573
f 579/579/579 669/669/669 560/560/560
f 582/582/582 589/589/589 583/583/583
f 585/585/585 584/584/584 583/583/583
f 586/586/586 572/572/572 583/583/583
f 588/588/588 587/587/587 583/583/583
f 590/590/590 594/594/594 591/591/591
f 593/593/593 630/630/630 594/594/594
f 575/575/575 626/626/626 595/595/595
f 584/584/584 585/585/585 595/595/595
f 582/582/582 584/584/584 596/596/596
f 581/581/581 610/610/610 598/598/598
f 600/600/600 603/603/603 601/601/601
f 580/580/580 560/560/560 569/569/569
f 600/600/600 602/602/602 599/599/599
f 568/568/568 923/923/923 605/605/605
f 603/603/603 600/600/600 569/569/569
f 606/606/606 649/649/649 607/607/607
f 609/609/609 598/598/598 610/610/610
f 612/612/612 606/606/606 609/609/609
f 614/614/614 649/649/649 606/606/606
f 615/615/615 924/924/924 616/616/616
f 619/619/619 618/618/618 616/616/616
f 621/621/621 619/619/619 620/620/620
f 623/623/623 646/646/646 622/622/622
f 608/608/608 624/624/624 609/609/609
f 598/598/598 609/609/609 624/624/624
f 626/626/626 575/575/575 598/598/598
f 596/596/596 595/595/595 626/626/626
f 597/597/597 596/596/596 625/625/625
f 627/627/627 637/637/637 628/628/628
f 631/631/631 630/630/630 629/629/629
f 633/633/633 673/673/673 634/634/634
f 633/633/633 635/635/635 632/632/632
f 627/627/627 597/597/597 624/624/624
f 636/636/636 643/643/643 637/637/637
f 638/638/638 642/642/642 639/639/639
f 643/643/643 636/636/636 644/644/644
f 641/641/641 645/645/645 644/644/644
f 608/608/608 607/607/607 636/636/636
f 639/639/639 642/642/642 644/644/644
f 607/607/607 649/649/649 621/621/621
f 646/646/646 647/647/647 638/638/638
f 640/640/640 638/638/638 647/647/647
f 649/649/649 614/614/614 619/619/619
f 641/641/641 640/640/640 648/648/648
f 645/645/645 641/641/641 650/650/650
f 616/616/616 924/924/924 652/652/652
f 653/653/653 665/665/665 651/651/651
f 654/654/654 653/653/653 650/650/650
f 655/655/655 593/593/593 643/643/643
f 656/656/656 673/673/673 633/633/633
f 657/657/657 646/646/646 623/623/623
f 658/658/658 647/647/647 646/646/646
f 659/659/659 648/648/648 647/647/647
f 660/660/660 654/654/654 648/648/648
f 661/661/661 653/653/653 654/654/654
f 662/662/662 653/653/653 661/661/661
f 629/629/629 593/593/593 655/655/655
f 637/637/637 593/593/593 590/590/590
f 628/628/628 590/590/590 592/592/592
f 666/666/666 588/588/588 589/589/589
f 591/591/591 668/668/668 666/666/666
f 591/591/591 594/594/594 667/667/667
f 556/556/556 560/560/560 669/669/669
f 670/670/670 673/673/673 656/656/656
f 672/672/672 634/634/634 673/673/673
f 674/674/674 925/925/925 672/672/672
f 675/675/675 705/705/705 676/676/676
f 675/675/675 677/677/677 678/678/678
f 631/631/631 667/667/667 594/594/594
f 662/662/662 688/688/688 680/680/680
f 682/682/682 692/692/692 683/683/683
f 685/685/685 691/691/691 684/684/684
f 687/687/687 680/680/680 689/689/689
f 685/685/685 679/679/679 678/678/678
f 671/671/671 656/656/656 687/687/687
f 683/683/683 694/694/694 686/686/686
f 692/692/692 715/715/715 693/693/693
f 695/695/695 703/703/703 681/681/681
f 694/694/694 693/693/693 697/697/697
f 686/686/686 697/697/697 698/698/698
f 679/679/679 698/698/698 696/696/696
f 700/700/700 709/709/709 695/695/695
f 701/701/701 709/709/709 700/700/700
f 702/702/702 675/675/675 681/681/681
f 702/702/702 710/710/710 707/707/707
f 675/675/675 702/702/702 706/706/706
f 708/708/708 695/695/695 709/709/709
f 703/703/703 711/711/711 710/710/710
f 695/695/695 708/708/708 711/711/711
f 699/699/699 721/721/721 712/712/712
f 713/713/713 721/721/721 699/699/699
f 714/714/714 713/713/713 698/698/698
f 693/693/693 716/716/716 714/714/714
f 715/715/715 724/724/724 716/716/716
f 717/717/717 707/707/707 710/710/710
f 718/718/718 717/717/717 711/711/711
f 720/720/720 926/926/926 712/712/712
f 713/713/713 722/722/722 720/720/720
f 714/714/714 927/927/927 722/722/722
f 723/723/723 927/927/927 714/714/714
f 724/724/724 726/726/726 723/723/723
f 724/724/724 727/727/727 725/725/725
f 715/715/715 728/728/728 727/727/727
f 692/692/692 729/729/729 728/728/728
f 682/682/682 928/928/928 729/729/729
f 662/662/662 663/663/663 730/730/730
f 731/731/731 740/740/740 732/732/732
f 712/712/712 926/926/926 731/731/731
f 718/718/718 708/708/708 719/719/719
f 733/733/733 747/747/747 734/734/734
f 738/738/738 869/869/869 737/737/737
f 736/736/736 743/743/743 739/739/739
f 740/740/740 929/929/929 741/741/741
f 742/742/742 736/736/736 735/735/735
f 743/743/743 736/736/736 742/742/742
f 739/739/739 743/743/743 744/744/744
f 746/746/746 756/756/756 747/747/747
f 748/748/748 756/756/756 746/746/746
f 750/750/750 748/748/748 749/749/749
f 752/752/752 754/754/754 750/750/750
f 753/753/753 770/770/770 754/754/754
f 757/757/757 772/772/772 758/758/758
f 747/747/747 759/759/759 758/758/758
f 760/760/760 773/773/773 757/757/757
f 763/763/763 760/760/760 756/756/756
f 750/750/750 768/768/768 755/755/755
f 761/761/761 763/763/763 764/764/764
f 762/762/762 761/761/761 765/765/765
f 768/768/768 750/750/750 754/754/754
f 754/754/754 767/767/767 768/768/768
f 769/769/769 780/780/780 766/766/766
f 770/770/770 771/771/771 767/767/767
f 763/763/763 755/755/755 768/768/768
f 765/765/765 767/767/767 771/771/771
f 772/772/772 757/757/757 773/773/773
f 744/744/744 742/742/742 775/775/775
f 777/777/777 776/776/776 775/775/775
f 766/766/766 781/781/781 778/778/778
f 745/745/745 744/744/744 776/776/776
f 780/780/780 808/808/808 781/781/781
f 777/777/777 820/820/820 779/779/779
f 782/782/782 760/760/760 762/762/762
f 783/783/783 790/790/790 774/774/774
f 786/786/786 789/789/789 787/787/787
f 785/785/785 787/787/787 760/760/760
f 788/788/788 786/786/786 785/785/785
f 783/783/783 787/787/787 789/789/789
f 791/791/791 806/806/806 792/792/792
f 796/796/796 798/798/798 791/791/791
f 797/797/797 800/800/800 798/798/798
f 799/799/799 835/835/835 800/800/800
f 801/801/801 791/791/791 802/802/802
f 804/804/804 812/812/812 805/805/805
f 791/791/791 798/798/798 807/807/807
f 804/804/804 806/806/806 791/791/791
f 808/808/808 799/799/799 797/797/797
f 781/781/781 797/797/797 796/796/796
f 778/778/778 796/796/796 793/793/793
f 794/794/794 792/792/792 806/806/806
f 793/793/793 792/792/792 784/784/784
f 803/803/803 810/810/810 809/809/809
f 795/795/795 788/788/788 784/784/784
f 802/802/802 811/811/811 810/810/810
f 807/807/807 836/836/836 811/811/811
f 800/800/800 836/836/836 807/807/807
f 801/801/801 809/809/809 812/812/812
f 815/815/815 817/817/817 814/814/814
f 816/816/816 819/819/819 814/814/814
f 777/777/777 774/774/774 790/790/790
f 819/819/819 818/818/818 789/789/789
f 814/814/814 819/819/819 788/788/788
f 820/820/820 777/777/777 818/818/818
f 821/821/821 818/818/818 819/819/819
f 822/822/822 813/813/813 794/794/794
f 742/742/742 734/734/734 758/758/758
f 823/823/823 865/865/865 815/815/815
f 824/824/824 822/822/822 805/805/805
f 825/825/825 834/834/834 826/826/826
f 828/828/828 823/823/823 822/822/822
f 829/829/829 840/840/840 830/830/830
f 832/832/832 842/842/842 829/829/829
f 834/834/834 832/832/832 833/833/833
f 930/930/930 838/838/838 827/827/827
f 837/837/837 825/825/825 827/827/827
f 839/839/839 931/931/931 840/840/840
f 841/841/841 839/839/839 829/829/829
f 825/825/825 846/846/846 843/843/843
f 834/834/834 843/843/843 844/844/844
f 845/845/845 848/848/848 841/841/841
f 844/844/844 845/845/845 842/842/842
f 837/837/837 854/854/854 846/846/846
f 845/845/845 849/849/849 847/847/847
f 843/843/843 851/851/851 849/849/849
f 850/850/850 847/847/847 849/849/849
f 846/846/846 853/853/853 851/851/851
f 852/852/852 850/850/850 851/851/851
f 854/854/854 852/852/852 853/853/853
f 717/717/717 718/718/718 855/855/855
f 704/704/704 706/706/706 857/857/857
f 332/332/332 863/863/863 859/859/859
f 358/358/358 862/862/862 860/860/860
f 707/707/707 717/717/717 856/856/856
f 343/343/343 859/859/859 862/862/862
f 330/330/330 904/904/904 863/863/863
f 779/779/779 888/888/888 864/864/864
f 865/865/865 890/890/890 866/866/866
f 816/816/816 817/817/817 867/867/867
f 409/409/409 375/375/375 871/871/871
f 873/873/873 932/932/932 874/874/874
f 412/412/412 409/409/409 872/872/872
f 452/452/452 412/412/412 875/875/875
f 821/821/821 816/816/816 868/868/868
f 817/817/817 815/815/815 866/866/866
f 375/375/375 368/368/368 878/878/878
f 448/448/448 881/881/881 879/879/879
f 738/738/738 739/739/739 880/880/880
f 452/452/452 876/876/876 881/881/881
f 882/882/882 447/447/447 883/883/883
f 745/745/745 864/864/864 880/880/880
f 366/366/366 874/874/874 878/878/878
f 821/821/821 877/877/877 885/885/885
f 886/886/886 869/869/869 870/870/870
f 820/820/820 885/885/885 888/888/888
f 446/446/446 879/879/879 883/883/883
f 889/889/889 867/867/867 866/866/866
f 878/878/878 903/903/903 891/891/891
f 871/871/871 891/891/891 892/892/892
f 872/872/872 892/892/892 893/893/893
f 876/876/876 875/875/875 893/893/893
f 881/881/881 876/876/876 894/894/894
f 879/879/879 881/881/881 895/895/895
f 887/887/887 870/870/870 880/880/880
f 883/883/883 879/879/879 896/896/896
f 898/898/898 897/897/897 880/880/880
f 899/899/899 898/898/898 864/864/864
f 900/900/900 899/899/899 888/888/888
f 900/900/900 885/885/885 877/877/877
f 901/901/901 877/877/877 868/868/868
f 902/902/902 868/868/868 867/867/867
f 874/874/874 932/932/932 903/903/903
f 329/329/329 910/910/910 904/904/904
f 732/732/732 741/741/741 905/905/905
f 706/706/706 707/707/707 861/861/861
f 855/855/855 905/905/905 906/906/906
f 907/907/907 860/860/860 862/862/862
f 908/908/908 907/907/907 859/859/859
f 856/856/856 906/906/906 909/909/909
f 863/863/863 904/904/904 910/910/910
f 861/861/861 909/909/909 858/858/858
f 289/289/289 276/276/276 280/280/280
f 651/651/651 665/665/665 655/655/655
f 665/665/665 664/664/664 656/656/656
