# Blender 5.1.0
# www.blender.org
mtllib wooden_bucket_01_1k.mtl
g wooden_bucket_01_Mesh
v 0.083158 0.114999 0.002223
v 0.098330 0.136009 0.317129
v -0.122718 0.082607 0.002223
v 0.079453 -0.123436 0.002223
v 0.090241 -0.140269 0.314081
v -0.047091 -0.161867 0.316979
v -0.126141 -0.074297 0.002357
v -0.144816 -0.085536 0.314834
v -0.145973 -0.009588 0.002223
v -0.167332 -0.011107 0.314772
v -0.096989 0.118595 0.002223
v -0.103167 0.130397 0.318824
v -0.121517 0.080990 0.002223
v -0.147320 0.026578 0.002223
v -0.167486 0.028992 0.314715
v -0.144553 0.027460 0.002223
v -0.165598 0.030385 0.314442
v -0.127978 0.106351 0.318824
v -0.118201 0.097432 0.002223
v -0.136388 0.095876 0.318824
v -0.122493 0.092085 0.002223
v -0.089879 0.123796 0.002223
v -0.093384 0.126443 0.319047
v -0.082461 0.128556 0.002223
v -0.095687 0.134396 0.286890
v -0.080132 0.127234 0.002223
v -0.000560 0.150254 0.002223
v -0.029024 0.169253 0.318220
v -0.026581 0.148152 0.002223
v 0.023456 0.148717 0.002223
v 0.026974 0.169861 0.318220
v 0.041084 0.143237 0.002223
v 0.046693 0.162295 0.318220
v 0.101762 0.108354 0.002223
v 0.115640 0.123100 0.316658
v 0.126859 0.077494 0.002223
v 0.143726 0.087930 0.316893
v 0.100848 0.135160 0.315767
v 0.096040 0.113760 0.002223
v -0.040062 0.165317 0.318220
v -0.035937 0.146004 0.002223
v -0.012940 0.149622 0.002223
v -0.014546 0.171189 0.318220
v 0.013250 0.171361 0.318220
v 0.011514 0.149773 0.002223
v 0.037330 0.166766 0.318220
v 0.032810 0.146706 0.002223
v 0.118413 -0.089878 0.002223
v 0.137556 -0.097240 0.312657
v 0.137260 -0.092569 0.314217
v 0.121173 -0.081728 0.002223
v 0.082506 -0.123559 0.002223
v 0.095983 -0.138146 0.312657
v 0.117240 -0.121369 0.312657
v 0.103324 -0.107000 0.002223
v 0.046017 -0.159571 0.318220
v -0.000221 -0.151294 0.002223
v 0.042239 -0.165718 0.318220
v 0.038576 -0.145122 0.002223
v 0.016636 -0.149235 0.002223
v 0.018859 -0.171097 0.318220
v -0.028371 -0.147562 0.002223
v -0.032308 -0.168674 0.318220
v -0.039685 -0.144269 0.002223
v -0.045050 -0.164704 0.318220
v -0.116542 -0.092454 0.002290
v -0.132443 -0.105066 0.316979
v -0.102916 -0.133469 0.316549
v -0.091604 -0.117509 0.002256
v -0.126224 -0.078884 0.002319
v -0.144300 -0.088443 0.316979
v -0.168904 0.018027 0.314715
v -0.148624 0.015853 0.002223
v -0.169592 -0.009825 0.314715
v -0.147818 -0.008220 0.002223
v -0.149925 -0.000627 0.002223
v -0.170384 -0.000706 0.314715
v -0.017347 -0.171195 0.318220
v -0.015145 -0.149626 0.002223
v 0.032590 -0.168610 0.318220
v 0.028781 -0.147435 0.002223
v 0.127550 -0.109791 0.312657
v 0.112652 -0.096893 0.002223
v 0.092667 -0.116231 0.002223
v 0.105696 -0.130637 0.312657
v 0.144572 0.009664 0.002223
v 0.148921 -0.004008 0.002223
v 0.168812 -0.005937 0.317117
v 0.132025 0.104957 0.317096
v 0.117026 0.092358 0.002223
v -0.107635 0.109411 0.002223
v -0.115967 0.119968 0.318824
v -0.104403 -0.106545 0.002273
v -0.118644 -0.121088 0.316979
v 0.168473 0.004329 0.317117
v 0.148627 0.005624 0.002223
v 0.148330 0.008270 0.012690
v -0.106171 -0.108350 0.041370
v -0.108669 0.110722 0.041326
v 0.117549 0.092797 0.013163
v 0.149219 -0.004036 0.006922
v 0.146373 0.009485 0.012690
v 0.093135 -0.116748 0.013342
v 0.113187 -0.097357 0.013342
v 0.028836 -0.147741 0.006772
v -0.015268 -0.150835 0.019883
v -0.152465 -0.000637 0.041326
v -0.150824 -0.008659 0.032068
v -0.151141 0.016123 0.041326
v -0.128131 -0.076510 0.014714
v -0.089293 -0.122158 0.041356
v -0.118516 -0.094020 0.041385
v -0.040045 -0.145923 0.023877
v -0.028618 -0.148886 0.021979
v 0.016686 -0.149726 0.009297
v 0.039980 -0.144944 0.004483
v -0.000261 -0.152124 0.014931
v 0.041234 -0.141497 0.009836
v 0.103824 -0.107516 0.013342
v 0.082598 -0.124475 0.013342
v 0.122873 -0.083007 0.011686
v 0.123087 -0.083954 0.011722
v 0.033371 0.149196 0.041326
v 0.011729 0.152453 0.041326
v -0.013139 0.152300 0.041326
v -0.041941 0.146965 0.033479
v 0.091086 0.124837 0.088772
v 0.126622 0.076006 0.013163
v 0.127463 0.077862 0.013163
v 0.103004 0.109673 0.030274
v 0.023893 0.151342 0.041326
v -0.026884 0.150771 0.041326
v -0.000550 0.152942 0.041326
v -0.042259 0.143213 0.033479
v -0.080667 0.128029 0.041326
v -0.083486 0.129713 0.041325
v -0.090654 0.125007 0.041326
v -0.127340 0.086564 0.023346
v -0.119414 0.098539 0.041326
v -0.146897 0.027210 0.019940
v -0.148132 0.027077 0.019940
v -0.097756 0.120061 0.041326
v -0.127259 -0.074970 0.014749
v -0.041697 -0.143250 0.023877
v 0.079845 -0.124046 0.013342
v -0.122415 0.081605 0.023346
v 0.087684 0.121605 0.088772
v 0.165833 0.004678 0.275348
v -0.117871 -0.120298 0.300001
v -0.114642 0.118288 0.267089
v 0.129697 0.103001 0.267395
v 0.166202 -0.005684 0.275055
v 0.165213 0.009692 0.275348
v 0.104447 -0.129256 0.282124
v 0.126121 -0.108554 0.282124
v 0.032081 -0.165783 0.275145
v -0.017102 -0.168792 0.282118
v -0.169706 -0.000703 0.306771
v -0.168917 -0.009786 0.306771
v -0.168226 0.017954 0.306677
v -0.144843 -0.087287 0.313653
v -0.098622 -0.135585 0.296061
v -0.131771 -0.104533 0.303758
v -0.044509 -0.162716 0.285586
v -0.031894 -0.166455 0.284103
v 0.018586 -0.168414 0.278629
v 0.045730 -0.159726 0.264780
v -0.000970 -0.169400 0.279341
v 0.045236 -0.156607 0.264780
v 0.115906 -0.119991 0.282124
v 0.091923 -0.139169 0.285586
v 0.136405 -0.092015 0.282103
v 0.137398 -0.094251 0.282103
v 0.036877 0.164752 0.285586
v 0.013075 0.169194 0.285586
v -0.014385 0.169024 0.285586
v -0.046614 0.161458 0.285586
v 0.099771 0.132751 0.274092
v 0.141078 0.086167 0.259970
v 0.113613 0.120947 0.269920
v 0.046310 0.160742 0.285586
v 0.026621 0.167738 0.285586
v -0.028779 0.167134 0.285586
v -0.000483 0.169734 0.285586
v -0.086617 0.136107 0.198754
v -0.093086 0.133877 0.246186
v -0.136914 0.093103 0.285586
v -0.126815 0.105291 0.279762
v -0.166813 0.028875 0.306677
v -0.101804 0.127792 0.247696
v -0.096776 -0.134382 0.296058
v 0.088979 -0.139266 0.285586
v 0.096340 0.133277 0.274092
v 0.146636 -0.025301 0.002223
v 0.166584 -0.028215 0.317117
v 0.163972 -0.029870 0.316811
v 0.146929 -0.025356 0.006922
v 0.163995 -0.027773 0.275055
v -0.091123 0.129676 0.286890
v -0.087715 0.132999 0.246228
v -0.097471 0.131575 0.318824
v -0.083226 0.128492 0.314748
v -0.083038 0.130407 0.287407
v 0.082310 0.113912 0.001108
v -0.121547 0.081814 0.000137
v -0.040791 -0.140133 0.000768
v -0.085374 -0.117588 0.001335
v -0.096064 0.117457 0.000137
v -0.120357 0.080212 0.001649
v -0.145913 0.026322 0.000137
v -0.143172 0.027196 0.001174
v -0.117073 0.096497 0.000137
v -0.121324 0.091201 0.000137
v -0.089023 0.122608 0.000137
v -0.081675 0.127322 0.000137
v -0.079369 0.126013 0.001315
v -0.000560 0.148812 0.000137
v -0.026331 0.146731 0.000137
v 0.023226 0.147290 0.000137
v 0.040686 0.141862 0.001040
v 0.100781 0.107314 0.000137
v 0.125638 0.076750 0.000137
v 0.095115 0.112668 0.000137
v -0.036312 0.144019 0.000175
v -0.012821 0.148187 0.000137
v 0.011399 0.148336 0.000137
v 0.032491 0.145298 0.000137
v 0.117274 -0.089018 0.000137
v 0.120007 -0.080946 0.001551
v 0.081710 -0.122376 0.000137
v 0.102329 -0.105975 0.000137
v -0.000227 -0.149852 0.000137
v 0.038201 -0.143732 0.000137
v 0.016472 -0.147805 0.000137
v -0.028104 -0.146148 0.000137
v -0.039310 -0.142888 0.000137
v -0.115430 -0.091569 0.000204
v -0.090730 -0.116384 0.000170
v -0.125019 -0.078130 0.000233
v -0.147204 0.015700 0.000137
v -0.146406 -0.008143 0.000137
v -0.148493 -0.000622 0.000137
v -0.015005 -0.148193 0.000137
v 0.028500 -0.146023 0.000137
v 0.111568 -0.095966 0.000137
v 0.091774 -0.115118 0.000137
v 0.147489 -0.003970 0.000137
v 0.115900 0.091471 0.000137
v -0.106608 0.108361 0.000137
v -0.103408 -0.105525 0.000187
v 0.147197 0.005568 0.000137
v 0.145226 -0.025060 0.000137
v 0.143152 -0.025516 0.001009
v -0.123857 0.082945 0.313977
v 0.082771 -0.128660 0.312964
v -0.043262 -0.148060 0.312964
v -0.089720 -0.124803 0.312964
v -0.132931 -0.077880 0.310953
v -0.152632 -0.010170 0.310758
v -0.096512 0.113770 0.313977
v -0.150052 0.027066 0.312964
v -0.116236 0.093983 0.313977
v -0.120608 0.088538 0.313977
v -0.089256 0.119716 0.313977
v -0.082838 0.123834 0.313206
v -0.027075 0.150893 0.312964
v 0.023861 0.151229 0.312964
v 0.042657 0.147865 0.312964
v 0.103704 0.110592 0.312964
v 0.129599 0.079167 0.312964
v 0.131417 0.078595 0.312964
v 0.089756 0.122595 0.313322
v -0.036605 0.148705 0.312964
v -0.013181 0.152391 0.312964
v 0.011726 0.152545 0.312964
v 0.033450 0.149669 0.312964
v 0.125327 -0.085977 0.312964
v 0.082775 -0.127289 0.312964
v 0.105238 -0.108988 0.312964
v 0.041726 -0.147207 0.312964
v 0.016943 -0.152005 0.312964
v -0.028899 -0.150301 0.312964
v -0.042006 -0.147240 0.312964
v -0.118704 -0.094172 0.313031
v -0.089925 -0.122493 0.312998
v -0.130595 -0.077915 0.313060
v -0.151380 0.016142 0.312964
v -0.152088 -0.008265 0.312964
v -0.152706 -0.000643 0.312964
v -0.015427 -0.152404 0.312964
v 0.029313 -0.150173 0.312964
v 0.114739 -0.098694 0.312964
v 0.094383 -0.118390 0.312964
v 0.152583 0.009601 0.312964
v 0.151680 -0.004087 0.312964
v 0.119194 0.094065 0.312964
v -0.105465 0.105784 0.313977
v -0.106340 -0.108525 0.313015
v 0.151567 0.008977 0.312968
v 0.149352 -0.025775 0.312964
v 0.150604 -0.027327 0.312964
v 0.078826 0.109087 0.001145
v 0.078002 0.108058 0.001303
v -0.112813 0.076337 0.000874
v -0.111631 0.075594 0.002198
v 0.072903 -0.113327 0.002033
v -0.038125 -0.130421 0.000768
v -0.037738 -0.129010 0.001334
v -0.079356 -0.109875 0.001348
v -0.078126 -0.108584 0.001103
v -0.117396 -0.068854 0.002190
v -0.115978 -0.067869 0.001852
v -0.133011 -0.008863 0.001333
v -0.086594 0.105876 0.000874
v -0.085748 0.104825 0.002198
v -0.112296 0.074969 0.001334
v -0.113486 0.075745 0.001649
v -0.131529 0.023737 0.000951
v -0.130250 0.023507 0.002275
v -0.132754 0.025177 0.001174
v -0.105538 0.086991 0.000874
v -0.104492 0.086123 0.002198
v -0.108287 0.081396 0.002198
v -0.109385 0.082229 0.000874
v -0.080251 0.110523 0.000874
v -0.079463 0.109425 0.002198
v -0.073636 0.114784 0.000874
v -0.072905 0.113632 0.002071
v -0.072505 0.114484 0.001333
v -0.037594 0.128663 0.003189
v -0.000516 0.134110 0.001077
v -0.000514 0.133695 0.003409
v -0.023739 0.132231 0.001077
v -0.023666 0.131825 0.003410
v 0.020891 0.132514 0.001077
v 0.020824 0.132087 0.003410
v 0.037115 0.128613 0.001333
v 0.090770 0.096678 0.000930
v 0.089941 0.095798 0.002254
v 0.113828 0.069074 0.000930
v 0.112776 0.068388 0.002254
v 0.115569 0.069197 0.001028
v 0.079881 0.105173 0.002254
v 0.081040 0.105712 0.000930
v -0.031991 0.129914 0.003410
v -0.032830 0.130265 0.001116
v -0.011529 0.133133 0.003410
v -0.011565 0.133543 0.001077
v 0.010227 0.133268 0.003410
v 0.010260 0.133688 0.001077
v 0.029209 0.130789 0.003410
v 0.029309 0.131227 0.001077
v 0.109864 -0.074861 0.000828
v 0.109573 -0.073999 0.001877
v 0.110639 -0.074150 0.001327
v 0.071786 -0.110845 0.001877
v 0.072387 -0.111486 0.000828
v 0.092073 -0.095354 0.000828
v 0.091482 -0.094743 0.001877
v 0.038052 -0.131583 0.002717
v -0.000251 -0.135097 0.000761
v 0.000139 -0.132869 0.001480
v 0.036648 -0.128990 0.000761
v 0.036688 -0.128254 0.001480
v 0.014757 -0.132518 0.001480
v 0.014832 -0.133186 0.000761
v -0.025335 -0.131673 0.000761
v -0.025212 -0.131032 0.001480
v -0.036851 -0.128402 0.001480
v -0.036893 -0.129061 0.000761
v -0.104001 -0.082481 0.000800
v -0.103042 -0.081719 0.001551
v -0.078675 -0.107429 0.000766
v -0.077618 -0.106669 0.001517
v -0.113631 -0.067287 0.001580
v -0.114503 -0.068137 0.000829
v -0.131402 0.014026 0.002275
v -0.132695 0.014163 0.000951
v -0.133542 -0.007237 0.000951
v -0.132219 -0.007142 0.002275
v -0.132553 -0.000542 0.002275
v -0.133865 -0.000549 0.000951
v -0.013466 -0.132866 0.001480
v -0.013532 -0.133519 0.000761
v 0.025542 -0.130920 0.001480
v 0.025675 -0.131594 0.000761
v 0.099743 -0.085793 0.001877
v 0.100364 -0.086327 0.000828
v 0.082045 -0.102917 0.001877
v 0.082586 -0.103596 0.000828
v 0.132527 -0.003556 0.000998
v 0.131953 -0.003540 0.002085
v 0.103436 0.081657 0.002254
v 0.104405 0.082421 0.000930
v -0.095152 0.096711 0.002198
v -0.096098 0.097679 0.000874
v -0.092311 -0.094175 0.001534
v -0.093183 -0.095067 0.000783
v 0.131936 0.008258 0.002085
v 0.132503 0.006979 0.000998
v 0.129927 -0.022410 0.002085
v 0.130519 -0.022512 0.000998
v 0.131137 -0.023791 0.001316
v -0.081269 0.126536 0.310078
v 0.044878 0.152433 0.319402
v 0.086075 -0.133793 0.315263
v -0.158711 -0.010580 0.317390
v -0.156029 0.028140 0.317333
v -0.156850 0.029429 0.317060
v 0.107841 0.114986 0.319402
v 0.134058 0.083335 0.319402
v 0.136660 0.081723 0.317309
v 0.093585 0.127722 0.319616
v 0.130327 -0.089409 0.316836
v 0.086079 -0.132368 0.316836
v 0.109437 -0.113337 0.316836
v -0.123431 -0.097931 0.319664
v -0.093835 -0.127100 0.319631
v -0.135119 -0.081951 0.319692
v -0.157409 0.016781 0.317333
v -0.158146 -0.008599 0.317333
v -0.158788 -0.000674 0.317333
v 0.119317 -0.102633 0.316836
v 0.098150 -0.123114 0.316836
v 0.157731 -0.004254 0.319402
v 0.123950 0.097810 0.319402
v -0.110574 -0.112855 0.319647
v 0.157673 0.009331 0.319402
v 0.155311 -0.026807 0.319402
v 0.164578 -0.027968 0.318788
v 0.166842 -0.005635 0.318788
v 0.166554 0.005238 0.318788
v 0.142084 0.084782 0.316695
v 0.142554 0.086967 0.318788
v 0.130591 0.103686 0.318788
v 0.114258 0.121632 0.318788
v 0.099556 0.133928 0.318788
v 0.097319 0.134615 0.317697
v 0.047872 0.161320 0.318788
v 0.136230 -0.096288 0.316222
v 0.126257 -0.108666 0.316222
v 0.116012 -0.120105 0.316222
v 0.104502 -0.129467 0.316222
v 0.094855 -0.136918 0.316222
v 0.089479 -0.139085 0.314648
v -0.099384 -0.133594 0.319067
v -0.117137 -0.119551 0.318995
v -0.130760 -0.103734 0.318998
v -0.142712 -0.087058 0.319003
v -0.143585 -0.084686 0.316865
v -0.167454 -0.009596 0.316721
v -0.168218 -0.000700 0.316721
v -0.166757 0.017794 0.316721
v -0.165346 0.028833 0.316721
v -0.163965 0.030207 0.316448
v -0.128762 0.086229 0.319022
v -0.100334 0.118276 0.319436
v -0.120839 0.097705 0.319436
v -0.125385 0.092043 0.319436
v -0.092790 0.124458 0.318789
v -0.109642 0.109972 0.319436
v -0.082256 0.126361 0.314689
v -0.045148 0.153807 0.315417
v -0.046731 -0.160899 0.332699
v 0.046017 -0.159571 0.332267
v -0.000431 -0.171856 0.332267
v 0.042239 -0.165718 0.332267
v 0.018859 -0.171097 0.332267
v -0.032308 -0.168674 0.332267
v -0.044332 -0.164246 0.334301
v -0.017347 -0.171195 0.332267
v 0.032590 -0.168610 0.332267
v -0.042988 -0.152296 0.332512
v 0.043707 -0.151006 0.331794
v -0.000022 -0.153659 0.331641
v 0.039526 -0.148859 0.331641
v 0.016855 -0.152453 0.331641
v -0.028756 -0.151009 0.331641
v -0.038155 -0.148731 0.331641
v -0.015284 -0.153112 0.331641
v 0.030006 -0.150434 0.331641
v -0.036205 -0.161994 0.342710
v 0.042333 -0.159708 0.343832
v -0.001205 -0.171887 0.343996
v 0.038795 -0.166274 0.343996
v 0.018859 -0.171097 0.343996
v -0.029187 -0.169200 0.343996
v -0.035563 -0.166443 0.343153
v -0.017347 -0.171195 0.343996
v 0.032590 -0.168610 0.343996
v -0.033381 -0.156096 0.342494
v 0.040784 -0.154651 0.342405
v -0.000160 -0.155070 0.343370
v 0.035877 -0.152463 0.343015
v 0.016901 -0.154597 0.343370
v -0.023820 -0.153442 0.343312
v -0.030051 -0.153314 0.343042
v -0.015652 -0.154275 0.343370
v 0.028447 -0.152996 0.343683
v -0.030275 -0.162729 0.347305
v 0.037624 -0.161710 0.347785
v -0.000887 -0.170925 0.347756
v 0.035048 -0.165759 0.347690
v 0.016405 -0.169803 0.347758
v -0.024189 -0.169140 0.347745
v -0.029679 -0.167216 0.347638
v -0.015402 -0.170418 0.347748
v 0.028823 -0.167649 0.347714
v -0.027385 -0.158526 0.347167
v 0.036432 -0.157885 0.347088
v 0.000261 -0.158843 0.346992
v 0.033387 -0.156517 0.346945
v 0.016348 -0.157789 0.346995
v -0.020701 -0.157706 0.346982
v -0.024397 -0.157526 0.346938
v -0.013934 -0.158257 0.346984
v 0.027445 -0.156485 0.346950
v -0.027258 -0.164349 0.348372
v -0.022370 -0.165410 0.349067
v -0.015398 -0.166373 0.349088
v -0.000517 -0.167143 0.349152
v 0.017388 -0.165802 0.349171
v 0.029212 -0.163679 0.348815
v 0.034964 -0.162861 0.348630
v -0.021019 -0.160000 0.348785
v -0.015135 -0.160470 0.348805
v -0.000095 -0.161441 0.348869
v 0.017235 -0.159957 0.348888
v 0.028219 -0.158382 0.348532
v 0.033742 -0.158410 0.348348
v -0.024489 -0.159491 0.348089
v -0.000475 0.171907 0.331746
v -0.029024 0.169253 0.331746
v 0.026974 0.169861 0.331746
v 0.046473 0.161795 0.334273
v -0.040062 0.165317 0.331746
v -0.014546 0.171189 0.331746
v 0.013250 0.171361 0.331746
v 0.037330 0.166766 0.331746
v -0.043349 0.149550 0.329409
v -0.027080 0.151647 0.328851
v 0.023904 0.151836 0.328851
v 0.042588 0.149451 0.331378
v -0.036535 0.149691 0.328851
v -0.013138 0.152998 0.328851
v 0.011769 0.153152 0.328851
v 0.033407 0.150168 0.328851
v -0.046646 0.158844 0.329844
v -0.000536 0.172155 0.344095
v -0.024938 0.169765 0.344095
v 0.023067 0.170373 0.344095
v 0.039165 0.162397 0.342499
v -0.034356 0.166463 0.344095
v -0.012599 0.171437 0.344095
v 0.011230 0.171609 0.344095
v 0.031989 0.167913 0.344095
v -0.036036 0.154628 0.342722
v -0.000196 0.154647 0.343868
v -0.023276 0.153687 0.343868
v 0.020669 0.153610 0.343868
v 0.036778 0.151769 0.341585
v -0.032014 0.153582 0.343868
v -0.011305 0.154383 0.343868
v 0.010188 0.154535 0.343868
v 0.029286 0.152186 0.343868
v -0.038552 0.160724 0.342756
v -0.000294 0.171217 0.348236
v -0.020544 0.169021 0.348236
v 0.019714 0.169726 0.348236
v 0.032458 0.162399 0.346916
v -0.029328 0.166671 0.347783
v -0.010275 0.170623 0.348236
v 0.009441 0.170765 0.348236
v 0.027904 0.167625 0.348236
v -0.030024 0.158443 0.347101
v -0.000031 0.160051 0.348049
v -0.019234 0.159295 0.348049
v 0.019136 0.159376 0.348049
v 0.030962 0.159265 0.346957
v -0.024964 0.159023 0.347783
v -0.010344 0.159651 0.348049
v 0.009756 0.160040 0.348049
v 0.027731 0.158094 0.348049
v -0.031845 0.161016 0.347129
v -0.026534 0.160406 0.348432
v -0.028248 0.164778 0.348236
v -0.020169 0.166237 0.348636
v -0.020099 0.161568 0.348752
v -0.010296 0.167247 0.348632
v -0.010813 0.162517 0.348756
v -0.000212 0.167741 0.348631
v -0.000603 0.163017 0.348756
v 0.009536 0.167512 0.348633
v 0.009170 0.162784 0.348755
v 0.019542 0.166646 0.348634
v 0.018818 0.161946 0.348812
v 0.027856 0.164971 0.348637
v 0.027289 0.160238 0.348750
v 0.007185 -0.171556 0.325386
v 0.007185 0.171603 0.325386
v 0.007185 0.153201 0.325386
v 0.007185 -0.152776 0.325386
v 0.007185 -0.171476 0.316951
v 0.007185 0.152878 0.316951
v 0.007185 -0.152380 0.316951
v 0.007185 0.171518 0.316951
v 0.008315 -0.171512 0.321169
v 0.008315 0.171558 0.321169
v 0.008315 0.152995 0.321169
v 0.008315 -0.152448 0.321169
v 0.004097 -0.171678 0.328474
v 0.004097 0.171725 0.328474
v 0.004097 0.153443 0.328474
v 0.004097 -0.153204 0.328474
v -0.000121 0.153001 0.312733
v -0.000121 0.171528 0.312733
v -0.000121 -0.171497 0.312733
v -0.000121 -0.152454 0.312733
v -0.004339 -0.152485 0.313863
v -0.004339 0.152876 0.313863
v -0.004339 0.171420 0.313863
v -0.004339 -0.171462 0.313863
v 0.004097 0.152883 0.313863
v 0.004097 -0.152395 0.313863
v 0.004097 0.171435 0.313863
v 0.004097 -0.171402 0.313863
v -0.007426 -0.171620 0.325386
v -0.007427 0.171553 0.325386
v -0.007427 0.153157 0.325386
v -0.007426 -0.152988 0.325386
v -0.008557 0.171495 0.321169
v -0.008557 -0.171571 0.321169
v -0.008557 -0.152744 0.321169
v -0.008557 0.152939 0.321169
v -0.000121 0.153687 0.329604
v -0.000121 -0.171844 0.329604
v -0.000121 0.171893 0.329604
v -0.000121 -0.153524 0.329604
v -0.007427 0.171468 0.316951
v -0.007426 -0.152589 0.316951
v -0.007427 0.152836 0.316951
v -0.007426 -0.171535 0.316951
v -0.004339 0.153432 0.328474
v -0.004339 -0.171752 0.328474
v -0.004339 0.171710 0.328474
v -0.004339 -0.153299 0.328474
v -0.136414 0.095735 0.317131
v -0.127908 0.106288 0.316480
v -0.103121 0.130309 0.316419
v -0.115911 0.119897 0.316633
v -0.101239 0.130912 0.317304
v 0.131935 -0.088683 0.315436
v -0.000121 0.140273 0.011867
v -0.000121 0.140273 0.025797
v 0.053513 0.129604 0.011867
v 0.053513 0.129604 0.025797
v 0.053513 -0.129363 0.011867
v 0.053513 -0.129363 0.025797
v -0.000121 -0.140031 0.011867
v -0.000121 -0.140031 0.025797
v -0.053755 -0.129363 0.011867
v -0.053755 -0.129363 0.025797
v -0.053755 0.129604 0.011867
v -0.053755 0.129604 0.025797
v 0.112237 0.083373 0.012436
v 0.110547 0.087805 0.012436
v 0.111513 0.085639 0.013806
v 0.110547 0.087805 0.025228
v 0.112237 0.083373 0.025228
v 0.111513 0.085639 0.023858
v 0.137338 0.024210 0.012436
v 0.136763 0.028560 0.012436
v 0.137169 0.026397 0.013806
v 0.136763 0.028560 0.025228
v 0.137338 0.024210 0.025228
v 0.137169 0.026397 0.023858
v 0.136712 -0.032506 0.012436
v 0.137338 -0.027790 0.012436
v 0.137155 -0.030163 0.013806
v 0.137338 -0.027790 0.025228
v 0.136712 -0.032506 0.025228
v 0.137155 -0.030163 0.023858
v 0.107266 -0.087539 0.012436
v 0.108876 -0.082441 0.012436
v 0.108163 -0.085027 0.013806
v 0.108876 -0.082441 0.025228
v 0.107266 -0.087539 0.025228
v 0.108163 -0.085027 0.023858
v -0.077872 0.113217 0.011867
v 0.077630 0.113217 0.011867
v -0.109118 -0.082441 0.012436
v -0.107508 -0.087539 0.012436
v -0.108405 -0.085027 0.013806
v -0.107508 -0.087539 0.025228
v -0.109118 -0.082441 0.025228
v -0.108405 -0.085027 0.023858
v -0.137580 -0.027790 0.012436
v -0.136954 -0.032506 0.012436
v -0.137397 -0.030163 0.013806
v -0.136954 -0.032506 0.025228
v -0.137580 -0.027790 0.025228
v -0.137397 -0.030163 0.023858
v -0.137004 0.028560 0.012436
v -0.137580 0.024210 0.012436
v -0.137411 0.026397 0.013806
v -0.137580 0.024210 0.025228
v -0.137004 0.028560 0.025228
v -0.137411 0.026397 0.023858
v -0.110789 0.087805 0.012436
v -0.112479 0.083373 0.012436
v -0.111755 0.085639 0.013806
v -0.112479 0.083373 0.025228
v -0.110789 0.087805 0.025228
v -0.111755 0.085639 0.023858
v -0.077872 0.113217 0.025797
v 0.077630 0.113217 0.025797
v 0.077589 -0.112951 0.025797
v -0.077831 -0.112951 0.025797
v 0.077589 -0.112951 0.011867
v -0.077831 -0.112951 0.011867
v -0.108237 0.089775 0.011867
v 0.107996 0.089775 0.011867
v -0.108803 0.089339 0.025797
v 0.108561 0.089339 0.025797
v 0.137338 0.022818 0.025797
v 0.137338 -0.026399 0.025797
v -0.137580 -0.026399 0.025797
v -0.137580 0.022818 0.025797
v 0.137338 -0.026399 0.011867
v 0.137338 0.022818 0.011867
v -0.137580 0.022818 0.011867
v -0.137580 -0.026399 0.011867
v -0.136415 0.029876 0.025797
v -0.113068 0.082057 0.025797
v 0.112826 0.082057 0.025797
v 0.136173 0.029876 0.025797
v -0.113068 0.082057 0.011867
v -0.136415 0.029876 0.011867
v 0.136173 0.029876 0.011867
v 0.112826 0.082057 0.011867
v 0.135869 -0.034019 0.025797
v -0.136111 -0.034019 0.025797
v 0.135804 -0.034135 0.011867
v -0.136046 -0.034135 0.011867
v 0.110051 -0.080332 0.025797
v -0.110293 -0.080332 0.025797
v 0.109970 -0.080477 0.011867
v -0.110212 -0.080477 0.011867
v -0.105180 -0.089532 0.025797
v 0.104939 -0.089532 0.025797
v 0.104536 -0.089877 0.011867
v -0.104778 -0.089877 0.011867
v -0.111811 -0.101383 0.260278
v -0.124582 -0.112965 0.260956
v -0.126398 -0.110966 0.259816
v -0.113444 -0.099586 0.259342
v -0.127529 -0.109722 0.257682
v -0.114701 -0.098203 0.257633
v -0.127975 -0.109230 0.255171
v -0.114927 -0.097954 0.255171
v -0.127634 -0.109606 0.252570
v -0.114430 -0.098501 0.252944
v -0.126290 -0.111085 0.250806
v -0.113427 -0.099605 0.251045
v -0.124582 -0.112965 0.250365
v -0.111811 -0.101383 0.250296
v -0.123004 -0.114701 0.251144
v -0.110079 -0.103290 0.250743
v -0.121594 -0.116253 0.252625
v -0.108844 -0.104648 0.252644
v -0.121064 -0.116837 0.255171
v -0.108327 -0.105218 0.255171
v -0.121406 -0.116460 0.257880
v -0.108920 -0.104565 0.257633
v -0.122743 -0.114989 0.259878
v -0.110076 -0.103293 0.259607
v -0.001439 -0.152259 0.260119
v -0.001583 -0.168036 0.260642
v -0.004218 -0.168013 0.259703
v -0.003782 -0.152238 0.259193
v -0.005954 -0.167998 0.257675
v -0.005641 -0.152222 0.257577
v -0.006449 -0.167994 0.255171
v -0.006327 -0.152216 0.255171
v -0.005983 -0.167998 0.252650
v -0.005753 -0.152221 0.252700
v -0.003981 -0.168015 0.251053
v -0.003955 -0.152237 0.250848
v -0.001583 -0.168036 0.250314
v -0.001439 -0.152259 0.250245
v 0.001035 -0.168059 0.250669
v 0.001189 -0.152282 0.250653
v 0.003193 -0.168078 0.252432
v 0.003542 -0.152302 0.252313
v 0.003593 -0.168081 0.255171
v 0.004261 -0.152308 0.255171
v 0.002826 -0.168075 0.257697
v 0.003190 -0.152299 0.257826
v 0.000926 -0.168058 0.259483
v 0.001200 -0.152282 0.259710
v 0.141276 -0.055207 0.260416
v 0.156465 -0.061197 0.260424
v 0.155490 -0.063687 0.259771
v 0.140298 -0.057705 0.259786
v 0.154929 -0.065119 0.257583
v 0.139593 -0.059504 0.257817
v 0.154786 -0.065484 0.255171
v 0.139205 -0.060495 0.255171
v 0.154916 -0.065152 0.252739
v 0.139530 -0.059665 0.252426
v 0.155624 -0.063344 0.251215
v 0.140244 -0.057841 0.250303
v 0.156465 -0.061197 0.250183
v 0.141276 -0.055207 0.249881
v 0.157471 -0.058627 0.250423
v 0.142197 -0.052854 0.250828
v 0.158194 -0.056782 0.252452
v 0.142971 -0.050877 0.252505
v 0.158397 -0.056262 0.255171
v 0.143192 -0.050314 0.255171
v 0.157986 -0.057313 0.257559
v 0.142835 -0.051226 0.257620
v 0.157423 -0.058751 0.259688
v 0.142177 -0.052905 0.259419
v 0.111350 0.101433 0.260295
v 0.124179 0.113383 0.259613
v 0.125716 0.111697 0.259085
v 0.113255 0.099342 0.260040
v 0.127224 0.110042 0.257762
v 0.114616 0.097849 0.257953
v 0.127766 0.109448 0.255171
v 0.115006 0.097421 0.255171
v 0.127271 0.109990 0.252540
v 0.114440 0.098042 0.252542
v 0.125883 0.111514 0.250824
v 0.113110 0.099502 0.250679
v 0.124179 0.113383 0.250188
v 0.111350 0.101433 0.249887
v 0.122432 0.115301 0.250712
v 0.109555 0.103404 0.250587
v 0.121234 0.116616 0.252666
v 0.108387 0.104684 0.252652
v 0.120817 0.117074 0.255171
v 0.108412 0.104657 0.255171
v 0.121276 0.116570 0.257640
v 0.108995 0.104018 0.257168
v 0.122592 0.115125 0.259217
v 0.109815 0.103118 0.259082
v 0.124473 -0.050802 0.042410
v 0.142392 -0.057190 0.041994
v 0.141456 -0.059517 0.041169
v 0.123463 -0.053316 0.041512
v 0.140982 -0.060694 0.038978
v 0.122794 -0.054980 0.039390
v 0.140766 -0.061232 0.036745
v 0.122513 -0.055678 0.036745
v 0.141009 -0.060627 0.034554
v 0.122902 -0.054710 0.034266
v 0.141551 -0.059280 0.032755
v 0.123590 -0.052998 0.032562
v 0.142392 -0.057190 0.031908
v 0.124473 -0.050802 0.032071
v 0.143219 -0.055133 0.032818
v 0.125349 -0.048624 0.032596
v 0.143815 -0.053651 0.034492
v 0.125868 -0.047336 0.034537
v 0.144293 -0.052461 0.036745
v 0.126161 -0.046605 0.036745
v 0.144078 -0.052995 0.039400
v 0.125988 -0.047035 0.039138
v 0.143397 -0.054689 0.041488
v 0.125433 -0.048416 0.041277
v 0.000361 -0.132856 0.041556
v -0.000679 -0.153998 0.041259
v -0.002828 -0.153993 0.040557
v -0.001958 -0.132851 0.040847
v -0.004102 -0.153989 0.038777
v -0.003530 -0.132847 0.039043
v -0.004605 -0.153988 0.036745
v -0.004484 -0.132845 0.036745
v -0.004159 -0.153989 0.034682
v -0.003977 -0.132846 0.034195
v -0.002736 -0.153993 0.033089
v -0.002172 -0.132850 0.032278
v -0.000679 -0.153998 0.032608
v 0.000361 -0.132856 0.031730
v 0.001385 -0.154002 0.033077
v 0.002668 -0.132861 0.032665
v 0.002967 -0.154006 0.034588
v 0.004399 -0.132865 0.034366
v 0.003691 -0.154008 0.036745
v 0.004956 -0.132866 0.036745
v 0.003308 -0.154007 0.039097
v 0.004680 -0.132866 0.039285
v 0.001593 -0.154003 0.040767
v 0.002798 -0.132861 0.041048
v -0.098471 -0.090384 0.041192
v -0.113870 -0.104079 0.041580
v -0.115529 -0.102266 0.041054
v -0.099892 -0.088834 0.040445
v -0.116835 -0.100839 0.039310
v -0.101053 -0.087566 0.038984
v -0.117339 -0.100288 0.036745
v -0.101383 -0.087206 0.036745
v -0.117037 -0.100616 0.034009
v -0.101164 -0.087443 0.034412
v -0.115696 -0.102082 0.032010
v -0.100074 -0.088633 0.032582
v -0.113870 -0.104079 0.031559
v -0.098471 -0.090383 0.032026
v -0.112338 -0.105751 0.032762
v -0.096836 -0.092169 0.032499
v -0.111316 -0.106865 0.034530
v -0.095541 -0.093585 0.034210
v -0.111029 -0.107178 0.036745
v -0.095237 -0.093915 0.036745
v -0.111428 -0.106742 0.038865
v -0.095711 -0.093397 0.039136
v -0.112438 -0.105641 0.040474
v -0.096847 -0.092158 0.040965
v -0.141065 0.056813 0.260236
v -0.157093 0.063141 0.260291
v -0.156158 0.065467 0.259479
v -0.140131 0.059136 0.259473
v -0.155445 0.067242 0.257703
v -0.139565 0.060544 0.257472
v -0.155095 0.068112 0.255171
v -0.139463 0.060797 0.255171
v -0.155435 0.067265 0.252625
v -0.139538 0.060610 0.252829
v -0.156154 0.065478 0.250844
v -0.140164 0.059053 0.251025
v -0.157093 0.063141 0.250363
v -0.141065 0.056813 0.250324
v -0.158074 0.060701 0.250649
v -0.142029 0.054413 0.250726
v -0.158863 0.058739 0.252450
v -0.142706 0.052730 0.252650
v -0.159103 0.058142 0.255171
v -0.142904 0.052238 0.255171
v -0.158747 0.059026 0.257713
v -0.142604 0.052985 0.257533
v -0.157981 0.060933 0.259258
v -0.142004 0.054477 0.259498
v -0.123788 0.049668 0.041229
v -0.144022 0.056926 0.041474
v -0.143191 0.059032 0.040721
v -0.122914 0.051884 0.040925
v -0.142457 0.060892 0.039237
v -0.122245 0.053578 0.039203
v -0.141972 0.062123 0.036745
v -0.121996 0.054209 0.036745
v -0.142229 0.061470 0.033900
v -0.122262 0.053535 0.034315
v -0.143126 0.059197 0.032466
v -0.122896 0.051930 0.032481
v -0.144022 0.056927 0.031711
v -0.123788 0.049668 0.031809
v -0.144919 0.054655 0.032464
v -0.124631 0.047534 0.032718
v -0.145547 0.053063 0.034317
v -0.125311 0.045811 0.034321
v -0.145656 0.052789 0.036745
v -0.125701 0.044821 0.036745
v -0.145518 0.053138 0.039128
v -0.125396 0.045594 0.039303
v -0.144930 0.054626 0.041080
v -0.124647 0.047492 0.040851
v 0.000920 0.134623 0.041050
v 0.001218 0.153720 0.041283
v 0.003409 0.153700 0.040630
v 0.003109 0.134603 0.040626
v 0.005043 0.153686 0.039005
v 0.004603 0.134590 0.038925
v 0.005462 0.153682 0.036745
v 0.005099 0.134586 0.036745
v 0.005426 0.153683 0.034268
v 0.004669 0.134590 0.034529
v 0.003801 0.153697 0.032194
v 0.003145 0.134603 0.032802
v 0.001218 0.153720 0.031570
v 0.000920 0.134623 0.032099
v -0.001306 0.153741 0.032295
v -0.001320 0.134642 0.032779
v -0.003256 0.153758 0.034118
v -0.002801 0.134655 0.034545
v -0.004152 0.153766 0.036745
v -0.003657 0.134662 0.036745
v -0.003235 0.153758 0.039361
v -0.003034 0.134657 0.039078
v -0.001223 0.153741 0.041054
v -0.001257 0.134642 0.040605
v -0.000127 0.151927 0.260180
v -0.000121 0.168284 0.260519
v 0.002338 0.168284 0.259395
v 0.002578 0.151927 0.259825
v 0.004066 0.168284 0.257568
v 0.004254 0.151927 0.257682
v 0.004843 0.168284 0.255171
v 0.004479 0.151927 0.255171
v 0.004060 0.168284 0.252778
v 0.003640 0.151927 0.253018
v 0.002433 0.168284 0.250782
v 0.002252 0.151927 0.251085
v -0.000121 0.168284 0.249647
v -0.000127 0.151927 0.250085
v -0.002796 0.168284 0.250571
v -0.002577 0.151927 0.250964
v -0.004888 0.168284 0.252438
v -0.004501 0.151927 0.252666
v -0.005778 0.168284 0.255171
v -0.004912 0.151927 0.255171
v -0.004997 0.168284 0.257969
v -0.003778 0.151927 0.257257
v -0.002894 0.168284 0.259944
v -0.002317 0.151927 0.258926
v 0.098367 0.090565 0.041904
v 0.112745 0.103861 0.042090
v 0.114378 0.102085 0.041008
v 0.100086 0.088698 0.041220
v 0.115462 0.100905 0.039113
v 0.101314 0.087363 0.039304
v 0.115798 0.100539 0.036745
v 0.101667 0.086978 0.036745
v 0.115480 0.100886 0.034363
v 0.101056 0.087641 0.034402
v 0.114348 0.102118 0.032560
v 0.099992 0.088799 0.032506
v 0.112744 0.103861 0.031924
v 0.098367 0.090565 0.032285
v 0.111372 0.105357 0.033137
v 0.096989 0.092067 0.033121
v 0.110138 0.106698 0.034471
v 0.096064 0.093077 0.034722
v 0.109547 0.107338 0.036745
v 0.095749 0.093421 0.036745
v 0.109782 0.107079 0.039316
v 0.095835 0.093322 0.038959
v 0.110963 0.105796 0.041378
v 0.096734 0.092340 0.041005
v -0.161243 0.064810 0.258638
v -0.160358 0.064454 0.260002
v -0.137885 0.055534 0.259770
v -0.136898 0.055137 0.258646
v -0.159435 0.066664 0.259284
v -0.160587 0.066429 0.258171
v -0.136083 0.056739 0.258246
v -0.136889 0.057761 0.259358
v -0.158779 0.068255 0.257527
v -0.160156 0.067660 0.256917
v -0.135592 0.057954 0.256947
v -0.136203 0.059436 0.257603
v -0.158542 0.068847 0.255171
v -0.160109 0.068236 0.255171
v -0.135423 0.058398 0.255171
v -0.136122 0.059873 0.255171
v -0.158794 0.068560 0.252654
v -0.160385 0.067881 0.253356
v -0.135938 0.057952 0.253472
v -0.136497 0.059158 0.252953
v -0.159503 0.066894 0.250731
v -0.161023 0.066735 0.251959
v -0.136231 0.056761 0.252157
v -0.136933 0.057736 0.251054
v -0.160511 0.064516 0.249922
v -0.161638 0.064969 0.251504
v -0.136724 0.055068 0.251608
v -0.137787 0.055495 0.250306
v -0.161431 0.062101 0.250729
v -0.162263 0.063244 0.252021
v -0.137403 0.053407 0.252090
v -0.138674 0.053125 0.250824
v -0.162094 0.060386 0.252638
v -0.162944 0.061998 0.253313
v -0.137858 0.052156 0.253382
v -0.139369 0.051507 0.252714
v -0.162227 0.059880 0.255171
v -0.162997 0.061541 0.255171
v -0.138108 0.051783 0.255171
v -0.139618 0.050617 0.255171
v -0.162154 0.060330 0.257748
v -0.162976 0.061998 0.257037
v -0.137827 0.052126 0.256970
v -0.139357 0.051243 0.257768
v -0.161344 0.062150 0.259477
v -0.162189 0.063233 0.258292
v -0.137397 0.053403 0.258256
v -0.138724 0.053292 0.259282
v -0.000121 0.173244 0.258868
v -0.000121 0.172039 0.260597
v -0.000127 0.148207 0.260511
v -0.000127 0.146466 0.259105
v 0.002376 0.171852 0.259462
v 0.001735 0.173216 0.258361
v 0.001836 0.146535 0.258550
v 0.002794 0.148021 0.260202
v 0.004147 0.171826 0.257616
v 0.003064 0.173145 0.256996
v 0.003212 0.146688 0.257086
v 0.004506 0.148217 0.257828
v 0.005024 0.171912 0.255171
v 0.003596 0.173229 0.255171
v 0.003615 0.146930 0.255171
v 0.004945 0.148328 0.255171
v 0.004452 0.171966 0.252550
v 0.003124 0.173293 0.253312
v 0.003065 0.147047 0.253342
v 0.004096 0.148405 0.252753
v 0.002415 0.171884 0.250812
v 0.001732 0.173203 0.251987
v 0.001690 0.147157 0.252048
v 0.002329 0.148391 0.250952
v -0.000121 0.171755 0.250463
v -0.000121 0.173034 0.251574
v -0.000127 0.146839 0.251415
v -0.000127 0.148225 0.249880
v -0.002599 0.171837 0.250915
v -0.001943 0.173074 0.252040
v -0.002093 0.146525 0.251789
v -0.002850 0.148180 0.250488
v -0.004590 0.171919 0.252610
v -0.003333 0.173210 0.253331
v -0.003530 0.146532 0.253220
v -0.004859 0.148172 0.252458
v -0.005325 0.171936 0.255171
v -0.003821 0.173192 0.255171
v -0.003967 0.146723 0.255171
v -0.005119 0.148360 0.255171
v -0.004675 0.171957 0.257782
v -0.003276 0.173071 0.256979
v -0.003463 0.146697 0.257084
v -0.004480 0.148346 0.257665
v -0.002791 0.171990 0.259764
v -0.001954 0.173119 0.258321
v -0.001999 0.146929 0.258388
v -0.002569 0.148403 0.259365
v -0.001624 -0.172801 0.258776
v -0.001615 -0.171674 0.260303
v -0.001408 -0.148725 0.260042
v -0.001398 -0.147524 0.258762
v -0.004294 -0.171725 0.259778
v -0.003476 -0.172928 0.258351
v -0.003211 -0.147493 0.258287
v -0.003842 -0.148720 0.259352
v -0.006146 -0.171659 0.257769
v -0.004853 -0.172972 0.257021
v -0.004477 -0.147634 0.256934
v -0.005608 -0.148712 0.257576
v -0.006928 -0.171685 0.255171
v -0.005318 -0.172897 0.255171
v -0.004913 -0.147716 0.255171
v -0.006093 -0.148773 0.255171
v -0.006123 -0.171649 0.252588
v -0.004838 -0.172935 0.253331
v -0.004522 -0.147519 0.253382
v -0.005678 -0.148679 0.252726
v -0.004252 -0.171693 0.250636
v -0.003507 -0.173058 0.251938
v -0.003297 -0.147109 0.251899
v -0.004072 -0.148534 0.250587
v -0.001615 -0.171750 0.249849
v -0.001629 -0.173340 0.251312
v -0.001393 -0.146990 0.251329
v -0.001407 -0.148564 0.249896
v 0.001093 -0.171796 0.250512
v 0.000312 -0.173347 0.251833
v 0.000584 -0.146832 0.251772
v 0.001337 -0.148519 0.250451
v 0.003380 -0.171956 0.252304
v 0.001863 -0.173687 0.253167
v 0.002125 -0.146621 0.253155
v 0.003454 -0.148488 0.252384
v 0.003749 -0.171798 0.255171
v 0.002194 -0.173236 0.255171
v 0.002643 -0.146679 0.255171
v 0.004507 -0.148378 0.255171
v 0.002724 -0.171648 0.257656
v 0.001558 -0.172920 0.256995
v 0.002033 -0.146840 0.257136
v 0.003536 -0.148451 0.258007
v 0.000802 -0.171560 0.259320
v 0.000171 -0.172724 0.258255
v 0.000495 -0.147200 0.258420
v 0.001271 -0.148571 0.259777
v -0.128475 -0.116502 0.259010
v -0.127434 -0.115556 0.260849
v -0.109047 -0.098872 0.260547
v -0.108180 -0.098084 0.258842
v -0.129260 -0.113458 0.259957
v -0.129839 -0.115107 0.258525
v -0.109450 -0.096754 0.258332
v -0.110855 -0.097055 0.259572
v -0.130189 -0.112139 0.257682
v -0.130556 -0.113962 0.257051
v -0.110592 -0.096252 0.256876
v -0.112009 -0.096003 0.257527
v -0.130068 -0.111919 0.255171
v -0.130295 -0.113402 0.255171
v -0.110959 -0.096050 0.255171
v -0.112275 -0.095962 0.255171
v -0.130007 -0.112216 0.252766
v -0.129856 -0.113706 0.253456
v -0.110619 -0.096308 0.253481
v -0.111892 -0.096371 0.253020
v -0.128799 -0.113533 0.251023
v -0.129106 -0.114700 0.252153
v -0.109719 -0.097144 0.252200
v -0.110829 -0.097447 0.251306
v -0.127183 -0.115328 0.250352
v -0.128069 -0.116133 0.251592
v -0.108373 -0.098260 0.251624
v -0.109074 -0.098897 0.249889
v -0.125535 -0.117343 0.250703
v -0.127016 -0.117701 0.251960
v -0.107345 -0.099681 0.252179
v -0.107538 -0.100825 0.250946
v -0.124139 -0.119117 0.252389
v -0.126263 -0.119061 0.253232
v -0.106423 -0.100601 0.253429
v -0.106488 -0.102089 0.252824
v -0.123589 -0.119793 0.255171
v -0.125887 -0.119390 0.255171
v -0.105960 -0.100904 0.255171
v -0.105735 -0.102718 0.255171
v -0.124111 -0.119207 0.258004
v -0.126239 -0.119011 0.257098
v -0.106317 -0.100562 0.256939
v -0.106353 -0.102146 0.257596
v -0.125515 -0.117639 0.260046
v -0.127165 -0.117918 0.258488
v -0.107068 -0.099527 0.258290
v -0.107409 -0.100846 0.259575
v 0.127565 0.116469 0.258689
v 0.126674 0.115657 0.259639
v 0.108644 0.098967 0.260362
v 0.107829 0.098225 0.258775
v 0.128251 0.113981 0.259120
v 0.128763 0.115159 0.258219
v 0.108832 0.096562 0.258447
v 0.110408 0.096992 0.259726
v 0.129534 0.112673 0.257537
v 0.129834 0.114272 0.256977
v 0.109699 0.095378 0.257100
v 0.111716 0.095549 0.257806
v 0.129936 0.112214 0.255171
v 0.130078 0.113886 0.255171
v 0.110131 0.095192 0.255171
v 0.112372 0.094556 0.255171
v 0.129765 0.112575 0.252674
v 0.129856 0.114280 0.253361
v 0.109772 0.095531 0.253280
v 0.111727 0.095515 0.252518
v 0.128543 0.113933 0.250819
v 0.129085 0.115339 0.251977
v 0.108970 0.096762 0.251992
v 0.110398 0.097131 0.250808
v 0.126777 0.115750 0.250352
v 0.127767 0.116652 0.251525
v 0.107773 0.098174 0.251532
v 0.108740 0.099055 0.250309
v 0.125138 0.117584 0.250947
v 0.126514 0.117988 0.252025
v 0.106666 0.099601 0.252078
v 0.107122 0.100861 0.251007
v 0.123938 0.118877 0.252753
v 0.125669 0.119100 0.253325
v 0.105625 0.100518 0.253350
v 0.105849 0.102206 0.252722
v 0.123234 0.120059 0.255171
v 0.125408 0.119649 0.255171
v 0.105644 0.100990 0.255171
v 0.105772 0.102515 0.255171
v 0.123801 0.119305 0.257827
v 0.125771 0.119314 0.257070
v 0.106066 0.100681 0.256890
v 0.106444 0.101953 0.257279
v 0.125145 0.117475 0.259247
v 0.126563 0.118060 0.258353
v 0.106839 0.099697 0.258186
v 0.107316 0.100830 0.259069
v 0.161009 -0.062977 0.258830
v 0.159890 -0.062538 0.260404
v 0.137775 -0.053836 0.260611
v 0.136259 -0.053243 0.259070
v 0.158922 -0.064970 0.259672
v 0.160643 -0.064905 0.258489
v 0.135668 -0.055088 0.258498
v 0.136889 -0.056321 0.259706
v 0.158220 -0.066706 0.257745
v 0.160033 -0.066129 0.257058
v 0.135123 -0.056407 0.257098
v 0.136210 -0.058094 0.257771
v 0.157966 -0.067136 0.255171
v 0.159806 -0.066559 0.255171
v 0.134755 -0.056903 0.255171
v 0.135874 -0.058833 0.255171
v 0.158193 -0.066221 0.252855
v 0.159644 -0.065759 0.253403
v 0.134909 -0.056410 0.253198
v 0.135878 -0.058415 0.252328
v 0.158873 -0.064813 0.250896
v 0.160194 -0.064595 0.252072
v 0.135427 -0.055053 0.251748
v 0.136829 -0.056355 0.250544
v 0.159867 -0.062529 0.249998
v 0.161163 -0.063037 0.251434
v 0.136340 -0.053275 0.251314
v 0.137877 -0.053876 0.250009
v 0.160857 -0.060080 0.250629
v 0.161934 -0.061296 0.251901
v 0.137194 -0.051567 0.251901
v 0.138845 -0.051518 0.250791
v 0.161643 -0.058201 0.252489
v 0.162405 -0.060000 0.253291
v 0.137679 -0.050248 0.253276
v 0.139500 -0.049347 0.252413
v 0.161745 -0.057701 0.255171
v 0.162506 -0.059533 0.255171
v 0.137829 -0.049734 0.255171
v 0.139772 -0.048771 0.255171
v 0.161208 -0.058621 0.257534
v 0.162231 -0.060002 0.257013
v 0.137681 -0.050250 0.257066
v 0.139526 -0.049802 0.257689
v 0.160663 -0.060193 0.259408
v 0.161518 -0.061236 0.258274
v 0.137013 -0.051441 0.258529
v 0.138799 -0.051369 0.259764
v 0.001252 0.157990 0.039892
v 0.001244 0.157040 0.041208
v 0.000892 0.131191 0.041487
v 0.000880 0.129761 0.040172
v 0.003182 0.156835 0.040202
v 0.002727 0.157853 0.039430
v 0.002525 0.129757 0.039717
v 0.003278 0.131120 0.040962
v 0.004610 0.156822 0.038746
v 0.003897 0.158009 0.038345
v 0.003745 0.129751 0.038470
v 0.004832 0.131195 0.039070
v 0.005528 0.156970 0.036745
v 0.004389 0.158155 0.036745
v 0.004143 0.129865 0.036745
v 0.005542 0.131149 0.036745
v 0.005231 0.157099 0.034395
v 0.004024 0.158311 0.035075
v 0.003760 0.129711 0.035012
v 0.005042 0.131097 0.034302
v 0.003659 0.157201 0.032483
v 0.002852 0.158358 0.033855
v 0.002541 0.129687 0.033746
v 0.003125 0.131241 0.032790
v 0.001247 0.157334 0.031540
v 0.001257 0.158600 0.033310
v 0.000881 0.129791 0.033333
v 0.000893 0.131340 0.032379
v -0.001140 0.157222 0.032530
v -0.000390 0.158591 0.033771
v -0.000718 0.129970 0.033850
v -0.001257 0.131344 0.032931
v -0.002960 0.157271 0.034270
v -0.001536 0.158412 0.035063
v -0.001954 0.129872 0.035038
v -0.002824 0.131363 0.034547
v -0.003709 0.157317 0.036745
v -0.002060 0.158596 0.036745
v -0.002438 0.129800 0.036745
v -0.003707 0.131249 0.036745
v -0.003071 0.157323 0.039284
v -0.001709 0.158845 0.038529
v -0.002032 0.129686 0.038496
v -0.003361 0.131123 0.039247
v -0.001123 0.157208 0.040931
v -0.000373 0.158518 0.039690
v -0.000776 0.129738 0.039736
v -0.001393 0.131240 0.040789
v 0.116784 0.107627 0.040340
v 0.115621 0.106544 0.041984
v 0.095629 0.088009 0.041510
v 0.094960 0.087381 0.039933
v 0.117205 0.104676 0.041065
v 0.117799 0.106265 0.039795
v 0.095896 0.086112 0.039585
v 0.097214 0.086224 0.040963
v 0.118233 0.103436 0.039136
v 0.118540 0.105302 0.038490
v 0.096702 0.085291 0.038386
v 0.098319 0.085170 0.039054
v 0.118652 0.102976 0.036745
v 0.118748 0.104933 0.036745
v 0.096885 0.084706 0.036745
v 0.098860 0.084389 0.036745
v 0.118420 0.103358 0.034251
v 0.118535 0.105300 0.035002
v 0.096558 0.084983 0.035031
v 0.098386 0.084969 0.034328
v 0.117295 0.104662 0.032303
v 0.117783 0.106256 0.033704
v 0.095892 0.086107 0.033904
v 0.097199 0.086395 0.032759
v 0.115608 0.106533 0.031550
v 0.116781 0.107625 0.033153
v 0.095065 0.087478 0.033626
v 0.095753 0.088124 0.032408
v 0.113886 0.108344 0.032337
v 0.115630 0.108932 0.033611
v 0.094098 0.088601 0.034053
v 0.094360 0.089677 0.033040
v 0.112679 0.109596 0.034252
v 0.114710 0.109778 0.034951
v 0.093290 0.089392 0.035165
v 0.093246 0.090838 0.034560
v 0.112318 0.109867 0.036745
v 0.114327 0.109967 0.036745
v 0.093054 0.089712 0.036745
v 0.093317 0.091042 0.036745
v 0.112628 0.109750 0.039323
v 0.114713 0.109786 0.038541
v 0.093564 0.089494 0.038263
v 0.093507 0.090729 0.038786
v 0.113870 0.108524 0.041397
v 0.115674 0.108996 0.039911
v 0.094305 0.088716 0.039345
v 0.094303 0.089686 0.040528
v 0.146938 -0.059015 0.040189
v 0.145629 -0.058489 0.041633
v 0.121313 -0.049533 0.041422
v 0.120259 -0.049110 0.040020
v 0.144736 -0.060712 0.040977
v 0.146182 -0.060453 0.039669
v 0.119239 -0.050503 0.039765
v 0.120267 -0.051769 0.041094
v 0.144072 -0.062120 0.039076
v 0.145660 -0.061496 0.038421
v 0.118666 -0.051655 0.038521
v 0.119396 -0.053629 0.039396
v 0.143845 -0.062313 0.036745
v 0.145257 -0.061647 0.036745
v 0.118765 -0.052072 0.036745
v 0.119371 -0.054028 0.036745
v 0.144053 -0.061710 0.034627
v 0.145352 -0.061197 0.035162
v 0.119105 -0.051653 0.035064
v 0.119736 -0.053305 0.034337
v 0.144695 -0.060571 0.032709
v 0.146027 -0.060343 0.033897
v 0.119689 -0.050570 0.033907
v 0.120458 -0.051657 0.032694
v 0.145560 -0.058462 0.032047
v 0.146716 -0.058926 0.033415
v 0.120432 -0.049180 0.033560
v 0.121383 -0.049562 0.032260
v 0.146305 -0.056393 0.032852
v 0.147187 -0.057423 0.033902
v 0.120870 -0.047671 0.033913
v 0.122159 -0.047384 0.032659
v 0.146828 -0.054973 0.034551
v 0.147610 -0.056340 0.035096
v 0.121345 -0.046632 0.035112
v 0.122794 -0.045895 0.034427
v 0.147383 -0.054081 0.036745
v 0.147850 -0.055934 0.036745
v 0.121459 -0.046184 0.036745
v 0.123022 -0.045293 0.036745
v 0.147316 -0.054509 0.039287
v 0.147881 -0.056338 0.038453
v 0.121355 -0.046641 0.038376
v 0.122804 -0.046107 0.038954
v 0.146631 -0.056204 0.041145
v 0.147758 -0.057508 0.039817
v 0.120955 -0.047732 0.039537
v 0.122186 -0.047475 0.040705
v -0.000687 -0.158790 0.040139
v -0.000685 -0.157569 0.041841
v 0.000367 -0.129220 0.042006
v 0.000370 -0.127791 0.040268
v -0.003041 -0.157450 0.040911
v -0.002243 -0.158475 0.039566
v -0.001330 -0.127769 0.039812
v -0.002287 -0.129159 0.041419
v -0.004574 -0.157359 0.039041
v -0.003411 -0.158496 0.038390
v -0.002653 -0.127614 0.038560
v -0.004112 -0.129206 0.039376
v -0.004954 -0.157270 0.036745
v -0.003846 -0.158501 0.036745
v -0.003111 -0.127652 0.036745
v -0.004452 -0.129344 0.036745
v -0.004126 -0.157156 0.034704
v -0.003315 -0.158265 0.035155
v -0.002643 -0.127639 0.034937
v -0.003832 -0.129335 0.034274
v -0.002754 -0.157227 0.033068
v -0.002217 -0.158366 0.033969
v -0.001327 -0.127784 0.033686
v -0.002050 -0.129344 0.032476
v -0.000684 -0.157212 0.032551
v -0.000687 -0.158494 0.033492
v 0.000370 -0.127903 0.033276
v 0.000367 -0.129380 0.031892
v 0.001432 -0.157273 0.032989
v 0.000882 -0.158535 0.033904
v 0.002040 -0.127900 0.033730
v 0.002845 -0.129309 0.032374
v 0.003372 -0.157454 0.034354
v 0.002088 -0.158634 0.035072
v 0.003251 -0.127973 0.035012
v 0.004584 -0.129345 0.034264
v 0.004436 -0.157630 0.036745
v 0.002640 -0.158874 0.036745
v 0.003718 -0.127948 0.036745
v 0.005128 -0.129389 0.036745
v 0.003966 -0.157726 0.039474
v 0.002277 -0.159097 0.038527
v 0.003192 -0.128116 0.038446
v 0.004412 -0.129424 0.039130
v 0.001889 -0.157632 0.041282
v 0.001013 -0.159087 0.039813
v 0.002009 -0.128031 0.039708
v 0.002745 -0.129386 0.040948
v -0.118052 -0.107875 0.040288
v -0.116936 -0.106862 0.041908
v -0.095526 -0.087711 0.041494
v -0.094279 -0.086577 0.040294
v -0.118682 -0.104975 0.041247
v -0.119208 -0.106596 0.039815
v -0.095559 -0.085466 0.039746
v -0.097096 -0.086155 0.040626
v -0.119741 -0.103679 0.039224
v -0.119961 -0.105617 0.038499
v -0.096423 -0.084597 0.038473
v -0.098258 -0.084746 0.039104
v -0.120223 -0.103176 0.036745
v -0.120384 -0.105309 0.036745
v -0.096720 -0.084233 0.036745
v -0.098717 -0.084187 0.036745
v -0.119748 -0.103676 0.034263
v -0.120117 -0.105675 0.034956
v -0.096397 -0.084543 0.035005
v -0.098322 -0.084546 0.034278
v -0.118684 -0.104975 0.032242
v -0.119158 -0.106568 0.033699
v -0.095418 -0.085259 0.033646
v -0.097118 -0.085851 0.032456
v -0.116935 -0.106861 0.031587
v -0.118122 -0.107940 0.033158
v -0.094466 -0.086749 0.033317
v -0.095510 -0.087696 0.031941
v -0.115220 -0.108652 0.032400
v -0.117058 -0.109402 0.033550
v -0.093463 -0.088050 0.033827
v -0.093824 -0.089459 0.032470
v -0.113947 -0.110141 0.034155
v -0.116099 -0.110246 0.034927
v -0.092380 -0.088845 0.034992
v -0.092437 -0.090853 0.034175
v -0.113590 -0.110365 0.036745
v -0.115718 -0.110465 0.036745
v -0.092059 -0.089185 0.036745
v -0.091961 -0.091363 0.036745
v -0.113983 -0.110029 0.039275
v -0.116074 -0.110195 0.038552
v -0.092439 -0.088867 0.038486
v -0.092412 -0.090864 0.039330
v -0.115218 -0.108677 0.041124
v -0.116980 -0.109288 0.039885
v -0.093209 -0.087908 0.039780
v -0.093757 -0.089470 0.041113
v -0.148880 0.058841 0.040297
v -0.147469 0.058285 0.041935
v -0.120600 0.048412 0.041232
v -0.119198 0.047859 0.040161
v -0.146538 0.060710 0.041293
v -0.148431 0.060581 0.039917
v -0.118626 0.049411 0.039694
v -0.119596 0.050581 0.040932
v -0.145848 0.062601 0.039435
v -0.147972 0.061830 0.038590
v -0.117920 0.050553 0.038511
v -0.118813 0.052343 0.039265
v -0.145587 0.063102 0.036745
v -0.147683 0.062167 0.036745
v -0.117909 0.050977 0.036745
v -0.118521 0.053013 0.036745
v -0.145823 0.062132 0.034300
v -0.147588 0.061462 0.035016
v -0.118196 0.050549 0.035040
v -0.118855 0.052302 0.034256
v -0.146395 0.060228 0.032874
v -0.147680 0.060057 0.033937
v -0.118633 0.049412 0.033800
v -0.119712 0.050513 0.032740
v -0.147240 0.058194 0.032178
v -0.148269 0.058599 0.033505
v -0.119412 0.047943 0.033439
v -0.120521 0.048380 0.032041
v -0.148168 0.056040 0.032632
v -0.149094 0.057170 0.033833
v -0.119930 0.046397 0.033840
v -0.121402 0.046319 0.032809
v -0.148859 0.054385 0.034326
v -0.149642 0.056045 0.035034
v -0.120350 0.045254 0.035054
v -0.121991 0.044531 0.034336
v -0.148847 0.054053 0.036745
v -0.149905 0.055617 0.036745
v -0.120273 0.044582 0.036745
v -0.122224 0.043671 0.036745
v -0.148707 0.054531 0.039056
v -0.149761 0.056043 0.038483
v -0.120017 0.044935 0.038537
v -0.121978 0.044286 0.039282
v -0.148137 0.056058 0.040812
v -0.149256 0.057193 0.039723
v -0.119742 0.046265 0.039742
v -0.121375 0.046228 0.040810
v -0.118147 -0.107963 0.036745
v -0.148808 0.058812 0.036745
v 0.001252 0.158090 0.036745
v 0.116761 0.107606 0.036745
v 0.146528 -0.058850 0.036745
v -0.000687 -0.158562 0.036745
v -0.128285 -0.116329 0.255171
v -0.001626 -0.172991 0.255171
v 0.161245 -0.063069 0.255171
v 0.127980 0.116847 0.255171
v -0.000121 0.173051 0.255171
v -0.161612 0.064958 0.255171
v -0.001392 -0.146840 0.255171
v -0.108832 -0.098677 0.255171
v -0.136778 0.055089 0.255171
v -0.000127 0.146759 0.255171
v 0.107813 0.098210 0.255171
v 0.136131 -0.053193 0.255171
v 0.000370 -0.127840 0.036745
v -0.094452 -0.086736 0.036745
v -0.118879 0.047733 0.036745
v 0.000880 0.129764 0.036745
v 0.095263 0.087659 0.036745
v 0.120262 -0.049112 0.036745
v -0.000123 0.168781 0.244852
v -0.000125 0.170785 0.266146
v 0.032813 0.165691 0.244604
v 0.033234 0.167806 0.266563
v 0.064682 0.156551 0.243802
v 0.065561 0.158665 0.267425
v 0.093865 0.140150 0.244159
v 0.095097 0.141994 0.267030
v 0.118984 0.119226 0.245200
v 0.120220 0.120461 0.265502
v 0.139703 0.093543 0.245645
v 0.140830 0.094287 0.264578
v 0.155924 0.064570 0.246308
v 0.157332 0.065148 0.264256
v 0.165558 0.033143 0.246155
v 0.166829 0.033405 0.264086
v 0.168236 0.000122 0.245332
v 0.169483 0.000132 0.264704
v 0.165413 -0.032806 0.244663
v 0.166876 -0.033097 0.265612
v 0.155862 -0.064489 0.244572
v 0.157560 -0.065193 0.266160
v 0.140278 -0.093691 0.244536
v 0.141733 -0.094663 0.266071
v 0.119337 -0.119337 0.244405
v 0.120438 -0.120438 0.265920
v 0.093678 -0.140259 0.244573
v 0.094967 -0.142188 0.266811
v 0.064340 -0.155502 0.245191
v 0.065300 -0.157820 0.266541
v 0.032697 -0.164864 0.245553
v 0.033138 -0.167084 0.265900
v -0.000121 -0.168283 0.245257
v -0.000121 -0.170541 0.266145
v -0.032920 -0.164772 0.245703
v -0.033354 -0.166954 0.265721
v -0.064612 -0.155574 0.245067
v -0.065353 -0.157363 0.265871
v -0.093461 -0.139572 0.245887
v -0.094676 -0.141391 0.265512
v -0.119203 -0.118962 0.245250
v -0.120357 -0.120115 0.265302
v -0.140442 -0.093639 0.244685
v -0.141944 -0.094642 0.266019
v -0.155658 -0.064305 0.245340
v -0.157831 -0.065205 0.266203
v -0.165129 -0.032701 0.245515
v -0.167354 -0.033144 0.265939
v -0.168542 0.000121 0.245229
v -0.171133 0.000121 0.266620
v -0.165679 0.033053 0.244623
v -0.167997 0.033513 0.266827
v -0.156393 0.064856 0.244072
v -0.158150 0.065584 0.266671
v -0.139587 0.093732 0.245320
v -0.141098 0.094741 0.265493
v -0.118555 0.119157 0.245530
v -0.119619 0.120231 0.264894
v -0.094277 0.140503 0.245935
v -0.094956 0.141525 0.264183
v -0.064317 0.155054 0.246372
v -0.064812 0.156211 0.263837
v -0.032796 0.164565 0.245396
v -0.033205 0.166623 0.265813
v -0.000128 0.171930 0.263443
v -0.000126 0.170274 0.247323
v 0.033127 0.167272 0.247242
v 0.033489 0.169090 0.263505
v 0.065456 0.158408 0.246969
v 0.066204 0.160204 0.263636
v 0.094877 0.141664 0.247096
v 0.095950 0.143270 0.263579
v 0.119897 0.120139 0.247450
v 0.120822 0.121063 0.263342
v 0.140473 0.094051 0.247644
v 0.141195 0.094524 0.263198
v 0.156500 0.064799 0.247862
v 0.157545 0.065227 0.263137
v 0.166163 0.033273 0.247834
v 0.166865 0.033424 0.263096
v 0.169377 0.000124 0.247520
v 0.169961 0.000137 0.263216
v 0.166859 -0.033093 0.247294
v 0.167792 -0.033279 0.263363
v 0.157267 -0.065071 0.247263
v 0.158610 -0.065627 0.263443
v 0.141612 -0.094582 0.247231
v 0.142650 -0.095275 0.263430
v 0.120521 -0.120520 0.247185
v 0.121199 -0.121199 0.263412
v 0.094558 -0.141577 0.247244
v 0.095713 -0.143305 0.263533
v 0.064842 -0.156713 0.247443
v 0.065747 -0.158899 0.263484
v 0.032888 -0.165825 0.247610
v 0.033281 -0.167801 0.263364
v -0.000121 -0.169629 0.247444
v -0.000121 -0.171608 0.263432
v -0.033121 -0.165781 0.247624
v -0.033522 -0.167798 0.263364
v -0.065156 -0.156888 0.247386
v -0.065761 -0.158349 0.263406
v -0.094005 -0.140387 0.247673
v -0.095096 -0.142020 0.263330
v -0.120011 -0.119769 0.247504
v -0.120835 -0.120593 0.263299
v -0.141682 -0.094467 0.247293
v -0.142825 -0.095231 0.263419
v -0.156809 -0.064782 0.247490
v -0.158754 -0.065587 0.263429
v -0.166175 -0.032909 0.247577
v -0.168231 -0.033318 0.263389
v -0.169832 0.000121 0.247456
v -0.172261 0.000121 0.263486
v -0.167173 0.033350 0.247272
v -0.169238 0.033760 0.263525
v -0.158003 0.065526 0.247101
v -0.159341 0.066080 0.263513
v -0.140471 0.094325 0.247544
v -0.141631 0.095100 0.263311
v -0.119204 0.119818 0.247626
v -0.119882 0.120509 0.263218
v -0.094676 0.141102 0.247767
v -0.095050 0.141669 0.263118
v -0.064495 0.155434 0.247933
v -0.064805 0.156138 0.263058
v -0.033031 0.165744 0.247514
v -0.033392 0.167560 0.263385
v -0.000121 0.164279 0.244819
v -0.000121 0.166110 0.266302
v 0.031905 0.161124 0.244611
v 0.032262 0.162920 0.266664
v 0.062699 0.151781 0.243729
v 0.063400 0.153473 0.267871
v 0.091124 0.136050 0.244058
v 0.092097 0.138135 0.267274
v 0.115957 0.116199 0.245318
v 0.117252 0.117494 0.265493
v 0.136373 0.091324 0.245957
v 0.136128 0.091159 0.263932
v 0.152616 0.063212 0.246630
v 0.152328 0.063095 0.263521
v 0.161957 0.032417 0.246361
v 0.161653 0.032355 0.263950
v 0.164038 0.000121 0.245480
v 0.164923 0.000121 0.264591
v 0.160883 -0.031905 0.244726
v 0.162680 -0.032262 0.265469
v 0.151541 -0.062700 0.244545
v 0.153234 -0.063401 0.266115
v 0.136371 -0.091080 0.244607
v 0.137894 -0.092098 0.266148
v 0.115956 -0.115956 0.244372
v 0.117252 -0.117252 0.265962
v 0.091080 -0.136371 0.244325
v 0.092097 -0.137893 0.267145
v 0.062700 -0.151542 0.245087
v 0.063400 -0.153233 0.266852
v 0.031905 -0.160884 0.245309
v 0.032262 -0.162679 0.266290
v -0.000121 -0.164038 0.245253
v -0.000121 -0.165868 0.266488
v -0.032147 -0.160885 0.245706
v -0.032504 -0.162680 0.265578
v -0.062942 -0.151542 0.245219
v -0.063643 -0.153234 0.265802
v -0.091324 -0.136373 0.246001
v -0.092340 -0.137895 0.265489
v -0.116199 -0.115957 0.245116
v -0.117494 -0.117252 0.265332
v -0.136613 -0.091080 0.244610
v -0.138136 -0.092098 0.266251
v -0.151784 -0.062700 0.245503
v -0.153475 -0.063401 0.266385
v -0.161126 -0.031905 0.245454
v -0.162921 -0.032262 0.266104
v -0.164280 0.000121 0.245158
v -0.166109 0.000121 0.267063
v -0.161124 0.032146 0.244424
v -0.162920 0.032504 0.267205
v -0.151750 0.063044 0.243767
v -0.153443 0.063744 0.266981
v -0.136022 0.091480 0.245176
v -0.137545 0.092496 0.265580
v -0.115675 0.116272 0.245386
v -0.115883 0.116569 0.264959
v -0.091800 0.136732 0.245802
v -0.092139 0.137446 0.264090
v -0.063054 0.151752 0.246302
v -0.063362 0.152352 0.263672
v -0.032147 0.161126 0.245484
v -0.032504 0.162922 0.265838
v -0.000121 0.154571 0.025882
v -0.000121 0.156283 0.046225
v 0.030007 0.151582 0.025914
v 0.030400 0.153561 0.046598
v 0.059152 0.143218 0.025212
v 0.059828 0.144850 0.046871
v 0.085720 0.128591 0.025789
v 0.086893 0.130346 0.046828
v 0.108863 0.109105 0.026375
v 0.110164 0.110406 0.045967
v 0.127820 0.085608 0.026763
v 0.129251 0.086564 0.045476
v 0.142438 0.059171 0.026103
v 0.144628 0.060078 0.046899
v 0.151432 0.030267 0.025770
v 0.153239 0.030626 0.046490
v 0.154207 0.000121 0.026068
v 0.155939 0.000121 0.046090
v 0.151108 -0.029960 0.026277
v 0.152917 -0.030320 0.046059
v 0.142400 -0.058913 0.026167
v 0.143918 -0.059542 0.045888
v 0.128290 -0.085680 0.025899
v 0.129648 -0.086588 0.046104
v 0.109302 -0.109302 0.025426
v 0.110556 -0.110556 0.046696
v 0.085884 -0.128595 0.025338
v 0.086884 -0.130091 0.046807
v 0.059036 -0.142697 0.025675
v 0.059780 -0.144492 0.046705
v 0.030051 -0.151562 0.025569
v 0.030447 -0.153552 0.046911
v -0.000121 -0.154377 0.025807
v -0.000121 -0.156328 0.046602
v -0.030225 -0.151221 0.026100
v -0.030596 -0.153086 0.046285
v -0.059567 -0.143396 0.024518
v -0.059969 -0.144364 0.046524
v -0.086277 -0.128821 0.024922
v -0.086849 -0.129677 0.046152
v -0.109793 -0.109551 0.024887
v -0.110943 -0.110701 0.046966
v -0.129378 -0.086246 0.024342
v -0.130733 -0.087151 0.047441
v -0.143392 -0.059224 0.024925
v -0.144744 -0.059784 0.046721
v -0.151762 -0.030042 0.025633
v -0.153863 -0.030460 0.047004
v -0.155114 0.000121 0.025050
v -0.157057 0.000121 0.047243
v -0.152208 0.030373 0.024938
v -0.153958 0.030721 0.047131
v -0.143381 0.059445 0.024938
v -0.145244 0.060208 0.047439
v -0.129808 0.087376 0.025511
v -0.131265 0.088348 0.046594
v -0.110488 0.110744 0.025677
v -0.112003 0.112259 0.046970
v -0.086869 0.129665 0.026223
v -0.087781 0.131029 0.045836
v -0.059065 0.142388 0.026590
v -0.059745 0.144039 0.045713
v -0.030228 0.151481 0.026071
v -0.030581 0.153254 0.046186
v -0.000121 0.157035 0.043967
v -0.000121 0.155720 0.028093
v 0.030234 0.152728 0.028094
v 0.030570 0.154413 0.044016
v 0.059732 0.144619 0.027870
v 0.060260 0.145894 0.044073
v 0.086420 0.129639 0.028045
v 0.087457 0.131190 0.044055
v 0.109484 0.109726 0.028258
v 0.110562 0.110804 0.043920
v 0.128373 0.085978 0.028387
v 0.129536 0.086755 0.043848
v 0.143510 0.059615 0.028130
v 0.145536 0.060454 0.044057
v 0.152625 0.030504 0.028054
v 0.154096 0.030797 0.044006
v 0.155275 0.000121 0.028149
v 0.156604 0.000121 0.043944
v 0.152040 -0.030146 0.028220
v 0.153581 -0.030452 0.043942
v 0.143292 -0.059283 0.028195
v 0.144460 -0.059766 0.043916
v 0.129177 -0.086273 0.028119
v 0.130256 -0.086994 0.043953
v 0.110236 -0.110236 0.027963
v 0.111245 -0.111245 0.044038
v 0.086634 -0.129717 0.027939
v 0.087437 -0.130919 0.044050
v 0.059532 -0.143893 0.028015
v 0.060169 -0.145431 0.044044
v 0.030314 -0.152888 0.027980
v 0.030643 -0.154541 0.044062
v -0.000121 -0.155677 0.028038
v -0.000121 -0.157327 0.044032
v -0.030424 -0.152222 0.028168
v -0.030734 -0.153779 0.043967
v -0.060199 -0.144920 0.027707
v -0.060345 -0.145272 0.044023
v -0.087044 -0.129969 0.027855
v -0.087278 -0.130319 0.043963
v -0.110906 -0.110664 0.027795
v -0.111758 -0.111516 0.044084
v -0.130953 -0.087298 0.027607
v -0.131978 -0.087983 0.044170
v -0.144855 -0.059830 0.027799
v -0.145736 -0.060195 0.044052
v -0.153078 -0.030304 0.027995
v -0.154964 -0.030679 0.044084
v -0.156831 0.000121 0.027784
v -0.158419 0.000121 0.044135
v -0.153769 0.030683 0.027799
v -0.155145 0.030957 0.044106
v -0.144839 0.060038 0.027806
v -0.146454 0.060696 0.044146
v -0.130872 0.088087 0.027991
v -0.132068 0.088883 0.044027
v -0.111484 0.111742 0.027986
v -0.112864 0.113122 0.044093
v -0.087410 0.130466 0.028210
v -0.088138 0.131555 0.043914
v -0.059345 0.143036 0.028343
v -0.059939 0.144489 0.043888
v -0.030426 0.152475 0.028165
v -0.030708 0.153891 0.043951
v -0.000121 0.150685 0.026085
v -0.000121 0.152365 0.046066
v 0.029253 0.147792 0.025925
v 0.029580 0.149438 0.046770
v 0.057497 0.139222 0.025225
v 0.058140 0.140775 0.046984
v 0.083528 0.125310 0.025919
v 0.084460 0.126706 0.047062
v 0.106345 0.106586 0.026449
v 0.107532 0.107774 0.045971
v 0.125070 0.083771 0.026725
v 0.126466 0.084704 0.045316
v 0.138982 0.057739 0.026187
v 0.140533 0.058382 0.046960
v 0.147550 0.029494 0.025738
v 0.149197 0.029822 0.046528
v 0.150443 0.000121 0.026089
v 0.152123 0.000121 0.045993
v 0.147551 -0.029253 0.026570
v 0.149198 -0.029580 0.045864
v 0.138983 -0.057498 0.026354
v 0.140534 -0.058140 0.045794
v 0.125069 -0.083528 0.026016
v 0.126465 -0.084461 0.045877
v 0.106343 -0.106343 0.025450
v 0.107531 -0.107531 0.046714
v 0.083527 -0.125067 0.025377
v 0.084461 -0.126464 0.046891
v 0.057497 -0.138982 0.025854
v 0.058140 -0.140533 0.046595
v 0.029252 -0.147549 0.025566
v 0.029580 -0.149196 0.047045
v -0.000121 -0.150443 0.025837
v -0.000121 -0.152122 0.046791
v -0.029495 -0.147550 0.026033
v -0.029822 -0.149197 0.046509
v -0.057738 -0.138979 0.024300
v -0.058382 -0.140533 0.046710
v -0.083768 -0.125066 0.024620
v -0.084703 -0.126465 0.046215
v -0.106584 -0.106342 0.024690
v -0.107772 -0.107531 0.047084
v -0.125307 -0.083526 0.024157
v -0.126705 -0.084460 0.047662
v -0.139221 -0.057496 0.024672
v -0.140774 -0.058140 0.047029
v -0.147791 -0.029253 0.025573
v -0.149438 -0.029580 0.047269
v -0.150683 0.000121 0.025102
v -0.152363 0.000121 0.047492
v -0.147789 0.029494 0.024607
v -0.149438 0.029822 0.047316
v -0.139193 0.057833 0.024706
v -0.140745 0.058475 0.047744
v -0.126306 0.085162 0.025307
v -0.127704 0.086095 0.046652
v -0.107645 0.107902 0.025776
v -0.108833 0.109089 0.046944
v -0.084913 0.126559 0.026331
v -0.085846 0.127957 0.045582
v -0.057842 0.139194 0.026726
v -0.058484 0.140746 0.045455
v -0.029495 0.147792 0.026094
v -0.029822 0.149439 0.046183
v -0.000121 0.136125 0.026208
v -0.000121 0.137576 0.046158
v 0.026402 0.133462 0.025540
v 0.026711 0.135015 0.047234
v 0.051892 0.125692 0.025065
v 0.052508 0.127179 0.047106
v 0.075436 0.113200 0.026144
v 0.076276 0.114457 0.046897
v 0.096036 0.096278 0.025971
v 0.097089 0.097331 0.046436
v 0.112906 0.075643 0.025316
v 0.114158 0.076480 0.045992
v 0.125494 0.052152 0.025691
v 0.126926 0.052746 0.046946
v 0.133228 0.026646 0.025642
v 0.134734 0.026945 0.046718
v 0.135874 0.000121 0.026089
v 0.137333 0.000121 0.046151
v 0.133327 -0.026424 0.026975
v 0.134670 -0.026691 0.045859
v 0.125577 -0.051945 0.026867
v 0.126844 -0.052470 0.045774
v 0.112974 -0.075447 0.026392
v 0.114113 -0.076208 0.045279
v 0.096008 -0.096008 0.025460
v 0.097083 -0.097083 0.046321
v 0.075417 -0.112930 0.025688
v 0.076262 -0.114194 0.046564
v 0.051918 -0.125511 0.025933
v 0.052470 -0.126844 0.045773
v 0.026403 -0.133225 0.025608
v 0.026702 -0.134728 0.046636
v -0.000121 -0.135803 0.025146
v -0.000121 -0.137437 0.047517
v -0.026637 -0.133186 0.025085
v -0.026953 -0.134772 0.047224
v -0.052110 -0.125392 0.024240
v -0.052752 -0.126942 0.047168
v -0.075591 -0.112827 0.024069
v -0.076503 -0.114194 0.046553
v -0.096194 -0.095952 0.024419
v -0.097349 -0.097107 0.046762
v -0.113082 -0.075357 0.024276
v -0.114485 -0.076295 0.047335
v -0.125652 -0.051876 0.024491
v -0.127191 -0.052513 0.047279
v -0.133421 -0.026394 0.024991
v -0.135010 -0.026710 0.047173
v -0.136064 0.000121 0.025399
v -0.137663 0.000121 0.047305
v -0.133360 0.026624 0.024169
v -0.135028 0.026956 0.047410
v -0.125622 0.052204 0.024447
v -0.127232 0.052863 0.048205
v -0.114015 0.076881 0.024810
v -0.115358 0.077774 0.046889
v -0.097220 0.097452 0.025694
v -0.098297 0.098528 0.046594
v -0.076719 0.114344 0.026396
v -0.077487 0.115489 0.045387
v -0.052277 0.125794 0.026901
v -0.052782 0.127002 0.044986
v -0.026648 0.133481 0.025792
v -0.026935 0.134923 0.046001
v -0.000121 0.132571 0.026283
v -0.000121 0.133656 0.046591
v 0.025643 0.129643 0.025925
v 0.025826 0.130562 0.047262
v 0.050257 0.121743 0.025544
v 0.050777 0.123000 0.047254
v 0.073470 0.110257 0.026292
v 0.073898 0.110899 0.046970
v 0.093418 0.093660 0.026131
v 0.094231 0.094473 0.046718
v 0.109404 0.073303 0.025618
v 0.111000 0.074370 0.046455
v 0.121848 0.050642 0.025888
v 0.122829 0.051049 0.047159
v 0.129393 0.025883 0.025918
v 0.130496 0.026102 0.047039
v 0.132334 0.000121 0.026288
v 0.133435 0.000121 0.046565
v 0.130400 -0.025841 0.026858
v 0.131080 -0.025977 0.046296
v 0.122873 -0.050825 0.026904
v 0.123598 -0.051125 0.046121
v 0.110303 -0.073662 0.026609
v 0.111537 -0.074487 0.045651
v 0.093256 -0.093256 0.025921
v 0.094409 -0.094409 0.046404
v 0.073362 -0.109854 0.026114
v 0.074057 -0.110895 0.046613
v 0.050545 -0.122196 0.026233
v 0.051167 -0.123699 0.045985
v 0.025641 -0.129392 0.025917
v 0.025906 -0.130724 0.046750
v -0.000121 -0.131456 0.025484
v -0.000121 -0.132608 0.047596
v -0.025780 -0.128877 0.025436
v -0.026054 -0.130255 0.047346
v -0.050268 -0.120945 0.024993
v -0.051007 -0.122729 0.047293
v -0.072840 -0.108711 0.024856
v -0.074195 -0.110738 0.046848
v -0.092866 -0.092624 0.025103
v -0.094362 -0.094120 0.046913
v -0.109157 -0.072734 0.025080
v -0.110685 -0.073756 0.047291
v -0.121377 -0.050105 0.025181
v -0.122978 -0.050768 0.047284
v -0.129129 -0.025541 0.025446
v -0.130677 -0.025849 0.047116
v -0.132033 0.000121 0.025791
v -0.133100 0.000121 0.047284
v -0.128625 0.025682 0.024975
v -0.130416 0.026038 0.047449
v -0.121300 0.050539 0.025184
v -0.122302 0.050964 0.048069
v -0.110335 0.074554 0.025447
v -0.111682 0.075448 0.047067
v -0.094457 0.094689 0.025924
v -0.095384 0.095616 0.046798
v -0.074986 0.111592 0.026587
v -0.075740 0.112716 0.045848
v -0.051241 0.123088 0.026913
v -0.051748 0.124302 0.045444
v -0.025903 0.129735 0.026011
v -0.026210 0.131277 0.046354
v -0.146590 0.031082 0.002223
v -0.166552 0.032633 0.316124
v -0.126542 0.080179 0.002223
v -0.144223 0.089528 0.316979
v -0.077172 0.129421 0.002223
v -0.087732 0.145572 0.317133
v -0.043132 0.143677 0.002223
v -0.050901 0.161883 0.317440
v 0.042673 0.143664 0.002223
v 0.048510 0.163203 0.316484
v 0.129423 0.075922 0.002223
v 0.149086 0.080859 0.315423
v 0.148814 0.019454 0.002223
v 0.169600 0.013756 0.316653
v 0.125131 -0.081151 0.002223
v 0.140523 -0.093685 0.316328
v -0.137478 0.091982 0.317790
v 0.044585 -0.141810 0.002223
v 0.047733 -0.164201 0.316645
v -0.041181 -0.141488 0.002223
v -0.087002 -0.119720 0.002223
v -0.096896 -0.134541 0.314945
v -0.136390 0.064285 0.002223
v -0.153873 0.072067 0.316979
v -0.138882 0.092452 0.316009
v -0.079862 0.127771 0.002223
v -0.088579 0.139860 0.317108
v -0.062117 0.137432 0.002223
v -0.070561 0.154755 0.317440
v -0.041697 0.141296 0.002223
v -0.048636 0.161581 0.313153
v 0.075979 0.130006 0.002223
v 0.085426 0.147080 0.316484
v 0.138701 0.056602 0.002223
v 0.157729 0.063456 0.316653
v 0.125632 0.075533 0.002221
v 0.143212 0.085412 0.314335
v 0.084462 0.123731 0.002223
v 0.096382 0.139424 0.316484
v 0.138486 -0.056016 0.002223
v 0.157341 -0.063622 0.316328
v 0.079900 -0.126600 0.002223
v 0.091183 -0.144621 0.316223
v 0.061952 -0.136449 0.002223
v 0.071325 -0.155566 0.317258
v 0.041138 -0.140879 0.002223
v -0.042147 -0.144243 0.002223
v -0.047767 -0.163289 0.316979
v -0.086942 -0.121731 0.002223
v -0.098167 -0.137534 0.316979
v -0.069267 -0.156177 0.316979
v -0.060968 -0.137402 0.002223
v -0.149378 -0.019759 0.002242
v -0.169317 -0.018688 0.316979
v -0.165961 -0.037085 0.316979
v -0.146833 -0.033695 0.002295
v -0.147644 -0.084322 0.316979
v -0.130130 -0.075002 0.002352
v -0.149488 -0.014978 0.002230
v -0.169334 -0.012423 0.316979
v 0.163083 -0.047024 0.316328
v 0.143542 -0.041404 0.002223
v 0.132304 -0.069121 0.002223
v 0.150318 -0.078508 0.316328
v 0.168148 0.009724 0.317117
v 0.146965 0.032004 0.002223
v 0.165876 0.036711 0.316653
v 0.066677 0.156721 0.316484
v 0.059272 0.138311 0.002223
v -0.162118 0.052846 0.316979
v -0.143643 0.047376 0.002223
v -0.140467 -0.055313 0.002323
v -0.158727 -0.061650 0.316979
v -0.078877 -0.127997 0.002223
v -0.089623 -0.145486 0.316979
v -0.080110 -0.130004 0.038363
v -0.141757 -0.055760 0.024565
v -0.145937 0.048055 0.041326
v 0.060196 0.140609 0.041326
v 0.147592 0.032189 0.012690
v 0.132574 -0.069262 0.006922
v 0.143835 -0.041489 0.006922
v -0.151042 -0.010747 0.032072
v -0.130420 -0.075814 0.014744
v -0.148495 -0.033990 0.029648
v -0.151450 -0.018214 0.030801
v -0.061698 -0.139055 0.029948
v -0.088408 -0.123740 0.041326
v -0.042541 -0.145598 0.023877
v 0.062284 -0.137126 0.013342
v 0.080554 -0.127009 0.013342
v 0.138769 -0.056130 0.006922
v 0.090006 0.125552 0.074874
v 0.139332 0.056859 0.012690
v 0.077158 0.132137 0.041326
v 0.041910 0.145828 0.041326
v -0.063101 0.139653 0.041326
v -0.080958 0.129291 0.041326
v -0.123698 0.082407 0.023343
v -0.138561 0.065251 0.041326
v -0.148448 -0.009789 0.032068
v -0.088318 -0.121769 0.041324
v 0.043107 -0.143107 0.009836
v 0.124569 -0.082302 0.003936
v 0.149513 0.019239 0.012690
v 0.129873 0.076438 0.013163
v 0.043402 0.146103 0.041326
v -0.043518 0.145838 0.033479
v -0.078411 0.131507 0.041326
v -0.126408 0.082953 0.023346
v -0.148193 0.028561 0.019940
v -0.165949 0.032525 0.306677
v -0.088868 -0.144256 0.294988
v -0.158321 -0.061508 0.310198
v -0.161226 0.052582 0.301997
v 0.065838 0.154634 0.280017
v 0.163338 0.036747 0.275294
v 0.148401 -0.077509 0.282042
v 0.160629 -0.046318 0.276175
v -0.168660 -0.012374 0.306771
v -0.146928 -0.084958 0.312998
v -0.165457 -0.036996 0.308904
v -0.168670 -0.018649 0.306771
v -0.068603 -0.154675 0.291937
v -0.097956 -0.136832 0.296059
v -0.047298 -0.161975 0.285586
v 0.070287 -0.153448 0.281480
v 0.090903 -0.142584 0.285586
v 0.155189 -0.062754 0.279627
v 0.095194 0.137090 0.273280
v 0.140545 0.083868 0.259970
v 0.154843 0.063183 0.269902
v 0.084226 0.144912 0.275743
v -0.046793 0.158677 0.285586
v -0.069087 0.153170 0.279280
v -0.087614 0.138183 0.272750
v -0.084585 0.133277 0.199226
v -0.165005 0.030576 0.306677
v -0.137593 0.091731 0.285585
v -0.152577 0.071490 0.293859
v -0.166666 -0.011063 0.306771
v -0.144619 -0.085420 0.313654
v -0.046526 -0.159913 0.285586
v 0.046943 -0.160913 0.264780
v -0.136198 0.090802 0.285586
v 0.138814 -0.092466 0.282004
v 0.166809 0.011649 0.275294
v 0.143520 0.084094 0.259970
v 0.047953 0.161336 0.285586
v -0.049800 0.160602 0.285586
v -0.088753 0.141166 0.272750
v -0.139923 0.092912 0.285586
v 0.146459 -0.027535 0.002223
v 0.144542 -0.025762 0.002223
v 0.165888 -0.032617 0.316328
v 0.146753 -0.027590 0.006922
v 0.144864 -0.025979 0.006920
v 0.163362 -0.032071 0.274964
v 0.161355 -0.029364 0.275019
v -0.082220 0.130586 0.246703
v -0.084977 0.134220 0.313443
v -0.145190 0.030783 0.000137
v -0.125334 0.079409 0.000137
v -0.076437 0.128180 0.000137
v -0.042723 0.142298 0.000137
v 0.042260 0.142285 0.000137
v 0.128177 0.075193 0.000137
v 0.147382 0.019266 0.000137
v 0.123927 -0.080374 0.000137
v 0.078686 -0.122255 0.002033
v 0.044153 -0.140452 0.000137
v -0.124937 -0.073586 0.002190
v -0.144579 -0.009497 0.001145
v -0.135088 0.063668 0.000137
v -0.079102 0.126545 0.000137
v -0.061526 0.136114 0.000137
v -0.041302 0.139941 0.001979
v 0.075246 0.128759 0.000137
v 0.137367 0.056058 0.000137
v 0.124418 0.074811 0.001291
v 0.083648 0.122544 0.000137
v 0.137154 -0.055481 0.000137
v 0.079129 -0.125388 0.000137
v 0.061353 -0.135142 0.000137
v 0.040739 -0.139530 0.002717
v -0.041748 -0.142862 0.000137
v -0.086114 -0.120565 0.000137
v -0.060388 -0.136087 0.000137
v -0.147951 -0.019571 0.000156
v -0.145431 -0.033374 0.000209
v -0.128921 -0.074222 0.000266
v -0.148060 -0.014835 0.000145
v 0.142161 -0.041009 0.000137
v 0.131031 -0.068460 0.000137
v 0.143181 0.009570 0.000935
v 0.145551 0.031695 0.000137
v 0.058699 0.136984 0.000137
v -0.142271 0.046921 0.000137
v -0.139126 -0.054784 0.000238
v -0.078126 -0.126771 0.000137
v 0.145051 -0.027272 0.000137
v -0.149309 0.031654 0.312964
v -0.128889 0.081660 0.312964
v -0.078604 0.131816 0.313977
v -0.043933 0.146335 0.313977
v 0.043153 0.146594 0.312964
v 0.089238 0.123464 0.312964
v 0.132040 0.077191 0.312964
v 0.152038 0.015094 0.312964
v 0.043549 -0.146074 0.312964
v -0.138919 0.065472 0.312964
v -0.126585 0.084347 0.313977
v -0.150839 0.028293 0.310427
v -0.081344 0.130135 0.313977
v -0.063270 0.139975 0.313977
v -0.043188 0.147654 0.313977
v 0.077352 0.132334 0.312996
v 0.141271 0.057646 0.312964
v 0.086026 0.126020 0.312964
v 0.141052 -0.057059 0.312964
v 0.126965 -0.085149 0.312964
v 0.081379 -0.128951 0.312964
v 0.063099 -0.138983 0.312964
v 0.042961 -0.148239 0.312964
v -0.043844 -0.146854 0.312964
v -0.089153 -0.124342 0.312964
v -0.062100 -0.139954 0.312964
v -0.152148 -0.020130 0.312983
v -0.149556 -0.034325 0.313037
v -0.132544 -0.076397 0.313093
v -0.152511 -0.012699 0.312972
v 0.146201 -0.042176 0.312964
v 0.134755 -0.070407 0.312964
v 0.149688 0.032592 0.312964
v 0.060364 0.140858 0.312965
v -0.145866 0.048098 0.313086
v -0.142886 -0.056275 0.313136
v -0.080340 -0.130374 0.312964
v 0.149172 -0.028050 0.312964
v -0.130467 0.027671 0.000819
v -0.129707 0.027511 0.001843
v -0.112008 0.073485 0.000819
v -0.111340 0.073209 0.001843
v -0.068921 0.115568 0.001019
v -0.068492 0.114848 0.002749
v -0.038531 0.128308 0.001019
v -0.038288 0.127497 0.002749
v 0.037791 0.128496 0.000932
v 0.037396 0.127285 0.002256
v 0.115217 0.067565 0.000891
v 0.114535 0.067161 0.001460
v 0.132305 0.017309 0.000891
v 0.131536 0.017209 0.002214
v 0.110906 -0.073454 0.000953
v 0.110341 -0.073272 0.001822
v 0.072067 -0.112038 0.001334
v 0.038205 -0.128320 0.000604
v 0.037539 -0.126993 0.001667
v -0.134344 -0.008936 0.001145
v -0.120683 0.056886 0.001843
v -0.121342 0.057196 0.000819
v -0.131481 0.024930 0.001333
v -0.073196 0.115694 0.001315
v -0.070879 0.113384 0.002749
v -0.071327 0.114100 0.001019
v -0.055134 0.121956 0.002749
v -0.055480 0.122723 0.001019
v -0.038003 0.129901 0.001979
v 0.037461 0.129904 0.001040
v 0.067803 0.116054 0.000932
v 0.067149 0.114939 0.002256
v 0.123321 0.050343 0.000891
v 0.123201 0.050295 0.002214
v 0.114501 0.068450 0.001333
v 0.074648 0.109392 0.002256
v 0.075382 0.110465 0.000932
v 0.122874 -0.049696 0.000953
v 0.122406 -0.049507 0.001822
v 0.112224 -0.075287 0.001551
v 0.071411 -0.113164 0.000604
v 0.070622 -0.111915 0.001667
v 0.054754 -0.120623 0.001667
v 0.055362 -0.121960 0.000604
v 0.037412 -0.129271 0.001334
v -0.038376 -0.128250 0.000945
v -0.038190 -0.127433 0.001460
v -0.077473 -0.107949 0.001460
v -0.077331 -0.109005 0.000945
v -0.054242 -0.122196 0.000945
v -0.053914 -0.121454 0.001460
v -0.133358 -0.017627 0.000923
v -0.132417 -0.017502 0.001889
v -0.130170 -0.029856 0.001942
v -0.131114 -0.030074 0.000976
v -0.116539 -0.067698 0.001113
v -0.115383 -0.066482 0.001999
v -0.132757 -0.010761 0.001877
v -0.133675 -0.011014 0.000912
v 0.126875 -0.036590 0.001822
v 0.127343 -0.036725 0.000953
v 0.116941 -0.061092 0.001822
v 0.117416 -0.061341 0.000953
v 0.134417 0.008574 0.000935
v 0.132723 0.008730 0.001334
v 0.129902 0.028303 0.002214
v 0.130664 0.028469 0.000891
v 0.052380 0.122280 0.002256
v 0.052887 0.123459 0.000932
v -0.127100 0.041926 0.001843
v -0.127818 0.042163 0.000819
v -0.124536 -0.049021 0.001970
v -0.125463 -0.049387 0.001005
v -0.069745 -0.113139 0.001460
v -0.070165 -0.113822 0.000945
v 0.129928 -0.024419 0.000953
v 0.129455 -0.024329 0.001822
v 0.132643 -0.024033 0.001005
v -0.079852 0.126762 0.261677
v -0.155987 0.031230 0.319597
v -0.134022 0.084910 0.319597
v 0.092800 0.128381 0.318311
v 0.136988 0.081236 0.319620
v 0.158116 0.015562 0.319517
v 0.045290 -0.151901 0.319402
v -0.044982 -0.153966 0.318972
v -0.092882 -0.128434 0.318460
v -0.138225 -0.080989 0.317586
v -0.144452 0.068077 0.319597
v -0.131622 0.087710 0.319167
v 0.080475 0.137684 0.319402
v 0.146907 0.059939 0.319620
v 0.091818 0.129162 0.319490
v 0.146679 -0.059338 0.319402
v 0.084628 -0.134096 0.319402
v 0.065619 -0.144528 0.319402
v 0.044904 -0.154103 0.319364
v -0.045586 -0.152713 0.319597
v -0.091751 -0.129303 0.319145
v -0.064570 -0.145538 0.319597
v -0.158208 -0.020937 0.319616
v -0.155513 -0.035698 0.319669
v -0.138031 -0.079050 0.319726
v -0.159087 -0.012014 0.319605
v 0.152033 -0.043862 0.319402
v 0.140131 -0.073219 0.319402
v 0.158670 0.009979 0.319402
v 0.155659 0.033886 0.319620
v 0.062780 0.146480 0.319402
v -0.152134 0.050168 0.319597
v -0.148770 -0.058593 0.319698
v -0.083538 -0.135576 0.319597
v 0.155123 -0.029173 0.319402
v 0.156612 -0.028421 0.317993
v 0.065997 0.154929 0.318788
v 0.166478 0.009771 0.318788
v 0.167390 0.015855 0.319005
v 0.163981 0.036913 0.319005
v 0.155723 0.063540 0.319005
v 0.142194 0.083777 0.319099
v 0.096517 0.135994 0.318913
v 0.084562 0.145437 0.318788
v 0.162627 -0.029605 0.317378
v 0.164014 -0.032005 0.318788
v 0.161157 -0.046473 0.318788
v 0.155482 -0.062875 0.318788
v 0.148542 -0.077586 0.318788
v 0.136304 -0.091834 0.314785
v 0.090226 -0.142682 0.318788
v 0.070305 -0.153595 0.318788
v 0.047306 -0.162034 0.318788
v 0.045894 -0.158561 0.318749
v -0.047050 -0.161860 0.318361
v -0.047712 -0.162783 0.318985
v -0.068518 -0.154788 0.318985
v -0.088487 -0.143635 0.318985
v -0.096195 -0.135997 0.318533
v -0.096223 -0.133653 0.317848
v -0.145892 -0.084054 0.319009
v -0.156868 -0.061079 0.319004
v -0.164010 -0.036826 0.318999
v -0.167243 -0.019108 0.318989
v -0.167327 -0.012570 0.318987
v -0.165722 -0.011009 0.316779
v -0.164457 0.032067 0.318985
v -0.160253 0.052346 0.318985
v -0.152114 0.071322 0.318985
v -0.142318 0.088666 0.318985
v -0.138869 0.090894 0.318385
v -0.079426 0.138663 0.319235
v -0.046645 0.152411 0.318700
v -0.083203 0.136489 0.319235
v -0.065922 0.145849 0.319235
v -0.085658 0.144756 0.318491
v -0.069243 0.153489 0.318473
v -0.050246 0.160250 0.318533
v -0.046797 0.159327 0.314767
v -0.086491 0.144585 0.318449
v 0.127189 -0.084205 0.312964
v 0.132564 -0.087019 0.319003
v 0.139486 -0.091992 0.318370
v 0.085323 0.118730 0.002257
v 0.084624 0.118482 0.000656
vn -0.9865 0.0699 -0.1483
vn -0.9924 0.1047 -0.0651
vn -0.9907 0.0954 -0.0967
vn 0.8949 -0.4450 0.0339
vn 0.5658 -0.8233 -0.0451
vn 0.8826 -0.4469 0.1456
vn -0.2182 0.9734 -0.0700
vn -0.4446 0.8955 -0.0193
vn -0.2310 0.9718 -0.0468
vn 0.1869 0.9810 -0.0512
vn 0.0905 0.9948 -0.0471
vn 0.1869 0.9813 -0.0465
vn 0.7598 0.6498 -0.0232
vn 0.3236 0.9441 -0.0636
vn 0.3541 0.9341 -0.0453
vn -0.5749 0.8181 0.0155
vn -0.9041 0.4255 0.0389
vn -0.0912 0.9935 -0.0681
vn -0.1100 0.9928 -0.0470
vn -0.0064 0.9976 -0.0683
vn 0.0397 0.9970 -0.0664
vn 0.0738 0.9949 -0.0687
vn 0.8430 -0.5355 -0.0505
vn 0.8982 0.4395 -0.0115
vn 0.9597 0.2224 0.1716
vn 0.4636 -0.8793 -0.1089
vn 0.6200 -0.7845 -0.0121
vn 0.6893 -0.7218 -0.0614
vn 0.7652 -0.6438 -0.0068
vn 0.6889 -0.7249 -0.0013
vn 0.8592 -0.5108 -0.0295
vn 0.5190 -0.8470 -0.1152
vn 0.4639 -0.8832 -0.0688
vn 0.2172 0.9431 -0.2516
vn -0.0841 0.9941 -0.0682
vn -0.0062 0.9976 -0.0686
vn 0.0698 0.9725 -0.2224
vn -0.5296 0.8473 -0.0391
vn -0.1769 0.9821 -0.0644
vn 0.3644 0.8977 -0.2477
vn 0.0669 0.9954 -0.0684
vn 0.1561 0.9854 -0.0676
vn -0.4122 -0.9088 -0.0645
vn -0.8199 -0.5702 -0.0511
vn -0.8353 -0.5476 -0.0491
vn -0.9186 -0.3921 -0.0489
vn -0.9504 0.2727 -0.1494
vn -0.8311 0.5561 0.0001
vn 0.3688 0.9274 -0.0631
vn 0.2884 0.9550 -0.0693
vn 0.2993 0.9520 -0.0647
vn -0.7678 0.5345 -0.3532
vn -0.9924 -0.1225 0.0131
vn -0.1584 0.9809 -0.1129
vn -0.0089 0.9940 -0.1090
vn 0.8657 -0.4178 -0.2759
vn 0.8489 -0.1937 -0.4918
vn 0.8704 0.4922 0.0137
vn 0.6209 -0.7814 -0.0628
vn -0.0013 -0.9984 -0.0568
vn -0.1245 -0.9899 -0.0674
vn 0.0119 -0.9977 -0.0673
vn -0.9793 0.1927 -0.0622
vn -0.9141 0.4020 -0.0533
vn -0.6326 0.7735 -0.0392
vn -0.2585 0.9655 -0.0324
vn -0.9471 0.2483 -0.2032
vn -0.7743 0.6313 -0.0432
vn -0.9467 0.3185 -0.0489
vn -0.8354 -0.5496 0.0013
vn -0.7403 -0.6721 -0.0156
vn -0.6173 0.7857 -0.0407
vn -0.5929 0.8045 -0.0347
vn -0.5682 0.8219 -0.0410
vn -0.0299 0.9995 -0.0067
vn 0.5744 0.8183 -0.0181
vn -0.1517 0.9876 -0.0400
vn 0.2225 0.9687 -0.1097
vn 0.6972 0.7140 -0.0634
vn 0.6932 0.7180 -0.0627
vn 0.7752 0.6287 -0.0624
vn 0.8624 0.5024 -0.0618
vn 0.8762 0.4774 -0.0659
vn 0.9644 -0.2609 -0.0442
vn 0.9389 -0.3421 -0.0369
vn -0.0380 0.9982 -0.0457
vn -0.6639 0.7441 -0.0740
vn 0.1120 -0.9912 -0.0706
vn 0.1183 -0.9906 -0.0687
vn 0.9704 -0.2412 -0.0123
vn 0.6905 -0.7203 -0.0658
vn 0.4492 -0.8874 -0.1038
vn 0.6028 -0.7742 -0.1930
vn 0.7679 -0.6373 -0.0647
vn 0.6929 -0.7182 -0.0638
vn 0.7259 -0.6405 -0.2508
vn -0.4790 -0.8771 -0.0355
vn -0.9377 -0.3418 -0.0623
vn -0.4121 -0.9104 -0.0356
vn -0.1102 -0.9916 -0.0673
vn -0.2090 -0.9755 -0.0686
vn -0.2198 -0.9732 -0.0680
vn -0.6929 -0.7186 -0.0586
vn -0.7943 -0.6039 -0.0660
vn -0.6922 -0.7189 -0.0636
vn 0.6825 -0.7297 -0.0418
vn -0.4417 -0.8933 -0.0834
vn 0.5890 -0.8059 -0.0603
vn -0.9111 -0.2903 0.2926
vn -0.9379 -0.1939 -0.2878
vn -0.9490 -0.3100 -0.0568
vn -0.9943 -0.0479 -0.0952
vn 0.2616 -0.9617 -0.0813
vn 0.2099 -0.9755 -0.0654
vn -0.4441 -0.8917 -0.0872
vn -0.8757 -0.4714 -0.1043
vn -0.8950 0.2361 -0.3784
vn -0.8215 -0.5684 -0.0455
vn 0.3785 0.9237 -0.0595
vn -0.9903 -0.1354 -0.0325
vn 0.9321 -0.1496 0.3299
vn 0.6191 -0.7829 -0.0611
vn -0.1317 -0.9820 -0.1356
vn -0.0091 -0.9881 -0.1537
vn -0.9714 0.2235 -0.0807
vn -0.2502 0.9645 -0.0849
vn -0.7632 0.6426 -0.0677
vn -0.8684 0.4827 -0.1134
vn 0.9342 0.3521 -0.0571
vn 0.9966 -0.0520 -0.0642
vn 0.9967 -0.0421 -0.0697
vn 0.7767 0.6274 -0.0555
vn 0.8951 0.4374 -0.0863
vn 0.8448 -0.5255 -0.1009
vn 0.3203 0.9445 -0.0729
vn -0.0309 0.9804 -0.1946
vn -0.6989 0.7140 -0.0418
vn -0.7043 0.7087 -0.0418
vn -0.4392 -0.8970 -0.0500
vn -0.6091 0.7924 -0.0332
vn -0.2129 -0.9688 -0.1270
vn -0.7710 -0.6269 -0.1118
vn -0.7829 -0.6148 -0.0951
vn -0.6524 -0.7578 -0.0128
vn -0.3194 -0.9203 -0.2259
vn 0.9751 0.2116 -0.0661
vn 0.7159 0.6978 -0.0248
vn 0.7664 -0.6390 -0.0660
vn -0.9393 -0.3292 -0.0972
vn 0.1268 -0.9730 -0.1928
vn 0.1726 -0.9537 -0.2463
vn 0.4012 -0.7959 -0.4534
vn 0.9164 0.1949 -0.3497
vn 0.9745 -0.0483 -0.2190
vn 0.8178 0.5331 -0.2169
vn 0.7553 0.6415 -0.1342
vn -0.7042 0.7064 -0.0720
vn -0.6264 0.7760 -0.0737
vn 0.6350 0.7278 -0.2592
vn 0.9667 -0.2490 -0.0586
vn -0.5281 0.8482 -0.0413
vn -0.5571 -0.7894 -0.2579
vn -0.9944 -0.1031 0.0245
vn -0.9439 0.1413 0.2984
vn -0.9824 -0.0225 0.1855
vn -0.9925 0.0939 -0.0787
vn -0.6133 0.7864 0.0738
vn -0.7611 0.6474 -0.0402
vn -0.7645 0.6434 -0.0398
vn -0.8814 0.4300 -0.1955
vn 0.3035 0.9509 0.0615
vn 0.2586 0.9639 0.0634
vn 0.8040 0.5925 0.0504
vn -0.4958 0.8680 -0.0268
vn -0.1330 0.1954 0.9717
vn 0.4393 0.8787 0.1866
vn 0.6950 0.7190 -0.0035
vn 0.8499 0.5238 -0.0574
vn 0.9820 -0.1873 -0.0231
vn 0.2626 0.9639 0.0440
vn 0.1306 -0.9904 -0.0462
vn 0.0418 -0.9970 -0.0651
vn 0.9674 -0.2532 -0.0017
vn 0.9748 0.2230 -0.0112
vn 0.2524 -0.9670 -0.0355
vn -0.0998 -0.9932 -0.0592
vn -0.2303 -0.9718 -0.0500
vn -0.5628 -0.8191 0.1109
vn -0.7856 -0.6149 -0.0690
vn -0.0506 -0.9943 0.0942
vn -0.8798 -0.3605 0.3100
vn -0.9983 -0.0231 -0.0539
vn -0.5037 -0.8611 0.0689
vn -0.8943 -0.2106 0.3947
vn -0.0359 -0.9969 -0.0694
vn 0.5165 -0.8562 -0.0111
vn 0.9384 0.3097 0.1531
vn 0.8083 -0.4982 0.3137
vn 0.9958 0.0755 -0.0512
vn 0.4428 0.8229 0.3560
vn -0.6922 0.7200 -0.0490
vn -0.6815 -0.6723 0.2889
vn 0.9971 0.0688 -0.0327
vn -0.5626 0.8238 -0.0688
vn -0.3251 0.9444 -0.0496
vn 0.5189 0.8539 -0.0394
vn 0.8285 -0.0099 -0.5599
vn -0.5351 -0.8402 -0.0875
vn 0.4978 -0.8673 -0.0007
vn 0.6087 -0.7934 0.0026
vn 0.3676 -0.9295 -0.0298
vn 0.9547 -0.1721 -0.2427
vn 0.4835 -0.8744 -0.0397
vn 0.5429 0.7554 0.3670
vn 0.0705 0.9953 -0.0665
vn -0.1516 0.9848 0.0849
vn -0.0869 0.9956 0.0361
vn 0.3304 0.9413 0.0687
vn -0.1555 0.8224 -0.5473
vn -0.0148 0.0958 -0.9953
vn -0.1236 0.0809 -0.9890
vn -0.0745 -0.0726 -0.9946
vn -0.0646 -0.1262 -0.9899
vn 0.0167 0.1395 -0.9901
vn -0.0500 0.2260 -0.9728
vn 0.2067 -0.9712 -0.1190
vn 0.0792 -0.0545 -0.9954
vn 0.5769 -0.7378 -0.3505
vn 0.0720 -0.0744 -0.9946
vn 0.0522 -0.0463 -0.9976
vn 0.0118 0.0789 -0.9968
vn 0.0044 0.0727 -0.9973
vn -0.1038 0.0268 -0.9942
vn -0.1949 -0.1080 -0.9749
vn -0.1437 -0.0135 -0.9895
vn -0.1917 -0.1947 -0.9619
vn -0.0552 0.0682 -0.9961
vn 0.3974 0.9030 -0.1633
vn 0.0599 0.0897 -0.9942
vn 0.0885 -0.0054 -0.9961
vn -0.0960 -0.0047 -0.9954
vn -0.5407 0.1378 -0.8298
vn 0.0894 0.0614 -0.9941
vn 0.1147 0.3052 -0.9454
vn -0.0749 -0.1279 -0.9890
vn 0.0251 -0.5484 -0.8358
vn -0.0005 0.0840 -0.9965
vn -0.3330 0.6889 -0.6439
vn -0.0701 0.0704 -0.9951
vn 0.0012 -0.1077 -0.9942
vn 0.0117 -0.0880 -0.9961
vn 0.0774 0.0626 -0.9950
vn 0.0222 0.5642 -0.8253
vn 0.1895 -0.1988 -0.9616
vn -0.7507 -0.6597 -0.0347
vn -0.4754 -0.7571 -0.4481
vn 0.1875 -0.0953 -0.9776
vn 0.4630 0.2712 -0.8438
vn 0.7445 -0.5474 -0.3823
vn -0.0124 -0.1274 -0.9918
vn 0.1394 -0.0240 -0.9900
vn 0.1494 0.1413 -0.9786
vn -0.0590 0.0507 -0.9970
vn 0.0184 -0.0982 -0.9950
vn -0.0728 0.0867 -0.9936
vn -0.4577 -0.3326 -0.8246
vn 0.7428 0.3256 -0.5850
vn 0.3026 -0.4641 -0.8325
vn -0.4130 0.3862 -0.8248
vn -0.0626 -0.0805 -0.9948
vn 0.7019 -0.6216 -0.3478
vn 0.5637 -0.1090 -0.8188
vn 0.2707 -0.5116 -0.8154
vn -0.1133 -0.5669 -0.8160
vn -0.4016 -0.9123 -0.0804
vn -0.1166 -0.9912 0.0631
vn -0.1904 -0.9802 0.0534
vn 0.9968 -0.0249 0.0757
vn 0.9934 -0.0951 0.0645
vn 0.9936 -0.0951 0.0606
vn -0.1709 0.9833 0.0629
vn -0.1166 0.9904 0.0747
vn -0.1055 0.9852 0.1347
vn -0.0779 0.9951 0.0616
vn -0.1705 0.9838 0.0554
vn -0.0602 0.9974 0.0402
vn -0.7520 0.6561 0.0634
vn -0.8087 0.5848 0.0641
vn 0.7973 0.6020 0.0439
vn 0.9977 -0.0217 0.0635
vn -0.6733 0.7364 0.0663
vn -0.6304 0.7737 0.0634
vn -0.6317 0.7734 0.0529
vn 0.9558 -0.2364 0.1746
vn -0.4555 -0.8902 0.0031
vn 0.4334 -0.9012 0.0008
vn 0.4606 -0.8268 -0.3227
vn 0.7516 -0.6581 0.0449
vn 0.8238 -0.5651 0.0455
vn -0.6824 0.7283 0.0617
vn -0.9029 0.3297 -0.2757
vn 0.7708 -0.6350 0.0513
vn 0.7070 -0.7059 0.0443
vn -0.4494 0.8915 0.0571
vn -0.6711 0.7136 -0.2009
vn -0.6940 0.7172 0.0635
vn -0.9994 0.0020 0.0354
vn -0.6216 0.7809 0.0612
vn -0.9275 0.3193 -0.1944
vn -0.9971 0.0449 0.0613
vn -0.9960 0.0628 0.0632
vn 0.7934 0.6073 0.0411
vn 0.9148 -0.3642 -0.1749
vn 0.3993 -0.6976 -0.5949
vn 0.9550 -0.2942 0.0385
vn 0.6900 -0.7224 0.0452
vn -0.9289 -0.2479 -0.2750
vn -0.8208 -0.5676 0.0633
vn -0.7704 -0.6342 0.0644
vn 0.1523 0.7518 -0.6415
vn -0.7018 0.7091 0.0685
vn 0.1582 0.9855 0.0610
vn 0.1065 0.9840 0.1430
vn -0.0121 0.9980 0.0626
vn -0.0205 0.9994 -0.0290
vn 0.3216 -0.9468 0.0145
vn 0.2190 -0.9740 0.0574
vn 0.1027 -0.9927 0.0631
vn -0.0908 0.9829 0.1605
vn 0.1400 -0.9373 -0.3191
vn 0.5909 -0.8055 0.0444
vn 0.1894 0.9800 0.0611
vn 0.0914 0.9943 0.0542
vn -0.2120 0.9289 -0.3038
vn -0.0797 -0.9949 0.0619
vn 0.0056 -0.9980 0.0623
vn 0.0067 -0.9982 0.0593
vn 0.8465 -0.4301 -0.3138
vn 0.9976 -0.0264 0.0646
vn 0.0413 -0.9974 -0.0587
vn 0.0794 -0.9949 0.0617
vn 0.1569 -0.9856 0.0633
vn -0.6718 -0.7271 0.1411
vn -0.8675 -0.4944 0.0552
vn -0.6028 -0.7853 -0.1415
vn -0.1304 -0.9896 0.0607
vn -0.1297 -0.9897 0.0614
vn 0.9204 0.1795 -0.3474
vn 0.7823 0.6196 0.0641
vn 0.6996 0.7116 0.0643
vn -0.6487 0.7372 0.1892
vn -0.9964 0.0566 0.0629
vn 0.7390 0.6712 0.0578
vn 0.2860 0.8740 -0.3929
vn -0.6946 -0.7166 0.0638
vn -0.7027 -0.7094 0.0536
vn 0.6136 -0.7885 0.0414
vn -0.0157 0.9993 0.0332
vn 0.7637 0.6426 0.0618
vn -0.9931 0.0350 0.1121
vn -0.7777 -0.6273 0.0418
vn -0.7316 -0.6787 0.0641
vn -0.2983 -0.9532 0.0492
vn -0.5230 0.8517 0.0311
vn -0.9950 0.0539 -0.0846
vn -0.6933 -0.7179 0.0625
vn 0.7521 0.6545 0.0772
vn 0.9953 0.0861 0.0437
vn 0.9614 0.1984 -0.1908
vn 0.6536 0.7540 0.0648
vn 0.0838 -0.9946 0.0617
vn 0.9947 -0.0370 0.0963
vn 0.9398 -0.3366 0.0589
vn 0.9891 -0.1389 -0.0498
vn 0.9979 -0.0065 0.0643
vn -0.0849 -0.9952 0.0494
vn 0.7190 -0.6941 0.0352
vn 0.6529 -0.7561 0.0438
vn 0.3854 -0.9181 -0.0927
vn 0.6425 -0.7651 0.0436
vn -0.0377 -0.2418 -0.9696
vn -0.0259 -0.2011 -0.9792
vn -0.0071 0.0183 -0.9998
vn -0.0151 0.0795 -0.9967
vn 0.1770 0.2204 -0.9592
vn 0.1006 -0.0456 -0.9939
vn 0.1390 0.0066 -0.9903
vn 0.1363 -0.0120 -0.9906
vn -0.0879 0.0765 -0.9932
vn -0.3446 0.1668 -0.9238
vn 0.0822 0.6293 -0.7728
vn -0.0713 0.0714 -0.9949
vn -0.5315 0.1170 -0.8389
vn 0.1075 -0.0662 -0.9920
vn 0.0210 -0.1292 -0.9914
vn 0.0768 -0.0947 -0.9925
vn -0.1190 0.0078 -0.9929
vn -0.1481 0.0097 -0.9889
vn 0.4435 -0.1571 -0.8824
vn 0.5853 0.3971 -0.7069
vn 0.4388 0.0252 -0.8982
vn -0.0989 -0.0823 -0.9917
vn -0.0970 -0.0970 -0.9905
vn -0.0102 0.1708 -0.9853
vn 0.1181 -0.2043 -0.9717
vn 0.0834 -0.0837 -0.9930
vn 0.4681 -0.0353 -0.8830
vn -0.1974 0.4276 -0.8821
vn 0.0014 -0.1901 -0.9818
vn 0.0139 -0.2232 -0.9747
vn -0.2527 0.4584 -0.8521
vn 0.0312 -0.1992 -0.9795
vn -0.0021 -0.2312 -0.9729
vn 0.0583 0.0603 -0.9965
vn 0.1290 0.0466 -0.9906
vn -0.0153 -0.2215 -0.9750
vn 0.0771 -0.0241 -0.9967
vn 0.0252 -0.0291 -0.9993
vn -0.1250 -0.1153 -0.9854
vn -0.6014 -0.6047 -0.5221
vn -0.0400 0.0700 -0.9967
vn -0.2066 -0.0115 -0.9784
vn 0.0833 -0.1459 -0.9858
vn 0.0956 -0.1528 -0.9836
vn -0.5337 -0.2706 -0.8012
vn -0.0167 0.0374 -0.9992
vn 0.0971 -0.5567 -0.8250
vn -0.2395 0.0965 -0.9661
vn -0.5001 0.3101 -0.8085
vn 0.0981 0.3368 -0.9364
vn 0.0380 0.0978 -0.9945
vn -0.4403 0.4885 -0.7533
vn -0.3407 0.3606 -0.8683
vn -0.1225 -0.0571 -0.9908
vn 0.1271 -0.0066 -0.9919
vn 0.1361 -0.0083 -0.9907
vn -0.1050 0.0722 -0.9918
vn -0.8576 0.4523 -0.2447
vn 0.3969 0.9179 -0.0023
vn -0.2684 0.9620 -0.0509
vn 0.9835 -0.0891 -0.1576
vn 0.8682 -0.4954 0.0300
vn -0.4464 -0.8833 -0.1432
vn -0.6019 -0.7913 -0.1078
vn -0.9466 0.2179 -0.2374
vn 0.7696 0.6367 0.0487
vn 0.8365 0.5472 0.0282
vn 0.7635 0.6439 0.0504
vn 0.8761 -0.4815 0.0234
vn 0.5186 0.5258 0.6743
vn 0.5797 0.4591 0.6732
vn 0.5185 0.5258 0.6743
vn -0.4414 -0.5481 0.7105
vn -0.5028 -0.5243 0.6873
vn -0.5210 -0.4908 0.6983
vn -0.6409 -0.5696 0.5145
vn -0.7236 -0.0341 0.6894
vn -0.7337 0.0832 0.6743
vn 0.8376 0.0715 0.5416
vn 0.5102 0.5379 0.6711
vn 0.8285 0.1098 0.5491
vn -0.7275 0.0460 0.6845
vn -0.7268 0.0466 0.6853
vn -0.5618 -0.4641 0.6848
vn -0.5312 -0.4854 0.6945
vn -0.5617 -0.4641 0.6849
vn -0.7824 -0.0498 0.6207
vn -0.4451 0.3224 0.8355
vn -0.3137 0.4526 0.8347
vn -0.1867 -0.7530 0.6310
vn -0.5983 -0.4297 0.6763
vn 0.5424 0.4779 0.6910
vn -0.8502 -0.0067 0.5265
vn -0.7393 -0.1724 0.6510
vn 0.5425 -0.6212 0.5655
vn 0.2702 0.0366 0.9621
vn 0.4935 0.5835 0.6450
vn -0.0963 0.8913 0.4430
vn 0.5834 -0.0169 0.8120
vn 0.5820 -0.0557 0.8113
vn 0.1709 0.1077 0.9794
vn 0.6205 -0.1830 0.7625
vn 0.5997 -0.2882 0.7465
vn 0.5519 -0.6937 0.4629
vn 0.1783 0.1648 0.9701
vn 0.5495 0.1226 0.8264
vn 0.1833 0.2558 0.9492
vn -0.1907 0.5736 0.7966
vn -0.3058 0.4391 0.8448
vn 0.2147 0.7443 0.6324
vn -0.4752 0.2968 0.8283
vn -0.4066 0.3550 0.8418
vn 0.5775 0.1694 0.7986
vn 0.5820 -0.0558 0.8113
vn -0.3751 0.3876 0.8421
vn -0.3409 0.4183 0.8419
vn -0.3410 0.4182 0.8419
vn 0.4284 0.8369 0.3406
vn 0.6260 -0.0548 0.7779
vn -0.4066 0.3549 0.8418
vn -0.7268 0.0526 0.6848
vn -0.7273 0.0556 0.6840
vn -0.5035 -0.5289 0.6832
vn 0.1936 0.9807 0.0264
vn -0.4129 0.3927 0.8217
vn 0.5190 0.5278 0.6724
vn -0.4774 0.7772 0.4100
vn -0.4938 0.7601 0.4223
vn 0.3767 -0.1781 0.9090
vn 0.3185 0.0009 0.9479
vn 0.3608 -0.2092 0.9089
vn 0.8084 -0.3237 0.4916
vn -0.0256 -0.4954 0.8683
vn 0.5305 -0.4464 0.7206
vn 0.4825 0.2841 0.8285
vn 0.1897 -0.5428 0.8182
vn 0.5734 -0.1789 0.7995
vn 0.5032 -0.2558 0.8255
vn 0.4199 -0.3975 0.8159
vn -0.2918 -0.5884 0.7541
vn -0.0614 -0.3171 0.9464
vn 0.0434 -0.0527 0.9977
vn 0.0456 -0.0475 0.9978
vn 0.0506 -0.0439 0.9978
vn 0.1113 0.0389 0.9930
vn 0.4508 0.4680 0.7601
vn -0.0364 -0.6666 0.7445
vn 0.0606 -0.0653 0.9960
vn 0.0668 -0.0043 0.9978
vn 0.0551 -0.0251 0.9982
vn 0.0481 -0.0493 0.9976
vn -0.0655 0.1368 0.9884
vn -0.6065 0.5006 0.6177
vn 0.0496 0.0492 0.9976
vn 0.0663 -0.0132 0.9977
vn 0.0535 0.0438 0.9976
vn 0.3192 -0.5718 0.7558
vn -0.4930 -0.6899 0.5300
vn 0.2477 -0.7160 0.6527
vn -0.4211 -0.1539 0.8939
vn -0.1901 -0.3848 0.9032
vn -0.7586 -0.1083 0.6425
vn -0.5668 0.4285 0.7037
vn -0.5608 -0.2653 0.7843
vn -0.5315 0.0368 0.8462
vn -0.2289 -0.2264 0.9467
vn -0.3697 0.1853 0.9105
vn -0.9066 0.2099 0.3660
vn -0.3730 -0.1423 0.9169
vn -0.7871 0.2860 0.5465
vn -0.4777 -0.0160 0.8784
vn -0.0670 0.0163 0.9976
vn -0.2318 0.3998 0.8868
vn -0.0647 0.0066 0.9979
vn -0.0648 0.0017 0.9979
vn -0.0708 0.0101 0.9974
vn -0.0901 0.0544 0.9944
vn -0.4013 0.4789 0.7808
vn -0.0933 0.0128 0.9956
vn -0.0558 -0.0449 0.9974
vn -0.0486 -0.0492 0.9976
vn 0.0165 -0.0858 0.9962
vn 0.4519 -0.3838 0.8053
vn 0.5097 -0.4475 0.7349
vn 0.4803 -0.4788 0.7349
vn 0.5097 -0.4475 0.7348
vn 0.5452 -0.3895 0.7423
vn 0.3538 -0.5002 0.7903
vn 0.3901 -0.5514 0.7375
vn 0.4603 -0.5008 0.7330
vn 0.4466 -0.5001 0.7419
vn 0.4108 -0.4060 0.8164
vn 0.5447 -0.4032 0.7353
vn -0.2078 -0.2516 0.9453
vn -0.0415 0.0222 0.9989
vn -0.2257 0.1241 0.9662
vn -0.0489 0.4903 0.8702
vn -0.0416 0.0361 0.9985
vn -0.0378 0.0376 0.9986
vn -0.1781 0.1830 0.9668
vn -0.0182 0.0388 0.9991
vn 0.1069 0.0161 0.9941
vn 0.4757 -0.5076 0.7184
vn 0.5099 -0.2767 0.8145
vn 0.4790 0.1716 0.8609
vn 0.9777 0.0121 0.2097
vn -0.4526 -0.8817 0.1334
vn -0.1892 0.0904 0.9778
vn 0.0733 0.2412 0.9677
vn -0.6943 0.7066 0.1369
vn 0.9550 0.2916 0.0544
vn -0.2419 -0.9701 0.0201
vn -0.7292 -0.6809 -0.0676
vn -0.4751 -0.8688 0.1395
vn 0.5727 -0.8173 0.0641
vn 0.2252 -0.9743 0.0045
vn -0.0078 0.9925 0.1219
vn -0.0715 0.9958 0.0578
vn -0.0113 0.9977 0.0670
vn -0.0169 0.9880 0.1535
vn 0.8482 0.5007 0.1729
vn 0.1054 -0.9944 -0.0000
vn -0.1065 0.9893 0.1000
vn -0.1537 0.9841 0.0887
vn -0.9281 0.1774 0.3273
vn 0.1882 0.9790 0.0788
vn 0.0964 0.9926 0.0740
vn 0.9738 -0.0948 0.2065
vn 0.0043 0.9787 0.2052
vn -0.7430 0.4737 0.4727
vn -0.0423 -0.9971 -0.0629
vn -0.0417 -0.9991 -0.0034
vn 0.0028 -1.0000 0.0003
vn 0.0954 -0.9909 0.0944
vn 0.0082 -0.9984 0.0566
vn -0.1068 0.9341 0.3406
vn -0.5825 -0.6843 0.4387
vn 0.0923 0.9497 0.2993
vn 0.0666 0.9545 0.2908
vn -0.6422 0.1951 0.7413
vn -0.2180 0.8154 0.5363
vn -0.1064 -0.9943 0.0020
vn -0.1662 -0.9636 0.2094
vn -0.0014 0.9487 0.3161
vn 0.9014 -0.0686 0.4274
vn 0.6071 -0.7571 0.2413
vn 0.1149 0.8946 0.4319
vn -0.5817 0.3920 0.7127
vn -0.0376 -0.9897 0.1379
vn 0.6712 0.5530 0.4937
vn -0.2166 0.8805 0.4217
vn 0.3849 -0.9028 0.1917
vn 0.4104 0.4484 0.7941
vn 0.5717 -0.0069 0.8205
vn -0.0553 0.7067 0.7054
vn 0.3997 -0.5475 0.7352
vn 0.1549 -0.6602 0.7349
vn -0.4965 0.1780 0.8496
vn -0.3548 0.3861 0.8515
vn 0.0715 -0.7010 0.7096
vn 0.0126 -0.7417 0.6707
vn -0.0580 0.6817 0.7294
vn -0.4350 -0.3433 0.8324
vn 0.0336 0.6549 0.7549
vn 0.0409 0.6626 0.7479
vn -0.0936 0.5768 0.8115
vn -0.1684 -0.7182 0.6751
vn -0.0275 0.6401 0.7678
vn 0.0971 0.6401 0.7621
vn -0.0571 -0.7407 0.6694
vn -0.0845 0.2478 0.9651
vn 0.1221 0.3283 0.9366
vn -0.1434 0.3456 0.9273
vn 0.0806 0.3086 0.9478
vn -0.1316 0.3413 0.9307
vn -0.1214 0.3574 0.9260
vn 0.0202 -0.1197 0.9926
vn 0.0350 -0.1100 0.9933
vn -0.0013 -0.1176 0.9931
vn -0.0114 -0.1119 0.9937
vn -0.0777 -0.0994 0.9920
vn -0.1746 0.0307 0.9842
vn 0.2446 0.3036 0.9209
vn 0.1498 -0.2033 0.9676
vn -0.9624 0.1388 0.2334
vn -0.1357 -0.9888 0.0621
vn -0.0894 -0.9940 0.0627
vn 0.1858 0.9826 0.0060
vn 0.3790 0.9230 0.0663
vn 0.6080 -0.7660 0.2087
vn -0.1425 -0.9866 0.0788
vn 0.1410 -0.9786 0.1498
vn -0.6493 -0.7038 0.2883
vn -0.0065 0.9999 -0.0140
vn 0.0398 0.9992 -0.0000
vn -0.0018 1.0000 -0.0069
vn 0.1317 -0.9874 0.0874
vn -0.0996 0.9950 -0.0027
vn -0.9605 0.1363 0.2425
vn -0.5174 0.8513 0.0873
vn -0.2516 0.9678 -0.0006
vn 0.0617 -0.9956 0.0707
vn 0.0509 -0.9980 0.0380
vn 0.0414 -0.9965 0.0726
vn 0.8846 0.3934 0.2503
vn 0.4396 0.8690 0.2269
vn -0.7979 0.0475 0.6009
vn -0.5477 0.7799 0.3030
vn 0.4854 -0.6065 0.6298
vn -0.0716 -0.9372 0.3413
vn -0.2147 0.9706 0.1087
vn -0.6141 -0.5213 0.5926
vn -0.0985 0.9939 0.0490
vn -0.0072 0.9993 0.0354
vn 0.0543 -0.9506 0.3057
vn 0.0788 0.9969 -0.0013
vn 0.1065 0.9835 0.1465
vn 0.7233 0.1925 0.6632
vn -0.1193 -0.9417 0.3146
vn 0.0080 -0.9261 0.3773
vn 0.2061 -0.8149 0.5416
vn 0.0092 0.9948 0.1011
vn 0.0743 -0.8156 0.5739
vn -0.0519 -0.9490 0.3110
vn -0.4089 0.4821 0.7748
vn -0.1557 0.7178 0.6786
vn -0.2864 -0.3640 0.8863
vn -0.0783 0.7409 0.6670
vn -0.0054 0.7446 0.6675
vn 0.0125 -0.5346 0.8450
vn 0.1260 0.7351 0.6662
vn -0.0217 -0.5133 0.8579
vn 0.0081 -0.5082 0.8612
vn 0.5340 0.0162 0.8453
vn 0.0965 -0.5065 0.8568
vn -0.0600 -0.5232 0.8501
vn 0.1075 -0.4492 0.8870
vn -0.0515 0.7125 0.6998
vn 0.4499 -0.3002 0.8411
vn -0.0047 -0.5501 0.8351
vn -0.4745 -0.0503 0.8788
vn 0.3162 0.6287 0.7105
vn 0.0022 0.0729 0.9973
vn -0.0289 0.0681 0.9973
vn 0.0029 -0.0738 0.9973
vn -0.0156 -0.0758 0.9970
vn 0.0006 -0.0744 0.9972
vn -0.0059 -0.0767 0.9970
vn -0.0091 -0.0790 0.9968
vn 0.0972 -0.0945 0.9908
vn -0.0931 -0.1210 0.9883
vn 0.0149 0.0714 0.9973
vn 0.0055 0.0668 0.9977
vn 0.0021 0.0634 0.9980
vn -0.1276 0.0644 0.9897
vn 0.2636 -0.0008 0.9646
vn 1.0000 -0.0000 0.0007
vn 0.8661 -0.0000 0.4999
vn 1.0000 -0.0000 0.0009
vn 1.0000 -0.0000 0.0010
vn 0.8657 -0.0000 0.5005
vn 0.8658 -0.0000 0.5004
vn -0.0480 0.9967 -0.0660
vn 0.0384 -0.9993 -0.0034
vn 0.0392 -0.9974 -0.0609
vn 0.5004 -0.0000 -0.8658
vn 0.8666 -0.0000 -0.4991
vn 0.5007 -0.0000 -0.8656
vn 0.5008 -0.0000 -0.8656
vn 0.8668 -0.0000 -0.4987
vn 0.8666 -0.0000 -0.4990
vn 0.0041 0.9992 0.0391
vn 0.5004 -0.0000 0.8658
vn 0.0001 -0.0000 1.0000
vn -0.0003 -0.0000 1.0000
vn 0.4996 -0.0000 0.8663
vn -0.0000 -0.0000 1.0000
vn 0.4997 -0.0000 0.8662
vn -0.5004 -0.0000 0.8658
vn -0.8661 -0.0000 0.4999
vn -0.8660 -0.0000 0.5000
vn -0.5003 -0.0000 0.8659
vn -0.8662 -0.0000 0.4998
vn -0.5001 -0.0000 0.8659
vn -1.0000 -0.0000 0.0007
vn -1.0000 -0.0000 0.0009
vn -1.0000 -0.0000 0.0010
vn -0.0396 -0.9984 0.0395
vn -0.8665 -0.0000 -0.4992
vn -0.8666 -0.0000 -0.4990
vn -1.0000 -0.0000 0.0012
vn -0.8670 -0.0000 -0.4984
vn 0.0002 -0.0000 -1.0000
vn -0.0000 -0.0000 -1.0000
vn 0.5011 -0.0000 -0.8654
vn -0.0460 0.9989 -0.0100
vn -0.0502 0.9968 -0.0627
vn -0.5007 -0.0000 -0.8656
vn -0.5016 -0.0000 -0.8651
vn -0.5012 -0.0000 -0.8653
vn -0.0430 -0.9991 -0.0006
vn -0.0323 -0.9968 0.0738
vn 0.8664 -0.0000 -0.4993
vn 1.0000 -0.0000 0.0011
vn -0.5004 -0.0000 -0.8658
vn -0.8671 -0.0000 -0.4981
vn -0.0386 -0.9992 0.0071
vn 0.0089 -1.0000 -0.0035
vn 0.0393 -0.9992 -0.0000
vn 0.0069 -0.9978 -0.0667
vn 0.0358 0.9973 0.0647
vn -0.0281 0.9991 0.0311
vn -0.0286 0.9993 0.0238
vn 0.0042 0.9993 0.0378
vn -0.0729 0.9955 0.0612
vn 0.0306 0.9978 0.0582
vn 0.0083 0.9991 0.0404
vn -0.0366 0.9989 0.0304
vn -0.0397 -0.9985 0.0383
vn 0.0499 -0.9976 0.0475
vn 0.0017 -0.9977 0.0671
vn -0.0496 0.9988 -0.0016
vn 0.0389 0.9973 -0.0629
vn 0.0338 0.9994 -0.0100
vn -0.0510 0.9987 -0.0000
vn -0.9802 0.1589 0.1182
vn -0.0000 -0.4651 0.8853
vn -0.0000 -0.0295 0.9996
vn -0.0000 -0.4648 0.8854
vn -0.0000 -0.0162 -0.9999
vn -0.0000 -0.4868 -0.8735
vn -0.0000 -0.0143 -0.9999
vn -0.0000 -0.0121 -0.9999
vn -0.0000 -0.3911 -0.9204
vn -0.0000 -0.0105 -0.9999
vn -0.0000 0.0269 -0.9996
vn -0.0000 0.3726 -0.9280
vn -0.0000 0.0263 -0.9997
vn -0.0000 0.3963 0.9181
vn -0.0000 0.0275 0.9996
vn -0.0000 0.0267 0.9996
vn -0.0000 0.4761 0.8794
vn -0.0000 0.0161 0.9999
vn -0.0000 0.4755 0.8797
vn -0.0000 0.0133 0.9999
vn -0.0000 0.4758 0.8796
vn -0.0000 -0.0114 0.9999
vn -0.0000 -0.3809 0.9246
vn -0.0000 -0.0112 0.9999
vn -0.0000 0.4388 -0.8986
vn -0.0000 0.5049 -0.8632
vn -0.0000 -0.5001 -0.8659
vn -0.0000 -0.4577 -0.8891
vn -0.0000 0.4761 -0.8794
vn -0.0000 0.5309 -0.8475
vn -0.0000 -0.5352 -0.8447
vn -0.0000 -0.5353 -0.8447
vn -0.0000 0.5309 0.8474
vn -0.0000 -0.5352 0.8447
vn -0.0000 -0.4868 0.8735
vn -0.0000 0.4494 0.8933
vn -0.0000 0.5049 0.8632
vn -0.0000 -0.5001 0.8659
vn -0.0000 -0.4578 0.8891
vn -0.0000 0.4789 0.8779
vn -0.0000 -0.4682 0.8836
vn -0.0000 0.5175 0.8557
vn -0.0000 -0.5346 0.8451
vn -0.0000 0.4755 -0.8797
vn -0.0000 0.5175 -0.8557
vn -0.0000 -0.5346 -0.8451
vn -0.0000 -0.4259 -0.9048
vn -0.0000 0.4789 -0.8779
vn -0.0000 -0.4682 -0.8836
vn -0.0000 -0.3916 -0.9201
vn -0.0000 -0.0277 -0.9996
vn -0.0000 -0.0269 -0.9996
vn -0.0000 -0.0261 0.9997
vn 0.0001 0.0147 -0.9999
vn -0.0000 -0.0147 -0.9999
vn -0.0000 -0.0138 -0.9999
vn -0.0000 -0.0161 0.9999
vn -0.0000 0.0113 0.9999
vn -0.0000 0.0139 -0.9999
vn -0.0000 -0.0113 0.9999
vn -0.0000 0.0122 -0.9999
vn -0.0000 0.4758 -0.8796
vn -0.0000 -0.0174 0.9998
vn -0.0000 0.0097 1.0000
vn -0.0000 0.0116 -0.9999
vn -0.0000 -0.0117 0.9999
vn -0.0000 0.0166 0.9999
vn -0.0000 0.0170 -0.9999
vn -0.0000 0.0152 0.9999
vn -0.0912 -0.0208 0.9956
vn -0.0909 0.5696 0.8169
vn -0.2706 0.1162 0.9557
vn 0.2895 0.8600 0.4203
vn 0.5074 0.8580 -0.0804
vn 0.3189 0.9473 -0.0293
vn 0.5313 0.7194 -0.4475
vn 0.4071 0.8161 -0.4103
vn 0.2249 0.4828 -0.8464
vn 0.4436 0.3050 -0.8427
vn 0.0227 0.0579 -0.9981
vn 0.2436 -0.1562 -0.9572
vn -0.1572 -0.4502 -0.8790
vn -0.0795 -0.8706 -0.4855
vn -0.2973 -0.8351 -0.4628
vn -0.4119 -0.9106 0.0330
vn -0.0831 -0.9936 0.0769
vn -0.3678 -0.7749 0.5141
vn 0.0584 -0.4882 0.8708
vn -0.1187 -0.5346 0.8367
vn 0.2572 -0.1169 0.9593
vn 0.1271 -0.0445 0.9909
vn 0.0136 0.5530 0.8331
vn 0.3564 0.7297 0.5835
vn 0.1173 0.8645 0.4887
vn 0.2674 0.4849 0.8327
vn -0.1510 -0.4463 0.8821
vn -0.3657 -0.3104 0.8774
vn 0.0823 0.0018 0.9966
vn 0.5551 0.2175 0.8028
vn 0.0652 0.2839 0.9566
vn 0.9137 0.0949 0.3952
vn 0.9824 -0.1621 -0.0923
vn 0.9835 0.1345 -0.1209
vn 0.8397 -0.1274 -0.5279
vn 0.8585 0.1150 -0.4997
vn 0.5753 -0.1868 -0.7964
vn 0.6141 0.0414 -0.7881
vn 0.0191 0.0535 -0.9984
vn -0.0142 -0.2495 -0.9683
vn -0.4846 0.1178 -0.8668
vn -0.5280 -0.1931 -0.8270
vn -0.8771 0.1080 -0.4680
vn -0.9877 -0.1276 0.0898
vn -0.9861 0.0553 0.1565
vn -0.8281 0.1427 0.5422
vn -0.5684 -0.1193 0.8141
vn -0.6215 0.1381 0.7712
vn -0.1549 0.1070 0.9821
vn 0.3944 -0.4453 0.8038
vn 0.7468 -0.4989 0.4397
vn 0.5609 -0.2575 0.7868
vn -0.0651 -0.2060 0.9764
vn 0.4949 0.0983 0.8634
vn -0.3943 0.3480 0.8505
vn -0.0250 -0.3466 0.9377
vn -0.5330 0.0021 0.8461
vn -0.4786 -0.2693 0.8357
vn -0.8507 0.0258 0.5251
vn -0.9670 0.2540 0.0204
vn -0.9974 0.0678 0.0229
vn -0.8781 0.0346 -0.4773
vn -0.8284 0.2916 -0.4782
vn -0.5142 -0.0529 -0.8561
vn -0.0323 0.1901 -0.9812
vn -0.0380 -0.0934 -0.9949
vn 0.4146 -0.0459 -0.9088
vn 0.8085 0.2286 -0.5422
vn 0.8288 0.0295 -0.5588
vn 0.9983 -0.0487 0.0321
vn 0.7905 0.2158 0.5732
vn 0.8181 -0.0797 0.5695
vn 0.3818 0.2372 0.8933
vn 0.4420 -0.0134 0.8969
vn -0.0932 0.2289 0.9690
vn -0.1007 0.0229 0.9947
vn 0.0345 -0.6197 0.7841
vn -0.3839 -0.8224 0.4199
vn -0.1418 -0.8813 0.4509
vn -0.5127 -0.0093 0.8585
vn 0.4178 -0.3008 0.8573
vn 0.0268 -0.0828 0.9962
vn 0.0007 -0.0105 0.9999
vn -0.5757 0.2555 0.7767
vn -0.2232 -0.1954 0.9550
vn -0.5404 0.6997 0.4673
vn -0.4618 0.8837 -0.0765
vn -0.5984 0.7968 -0.0832
vn -0.5500 0.6936 -0.4651
vn -0.3425 0.7778 -0.5269
vn -0.3108 0.4530 -0.8356
vn -0.1273 0.5576 -0.8203
vn -0.0388 0.0476 -0.9981
vn 0.5734 -0.2038 -0.7935
vn 0.3721 -0.2964 -0.8796
vn 0.7584 -0.4132 -0.5041
vn 0.6531 -0.5660 -0.5031
vn 0.7088 -0.7054 0.0040
vn 0.7564 -0.4462 0.4783
vn 0.5952 -0.6241 0.5063
vn 0.3600 -0.3771 0.8534
vn 0.5227 -0.1307 0.8424
vn -0.0573 -0.0094 0.9983
vn -0.8579 -0.2133 0.4674
vn -0.2358 0.5742 0.7840
vn -0.3939 0.3817 0.8362
vn 0.3766 -0.3736 0.8477
vn 0.1377 -0.5285 0.8377
vn 0.2242 0.0618 0.9726
vn 0.2978 -0.2826 0.9119
vn 0.4472 -0.1827 0.8756
vn 0.2709 -0.7598 0.5910
vn 0.6855 -0.7276 -0.0262
vn 0.5310 -0.7066 0.4676
vn 0.3580 -0.7465 -0.5609
vn 0.5668 -0.6251 -0.5366
vn 0.0909 -0.4852 -0.8696
vn 0.2813 -0.4029 -0.8709
vn -0.2291 -0.1721 -0.9581
vn -0.0809 -0.0951 -0.9922
vn -0.5490 0.1499 -0.8223
vn -0.4568 0.2984 -0.8380
vn -0.6491 0.6518 -0.3922
vn -0.7952 0.5869 0.1520
vn -0.6169 0.7640 0.1890
vn -0.6823 0.5426 0.4899
vn -0.5436 0.6964 0.4685
vn -0.4241 0.4905 0.7613
vn -0.5522 0.2375 0.7992
vn -0.1227 0.0996 0.9874
vn -0.1836 -0.5634 0.8055
vn -0.1193 -0.9252 0.3602
vn 0.0965 -0.6013 0.7932
vn 0.0791 -0.5231 0.8486
vn 0.2191 -0.3857 0.8962
vn -0.2926 0.3051 0.9063
vn -0.1249 0.3909 0.9119
vn 0.0458 0.0119 0.9989
vn 0.2910 -0.0657 0.9545
vn -0.3486 -0.7722 0.5313
vn -0.5845 -0.8092 0.0597
vn -0.4459 -0.8947 0.0263
vn -0.3405 -0.7948 -0.5024
vn -0.3910 -0.3098 -0.8667
vn -0.2345 -0.4256 -0.8740
vn -0.2089 0.1441 -0.9673
vn 0.0106 0.0875 -0.9961
vn -0.0439 0.5036 -0.8628
vn 0.1914 0.4558 -0.8693
vn 0.3439 0.7708 -0.5363
vn 0.1317 0.9881 0.0797
vn 0.4078 0.9103 0.0713
vn 0.1355 0.8488 0.5110
vn 0.3400 0.7639 0.5485
vn 0.2839 0.4879 0.8255
vn -0.0156 0.5276 0.8493
vn 0.0573 0.0188 0.9982
vn 0.7387 -0.4150 0.5311
vn -0.4043 -0.3850 0.8297
vn -0.2010 -0.4450 0.8727
vn 0.4654 0.3304 0.8211
vn 0.1181 0.0610 0.9911
vn 0.5459 0.2796 0.7899
vn 0.1710 0.2982 0.9391
vn 0.8003 -0.2312 0.5533
vn 0.9933 0.1124 0.0260
vn 0.8871 0.0792 0.4547
vn 0.9760 -0.2148 -0.0356
vn 0.8781 0.0879 -0.4703
vn 0.4398 -0.1891 -0.8780
vn 0.5316 -0.0261 -0.8466
vn -0.0275 -0.2144 -0.9764
vn 0.0070 -0.0850 -0.9964
vn -0.5435 -0.0585 -0.8374
vn -0.5424 -0.2540 -0.8008
vn -0.8560 -0.0095 -0.5168
vn -0.8548 -0.2152 -0.4722
vn -0.9989 0.0132 -0.0456
vn -0.9712 -0.2362 -0.0305
vn -0.8549 0.0666 0.5144
vn -0.4568 -0.1650 0.8741
vn -0.4450 0.0658 0.8931
vn -0.0193 0.1064 0.9941
vn 0.5725 -0.0232 0.8196
vn 0.8359 0.2063 0.5086
vn 0.0390 -0.1888 0.9812
vn 0.5054 0.1066 0.8563
vn -0.4040 0.0396 0.9139
vn -0.3729 0.2914 0.8809
vn 0.0496 -0.0339 0.9982
vn 0.2333 0.1301 0.9637
vn 0.2372 -0.7756 0.5850
vn 0.6581 -0.7521 -0.0354
vn 0.5001 -0.7351 0.4578
vn 0.3860 -0.7487 -0.5389
vn 0.5821 -0.6184 -0.5279
vn 0.0926 -0.4876 -0.8681
vn 0.2819 -0.3986 -0.8727
vn -0.2474 -0.1248 -0.9608
vn -0.0947 0.0782 -0.9924
vn -0.5017 0.2392 -0.8313
vn -0.3803 0.4449 -0.8108
vn -0.5871 0.6766 -0.4444
vn -0.7993 0.6005 0.0210
vn -0.6967 0.7124 -0.0839
vn -0.6964 0.6311 0.3418
vn -0.8090 0.3625 0.4627
vn -0.5117 0.3439 0.7873
vn -0.6292 0.0801 0.7731
vn -0.1247 -0.0444 0.9912
vn -0.2615 -0.2838 0.9225
vn 0.2746 -0.4488 0.8504
vn -0.3570 0.3902 0.8487
vn -0.1550 0.5393 0.8277
vn 0.2620 -0.2378 0.9353
vn -0.3897 -0.7879 0.4768
vn -0.6367 -0.7670 -0.0796
vn -0.4640 -0.8843 -0.0511
vn -0.3643 -0.7478 -0.5551
vn -0.4244 -0.2934 -0.8566
vn -0.2172 -0.4098 -0.8859
vn -0.2579 0.1012 -0.9609
vn -0.0497 0.0283 -0.9984
vn 0.1731 0.5186 -0.8373
vn -0.0726 0.6310 -0.7724
vn 0.3497 0.8091 -0.4723
vn 0.1277 0.9914 0.0303
vn 0.3495 0.9359 -0.0431
vn 0.0461 0.8843 0.4645
vn 0.2134 0.8892 0.4047
vn -0.1536 0.6321 0.7595
vn 0.0243 0.6355 0.7718
vn -0.3462 0.2138 0.9135
vn -0.2438 0.1388 0.9598
vn -0.5666 0.1338 0.8131
vn -0.8984 -0.1661 0.4065
vn -0.5813 -0.2012 0.7884
vn -0.3598 -0.4214 0.8324
vn 0.2870 0.4208 0.8605
vn 0.4728 0.3093 0.8251
vn -0.0526 0.1490 0.9874
vn -0.0681 -0.1943 0.9786
vn -0.8675 -0.1252 0.4814
vn -0.9785 0.2057 -0.0131
vn -0.9958 0.0200 0.0899
vn -0.8447 0.2525 -0.4720
vn -0.8852 0.0527 -0.4622
vn -0.4755 0.2804 -0.8338
vn -0.4975 0.0608 -0.8653
vn 0.0120 0.2514 -0.9678
vn 0.0842 0.0463 -0.9954
vn 0.5252 -0.0420 -0.8499
vn 0.8622 0.2255 -0.4536
vn 0.8707 -0.0570 -0.4886
vn 0.9749 0.2207 0.0311
vn 0.9996 -0.0090 -0.0251
vn 0.8443 0.2772 0.4586
vn 0.8907 0.0895 0.4457
vn 0.4706 0.0490 0.8810
vn 0.4729 0.2818 0.8348
vn -0.0108 -0.0769 0.9970
vn -0.3023 0.3801 0.8741
vn -0.7501 0.4665 0.4687
vn -0.5120 0.2364 0.8258
vn -0.0056 0.2378 0.9713
vn -0.5216 -0.1624 0.8376
vn 0.4746 0.1625 0.8651
vn 0.4470 -0.1787 0.8765
vn -0.1957 -0.1120 0.9743
vn -0.3206 0.7054 0.6322
vn -0.7377 0.6734 0.0489
vn -0.6214 0.5957 0.5089
vn -0.5240 0.8509 -0.0384
vn -0.6646 0.6101 -0.4315
vn -0.3816 0.7598 -0.5263
vn -0.3696 0.3449 -0.8628
vn 0.1593 0.1447 -0.9766
vn -0.0278 -0.0007 -0.9996
vn 0.2963 -0.3451 -0.8906
vn 0.5559 -0.1836 -0.8107
vn 0.5765 -0.6571 -0.4857
vn 0.7776 -0.4658 -0.4223
vn 0.6290 -0.7765 0.0372
vn 0.8223 -0.5605 0.0983
vn 0.5289 -0.6880 0.4969
vn 0.4454 -0.1803 0.8770
vn 0.2699 -0.3791 0.8851
vn 0.0438 0.1747 0.9836
vn -0.1289 0.0397 0.9909
vn 0.1210 0.5017 0.8565
vn 0.0237 0.8755 0.4826
vn -0.2457 0.4674 0.8492
vn -0.3753 0.3331 0.8650
vn 0.2016 -0.4333 0.8784
vn 0.1498 0.0072 0.9887
vn -0.2114 0.0727 0.9747
vn 0.3103 0.3572 0.8810
vn 0.5432 0.5806 0.6066
vn 0.3311 0.9436 -0.0094
vn 0.2903 0.8048 0.5177
vn 0.5309 0.6415 -0.5537
vn 0.3156 0.7941 -0.5194
vn 0.4086 0.3341 -0.8494
vn 0.2692 0.4501 -0.8514
vn 0.0446 -0.0569 -0.9974
vn 0.0530 -0.5360 -0.8425
vn -0.1621 -0.4945 -0.8539
vn -0.2817 -0.7577 -0.5887
vn -0.0038 -0.8707 -0.4918
vn -0.3268 -0.9445 -0.0325
vn -0.0503 -0.9982 0.0317
vn -0.2789 -0.7786 0.5622
vn 0.0661 -0.4492 0.8910
vn -0.1415 -0.3842 0.9123
vn 0.1838 -0.0882 0.9790
vn -0.0065 -0.0135 0.9999
vn 0.5037 0.1542 0.8500
vn 0.8203 0.2454 0.5166
vn 0.1588 0.4093 0.8985
vn -0.4259 -0.3648 0.8280
vn 0.0672 0.0063 0.9977
vn -0.1511 0.8716 0.4664
vn 0.6371 -0.6120 0.4686
vn 0.3920 -0.7818 0.4849
vn 0.7469 -0.6639 -0.0364
vn 0.4922 -0.8703 -0.0175
vn 0.4066 -0.7795 -0.4765
vn 0.1509 -0.4756 -0.8666
vn 0.6427 -0.5137 -0.5684
vn -0.1521 -0.2004 -0.9678
vn 0.3593 -0.2481 -0.8997
vn -0.4904 0.0457 -0.8703
vn 0.0251 -0.0544 -0.9982
vn -0.8116 0.3137 -0.4928
vn -0.3581 0.2719 -0.8932
vn -0.8499 0.5137 -0.1173
vn -0.6786 0.5533 -0.4830
vn -0.6447 0.6383 0.4207
vn -0.7771 0.5347 0.3320
vn 0.0797 0.8827 0.4631
vn 0.3009 0.8946 0.3305
vn -0.1216 0.9908 0.0594
vn -0.7131 0.4164 0.5640
vn 0.8486 -0.0390 0.5276
vn 0.7949 -0.2419 0.5565
vn 0.9964 0.0213 0.0816
vn 0.9647 -0.2363 0.1166
vn 0.8679 0.0504 -0.4942
vn 0.8459 -0.2330 -0.4798
vn 0.4872 -0.2533 -0.8358
vn 0.0403 -0.2087 -0.9772
vn 0.4257 0.0680 -0.9023
vn -0.4287 -0.2179 -0.8768
vn -0.0737 0.1264 -0.9892
vn -0.7842 -0.2335 -0.5749
vn -0.4864 0.1046 -0.8674
vn -0.9967 0.0810 0.0019
vn -0.9782 -0.2075 -0.0051
vn 0.1658 0.8751 -0.4547
vn -0.0693 0.8759 -0.4775
vn -0.5934 -0.5731 0.5652
vn 0.3431 0.7797 0.5238
vn 0.4993 0.6833 0.5328
vn 0.3886 0.9158 0.1013
vn 0.5982 0.7937 0.1104
vn 0.3546 0.8033 -0.4786
vn 0.5732 0.6739 -0.4663
vn 0.4552 0.3719 -0.8090
vn -0.0706 -0.0916 -0.9933
vn 0.1796 -0.1380 -0.9740
vn 0.0573 -0.5441 -0.8370
vn -0.0787 -0.8226 -0.5631
vn -0.2494 -0.4910 -0.8347
vn -0.4153 -0.9091 -0.0321
vn -0.2152 -0.9723 -0.0910
vn -0.4762 0.8787 0.0346
vn -0.4230 0.8868 0.1863
vn -0.6139 0.5622 0.5541
vn -0.3866 0.7034 0.5965
vn -0.7280 0.6853 -0.0187
vn -0.4978 0.8639 -0.0760
vn -0.3835 0.7897 -0.4787
vn -0.1412 0.5956 -0.7908
vn -0.5520 0.6879 -0.4713
vn 0.0520 0.0244 -0.9983
vn 0.1644 0.1717 -0.9713
vn 0.3375 -0.3182 -0.8859
vn 0.4873 -0.1768 -0.8552
vn 0.7777 -0.3693 -0.5088
vn 0.8787 -0.4756 -0.0412
vn 0.6454 -0.5571 -0.5226
vn 0.6329 -0.4885 0.6007
vn 0.3947 0.8775 -0.2725
vn -0.5103 -0.2868 0.8108
vn 0.4129 0.7903 0.4526
vn 0.6317 0.6451 0.4299
vn 0.6907 0.7218 -0.0437
vn 0.5753 0.6744 -0.4628
vn 0.4468 0.8864 -0.1211
vn 0.2281 0.5168 -0.8252
vn 0.4347 0.4183 -0.7975
vn 0.0314 -0.0078 -0.9995
vn 0.2511 -0.0800 -0.9647
vn -0.1967 -0.5450 -0.8150
vn 0.0234 -0.6200 -0.7842
vn -0.0464 -0.8642 -0.5011
vn -0.3312 -0.9435 -0.0116
vn -0.1345 -0.9889 -0.0635
vn -0.3715 -0.8538 0.3648
vn -0.4719 0.8757 -0.1025
vn -0.7980 0.3094 0.5172
vn 0.8643 0.1921 0.4648
vn 0.8546 -0.1900 0.4833
vn 0.9759 -0.2175 -0.0185
vn 0.8196 -0.2194 -0.5293
vn 0.9796 0.1828 -0.0840
vn 0.4876 -0.2078 -0.8480
vn 0.8332 0.1055 -0.5427
vn 0.0550 -0.2036 -0.9775
vn 0.4803 0.0278 -0.8767
vn -0.5177 0.0049 -0.8555
vn -0.5135 -0.2108 -0.8318
vn -0.8085 -0.1955 -0.5551
vn -0.9975 0.0705 -0.0097
vn -0.9867 -0.1406 -0.0817
vn -0.9015 0.1422 0.4087
vn 0.4311 0.9019 0.0280
vn 0.4724 -0.7033 0.5312
vn 0.5319 -0.3108 0.7877
vn 0.5763 -0.8112 0.0988
vn 0.7159 -0.5153 0.4712
vn 0.7015 -0.5541 -0.4482
vn 0.4873 -0.7325 -0.4754
vn 0.2623 -0.5450 -0.7964
vn 0.0798 -0.0719 -0.9942
vn -0.1565 -0.1959 -0.9681
vn -0.5293 0.1005 -0.8424
vn -0.7622 0.3985 -0.5102
vn -0.3795 0.2930 -0.8776
vn -0.7219 0.6910 0.0371
vn -0.8426 0.5384 0.0057
vn -0.3304 0.8875 -0.3211
vn 0.4614 0.3940 0.7949
vn -0.3176 -0.7691 0.5546
vn -0.5333 -0.6918 0.4869
vn -0.6350 -0.7681 0.0819
vn -0.4191 -0.7476 -0.5151
vn -0.5800 -0.6679 -0.4663
vn -0.1993 -0.3665 -0.9088
vn -0.4236 -0.3517 -0.8348
vn 0.0552 0.0020 -0.9985
vn -0.1939 0.0834 -0.9775
vn -0.0755 0.4749 -0.8768
vn 0.0240 0.8654 -0.5006
vn 0.1908 0.4203 -0.8871
vn 0.0521 0.9979 -0.0388
vn 0.2605 0.8134 -0.5200
vn 0.2003 0.8206 0.5353
vn -0.2656 0.8787 0.3966
vn -0.0887 0.8744 0.4770
vn 0.4328 0.3242 0.8412
vn -0.3706 -0.8213 0.4338
vn -0.5366 -0.7152 0.4479
vn -0.5692 -0.8174 0.0886
vn -0.3479 -0.8291 -0.4377
vn -0.5633 -0.7060 -0.4293
vn -0.4790 -0.3624 -0.7995
vn -0.3504 0.0892 -0.9324
vn -0.2624 -0.4517 -0.8527
vn -0.2012 0.4456 -0.8724
vn -0.1264 0.0482 -0.9908
vn -0.0847 0.7731 -0.6286
vn 0.0095 0.4463 -0.8948
vn 0.2273 0.9692 0.0946
vn 0.0761 0.9960 -0.0466
vn -0.8350 0.0712 0.5456
vn -0.8102 0.3003 0.5035
vn -0.9204 0.3857 0.0644
vn -0.8430 0.0993 -0.5286
vn -0.7909 0.3620 -0.4934
vn -0.5767 0.3243 -0.7498
vn -0.0149 0.0492 -0.9987
vn -0.0124 0.3002 -0.9538
vn 0.4680 0.3557 -0.8090
vn 0.8300 0.3315 -0.4486
vn 0.5298 0.0859 -0.8438
vn 0.9595 0.2717 0.0738
vn 0.9299 0.0433 -0.3651
vn 0.9923 0.0319 0.1197
vn 0.8081 -0.3366 0.4834
vn -0.7582 0.3754 0.5331
vn -0.4691 0.0688 0.8805
vn -0.9291 0.3613 0.0792
vn -0.8528 0.1073 0.5111
vn -0.8360 0.1078 -0.5380
vn -0.7990 0.3123 -0.5139
vn -0.4737 0.3420 -0.8116
vn -0.0785 0.3175 -0.9450
vn -0.4780 0.1442 -0.8664
vn 0.5617 0.0733 -0.8241
vn 0.4300 0.2287 -0.8734
vn 0.8680 -0.0604 -0.4929
vn 0.8416 0.1921 -0.5047
vn 0.9702 0.2385 -0.0422
vn 0.9991 -0.0434 -0.0012
vn -0.3797 0.8110 0.4452
vn -0.5041 0.8633 0.0243
vn -0.6206 0.6667 0.4127
vn -0.6084 0.5446 -0.5773
vn -0.4982 0.7323 -0.4642
vn -0.5296 0.2864 -0.7984
vn -0.2942 0.4819 -0.8254
vn -0.1597 -0.0340 -0.9866
vn 0.1312 0.1339 -0.9823
vn 0.4795 -0.1629 -0.8623
vn 0.7439 -0.4466 -0.4971
vn 0.3002 -0.4264 -0.8533
vn 0.8311 -0.5543 -0.0447
vn 0.5659 -0.6874 -0.4552
vn 0.6569 -0.7539 0.0118
vn -0.3835 0.4667 0.7970
vn -0.8271 0.4049 0.3899
vn 0.9157 -0.2138 0.3402
vn -0.7707 0.5084 0.3841
vn 0.9839 -0.0425 0.1734
vn 0.7599 0.5284 0.3786
vn -0.6911 0.6586 0.2978
vn 0.9952 0.0377 -0.0901
vn -0.7047 0.6969 -0.1329
vn -0.6380 0.7612 0.1164
vn 0.9728 -0.0112 -0.2313
vn 0.9569 -0.1030 -0.2715
vn -0.8702 0.3228 -0.3721
vn -0.7596 0.5553 -0.3387
vn 0.8777 -0.3036 -0.3709
vn 0.8076 -0.5031 -0.3077
vn 0.3064 -0.4418 -0.8432
vn -0.9205 0.1661 -0.3537
vn 0.7385 -0.6517 -0.1727
vn -0.9977 -0.0679 -0.0084
vn -0.9699 0.0033 -0.2435
vn 0.7564 -0.6536 -0.0248
vn -0.9734 0.0438 0.2251
vn 0.1860 -0.9036 0.3860
vn 0.7732 -0.6123 0.1649
vn -0.8675 0.2665 0.4200
vn 0.7965 -0.4683 0.3824
vn 0.8399 -0.3028 0.4504
vn 0.0063 0.9421 0.3354
vn 0.2290 -0.9170 0.3268
vn 0.3490 -0.3785 0.8573
vn 0.3619 0.9068 0.2163
vn 0.2323 0.8973 0.3754
vn 0.4269 -0.8948 0.1307
vn 0.3866 0.9211 0.0464
vn 0.4552 -0.8854 -0.0945
vn 0.3133 0.9299 -0.1929
vn 0.3784 -0.8776 -0.2943
vn 0.2934 -0.8835 -0.3653
vn 0.1550 0.9032 -0.4003
vn 0.1391 -0.8947 -0.4244
vn -0.1492 0.9126 -0.3807
vn -0.0110 0.8785 -0.4776
vn -0.1473 -0.8959 -0.4190
vn -0.3081 0.9266 -0.2155
vn -0.4118 -0.8960 -0.1663
vn -0.8011 -0.3159 -0.5084
vn -0.3690 0.9287 0.0362
vn -0.5084 -0.8601 0.0414
vn -0.2998 0.9372 0.1782
vn -0.8583 -0.2810 0.4293
vn -0.3952 -0.8706 0.2932
vn -0.2063 0.9427 0.2621
vn -0.3150 -0.8524 0.4173
vn -0.1057 -0.8835 0.4564
vn -0.1562 -0.9299 0.3331
vn 0.0709 -0.9235 0.3769
vn -0.3587 0.4530 0.8162
vn -0.3862 -0.9224 -0.0080
vn -0.3527 -0.9142 0.1996
vn -0.3760 -0.9109 -0.1701
vn -0.6066 0.4175 -0.6765
vn -0.2860 -0.9046 -0.3160
vn 0.1372 -0.9017 -0.4101
vn -0.0762 -0.9055 -0.4174
vn 0.3441 0.3785 -0.8592
vn 0.3980 -0.9008 0.1735
vn 0.3302 -0.9312 -0.1547
vn 0.9247 0.3597 -0.1247
vn 0.3087 -0.8941 0.3245
vn 0.2117 -0.8925 0.3983
vn -0.6827 -0.6303 0.3697
vn 0.7282 0.6400 0.2453
vn 0.5204 0.8371 0.1685
vn -0.8477 -0.4312 0.3090
vn 0.4718 0.8817 0.0005
vn -0.9626 -0.1914 -0.1916
vn -0.9765 -0.2073 0.0586
vn 0.4642 0.8855 -0.0211
vn -0.9201 -0.3464 -0.1830
vn 0.4791 0.8694 -0.1209
vn 0.5207 0.8170 -0.2477
vn -0.8624 -0.3772 -0.3378
vn 0.7001 0.6826 -0.2093
vn 0.1496 0.4775 -0.8658
vn -0.6283 -0.6471 -0.4318
vn -0.7552 -0.4743 -0.4525
vn 0.8354 0.5113 -0.2017
vn -0.4884 -0.8373 -0.2459
vn 0.8619 0.4620 -0.2091
vn -0.4394 -0.8983 0.0020
vn 0.8874 0.4602 -0.0282
vn 0.9203 -0.3440 -0.1865
vn 0.8895 0.4405 0.1217
vn -0.5054 -0.8406 0.1948
vn 0.8470 0.4947 0.1947
vn -0.5958 -0.7401 0.3119
vn 0.4139 0.1574 0.8966
vn 0.7740 0.4410 0.4543
vn 0.6831 0.5144 0.5184
vn -0.7828 -0.5015 0.3683
vn -0.6157 -0.6739 0.4084
vn -0.4261 -0.8831 0.1965
vn 0.9709 0.2392 0.0101
vn 0.9063 0.2796 0.3168
vn -0.4575 -0.8889 -0.0218
vn 0.2871 -0.9477 0.1393
vn 0.9388 0.3040 -0.1619
vn -0.4784 -0.8484 -0.2267
vn -0.5923 -0.7042 -0.3915
vn 0.8258 0.4075 -0.3898
vn -0.7085 -0.5667 -0.4205
vn 0.5077 0.7552 -0.4146
vn 0.6321 0.5907 -0.5016
vn -0.8089 -0.4578 -0.3689
vn -0.8476 0.2297 -0.4783
vn -0.9250 -0.3452 -0.1586
vn 0.4120 0.9088 -0.0667
vn 0.3759 0.8629 -0.3378
vn -0.9544 -0.2674 0.1324
vn -0.9305 -0.2610 0.2569
vn 0.4299 0.8562 0.2864
vn -0.8701 -0.3588 0.3378
vn 0.5123 0.6697 0.5376
vn -0.4925 -0.0712 0.8674
vn 0.8793 -0.2294 0.4174
vn -0.8286 0.3060 0.4688
vn -0.9077 0.0631 0.4150
vn 0.6765 -0.7122 0.1872
vn 0.7643 -0.4783 0.4325
vn -0.9540 -0.0738 0.2906
vn -0.9872 -0.1518 0.0487
vn 0.6637 -0.6770 -0.3179
vn 0.6217 -0.7752 -0.1118
vn -0.9732 -0.0530 -0.2236
vn -0.6463 -0.6654 -0.3735
vn 0.7158 -0.6176 -0.3258
vn -0.8811 0.1197 -0.4575
vn -0.7623 0.3960 -0.5119
vn 0.7871 -0.4389 -0.4335
vn -0.6929 0.5764 -0.4332
vn 0.9831 0.0066 -0.1829
vn 0.9137 -0.1439 -0.3801
vn -0.7031 0.6651 -0.2517
vn -0.1154 0.7785 -0.6169
vn -0.6627 0.7487 0.0185
vn 0.9927 0.1051 0.0596
vn -0.6242 0.7476 0.2268
vn 0.9171 -0.0965 0.3869
vn 0.9425 0.0950 0.3203
vn -0.7069 0.5899 0.3903
vn -0.2796 0.2180 0.9350
vn 0.2008 0.8976 0.3925
vn 0.2296 -0.8952 0.3820
vn 0.3721 -0.3351 0.8656
vn 0.2493 0.8516 0.4611
vn 0.4321 -0.8777 0.2073
vn 0.4301 0.8962 0.1083
vn 0.3903 0.8389 0.3793
vn 0.4554 -0.8899 0.0259
vn 0.3658 0.9216 -0.1299
vn 0.8180 -0.4156 -0.3976
vn 0.3987 -0.8958 -0.1965
vn 0.2654 0.9317 -0.2481
vn 0.2361 -0.8594 -0.4536
vn 0.0417 0.9462 -0.3208
vn -0.0848 -0.8378 -0.5394
vn -0.2841 -0.8464 -0.4504
vn -0.3052 0.9330 -0.1907
vn -0.2505 0.9301 -0.2686
vn -0.4418 -0.8427 -0.3076
vn -0.4906 -0.8686 -0.0698
vn -0.3171 0.9454 -0.0750
vn -0.3919 -0.8959 0.2093
vn -0.8721 -0.3359 0.3559
vn 0.0173 0.8980 0.4397
vn -0.2769 0.9381 0.2082
vn -0.2313 -0.8691 0.4373
vn -0.0128 -0.8870 0.4616
vn 0.8572 0.3585 0.3696
vn 0.7071 0.5426 0.4534
vn -0.2116 -0.6425 0.7365
vn -0.8058 -0.5409 0.2413
vn -0.6326 -0.7329 0.2502
vn -0.5244 -0.8217 0.2233
vn 0.9753 0.2206 0.0085
vn 0.9524 0.2520 0.1717
vn -0.5026 -0.8616 0.0710
vn 0.3064 -0.9314 0.1967
vn 0.9429 0.2835 -0.1751
vn -0.5272 -0.8224 -0.2140
vn -0.6709 -0.6427 -0.3697
vn 0.8368 0.4252 -0.3450
vn -0.7586 -0.5591 -0.3345
vn 0.6817 0.5897 -0.4331
vn -0.8048 -0.5226 -0.2813
vn 0.3231 0.9285 -0.1829
vn 0.4717 0.8029 -0.3644
vn -0.8955 -0.4249 -0.1323
vn -0.7958 0.2738 -0.5401
vn 0.2720 0.9623 -0.0020
vn -0.9544 -0.2854 0.0875
vn 0.3367 0.9314 0.1381
vn -0.8822 -0.4211 0.2105
vn 0.5026 0.7810 0.3708
vn -0.8877 -0.4382 0.1416
vn 0.7616 -0.5766 0.2959
vn 0.8051 -0.4348 0.4034
vn -0.7806 0.4761 0.4049
vn -0.8678 0.2863 0.4061
vn -0.9875 0.0590 0.1460
vn -0.7589 -0.5181 0.3946
vn 0.6749 -0.7295 -0.1113
vn 0.6928 -0.7167 0.0793
vn -0.9935 0.0022 -0.1135
vn -0.7620 -0.5018 -0.4094
vn -0.9630 0.0828 -0.2566
vn 0.7439 -0.6138 -0.2643
vn 0.6690 -0.7303 -0.1382
vn -0.8979 0.2425 -0.3672
vn -0.8499 0.3471 -0.3966
vn 0.8545 -0.3410 -0.3919
vn -0.8066 0.4930 -0.3260
vn 0.9332 -0.0949 -0.3467
vn -0.1970 0.8349 -0.5139
vn -0.7317 0.6557 -0.1864
vn 0.9947 -0.0070 -0.1023
vn 0.9704 0.0187 -0.2406
vn -0.7130 0.7011 0.0134
vn 0.9963 -0.0083 0.0857
vn -0.7019 0.6692 0.2439
vn -0.7616 0.5615 0.3235
vn 0.9377 -0.1649 0.3058
vn -0.1417 -0.9258 0.3506
vn -0.1804 0.9120 0.3683
vn -0.3454 0.3454 0.8726
vn -0.2933 -0.9271 0.2334
vn -0.3797 0.8959 0.2305
vn -0.3688 -0.9086 0.1962
vn -0.5016 0.8651 -0.0052
vn -0.4078 -0.8711 -0.2737
vn -0.4724 -0.8794 -0.0592
vn -0.4072 0.8713 -0.2738
vn -0.1905 0.8743 -0.4465
vn -0.3262 -0.8632 -0.3854
vn 0.0286 0.8766 -0.4804
vn 0.1973 -0.8808 -0.4305
vn -0.0829 -0.8511 -0.5184
vn 0.2305 0.8979 -0.3751
vn 0.3393 0.3477 -0.8741
vn 0.2797 -0.9111 -0.3027
vn 0.4036 0.8924 -0.2017
vn 0.3340 -0.9327 -0.1358
vn 0.4651 0.8843 0.0414
vn 0.3036 -0.9440 0.1292
vn 0.4036 0.8814 0.2455
vn 0.3170 0.8844 0.3426
vn 0.0555 -0.9354 0.3492
vn 0.1105 0.9197 0.3768
vn -0.8320 -0.4127 0.3706
vn -0.6662 -0.5762 0.4734
vn 0.3918 0.8157 0.4256
vn 0.3633 0.8958 0.2561
vn -0.9358 -0.2902 0.2001
vn 0.3442 0.9387 0.0201
vn -0.9666 -0.2560 0.0141
vn 0.3656 0.9139 -0.1764
vn -0.8251 -0.4042 -0.3948
vn -0.9120 -0.3081 -0.2708
vn -0.0212 0.6692 -0.7427
vn 0.5092 0.7592 -0.4054
vn 0.7208 0.5087 -0.4707
vn -0.6869 -0.5649 -0.4573
vn 0.7841 0.4754 -0.3990
vn -0.3319 -0.9227 -0.1962
vn -0.4726 -0.7801 -0.4099
vn 0.8816 0.3893 -0.2668
vn 0.9474 0.3197 0.0169
vn -0.3371 -0.9166 0.2148
vn -0.3175 -0.9472 0.0457
vn 0.9114 0.3553 0.2078
vn 0.8657 -0.3782 0.3278
vn 0.8250 0.4206 0.3775
vn -0.5294 -0.7295 0.4331
vn 0.6385 0.6001 0.4819
vn -0.8694 0.2093 0.4476
vn 0.8721 -0.1494 0.4659
vn -0.6913 0.6958 0.1947
vn -0.7843 0.4972 0.3710
vn 0.9682 0.0310 0.2483
vn -0.6647 0.7356 -0.1308
vn 0.9958 0.0774 -0.0495
vn 0.7099 0.6930 0.1259
vn -0.6991 0.5880 -0.4068
vn 0.9623 0.0101 -0.2718
vn -0.7489 0.4569 -0.4801
vn 0.8761 -0.1168 -0.4677
vn -0.7935 0.3902 -0.4671
vn 0.7996 -0.3429 -0.4930
vn 0.4435 -0.0616 -0.8942
vn 0.7125 -0.5276 -0.4626
vn -0.8775 0.1996 -0.4360
vn 0.6759 -0.6610 -0.3261
vn -0.9694 -0.0454 -0.2414
vn 0.6512 -0.7507 -0.1111
vn -0.9599 -0.1073 0.2591
vn -0.9815 -0.1901 -0.0248
vn 0.1311 -0.8863 0.4441
vn 0.6787 -0.6853 0.2639
vn -0.9155 0.0170 0.4021
vn 0.7230 -0.4766 0.5001
vn 0.7876 -0.2749 0.5514
vn -0.7569 -0.6534 0.0126
vn -0.9423 0.3226 -0.0890
vn 0.0876 0.9949 0.0510
vn 0.7615 0.6481 -0.0042
vn 0.9096 -0.4110 -0.0610
vn -0.0831 -0.9947 -0.0610
vn -0.7923 -0.6050 -0.0793
vn -0.0443 -0.9966 0.0693
vn 0.9288 -0.3706 -0.0048
vn 0.7691 0.6388 0.0184
vn -0.0127 0.9999 -0.0055
vn -0.9117 0.4080 0.0491
vn 0.7128 0.6997 -0.0483
vn 0.9362 -0.3514 -0.0059
vn 0.0328 -0.9991 -0.0284
vn -0.7979 -0.6027 0.0073
vn -0.9181 0.3964 0.0015
vn 0.0595 0.9982 0.0021
vn 0.7368 0.6760 -0.0110
vn 0.9333 -0.3572 -0.0373
vn -0.0075 -0.9999 -0.0119
vn -0.8051 -0.5928 0.0185
vn -0.8995 0.4355 -0.0345
vn -0.2135 0.9619 -0.1709
vn -0.0154 0.3989 -0.9169
vn -0.0936 0.3569 -0.9294
vn 0.0851 0.5143 -0.8534
vn 0.5675 0.8026 -0.1840
vn 0.2462 0.3281 -0.9120
vn 0.2788 0.2467 -0.9281
vn 0.8284 0.5508 -0.1022
vn 0.2895 0.1786 -0.9404
vn 0.2988 0.1216 -0.9465
vn 0.9793 0.1916 -0.0651
vn 0.3482 0.0799 -0.9340
vn 0.9944 0.0085 -0.1056
vn 0.3630 0.0179 -0.9316
vn 0.9756 -0.1786 -0.1274
vn 0.3861 -0.0649 -0.9202
vn 0.9156 -0.3742 -0.1475
vn 0.3764 -0.1547 -0.9134
vn 0.3318 -0.2171 -0.9180
vn 0.7006 -0.6987 -0.1447
vn 0.2840 -0.2847 -0.9156
vn 0.2267 -0.3574 -0.9060
vn 0.6361 -0.7097 -0.3029
vn 0.1373 -0.3765 -0.9162
vn 0.1915 -0.9694 -0.1536
vn 0.0836 -0.4288 -0.8995
vn -0.0018 -0.3611 -0.9325
vn -0.1926 -0.9683 -0.1590
vn -0.0725 -0.3814 -0.9216
vn -0.3795 -0.9096 -0.1691
vn -0.1307 -0.3084 -0.9422
vn -0.2051 -0.3031 -0.9306
vn -0.6898 -0.7131 -0.1253
vn -0.2796 -0.3060 -0.9101
vn -0.8201 -0.5517 -0.1521
vn -0.3273 -0.2167 -0.9197
vn -0.3420 -0.1251 -0.9313
vn -0.9661 -0.1945 -0.1698
vn -0.3898 -0.0812 -0.9173
vn -0.3954 -0.0150 -0.9184
vn -0.9662 0.1815 -0.1830
vn -0.4207 0.0658 -0.9048
vn -0.9034 0.3962 -0.1640
vn -0.3967 0.1782 -0.9005
vn -0.8062 0.5769 -0.1312
vn -0.3453 0.2624 -0.9011
vn -0.2872 0.2890 -0.9132
vn -0.7791 0.5855 -0.2242
vn -0.2017 0.3221 -0.9250
vn -0.3749 0.9262 -0.0404
vn -0.1703 0.4120 -0.8951
vn 0.1742 0.9682 -0.1795
vn 0.0611 0.3971 -0.9157
vn 0.4883 0.8107 -0.3229
vn -0.1487 0.3780 0.9138
vn -0.2300 0.9728 -0.0293
vn -0.3730 0.9130 -0.1655
vn -0.1076 0.1966 0.9746
vn -0.5455 0.8379 -0.0177
vn -0.7844 0.6150 0.0804
vn -0.8808 0.4644 0.0927
vn -0.1693 0.6911 0.7027
vn -0.4268 0.2108 0.8794
vn -0.9150 0.4034 -0.0108
vn -0.9946 0.0334 0.0987
vn -0.5062 0.0007 0.8624
vn -0.9977 -0.0134 -0.0664
vn -0.4699 -0.0883 0.8783
vn -0.9780 -0.1980 -0.0656
vn -0.8472 -0.5240 0.0881
vn -0.3715 -0.2457 0.8953
vn -0.8281 -0.5603 -0.0176
vn -0.3103 -0.3050 0.9004
vn -0.6965 -0.7164 -0.0414
vn -0.4168 -0.9043 0.0917
vn -0.1637 -0.3594 0.9187
vn -0.3850 -0.9224 -0.0295
vn -0.0257 -0.9952 0.0940
vn 0.1650 -0.9804 0.1081
vn -0.3026 -0.5370 0.7875
vn 0.3426 -0.9375 0.0618
vn -0.1817 -0.6149 0.7674
vn 0.5105 -0.8550 0.0917
vn -0.0462 -0.6743 0.7370
vn 0.6867 -0.7195 0.1037
vn 0.0756 -0.6284 0.7742
vn 0.3145 -0.3145 0.8956
vn 0.7101 -0.7041 -0.0010
vn 0.9019 -0.4088 0.1395
vn 0.9676 -0.2159 0.1311
vn 0.3905 -0.4684 0.7926
vn 0.3585 -0.0668 0.9311
vn 0.9840 -0.1782 0.0002
vn 0.2788 -0.0046 0.9604
vn 1.0000 0.0086 0.0016
vn 0.2605 0.0378 0.9647
vn 0.9768 0.1906 -0.0982
vn 0.1159 0.0325 0.9927
vn 0.9205 0.3882 -0.0455
vn 0.7382 0.6648 0.1150
vn 0.6005 0.7882 0.1349
vn 0.6708 -0.0530 0.7398
vn 0.4353 0.8899 0.1366
vn 0.5986 0.2035 0.7748
vn 0.2017 0.4637 0.8627
vn 0.3831 0.9235 -0.0178
vn 0.0825 0.4606 0.8838
vn 0.1767 0.9839 -0.0253
vn -0.0025 0.4605 0.8877
vn -0.0206 0.9994 -0.0284
vn 0.1262 0.9435 -0.3064
vn -0.5170 0.7935 -0.3209
vn -0.8944 -0.0158 -0.4469
vn -0.8320 -0.3310 -0.4451
vn -0.5057 -0.7443 -0.4362
vn -0.0008 -0.8893 -0.4573
vn 0.3249 -0.8340 -0.4459
vn 0.7492 -0.4965 -0.4384
vn 0.8678 0.3618 -0.3407
vn 0.6541 0.6225 -0.4297
vn -0.0177 0.0023 -0.9998
vn -0.0113 0.0065 -0.9999
vn -0.0206 0.0257 0.9995
vn -0.0005 0.0150 -0.9999
vn 0.0249 0.0721 0.9971
vn 0.0544 0.0239 0.9982
vn 0.3985 0.5436 0.7388
vn -0.0018 -0.0347 -0.9994
vn 0.0318 0.0042 -0.9995
vn 0.0213 -0.0307 0.9993
vn -0.0808 -0.0866 0.9930
vn -0.0795 -0.0408 -0.9960
vn -0.0519 -0.0608 -0.9968
vn -0.1153 -0.0574 0.9917
vn -0.0577 0.0048 -0.9983
vn -0.0292 0.0103 0.9995
vn -0.0249 0.0227 0.9994
vn -0.0119 0.0156 -0.9998
vn -0.0345 0.0260 -0.9991
vn -0.0280 0.0294 0.9992
vn 0.0046 -0.0014 -1.0000
vn -0.0060 0.0098 0.9999
vn 0.6720 -0.2359 0.7020
vn -0.0095 0.0114 -0.9999
vn 0.0127 -0.0106 0.9999
vn 0.0052 -0.0058 -1.0000
vn 0.0178 0.0043 0.9998
vn 0.0421 -0.0466 0.9980
vn 0.4277 -0.5744 0.6979
vn 0.0214 -0.0476 -0.9986
vn 0.0112 -0.0638 0.9979
vn -0.0064 -0.0301 -0.9995
vn 0.0114 -0.0860 0.9962
vn -0.0024 -0.0030 -1.0000
vn 0.0092 -0.0594 -0.9982
vn -0.0030 -0.0694 0.9976
vn -0.0043 0.0338 0.9994
vn 0.0104 0.0323 -0.9994
vn 0.0007 0.0007 -1.0000
vn 0.0032 0.0157 0.9999
vn -0.3820 -0.6509 0.6560
vn -0.0038 0.0091 1.0000
vn -0.0086 -0.0335 -0.9994
vn 0.0178 0.0238 -0.9996
vn 0.0030 -0.0136 0.9999
vn -0.0127 -0.0068 -0.9999
vn -0.0336 -0.0380 0.9987
vn -0.0363 -0.0137 0.9992
vn -0.6760 -0.3077 0.6696
vn 0.0279 0.0294 -0.9992
vn -0.0341 -0.0177 0.9993
vn -0.0168 -0.0160 -0.9997
vn -0.0137 -0.0082 -0.9999
vn -0.0857 -0.0127 0.9962
vn -0.0458 -0.0092 -0.9989
vn -0.0716 0.0135 0.9973
vn -0.7126 0.1179 0.6916
vn -0.0479 0.0428 0.9979
vn -0.0520 0.0315 -0.9982
vn -0.6686 0.4238 0.6110
vn -0.0007 0.0371 0.9993
vn -0.0151 0.0413 -0.9990
vn 0.0079 0.0254 0.9996
vn -0.0054 0.0315 -0.9995
vn -0.0181 0.0316 -0.9993
vn 0.0231 -0.0050 0.9997
vn -0.0065 -0.0454 0.9989
vn -0.0197 -0.0281 -0.9994
vn -0.0111 0.0178 -0.9998
vn -0.0368 -0.0013 0.9993
vn 0.0639 0.6144 0.7864
vn -0.0109 0.0326 0.9994
vn -0.1937 0.9713 -0.1378
vn -0.0028 0.3796 -0.9251
vn -0.0860 0.3848 -0.9190
vn 0.3864 0.9092 -0.1549
vn 0.2313 0.3101 -0.9222
vn 0.1529 0.3736 -0.9149
vn 0.4304 0.8561 -0.2861
vn 0.2887 0.2653 -0.9199
vn 0.6045 0.7571 -0.2480
vn 0.3494 0.2374 -0.9064
vn 0.7294 0.6464 -0.2238
vn 0.3369 0.1582 -0.9281
vn 0.9710 0.1894 -0.1462
vn 0.3973 0.0800 -0.9142
vn 0.4003 -0.0089 -0.9164
vn 0.9577 0.1286 -0.2575
vn 0.3586 -0.0751 -0.9305
vn 0.9184 -0.3751 -0.1261
vn 0.3546 -0.1393 -0.9246
vn 0.8320 -0.5399 -0.1280
vn 0.3451 -0.2139 -0.9139
vn 0.7068 -0.6923 -0.1457
vn 0.3018 -0.2894 -0.9084
vn 0.5476 -0.8240 -0.1454
vn 0.2286 -0.3497 -0.9086
vn 0.1490 -0.3677 -0.9179
vn 0.1910 -0.9686 -0.1594
vn 0.0769 -0.3979 -0.9142
vn -0.0098 -0.3950 -0.9186
vn -0.1847 -0.9741 -0.1303
vn -0.0603 -0.4413 -0.8953
vn -0.3676 -0.9239 -0.1066
vn -0.1590 -0.4301 -0.8886
vn -0.2808 -0.4062 -0.8695
vn -0.4290 -0.8781 -0.2120
vn -0.3199 -0.3369 -0.8855
vn -0.8231 -0.5472 -0.1522
vn -0.3748 -0.2496 -0.8929
vn -0.4354 -0.1568 -0.8864
vn -0.8404 -0.4759 -0.2593
vn -0.4252 -0.0798 -0.9016
vn -0.9006 -0.3290 -0.2839
vn -0.4077 -0.0139 -0.9130
vn -0.9692 0.1927 -0.1536
vn -0.4602 0.0893 -0.8833
vn -0.9171 0.3628 -0.1653
vn -0.4236 0.1747 -0.8889
vn -0.3796 0.2546 -0.8894
vn -0.8739 0.4082 -0.2639
vn -0.2602 0.2805 -0.9239
vn -0.5134 0.8480 -0.1316
vn -0.1951 0.3362 -0.9214
vn -0.3584 0.9263 -0.1165
vn -0.1493 0.3753 -0.9148
vn -0.1413 0.9558 -0.2580
vn 0.0667 0.4074 -0.9108
vn -0.1415 0.3802 0.9140
vn -0.2048 0.9776 -0.0478
vn -0.3602 0.9308 -0.0618
vn -0.1866 0.3632 0.9128
vn -0.5149 0.8560 -0.0462
vn -0.8019 0.5847 0.1230
vn -0.9102 0.3983 0.1138
vn -0.2801 0.5279 0.8018
vn -0.9690 0.2167 0.1187
vn -0.4275 0.4548 0.7813
vn -0.4873 0.1059 0.8668
vn -0.9808 0.1946 -0.0152
vn -0.4882 0.0086 0.8727
vn -0.9999 -0.0061 -0.0103
vn -0.9287 -0.3570 0.1006
vn -0.4738 -0.1748 0.8631
vn -0.9301 -0.3672 -0.0054
vn -0.7262 -0.6699 0.1547
vn -0.5674 -0.8136 0.1271
vn -0.5559 -0.2189 0.8019
vn -0.2684 -0.3908 0.8805
vn -0.5547 -0.8320 0.0078
vn -0.2369 -0.9591 0.1548
vn -0.0470 -0.9951 0.0869
vn -0.3900 -0.4935 0.7774
vn -0.0202 -0.4744 0.8801
vn -0.0111 -0.9996 -0.0266
vn 0.3431 -0.9339 0.1003
vn 0.1652 -0.4243 0.8903
vn 0.3830 -0.9233 -0.0287
vn 0.6720 -0.7326 0.1082
vn 0.3218 -0.3241 0.8896
vn 0.7144 -0.6993 -0.0236
vn 0.3479 -0.2297 0.9089
vn 0.8387 -0.5437 -0.0299
vn 0.9669 -0.2389 0.0893
vn 0.9945 -0.0519 0.0913
vn 0.4816 -0.4309 0.7631
vn 0.9860 0.1393 0.0920
vn 0.5378 -0.3303 0.7757
vn 0.9374 0.3319 0.1058
vn 0.6037 -0.2081 0.7696
vn 0.8424 0.5330 0.0792
vn 0.6259 -0.0676 0.7769
vn 0.3779 0.2555 0.8899
vn 0.8219 0.5631 -0.0862
vn 0.6179 0.7826 0.0759
vn 0.4338 0.8952 0.1020
vn 0.6047 0.2663 0.7506
vn 0.1865 0.4313 0.8827
vn 0.3793 0.9251 -0.0169
vn 0.0309 0.9955 0.0898
vn 0.0027 0.4359 0.9000
vn -0.0057 0.9994 -0.0327
vn -0.6209 0.6401 -0.4525
vn -0.8913 -0.0122 -0.4532
vn -0.6347 -0.6584 -0.4046
vn -0.0113 -0.8980 -0.4399
vn 0.3445 -0.8370 -0.4252
vn 0.8996 -0.1819 -0.3971
vn 0.8218 0.3625 -0.4395
vn 0.1637 0.8920 -0.4213
vn -0.0025 -0.0485 -0.9988
vn -0.0022 0.0393 0.9992
vn 0.1048 0.7343 0.6706
vn -0.0036 -0.0034 -1.0000
vn -0.0152 0.0003 -0.9999
vn 0.0069 0.0267 0.9996
vn 0.3876 0.6198 0.6824
vn 0.0391 0.0357 0.9986
vn -0.0000 -0.0388 -0.9992
vn 0.0199 -0.0181 0.9996
vn -0.0030 -0.0248 -0.9997
vn -0.0496 -0.0110 0.9987
vn -0.0264 0.0084 -0.9996
vn 0.0069 0.0100 -0.9999
vn 0.0049 0.0187 0.9998
vn 0.6652 0.3352 0.6672
vn 0.0060 0.0018 -1.0000
vn 0.0108 -0.0120 0.9999
vn -0.0259 -0.0098 0.9996
vn -0.0079 -0.0095 -0.9999
vn -0.0503 0.0051 0.9987
vn -0.0445 0.0268 -0.9987
vn -0.0800 0.0113 -0.9967
vn -0.0237 0.0101 0.9997
vn -0.0175 0.0288 -0.9994
vn -0.0379 0.0469 0.9982
vn 0.0016 0.0108 -0.9999
vn 0.0104 0.0073 0.9999
vn -0.0090 0.0063 -0.9999
vn 0.0093 -0.0137 0.9999
vn 0.4225 -0.5867 0.6909
vn -0.0074 0.0247 0.9997
vn -0.0024 0.0011 -1.0000
vn -0.0200 0.0399 -0.9990
vn 0.0039 -0.0279 0.9996
vn 0.1629 -0.7074 0.6878
vn -0.0093 -0.0448 0.9990
vn -0.0094 0.0066 -0.9999
vn -0.1061 -0.7464 0.6569
vn -0.0123 -0.0549 0.9984
vn -0.0003 -0.0491 -0.9988
vn 0.0235 -0.0240 -0.9994
vn -0.0190 -0.0398 0.9990
vn -0.0035 -0.0173 0.9998
vn -0.0247 -0.0383 -0.9990
vn -0.0427 -0.0520 -0.9977
vn -0.0023 -0.0347 0.9994
vn -0.4560 -0.5317 0.7137
vn -0.0324 -0.0209 -0.9993
vn -0.0398 -0.0221 0.9990
vn -0.0686 -0.0213 0.9974
vn -0.0581 -0.0019 -0.9983
vn -0.0562 -0.0196 0.9982
vn -0.6885 -0.1701 0.7051
vn 0.0104 -0.0178 -0.9998
vn -0.0163 0.0046 -0.9999
vn -0.0525 -0.0021 0.9986
vn -0.0675 0.0113 -0.9977
vn -0.0408 0.0058 0.9992
vn -0.6520 0.2329 0.7215
vn -0.0554 0.0323 0.9979
vn -0.0333 0.0358 -0.9988
vn -0.0442 0.0291 -0.9986
vn -0.0094 0.0157 0.9998
vn 0.0146 0.0036 0.9999
vn 0.0284 -0.0166 -0.9995
vn 0.0293 -0.0046 -0.9996
vn 0.0589 -0.0441 0.9973
vn 0.0167 -0.0717 0.9973
vn -0.0072 -0.0090 -0.9999
vn 0.0104 -0.0385 -0.9992
vn -0.0049 -0.0043 1.0000
vn 0.0824 0.6508 0.7548
vn -0.0126 -0.0387 0.9992
vn -0.2087 -0.9767 0.0501
vn -0.3762 -0.9250 0.0530
vn -0.2068 -0.9774 0.0439
vn -0.5455 -0.8368 0.0469
vn -0.5469 -0.8363 0.0373
vn -0.7034 -0.7089 0.0519
vn -0.7093 -0.7020 0.0635
vn -0.8326 -0.5487 0.0750
vn -0.9234 -0.3791 0.0596
vn -0.9264 -0.3732 0.0499
vn -0.9775 -0.2045 0.0524
vn -0.9775 -0.2039 0.0533
vn -0.9986 -0.0178 0.0503
vn -0.9820 0.1845 0.0407
vn -0.9818 0.1867 0.0357
vn -0.9269 0.3732 0.0398
vn -0.9242 0.3789 0.0481
vn -0.8212 0.5662 0.0704
vn -0.8175 0.5706 0.0782
vn -0.6953 0.7148 0.0750
vn -0.5603 0.8254 0.0692
vn -0.5606 0.8259 0.0610
vn -0.3782 0.9228 0.0740
vn -0.1739 0.9824 0.0683
vn -0.1691 0.9836 0.0620
vn 0.0105 0.9983 0.0574
vn 0.0103 0.9986 0.0520
vn 0.1927 0.9793 0.0613
vn 0.1995 0.9775 0.0691
vn 0.3786 0.9220 0.0813
vn 0.3864 0.9178 0.0916
vn 0.5489 0.8297 0.1017
vn 0.7030 0.7042 0.0996
vn 0.7070 0.7010 0.0934
vn 0.8296 0.5517 0.0856
vn 0.8318 0.5490 0.0815
vn 0.9184 0.3876 0.0792
vn 0.9194 0.3856 0.0769
vn 0.9758 0.2057 0.0739
vn 0.9774 0.2005 0.0676
vn 0.9980 -0.0083 0.0620
vn 0.9987 -0.0065 0.0496
vn 0.9757 -0.2089 0.0663
vn 0.9344 -0.3511 0.0607
vn 0.9343 -0.3533 0.0475
vn 0.8551 -0.5143 0.0658
vn 0.7217 -0.6889 0.0668
vn 0.7211 -0.6899 0.0627
vn 0.5516 -0.8313 0.0685
vn 0.5503 -0.8320 0.0703
vn 0.3480 -0.9348 0.0705
vn 0.3469 -0.9351 0.0722
vn 0.1786 -0.9814 0.0707
vn -0.0083 -0.9983 0.0583
vn -0.0137 -0.9986 0.0513
vn -0.0361 -0.0909 -0.9952
vn -0.0047 -0.0259 -0.9997
vn -0.0048 -0.0212 -0.9998
vn -0.0087 0.0125 0.9999
vn -0.0242 0.1039 0.9943
vn -0.0082 0.0089 0.9999
vn -0.0341 -0.1032 -0.9941
vn -0.0361 -0.0945 -0.9949
vn 0.0168 0.0260 0.9995
vn 0.0176 0.0283 0.9994
vn -0.0101 -0.0477 -0.9988
vn -0.0359 -0.1060 -0.9937
vn 0.0173 0.0102 0.9998
vn 0.0184 0.0111 0.9998
vn -0.0421 -0.0193 -0.9989
vn -0.0084 -0.0452 -0.9989
vn 0.0563 0.0378 0.9977
vn 0.0601 0.0406 0.9974
vn -0.0604 -0.0347 -0.9976
vn -0.0429 -0.0201 -0.9989
vn 0.0905 0.0723 0.9933
vn 0.0950 0.0754 0.9926
vn -0.0438 -0.0268 -0.9987
vn -0.0621 -0.0359 -0.9974
vn 0.0442 0.0296 0.9986
vn 0.0402 0.0277 0.9988
vn -0.0440 -0.0266 -0.9987
vn -0.0669 -0.0202 -0.9976
vn 0.0735 0.0021 0.9973
vn 0.0761 0.0022 0.9971
vn -0.0673 -0.0204 -0.9975
vn -0.0579 -0.0200 -0.9981
vn 0.1039 -0.0150 0.9945
vn 0.1059 -0.0152 0.9943
vn -0.0543 -0.0207 -0.9983
vn 0.0308 -0.0247 -0.9992
vn 0.1143 -0.0313 0.9930
vn 0.1139 -0.0311 0.9930
vn 0.0326 -0.0246 -0.9992
vn -0.0081 0.0154 -0.9998
vn 0.0880 -0.0464 0.9950
vn 0.0878 -0.0463 0.9951
vn -0.0421 0.0584 -0.9974
vn -0.0080 0.0154 -0.9999
vn 0.1008 -0.0547 0.9934
vn 0.1044 -0.0571 0.9929
vn -0.0746 0.0897 -0.9932
vn -0.0453 0.0601 -0.9972
vn 0.0302 -0.0040 0.9995
vn 0.0270 -0.0019 0.9996
vn -0.0694 0.0914 -0.9934
vn -0.0761 0.0907 -0.9930
vn 0.0016 -0.0163 0.9999
vn 0.0006 -0.0143 0.9999
vn -0.0692 0.0901 -0.9935
vn -0.0304 0.0785 -0.9965
vn 0.0238 -0.0539 0.9983
vn 0.0250 -0.0569 0.9981
vn 0.0002 0.0806 -0.9967
vn -0.0300 0.0775 -0.9965
vn 0.0357 -0.0218 0.9991
vn 0.0352 -0.0206 0.9992
vn 0.0102 0.0777 -0.9969
vn 0.0001 0.0801 -0.9968
vn 0.0107 -0.0172 0.9998
vn 0.0111 -0.0165 0.9998
vn 0.0328 0.0751 -0.9966
vn 0.0102 0.0775 -0.9969
vn -0.0114 -0.0243 0.9996
vn -0.0115 -0.0247 0.9996
vn 0.0712 0.1343 -0.9884
vn 0.0334 0.0790 -0.9963
vn -0.0187 -0.0216 0.9996
vn -0.0204 -0.0234 0.9995
vn 0.0846 0.1314 -0.9877
vn 0.0716 0.1381 -0.9878
vn -0.0436 -0.0515 0.9977
vn -0.0458 -0.0543 0.9975
vn 0.1002 0.1059 -0.9893
vn 0.0852 0.1319 -0.9876
vn -0.0173 -0.0349 0.9992
vn -0.0151 -0.0319 0.9994
vn 0.1365 0.0932 -0.9862
vn 0.0989 0.1045 -0.9896
vn 0.0100 -0.0025 0.9999
vn 0.0121 -0.0006 0.9999
vn 0.1334 0.0660 -0.9889
vn 0.1385 0.0947 -0.9858
vn -0.0021 0.0037 1.0000
vn -0.0018 0.0036 1.0000
vn 0.1303 0.0657 -0.9893
vn 0.1005 0.0375 -0.9942
vn 0.0116 0.0018 0.9999
vn 0.0129 0.0021 0.9999
vn 0.0982 0.0373 -0.9945
vn 0.1006 -0.0165 -0.9948
vn 0.0051 -0.0051 1.0000
vn 0.0039 -0.0053 1.0000
vn 0.1563 -0.0451 -0.9867
vn 0.0971 -0.0167 -0.9951
vn -0.0107 -0.0162 0.9998
vn -0.0098 -0.0162 0.9998
vn 0.1504 -0.0464 -0.9875
vn 0.1590 -0.0449 -0.9863
vn 0.0221 -0.0010 0.9998
vn 0.0264 -0.0030 0.9996
vn 0.1333 -0.0561 -0.9895
vn 0.1504 -0.0466 -0.9875
vn -0.0147 0.0454 0.9989
vn -0.0171 0.0470 0.9987
vn 0.0638 -0.0280 -0.9976
vn 0.1361 -0.0577 -0.9890
vn -0.0207 0.0519 0.9984
vn -0.0193 0.0493 0.9986
vn 0.0504 -0.0359 -0.9981
vn 0.0594 -0.0253 -0.9979
vn -0.0462 0.1295 0.9905
vn -0.0477 0.1319 0.9901
vn -0.0122 -0.0113 -0.9999
vn 0.0515 -0.0376 -0.9980
vn -0.0676 0.1407 0.9877
vn -0.0668 0.1394 0.9880
vn -0.0009 -0.0553 -0.9985
vn -0.0125 -0.0113 -0.9999
vn -0.0359 0.0907 0.9952
vn -0.0353 0.0896 0.9954
vn -0.0003 -0.0584 -0.9983
vn -0.0242 0.1079 0.9939
vn -0.8910 0.4489 -0.0686
vn -0.8413 0.5404 0.0139
vn -0.6445 0.7628 -0.0533
vn -0.8860 0.4595 -0.0620
vn -0.7753 0.6275 -0.0711
vn 0.2444 0.9696 -0.0137
vn -0.2886 0.9558 -0.0553
vn 0.4113 0.9115 -0.0019
vn -0.2121 0.9752 -0.0635
vn -0.2959 0.9552 0.0110
vn -0.2896 -0.9571 0.0064
vn 0.7448 -0.6645 -0.0602
vn 0.7404 -0.6721 -0.0014
vn 0.2284 0.8062 -0.5458
vn -0.1985 0.9785 -0.0560
vn 0.2997 0.9519 -0.0632
vn -0.3967 -0.9157 -0.0649
vn -0.5189 -0.8524 -0.0649
vn -0.4042 -0.9124 -0.0650
vn -0.8951 -0.4451 -0.0250
vn -0.4464 0.8930 -0.0580
vn -0.9677 0.2486 -0.0431
vn -0.4016 0.9138 -0.0606
vn -0.0957 0.9941 -0.0501
vn 0.8199 0.5504 0.1575
vn 0.8350 -0.5502 0.0077
vn 0.8115 0.5814 -0.0588
vn -0.2104 0.9773 -0.0258
vn 0.8201 0.5686 -0.0643
vn -0.1233 0.9920 -0.0266
vn 0.9745 0.2190 -0.0498
vn 0.9979 0.0385 -0.0526
vn 0.9683 0.2417 -0.0631
vn 0.9130 0.2282 -0.3382
vn 0.9610 -0.2691 -0.0647
vn 0.9977 -0.0186 -0.0658
vn 0.8779 -0.4746 -0.0644
vn 0.7945 -0.5923 -0.1342
vn 0.5358 0.8444 -0.0015
vn 0.5841 0.8117 0.0042
vn 0.5363 0.8440 -0.0015
vn 0.8456 0.5336 -0.0183
vn -0.2261 0.9704 -0.0843
vn 0.3945 0.9167 -0.0634
vn 0.3846 0.9209 -0.0630
vn 0.4018 -0.9132 -0.0676
vn 0.1325 -0.9888 -0.0687
vn 0.2079 -0.9764 -0.0594
vn -0.7226 -0.6887 -0.0603
vn -0.9250 0.3796 -0.0156
vn -0.9883 0.1503 -0.0272
vn 0.6226 0.7823 -0.0200
vn 0.3227 0.9456 -0.0401
vn -0.8846 0.4596 -0.0794
vn -0.4956 0.8681 -0.0297
vn -0.2558 0.9652 -0.0539
vn 0.8066 -0.5884 -0.0556
vn 0.9381 -0.3389 -0.0714
vn -0.0751 -0.9214 -0.3814
vn 0.1651 -0.9855 -0.0386
vn -0.8644 -0.5027 -0.0030
vn -0.9312 -0.3643 -0.0140
vn -0.7668 0.6398 -0.0512
vn 0.5011 0.8631 -0.0623
vn 0.5010 0.8632 -0.0629
vn 0.7423 0.6685 -0.0458
vn 0.9271 0.3693 -0.0647
vn 0.9619 -0.2658 -0.0641
vn 0.9247 -0.3752 -0.0648
vn 0.6057 -0.7928 -0.0682
vn 0.4105 -0.9091 -0.0714
vn -0.9108 -0.4125 -0.0139
vn -0.8385 -0.5445 0.0217
vn 0.9421 -0.3352 -0.0049
vn -0.2206 -0.9732 -0.0650
vn 0.9396 -0.3423 -0.0042
vn -0.5182 -0.8524 -0.0698
vn -0.1952 -0.9803 -0.0289
vn -0.9689 -0.2397 -0.0608
vn -0.9899 -0.1273 -0.0625
vn -0.9926 -0.1049 -0.0614
vn -0.9309 -0.3606 -0.0572
vn -0.9247 -0.3754 -0.0627
vn 0.1821 -0.9829 -0.0269
vn -0.8680 -0.4916 -0.0704
vn -0.8091 -0.5841 -0.0655
vn -0.7874 0.5952 -0.1606
vn -0.8077 0.5866 -0.0598
vn 0.0150 0.9742 0.2251
vn -0.5196 -0.8486 -0.0998
vn -0.4096 -0.9060 -0.1069
vn -0.4705 0.8779 -0.0886
vn -0.5616 0.8208 -0.1046
vn -0.2643 0.9554 -0.1318
vn 0.7078 0.7007 -0.0896
vn 0.9487 -0.3129 -0.0444
vn 0.8272 0.5416 -0.1493
vn -0.1401 0.9841 -0.1094
vn 0.9834 -0.0795 -0.1633
vn 0.9519 0.2585 -0.1644
vn 0.9329 -0.2610 -0.2482
vn 0.9687 -0.0844 -0.2336
vn 0.5054 -0.6974 -0.5082
vn 0.8536 -0.4481 -0.2657
vn 0.3789 0.9209 -0.0921
vn 0.3067 -0.9436 -0.1250
vn 0.3957 -0.9030 -0.1677
vn -0.6879 -0.7239 -0.0535
vn -0.9977 -0.0073 -0.0668
vn -0.0204 0.9700 -0.2424
vn -0.9527 0.2903 -0.0898
vn -0.7523 0.6310 -0.1893
vn 0.8821 -0.3826 -0.2750
vn -0.0895 -0.9957 -0.0248
vn 0.9248 -0.3748 -0.0647
vn -0.9551 0.2896 -0.0620
vn 0.9277 0.3680 -0.0631
vn -0.8561 -0.5140 -0.0546
vn -0.9966 0.0365 -0.0733
vn -0.7313 -0.6795 -0.0588
vn 0.5144 0.8529 -0.0887
vn 0.8976 -0.3640 -0.2486
vn 0.5585 -0.8183 -0.1358
vn -0.5770 -0.6833 -0.4475
vn -0.9767 0.0528 0.2082
vn -0.9249 -0.3750 -0.0632
vn -0.9818 0.1758 0.0713
vn -0.2152 -0.9697 -0.1158
vn 0.9434 -0.3315 -0.0082
vn -0.9860 -0.1323 -0.1011
vn -0.9654 -0.2379 -0.1066
vn -0.9261 -0.3595 -0.1146
vn 0.9225 0.3827 -0.0497
vn -0.9086 0.3993 -0.1228
vn 0.9383 0.2140 -0.2718
vn -0.9869 0.1373 -0.0851
vn -0.8113 -0.5395 -0.2253
vn -0.8364 -0.5392 -0.0987
vn -0.9694 -0.2452 0.0092
vn -0.7115 0.6818 0.1704
vn -0.4207 0.9052 -0.0605
vn 0.3865 0.8124 0.4365
vn 0.9970 0.0665 -0.0403
vn 0.5389 0.8412 0.0449
vn 0.9926 0.1177 -0.0307
vn 0.9568 -0.2690 0.1104
vn 0.8730 -0.4835 -0.0645
vn 0.3463 0.9379 -0.0203
vn 0.5894 0.8078 0.0049
vn 0.1419 -0.9889 -0.0436
vn -0.8647 -0.1940 -0.4633
vn -0.9206 0.3885 0.0386
vn -0.3501 0.9341 0.0703
vn -0.8634 0.4255 -0.2712
vn -0.5126 0.8579 0.0345
vn -0.8780 -0.4650 0.1136
vn -0.9509 0.3023 -0.0662
vn -0.9441 0.0982 0.3146
vn -0.8220 -0.5695 -0.0041
vn -0.5874 0.8078 -0.0492
vn 0.5017 0.8645 -0.0314
vn 0.9159 0.3859 0.1100
vn 0.9185 -0.3951 0.0169
vn 0.7772 -0.2483 -0.5782
vn 0.7064 -0.5930 0.3866
vn 0.9242 -0.3800 -0.0389
vn -0.2577 -0.9400 0.2236
vn -0.2740 -0.9106 0.3094
vn -0.9688 -0.2388 -0.0660
vn -0.9838 -0.1321 0.1216
vn -0.8451 -0.4099 0.3433
vn -0.1499 -0.9654 0.2133
vn 0.0328 -0.9915 -0.1260
vn -0.9214 0.1433 0.3611
vn 0.8631 -0.5045 0.0226
vn 0.9840 0.1753 0.0305
vn 0.0655 0.9553 0.2882
vn -0.5906 -0.5343 0.6048
vn -0.5688 -0.8159 0.1042
vn 0.6814 0.7311 -0.0336
vn -0.8442 0.4318 -0.3174
vn 0.2777 -0.9446 -0.1749
vn 0.7802 0.6244 -0.0383
vn 0.7709 0.6361 0.0323
vn 0.6950 0.7182 -0.0351
vn -0.8364 -0.5481 -0.0001
vn 0.0859 0.0482 -0.9951
vn 0.0104 -0.0715 -0.9974
vn 0.9434 -0.2201 -0.2481
vn 0.0824 -0.0335 -0.9960
vn -0.0797 -0.0151 -0.9967
vn 0.0525 0.0872 -0.9948
vn -0.2861 0.5622 -0.7759
vn 0.1200 -0.0545 -0.9913
vn 0.6744 0.4528 -0.5832
vn -0.0357 -0.0812 -0.9961
vn 0.0776 -0.5874 -0.8056
vn 0.1120 -0.0342 -0.9931
vn -0.5726 -0.1981 -0.7955
vn 0.0949 0.0254 -0.9952
vn 0.0464 -0.1083 -0.9930
vn 0.0847 -0.0237 -0.9961
vn 0.0861 0.0258 -0.9960
vn 0.0488 0.0836 -0.9953
vn 0.0337 0.0824 -0.9960
vn -0.1074 -0.0359 -0.9936
vn -0.0873 -0.3136 -0.9455
vn -0.0370 -0.1648 -0.9856
vn 0.0780 0.0312 -0.9965
vn 0.5599 0.1320 -0.8180
vn -0.0977 0.0299 -0.9948
vn -0.7705 -0.4418 -0.4595
vn -0.5679 -0.1320 -0.8125
vn -0.0361 0.0862 -0.9956
vn -0.0363 0.0671 -0.9971
vn -0.0848 -0.0237 -0.9961
vn -0.6311 0.3432 -0.6957
vn -0.0196 0.0938 -0.9954
vn -0.5550 -0.2923 -0.7788
vn 0.8903 0.4521 -0.0537
vn 0.0407 0.1020 -0.9940
vn -0.0926 -0.0395 -0.9949
vn 0.6297 -0.3547 -0.6912
vn -0.0504 -0.0984 -0.9939
vn 0.3959 -0.7117 -0.5803
vn -0.2368 0.9678 -0.0849
vn -0.5390 0.1897 -0.8207
vn 0.6460 0.7511 -0.1361
vn 0.1758 0.5834 -0.7929
vn -0.5139 -0.5330 -0.6722
vn -0.9580 0.2793 0.0646
vn -0.9604 0.2710 0.0644
vn -0.9376 0.3277 0.1167
vn -0.7551 0.6237 -0.2021
vn -0.8887 0.4539 0.0644
vn -0.9248 0.3749 0.0645
vn -0.3800 0.9228 0.0630
vn -0.5190 0.8523 0.0649
vn -0.4736 0.8753 0.0982
vn -0.9129 0.3980 0.0911
vn -0.9615 0.1499 -0.2301
vn -0.3950 0.9165 0.0627
vn -0.4114 0.9092 0.0646
vn 0.7670 -0.5937 -0.2433
vn 0.8895 -0.4525 0.0640
vn 0.9538 -0.2936 0.0633
vn 0.2960 -0.9530 0.0643
vn -0.3562 -0.9331 0.0500
vn -0.7919 -0.6102 0.0235
vn -0.9746 -0.2236 0.0116
vn -0.9287 -0.3654 0.0636
vn -0.9086 -0.3621 0.2080
vn 0.9616 0.2482 -0.1167
vn 0.7328 -0.6778 0.0599
vn 0.9585 -0.2767 0.0689
vn -0.7628 -0.4962 -0.4146
vn -0.6196 -0.7823 0.0645
vn -0.6230 -0.7796 0.0645
vn 0.7855 0.5646 0.2535
vn 0.3720 -0.9262 0.0612
vn 0.4860 -0.8717 0.0633
vn 0.4723 -0.8791 0.0644
vn -0.3952 -0.9162 0.0666
vn -0.9312 -0.3624 0.0398
vn 0.3795 -0.9231 0.0623
vn 0.3084 -0.9481 0.0778
vn 0.9021 -0.4269 0.0628
vn -0.4044 -0.9125 0.0622
vn -0.3460 -0.9360 0.0648
vn 0.9516 0.2973 -0.0779
vn 0.4108 0.9094 0.0647
vn 0.3747 0.9249 0.0642
vn 0.9349 -0.2138 -0.2833
vn 0.9888 0.1347 0.0638
vn 0.9668 0.2474 0.0635
vn -0.0195 0.4258 -0.9046
vn -0.6311 0.7755 0.0172
vn 0.4915 0.8685 0.0635
vn -0.8631 -0.5010 0.0637
vn -0.9228 -0.3813 -0.0560
vn 0.5299 0.8445 0.0776
vn -0.1393 0.9118 -0.3863
vn -0.5236 -0.8494 0.0655
vn -0.3839 -0.9211 0.0648
vn -0.9382 0.2600 -0.2286
vn -0.9929 -0.0993 0.0648
vn -0.9910 -0.1175 0.0647
vn 0.4994 0.8640 0.0648
vn -0.4989 -0.8642 0.0648
vn -0.9713 0.2299 0.0607
vn -0.8153 0.5755 0.0632
vn -0.4500 0.8921 0.0392
vn -0.9664 -0.2487 0.0646
vn -0.2038 0.9771 0.0605
vn 0.9878 0.1450 0.0566
vn 0.9962 0.0596 0.0637
vn -0.4482 0.8879 0.1033
vn -0.9648 0.2608 0.0346
vn 0.9328 0.3445 0.1060
vn 0.9069 0.4167 0.0629
vn 0.9072 0.4199 0.0244
vn -0.9610 0.2690 0.0645
vn 0.9000 0.4339 0.0425
vn 0.9882 0.0382 0.1483
vn 0.9926 0.1033 0.0637
vn -0.9126 -0.4038 0.0643
vn 0.9498 -0.3100 0.0425
vn 0.9389 -0.3440 0.0049
vn 0.9252 0.3740 0.0633
vn 0.9699 -0.2351 0.0635
vn 0.9565 -0.2596 0.1330
vn 0.0952 -0.0294 -0.9950
vn -0.0894 0.0359 -0.9953
vn -0.1061 0.0239 -0.9941
vn 0.1902 0.4459 -0.8746
vn 0.2200 0.0021 -0.9755
vn -0.1880 0.0237 -0.9819
vn 0.0650 -0.0916 -0.9937
vn -0.2091 -0.0298 -0.9774
vn 0.0087 0.1203 -0.9927
vn -0.0394 0.0872 -0.9954
vn -0.0735 -0.0214 -0.9971
vn -0.2573 -0.1052 -0.9606
vn -0.1903 0.1120 -0.9753
vn -0.4091 -0.3037 -0.8605
vn 0.5571 0.1272 -0.8207
vn -0.0502 -0.1214 -0.9913
vn -0.0493 -0.1084 -0.9929
vn 0.0610 -0.1456 -0.9875
vn 0.0714 -0.1431 -0.9871
vn 0.0892 -0.2810 -0.9555
vn 0.8879 0.2496 -0.3863
vn 0.0684 -0.1297 -0.9892
vn 0.1644 -0.0599 -0.9846
vn 0.1159 0.0568 -0.9916
vn 0.1298 0.0545 -0.9900
vn 0.1123 -0.0361 -0.9930
vn 0.7083 -0.4891 -0.5090
vn -0.0834 -0.1374 -0.9870
vn 0.0181 0.0920 -0.9956
vn 0.0074 -0.0280 -0.9996
vn 0.0357 0.0754 -0.9965
vn -0.0301 0.3760 -0.9261
vn -0.0617 -0.1072 -0.9923
vn -0.6071 -0.1474 -0.7808
vn 0.1041 0.0108 -0.9945
vn 0.1137 0.0260 -0.9932
vn -0.2953 0.0163 -0.9553
vn 0.4443 -0.7783 -0.4437
vn -0.5675 0.4189 -0.7088
vn -0.0928 0.3366 -0.9371
vn -0.1089 0.2512 -0.9618
vn 0.3005 0.2912 -0.9082
vn -0.0802 -0.0771 -0.9938
vn 0.3496 -0.9325 0.0902
vn -0.6597 -0.6895 -0.2989
vn 0.8895 -0.4527 0.0621
vn -0.7136 -0.1817 0.6765
vn -0.7267 -0.0954 0.6803
vn -0.7142 -0.1824 0.6758
vn -0.3618 0.7976 0.4827
vn -0.6684 0.2834 0.6877
vn -0.1299 0.9252 0.3565
vn -0.6482 0.3233 0.6894
vn -0.3770 0.0186 0.9260
vn -0.6525 0.3226 0.6857
vn -0.5322 -0.4470 0.7190
vn -0.6856 -0.2715 0.6754
vn -0.7654 -0.1669 0.6216
vn 0.7111 0.1846 0.6785
vn 0.7234 0.1065 0.6822
vn 0.7096 0.1830 0.6804
vn -0.7006 0.1961 0.6861
vn -0.7181 0.1632 0.6765
vn 0.6705 0.2717 0.6903
vn 0.6673 0.2704 0.6940
vn -0.2994 0.6619 0.6872
vn -0.3254 0.6499 0.6869
vn -0.2995 0.6618 0.6872
vn 0.7149 0.2209 0.6634
vn 0.7454 -0.5403 0.3905
vn 0.7306 -0.6161 0.2944
vn -0.4376 -0.5663 0.6984
vn -0.3649 -0.6224 0.6924
vn -0.3604 -0.6222 0.6950
vn -0.5437 0.7534 0.3699
vn 0.4598 0.5904 0.6633
vn 0.1867 0.7146 0.6742
vn 0.7112 0.1655 0.6832
vn 0.7305 0.0967 0.6760
vn 0.5845 0.6209 0.5224
vn 0.7079 0.2162 0.6724
vn 0.6786 -0.2260 0.6989
vn 0.4680 -0.7617 0.4480
vn 0.5006 -0.6552 0.5658
vn -0.6742 0.2733 0.6861
vn 0.6738 -0.2141 0.7073
vn 0.6517 -0.3306 0.6826
vn 0.6708 -0.2142 0.7100
vn 0.5821 -0.4281 0.6913
vn 0.5541 -0.4606 0.6934
vn 0.6562 -0.3637 0.6612
vn -0.6742 0.2734 0.6861
vn -0.7261 -0.0770 0.6832
vn -0.7283 -0.0905 0.6792
vn -0.4320 0.4860 0.7597
vn 0.5815 0.7323 0.3544
vn -0.0767 0.3660 0.9275
vn -0.2407 0.7228 0.6478
vn -0.6862 -0.2723 0.6746
vn -0.8681 0.2256 0.4423
vn -0.2914 0.6715 0.6813
vn -0.2794 -0.6688 0.6889
vn -0.2296 -0.6893 0.6871
vn -0.2299 -0.6895 0.6869
vn 0.6572 -0.3295 0.6779
vn 0.6907 -0.2995 0.6583
vn 0.6696 0.2801 0.6879
vn 0.2764 -0.0674 0.9587
vn 0.9293 0.3692 -0.0038
vn 0.3703 0.3137 0.8744
vn 0.7758 0.3555 0.5213
vn 0.3480 0.6494 0.6762
vn 0.8729 0.1990 0.4454
vn 0.1904 0.2238 0.9559
vn -0.1664 -0.8067 0.5670
vn -0.3142 -0.7318 0.6048
vn 0.3686 0.6380 0.6761
vn 0.3027 0.6706 0.6773
vn 0.3028 0.6706 0.6773
vn 0.3692 0.6358 0.6778
vn -0.7960 0.5286 0.2950
vn -0.5326 -0.2363 0.8127
vn 0.2571 0.6941 0.6724
vn -0.2784 -0.6683 0.6898
vn 0.1310 0.9035 0.4080
vn 0.5508 0.0445 0.8334
vn -0.1157 0.2796 0.9531
vn 0.5492 -0.0936 0.8304
vn 0.5629 -0.1641 0.8101
vn 0.9406 -0.0968 0.3254
vn 0.2204 -0.0659 0.9732
vn 0.6213 -0.0938 0.7779
vn 0.2338 0.6040 0.7619
vn 0.3651 -0.3259 0.8721
vn 0.4832 0.0357 0.8748
vn 0.7067 -0.4064 0.5792
vn -0.3320 -0.5873 0.7381
vn 0.5096 -0.0447 0.8592
vn 0.5583 -0.5006 0.6616
vn 0.8150 0.5011 0.2910
vn -0.0361 -0.3671 0.9295
vn 0.9614 0.1389 0.2376
vn -0.6999 -0.0408 0.7131
vn -0.9387 -0.3330 0.0891
vn 0.0591 -0.0540 0.9968
vn -0.6683 -0.2571 0.6981
vn 0.0247 -0.0549 0.9982
vn 0.1488 0.0218 0.9886
vn 0.8133 0.4859 0.3200
vn 0.0519 -0.0405 0.9978
vn 0.0599 -0.0244 0.9979
vn 0.0625 -0.0173 0.9979
vn 0.1038 0.0879 0.9907
vn 0.2594 0.6865 0.6792
vn 0.0608 -0.0019 0.9981
vn 0.0659 0.0167 0.9977
vn 0.0611 0.0256 0.9978
vn 0.0446 0.1443 0.9885
vn -0.4115 0.8689 0.2751
vn 0.0266 0.0623 0.9977
vn 0.0334 0.0613 0.9976
vn 0.1067 0.0075 0.9943
vn 0.5950 -0.3710 0.7130
vn 0.8101 -0.2773 0.5166
vn -0.4521 -0.3196 0.8327
vn 0.7593 -0.4140 0.5020
vn -0.3900 -0.1928 0.9004
vn -0.7182 0.1957 0.6678
vn -0.4649 -0.3133 0.8281
vn 0.2634 -0.7860 0.5593
vn -0.4852 0.0314 0.8739
vn 0.2864 -0.5713 0.7692
vn -0.4609 0.0824 0.8836
vn -0.9208 -0.1832 0.3443
vn -0.4612 0.1479 0.8749
vn -0.1037 0.5507 0.8283
vn -0.1683 0.8693 0.4647
vn -0.2778 -0.7882 0.5491
vn -0.3417 0.3117 0.8866
vn -0.1994 -0.5866 0.7849
vn -0.4631 0.0118 0.8862
vn -0.0118 0.6102 0.7922
vn -0.5428 0.3248 0.7745
vn -0.0589 0.0534 0.9968
vn -0.0650 0.0324 0.9974
vn -0.0693 0.0219 0.9974
vn -0.0772 -0.0824 0.9936
vn -0.1249 -0.7942 0.5947
vn -0.0862 0.2218 0.9713
vn -0.0723 -0.0100 0.9973
vn -0.0769 -0.0172 0.9969
vn -0.0760 -0.0286 0.9967
vn -0.0277 -0.1023 0.9944
vn 0.3903 -0.6966 0.6020
vn -0.1105 -0.0238 0.9936
vn -0.7542 0.1839 0.6303
vn -0.0458 -0.0485 0.9978
vn -0.0257 -0.0555 0.9981
vn -0.0401 -0.0577 0.9975
vn 0.4829 -0.1927 0.8542
vn -0.0364 0.5147 0.8566
vn -0.0105 0.2171 0.9761
vn 0.3049 -0.5548 0.7741
vn -0.2491 -0.4428 0.8613
vn -0.0495 -0.6454 0.7623
vn 0.2507 -0.5722 0.7809
vn 0.3000 -0.5587 0.7732
vn 0.3008 -0.5002 0.8120
vn 0.2554 -0.5766 0.7761
vn 0.6646 -0.2246 0.7127
vn 0.0993 -0.6173 0.7805
vn -0.6458 -0.6227 0.4418
vn -0.5794 -0.3623 0.7301
vn -0.2798 0.0287 0.9596
vn -0.0891 0.1874 0.9782
vn -0.2850 0.2762 0.9179
vn 0.0410 0.6390 0.7681
vn 0.1443 0.0828 0.9861
vn -0.0300 0.0747 0.9968
vn -0.0411 0.0797 0.9960
vn -0.9705 -0.2187 0.1017
vn -0.9701 -0.1941 0.1454
vn -0.8063 -0.3143 0.5011
vn -0.9700 -0.2273 0.0863
vn 0.3855 -0.9205 0.0633
vn 0.5301 0.8479 -0.0021
vn -0.4787 0.4238 0.7689
vn -0.5791 -0.6928 0.4297
vn -0.4755 -0.7827 0.4014
vn 0.9654 -0.2606 0.0112
vn 0.9612 -0.2745 -0.0274
vn 0.9665 -0.2552 0.0257
vn 0.3050 -0.2354 -0.9228
vn 0.8648 -0.5021 0.0077
vn -0.0022 0.9978 -0.0659
vn 0.2974 0.9477 0.1153
vn -0.0657 -0.7973 -0.5999
vn -0.2072 0.4206 -0.8833
vn -0.5569 -0.2953 -0.7763
vn 0.4792 -0.6481 -0.5919
vn -0.4343 -0.0266 -0.9004
vn 0.4423 0.3850 -0.8100
vn 0.8396 0.5425 0.0271
vn -0.4909 -0.7631 0.4205
vn -0.8505 -0.3888 0.3542
vn -0.0165 -0.8019 0.5972
vn -0.2226 0.9389 0.2625
vn 0.6694 0.5356 0.5149
vn -0.0202 -0.6530 0.7571
vn -0.1921 -0.2868 0.9385
vn -0.0664 0.1665 0.9838
vn 0.4073 -0.4854 0.7736
vn 0.5003 -0.0000 0.8659
vn -0.0001 -0.0000 1.0000
vn -0.0000 0.5309 -0.8474
vn -0.0000 0.5309 0.8475
vn -0.0000 0.0131 -0.9999
vn 0.6029 -0.6640 0.4423
vn -0.1750 -0.5326 0.8281
vn 0.5545 -0.0586 0.8301
vn -0.8967 0.0580 0.4388
vn 0.0130 -0.0254 0.9996
vn 0.2884 0.4883 0.8236
vn 0.8606 -0.0267 0.5086
vn 0.0732 -0.0944 0.9928
vn -0.6002 0.5981 0.5310
vn 0.8757 0.1576 0.4564
vn -0.2607 -0.4237 0.8675
vn -0.7886 0.6141 0.0328
vn -0.8572 0.0416 -0.5134
vn 0.2173 0.3784 -0.8998
vn -0.2524 -0.8279 -0.5009
vn -0.2748 0.4149 -0.8674
vn 0.7866 -0.6174 0.0106
vn 0.3348 0.7342 -0.5907
vn -0.2868 -0.8356 -0.4686
vn -0.0016 0.0176 -0.9998
vn -0.8918 -0.0123 -0.4522
vn 0.7788 -0.6261 0.0385
vn 0.4901 -0.3917 -0.7787
vn -0.6851 0.5691 -0.4547
vn -0.4855 -0.8721 0.0608
vn 0.2089 0.9779 0.0011
vn -0.3681 -0.9297 0.0149
vn 0.0871 0.8168 -0.5703
vn -0.9923 0.1237 0.0057
vn -0.4898 0.0819 -0.8680
vn -0.9922 0.1231 -0.0190
vn 0.0403 0.2285 -0.9727
vn -0.6694 0.7348 -0.1095
vn -0.3749 -0.9249 0.0625
vn -0.8309 -0.5489 0.0918
vn -0.9983 -0.0206 0.0542
vn -0.6971 0.7125 0.0793
vn -0.3773 0.9225 0.0821
vn 0.5504 0.8276 0.1102
vn 0.9748 -0.2080 0.0809
vn 0.8531 -0.5164 0.0744
vn 0.1811 -0.9804 0.0770
vn 0.3412 0.9398 -0.0209
vn 0.9193 -0.3935 -0.0004
vn -0.6515 -0.0558 -0.7566
vn 0.2059 0.4236 -0.8821
vn -0.2524 -0.4543 -0.8543
vn 0.7479 -0.6616 0.0540
vn 0.8699 -0.4911 0.0457
vn 0.2065 0.7575 0.6193
vn 0.6027 0.5418 0.5859
vn 0.3604 -0.5834 0.7278
vn -0.7215 -0.0856 0.6871
vn -0.8993 0.1502 0.4107
vn -0.4118 -0.5175 0.7501
vn 0.2897 -0.0673 0.9547
vn 0.0781 -0.0127 0.9969
vn 0.5889 -0.3553 0.7260
vn -0.0978 0.8429 0.5292
vn -0.4172 0.1624 0.8942
vn 0.8683 0.1674 0.4669
vn 0.8128 0.3014 0.4986
vn -0.3898 0.0927 0.9162
vt 0.015195 0.991572
vt 0.031256 0.953762
vt 0.031157 0.991609
vt 0.578011 0.355360
vt 0.571755 0.329049
vt 0.577669 0.327676
vt 0.174225 0.279050
vt 0.185959 0.310263
vt 0.174711 0.310513
vt 0.120533 0.279693
vt 0.133963 0.311161
vt 0.120663 0.311253
vt 0.100187 0.311193
vt 0.110204 0.279633
vt 0.110242 0.311257
vt 0.192296 0.278528
vt 0.194628 0.306770
vt 0.160222 0.279310
vt 0.160701 0.310790
vt 0.146792 0.279501
vt 0.142719 0.306858
vt 0.133693 0.279622
vt 0.515231 0.328791
vt 0.510668 0.358345
vt 0.510832 0.327068
vt 0.575158 0.355260
vt 0.559915 0.328856
vt 0.545448 0.358243
vt 0.530661 0.328691
vt 0.545621 0.328725
vt 0.572727 0.619089
vt 0.569355 0.629580
vt 0.570023 0.618883
vt 0.144009 0.004962
vt 0.156547 0.042698
vt 0.144360 0.042862
vt 0.169263 0.004597
vt 0.184720 0.034496
vt 0.169913 0.042464
vt 0.120724 0.005087
vt 0.132478 0.042948
vt 0.120666 0.042993
vt 0.093422 0.318558
vt 0.097093 0.065185
vt 0.096467 0.318720
vt 0.443981 0.340217
vt 0.440163 0.629759
vt 0.442267 0.340089
vt 0.102387 0.042810
vt 0.111481 0.005051
vt 0.111266 0.042945
vt 0.185651 0.003779
vt 0.188335 0.034070
vt 0.155996 0.004804
vt 0.132321 0.005036
vt 0.514315 0.620148
vt 0.513364 0.629741
vt 0.513385 0.620285
vt 0.557409 0.618685
vt 0.051057 0.071372
vt 0.069001 0.322471
vt 0.054494 0.327397
vt 0.042590 0.696603
vt 0.042042 0.974547
vt 0.045032 0.696674
vt 0.043263 0.974642
vt 0.756994 0.278908
vt 0.739055 0.042965
vt 0.752647 0.025436
vt 0.759326 0.278829
vt 0.759326 0.024620
vt 0.709493 0.043141
vt 0.698476 0.241327
vt 0.701127 0.043130
vt 0.692037 0.195455
vt 0.689655 0.042980
vt 0.692836 0.043110
vt 0.643197 0.410990
vt 0.626024 0.586618
vt 0.624328 0.354526
vt 0.602758 0.338048
vt 0.583149 0.576946
vt 0.585455 0.337910
vt 0.580867 0.576827
vt 0.583463 0.337761
vt 0.646998 0.590321
vt 0.647719 0.410659
vt 0.032162 0.072408
vt 0.038092 0.333262
vt 0.011139 0.333787
vt 0.004962 0.086752
vt 0.015254 0.338496
vt 0.543700 0.629315
vt 0.530409 0.618513
vt 0.543763 0.618548
vt 0.521654 0.629264
vt 0.002640 0.696594
vt 0.007223 0.962814
vt 0.004682 0.963023
vt 0.066600 0.068480
vt 0.082020 0.320365
vt 0.081041 0.066469
vt 0.483238 0.616527
vt 0.463063 0.366151
vt 0.481341 0.366095
vt 0.509059 0.612347
vt 0.502413 0.365794
vt 0.503424 0.365685
vt 0.442031 0.629721
vt 0.754718 0.004361
vt 0.005180 0.696509
vt 0.015007 0.953746
vt 0.018970 0.076134
vt 0.026243 0.336000
vt 0.093413 0.339454
vt 0.096390 0.339889
vt 0.442643 0.327902
vt 0.447027 0.328317
vt 0.100282 0.279501
vt 0.194988 0.278398
vt 0.513049 0.358259
vt 0.559682 0.358409
vt 0.069167 0.339576
vt 0.054665 0.339691
vt 0.041497 0.991560
vt 0.044166 0.992105
vt 0.738882 0.005139
vt 0.745540 0.005181
vt 0.687919 0.346530
vt 0.676076 0.600962
vt 0.675940 0.341127
vt 0.602739 0.584225
vt 0.585652 0.327394
vt 0.583551 0.326860
vt 0.510295 0.844844
vt 0.497160 0.761503
vt 0.509649 0.760850
vt 0.724271 0.261445
vt 0.723372 0.043100
vt 0.506924 0.612414
vt 0.708755 0.242766
vt 0.082100 0.339473
vt 0.481034 0.328243
vt 0.463067 0.328304
vt 0.497308 0.328026
vt 0.502235 0.327779
vt 0.690973 0.601094
vt 0.690144 0.346336
vt 0.530637 0.358214
vt 0.007627 0.991772
vt 0.038255 0.340142
vt 0.026317 0.340450
vt 0.016521 0.340600
vt 0.685148 0.336550
vt 0.675942 0.336576
vt 0.624111 0.327360
vt 0.602750 0.327481
vt 0.723404 0.005248
vt 0.709791 0.005279
vt 0.690594 0.335967
vt 0.655219 0.341110
vt 0.708553 0.309258
vt 0.093752 0.065050
vt 0.097025 0.034678
vt 0.440359 0.631092
vt 0.032004 0.688846
vt 0.031988 0.696595
vt 0.044612 0.688856
vt 0.742037 0.309014
vt 0.741621 0.273493
vt 0.755151 0.309458
vt 0.541377 0.845059
vt 0.541424 0.805470
vt 0.546624 0.844689
vt 0.553358 0.889711
vt 0.550064 0.890548
vt 0.706639 0.310120
vt 0.708563 0.311584
vt 0.643643 0.590465
vt 0.626326 0.631827
vt 0.582825 0.631953
vt 0.580300 0.629626
vt 0.644729 0.630776
vt 0.031382 0.034116
vt 0.045676 0.038095
vt 0.771811 0.464382
vt 0.778929 0.518354
vt 0.775740 0.518791
vt 0.017916 0.034422
vt 0.066234 0.033645
vt 0.080800 0.033547
vt 0.483365 0.632945
vt 0.462949 0.620213
vt 0.508559 0.630868
vt 0.462941 0.633008
vt 0.013932 0.696490
vt 0.003112 0.688534
vt 0.005390 0.689050
vt 0.053785 0.037994
vt 0.008162 0.034695
vt 0.676060 0.641567
vt 0.654644 0.600977
vt 0.686094 0.601161
vt 0.602732 0.632295
vt 0.724499 0.309379
vt 0.502618 0.632236
vt 0.691179 0.641500
vt 0.701262 0.005291
vt 0.692802 0.005359
vt 0.690327 0.004894
vt 0.631725 0.327292
vt 0.011690 0.341414
vt 0.005446 0.992173
vt 0.651715 0.641622
vt 0.654559 0.641516
vt 0.653092 0.340903
vt 0.655373 0.336636
vt 0.651655 0.600797
vt 0.532590 0.775216
vt 0.535115 0.806141
vt 0.320265 0.899309
vt 0.314110 0.926629
vt 0.312454 0.900194
vt 0.702960 0.311632
vt 0.700331 0.280718
vt 0.309714 0.860946
vt 0.315461 0.860039
vt 0.309280 0.814938
vt 0.178504 0.004430
vt 0.169224 0.002110
vt 0.179528 0.001859
vt 0.481003 0.325791
vt 0.497342 0.325582
vt 0.497827 0.759152
vt 0.510295 0.759263
vt 0.653449 0.336072
vt 0.655155 0.334258
vt 0.530400 0.629287
vt 0.543689 0.631768
vt 0.530401 0.631755
vt 0.120734 0.002616
vt 0.132331 0.002570
vt 0.745843 0.002736
vt 0.755267 0.001882
vt 0.446815 0.325914
vt 0.186241 0.002462
vt 0.709774 0.002790
vt 0.102805 0.004872
vt 0.111400 0.002593
vt 0.675929 0.334095
vt 0.015083 0.994030
vt 0.701188 0.002775
vt 0.685489 0.334169
vt 0.691344 0.334177
vt 0.007217 0.994189
vt 0.004648 0.993829
vt 0.143992 0.002503
vt 0.692379 0.003004
vt 0.723398 0.002766
vt 0.631627 0.324833
vt 0.054707 0.342140
vt 0.038297 0.342618
vt 0.602750 0.325023
vt 0.624054 0.324909
vt 0.502883 0.325053
vt 0.756631 0.003684
vt 0.757688 0.002589
vt 0.016264 0.343061
vt 0.010437 0.342373
vt 0.572244 0.630012
vt 0.569534 0.631986
vt 0.521529 0.631699
vt 0.513035 0.631238
vt 0.738896 0.002608
vt 0.026365 0.342957
vt 0.041842 0.993900
vt 0.031169 0.994104
vt 0.585385 0.325029
vt 0.069234 0.342044
vt 0.155953 0.002339
vt 0.093761 0.341835
vt 0.557323 0.629438
vt 0.557314 0.631902
vt 0.082170 0.341946
vt 0.463050 0.325843
vt 0.207484 0.331642
vt 0.194778 0.032050
vt 0.203843 0.031957
vt 0.988685 0.004992
vt 0.980291 0.306362
vt 0.979460 0.004967
vt 0.352309 0.333459
vt 0.365597 0.031816
vt 0.363375 0.333495
vt 0.341189 0.031742
vt 0.353273 0.031758
vt 0.307761 0.641424
vt 0.292338 0.339772
vt 0.308353 0.339758
vt 0.992451 0.303918
vt 0.990944 0.306321
vt 0.256501 0.641798
vt 0.264882 0.339982
vt 0.269036 0.641642
vt 0.781340 0.316189
vt 0.785140 0.617962
vt 0.780414 0.315414
vt 0.787809 0.316029
vt 0.801096 0.617431
vt 0.794350 0.617624
vt 0.281121 0.641510
vt 0.292909 0.641458
vt 0.793668 0.315880
vt 0.816531 0.616945
vt 0.310131 0.339713
vt 0.308671 0.642084
vt 0.278780 0.339827
vt 0.249400 0.340148
vt 0.250728 0.340193
vt 0.985035 0.611691
vt 0.962700 0.310354
vt 0.983813 0.310162
vt 0.367174 0.031696
vt 0.364472 0.333794
vt 0.834342 0.314299
vt 0.847475 0.565260
vt 0.844512 0.615125
vt 0.868767 0.620530
vt 0.851227 0.319381
vt 0.868806 0.319318
vt 0.291460 0.334147
vt 0.282242 0.032513
vt 0.283695 0.032543
vt 0.314479 0.333686
vt 0.324691 0.032071
vt 0.327631 0.333568
vt 0.272622 0.332077
vt 0.272065 0.032124
vt 0.278517 0.031226
vt 0.341767 0.333459
vt 0.826826 0.314722
vt 0.837181 0.616186
vt 0.296704 0.032233
vt 0.309891 0.031983
vt 0.302987 0.333898
vt 0.225985 0.331517
vt 0.236476 0.032030
vt 0.236373 0.331510
vt 0.965307 0.004974
vt 0.963991 0.306380
vt 0.258827 0.331659
vt 0.249108 0.031859
vt 0.262617 0.031970
vt 0.900979 0.620764
vt 0.909508 0.319658
vt 0.904301 0.621706
vt 0.213229 0.031878
vt 0.215683 0.331570
vt 0.736152 0.615855
vt 0.716741 0.313908
vt 0.735075 0.313761
vt 0.996449 0.611641
vt 0.996460 0.310136
vt 0.702938 0.616146
vt 0.720236 0.615976
vt 0.890719 0.319441
vt 0.887678 0.620645
vt 0.788100 0.617760
vt 0.694912 0.316114
vt 0.697247 0.314154
vt 0.966667 0.611844
vt 0.960769 0.310287
vt 0.853083 0.620535
vt 0.849388 0.319318
vt 0.997615 0.310077
vt 0.997201 0.612463
vt 0.908524 0.319318
vt 0.754799 0.615849
vt 0.758183 0.313734
vt 0.756519 0.616451
vt 0.755936 0.313797
vt 0.247031 0.331559
vt 0.958918 0.004986
vt 0.954644 0.304212
vt 0.957132 0.004019
vt 0.956589 0.306312
vt 0.225024 0.031815
vt 0.807306 0.315455
vt 0.828119 0.616528
vt 0.267080 0.331781
vt 0.819303 0.315021
vt 0.762000 0.536958
vt 0.777555 0.531094
vt 0.776306 0.539229
vt 0.712178 0.756405
vt 0.724835 0.770674
vt 0.710563 0.770684
vt 0.716437 0.807826
vt 0.728193 0.795732
vt 0.730697 0.806338
vt 0.478763 0.809029
vt 0.491702 0.815012
vt 0.482519 0.816485
vt 0.321343 0.859882
vt 0.335976 0.851149
vt 0.335453 0.860455
vt 0.492061 0.799160
vt 0.493568 0.813470
vt 0.324590 0.848289
vt 0.321922 0.849558
vt 0.477949 0.773777
vt 0.491423 0.787333
vt 0.477140 0.787247
vt 0.479728 0.761919
vt 0.492134 0.775209
vt 0.312859 0.805571
vt 0.327913 0.809951
vt 0.313622 0.812089
vt 0.477817 0.800393
vt 0.319928 0.818613
vt 0.329646 0.816306
vt 0.313896 0.768551
vt 0.327083 0.778224
vt 0.312670 0.776892
vt 0.662021 0.761895
vt 0.675600 0.752146
vt 0.676305 0.762302
vt 0.315629 0.760295
vt 0.328182 0.770705
vt 0.318225 0.759233
vt 0.329731 0.763261
vt 0.459694 0.798280
vt 0.473148 0.778019
vt 0.473779 0.797073
vt 0.712524 0.786823
vt 0.726666 0.785252
vt 0.728502 0.808961
vt 0.720682 0.811097
vt 0.326285 0.790326
vt 0.327243 0.804073
vt 0.714233 0.798449
vt 0.714165 0.743747
vt 0.726370 0.757841
vt 0.761102 0.571792
vt 0.774747 0.559915
vt 0.775283 0.570592
vt 0.717324 0.732921
vt 0.728164 0.746437
vt 0.765102 0.594499
vt 0.776538 0.582358
vt 0.778428 0.591146
vt 0.410843 0.812575
vt 0.422985 0.795755
vt 0.425294 0.814029
vt 0.760980 0.548387
vt 0.775164 0.549501
vt 0.767314 0.520066
vt 0.763929 0.528006
vt 0.674570 0.763973
vt 0.666190 0.765533
vt 0.409364 0.778773
vt 0.408863 0.796566
vt 0.460323 0.805788
vt 0.474961 0.809849
vt 0.322120 0.819637
vt 0.329731 0.817447
vt 0.661936 0.732235
vt 0.674163 0.732401
vt 0.676305 0.733738
vt 0.423238 0.815482
vt 0.413914 0.817045
vt 0.492078 0.761235
vt 0.493568 0.762831
vt 0.661123 0.752717
vt 0.461488 0.760251
vt 0.459017 0.777129
vt 0.473667 0.761251
vt 0.474961 0.762335
vt 0.729391 0.734070
vt 0.730697 0.735269
vt 0.411267 0.762932
vt 0.423455 0.779724
vt 0.468775 0.814954
vt 0.474391 0.813713
vt 0.422844 0.760638
vt 0.425294 0.762643
vt 0.769194 0.599506
vt 0.778859 0.596208
vt 0.335247 0.874715
vt 0.321123 0.875703
vt 0.762494 0.584850
vt 0.325540 0.884250
vt 0.335976 0.881144
vt 0.335347 0.882858
vt 0.760510 0.559943
vt 0.311786 0.790320
vt 0.323603 0.882825
vt 0.781366 0.314354
vt 0.780303 0.314066
vt 0.256331 0.643047
vt 0.255479 0.642491
vt 0.291399 0.335056
vt 0.290480 0.334419
vt 0.702583 0.617302
vt 0.700730 0.616102
vt 0.819225 0.313208
vt 0.807251 0.313635
vt 0.979483 0.003150
vt 0.989057 0.003289
vt 0.990379 0.003951
vt 0.793610 0.314069
vt 0.787828 0.314194
vt 0.826723 0.312897
vt 0.834323 0.312558
vt 0.835181 0.313515
vt 0.247018 0.333841
vt 0.258804 0.333946
vt 0.267761 0.334061
vt 0.225991 0.333803
vt 0.207509 0.333935
vt 0.199589 0.333754
vt 0.900573 0.622492
vt 0.852707 0.622184
vt 0.868729 0.622294
vt 0.851590 0.621581
vt 0.904534 0.622995
vt 0.272830 0.333782
vt 0.236369 0.333794
vt 0.215690 0.333855
vt 0.307513 0.642696
vt 0.310131 0.643741
vt 0.269035 0.642969
vt 0.292921 0.642751
vt 0.341788 0.334406
vt 0.363463 0.334405
vt 0.367651 0.334602
vt 0.352313 0.334431
vt 0.303004 0.334841
vt 0.314467 0.334623
vt 0.720238 0.617382
vt 0.736173 0.617277
vt 0.754985 0.617145
vt 0.758183 0.618029
vt 0.965271 0.003155
vt 0.958743 0.003205
vt 0.956878 0.002654
vt 0.327240 0.335823
vt 0.281129 0.642813
vt 0.995343 0.612909
vt 0.887694 0.622379
vt 0.997615 0.614277
vt 0.964925 0.612622
vt 0.966457 0.613006
vt 0.963745 0.613831
vt 0.537191 0.006677
vt 0.532860 0.028544
vt 0.534604 0.002115
vt 0.847475 0.612048
vt 0.392965 0.636963
vt 0.411609 0.645406
vt 0.392574 0.645634
vt 0.440176 0.638804
vt 0.457474 0.648542
vt 0.439034 0.647401
vt 0.411828 0.897378
vt 0.410737 0.905024
vt 0.410108 0.896512
vt 0.370150 0.635893
vt 0.371423 0.643678
vt 0.369624 0.642934
vt 0.389038 0.897134
vt 0.388827 0.905672
vt 0.479809 0.640237
vt 0.497224 0.647259
vt 0.480230 0.648767
vt 0.893714 0.643035
vt 0.893764 0.649122
vt 0.892635 0.642266
vt 0.499029 0.639325
vt 0.497301 0.638685
vt 0.411270 0.636744
vt 0.430701 0.644160
vt 0.437794 0.646386
vt 0.439146 0.638685
vt 0.579520 0.632325
vt 0.582256 0.634153
vt 0.430694 0.635478
vt 0.434422 0.643749
vt 0.427003 0.901222
vt 0.443578 0.908098
vt 0.426661 0.908451
vt 0.602613 0.634785
vt 0.419657 0.900420
vt 0.417070 0.908007
vt 0.417018 0.899304
vt 0.626359 0.634669
vt 0.419023 0.907617
vt 0.645121 0.634158
vt 0.833537 0.642704
vt 0.834098 0.649122
vt 0.831938 0.648859
vt 0.835256 0.642266
vt 0.850661 0.650603
vt 0.453889 0.900297
vt 0.443270 0.900882
vt 0.864707 0.644314
vt 0.879137 0.650562
vt 0.864722 0.651252
vt 0.878568 0.643651
vt 0.456536 0.899304
vt 0.454619 0.907489
vt 0.851184 0.643689
vt 0.376428 0.896512
vt 0.375712 0.905060
vt 0.457921 0.640026
vt 0.647280 0.632129
vt 0.647719 0.633909
vt 0.372224 0.635045
vt 0.375455 0.897129
vt 0.374737 0.905669
vt 0.686941 0.643966
vt 0.691344 0.643790
vt 0.676277 0.644093
vt 0.685957 0.641531
vt 0.653980 0.643827
vt 0.514891 0.325057
vt 0.510087 0.325897
vt 0.545662 0.324873
vt 0.530614 0.324817
vt 0.560176 0.325018
vt 0.572130 0.325267
vt 0.740647 0.803122
vt 0.732666 0.798369
vt 0.741748 0.801391
vt 0.740042 0.786791
vt 0.731341 0.786664
vt 0.739225 0.772384
vt 0.730088 0.772381
vt 0.731120 0.757578
vt 0.739994 0.758328
vt 0.732985 0.742330
vt 0.741748 0.741792
vt 0.735897 0.738869
vt 0.741070 0.739724
vt 0.110439 0.797152
vt 0.102824 0.795720
vt 0.111853 0.795185
vt 0.102050 0.774041
vt 0.110942 0.773284
vt 0.103010 0.763574
vt 0.111853 0.760186
vt 0.110935 0.759495
vt 0.103368 0.759207
vt 0.380314 0.821524
vt 0.373030 0.818735
vt 0.380400 0.819923
vt 0.378447 0.839903
vt 0.371970 0.820994
vt 0.369580 0.862802
vt 0.369516 0.839352
vt 0.380400 0.879573
vt 0.378169 0.862659
vt 0.379689 0.883085
vt 0.371953 0.882526
vt 0.505724 0.635047
vt 0.509059 0.634030
vt 0.483434 0.635820
vt 0.462912 0.635878
vt 0.443395 0.632764
vt 0.439902 0.633690
vt 0.442843 0.635477
vt 0.004890 0.686428
vt 0.002494 0.685720
vt 0.013826 0.686029
vt 0.013898 0.688889
vt 0.032035 0.685968
vt 0.042464 0.688983
vt 0.043004 0.686333
vt 0.553557 0.797519
vt 0.545747 0.799113
vt 0.544510 0.797669
vt 0.552858 0.786483
vt 0.543764 0.786941
vt 0.552499 0.769567
vt 0.543383 0.769018
vt 0.544612 0.760477
vt 0.553557 0.761956
vt 0.546362 0.759209
vt 0.553128 0.760012
vt 0.720672 0.880992
vt 0.713542 0.878936
vt 0.722312 0.877627
vt 0.720232 0.858608
vt 0.711197 0.859249
vt 0.719670 0.839580
vt 0.710601 0.839085
vt 0.714102 0.817492
vt 0.722312 0.818504
vt 0.716277 0.815045
vt 0.722098 0.816569
vt 0.525632 0.639162
vt 0.541050 0.647986
vt 0.524803 0.647026
vt 0.518793 0.638411
vt 0.511254 0.644572
vt 0.512563 0.637019
vt 0.541261 0.640146
vt 0.553140 0.647775
vt 0.552901 0.640041
vt 0.562422 0.646888
vt 0.517688 0.646275
vt 0.260404 0.828818
vt 0.262145 0.835952
vt 0.251716 0.831667
vt 0.251078 0.844633
vt 0.261800 0.842960
vt 0.262026 0.859010
vt 0.251027 0.862179
vt 0.263427 0.870982
vt 0.253587 0.877927
vt 0.263195 0.881350
vt 0.569124 0.638302
vt 0.570761 0.640403
vt 0.563382 0.648638
vt 0.571945 0.642089
vt 0.573130 0.637019
vt 0.782776 0.623060
vt 0.263427 0.829570
vt 0.611569 0.027394
vt 0.614356 0.018750
vt 0.615931 0.018666
vt 0.641711 0.332479
vt 0.648102 0.332292
vt 0.636470 0.334461
vt 0.080716 0.020105
vt 0.093622 0.033479
vt 0.092889 0.018114
vt 0.007833 0.021020
vt 0.017625 0.020824
vt 0.324635 0.013681
vt 0.328660 0.016748
vt 0.324556 0.015659
vt 0.363192 0.013839
vt 0.367651 0.013123
vt 0.031124 0.020561
vt 0.341063 0.013654
vt 0.353939 0.013729
vt 0.777033 0.449973
vt 0.778929 0.463478
vt 0.097012 0.019084
vt 0.296573 0.014118
vt 0.309805 0.013867
vt 0.762251 0.452088
vt 0.770473 0.451255
vt 0.287207 0.014394
vt 0.514919 0.889249
vt 0.516383 0.870314
vt 0.516383 0.889090
vt 0.501053 0.885670
vt 0.510655 0.870714
vt 0.056714 0.034980
vt 0.057752 0.030906
vt 0.049772 0.020267
vt 0.030926 0.009220
vt 0.050392 0.008896
vt 0.352197 0.001859
vt 0.084348 0.009677
vt 0.301461 0.002613
vt 0.309380 0.002446
vt 0.088228 0.007567
vt 0.295459 0.002834
vt 0.066139 0.020137
vt 0.077711 0.008844
vt 0.324388 0.002233
vt 0.769657 0.440563
vt 0.776102 0.438411
vt 0.359427 0.002462
vt 0.512167 0.857175
vt 0.516247 0.855715
vt 0.066095 0.008786
vt 0.764719 0.441304
vt 0.340914 0.002092
vt 0.010998 0.009510
vt 0.017436 0.009480
vt 0.505716 0.856704
vt 0.364701 0.002137
vt 0.767177 0.434752
vt 0.771296 0.434934
vt 0.438507 0.888932
vt 0.422573 0.893383
vt 0.422014 0.888719
vt 0.014281 0.005441
vt 0.020718 0.005403
vt 0.507993 0.849541
vt 0.513077 0.849308
vt 0.403579 0.887263
vt 0.403041 0.893816
vt 0.398520 0.888573
vt 0.033107 0.005228
vt 0.050041 0.005115
vt 0.411807 0.892580
vt 0.410771 0.887975
vt 0.078867 0.004904
vt 0.453483 0.888255
vt 0.458406 0.893023
vt 0.451860 0.893464
vt 0.082680 0.002363
vt 0.461387 0.887567
vt 0.461979 0.892842
vt 0.073013 0.004964
vt 0.438142 0.893990
vt 0.775691 0.433240
vt 0.406065 0.892682
vt 0.515782 0.847687
vt 0.064256 0.005013
vt 0.453751 0.819330
vt 0.455925 0.815680
vt 0.455979 0.819342
vt 0.452610 0.810320
vt 0.453114 0.815959
vt 0.451400 0.795759
vt 0.455360 0.809083
vt 0.455167 0.779759
vt 0.454501 0.795353
vt 0.452371 0.778933
vt 0.455979 0.768948
vt 0.453560 0.768288
vt 0.455645 0.763138
vt 0.444454 0.767895
vt 0.446717 0.778949
vt 0.442629 0.779967
vt 0.446190 0.761822
vt 0.448435 0.767486
vt 0.445877 0.796296
vt 0.441981 0.796745
vt 0.446907 0.810674
vt 0.442785 0.810799
vt 0.447977 0.817333
vt 0.444263 0.819274
vt 0.449074 0.822046
vt 0.446342 0.824555
vt 0.453362 0.763029
vt 0.450171 0.759270
vt 0.449111 0.761976
vt 0.454057 0.760217
vt 0.450754 0.825094
vt 0.454844 0.822240
vt 0.615931 0.034010
vt 0.213159 0.016504
vt 0.224971 0.016437
vt 0.120724 0.324286
vt 0.110273 0.324359
vt 0.285128 0.900009
vt 0.298796 0.887982
vt 0.299324 0.905835
vt 0.203826 0.016595
vt 0.272046 0.016742
vt 0.278632 0.016215
vt 0.147371 0.324071
vt 0.142901 0.320961
vt 0.146995 0.322000
vt 0.262695 0.016561
vt 0.160985 0.323787
vt 0.194988 0.321480
vt 0.186067 0.323200
vt 0.648102 0.347318
vt 0.638690 0.348870
vt 0.174973 0.323408
vt 0.249118 0.016470
vt 0.243567 0.019804
vt 0.240581 0.016800
vt 0.100151 0.326851
vt 0.115672 0.336195
vt 0.187753 0.334700
vt 0.180855 0.334897
vt 0.200678 0.004161
vt 0.207936 0.001984
vt 0.171472 0.335344
vt 0.271449 0.002521
vt 0.159402 0.335792
vt 0.147628 0.336053
vt 0.258905 0.001911
vt 0.134067 0.324218
vt 0.124560 0.336215
vt 0.106840 0.335277
vt 0.216375 0.001900
vt 0.236577 0.001864
vt 0.247316 0.001882
vt 0.136140 0.336196
vt 0.286452 0.884544
vt 0.299324 0.876425
vt 0.267342 0.001856
vt 0.647788 0.362792
vt 0.641448 0.363449
vt 0.226542 0.001856
vt 0.176724 0.339180
vt 0.167557 0.339855
vt 0.580719 0.638679
vt 0.582409 0.644395
vt 0.576556 0.638827
vt 0.157309 0.340027
vt 0.147468 0.340212
vt 0.600698 0.640100
vt 0.592785 0.646011
vt 0.589153 0.639100
vt 0.127697 0.340441
vt 0.611417 0.640738
vt 0.620759 0.647718
vt 0.611309 0.647341
vt 0.112235 0.341117
vt 0.631611 0.640761
vt 0.638218 0.646927
vt 0.629845 0.647576
vt 0.601360 0.646631
vt 0.137873 0.340351
vt 0.288997 0.874202
vt 0.294999 0.866818
vt 0.587267 0.645425
vt 0.644393 0.370610
vt 0.621448 0.641060
vt 0.119261 0.340551
vt 0.182764 0.341000
vt 0.640017 0.640004
vt 0.641662 0.647462
vt 0.469829 0.837872
vt 0.468134 0.827936
vt 0.470850 0.828324
vt 0.477667 0.829256
vt 0.474412 0.837393
vt 0.475363 0.828409
vt 0.477269 0.837867
vt 0.473879 0.847280
vt 0.476829 0.847851
vt 0.474049 0.856746
vt 0.476789 0.857324
vt 0.474792 0.866086
vt 0.477385 0.866403
vt 0.476342 0.874230
vt 0.477998 0.823676
vt 0.476477 0.822214
vt 0.478481 0.818679
vt 0.470246 0.866753
vt 0.469235 0.874842
vt 0.467242 0.866907
vt 0.469470 0.857072
vt 0.466298 0.856962
vt 0.469301 0.847634
vt 0.465914 0.847536
vt 0.466537 0.837874
vt 0.472284 0.820536
vt 0.470445 0.819428
vt 0.471815 0.874751
vt 0.475954 0.816940
vt 0.474263 0.879496
vt 0.477360 0.878132
vt 0.478481 0.874764
vt 0.332891 0.797113
vt 0.350796 0.792893
vt 0.350822 0.797113
vt 0.290034 0.771795
vt 0.308194 0.776015
vt 0.289884 0.776015
vt 0.150831 0.306746
vt 0.041511 0.031099
vt 0.042662 0.035156
vt 0.333367 0.805553
vt 0.350878 0.801333
vt 0.351030 0.805553
vt 0.290571 0.763355
vt 0.308275 0.767575
vt 0.290270 0.767575
vt 0.320602 0.031007
vt 0.350750 0.788674
vt 0.332950 0.784454
vt 0.350854 0.784454
vt 0.308123 0.780235
vt 0.289754 0.784454
vt 0.289784 0.780235
vt 0.332791 0.792893
vt 0.350765 0.780234
vt 0.332832 0.776014
vt 0.350845 0.776014
vt 0.308065 0.788674
vt 0.289682 0.792894
vt 0.289697 0.788674
vt 0.332944 0.771794
vt 0.350883 0.771794
vt 0.308136 0.792894
vt 0.289748 0.797114
vt 0.232400 0.030937
vt 0.333144 0.767575
vt 0.350926 0.767575
vt 0.308171 0.797114
vt 0.290065 0.801334
vt 0.333614 0.809773
vt 0.351207 0.809773
vt 0.290788 0.759135
vt 0.308403 0.763355
vt 0.154996 0.313724
vt 0.153843 0.309681
vt 0.351045 0.763355
vt 0.333614 0.759135
vt 0.351207 0.759135
vt 0.308331 0.805553
vt 0.290788 0.809773
vt 0.290479 0.805553
vt 0.056620 0.026853
vt 0.232407 0.016791
vt 0.333101 0.801333
vt 0.308228 0.771795
vt 0.333377 0.763355
vt 0.308214 0.801334
vt 0.053596 0.023934
vt 0.049551 0.022887
vt 0.045590 0.024136
vt 0.042524 0.027000
vt 0.049748 0.039129
vt 0.320474 0.016812
vt 0.328765 0.030942
vt 0.331735 0.027929
vt 0.317587 0.028039
vt 0.331683 0.019741
vt 0.317507 0.019851
vt 0.316452 0.023957
vt 0.332808 0.023832
vt 0.229416 0.019785
vt 0.240555 0.030950
vt 0.243549 0.027974
vt 0.229415 0.027952
vt 0.228322 0.023870
vt 0.244652 0.023893
vt 0.236494 0.015685
vt 0.151054 0.320839
vt 0.139787 0.309876
vt 0.138746 0.313955
vt 0.153984 0.317808
vt 0.139881 0.318015
vt 0.755043 0.311097
vt 0.742063 0.311282
vt 0.724510 0.311500
vt 0.758935 0.310046
vt 0.253325 0.827968
vt 0.704754 0.916977
vt 0.703396 0.734565
vt 0.704754 0.732916
vt 0.604061 0.732435
vt 0.605254 0.959605
vt 0.604061 0.959115
vt 0.615220 0.937330
vt 0.613520 0.755141
vt 0.615220 0.754231
vt 0.173948 0.914471
vt 0.160303 0.805251
vt 0.173951 0.785230
vt 0.242930 0.762815
vt 0.244931 0.939148
vt 0.242930 0.936877
vt 0.195149 0.760552
vt 0.193422 0.937214
vt 0.193426 0.762488
vt 0.160302 0.894450
vt 0.151431 0.849850
vt 0.661039 0.824945
vt 0.669911 0.780343
vt 0.669909 0.869547
vt 0.101908 0.852807
vt 0.110780 0.808206
vt 0.110780 0.897407
vt 0.210094 0.805246
vt 0.210094 0.894448
vt 0.201222 0.849847
vt 0.791345 0.937637
vt 0.790096 0.709020
vt 0.791346 0.709020
vt 0.050420 0.780183
vt 0.051615 0.967548
vt 0.050424 0.967059
vt 0.853030 0.898422
vt 0.851216 0.716164
vt 0.853031 0.715187
vt 0.683538 0.889603
vt 0.683539 0.760288
vt 0.124407 0.788151
vt 0.655192 0.731993
vt 0.657449 0.959936
vt 0.655191 0.959568
vt 0.797209 0.709175
vt 0.799487 0.937639
vt 0.797210 0.937487
vt 0.842916 0.709022
vt 0.845063 0.937499
vt 0.842915 0.937639
vt 0.607382 0.959943
vt 0.605254 0.731945
vt 0.607382 0.731607
vt 0.793492 0.937497
vt 0.098328 0.987790
vt 0.096199 0.759786
vt 0.098328 0.759448
vt 0.892888 0.693017
vt 0.895145 0.920962
vt 0.892887 0.920594
vt 0.745638 0.709172
vt 0.747917 0.937636
vt 0.745640 0.937484
vt 0.195149 0.939153
vt 0.197528 0.759806
vt 0.197528 0.939899
vt 0.848782 0.716757
vt 0.851214 0.897445
vt 0.848780 0.896853
vt 0.048222 0.966457
vt 0.048218 0.780784
vt 0.706886 0.732113
vt 0.559476 0.752340
vt 0.557273 0.938607
vt 0.557274 0.752942
vt 0.147738 0.945640
vt 0.145606 0.760778
vt 0.147738 0.759974
vt 0.244931 0.760545
vt 0.247310 0.939894
vt 0.611085 0.935827
vt 0.613519 0.936420
vt 0.143901 0.762900
vt 0.145606 0.944836
vt 0.143901 0.942714
vt 0.703394 0.915325
vt 0.223742 0.914469
vt 0.223742 0.785224
vt 0.841666 0.709022
vt 0.800737 0.937639
vt 0.799487 0.709022
vt 0.800738 0.709022
vt 0.749167 0.937636
vt 0.790095 0.937637
vt 0.841665 0.937639
vt 0.747917 0.709019
vt 0.749168 0.709019
vt 0.560669 0.939700
vt 0.559475 0.939209
vt 0.095006 0.760276
vt 0.051613 0.779693
vt 0.560669 0.751850
vt 0.096198 0.987452
vt 0.095009 0.986963
vt 0.124408 0.917462
vt 0.891545 0.693718
vt 0.653757 0.732748
vt 0.891543 0.919893
vt 0.117528 0.760766
vt 0.121150 0.761990
vt 0.119590 0.762898
vt 0.158277 0.781896
vt 0.162422 0.782786
vt 0.159566 0.785716
vt 0.164122 0.783547
vt 0.163418 0.786905
vt 0.166947 0.786288
vt 0.165955 0.783326
vt 0.169636 0.784292
vt 0.167452 0.782286
vt 0.171098 0.781412
vt 0.168435 0.778905
vt 0.171098 0.778229
vt 0.169580 0.775441
vt 0.167906 0.777158
vt 0.166754 0.773995
vt 0.164351 0.776836
vt 0.163572 0.774077
vt 0.162791 0.777744
vt 0.160730 0.775612
vt 0.480465 0.889437
vt 0.483154 0.891746
vt 0.480583 0.891097
vt 0.158804 0.778351
vt 0.115602 0.763506
vt 0.118590 0.764421
vt 0.059612 0.769447
vt 0.055932 0.768480
vt 0.057428 0.767441
vt 0.222919 0.759188
vt 0.221679 0.762985
vt 0.219347 0.760106
vt 0.220734 0.764482
vt 0.217708 0.763409
vt 0.220666 0.766242
vt 0.217708 0.766774
vt 0.219128 0.769680
vt 0.221418 0.767825
vt 0.221675 0.771673
vt 0.222810 0.768889
vt 0.224968 0.772371
vt 0.226207 0.768574
vt 0.228540 0.771453
vt 0.230179 0.768150
vt 0.227221 0.765317
vt 0.230179 0.764784
vt 0.228758 0.761879
vt 0.533844 0.877974
vt 0.535806 0.881555
vt 0.534252 0.881267
vt 0.226468 0.763734
vt 0.226211 0.759886
vt 0.058296 0.765858
vt 0.684299 0.735056
vt 0.685079 0.731389
vt 0.685859 0.734148
vt 0.611051 0.739203
vt 0.615195 0.740093
vt 0.612339 0.743023
vt 0.616191 0.744213
vt 0.616895 0.740855
vt 0.619721 0.743595
vt 0.620225 0.739594
vt 0.622409 0.741600
vt 0.623871 0.738719
vt 0.621209 0.736212
vt 0.623871 0.735536
vt 0.622353 0.732748
vt 0.618920 0.733981
vt 0.619527 0.731302
vt 0.617124 0.734143
vt 0.616345 0.731384
vt 0.615565 0.735051
vt 0.613503 0.732920
vt 0.177607 0.765389
vt 0.180385 0.767865
vt 0.177722 0.767188
vt 0.611577 0.735659
vt 0.683298 0.736579
vt 0.682238 0.732925
vt 0.162264 0.771462
vt 0.158264 0.769190
vt 0.159942 0.768588
vt 0.565797 0.743824
vt 0.566034 0.739982
vt 0.568328 0.741835
vt 0.569740 0.738942
vt 0.566781 0.738409
vt 0.569740 0.735578
vt 0.566712 0.736649
vt 0.568093 0.732260
vt 0.564093 0.734532
vt 0.564504 0.731347
vt 0.562357 0.734835
vt 0.561215 0.732054
vt 0.558682 0.734043
vt 0.560230 0.737469
vt 0.557271 0.736936
vt 0.557271 0.740300
vt 0.560298 0.739229
vt 0.558918 0.743618
vt 0.687654 0.733986
vt 0.562918 0.741346
vt 0.562507 0.744531
vt 0.163912 0.768145
vt 0.160884 0.767074
vt 0.771648 0.610821
vt 0.767679 0.610379
vt 0.770707 0.609307
vt 0.728630 0.881468
vt 0.724955 0.880676
vt 0.727487 0.878687
vt 0.726502 0.884102
vt 0.723543 0.883569
vt 0.726571 0.885863
vt 0.723543 0.886934
vt 0.727512 0.887377
vt 0.725190 0.890251
vt 0.729190 0.887979
vt 0.728779 0.891164
vt 0.732069 0.890457
vt 0.732306 0.886615
vt 0.734601 0.888468
vt 0.733053 0.885043
vt 0.736013 0.885575
vt 0.736013 0.882211
vt 0.732985 0.883282
vt 0.734365 0.878894
vt 0.328394 0.887296
vt 0.330790 0.889761
vt 0.329130 0.889910
vt 0.730365 0.881166
vt 0.730776 0.877980
vt 0.772915 0.614608
vt 0.773325 0.611423
vt 0.178923 0.761801
vt 0.176739 0.763807
vt 0.206322 0.759184
vt 0.205326 0.763304
vt 0.202470 0.760373
vt 0.201181 0.764194
vt 0.204695 0.766822
vt 0.201708 0.767738
vt 0.205695 0.768346
vt 0.203634 0.770477
vt 0.207255 0.769254
vt 0.206476 0.772013
vt 0.209658 0.772094
vt 0.210810 0.768931
vt 0.212484 0.770648
vt 0.211340 0.767184
vt 0.214002 0.767861
vt 0.214002 0.764678
vt 0.211224 0.765386
vt 0.212540 0.761797
vt 0.770637 0.607547
vt 0.208860 0.762764
vt 0.209851 0.759801
vt 0.175242 0.762767
vt 0.712124 0.889938
vt 0.715854 0.892147
vt 0.714334 0.892686
vt 0.732983 0.899396
vt 0.731493 0.902637
vt 0.730160 0.899898
vt 0.733685 0.900873
vt 0.733883 0.904524
vt 0.736576 0.902164
vt 0.736966 0.905199
vt 0.738096 0.901626
vt 0.740308 0.904373
vt 0.741830 0.901285
vt 0.738947 0.900257
vt 0.741830 0.898129
vt 0.739006 0.898633
vt 0.740498 0.895389
vt 0.738304 0.897155
vt 0.738107 0.893502
vt 0.735411 0.895863
vt 0.735024 0.892828
vt 0.731681 0.893655
vt 0.056923 0.771443
vt 0.054097 0.768702
vt 0.733891 0.896402
vt 0.730160 0.896743
vt 0.710603 0.893026
vt 0.713484 0.894056
vt 0.530394 0.878763
vt 0.532784 0.881791
vt 0.666123 0.881550
vt 0.662523 0.880655
vt 0.664951 0.878708
vt 0.664203 0.883963
vt 0.661170 0.883458
vt 0.664262 0.885530
vt 0.661164 0.886689
vt 0.665088 0.886849
vt 0.662698 0.889878
vt 0.666556 0.887374
vt 0.666148 0.890666
vt 0.669303 0.889939
vt 0.669367 0.886101
vt 0.671739 0.887989
vt 0.673093 0.885177
vt 0.670044 0.884656
vt 0.673093 0.881940
vt 0.669976 0.883077
vt 0.671550 0.878755
vt 0.669135 0.881764
vt 0.668098 0.877976
vt 0.528860 0.881951
vt 0.531958 0.883110
vt 0.327713 0.890734
vt 0.315327 0.831463
vt 0.319277 0.832277
vt 0.316527 0.835096
vt 0.320190 0.836204
vt 0.322560 0.832791
vt 0.323497 0.835611
vt 0.323918 0.831849
vt 0.325986 0.833753
vt 0.327338 0.831082
vt 0.324706 0.830412
vt 0.327338 0.828107
vt 0.324322 0.827103
vt 0.325907 0.825478
vt 0.322664 0.826653
vt 0.323243 0.824114
vt 0.321005 0.826802
vt 0.320269 0.824188
vt 0.319588 0.827626
vt 0.317633 0.825607
vt 0.275047 0.887258
vt 0.277034 0.890583
vt 0.275434 0.890294
vt 0.315838 0.828141
vt 0.323963 0.891249
vt 0.326805 0.892115
vt 0.271705 0.888085
vt 0.273914 0.890833
vt 0.677893 0.902435
vt 0.678336 0.898629
vt 0.680421 0.900544
vt 0.679150 0.897150
vt 0.681792 0.897830
vt 0.679273 0.895483
vt 0.681792 0.894852
vt 0.678829 0.893862
vt 0.680382 0.892261
vt 0.677751 0.890927
vt 0.675532 0.893636
vt 0.674775 0.891013
vt 0.674077 0.894492
vt 0.672101 0.892463
vt 0.673140 0.895916
vt 0.670284 0.895044
vt 0.669780 0.898372
vt 0.672971 0.897615
vt 0.670966 0.901954
vt 0.454170 0.880870
vt 0.457253 0.878288
vt 0.457426 0.879911
vt 0.673687 0.899155
vt 0.674581 0.903035
vt 0.270183 0.891173
vt 0.273065 0.892202
vt 0.458319 0.881254
vt 0.208944 0.785757
vt 0.212276 0.787131
vt 0.209552 0.788531
vt 0.210614 0.785432
vt 0.213737 0.784440
vt 0.210977 0.783769
vt 0.213737 0.781365
vt 0.210026 0.780743
vt 0.212336 0.778570
vt 0.209735 0.776586
vt 0.208703 0.779819
vt 0.206246 0.775889
vt 0.207085 0.779610
vt 0.202307 0.776936
vt 0.205573 0.780276
vt 0.201172 0.780851
vt 0.205046 0.783395
vt 0.201790 0.784355
vt 0.205940 0.784738
vt 0.203715 0.786999
vt 0.120371 0.759231
vt 0.122945 0.761828
vt 0.207323 0.785558
vt 0.206479 0.788462
vt 0.459703 0.882074
vt 0.456095 0.883515
vt 0.479672 0.887996
vt 0.483154 0.888746
vt 0.257244 0.892002
vt 0.255153 0.896469
vt 0.253961 0.892788
vt 0.259569 0.894271
vt 0.258862 0.897571
vt 0.261255 0.894066
vt 0.262210 0.896961
vt 0.264730 0.895074
vt 0.263409 0.891679
vt 0.266097 0.892369
vt 0.266097 0.889369
vt 0.263527 0.890018
vt 0.264661 0.886728
vt 0.263057 0.888371
vt 0.261986 0.885356
vt 0.259743 0.888100
vt 0.258987 0.885429
vt 0.258321 0.888928
vt 0.256316 0.886861
vt 0.715467 0.889111
vt 0.717454 0.892436
vt 0.254490 0.889427
vt 0.478311 0.887050
vt 0.481787 0.886042
vt 0.564654 0.741043
vt 0.163912 0.764780
vt 0.160953 0.765313
vt 0.162499 0.761887
vt 0.160205 0.763740
vt 0.158825 0.762680
vt 0.157089 0.762377
vt 0.159968 0.759899
vt 0.155411 0.762979
vt 0.156679 0.759192
vt 0.154470 0.764493
vt 0.153089 0.760105
vt 0.154401 0.766254
vt 0.151442 0.763422
vt 0.155148 0.767826
vt 0.151442 0.766786
vt 0.155386 0.771668
vt 0.156529 0.768887
vt 0.617417 0.735254
vt 0.618589 0.735146
vt 0.617882 0.737335
vt 0.614390 0.738413
vt 0.679785 0.739208
vt 0.683124 0.738419
vt 0.681073 0.743029
vt 0.683929 0.740098
vt 0.684926 0.744219
vt 0.685629 0.740860
vt 0.687463 0.740638
vt 0.688960 0.739599
vt 0.688455 0.743601
vt 0.689828 0.738017
vt 0.691143 0.741605
vt 0.689943 0.736218
vt 0.692606 0.738725
vt 0.691087 0.732754
vt 0.689414 0.734471
vt 0.619975 0.737748
vt 0.619386 0.738798
vt 0.207026 0.762542
vt 0.172704 0.759188
vt 0.173408 0.762546
vt 0.168852 0.760377
vt 0.171708 0.763308
vt 0.167564 0.764198
vt 0.170903 0.764988
vt 0.171077 0.766827
vt 0.170016 0.770481
vt 0.172078 0.768349
vt 0.173638 0.769258
vt 0.175433 0.769420
vt 0.172858 0.772017
vt 0.178866 0.770653
vt 0.177193 0.768935
vt 0.616188 0.739074
vt 0.615662 0.738068
vt 0.776204 0.613901
vt 0.775062 0.611120
vt 0.778737 0.611913
vt 0.776442 0.610060
vt 0.777189 0.608487
vt 0.777120 0.606726
vt 0.780148 0.609020
vt 0.778501 0.602338
vt 0.776179 0.605212
vt 0.774912 0.601425
vt 0.774501 0.604610
vt 0.772765 0.604913
vt 0.771385 0.605974
vt 0.771623 0.602132
vt 0.767679 0.607014
vt 0.620052 0.736572
vt 0.318680 0.829007
vt 0.323453 0.894571
vt 0.326646 0.893811
vt 0.327402 0.895384
vt 0.328995 0.896101
vt 0.324652 0.898203
vt 0.331623 0.898718
vt 0.330685 0.895899
vt 0.334111 0.896860
vt 0.332043 0.894957
vt 0.335463 0.894190
vt 0.332831 0.893519
vt 0.332939 0.891857
vt 0.334032 0.888585
vt 0.332448 0.890211
vt 0.331369 0.887221
vt 0.617207 0.739573
vt 0.676941 0.899607
vt 0.270183 0.894329
vt 0.273006 0.893827
vt 0.273708 0.895303
vt 0.275000 0.896305
vt 0.271516 0.897067
vt 0.276600 0.896594
vt 0.273906 0.898954
vt 0.278119 0.896057
vt 0.276989 0.899630
vt 0.281853 0.895715
vt 0.278970 0.894688
vt 0.279030 0.893063
vt 0.280521 0.889820
vt 0.278327 0.891585
vt 0.278130 0.887933
vt 0.619610 0.735563
vt 0.461324 0.882273
vt 0.458859 0.884978
vt 0.462994 0.881948
vt 0.461932 0.885047
vt 0.466116 0.880956
vt 0.463357 0.880285
vt 0.463194 0.878660
vt 0.464716 0.875086
vt 0.462406 0.877259
vt 0.461083 0.876335
vt 0.459465 0.876126
vt 0.462115 0.873102
vt 0.454687 0.873452
vt 0.457953 0.876792
vt 0.618381 0.739463
vt 0.161791 0.779267
vt 0.115076 0.767050
vt 0.118415 0.766260
vt 0.119220 0.767940
vt 0.120216 0.772060
vt 0.120920 0.768702
vt 0.123746 0.771443
vt 0.122754 0.768480
vt 0.126435 0.769447
vt 0.124251 0.767440
vt 0.125119 0.765858
vt 0.125234 0.764059
vt 0.127897 0.766566
vt 0.124705 0.762312
vt 0.127897 0.763383
vt 0.123553 0.759149
vt 0.615743 0.736892
vt 0.616382 0.735870
vt 0.257408 0.890312
vt 0.475919 0.883544
vt 0.476625 0.886845
vt 0.475046 0.887552
vt 0.471018 0.888328
vt 0.474300 0.889114
vt 0.474465 0.890803
vt 0.475378 0.892187
vt 0.471547 0.891689
vt 0.476799 0.893016
vt 0.473372 0.894254
vt 0.478456 0.893174
vt 0.476043 0.895686
vt 0.481718 0.894387
vt 0.480114 0.892744
vt 0.710603 0.896182
vt 0.713426 0.895680
vt 0.714128 0.897156
vt 0.714326 0.900807
vt 0.715420 0.898158
vt 0.717019 0.898447
vt 0.720751 0.900656
vt 0.718538 0.897910
vt 0.719390 0.896541
vt 0.719449 0.894916
vt 0.722273 0.897568
vt 0.718747 0.893438
vt 0.722273 0.894412
vt 0.720941 0.891672
vt 0.223340 0.762371
vt 0.058411 0.764059
vt 0.061074 0.766567
vt 0.057882 0.762313
vt 0.061074 0.763384
vt 0.056730 0.759149
vt 0.056122 0.761829
vt 0.054327 0.761990
vt 0.052767 0.762898
vt 0.053548 0.759231
vt 0.048779 0.763506
vt 0.051767 0.764421
vt 0.048253 0.767050
vt 0.051592 0.766260
vt 0.052398 0.767940
vt 0.049542 0.770871
vt 0.531899 0.884678
vt 0.532575 0.886110
vt 0.528866 0.885182
vt 0.532647 0.889933
vt 0.533819 0.887091
vt 0.535794 0.890665
vt 0.535360 0.887385
vt 0.539245 0.889886
vt 0.536831 0.886877
vt 0.537671 0.885563
vt 0.537739 0.883985
vt 0.540788 0.886700
vt 0.537062 0.882539
vt 0.540788 0.883463
vt 0.539434 0.880651
vt 0.158675 0.772375
vt 0.120407 0.763717
vt 0.162970 0.779584
vt 0.121442 0.763101
vt 0.162889 0.780760
vt 0.161616 0.781106
vt 0.122615 0.762993
vt 0.163415 0.781766
vt 0.124078 0.764419
vt 0.123635 0.763410
vt 0.164434 0.782266
vt 0.165608 0.782156
vt 0.123411 0.766645
vt 0.124001 0.765595
vt 0.166613 0.781490
vt 0.167202 0.780440
vt 0.168320 0.780704
vt 0.122406 0.767310
vt 0.167279 0.779265
vt 0.120213 0.766921
vt 0.121232 0.767421
vt 0.166837 0.778255
vt 0.119688 0.765915
vt 0.166146 0.776674
vt 0.165817 0.777839
vt 0.119768 0.764739
vt 0.164643 0.777947
vt 0.163609 0.778562
vt 0.056589 0.766645
vt 0.224648 0.763771
vt 0.225076 0.762669
vt 0.054410 0.767421
vt 0.055584 0.767310
vt 0.223530 0.763600
vt 0.053391 0.766921
vt 0.222510 0.764010
vt 0.052865 0.765915
vt 0.221896 0.764922
vt 0.221832 0.766052
vt 0.052946 0.764739
vt 0.222317 0.767097
vt 0.054619 0.763101
vt 0.053585 0.763717
vt 0.223238 0.767788
vt 0.055792 0.762994
vt 0.224357 0.767959
vt 0.224546 0.769188
vt 0.056813 0.763410
vt 0.225377 0.767549
vt 0.057255 0.764419
vt 0.227152 0.767077
vt 0.225990 0.766637
vt 0.057178 0.765595
vt 0.226055 0.765506
vt 0.225570 0.764462
vt 0.686151 0.735259
vt 0.685116 0.735875
vt 0.614564 0.736574
vt 0.688344 0.735568
vt 0.687324 0.735152
vt 0.688787 0.736577
vt 0.618729 0.740633
vt 0.688710 0.737753
vt 0.687115 0.739468
vt 0.688121 0.738803
vt 0.621093 0.738011
vt 0.684922 0.739080
vt 0.685941 0.739579
vt 0.620679 0.734466
vt 0.684397 0.738073
vt 0.684477 0.736897
vt 0.159099 0.767543
vt 0.562083 0.739699
vt 0.563117 0.740112
vt 0.158065 0.767957
vt 0.564229 0.739938
vt 0.156054 0.767094
vt 0.156953 0.767783
vt 0.565127 0.739250
vt 0.155570 0.766071
vt 0.565611 0.738226
vt 0.565548 0.737102
vt 0.155634 0.764947
vt 0.564927 0.736179
vt 0.565771 0.735134
vt 0.157288 0.763610
vt 0.156255 0.764023
vt 0.563894 0.735766
vt 0.158401 0.763785
vt 0.562782 0.735940
vt 0.159299 0.764473
vt 0.561883 0.736628
vt 0.560976 0.735896
vt 0.561399 0.737652
vt 0.159783 0.765496
vt 0.561462 0.738776
vt 0.159720 0.766620
vt 0.561240 0.740743
vt 0.771870 0.608854
vt 0.772491 0.609777
vt 0.731200 0.882812
vt 0.730166 0.882399
vt 0.729054 0.882573
vt 0.772291 0.606706
vt 0.771807 0.607729
vt 0.728156 0.883262
vt 0.727249 0.882529
vt 0.773190 0.606018
vt 0.727671 0.884285
vt 0.727735 0.885409
vt 0.774302 0.605843
vt 0.728356 0.886332
vt 0.775956 0.607180
vt 0.775335 0.606256
vt 0.729389 0.886745
vt 0.730926 0.887676
vt 0.730501 0.886571
vt 0.775535 0.609327
vt 0.776020 0.608304
vt 0.731400 0.885883
vt 0.731884 0.884859
vt 0.774637 0.610016
vt 0.731821 0.883735
vt 0.773525 0.610190
vt 0.732043 0.881768
vt 0.175900 0.764603
vt 0.209517 0.764599
vt 0.208512 0.763934
vt 0.176566 0.766829
vt 0.176489 0.765653
vt 0.207338 0.763823
vt 0.206319 0.764323
vt 0.175103 0.768254
vt 0.176123 0.767838
vt 0.205793 0.765328
vt 0.204520 0.764983
vt 0.173930 0.768147
vt 0.205874 0.766505
vt 0.206513 0.767527
vt 0.172895 0.767531
vt 0.207547 0.768143
vt 0.172176 0.765333
vt 0.172256 0.766509
vt 0.208720 0.768250
vt 0.209050 0.769416
vt 0.209741 0.767834
vt 0.172701 0.764327
vt 0.210183 0.766825
vt 0.174894 0.763938
vt 0.173720 0.763827
vt 0.210106 0.765649
vt 0.210356 0.763803
vt 0.715160 0.893712
vt 0.734190 0.898220
vt 0.733042 0.897772
vt 0.716045 0.893365
vt 0.734143 0.899216
vt 0.717844 0.894165
vt 0.717029 0.893532
vt 0.734587 0.900146
vt 0.718288 0.895097
vt 0.734977 0.901874
vt 0.735402 0.900779
vt 0.718241 0.896093
vt 0.736384 0.900946
vt 0.717713 0.896884
vt 0.737270 0.900600
vt 0.737798 0.899810
vt 0.715844 0.897063
vt 0.716827 0.897230
vt 0.737846 0.898813
vt 0.737401 0.897882
vt 0.715030 0.896430
vt 0.736586 0.897249
vt 0.737011 0.896153
vt 0.714633 0.894503
vt 0.714585 0.895499
vt 0.735603 0.897082
vt 0.734717 0.897428
vt 0.534439 0.882448
vt 0.533587 0.882773
vt 0.667664 0.881255
vt 0.668359 0.882767
vt 0.667500 0.882434
vt 0.666538 0.882598
vt 0.536181 0.883241
vt 0.535391 0.882618
vt 0.665749 0.883223
vt 0.664879 0.882530
vt 0.536610 0.884150
vt 0.665317 0.884132
vt 0.665374 0.885106
vt 0.536562 0.885116
vt 0.665891 0.885868
vt 0.536055 0.885874
vt 0.666743 0.886193
vt 0.534234 0.886043
vt 0.535195 0.886207
vt 0.667695 0.886022
vt 0.668110 0.887086
vt 0.533445 0.885418
vt 0.668485 0.885400
vt 0.533013 0.884509
vt 0.668914 0.884490
vt 0.533069 0.883535
vt 0.668867 0.883525
vt 0.329415 0.891010
vt 0.328519 0.891539
vt 0.320394 0.828432
vt 0.319845 0.829315
vt 0.319781 0.830355
vt 0.318521 0.830703
vt 0.331382 0.891303
vt 0.330455 0.890920
vt 0.320263 0.831265
vt 0.320869 0.832993
vt 0.321185 0.831724
vt 0.331725 0.893262
vt 0.331789 0.892220
vt 0.322223 0.831634
vt 0.323092 0.831064
vt 0.331218 0.894171
vt 0.323600 0.830155
vt 0.330348 0.894742
vt 0.324813 0.828749
vt 0.323663 0.829113
vt 0.328389 0.894373
vt 0.329311 0.894832
vt 0.323257 0.828196
vt 0.327907 0.893462
vt 0.322330 0.827812
vt 0.321290 0.827902
vt 0.327971 0.892423
vt 0.274741 0.891859
vt 0.675567 0.898553
vt 0.675247 0.899825
vt 0.275626 0.891512
vt 0.676598 0.898439
vt 0.276609 0.891679
vt 0.677488 0.897827
vt 0.277869 0.893244
vt 0.277424 0.892312
vt 0.678033 0.896885
vt 0.678113 0.895842
vt 0.277821 0.894240
vt 0.677734 0.894989
vt 0.276407 0.895377
vt 0.277293 0.895031
vt 0.676871 0.894636
vt 0.677196 0.893465
vt 0.275425 0.895210
vt 0.675830 0.894745
vt 0.274610 0.894577
vt 0.674904 0.895317
vt 0.274166 0.893646
vt 0.674318 0.896225
vt 0.674234 0.897259
vt 0.274213 0.892650
vt 0.674684 0.898129
vt 0.458541 0.879647
vt 0.459098 0.880498
vt 0.207596 0.784519
vt 0.208616 0.784641
vt 0.458464 0.878639
vt 0.209519 0.784311
vt 0.458909 0.877770
vt 0.209868 0.783415
vt 0.460794 0.877444
vt 0.459787 0.877344
vt 0.210815 0.782144
vt 0.209769 0.782395
vt 0.209253 0.781504
vt 0.461633 0.878019
vt 0.208414 0.780929
vt 0.462248 0.879932
vt 0.462149 0.878910
vt 0.207408 0.780828
vt 0.206530 0.781254
vt 0.460995 0.881157
vt 0.461899 0.880827
vt 0.206084 0.782123
vt 0.204873 0.781772
vt 0.206162 0.783131
vt 0.459976 0.881034
vt 0.206717 0.783982
vt 0.478855 0.888777
vt 0.258566 0.890617
vt 0.479441 0.890737
vt 0.479369 0.889694
vt 0.258497 0.891655
vt 0.479046 0.891650
vt 0.258971 0.892558
vt 0.257990 0.893563
vt 0.478124 0.892023
vt 0.259885 0.893010
vt 0.477082 0.891926
vt 0.260921 0.892916
vt 0.476178 0.891389
vt 0.261799 0.892338
vt 0.262616 0.893119
vt 0.262313 0.891422
vt 0.475622 0.890499
vt 0.262384 0.890378
vt 0.475554 0.889460
vt 0.261989 0.889466
vt 0.476941 0.888106
vt 0.476027 0.888557
vt 0.261400 0.887942
vt 0.261068 0.889093
vt 0.477978 0.888200
vt 0.260026 0.889190
vt 0.259122 0.889726
vt 0.460376 0.879270
vt 0.477519 0.890086
vt 0.716437 0.895298
vt 0.534815 0.884328
vt 0.329870 0.892854
vt 0.276017 0.893445
vt 0.157677 0.765783
vt 0.686617 0.737340
vt 0.174396 0.766065
vt 0.773913 0.608017
vt 0.055085 0.765183
vt 0.121908 0.765182
vt 0.563505 0.737939
vt 0.165109 0.780028
vt 0.223944 0.765779
vt 0.729778 0.884572
vt 0.208014 0.766061
vt 0.676196 0.896571
vt 0.207996 0.782754
vt 0.260463 0.891030
vt 0.735994 0.899014
vt 0.667119 0.884313
vt 0.321745 0.829746
vt 0.286930 0.666622
vt 0.259072 0.664481
vt 0.286930 0.664481
vt 0.203354 0.664481
vt 0.175496 0.666622
vt 0.175496 0.664481
vt 0.147637 0.664481
vt 0.119778 0.666622
vt 0.119778 0.664481
vt 0.091920 0.664481
vt 0.064061 0.666622
vt 0.064061 0.664481
vt 0.036202 0.666622
vt 0.036202 0.664481
vt 0.008343 0.666622
vt 0.008343 0.664481
vt 0.900801 0.664481
vt 0.872943 0.666622
vt 0.872943 0.664481
vt 0.845084 0.664481
vt 0.817225 0.666622
vt 0.817225 0.664481
vt 0.789367 0.664481
vt 0.789367 0.666622
vt 0.761508 0.664481
vt 0.733649 0.666622
vt 0.733649 0.664481
vt 0.705791 0.664481
vt 0.677932 0.666622
vt 0.677932 0.664481
vt 0.650074 0.666622
vt 0.650074 0.664481
vt 0.622215 0.664481
vt 0.594356 0.666622
vt 0.594356 0.664481
vt 0.566498 0.666622
vt 0.566498 0.664481
vt 0.538639 0.664481
vt 0.510780 0.666622
vt 0.510780 0.664481
vt 0.482922 0.664481
vt 0.455063 0.666622
vt 0.455063 0.664481
vt 0.427159 0.666622
vt 0.427159 0.664481
vt 0.398652 0.666622
vt 0.398652 0.664481
vt 0.370839 0.664481
vt 0.370839 0.666622
vt 0.343029 0.664481
vt 0.314838 0.666622
vt 0.314838 0.664481
vt 0.231213 0.666622
vt 0.231213 0.664481
vt 0.203354 0.666622
vt 0.314838 0.681867
vt 0.286930 0.679864
vt 0.314838 0.679864
vt 0.343029 0.681867
vt 0.343029 0.679864
vt 0.370839 0.679864
vt 0.398652 0.679864
vt 0.370839 0.681867
vt 0.427159 0.681867
vt 0.427159 0.679864
vt 0.455063 0.679864
vt 0.482922 0.681867
vt 0.482922 0.679864
vt 0.510780 0.681867
vt 0.510780 0.679864
vt 0.538639 0.679864
vt 0.566498 0.681867
vt 0.566498 0.679864
vt 0.594356 0.681867
vt 0.594356 0.679864
vt 0.622215 0.679864
vt 0.650074 0.681867
vt 0.650074 0.679864
vt 0.677932 0.679864
vt 0.705791 0.679864
vt 0.677932 0.681867
vt 0.733649 0.679864
vt 0.705791 0.681867
vt 0.761508 0.679864
vt 0.733649 0.681867
vt 0.789367 0.679864
vt 0.761508 0.681867
vt 0.817225 0.681867
vt 0.817225 0.679864
vt 0.845084 0.679864
vt 0.872943 0.679864
vt 0.845084 0.681867
vt 0.900801 0.681867
vt 0.900801 0.679864
vt 0.036202 0.681867
vt 0.008343 0.679864
vt 0.036202 0.679864
vt 0.064061 0.681867
vt 0.064061 0.679864
vt 0.091920 0.681867
vt 0.091920 0.679864
vt 0.119778 0.679864
vt 0.147637 0.679864
vt 0.119778 0.681867
vt 0.175496 0.679864
vt 0.147637 0.681867
vt 0.203354 0.681867
vt 0.203354 0.679864
vt 0.231213 0.681867
vt 0.231213 0.679864
vt 0.259072 0.681867
vt 0.259072 0.679864
vt 0.259072 0.666622
vt 0.343029 0.666622
vt 0.482922 0.666622
vt 0.538639 0.666622
vt 0.622215 0.666622
vt 0.705791 0.666622
vt 0.761508 0.666622
vt 0.845084 0.666622
vt 0.900801 0.666622
vt 0.091920 0.666622
vt 0.147637 0.666622
vt 0.346407 0.983551
vt 0.319256 0.980007
vt 0.346407 0.980007
vt 0.734473 0.968712
vt 0.761700 0.965165
vt 0.761926 0.968712
vt 0.319256 0.983551
vt 0.292104 0.980007
vt 0.789129 0.965165
vt 0.789380 0.968712
vt 0.264952 0.983551
vt 0.292104 0.983551
vt 0.816557 0.965165
vt 0.816834 0.968712
vt 0.237801 0.980007
vt 0.264952 0.980007
vt 0.843986 0.965165
vt 0.844287 0.968712
vt 0.210649 0.983551
vt 0.237801 0.983551
vt 0.871741 0.968712
vt 0.871414 0.965165
vt 0.183498 0.980007
vt 0.210649 0.980007
vt 0.898843 0.965165
vt 0.899194 0.968712
vt 0.183498 0.983551
vt 0.156346 0.980007
vt 0.926648 0.968712
vt 0.926272 0.965165
vt 0.129194 0.983551
vt 0.156346 0.983551
vt 0.954101 0.968712
vt 0.953700 0.965165
vt 0.102043 0.980007
vt 0.129194 0.980007
vt 0.981128 0.965165
vt 0.981555 0.968712
vt 0.971848 0.983551
vt 0.944697 0.980007
vt 0.971848 0.980007
vt 0.102074 0.968712
vt 0.129878 0.965165
vt 0.129528 0.968712
vt 0.944697 0.983551
vt 0.917545 0.980007
vt 0.156981 0.968712
vt 0.157306 0.965165
vt 0.917545 0.983551
vt 0.890394 0.980007
vt 0.184435 0.968712
vt 0.184735 0.965165
vt 0.863242 0.983551
vt 0.890394 0.983551
vt 0.212163 0.965165
vt 0.211888 0.968712
vt 0.836091 0.983551
vt 0.863242 0.980007
vt 0.239342 0.968712
vt 0.239592 0.965165
vt 0.808939 0.983551
vt 0.836091 0.980007
vt 0.266796 0.968712
vt 0.267021 0.965165
vt 0.781787 0.980007
vt 0.808939 0.980007
vt 0.294449 0.965165
vt 0.294249 0.968712
vt 0.754636 0.983551
vt 0.781787 0.983551
vt 0.321703 0.968712
vt 0.321878 0.965165
vt 0.727484 0.980007
vt 0.754636 0.980007
vt 0.349306 0.965165
vt 0.349156 0.968712
vt 0.700333 0.983551
vt 0.727484 0.983551
vt 0.376610 0.968712
vt 0.376735 0.965165
vt 0.673181 0.980007
vt 0.700333 0.980007
vt 0.404064 0.968712
vt 0.404163 0.965165
vt 0.673181 0.983551
vt 0.646030 0.980007
vt 0.431592 0.965165
vt 0.431517 0.968712
vt 0.618878 0.983551
vt 0.646030 0.983551
vt 0.459021 0.965165
vt 0.458970 0.968712
vt 0.591727 0.983551
vt 0.618878 0.980007
vt 0.486424 0.968712
vt 0.486449 0.965165
vt 0.564575 0.980007
vt 0.591727 0.980007
vt 0.513878 0.965165
vt 0.513878 0.968712
vt 0.564575 0.983551
vt 0.537423 0.980007
vt 0.541306 0.965165
vt 0.541331 0.968712
vt 0.510228 0.983551
vt 0.537423 0.983551
vt 0.568830 0.968712
vt 0.568780 0.965165
vt 0.482444 0.983551
vt 0.510228 0.980007
vt 0.596923 0.968712
vt 0.596847 0.965165
vt 0.455337 0.983551
vt 0.482444 0.980007
vt 0.624331 0.968712
vt 0.624231 0.965165
vt 0.428233 0.980007
vt 0.455337 0.980007
vt 0.651611 0.965165
vt 0.651736 0.968712
vt 0.400758 0.983551
vt 0.428233 0.983551
vt 0.679518 0.968712
vt 0.679366 0.965165
vt 0.373558 0.980007
vt 0.400758 0.980007
vt 0.706843 0.965165
vt 0.707019 0.968712
vt 0.373558 0.983551
vt 0.734272 0.965165
vt 0.303695 0.688851
vt 0.278233 0.686749
vt 0.303695 0.686749
vt 0.227310 0.688851
vt 0.201848 0.686749
vt 0.227310 0.686749
vt 0.201848 0.688851
vt 0.176386 0.686749
vt 0.176386 0.688851
vt 0.150924 0.686749
vt 0.150924 0.688851
vt 0.125462 0.686749
vt 0.100000 0.688851
vt 0.100000 0.686749
vt 0.074538 0.686749
vt 0.074538 0.688851
vt 0.049076 0.686749
vt 0.864753 0.686749
vt 0.839291 0.688851
vt 0.839291 0.686749
vt 0.813829 0.688851
vt 0.813829 0.686749
vt 0.788367 0.688851
vt 0.788367 0.686749
vt 0.762905 0.688851
vt 0.762905 0.686749
vt 0.737443 0.686749
vt 0.711981 0.688851
vt 0.711981 0.686749
vt 0.686519 0.686749
vt 0.661057 0.688851
vt 0.661057 0.686749
vt 0.635596 0.688851
vt 0.635596 0.686749
vt 0.610133 0.686749
vt 0.610133 0.688851
vt 0.584672 0.686749
vt 0.559210 0.688851
vt 0.559210 0.686749
vt 0.533748 0.686749
vt 0.533748 0.688851
vt 0.508286 0.686749
vt 0.508286 0.688851
vt 0.482824 0.686749
vt 0.457362 0.688851
vt 0.457362 0.686749
vt 0.431859 0.688851
vt 0.431859 0.686749
vt 0.405805 0.686749
vt 0.405805 0.688851
vt 0.380384 0.686749
vt 0.354967 0.688851
vt 0.354967 0.686749
vt 0.329202 0.688851
vt 0.329202 0.686749
vt 0.278233 0.688851
vt 0.252772 0.686749
vt 0.329202 0.704081
vt 0.303695 0.702097
vt 0.329202 0.702097
vt 0.354967 0.704081
vt 0.354967 0.702097
vt 0.380384 0.702097
vt 0.405805 0.702097
vt 0.380384 0.704081
vt 0.431859 0.702097
vt 0.405805 0.704081
vt 0.457362 0.704081
vt 0.457362 0.702097
vt 0.482824 0.704081
vt 0.482824 0.702097
vt 0.508286 0.702097
vt 0.533748 0.704081
vt 0.533748 0.702097
vt 0.559210 0.702097
vt 0.584672 0.702097
vt 0.559210 0.704081
vt 0.610133 0.704081
vt 0.610133 0.702097
vt 0.635596 0.702097
vt 0.661057 0.702097
vt 0.635596 0.704081
vt 0.686519 0.704081
vt 0.686519 0.702097
vt 0.711981 0.702097
vt 0.737443 0.704081
vt 0.737443 0.702097
vt 0.762905 0.702097
vt 0.788367 0.704081
vt 0.788367 0.702097
vt 0.813829 0.704081
vt 0.813829 0.702097
vt 0.839291 0.702097
vt 0.864753 0.702097
vt 0.839291 0.704081
vt 0.074538 0.702097
vt 0.049076 0.704081
vt 0.049076 0.702097
vt 0.100000 0.702097
vt 0.074538 0.704081
vt 0.125462 0.702097
vt 0.100000 0.704081
vt 0.150924 0.704081
vt 0.150924 0.702097
vt 0.176386 0.702097
vt 0.201848 0.702097
vt 0.176386 0.704081
vt 0.227310 0.704081
vt 0.227310 0.702097
vt 0.252772 0.702097
vt 0.278233 0.704081
vt 0.278233 0.702097
vt 0.380384 0.688851
vt 0.482824 0.688851
vt 0.584672 0.688851
vt 0.686519 0.688851
vt 0.737443 0.688851
vt 0.864753 0.688851
vt 0.049076 0.688851
vt 0.125462 0.688851
vt 0.252772 0.688851
vt 0.300707 0.990681
vt 0.325540 0.987439
vt 0.325540 0.990681
vt 0.680077 0.975832
vt 0.705171 0.972588
vt 0.705171 0.975832
vt 0.275874 0.987439
vt 0.300707 0.987439
vt 0.730265 0.972588
vt 0.730265 0.975832
vt 0.251040 0.990681
vt 0.275874 0.990681
vt 0.755358 0.975832
vt 0.755358 0.972588
vt 0.226208 0.990681
vt 0.251040 0.987439
vt 0.780451 0.975832
vt 0.780451 0.972588
vt 0.201374 0.990681
vt 0.226208 0.987439
vt 0.805545 0.975832
vt 0.805545 0.972588
vt 0.176541 0.987439
vt 0.201374 0.987439
vt 0.830639 0.972588
vt 0.830639 0.975832
vt 0.176541 0.990681
vt 0.151708 0.987439
vt 0.855732 0.975832
vt 0.855732 0.972588
vt 0.126875 0.990681
vt 0.151708 0.990681
vt 0.880826 0.975832
vt 0.880826 0.972588
vt 0.102042 0.990681
vt 0.126875 0.987439
vt 0.905919 0.975832
vt 0.905919 0.972588
vt 0.897573 0.990681
vt 0.872740 0.987439
vt 0.897573 0.987439
vt 0.127137 0.975832
vt 0.102044 0.972588
vt 0.127137 0.972588
vt 0.872740 0.990681
vt 0.847907 0.987439
vt 0.152231 0.972588
vt 0.152231 0.975832
vt 0.847907 0.990681
vt 0.823074 0.987439
vt 0.177324 0.972588
vt 0.177324 0.975832
vt 0.823074 0.990681
vt 0.798241 0.987439
vt 0.202418 0.972588
vt 0.202418 0.975832
vt 0.773408 0.990681
vt 0.798241 0.990681
vt 0.227511 0.975832
vt 0.227511 0.972588
vt 0.748575 0.987439
vt 0.773408 0.987439
vt 0.252605 0.972588
vt 0.252605 0.975832
vt 0.723742 0.990681
vt 0.748575 0.990681
vt 0.277698 0.975832
vt 0.277698 0.972588
vt 0.698909 0.990681
vt 0.723742 0.987439
vt 0.302792 0.975832
vt 0.302792 0.972588
vt 0.674076 0.987439
vt 0.698909 0.987439
vt 0.327885 0.972588
vt 0.327885 0.975832
vt 0.649243 0.990681
vt 0.674076 0.990681
vt 0.352979 0.975832
vt 0.352979 0.972588
vt 0.624410 0.987439
vt 0.649243 0.987439
vt 0.378072 0.972588
vt 0.378072 0.975832
vt 0.624410 0.990681
vt 0.599577 0.987439
vt 0.403166 0.972588
vt 0.403166 0.975832
vt 0.574744 0.990681
vt 0.599577 0.990681
vt 0.428259 0.975832
vt 0.428259 0.972588
vt 0.549911 0.990681
vt 0.574744 0.987439
vt 0.453353 0.972588
vt 0.453353 0.975832
vt 0.525078 0.987439
vt 0.549911 0.987439
vt 0.478446 0.972588
vt 0.478446 0.975832
vt 0.525078 0.990681
vt 0.500245 0.987439
vt 0.503540 0.975832
vt 0.503540 0.972588
vt 0.475371 0.990681
vt 0.500245 0.990681
vt 0.528674 0.975832
vt 0.528674 0.972588
vt 0.449960 0.987439
vt 0.475371 0.987439
vt 0.554352 0.972588
vt 0.554352 0.975832
vt 0.425168 0.990681
vt 0.449960 0.990681
vt 0.579404 0.975832
vt 0.579404 0.972588
vt 0.400379 0.987439
vt 0.425168 0.987439
vt 0.604454 0.975832
vt 0.604454 0.972588
vt 0.375249 0.990681
vt 0.400379 0.990681
vt 0.629846 0.975832
vt 0.629846 0.972588
vt 0.350372 0.987439
vt 0.375249 0.987439
vt 0.654984 0.972588
vt 0.654984 0.975832
vt 0.350372 0.990681
vt 0.680077 0.972588
vt 0.525528 0.709023
vt 0.547167 0.726380
vt 0.525528 0.726380
vt 0.568806 0.709023
vt 0.568806 0.726380
vt 0.590446 0.726380
vt 0.590446 0.709023
vt 0.612085 0.726380
vt 0.633724 0.709023
vt 0.633724 0.726380
vt 0.655364 0.726380
vt 0.655364 0.709023
vt 0.677003 0.726380
vt 0.698642 0.709023
vt 0.698643 0.726380
vt 0.720282 0.726380
vt 0.720282 0.709023
vt 0.741921 0.726380
vt 0.048680 0.709023
vt 0.070319 0.726380
vt 0.048680 0.726380
vt 0.091958 0.709023
vt 0.091958 0.726380
vt 0.113598 0.726380
vt 0.135237 0.709023
vt 0.135237 0.726380
vt 0.156876 0.709023
vt 0.156876 0.726380
vt 0.178516 0.726380
vt 0.178516 0.709023
vt 0.200155 0.726380
vt 0.200155 0.709023
vt 0.221795 0.726380
vt 0.243434 0.709023
vt 0.243434 0.726380
vt 0.265073 0.709023
vt 0.265073 0.726380
vt 0.286712 0.709023
vt 0.286712 0.726380
vt 0.308352 0.709023
vt 0.308352 0.726380
vt 0.329991 0.709023
vt 0.329991 0.726380
vt 0.351631 0.726380
vt 0.373383 0.709023
vt 0.373384 0.726380
vt 0.395541 0.726380
vt 0.417066 0.709023
vt 0.417066 0.726380
vt 0.438583 0.726380
vt 0.438583 0.709023
vt 0.460487 0.726380
vt 0.460487 0.709023
vt 0.482249 0.726380
vt 0.503888 0.709023
vt 0.503888 0.726380
vt 0.270162 0.998140
vt 0.292198 0.994859
vt 0.292198 0.998140
vt 0.410507 0.657052
vt 0.432668 0.660351
vt 0.410507 0.660351
vt 0.248126 0.998140
vt 0.270162 0.994859
vt 0.388347 0.657052
vt 0.388347 0.660351
vt 0.226091 0.994859
vt 0.248126 0.994859
vt 0.366187 0.660351
vt 0.366187 0.657052
vt 0.204055 0.998140
vt 0.226091 0.998140
vt 0.344027 0.660351
vt 0.344027 0.657052
vt 0.182019 0.998140
vt 0.204055 0.994859
vt 0.321867 0.660351
vt 0.321867 0.657052
vt 0.159983 0.994859
vt 0.182019 0.994859
vt 0.299707 0.657052
vt 0.299707 0.660351
vt 0.159983 0.998140
vt 0.137947 0.994859
vt 0.277546 0.660351
vt 0.277546 0.657052
vt 0.137947 0.998140
vt 0.115911 0.994859
vt 0.255386 0.660351
vt 0.255386 0.657052
vt 0.115911 0.998140
vt 0.093875 0.994859
vt 0.233226 0.660351
vt 0.233226 0.657052
vt 0.093875 0.998140
vt 0.071839 0.994859
vt 0.211066 0.660351
vt 0.211066 0.657052
vt 0.049803 0.998140
vt 0.071839 0.998140
vt 0.188906 0.660351
vt 0.188906 0.657052
vt 0.733713 0.998140
vt 0.755749 0.994859
vt 0.755749 0.998140
vt 0.876672 0.657052
vt 0.898833 0.660351
vt 0.876672 0.660351
vt 0.711677 0.994859
vt 0.733713 0.994859
vt 0.854512 0.657052
vt 0.854512 0.660351
vt 0.711677 0.998140
vt 0.689642 0.994859
vt 0.832352 0.660351
vt 0.832352 0.657052
vt 0.667606 0.998140
vt 0.689642 0.998140
vt 0.810192 0.657052
vt 0.810192 0.660351
vt 0.645570 0.998140
vt 0.667606 0.994859
vt 0.788032 0.657052
vt 0.788032 0.660351
vt 0.623534 0.998140
vt 0.645570 0.994859
vt 0.765872 0.660351
vt 0.765872 0.657052
vt 0.601498 0.998140
vt 0.623534 0.994859
vt 0.743711 0.660351
vt 0.743711 0.657052
vt 0.579462 0.998140
vt 0.601498 0.994859
vt 0.721551 0.660351
vt 0.721551 0.657052
vt 0.557426 0.994859
vt 0.579462 0.994859
vt 0.699391 0.657052
vt 0.699391 0.660351
vt 0.535390 0.998140
vt 0.557426 0.998140
vt 0.677231 0.657052
vt 0.677231 0.660351
vt 0.513354 0.994859
vt 0.535390 0.994859
vt 0.655071 0.660351
vt 0.655071 0.657052
vt 0.513354 0.998140
vt 0.491318 0.994859
vt 0.632911 0.660351
vt 0.632911 0.657052
vt 0.491318 0.998140
vt 0.469282 0.994859
vt 0.610750 0.657052
vt 0.610750 0.660351
vt 0.447246 0.998140
vt 0.469282 0.998140
vt 0.588590 0.657052
vt 0.588590 0.660351
vt 0.425095 0.998140
vt 0.447246 0.994859
vt 0.566314 0.657052
vt 0.566314 0.660351
vt 0.402531 0.994859
vt 0.425095 0.994859
vt 0.543623 0.660351
vt 0.543623 0.657052
vt 0.380612 0.998140
vt 0.402531 0.998140
vt 0.521580 0.657052
vt 0.521580 0.660351
vt 0.358701 0.994859
vt 0.380612 0.994859
vt 0.499545 0.660351
vt 0.499545 0.657052
vt 0.336395 0.998140
vt 0.358701 0.998140
vt 0.477113 0.657052
vt 0.477113 0.660351
vt 0.314234 0.998140
vt 0.336395 0.994859
vt 0.454828 0.657052
vt 0.454828 0.660351
vt 0.314234 0.994859
vt 0.432668 0.657052
vt 0.640893 0.289726
vt 0.621141 0.311845
vt 0.616817 0.281149
vt 0.644663 0.042866
vt 0.624158 0.024808
vt 0.839871 0.004839
vt 0.838235 0.035052
vt 0.838075 0.003000
vt 0.360696 0.345725
vt 0.359269 0.372661
vt 0.358585 0.341697
vt 0.537655 0.309666
vt 0.541147 0.278078
vt 0.540926 0.311279
vt 0.841304 0.312176
vt 0.839612 0.273992
vt 0.841096 0.273940
vt 0.025885 0.374356
vt 0.048588 0.622460
vt 0.028607 0.630815
vt 0.313620 0.385616
vt 0.322970 0.611828
vt 0.319673 0.611916
vt 0.339908 0.611685
vt 0.359938 0.619396
vt 0.891953 0.047305
vt 0.896679 0.228163
vt 0.891315 0.241404
vt 0.533030 0.256028
vt 0.525740 0.014805
vt 0.528964 0.014498
vt 0.480017 0.271630
vt 0.466380 0.014736
vt 0.479146 0.014801
vt 0.605219 0.271071
vt 0.588601 0.008975
vt 0.602437 0.008774
vt 0.559277 0.009051
vt 0.544384 0.006079
vt 0.621467 0.024466
vt 0.612616 0.280928
vt 0.619995 0.024286
vt 0.362786 0.619607
vt 0.359525 0.649900
vt 0.858585 0.040406
vt 0.858345 0.273882
vt 0.160554 0.358942
vt 0.133988 0.604561
vt 0.141033 0.355096
vt 0.058762 0.619622
vt 0.062114 0.370318
vt 0.060696 0.619737
vt 0.614263 0.281014
vt 0.373725 0.033384
vt 0.369236 0.302065
vt 0.371038 0.033127
vt 0.452817 0.271438
vt 0.456380 0.014332
vt 0.541503 0.003720
vt 0.542076 0.013486
vt 0.313328 0.457680
vt 0.318410 0.612000
vt 0.316732 0.385427
vt 0.878846 0.044715
vt 0.876851 0.273994
vt 0.530113 0.256204
vt 0.504537 0.014653
vt 0.591094 0.272437
vt 0.573472 0.009055
vt 0.184014 0.625342
vt 0.180920 0.359086
vt 0.183921 0.358842
vt 0.157580 0.621305
vt 0.129487 0.604115
vt 0.138630 0.354770
vt 0.001851 0.381013
vt 0.008941 0.637057
vt 0.006492 0.637278
vt 0.048051 0.371248
vt 0.004001 0.380862
vt 0.396718 0.031214
vt 0.377674 0.302202
vt 0.381047 0.032290
vt 0.420715 0.305521
vt 0.418941 0.026174
vt 0.444456 0.015896
vt 0.446184 0.307920
vt 0.441243 0.016218
vt 0.645234 0.004654
vt 0.627041 0.004279
vt 0.839950 0.034983
vt 0.048623 0.657822
vt 0.028876 0.657920
vt 0.323440 0.650090
vt 0.320354 0.650153
vt 0.340085 0.649911
vt 0.488091 0.895426
vt 0.492532 0.824408
vt 0.493029 0.895705
vt 0.525220 0.004221
vt 0.528780 0.003535
vt 0.466778 0.004556
vt 0.479100 0.004567
vt 0.588577 0.004390
vt 0.602228 0.004296
vt 0.545457 0.004452
vt 0.559261 0.004406
vt 0.858313 0.312116
vt 0.142984 0.347699
vt 0.160683 0.348084
vt 0.058566 0.657857
vt 0.060459 0.658249
vt 0.622153 0.003499
vt 0.378384 0.004363
vt 0.372143 0.003810
vt 0.456417 0.003920
vt 0.538742 0.278017
vt 0.574246 0.275893
vt 0.662916 0.043127
vt 0.507073 0.266228
vt 0.683270 0.302572
vt 0.682034 0.022229
vt 0.683863 0.022079
vt 0.886808 0.312424
vt 0.876512 0.312223
vt 0.573468 0.004442
vt 0.180536 0.348290
vt 0.183519 0.347684
vt 0.139534 0.347151
vt 0.660930 0.312591
vt 0.681116 0.302642
vt 0.680964 0.311814
vt 0.009424 0.658146
vt 0.006752 0.658805
vt 0.382991 0.004376
vt 0.396825 0.004463
vt 0.418821 0.004449
vt 0.605582 0.311323
vt 0.663184 0.004917
vt 0.504450 0.004425
vt 0.679289 0.004947
vt 0.683293 0.004450
vt 0.440390 0.004221
vt 0.313829 0.342182
vt 0.338306 0.341645
vt 0.339127 0.378829
vt 0.892138 0.005191
vt 0.895881 0.046688
vt 0.532741 0.309570
vt 0.456826 0.311934
vt 0.455295 0.271513
vt 0.558431 0.278240
vt 0.615308 0.310893
vt 0.132764 0.655224
vt 0.059437 0.370216
vt 0.062138 0.351462
vt 0.371590 0.302193
vt 0.369436 0.310105
vt 0.683453 0.310471
vt 0.661045 0.297978
vt 0.640535 0.312313
vt 0.774929 0.357267
vt 0.774929 0.429235
vt 0.767846 0.383316
vt 0.319389 0.342109
vt 0.879171 0.004943
vt 0.525521 0.310223
vt 0.591372 0.311566
vt 0.183497 0.653605
vt 0.180251 0.625527
vt 0.157225 0.656188
vt 0.415918 0.872470
vt 0.411322 0.820505
vt 0.415918 0.820798
vt 0.002120 0.350139
vt 0.048050 0.349992
vt 0.003643 0.350204
vt 0.395798 0.304338
vt 0.377590 0.312028
vt 0.395749 0.312226
vt 0.448350 0.309862
vt 0.448540 0.308535
vt 0.371826 0.311840
vt 0.574285 0.311637
vt 0.506752 0.311879
vt 0.858631 0.004803
vt 0.445235 0.311718
vt 0.025727 0.349932
vt 0.362773 0.372810
vt 0.319769 0.650225
vt 0.444191 0.003490
vt 0.608517 0.270939
vt 0.608717 0.312056
vt 0.604890 0.008514
vt 0.765046 0.343686
vt 0.773472 0.313964
vt 0.488985 0.897791
vt 0.009064 0.660498
vt 0.005771 0.660848
vt 0.573462 0.001949
vt 0.382922 0.001854
vt 0.525569 0.001858
vt 0.529893 0.002054
vt 0.180910 0.345914
vt 0.184844 0.346863
vt 0.028886 0.660423
vt 0.048668 0.660328
vt 0.466500 0.002113
vt 0.377986 0.001929
vt 0.479113 0.002060
vt 0.160688 0.345586
vt 0.588587 0.001902
vt 0.602505 0.001911
vt 0.876504 0.314704
vt 0.858279 0.314606
vt 0.679631 0.002520
vt 0.684044 0.002785
vt 0.142823 0.345238
vt 0.504439 0.001925
vt 0.559239 0.001883
vt 0.663251 0.002421
vt 0.319337 0.651895
vt 0.645218 0.002147
vt 0.340135 0.652408
vt 0.323506 0.652583
vt 0.396839 0.001968
vt 0.626735 0.001858
vt 0.841224 0.314644
vt 0.320410 0.652663
vt 0.362092 0.650502
vt 0.359920 0.652266
vt 0.418828 0.001954
vt 0.545151 0.001961
vt 0.440741 0.001854
vt 0.445560 0.002772
vt 0.839729 0.312420
vt 0.839315 0.314306
vt 0.604624 0.003693
vt 0.605383 0.001883
vt 0.058845 0.660290
vt 0.084216 0.349441
vt 0.065794 0.653591
vt 0.071989 0.349226
vt 0.097562 0.349586
vt 0.109673 0.654082
vt 0.095263 0.654026
vt 0.937083 0.637361
vt 0.955931 0.332306
vt 0.954780 0.637330
vt 0.123593 0.349653
vt 0.110070 0.349637
vt 0.915205 0.332522
vt 0.935540 0.332313
vt 0.207795 0.339691
vt 0.227490 0.643889
vt 0.209224 0.644166
vt 0.761639 0.369008
vt 0.761878 0.317844
vt 0.767235 0.318032
vt 0.810939 0.004772
vt 0.785274 0.308521
vt 0.788502 0.004664
vt 0.243929 0.338651
vt 0.246079 0.643520
vt 0.242040 0.339229
vt 0.909109 0.314005
vt 0.899623 0.009910
vt 0.903631 0.009819
vt 0.363454 0.343959
vt 0.974836 0.954274
vt 0.992366 0.649758
vt 0.989622 0.954343
vt 0.949764 0.313668
vt 0.951744 0.009376
vt 0.950897 0.314711
vt 0.956183 0.954014
vt 0.955517 0.649752
vt 0.957517 0.954338
vt 0.223687 0.339532
vt 0.934340 0.313711
vt 0.950414 0.009441
vt 0.906660 0.646542
vt 0.920410 0.951911
vt 0.901331 0.951676
vt 0.411632 0.327434
vt 0.426744 0.631688
vt 0.412655 0.631829
vt 0.949663 0.646820
vt 0.951702 0.952007
vt 0.950994 0.951966
vt 0.764181 0.308225
vt 0.770011 0.003639
vt 0.940583 0.646805
vt 0.923099 0.646726
vt 0.918220 0.313861
vt 0.932685 0.009438
vt 0.821884 0.004727
vt 0.833684 0.308557
vt 0.828298 0.308599
vt 0.940554 0.952000
vt 0.914112 0.009580
vt 0.125984 0.654098
vt 0.125038 0.654083
vt 0.064232 0.653639
vt 0.070297 0.348701
vt 0.811068 0.308696
vt 0.957322 0.332277
vt 0.956121 0.637808
vt 0.423893 0.327302
vt 0.434008 0.631571
vt 0.919164 0.637472
vt 0.913004 0.332434
vt 0.392125 0.327452
vt 0.368163 0.631587
vt 0.372889 0.327267
vt 0.079887 0.653858
vt 0.905125 0.646313
vt 0.900026 0.951717
vt 0.430483 0.327205
vt 0.436452 0.629376
vt 0.762686 0.308206
vt 0.768776 0.003438
vt 0.366600 0.629540
vt 0.371571 0.326825
vt 0.390253 0.631904
vt 0.192823 0.644008
vt 0.193496 0.339653
vt 0.373925 0.779882
vt 0.388363 0.796696
vt 0.373531 0.797660
vt 0.355022 0.803727
vt 0.369525 0.789016
vt 0.370036 0.802395
vt 0.377010 0.762077
vt 0.389142 0.760800
vt 0.391248 0.762579
vt 0.357715 0.761477
vt 0.370245 0.761756
vt 0.372025 0.763178
vt 0.355460 0.774824
vt 0.354471 0.788794
vt 0.278535 0.759317
vt 0.286279 0.769792
vt 0.271678 0.767057
vt 0.424151 0.883443
vt 0.434997 0.879783
vt 0.434386 0.881711
vt 0.421012 0.881682
vt 0.433693 0.861972
vt 0.269870 0.804223
vt 0.284436 0.780643
vt 0.284647 0.803159
vt 0.421810 0.844528
vt 0.432206 0.841592
vt 0.434997 0.844164
vt 0.445514 0.869866
vt 0.457585 0.868897
vt 0.446048 0.871037
vt 0.388743 0.780727
vt 0.291626 0.862173
vt 0.303730 0.844877
vt 0.305666 0.860286
vt 0.445085 0.866846
vt 0.458129 0.850197
vt 0.459319 0.865008
vt 0.459699 0.867732
vt 0.448414 0.829741
vt 0.459699 0.832854
vt 0.445520 0.831180
vt 0.443767 0.850416
vt 0.376771 0.813332
vt 0.391248 0.810779
vt 0.304576 0.861188
vt 0.292736 0.863614
vt 0.255054 0.824259
vt 0.265324 0.802039
vt 0.268488 0.821663
vt 0.291529 0.817425
vt 0.294716 0.814834
vt 0.305666 0.819600
vt 0.518579 0.808547
vt 0.529956 0.805289
vt 0.528192 0.806499
vt 0.276332 0.825791
vt 0.286967 0.821587
vt 0.286180 0.823019
vt 0.514049 0.769873
vt 0.528397 0.788791
vt 0.513567 0.789418
vt 0.516024 0.760201
vt 0.528841 0.771240
vt 0.269628 0.779145
vt 0.515693 0.808654
vt 0.289356 0.845471
vt 0.303949 0.828628
vt 0.370381 0.776496
vt 0.357238 0.817245
vt 0.369700 0.815830
vt 0.359657 0.818359
vt 0.272619 0.824754
vt 0.251178 0.781440
vt 0.266918 0.770142
vt 0.265502 0.782403
vt 0.419555 0.861949
vt 0.372025 0.814504
vt 0.251019 0.803219
vt 0.259213 0.825571
vt 0.267557 0.823150
vt 0.289609 0.827441
vt 0.519078 0.759204
vt 0.529956 0.762888
vt 0.253953 0.763380
vt 0.252719 0.767835
vt 0.258759 0.759314
vt 0.268488 0.763875
vt 0.379970 0.815963
vt 0.390119 0.813902
vt 0.242213 0.338068
vt 0.223657 0.338300
vt 0.992672 0.956031
vt 0.992289 0.954245
vt 0.957386 0.956191
vt 0.974848 0.956162
vt 0.950057 0.315369
vt 0.951744 0.316343
vt 0.909088 0.315802
vt 0.905605 0.314992
vt 0.769850 0.002713
vt 0.768163 0.002158
vt 0.821877 0.003234
vt 0.810950 0.003276
vt 0.123627 0.348647
vt 0.110081 0.348637
vt 0.918783 0.639039
vt 0.937079 0.639167
vt 0.949265 0.645862
vt 0.950307 0.646287
vt 0.430257 0.325907
vt 0.432347 0.326663
vt 0.193380 0.338418
vt 0.190445 0.339169
vt 0.189940 0.337934
vt 0.207808 0.338447
vt 0.994115 0.955681
vt 0.995505 0.956509
vt 0.989727 0.956258
vt 0.934340 0.315518
vt 0.788515 0.003366
vt 0.918263 0.315669
vt 0.084233 0.348463
vt 0.124435 0.349100
vt 0.955052 0.639053
vt 0.957322 0.639220
vt 0.917165 0.638089
vt 0.906291 0.645728
vt 0.903701 0.645016
vt 0.940596 0.645861
vt 0.923096 0.645781
vt 0.411633 0.326106
vt 0.392134 0.326089
vt 0.372115 0.325690
vt 0.369739 0.325355
vt 0.423864 0.325986
vt 0.097568 0.348608
vt 0.830234 0.003828
vt 0.071802 0.348304
vt 0.189186 0.641579
vt 0.821355 0.628470
vt 0.839794 0.635157
vt 0.821876 0.637271
vt 0.699933 0.637468
vt 0.700242 0.645347
vt 0.698144 0.644978
vt 0.745088 0.638146
vt 0.761007 0.645122
vt 0.745731 0.646755
vt 0.774568 0.626076
vt 0.795060 0.636854
vt 0.772229 0.634772
vt 0.742851 0.625708
vt 0.757795 0.633443
vt 0.743192 0.634503
vt 0.715339 0.638391
vt 0.701344 0.636792
vt 0.720464 0.625608
vt 0.719901 0.634483
vt 0.526263 0.893995
vt 0.547347 0.901471
vt 0.526277 0.902643
vt 0.698583 0.622663
vt 0.694997 0.630225
vt 0.696293 0.621500
vt 0.683047 0.318341
vt 0.673008 0.328219
vt 0.672645 0.319530
vt 0.827529 0.640795
vt 0.827055 0.648543
vt 0.826931 0.640405
vt 0.764062 0.623528
vt 0.756895 0.624686
vt 0.767940 0.630193
vt 0.766476 0.632342
vt 0.854151 0.628129
vt 0.849000 0.635080
vt 0.850157 0.626351
vt 0.730701 0.638814
vt 0.714796 0.647009
vt 0.870459 0.629810
vt 0.889300 0.638021
vt 0.870302 0.638856
vt 0.907100 0.626558
vt 0.911844 0.634048
vt 0.908422 0.635236
vt 0.730770 0.647449
vt 0.843809 0.625789
vt 0.838473 0.626524
vt 0.505941 0.892973
vt 0.501978 0.898687
vt 0.504557 0.892868
vt 0.505144 0.901581
vt 0.795567 0.628069
vt 0.400034 0.870193
vt 0.404282 0.875823
vt 0.398064 0.870717
vt 0.654098 0.319466
vt 0.635409 0.326259
vt 0.636485 0.317679
vt 0.888710 0.629237
vt 0.851540 0.636945
vt 0.697567 0.631394
vt 0.894570 0.001919
vt 0.895902 0.004366
vt 0.858718 0.001859
vt 0.839620 0.001910
vt 0.776253 0.640924
vt 0.776428 0.649147
vt 0.774941 0.649212
vt 0.879333 0.002018
vt 0.688036 0.325505
vt 0.686757 0.326594
vt 0.816556 0.641385
vt 0.796187 0.650484
vt 0.796453 0.641691
vt 0.817092 0.650167
vt 0.771002 0.632795
vt 0.773097 0.625789
vt 0.777452 0.640405
vt 0.653725 0.328125
vt 0.533030 0.312472
vt 0.507662 0.314872
vt 0.531945 0.315083
vt 0.480096 0.314954
vt 0.458888 0.315031
vt 0.479475 0.312037
vt 0.452598 0.315108
vt 0.606344 0.314226
vt 0.609676 0.313386
vt 0.591458 0.314705
vt 0.574274 0.314753
vt 0.558289 0.311555
vt 0.540832 0.313741
vt 0.558171 0.314702
vt 0.180054 0.658225
vt 0.184844 0.654564
vt 0.157136 0.658846
vt 0.179153 0.655259
vt 0.133033 0.658236
vt 0.413583 0.874460
vt 0.410959 0.873715
vt 0.410100 0.874273
vt 0.364974 0.892242
vt 0.353388 0.870684
vt 0.363353 0.871202
vt 0.364974 0.850105
vt 0.355071 0.848583
vt 0.358798 0.844675
vt 0.364861 0.845817
vt 0.531854 0.874658
vt 0.520675 0.860412
vt 0.529890 0.859420
vt 0.528854 0.844479
vt 0.519578 0.844577
vt 0.529466 0.828511
vt 0.520226 0.827653
vt 0.522747 0.813484
vt 0.531854 0.814058
vt 0.530726 0.812251
vt 0.524798 0.811247
vt 0.440384 0.830275
vt 0.434220 0.838087
vt 0.431636 0.832664
vt 0.437424 0.812477
vt 0.428773 0.812045
vt 0.438100 0.785666
vt 0.428824 0.784841
vt 0.435620 0.762079
vt 0.441228 0.762954
vt 0.441465 0.760640
vt 0.435459 0.759538
vt 0.392069 0.854979
vt 0.383426 0.874434
vt 0.383271 0.854087
vt 0.391998 0.874261
vt 0.386433 0.888993
vt 0.385622 0.835481
vt 0.394704 0.836757
vt 0.394468 0.887884
vt 0.387265 0.890766
vt 0.002300 0.348658
vt 0.025570 0.347423
vt 0.003587 0.348190
vt 0.048315 0.347091
vt 0.059004 0.350279
vt 0.059691 0.347893
vt 0.449086 0.312427
vt 0.420936 0.314883
vt 0.446124 0.314152
vt 0.395938 0.314995
vt 0.420765 0.312136
vt 0.378059 0.314843
vt 0.371360 0.314360
vt 0.368480 0.312694
vt 0.684044 0.313245
vt 0.660840 0.315320
vt 0.681387 0.315246
vt 0.640371 0.315054
vt 0.615899 0.313749
vt 0.620404 0.314533
vt 0.739728 0.869678
vt 0.733017 0.873259
vt 0.730823 0.869855
vt 0.736853 0.850568
vt 0.728712 0.850532
vt 0.736849 0.831552
vt 0.728708 0.830384
vt 0.740666 0.813083
vt 0.732724 0.810577
vt 0.740778 0.809934
vt 0.734103 0.807792
vt 0.406527 0.832783
vt 0.400703 0.836854
vt 0.398647 0.834576
vt 0.396895 0.828441
vt 0.404849 0.824196
vt 0.394949 0.810974
vt 0.403233 0.809643
vt 0.394816 0.786303
vt 0.403109 0.786352
vt 0.398611 0.761747
vt 0.407391 0.764217
vt 0.406782 0.761459
vt 0.400720 0.759428
vt 0.278148 0.881598
vt 0.272330 0.883791
vt 0.270335 0.882487
vt 0.276382 0.871659
vt 0.267161 0.872374
vt 0.276164 0.850753
vt 0.266356 0.850069
vt 0.278369 0.831072
vt 0.268658 0.828441
vt 0.269806 0.827909
vt 0.277558 0.829824
vt 0.614000 0.312809
vt 0.740778 0.873145
vt 0.733796 0.874902
vt 0.332489 0.904342
vt 0.330170 0.912209
vt 0.329371 0.903998
vt 0.349405 0.905403
vt 0.334407 0.912584
vt 0.369121 0.911960
vt 0.349305 0.913519
vt 0.370504 0.904731
vt 0.369220 0.903998
vt 0.325624 0.907830
vt 0.342710 0.850990
vt 0.349726 0.848494
vt 0.348149 0.854606
vt 0.339606 0.855171
vt 0.320362 0.339878
vt 0.338989 0.339665
vt 0.359335 0.339972
vt 0.319122 0.340246
vt 0.349726 0.893496
vt 0.343551 0.898205
vt 0.341308 0.893665
vt 0.347304 0.873766
vt 0.339147 0.874107
vt 0.347852 0.858849
vt 0.339814 0.855976
vt 0.635286 0.318258
vt 0.406116 0.875122
vt 0.975400 0.649656
vt 0.995498 0.701001
vt 0.995505 0.649788
vt 0.613301 0.002592
vt 0.612619 0.009367
vt 0.608736 0.009588
vt 0.614090 0.014453
vt 0.610710 0.017691
vt 0.450706 0.002240
vt 0.452010 0.002586
vt 0.452010 0.017107
vt 0.447982 0.009745
vt 0.299734 0.814926
vt 0.305445 0.815982
vt 0.497196 0.896248
vt 0.493221 0.897405
vt 0.498422 0.897557
vt 0.146761 0.305720
vt 0.688650 0.195749
vt 0.001923 0.087052
vt 0.756666 0.004013
vt 0.505811 0.845516
vt 0.538862 0.774266
vt 0.324291 0.930357
vt 0.652675 0.334215
vt 0.441825 0.326718
vt 0.102666 0.003059
vt 0.689284 0.003391
vt 0.573128 0.631181
vt 0.582642 0.325287
vt 0.045117 0.993728
vt 0.097093 0.341885
vt 0.334735 0.849791
vt 0.329451 0.762232
vt 0.778859 0.523221
vt 0.663963 0.731335
vt 0.481981 0.759304
vt 0.463742 0.759219
vt 0.720023 0.731430
vt 0.414349 0.759277
vt 0.253513 0.643260
vt 0.289564 0.335870
vt 0.698656 0.616627
vt 0.991210 0.002654
vt 0.835354 0.312101
vt 0.199645 0.335069
vt 0.850644 0.622988
vt 0.985051 0.612894
vt 0.537191 0.053472
vt 0.413157 0.904907
vt 0.895811 0.648980
vt 0.500695 0.646372
vt 0.433703 0.635045
vt 0.456027 0.908008
vt 0.650805 0.643022
vt 0.578011 0.326211
vt 0.734581 0.803848
vt 0.104539 0.797949
vt 0.373882 0.884770
vt 0.045117 0.686100
vt 0.552679 0.798735
vt 0.714424 0.882011
vt 0.561869 0.639715
vt 0.256945 0.882435
vt 0.779677 0.623412
vt 0.760991 0.470337
vt 0.501750 0.870347
vt 0.467408 0.887263
vt 0.194914 0.014190
vt 0.291643 0.866907
vt 0.647428 0.370862
vt 0.647480 0.638679
vt 0.332830 0.788674
vt 0.308156 0.784454
vt 0.332836 0.780234
vt 0.308492 0.759135
vt 0.308492 0.809773
vt 0.657449 0.731625
vt 0.845063 0.709163
vt 0.793492 0.709160
vt 0.895145 0.692649
vt 0.706886 0.917781
vt 0.247310 0.759799
vt 0.611086 0.755733
vt 0.653757 0.958813
vt 0.536999 0.878702
vt 0.180385 0.764681
vt 0.680311 0.735664
vt 0.688262 0.731307
vt 0.769326 0.613695
vt 0.176234 0.759805
vt 0.053394 0.772060
vt 0.325758 0.888714
vt 0.453552 0.877367
vt 0.718549 0.889786
vt 0.479267 0.884154
vt 0.152854 0.769680
vt 0.692606 0.735541
vt 0.168090 0.767742
vt 0.176040 0.772098
vt 0.780148 0.605655
vt 0.769091 0.604120
vt 0.328315 0.899312
vt 0.335463 0.891215
vt 0.280331 0.898803
vt 0.281853 0.892560
vt 0.464656 0.883647
vt 0.466116 0.877882
vt 0.458626 0.872405
vt 0.116364 0.770870
vt 0.126378 0.760595
vt 0.472210 0.884646
vt 0.479042 0.895760
vt 0.711935 0.898920
vt 0.717408 0.901482
vt 0.059555 0.760595
vt 0.050705 0.760767
vt 0.530218 0.887986
vt 0.286930 0.681867
vt 0.398652 0.681867
vt 0.455063 0.681867
vt 0.538639 0.681867
vt 0.622215 0.681867
vt 0.789367 0.681867
vt 0.872943 0.681867
vt 0.008343 0.681867
vt 0.175496 0.681867
vt 0.102043 0.983551
vt 0.102449 0.965165
vt 0.303695 0.704081
vt 0.431859 0.704081
vt 0.508286 0.704081
vt 0.584672 0.704081
vt 0.661057 0.704081
vt 0.711981 0.704081
vt 0.762905 0.704081
vt 0.864753 0.704081
vt 0.125462 0.704081
vt 0.201848 0.704081
vt 0.252772 0.704081
vt 0.102042 0.987439
vt 0.102044 0.975832
vt 0.547167 0.709023
vt 0.612085 0.709023
vt 0.677003 0.709023
vt 0.741921 0.709023
vt 0.070319 0.709023
vt 0.113598 0.709023
vt 0.221795 0.709023
vt 0.351631 0.709023
vt 0.395541 0.709023
vt 0.482249 0.709023
vt 0.049803 0.994859
vt 0.898833 0.657052
vt 0.452708 0.312554
vt 0.455879 0.002096
vt 0.371409 0.002166
vt 0.138397 0.346116
vt 0.621212 0.002220
vt 0.363454 0.651310
vt 0.540573 0.002299
vt 0.886805 0.314923
vt 0.062372 0.660610
vt 0.249560 0.644420
vt 0.954042 0.649696
vt 0.381296 0.759247
vt 0.361185 0.759285
vt 0.286967 0.761050
vt 0.424049 0.840890
vt 0.458606 0.831317
vt 0.528373 0.761380
vt 0.268464 0.761733
vt 0.905408 0.316304
vt 0.951702 0.644560
vt 0.432315 0.325355
vt 0.245416 0.337934
vt 0.955434 0.955707
vt 0.125984 0.347569
vt 0.913706 0.639138
vt 0.830565 0.002158
vt 0.068809 0.347840
vt 0.760383 0.636792
vt 0.546526 0.892868
vt 0.828442 0.647866
vt 0.766643 0.621500
vt 0.910687 0.626351
vt 0.845207 0.634330
vt 0.896679 0.002537
vt 0.686997 0.317679
vt 0.536609 0.310671
vt 0.355137 0.894527
vt 0.523775 0.876730
vt 0.441465 0.835643
vt 0.394704 0.889547
vt 0.062372 0.348050
vt 0.407391 0.835236
vt 0.278369 0.883125
vt 0.372713 0.910797
vt 0.349123 0.897223
vt 0.614090 0.003116
vt 0.498422 0.811390
s 1
g wooden_bucket_01_wooden_bucket_01
usemtl wooden_bucket_01
f 76/1/1 109/2/2 73/3/3
f 192/4/4 53/5/5 5/6/6
f 183/7/7 40/8/8 28/9/9
f 182/10/10 44/11/11 31/12/12
f 33/13/13 174/14/14 46/15/15
f 177/16/16 2548/17/17 40/8/8
f 176/18/18 28/9/9 43/19/19
f 184/20/20 625/21/21 175/22/22
f 46/15/15 182/10/10 31/12/12
f 49/23/23 172/24/24 50/25/25
f 171/26/26 85/27/27 53/5/5
f 170/28/28 82/29/29 54/30/30
f 85/27/27 170/28/28 54/30/30
f 145/31/31 52/32/32 120/33/33
f 27/34/34 125/35/35 133/36/36
f 29/37/37 126/38/38 132/39/39
f 30/40/40 124/41/41 131/42/42
f 113/43/43 2295/44/44 144/45/45
f 110/46/46 2294/47/47 143/48/48
f 2248/49/49 47/50/50 123/51/51
f 126/38/38 2182/52/52 134/53/53
f 42/54/54 132/39/39 125/35/35
f 45/55/55 133/36/36 124/41/41
f 123/51/51 30/40/40 131/42/42
f 122/56/56 51/57/57 121/58/58
f 52/32/32 103/59/59 120/33/33
f 168/60/60 106/61/61 117/62/62
f 109/2/2 189/63/63 141/64/64
f 141/64/64 2290/65/65 140/66/66
f 187/67/67 139/68/68 138/69/69
f 2297/70/70 138/69/69 146/71/71
f 142/72/72 186/73/73 137/74/74
f 137/74/74 186/73/73 185/75/75
f 185/75/75 135/76/76 136/77/77
f 127/78/78 180/79/79 130/80/80
f 100/81/81 179/82/82 129/83/83
f 129/83/83 2283/84/84 128/85/85
f 193/86/86 127/78/78 147/87/87
f 166/88/88 117/62/62 115/89/89
f 118/90/90 167/91/91 116/92/92
f 55/93/93 104/94/94 119/95/95
f 104/94/94 48/96/96 122/56/56
f 2293/97/97 108/98/98 2253/99/99
f 157/100/100 114/101/101 106/61/61
f 165/102/102 113/43/43 114/101/101
f 149/103/103 112/104/104 98/105/105
f 191/106/106 111/107/107 2254/108/108
f 112/104/104 161/109/109 110/46/46
f 3/110/110 146/71/71 138/69/69
f 192/4/4 120/33/33 171/26/26
f 159/111/111 107/112/112 108/98/98
f 156/113/113 115/89/89 105/114/114
f 132/39/39 177/16/16 183/7/7
f 131/42/42 175/22/22 182/10/10
f 64/115/115 144/45/45 2172/116/116
f 110/46/46 7/117/117 70/118/118
f 181/119/119 123/51/51 174/14/14
f 126/38/38 2286/120/120 177/16/16
f 125/35/35 183/7/7 176/18/18
f 124/41/41 184/20/20 175/22/22
f 174/14/14 131/42/42 182/10/10
f 122/56/56 172/24/24 173/121/121
f 120/33/33 154/122/122 171/26/26
f 117/62/62 79/123/123 57/124/124
f 73/3/3 141/64/64 14/125/125
f 14/125/125 140/66/66 16/126/126
f 138/69/69 19/127/127 21/128/128
f 21/128/128 3/110/110 138/69/69
f 167/91/91 105/114/114 116/92/92
f 97/129/129 152/130/130 101/131/131
f 130/80/80 151/132/132 100/81/81
f 36/133/133 128/85/85 2188/134/134
f 147/135/87 39/136/135 1/137/136
f 139/68/68 150/138/137 99/139/138
f 162/140/139 98/105/105 111/107/107
f 99/139/138 190/141/140 142/72/72
f 106/61/61 62/142/141 79/123/123
f 114/101/101 64/115/115 62/142/141
f 93/143/142 112/104/104 66/144/143
f 2254/108/108 69/145/144 2173/146/145
f 153/147/146 97/129/129 102/148/147
f 155/149/148 49/23/23 82/29/29
f 108/98/98 76/1/1 75/150/149
f 105/114/114 60/151/150 81/152/151
f 59/153/152 105/114/114 81/152/151
f 96/154/153 101/131/131 87/155/154
f 34/156/155 100/81/81 90/157/156
f 139/68/68 91/158/157 19/127/127
f 69/145/144 98/105/105 93/143/142
f 99/139/138 11/159/158 91/158/157
f 86/160/159 97/129/129 96/154/153
f 154/122/122 119/95/95 170/28/28
f 152/130/130 197/161/160 101/131/131
f 150/138/137 649/162/161 190/141/140
f 164/163/162 6/164/163 2295/44/44
f 161/109/109 8/165/164 2294/47/47
f 72/166/165 189/63/63 160/167/166
f 189/63/63 17/168/167 2290/65/65
f 187/67/67 648/169/168 188/170/169
f 2297/70/70 647/171/170 187/67/67
f 186/172/73 199/173/171 200/174/172
f 186/172/73 2289/175/173 185/176/75
f 651/177/174 649/162/161 12/178/175
f 178/179/176 35/180/177 180/79/79
f 151/132/132 37/181/178 179/82/82
f 179/82/82 2189/182/179 2283/84/84
f 193/86/86 38/183/180 178/179/176
f 61/184/181 626/185/182 166/88/88
f 56/186/183 167/187/91 169/188/184
f 80/189/185 166/88/88 156/113/113
f 78/190/186 165/102/102 157/100/100
f 63/191/187 164/163/162 165/102/102
f 94/192/188 163/193/189 149/103/103
f 2174/194/190 162/140/139 191/106/106
f 67/195/191 161/109/109 163/193/189
f 158/196/192 72/166/165 160/167/166
f 10/197/193 159/111/111 2293/97/97
f 74/198/194 158/196/192 159/111/111
f 622/199/195 78/190/186 157/100/100
f 58/200/196 156/113/113 167/91/91
f 88/201/197 198/202/198 152/130/130
f 148/203/199 88/201/197 152/130/130
f 180/79/79 89/204/200 151/132/132
f 188/170/169 650/205/201 150/138/137
f 68/206/202 149/103/103 162/140/139
f 2217/207/203 148/203/199 153/147/146
f 103/59/59 55/93/93 119/95/95
f 133/36/36 176/18/18 184/20/20
f 142/72/72 22/208/204 11/159/158
f 22/208/204 136/77/77 24/209/205
f 24/209/205 135/76/76 26/210/206
f 39/211/135 130/80/80 34/156/155
f 90/157/156 129/83/83 36/133/133
f 115/89/89 57/124/124 60/151/150
f 2198/212/207 116/92/92 59/153/152
f 119/95/95 155/149/148 170/28/28
f 104/94/94 173/121/121 155/149/148
f 2253/99/99 75/150/149 9/213/208
f 66/144/143 110/46/46 70/118/118
f 107/112/112 160/167/166 109/2/2
f 196/214/209 198/202/198 195/215/210
f 2309/216/211 194/217/212 197/161/160
f 2311/218/213 197/161/160 198/202/198
f 101/131/131 194/217/212 87/155/154
f 201/219/214 199/173/171 25/220/215
f 199/221/171 202/222/216 203/223/217
f 201/224/214 25/225/215 651/177/174
f 199/221/171 2312/226/218 200/227/172
f 200/227/172 2312/226/218 2289/228/173
f 41/229/219 218/230/220 224/231/221
f 69/145/144 250/232/222 238/233/223
f 1/137/136 223/234/224 204/235/225
f 2306/236/226 252/237/227 194/217/212
f 83/238/228 231/239/229 245/240/230
f 45/55/55 219/241/231 226/242/232
f 3/110/110 213/243/233 205/244/234
f 7/117/117 239/245/235 70/118/118
f 2182/52/52 224/231/221 2329/246/236
f 22/208/204 208/247/237 11/159/158
f 32/248/238 227/249/239 47/50/50
f 42/54/54 218/230/220 29/37/37
f 194/217/212 247/250/240 87/155/154
f 73/3/3 242/251/241 76/1/1
f 24/209/205 214/252/242 22/208/204
f 86/160/159 251/253/243 2347/254/244
f 96/154/153 247/250/240 251/253/243
f 9/213/208 241/255/245 2325/256/246
f 27/34/34 226/242/232 217/257/247
f 26/210/206 215/258/248 24/209/205
f 66/144/143 250/232/222 93/143/142
f 11/159/158 249/259/249 91/158/157
f 34/156/155 223/260/224 39/211/135
f 75/150/149 242/251/241 241/255/245
f 60/151/150 232/261/250 234/262/251
f 47/50/50 219/241/231 30/40/40
f 34/156/155 248/263/252 221/264/253
f 2173/146/145 238/233/223 207/265/254
f 13/266/255 205/244/234 209/267/256
f 79/123/123 232/261/250 57/124/124
f 2198/212/207 233/268/257 2337/269/258
f 4/270/259 230/271/260 52/32/32
f 36/133/133 248/263/252 90/157/156
f 51/57/57 228/272/261 229/273/262
f 19/127/127 249/259/249 212/274/263
f 59/153/152 244/275/264 233/268/257
f 73/3/3 210/276/265 240/277/266
f 60/151/150 244/275/264 81/152/151
f 2188/134/134 222/278/267 36/133/133
f 83/238/228 228/272/261 48/96/96
f 16/126/126 210/276/265 14/125/125
f 62/142/141 243/279/268 79/123/123
f 42/54/54 217/257/247 225/280/269
f 2172/116/116 236/281/270 64/115/115
f 84/282/271 231/239/229 55/93/93
f 52/32/32 246/283/272 84/282/271
f 64/115/115 235/284/273 62/142/141
f 66/144/143 239/245/235 237/285/274
f 19/127/127 213/243/233 21/128/128
f 351/286/275 268/287/276 276/288/277
f 319/289/278 287/290/279 377/291/280
f 385/292/281 280/293/282 364/294/283
f 385/292/281 281/295/284 291/296/285
f 354/297/286 292/298/287 277/299/288
f 319/289/278 2365/300/289 261/301/290
f 356/302/291 293/303/292 389/304/293
f 305/305/294 2364/306/295 316/307/296
f 323/308/297 262/309/298 263/310/299
f 359/311/300 292/298/287 387/312/301
f 322/313/302 297/314/303 262/309/298
f 354/297/286 2373/315/304 355/316/305
f 359/311/300 293/303/292 279/317/306
f 356/302/291 255/318/307 278/319/308
f 392/320/309 300/321/310 295/322/311
f 364/294/283 2376/323/312 2436/324/313
f 328/325/314 2470/326/315 265/327/316
f 393/328/317 270/329/318 296/330/319
f 369/331/320 256/332/321 283/333/322
f 383/334/323 618/335/324 362/336/325
f 330/337/326 273/338/327 2368/339/328
f 365/340/329 618/335/324 281/295/284
f 326/341/330 265/327/316 264/342/331
f 383/334/323 282/343/332 290/344/333
f 369/331/320 282/343/332 368/345/334
f 349/346/335 615/347/336 332/348/337
f 381/349/338 287/290/279 289/350/339
f 334/351/340 274/352/341 266/353/342
f 343/354/343 2359/355/344 303/356/345
f 351/286/275 267/357/346 336/358/347
f 397/359/348 284/360/349 298/361/350
f 399/362/351 295/322/311 299/363/352
f 375/364/353 284/360/349 372/365/354
f 393/328/317 269/366/355 339/367/356
f 323/308/297 254/368/357 305/305/294
f 375/364/353 258/369/358 286/370/359
f 401/371/360 301/372/361 300/321/310
f 341/373/362 271/374/363 270/329/318
f 399/362/351 294/375/364 2456/376/365
f 343/354/343 269/366/355 272/377/366
f 374/378/367 257/379/368 310/380/369
f 397/359/348 285/381/370 374/378/367
f 347/382/371 615/347/336 274/352/341
f 380/383/372 259/384/373 313/385/374
f 381/349/338 288/386/375 380/383/372
f 336/358/347 275/387/376 349/346/335
f 395/388/377 260/389/378 297/314/303
f 334/351/340 273/338/327 345/390/379
f 315/391/380 264/342/331 260/389/378
f 219/392/231 352/393/381 335/394/382
f 243/395/268 361/396/383 232/397/250
f 233/398/257 386/399/384 363/400/385
f 228/401/261 2431/402/386 229/403/262
f 240/404/266 318/405/387 378/406/388
f 228/401/261 388/407/389 353/408/390
f 211/409/391 318/405/387 210/410/265
f 246/411/272 358/412/392 231/413/229
f 230/414/260 390/415/393 246/411/272
f 212/416/263 324/417/394 213/418/233
f 245/419/230 358/412/392 388/407/389
f 205/420/234 324/417/394 304/421/395
f 214/422/242 314/423/396 208/424/237
f 251/425/243 391/426/397 400/427/398
f 215/428/248 325/429/399 214/422/242
f 216/430/400 327/431/401 215/428/248
f 221/432/253 394/433/402 338/434/403
f 234/435/251 361/396/383 366/436/404
f 233/398/257 360/437/405 2337/438/258
f 212/416/263 396/439/406 321/440/407
f 234/435/251 386/399/384 244/441/264
f 235/442/273 384/443/408 243/395/268
f 225/444/269 331/445/409 348/446/410
f 236/447/270 367/448/411 235/442/273
f 224/449/221 333/450/412 346/451/413
f 238/452/223 398/453/414 373/454/415
f 226/455/232 335/394/382 350/456/416
f 220/457/417 352/393/381 227/458/239
f 251/425/243 2455/459/418 2347/460/244
f 237/461/274 398/453/414 250/462/222
f 223/463/224 338/434/403 344/464/419
f 209/465/256 304/421/395 317/466/420
f 252/467/227 2469/468/421 402/469/422
f 238/452/223 309/470/423 207/471/254
f 230/414/260 306/472/424 357/473/425
f 252/467/227 391/426/397 247/474/240
f 222/475/267 394/433/402 248/476/252
f 222/475/267 342/477/426 340/478/427
f 236/447/270 307/479/428 370/480/429
f 239/481/235 371/482/430 237/461/274
f 204/483/225 344/464/419 302/484/431
f 239/481/235 311/485/432 376/486/433
f 2329/487/236 346/451/413 2420/488/434
f 240/404/266 382/489/435 242/490/241
f 225/444/269 333/450/412 218/491/220
f 2325/492/246 379/493/436 2411/494/437
f 226/455/232 331/445/409 217/495/247
f 208/424/237 396/439/406 249/496/249
f 241/497/245 382/489/435 379/493/436
f 304/498/395 316/307/296 317/499/420
f 357/500/425 2408/501/438 356/302/291
f 370/502/429 308/503/439 369/331/320
f 376/504/433 312/505/440 375/364/353
f 314/506/396 395/388/377 396/507/406
f 378/508/388 319/289/278 377/291/280
f 318/509/387 2414/510/441 319/289/278
f 321/511/407 323/308/297 324/512/394
f 304/498/395 323/308/297 305/305/294
f 325/513/399 315/391/380 314/506/396
f 327/514/401 326/341/330 325/513/399
f 327/514/401 329/515/442 328/325/314
f 348/516/410 332/348/337 347/382/371
f 333/517/412 345/390/379 346/518/413
f 350/519/416 336/358/347 349/346/335
f 352/520/381 337/521/443 351/286/275
f 344/522/419 339/367/356 343/354/343
f 340/523/427 393/328/317 394/524/402
f 340/523/427 2426/525/444 341/373/362
f 344/522/419 303/356/345 302/526/431
f 346/518/413 330/337/326 2420/527/434
f 348/516/410 334/351/340 333/517/412
f 350/519/416 332/348/337 331/528/409
f 335/529/382 351/286/275 336/358/347
f 353/530/390 355/316/305 2431/531/386
f 357/500/425 389/304/293 390/532/393
f 388/533/389 359/311/300 387/312/301
f 366/534/404 362/336/325 365/340/329
f 363/535/385 2436/324/313 360/536/405
f 366/534/404 385/292/281 386/537/384
f 367/538/411 383/334/323 384/539/408
f 370/502/429 368/345/334 367/538/411
f 371/540/430 397/359/348 398/541/414
f 373/542/415 310/380/369 309/543/423
f 376/504/433 372/365/354 371/540/430
f 378/508/388 381/349/338 382/544/435
f 379/545/436 313/385/374 2411/546/437
f 379/545/436 381/349/338 380/383/372
f 361/547/383 383/334/323 362/336/325
f 363/535/385 385/292/281 364/294/283
f 353/530/390 387/312/301 354/297/286
f 390/532/393 359/311/300 358/548/392
f 400/549/398 392/320/309 399/362/351
f 338/550/403 393/328/317 339/367/356
f 321/511/407 395/388/377 322/313/302
f 373/542/415 397/359/348 374/378/367
f 400/549/398 2456/376/365 2455/551/418
f 403/552/445 402/553/422 2469/554/421
f 392/320/309 402/553/422 401/371/360
f 404/555/446 203/556/447 202/557/448
f 265/327/316 2470/326/315 404/558/449
f 298/559/450 417/560/451 427/561/452
f 272/562/453 410/563/454 413/564/455
f 301/565/456 429/566/457 300/567/458
f 257/568/459 418/569/460 2478/570/461
f 295/571/462 429/566/457 425/572/463
f 296/573/464 411/574/465 426/575/466
f 255/576/467 415/577/468 278/578/469
f 271/579/470 411/574/465 270/580/471
f 284/581/451 419/582/472 417/560/451
f 272/562/453 2473/583/473 2359/584/474
f 433/585/475 37/181/178 434/586/476
f 286/587/477 2479/588/478 419/582/472
f 289/589/479 420/590/480 422/591/479
f 435/592/481 37/181/178 89/204/200
f 288/593/482 407/594/483 259/595/484
f 436/596/485 89/204/200 35/180/177
f 289/589/479 421/597/486 288/593/482
f 436/596/485 38/183/180 437/598/487
f 2373/599/488 414/600/489 652/601/490
f 277/602/491 423/603/492 414/600/489
f 261/604/493 420/590/480 287/605/494
f 279/606/495 424/607/496 416/608/495
f 278/578/469 424/607/496 293/609/497
f 2365/610/498 408/611/499 261/604/493
f 279/606/495 423/603/492 292/612/500
f 299/613/501 425/572/463 428/614/502
f 296/573/464 410/563/454 269/615/503
f 437/598/487 2/616/504 438/617/505
f 298/559/450 418/569/460 285/618/506
f 294/619/507 428/614/502 2498/620/508
f 432/621/509 2217/207/203 2507/622/510
f 431/623/511 95/624/512 432/621/509
f 430/625/513 88/201/197 431/623/511
f 430/625/513 196/214/209 195/215/210
f 440/626/514 50/25/25 2519/627/515
f 440/626/514 82/29/29 49/23/23
f 442/628/516 82/29/29 441/629/517
f 442/628/516 85/27/27 54/30/30
f 443/630/518 53/5/5 85/27/27
f 444/631/519 5/6/6 53/5/5
f 406/632/520 444/633/519 415/634/521
f 424/635/522 444/633/519 443/636/518
f 416/637/523 443/636/518 442/638/516
f 416/637/523 441/639/517 423/640/524
f 423/640/524 440/641/514 414/642/525
f 414/642/525 2519/643/515 652/644/526
f 2505/645/527 430/646/513 429/647/528
f 429/647/528 431/648/511 425/649/529
f 425/649/529 432/650/509 428/651/530
f 2498/652/531 432/650/509 2507/653/510
f 413/654/532 438/655/505 2473/656/533
f 410/657/534 437/658/487 413/654/532
f 410/657/534 435/659/481 436/660/485
f 411/661/535 435/659/481 426/662/536
f 412/663/537 434/664/476 411/661/535
f 446/665/538 2174/194/190 2529/666/539
f 447/667/540 68/206/202 446/665/538
f 447/667/540 67/195/191 94/192/188
f 448/668/541 71/669/542 67/195/191
f 450/670/543 71/669/542 449/671/544
f 451/672/545 10/197/193 2535/673/546
f 452/674/547 74/198/194 451/672/545
f 452/674/547 72/166/165 77/675/548
f 453/676/549 15/677/550 72/166/165
f 454/678/551 17/168/167 15/677/550
f 408/679/552 455/680/553 454/681/551
f 420/682/554 454/681/551 453/683/549
f 422/684/555 453/683/549 452/685/547
f 422/684/555 451/686/545 421/687/556
f 421/687/556 2535/688/546 407/689/557
f 2479/690/558 449/691/544 419/692/559
f 417/693/560 449/691/544 448/694/541
f 427/695/561 448/694/541 447/696/540
f 427/695/561 446/697/538 418/698/562
f 418/698/562 2529/699/539 2478/700/563
f 262/701/564 461/702/565 458/703/566
f 263/704/567 456/705/568 254/706/569
f 297/707/565 457/708/570 461/702/565
f 260/709/571 460/710/572 457/708/570
f 263/704/567 458/703/566 459/711/573
f 2481/712/574 459/713/575 20/714/576
f 18/715/577 459/713/575 458/716/578
f 18/715/577 461/717/579 92/718/580
f 92/718/580 457/719/581 12/720/175
f 23/721/582 12/720/175 457/719/581
f 460/710/572 265/722/583 462/723/584
f 460/710/572 23/724/582 457/708/581
f 202/725/585 460/710/572 462/723/584
f 404/726/586 462/723/584 265/722/583
f 404/726/586 202/725/585 462/723/584
f 456/727/568 2364/306/587 254/368/569
f 2481/712/574 456/728/568 459/713/575
f 405/729/588 439/730/589 33/731/590
f 463/732/591 2368/733/328 2548/734/17
f 78/190/186 469/735/592 63/191/187
f 65/736/593 469/735/592 470/737/594
f 80/189/185 467/738/595 472/739/596
f 475/740/597 614/741/598 638/742/599
f 2376/323/312 476/743/600 474/744/601
f 80/189/185 468/745/602 61/184/181
f 291/296/285 477/746/603 481/747/604
f 56/186/183 467/748/595 58/749/196
f 65/736/593 464/750/605 6/164/163
f 290/344/333 478/751/606 480/752/607
f 56/186/183 474/753/601 465/754/608
f 282/343/332 479/755/609 478/751/606
f 291/296/285 476/743/600 280/293/282
f 256/756/321 479/757/609 283/758/322
f 6/759/163 473/760/610 256/756/321
f 78/190/186 642/761/611 632/762/612
f 466/763/613 486/764/614 484/765/615
f 477/746/603 499/766/616 481/747/604
f 469/735/592 488/767/617 470/737/594
f 480/752/607 496/768/618 498/769/619
f 470/737/594 482/770/620 464/750/605
f 478/751/606 497/771/621 496/768/618
f 471/772/622 487/773/623 469/735/592
f 480/752/607 493/774/624 475/740/597
f 472/739/596 486/764/614 468/745/602
f 467/748/595 483/775/625 485/776/626
f 481/747/604 494/777/627 476/743/600
f 479/757/609 491/778/628 497/779/621
f 471/772/622 484/765/615 489/780/629
f 465/754/608 492/781/630 483/775/625
f 475/740/597 495/782/631 477/746/603
f 472/739/596 485/783/626 490/784/632
f 473/760/610 482/785/620 491/778/628
f 476/743/600 492/786/630 474/744/601
f 483/775/625 510/787/633 501/788/634
f 493/789/624 513/790/635 495/791/631
f 490/784/632 503/792/636 508/793/637
f 491/778/628 500/794/638 509/795/639
f 494/796/627 510/797/633 492/798/630
f 484/765/615 504/799/640 502/800/641
f 495/791/631 517/801/642 499/802/616
f 487/773/623 506/803/643 488/767/617
f 498/804/619 514/805/644 516/806/645
f 488/767/617 500/807/638 482/770/620
f 496/808/618 515/809/646 514/805/644
f 489/780/629 505/810/647 487/773/623
f 493/789/624 516/806/645 511/811/648
f 486/764/614 508/793/637 504/799/640
f 485/776/626 501/788/634 503/812/636
f 499/802/616 512/813/649 494/796/627
f 497/779/621 509/795/639 515/814/646
f 484/765/615 507/815/650 489/780/629
f 531/816/651 514/817/644 515/818/646
f 526/819/652 514/817/644 525/820/653
f 527/821/654 516/822/645 526/819/652
f 527/821/654 513/823/635 511/824/648
f 528/825/655 517/826/642 513/823/635
f 529/827/656 512/828/649 517/826/642
f 508/829/637 522/830/657 504/831/640
f 503/832/636 523/833/658 508/829/637
f 504/831/640 521/834/659 502/835/641
f 502/835/641 520/836/660 507/837/650
f 507/837/650 519/838/661 505/839/647
f 505/839/647 518/840/662 506/841/643
f 523/833/658 530/842/663 529/827/656
f 523/833/658 528/825/655 522/830/657
f 522/830/657 527/821/654 521/834/659
f 521/834/659 526/819/652 520/836/660
f 520/836/660 525/820/653 519/838/661
f 519/838/661 531/816/651 518/840/662
f 501/843/634 524/844/664 503/832/636
f 512/828/649 530/842/663 510/845/633
f 530/842/663 501/843/634 510/845/633
f 506/841/643 518/840/662 500/846/638
f 509/847/639 531/816/651 515/818/646
f 518/840/662 509/847/639 500/846/638
f 268/848/665 405/729/588 33/731/590
f 275/387/376 542/849/666 546/850/667
f 46/15/15 534/851/668 539/852/669
f 33/853/13 543/854/670 268/855/276
f 268/287/276 547/856/671 276/288/277
f 2368/339/328 544/857/672 540/858/673
f 532/859/674 612/860/675 637/861/676
f 44/11/11 534/851/668 31/12/12
f 274/352/341 541/862/677 266/353/342
f 28/9/9 537/863/678 43/19/19
f 40/8/8 548/864/679 536/865/680
f 2548/734/17 540/866/673 548/867/679
f 40/8/8 533/868/681 28/9/9
f 267/357/346 547/856/671 542/849/666
f 545/869/682 629/870/683 643/871/684
f 33/13/13 539/852/669 535/872/685
f 266/353/342 544/857/672 273/338/327
f 534/851/668 556/873/686 539/852/669
f 536/865/680 566/874/687 553/875/688
f 547/856/671 561/876/689 565/877/690
f 533/868/681 553/875/688 550/878/691
f 544/857/672 557/879/692 540/858/673
f 532/859/674 554/880/693 549/881/694
f 545/869/682 559/882/695 541/862/677
f 538/883/696 551/884/697 534/851/668
f 539/852/669 552/885/698 535/872/685
f 542/849/666 565/877/690 560/886/699
f 643/871/684 558/887/700 563/888/701
f 532/859/674 555/889/702 538/883/696
f 535/890/685 561/891/689 543/854/670
f 541/862/677 562/892/703 544/857/672
f 537/863/678 550/878/691 554/880/693
f 548/867/679 557/893/692 566/894/687
f 546/850/667 560/886/699 564/895/704
f 550/878/691 571/896/705 568/897/706
f 562/898/703 575/899/707 557/900/692
f 549/881/694 572/901/708 567/902/709
f 563/903/701 577/904/710 559/905/695
f 555/889/702 569/906/711 551/884/697
f 558/907/700 582/908/712 576/909/713
f 556/873/686 570/910/714 552/885/698
f 560/911/699 583/912/715 578/913/716
f 558/907/700 581/914/717 563/903/701
f 549/881/694 573/915/718 555/889/702
f 552/916/698 579/917/719 561/891/689
f 559/905/695 580/918/720 562/898/703
f 554/880/693 568/897/706 572/901/708
f 557/893/692 584/919/721 566/894/687
f 564/920/704 578/913/716 582/908/712
f 551/884/697 574/921/722 556/873/686
f 553/875/688 584/922/721 571/896/705
f 565/923/690 579/924/719 583/912/715
f 589/925/723 568/926/706 587/927/724
f 577/928/710 590/929/725 588/930/726
f 581/931/717 592/932/727 590/929/725
f 576/933/713 594/934/728 592/932/727
f 582/935/712 596/936/729 594/934/728
f 578/937/716 598/938/730 596/936/729
f 580/939/720 585/940/731 575/941/707
f 595/942/732 574/943/722 569/944/711
f 593/945/733 569/944/711 573/946/718
f 591/947/734 573/946/718 567/948/709
f 591/947/734 572/949/708 589/925/723
f 586/950/735 568/926/706 571/951/705
f 597/952/736 596/936/729 598/938/730
f 593/945/733 596/936/729 595/942/732
f 591/947/734 594/934/728 593/945/733
f 589/925/723 592/932/727 591/947/734
f 587/927/724 590/929/725 589/925/723
f 587/927/724 585/940/731 588/930/726
f 580/939/720 588/930/726 585/940/731
f 584/953/721 586/950/735 571/951/705
f 574/943/722 597/952/736 570/954/714
f 579/955/719 598/938/730 583/956/715
f 570/954/714 598/938/730 579/955/719
f 585/940/731 584/953/721 575/941/707
f 634/957/737 639/958/738 631/959/739
f 633/960/740 642/961/741 640/962/742
f 621/963/743 184/20/20 176/18/18
f 607/964/744 603/965/745 61/184/181
f 643/966/746 628/967/747 645/968/748
f 646/969/749 627/970/750 630/971/751
f 290/344/333 619/972/752 618/335/324
f 621/973/753 615/974/754 616/975/755
f 622/976/756 618/977/757 619/978/758
f 641/979/738 621/973/753 639/958/738
f 640/962/742 622/976/756 619/978/758
f 625/980/759 604/981/760 606/982/761
f 626/983/762 605/984/763 624/985/764
f 606/982/761 609/986/765 608/987/766
f 603/988/760 610/989/767 605/984/763
f 275/387/376 623/990/768 615/347/336
f 608/987/766 601/991/769 600/992/770
f 607/993/771 602/994/772 610/989/767
f 635/995/773 645/968/748 637/996/774
f 638/997/774 644/998/775 646/969/749
f 43/19/19 631/999/776 639/1000/777
f 612/1001/778 635/1002/773 637/1003/774
f 611/1004/779 638/1005/774 614/1006/780
f 615/974/754 625/980/759 616/975/755
f 78/190/186 627/1007/781 471/772/622
f 613/1008/782 546/850/667 564/895/704
f 629/1009/783 631/959/739 628/967/747
f 630/971/751 632/1010/784 633/960/740
f 600/992/770 613/1011/785 612/1001/778
f 599/1012/786 614/1006/780 602/994/772
f 618/977/757 626/983/762 624/985/764
f 471/772/622 644/1013/787 466/763/613
f 636/1014/788 466/763/613 644/1013/787
f 636/1014/788 611/1015/789 466/763/613
f 611/1015/789 468/745/602 466/763/613
f 607/964/744 468/745/602 599/1016/789
f 168/60/60 626/185/182 617/1017/790
f 617/1017/790 157/100/100 168/60/60
f 638/742/599 646/1018/791 475/740/597
f 281/295/284 618/335/324 624/1019/792
f 281/295/284 624/1019/792 605/1020/793
f 290/344/333 640/1021/794 619/972/752
f 475/740/597 646/1018/791 480/752/607
f 475/740/597 477/746/603 614/741/598
f 614/741/598 477/746/603 602/1022/795
f 646/1018/791 630/1023/796 480/752/607
f 633/1024/797 640/1021/794 290/344/333
f 281/295/284 605/1020/793 610/1025/798
f 477/746/603 281/295/284 610/1025/798
f 602/1022/795 477/746/603 610/1025/798
f 630/1023/796 633/1024/797 480/752/607
f 480/752/607 633/1024/797 290/344/333
f 613/1008/782 601/1026/799 546/850/667
f 274/352/341 615/347/336 620/1027/800
f 274/352/341 620/1027/800 641/1028/683
f 275/387/376 604/1029/799 623/990/768
f 609/1030/799 604/1029/799 275/387/376
f 274/352/341 641/1028/683 634/1031/683
f 601/1026/799 609/1030/799 546/850/667
f 546/850/667 609/1030/799 275/387/376
f 545/869/682 274/352/341 634/1031/683
f 629/870/683 545/869/682 634/1031/683
f 613/1008/782 558/887/700 635/1032/801
f 545/869/682 643/871/684 563/888/701
f 637/861/676 645/1033/802 532/859/674
f 44/11/11 606/1034/803 608/1035/804
f 621/963/743 43/19/19 639/1000/777
f 44/11/11 625/21/21 606/1034/803
f 628/1036/805 631/999/776 43/19/19
f 44/11/11 608/1035/804 600/1037/675
f 532/859/674 538/883/696 612/860/675
f 532/859/674 645/1033/802 537/863/678
f 645/1033/802 628/1036/805 537/863/678
f 612/860/675 538/883/696 600/1037/675
f 538/883/696 44/11/11 600/1037/675
f 537/863/678 628/1036/805 43/19/19
f 136/77/77 137/74/74 185/75/75
f 190/141/140 651/177/174 25/225/215
f 648/169/168 20/1038/576 18/1039/577
f 650/205/201 18/1039/577 92/1040/580
f 647/171/170 2169/1041/806 20/1038/576
f 650/205/201 12/178/175 649/162/161
f 12/178/175 201/224/214 651/177/174
f 2169/1042/806 2481/712/574 20/714/576
f 668/1043/807 723/1044/808 713/1045/809
f 739/1046/810 703/1047/811 738/1048/812
f 747/1049/813 691/1050/814 748/1051/815
f 718/1052/757 658/1053/757 717/1054/757
f 752/1055/816 683/1056/817 751/1057/818
f 687/1058/819 749/1059/820 750/1060/821
f 658/1053/757 662/1061/757 660/1062/757
f 654/1063/757 664/1064/757 656/1065/757
f 653/1066/774 655/1067/774 663/1068/774
f 661/1069/774 657/1070/774 659/1071/774
f 706/1072/822 725/1073/823 675/1074/822
f 712/1075/824 735/1076/825 669/1077/826
f 746/1078/827 686/1079/828 745/1080/829
f 716/1081/757 664/1064/757 715/1082/757
f 690/1083/774 663/1068/774 655/1067/774
f 698/1084/830 679/1085/831 677/1086/830
f 699/1087/832 678/1088/833 679/1089/832
f 704/1090/834 673/1091/835 671/1092/834
f 705/1093/836 672/1094/811 673/1095/837
f 675/1074/822 708/1096/838 706/1072/822
f 676/1097/839 707/1098/840 708/1099/839
f 681/1100/841 702/1101/842 700/1102/841
f 682/1103/843 701/1104/844 702/1105/843
f 694/1106/819 688/1107/845 696/1108/845
f 688/1109/846 695/1110/828 696/1111/846
f 712/1075/824 670/1112/847 714/1113/847
f 714/1114/848 668/1043/807 713/1045/809
f 665/1115/849 711/1116/850 667/1117/850
f 711/1118/851 666/1119/852 667/1120/851
f 692/1121/817 685/1122/853 683/1056/817
f 685/1123/854 691/1050/814 684/1124/855
f 722/1125/856 709/1126/852 721/1127/857
f 716/1081/757 723/1044/808 724/1128/858
f 719/1129/774 661/1069/774 720/1130/774
f 671/1092/834 731/1131/859 704/1090/834
f 729/1132/860 697/1133/833 732/1134/861
f 727/1135/862 725/1073/823 728/1136/863
f 732/1134/861 730/1137/864 729/1132/860
f 727/1135/862 680/1138/844 726/1139/865
f 665/1115/849 737/1140/866 710/1141/867
f 733/1142/868 735/1076/825 734/1143/869
f 738/1048/812 740/1144/870 739/1046/810
f 733/1142/868 674/1145/840 736/1146/871
f 690/1083/774 721/1127/857 689/1147/774
f 700/1102/841 741/1148/872 681/1100/841
f 677/1086/830 744/1149/873 698/1084/830
f 742/1150/874 745/1080/829 741/1148/872
f 744/1149/873 747/1049/813 748/1051/815
f 750/1060/821 718/1052/757 717/1054/757
f 720/1130/774 751/1057/818 719/1129/774
f 922/1151/875 1045/1152/876 1042/1153/877
f 926/1154/878 1056/1155/879 928/1156/880
f 928/1156/880 1060/1157/881 930/1158/882
f 1060/1157/881 932/1159/883 930/1158/882
f 1064/1160/884 934/1161/885 932/1159/883
f 1068/1162/886 936/1163/887 934/1161/885
f 936/1163/887 1076/1164/888 938/1165/889
f 1076/1164/888 940/1166/890 938/1165/889
f 1080/1167/891 942/1168/892 940/1166/890
f 942/1168/892 1088/1169/893 944/1170/894
f 944/1170/894 1043/1171/895 921/1172/896
f 1573/1173/897 949/1174/898 1577/1175/899
f 1043/1171/895 924/1176/900 921/1172/896
f 943/1177/901 1042/1153/877 1085/1178/902
f 994/1179/903 1093/1180/904 1090/1181/905
f 998/1182/906 1104/1183/907 1000/1184/908
f 1000/1184/908 1108/1185/909 1002/1186/910
f 1002/1186/910 1112/1187/911 1004/1188/912
f 1112/1187/911 1006/1189/913 1004/1188/912
f 1116/1190/914 1008/1191/915 1006/1189/913
f 1120/1192/916 1010/1193/917 1008/1191/915
f 1010/1193/917 1128/1194/918 1012/1195/919
f 1128/1194/918 1014/1196/920 1012/1195/919
f 1014/1196/920 1136/1197/921 1016/1198/922
f 1136/1197/921 993/1199/923 1016/1198/922
f 1019/1200/924 1385/1201/925 1381/1202/926
f 1091/1203/927 996/1204/928 993/1199/923
f 1133/1205/929 994/1179/903 1090/1181/905
f 1138/1206/930 779/1207/931 1141/1208/932
f 782/1209/933 1152/1210/934 784/1211/935
f 1152/1210/934 786/1212/936 784/1211/935
f 1156/1213/937 788/1214/938 786/1212/936
f 788/1214/938 1164/1215/939 790/1216/940
f 1164/1215/939 792/1217/941 790/1216/940
f 792/1217/941 1172/1218/942 794/1219/943
f 1172/1218/942 796/1220/944 794/1219/943
f 796/1220/944 1180/1221/945 798/1222/946
f 798/1222/946 1184/1223/947 800/1224/948
f 800/1224/948 1139/1225/949 777/1226/950
f 1285/1227/951 805/1228/952 1289/1229/953
f 1139/1225/949 780/1230/954 777/1226/950
f 1181/1231/955 778/1232/956 1138/1206/930
f 754/1233/957 1189/1234/958 1186/1235/959
f 758/1236/960 1200/1237/961 760/1238/962
f 1200/1237/961 762/1239/963 760/1238/962
f 1204/1240/964 764/1241/965 762/1239/963
f 1208/1242/966 766/1243/967 764/1241/965
f 766/1243/967 1216/1244/968 768/1245/969
f 768/1245/969 1220/1246/970 770/1247/971
f 1220/1246/970 772/1248/972 770/1247/971
f 772/1248/972 1228/1249/973 774/1250/974
f 1228/1249/973 776/1251/975 774/1250/974
f 1232/1252/976 753/1253/977 776/1251/975
f 779/1207/931 1145/1254/978 1141/1208/932
f 753/1253/977 1192/1255/979 756/1256/980
f 775/1257/981 1186/1235/959 1229/1258/982
f 1234/1259/983 827/1260/984 1237/1261/985
f 1244/1262/986 832/1263/987 830/1264/988
f 832/1263/987 1252/1265/989 834/1266/990
f 834/1266/990 1256/1267/991 836/1268/992
f 836/1268/992 1260/1269/993 838/1270/994
f 838/1270/994 1264/1271/995 840/1272/996
f 1264/1271/995 842/1273/997 840/1272/996
f 842/1273/997 1272/1274/998 844/1275/999
f 844/1275/999 1276/1276/1000 846/1277/1001
f 1276/1276/1000 848/1278/1002 846/1277/1001
f 1280/1279/1003 825/1280/1004 848/1278/1002
f 851/1281/1005 1433/1282/1006 1429/1283/1007
f 825/1280/1004 1240/1284/1008 828/1285/1009
f 847/1286/1010 1234/1259/983 1277/1287/1011
f 802/1288/1012 1285/1227/951 1282/1289/1013
f 806/1290/1014 1296/1291/1015 808/1292/1016
f 1296/1291/1015 810/1293/1017 808/1292/1016
f 810/1293/1017 1304/1294/1018 812/1295/1019
f 812/1295/1019 1308/1296/1020 814/1297/1021
f 814/1297/1021 1312/1298/1022 816/1299/1023
f 1312/1298/1022 818/1300/1024 816/1299/1023
f 818/1300/1024 1320/1301/1025 820/1302/1026
f 820/1302/1026 1324/1303/1027 822/1304/1028
f 1324/1303/1027 824/1305/1029 822/1304/1028
f 1328/1306/1030 801/1307/1031 824/1305/1029
f 827/1260/984 1241/1308/1032 1237/1261/985
f 801/1307/1031 1288/1309/1033 804/1310/1034
f 1325/1311/1035 802/1288/1012 1282/1289/1013
f 970/1312/1036 1333/1313/1037 1330/1314/1038
f 1340/1315/1039 976/1316/1040 974/1317/1041
f 1344/1318/1042 978/1319/1043 976/1316/1040
f 978/1319/1043 1352/1320/1044 980/1321/1045
f 980/1321/1045 1356/1322/1046 982/1323/1047
f 1356/1322/1046 984/1324/1048 982/1323/1047
f 1360/1325/1049 986/1326/1050 984/1324/1048
f 1364/1327/1051 988/1328/1052 986/1326/1050
f 1368/1329/1053 990/1330/1054 988/1328/1052
f 990/1330/1054 1376/1331/1055 992/1332/1056
f 1376/1331/1055 969/1333/1057 992/1332/1056
f 995/1334/1058 1097/1335/1059 1093/1180/904
f 1331/1336/1060 972/1337/1061 969/1333/1057
f 991/1338/1062 1330/1314/1038 1373/1339/1063
f 1018/1340/1064 1381/1202/926 1378/1341/1065
f 1388/1342/1066 1024/1343/1067 1022/1344/1068
f 1024/1343/1067 1396/1345/1069 1026/1346/1070
f 1026/1346/1070 1400/1347/1071 1028/1348/1072
f 1028/1348/1072 1404/1349/1073 1030/1350/1074
f 1030/1350/1074 1408/1351/1075 1032/1352/1076
f 1408/1351/1075 1034/1353/1077 1032/1352/1076
f 1034/1353/1077 1416/1354/1078 1036/1355/1079
f 1416/1354/1078 1038/1356/1080 1036/1355/1079
f 1420/1357/1081 1040/1358/1082 1038/1356/1080
f 1424/1359/1083 1017/1360/1084 1040/1358/1082
f 1379/1361/1085 1020/1362/1086 1017/1360/1084
f 1039/1363/1087 1378/1341/1065 1421/1364/1088
f 1426/1365/1089 851/1281/1005 1429/1283/1007
f 854/1366/1090 1440/1367/1091 856/1368/1092
f 1440/1367/1091 858/1369/1093 856/1368/1092
f 858/1369/1093 1448/1370/1094 860/1371/1095
f 860/1371/1095 1452/1372/1096 862/1373/1097
f 1452/1372/1096 864/1374/1098 862/1373/1097
f 1456/1375/1099 866/1376/1100 864/1374/1098
f 866/1376/1100 1464/1377/1101 868/1378/1102
f 868/1378/1102 1468/1379/1103 870/1380/1104
f 870/1380/1104 1472/1381/1105 872/1382/1106
f 872/1382/1106 1427/1383/1107 849/1384/1108
f 875/1385/1109 1481/1386/1110 1477/1387/1111
f 1427/1383/1107 852/1388/1112 849/1384/1108
f 871/1389/1113 1426/1365/1089 1469/1390/1114
f 874/1391/1115 1477/1387/1111 1474/1392/1116
f 878/1393/1117 1488/1394/1118 880/1395/1119
f 880/1395/1119 1492/1396/1120 882/1397/1121
f 882/1397/1121 1496/1398/1122 884/1399/1123
f 884/1399/1123 1500/1400/1124 886/1401/1125
f 1500/1400/1124 888/1402/1126 886/1401/1125
f 888/1402/1126 1508/1403/1127 890/1404/1128
f 890/1404/1128 1512/1405/1129 892/1406/1130
f 892/1406/1130 1516/1407/1131 894/1408/1132
f 1516/1407/1131 896/1409/1133 894/1408/1132
f 1520/1410/1134 873/1411/1135 896/1409/1133
f 899/1412/1136 1529/1413/1137 1525/1414/1138
f 1475/1415/1139 876/1416/1140 873/1411/1135
f 895/1417/1141 1474/1392/1116 1517/1418/1142
f 1522/1419/1143 899/1412/1136 1525/1414/1138
f 1532/1420/1144 904/1421/1145 902/1422/1146
f 1536/1423/1147 906/1424/1148 904/1421/1145
f 1540/1425/1149 908/1426/1150 906/1424/1148
f 908/1426/1150 1548/1427/1151 910/1428/1152
f 1548/1427/1151 912/1429/1153 910/1428/1152
f 1552/1430/1154 914/1431/1155 912/1429/1153
f 1556/1432/1156 916/1433/1157 914/1431/1155
f 1560/1434/1158 918/1435/1159 916/1433/1157
f 918/1435/1159 1568/1436/1160 920/1437/1161
f 920/1437/1161 1523/1438/1162 897/1439/1163
f 923/1440/1164 1049/1441/1165 1045/1152/876
f 897/1439/1163 1528/1442/1166 900/1443/1167
f 1565/1444/1168 898/1445/1169 1522/1419/1143
f 1570/1446/1170 947/1447/1171 1573/1173/897
f 1580/1448/1172 952/1449/1173 950/1450/1174
f 952/1449/1173 1588/1451/1175 954/1452/1176
f 954/1452/1176 1592/1453/1177 956/1454/1178
f 1592/1453/1177 958/1455/1179 956/1454/1178
f 958/1455/1179 1600/1456/1180 960/1457/1181
f 1600/1456/1180 962/1458/1182 960/1457/1181
f 1604/1459/1183 964/1460/1184 962/1458/1182
f 1608/1461/1185 966/1462/1186 964/1460/1184
f 966/1462/1186 1616/1463/1187 968/1464/1188
f 968/1464/1188 1571/1465/1189 945/1466/1190
f 971/1467/1191 1337/1468/1192 1333/1313/1037
f 1571/1465/1189 948/1469/1193 945/1466/1190
f 1613/1470/1194 946/1471/1195 1570/1446/1170
f 756/1256/980 1196/1472/1196 758/1236/960
f 773/1473/1197 1229/1258/982 1225/1474/1198
f 771/1475/1199 1225/1474/1198 1221/1476/1200
f 1217/1477/1201 771/1475/1199 1221/1476/1200
f 1213/1478/1202 769/1479/1203 1217/1477/1201
f 1209/1480/1204 767/1481/1205 1213/1478/1202
f 1205/1482/1206 765/1483/1207 1209/1480/1204
f 1201/1484/1208 763/1485/1209 1205/1482/1206
f 1197/1486/1210 761/1487/1211 1201/1484/1208
f 757/1488/1212 1197/1486/1210 1193/1489/1213
f 1183/1490/1214 1179/1491/1215 1629/1492/1216
f 780/1230/954 1148/1493/1217 782/1209/933
f 797/1494/1218 1181/1231/955 1177/1495/1219
f 795/1496/1220 1177/1495/1219 1173/1497/1221
f 793/1498/1222 1173/1497/1221 1169/1499/1223
f 1165/1500/1224 793/1498/1222 1169/1499/1223
f 1161/1501/1225 791/1502/1226 1165/1500/1224
f 1157/1503/1227 789/1504/1228 1161/1501/1225
f 1153/1505/1229 787/1506/1230 1157/1503/1227
f 783/1507/1231 1153/1505/1229 1149/1508/1232
f 1145/1254/978 783/1507/1231 1149/1508/1232
f 1167/1509/1233 1163/1510/1234 1629/1492/1216
f 804/1310/1034 1292/1511/1235 806/1290/1014
f 821/1512/1236 1325/1311/1035 1321/1513/1237
f 819/1514/1238 1321/1513/1237 1317/1515/1239
f 817/1516/1240 1317/1515/1239 1313/1517/1241
f 1309/1518/1242 817/1516/1240 1313/1517/1241
f 813/1519/1243 1309/1518/1242 1305/1520/1244
f 1301/1521/1245 813/1519/1243 1305/1520/1244
f 1297/1522/1246 811/1523/1247 1301/1521/1245
f 807/1524/1248 1297/1522/1246 1293/1525/1249
f 805/1228/952 1293/1525/1249 1289/1229/953
f 1151/1526/1250 1147/1527/1251 1629/1492/1216
f 1240/1284/1008 830/1264/988 828/1285/1009
f 845/1528/1252 1277/1287/1011 1273/1529/1253
f 843/1530/1254 1273/1529/1253 1269/1531/1255
f 1265/1532/1256 843/1530/1254 1269/1531/1255
f 1261/1533/1257 841/1534/1258 1265/1532/1256
f 837/1535/1259 1261/1533/1257 1257/1536/1260
f 835/1537/1261 1257/1536/1260 1253/1538/1262
f 1249/1539/1263 835/1537/1261 1253/1538/1262
f 1245/1540/1264 833/1541/1265 1249/1539/1263
f 829/1542/1266 1245/1540/1264 1241/1308/1032
f 1171/1543/1267 1167/1509/1233 1629/1492/1216
f 1432/1544/1268 854/1366/1090 852/1388/1112
f 869/1545/1269 1469/1390/1114 1465/1546/1270
f 1461/1547/1271 869/1545/1269 1465/1546/1270
f 1457/1548/1272 867/1549/1273 1461/1547/1271
f 863/1550/1274 1457/1548/1272 1453/1551/1275
f 861/1552/1276 1453/1551/1275 1449/1553/1277
f 859/1554/1278 1449/1553/1277 1445/1555/1279
f 1441/1556/1280 859/1554/1278 1445/1555/1279
f 855/1557/1281 1441/1556/1280 1437/1558/1282
f 853/1559/1283 1437/1558/1282 1433/1282/1006
f 1155/1560/1284 1151/1526/1250 1629/1492/1216
f 876/1416/1140 1484/1561/1285 878/1393/1117
f 893/1562/1286 1517/1418/1142 1513/1563/1287
f 1509/1564/1288 893/1562/1286 1513/1563/1287
f 1505/1565/1289 891/1566/1290 1509/1564/1288
f 1501/1567/1291 889/1568/1292 1505/1565/1289
f 1497/1569/1293 887/1570/1294 1501/1567/1291
f 883/1571/1295 1497/1569/1293 1493/1572/1296
f 1489/1573/1297 883/1571/1295 1493/1572/1296
f 879/1574/1298 1489/1573/1297 1485/1575/1299
f 877/1576/1300 1485/1575/1299 1481/1386/1110
f 1175/1577/1301 1171/1543/1267 1629/1492/1216
f 1528/1442/1166 902/1422/1146 900/1443/1167
f 1561/1578/1302 919/1579/1303 1565/1444/1168
f 1557/1580/1304 917/1581/1305 1561/1578/1302
f 913/1582/1306 1557/1580/1304 1553/1583/1307
f 1549/1584/1308 913/1582/1306 1553/1583/1307
f 909/1585/1309 1549/1584/1308 1545/1586/1310
f 1541/1587/1311 909/1585/1309 1545/1586/1310
f 1537/1588/1312 907/1589/1313 1541/1587/1311
f 903/1590/1314 1537/1588/1312 1533/1591/1315
f 1529/1413/1137 903/1590/1314 1533/1591/1315
f 1159/1592/1316 1155/1560/1284 1629/1492/1216
f 1048/1593/1317 926/1154/878 924/1176/900
f 941/1594/1318 1085/1178/902 1081/1595/1319
f 1077/1596/1320 941/1594/1318 1081/1595/1319
f 937/1597/1321 1077/1596/1320 1073/1598/1322
f 935/1599/1323 1073/1598/1322 1069/1600/1324
f 933/1601/1325 1069/1600/1324 1065/1602/1326
f 1061/1603/1327 933/1601/1325 1065/1602/1326
f 1057/1604/1328 931/1605/1329 1061/1603/1327
f 1053/1606/1330 929/1607/1331 1057/1604/1328
f 925/1608/1332 1053/1606/1330 1049/1441/1165
f 1143/1609/1333 1140/1610/1334 1629/1492/1216
f 1576/1611/1335 950/1450/1174 948/1469/1193
f 965/1612/1336 1613/1470/1194 1609/1613/1337
f 1605/1614/1338 965/1612/1336 1609/1613/1337
f 961/1615/1339 1605/1614/1338 1601/1616/1340
f 1597/1617/1341 961/1615/1339 1601/1616/1340
f 1593/1618/1342 959/1619/1343 1597/1617/1341
f 1589/1620/1344 957/1621/1345 1593/1618/1342
f 1585/1622/1346 955/1623/1347 1589/1620/1344
f 951/1624/1348 1585/1622/1346 1581/1625/1349
f 949/1174/898 1581/1625/1349 1577/1175/899
f 1179/1491/1215 1175/1577/1301 1629/1492/1216
f 972/1337/1061 1340/1315/1039 974/1317/1041
f 989/1626/1350 1373/1339/1063 1369/1627/1351
f 1365/1628/1352 989/1626/1350 1369/1627/1351
f 985/1629/1353 1365/1628/1352 1361/1630/1354
f 1357/1631/1355 985/1629/1353 1361/1630/1354
f 981/1632/1356 1357/1631/1355 1353/1633/1357
f 1349/1634/1358 981/1632/1356 1353/1633/1357
f 1345/1635/1359 979/1636/1360 1349/1634/1358
f 1341/1637/1361 977/1638/1362 1345/1635/1359
f 1337/1468/1192 975/1639/1363 1341/1637/1361
f 1163/1510/1234 1159/1592/1316 1629/1492/1216
f 996/1204/928 1100/1640/1364 998/1182/906
f 1129/1641/1365 1015/1642/1366 1133/1205/929
f 1125/1643/1367 1013/1644/1368 1129/1641/1365
f 1009/1645/1369 1125/1643/1367 1121/1646/1370
f 1117/1647/1371 1009/1645/1369 1121/1646/1370
f 1113/1648/1372 1007/1649/1373 1117/1647/1371
f 1003/1650/1374 1113/1648/1372 1109/1651/1375
f 1001/1652/1376 1109/1651/1375 1105/1653/1377
f 1101/1654/1378 1001/1652/1376 1105/1653/1377
f 1097/1335/1059 999/1655/1379 1101/1654/1378
f 1140/1610/1334 1183/1490/1214 1629/1492/1216
f 1020/1362/1086 1388/1342/1066 1022/1344/1068
f 1417/1656/1380 1039/1363/1087 1421/1364/1088
f 1413/1657/1381 1037/1658/1382 1417/1656/1380
f 1033/1659/1383 1413/1657/1381 1409/1660/1384
f 1031/1661/1385 1409/1660/1384 1405/1662/1386
f 1029/1663/1387 1405/1662/1386 1401/1664/1388
f 1397/1665/1389 1029/1663/1387 1401/1664/1388
f 1393/1666/1390 1027/1667/1391 1397/1665/1389
f 1389/1668/1392 1025/1669/1393 1393/1666/1390
f 1385/1201/925 1023/1670/1394 1389/1668/1392
f 1147/1527/1251 1143/1609/1333 1629/1492/1216
f 755/1671/1395 1193/1489/1213 1189/1234/958
f 1045/1152/876 1041/1672/1396 1042/1153/877
f 1043/1171/895 1047/1673/1397 1048/1593/1317
f 1049/1441/1165 1046/1674/1398 1045/1152/876
f 1048/1593/1317 1051/1675/1399 1052/1676/1400
f 1053/1606/1330 1050/1677/1401 1049/1441/1165
f 1056/1155/879 1051/1675/1399 1055/1678/1402
f 1053/1606/1330 1058/1679/1403 1054/1680/1404
f 1056/1155/879 1059/1681/1405 1060/1157/881
f 1061/1603/1327 1058/1679/1403 1057/1604/1328
f 1060/1157/881 1063/1682/1406 1064/1160/884
f 1061/1603/1327 1066/1683/1407 1062/1684/1408
f 1068/1162/886 1063/1682/1406 1067/1685/1409
f 1069/1600/1324 1066/1683/1407 1065/1602/1326
f 1068/1162/886 1071/1686/1410 1072/1687/1411
f 1073/1598/1322 1070/1688/1412 1069/1600/1324
f 1076/1164/888 1071/1686/1410 1075/1689/1413
f 1073/1598/1322 1078/1690/1414 1074/1691/1415
f 1076/1164/888 1079/1692/1416 1080/1167/891
f 1077/1596/1320 1082/1693/1417 1078/1690/1414
f 1084/1694/1418 1079/1692/1416 1083/1695/1419
f 1081/1595/1319 1086/1696/1420 1082/1693/1417
f 1088/1169/893 1083/1695/1419 1087/1697/1421
f 1085/1178/902 1041/1672/1396 1086/1696/1420
f 1088/1169/893 1044/1698/1422 1043/1171/895
f 1093/1180/904 1089/1699/1423 1090/1181/905
f 1091/1203/927 1095/1700/1424 1096/1701/1425
f 1093/1180/904 1098/1702/1426 1094/1703/1427
f 1100/1640/1364 1095/1700/1424 1099/1704/1428
f 1097/1335/1059 1102/1705/1429 1098/1702/1426
f 1100/1640/1364 1103/1706/1430 1104/1183/907
f 1101/1654/1378 1106/1707/1431 1102/1705/1429
f 1108/1185/909 1103/1706/1430 1107/1708/1432
f 1109/1651/1375 1106/1707/1431 1105/1653/1377
f 1108/1185/909 1111/1709/1433 1112/1187/911
f 1113/1648/1372 1110/1710/1434 1109/1651/1375
f 1112/1187/911 1115/1711/1435 1116/1190/914
f 1113/1648/1372 1118/1712/1436 1114/1713/1437
f 1120/1192/916 1115/1711/1435 1119/1714/1438
f 1117/1647/1371 1122/1715/1439 1118/1712/1436
f 1120/1192/916 1123/1716/1440 1124/1717/1441
f 1121/1646/1370 1126/1718/1442 1122/1715/1439
f 1128/1194/918 1123/1716/1440 1127/1719/1443
f 1125/1643/1367 1130/1720/1444 1126/1718/1442
f 1132/1721/1445 1127/1719/1443 1131/1722/1446
f 1129/1641/1365 1134/1723/1447 1130/1720/1444
f 1132/1721/1445 1135/1724/1448 1136/1197/921
f 1133/1205/929 1089/1699/1423 1134/1723/1447
f 1091/1203/927 1135/1724/1448 1092/1725/1449
f 1138/1206/930 1142/1726/1450 1137/1727/1451
f 1144/1728/1452 1140/1610/1334 1143/1609/1333
f 1145/1254/978 1142/1726/1450 1141/1208/932
f 1144/1728/1452 1147/1527/1251 1148/1493/1217
f 1145/1254/978 1150/1729/1453 1146/1730/1454
f 1152/1210/934 1147/1527/1251 1151/1526/1250
f 1153/1505/1229 1150/1729/1453 1149/1508/1232
f 1152/1210/934 1155/1560/1284 1156/1213/937
f 1157/1503/1227 1154/1731/1455 1153/1505/1229
f 1160/1732/1456 1155/1560/1284 1159/1592/1316
f 1161/1501/1225 1158/1733/1457 1157/1503/1227
f 1164/1215/939 1159/1592/1316 1163/1510/1234
f 1161/1501/1225 1166/1734/1458 1162/1735/1459
f 1168/1736/1460 1163/1510/1234 1167/1509/1233
f 1169/1499/1223 1166/1734/1458 1165/1500/1224
f 1172/1218/942 1167/1509/1233 1171/1543/1267
f 1169/1499/1223 1174/1737/1461 1170/1738/1462
f 1172/1218/942 1175/1577/1301 1176/1739/1463
f 1177/1495/1219 1174/1737/1461 1173/1497/1221
f 1180/1221/945 1175/1577/1301 1179/1491/1215
f 1181/1231/955 1178/1740/1464 1177/1495/1219
f 1180/1221/945 1183/1490/1214 1184/1223/947
f 1181/1231/955 1137/1727/1451 1182/1741/1465
f 1139/1225/949 1183/1490/1214 1140/1610/1334
f 1189/1234/958 1185/1742/1466 1186/1235/959
f 1192/1255/979 1188/1743/1467 1191/1744/1468
f 1193/1489/1213 1190/1745/1469 1189/1234/958
f 1192/1255/979 1195/1746/1470 1196/1472/1196
f 1193/1489/1213 1198/1747/1471 1194/1748/1472
f 1200/1237/961 1195/1746/1470 1199/1749/1473
f 1197/1486/1210 1202/1750/1474 1198/1747/1471
f 1204/1240/964 1199/1749/1473 1203/1751/1475
f 1205/1482/1206 1202/1750/1474 1201/1484/1208
f 1208/1242/966 1203/1751/1475 1207/1752/1476
f 1209/1480/1204 1206/1753/1477 1205/1482/1206
f 1208/1242/966 1211/1754/1478 1212/1755/1479
f 1209/1480/1204 1214/1756/1480 1210/1757/1481
f 1216/1244/968 1211/1754/1478 1215/1758/1482
f 1213/1478/1202 1218/1759/1483 1214/1756/1480
f 1220/1246/970 1215/1758/1482 1219/1760/1484
f 1217/1477/1201 1222/1761/1485 1218/1759/1483
f 1220/1246/970 1223/1762/1486 1224/1763/1487
f 1225/1474/1198 1222/1761/1485 1221/1476/1200
f 1228/1249/973 1223/1762/1486 1227/1764/1488
f 1229/1258/982 1226/1765/1489 1225/1474/1198
f 1228/1249/973 1231/1766/1490 1232/1252/976
f 1229/1258/982 1185/1742/1466 1230/1767/1491
f 1232/1252/976 1188/1743/1467 1187/1768/1492
f 1234/1259/983 1238/1769/1493 1233/1770/1494
f 1240/1284/1008 1236/1771/1495 1239/1772/1496
f 1241/1308/1032 1238/1769/1493 1237/1261/985
f 1244/1262/986 1239/1772/1496 1243/1773/1497
f 1241/1308/1032 1246/1774/1498 1242/1775/1499
f 1244/1262/986 1247/1776/1500 1248/1777/1501
f 1245/1540/1264 1250/1778/1502 1246/1774/1498
f 1252/1265/989 1247/1776/1500 1251/1779/1503
f 1253/1538/1262 1250/1778/1502 1249/1539/1263
f 1256/1267/991 1251/1779/1503 1255/1780/1504
f 1257/1536/1260 1254/1781/1505 1253/1538/1262
f 1260/1269/993 1255/1780/1504 1259/1782/1506
f 1257/1536/1260 1262/1783/1507 1258/1784/1508
f 1260/1269/993 1263/1785/1509 1264/1271/995
f 1265/1532/1256 1262/1783/1507 1261/1533/1257
f 1268/1786/1510 1263/1785/1509 1267/1787/1511
f 1265/1532/1256 1270/1788/1512 1266/1789/1513
f 1268/1786/1510 1271/1790/1514 1272/1274/998
f 1273/1529/1253 1270/1788/1512 1269/1531/1255
f 1276/1276/1000 1271/1790/1514 1275/1791/1515
f 1277/1287/1011 1274/1792/1516 1273/1529/1253
f 1276/1276/1000 1279/1793/1517 1280/1279/1003
f 1277/1287/1011 1233/1770/1494 1278/1794/1518
f 1280/1279/1003 1236/1771/1495 1235/1795/1519
f 1285/1227/951 1281/1796/1520 1282/1289/1013
f 1288/1309/1033 1284/1797/1521 1287/1798/1522
f 1285/1227/951 1290/1799/1523 1286/1800/1524
f 1292/1511/1235 1287/1798/1522 1291/1801/1525
f 1293/1525/1249 1290/1799/1523 1289/1229/953
f 1296/1291/1015 1291/1801/1525 1295/1802/1526
f 1293/1525/1249 1298/1803/1527 1294/1804/1528
f 1296/1291/1015 1299/1805/1529 1300/1806/1530
f 1297/1522/1246 1302/1807/1531 1298/1803/1527
f 1304/1294/1018 1299/1805/1529 1303/1808/1532
f 1305/1520/1244 1302/1807/1531 1301/1521/1245
f 1304/1294/1018 1307/1809/1533 1308/1296/1020
f 1309/1518/1242 1306/1810/1534 1305/1520/1244
f 1308/1296/1020 1311/1811/1535 1312/1298/1022
f 1309/1518/1242 1314/1812/1536 1310/1813/1537
f 1312/1298/1022 1315/1814/1538 1316/1815/1539
f 1317/1515/1239 1314/1812/1536 1313/1517/1241
f 1320/1301/1025 1315/1814/1538 1319/1816/1540
f 1321/1513/1237 1318/1817/1541 1317/1515/1239
f 1324/1303/1027 1319/1816/1540 1323/1818/1542
f 1321/1513/1237 1326/1819/1543 1322/1820/1544
f 1328/1306/1030 1323/1818/1542 1327/1821/1545
f 1325/1311/1035 1281/1796/1520 1326/1819/1543
f 1328/1306/1030 1284/1797/1521 1283/1822/1546
f 1333/1313/1037 1329/1823/1547 1330/1314/1038
f 1331/1336/1060 1335/1824/1548 1336/1825/1549
f 1337/1468/1192 1334/1826/1550 1333/1313/1037
f 1340/1315/1039 1335/1824/1548 1339/1827/1551
f 1337/1468/1192 1342/1828/1552 1338/1829/1553
f 1340/1315/1039 1343/1830/1554 1344/1318/1042
f 1341/1637/1361 1346/1831/1555 1342/1828/1552
f 1348/1832/1556 1343/1830/1554 1347/1833/1557
f 1345/1635/1359 1350/1834/1558 1346/1831/1555
f 1352/1320/1044 1347/1833/1557 1351/1835/1559
f 1349/1634/1358 1354/1836/1560 1350/1834/1558
f 1356/1322/1046 1351/1835/1559 1355/1837/1561
f 1357/1631/1355 1354/1836/1560 1353/1633/1357
f 1356/1322/1046 1359/1838/1562 1360/1325/1049
f 1357/1631/1355 1362/1839/1563 1358/1840/1564
f 1364/1327/1051 1359/1838/1562 1363/1841/1565
f 1365/1628/1352 1362/1839/1563 1361/1630/1354
f 1364/1327/1051 1367/1842/1566 1368/1329/1053
f 1369/1627/1351 1366/1843/1567 1365/1628/1352
f 1368/1329/1053 1371/1844/1568 1372/1845/1569
f 1369/1627/1351 1374/1846/1570 1370/1847/1571
f 1376/1331/1055 1371/1844/1568 1375/1848/1572
f 1373/1339/1063 1329/1823/1547 1374/1846/1570
f 1376/1331/1055 1332/1849/1573 1331/1336/1060
f 1378/1341/1065 1382/1850/1574 1377/1851/1575
f 1384/1852/1576 1380/1853/1577 1383/1854/1578
f 1385/1201/925 1382/1850/1574 1381/1202/926
f 1388/1342/1066 1383/1854/1578 1387/1855/1579
f 1385/1201/925 1390/1856/1580 1386/1857/1581
f 1388/1342/1066 1391/1858/1582 1392/1859/1583
f 1389/1668/1392 1394/1860/1584 1390/1856/1580
f 1396/1345/1069 1391/1858/1582 1395/1861/1585
f 1397/1665/1389 1394/1860/1584 1393/1666/1390
f 1396/1345/1069 1399/1862/1586 1400/1347/1071
f 1401/1664/1388 1398/1863/1587 1397/1665/1389
f 1400/1347/1071 1403/1864/1588 1404/1349/1073
f 1405/1662/1386 1402/1865/1589 1401/1664/1388
f 1404/1349/1073 1407/1866/1590 1408/1351/1075
f 1405/1662/1386 1410/1867/1591 1406/1868/1592
f 1408/1351/1075 1411/1869/1593 1412/1870/1594
f 1409/1660/1384 1414/1871/1595 1410/1867/1591
f 1416/1354/1078 1411/1869/1593 1415/1872/1596
f 1413/1657/1381 1418/1873/1597 1414/1871/1595
f 1416/1354/1078 1419/1874/1598 1420/1357/1081
f 1417/1656/1380 1422/1875/1599 1418/1873/1597
f 1420/1357/1081 1423/1876/1600 1424/1359/1083
f 1421/1364/1088 1377/1851/1575 1422/1875/1599
f 1424/1359/1083 1380/1853/1577 1379/1361/1085
f 1426/1365/1089 1430/1877/1601 1425/1878/1602
f 1432/1544/1268 1428/1879/1603 1431/1880/1604
f 1433/1282/1006 1430/1877/1601 1429/1283/1007
f 1432/1544/1268 1435/1881/1605 1436/1882/1606
f 1433/1282/1006 1438/1883/1607 1434/1884/1608
f 1440/1367/1091 1435/1881/1605 1439/1885/1609
f 1441/1556/1280 1438/1883/1607 1437/1558/1282
f 1444/1886/1610 1439/1885/1609 1443/1887/1611
f 1441/1556/1280 1446/1888/1612 1442/1889/1613
f 1448/1370/1094 1443/1887/1611 1447/1890/1614
f 1449/1553/1277 1446/1888/1612 1445/1555/1279
f 1452/1372/1096 1447/1890/1614 1451/1891/1615
f 1453/1551/1275 1450/1892/1616 1449/1553/1277
f 1452/1372/1096 1455/1893/1617 1456/1375/1099
f 1457/1548/1272 1454/1894/1618 1453/1551/1275
f 1460/1895/1619 1455/1893/1617 1459/1896/1620
f 1457/1548/1272 1462/1897/1621 1458/1898/1622
f 1464/1377/1101 1459/1896/1620 1463/1899/1623
f 1461/1547/1271 1466/1900/1624 1462/1897/1621
f 1468/1379/1103 1463/1899/1623 1467/1901/1625
f 1469/1390/1114 1466/1900/1624 1465/1546/1270
f 1468/1379/1103 1471/1902/1626 1472/1381/1105
f 1469/1390/1114 1425/1878/1602 1470/1903/1627
f 1427/1383/1107 1471/1902/1626 1428/1879/1603
f 1477/1387/1111 1473/1904/1628 1474/1392/1116
f 1475/1415/1139 1479/1905/1629 1480/1906/1630
f 1481/1386/1110 1478/1907/1631 1477/1387/1111
f 1484/1561/1285 1479/1905/1629 1483/1908/1632
f 1485/1575/1299 1482/1909/1633 1481/1386/1110
f 1488/1394/1118 1483/1908/1632 1487/1910/1634
f 1485/1575/1299 1490/1911/1635 1486/1912/1636
f 1492/1396/1120 1487/1910/1634 1491/1913/1637
f 1493/1572/1296 1490/1911/1635 1489/1573/1297
f 1492/1396/1120 1495/1914/1638 1496/1398/1122
f 1497/1569/1293 1494/1915/1639 1493/1572/1296
f 1496/1398/1122 1499/1916/1640 1500/1400/1124
f 1497/1569/1293 1502/1917/1641 1498/1918/1642
f 1500/1400/1124 1503/1919/1643 1504/1920/1644
f 1501/1567/1291 1506/1921/1645 1502/1917/1641
f 1504/1920/1644 1507/1922/1646 1508/1403/1127
f 1505/1565/1289 1510/1923/1647 1506/1921/1645
f 1512/1405/1129 1507/1922/1646 1511/1924/1648
f 1509/1564/1288 1514/1925/1649 1510/1923/1647
f 1512/1405/1129 1515/1926/1650 1516/1407/1131
f 1517/1418/1142 1514/1925/1649 1513/1563/1287
f 1520/1410/1134 1515/1926/1650 1519/1927/1651
f 1517/1418/1142 1473/1904/1628 1518/1928/1652
f 1520/1410/1134 1476/1929/1653 1475/1415/1139
f 1522/1419/1143 1526/1930/1654 1521/1931/1655
f 1523/1438/1162 1527/1932/1656 1528/1442/1166
f 1529/1413/1137 1526/1930/1654 1525/1414/1138
f 1528/1442/1166 1531/1933/1657 1532/1420/1144
f 1533/1591/1315 1530/1934/1658 1529/1413/1137
f 1532/1420/1144 1535/1935/1659 1536/1423/1147
f 1537/1588/1312 1534/1936/1660 1533/1591/1315
f 1536/1423/1147 1539/1937/1661 1540/1425/1149
f 1537/1588/1312 1542/1938/1662 1538/1939/1663
f 1544/1940/1664 1539/1937/1661 1543/1941/1665
f 1545/1586/1310 1542/1938/1662 1541/1587/1311
f 1544/1940/1664 1547/1942/1666 1548/1427/1151
f 1549/1584/1308 1546/1943/1667 1545/1586/1310
f 1548/1427/1151 1551/1944/1668 1552/1430/1154
f 1549/1584/1308 1554/1945/1669 1550/1946/1670
f 1556/1432/1156 1551/1944/1668 1555/1947/1671
f 1557/1580/1304 1554/1945/1669 1553/1583/1307
f 1556/1432/1156 1559/1948/1672 1560/1434/1158
f 1557/1580/1304 1562/1949/1673 1558/1950/1674
f 1560/1434/1158 1563/1951/1675 1564/1952/1676
f 1565/1444/1168 1562/1949/1673 1561/1578/1302
f 1568/1436/1160 1563/1951/1675 1567/1953/1677
f 1565/1444/1168 1521/1931/1655 1566/1954/1678
f 1523/1438/1162 1567/1953/1677 1524/1955/1679
f 1573/1173/897 1569/1956/1680 1570/1446/1170
f 1571/1465/1189 1575/1957/1681 1576/1611/1335
f 1573/1173/897 1578/1958/1682 1574/1959/1683
f 1580/1448/1172 1575/1957/1681 1579/1960/1684
f 1577/1175/899 1582/1961/1685 1578/1958/1682
f 1580/1448/1172 1583/1962/1686 1584/1963/1687
f 1581/1625/1349 1586/1964/1688 1582/1961/1685
f 1588/1451/1175 1583/1962/1686 1587/1965/1689
f 1585/1622/1346 1590/1966/1690 1586/1964/1688
f 1592/1453/1177 1587/1965/1689 1591/1967/1691
f 1589/1620/1344 1594/1968/1692 1590/1966/1690
f 1592/1453/1177 1595/1969/1693 1596/1970/1694
f 1597/1617/1341 1594/1968/1692 1593/1618/1342
f 1600/1456/1180 1595/1969/1693 1599/1971/1695
f 1601/1616/1340 1598/1972/1696 1597/1617/1341
f 1600/1456/1180 1603/1973/1697 1604/1459/1183
f 1605/1614/1338 1602/1974/1698 1601/1616/1340
f 1608/1461/1185 1603/1973/1697 1607/1975/1699
f 1605/1614/1338 1610/1976/1700 1606/1977/1701
f 1612/1978/1702 1607/1975/1699 1611/1979/1703
f 1609/1613/1337 1614/1980/1704 1610/1976/1700
f 1616/1463/1187 1611/1979/1703 1615/1981/1705
f 1613/1470/1194 1569/1956/1680 1614/1980/1704
f 1571/1465/1189 1615/1981/1705 1572/1982/1706
f 1534/1936/1660 1538/1939/1663 1617/1983/1707
f 1550/1946/1670 1554/1945/1669 1617/1983/1707
f 1530/1934/1658 1534/1936/1660 1617/1983/1707
f 1546/1943/1667 1550/1946/1670 1617/1983/1707
f 1562/1949/1673 1566/1954/1678 1617/1983/1707
f 1521/1931/1655 1526/1930/1654 1617/1983/1707
f 1526/1930/1654 1530/1934/1658 1617/1983/1707
f 1542/1938/1662 1546/1943/1667 1617/1983/1707
f 1558/1950/1674 1562/1949/1673 1617/1983/1707
f 1538/1939/1663 1542/1938/1662 1617/1983/1707
f 1566/1954/1678 1521/1931/1655 1617/1983/1707
f 1554/1945/1669 1558/1950/1674 1617/1983/1707
f 1586/1964/1688 1590/1966/1690 1618/1984/1708
f 1614/1980/1704 1569/1956/1680 1618/1984/1708
f 1602/1974/1698 1606/1977/1701 1618/1984/1708
f 1582/1961/1685 1586/1964/1688 1618/1984/1708
f 1598/1972/1696 1602/1974/1698 1618/1984/1708
f 1578/1958/1682 1582/1961/1685 1618/1984/1708
f 1594/1968/1692 1598/1972/1696 1618/1984/1708
f 1610/1976/1700 1614/1980/1704 1618/1984/1708
f 1569/1956/1680 1574/1959/1683 1618/1984/1708
f 1574/1959/1683 1578/1958/1682 1618/1984/1708
f 1590/1966/1690 1594/1968/1692 1618/1984/1708
f 1606/1977/1701 1610/1976/1700 1618/1984/1708
f 1366/1843/1567 1370/1847/1571 1619/1985/1709
f 1346/1831/1555 1350/1834/1558 1619/1985/1709
f 1374/1846/1570 1329/1823/1547 1619/1985/1709
f 1362/1839/1563 1366/1843/1567 1619/1985/1709
f 1342/1828/1552 1346/1831/1555 1619/1985/1709
f 1358/1840/1564 1362/1839/1563 1619/1985/1709
f 1338/1829/1553 1342/1828/1552 1619/1985/1709
f 1354/1836/1560 1358/1840/1564 1619/1985/1709
f 1370/1847/1571 1374/1846/1570 1619/1985/1709
f 1329/1823/1547 1334/1826/1550 1619/1985/1709
f 1334/1826/1550 1338/1829/1553 1619/1985/1709
f 1350/1834/1558 1354/1836/1560 1619/1985/1709
f 1377/1851/1575 1382/1850/1574 1620/1986/1710
f 1382/1850/1574 1386/1857/1581 1620/1986/1710
f 1398/1863/1587 1402/1865/1589 1620/1986/1710
f 1414/1871/1595 1418/1873/1597 1620/1986/1710
f 1394/1860/1584 1398/1863/1587 1620/1986/1710
f 1422/1875/1599 1377/1851/1575 1620/1986/1710
f 1410/1867/1591 1414/1871/1595 1620/1986/1710
f 1390/1856/1580 1394/1860/1584 1620/1986/1710
f 1406/1868/1592 1410/1867/1591 1620/1986/1710
f 1386/1857/1581 1390/1856/1580 1620/1986/1710
f 1402/1865/1589 1406/1868/1592 1620/1986/1710
f 1418/1873/1597 1422/1875/1599 1620/1986/1710
f 1434/1884/1608 1438/1883/1607 1621/1987/1711
f 1450/1892/1616 1454/1894/1618 1621/1987/1711
f 1466/1900/1624 1470/1903/1627 1621/1987/1711
f 1425/1878/1602 1430/1877/1601 1621/1987/1711
f 1430/1877/1601 1434/1884/1608 1621/1987/1711
f 1446/1888/1612 1450/1892/1616 1621/1987/1711
f 1462/1897/1621 1466/1900/1624 1621/1987/1711
f 1442/1889/1613 1446/1888/1612 1621/1987/1711
f 1470/1903/1627 1425/1878/1602 1621/1987/1711
f 1458/1898/1622 1462/1897/1621 1621/1987/1711
f 1438/1883/1607 1442/1889/1613 1621/1987/1711
f 1454/1894/1618 1458/1898/1622 1621/1987/1711
f 1502/1917/1641 1506/1921/1645 1622/1988/1712
f 1482/1909/1633 1486/1912/1636 1622/1988/1712
f 1498/1918/1642 1502/1917/1641 1622/1988/1712
f 1514/1925/1649 1518/1928/1652 1622/1988/1712
f 1473/1904/1628 1478/1907/1631 1622/1988/1712
f 1478/1907/1631 1482/1909/1633 1622/1988/1712
f 1494/1915/1639 1498/1918/1642 1622/1988/1712
f 1510/1923/1647 1514/1925/1649 1622/1988/1712
f 1490/1911/1635 1494/1915/1639 1622/1988/1712
f 1518/1928/1652 1473/1904/1628 1622/1988/1712
f 1506/1921/1645 1510/1923/1647 1622/1988/1712
f 1486/1912/1636 1490/1911/1635 1622/1988/1712
f 1194/1748/1472 1198/1747/1471 1623/1989/1713
f 1210/1757/1481 1214/1756/1480 1623/1989/1713
f 1226/1765/1489 1230/1767/1491 1623/1989/1713
f 1185/1742/1466 1190/1745/1469 1623/1989/1713
f 1190/1745/1469 1194/1748/1472 1623/1989/1713
f 1206/1753/1477 1210/1757/1481 1623/1989/1713
f 1222/1761/1485 1226/1765/1489 1623/1989/1713
f 1202/1750/1474 1206/1753/1477 1623/1989/1713
f 1230/1767/1491 1185/1742/1466 1623/1989/1713
f 1218/1759/1483 1222/1761/1485 1623/1989/1713
f 1198/1747/1471 1202/1750/1474 1623/1989/1713
f 1214/1756/1480 1218/1759/1483 1623/1989/1713
f 1162/1735/1459 1166/1734/1458 1624/1990/1714
f 1178/1740/1464 1182/1741/1465 1624/1990/1714
f 1137/1727/1451 1142/1726/1450 1624/1990/1714
f 1142/1726/1450 1146/1730/1454 1624/1990/1714
f 1158/1733/1457 1162/1735/1459 1624/1990/1714
f 1174/1737/1461 1178/1740/1464 1624/1990/1714
f 1154/1731/1455 1158/1733/1457 1624/1990/1714
f 1182/1741/1465 1137/1727/1451 1624/1990/1714
f 1170/1738/1462 1174/1737/1461 1624/1990/1714
f 1150/1729/1453 1154/1731/1455 1624/1990/1714
f 1166/1734/1458 1170/1738/1462 1624/1990/1714
f 1146/1730/1454 1150/1729/1453 1624/1990/1714
f 1298/1803/1527 1302/1807/1531 1625/1991/1715
f 1326/1819/1543 1281/1796/1520 1625/1991/1715
f 1314/1812/1536 1318/1817/1541 1625/1991/1715
f 1294/1804/1528 1298/1803/1527 1625/1991/1715
f 1310/1813/1537 1314/1812/1536 1625/1991/1715
f 1290/1799/1523 1294/1804/1528 1625/1991/1715
f 1306/1810/1534 1310/1813/1537 1625/1991/1715
f 1322/1820/1544 1326/1819/1543 1625/1991/1715
f 1281/1796/1520 1286/1800/1524 1625/1991/1715
f 1286/1800/1524 1290/1799/1523 1625/1991/1715
f 1302/1807/1531 1306/1810/1534 1625/1991/1715
f 1318/1817/1541 1322/1820/1544 1625/1991/1715
f 1246/1774/1498 1250/1778/1502 1626/1992/1716
f 1262/1783/1507 1266/1789/1513 1626/1992/1716
f 1242/1775/1499 1246/1774/1498 1626/1992/1716
f 1258/1784/1508 1262/1783/1507 1626/1992/1716
f 1274/1792/1516 1278/1794/1518 1626/1992/1716
f 1233/1770/1494 1238/1769/1493 1626/1992/1716
f 1238/1769/1493 1242/1775/1499 1626/1992/1716
f 1254/1781/1505 1258/1784/1508 1626/1992/1716
f 1270/1788/1512 1274/1792/1516 1626/1992/1716
f 1250/1778/1502 1254/1781/1505 1626/1992/1716
f 1278/1794/1518 1233/1770/1494 1626/1992/1716
f 1266/1789/1513 1270/1788/1512 1626/1992/1716
f 1094/1703/1427 1098/1702/1426 1627/1993/1717
f 1110/1710/1434 1114/1713/1437 1627/1993/1717
f 1126/1718/1442 1130/1720/1444 1627/1993/1717
f 1106/1707/1431 1110/1710/1434 1627/1993/1717
f 1134/1723/1447 1089/1699/1423 1627/1993/1717
f 1122/1715/1439 1126/1718/1442 1627/1993/1717
f 1102/1705/1429 1106/1707/1431 1627/1993/1717
f 1118/1712/1436 1122/1715/1439 1627/1993/1717
f 1098/1702/1426 1102/1705/1429 1627/1993/1717
f 1114/1713/1437 1118/1712/1436 1627/1993/1717
f 1130/1720/1444 1134/1723/1447 1627/1993/1717
f 1089/1699/1423 1094/1703/1427 1627/1993/1717
f 1058/1679/1403 1062/1684/1408 1628/1994/1718
f 1086/1696/1420 1041/1672/1396 1628/1994/1718
f 1074/1691/1415 1078/1690/1414 1628/1994/1718
f 1054/1680/1404 1058/1679/1403 1628/1994/1718
f 1070/1688/1412 1074/1691/1415 1628/1994/1718
f 1050/1677/1401 1054/1680/1404 1628/1994/1718
f 1066/1683/1407 1070/1688/1412 1628/1994/1718
f 1082/1693/1417 1086/1696/1420 1628/1994/1718
f 1041/1672/1396 1046/1674/1398 1628/1994/1718
f 1046/1674/1398 1050/1677/1401 1628/1994/1718
f 1062/1684/1408 1066/1683/1407 1628/1994/1718
f 1078/1690/1414 1082/1693/1417 1628/1994/1718
f 1199/1749/1473 1195/1746/1470 1630/1995/1719
f 1215/1758/1482 1211/1754/1478 1630/1995/1719
f 1231/1766/1490 1227/1764/1488 1630/1995/1719
f 1195/1746/1470 1191/1744/1468 1630/1995/1719
f 1188/1743/1467 1231/1766/1490 1630/1995/1719
f 1211/1754/1478 1207/1752/1476 1630/1995/1719
f 1227/1764/1488 1223/1762/1486 1630/1995/1719
f 1191/1744/1468 1188/1743/1467 1630/1995/1719
f 1207/1752/1476 1203/1751/1475 1630/1995/1719
f 1223/1762/1486 1219/1760/1484 1630/1995/1719
f 1203/1751/1475 1199/1749/1473 1630/1995/1719
f 1219/1760/1484 1215/1758/1482 1630/1995/1719
f 1063/1682/1406 1059/1681/1405 1631/1996/1720
f 1079/1692/1416 1075/1689/1413 1631/1996/1720
f 1059/1681/1405 1055/1678/1402 1631/1996/1720
f 1075/1689/1413 1071/1686/1410 1631/1996/1720
f 1055/1678/1402 1051/1675/1399 1631/1996/1720
f 1071/1686/1410 1067/1685/1409 1631/1996/1720
f 1087/1697/1421 1083/1695/1419 1631/1996/1720
f 1051/1675/1399 1047/1673/1397 1631/1996/1720
f 1044/1698/1422 1087/1697/1421 1631/1996/1720
f 1067/1685/1409 1063/1682/1406 1631/1996/1720
f 1083/1695/1419 1079/1692/1416 1631/1996/1720
f 1047/1673/1397 1044/1698/1422 1631/1996/1720
f 1131/1722/1446 1127/1719/1443 1632/1997/1721
f 1095/1700/1424 1092/1725/1449 1632/1997/1721
f 1111/1709/1433 1107/1708/1432 1632/1997/1721
f 1127/1719/1443 1123/1716/1440 1632/1997/1721
f 1107/1708/1432 1103/1706/1430 1632/1997/1721
f 1123/1716/1440 1119/1714/1438 1632/1997/1721
f 1103/1706/1430 1099/1704/1428 1632/1997/1721
f 1119/1714/1438 1115/1711/1435 1632/1997/1721
f 1135/1724/1448 1131/1722/1446 1632/1997/1721
f 1099/1704/1428 1095/1700/1424 1632/1997/1721
f 1092/1725/1449 1135/1724/1448 1632/1997/1721
f 1115/1711/1435 1111/1709/1433 1632/1997/1721
f 1267/1787/1511 1263/1785/1509 1633/1998/1722
f 1247/1776/1500 1243/1773/1497 1633/1998/1722
f 1263/1785/1509 1259/1782/1506 1633/1998/1722
f 1279/1793/1517 1275/1791/1515 1633/1998/1722
f 1243/1773/1497 1239/1772/1496 1633/1998/1722
f 1236/1771/1495 1279/1793/1517 1633/1998/1722
f 1259/1782/1506 1255/1780/1504 1633/1998/1722
f 1275/1791/1515 1271/1790/1514 1633/1998/1722
f 1239/1772/1496 1236/1771/1495 1633/1998/1722
f 1255/1780/1504 1251/1779/1503 1633/1998/1722
f 1271/1790/1514 1267/1787/1511 1633/1998/1722
f 1251/1779/1503 1247/1776/1500 1633/1998/1722
f 1299/1805/1529 1295/1802/1526 1634/1999/1723
f 1315/1814/1538 1311/1811/1535 1634/1999/1723
f 1295/1802/1526 1291/1801/1525 1634/1999/1723
f 1311/1811/1535 1307/1809/1533 1634/1999/1723
f 1327/1821/1545 1323/1818/1542 1634/1999/1723
f 1291/1801/1525 1287/1798/1522 1634/1999/1723
f 1284/1797/1521 1327/1821/1545 1634/1999/1723
f 1307/1809/1533 1303/1808/1532 1634/1999/1723
f 1323/1818/1542 1319/1816/1540 1634/1999/1723
f 1287/1798/1522 1284/1797/1521 1634/1999/1723
f 1303/1808/1532 1299/1805/1529 1634/1999/1723
f 1319/1816/1540 1315/1814/1538 1634/1999/1723
f 1487/1910/1634 1483/1908/1632 1635/2000/1724
f 1503/1919/1643 1499/1916/1640 1635/2000/1724
f 1519/1927/1651 1515/1926/1650 1635/2000/1724
f 1483/1908/1632 1479/1905/1629 1635/2000/1724
f 1476/1929/1653 1519/1927/1651 1635/2000/1724
f 1499/1916/1640 1495/1914/1638 1635/2000/1724
f 1515/1926/1650 1511/1924/1648 1635/2000/1724
f 1479/1905/1629 1476/1929/1653 1635/2000/1724
f 1495/1914/1638 1491/1913/1637 1635/2000/1724
f 1511/1924/1648 1507/1922/1646 1635/2000/1724
f 1491/1913/1637 1487/1910/1634 1635/2000/1724
f 1507/1922/1646 1503/1919/1643 1635/2000/1724
f 1539/1937/1661 1535/1935/1659 1636/2001/1725
f 1555/1947/1671 1551/1944/1668 1636/2001/1725
f 1535/1935/1659 1531/1933/1657 1636/2001/1725
f 1551/1944/1668 1547/1942/1666 1636/2001/1725
f 1567/1953/1677 1563/1951/1675 1636/2001/1725
f 1531/1933/1657 1527/1932/1656 1636/2001/1725
f 1524/1955/1679 1567/1953/1677 1636/2001/1725
f 1547/1942/1666 1543/1941/1665 1636/2001/1725
f 1563/1951/1675 1559/1948/1672 1636/2001/1725
f 1527/1932/1656 1524/1955/1679 1636/2001/1725
f 1543/1941/1665 1539/1937/1661 1636/2001/1725
f 1559/1948/1672 1555/1947/1671 1636/2001/1725
f 1607/1975/1699 1603/1973/1697 1637/2002/1726
f 1587/1965/1689 1583/1962/1686 1637/2002/1726
f 1603/1973/1697 1599/1971/1695 1637/2002/1726
f 1583/1962/1686 1579/1960/1684 1637/2002/1726
f 1599/1971/1695 1595/1969/1693 1637/2002/1726
f 1615/1981/1705 1611/1979/1703 1637/2002/1726
f 1579/1960/1684 1575/1957/1681 1637/2002/1726
f 1572/1982/1706 1615/1981/1705 1637/2002/1726
f 1595/1969/1693 1591/1967/1691 1637/2002/1726
f 1611/1979/1703 1607/1975/1699 1637/2002/1726
f 1575/1957/1681 1572/1982/1706 1637/2002/1726
f 1591/1967/1691 1587/1965/1689 1637/2002/1726
f 1335/1824/1548 1332/1849/1573 1638/2003/1727
f 1351/1835/1559 1347/1833/1557 1638/2003/1727
f 1367/1842/1566 1363/1841/1565 1638/2003/1727
f 1347/1833/1557 1343/1830/1554 1638/2003/1727
f 1363/1841/1565 1359/1838/1562 1638/2003/1727
f 1343/1830/1554 1339/1827/1551 1638/2003/1727
f 1359/1838/1562 1355/1837/1561 1638/2003/1727
f 1375/1848/1572 1371/1844/1568 1638/2003/1727
f 1339/1827/1551 1335/1824/1548 1638/2003/1727
f 1332/1849/1573 1375/1848/1572 1638/2003/1727
f 1355/1837/1561 1351/1835/1559 1638/2003/1727
f 1371/1844/1568 1367/1842/1566 1638/2003/1727
f 1380/1853/1577 1423/1876/1600 1639/2004/1728
f 1403/1864/1588 1399/1862/1586 1639/2004/1728
f 1419/1874/1598 1415/1872/1596 1639/2004/1728
f 1383/1854/1578 1380/1853/1577 1639/2004/1728
f 1399/1862/1586 1395/1861/1585 1639/2004/1728
f 1415/1872/1596 1411/1869/1593 1639/2004/1728
f 1395/1861/1585 1391/1858/1582 1639/2004/1728
f 1411/1869/1593 1407/1866/1590 1639/2004/1728
f 1391/1858/1582 1387/1855/1579 1639/2004/1728
f 1407/1866/1590 1403/1864/1588 1639/2004/1728
f 1423/1876/1600 1419/1874/1598 1639/2004/1728
f 1387/1855/1579 1383/1854/1578 1639/2004/1728
f 1471/1902/1626 1467/1901/1625 1640/2005/1729
f 1435/1881/1605 1431/1880/1604 1640/2005/1729
f 1428/1879/1603 1471/1902/1626 1640/2005/1729
f 1451/1891/1615 1447/1890/1614 1640/2005/1729
f 1467/1901/1625 1463/1899/1623 1640/2005/1729
f 1431/1880/1604 1428/1879/1603 1640/2005/1729
f 1447/1890/1614 1443/1887/1611 1640/2005/1729
f 1463/1899/1623 1459/1896/1620 1640/2005/1729
f 1443/1887/1611 1439/1885/1609 1640/2005/1729
f 1459/1896/1620 1455/1893/1617 1640/2005/1729
f 1439/1885/1609 1435/1881/1605 1640/2005/1729
f 1455/1893/1617 1451/1891/1615 1640/2005/1729
f 1767/2006/1730 1641/2007/1731 1703/2008/1732
f 1645/2009/1733 1711/2010/1734 1647/2011/1735
f 1711/2010/1734 1649/2012/1736 1647/2011/1735
f 1649/2012/1736 1715/2013/1737 1651/2014/1738
f 1715/2013/1737 1653/2015/1739 1651/2014/1738
f 1653/2015/1739 1719/2016/1740 1655/2017/1741
f 1655/2017/1741 1721/2018/1742 1657/2019/1743
f 1657/2019/1743 1723/2020/1744 1659/2021/1745
f 1659/2022/1745 1725/2023/1746 1661/2024/1747
f 1725/2023/1746 1663/2025/1748 1661/2024/1747
f 1663/2025/1748 1729/2026/1749 1665/2027/1750
f 1729/2026/1749 1667/2028/1751 1665/2027/1750
f 1731/2029/1752 1669/2030/1753 1667/2028/1751
f 1669/2030/1753 1735/2031/1754 1671/2032/1755
f 1735/2031/1754 1673/2033/1756 1671/2032/1755
f 1673/2033/1756 1739/2034/1757 1675/2035/1758
f 1675/2035/1758 1741/2036/1759 1677/2037/1760
f 1741/2036/1759 1679/2038/1761 1677/2037/1760
f 1679/2038/1761 1745/2039/1762 1681/2040/1763
f 1681/2040/1763 1747/2041/1764 1683/2042/1765
f 1747/2041/1764 1685/2043/1766 1683/2042/1765
f 1685/2043/1766 1751/2044/1767 1687/2045/1768
f 1751/2044/1767 1689/2046/1769 1687/2045/1768
f 1689/2046/1769 1755/2047/1770 1691/2048/1771
f 1691/2048/1771 1757/2049/1772 1693/2050/1773
f 1693/2050/1773 1759/2051/1774 1695/2052/1775
f 1759/2051/1774 1697/2053/1776 1695/2052/1775
f 1761/2054/1777 1699/2055/1778 1697/2053/1776
f 1699/2055/1778 1765/2056/1779 1701/2057/1780
f 1701/2057/1780 1767/2006/1730 1703/2008/1732
f 1641/2007/1731 1707/2058/1781 1643/2059/1782
f 1643/2059/1782 1709/2060/1783 1645/2009/1733
f 1702/2061/1784 1768/2062/1785 1766/2063/1786
f 1700/2064/1787 1766/2063/1786 1764/2065/1788
f 1762/2066/1789 1700/2064/1787 1764/2065/1788
f 1760/2067/1790 1698/2068/1791 1762/2066/1789
f 1694/2069/1792 1760/2067/1790 1758/2070/1793
f 1756/2071/1794 1694/2069/1792 1758/2070/1793
f 1690/2072/1795 1756/2071/1794 1754/2073/1796
f 1688/2074/1797 1754/2073/1796 1752/2075/1798
f 1750/2076/1799 1688/2074/1797 1752/2075/1798
f 1684/2077/1800 1750/2076/1799 1748/2078/1801
f 1682/2079/1802 1748/2078/1801 1746/2080/1803
f 1744/2081/1804 1682/2079/1802 1746/2080/1803
f 1678/2082/1805 1744/2081/1804 1742/2083/1806
f 1740/2084/1807 1678/2082/1805 1742/2083/1806
f 1738/2085/1808 1676/2086/1809 1740/2084/1807
f 1736/2087/1810 1674/2088/1811 1738/2085/1808
f 1734/2089/1812 1672/2090/1813 1736/2087/1810
f 1732/2091/1814 1670/2092/1815 1734/2089/1812
f 1666/2093/1816 1732/2091/1814 1730/2094/1817
f 1728/2095/1818 1666/2093/1816 1730/2094/1817
f 1726/2096/1819 1664/2097/1820 1728/2095/1818
f 1660/2098/1821 1726/2096/1819 1724/2099/1822
f 1658/2100/1823 1724/2101/1822 1722/2102/1824
f 1656/2103/1825 1722/2102/1824 1720/2104/1826
f 1654/2105/1827 1720/2104/1826 1718/2106/1828
f 1716/2107/1829 1654/2105/1827 1718/2106/1828
f 1714/2108/1830 1652/2109/1831 1716/2107/1829
f 1712/2110/1832 1650/2111/1833 1714/2108/1830
f 1646/2112/1834 1712/2110/1832 1710/2113/1835
f 1644/2114/1836 1710/2113/1835 1708/2115/1837
f 1642/2116/1838 1708/2115/1837 1705/2117/1839
f 1768/2062/1785 1706/2118/1840 1767/2006/1730
f 1766/2063/1786 1767/2006/1730 1765/2056/1779
f 1766/2063/1786 1763/2119/1841 1764/2065/1788
f 1762/2066/1789 1763/2119/1841 1761/2054/1777
f 1762/2066/1789 1759/2051/1774 1760/2067/1790
f 1760/2067/1790 1757/2049/1772 1758/2070/1793
f 1758/2070/1793 1755/2047/1770 1756/2071/1794
f 1756/2071/1794 1753/2120/1842 1754/2073/1796
f 1752/2075/1798 1753/2120/1842 1751/2044/1767
f 1752/2075/1798 1749/2121/1843 1750/2076/1799
f 1748/2078/1801 1749/2121/1843 1747/2041/1764
f 1746/2080/1803 1747/2041/1764 1745/2039/1762
f 1746/2080/1803 1743/2122/1844 1744/2081/1804
f 1742/2083/1806 1743/2122/1844 1741/2036/1759
f 1742/2083/1806 1739/2034/1757 1740/2084/1807
f 1740/2084/1807 1737/2123/1845 1738/2085/1808
f 1736/2087/1810 1737/2123/1845 1735/2031/1754
f 1736/2087/1810 1733/2124/1846 1734/2089/1812
f 1732/2091/1814 1733/2124/1846 1731/2029/1752
f 1730/2094/1817 1731/2029/1752 1729/2026/1749
f 1730/2094/1817 1727/2125/1847 1728/2095/1818
f 1728/2095/1818 1725/2023/1746 1726/2096/1819
f 1724/2099/1822 1725/2023/1746 1723/2126/1744
f 1722/2102/1824 1723/2020/1744 1721/2018/1742
f 1722/2102/1824 1719/2016/1740 1720/2104/1826
f 1720/2104/1826 1717/2127/1848 1718/2106/1828
f 1716/2107/1829 1717/2127/1848 1715/2013/1737
f 1716/2107/1829 1713/2128/1849 1714/2108/1830
f 1714/2108/1830 1711/2010/1734 1712/2110/1832
f 1712/2110/1832 1709/2060/1783 1710/2113/1835
f 1708/2115/1837 1709/2060/1783 1707/2058/1781
f 1705/2117/1839 1707/2058/1781 1706/2118/1840
f 1768/2062/1785 1642/2116/1838 1705/2117/1839
f 1641/2129/1731 1771/2130/1850 1769/2131/1851
f 1642/2132/1838 1772/2133/1852 1644/2134/1836
f 1643/2135/1782 1773/2136/1853 1771/2130/1850
f 1644/2134/1836 1774/2137/1854 1646/2138/1834
f 1647/2139/1735 1773/2136/1853 1645/2140/1733
f 1646/2138/1834 1776/2141/1855 1648/2142/1856
f 1647/2139/1735 1777/2143/1857 1775/2144/1858
f 1648/2142/1856 1778/2145/1859 1650/2146/1833
f 1651/2147/1738 1777/2143/1857 1649/2148/1736
f 1652/2149/1831 1778/2145/1859 1780/2150/1860
f 1651/2147/1738 1781/2151/1861 1779/2152/1862
f 1652/2149/1831 1782/2153/1863 1654/2154/1827
f 1653/2155/1739 1783/2156/1864 1781/2151/1861
f 1656/2157/1825 1782/2153/1863 1784/2158/1865
f 1657/2159/1743 1783/2156/1864 1655/2160/1741
f 1658/2161/1823 1784/2158/1865 1786/2162/1866
f 1657/2159/1743 1787/2163/1867 1785/2164/1868
f 1658/2161/1823 1788/2165/1869 1660/2166/1821
f 1659/2167/1745 1789/2168/1870 1787/2169/1867
f 1660/2170/1821 1790/2171/1871 1662/2172/1872
f 1661/2173/1747 1791/2174/1873 1789/2168/1870
f 1664/2175/1820 1790/2171/1871 1792/2176/1874
f 1663/2177/1748 1793/2178/1875 1791/2174/1873
f 1666/2179/1816 1792/2176/1874 1794/2180/1876
f 1667/2181/1751 1793/2178/1875 1665/2182/1750
f 1666/2179/1816 1796/2183/1877 1668/2184/1878
f 1669/2185/1753 1795/2186/1879 1667/2181/1751
f 1670/2187/1815 1796/2183/1877 1798/2188/1880
f 1671/2189/1755 1797/2190/1881 1669/2185/1753
f 1672/2191/1813 1798/2188/1880 1800/2192/1882
f 1671/2189/1755 1801/2193/1883 1799/2194/1884
f 1672/2191/1813 1802/2195/1885 1674/2196/1811
f 1675/2197/1758 1801/2193/1883 1673/2198/1756
f 1676/2199/1809 1802/2195/1885 1804/2200/1886
f 1675/2197/1758 1805/2201/1887 1803/2202/1888
f 1676/2199/1809 1806/2203/1889 1678/2204/1805
f 1679/2205/1761 1805/2201/1887 1677/2206/1760
f 1680/2207/1890 1806/2203/1889 1808/2208/1891
f 1679/2205/1761 1809/2209/1892 1807/2210/1893
f 1682/2211/1802 1808/2208/1891 1810/2212/1894
f 1681/2213/1763 1811/2214/1895 1809/2209/1892
f 1682/2211/1802 1812/2215/1896 1684/2216/1800
f 1685/2217/1766 1811/2214/1895 1683/2218/1765
f 1684/2216/1800 1814/2219/1897 1686/2220/1898
f 1687/2221/1768 1813/2222/1899 1685/2217/1766
f 1688/2223/1797 1814/2219/1897 1816/2224/1900
f 1687/2221/1768 1817/2225/1901 1815/2226/1902
f 1688/2223/1797 1818/2227/1903 1690/2228/1795
f 1689/2229/1769 1819/2230/1904 1817/2225/1901
f 1690/2228/1795 1820/2231/1905 1692/2232/1906
f 1693/2233/1773 1819/2230/1904 1691/2234/1771
f 1694/2235/1792 1820/2231/1905 1822/2236/1907
f 1695/2237/1775 1821/2238/1908 1693/2233/1773
f 1696/2239/1909 1822/2236/1907 1824/2240/1910
f 1697/2241/1776 1823/2242/1911 1695/2237/1775
f 1698/2243/1791 1824/2240/1910 1826/2244/1912
f 1697/2241/1776 1827/2245/1913 1825/2246/1914
f 1698/2243/1791 1828/2247/1915 1700/2248/1787
f 1701/2249/1780 1827/2245/1913 1699/2250/1778
f 1702/2251/1784 1828/2247/1915 1830/2252/1916
f 1701/2249/1780 1831/2253/1917 1829/2254/1918
f 1702/2251/1784 1832/2255/1919 1704/2256/1920
f 1703/2257/1732 1769/2131/1851 1831/2253/1917
f 1704/2256/1920 1770/2258/1921 1642/2132/1838
f 1959/2259/1922 1833/2260/1923 1895/2261/1924
f 1901/2262/1925 1839/2263/1926 1837/2264/1927
f 1903/2265/1928 1841/2266/1929 1839/2263/1926
f 1905/2267/1930 1843/2268/1931 1841/2266/1929
f 1907/2269/1932 1845/2270/1933 1843/2268/1931
f 1845/2270/1933 1911/2271/1934 1847/2272/1935
f 1911/2271/1934 1849/2273/1936 1847/2272/1935
f 1913/2274/1937 1851/2275/1938 1849/2273/1936
f 1851/2276/1938 1917/2277/1939 1853/2278/1940
f 1853/2278/1940 1919/2279/1941 1855/2280/1942
f 1855/2280/1942 1921/2281/1943 1857/2282/1944
f 1857/2282/1944 1923/2283/1945 1859/2284/1946
f 1923/2283/1945 1861/2285/1947 1859/2284/1946
f 1861/2285/1947 1927/2286/1948 1863/2287/1949
f 1927/2286/1948 1865/2288/1950 1863/2287/1949
f 1865/2288/1950 1931/2289/1951 1867/2290/1952
f 1867/2290/1952 1933/2291/1953 1869/2292/1954
f 1933/2291/1953 1871/2293/1955 1869/2292/1954
f 1935/2294/1956 1873/2295/1957 1871/2293/1955
f 1873/2295/1957 1939/2296/1958 1875/2297/1959
f 1939/2296/1958 1877/2298/1960 1875/2297/1959
f 1941/2299/1961 1879/2300/1962 1877/2298/1960
f 1943/2301/1963 1881/2302/1964 1879/2300/1962
f 1881/2302/1964 1947/2303/1965 1883/2304/1966
f 1883/2304/1966 1949/2305/1967 1885/2306/1968
f 1949/2305/1967 1887/2307/1969 1885/2306/1968
f 1951/2308/1970 1889/2309/1971 1887/2307/1969
f 1889/2309/1971 1955/2310/1972 1891/2311/1973
f 1891/2311/1973 1957/2312/1974 1893/2313/1975
f 1893/2313/1975 1959/2259/1922 1895/2261/1924
f 1898/2314/1976 1835/2315/1977 1833/2260/1923
f 1835/2315/1977 1901/2262/1925 1837/2264/1927
f 1894/2316/1978 1960/2317/1979 1958/2318/1980
f 1892/2319/1981 1958/2318/1980 1956/2320/1982
f 1954/2321/1983 1892/2319/1981 1956/2320/1982
f 1952/2322/1984 1890/2323/1985 1954/2321/1983
f 1950/2324/1986 1888/2325/1987 1952/2322/1984
f 1884/2326/1988 1950/2324/1986 1948/2327/1989
f 1882/2328/1990 1948/2327/1989 1946/2329/1991
f 1944/2330/1992 1882/2328/1990 1946/2329/1991
f 1878/2331/1993 1944/2330/1992 1942/2332/1994
f 1940/2333/1995 1878/2331/1993 1942/2332/1994
f 1938/2334/1996 1876/2335/1997 1940/2333/1995
f 1872/2336/1998 1938/2334/1996 1936/2337/1999
f 1934/2338/2000 1872/2336/1998 1936/2337/1999
f 1932/2339/2001 1870/2340/2002 1934/2338/2000
f 1866/2341/2003 1932/2339/2001 1930/2342/2004
f 1928/2343/2005 1866/2341/2003 1930/2342/2004
f 1862/2344/2006 1928/2343/2005 1926/2345/2007
f 1924/2346/2008 1862/2344/2006 1926/2345/2007
f 1858/2347/2009 1924/2346/2008 1922/2348/2010
f 1856/2349/2011 1922/2348/2010 1920/2350/2012
f 1918/2351/2013 1856/2349/2011 1920/2350/2012
f 1916/2352/2014 1854/2353/2015 1918/2351/2013
f 1914/2354/2016 1852/2355/2017 1916/2356/2014
f 1912/2357/2018 1850/2358/2019 1914/2354/2016
f 1910/2359/2020 1848/2360/2021 1912/2357/2018
f 1844/2361/2022 1910/2359/2020 1908/2362/2023
f 1906/2363/2024 1844/2361/2022 1908/2362/2023
f 1904/2364/2025 1842/2365/2026 1906/2363/2024
f 1838/2366/2027 1904/2364/2025 1902/2367/2028
f 1900/2368/2029 1838/2366/2027 1902/2367/2028
f 1834/2369/2030 1900/2368/2029 1897/2370/2031
f 1897/2370/2031 1959/2259/1922 1960/2317/1979
f 1960/2317/1979 1957/2312/1974 1958/2318/1980
f 1958/2318/1980 1955/2310/1972 1956/2320/1982
f 1956/2320/1982 1953/2371/2032 1954/2321/1983
f 1952/2322/1984 1953/2371/2032 1951/2308/1970
f 1950/2324/1986 1951/2308/1970 1949/2305/1967
f 1948/2327/1989 1949/2305/1967 1947/2303/1965
f 1948/2327/1989 1945/2372/2033 1946/2329/1991
f 1946/2329/1991 1943/2301/1963 1944/2330/1992
f 1942/2332/1994 1943/2301/1963 1941/2299/1961
f 1942/2332/1994 1939/2296/1958 1940/2333/1995
f 1940/2333/1995 1937/2373/2034 1938/2334/1996
f 1936/2337/1999 1937/2373/2034 1935/2294/1956
f 1934/2338/2000 1935/2294/1956 1933/2291/1953
f 1934/2338/2000 1931/2289/1951 1932/2339/2001
f 1932/2339/2001 1929/2374/2035 1930/2342/2004
f 1930/2342/2004 1927/2286/1948 1928/2343/2005
f 1926/2345/2007 1927/2286/1948 1925/2375/2036
f 1924/2346/2008 1925/2375/2036 1923/2283/1945
f 1922/2348/2010 1923/2283/1945 1921/2281/1943
f 1920/2350/2012 1921/2281/1943 1919/2279/1941
f 1918/2351/2013 1919/2279/1941 1917/2277/1939
f 1918/2351/2013 1915/2376/2037 1916/2352/2014
f 1914/2354/2016 1915/2377/2037 1913/2274/1937
f 1914/2354/2016 1911/2271/1934 1912/2357/2018
f 1912/2357/2018 1909/2378/2038 1910/2359/2020
f 1908/2362/2023 1909/2378/2038 1907/2269/1932
f 1908/2362/2023 1905/2267/1930 1906/2363/2024
f 1906/2363/2024 1903/2265/1928 1904/2364/2025
f 1902/2367/2028 1903/2265/1928 1901/2262/1925
f 1902/2367/2028 1899/2379/2039 1900/2368/2029
f 1897/2370/2031 1899/2379/2039 1898/2314/1976
f 1960/2317/1979 1834/2369/2030 1897/2370/2031
f 1835/2380/1977 1961/2381/2040 1833/2382/1923
f 1834/2383/2030 1964/2384/2041 1836/2385/2042
f 1835/2380/1977 1965/2386/2043 1963/2387/2044
f 1836/2385/2042 1966/2388/2045 1838/2389/2027
f 1839/2390/1926 1965/2386/2043 1837/2391/1927
f 1840/2392/2046 1966/2388/2045 1968/2393/2047
f 1841/2394/1929 1967/2395/2048 1839/2390/1926
f 1842/2396/2026 1968/2393/2047 1970/2397/2049
f 1843/2398/1931 1969/2399/2050 1841/2394/1929
f 1844/2400/2022 1970/2397/2049 1972/2401/2051
f 1843/2398/1931 1973/2402/2052 1971/2403/2053
f 1844/2400/2022 1974/2404/2054 1846/2405/2055
f 1845/2406/1933 1975/2407/2056 1973/2402/2052
f 1848/2408/2021 1974/2404/2054 1976/2409/2057
f 1849/2410/1936 1975/2407/2056 1847/2411/1935
f 1850/2412/2019 1976/2409/2057 1978/2413/2058
f 1851/2414/1938 1977/2415/2059 1849/2410/1936
f 1852/2416/2017 1978/2413/2058 1980/2417/2060
f 1851/2418/1938 1981/2419/2061 1979/2420/2062
f 1854/2421/2015 1980/2422/2060 1982/2423/2063
f 1853/2424/1940 1983/2425/2064 1981/2419/2061
f 1854/2421/2015 1984/2426/2065 1856/2427/2011
f 1855/2428/1942 1985/2429/2066 1983/2425/2064
f 1856/2427/2011 1986/2430/2067 1858/2431/2009
f 1857/2432/1944 1987/2433/2068 1985/2429/2066
f 1858/2431/2009 1988/2434/2069 1860/2435/2070
f 1861/2436/1947 1987/2433/2068 1859/2437/1946
f 1862/2438/2006 1988/2434/2069 1990/2439/2071
f 1861/2436/1947 1991/2440/2072 1989/2441/2073
f 1862/2438/2006 1992/2442/2074 1864/2443/2075
f 1865/2444/1950 1991/2440/2072 1863/2445/1949
f 1866/2446/2003 1992/2442/2074 1994/2447/2076
f 1867/2448/1952 1993/2449/2077 1865/2444/1950
f 1868/2450/2078 1994/2447/2076 1996/2451/2079
f 1867/2448/1952 1997/2452/2080 1995/2453/2081
f 1868/2450/2078 1998/2454/2082 1870/2455/2002
f 1871/2456/1955 1997/2452/2080 1869/2457/1954
f 1872/2458/1998 1998/2454/2082 2000/2459/2083
f 1871/2456/1955 2001/2460/2084 1999/2461/2085
f 1872/2458/1998 2002/2462/2086 1874/2463/2087
f 1873/2464/1957 2003/2465/2088 2001/2460/2084
f 1874/2463/2087 2004/2466/2089 1876/2467/1997
f 1877/2468/1960 2003/2465/2088 1875/2469/1959
f 1878/2470/1993 2004/2466/2089 2006/2471/2090
f 1879/2472/1962 2005/2473/2091 1877/2468/1960
f 1878/2470/1993 2008/2474/2092 1880/2475/2093
f 1879/2472/1962 2009/2476/2094 2007/2477/2095
f 1880/2475/2093 2010/2478/2096 1882/2479/1990
f 1881/2480/1964 2011/2481/2097 2009/2476/2094
f 1884/2482/1988 2010/2478/2096 2012/2483/2098
f 1885/2484/1968 2011/2481/2097 1883/2485/1966
f 1886/2486/2099 2012/2483/2098 2014/2487/2100
f 1885/2484/1968 2015/2488/2101 2013/2489/2102
f 1886/2486/2099 2016/2490/2103 1888/2491/1987
f 1889/2492/1971 2015/2488/2101 1887/2493/1969
f 1890/2494/1985 2016/2490/2103 2018/2495/2104
f 1889/2492/1971 2019/2496/2105 2017/2497/2106
f 1892/2498/1981 2018/2495/2104 2020/2499/2107
f 1893/2500/1975 2019/2496/2105 1891/2501/1973
f 1894/2502/1978 2020/2499/2107 2022/2503/2108
f 1893/2500/1975 2023/2504/2109 2021/2505/2110
f 1894/2502/1978 2024/2506/2111 1896/2507/2112
f 1895/2508/1924 1961/2381/2040 2023/2504/2109
f 1896/2507/2112 1962/2509/2113 1834/2383/2030
f 2091/2510/2114 2094/2511/2115 2092/2512/2116
f 2094/2511/2115 2095/2513/2117 2096/2514/2118
f 2095/2513/2117 2098/2515/2119 2096/2514/2118
f 2097/2516/2120 2100/2517/2121 2098/2515/2119
f 2100/2517/2121 2101/2518/2122 2102/2519/2123
f 2101/2518/2122 2104/2520/2124 2102/2519/2123
f 2103/2521/2125 2106/2522/2126 2104/2520/2124
f 2106/2522/2126 2107/2523/2127 2108/2524/2128
f 2107/2523/2127 2110/2525/2129 2108/2524/2128
f 2109/2526/2130 2112/2527/2131 2110/2525/2129
f 2111/2528/2132 2114/2529/2133 2112/2530/2131
f 2114/2529/2133 2115/2531/2134 2116/2532/2135
f 2115/2531/2134 2118/2533/2136 2116/2532/2135
f 2118/2533/2136 2119/2534/2137 2120/2535/2138
f 2120/2535/2138 2121/2536/2139 2122/2537/2140
f 2121/2536/2139 2124/2538/2141 2122/2537/2140
f 2123/2539/2142 2126/2540/2143 2124/2538/2141
f 2125/2541/2144 2128/2542/2145 2126/2540/2143
f 2128/2542/2145 2129/2543/2146 2130/2544/2147
f 2130/2544/2147 2131/2545/2148 2132/2546/2149
f 2132/2546/2149 2133/2547/2150 2134/2548/2151
f 2134/2548/2151 2135/2549/2152 2136/2550/2153
f 2136/2550/2153 2137/2551/2154 2138/2552/2155
f 2137/2551/2154 2140/2553/2156 2138/2552/2155
f 2140/2553/2156 2141/2554/2157 2142/2555/2158
f 2141/2554/2157 2144/2556/2159 2142/2555/2158
f 2144/2556/2159 2145/2557/2160 2146/2558/2161
f 2145/2557/2160 2148/2559/2162 2146/2558/2161
f 2147/2560/2163 2150/2561/2164 2148/2559/2162
f 2149/2562/2165 2152/2563/2166 2150/2561/2164
f 2152/2563/2166 2089/2564/2167 2090/2565/2168
f 2090/2565/2168 2091/2510/2114 2092/2512/2116
f 2027/2566/2169 2089/2567/2170 2025/2568/2171
f 2028/2569/2172 2090/2570/2173 2092/2571/2174
f 2029/2572/2175 2091/2573/2176 2027/2566/2169
f 2030/2574/2177 2092/2571/2174 2094/2575/2178
f 2029/2572/2175 2095/2576/2179 2093/2577/2180
f 2030/2574/2177 2096/2578/2181 2032/2579/2182
f 2033/2580/2183 2095/2576/2179 2031/2581/2184
f 2032/2579/2182 2098/2582/2185 2034/2583/2186
f 2035/2584/2187 2097/2585/2188 2033/2580/2183
f 2034/2583/2186 2100/2586/2189 2036/2587/2190
f 2035/2584/2187 2101/2588/2191 2099/2589/2192
f 2038/2590/2193 2100/2586/2189 2102/2591/2194
f 2037/2592/2195 2103/2593/2196 2101/2588/2191
f 2038/2590/2193 2104/2594/2197 2040/2595/2198
f 2039/2596/2199 2105/2597/2200 2103/2593/2196
f 2040/2595/2198 2106/2598/2201 2042/2599/2202
f 2041/2600/2203 2107/2601/2204 2105/2597/2200
f 2042/2599/2202 2108/2602/2205 2044/2603/2206
f 2043/2604/2207 2109/2605/2208 2107/2601/2204
f 2044/2603/2206 2110/2606/2209 2046/2607/2210
f 2047/2608/2211 2109/2605/2208 2045/2609/2212
f 2046/2607/2210 2112/2610/2213 2048/2611/2214
f 2049/2612/2215 2111/2613/2216 2047/2614/2211
f 2050/2615/2217 2112/2616/2213 2114/2617/2218
f 2049/2612/2215 2115/2618/2219 2113/2619/2220
f 2052/2620/2221 2114/2617/2218 2116/2621/2222
f 2051/2622/2223 2117/2623/2224 2115/2618/2219
f 2052/2620/2221 2118/2624/2225 2054/2625/2226
f 2055/2626/2227 2117/2623/2224 2053/2627/2228
f 2056/2628/2229 2118/2624/2225 2120/2629/2230
f 2057/2630/2231 2119/2631/2232 2055/2626/2227
f 2058/2632/2233 2120/2629/2230 2122/2633/2234
f 2059/2634/2235 2121/2635/2236 2057/2630/2231
f 2058/2632/2233 2124/2636/2237 2060/2637/2238
f 2061/2638/2239 2123/2639/2240 2059/2634/2235
f 2060/2637/2238 2126/2640/2241 2062/2641/2242
f 2063/2642/2243 2125/2643/2244 2061/2638/2239
f 2062/2641/2242 2128/2644/2245 2064/2645/2246
f 2063/2642/2243 2129/2646/2247 2127/2647/2248
f 2066/2648/2249 2128/2644/2245 2130/2649/2250
f 2067/2650/2251 2129/2646/2247 2065/2651/2252
f 2068/2652/2253 2130/2649/2250 2132/2653/2254
f 2067/2650/2251 2133/2654/2255 2131/2655/2256
f 2068/2652/2253 2134/2656/2257 2070/2657/2258
f 2069/2658/2259 2135/2659/2260 2133/2654/2255
f 2070/2657/2258 2136/2660/2261 2072/2661/2262
f 2071/2662/2263 2137/2663/2264 2135/2659/2260
f 2074/2664/2265 2136/2660/2261 2138/2665/2266
f 2075/2666/2267 2137/2663/2264 2073/2667/2268
f 2076/2668/2269 2138/2665/2266 2140/2669/2270
f 2077/2670/2271 2139/2671/2272 2075/2666/2267
f 2078/2672/2273 2140/2669/2270 2142/2673/2274
f 2077/2670/2271 2143/2674/2275 2141/2675/2276
f 2078/2672/2273 2144/2676/2277 2080/2677/2278
f 2081/2678/2279 2143/2674/2275 2079/2679/2280
f 2082/2680/2281 2144/2676/2277 2146/2681/2282
f 2081/2678/2279 2147/2682/2283 2145/2683/2284
f 2082/2680/2281 2148/2684/2285 2084/2685/2286
f 2085/2686/2287 2147/2682/2283 2083/2687/2288
f 2086/2688/2289 2148/2684/2285 2150/2689/2290
f 2087/2690/2291 2149/2691/2292 2085/2686/2287
f 2088/2692/2293 2150/2689/2290 2152/2693/2294
f 2087/2690/2291 2089/2567/2170 2151/2694/2295
f 2026/2695/2296 2152/2693/2294 2090/2570/2173
f 2292/2696/2297 2156/2697/2298 2304/2698/2299
f 2252/2699/2300 2304/2698/2299 2262/2700/2301
f 2162/2701/2302 181/2702/2303 33/2703/590
f 2183/2704/2304 2302/2705/2305 2160/2706/2306
f 50/2707/2307 2298/2708/2308 2168/2709/2309
f 2161/2710/2310 2248/2711/2311 2259/2712/2312
f 2276/2713/2313 2228/2714/2314 2239/2715/2315
f 2288/2716/2316 2261/2717/2317 2250/2718/2318
f 2249/2719/2319 2302/2705/2305 2260/2720/2320
f 2282/2721/2321 147/2722/2322 2245/2723/2323
f 2283/2724/2324 2258/2725/2325 128/2726/2326
f 2269/2727/2327 2257/2728/2328 2232/2729/2329
f 2310/2730/2330 2234/2731/2331 2308/2732/2332
f 2233/2733/2333 2298/2708/2308 2256/2734/2334
f 2251/2735/2335 2297/2736/2336 146/2737/2337
f 134/2738/2338 2159/2739/2339 2260/2720/2320
f 2259/2712/2312 2268/2740/2340 2231/2741/2341
f 2242/2742/2342 2296/2743/2343 2255/2744/2344
f 2240/2745/2345 191/2746/2346 2254/2747/2347
f 2262/2700/2301 2291/2748/2348 2251/2735/2349
f 2235/2749/2350 2293/2750/2351 2253/2751/2352
f 2257/2728/2328 153/2752/2353 102/2753/2354
f 51/2754/2355 2256/2734/2334 121/2755/2356
f 2289/2756/2357 2250/2718/2318 135/2757/2358
f 2303/2758/2359 2249/2719/2319 2261/2717/2317
f 2231/2741/2341 2285/2759/2360 2247/2760/2361
f 2300/2761/2362 2246/2762/2363 2258/2725/2325
f 2285/2759/2360 2245/2723/2323 2247/2760/2361
f 2271/2763/2364 2244/2764/2365 2234/2731/2331
f 192/2765/4 2243/2766/2366 145/2767/31
f 2243/2766/2366 2279/2768/2367 2242/2742/2342
f 2255/2744/2344 169/2769/2368 118/2770/2369
f 2295/2771/2370 2241/2772/2371 144/2773/2372
f 2265/2774/2373 2240/2745/2345 2228/2714/2314
f 2278/2775/2374 2239/2715/2315 2241/2772/2371
f 2237/2776/2375 2275/2777/2376 2238/2778/2377
f 2266/2779/2378 2237/2776/2375 2229/2780/2379
f 143/2781/2380 2273/2782/2381 2236/2783/2382
f 2275/2777/2376 2235/2749/2350 2238/2778/2377
f 2175/2784/2383 2262/2700/2301 2155/2785/2384
f 2259/2712/2312 181/2702/2303 2301/2786/2385
f 2239/2715/2315 2226/2787/2386 2204/2788/2387
f 2250/2718/2318 2157/2789/2388 2178/2790/2389
f 2180/2791/2390 2260/2720/2320 2159/2739/2339
f 2190/2792/2391 2245/2793/2323 2553/2794/2392
f 128/2726/2326 2163/2795/2393 2188/2796/2394
f 2232/2729/2329 2165/2797/2395 2218/2798/2396
f 2308/2732/2332 2214/2799/2397 2305/2800/2398
f 2233/2733/2333 2167/2801/2399 2215/2802/2400
f 2259/2712/2312 2221/2803/2401 2161/2710/2310
f 2242/2742/2342 2170/2804/2402 2196/2805/2403
f 2201/2806/2404 2254/2747/2347 2173/2807/2405
f 2155/2785/2384 2251/2735/2349 13/2808/2406
f 2211/2809/2407 2253/2751/2352 9/2810/2408
f 2165/2797/2395 102/2753/2354 86/2811/2409
f 121/2755/2356 2298/2708/2308 172/2812/2410
f 2281/2813/2411 2233/2733/2333 2244/2764/2365
f 2230/2814/2412 2292/2696/2297 2252/2699/2300
f 2261/2717/2317 2180/2791/2390 2157/2789/2388
f 2284/2815/2413 2232/2729/2329 2246/2762/2363
f 2290/2816/2414 2263/2817/2415 140/2818/2416
f 2247/2760/2361 2190/2819/2391 2184/2820/2417
f 2214/2799/2397 2244/2764/2365 2192/2821/2418
f 145/2767/31 2194/2822/2419 4/2823/259
f 2194/2822/2419 2242/2742/2342 2196/2805/2403
f 2255/2744/2344 2198/2824/2420 2170/2804/2402
f 2222/2825/2421 2264/2826/2422 2154/2827/2423
f 2273/2782/2381 2229/2780/2379 2236/2783/2382
f 144/2773/2372 2199/2828/2424 2172/2829/2425
f 2228/2714/2314 2201/2806/2404 2226/2787/2386
f 2241/2772/2371 2204/2788/2387 2199/2828/2424
f 2237/2776/2375 2205/2830/2426 2208/2831/2427
f 2229/2780/2379 2208/2831/2427 2224/2832/2428
f 2238/2778/2377 2211/2809/2407 2205/2830/2426
f 2307/2833/2429 2271/2763/2364 2310/2730/2330
f 2192/2821/2418 2233/2733/2333 2215/2802/2400
f 2223/2834/2430 2252/2699/2300 2175/2784/2383
f 2186/2835/2431 2232/2729/2329 2218/2798/2396
f 140/2818/2416 2153/2836/2432 16/2837/2433
f 2236/2783/2382 2224/2832/2428 2210/2838/2434
f 2264/2826/2422 2230/2814/2412 2263/2817/2415
f 2179/2839/2435 2303/2758/2359 2288/2716/2316
f 2181/2840/2436 2302/2705/2305 2287/2841/2437
f 2191/2842/2438 193/2843/2439 2282/2721/2321
f 2189/2844/2440 2300/2761/2362 2283/2724/2324
f 2269/2727/2327 2166/2845/2441 2299/2846/2442
f 2270/2847/2443 2168/2709/2309 2298/2708/2308
f 2177/2848/2444 2297/2736/2336 2291/2748/2445
f 2279/2768/2367 2171/2849/2446 2296/2743/2343
f 2277/2850/2447 2174/2851/2448 191/2746/2346
f 2304/2698/2299 2177/2848/2449 2291/2748/2348
f 2272/2852/2450 10/2853/2451 2293/2750/2351
f 17/2854/2452 2264/2826/2422 2290/2816/2414
f 2267/2855/2453 2176/2856/2454 2292/2696/2297
f 2288/2857/2316 2289/2858/2357 2312/2859/2455
f 2158/2860/2456 2287/2841/2437 2303/2758/2359
f 2268/2740/2340 2185/2861/2457 2285/2759/2360
f 2164/2862/2458 2284/2815/2413 2300/2761/2362
f 2285/2759/2360 2191/2842/2438 2282/2721/2321
f 2213/2863/2459 2281/2813/2411 2271/2763/2364
f 5/2864/6 2280/2865/2460 192/2765/4
f 2280/2865/2460 2197/2866/2461 2279/2768/2367
f 2171/2867/2446 169/2868/2368 2296/2869/2343
f 6/2870/2462 2278/2775/2374 2295/2771/2370
f 2227/2871/2463 2277/2850/2447 2265/2774/2373
f 2200/2872/2464 2276/2713/2313 2278/2775/2374
f 2274/2873/2465 2206/2874/2466 2275/2777/2376
f 2266/2779/2378 2207/2875/2467 2274/2873/2465
f 8/2876/2468 2273/2782/2381 2294/2877/2469
f 2275/2777/2376 2212/2878/2470 2272/2852/2450
f 2193/2879/2471 2270/2847/2443 2281/2813/2411
f 2166/2845/2441 153/2752/2353 2299/2846/2442
f 2187/2880/2472 2269/2727/2327 2284/2815/2413
f 2301/2786/2385 2220/2881/2473 2268/2740/2340
f 2263/2817/2415 2223/2834/2430 2153/2836/2432
f 2209/2882/2474 2266/2779/2378 2273/2782/2381
f 2203/2883/2475 2265/2774/2373 2276/2713/2313
f 2286/2884/2476 2260/2720/2320 2302/2705/2305
f 135/2757/2358 2178/2790/2389 26/2885/2477
f 2221/2803/2401 2247/2760/2361 2184/2820/2417
f 2163/2795/2393 2246/2762/2363 2186/2835/2431
f 143/2781/2380 2210/2838/2434 7/2886/2478
f 2307/2833/2429 2311/2887/2479 196/2888/2480
f 2305/2800/2398 2309/2889/2481 2308/2732/2332
f 2308/2732/2332 2311/2887/2479 2310/2730/2330
f 203/2890/2482 2288/2857/2316 2312/2859/2455
f 203/2890/2482 2179/2891/2435 2288/2857/2316
f 2553/2794/2392 2333/2892/2483 2190/2792/2391
f 2172/2829/2425 2338/2893/2484 206/2894/2485
f 2215/2802/2400 2334/2895/2486 2192/2821/2418
f 2211/2809/2407 2341/2896/2487 2205/2830/2426
f 2188/2796/2394 2319/2897/2488 2332/2898/2489
f 4/2823/259 2335/2899/2490 2322/2900/2491
f 2226/2787/2386 2340/2901/2492 2204/2788/2387
f 2201/2806/2404 2352/2902/2493 2226/2787/2386
f 86/2811/2409 2320/2903/2494 2165/2797/2395
f 9/2810/2408 2344/2904/2495 2211/2809/2407
f 2165/2797/2395 2348/2905/2496 2218/2798/2396
f 2194/2822/2419 2336/2906/2497 2335/2899/2490
f 2305/2800/2398 2345/2907/2498 2353/2908/2499
f 2221/2803/2401 2330/2909/2500 2349/2910/2501
f 2204/2788/2387 2338/2893/2484 2199/2828/2424
f 16/2837/2433 2314/2911/2502 211/2912/2503
f 2198/2824/2420 2323/2913/2504 2170/2804/2402
f 2186/2835/2431 2348/2905/2496 2331/2914/2505
f 2167/2801/2399 2346/2915/2506 2215/2802/2400
f 2175/2784/2383 2350/2916/2507 2223/2834/2430
f 2178/2790/2389 216/2917/2508 26/2885/2477
f 2155/2785/2384 2326/2918/2509 2175/2784/2383
f 2186/2835/2431 2319/2897/2488 2163/2795/2393
f 2192/2821/2418 2345/2907/2498 2214/2799/2397
f 2157/2789/2388 2328/2919/2510 2316/2920/2511
f 2205/2830/2426 2342/2921/2512 2208/2831/2427
f 13/2808/2406 2315/2922/2513 2155/2785/2384
f 2161/2710/2310 2349/2910/2501 2318/2923/2514
f 2178/2790/2389 2316/2920/2511 2327/2924/2515
f 2182/2925/2516 2317/2926/2517 2159/2739/2339
f 2170/2804/2402 2336/2906/2497 2196/2805/2403
f 2208/2831/2427 2351/2927/2518 2224/2832/2428
f 2159/2739/2339 2328/2919/2510 2180/2791/2390
f 51/2754/2355 2321/2928/2519 2167/2801/2399
f 2153/2836/2432 2350/2916/2507 2314/2911/2502
f 2190/2819/2391 2330/2909/2500 2184/2820/2417
f 7/2886/2478 2343/2929/2520 2324/2930/2521
f 32/2931/2522 2318/2923/2514 220/2932/2523
f 2210/2838/2434 2351/2927/2518 2343/2929/2520
f 2306/2933/2524 2353/2908/2499 253/2934/2525
f 2173/2807/2405 2339/2935/2526 2201/2806/2404
f 2451/2936/2527 2391/2937/2528 2468/2938/2529
f 2430/2939/2530 2385/2940/2531 2372/2941/2532
f 2434/2942/2533 2374/2943/2534 2433/2944/2535
f 2407/2945/2536 2385/2940/2531 2453/2946/2537
f 2434/2942/2533 2362/2947/2538 2375/2948/2539
f 2461/2949/2540 2363/2950/2541 2388/2951/2542
f 2470/2952/2543 2366/2953/2544 2313/2954/2545
f 2457/2955/2546 2370/2956/2547 2425/2957/2548
f 316/2958/2549 2355/2959/2550 2395/2960/2551
f 2427/2961/2552 2359/2962/2553 2371/2963/2554
f 2183/2704/2304 2548/2964/2555 2286/2884/2476
f 2418/2965/2556 2356/2966/2557 2397/2967/2558
f 2401/2968/2559 268/2969/2560 337/2970/443
f 330/2971/326 2357/2972/2561 2399/2973/2562
f 2412/2974/2563 2355/2959/2550 2363/2950/2541
f 2459/2975/2564 2358/2976/2565 2401/2968/2559
f 2438/2977/2566 2379/2978/2567 2377/2979/2568
f 2445/2980/2569 2380/2981/2570 2381/2982/2571
f 2439/2983/2572 257/2984/2573 2378/2985/2574
f 2425/2957/2548 2360/2986/2575 2403/2987/2576
f 2465/2988/2577 2379/2978/2567 2442/2989/2578
f 2423/2990/2579 2387/2991/2580 2459/2975/2564
f 2405/2992/2581 294/2993/2582 2361/2994/2583
f 2465/2988/2577 2378/2985/2574 2390/2995/2584
f 2423/2990/2579 2371/2963/2554 2369/2996/2585
f 2407/2945/2536 2373/2997/2586 2550/2998/2587
f 2468/2938/2529 301/2999/2588 403/3000/445
f 2405/2992/2581 2386/3001/2589 2457/2955/2546
f 2433/2944/2535 255/3002/2590 2408/3003/438
f 2444/3004/2591 2383/3005/2592 2380/2981/2570
f 2410/3006/2593 2376/3007/2594 2362/2947/2538
f 2463/3008/2595 2382/3009/2596 2448/3010/2597
f 2430/2939/2530 2384/3011/2598 2451/2936/2527
f 308/3012/439 2377/2979/2568 256/3013/2599
f 2449/3014/2600 259/3015/2601 2383/3005/2592
f 2403/2987/2576 271/3016/2602 2426/3017/444
f 2448/3010/2597 258/3018/2603 312/3019/2604
f 2463/3008/2595 2381/2982/2571 2389/3020/2605
f 2461/2949/2540 2354/3021/2606 2393/3022/2607
f 2326/3023/2509 2462/3024/2608 2350/3025/2507
f 2345/3026/2498 2429/3027/2609 2452/3028/2610
f 2315/3029/2513 317/3030/2611 2394/3031/2612
f 2321/3032/2519 2431/3033/386 2406/3034/2613
f 2346/3035/2506 2429/3027/2609 2334/3036/2486
f 2347/3037/2614 2404/3038/2615 2320/3039/2494
f 2322/3040/2491 2432/3041/2616 306/3042/424
f 2335/3043/2490 2435/3044/2617 2432/3041/2616
f 2331/3045/2505 2458/3046/2618 2424/3047/2619
f 2323/3048/2504 360/3049/405 2409/3050/2620
f 2327/3051/2515 2415/3052/2621 216/3053/2508
f 2315/3029/2513 2413/3054/2622 2326/3023/2509
f 2318/3055/2514 2460/3056/2623 2400/3057/2624
f 2316/3058/2511 2419/3059/2625 2396/3060/2626
f 2327/3051/2515 2396/3060/2626 2417/3061/2627
f 2329/3062/2628 2398/3063/2629 2317/3064/2517
f 2317/3064/2517 2419/3059/2625 2328/3065/2510
f 2314/3066/2502 2462/3024/2608 2392/3067/2630
f 2318/3055/2514 2421/3068/2631 220/3069/2523
f 2343/3070/2520 2464/3071/2632 2447/3072/2633
f 2333/3073/2483 2554/3074/2634 2428/3075/2635
f 206/3076/2485 2437/3077/2636 307/3078/428
f 2332/3079/2489 2402/3080/2637 342/3081/426
f 2352/3082/2493 2441/3083/2638 2340/3084/2492
f 2339/3085/2526 2466/3086/2639 2352/3082/2493
f 2320/3039/2494 2458/3046/2618 2348/3087/2496
f 2340/3084/2492 2437/3077/2636 2338/3088/2484
f 2349/3089/2501 2422/3090/2640 2460/3056/2623
f 2321/3032/2519 2454/3091/2641 2346/3035/2506
f 2353/3092/2499 2469/3093/421 253/3094/2525
f 2331/3045/2505 2402/3080/2637 2319/3095/2488
f 2342/3096/2512 2443/3097/2642 2446/3098/2643
f 2323/3048/2504 2435/3044/2617 2336/3099/2497
f 2353/3092/2499 2452/3028/2610 2467/3100/2644
f 2342/3096/2512 2464/3071/2632 2351/3101/2518
f 2324/3102/2521 2447/3072/2633 311/3103/2645
f 2333/3073/2483 2422/3090/2640 2330/3104/2500
f 207/3105/2646 2440/3106/2647 2339/3085/2526
f 2344/3107/2495 2443/3097/2642 2341/3108/2487
f 2325/3109/2648 2450/3110/2649 2344/3107/2495
f 211/3111/2503 2392/3067/2630 320/3112/2650
f 2394/3113/2612 2412/2974/2563 2413/3114/2622
f 2417/3115/2627 2397/2967/2558 2416/3116/2651
f 2398/3117/2629 2418/2965/2556 2419/3118/2625
f 2400/3119/2624 337/2970/443 2421/3120/2631
f 2428/3121/2635 303/3122/345 2427/2961/2552
f 2402/3123/2637 2426/3017/444 342/3124/426
f 2404/3125/2615 2457/2955/2546 2458/3126/2618
f 2406/3127/2613 2453/2946/2537 2454/3128/2641
f 2409/3129/2620 2434/2942/2533 2435/3130/2617
f 2440/3131/2647 310/3132/369 2439/2983/2572
f 2450/3133/2649 313/3134/374 2449/3014/2600
f 2392/3135/2630 2414/3136/441 320/3137/2650
f 2413/3114/2622 2461/2949/2540 2462/3138/2608
f 2394/3113/2612 316/2958/2549 2395/2960/2551
f 2417/3115/2627 329/3139/2652 2415/3140/2621
f 2396/3141/2626 2418/2965/2556 2397/2967/2558
f 2398/3117/2629 330/2971/326 2399/2973/2562
f 2460/3142/2623 2423/2990/2579 2459/2975/2564
f 2424/3143/2619 2403/2987/2576 2402/3123/2637
f 2428/3121/2635 2423/2990/2579 2422/3144/2640
f 2452/3145/2610 2430/2939/2530 2451/2936/2527
f 2406/3127/2613 355/3146/305 2407/2945/2536
f 2432/3147/2616 2408/3003/438 306/3148/424
f 2432/3147/2616 2434/2942/2533 2433/2944/2535
f 2409/3129/2620 2436/3149/313 2410/3006/2593
f 2437/3150/2636 308/3012/439 307/3151/428
f 2440/3131/2647 2465/2988/2577 2466/3152/2639
f 2441/3153/2638 2438/2977/2566 2437/3150/2636
f 2446/3154/2643 2444/3004/2591 2445/2980/2569
f 2446/3154/2643 2463/3008/2595 2464/3155/2632
f 2447/3156/2633 312/3019/2604 311/3157/2645
f 2450/3133/2649 2444/3004/2591 2443/3158/2642
f 2454/3128/2641 2430/2939/2530 2429/3159/2609
f 2404/3125/2615 2456/3160/365 2405/2992/2581
f 2424/3143/2619 2457/2955/2546 2425/2957/2548
f 2400/3119/2624 2459/2975/2564 2401/2968/2559
f 2392/3135/2630 2461/2949/2540 2393/3022/2607
f 2464/3155/2632 2448/3010/2597 2447/3156/2633
f 2466/3152/2639 2442/2989/2578 2441/3153/2638
f 403/3000/445 2467/3161/2644 2468/2938/2529
f 2451/2936/2527 2467/3161/2644 2452/3145/2610
f 2393/3022/2607 2365/3162/2653 2414/3136/441
f 2313/2954/2545 203/2890/2482 2470/2952/2543
f 2386/3163/2654 2475/3164/2655 2499/3165/2656
f 301/3166/2657 2504/3167/2658 2505/3168/2659
f 2385/3169/2660 2551/3170/2661 2497/3171/2662
f 2360/3172/2663 2483/3173/2664 2474/3174/2665
f 2381/3175/2666 2492/3176/2667 2493/3177/2668
f 2384/3178/2669 2504/3167/2658 2391/3179/2670
f 2389/3180/2671 2493/3177/2668 2502/3181/2672
f 2375/3182/2673 2476/3183/2674 2487/3184/2675
f 2382/3185/2676 2479/3186/2677 258/3187/2678
f 2371/3188/2679 2482/3189/2680 2369/3190/2681
f 257/3191/2682 2490/3192/2683 2378/3193/2684
f 2383/3194/2685 2492/3176/2667 2380/3195/2686
f 2383/3194/2685 407/3196/2687 2495/3197/2688
f 2354/3198/2689 409/3199/2690 2365/3200/2691
f 2372/3201/2692 2496/3202/2669 2384/3178/2669
f 2388/3203/2693 2480/3204/2694 2501/3205/2695
f 2355/3206/2696 2481/3207/2697 2472/3208/2698
f 2372/3201/2692 2497/3171/2662 2485/3209/2699
f 294/3210/2700 2475/3164/2655 2361/3211/2701
f 2374/3212/2702 406/3213/2703 255/3214/2704
f 2375/3182/2673 2486/3215/2705 2374/3212/2702
f 2386/3163/2654 2483/3173/2664 2370/3216/2706
f 2376/3217/2707 2476/3218/2674 2362/3219/2708
f 2387/3220/2709 405/3221/2710 2358/3222/2711
f 2363/3223/2712 2472/3208/2698 2480/3204/2694
f 2354/3198/2689 2501/3205/2695 2471/3224/2713
f 2389/3180/2671 2494/3225/2714 2382/3185/2676
f 2512/3226/2715 2/3227/2716 2191/2842/2438
f 2506/3228/2717 2162/2701/2302 439/3229/589
f 256/3230/2718 2489/3231/2719 2477/3232/2720
f 2513/3233/2721 2191/2842/2438 2185/2861/2457
f 2371/3188/2679 2473/3234/2722 2484/3235/2723
f 2390/3236/2724 2491/3237/2725 2379/3238/2726
f 2390/3236/2724 2490/3192/2683 2503/3239/2727
f 2506/3228/2717 2185/2861/2457 2220/2881/2473
f 2360/3172/2663 412/3240/2728 271/3241/2729
f 2377/3242/2730 2491/3237/2725 2489/3231/2719
f 2369/3190/2681 2500/3243/2731 2387/3220/2709
f 433/3244/2732 2164/2862/2458 2189/2844/2440
f 2510/3245/2733 2164/2862/2458 2511/3246/2734
f 2509/3247/2735 2187/2880/2472 2510/3245/2733
f 2508/3248/2736 2219/3249/2737 2509/3247/2735
f 2507/3250/2738 2166/2845/2441 2508/3248/2736
f 2515/3251/2739 196/2888/2480 2514/3252/2740
f 2516/3253/2741 2307/2833/2429 2515/3251/2739
f 2516/3253/2741 2193/2879/2471 2213/2863/2459
f 2517/3254/2742 2216/3255/2743 2193/2879/2471
f 2552/3256/2744 2216/3255/2743 2518/3257/2745
f 2552/3256/2744 50/2707/2307 2168/2709/2309
f 2520/3258/2746 5/2864/6 445/3259/2747
f 2521/3260/2748 2195/3261/2749 2520/3258/2746
f 2522/3262/2750 2197/2866/2461 2521/3260/2748
f 2522/3263/2750 56/3264/2751 2171/2867/2446
f 2476/3218/2752 2523/3265/2753 2522/3263/2750
f 2476/3266/2752 2521/3267/2748 2487/3268/2754
f 2486/3269/2755 2521/3267/2748 2520/3270/2746
f 2486/3269/2755 445/3271/2747 406/3272/2756
f 2551/3273/2661 2518/3274/2745 2497/3275/2757
f 2485/3276/2758 2518/3274/2745 2517/3277/2742
f 2496/3278/2759 2517/3277/2742 2516/3279/2741
f 2496/3278/2759 2515/3280/2739 2504/3281/2760
f 2505/3282/2761 2515/3280/2739 2514/3283/2740
f 2475/3284/2762 2507/3285/2738 2508/3286/2736
f 2499/3287/2763 2508/3286/2736 2509/3288/2735
f 2483/3289/2764 2509/3288/2735 2510/3290/2733
f 2483/3289/2764 2511/3291/2734 2474/3292/2765
f 412/3293/2766 2511/3291/2734 433/3294/2732
f 2500/3295/2767 2513/3296/2721 2506/3297/2717
f 2482/3298/2768 2512/3299/2715 2513/3296/2721
f 2500/3295/2767 439/3300/589 405/3301/588
f 2484/3302/2769 438/3303/2770 2512/3299/2715
f 2524/3304/2771 2200/2872/2464 6/2870/2462
f 2526/3305/2772 2200/2872/2464 2525/3306/2773
f 2527/3307/2774 2203/2883/2475 2526/3305/2772
f 2527/3307/2774 2202/3308/2775 2227/2871/2463
f 2528/3309/2776 2174/2851/2448 2202/3308/2775
f 450/3310/2777 2209/2882/2474 8/2876/2468
f 2531/3311/2778 2209/2882/2474 2530/3312/2779
f 2532/3313/2780 2225/3314/2781 2531/3311/2778
f 2533/3315/2782 2207/2875/2467 2532/3313/2780
f 2534/3316/2783 2206/2874/2466 2533/3315/2782
f 2535/3317/2784 2212/2878/2470 2534/3316/2783
f 455/3318/2785 2154/2827/2423 17/2854/2452
f 2537/3319/2786 2154/2827/2423 2536/3320/2787
f 2537/3319/2786 2176/2856/2454 2222/2825/2421
f 2538/3321/2788 2156/2697/2298 2176/2856/2454
f 2540/3322/2789 2156/2697/2298 2539/3323/2790
f 2472/3324/2791 2540/3325/2789 2539/3326/2790
f 2480/3327/2792 2539/3326/2790 2538/3328/2788
f 2501/3329/2793 2538/3328/2788 2537/3330/2786
f 2471/3331/2794 2537/3330/2786 2536/3332/2787
f 409/3333/2795 2536/3332/2787 455/3334/2785
f 2495/3335/2796 2535/3336/2784 2534/3337/2783
f 2495/3335/2796 2533/3338/2782 2492/3339/2797
f 2492/3339/2797 2532/3340/2780 2493/3341/2798
f 2493/3341/2798 2531/3342/2778 2502/3343/2799
f 2502/3343/2799 2530/3344/2779 2494/3345/2800
f 2479/3346/2801 2530/3344/2779 450/3347/2777
f 2490/3348/2802 2529/3349/2803 2528/3350/2776
f 2503/3351/2804 2528/3350/2776 2527/3352/2774
f 2491/3353/2805 2527/3352/2774 2526/3354/2772
f 2489/3355/2806 2526/3354/2772 2525/3356/2773
f 2489/3355/2806 2524/3357/2771 2477/3358/2807
f 2169/3359/2808 2177/2848/2449 2540/3322/2789
f 2540/3325/2789 2481/3360/2809 2169/3361/2808
f 2356/3362/2810 2543/3363/2811 2366/3364/2812
f 2367/3365/2813 2541/3366/2814 2356/3362/2810
f 2367/3365/2813 2542/3367/2815 2544/3368/2816
f 2368/3369/2817 2542/3367/2815 2357/3370/2818
f 2366/3364/2812 2543/3363/2811 2313/3371/2819
f 2179/3372/2820 2313/3373/2819 2543/3374/2811
f 2179/3372/2820 2543/3374/2811 2549/3375/2821
f 2545/3376/2822 2181/2840/2436 2158/2860/2456
f 2546/3377/2823 2160/2706/2306 2181/2840/2436
f 2548/2964/2555 2160/2706/2306 2547/3378/2824
f 2549/3379/2821 2545/3376/2822 2158/2860/2456
f 2542/3380/2825 2548/3381/2555 2547/3382/2824
f 2544/3383/2826 2547/3382/2824 2546/3384/2823
f 2541/3385/2827 2546/3384/2823 2545/3386/2822
f 2543/3374/2811 2545/3386/2822 2549/3375/2821
f 2158/2860/2456 2179/2839/2820 2549/3379/2821
f 2376/3217/2828 56/3264/2829 2523/3265/2828
f 33/2703/590 439/3229/589 2162/2701/2302
f 2358/3222/2830 405/3221/588 268/3387/665
f 2488/3388/2831 2376/3217/2828 2523/3265/2828
f 2418/2965/2556 2357/2972/2561 2367/3389/2832
f 329/3139/2652 2416/3116/2651 2470/3390/2543
f 2366/3391/2544 2470/3390/2543 2356/2966/2557
f 2470/3390/2543 2397/2967/2558 2356/2966/2557
f 146/2737/2337 13/2808/2833 2251/2735/2335
f 2550/3392/2834 652/3393/2835 2551/3394/2661
f 2551/3394/2661 2519/3395/2836 2552/3396/2744
f 2524/3397/2837 6/3398/2838 256/3399/2837
f 2477/3400/2839 2524/3397/2837 256/3399/2837
f 2428/3075/2635 204/3401/2840 302/3402/431
f 2245/2793/2323 1/3403/2841 2553/2794/2392
f 2554/3404/2634 1/3403/2841 204/3405/2840
f 76/1/1 107/112/112 109/2/2
f 192/4/4 171/26/26 53/5/5
f 183/7/7 177/16/16 40/8/8
f 182/10/10 175/22/22 44/11/11
f 33/13/13 181/119/119 174/14/14
f 177/16/16 2286/120/120 2548/17/17
f 176/18/18 183/7/7 28/9/9
f 184/20/20 616/3406/2842 625/21/21
f 46/15/15 174/14/14 182/10/10
f 49/23/23 173/121/121 172/24/24
f 171/26/26 154/122/122 85/27/27
f 170/28/28 155/149/148 82/29/29
f 85/27/27 154/122/122 170/28/28
f 145/31/31 4/270/259 52/32/32
f 27/34/34 42/54/54 125/35/35
f 29/37/37 41/229/219 126/38/38
f 30/40/40 45/55/55 124/41/41
f 113/43/43 164/163/162 2295/44/44
f 110/46/46 161/109/109 2294/47/47
f 2248/49/49 32/248/238 47/50/50
f 126/38/38 41/229/219 2182/52/52
f 42/54/54 29/37/37 132/39/39
f 45/55/55 27/34/34 133/36/36
f 123/51/51 47/50/50 30/40/40
f 122/56/56 48/96/96 51/57/57
f 52/32/32 84/282/271 103/59/59
f 168/60/60 157/100/100 106/61/61
f 109/2/2 160/167/166 189/63/63
f 141/64/64 189/63/63 2290/65/65
f 187/67/67 188/170/169 139/68/68
f 2297/70/70 187/67/67 138/69/69
f 142/72/72 190/141/140 186/73/73
f 185/75/75 2289/3407/173 135/76/76
f 127/78/78 178/179/176 180/79/79
f 100/81/81 151/132/132 179/82/82
f 129/83/83 179/82/82 2283/84/84
f 193/86/86 178/179/176 127/78/78
f 166/88/88 168/60/60 117/62/62
f 118/90/90 169/3408/184 167/91/91
f 55/93/93 83/238/228 104/94/94
f 104/94/94 83/238/228 48/96/96
f 2293/97/97 159/111/111 108/98/98
f 157/100/100 165/102/102 114/101/101
f 165/102/102 164/163/162 113/43/43
f 149/103/103 163/193/189 112/104/104
f 191/106/106 162/140/139 111/107/107
f 112/104/104 163/193/189 161/109/109
f 3/110/110 13/3409/255 146/71/71
f 192/4/4 145/31/31 120/33/33
f 159/111/111 158/196/192 107/112/112
f 156/113/113 166/88/88 115/89/89
f 132/39/39 126/38/38 177/16/16
f 131/42/42 124/41/41 175/22/22
f 64/115/115 113/43/43 144/45/45
f 110/46/46 143/48/48 7/117/117
f 181/119/119 2248/49/49 123/51/51
f 126/38/38 134/53/53 2286/120/120
f 125/35/35 132/39/39 183/7/7
f 124/41/41 133/36/36 184/20/20
f 174/14/14 123/51/51 131/42/42
f 122/56/56 121/58/58 172/24/24
f 120/33/33 103/59/59 154/122/122
f 117/62/62 106/61/61 79/123/123
f 73/3/3 109/2/2 141/64/64
f 14/125/125 141/64/64 140/66/66
f 138/69/69 139/68/68 19/127/127
f 167/91/91 156/113/113 105/114/114
f 97/129/129 148/203/199 152/130/130
f 130/80/80 180/79/79 151/132/132
f 36/133/133 129/83/83 128/85/85
f 147/135/87 127/3410/78 39/136/135
f 139/68/68 188/170/169 150/138/137
f 162/140/139 149/103/103 98/105/105
f 99/139/138 150/138/137 190/141/140
f 106/61/61 114/101/101 62/142/141
f 114/101/101 113/43/43 64/115/115
f 93/143/142 98/105/105 112/104/104
f 2254/108/108 111/107/107 69/145/144
f 153/147/146 148/203/199 97/129/129
f 155/149/148 173/121/121 49/23/23
f 108/98/98 107/112/112 76/1/1
f 105/114/114 115/89/89 60/151/150
f 59/153/152 116/92/92 105/114/114
f 96/154/153 97/129/129 101/131/131
f 34/156/155 130/80/80 100/81/81
f 139/68/68 99/139/138 91/158/157
f 69/145/144 111/107/107 98/105/105
f 99/139/138 142/72/72 11/159/158
f 86/160/159 102/148/147 97/129/129
f 154/122/122 103/59/59 119/95/95
f 152/130/130 198/202/198 197/161/160
f 150/138/137 650/205/201 649/162/161
f 164/163/162 65/736/593 6/164/163
f 161/109/109 71/669/542 8/165/164
f 72/166/165 15/677/550 189/63/63
f 189/63/63 15/677/550 17/168/167
f 187/67/67 647/171/170 648/169/168
f 2297/70/70 2169/1041/806 647/171/170
f 186/172/73 25/220/215 199/173/171
f 186/172/73 200/174/172 2289/175/173
f 178/179/176 38/183/180 35/180/177
f 151/132/132 89/204/200 37/181/178
f 179/82/82 37/181/178 2189/182/179
f 193/86/86 2/616/504 38/183/180
f 61/184/181 603/965/745 626/185/182
f 56/186/183 58/749/196 167/187/91
f 80/189/185 61/184/181 166/88/88
f 78/190/186 63/191/187 165/102/102
f 63/191/187 65/736/593 164/163/162
f 94/192/188 67/195/191 163/193/189
f 2174/194/190 68/206/202 162/140/139
f 67/195/191 71/669/542 161/109/109
f 158/196/192 77/675/548 72/166/165
f 10/197/193 74/198/194 159/111/111
f 74/198/194 77/675/548 158/196/192
f 622/199/195 642/761/611 78/190/186
f 58/200/196 80/189/185 156/113/113
f 88/201/197 195/215/210 198/202/198
f 148/203/199 95/624/512 88/201/197
f 180/79/79 35/180/177 89/204/200
f 188/170/169 648/169/168 650/205/201
f 68/206/202 94/192/188 149/103/103
f 2217/207/203 95/624/512 148/203/199
f 103/59/59 84/282/271 55/93/93
f 133/36/36 125/35/35 176/18/18
f 142/72/72 137/74/74 22/208/204
f 22/208/204 137/74/74 136/77/77
f 24/209/205 136/77/77 135/76/76
f 39/211/135 127/78/78 130/80/80
f 90/157/156 100/81/81 129/83/83
f 115/89/89 117/62/62 57/124/124
f 2198/212/207 118/90/90 116/92/92
f 119/95/95 104/94/94 155/149/148
f 104/94/94 122/56/56 173/121/121
f 2253/99/99 108/98/98 75/150/149
f 66/144/143 112/104/104 110/46/46
f 107/112/112 158/196/192 160/167/166
f 196/214/209 2311/218/213 198/202/198
f 2309/216/211 2306/236/226 194/217/212
f 2311/218/213 2309/216/211 197/161/160
f 101/131/131 197/161/160 194/217/212
f 201/219/214 23/3411/2843 199/173/171
f 199/221/171 23/3412/2843 202/222/216
f 199/221/171 203/223/217 2312/226/218
f 41/229/219 29/37/37 218/230/220
f 69/145/144 93/143/142 250/232/222
f 1/137/136 39/136/135 223/234/224
f 2306/236/226 253/3413/2844 252/237/227
f 83/238/228 55/93/93 231/239/229
f 45/55/55 30/40/40 219/241/231
f 3/110/110 21/128/128 213/243/233
f 7/117/117 2324/3414/2845 239/245/235
f 2182/52/52 41/229/219 224/231/221
f 22/208/204 214/252/242 208/247/237
f 32/248/238 220/3415/417 227/249/239
f 42/54/54 225/280/269 218/230/220
f 194/217/212 252/237/227 247/250/240
f 73/3/3 240/277/266 242/251/241
f 24/209/205 215/258/248 214/252/242
f 86/160/159 96/154/153 251/253/243
f 96/154/153 87/155/154 247/250/240
f 9/213/208 75/150/149 241/255/245
f 27/34/34 45/55/55 226/242/232
f 26/210/206 216/3416/400 215/258/248
f 66/144/143 237/285/274 250/232/222
f 11/159/158 208/247/237 249/259/249
f 34/156/155 221/264/253 223/260/224
f 75/150/149 76/1/1 242/251/241
f 60/151/150 57/124/124 232/261/250
f 47/50/50 227/249/239 219/241/231
f 34/156/155 90/157/156 248/263/252
f 2173/146/145 69/145/144 238/233/223
f 13/266/255 3/110/110 205/244/234
f 79/123/123 243/279/268 232/261/250
f 2198/212/207 59/153/152 233/268/257
f 4/270/259 2322/3417/2846 230/271/260
f 36/133/133 222/278/267 248/263/252
f 51/57/57 48/96/96 228/272/261
f 19/127/127 91/158/157 249/259/249
f 59/153/152 81/152/151 244/275/264
f 73/3/3 14/125/125 210/276/265
f 60/151/150 234/262/251 244/275/264
f 2188/134/134 2332/3418/2847 222/278/267
f 83/238/228 245/240/230 228/272/261
f 16/126/126 211/3419/391 210/276/265
f 62/142/141 235/284/273 243/279/268
f 42/54/54 27/34/34 217/257/247
f 2172/116/116 206/3420/2848 236/281/270
f 84/282/271 246/283/272 231/239/229
f 52/32/32 230/271/260 246/283/272
f 64/115/115 236/281/270 235/284/273
f 66/144/143 70/118/118 239/245/235
f 19/127/127 212/274/263 213/243/233
f 351/286/275 337/521/443 268/287/276
f 319/289/278 261/301/290 287/290/279
f 385/292/281 291/296/285 280/293/282
f 385/292/281 365/340/329 281/295/284
f 354/297/286 387/312/301 292/298/287
f 319/289/278 2414/510/441 2365/300/289
f 356/302/291 278/319/308 293/303/292
f 305/305/294 254/368/357 2364/306/295
f 323/308/297 322/313/302 262/309/298
f 359/311/300 279/317/306 292/298/287
f 322/313/302 395/388/377 297/314/303
f 354/297/286 277/299/288 2373/315/304
f 359/311/300 389/304/293 293/303/292
f 356/302/291 2408/501/438 255/318/307
f 392/320/309 401/371/360 300/321/310
f 364/294/283 280/293/282 2376/323/312
f 328/325/314 329/515/442 2470/326/315
f 393/328/317 341/373/362 270/329/318
f 369/331/320 308/503/439 256/332/321
f 383/334/323 290/344/333 618/335/324
f 330/337/326 345/390/379 273/338/327
f 365/340/329 362/336/325 618/335/324
f 326/341/330 328/325/314 265/327/316
f 383/334/323 368/345/334 282/343/332
f 369/331/320 283/333/322 282/343/332
f 349/346/335 275/387/376 615/347/336
f 381/349/338 377/291/280 287/290/279
f 334/351/340 347/382/371 274/352/341
f 343/354/343 272/377/366 2359/355/344
f 351/286/275 276/288/277 267/357/346
f 397/359/348 372/365/354 284/360/349
f 399/362/351 392/320/309 295/322/311
f 375/364/353 286/370/359 284/360/349
f 393/328/317 296/330/319 269/366/355
f 323/308/297 263/310/299 254/368/357
f 375/364/353 312/505/440 258/369/358
f 401/371/360 403/552/445 301/372/361
f 341/373/362 2426/525/444 271/374/363
f 399/362/351 299/363/352 294/375/364
f 343/354/343 339/367/356 269/366/355
f 374/378/367 285/381/370 257/379/368
f 397/359/348 298/361/350 285/381/370
f 347/382/371 332/348/337 615/347/336
f 380/383/372 288/386/375 259/384/373
f 381/349/338 289/350/339 288/386/375
f 336/358/347 267/357/346 275/387/376
f 395/388/377 315/391/380 260/389/378
f 334/351/340 266/353/342 273/338/327
f 315/391/380 326/341/330 264/342/331
f 219/392/231 227/458/239 352/393/381
f 243/395/268 384/443/408 361/396/383
f 233/398/257 244/441/264 386/399/384
f 228/401/261 353/408/390 2431/402/386
f 240/404/266 210/410/265 318/405/387
f 228/401/261 245/419/230 388/407/389
f 211/409/391 320/3421/2650 318/405/387
f 246/411/272 390/415/393 358/412/392
f 230/414/260 357/473/425 390/415/393
f 212/416/263 321/440/407 324/417/394
f 245/419/230 231/413/229 358/412/392
f 205/420/234 213/418/233 324/417/394
f 214/422/242 325/429/399 314/423/396
f 251/425/243 247/474/240 391/426/397
f 215/428/248 327/431/401 325/429/399
f 216/430/400 2415/3422/2849 327/431/401
f 221/432/253 248/476/252 394/433/402
f 234/435/251 232/397/250 361/396/383
f 233/398/257 363/400/385 360/437/405
f 212/416/263 249/496/249 396/439/406
f 234/435/251 366/436/404 386/399/384
f 235/442/273 367/448/411 384/443/408
f 225/444/269 217/495/247 331/445/409
f 236/447/270 370/480/429 367/448/411
f 224/449/221 218/491/220 333/450/412
f 238/452/223 250/462/222 398/453/414
f 226/455/232 219/392/231 335/394/382
f 220/457/417 2421/3423/2631 352/393/381
f 251/425/243 400/427/398 2455/459/418
f 237/461/274 371/482/430 398/453/414
f 223/463/224 221/432/253 338/434/403
f 209/465/256 205/420/234 304/421/395
f 252/467/227 253/3424/2844 2469/468/421
f 238/452/223 373/454/415 309/470/423
f 230/414/260 2322/3425/2846 306/472/424
f 252/467/227 402/469/422 391/426/397
f 222/475/267 340/478/427 394/433/402
f 222/475/267 2332/3426/2847 342/477/426
f 236/447/270 206/3427/2848 307/479/428
f 239/481/235 376/486/433 371/482/430
f 204/483/225 223/463/224 344/464/419
f 239/481/235 2324/3428/2845 311/485/432
f 2329/487/236 224/449/221 346/451/413
f 240/404/266 378/406/388 382/489/435
f 225/444/269 348/446/410 333/450/412
f 2325/492/246 241/497/245 379/493/436
f 226/455/232 350/456/416 331/445/409
f 208/424/237 314/423/396 396/439/406
f 241/497/245 242/490/241 382/489/435
f 304/498/395 305/305/294 316/307/296
f 357/500/425 306/3429/424 2408/501/438
f 370/502/429 307/3430/428 308/503/439
f 376/504/433 311/3431/432 312/505/440
f 314/506/396 315/391/380 395/388/377
f 378/508/388 318/509/387 319/289/278
f 318/509/387 320/3432/2650 2414/510/441
f 321/511/407 322/313/302 323/308/297
f 304/498/395 324/512/394 323/308/297
f 325/513/399 326/341/330 315/391/380
f 327/514/401 328/325/314 326/341/330
f 327/514/401 2415/3433/2849 329/515/442
f 348/516/410 331/528/409 332/348/337
f 333/517/412 334/351/340 345/390/379
f 350/519/416 335/529/382 336/358/347
f 352/520/381 2421/3434/2631 337/521/443
f 344/522/419 338/550/403 339/367/356
f 340/523/427 341/373/362 393/328/317
f 340/523/427 342/3435/426 2426/525/444
f 344/522/419 343/354/343 303/356/345
f 346/518/413 345/390/379 330/337/326
f 348/516/410 347/382/371 334/351/340
f 350/519/416 349/346/335 332/348/337
f 335/529/382 352/520/381 351/286/275
f 353/530/390 354/297/286 355/316/305
f 357/500/425 356/302/291 389/304/293
f 388/533/389 358/548/392 359/311/300
f 366/534/404 361/547/383 362/336/325
f 363/535/385 364/294/283 2436/324/313
f 366/534/404 365/340/329 385/292/281
f 367/538/411 368/345/334 383/334/323
f 370/502/429 369/331/320 368/345/334
f 371/540/430 372/365/354 397/359/348
f 373/542/415 374/378/367 310/380/369
f 376/504/433 375/364/353 372/365/354
f 378/508/388 377/291/280 381/349/338
f 379/545/436 380/383/372 313/385/374
f 379/545/436 382/544/435 381/349/338
f 361/547/383 384/539/408 383/334/323
f 363/535/385 386/537/384 385/292/281
f 353/530/390 388/533/389 387/312/301
f 390/532/393 389/304/293 359/311/300
f 400/549/398 391/3436/397 392/320/309
f 338/550/403 394/524/402 393/328/317
f 321/511/407 396/507/406 395/388/377
f 373/542/415 398/541/414 397/359/348
f 400/549/398 399/362/351 2456/376/365
f 403/552/445 401/371/360 402/553/422
f 392/320/309 391/3436/397 402/553/422
f 404/555/446 2470/3437/2850 203/556/447
f 298/559/450 284/581/451 417/560/451
f 272/562/453 269/615/503 410/563/454
f 301/565/456 2505/3438/2851 429/566/457
f 257/568/459 285/618/506 418/569/460
f 295/571/462 300/567/458 429/566/457
f 296/573/464 270/580/471 411/574/465
f 255/576/467 406/3439/2852 415/577/468
f 271/579/470 412/3440/2853 411/574/465
f 284/581/451 286/587/477 419/582/472
f 272/562/453 413/564/455 2473/583/473
f 433/585/475 2189/182/179 37/181/178
f 286/587/477 258/3441/2854 2479/588/478
f 289/589/479 287/605/494 420/590/480
f 435/592/481 434/586/476 37/181/178
f 288/593/482 421/597/486 407/594/483
f 436/596/485 435/592/481 89/204/200
f 289/589/479 422/591/479 421/597/486
f 436/596/485 35/180/177 38/183/180
f 2373/599/488 277/602/491 414/600/489
f 277/602/491 292/612/500 423/603/492
f 261/604/493 408/611/499 420/590/480
f 279/606/495 293/609/497 424/607/496
f 278/578/469 415/577/468 424/607/496
f 2365/610/498 409/3442/2855 408/611/499
f 279/606/495 416/608/495 423/603/492
f 299/613/501 295/571/462 425/572/463
f 296/573/464 426/575/466 410/563/454
f 437/598/487 38/183/180 2/616/504
f 298/559/450 427/561/452 418/569/460
f 294/619/507 299/613/501 428/614/502
f 432/621/509 95/624/512 2217/207/203
f 431/623/511 88/201/197 95/624/512
f 430/625/513 195/215/210 88/201/197
f 430/625/513 2514/3443/2856 196/214/209
f 440/626/514 49/23/23 50/25/25
f 440/626/514 441/629/517 82/29/29
f 442/628/516 54/30/30 82/29/29
f 442/628/516 443/630/518 85/27/27
f 443/630/518 444/631/519 53/5/5
f 444/631/519 445/3444/2857 5/6/6
f 406/632/520 445/3445/2857 444/633/519
f 424/635/522 415/634/521 444/633/519
f 416/637/523 424/635/522 443/636/518
f 416/637/523 442/638/516 441/639/517
f 423/640/524 441/639/517 440/641/514
f 414/642/525 440/641/514 2519/643/515
f 2505/645/527 2514/3446/2856 430/646/513
f 429/647/528 430/646/513 431/648/511
f 425/649/529 431/648/511 432/650/509
f 2498/652/531 428/651/530 432/650/509
f 413/654/532 437/658/487 438/655/505
f 410/657/534 436/660/485 437/658/487
f 410/657/534 426/662/536 435/659/481
f 411/661/535 434/664/476 435/659/481
f 412/663/537 433/3447/475 434/664/476
f 446/665/538 68/206/202 2174/194/190
f 447/667/540 94/192/188 68/206/202
f 447/667/540 448/668/541 67/195/191
f 448/668/541 449/671/544 71/669/542
f 450/670/543 8/165/164 71/669/542
f 451/672/545 74/198/194 10/197/193
f 452/674/547 77/675/548 74/198/194
f 452/674/547 453/676/549 72/166/165
f 453/676/549 454/678/551 15/677/550
f 454/678/551 455/3448/553 17/168/167
f 408/679/552 409/3449/2858 455/680/553
f 420/682/554 408/679/552 454/681/551
f 422/684/555 420/682/554 453/683/549
f 422/684/555 452/685/547 451/686/545
f 421/687/556 451/686/545 2535/688/546
f 2479/690/558 450/3450/543 449/691/544
f 417/693/560 419/692/559 449/691/544
f 427/695/561 417/693/560 448/694/541
f 427/695/561 447/696/540 446/697/538
f 418/698/562 446/697/538 2529/699/539
f 262/701/564 297/707/565 461/702/565
f 263/704/567 459/711/573 456/705/568
f 297/707/565 260/709/571 457/708/570
f 260/709/571 264/3451/2859 460/710/572
f 263/704/567 262/701/564 458/703/566
f 18/715/577 20/714/576 459/713/575
f 18/715/577 458/716/578 461/717/579
f 92/718/580 461/717/579 457/719/581
f 23/721/582 201/3452/214 12/720/175
f 460/710/572 264/3451/2859 265/722/583
f 202/725/585 23/724/582 460/710/572
f 456/727/568 2481/3453/574 2364/306/587
f 78/190/186 471/772/622 469/735/592
f 65/736/593 63/191/187 469/735/592
f 80/189/185 58/200/196 467/738/595
f 2376/323/312 280/293/282 476/743/600
f 80/189/185 472/739/596 468/745/602
f 291/296/285 281/295/284 477/746/603
f 56/186/183 465/754/608 467/748/595
f 65/736/593 470/737/594 464/750/605
f 290/344/333 282/343/332 478/751/606
f 56/186/183 2376/3454/312 474/753/601
f 282/343/332 283/333/322 479/755/609
f 291/296/285 481/747/604 476/743/600
f 256/756/321 473/760/610 479/757/609
f 6/759/163 464/3455/605 473/760/610
f 466/763/613 468/745/602 486/764/614
f 477/746/603 495/782/631 499/766/616
f 469/735/592 487/773/623 488/767/617
f 480/752/607 478/751/606 496/768/618
f 470/737/594 488/767/617 482/770/620
f 478/751/606 479/755/609 497/771/621
f 471/772/622 489/780/629 487/773/623
f 480/752/607 498/769/619 493/774/624
f 472/739/596 490/784/632 486/764/614
f 467/748/595 465/754/608 483/775/625
f 481/747/604 499/766/616 494/777/627
f 479/757/609 473/760/610 491/778/628
f 471/772/622 466/763/613 484/765/615
f 465/754/608 474/753/601 492/781/630
f 475/740/597 493/774/624 495/782/631
f 472/739/596 467/738/595 485/783/626
f 473/760/610 464/3455/605 482/785/620
f 476/743/600 494/777/627 492/786/630
f 483/775/625 492/781/630 510/787/633
f 493/789/624 511/811/648 513/790/635
f 490/784/632 485/783/626 503/792/636
f 491/778/628 482/785/620 500/794/638
f 494/796/627 512/813/649 510/797/633
f 484/765/615 486/764/614 504/799/640
f 495/791/631 513/790/635 517/801/642
f 487/773/623 505/810/647 506/803/643
f 498/804/619 496/808/618 514/805/644
f 488/767/617 506/803/643 500/807/638
f 496/808/618 497/3456/621 515/809/646
f 489/780/629 507/815/650 505/810/647
f 493/789/624 498/804/619 516/806/645
f 486/764/614 490/784/632 508/793/637
f 485/776/626 483/775/625 501/788/634
f 499/802/616 517/801/642 512/813/649
f 497/779/621 491/778/628 509/795/639
f 484/765/615 502/800/641 507/815/650
f 531/816/651 525/820/653 514/817/644
f 526/819/652 516/822/645 514/817/644
f 527/821/654 511/824/648 516/822/645
f 527/821/654 528/825/655 513/823/635
f 528/825/655 529/827/656 517/826/642
f 529/827/656 530/842/663 512/828/649
f 508/829/637 523/833/658 522/830/657
f 503/832/636 524/844/664 523/833/658
f 504/831/640 522/830/657 521/834/659
f 502/835/641 521/834/659 520/836/660
f 507/837/650 520/836/660 519/838/661
f 505/839/647 519/838/661 518/840/662
f 523/833/658 524/844/664 530/842/663
f 523/833/658 529/827/656 528/825/655
f 522/830/657 528/825/655 527/821/654
f 521/834/659 527/821/654 526/819/652
f 520/836/660 526/819/652 525/820/653
f 519/838/661 525/820/653 531/816/651
f 530/842/663 524/844/664 501/843/634
f 518/840/662 531/816/651 509/847/639
f 275/387/376 267/357/346 542/849/666
f 46/15/15 31/12/12 534/851/668
f 33/853/13 535/890/685 543/854/670
f 268/287/276 543/3457/670 547/856/671
f 2368/339/328 273/338/327 544/857/672
f 44/11/11 538/883/696 534/851/668
f 274/352/341 545/869/682 541/862/677
f 28/9/9 533/868/681 537/863/678
f 40/8/8 2548/17/17 548/864/679
f 2548/734/17 2368/733/328 540/866/673
f 40/8/8 536/865/680 533/868/681
f 267/357/346 276/288/277 547/856/671
f 33/13/13 46/15/15 539/852/669
f 266/353/342 541/862/677 544/857/672
f 534/851/668 551/884/697 556/873/686
f 536/865/680 548/864/679 566/874/687
f 547/856/671 543/3457/670 561/876/689
f 533/868/681 536/865/680 553/875/688
f 544/857/672 562/892/703 557/879/692
f 532/859/674 537/863/678 554/880/693
f 545/869/682 563/888/701 559/882/695
f 538/883/696 555/889/702 551/884/697
f 539/852/669 556/873/686 552/885/698
f 542/849/666 547/856/671 565/877/690
f 643/871/684 635/1032/801 558/887/700
f 532/859/674 549/881/694 555/889/702
f 535/890/685 552/916/698 561/891/689
f 541/862/677 559/882/695 562/892/703
f 537/863/678 533/868/681 550/878/691
f 548/867/679 540/866/673 557/893/692
f 546/850/667 542/849/666 560/886/699
f 550/878/691 553/875/688 571/896/705
f 562/898/703 580/918/720 575/899/707
f 549/881/694 554/880/693 572/901/708
f 563/903/701 581/914/717 577/904/710
f 555/889/702 573/915/718 569/906/711
f 558/907/700 564/920/704 582/908/712
f 556/873/686 574/921/722 570/910/714
f 560/911/699 565/923/690 583/912/715
f 558/907/700 576/909/713 581/914/717
f 549/881/694 567/902/709 573/915/718
f 552/916/698 570/3458/714 579/917/719
f 559/905/695 577/904/710 580/918/720
f 554/880/693 550/878/691 568/897/706
f 557/893/692 575/3459/707 584/919/721
f 564/920/704 560/911/699 578/913/716
f 551/884/697 569/906/711 574/921/722
f 553/875/688 566/874/687 584/922/721
f 565/923/690 561/3460/689 579/924/719
f 589/925/723 572/949/708 568/926/706
f 577/928/710 581/931/717 590/929/725
f 581/931/717 576/933/713 592/932/727
f 576/933/713 582/935/712 594/934/728
f 582/935/712 578/937/716 596/936/729
f 578/937/716 583/956/715 598/938/730
f 595/942/732 597/952/736 574/943/722
f 593/945/733 595/942/732 569/944/711
f 591/947/734 593/945/733 573/946/718
f 591/947/734 567/948/709 572/949/708
f 586/950/735 587/927/724 568/926/706
f 597/952/736 595/942/732 596/936/729
f 593/945/733 594/934/728 596/936/729
f 591/947/734 592/932/727 594/934/728
f 589/925/723 590/929/725 592/932/727
f 587/927/724 588/930/726 590/929/725
f 587/927/724 586/950/735 585/940/731
f 580/939/720 577/928/710 588/930/726
f 570/954/714 597/952/736 598/938/730
f 585/940/731 586/950/735 584/953/721
f 634/957/737 641/979/738 639/958/738
f 633/960/740 632/1010/784 642/961/741
f 621/963/743 616/3406/2842 184/20/20
f 643/966/746 629/1009/783 628/967/747
f 646/969/749 644/998/775 627/970/750
f 621/973/753 620/3461/2860 615/974/754
f 622/976/756 617/3462/2861 618/977/757
f 641/979/738 620/3461/2860 621/973/753
f 640/962/742 642/961/741 622/976/756
f 625/980/759 623/3463/762 604/981/760
f 626/983/762 603/988/760 605/984/763
f 606/982/761 604/981/760 609/986/765
f 603/988/760 607/993/771 610/989/767
f 608/987/766 609/986/765 601/991/769
f 607/993/771 599/1012/786 602/994/772
f 635/995/773 643/966/746 645/968/748
f 638/997/774 636/3464/774 644/998/775
f 612/1001/778 613/1011/785 635/1002/773
f 611/1004/779 636/3465/774 638/1005/774
f 615/974/754 623/3463/762 625/980/759
f 78/190/186 632/762/612 627/1007/781
f 629/1009/783 634/957/737 631/959/739
f 630/971/751 627/970/750 632/1010/784
f 600/992/770 601/991/769 613/1011/785
f 599/1012/786 611/1004/779 614/1006/780
f 618/977/757 617/3462/2861 626/983/762
f 471/772/622 627/1007/781 644/1013/787
f 611/1015/789 599/1016/789 468/745/602
f 607/964/744 61/184/181 468/745/602
f 168/60/60 166/88/88 626/185/182
f 617/1017/790 622/199/195 157/100/100
f 613/1008/782 564/895/704 558/887/700
f 621/963/743 176/18/18 43/19/19
f 44/11/11 175/22/22 625/21/21
f 25/225/215 186/73/73 190/141/140
f 190/141/140 649/162/161 651/177/174
f 648/169/168 647/171/170 20/1038/576
f 650/205/201 648/169/168 18/1039/577
f 650/205/201 92/1040/580 12/178/175
f 668/1043/807 724/1128/858 723/1044/808
f 739/1046/810 672/1094/811 703/1047/811
f 747/1049/813 684/1124/855 691/1050/814
f 718/1052/757 662/1061/757 658/1053/757
f 752/1055/816 692/1121/817 683/1056/817
f 687/1058/819 694/1106/819 749/1059/820
f 706/1072/822 728/1136/863 725/1073/823
f 712/1075/824 734/1143/869 735/1076/825
f 746/1078/827 695/1110/828 686/1079/828
f 716/1081/757 656/1065/757 664/1064/757
f 690/1083/774 689/1147/774 663/1068/774
f 698/1084/830 699/3466/831 679/1085/831
f 699/1087/832 697/1133/833 678/1088/833
f 704/1090/834 705/3467/2862 673/1091/835
f 705/1093/836 703/1047/811 672/1094/811
f 675/1074/822 676/3468/2863 708/1096/838
f 676/1097/839 674/1145/840 707/1098/840
f 681/1100/841 682/3469/842 702/1101/842
f 682/1103/843 680/1138/844 701/1104/844
f 694/1106/819 687/1058/819 688/1107/845
f 688/1109/846 686/1079/828 695/1110/828
f 712/1075/824 669/1077/826 670/1112/847
f 714/1114/848 670/3470/848 668/1043/807
f 665/1115/849 710/1141/867 711/1116/850
f 711/1118/851 709/1126/852 666/1119/852
f 692/1121/817 693/3471/853 685/1122/853
f 685/1123/854 693/3472/854 691/1050/814
f 722/1125/856 666/1119/852 709/1126/852
f 716/1081/757 715/1082/757 723/1044/808
f 719/1129/774 657/1070/774 661/1069/774
f 671/1092/834 730/1137/864 731/1131/859
f 729/1132/860 678/1088/833 697/1133/833
f 727/1135/862 726/1139/865 725/1073/823
f 732/1134/861 731/1131/859 730/1137/864
f 727/1135/862 701/1104/844 680/1138/844
f 665/1115/849 740/1144/870 737/1140/866
f 733/1142/868 736/1146/871 735/1076/825
f 738/1048/812 737/1140/866 740/1144/870
f 733/1142/868 707/1098/840 674/1145/840
f 690/1083/774 722/1125/856 721/1127/857
f 700/1102/841 742/1150/874 741/1148/872
f 677/1086/830 743/3473/2864 744/1149/873
f 742/1150/874 746/1078/827 745/1080/829
f 744/1149/873 743/3473/2864 747/1049/813
f 750/1060/821 749/1059/820 718/1052/757
f 720/1130/774 752/1055/816 751/1057/818
f 922/1151/875 923/1440/1164 1045/1152/876
f 926/1154/878 1052/1676/1400 1056/1155/879
f 928/1156/880 1056/1155/879 1060/1157/881
f 1060/1157/881 1064/1160/884 932/1159/883
f 1064/1160/884 1068/1162/886 934/1161/885
f 1068/1162/886 1072/1687/1411 936/1163/887
f 936/1163/887 1072/1687/1411 1076/1164/888
f 1076/1164/888 1080/1167/891 940/1166/890
f 1080/1167/891 1084/1694/1418 942/1168/892
f 942/1168/892 1084/1694/1418 1088/1169/893
f 944/1170/894 1088/1169/893 1043/1171/895
f 1573/1173/897 947/1447/1171 949/1174/898
f 1043/1171/895 1048/1593/1317 924/1176/900
f 943/1177/901 922/1151/875 1042/1153/877
f 994/1179/903 995/1334/1058 1093/1180/904
f 998/1182/906 1100/1640/1364 1104/1183/907
f 1000/1184/908 1104/1183/907 1108/1185/909
f 1002/1186/910 1108/1185/909 1112/1187/911
f 1112/1187/911 1116/1190/914 1006/1189/913
f 1116/1190/914 1120/1192/916 1008/1191/915
f 1120/1192/916 1124/1717/1441 1010/1193/917
f 1010/1193/917 1124/1717/1441 1128/1194/918
f 1128/1194/918 1132/1721/1445 1014/1196/920
f 1014/1196/920 1132/1721/1445 1136/1197/921
f 1136/1197/921 1091/1203/927 993/1199/923
f 1019/1200/924 1021/3474/2865 1385/1201/925
f 1091/1203/927 1096/1701/1425 996/1204/928
f 1133/1205/929 1015/1642/1366 994/1179/903
f 1138/1206/930 778/1232/956 779/1207/931
f 782/1209/933 1148/1493/1217 1152/1210/934
f 1152/1210/934 1156/1213/937 786/1212/936
f 1156/1213/937 1160/1732/1456 788/1214/938
f 788/1214/938 1160/1732/1456 1164/1215/939
f 1164/1215/939 1168/1736/1460 792/1217/941
f 792/1217/941 1168/1736/1460 1172/1218/942
f 1172/1218/942 1176/1739/1463 796/1220/944
f 796/1220/944 1176/1739/1463 1180/1221/945
f 798/1222/946 1180/1221/945 1184/1223/947
f 800/1224/948 1184/1223/947 1139/1225/949
f 1285/1227/951 803/3475/2866 805/1228/952
f 1139/1225/949 1144/1728/1452 780/1230/954
f 1181/1231/955 799/3476/2867 778/1232/956
f 754/1233/957 755/1671/1395 1189/1234/958
f 758/1236/960 1196/1472/1196 1200/1237/961
f 1200/1237/961 1204/1240/964 762/1239/963
f 1204/1240/964 1208/1242/966 764/1241/965
f 1208/1242/966 1212/1755/1479 766/1243/967
f 766/1243/967 1212/1755/1479 1216/1244/968
f 768/1245/969 1216/1244/968 1220/1246/970
f 1220/1246/970 1224/1763/1487 772/1248/972
f 772/1248/972 1224/1763/1487 1228/1249/973
f 1228/1249/973 1232/1252/976 776/1251/975
f 1232/1252/976 1187/1768/1492 753/1253/977
f 779/1207/931 781/3477/2868 1145/1254/978
f 753/1253/977 1187/1768/1492 1192/1255/979
f 775/1257/981 754/1233/957 1186/1235/959
f 1234/1259/983 826/3478/2869 827/1260/984
f 1244/1262/986 1248/1777/1501 832/1263/987
f 832/1263/987 1248/1777/1501 1252/1265/989
f 834/1266/990 1252/1265/989 1256/1267/991
f 836/1268/992 1256/1267/991 1260/1269/993
f 838/1270/994 1260/1269/993 1264/1271/995
f 1264/1271/995 1268/1786/1510 842/1273/997
f 842/1273/997 1268/1786/1510 1272/1274/998
f 844/1275/999 1272/1274/998 1276/1276/1000
f 1276/1276/1000 1280/1279/1003 848/1278/1002
f 1280/1279/1003 1235/1795/1519 825/1280/1004
f 851/1281/1005 853/1559/1283 1433/1282/1006
f 825/1280/1004 1235/1795/1519 1240/1284/1008
f 847/1286/1010 826/3478/2869 1234/1259/983
f 802/1288/1012 803/3475/2866 1285/1227/951
f 806/1290/1014 1292/1511/1235 1296/1291/1015
f 1296/1291/1015 1300/1806/1530 810/1293/1017
f 810/1293/1017 1300/1806/1530 1304/1294/1018
f 812/1295/1019 1304/1294/1018 1308/1296/1020
f 814/1297/1021 1308/1296/1020 1312/1298/1022
f 1312/1298/1022 1316/1815/1539 818/1300/1024
f 818/1300/1024 1316/1815/1539 1320/1301/1025
f 820/1302/1026 1320/1301/1025 1324/1303/1027
f 1324/1303/1027 1328/1306/1030 824/1305/1029
f 1328/1306/1030 1283/1822/1546 801/1307/1031
f 827/1260/984 829/1542/1266 1241/1308/1032
f 801/1307/1031 1283/1822/1546 1288/1309/1033
f 1325/1311/1035 823/3479/2870 802/1288/1012
f 970/1312/1036 971/1467/1191 1333/1313/1037
f 1340/1315/1039 1344/1318/1042 976/1316/1040
f 1344/1318/1042 1348/1832/1556 978/1319/1043
f 978/1319/1043 1348/1832/1556 1352/1320/1044
f 980/1321/1045 1352/1320/1044 1356/1322/1046
f 1356/1322/1046 1360/1325/1049 984/1324/1048
f 1360/1325/1049 1364/1327/1051 986/1326/1050
f 1364/1327/1051 1368/1329/1053 988/1328/1052
f 1368/1329/1053 1372/1845/1569 990/1330/1054
f 990/1330/1054 1372/1845/1569 1376/1331/1055
f 1376/1331/1055 1331/1336/1060 969/1333/1057
f 995/1334/1058 997/3480/2871 1097/1335/1059
f 1331/1336/1060 1336/1825/1549 972/1337/1061
f 991/1338/1062 970/1312/1036 1330/1314/1038
f 1018/1340/1064 1019/1200/924 1381/1202/926
f 1388/1342/1066 1392/1859/1583 1024/1343/1067
f 1024/1343/1067 1392/1859/1583 1396/1345/1069
f 1026/1346/1070 1396/1345/1069 1400/1347/1071
f 1028/1348/1072 1400/1347/1071 1404/1349/1073
f 1030/1350/1074 1404/1349/1073 1408/1351/1075
f 1408/1351/1075 1412/1870/1594 1034/1353/1077
f 1034/1353/1077 1412/1870/1594 1416/1354/1078
f 1416/1354/1078 1420/1357/1081 1038/1356/1080
f 1420/1357/1081 1424/1359/1083 1040/1358/1082
f 1424/1359/1083 1379/1361/1085 1017/1360/1084
f 1379/1361/1085 1384/1852/1576 1020/1362/1086
f 1039/1363/1087 1018/1340/1064 1378/1341/1065
f 1426/1365/1089 850/3481/2872 851/1281/1005
f 854/1366/1090 1436/1882/1606 1440/1367/1091
f 1440/1367/1091 1444/1886/1610 858/1369/1093
f 858/1369/1093 1444/1886/1610 1448/1370/1094
f 860/1371/1095 1448/1370/1094 1452/1372/1096
f 1452/1372/1096 1456/1375/1099 864/1374/1098
f 1456/1375/1099 1460/1895/1619 866/1376/1100
f 866/1376/1100 1460/1895/1619 1464/1377/1101
f 868/1378/1102 1464/1377/1101 1468/1379/1103
f 870/1380/1104 1468/1379/1103 1472/1381/1105
f 872/1382/1106 1472/1381/1105 1427/1383/1107
f 875/1385/1109 877/1576/1300 1481/1386/1110
f 1427/1383/1107 1432/1544/1268 852/1388/1112
f 871/1389/1113 850/3481/2872 1426/1365/1089
f 874/1391/1115 875/1385/1109 1477/1387/1111
f 878/1393/1117 1484/1561/1285 1488/1394/1118
f 880/1395/1119 1488/1394/1118 1492/1396/1120
f 882/1397/1121 1492/1396/1120 1496/1398/1122
f 884/1399/1123 1496/1398/1122 1500/1400/1124
f 1500/1400/1124 1504/1920/1644 888/1402/1126
f 888/1402/1126 1504/1920/1644 1508/1403/1127
f 890/1404/1128 1508/1403/1127 1512/1405/1129
f 892/1406/1130 1512/1405/1129 1516/1407/1131
f 1516/1407/1131 1520/1410/1134 896/1409/1133
f 1520/1410/1134 1475/1415/1139 873/1411/1135
f 899/1412/1136 901/3482/2873 1529/1413/1137
f 1475/1415/1139 1480/1906/1630 876/1416/1140
f 895/1417/1141 874/1391/1115 1474/1392/1116
f 1522/1419/1143 898/1445/1169 899/1412/1136
f 1532/1420/1144 1536/1423/1147 904/1421/1145
f 1536/1423/1147 1540/1425/1149 906/1424/1148
f 1540/1425/1149 1544/1940/1664 908/1426/1150
f 908/1426/1150 1544/1940/1664 1548/1427/1151
f 1548/1427/1151 1552/1430/1154 912/1429/1153
f 1552/1430/1154 1556/1432/1156 914/1431/1155
f 1556/1432/1156 1560/1434/1158 916/1433/1157
f 1560/1434/1158 1564/1952/1676 918/1435/1159
f 918/1435/1159 1564/1952/1676 1568/1436/1160
f 920/1437/1161 1568/1436/1160 1523/1438/1162
f 923/1440/1164 925/1608/1332 1049/1441/1165
f 897/1439/1163 1523/1438/1162 1528/1442/1166
f 1565/1444/1168 919/1579/1303 898/1445/1169
f 1570/1446/1170 946/1471/1195 947/1447/1171
f 1580/1448/1172 1584/1963/1687 952/1449/1173
f 952/1449/1173 1584/1963/1687 1588/1451/1175
f 954/1452/1176 1588/1451/1175 1592/1453/1177
f 1592/1453/1177 1596/1970/1694 958/1455/1179
f 958/1455/1179 1596/1970/1694 1600/1456/1180
f 1600/1456/1180 1604/1459/1183 962/1458/1182
f 1604/1459/1183 1608/1461/1185 964/1460/1184
f 1608/1461/1185 1612/1978/1702 966/1462/1186
f 966/1462/1186 1612/1978/1702 1616/1463/1187
f 968/1464/1188 1616/1463/1187 1571/1465/1189
f 971/1467/1191 973/3483/2874 1337/1468/1192
f 1571/1465/1189 1576/1611/1335 948/1469/1193
f 1613/1470/1194 967/3484/2875 946/1471/1195
f 756/1256/980 1192/1255/979 1196/1472/1196
f 773/1473/1197 775/1257/981 1229/1258/982
f 771/1475/1199 773/1473/1197 1225/1474/1198
f 1217/1477/1201 769/1479/1203 771/1475/1199
f 1213/1478/1202 767/1481/1205 769/1479/1203
f 1209/1480/1204 765/1483/1207 767/1481/1205
f 1205/1482/1206 763/1485/1209 765/1483/1207
f 1201/1484/1208 761/1487/1211 763/1485/1209
f 1197/1486/1210 759/3485/2876 761/1487/1211
f 757/1488/1212 759/3485/2876 1197/1486/1210
f 780/1230/954 1144/1728/1452 1148/1493/1217
f 797/1494/1218 799/3476/2867 1181/1231/955
f 795/1496/1220 797/1494/1218 1177/1495/1219
f 793/1498/1222 795/1496/1220 1173/1497/1221
f 1165/1500/1224 791/1502/1226 793/1498/1222
f 1161/1501/1225 789/1504/1228 791/1502/1226
f 1157/1503/1227 787/1506/1230 789/1504/1228
f 1153/1505/1229 785/3486/2877 787/1506/1230
f 783/1507/1231 785/3486/2877 1153/1505/1229
f 1145/1254/978 781/3477/2868 783/1507/1231
f 804/1310/1034 1288/1309/1033 1292/1511/1235
f 821/1512/1236 823/3479/2870 1325/1311/1035
f 819/1514/1238 821/1512/1236 1321/1513/1237
f 817/1516/1240 819/1514/1238 1317/1515/1239
f 1309/1518/1242 815/3487/2878 817/1516/1240
f 813/1519/1243 815/3487/2878 1309/1518/1242
f 1301/1521/1245 811/1523/1247 813/1519/1243
f 1297/1522/1246 809/3488/2879 811/1523/1247
f 807/1524/1248 809/3488/2879 1297/1522/1246
f 805/1228/952 807/1524/1248 1293/1525/1249
f 1240/1284/1008 1244/1262/986 830/1264/988
f 845/1528/1252 847/1286/1010 1277/1287/1011
f 843/1530/1254 845/1528/1252 1273/1529/1253
f 1265/1532/1256 841/1534/1258 843/1530/1254
f 1261/1533/1257 839/3489/2880 841/1534/1258
f 837/1535/1259 839/3489/2880 1261/1533/1257
f 835/1537/1261 837/1535/1259 1257/1536/1260
f 1249/1539/1263 833/1541/1265 835/1537/1261
f 1245/1540/1264 831/3490/2881 833/1541/1265
f 829/1542/1266 831/3490/2881 1245/1540/1264
f 1432/1544/1268 1436/1882/1606 854/1366/1090
f 869/1545/1269 871/1389/1113 1469/1390/1114
f 1461/1547/1271 867/1549/1273 869/1545/1269
f 1457/1548/1272 865/3491/2882 867/1549/1273
f 863/1550/1274 865/3491/2882 1457/1548/1272
f 861/1552/1276 863/1550/1274 1453/1551/1275
f 859/1554/1278 861/1552/1276 1449/1553/1277
f 1441/1556/1280 857/3492/2883 859/1554/1278
f 855/1557/1281 857/3492/2883 1441/1556/1280
f 853/1559/1283 855/1557/1281 1437/1558/1282
f 876/1416/1140 1480/1906/1630 1484/1561/1285
f 893/1562/1286 895/1417/1141 1517/1418/1142
f 1509/1564/1288 891/1566/1290 893/1562/1286
f 1505/1565/1289 889/1568/1292 891/1566/1290
f 1501/1567/1291 887/1570/1294 889/1568/1292
f 1497/1569/1293 885/3493/2884 887/1570/1294
f 883/1571/1295 885/3493/2884 1497/1569/1293
f 1489/1573/1297 881/3494/2885 883/1571/1295
f 879/1574/1298 881/3494/2885 1489/1573/1297
f 877/1576/1300 879/1574/1298 1485/1575/1299
f 1528/1442/1166 1532/1420/1144 902/1422/1146
f 1561/1578/1302 917/1581/1305 919/1579/1303
f 1557/1580/1304 915/3495/2886 917/1581/1305
f 913/1582/1306 915/3495/2886 1557/1580/1304
f 1549/1584/1308 911/3496/2887 913/1582/1306
f 909/1585/1309 911/3496/2887 1549/1584/1308
f 1541/1587/1311 907/1589/1313 909/1585/1309
f 1537/1588/1312 905/3497/2888 907/1589/1313
f 903/1590/1314 905/3497/2888 1537/1588/1312
f 1529/1413/1137 901/3482/2873 903/1590/1314
f 1048/1593/1317 1052/1676/1400 926/1154/878
f 941/1594/1318 943/1177/901 1085/1178/902
f 1077/1596/1320 939/3498/2889 941/1594/1318
f 937/1597/1321 939/3498/2889 1077/1596/1320
f 935/1599/1323 937/1597/1321 1073/1598/1322
f 933/1601/1325 935/1599/1323 1069/1600/1324
f 1061/1603/1327 931/1605/1329 933/1601/1325
f 1057/1604/1328 929/1607/1331 931/1605/1329
f 1053/1606/1330 927/3499/2890 929/1607/1331
f 925/1608/1332 927/3499/2890 1053/1606/1330
f 1576/1611/1335 1580/1448/1172 950/1450/1174
f 965/1612/1336 967/3484/2875 1613/1470/1194
f 1605/1614/1338 963/3500/2891 965/1612/1336
f 961/1615/1339 963/3500/2891 1605/1614/1338
f 1597/1617/1341 959/1619/1343 961/1615/1339
f 1593/1618/1342 957/1621/1345 959/1619/1343
f 1589/1620/1344 955/1623/1347 957/1621/1345
f 1585/1622/1346 953/3501/2892 955/1623/1347
f 951/1624/1348 953/3501/2892 1585/1622/1346
f 949/1174/898 951/1624/1348 1581/1625/1349
f 972/1337/1061 1336/1825/1549 1340/1315/1039
f 989/1626/1350 991/1338/1062 1373/1339/1063
f 1365/1628/1352 987/3502/2893 989/1626/1350
f 985/1629/1353 987/3502/2893 1365/1628/1352
f 1357/1631/1355 983/3503/2894 985/1629/1353
f 981/1632/1356 983/3503/2894 1357/1631/1355
f 1349/1634/1358 979/1636/1360 981/1632/1356
f 1345/1635/1359 977/1638/1362 979/1636/1360
f 1341/1637/1361 975/1639/1363 977/1638/1362
f 1337/1468/1192 973/3483/2874 975/1639/1363
f 996/1204/928 1096/1701/1425 1100/1640/1364
f 1129/1641/1365 1013/1644/1368 1015/1642/1366
f 1125/1643/1367 1011/3504/2895 1013/1644/1368
f 1009/1645/1369 1011/3504/2895 1125/1643/1367
f 1117/1647/1371 1007/1649/1373 1009/1645/1369
f 1113/1648/1372 1005/3505/2896 1007/1649/1373
f 1003/1650/1374 1005/3505/2896 1113/1648/1372
f 1001/1652/1376 1003/1650/1374 1109/1651/1375
f 1101/1654/1378 999/1655/1379 1001/1652/1376
f 1097/1335/1059 997/3480/2871 999/1655/1379
f 1020/1362/1086 1384/1852/1576 1388/1342/1066
f 1417/1656/1380 1037/1658/1382 1039/1363/1087
f 1413/1657/1381 1035/3506/2897 1037/1658/1382
f 1033/1659/1383 1035/3506/2897 1413/1657/1381
f 1031/1661/1385 1033/1659/1383 1409/1660/1384
f 1029/1663/1387 1031/1661/1385 1405/1662/1386
f 1397/1665/1389 1027/1667/1391 1029/1663/1387
f 1393/1666/1390 1025/1669/1393 1027/1667/1391
f 1389/1668/1392 1023/1670/1394 1025/1669/1393
f 1385/1201/925 1021/3474/2865 1023/1670/1394
f 755/1671/1395 757/1488/1212 1193/1489/1213
f 1045/1152/876 1046/1674/1398 1041/1672/1396
f 1043/1171/895 1044/1698/1422 1047/1673/1397
f 1049/1441/1165 1050/1677/1401 1046/1674/1398
f 1048/1593/1317 1047/1673/1397 1051/1675/1399
f 1053/1606/1330 1054/1680/1404 1050/1677/1401
f 1056/1155/879 1052/1676/1400 1051/1675/1399
f 1053/1606/1330 1057/1604/1328 1058/1679/1403
f 1056/1155/879 1055/1678/1402 1059/1681/1405
f 1061/1603/1327 1062/1684/1408 1058/1679/1403
f 1060/1157/881 1059/1681/1405 1063/1682/1406
f 1061/1603/1327 1065/1602/1326 1066/1683/1407
f 1068/1162/886 1064/1160/884 1063/1682/1406
f 1069/1600/1324 1070/1688/1412 1066/1683/1407
f 1068/1162/886 1067/1685/1409 1071/1686/1410
f 1073/1598/1322 1074/1691/1415 1070/1688/1412
f 1076/1164/888 1072/1687/1411 1071/1686/1410
f 1073/1598/1322 1077/1596/1320 1078/1690/1414
f 1076/1164/888 1075/1689/1413 1079/1692/1416
f 1077/1596/1320 1081/1595/1319 1082/1693/1417
f 1084/1694/1418 1080/1167/891 1079/1692/1416
f 1081/1595/1319 1085/1178/902 1086/1696/1420
f 1088/1169/893 1084/1694/1418 1083/1695/1419
f 1085/1178/902 1042/1153/877 1041/1672/1396
f 1088/1169/893 1087/1697/1421 1044/1698/1422
f 1093/1180/904 1094/1703/1427 1089/1699/1423
f 1091/1203/927 1092/1725/1449 1095/1700/1424
f 1093/1180/904 1097/1335/1059 1098/1702/1426
f 1100/1640/1364 1096/1701/1425 1095/1700/1424
f 1097/1335/1059 1101/1654/1378 1102/1705/1429
f 1100/1640/1364 1099/1704/1428 1103/1706/1430
f 1101/1654/1378 1105/1653/1377 1106/1707/1431
f 1108/1185/909 1104/1183/907 1103/1706/1430
f 1109/1651/1375 1110/1710/1434 1106/1707/1431
f 1108/1185/909 1107/1708/1432 1111/1709/1433
f 1113/1648/1372 1114/1713/1437 1110/1710/1434
f 1112/1187/911 1111/1709/1433 1115/1711/1435
f 1113/1648/1372 1117/1647/1371 1118/1712/1436
f 1120/1192/916 1116/1190/914 1115/1711/1435
f 1117/1647/1371 1121/1646/1370 1122/1715/1439
f 1120/1192/916 1119/1714/1438 1123/1716/1440
f 1121/1646/1370 1125/1643/1367 1126/1718/1442
f 1128/1194/918 1124/1717/1441 1123/1716/1440
f 1125/1643/1367 1129/1641/1365 1130/1720/1444
f 1132/1721/1445 1128/1194/918 1127/1719/1443
f 1129/1641/1365 1133/1205/929 1134/1723/1447
f 1132/1721/1445 1131/1722/1446 1135/1724/1448
f 1133/1205/929 1090/1181/905 1089/1699/1423
f 1091/1203/927 1136/1197/921 1135/1724/1448
f 1138/1206/930 1141/1208/932 1142/1726/1450
f 1144/1728/1452 1139/1225/949 1140/1610/1334
f 1145/1254/978 1146/1730/1454 1142/1726/1450
f 1144/1728/1452 1143/1609/1333 1147/1527/1251
f 1145/1254/978 1149/1508/1232 1150/1729/1453
f 1152/1210/934 1148/1493/1217 1147/1527/1251
f 1153/1505/1229 1154/1731/1455 1150/1729/1453
f 1152/1210/934 1151/1526/1250 1155/1560/1284
f 1157/1503/1227 1158/1733/1457 1154/1731/1455
f 1160/1732/1456 1156/1213/937 1155/1560/1284
f 1161/1501/1225 1162/1735/1459 1158/1733/1457
f 1164/1215/939 1160/1732/1456 1159/1592/1316
f 1161/1501/1225 1165/1500/1224 1166/1734/1458
f 1168/1736/1460 1164/1215/939 1163/1510/1234
f 1169/1499/1223 1170/1738/1462 1166/1734/1458
f 1172/1218/942 1168/1736/1460 1167/1509/1233
f 1169/1499/1223 1173/1497/1221 1174/1737/1461
f 1172/1218/942 1171/1543/1267 1175/1577/1301
f 1177/1495/1219 1178/1740/1464 1174/1737/1461
f 1180/1221/945 1176/1739/1463 1175/1577/1301
f 1181/1231/955 1182/1741/1465 1178/1740/1464
f 1180/1221/945 1179/1491/1215 1183/1490/1214
f 1181/1231/955 1138/1206/930 1137/1727/1451
f 1139/1225/949 1184/1223/947 1183/1490/1214
f 1189/1234/958 1190/1745/1469 1185/1742/1466
f 1192/1255/979 1187/1768/1492 1188/1743/1467
f 1193/1489/1213 1194/1748/1472 1190/1745/1469
f 1192/1255/979 1191/1744/1468 1195/1746/1470
f 1193/1489/1213 1197/1486/1210 1198/1747/1471
f 1200/1237/961 1196/1472/1196 1195/1746/1470
f 1197/1486/1210 1201/1484/1208 1202/1750/1474
f 1204/1240/964 1200/1237/961 1199/1749/1473
f 1205/1482/1206 1206/1753/1477 1202/1750/1474
f 1208/1242/966 1204/1240/964 1203/1751/1475
f 1209/1480/1204 1210/1757/1481 1206/1753/1477
f 1208/1242/966 1207/1752/1476 1211/1754/1478
f 1209/1480/1204 1213/1478/1202 1214/1756/1480
f 1216/1244/968 1212/1755/1479 1211/1754/1478
f 1213/1478/1202 1217/1477/1201 1218/1759/1483
f 1220/1246/970 1216/1244/968 1215/1758/1482
f 1217/1477/1201 1221/1476/1200 1222/1761/1485
f 1220/1246/970 1219/1760/1484 1223/1762/1486
f 1225/1474/1198 1226/1765/1489 1222/1761/1485
f 1228/1249/973 1224/1763/1487 1223/1762/1486
f 1229/1258/982 1230/1767/1491 1226/1765/1489
f 1228/1249/973 1227/1764/1488 1231/1766/1490
f 1229/1258/982 1186/1235/959 1185/1742/1466
f 1232/1252/976 1231/1766/1490 1188/1743/1467
f 1234/1259/983 1237/1261/985 1238/1769/1493
f 1240/1284/1008 1235/1795/1519 1236/1771/1495
f 1241/1308/1032 1242/1775/1499 1238/1769/1493
f 1244/1262/986 1240/1284/1008 1239/1772/1496
f 1241/1308/1032 1245/1540/1264 1246/1774/1498
f 1244/1262/986 1243/1773/1497 1247/1776/1500
f 1245/1540/1264 1249/1539/1263 1250/1778/1502
f 1252/1265/989 1248/1777/1501 1247/1776/1500
f 1253/1538/1262 1254/1781/1505 1250/1778/1502
f 1256/1267/991 1252/1265/989 1251/1779/1503
f 1257/1536/1260 1258/1784/1508 1254/1781/1505
f 1260/1269/993 1256/1267/991 1255/1780/1504
f 1257/1536/1260 1261/1533/1257 1262/1783/1507
f 1260/1269/993 1259/1782/1506 1263/1785/1509
f 1265/1532/1256 1266/1789/1513 1262/1783/1507
f 1268/1786/1510 1264/1271/995 1263/1785/1509
f 1265/1532/1256 1269/1531/1255 1270/1788/1512
f 1268/1786/1510 1267/1787/1511 1271/1790/1514
f 1273/1529/1253 1274/1792/1516 1270/1788/1512
f 1276/1276/1000 1272/1274/998 1271/1790/1514
f 1277/1287/1011 1278/1794/1518 1274/1792/1516
f 1276/1276/1000 1275/1791/1515 1279/1793/1517
f 1277/1287/1011 1234/1259/983 1233/1770/1494
f 1280/1279/1003 1279/1793/1517 1236/1771/1495
f 1285/1227/951 1286/1800/1524 1281/1796/1520
f 1288/1309/1033 1283/1822/1546 1284/1797/1521
f 1285/1227/951 1289/1229/953 1290/1799/1523
f 1292/1511/1235 1288/1309/1033 1287/1798/1522
f 1293/1525/1249 1294/1804/1528 1290/1799/1523
f 1296/1291/1015 1292/1511/1235 1291/1801/1525
f 1293/1525/1249 1297/1522/1246 1298/1803/1527
f 1296/1291/1015 1295/1802/1526 1299/1805/1529
f 1297/1522/1246 1301/1521/1245 1302/1807/1531
f 1304/1294/1018 1300/1806/1530 1299/1805/1529
f 1305/1520/1244 1306/1810/1534 1302/1807/1531
f 1304/1294/1018 1303/1808/1532 1307/1809/1533
f 1309/1518/1242 1310/1813/1537 1306/1810/1534
f 1308/1296/1020 1307/1809/1533 1311/1811/1535
f 1309/1518/1242 1313/1517/1241 1314/1812/1536
f 1312/1298/1022 1311/1811/1535 1315/1814/1538
f 1317/1515/1239 1318/1817/1541 1314/1812/1536
f 1320/1301/1025 1316/1815/1539 1315/1814/1538
f 1321/1513/1237 1322/1820/1544 1318/1817/1541
f 1324/1303/1027 1320/1301/1025 1319/1816/1540
f 1321/1513/1237 1325/1311/1035 1326/1819/1543
f 1328/1306/1030 1324/1303/1027 1323/1818/1542
f 1325/1311/1035 1282/1289/1013 1281/1796/1520
f 1328/1306/1030 1327/1821/1545 1284/1797/1521
f 1333/1313/1037 1334/1826/1550 1329/1823/1547
f 1331/1336/1060 1332/1849/1573 1335/1824/1548
f 1337/1468/1192 1338/1829/1553 1334/1826/1550
f 1340/1315/1039 1336/1825/1549 1335/1824/1548
f 1337/1468/1192 1341/1637/1361 1342/1828/1552
f 1340/1315/1039 1339/1827/1551 1343/1830/1554
f 1341/1637/1361 1345/1635/1359 1346/1831/1555
f 1348/1832/1556 1344/1318/1042 1343/1830/1554
f 1345/1635/1359 1349/1634/1358 1350/1834/1558
f 1352/1320/1044 1348/1832/1556 1347/1833/1557
f 1349/1634/1358 1353/1633/1357 1354/1836/1560
f 1356/1322/1046 1352/1320/1044 1351/1835/1559
f 1357/1631/1355 1358/1840/1564 1354/1836/1560
f 1356/1322/1046 1355/1837/1561 1359/1838/1562
f 1357/1631/1355 1361/1630/1354 1362/1839/1563
f 1364/1327/1051 1360/1325/1049 1359/1838/1562
f 1365/1628/1352 1366/1843/1567 1362/1839/1563
f 1364/1327/1051 1363/1841/1565 1367/1842/1566
f 1369/1627/1351 1370/1847/1571 1366/1843/1567
f 1368/1329/1053 1367/1842/1566 1371/1844/1568
f 1369/1627/1351 1373/1339/1063 1374/1846/1570
f 1376/1331/1055 1372/1845/1569 1371/1844/1568
f 1373/1339/1063 1330/1314/1038 1329/1823/1547
f 1376/1331/1055 1375/1848/1572 1332/1849/1573
f 1378/1341/1065 1381/1202/926 1382/1850/1574
f 1384/1852/1576 1379/1361/1085 1380/1853/1577
f 1385/1201/925 1386/1857/1581 1382/1850/1574
f 1388/1342/1066 1384/1852/1576 1383/1854/1578
f 1385/1201/925 1389/1668/1392 1390/1856/1580
f 1388/1342/1066 1387/1855/1579 1391/1858/1582
f 1389/1668/1392 1393/1666/1390 1394/1860/1584
f 1396/1345/1069 1392/1859/1583 1391/1858/1582
f 1397/1665/1389 1398/1863/1587 1394/1860/1584
f 1396/1345/1069 1395/1861/1585 1399/1862/1586
f 1401/1664/1388 1402/1865/1589 1398/1863/1587
f 1400/1347/1071 1399/1862/1586 1403/1864/1588
f 1405/1662/1386 1406/1868/1592 1402/1865/1589
f 1404/1349/1073 1403/1864/1588 1407/1866/1590
f 1405/1662/1386 1409/1660/1384 1410/1867/1591
f 1408/1351/1075 1407/1866/1590 1411/1869/1593
f 1409/1660/1384 1413/1657/1381 1414/1871/1595
f 1416/1354/1078 1412/1870/1594 1411/1869/1593
f 1413/1657/1381 1417/1656/1380 1418/1873/1597
f 1416/1354/1078 1415/1872/1596 1419/1874/1598
f 1417/1656/1380 1421/1364/1088 1422/1875/1599
f 1420/1357/1081 1419/1874/1598 1423/1876/1600
f 1421/1364/1088 1378/1341/1065 1377/1851/1575
f 1424/1359/1083 1423/1876/1600 1380/1853/1577
f 1426/1365/1089 1429/1283/1007 1430/1877/1601
f 1432/1544/1268 1427/1383/1107 1428/1879/1603
f 1433/1282/1006 1434/1884/1608 1430/1877/1601
f 1432/1544/1268 1431/1880/1604 1435/1881/1605
f 1433/1282/1006 1437/1558/1282 1438/1883/1607
f 1440/1367/1091 1436/1882/1606 1435/1881/1605
f 1441/1556/1280 1442/1889/1613 1438/1883/1607
f 1444/1886/1610 1440/1367/1091 1439/1885/1609
f 1441/1556/1280 1445/1555/1279 1446/1888/1612
f 1448/1370/1094 1444/1886/1610 1443/1887/1611
f 1449/1553/1277 1450/1892/1616 1446/1888/1612
f 1452/1372/1096 1448/1370/1094 1447/1890/1614
f 1453/1551/1275 1454/1894/1618 1450/1892/1616
f 1452/1372/1096 1451/1891/1615 1455/1893/1617
f 1457/1548/1272 1458/1898/1622 1454/1894/1618
f 1460/1895/1619 1456/1375/1099 1455/1893/1617
f 1457/1548/1272 1461/1547/1271 1462/1897/1621
f 1464/1377/1101 1460/1895/1619 1459/1896/1620
f 1461/1547/1271 1465/1546/1270 1466/1900/1624
f 1468/1379/1103 1464/1377/1101 1463/1899/1623
f 1469/1390/1114 1470/1903/1627 1466/1900/1624
f 1468/1379/1103 1467/1901/1625 1471/1902/1626
f 1469/1390/1114 1426/1365/1089 1425/1878/1602
f 1427/1383/1107 1472/1381/1105 1471/1902/1626
f 1477/1387/1111 1478/1907/1631 1473/1904/1628
f 1475/1415/1139 1476/1929/1653 1479/1905/1629
f 1481/1386/1110 1482/1909/1633 1478/1907/1631
f 1484/1561/1285 1480/1906/1630 1479/1905/1629
f 1485/1575/1299 1486/1912/1636 1482/1909/1633
f 1488/1394/1118 1484/1561/1285 1483/1908/1632
f 1485/1575/1299 1489/1573/1297 1490/1911/1635
f 1492/1396/1120 1488/1394/1118 1487/1910/1634
f 1493/1572/1296 1494/1915/1639 1490/1911/1635
f 1492/1396/1120 1491/1913/1637 1495/1914/1638
f 1497/1569/1293 1498/1918/1642 1494/1915/1639
f 1496/1398/1122 1495/1914/1638 1499/1916/1640
f 1497/1569/1293 1501/1567/1291 1502/1917/1641
f 1500/1400/1124 1499/1916/1640 1503/1919/1643
f 1501/1567/1291 1505/1565/1289 1506/1921/1645
f 1504/1920/1644 1503/1919/1643 1507/1922/1646
f 1505/1565/1289 1509/1564/1288 1510/1923/1647
f 1512/1405/1129 1508/1403/1127 1507/1922/1646
f 1509/1564/1288 1513/1563/1287 1514/1925/1649
f 1512/1405/1129 1511/1924/1648 1515/1926/1650
f 1517/1418/1142 1518/1928/1652 1514/1925/1649
f 1520/1410/1134 1516/1407/1131 1515/1926/1650
f 1517/1418/1142 1474/1392/1116 1473/1904/1628
f 1520/1410/1134 1519/1927/1651 1476/1929/1653
f 1522/1419/1143 1525/1414/1138 1526/1930/1654
f 1523/1438/1162 1524/1955/1679 1527/1932/1656
f 1529/1413/1137 1530/1934/1658 1526/1930/1654
f 1528/1442/1166 1527/1932/1656 1531/1933/1657
f 1533/1591/1315 1534/1936/1660 1530/1934/1658
f 1532/1420/1144 1531/1933/1657 1535/1935/1659
f 1537/1588/1312 1538/1939/1663 1534/1936/1660
f 1536/1423/1147 1535/1935/1659 1539/1937/1661
f 1537/1588/1312 1541/1587/1311 1542/1938/1662
f 1544/1940/1664 1540/1425/1149 1539/1937/1661
f 1545/1586/1310 1546/1943/1667 1542/1938/1662
f 1544/1940/1664 1543/1941/1665 1547/1942/1666
f 1549/1584/1308 1550/1946/1670 1546/1943/1667
f 1548/1427/1151 1547/1942/1666 1551/1944/1668
f 1549/1584/1308 1553/1583/1307 1554/1945/1669
f 1556/1432/1156 1552/1430/1154 1551/1944/1668
f 1557/1580/1304 1558/1950/1674 1554/1945/1669
f 1556/1432/1156 1555/1947/1671 1559/1948/1672
f 1557/1580/1304 1561/1578/1302 1562/1949/1673
f 1560/1434/1158 1559/1948/1672 1563/1951/1675
f 1565/1444/1168 1566/1954/1678 1562/1949/1673
f 1568/1436/1160 1564/1952/1676 1563/1951/1675
f 1565/1444/1168 1522/1419/1143 1521/1931/1655
f 1523/1438/1162 1568/1436/1160 1567/1953/1677
f 1573/1173/897 1574/1959/1683 1569/1956/1680
f 1571/1465/1189 1572/1982/1706 1575/1957/1681
f 1573/1173/897 1577/1175/899 1578/1958/1682
f 1580/1448/1172 1576/1611/1335 1575/1957/1681
f 1577/1175/899 1581/1625/1349 1582/1961/1685
f 1580/1448/1172 1579/1960/1684 1583/1962/1686
f 1581/1625/1349 1585/1622/1346 1586/1964/1688
f 1588/1451/1175 1584/1963/1687 1583/1962/1686
f 1585/1622/1346 1589/1620/1344 1590/1966/1690
f 1592/1453/1177 1588/1451/1175 1587/1965/1689
f 1589/1620/1344 1593/1618/1342 1594/1968/1692
f 1592/1453/1177 1591/1967/1691 1595/1969/1693
f 1597/1617/1341 1598/1972/1696 1594/1968/1692
f 1600/1456/1180 1596/1970/1694 1595/1969/1693
f 1601/1616/1340 1602/1974/1698 1598/1972/1696
f 1600/1456/1180 1599/1971/1695 1603/1973/1697
f 1605/1614/1338 1606/1977/1701 1602/1974/1698
f 1608/1461/1185 1604/1459/1183 1603/1973/1697
f 1605/1614/1338 1609/1613/1337 1610/1976/1700
f 1612/1978/1702 1608/1461/1185 1607/1975/1699
f 1609/1613/1337 1613/1470/1194 1614/1980/1704
f 1616/1463/1187 1612/1978/1702 1611/1979/1703
f 1613/1470/1194 1570/1446/1170 1569/1956/1680
f 1571/1465/1189 1616/1463/1187 1615/1981/1705
f 1767/2006/1730 1706/2118/1840 1641/2007/1731
f 1645/2009/1733 1709/2060/1783 1711/2010/1734
f 1711/2010/1734 1713/2128/1849 1649/2012/1736
f 1649/2012/1736 1713/2128/1849 1715/2013/1737
f 1715/2013/1737 1717/2127/1848 1653/2015/1739
f 1653/2015/1739 1717/2127/1848 1719/2016/1740
f 1655/2017/1741 1719/2016/1740 1721/2018/1742
f 1657/2019/1743 1721/2018/1742 1723/2020/1744
f 1659/2022/1745 1723/2126/1744 1725/2023/1746
f 1725/2023/1746 1727/2125/1847 1663/2025/1748
f 1663/2025/1748 1727/2125/1847 1729/2026/1749
f 1729/2026/1749 1731/2029/1752 1667/2028/1751
f 1731/2029/1752 1733/2124/1846 1669/2030/1753
f 1669/2030/1753 1733/2124/1846 1735/2031/1754
f 1735/2031/1754 1737/2123/1845 1673/2033/1756
f 1673/2033/1756 1737/2123/1845 1739/2034/1757
f 1675/2035/1758 1739/2034/1757 1741/2036/1759
f 1741/2036/1759 1743/2122/1844 1679/2038/1761
f 1679/2038/1761 1743/2122/1844 1745/2039/1762
f 1681/2040/1763 1745/2039/1762 1747/2041/1764
f 1747/2041/1764 1749/2121/1843 1685/2043/1766
f 1685/2043/1766 1749/2121/1843 1751/2044/1767
f 1751/2044/1767 1753/2120/1842 1689/2046/1769
f 1689/2046/1769 1753/2120/1842 1755/2047/1770
f 1691/2048/1771 1755/2047/1770 1757/2049/1772
f 1693/2050/1773 1757/2049/1772 1759/2051/1774
f 1759/2051/1774 1761/2054/1777 1697/2053/1776
f 1761/2054/1777 1763/2119/1841 1699/2055/1778
f 1699/2055/1778 1763/2119/1841 1765/2056/1779
f 1701/2057/1780 1765/2056/1779 1767/2006/1730
f 1641/2007/1731 1706/2118/1840 1707/2058/1781
f 1643/2059/1782 1707/2058/1781 1709/2060/1783
f 1702/2061/1784 1704/3507/1920 1768/2062/1785
f 1700/2064/1787 1702/2061/1784 1766/2063/1786
f 1762/2066/1789 1698/2068/1791 1700/2064/1787
f 1760/2067/1790 1696/3508/1909 1698/2068/1791
f 1694/2069/1792 1696/3508/1909 1760/2067/1790
f 1756/2071/1794 1692/3509/1906 1694/2069/1792
f 1690/2072/1795 1692/3509/1906 1756/2071/1794
f 1688/2074/1797 1690/2072/1795 1754/2073/1796
f 1750/2076/1799 1686/3510/1898 1688/2074/1797
f 1684/2077/1800 1686/3510/1898 1750/2076/1799
f 1682/2079/1802 1684/2077/1800 1748/2078/1801
f 1744/2081/1804 1680/3511/1890 1682/2079/1802
f 1678/2082/1805 1680/3511/1890 1744/2081/1804
f 1740/2084/1807 1676/2086/1809 1678/2082/1805
f 1738/2085/1808 1674/2088/1811 1676/2086/1809
f 1736/2087/1810 1672/2090/1813 1674/2088/1811
f 1734/2089/1812 1670/2092/1815 1672/2090/1813
f 1732/2091/1814 1668/3512/1878 1670/2092/1815
f 1666/2093/1816 1668/3512/1878 1732/2091/1814
f 1728/2095/1818 1664/2097/1820 1666/2093/1816
f 1726/2096/1819 1662/3513/1872 1664/2097/1820
f 1660/2098/1821 1662/3513/1872 1726/2096/1819
f 1658/2100/1823 1660/3514/1821 1724/2101/1822
f 1656/2103/1825 1658/2100/1823 1722/2102/1824
f 1654/2105/1827 1656/2103/1825 1720/2104/1826
f 1716/2107/1829 1652/2109/1831 1654/2105/1827
f 1714/2108/1830 1650/2111/1833 1652/2109/1831
f 1712/2110/1832 1648/3515/1856 1650/2111/1833
f 1646/2112/1834 1648/3515/1856 1712/2110/1832
f 1644/2114/1836 1646/2112/1834 1710/2113/1835
f 1642/2116/1838 1644/2114/1836 1708/2115/1837
f 1768/2062/1785 1705/2117/1839 1706/2118/1840
f 1766/2063/1786 1768/2062/1785 1767/2006/1730
f 1766/2063/1786 1765/2056/1779 1763/2119/1841
f 1762/2066/1789 1764/2065/1788 1763/2119/1841
f 1762/2066/1789 1761/2054/1777 1759/2051/1774
f 1760/2067/1790 1759/2051/1774 1757/2049/1772
f 1758/2070/1793 1757/2049/1772 1755/2047/1770
f 1756/2071/1794 1755/2047/1770 1753/2120/1842
f 1752/2075/1798 1754/2073/1796 1753/2120/1842
f 1752/2075/1798 1751/2044/1767 1749/2121/1843
f 1748/2078/1801 1750/2076/1799 1749/2121/1843
f 1746/2080/1803 1748/2078/1801 1747/2041/1764
f 1746/2080/1803 1745/2039/1762 1743/2122/1844
f 1742/2083/1806 1744/2081/1804 1743/2122/1844
f 1742/2083/1806 1741/2036/1759 1739/2034/1757
f 1740/2084/1807 1739/2034/1757 1737/2123/1845
f 1736/2087/1810 1738/2085/1808 1737/2123/1845
f 1736/2087/1810 1735/2031/1754 1733/2124/1846
f 1732/2091/1814 1734/2089/1812 1733/2124/1846
f 1730/2094/1817 1732/2091/1814 1731/2029/1752
f 1730/2094/1817 1729/2026/1749 1727/2125/1847
f 1728/2095/1818 1727/2125/1847 1725/2023/1746
f 1724/2099/1822 1726/2096/1819 1725/2023/1746
f 1722/2102/1824 1724/2101/1822 1723/2020/1744
f 1722/2102/1824 1721/2018/1742 1719/2016/1740
f 1720/2104/1826 1719/2016/1740 1717/2127/1848
f 1716/2107/1829 1718/2106/1828 1717/2127/1848
f 1716/2107/1829 1715/2013/1737 1713/2128/1849
f 1714/2108/1830 1713/2128/1849 1711/2010/1734
f 1712/2110/1832 1711/2010/1734 1709/2060/1783
f 1708/2115/1837 1710/2113/1835 1709/2060/1783
f 1705/2117/1839 1708/2115/1837 1707/2058/1781
f 1768/2062/1785 1704/3507/1920 1642/2116/1838
f 1641/2129/1731 1643/2135/1782 1771/2130/1850
f 1642/2132/1838 1770/2258/1921 1772/2133/1852
f 1643/2135/1782 1645/2140/1733 1773/2136/1853
f 1644/2134/1836 1772/2133/1852 1774/2137/1854
f 1647/2139/1735 1775/2144/1858 1773/2136/1853
f 1646/2138/1834 1774/2137/1854 1776/2141/1855
f 1647/2139/1735 1649/2148/1736 1777/2143/1857
f 1648/2142/1856 1776/2141/1855 1778/2145/1859
f 1651/2147/1738 1779/2152/1862 1777/2143/1857
f 1652/2149/1831 1650/2146/1833 1778/2145/1859
f 1651/2147/1738 1653/2155/1739 1781/2151/1861
f 1652/2149/1831 1780/2150/1860 1782/2153/1863
f 1653/2155/1739 1655/2160/1741 1783/2156/1864
f 1656/2157/1825 1654/2154/1827 1782/2153/1863
f 1657/2159/1743 1785/2164/1868 1783/2156/1864
f 1658/2161/1823 1656/2157/1825 1784/2158/1865
f 1657/2159/1743 1659/3516/1745 1787/2163/1867
f 1658/2161/1823 1786/2162/1866 1788/2165/1869
f 1659/2167/1745 1661/2173/1747 1789/2168/1870
f 1660/2170/1821 1788/3517/1869 1790/2171/1871
f 1661/2173/1747 1663/2177/1748 1791/2174/1873
f 1664/2175/1820 1662/2172/1872 1790/2171/1871
f 1663/2177/1748 1665/2182/1750 1793/2178/1875
f 1666/2179/1816 1664/2175/1820 1792/2176/1874
f 1667/2181/1751 1795/2186/1879 1793/2178/1875
f 1666/2179/1816 1794/2180/1876 1796/2183/1877
f 1669/2185/1753 1797/2190/1881 1795/2186/1879
f 1670/2187/1815 1668/2184/1878 1796/2183/1877
f 1671/2189/1755 1799/2194/1884 1797/2190/1881
f 1672/2191/1813 1670/2187/1815 1798/2188/1880
f 1671/2189/1755 1673/2198/1756 1801/2193/1883
f 1672/2191/1813 1800/2192/1882 1802/2195/1885
f 1675/2197/1758 1803/2202/1888 1801/2193/1883
f 1676/2199/1809 1674/2196/1811 1802/2195/1885
f 1675/2197/1758 1677/2206/1760 1805/2201/1887
f 1676/2199/1809 1804/2200/1886 1806/2203/1889
f 1679/2205/1761 1807/2210/1893 1805/2201/1887
f 1680/2207/1890 1678/2204/1805 1806/2203/1889
f 1679/2205/1761 1681/2213/1763 1809/2209/1892
f 1682/2211/1802 1680/2207/1890 1808/2208/1891
f 1681/2213/1763 1683/2218/1765 1811/2214/1895
f 1682/2211/1802 1810/2212/1894 1812/2215/1896
f 1685/2217/1766 1813/2222/1899 1811/2214/1895
f 1684/2216/1800 1812/2215/1896 1814/2219/1897
f 1687/2221/1768 1815/2226/1902 1813/2222/1899
f 1688/2223/1797 1686/2220/1898 1814/2219/1897
f 1687/2221/1768 1689/2229/1769 1817/2225/1901
f 1688/2223/1797 1816/2224/1900 1818/2227/1903
f 1689/2229/1769 1691/2234/1771 1819/2230/1904
f 1690/2228/1795 1818/2227/1903 1820/2231/1905
f 1693/2233/1773 1821/2238/1908 1819/2230/1904
f 1694/2235/1792 1692/2232/1906 1820/2231/1905
f 1695/2237/1775 1823/2242/1911 1821/2238/1908
f 1696/2239/1909 1694/2235/1792 1822/2236/1907
f 1697/2241/1776 1825/2246/1914 1823/2242/1911
f 1698/2243/1791 1696/2239/1909 1824/2240/1910
f 1697/2241/1776 1699/2250/1778 1827/2245/1913
f 1698/2243/1791 1826/2244/1912 1828/2247/1915
f 1701/2249/1780 1829/2254/1918 1827/2245/1913
f 1702/2251/1784 1700/2248/1787 1828/2247/1915
f 1701/2249/1780 1703/2257/1732 1831/2253/1917
f 1702/2251/1784 1830/2252/1916 1832/2255/1919
f 1703/2257/1732 1641/2129/1731 1769/2131/1851
f 1704/2256/1920 1832/2255/1919 1770/2258/1921
f 1959/2259/1922 1898/2314/1976 1833/2260/1923
f 1901/2262/1925 1903/2265/1928 1839/2263/1926
f 1903/2265/1928 1905/2267/1930 1841/2266/1929
f 1905/2267/1930 1907/2269/1932 1843/2268/1931
f 1907/2269/1932 1909/2378/2038 1845/2270/1933
f 1845/2270/1933 1909/2378/2038 1911/2271/1934
f 1911/2271/1934 1913/2274/1937 1849/2273/1936
f 1913/2274/1937 1915/2377/2037 1851/2275/1938
f 1851/2276/1938 1915/2376/2037 1917/2277/1939
f 1853/2278/1940 1917/2277/1939 1919/2279/1941
f 1855/2280/1942 1919/2279/1941 1921/2281/1943
f 1857/2282/1944 1921/2281/1943 1923/2283/1945
f 1923/2283/1945 1925/2375/2036 1861/2285/1947
f 1861/2285/1947 1925/2375/2036 1927/2286/1948
f 1927/2286/1948 1929/2374/2035 1865/2288/1950
f 1865/2288/1950 1929/2374/2035 1931/2289/1951
f 1867/2290/1952 1931/2289/1951 1933/2291/1953
f 1933/2291/1953 1935/2294/1956 1871/2293/1955
f 1935/2294/1956 1937/2373/2034 1873/2295/1957
f 1873/2295/1957 1937/2373/2034 1939/2296/1958
f 1939/2296/1958 1941/2299/1961 1877/2298/1960
f 1941/2299/1961 1943/2301/1963 1879/2300/1962
f 1943/2301/1963 1945/2372/2033 1881/2302/1964
f 1881/2302/1964 1945/2372/2033 1947/2303/1965
f 1883/2304/1966 1947/2303/1965 1949/2305/1967
f 1949/2305/1967 1951/2308/1970 1887/2307/1969
f 1951/2308/1970 1953/2371/2032 1889/2309/1971
f 1889/2309/1971 1953/2371/2032 1955/2310/1972
f 1891/2311/1973 1955/2310/1972 1957/2312/1974
f 1893/2313/1975 1957/2312/1974 1959/2259/1922
f 1898/2314/1976 1899/2379/2039 1835/2315/1977
f 1835/2315/1977 1899/2379/2039 1901/2262/1925
f 1894/2316/1978 1896/3518/2112 1960/2317/1979
f 1892/2319/1981 1894/2316/1978 1958/2318/1980
f 1954/2321/1983 1890/2323/1985 1892/2319/1981
f 1952/2322/1984 1888/2325/1987 1890/2323/1985
f 1950/2324/1986 1886/3519/2099 1888/2325/1987
f 1884/2326/1988 1886/3519/2099 1950/2324/1986
f 1882/2328/1990 1884/2326/1988 1948/2327/1989
f 1944/2330/1992 1880/3520/2093 1882/2328/1990
f 1878/2331/1993 1880/3520/2093 1944/2330/1992
f 1940/2333/1995 1876/2335/1997 1878/2331/1993
f 1938/2334/1996 1874/3521/2087 1876/2335/1997
f 1872/2336/1998 1874/3521/2087 1938/2334/1996
f 1934/2338/2000 1870/2340/2002 1872/2336/1998
f 1932/2339/2001 1868/3522/2078 1870/2340/2002
f 1866/2341/2003 1868/3522/2078 1932/2339/2001
f 1928/2343/2005 1864/3523/2075 1866/2341/2003
f 1862/2344/2006 1864/3523/2075 1928/2343/2005
f 1924/2346/2008 1860/3524/2070 1862/2344/2006
f 1858/2347/2009 1860/3524/2070 1924/2346/2008
f 1856/2349/2011 1858/2347/2009 1922/2348/2010
f 1918/2351/2013 1854/2353/2015 1856/2349/2011
f 1916/2352/2014 1852/3525/2017 1854/2353/2015
f 1914/2354/2016 1850/2358/2019 1852/2355/2017
f 1912/2357/2018 1848/2360/2021 1850/2358/2019
f 1910/2359/2020 1846/3526/2055 1848/2360/2021
f 1844/2361/2022 1846/3526/2055 1910/2359/2020
f 1906/2363/2024 1842/2365/2026 1844/2361/2022
f 1904/2364/2025 1840/3527/2046 1842/2365/2026
f 1838/2366/2027 1840/3527/2046 1904/2364/2025
f 1900/2368/2029 1836/3528/2042 1838/2366/2027
f 1834/2369/2030 1836/3528/2042 1900/2368/2029
f 1897/2370/2031 1898/2314/1976 1959/2259/1922
f 1960/2317/1979 1959/2259/1922 1957/2312/1974
f 1958/2318/1980 1957/2312/1974 1955/2310/1972
f 1956/2320/1982 1955/2310/1972 1953/2371/2032
f 1952/2322/1984 1954/2321/1983 1953/2371/2032
f 1950/2324/1986 1952/2322/1984 1951/2308/1970
f 1948/2327/1989 1950/2324/1986 1949/2305/1967
f 1948/2327/1989 1947/2303/1965 1945/2372/2033
f 1946/2329/1991 1945/2372/2033 1943/2301/1963
f 1942/2332/1994 1944/2330/1992 1943/2301/1963
f 1942/2332/1994 1941/2299/1961 1939/2296/1958
f 1940/2333/1995 1939/2296/1958 1937/2373/2034
f 1936/2337/1999 1938/2334/1996 1937/2373/2034
f 1934/2338/2000 1936/2337/1999 1935/2294/1956
f 1934/2338/2000 1933/2291/1953 1931/2289/1951
f 1932/2339/2001 1931/2289/1951 1929/2374/2035
f 1930/2342/2004 1929/2374/2035 1927/2286/1948
f 1926/2345/2007 1928/2343/2005 1927/2286/1948
f 1924/2346/2008 1926/2345/2007 1925/2375/2036
f 1922/2348/2010 1924/2346/2008 1923/2283/1945
f 1920/2350/2012 1922/2348/2010 1921/2281/1943
f 1918/2351/2013 1920/2350/2012 1919/2279/1941
f 1918/2351/2013 1917/2277/1939 1915/2376/2037
f 1914/2354/2016 1916/2356/2014 1915/2377/2037
f 1914/2354/2016 1913/2274/1937 1911/2271/1934
f 1912/2357/2018 1911/2271/1934 1909/2378/2038
f 1908/2362/2023 1910/2359/2020 1909/2378/2038
f 1908/2362/2023 1907/2269/1932 1905/2267/1930
f 1906/2363/2024 1905/2267/1930 1903/2265/1928
f 1902/2367/2028 1904/2364/2025 1903/2265/1928
f 1902/2367/2028 1901/2262/1925 1899/2379/2039
f 1897/2370/2031 1900/2368/2029 1899/2379/2039
f 1960/2317/1979 1896/3518/2112 1834/2369/2030
f 1835/2380/1977 1963/2387/2044 1961/2381/2040
f 1834/2383/2030 1962/2509/2113 1964/2384/2041
f 1835/2380/1977 1837/2391/1927 1965/2386/2043
f 1836/2385/2042 1964/2384/2041 1966/2388/2045
f 1839/2390/1926 1967/2395/2048 1965/2386/2043
f 1840/2392/2046 1838/2389/2027 1966/2388/2045
f 1841/2394/1929 1969/2399/2050 1967/2395/2048
f 1842/2396/2026 1840/2392/2046 1968/2393/2047
f 1843/2398/1931 1971/2403/2053 1969/2399/2050
f 1844/2400/2022 1842/2396/2026 1970/2397/2049
f 1843/2398/1931 1845/2406/1933 1973/2402/2052
f 1844/2400/2022 1972/2401/2051 1974/2404/2054
f 1845/2406/1933 1847/2411/1935 1975/2407/2056
f 1848/2408/2021 1846/2405/2055 1974/2404/2054
f 1849/2410/1936 1977/2415/2059 1975/2407/2056
f 1850/2412/2019 1848/2408/2021 1976/2409/2057
f 1851/2414/1938 1979/3529/2062 1977/2415/2059
f 1852/2416/2017 1850/2412/2019 1978/2413/2058
f 1851/2418/1938 1853/2424/1940 1981/2419/2061
f 1854/2421/2015 1852/3530/2017 1980/2422/2060
f 1853/2424/1940 1855/2428/1942 1983/2425/2064
f 1854/2421/2015 1982/2423/2063 1984/2426/2065
f 1855/2428/1942 1857/2432/1944 1985/2429/2066
f 1856/2427/2011 1984/2426/2065 1986/2430/2067
f 1857/2432/1944 1859/2437/1946 1987/2433/2068
f 1858/2431/2009 1986/2430/2067 1988/2434/2069
f 1861/2436/1947 1989/2441/2073 1987/2433/2068
f 1862/2438/2006 1860/2435/2070 1988/2434/2069
f 1861/2436/1947 1863/2445/1949 1991/2440/2072
f 1862/2438/2006 1990/2439/2071 1992/2442/2074
f 1865/2444/1950 1993/2449/2077 1991/2440/2072
f 1866/2446/2003 1864/2443/2075 1992/2442/2074
f 1867/2448/1952 1995/2453/2081 1993/2449/2077
f 1868/2450/2078 1866/2446/2003 1994/2447/2076
f 1867/2448/1952 1869/2457/1954 1997/2452/2080
f 1868/2450/2078 1996/2451/2079 1998/2454/2082
f 1871/2456/1955 1999/2461/2085 1997/2452/2080
f 1872/2458/1998 1870/2455/2002 1998/2454/2082
f 1871/2456/1955 1873/2464/1957 2001/2460/2084
f 1872/2458/1998 2000/2459/2083 2002/2462/2086
f 1873/2464/1957 1875/2469/1959 2003/2465/2088
f 1874/2463/2087 2002/2462/2086 2004/2466/2089
f 1877/2468/1960 2005/2473/2091 2003/2465/2088
f 1878/2470/1993 1876/2467/1997 2004/2466/2089
f 1879/2472/1962 2007/2477/2095 2005/2473/2091
f 1878/2470/1993 2006/2471/2090 2008/2474/2092
f 1879/2472/1962 1881/2480/1964 2009/2476/2094
f 1880/2475/2093 2008/2474/2092 2010/2478/2096
f 1881/2480/1964 1883/2485/1966 2011/2481/2097
f 1884/2482/1988 1882/2479/1990 2010/2478/2096
f 1885/2484/1968 2013/2489/2102 2011/2481/2097
f 1886/2486/2099 1884/2482/1988 2012/2483/2098
f 1885/2484/1968 1887/2493/1969 2015/2488/2101
f 1886/2486/2099 2014/2487/2100 2016/2490/2103
f 1889/2492/1971 2017/2497/2106 2015/2488/2101
f 1890/2494/1985 1888/2491/1987 2016/2490/2103
f 1889/2492/1971 1891/2501/1973 2019/2496/2105
f 1892/2498/1981 1890/2494/1985 2018/2495/2104
f 1893/2500/1975 2021/2505/2110 2019/2496/2105
f 1894/2502/1978 1892/2498/1981 2020/2499/2107
f 1893/2500/1975 1895/2508/1924 2023/2504/2109
f 1894/2502/1978 2022/2503/2108 2024/2506/2111
f 1895/2508/1924 1833/2382/1923 1961/2381/2040
f 1896/2507/2112 2024/2506/2111 1962/2509/2113
f 2091/2510/2114 2093/3531/2898 2094/2511/2115
f 2094/2511/2115 2093/3531/2898 2095/2513/2117
f 2095/2513/2117 2097/2516/2120 2098/2515/2119
f 2097/2516/2120 2099/3532/2899 2100/2517/2121
f 2100/2517/2121 2099/3532/2899 2101/2518/2122
f 2101/2518/2122 2103/2521/2125 2104/2520/2124
f 2103/2521/2125 2105/3533/2900 2106/2522/2126
f 2106/2522/2126 2105/3533/2900 2107/2523/2127
f 2107/2523/2127 2109/2526/2130 2110/2525/2129
f 2109/2526/2130 2111/3534/2132 2112/2527/2131
f 2111/2528/2132 2113/3535/2901 2114/2529/2133
f 2114/2529/2133 2113/3535/2901 2115/2531/2134
f 2115/2531/2134 2117/3536/2902 2118/2533/2136
f 2118/2533/2136 2117/3536/2902 2119/2534/2137
f 2120/2535/2138 2119/2534/2137 2121/2536/2139
f 2121/2536/2139 2123/2539/2142 2124/2538/2141
f 2123/2539/2142 2125/2541/2144 2126/2540/2143
f 2125/2541/2144 2127/3537/2903 2128/2542/2145
f 2128/2542/2145 2127/3537/2903 2129/2543/2146
f 2130/2544/2147 2129/2543/2146 2131/2545/2148
f 2132/2546/2149 2131/2545/2148 2133/2547/2150
f 2134/2548/2151 2133/2547/2150 2135/2549/2152
f 2136/2550/2153 2135/2549/2152 2137/2551/2154
f 2137/2551/2154 2139/3538/2904 2140/2553/2156
f 2140/2553/2156 2139/3538/2904 2141/2554/2157
f 2141/2554/2157 2143/3539/2905 2144/2556/2159
f 2144/2556/2159 2143/3539/2905 2145/2557/2160
f 2145/2557/2160 2147/2560/2163 2148/2559/2162
f 2147/2560/2163 2149/2562/2165 2150/2561/2164
f 2149/2562/2165 2151/3540/2906 2152/2563/2166
f 2152/2563/2166 2151/3540/2906 2089/2564/2167
f 2090/2565/2168 2089/2564/2167 2091/2510/2114
f 2027/2566/2169 2091/2573/2176 2089/2567/2170
f 2028/2569/2172 2026/2695/2296 2090/2570/2173
f 2029/2572/2175 2093/2577/2180 2091/2573/2176
f 2030/2574/2177 2028/2569/2172 2092/2571/2174
f 2029/2572/2175 2031/2581/2184 2095/2576/2179
f 2030/2574/2177 2094/2575/2178 2096/2578/2181
f 2033/2580/2183 2097/2585/2188 2095/2576/2179
f 2032/2579/2182 2096/2578/2181 2098/2582/2185
f 2035/2584/2187 2099/2589/2192 2097/2585/2188
f 2034/2583/2186 2098/2582/2185 2100/2586/2189
f 2035/2584/2187 2037/2592/2195 2101/2588/2191
f 2038/2590/2193 2036/2587/2190 2100/2586/2189
f 2037/2592/2195 2039/2596/2199 2103/2593/2196
f 2038/2590/2193 2102/2591/2194 2104/2594/2197
f 2039/2596/2199 2041/2600/2203 2105/2597/2200
f 2040/2595/2198 2104/2594/2197 2106/2598/2201
f 2041/2600/2203 2043/2604/2207 2107/2601/2204
f 2042/2599/2202 2106/2598/2201 2108/2602/2205
f 2043/2604/2207 2045/2609/2212 2109/2605/2208
f 2044/2603/2206 2108/2602/2205 2110/2606/2209
f 2047/2608/2211 2111/3541/2216 2109/2605/2208
f 2046/2607/2210 2110/2606/2209 2112/2610/2213
f 2049/2612/2215 2113/2619/2220 2111/2613/2216
f 2050/2615/2217 2048/3542/2214 2112/2616/2213
f 2049/2612/2215 2051/2622/2223 2115/2618/2219
f 2052/2620/2221 2050/2615/2217 2114/2617/2218
f 2051/2622/2223 2053/2627/2228 2117/2623/2224
f 2052/2620/2221 2116/2621/2222 2118/2624/2225
f 2055/2626/2227 2119/2631/2232 2117/2623/2224
f 2056/2628/2229 2054/2625/2226 2118/2624/2225
f 2057/2630/2231 2121/2635/2236 2119/2631/2232
f 2058/2632/2233 2056/2628/2229 2120/2629/2230
f 2059/2634/2235 2123/2639/2240 2121/2635/2236
f 2058/2632/2233 2122/2633/2234 2124/2636/2237
f 2061/2638/2239 2125/2643/2244 2123/2639/2240
f 2060/2637/2238 2124/2636/2237 2126/2640/2241
f 2063/2642/2243 2127/2647/2248 2125/2643/2244
f 2062/2641/2242 2126/2640/2241 2128/2644/2245
f 2063/2642/2243 2065/2651/2252 2129/2646/2247
f 2066/2648/2249 2064/2645/2246 2128/2644/2245
f 2067/2650/2251 2131/2655/2256 2129/2646/2247
f 2068/2652/2253 2066/2648/2249 2130/2649/2250
f 2067/2650/2251 2069/2658/2259 2133/2654/2255
f 2068/2652/2253 2132/2653/2254 2134/2656/2257
f 2069/2658/2259 2071/2662/2263 2135/2659/2260
f 2070/2657/2258 2134/2656/2257 2136/2660/2261
f 2071/2662/2263 2073/2667/2268 2137/2663/2264
f 2074/2664/2265 2072/2661/2262 2136/2660/2261
f 2075/2666/2267 2139/2671/2272 2137/2663/2264
f 2076/2668/2269 2074/2664/2265 2138/2665/2266
f 2077/2670/2271 2141/2675/2276 2139/2671/2272
f 2078/2672/2273 2076/2668/2269 2140/2669/2270
f 2077/2670/2271 2079/2679/2280 2143/2674/2275
f 2078/2672/2273 2142/2673/2274 2144/2676/2277
f 2081/2678/2279 2145/2683/2284 2143/2674/2275
f 2082/2680/2281 2080/2677/2278 2144/2676/2277
f 2081/2678/2279 2083/2687/2288 2147/2682/2283
f 2082/2680/2281 2146/2681/2282 2148/2684/2285
f 2085/2686/2287 2149/2691/2292 2147/2682/2283
f 2086/2688/2289 2084/2685/2286 2148/2684/2285
f 2087/2690/2291 2151/2694/2295 2149/2691/2292
f 2088/2692/2293 2086/2688/2289 2150/2689/2290
f 2087/2690/2291 2025/2568/2171 2089/2567/2170
f 2026/2695/2296 2088/2692/2293 2152/2693/2294
f 2292/2696/2297 2176/2856/2454 2156/2697/2298
f 2252/2699/2300 2292/2696/2297 2304/2698/2299
f 2162/2701/2302 2301/2786/2385 181/2702/2303
f 2183/2704/2304 2286/2884/2476 2302/2705/2305
f 50/2707/2307 172/2812/2410 2298/2708/2308
f 2161/2710/2310 32/2931/2522 2248/2711/2311
f 2276/2713/2313 2265/2774/2373 2228/2714/2314
f 2288/2716/2316 2303/2758/2359 2261/2717/2317
f 2249/2719/2319 2287/2841/2437 2302/2705/2305
f 2282/2721/2321 193/2843/2439 147/2722/2322
f 2283/2724/2324 2300/2761/2362 2258/2725/2325
f 2269/2727/2327 2299/2846/2442 2257/2728/2328
f 2310/2730/2330 2271/2763/2364 2234/2731/2331
f 2233/2733/2333 2270/2847/2443 2298/2708/2308
f 2251/2735/2335 2291/2748/2445 2297/2736/2336
f 134/2738/2338 2182/2925/2516 2159/2739/2339
f 2259/2712/2312 2301/2786/2385 2268/2740/2340
f 2242/2742/2342 2279/2768/2367 2296/2743/2343
f 2240/2745/2345 2277/2850/2447 191/2746/2346
f 2262/2700/2301 2304/2698/2299 2291/2748/2348
f 2235/2749/2350 2272/2852/2450 2293/2750/2351
f 2257/2728/2328 2299/2846/2442 153/2752/2353
f 51/2754/2355 2167/2801/2399 2256/2734/2334
f 2289/2756/2357 2288/2716/2316 2250/2718/2318
f 2303/2758/2359 2287/2841/2437 2249/2719/2319
f 2231/2741/2341 2268/2740/2340 2285/2759/2360
f 2300/2761/2362 2284/2815/2413 2246/2762/2363
f 2285/2759/2360 2282/2721/2321 2245/2723/2323
f 2271/2763/2364 2281/2813/2411 2244/2764/2365
f 192/2765/4 2280/2865/2460 2243/2766/2366
f 2243/2766/2366 2280/2865/2460 2279/2768/2367
f 2255/2744/2344 2296/2743/2343 169/2769/2368
f 2295/2771/2370 2278/2775/2374 2241/2772/2371
f 2265/2774/2373 2277/2850/2447 2240/2745/2345
f 2278/2775/2374 2276/2713/2313 2239/2715/2315
f 2237/2776/2375 2274/2873/2465 2275/2777/2376
f 2266/2779/2378 2274/2873/2465 2237/2776/2375
f 143/2781/2380 2294/2877/2469 2273/2782/2381
f 2275/2777/2376 2272/2852/2450 2235/2749/2350
f 2175/2784/2383 2252/2699/2300 2262/2700/2301
f 2259/2712/2312 2248/2711/2311 181/2702/2303
f 2239/2715/2315 2228/2714/2314 2226/2787/2386
f 2250/2718/2318 2261/2717/2317 2157/2789/2388
f 2180/2791/2390 2249/2719/2319 2260/2720/2320
f 128/2726/2326 2258/2725/2325 2163/2795/2393
f 2232/2729/2329 2257/2728/2328 2165/2797/2395
f 2308/2732/2332 2234/2731/2331 2214/2799/2397
f 2233/2733/2333 2256/2734/2334 2167/2801/2399
f 2259/2712/2312 2231/2741/2341 2221/2803/2401
f 2242/2742/2342 2255/2744/2344 2170/2804/2402
f 2201/2806/2404 2240/2745/2345 2254/2747/2347
f 2155/2785/2384 2262/2700/2301 2251/2735/2349
f 2211/2809/2407 2235/2749/2350 2253/2751/2352
f 2165/2797/2395 2257/2728/2328 102/2753/2354
f 121/2755/2356 2256/2734/2334 2298/2708/2308
f 2281/2813/2411 2270/2847/2443 2233/2733/2333
f 2230/2814/2412 2267/2855/2453 2292/2696/2297
f 2261/2717/2317 2249/2719/2319 2180/2791/2390
f 2284/2815/2413 2269/2727/2327 2232/2729/2329
f 2290/2816/2414 2264/2826/2422 2263/2817/2415
f 2247/2760/2361 2245/2723/2323 2190/2819/2391
f 2214/2799/2397 2234/2731/2331 2244/2764/2365
f 145/2767/31 2243/2766/2366 2194/2822/2419
f 2194/2822/2419 2243/2766/2366 2242/2742/2342
f 2255/2744/2344 118/2770/2369 2198/2824/2420
f 2222/2825/2421 2267/2855/2453 2264/2826/2422
f 2273/2782/2381 2266/2779/2378 2229/2780/2379
f 144/2773/2372 2241/2772/2371 2199/2828/2424
f 2228/2714/2314 2240/2745/2345 2201/2806/2404
f 2241/2772/2371 2239/2715/2315 2204/2788/2387
f 2237/2776/2375 2238/2778/2377 2205/2830/2426
f 2229/2780/2379 2237/2776/2375 2208/2831/2427
f 2238/2778/2377 2235/2749/2350 2211/2809/2407
f 2307/2833/2429 2213/2863/2459 2271/2763/2364
f 2192/2821/2418 2244/2764/2365 2233/2733/2333
f 2223/2834/2430 2230/2814/2412 2252/2699/2300
f 2186/2835/2431 2246/2762/2363 2232/2729/2329
f 140/2818/2416 2263/2817/2415 2153/2836/2432
f 2236/2783/2382 2229/2780/2379 2224/2832/2428
f 2264/2826/2422 2267/2855/2453 2230/2814/2412
f 2179/2839/2435 2158/2860/2456 2303/2758/2359
f 2181/2840/2436 2160/2706/2306 2302/2705/2305
f 2191/2842/2438 2/3227/2716 193/2843/2439
f 2189/2844/2440 2164/2862/2458 2300/2761/2362
f 2269/2727/2327 2219/3249/2737 2166/2845/2441
f 2270/2847/2443 2216/3255/2743 2168/2709/2309
f 2177/2848/2444 2169/3359/2907 2297/2736/2336
f 2279/2768/2367 2197/2866/2461 2171/2849/2446
f 2277/2850/2447 2202/3308/2775 2174/2851/2448
f 2304/2698/2299 2156/2697/2298 2177/2848/2449
f 2272/2852/2450 2212/2878/2470 10/2853/2451
f 17/2854/2452 2154/2827/2423 2264/2826/2422
f 2267/2855/2453 2222/2825/2421 2176/2856/2454
f 2158/2860/2456 2181/2840/2436 2287/2841/2437
f 2268/2740/2340 2220/2881/2473 2185/2861/2457
f 2164/2862/2458 2187/2880/2472 2284/2815/2413
f 2285/2759/2360 2185/2861/2457 2191/2842/2438
f 2213/2863/2459 2193/2879/2471 2281/2813/2411
f 5/2864/6 2195/3261/2749 2280/2865/2460
f 2280/2865/2460 2195/3261/2749 2197/2866/2461
f 2171/2867/2446 56/3264/2751 169/2868/2368
f 6/2870/2462 2200/2872/2464 2278/2775/2374
f 2227/2871/2463 2202/3308/2775 2277/2850/2447
f 2200/2872/2464 2203/2883/2475 2276/2713/2313
f 2274/2873/2465 2207/2875/2467 2206/2874/2466
f 2266/2779/2378 2225/3314/2781 2207/2875/2467
f 8/2876/2468 2209/2882/2474 2273/2782/2381
f 2275/2777/2376 2206/2874/2466 2212/2878/2470
f 2193/2879/2471 2216/3255/2743 2270/2847/2443
f 2166/2845/2441 2217/3543/2908 153/2752/2353
f 2187/2880/2472 2219/3249/2737 2269/2727/2327
f 2301/2786/2385 2162/2701/2302 2220/2881/2473
f 2263/2817/2415 2230/2814/2412 2223/2834/2430
f 2209/2882/2474 2225/3314/2781 2266/2779/2378
f 2203/2883/2475 2227/2871/2463 2265/2774/2373
f 2286/2884/2476 134/2738/2338 2260/2720/2320
f 135/2757/2358 2250/2718/2318 2178/2790/2389
f 2221/2803/2401 2231/2741/2341 2247/2760/2361
f 2163/2795/2393 2258/2725/2325 2246/2762/2363
f 143/2781/2380 2236/2783/2382 2210/2838/2434
f 2307/2833/2429 2310/2730/2330 2311/2887/2479
f 2305/2800/2398 2306/2933/2524 2309/2889/2481
f 2308/2732/2332 2309/2889/2481 2311/2887/2479
f 203/2890/2482 2313/2954/2545 2179/2891/2435
f 2553/2794/2392 2554/3404/2634 2333/2892/2483
f 2172/2829/2425 2199/2828/2424 2338/2893/2484
f 2215/2802/2400 2346/2915/2506 2334/2895/2486
f 2211/2809/2407 2344/2904/2495 2341/2896/2487
f 2188/2796/2394 2163/2795/2393 2319/2897/2488
f 4/2823/259 2194/2822/2419 2335/2899/2490
f 2226/2787/2386 2352/2902/2493 2340/2901/2492
f 2201/2806/2404 2339/2935/2526 2352/2902/2493
f 86/2811/2409 2347/3544/2614 2320/2903/2494
f 9/2810/2408 2325/3545/2648 2344/2904/2495
f 2165/2797/2395 2320/2903/2494 2348/2905/2496
f 2194/2822/2419 2196/2805/2403 2336/2906/2497
f 2305/2800/2398 2214/2799/2397 2345/2907/2498
f 2221/2803/2401 2184/2820/2417 2330/2909/2500
f 2204/2788/2387 2340/2901/2492 2338/2893/2484
f 16/2837/2433 2153/2836/2432 2314/2911/2502
f 2198/2824/2420 2337/3546/2909 2323/2913/2504
f 2186/2835/2431 2218/2798/2396 2348/2905/2496
f 2167/2801/2399 2321/2928/2519 2346/2915/2506
f 2175/2784/2383 2326/2918/2509 2350/2916/2507
f 2178/2790/2389 2327/2924/2515 216/2917/2508
f 2155/2785/2384 2315/2922/2513 2326/2918/2509
f 2186/2835/2431 2331/2914/2505 2319/2897/2488
f 2192/2821/2418 2334/2895/2486 2345/2907/2498
f 2157/2789/2388 2180/2791/2390 2328/2919/2510
f 2205/2830/2426 2341/2896/2487 2342/2921/2512
f 13/2808/2406 209/3547/2910 2315/2922/2513
f 2161/2710/2310 2221/2803/2401 2349/2910/2501
f 2178/2790/2389 2157/2789/2388 2316/2920/2511
f 2182/2925/2516 2329/3548/2628 2317/2926/2517
f 2170/2804/2402 2323/2913/2504 2336/2906/2497
f 2208/2831/2427 2342/2921/2512 2351/2927/2518
f 2159/2739/2339 2317/2926/2517 2328/2919/2510
f 51/2754/2355 229/3549/2911 2321/2928/2519
f 2153/2836/2432 2223/2834/2430 2350/2916/2507
f 2190/2819/2391 2333/3550/2483 2330/2909/2500
f 7/2886/2478 2210/2838/2434 2343/2929/2520
f 32/2931/2522 2161/2710/2310 2318/2923/2514
f 2210/2838/2434 2224/2832/2428 2351/2927/2518
f 2306/2933/2524 2305/2800/2398 2353/2908/2499
f 2173/2807/2405 207/3551/2646 2339/2935/2526
f 2451/2936/2527 2384/3011/2598 2391/2937/2528
f 2430/2939/2530 2453/2946/2537 2385/2940/2531
f 2434/2942/2533 2375/2948/2539 2374/2943/2534
f 2407/2945/2536 2550/2998/2587 2385/2940/2531
f 2434/2942/2533 2410/3006/2593 2362/2947/2538
f 2461/2949/2540 2412/2974/2563 2363/2950/2541
f 2457/2955/2546 2386/3001/2589 2370/2956/2547
f 316/2958/2549 2364/3552/2912 2355/2959/2550
f 2427/2961/2552 303/3122/345 2359/2962/2553
f 2418/2965/2556 2367/3389/2832 2356/2966/2557
f 2401/2968/2559 2358/2976/2565 268/2969/2560
f 330/2971/326 2368/3553/2913 2357/2972/2561
f 2412/2974/2563 2395/2960/2551 2355/2959/2550
f 2459/2975/2564 2387/2991/2580 2358/2976/2565
f 2438/2977/2566 2442/2989/2578 2379/2978/2567
f 2445/2980/2569 2444/3004/2591 2380/2981/2570
f 2439/2983/2572 310/3132/369 257/2984/2573
f 2425/2957/2548 2370/2956/2547 2360/2986/2575
f 2465/2988/2577 2390/2995/2584 2379/2978/2567
f 2423/2990/2579 2369/2996/2585 2387/2991/2580
f 2405/2992/2581 2456/3160/365 294/2993/2582
f 2465/2988/2577 2439/2983/2572 2378/2985/2574
f 2423/2990/2579 2427/2961/2552 2371/2963/2554
f 2407/2945/2536 355/3146/305 2373/2997/2586
f 2468/2938/2529 2391/2937/2528 301/2999/2588
f 2405/2992/2581 2361/2994/2583 2386/3001/2589
f 2433/2944/2535 2374/2943/2534 255/3002/2590
f 2444/3004/2591 2449/3014/2600 2383/3005/2592
f 2410/3006/2593 2436/3149/313 2376/3007/2594
f 2463/3008/2595 2389/3020/2605 2382/3009/2596
f 2430/2939/2530 2372/2941/2532 2384/3011/2598
f 308/3012/439 2438/2977/2566 2377/2979/2568
f 2449/3014/2600 313/3134/374 259/3015/2601
f 2403/2987/2576 2360/2986/2575 271/3016/2602
f 2448/3010/2597 2382/3009/2596 258/3018/2603
f 2463/3008/2595 2445/2980/2569 2381/2982/2571
f 2461/2949/2540 2388/2951/2542 2354/3021/2606
f 2326/3023/2509 2413/3054/2622 2462/3024/2608
f 2345/3026/2498 2334/3036/2486 2429/3027/2609
f 2315/3029/2513 209/3554/2910 317/3030/2611
f 2321/3032/2519 229/3555/2911 2431/3033/386
f 2346/3035/2506 2454/3091/2641 2429/3027/2609
f 2347/3037/2614 2455/3556/418 2404/3038/2615
f 2322/3040/2491 2335/3043/2490 2432/3041/2616
f 2335/3043/2490 2336/3099/2497 2435/3044/2617
f 2331/3045/2505 2348/3087/2496 2458/3046/2618
f 2323/3048/2504 2337/3557/2909 360/3049/405
f 2327/3051/2515 2417/3061/2627 2415/3052/2621
f 2315/3029/2513 2394/3031/2612 2413/3054/2622
f 2318/3055/2514 2349/3089/2501 2460/3056/2623
f 2316/3058/2511 2328/3065/2510 2419/3059/2625
f 2327/3051/2515 2316/3058/2511 2396/3060/2626
f 2329/3062/2628 2420/3558/434 2398/3063/2629
f 2317/3064/2517 2398/3063/2629 2419/3059/2625
f 2314/3066/2502 2350/3025/2507 2462/3024/2608
f 2318/3055/2514 2400/3057/2624 2421/3068/2631
f 2343/3070/2520 2351/3101/2518 2464/3071/2632
f 206/3076/2485 2338/3088/2484 2437/3077/2636
f 2332/3079/2489 2319/3095/2488 2402/3080/2637
f 2352/3082/2493 2466/3086/2639 2441/3083/2638
f 2339/3085/2526 2440/3106/2647 2466/3086/2639
f 2320/3039/2494 2404/3038/2615 2458/3046/2618
f 2340/3084/2492 2441/3083/2638 2437/3077/2636
f 2349/3089/2501 2330/3104/2500 2422/3090/2640
f 2321/3032/2519 2406/3034/2613 2454/3091/2641
f 2353/3092/2499 2467/3100/2644 2469/3093/421
f 2331/3045/2505 2424/3047/2619 2402/3080/2637
f 2342/3096/2512 2341/3108/2487 2443/3097/2642
f 2323/3048/2504 2409/3050/2620 2435/3044/2617
f 2353/3092/2499 2345/3026/2498 2452/3028/2610
f 2342/3096/2512 2446/3098/2643 2464/3071/2632
f 2324/3102/2521 2343/3070/2520 2447/3072/2633
f 2333/3073/2483 2428/3075/2635 2422/3090/2640
f 207/3105/2646 309/3559/423 2440/3106/2647
f 2344/3107/2495 2450/3110/2649 2443/3097/2642
f 2325/3109/2648 2411/3560/437 2450/3110/2649
f 211/3111/2503 2314/3066/2502 2392/3067/2630
f 2394/3113/2612 2395/2960/2551 2412/2974/2563
f 2417/3115/2627 2396/3141/2626 2397/2967/2558
f 2398/3117/2629 2399/2973/2562 2418/2965/2556
f 2400/3119/2624 2401/2968/2559 337/2970/443
f 2428/3121/2635 302/3561/431 303/3122/345
f 2402/3123/2637 2403/2987/2576 2426/3017/444
f 2404/3125/2615 2405/2992/2581 2457/2955/2546
f 2406/3127/2613 2407/2945/2536 2453/2946/2537
f 2409/3129/2620 2410/3006/2593 2434/2942/2533
f 2440/3131/2647 309/3562/423 310/3132/369
f 2450/3133/2649 2411/3563/437 313/3134/374
f 2392/3135/2630 2393/3022/2607 2414/3136/441
f 2413/3114/2622 2412/2974/2563 2461/2949/2540
f 2394/3113/2612 317/3564/2611 316/2958/2549
f 2417/3115/2627 2416/3116/2651 329/3139/2652
f 2396/3141/2626 2419/3118/2625 2418/2965/2556
f 2398/3117/2629 2420/3565/434 330/2971/326
f 2460/3142/2623 2422/3144/2640 2423/2990/2579
f 2424/3143/2619 2425/2957/2548 2403/2987/2576
f 2428/3121/2635 2427/2961/2552 2423/2990/2579
f 2452/3145/2610 2429/3159/2609 2430/2939/2530
f 2406/3127/2613 2431/3566/386 355/3146/305
f 2432/3147/2616 2433/2944/2535 2408/3003/438
f 2432/3147/2616 2435/3130/2617 2434/2942/2533
f 2409/3129/2620 360/3567/405 2436/3149/313
f 2437/3150/2636 2438/2977/2566 308/3012/439
f 2440/3131/2647 2439/2983/2572 2465/2988/2577
f 2441/3153/2638 2442/2989/2578 2438/2977/2566
f 2446/3154/2643 2443/3158/2642 2444/3004/2591
f 2446/3154/2643 2445/2980/2569 2463/3008/2595
f 2447/3156/2633 2448/3010/2597 312/3019/2604
f 2450/3133/2649 2449/3014/2600 2444/3004/2591
f 2454/3128/2641 2453/2946/2537 2430/2939/2530
f 2404/3125/2615 2455/3568/418 2456/3160/365
f 2424/3143/2619 2458/3126/2618 2457/2955/2546
f 2400/3119/2624 2460/3142/2623 2459/2975/2564
f 2392/3135/2630 2462/3138/2608 2461/2949/2540
f 2464/3155/2632 2463/3008/2595 2448/3010/2597
f 2466/3152/2639 2465/2988/2577 2442/2989/2578
f 403/3000/445 2469/3569/421 2467/3161/2644
f 2451/2936/2527 2468/2938/2529 2467/3161/2644
f 2393/3022/2607 2354/3021/2606 2365/3162/2653
f 2386/3163/2654 2361/3211/2701 2475/3164/2655
f 301/3166/2657 2391/3179/2670 2504/3167/2658
f 2385/3169/2660 2550/3570/2834 2551/3170/2661
f 2360/3172/2663 2370/3216/2706 2483/3173/2664
f 2381/3175/2666 2380/3195/2686 2492/3176/2667
f 2384/3178/2669 2496/3202/2669 2504/3167/2658
f 2389/3180/2671 2381/3175/2666 2493/3177/2668
f 2375/3182/2673 2362/3571/2708 2476/3183/2674
f 2382/3185/2676 2494/3225/2714 2479/3186/2677
f 2371/3188/2679 2484/3235/2723 2482/3189/2680
f 257/3191/2682 2478/3572/2914 2490/3192/2683
f 2383/3194/2685 2495/3197/2688 2492/3176/2667
f 2383/3194/2685 259/3573/2915 407/3196/2687
f 2354/3198/2689 2471/3224/2713 409/3199/2690
f 2372/3201/2692 2485/3209/2699 2496/3202/2669
f 2388/3203/2693 2363/3223/2712 2480/3204/2694
f 2355/3206/2696 2364/3574/2916 2481/3207/2697
f 2372/3201/2692 2385/3169/2660 2497/3171/2662
f 294/3210/2700 2498/3575/2917 2475/3164/2655
f 2374/3212/2702 2486/3215/2705 406/3213/2703
f 2375/3182/2673 2487/3184/2675 2486/3215/2705
f 2386/3163/2654 2499/3165/2656 2483/3173/2664
f 2376/3217/2707 2488/3388/2918 2476/3218/2674
f 2387/3220/2709 2500/3243/2731 405/3221/2710
f 2363/3223/2712 2355/3206/2696 2472/3208/2698
f 2354/3198/2689 2388/3203/2693 2501/3205/2695
f 2389/3180/2671 2502/3181/2672 2494/3225/2714
f 2512/3226/2715 438/3576/2770 2/3227/2716
f 2506/3228/2717 2220/2881/2473 2162/2701/2302
f 256/3230/2718 2377/3242/2730 2489/3231/2719
f 2513/3233/2721 2512/3226/2715 2191/2842/2438
f 2371/3188/2679 2359/3577/2919 2473/3234/2722
f 2390/3236/2724 2503/3239/2727 2491/3237/2725
f 2390/3236/2724 2378/3193/2684 2490/3192/2683
f 2506/3228/2717 2513/3233/2721 2185/2861/2457
f 2360/3172/2663 2474/3174/2665 412/3240/2728
f 2377/3242/2730 2379/3238/2726 2491/3237/2725
f 2369/3190/2681 2482/3189/2680 2500/3243/2731
f 433/3244/2732 2511/3246/2734 2164/2862/2458
f 2510/3245/2733 2187/2880/2472 2164/2862/2458
f 2509/3247/2735 2219/3249/2737 2187/2880/2472
f 2508/3248/2736 2166/2845/2441 2219/3249/2737
f 2507/3250/2738 2217/3543/2908 2166/2845/2441
f 2515/3251/2739 2307/2833/2429 196/2888/2480
f 2516/3253/2741 2213/2863/2459 2307/2833/2429
f 2516/3253/2741 2517/3254/2742 2193/2879/2471
f 2517/3254/2742 2518/3257/2745 2216/3255/2743
f 2552/3256/2744 2168/2709/2309 2216/3255/2743
f 2552/3256/2744 2519/3578/2836 50/2707/2307
f 2520/3258/2746 2195/3261/2749 5/2864/6
f 2521/3260/2748 2197/2866/2461 2195/3261/2749
f 2522/3262/2750 2171/2849/2446 2197/2866/2461
f 2522/3263/2750 2523/3265/2753 56/3264/2751
f 2476/3218/2752 2488/3388/2920 2523/3265/2753
f 2476/3266/2752 2522/3579/2750 2521/3267/2748
f 2486/3269/2755 2487/3268/2754 2521/3267/2748
f 2486/3269/2755 2520/3270/2746 445/3271/2747
f 2551/3273/2661 2552/3580/2744 2518/3274/2745
f 2485/3276/2758 2497/3275/2757 2518/3274/2745
f 2496/3278/2759 2485/3276/2758 2517/3277/2742
f 2496/3278/2759 2516/3279/2741 2515/3280/2739
f 2505/3282/2761 2504/3281/2760 2515/3280/2739
f 2475/3284/2762 2498/3581/2921 2507/3285/2738
f 2499/3287/2763 2475/3284/2762 2508/3286/2736
f 2483/3289/2764 2499/3287/2763 2509/3288/2735
f 2483/3289/2764 2510/3290/2733 2511/3291/2734
f 412/3293/2766 2474/3292/2765 2511/3291/2734
f 2500/3295/2767 2482/3298/2768 2513/3296/2721
f 2482/3298/2768 2484/3302/2769 2512/3299/2715
f 2500/3295/2767 2506/3297/2717 439/3300/589
f 2484/3302/2769 2473/3582/2922 438/3303/2770
f 2524/3304/2771 2525/3306/2773 2200/2872/2464
f 2526/3305/2772 2203/2883/2475 2200/2872/2464
f 2527/3307/2774 2227/2871/2463 2203/2883/2475
f 2527/3307/2774 2528/3309/2776 2202/3308/2775
f 2528/3309/2776 2529/3583/2803 2174/2851/2448
f 450/3310/2777 2530/3312/2779 2209/2882/2474
f 2531/3311/2778 2225/3314/2781 2209/2882/2474
f 2532/3313/2780 2207/2875/2467 2225/3314/2781
f 2533/3315/2782 2206/2874/2466 2207/2875/2467
f 2534/3316/2783 2212/2878/2470 2206/2874/2466
f 2535/3317/2784 10/2853/2451 2212/2878/2470
f 455/3318/2785 2536/3320/2787 2154/2827/2423
f 2537/3319/2786 2222/2825/2421 2154/2827/2423
f 2537/3319/2786 2538/3321/2788 2176/2856/2454
f 2538/3321/2788 2539/3323/2790 2156/2697/2298
f 2540/3322/2789 2177/2848/2449 2156/2697/2298
f 2472/3324/2791 2481/3360/2809 2540/3325/2789
f 2480/3327/2792 2472/3324/2791 2539/3326/2790
f 2501/3329/2793 2480/3327/2792 2538/3328/2788
f 2471/3331/2794 2501/3329/2793 2537/3330/2786
f 409/3333/2795 2471/3331/2794 2536/3332/2787
f 2495/3335/2796 407/3584/2923 2535/3336/2784
f 2495/3335/2796 2534/3337/2783 2533/3338/2782
f 2492/3339/2797 2533/3338/2782 2532/3340/2780
f 2493/3341/2798 2532/3340/2780 2531/3342/2778
f 2502/3343/2799 2531/3342/2778 2530/3344/2779
f 2479/3346/2801 2494/3345/2800 2530/3344/2779
f 2490/3348/2802 2478/3585/2924 2529/3349/2803
f 2503/3351/2804 2490/3348/2802 2528/3350/2776
f 2491/3353/2805 2503/3351/2804 2527/3352/2774
f 2489/3355/2806 2491/3353/2805 2526/3354/2772
f 2489/3355/2806 2525/3356/2773 2524/3357/2771
f 2356/3362/2810 2541/3366/2814 2543/3363/2811
f 2367/3365/2813 2544/3368/2816 2541/3366/2814
f 2367/3365/2813 2357/3370/2818 2542/3367/2815
f 2368/3369/2817 463/3586/2925 2542/3367/2815
f 2545/3376/2822 2546/3377/2823 2181/2840/2436
f 2546/3377/2823 2547/3378/2824 2160/2706/2306
f 2548/2964/2555 2183/2704/2304 2160/2706/2306
f 2542/3380/2825 463/3587/2926 2548/3381/2555
f 2544/3383/2826 2542/3380/2825 2547/3382/2824
f 2541/3385/2827 2544/3383/2826 2546/3384/2823
f 2543/3374/2811 2541/3385/2827 2545/3386/2822
f 2418/2965/2556 2399/2973/2562 2357/2972/2561
f 2470/3390/2543 2416/3116/2651 2397/2967/2558
f 2550/3392/2834 2373/3588/2927 652/3393/2835
f 2551/3394/2661 652/3393/2835 2519/3395/2836
f 2428/3075/2635 2554/3074/2634 204/3401/2840
f 2245/2793/2323 147/3589/2322 1/3403/2841
f 2554/3404/2634 2553/2794/2392 1/3403/2841
