# Blender 5.1.0
# www.blender.org
mtllib brass_pan_01_1k.mtl
g brass_pan_01_Mesh
v -0.063396 0.061777 0.036777
v -0.049261 0.071956 0.035042
v -0.045132 0.066555 0.022559
v -0.057486 0.056902 0.022605
v -0.035096 0.080648 0.037032
v -0.030942 0.073519 0.022844
v -0.026396 0.064715 0.008546
v -0.039085 0.058621 0.008326
v -0.050247 0.050277 0.008404
v 0.033976 -0.082405 0.036640
v 0.017078 -0.086440 0.035246
v 0.015710 -0.079821 0.023058
v 0.030966 -0.075393 0.023106
v -0.000179 -0.088891 0.036673
v -0.000207 -0.081197 0.023018
v -0.000290 -0.071849 0.009099
v 0.013730 -0.070557 0.009376
v 0.027184 -0.066684 0.009288
v -0.017775 0.084970 0.035341
v -0.015709 0.078201 0.023049
v -0.000082 0.087771 0.037247
v 0.000261 0.079847 0.023232
v 0.001186 0.069814 0.009396
v -0.012848 0.068631 0.008839
v -0.017615 -0.086083 0.035184
v -0.016191 -0.078966 0.023116
v -0.035023 -0.081570 0.036888
v -0.032044 -0.074189 0.023138
v -0.028403 -0.065377 0.008876
v -0.014464 -0.069847 0.009008
v 0.016908 0.085191 0.035472
v 0.016226 0.078354 0.023326
v 0.034304 0.081264 0.037135
v 0.031397 0.073862 0.023298
v 0.028363 0.064635 0.009381
v 0.015171 0.068697 0.009300
v -0.050764 -0.072132 0.035705
v -0.046856 -0.066107 0.023542
v -0.065573 -0.061233 0.037590
v -0.060025 -0.055376 0.023906
v -0.052845 -0.048098 0.009681
v -0.041423 -0.057985 0.009243
v 0.048719 0.072439 0.035344
v 0.045343 0.066710 0.023057
v 0.063061 0.062200 0.036991
v 0.057526 0.057001 0.022774
v 0.051046 0.050062 0.008545
v 0.040448 0.058413 0.009024
v -0.076442 -0.046726 0.036420
v -0.070512 -0.042434 0.024282
v -0.085158 -0.031701 0.038001
v -0.077787 -0.028160 0.024319
v -0.068663 -0.024054 0.009556
v -0.062115 -0.036596 0.009814
v 0.073068 0.048700 0.035053
v 0.067495 0.044882 0.022617
v 0.081986 0.033903 0.036550
v 0.074957 0.030952 0.022514
v 0.065941 0.027186 0.008181
v 0.059277 0.039182 0.008752
v -0.088668 -0.015091 0.036244
v -0.081796 -0.013238 0.023950
v -0.090214 0.001418 0.037284
v -0.082628 0.001904 0.023315
v -0.072838 0.002426 0.008988
v -0.072018 -0.010872 0.009335
v 0.088850 -0.000010 0.036475
v 0.086248 -0.017172 0.034964
v 0.079351 -0.015854 0.022560
v 0.081120 -0.000016 0.022447
v 0.081946 -0.033975 0.036589
v 0.074858 -0.031096 0.022614
v 0.065876 -0.027508 0.008328
v 0.069982 -0.013999 0.008086
v 0.071428 -0.000038 0.007926
v 0.086222 0.017138 0.034990
v 0.079284 0.015731 0.022624
v 0.069925 0.013868 0.008053
v -0.087041 0.018018 0.035327
v -0.080422 0.017035 0.022938
v -0.082279 0.034196 0.036568
v -0.075470 0.031610 0.022689
v -0.066083 0.028041 0.009009
v -0.070650 0.015507 0.009080
v 0.072994 -0.048862 0.035219
v 0.067335 -0.045192 0.022797
v 0.062694 -0.062853 0.036733
v 0.057280 -0.057640 0.022961
v 0.050392 -0.051000 0.008979
v 0.059170 -0.039910 0.008840
v -0.073261 0.048566 0.034933
v -0.067686 0.045055 0.022656
v -0.059445 0.039929 0.008507
v 0.048846 -0.073415 0.035175
v 0.044986 -0.067838 0.023075
v 0.039559 -0.059915 0.009339
v 0.054891 -0.023185 0.001519
v 0.049406 -0.033735 0.002244
v 0.042214 -0.043090 0.002536
v 0.039012 -0.040000 0.002352
v 0.044087 -0.031985 0.001939
v 0.048390 -0.021936 0.001509
v -0.055059 0.023620 0.001921
v -0.049537 0.033575 0.001094
v -0.041788 0.042199 0.000979
v -0.038608 0.039048 0.000290
v -0.044145 0.031584 0.000246
v -0.048752 0.022136 0.000452
v 0.033120 -0.050516 0.002982
v 0.022586 -0.055765 0.003519
v 0.021369 -0.049561 0.003157
v 0.031200 -0.045254 0.002796
v -0.032215 0.048978 0.001141
v -0.021348 0.053861 0.001213
v -0.020040 0.047663 0.000584
v -0.030368 0.043819 0.000364
v 0.011330 -0.059006 0.003443
v -0.000452 -0.059952 0.003075
v -0.000328 -0.053003 0.002728
v 0.010748 -0.052271 0.003067
v -0.009862 0.056933 0.001599
v 0.001864 0.057850 0.002174
v 0.001868 0.051066 0.001323
v -0.009139 0.050251 0.000807
v -0.012389 -0.058510 0.002434
v -0.024034 -0.054546 0.002191
v -0.022668 -0.048112 0.001957
v -0.011616 -0.051542 0.002353
v 0.013495 0.056843 0.002304
v 0.024610 0.053785 0.002137
v 0.023246 0.047583 0.001457
v 0.012744 0.050166 0.001547
v -0.035003 -0.048415 0.002114
v -0.044398 -0.040065 0.002649
v -0.041175 -0.037176 0.002118
v -0.033065 -0.043140 0.001834
v 0.034700 0.048754 0.001805
v 0.043382 0.041893 0.001348
v 0.040333 0.038771 0.000757
v 0.032840 0.043610 0.001089
v -0.051837 -0.030319 0.002895
v -0.057123 -0.019771 0.002265
v -0.050505 -0.018977 0.001882
v -0.046397 -0.028949 0.002188
v 0.050136 0.032986 0.001189
v 0.055190 0.022733 0.000823
v 0.048958 0.021401 0.000233
v 0.045049 0.031121 0.000430
v -0.059942 -0.008766 0.002006
v -0.060556 0.002320 0.001823
v -0.053367 0.001850 0.001203
v -0.052875 -0.008583 0.001547
v 0.059393 -0.000082 0.000793
v 0.058174 -0.011765 0.001150
v 0.051199 -0.011117 0.000877
v 0.052271 -0.000114 0.000440
v 0.058325 0.011560 0.000717
v 0.051466 0.010819 0.000213
v -0.058946 0.013181 0.001578
v -0.051965 0.012111 0.000777
v -0.034255 -0.031228 0.002189
v -0.037465 -0.019254 0.002024
v -0.022679 -0.021133 0.002126
v -0.021874 -0.035437 0.002263
v -0.039015 -0.009074 0.001766
v -0.039309 0.001038 0.001467
v -0.023662 0.000520 0.001738
v -0.023508 -0.010208 0.001987
v -0.038167 0.011097 0.000735
v -0.035815 0.021066 0.000175
v -0.021231 0.021887 0.000727
v -0.022832 0.011210 0.001012
v -0.031866 0.032511 0.000002
v -0.019601 0.035527 0.000322
v -0.010984 -0.037910 0.002466
v -0.011232 -0.022651 0.002236
v 0.000098 -0.023551 0.002687
v -0.000038 -0.039214 0.002858
v -0.011624 -0.011006 0.002149
v -0.011716 0.000388 0.002083
v 0.000059 0.000247 0.002630
v 0.000038 -0.011524 0.002585
v -0.011208 0.011671 0.001768
v -0.010093 0.022889 0.001058
v 0.000906 0.023272 0.001388
v 0.000331 0.011827 0.002142
v -0.008981 0.037290 0.000597
v 0.001559 0.037905 0.001069
v 0.010573 -0.038898 0.003296
v 0.011047 -0.023585 0.003056
v 0.021738 -0.022640 0.003166
v 0.020765 -0.037083 0.003415
v 0.011417 -0.011668 0.002867
v 0.011669 0.000041 0.002497
v 0.023246 -0.000089 0.002175
v 0.022704 -0.011298 0.002898
v 0.011785 0.011540 0.001935
v 0.011809 0.022805 0.001601
v 0.022645 0.021733 0.001593
v 0.023176 0.010944 0.001602
v 0.011986 0.037213 0.001245
v 0.022246 0.035414 0.001619
v 0.032404 -0.033479 0.002951
v 0.035749 -0.021412 0.002568
v 0.037637 -0.010787 0.001976
v 0.038434 -0.000118 0.001440
v 0.038049 0.010389 0.000957
v 0.036601 0.020688 0.000662
v 0.033695 0.032189 0.000790
v -0.064754 0.014397 0.004243
v -0.066767 0.002500 0.004036
v -0.060471 0.025832 0.004368
v 0.064208 0.012718 0.002925
v 0.060489 0.024899 0.003228
v 0.065488 -0.000070 0.002883
v 0.064227 -0.012922 0.003036
v 0.060394 -0.025290 0.003520
v -0.066110 -0.009695 0.004216
v -0.062956 -0.021755 0.004461
v 0.054412 0.035827 0.004142
v 0.047161 0.045909 0.003577
v -0.056907 -0.033238 0.004969
v -0.048531 -0.043880 0.004803
v 0.037578 0.053589 0.004004
v 0.026569 0.059334 0.004296
v -0.038156 -0.053170 0.004294
v -0.026205 -0.060073 0.003955
v 0.014381 0.062767 0.004493
v 0.001560 0.063472 0.005107
v -0.013424 -0.064327 0.004171
v -0.000364 -0.065959 0.004604
v -0.011265 0.062775 0.003958
v -0.023796 0.059313 0.003534
v 0.012490 -0.064892 0.004892
v 0.024871 -0.061274 0.004896
v -0.035542 0.053812 0.003318
v -0.045924 0.046210 0.003330
v 0.036266 -0.055203 0.004730
v 0.046244 -0.046985 0.004289
v -0.054468 0.036739 0.003461
v 0.054228 -0.036741 0.004177
v 0.029417 -0.083112 0.035029
v 0.037666 -0.079612 0.035081
v 0.058754 -0.065339 0.035128
v 0.065157 -0.058964 0.035097
v 0.079259 -0.037748 0.034960
v 0.082732 -0.029454 0.034897
v 0.087819 -0.004527 0.034800
v 0.087813 0.004496 0.034809
v 0.082716 0.029343 0.034895
v 0.079358 0.037667 0.034859
v 0.065175 0.058535 0.035000
v 0.058781 0.064854 0.035044
v 0.037702 0.078567 0.035212
v 0.029316 0.081926 0.035248
v 0.004167 0.086573 0.035325
v -0.004934 0.086486 0.035309
v -0.030011 0.081465 0.035096
v -0.038199 0.078055 0.035041
v -0.059115 0.064349 0.034845
v -0.065335 0.058288 0.034823
v -0.079597 0.037892 0.034890
v -0.083246 0.029843 0.034984
v -0.088991 0.005907 0.035539
v -0.089446 -0.002936 0.035770
v -0.085747 -0.027122 0.036308
v -0.082466 -0.035597 0.036357
v -0.068092 -0.057203 0.036049
v -0.061340 -0.063851 0.035863
v -0.038916 -0.078741 0.035333
v -0.030281 -0.082374 0.035186
v -0.004710 -0.087814 0.035015
v 0.004348 -0.087825 0.035074
v -0.068149 0.066936 0.049366
v -0.054194 0.078676 0.049480
v -0.054081 0.078535 0.048233
v -0.068035 0.066825 0.048121
v -0.038085 0.087513 0.049616
v -0.037942 0.087246 0.048404
v 0.036823 -0.088952 0.049384
v 0.018746 -0.094428 0.049393
v 0.018711 -0.094258 0.048159
v 0.036760 -0.088845 0.048119
v -0.000118 -0.096143 0.049299
v -0.000133 -0.096127 0.048145
v -0.020117 0.093002 0.049550
v -0.020092 0.093008 0.048366
v -0.001118 0.095127 0.049592
v -0.001101 0.094978 0.048354
v -0.019182 -0.094370 0.049415
v -0.019163 -0.094230 0.048171
v -0.037685 -0.088491 0.049535
v -0.037697 -0.088472 0.048336
v 0.017956 0.093520 0.049537
v 0.017935 0.093347 0.048300
v 0.036276 0.088284 0.049469
v 0.036225 0.088134 0.048224
v -0.055230 -0.079443 0.049720
v -0.055158 -0.079278 0.048497
v -0.070725 -0.067015 0.049927
v -0.070628 -0.066858 0.048720
v 0.053085 0.079556 0.049474
v 0.052989 0.079404 0.048240
v 0.067608 0.067560 0.049449
v 0.067496 0.067442 0.048254
v -0.083280 -0.052015 0.050081
v -0.083164 -0.051875 0.048887
v -0.092100 -0.035170 0.050121
v -0.091971 -0.035064 0.048929
v 0.079885 0.053330 0.049450
v 0.079741 0.053234 0.048209
v 0.088850 0.036774 0.049437
v 0.088687 0.036706 0.048197
v -0.096824 -0.017229 0.050037
v -0.096672 -0.017166 0.048839
v -0.097395 0.001085 0.049778
v -0.097424 0.001115 0.048605
v 0.096191 -0.000002 0.049441
v 0.094346 -0.018765 0.049438
v 0.094177 -0.018732 0.048194
v 0.096020 -0.000003 0.048197
v 0.088859 -0.036807 0.049446
v 0.088701 -0.036741 0.048201
v 0.094341 0.018760 0.049437
v 0.094164 0.018724 0.048199
v -0.094667 0.019242 0.049543
v -0.094560 0.019230 0.048325
v -0.088479 0.036634 0.049329
v -0.088495 0.036645 0.048112
v 0.079898 -0.053386 0.049399
v 0.079823 -0.053337 0.048203
v 0.067914 -0.067933 0.048910
v 0.067841 -0.067875 0.047796
v -0.079177 0.052442 0.049247
v -0.079171 0.052425 0.048144
v 0.053455 -0.080030 0.049408
v 0.053358 -0.079887 0.048172
v -0.060799 0.059693 0.037606
v -0.055808 0.055162 0.024591
v -0.043790 0.064467 0.024575
v -0.047569 0.069356 0.036212
v -0.030009 0.071229 0.024862
v -0.033413 0.077664 0.037856
v 0.032713 -0.079351 0.037786
v 0.029984 -0.073080 0.025218
v 0.015220 -0.077367 0.025218
v 0.016461 -0.083324 0.036420
v -0.000217 -0.078650 0.025083
v -0.000196 -0.085619 0.037766
v -0.015208 0.075760 0.025055
v -0.017143 0.081877 0.036525
v 0.000289 0.077370 0.025242
v -0.000514 0.084359 0.038092
v -0.015734 -0.076450 0.025270
v -0.017028 -0.082908 0.036429
v -0.031155 -0.071749 0.025307
v -0.033835 -0.078456 0.038121
v 0.015774 0.075940 0.025332
v 0.016329 0.082118 0.036662
v 0.030481 0.071585 0.025308
v 0.032609 0.078290 0.037987
v -0.045569 -0.063972 0.025631
v -0.049094 -0.069413 0.036980
v -0.058316 -0.053472 0.026063
v -0.063381 -0.058868 0.038761
v 0.043996 0.064650 0.025073
v 0.046991 0.069816 0.036541
v 0.055814 0.055259 0.024781
v 0.060385 0.060143 0.037823
v -0.068520 -0.041015 0.026338
v -0.073894 -0.044915 0.037655
v -0.075603 -0.027207 0.026317
v -0.082227 -0.030425 0.039167
v 0.065464 0.043515 0.024622
v 0.070484 0.046962 0.036224
v 0.072658 0.030001 0.024533
v 0.079004 0.032666 0.037647
v -0.079454 -0.012746 0.025948
v -0.085639 -0.014444 0.037473
v -0.080275 0.001937 0.025325
v -0.087063 0.001444 0.038432
v 0.085535 0.000004 0.037592
v 0.078557 -0.000003 0.024521
v 0.076887 -0.015360 0.024643
v 0.083079 -0.016539 0.036179
v 0.072515 -0.030140 0.024756
v 0.078966 -0.032747 0.037738
v 0.076908 0.015275 0.024600
v 0.083094 0.016523 0.036138
v -0.078151 0.016600 0.024921
v -0.084054 0.017443 0.036535
v -0.073261 0.030687 0.024705
v -0.079408 0.032993 0.037707
v 0.065240 -0.043828 0.024792
v 0.070380 -0.047129 0.036424
v 0.055484 -0.055875 0.025073
v 0.060414 -0.060582 0.037877
v -0.065723 0.043707 0.024647
v -0.070749 0.046846 0.036123
v 0.043565 -0.065736 0.025107
v 0.047064 -0.070769 0.036303
v 0.054129 -0.022883 0.004781
v 0.048402 -0.021188 0.004860
v 0.044026 -0.030979 0.005407
v 0.048662 -0.033286 0.005615
v 0.041230 -0.020486 0.005579
v 0.038222 -0.029999 0.005908
v 0.035467 -0.036536 0.006077
v 0.038211 -0.039199 0.005740
v 0.041665 -0.042558 0.005782
v -0.054630 0.023460 0.004408
v -0.048912 0.021533 0.003727
v -0.044172 0.030632 0.003483
v -0.048972 0.033193 0.004181
v -0.041695 0.020517 0.003686
v -0.038188 0.029367 0.003288
v -0.035052 0.035500 0.003326
v -0.037776 0.038206 0.003457
v -0.041298 0.041682 0.004065
v 0.030207 -0.045271 0.006201
v 0.032678 -0.049875 0.006254
v 0.029091 -0.039487 0.006573
v 0.019995 -0.042708 0.006759
v 0.020658 -0.049577 0.006606
v 0.022305 -0.055048 0.006782
v -0.029289 0.043672 0.003593
v -0.031814 0.048335 0.004234
v -0.028301 0.038038 0.003385
v -0.018603 0.040757 0.003719
v -0.019240 0.047553 0.003833
v -0.021049 0.053096 0.004368
v 0.010355 -0.052271 0.006435
v 0.011176 -0.058262 0.006657
v 0.010067 -0.044848 0.006722
v -0.000269 -0.045314 0.006374
v -0.000426 -0.053027 0.006050
v -0.000470 -0.059164 0.006301
v -0.008671 0.050094 0.004086
v -0.009698 0.056121 0.004710
v -0.008353 0.042770 0.003926
v 0.001847 0.043494 0.004460
v 0.001972 0.050972 0.004566
v 0.001881 0.057138 0.005110
v -0.011406 -0.051558 0.005744
v -0.012282 -0.057663 0.005742
v -0.010833 -0.043812 0.006081
v -0.021301 -0.040982 0.005691
v -0.022113 -0.048026 0.005412
v -0.023814 -0.053704 0.005384
v 0.012502 0.050105 0.004768
v 0.013357 0.056107 0.005360
v 0.011898 0.042769 0.004596
v 0.021725 0.040749 0.004446
v 0.022645 0.047542 0.004681
v 0.024339 0.053118 0.005194
v -0.032175 -0.042996 0.005266
v -0.034661 -0.047643 0.005423
v -0.030988 -0.037187 0.005445
v -0.037616 -0.033786 0.005644
v -0.040397 -0.036210 0.005594
v -0.043917 -0.039341 0.005997
v 0.031934 0.043496 0.004364
v 0.034281 0.048120 0.004892
v 0.030748 0.037902 0.004306
v 0.036895 0.035243 0.003927
v 0.039541 0.037912 0.003958
v 0.042846 0.041355 0.004460
v -0.046451 -0.027798 0.005589
v -0.051302 -0.029814 0.006093
v -0.040456 -0.027261 0.005551
v -0.043353 -0.017996 0.005608
v -0.050643 -0.018138 0.005262
v -0.056520 -0.019422 0.005479
v 0.045044 0.030157 0.003624
v 0.049554 0.032613 0.004191
v 0.039404 0.029009 0.003733
v 0.042022 0.019894 0.003714
v 0.048915 0.020681 0.003533
v 0.054483 0.022469 0.003973
v -0.052973 -0.008071 0.004888
v -0.059300 -0.008559 0.005167
v -0.045190 -0.008279 0.005045
v -0.045525 0.001432 0.004729
v -0.053471 0.002000 0.004477
v -0.059900 0.002389 0.004918
v 0.058509 -0.000034 0.004145
v 0.052204 -0.000059 0.003962
v 0.051065 -0.010675 0.004440
v 0.057337 -0.011592 0.004429
v 0.044395 -0.000089 0.004285
v 0.043394 -0.010305 0.005037
v 0.051410 0.010501 0.003615
v 0.057489 0.011438 0.004000
v 0.043852 0.010027 0.003957
v -0.052073 0.011879 0.004033
v -0.058303 0.013104 0.004650
v -0.044299 0.011025 0.004129
v -0.031989 -0.029012 0.005660
v -0.021720 -0.031756 0.005663
v -0.022761 -0.021093 0.005729
v -0.033824 -0.019257 0.005701
v -0.035122 -0.009159 0.005347
v -0.023564 -0.010180 0.005515
v -0.023674 0.000543 0.005112
v -0.035324 0.000853 0.004732
v -0.034267 0.010853 0.004109
v -0.022837 0.011225 0.004473
v -0.021240 0.021870 0.004185
v -0.032174 0.020802 0.003650
v -0.029719 0.030252 0.003472
v -0.019493 0.032015 0.003751
v -0.010871 -0.033959 0.005970
v -0.000019 -0.035274 0.006141
v 0.000038 -0.023544 0.005960
v -0.011299 -0.022627 0.005548
v -0.011682 -0.010995 0.005698
v -0.000005 -0.011524 0.005927
v 0.000046 0.000232 0.005692
v -0.011736 0.000394 0.005521
v -0.011206 0.011660 0.005176
v 0.000332 0.011804 0.005303
v 0.000907 0.023227 0.004581
v -0.010096 0.022844 0.004460
v -0.008944 0.033511 0.003997
v 0.001470 0.034083 0.004374
v 0.010466 -0.035074 0.006570
v 0.020543 -0.033503 0.006767
v 0.021688 -0.022619 0.006245
v 0.011013 -0.023572 0.006036
v 0.011396 -0.011671 0.005914
v 0.022633 -0.011281 0.006112
v 0.023210 -0.000084 0.005268
v 0.011651 0.000039 0.005876
v 0.011776 0.011534 0.005296
v 0.023161 0.010943 0.004804
v 0.022621 0.021730 0.004574
v 0.011803 0.022792 0.004781
v 0.011754 0.033490 0.004527
v 0.021921 0.031963 0.004405
v 0.030155 -0.031290 0.006515
v 0.032072 -0.021235 0.006172
v 0.033631 -0.010646 0.005742
v 0.034405 -0.000107 0.005044
v 0.034188 0.010285 0.004513
v 0.033062 0.020481 0.004130
v 0.031533 0.030071 0.004096
v -0.069614 0.002464 0.009958
v -0.067631 0.014949 0.009877
v -0.063384 0.026955 0.009580
v 0.063048 0.025927 0.009136
v 0.066672 0.013250 0.009168
v 0.068121 -0.000053 0.009037
v 0.066705 -0.013337 0.009195
v 0.062839 -0.026343 0.009514
v -0.065598 -0.022825 0.010566
v -0.068822 -0.010212 0.010335
v 0.048849 0.047758 0.009559
v 0.056957 0.037595 0.009417
v -0.050646 -0.045681 0.010812
v -0.059351 -0.034745 0.010952
v 0.027312 0.061779 0.010244
v 0.038785 0.055744 0.010038
v -0.027330 -0.062280 0.009969
v -0.039706 -0.055068 0.010465
v 0.001355 0.066622 0.010183
v 0.014667 0.065417 0.010305
v -0.000373 -0.068586 0.010398
v -0.013968 -0.066583 0.010320
v -0.024986 0.061675 0.009571
v -0.012021 0.065377 0.009854
v 0.025890 -0.063681 0.010749
v 0.013015 -0.067284 0.010920
v -0.047899 0.047997 0.009327
v -0.037179 0.055948 0.009301
v 0.048085 -0.048787 0.010238
v 0.037709 -0.057283 0.010687
v -0.056737 0.038156 0.009434
v 0.056475 -0.038202 0.009990
v -0.065993 0.064716 0.051771
v -0.052489 0.076039 0.051887
v -0.064936 0.063636 0.050692
v -0.051650 0.074771 0.050796
v -0.036339 0.083215 0.050919
v -0.036925 0.084624 0.052005
v 0.035617 -0.086081 0.051778
v 0.018132 -0.091320 0.051800
v 0.035040 -0.084695 0.050664
v 0.017831 -0.089825 0.050723
v -0.000149 -0.091640 0.050694
v -0.000134 -0.093135 0.051783
v -0.019561 0.090081 0.052010
v -0.019261 0.088580 0.050921
v -0.001146 0.090494 0.050915
v -0.001143 0.092018 0.051991
v -0.018588 -0.091257 0.051844
v -0.018316 -0.089782 0.050743
v -0.036036 -0.084291 0.050923
v -0.036571 -0.085687 0.051979
v 0.017324 0.090417 0.051939
v 0.017023 0.088925 0.050854
v 0.034482 0.083970 0.050784
v 0.035064 0.085374 0.051872
v -0.053518 -0.076781 0.052138
v -0.052719 -0.075487 0.051076
v -0.067507 -0.063646 0.051285
v -0.068532 -0.064756 0.052329
v 0.051331 0.076933 0.051873
v 0.050474 0.075649 0.050792
v 0.064512 0.064473 0.050775
v 0.065580 0.065544 0.051852
v -0.080677 -0.050247 0.052476
v -0.079444 -0.049361 0.051436
v -0.087817 -0.033347 0.051478
v -0.089224 -0.033965 0.052511
v 0.077249 0.051567 0.051850
v 0.075992 0.050726 0.050763
v 0.084526 0.034981 0.050758
v 0.085937 0.035566 0.051837
v -0.093739 -0.016606 0.052428
v -0.092259 -0.016300 0.051380
v -0.092952 0.001108 0.051160
v -0.094461 0.001114 0.052214
v 0.093055 0.000000 0.051841
v 0.091234 -0.018145 0.051848
v 0.091515 0.000000 0.050762
v 0.089742 -0.017848 0.050765
v 0.084536 -0.035017 0.050769
v 0.085936 -0.035597 0.051850
v 0.091269 0.018151 0.051834
v 0.089747 0.017846 0.050752
v -0.091676 0.018661 0.051954
v -0.090194 0.018358 0.050880
v -0.084451 0.034950 0.050689
v -0.085791 0.035514 0.051765
v 0.077347 -0.051682 0.051842
v 0.076080 -0.050837 0.050758
v 0.064715 -0.064723 0.050755
v 0.065809 -0.065818 0.051830
v -0.077155 0.051052 0.051711
v -0.075946 0.050226 0.050625
v 0.051694 -0.077406 0.051803
v 0.050856 -0.076152 0.050715
v 0.093275 -0.018553 0.050906
v 0.087855 -0.036391 0.050910
v 0.095106 0.000000 0.050902
v 0.079064 -0.052825 0.050897
v 0.067295 -0.067325 0.050596
v 0.052854 -0.079134 0.050865
v 0.036410 -0.087951 0.050839
v 0.018533 -0.093362 0.050856
v -0.000121 -0.095116 0.050743
v -0.018960 -0.093187 0.050754
v -0.037332 -0.087614 0.050983
v -0.054634 -0.078532 0.051182
v -0.069963 -0.066250 0.051377
v -0.082373 -0.051418 0.051524
v -0.091086 -0.034759 0.051562
v -0.095749 -0.017016 0.051483
v -0.096507 0.001110 0.051266
v -0.093649 0.019049 0.051005
v -0.087628 0.036279 0.050765
v -0.078738 0.052154 0.050674
v -0.067399 0.066159 0.050827
v -0.053618 0.077770 0.050941
v -0.037712 0.086554 0.051067
v -0.019962 0.092108 0.051056
v -0.001137 0.094084 0.051036
v 0.017732 0.092454 0.050999
v 0.035850 0.087276 0.050933
v 0.052479 0.078655 0.050934
v 0.067056 0.067020 0.050914
v 0.078987 0.052729 0.050907
v 0.087852 0.036361 0.050894
v 0.093281 0.018550 0.050895
v -0.063476 0.062184 0.044565
v -0.050254 0.072816 0.044441
v -0.035329 0.081181 0.044786
v 0.034176 -0.082741 0.044576
v 0.017358 -0.087501 0.044443
v -0.000175 -0.089448 0.044590
v -0.018600 0.086228 0.044582
v -0.000998 0.088261 0.044851
v -0.017905 -0.087511 0.044362
v -0.035267 -0.082189 0.044873
v 0.016698 0.086555 0.044572
v 0.033735 0.081912 0.044722
v -0.051497 -0.073362 0.044861
v -0.066045 -0.061882 0.045384
v 0.049255 0.073704 0.044439
v 0.062978 0.062901 0.044682
v -0.077565 -0.047799 0.045349
v -0.085841 -0.032282 0.045656
v 0.074042 0.049409 0.044398
v 0.082499 0.034134 0.044633
v -0.089966 -0.015661 0.045268
v -0.090800 0.001205 0.045192
v 0.089359 0.000007 0.044606
v 0.087349 -0.017374 0.044436
v 0.082501 -0.034185 0.044650
v 0.087436 0.017386 0.044362
v -0.088053 0.018015 0.044587
v -0.082647 0.034236 0.044597
v 0.074100 -0.049534 0.044433
v 0.063160 -0.063208 0.044665
v -0.074190 0.049051 0.044257
v 0.049560 -0.074292 0.044336
v 0.042648 0.080171 0.050534
v -0.085115 -0.042181 0.052493
v -0.080482 0.042726 0.050456
v 0.083839 -0.044810 0.050863
v -0.061432 0.073114 0.049498
v 0.080575 0.043005 0.050524
v -0.088133 -0.043825 0.050213
v 0.084730 -0.045287 0.049497
v -0.074201 0.060113 0.049497
v -0.042332 0.077502 0.044354
v -0.087957 -0.024627 0.045225
v -0.059374 0.070526 0.051824
v -0.071741 0.058029 0.051729
v 0.090958 0.008938 0.050532
v 0.057738 0.070341 0.050540
v -0.095526 0.010128 0.051112
v -0.093284 0.009907 0.052082
v 0.008450 0.094553 0.048182
v 0.073937 0.060614 0.048077
v 0.095459 0.009397 0.048063
v -0.057522 0.067298 0.044231
v 0.027180 0.091094 0.048130
v -0.082223 -0.039607 0.045224
v 0.092335 -0.009085 0.051833
v -0.059471 -0.067409 0.044844
v -0.091885 0.028061 0.048110
v 0.008105 0.091455 0.051963
v -0.009381 -0.092446 0.051848
v 0.071580 0.058700 0.051844
v 0.026255 0.088077 0.051896
v -0.091889 0.009764 0.050810
v -0.088920 0.027157 0.051844
v 0.025856 0.086751 0.050595
v -0.096610 -0.007989 0.051377
v -0.061291 0.072957 0.048051
v -0.046227 0.083294 0.048127
v -0.046695 -0.084427 0.049766
v -0.094927 -0.026322 0.050188
v 0.094656 -0.009320 0.050898
v 0.007220 0.087684 0.044459
v 0.027615 -0.091114 0.050856
v 0.060073 0.073207 0.050916
v 0.056780 0.068115 0.044278
v 0.008864 -0.091131 0.050456
v -0.092960 -0.007597 0.051034
v 0.043754 -0.081922 0.051751
v -0.093901 -0.026023 0.051545
v -0.046364 0.083503 0.049642
v -0.028565 -0.091779 0.048094
v 0.041024 0.078284 0.044352
v -0.087940 -0.043664 0.048743
v 0.084986 -0.026478 0.044272
v 0.084605 -0.045223 0.048062
v -0.028282 -0.090854 0.050890
v -0.009243 -0.090983 0.050512
v 0.007950 0.090048 0.050656
v -0.045165 -0.081521 0.051766
v -0.061172 -0.070934 0.052230
v -0.091691 -0.025349 0.052484
v 0.088814 -0.026948 0.051846
v 0.071761 -0.058907 0.051837
v -0.045889 0.082573 0.051006
v -0.029268 0.090805 0.049718
v 0.027234 0.091314 0.049597
v 0.084756 0.045262 0.049531
v -0.063141 -0.073374 0.048459
v -0.091967 0.028080 0.049532
v 0.009333 -0.095629 0.047991
v 0.043106 -0.080751 0.050454
v -0.008389 -0.088708 0.044266
v -0.044142 0.079299 0.050631
v -0.010221 0.089874 0.050687
v -0.070679 0.057150 0.050451
v 0.060323 -0.073520 0.050666
v -0.097434 -0.008043 0.048588
v -0.089737 0.009044 0.044657
v -0.060797 0.072309 0.050859
v -0.046616 -0.084230 0.048271
v -0.094713 -0.026218 0.048735
v -0.074065 0.059989 0.047890
v 0.007972 -0.088831 0.044213
v -0.090656 -0.006629 0.044946
v -0.068602 0.056268 0.044153
v 0.043266 0.081304 0.051826
v -0.090388 -0.024933 0.051182
v -0.081663 0.043378 0.051721
v 0.073456 -0.060300 0.050651
v 0.078810 0.041331 0.044236
v -0.073437 0.059451 0.050772
v 0.027933 -0.092178 0.049520
v 0.044897 0.084337 0.049570
v -0.084362 0.044828 0.049442
v 0.045362 -0.084905 0.049503
v 0.095493 -0.009406 0.048046
v 0.084998 0.026447 0.044246
v -0.083980 -0.041518 0.051198
v 0.092380 0.009088 0.051851
v 0.094654 0.009318 0.050887
v 0.084561 0.045158 0.048059
v 0.026928 0.090308 0.050960
v -0.027665 0.083755 0.044401
v -0.078924 0.041210 0.044190
v -0.087178 -0.043315 0.051575
v -0.010366 0.091253 0.051998
v -0.074783 -0.057654 0.052419
v 0.009010 -0.092450 0.051745
v 0.087442 0.026525 0.050530
v 0.058884 -0.071761 0.051807
v 0.027885 -0.092051 0.047936
v -0.063255 -0.073577 0.049920
v 0.068304 0.056813 0.044275
v -0.097478 -0.008084 0.049988
v 0.074151 -0.060872 0.049209
v 0.060491 0.073725 0.048100
v -0.042903 -0.078350 0.044558
v -0.009586 -0.094642 0.050804
v -0.028313 0.087545 0.052000
v 0.080616 -0.043071 0.050533
v 0.009362 -0.095817 0.049498
v 0.044812 0.084162 0.048061
v 0.092016 -0.027911 0.049536
v 0.091779 0.027823 0.048064
v -0.084364 0.044838 0.047905
v 0.008342 0.093739 0.051017
v 0.078828 -0.041404 0.044266
v 0.026929 -0.088839 0.051689
v -0.027665 -0.088765 0.051844
v -0.073716 -0.056726 0.051126
v 0.081792 0.043664 0.051836
v 0.087458 -0.026547 0.050538
v 0.058027 -0.070703 0.050500
v -0.010592 0.093571 0.051062
v -0.009693 -0.095723 0.049489
v -0.077354 -0.059810 0.050102
v -0.096508 0.010238 0.049782
v 0.060859 -0.074192 0.049179
v -0.062603 -0.072751 0.051280
v -0.060350 -0.069830 0.050938
v 0.026582 -0.087698 0.050425
v 0.090977 -0.008941 0.050530
v 0.041391 -0.079011 0.044229
v 0.070647 -0.058007 0.050528
v -0.028980 0.089787 0.051080
v 0.088725 0.008074 0.044209
v 0.074080 -0.060808 0.047884
v 0.045262 -0.084740 0.047988
v -0.009173 0.087561 0.044449
v 0.088707 -0.008067 0.044226
v 0.091011 0.027590 0.050889
v 0.070511 0.057838 0.050531
v -0.094297 -0.007753 0.052326
v -0.091073 0.027804 0.050859
v -0.010666 0.094491 0.049667
v 0.083834 0.044764 0.050897
v 0.060497 0.073752 0.049532
v 0.095704 -0.009426 0.049536
v 0.095679 0.009420 0.049527
v -0.071519 -0.055495 0.045114
v 0.091012 -0.027608 0.050900
v -0.028553 -0.091809 0.049572
v -0.076549 -0.059138 0.051468
v 0.073389 0.060178 0.050903
v -0.009680 -0.095507 0.048063
v -0.077174 -0.059597 0.048671
v -0.096355 0.010228 0.048351
v 0.060830 -0.074164 0.047851
v -0.027292 -0.084841 0.044390
v 0.057026 -0.068529 0.044239
v 0.092005 0.027892 0.049528
v 0.068407 -0.057034 0.044284
v 0.009254 -0.094739 0.050854
v -0.044545 -0.080243 0.050745
v 0.058596 0.071394 0.051839
v -0.027925 0.086239 0.050679
v 0.088783 0.026921 0.051834
v 0.008454 0.094732 0.049650
v 0.026503 -0.085316 0.044150
v 0.074032 0.060687 0.049527
v 0.091808 -0.027849 0.048055
v -0.044802 0.080512 0.051935
v -0.027314 -0.087413 0.050579
v 0.081834 -0.043733 0.051839
v -0.046211 -0.083497 0.051105
v 0.044388 0.083383 0.050931
v -0.010630 0.094311 0.048237
v -0.083615 0.044440 0.050756
v -0.087611 0.026769 0.050585
v 0.044857 -0.083961 0.050848
v -0.029150 0.090538 0.048219
v -0.058511 0.069439 0.050531
v 0.025895 0.084279 0.044389
v -0.085362 0.026792 0.044333
v 0.076353 0.036686 0.036022
v 0.079886 0.027924 0.036041
v 0.084577 0.004723 0.035969
v 0.084496 -0.004725 0.036020
v 0.079856 -0.028014 0.036124
v 0.076240 -0.036767 0.036181
v 0.063061 -0.056567 0.036286
v 0.056402 -0.063285 0.036263
v 0.036665 -0.076598 0.036238
v 0.027967 -0.080240 0.036224
v 0.004573 -0.084595 0.036249
v -0.004988 -0.084581 0.036202
v -0.028874 -0.079398 0.036482
v -0.038050 -0.075613 0.036611
v -0.058994 -0.061694 0.037112
v -0.066138 -0.054675 0.037299
v -0.079515 -0.034586 0.037585
v -0.082938 -0.025656 0.037545
v -0.086381 -0.003158 0.037003
v -0.085905 0.006149 0.036742
v -0.080545 0.028445 0.036193
v -0.076694 0.036922 0.036085
v -0.063396 0.055882 0.036008
v -0.056827 0.062271 0.036028
v -0.037285 0.075022 0.036207
v -0.028647 0.078600 0.036281
v -0.005252 0.083310 0.036495
v 0.004362 0.083430 0.036519
v 0.027813 0.079125 0.036452
v 0.036700 0.075589 0.036411
v 0.056370 0.062812 0.036241
v 0.063107 0.056151 0.036189
v 0.030047 0.069630 0.016081
v -0.066559 -0.039664 0.016898
v -0.071309 0.030035 0.015469
v -0.042310 0.062947 0.015199
v -0.054114 0.053861 0.015282
v -0.014348 0.073773 0.015719
v -0.073509 -0.026220 0.016779
v 0.075126 -0.014967 0.015028
v -0.028806 0.069515 0.015480
v 0.000733 0.075334 0.016016
v -0.044397 -0.062412 0.016111
v 0.076649 -0.000047 0.014974
v 0.063596 -0.042795 0.015567
v -0.056703 -0.051983 0.016579
v 0.063815 0.042352 0.015342
v 0.070701 -0.029479 0.015274
v 0.054065 -0.054535 0.015808
v -0.015411 -0.074688 0.015933
v 0.070833 0.029211 0.015099
v 0.014787 -0.075548 0.016012
v -0.030380 -0.070101 0.015788
v 0.043092 0.062870 0.015820
v -0.063871 0.042716 0.015359
v 0.029216 -0.071416 0.015988
v 0.074964 0.014872 0.015101
v 0.054551 0.053800 0.015449
v -0.077377 -0.012131 0.016337
v -0.000317 -0.077022 0.015760
v 0.042507 -0.064224 0.015921
v 0.015773 0.073939 0.016073
v -0.078103 0.002182 0.015943
v -0.075772 0.016324 0.015882
v 0.161500 0.003334 0.037743
v 0.159104 0.003133 0.037678
v 0.161515 0.003340 0.040810
v 0.159077 0.003219 0.040845
v 0.161534 0.002203 0.036672
v 0.159065 0.002144 0.036673
v 0.148395 0.001857 0.036672
v 0.161534 0.002212 0.041899
v 0.161535 0.002728 0.041728
v 0.159069 0.002709 0.041725
v 0.159069 0.002212 0.041899
v 0.148391 0.002512 0.037411
v 0.148313 0.002854 0.041266
v 0.161534 0.002728 0.036805
v 0.159068 0.002590 0.036840
v 0.148345 0.002330 0.036872
v 0.097244 0.002094 0.034251
v 0.094908 0.002237 0.033306
v 0.091874 0.002352 0.032533
v 0.097367 0.002854 0.041956
v 0.097354 0.003370 0.041647
v 0.095277 0.003710 0.041718
v 0.095289 0.003077 0.041980
v 0.097352 0.003508 0.041087
v 0.095246 0.003781 0.041000
v 0.093363 0.004000 0.040929
v 0.093507 0.003937 0.041730
v 0.093553 0.003255 0.041990
v 0.097257 0.002696 0.035096
v 0.097247 0.002546 0.034446
v 0.094918 0.002721 0.033525
v 0.094950 0.002882 0.034256
v 0.091916 0.002861 0.032772
v 0.092058 0.003033 0.033570
v 0.148260 0.002207 0.041899
v 0.148249 0.002713 0.041738
v 0.148363 0.002786 0.039106
v 0.161495 0.003691 0.039303
v 0.159121 0.003497 0.039215
v 0.108885 0.002466 0.039250
v 0.108886 0.002752 0.041303
v 0.105851 0.002806 0.041291
v 0.108885 0.002179 0.037197
v 0.105846 0.002216 0.037083
v 0.108886 0.002236 0.041900
v 0.105851 0.002280 0.041903
v 0.108885 0.002063 0.036752
v 0.108885 0.001699 0.036618
v 0.105845 0.001728 0.036489
v 0.105845 0.002097 0.036626
v 0.108886 0.002702 0.041755
v 0.105851 0.002756 0.041754
v 0.103870 0.002905 0.041266
v 0.101752 0.003055 0.041225
v 0.099553 0.003257 0.041165
v 0.103858 0.002284 0.036838
v 0.101727 0.002387 0.036433
v 0.099506 0.002525 0.035850
v 0.103872 0.002361 0.041910
v 0.101756 0.002484 0.041921
v 0.099560 0.002649 0.041937
v 0.103857 0.002161 0.036357
v 0.103857 0.001779 0.036213
v 0.101724 0.001858 0.035756
v 0.101725 0.002257 0.035912
v 0.099501 0.002386 0.035274
v 0.099500 0.001963 0.035100
v 0.103871 0.002855 0.041753
v 0.101755 0.003003 0.041752
v 0.099557 0.003193 0.041737
v 0.091932 0.003364 0.042010
v 0.087079 0.003122 0.033162
v 0.091316 0.004131 0.040886
v 0.086481 0.002419 0.032072
v 0.091782 0.004071 0.041737
v 0.086619 0.002945 0.032324
v 0.161500 -0.003334 0.037743
v 0.159104 -0.003133 0.037678
v 0.161515 -0.003340 0.040810
v 0.159077 -0.003219 0.040845
v 0.161534 -0.002203 0.036672
v 0.159065 -0.002144 0.036673
v 0.148395 -0.001857 0.036672
v 0.161534 -0.002212 0.041899
v 0.161535 -0.002728 0.041728
v 0.159069 -0.002709 0.041725
v 0.159069 -0.002212 0.041899
v 0.148391 -0.002512 0.037411
v 0.148313 -0.002854 0.041266
v 0.161534 -0.002728 0.036805
v 0.159068 -0.002590 0.036840
v 0.148345 -0.002330 0.036872
v 0.097244 -0.002094 0.034251
v 0.094908 -0.002237 0.033306
v 0.091874 -0.002352 0.032533
v 0.097367 -0.002854 0.041956
v 0.097354 -0.003370 0.041647
v 0.095277 -0.003710 0.041718
v 0.095289 -0.003077 0.041980
v 0.097352 -0.003508 0.041087
v 0.095246 -0.003781 0.041000
v 0.093363 -0.004000 0.040929
v 0.093507 -0.003937 0.041730
v 0.093553 -0.003255 0.041990
v 0.097257 -0.002696 0.035096
v 0.097247 -0.002546 0.034446
v 0.094918 -0.002721 0.033525
v 0.094950 -0.002882 0.034256
v 0.091916 -0.002861 0.032772
v 0.092058 -0.003033 0.033570
v 0.148260 -0.002207 0.041899
v 0.148249 -0.002713 0.041738
v 0.148363 -0.002786 0.039106
v 0.161495 -0.003691 0.039303
v 0.159121 -0.003497 0.039215
v 0.108885 -0.002466 0.039250
v 0.108886 -0.002752 0.041303
v 0.105851 -0.002806 0.041291
v 0.108885 -0.002179 0.037197
v 0.105846 -0.002216 0.037083
v 0.108886 -0.002236 0.041900
v 0.105851 -0.002280 0.041903
v 0.108885 -0.002063 0.036752
v 0.108885 -0.001699 0.036618
v 0.105845 -0.001728 0.036489
v 0.105845 -0.002097 0.036626
v 0.108886 -0.002702 0.041755
v 0.105851 -0.002756 0.041754
v 0.103870 -0.002905 0.041266
v 0.101752 -0.003055 0.041225
v 0.099553 -0.003257 0.041165
v 0.103858 -0.002284 0.036838
v 0.101727 -0.002387 0.036433
v 0.099506 -0.002525 0.035850
v 0.103872 -0.002361 0.041910
v 0.101756 -0.002484 0.041921
v 0.099560 -0.002649 0.041937
v 0.103857 -0.002161 0.036357
v 0.103857 -0.001779 0.036213
v 0.101724 -0.001858 0.035756
v 0.101725 -0.002257 0.035912
v 0.099501 -0.002386 0.035274
v 0.099500 -0.001963 0.035100
v 0.103871 -0.002855 0.041753
v 0.101755 -0.003003 0.041752
v 0.099557 -0.003193 0.041737
v 0.091932 -0.003364 0.042010
v 0.087079 -0.003122 0.033162
v 0.091316 -0.004131 0.040886
v 0.086481 -0.002419 0.032072
v 0.091782 -0.004071 0.041737
v 0.086619 -0.002945 0.032324
v 0.170154 0.000000 0.039290
v 0.170077 -0.004495 0.038183
v 0.170084 0.004502 0.040398
v 0.170082 0.001275 0.035155
v 0.170056 -0.004484 0.040396
v 0.170084 0.003379 0.042318
v 0.170083 -0.001276 0.035154
v 0.170084 0.003379 0.036262
v 0.170083 -0.003379 0.042317
v 0.170073 0.001275 0.043417
v 0.170084 -0.003379 0.036262
v 0.170084 0.004502 0.038181
v 0.170079 -0.001274 0.043422
v 0.161060 -0.000000 0.039290
v 0.161201 -0.004460 0.038190
v 0.161147 0.004501 0.040397
v 0.161138 0.001276 0.035154
v 0.161167 -0.004479 0.040389
v 0.161162 0.003371 0.042307
v 0.161151 -0.001274 0.035163
v 0.161158 0.003367 0.036277
v 0.161163 -0.003361 0.042304
v 0.161177 0.001274 0.043408
v 0.161181 -0.003366 0.036275
v 0.161149 0.004498 0.038182
v 0.161139 -0.001276 0.043426
v 0.169636 -0.004892 0.038087
v 0.169100 -0.005011 0.038055
v 0.169659 0.003690 0.042596
v 0.169102 0.003768 0.042666
v 0.169630 -0.004871 0.040493
v 0.169099 -0.005005 0.040522
v 0.169659 0.001394 0.043809
v 0.169102 0.001423 0.043903
v 0.169659 -0.003692 0.042598
v 0.169095 -0.003766 0.042665
v 0.169658 -0.001394 0.043808
v 0.169102 -0.001422 0.043896
v 0.169650 0.001386 0.034800
v 0.169102 0.001423 0.034676
v 0.169648 0.003669 0.036007
v 0.169101 0.003744 0.035937
v 0.169647 -0.001389 0.034801
v 0.169101 -0.001422 0.034682
v 0.169637 0.004872 0.038092
v 0.169102 0.005021 0.038053
v 0.169643 -0.003678 0.035999
v 0.169099 -0.003767 0.035913
v 0.169641 0.004885 0.040488
v 0.169102 0.005021 0.040526
v 0.162429 -0.001423 0.043903
v 0.161579 -0.001394 0.043809
v 0.162429 0.003768 0.035913
v 0.161594 0.003676 0.035996
v 0.162429 -0.003768 0.035913
v 0.161579 -0.003692 0.035981
v 0.162429 0.004996 0.040517
v 0.161579 0.004919 0.040500
v 0.162429 -0.005021 0.038053
v 0.161581 -0.004917 0.038079
v 0.162430 0.003768 0.042666
v 0.161585 0.003687 0.042592
v 0.162429 -0.005016 0.040525
v 0.161588 -0.004910 0.040498
v 0.162429 0.001423 0.043903
v 0.161579 0.001394 0.043809
v 0.162429 -0.003768 0.042666
v 0.161580 -0.003691 0.042597
v 0.162429 0.001423 0.034676
v 0.161597 0.001376 0.034825
v 0.162429 -0.001423 0.034676
v 0.161579 -0.001394 0.034770
v 0.162429 0.005019 0.038054
v 0.161579 0.004919 0.038078
v 0.322090 0.004140 0.046457
v 0.322089 0.002143 0.047284
v 0.325231 0.002171 0.047391
v 0.325231 0.004194 0.046554
v 0.329335 0.002059 0.046974
v 0.329335 0.003978 0.046179
v 0.318969 0.001991 0.031874
v 0.320143 0.002045 0.031665
v 0.318969 0.003846 0.032641
v 0.320143 0.003951 0.032453
v 0.322090 0.004140 0.032122
v 0.322090 0.002143 0.031295
v 0.318969 0.005437 0.033861
v 0.320143 0.005586 0.033708
v 0.318962 0.006642 0.035458
v 0.320143 0.006841 0.035342
v 0.322090 0.007169 0.035151
v 0.322090 0.005854 0.033438
v 0.318950 0.007381 0.037313
v 0.320143 0.007630 0.037247
v 0.318967 0.007664 0.039294
v 0.320144 0.007896 0.039291
v 0.322090 0.008278 0.039290
v 0.322090 0.007996 0.037148
v 0.318969 0.007424 0.041277
v 0.320143 0.007630 0.041333
v 0.318969 0.006658 0.043128
v 0.320143 0.006841 0.043237
v 0.322090 0.007169 0.043428
v 0.322090 0.007996 0.041432
v 0.318969 0.005437 0.044718
v 0.320143 0.005586 0.044871
v 0.318969 0.003846 0.045938
v 0.320143 0.003951 0.046126
v 0.322090 0.005854 0.045142
v 0.318954 0.001981 0.046665
v 0.320143 0.002045 0.046914
v 0.338133 0.004310 0.042201
v 0.337451 0.003878 0.043210
v 0.337918 0.002642 0.043865
v 0.338006 0.001422 0.034202
v 0.337926 0.002648 0.034703
v 0.338199 0.001264 0.044301
v 0.329335 0.002059 0.031605
v 0.333810 0.001783 0.032638
v 0.329335 0.003978 0.032400
v 0.333815 0.003441 0.033330
v 0.338212 0.004010 0.036017
v 0.337785 0.005206 0.037907
v 0.337693 0.005410 0.039292
v 0.333810 0.001783 0.045942
v 0.333815 0.003441 0.045250
v 0.329335 0.006890 0.043268
v 0.329335 0.005626 0.044915
v 0.333810 0.004870 0.044159
v 0.333815 0.005960 0.042731
v 0.337807 0.005194 0.040673
v 0.329335 0.007954 0.039289
v 0.329335 0.007685 0.041349
v 0.333810 0.006652 0.041072
v 0.333815 0.006882 0.039290
v 0.329335 0.006890 0.035312
v 0.329335 0.007685 0.037230
v 0.333810 0.006652 0.037507
v 0.333815 0.005960 0.035849
v 0.337678 0.003438 0.035088
v 0.329335 0.005626 0.033664
v 0.333810 0.004870 0.034421
v 0.325231 0.008102 0.041460
v 0.325231 0.008388 0.039290
v 0.325231 0.007265 0.043484
v 0.325231 0.005931 0.033359
v 0.325231 0.004194 0.032026
v 0.325231 0.007265 0.035096
v 0.325231 0.005931 0.045221
v 0.325231 0.002171 0.031188
v 0.325231 0.008102 0.037119
v 0.314724 0.004312 0.046713
v 0.314724 0.002234 0.047568
v 0.316302 0.002214 0.047510
v 0.316303 0.004277 0.046663
v 0.314724 0.007456 0.043575
v 0.314724 0.006092 0.045350
v 0.316303 0.006043 0.045310
v 0.316303 0.007398 0.043547
v 0.314724 0.008604 0.039290
v 0.314724 0.008312 0.041508
v 0.316303 0.008248 0.041493
v 0.316303 0.008539 0.039290
v 0.314724 0.007456 0.035004
v 0.314724 0.008312 0.037071
v 0.316303 0.008248 0.037086
v 0.316303 0.007398 0.035032
v 0.314724 0.004312 0.031867
v 0.314724 0.006092 0.033229
v 0.316303 0.006043 0.033269
v 0.316303 0.004277 0.031916
v 0.314724 0.002234 0.031011
v 0.316303 0.002215 0.031065
v 0.318040 0.002049 0.046911
v 0.318041 0.003959 0.046126
v 0.318041 0.005596 0.044871
v 0.318041 0.006851 0.043237
v 0.318041 0.007639 0.041333
v 0.318034 0.007891 0.039294
v 0.318040 0.007635 0.037247
v 0.318041 0.006850 0.035343
v 0.318041 0.005596 0.033708
v 0.318041 0.003959 0.032453
v 0.318041 0.002050 0.031665
v 0.309732 0.002247 0.031009
v 0.309732 0.004334 0.031865
v 0.309732 0.006119 0.033228
v 0.309732 0.007485 0.035003
v 0.309732 0.008341 0.037071
v 0.309732 0.008633 0.039290
v 0.309732 0.008341 0.041509
v 0.309732 0.007485 0.043576
v 0.309732 0.006119 0.045351
v 0.309732 0.004334 0.046715
v 0.309732 0.002247 0.047570
v 0.184511 0.000005 0.029846
v 0.306662 0.002149 0.047185
v 0.306662 0.004145 0.046369
v 0.306662 0.005849 0.045070
v 0.306662 0.007151 0.043377
v 0.306662 0.007968 0.041405
v 0.306662 0.008247 0.039290
v 0.306662 0.007967 0.037174
v 0.306662 0.007151 0.035203
v 0.306662 0.005849 0.033510
v 0.306662 0.004145 0.032211
v 0.306662 0.002149 0.031394
v 0.301744 0.002316 0.030827
v 0.303560 0.002284 0.030927
v 0.301744 0.004465 0.031702
v 0.303560 0.004404 0.031792
v 0.301744 0.006296 0.033095
v 0.303560 0.006212 0.033168
v 0.301744 0.007693 0.034909
v 0.303560 0.007592 0.034960
v 0.301744 0.008568 0.037022
v 0.303560 0.008456 0.037049
v 0.301744 0.008867 0.039290
v 0.303560 0.008751 0.039290
v 0.301744 0.008568 0.041557
v 0.303560 0.008456 0.041530
v 0.301744 0.007693 0.043671
v 0.303560 0.007592 0.043618
v 0.301744 0.006296 0.045485
v 0.303560 0.006212 0.045411
v 0.301744 0.004465 0.046877
v 0.303560 0.004404 0.046787
v 0.301744 0.002316 0.047752
v 0.303560 0.002284 0.047652
v 0.295723 0.004492 0.046876
v 0.295723 0.002331 0.047751
v 0.295723 0.007726 0.043670
v 0.295723 0.006328 0.045484
v 0.295723 0.008900 0.039290
v 0.295723 0.008601 0.041557
v 0.295723 0.007726 0.034910
v 0.295723 0.008601 0.037023
v 0.295723 0.004492 0.031703
v 0.295723 0.006328 0.033096
v 0.295723 0.002331 0.030829
v 0.308188 0.002241 0.047538
v 0.308188 0.004324 0.046686
v 0.308188 0.006103 0.045328
v 0.308188 0.007463 0.043560
v 0.308188 0.008316 0.041500
v 0.308188 0.008608 0.039290
v 0.308188 0.008316 0.037080
v 0.308190 0.007462 0.035021
v 0.308188 0.006103 0.033252
v 0.308188 0.004324 0.031894
v 0.308188 0.002241 0.031042
v 0.305185 0.002155 0.031385
v 0.305185 0.004156 0.032202
v 0.305185 0.005864 0.033503
v 0.305185 0.007168 0.035198
v 0.305185 0.007985 0.037172
v 0.305185 0.008265 0.039290
v 0.305185 0.007985 0.041408
v 0.305185 0.007168 0.043381
v 0.305185 0.005864 0.045076
v 0.305185 0.004156 0.046377
v 0.305185 0.002155 0.047194
v 0.291426 0.002078 0.031779
v 0.291426 0.004003 0.032555
v 0.292862 0.004301 0.032045
v 0.292862 0.002233 0.031210
v 0.291426 0.005636 0.033792
v 0.291426 0.006877 0.035402
v 0.292870 0.007376 0.035116
v 0.292862 0.006056 0.033376
v 0.291426 0.007653 0.037278
v 0.291426 0.007918 0.039290
v 0.292862 0.008513 0.039290
v 0.292866 0.008216 0.037128
v 0.291426 0.007654 0.041302
v 0.291426 0.006877 0.043178
v 0.292862 0.007392 0.043473
v 0.292862 0.008228 0.041455
v 0.291426 0.005636 0.044787
v 0.291426 0.004003 0.046023
v 0.292862 0.004301 0.046534
v 0.292862 0.006057 0.045204
v 0.291426 0.002078 0.046800
v 0.292862 0.002233 0.047369
v 0.288587 0.004421 0.046705
v 0.288587 0.002296 0.047561
v 0.289325 0.002282 0.047520
v 0.289325 0.004394 0.046669
v 0.288586 0.007589 0.043570
v 0.288586 0.006221 0.045343
v 0.289325 0.006185 0.045314
v 0.289325 0.007546 0.043550
v 0.288587 0.008735 0.039290
v 0.288586 0.008444 0.041505
v 0.289325 0.008397 0.041495
v 0.289325 0.008687 0.039290
v 0.288586 0.007589 0.035009
v 0.288586 0.008444 0.037074
v 0.289325 0.008397 0.037084
v 0.289325 0.007545 0.035029
v 0.288587 0.004421 0.031874
v 0.288587 0.006222 0.033236
v 0.289325 0.006185 0.033265
v 0.289325 0.004394 0.031910
v 0.288587 0.002296 0.031018
v 0.289325 0.002282 0.031059
v 0.290724 0.002131 0.046986
v 0.290724 0.004104 0.046191
v 0.290724 0.005778 0.044924
v 0.290724 0.007051 0.043274
v 0.290724 0.007847 0.041352
v 0.290723 0.008118 0.039290
v 0.290724 0.007846 0.037228
v 0.290724 0.007051 0.035306
v 0.290724 0.005778 0.033655
v 0.290724 0.004104 0.032389
v 0.290724 0.002131 0.031593
v 0.293835 0.002304 0.030946
v 0.293835 0.004438 0.031808
v 0.293836 0.006251 0.033182
v 0.293836 0.007629 0.034971
v 0.293836 0.008492 0.037054
v 0.293835 0.008788 0.039290
v 0.293835 0.008492 0.041526
v 0.293835 0.007629 0.043610
v 0.293835 0.006251 0.045398
v 0.293835 0.004438 0.046772
v 0.293835 0.002304 0.047634
v 0.184839 0.009610 0.036924
v 0.184839 0.009922 0.039290
v 0.184839 0.008695 0.034719
v 0.184601 0.009083 0.034516
v 0.184601 0.010039 0.036819
v 0.184601 0.010365 0.039290
v 0.184839 0.009609 0.041655
v 0.184839 0.008694 0.043860
v 0.184601 0.010039 0.041761
v 0.184601 0.009083 0.044064
v 0.184839 0.002723 0.030460
v 0.184833 0.005192 0.031377
v 0.184601 0.002845 0.030068
v 0.184582 0.005417 0.031036
v 0.184839 0.007211 0.045753
v 0.184839 0.005194 0.047207
v 0.184601 0.007533 0.046042
v 0.184601 0.005426 0.047560
v 0.184834 0.007209 0.032829
v 0.184593 0.007530 0.032542
v 0.184832 0.002721 0.048113
v 0.184600 0.002845 0.048512
v 0.179642 0.007602 0.046103
v 0.179642 0.005475 0.047635
v 0.179642 0.009166 0.044108
v 0.176481 0.008594 0.043807
v 0.176480 0.007128 0.045679
v 0.176480 0.005134 0.047115
v 0.179642 0.007602 0.032476
v 0.179642 0.009166 0.034471
v 0.179642 0.005475 0.030945
v 0.176480 0.005134 0.031465
v 0.176480 0.007128 0.032901
v 0.176480 0.008594 0.034771
v 0.179642 0.002871 0.048597
v 0.176480 0.002692 0.048017
v 0.179642 0.010131 0.036795
v 0.179642 0.010460 0.039290
v 0.176480 0.009499 0.036951
v 0.176480 0.009808 0.039290
v 0.179643 0.010123 0.041782
v 0.176480 0.009499 0.041628
v 0.179642 0.002871 0.029983
v 0.176481 0.002692 0.030564
v 0.173874 0.002316 0.031785
v 0.173876 0.004415 0.032564
v 0.171975 0.001829 0.033364
v 0.172299 0.003673 0.033688
v 0.173870 0.006134 0.044788
v 0.173870 0.004418 0.046024
v 0.173919 0.007343 0.043126
v 0.172131 0.005718 0.042283
v 0.171975 0.004841 0.043629
v 0.172299 0.003673 0.044892
v 0.173870 0.006134 0.033792
v 0.173870 0.007396 0.035402
v 0.171975 0.004841 0.034951
v 0.171975 0.005836 0.036221
v 0.173870 0.002317 0.046800
v 0.171975 0.001829 0.045217
v 0.173870 0.008175 0.037277
v 0.173870 0.008440 0.039290
v 0.171975 0.006451 0.037701
v 0.172298 0.007019 0.039290
v 0.173870 0.008175 0.041302
v 0.171975 0.006451 0.040877
v 0.170593 0.002547 0.035408
v 0.169828 0.001942 0.036329
v 0.170593 0.002547 0.043172
v 0.170644 0.004167 0.041497
v 0.169829 0.003251 0.040999
v 0.169828 0.001942 0.042250
v 0.170593 0.004264 0.037048
v 0.169828 0.003251 0.037581
v 0.170593 0.004866 0.039290
v 0.169828 0.003710 0.039290
v 0.183997 0.002903 0.029880
v 0.183997 0.005536 0.030853
v 0.183997 0.010258 0.041804
v 0.183997 0.009267 0.044161
v 0.183997 0.010576 0.039290
v 0.183997 0.010243 0.036769
v 0.183997 0.009267 0.034418
v 0.183997 0.002903 0.048700
v 0.183997 0.005536 0.047727
v 0.183997 0.007686 0.032401
v 0.183997 0.007686 0.046178
v 0.186451 0.002355 0.031651
v 0.186439 0.004506 0.032412
v 0.187920 0.004741 0.032045
v 0.187921 0.002485 0.031212
v 0.186439 0.006258 0.033674
v 0.186439 0.007546 0.035319
v 0.187918 0.007945 0.035105
v 0.187918 0.006587 0.033372
v 0.186439 0.008342 0.037234
v 0.186439 0.008613 0.039290
v 0.187918 0.009069 0.039290
v 0.187918 0.008783 0.037123
v 0.186439 0.008341 0.041345
v 0.186439 0.007546 0.043261
v 0.187918 0.007945 0.043476
v 0.187918 0.008783 0.041456
v 0.186439 0.006258 0.044905
v 0.186439 0.004506 0.046168
v 0.187918 0.004743 0.046539
v 0.187918 0.006588 0.045209
v 0.186438 0.002362 0.046959
v 0.187918 0.002487 0.047375
v 0.188754 0.002528 0.031064
v 0.188754 0.004822 0.031914
v 0.188754 0.006697 0.033268
v 0.188754 0.008078 0.035031
v 0.188754 0.008931 0.037086
v 0.188754 0.009221 0.039290
v 0.188755 0.008931 0.041494
v 0.188754 0.008078 0.043548
v 0.188754 0.006697 0.045312
v 0.188754 0.004822 0.046665
v 0.188754 0.002528 0.047516
v 0.185688 0.002423 0.047151
v 0.185692 0.004624 0.046342
v 0.185692 0.006420 0.045048
v 0.185692 0.007741 0.043361
v 0.185692 0.008556 0.041397
v 0.185692 0.008834 0.039290
v 0.185692 0.008556 0.037182
v 0.185692 0.007741 0.035218
v 0.185641 0.006401 0.033556
v 0.185670 0.004617 0.032250
v 0.185692 0.002424 0.031425
v 0.340665 0.002278 0.042031
v 0.340991 0.000927 0.042478
v 0.341850 0.002224 0.039998
v 0.342357 0.000884 0.040283
v 0.341864 0.002092 0.038126
v 0.342588 0.000914 0.038448
v 0.340721 0.002383 0.036650
v 0.341010 0.001252 0.036193
v 0.339655 0.004019 0.040954
v 0.339567 0.003812 0.037286
v 0.338737 0.004655 0.037818
v 0.338467 0.004964 0.039038
v 0.338890 0.004721 0.040232
v 0.340651 0.003129 0.040796
v 0.341369 0.002760 0.039802
v 0.341433 0.002716 0.038475
v 0.340669 0.003060 0.037540
v 0.339531 0.003450 0.040299
v 0.339423 0.003168 0.037995
v 0.339069 0.003918 0.038306
v 0.338876 0.004148 0.039102
v 0.339087 0.003889 0.039849
v 0.340162 0.002793 0.040159
v 0.340377 0.002199 0.039499
v 0.340613 0.002520 0.038589
v 0.340087 0.002664 0.038071
v 0.339106 0.002050 0.039130
v 0.318969 0.000000 0.031612
v 0.320143 -0.000000 0.031395
v 0.322090 0.000000 0.031013
v 0.322090 0.000000 0.047566
v 0.320143 -0.000000 0.047184
v 0.318967 -0.000000 0.046966
v 0.322090 -0.004140 0.046457
v 0.322089 -0.002143 0.047283
v 0.325231 -0.002170 0.047387
v 0.325231 -0.004194 0.046554
v 0.329334 -0.002059 0.046974
v 0.329335 -0.003978 0.046179
v 0.316300 -0.000000 0.047796
v 0.314724 0.000000 0.047861
v 0.316303 0.000000 0.030775
v 0.318040 0.000000 0.047182
v 0.318041 -0.000000 0.031395
v 0.309732 -0.000000 0.030716
v 0.179642 0.000000 0.048926
v 0.333815 0.000000 0.046172
v 0.295723 0.000000 0.030530
v 0.184830 0.000000 0.030158
v 0.309732 0.000000 0.047863
v 0.338249 -0.000000 0.044425
v 0.333815 0.000000 0.032408
v 0.337928 0.000000 0.033990
v 0.306663 -0.000000 0.047462
v 0.306662 -0.000000 0.031116
v 0.301744 0.000000 0.030528
v 0.303560 0.000000 0.030631
v 0.303560 0.000000 0.047947
v 0.301744 0.000000 0.048052
v 0.295723 -0.000000 0.048050
v 0.186439 0.000000 0.047232
v 0.183997 -0.000000 0.029547
v 0.308188 0.000000 0.047830
v 0.308188 -0.000000 0.030750
v 0.305185 -0.000000 0.031106
v 0.305185 -0.000000 0.047474
v 0.291426 0.000000 0.031514
v 0.292862 0.000000 0.030924
v 0.292862 -0.000000 0.047655
v 0.291426 0.000000 0.047065
v 0.289325 0.000000 0.047811
v 0.288587 0.000000 0.047854
v 0.288587 -0.000000 0.030725
v 0.289325 0.000000 0.030769
v 0.290723 0.000000 0.047258
v 0.290723 -0.000000 0.031322
v 0.293835 0.000000 0.030651
v 0.293835 0.000000 0.047929
v 0.318969 -0.001991 0.031874
v 0.320143 -0.002045 0.031665
v 0.318969 -0.003846 0.032641
v 0.320143 -0.003951 0.032453
v 0.322090 -0.004140 0.032122
v 0.322090 -0.002142 0.031300
v 0.318969 -0.005437 0.033861
v 0.320143 -0.005586 0.033708
v 0.318962 -0.006657 0.035450
v 0.320143 -0.006841 0.035342
v 0.322090 -0.007161 0.035155
v 0.322090 -0.005854 0.033438
v 0.318951 -0.007424 0.037301
v 0.320143 -0.007630 0.037247
v 0.318968 -0.007686 0.039294
v 0.320143 -0.007899 0.039291
v 0.322090 -0.008279 0.039290
v 0.322090 -0.007994 0.037148
v 0.318969 -0.007424 0.041277
v 0.320143 -0.007630 0.041333
v 0.318969 -0.006658 0.043128
v 0.320143 -0.006841 0.043237
v 0.322090 -0.007169 0.043428
v 0.322092 -0.007978 0.041427
v 0.318969 -0.005437 0.044718
v 0.320143 -0.005586 0.044871
v 0.318969 -0.003846 0.045938
v 0.320143 -0.003951 0.046126
v 0.322090 -0.005854 0.045142
v 0.318955 -0.001992 0.046705
v 0.320143 -0.002045 0.046914
v 0.338134 -0.004312 0.042202
v 0.337459 -0.003891 0.043224
v 0.188754 -0.000000 0.030773
v 0.337926 -0.002651 0.043880
v 0.187921 -0.000000 0.030928
v 0.338006 -0.001422 0.034203
v 0.337928 -0.002650 0.034700
v 0.338204 -0.001266 0.044311
v 0.329335 0.000000 0.031334
v 0.329334 -0.002059 0.031606
v 0.333810 -0.001783 0.032638
v 0.329335 -0.003978 0.032400
v 0.333815 -0.003441 0.033330
v 0.338212 -0.004010 0.036017
v 0.337783 -0.005202 0.037908
v 0.337693 -0.005410 0.039292
v 0.188754 0.000000 0.047806
v 0.333810 -0.001783 0.045942
v 0.333815 -0.003441 0.045250
v 0.329335 -0.006890 0.043268
v 0.329335 -0.005626 0.044915
v 0.333810 -0.004870 0.044159
v 0.333815 -0.005960 0.042731
v 0.337807 -0.005194 0.040673
v 0.169828 0.000000 0.042708
v 0.329335 -0.007956 0.039289
v 0.329333 -0.007678 0.041347
v 0.333806 -0.006641 0.041069
v 0.333815 -0.006882 0.039290
v 0.329335 -0.006890 0.035312
v 0.329335 -0.007685 0.037230
v 0.333809 -0.006652 0.037507
v 0.333815 -0.005960 0.035849
v 0.337678 -0.003438 0.035089
v 0.170593 0.000000 0.043773
v 0.171975 0.000000 0.045426
v 0.173870 0.000000 0.047066
v 0.329335 -0.005626 0.033664
v 0.333810 -0.004870 0.034421
v 0.176480 0.000000 0.048326
v 0.325231 -0.008088 0.041456
v 0.325231 -0.008389 0.039290
v 0.325231 -0.007265 0.043484
v 0.325231 0.000000 0.030901
v 0.325231 -0.005931 0.033359
v 0.325231 -0.004194 0.032026
v 0.325230 -0.007248 0.035105
v 0.325231 -0.005931 0.045221
v 0.325230 -0.002167 0.031204
v 0.325231 -0.008102 0.037119
v 0.314724 -0.004312 0.046713
v 0.314724 -0.002234 0.047568
v 0.316302 -0.002215 0.047514
v 0.316303 -0.004277 0.046663
v 0.314724 -0.007456 0.043575
v 0.314724 -0.006092 0.045350
v 0.316303 -0.006043 0.045310
v 0.316303 -0.007398 0.043547
v 0.314724 -0.008605 0.039290
v 0.314724 -0.008312 0.041508
v 0.316303 -0.008248 0.041493
v 0.316303 -0.008539 0.039290
v 0.314724 -0.007456 0.035004
v 0.314724 -0.008300 0.037073
v 0.316302 -0.008238 0.037091
v 0.316303 -0.007398 0.035032
v 0.314724 -0.004312 0.031867
v 0.314724 -0.006092 0.033229
v 0.316303 -0.006043 0.033269
v 0.316303 -0.004277 0.031916
v 0.314724 -0.002234 0.031011
v 0.316303 -0.002215 0.031065
v 0.318041 -0.002050 0.046914
v 0.318041 -0.003959 0.046126
v 0.318041 -0.005596 0.044871
v 0.318041 -0.006851 0.043237
v 0.318041 -0.007639 0.041333
v 0.318041 -0.007908 0.039294
v 0.318041 -0.007638 0.037247
v 0.318041 -0.006851 0.035342
v 0.318041 -0.005596 0.033708
v 0.318041 -0.003959 0.032453
v 0.318041 -0.002050 0.031665
v 0.309732 -0.002247 0.031009
v 0.309732 -0.004334 0.031865
v 0.309732 -0.006119 0.033228
v 0.309732 -0.007485 0.035003
v 0.309732 -0.008328 0.037072
v 0.309732 -0.008634 0.039290
v 0.329335 0.000000 0.047245
v 0.309732 -0.008341 0.041509
v 0.325231 0.000000 0.047678
v 0.309732 -0.007485 0.043576
v 0.309732 -0.006119 0.045351
v 0.309732 -0.004334 0.046715
v 0.309732 -0.002247 0.047570
v 0.314724 0.000000 0.030718
v 0.187918 0.000000 0.047661
v 0.306662 -0.002149 0.047183
v 0.306662 -0.004144 0.046368
v 0.306662 -0.005849 0.045069
v 0.306662 -0.007151 0.043377
v 0.306662 -0.007968 0.041405
v 0.306662 -0.008247 0.039290
v 0.306662 -0.007968 0.037174
v 0.306662 -0.007151 0.035203
v 0.306662 -0.005849 0.033510
v 0.306662 -0.004145 0.032211
v 0.306662 -0.002149 0.031394
v 0.301744 -0.002316 0.030827
v 0.303560 -0.002284 0.030927
v 0.301744 -0.004465 0.031702
v 0.303560 -0.004404 0.031792
v 0.301744 -0.006296 0.033095
v 0.303560 -0.006212 0.033168
v 0.301744 -0.007693 0.034909
v 0.303560 -0.007592 0.034960
v 0.301744 -0.008568 0.037022
v 0.303560 -0.008456 0.037049
v 0.301744 -0.008867 0.039290
v 0.303560 -0.008751 0.039290
v 0.301744 -0.008568 0.041557
v 0.303559 -0.008446 0.041528
v 0.301744 -0.007693 0.043671
v 0.303560 -0.007589 0.043617
v 0.301744 -0.006296 0.045485
v 0.303560 -0.006212 0.045411
v 0.301744 -0.004465 0.046877
v 0.303560 -0.004404 0.046787
v 0.301744 -0.002316 0.047752
v 0.303560 -0.002284 0.047652
v 0.295723 -0.004492 0.046876
v 0.295723 -0.002331 0.047751
v 0.295723 -0.007726 0.043670
v 0.295723 -0.006328 0.045484
v 0.295723 -0.008900 0.039290
v 0.295723 -0.008601 0.041557
v 0.295723 -0.007726 0.034910
v 0.295723 -0.008601 0.037023
v 0.169828 -0.000000 0.035871
v 0.170593 -0.000000 0.034807
v 0.295723 -0.004492 0.031703
v 0.295723 -0.006328 0.033096
v 0.171975 0.000000 0.033154
v 0.173873 0.000000 0.031518
v 0.295723 -0.002331 0.030829
v 0.308188 -0.002241 0.047538
v 0.308188 -0.004324 0.046686
v 0.308188 -0.006103 0.045328
v 0.308188 -0.007463 0.043560
v 0.308188 -0.008316 0.041500
v 0.308188 -0.008608 0.039290
v 0.308188 -0.008315 0.037080
v 0.308190 -0.007463 0.035020
v 0.308188 -0.006103 0.033252
v 0.308188 -0.004324 0.031894
v 0.308188 -0.002241 0.031042
v 0.305185 -0.002155 0.031385
v 0.305185 -0.004156 0.032202
v 0.305185 -0.005864 0.033503
v 0.305185 -0.007168 0.035198
v 0.305185 -0.007985 0.037172
v 0.305185 -0.008265 0.039290
v 0.305185 -0.007985 0.041408
v 0.305185 -0.007168 0.043381
v 0.305185 -0.005864 0.045076
v 0.305185 -0.004156 0.046377
v 0.305185 -0.002155 0.047194
v 0.291426 -0.002078 0.031779
v 0.291426 -0.004002 0.032556
v 0.292865 -0.004298 0.032051
v 0.292864 -0.002232 0.031214
v 0.291426 -0.005636 0.033792
v 0.291426 -0.006877 0.035402
v 0.292861 -0.007391 0.035107
v 0.292865 -0.006051 0.033381
v 0.291427 -0.007646 0.037279
v 0.291426 -0.007915 0.039290
v 0.292862 -0.008513 0.039290
v 0.292861 -0.008227 0.037125
v 0.291426 -0.007654 0.041302
v 0.291425 -0.006840 0.043156
v 0.292864 -0.007388 0.043470
v 0.292865 -0.008220 0.041453
v 0.291425 -0.005624 0.044775
v 0.291426 -0.004001 0.046021
v 0.292863 -0.004300 0.046532
v 0.292872 -0.006041 0.045188
v 0.291426 -0.002078 0.046800
v 0.292862 -0.002233 0.047369
v 0.288587 -0.004421 0.046705
v 0.288587 -0.002296 0.047561
v 0.289325 -0.002282 0.047520
v 0.289325 -0.004394 0.046669
v 0.288586 -0.007589 0.043570
v 0.288587 -0.006221 0.045343
v 0.289325 -0.006185 0.045314
v 0.289325 -0.007546 0.043550
v 0.288587 -0.008736 0.039290
v 0.288586 -0.008444 0.041505
v 0.289325 -0.008397 0.041495
v 0.289325 -0.008688 0.039290
v 0.288586 -0.007589 0.035009
v 0.288586 -0.008444 0.037074
v 0.289325 -0.008397 0.037084
v 0.289325 -0.007546 0.035029
v 0.288587 -0.004421 0.031874
v 0.288587 -0.006221 0.033236
v 0.289325 -0.006185 0.033264
v 0.289325 -0.004394 0.031910
v 0.288587 -0.002296 0.031018
v 0.289325 -0.002282 0.031059
v 0.290724 -0.002131 0.046986
v 0.290724 -0.004104 0.046190
v 0.290724 -0.005778 0.044924
v 0.290723 -0.007051 0.043274
v 0.290724 -0.007846 0.041352
v 0.290723 -0.008118 0.039290
v 0.290724 -0.007846 0.037228
v 0.290724 -0.007051 0.035306
v 0.290724 -0.005778 0.033656
v 0.290723 -0.004104 0.032389
v 0.290724 -0.002131 0.031594
v 0.293835 -0.002304 0.030946
v 0.293835 -0.004438 0.031808
v 0.293836 -0.006251 0.033181
v 0.293836 -0.007629 0.034970
v 0.293836 -0.008492 0.037054
v 0.293835 -0.008788 0.039290
v 0.293835 -0.008492 0.041526
v 0.293835 -0.007629 0.043610
v 0.293835 -0.006251 0.045398
v 0.293835 -0.004438 0.046772
v 0.293835 -0.002304 0.047634
v 0.184839 -0.009610 0.036924
v 0.184839 -0.009922 0.039290
v 0.184839 -0.008695 0.034719
v 0.184601 -0.009083 0.034516
v 0.184601 -0.010039 0.036819
v 0.184601 -0.010365 0.039290
v 0.184839 -0.009609 0.041655
v 0.184839 -0.008694 0.043860
v 0.184601 -0.010039 0.041761
v 0.184587 -0.009071 0.044058
v 0.184838 0.000000 0.048429
v 0.184592 -0.000000 0.048832
v 0.184832 -0.002723 0.030464
v 0.184840 -0.005193 0.031374
v 0.184553 -0.002839 0.030129
v 0.184600 -0.005426 0.031020
v 0.184836 -0.007210 0.045752
v 0.184832 -0.005193 0.047204
v 0.184591 -0.007528 0.046036
v 0.184570 -0.005410 0.047534
v 0.184840 -0.007211 0.032827
v 0.184599 -0.007535 0.032537
v 0.184839 -0.002722 0.048115
v 0.184597 -0.002844 0.048509
v 0.179642 -0.007602 0.046103
v 0.179642 -0.005475 0.047635
v 0.179642 -0.009166 0.044108
v 0.176480 -0.008595 0.043807
v 0.176480 -0.007128 0.045679
v 0.176480 -0.005134 0.047115
v 0.179642 0.000000 0.029653
v 0.176483 0.000000 0.030261
v 0.179642 -0.007602 0.032476
v 0.179642 -0.009163 0.034473
v 0.179642 -0.005475 0.030945
v 0.176484 -0.005129 0.031474
v 0.176489 -0.007109 0.032921
v 0.176480 -0.008594 0.034771
v 0.179642 -0.002871 0.048597
v 0.176480 -0.002692 0.048017
v 0.179642 -0.010131 0.036795
v 0.179642 -0.010460 0.039290
v 0.176487 -0.009479 0.036957
v 0.176481 -0.009807 0.039290
v 0.179643 -0.010131 0.041784
v 0.176480 -0.009499 0.041628
v 0.179642 -0.002871 0.029983
v 0.176487 -0.002688 0.030579
v 0.173874 -0.002316 0.031785
v 0.173872 -0.004417 0.032558
v 0.171975 -0.001829 0.033364
v 0.172299 -0.003673 0.033688
v 0.173870 -0.006134 0.044788
v 0.173870 -0.004418 0.046024
v 0.173868 -0.007404 0.043161
v 0.171974 -0.005838 0.042352
v 0.171975 -0.004841 0.043629
v 0.172299 -0.003673 0.044892
v 0.173870 -0.006134 0.033792
v 0.173870 -0.007396 0.035402
v 0.171975 -0.004841 0.034951
v 0.171975 -0.005836 0.036221
v 0.173870 -0.002317 0.046800
v 0.171975 -0.001829 0.045216
v 0.173870 -0.008175 0.037277
v 0.173870 -0.008440 0.039290
v 0.171975 -0.006451 0.037701
v 0.172298 -0.007019 0.039290
v 0.173870 -0.008175 0.041302
v 0.171975 -0.006451 0.040877
v 0.170593 -0.002547 0.035408
v 0.169828 -0.001942 0.036329
v 0.170593 -0.002547 0.043172
v 0.170562 -0.004216 0.041526
v 0.169828 -0.003251 0.040999
v 0.169828 -0.001942 0.042250
v 0.170593 -0.004264 0.037048
v 0.169828 -0.003251 0.037581
v 0.170593 -0.004866 0.039290
v 0.169828 -0.003710 0.039290
v 0.183997 -0.002903 0.029880
v 0.183997 -0.005536 0.030852
v 0.183993 -0.010231 0.041797
v 0.183997 -0.009267 0.044161
v 0.183997 -0.010576 0.039290
v 0.183997 0.000000 0.049033
v 0.183997 -0.010243 0.036769
v 0.183997 -0.009267 0.034418
v 0.183997 -0.002903 0.048700
v 0.183997 -0.005536 0.047727
v 0.183997 -0.007686 0.032401
v 0.183997 -0.007686 0.046178
v 0.186445 0.000001 0.031364
v 0.186452 -0.002362 0.031622
v 0.186439 -0.004506 0.032412
v 0.187918 -0.004743 0.032040
v 0.187922 -0.002483 0.031217
v 0.186439 -0.006258 0.033674
v 0.186439 -0.007546 0.035319
v 0.187918 -0.007945 0.035105
v 0.187918 -0.006588 0.033371
v 0.186439 -0.008342 0.037234
v 0.186439 -0.008613 0.039290
v 0.187918 -0.009069 0.039290
v 0.187918 -0.008783 0.037123
v 0.186439 -0.008342 0.041345
v 0.186439 -0.007546 0.043261
v 0.187918 -0.007945 0.043476
v 0.187918 -0.008783 0.041456
v 0.186439 -0.006258 0.044905
v 0.186439 -0.004499 0.046154
v 0.187918 -0.004743 0.046539
v 0.187918 -0.006587 0.045209
v 0.186438 -0.002361 0.046952
v 0.187918 -0.002487 0.047375
v 0.188754 -0.002528 0.031064
v 0.188754 -0.004822 0.031915
v 0.188754 -0.006697 0.033269
v 0.188754 -0.008078 0.035032
v 0.188754 -0.008931 0.037086
v 0.188754 -0.009221 0.039290
v 0.188755 -0.008931 0.041494
v 0.188754 -0.008078 0.043548
v 0.188754 -0.006697 0.045312
v 0.188754 -0.004822 0.046665
v 0.188754 -0.002528 0.047516
v 0.185684 -0.000000 0.047428
v 0.185689 0.000000 0.031149
v 0.185691 -0.002424 0.047155
v 0.185692 -0.004624 0.046342
v 0.185691 -0.006419 0.045047
v 0.185692 -0.007741 0.043361
v 0.185692 -0.008556 0.041397
v 0.185692 -0.008834 0.039290
v 0.185692 -0.008556 0.037182
v 0.185692 -0.007741 0.035218
v 0.185668 -0.006432 0.033524
v 0.185681 -0.004626 0.032232
v 0.185683 -0.002422 0.031442
v 0.341034 -0.000000 0.042577
v 0.340742 -0.002326 0.042120
v 0.340991 -0.000927 0.042478
v 0.342533 0.000000 0.040262
v 0.342151 -0.002364 0.040070
v 0.342548 -0.000890 0.040338
v 0.342666 -0.000000 0.038409
v 0.341918 -0.002115 0.038099
v 0.342602 -0.000919 0.038443
v 0.341226 0.000000 0.036151
v 0.340727 -0.002387 0.036644
v 0.341020 -0.001257 0.036184
v 0.339705 -0.004111 0.041003
v 0.339618 -0.003887 0.037241
v 0.338712 -0.004625 0.037819
v 0.338400 -0.004904 0.039037
v 0.338863 -0.004690 0.040242
v 0.340849 -0.003385 0.040958
v 0.341207 -0.003135 0.039682
v 0.341653 -0.002875 0.038349
v 0.340756 -0.003153 0.037468
v 0.339654 -0.003590 0.040056
v 0.339532 -0.003342 0.038219
v 0.339045 -0.003909 0.038289
v 0.338767 -0.004130 0.039113
v 0.339130 -0.003907 0.039811
v 0.340179 -0.003106 0.039855
v 0.340278 -0.002806 0.039341
v 0.340526 -0.002896 0.038724
v 0.340092 -0.003042 0.038368
v 0.339360 -0.002800 0.039097
v 0.344800 -0.006851 0.039266
v 0.348444 -0.005924 0.039280
v 0.348119 -0.005345 0.040322
v 0.344799 -0.006143 0.040340
v 0.347627 -0.004458 0.040213
v 0.344748 -0.005124 0.040184
v 0.347400 -0.004046 0.039284
v 0.344687 -0.004625 0.039279
v 0.347619 -0.004442 0.038365
v 0.344717 -0.005048 0.038374
v 0.348108 -0.005332 0.038238
v 0.344787 -0.006077 0.038218
v 0.351144 -0.003427 0.039282
v 0.350601 -0.003080 0.040339
v 0.349741 -0.002596 0.040207
v 0.349317 -0.002379 0.039290
v 0.349683 -0.002591 0.038365
v 0.350538 -0.003074 0.038240
v 0.352186 0.000002 0.039278
v 0.351563 -0.000002 0.040335
v 0.350574 0.000011 0.040199
v 0.350093 0.000018 0.039293
v 0.350485 0.000009 0.038385
v 0.351469 -0.000002 0.038231
v 0.351044 0.003413 0.039276
v 0.350515 0.003080 0.040324
v 0.349660 0.002589 0.040218
v 0.349233 0.002362 0.039288
v 0.349614 0.002581 0.038355
v 0.350467 0.003075 0.038247
v 0.348411 0.005934 0.039235
v 0.348091 0.005331 0.040329
v 0.347609 0.004459 0.040212
v 0.347384 0.004045 0.039284
v 0.347605 0.004449 0.038363
v 0.348101 0.005335 0.038238
v 0.344878 0.006866 0.039266
v 0.344864 0.006167 0.040336
v 0.344810 0.005149 0.040186
v 0.344742 0.004659 0.039280
v 0.344783 0.005095 0.038375
v 0.344865 0.006124 0.038218
v 0.341278 0.005708 0.039267
v 0.341512 0.005199 0.040283
v 0.341831 0.004191 0.040249
v 0.341951 0.003642 0.039278
v 0.341787 0.004083 0.038327
v 0.341460 0.005082 0.038261
v 0.339008 0.003901 0.039247
v 0.339319 0.003598 0.040201
v 0.339959 0.002762 0.040310
v 0.340256 0.002236 0.039280
v 0.339849 0.002611 0.038280
v 0.339245 0.003438 0.038321
v 0.338895 -0.003821 0.039245
v 0.341054 -0.005551 0.039260
v 0.341307 -0.005121 0.040253
v 0.339243 -0.003565 0.040193
v 0.341730 -0.004136 0.040254
v 0.339978 -0.002792 0.040308
v 0.341906 -0.003608 0.039277
v 0.340341 -0.002300 0.039281
v 0.341686 -0.004009 0.038326
v 0.339879 -0.002630 0.038280
v 0.341267 -0.004960 0.038265
v 0.339176 -0.003393 0.038322
v 0.349901 -0.001255 0.039293
v 0.351222 0.001587 0.040316
v 0.351180 0.001588 0.038234
v 0.348400 0.003290 0.039285
v 0.346561 0.005964 0.040330
v 0.346567 0.005949 0.038229
v 0.343249 0.004293 0.039275
v 0.343195 -0.004250 0.039274
v 0.342950 -0.005787 0.040316
v 0.346728 -0.006631 0.039275
v 0.346279 -0.004983 0.040191
v 0.346278 -0.004975 0.038376
v 0.348796 -0.003649 0.040220
v 0.348769 -0.003634 0.038352
v 0.351963 -0.001794 0.039276
v 0.350284 -0.001352 0.038385
v 0.350300 0.001354 0.040199
v 0.349867 0.004807 0.039263
v 0.348721 0.003624 0.038349
v 0.346293 0.004991 0.040199
v 0.342946 0.006505 0.039268
v 0.348448 -0.003318 0.039287
v 0.343202 0.004724 0.038359
v 0.342781 -0.006400 0.039262
v 0.349928 -0.004814 0.039283
v 0.351321 -0.001599 0.040354
v 0.351241 -0.001596 0.038233
v 0.349837 0.001253 0.039291
v 0.349440 0.004360 0.040313
v 0.349417 0.004352 0.038248
v 0.346172 0.004551 0.039282
v 0.343095 0.005856 0.040325
v 0.343073 0.005765 0.038231
v 0.343127 -0.004763 0.040203
v 0.343110 -0.004659 0.038356
v 0.346546 -0.005963 0.040332
v 0.346165 -0.004551 0.039283
v 0.346542 -0.005947 0.038227
v 0.349501 -0.004355 0.040320
v 0.349467 -0.004350 0.038250
v 0.350368 -0.001357 0.040198
v 0.351877 0.001787 0.039277
v 0.350234 0.001350 0.038374
v 0.348742 0.003635 0.040226
v 0.346740 0.006628 0.039259
v 0.346293 0.004973 0.038376
v 0.343226 0.004815 0.040197
v 0.342919 -0.005672 0.038228
vn -0.5490 0.6685 -0.5018
vn -0.4581 0.7317 -0.5048
vn -0.5999 0.6257 -0.4986
vn -0.0099 0.8506 -0.5257
vn -0.0012 0.8599 -0.5105
vn -0.0758 0.8506 -0.5203
vn -0.4289 0.7018 -0.5688
vn -0.2464 0.6842 -0.6864
vn -0.3742 0.6250 -0.6851
vn -0.5653 0.5989 -0.5672
vn -0.4982 0.5349 -0.6824
vn 0.2501 -0.8215 -0.5124
vn 0.1599 -0.8482 -0.5050
vn 0.3266 -0.7984 -0.5059
vn -0.8569 0.0377 -0.5141
vn -0.8636 0.0274 -0.5034
vn -0.8550 -0.0439 -0.5168
vn 0.1562 -0.8111 -0.5636
vn -0.0100 -0.7225 -0.6913
vn 0.1378 -0.7026 -0.6981
vn 0.3112 -0.7621 -0.5677
vn 0.2694 -0.6620 -0.6994
vn -0.2589 0.8125 -0.5222
vn -0.1630 0.8416 -0.5150
vn -0.3135 0.8009 -0.5102
vn 0.6050 0.6185 -0.5014
vn 0.6042 0.6233 -0.4964
vn 0.5451 0.6703 -0.5036
vn -0.1470 0.8062 -0.5731
vn 0.0092 0.7037 -0.7104
vn -0.1075 0.7064 -0.6996
vn -0.2890 0.7709 -0.5676
vn -0.0890 -0.8487 -0.5214
vn -0.1864 -0.8370 -0.5145
vn -0.0184 -0.8618 -0.5069
vn -0.0029 -0.8553 -0.5181
vn 0.0730 -0.8549 -0.5136
vn -0.1852 -0.8139 -0.5506
vn -0.2999 -0.6748 -0.6743
vn -0.1598 -0.7204 -0.6749
vn -0.0210 -0.8298 -0.5577
vn 0.0681 0.8514 -0.5200
vn 0.1613 0.8446 -0.5105
vn -0.3282 0.7878 -0.5212
vn -0.3858 0.7658 -0.5144
vn 0.1565 0.8052 -0.5719
vn 0.2683 0.6845 -0.6779
vn 0.1277 0.7033 -0.6994
vn 0.0029 0.8170 -0.5766
vn -0.4014 -0.7479 -0.5287
vn -0.4872 -0.7033 -0.5177
vn -0.3384 -0.7876 -0.5149
vn 0.7916 -0.3316 -0.5133
vn 0.7986 -0.3348 -0.5002
vn 0.8201 -0.2602 -0.5096
vn -0.4788 -0.6714 -0.5657
vn -0.5303 -0.4904 -0.6916
vn -0.4350 -0.5854 -0.6841
vn -0.3304 -0.7630 -0.5556
vn 0.3878 0.7630 -0.5171
vn 0.4636 0.7298 -0.5025
vn 0.3176 0.8007 -0.5079
vn -0.0014 -0.1498 -0.9887
vn 0.0359 -0.0079 -0.9993
vn 0.0323 -0.1461 -0.9887
vn 0.4372 0.7013 -0.5631
vn 0.5170 0.5168 -0.6823
vn 0.3861 0.6325 -0.6715
vn 0.3040 0.7657 -0.5668
vn -0.6492 -0.5365 -0.5392
vn -0.7121 -0.4597 -0.5307
vn -0.6100 -0.5933 -0.5253
vn 0.8567 0.0837 -0.5089
vn 0.8574 -0.0812 -0.5082
vn 0.8647 0.0028 -0.5022
vn -0.6877 -0.4450 -0.5737
vn -0.6745 -0.2769 -0.6844
vn -0.6047 -0.3982 -0.6897
vn -0.5932 -0.5626 -0.5758
vn 0.6555 0.5650 -0.5011
vn 0.7173 0.4858 -0.4996
vn 0.4015 -0.7608 -0.5099
vn 0.6821 0.4588 -0.5694
vn 0.6646 0.2947 -0.6866
vn 0.5999 0.4018 -0.6919
vn 0.5768 0.5908 -0.5641
vn -0.8116 -0.2329 -0.5358
vn -0.8458 -0.1495 -0.5121
vn -0.7929 -0.3125 -0.5232
vn -0.6654 0.5627 -0.4905
vn -0.8131 -0.1471 -0.5632
vn -0.7259 0.0326 -0.6870
vn -0.7178 -0.1299 -0.6840
vn -0.7652 -0.3076 -0.5655
vn 0.8474 -0.1743 -0.5015
vn 0.6043 -0.6036 -0.5201
vn 0.6140 -0.6087 -0.5025
vn 0.6621 -0.5485 -0.5106
vn 0.8159 -0.1696 -0.5528
vn 0.6650 -0.2974 -0.6851
vn 0.7186 -0.1556 -0.6778
vn 0.8343 0.0039 -0.5512
vn 0.7390 0.0017 -0.6737
vn 0.8223 0.2546 -0.5090
vn 0.8472 0.1714 -0.5028
vn 0.8013 0.3282 -0.5002
vn 0.8175 0.1659 -0.5515
vn 0.7246 0.1510 -0.6725
vn 0.7628 0.3170 -0.5636
vn -0.8591 0.1063 -0.5006
vn -0.8419 0.1925 -0.5041
vn -0.7797 -0.3039 -0.5474
vn -0.7511 -0.3754 -0.5431
vn -0.7955 0.1882 -0.5760
vn -0.6546 0.2816 -0.7016
vn -0.6970 0.1787 -0.6944
vn -0.8230 0.0313 -0.5671
vn 0.7607 -0.4025 -0.5093
vn 0.7177 -0.4821 -0.5024
vn 0.7962 0.3255 -0.5101
vn 0.7635 0.4022 -0.5053
vn 0.6824 -0.4632 -0.5655
vn 0.5088 -0.5146 -0.6902
vn 0.5961 -0.4118 -0.6893
vn 0.7623 -0.3252 -0.5597
vn -0.7631 0.4282 -0.4841
vn -0.7081 0.5007 -0.4980
vn -0.7925 0.3527 -0.4975
vn -0.6701 0.4745 -0.5708
vn -0.5959 0.4088 -0.6912
vn -0.7454 0.3282 -0.5803
vn 0.5551 -0.6567 -0.5104
vn 0.4821 -0.7155 -0.5056
vn 0.4586 -0.6835 -0.5679
vn 0.3963 -0.6011 -0.6940
vn 0.5823 -0.5825 -0.5671
vn 0.1204 -0.1574 -0.9802
vn -0.0471 -0.0211 -0.9987
vn 0.1471 -0.1390 -0.9793
vn 0.0435 -0.1468 -0.9882
vn -0.0437 -0.0085 -0.9990
vn 0.0645 -0.1627 -0.9846
vn -0.1876 0.2094 -0.9597
vn -0.0670 0.0265 -0.9974
vn -0.2524 0.1338 -0.9583
vn 0.0012 0.2598 -0.9657
vn 0.0059 0.0536 -0.9985
vn -0.0623 0.2369 -0.9695
vn 0.0426 -0.1416 -0.9890
vn -0.0115 -0.0063 -0.9999
vn 0.1096 0.2347 -0.9659
vn -0.0064 0.0425 -0.9991
vn 0.0653 0.2284 -0.9714
vn 0.0238 -0.0081 -0.9997
vn -0.2010 -0.1437 -0.9690
vn -0.0564 -0.0206 -0.9982
vn -0.2052 -0.1556 -0.9663
vn 0.0278 0.2712 -0.9621
vn 0.0275 0.0534 -0.9982
vn 0.2525 0.1785 -0.9510
vn 0.0270 0.0736 -0.9969
vn 0.2001 0.2152 -0.9559
vn -0.0607 -0.1590 -0.9854
vn 0.0320 -0.0034 -0.9995
vn -0.2007 -0.0525 -0.9783
vn -0.0175 -0.0360 -0.9992
vn -0.1912 -0.1074 -0.9757
vn 0.0188 0.0483 -0.9987
vn 0.0331 0.2458 -0.9687
vn 0.2085 0.0418 -0.9771
vn 0.0049 0.0106 -0.9999
vn 0.2315 0.1186 -0.9656
vn -0.0092 0.0002 -1.0000
vn -0.1421 -0.1663 -0.9758
vn -0.2517 0.0635 -0.9657
vn -0.0245 -0.0367 -0.9990
vn -0.2219 -0.0057 -0.9750
vn -0.0184 0.0518 -0.9985
vn 0.1872 -0.0172 -0.9822
vn -0.0104 -0.0160 -0.9998
vn -0.0323 -0.0281 -0.9991
vn -0.1208 0.2323 -0.9651
vn -0.0599 0.0745 -0.9954
vn 0.0149 0.0378 -0.9992
vn 0.1485 -0.1090 -0.9829
vn -0.0418 -0.0404 -0.9983
vn 0.1637 -0.0651 -0.9844
vn -0.0144 -0.0309 -0.9994
vn -0.0700 0.0005 -0.9975
vn -0.2732 0.0974 -0.9570
vn -0.0272 -0.0327 -0.9991
vn 0.0323 0.0549 -0.9980
vn -0.0326 -0.0247 -0.9992
vn -0.0486 -0.0254 -0.9985
vn -0.0157 0.0603 -0.9981
vn -0.0504 -0.0343 -0.9981
vn 0.0183 0.0019 -0.9998
vn 0.0063 0.0017 -1.0000
vn 0.0072 -0.0185 -0.9998
vn 0.0087 -0.0127 -0.9999
vn 0.0160 0.0033 -0.9999
vn 0.0131 -0.0255 -0.9996
vn 0.0130 -0.0466 -0.9988
vn 0.0238 -0.0412 -0.9989
vn 0.0135 -0.0173 -0.9998
vn 0.0096 -0.0545 -0.9985
vn 0.0098 -0.0324 -0.9994
vn 0.0367 -0.0402 -0.9985
vn 0.0345 -0.0556 -0.9979
vn 0.0078 -0.0012 -1.0000
vn 0.0269 -0.0073 -0.9996
vn 0.0286 -0.0015 -0.9996
vn 0.0245 -0.0105 -0.9996
vn 0.0355 -0.0118 -0.9993
vn 0.0362 -0.0022 -0.9993
vn 0.0281 -0.0078 -0.9996
vn 0.0374 -0.0251 -0.9990
vn 0.0180 -0.0238 -0.9996
vn 0.0288 -0.0086 -0.9995
vn 0.0426 -0.0511 -0.9978
vn 0.0382 -0.0441 -0.9983
vn 0.0224 -0.0404 -0.9989
vn 0.0138 -0.0489 -0.9987
vn 0.0339 -0.0079 -0.9994
vn 0.0300 -0.0049 -0.9995
vn 0.0237 -0.0008 -0.9997
vn 0.0227 -0.0158 -0.9996
vn -0.0186 -0.0219 -0.9996
vn -0.0159 -0.0011 -0.9999
vn 0.0078 -0.0232 -0.9997
vn -0.0126 -0.0388 -0.9992
vn -0.0374 -0.0505 -0.9980
vn -0.0301 -0.0393 -0.9988
vn -0.0160 -0.0400 -0.9991
vn 0.0050 -0.0243 -0.9997
vn -0.0329 -0.0123 -0.9994
vn -0.0388 -0.0345 -0.9987
vn 0.0170 -0.0036 -0.9998
vn -0.0240 -0.0015 -0.9997
vn -0.0587 -0.0010 -0.9983
vn -0.0624 -0.0242 -0.9978
vn -0.0655 -0.0411 -0.9970
vn -0.0597 -0.0450 -0.9972
vn -0.0527 -0.0325 -0.9981
vn -0.0519 -0.0102 -0.9986
vn -0.0497 0.0058 -0.9987
vn -0.5072 0.1417 -0.8501
vn -0.5181 0.0223 -0.8550
vn -0.4910 0.2011 -0.8476
vn 0.5192 0.1115 -0.8474
vn 0.4906 0.2365 -0.8387
vn 0.5182 -0.0049 -0.8552
vn 0.4955 -0.1194 -0.8604
vn 0.4535 -0.2249 -0.8624
vn -0.5076 -0.0962 -0.8562
vn -0.4703 -0.2067 -0.8579
vn 0.4648 0.3119 -0.8287
vn 0.3932 0.3848 -0.8351
vn -0.4258 -0.2883 -0.8577
vn -0.3927 -0.3447 -0.8527
vn 0.2744 0.4726 -0.8374
vn 0.1847 0.5026 -0.8445
vn -0.3236 -0.4117 -0.8519
vn -0.2102 -0.4655 -0.8597
vn 0.0767 0.5137 -0.8545
vn 0.0179 0.5221 -0.8527
vn -0.0919 -0.4840 -0.8702
vn 0.0117 -0.4699 -0.8826
vn -0.0492 0.5225 -0.8512
vn -0.1664 0.5007 -0.8495
vn 0.0933 -0.4463 -0.8900
vn 0.1684 -0.4299 -0.8870
vn -0.2658 0.4599 -0.8473
vn -0.3635 0.3954 -0.8435
vn 0.2529 -0.4138 -0.8745
vn 0.3435 -0.3616 -0.8668
vn -0.4497 0.2846 -0.8466
vn 0.4082 -0.2975 -0.8630
vn 0.5529 -0.6667 -0.4998
vn 0.4811 -0.7126 -0.5106
vn -0.4769 0.7175 -0.5076
vn -0.4025 0.7635 -0.5050
vn -0.8657 0.1186 -0.4863
vn -0.8763 0.0418 -0.4800
vn -0.8621 -0.0441 -0.5047
vn -0.8373 -0.1411 -0.5282
vn -0.8397 -0.1349 -0.5260
vn 0.8788 0.0017 -0.4772
vn 0.8663 -0.0860 -0.4921
vn -0.7714 0.4448 -0.4550
vn -0.7164 0.4994 -0.4873
vn -0.6544 -0.5382 -0.5311
vn -0.5949 -0.5936 -0.5420
vn -0.6054 -0.6069 -0.5149
vn -0.2631 -0.8072 -0.5284
vn -0.1749 -0.8389 -0.5153
vn -0.2622 -0.8217 -0.5060
vn -0.7007 -0.4644 -0.5416
vn -0.7521 -0.3865 -0.5339
vn 0.6620 0.5676 -0.4896
vn 0.7126 0.4863 -0.5057
vn -0.0061 -0.8747 -0.4845
vn 0.0828 -0.8618 -0.5004
vn 0.5494 0.6760 -0.4911
vn 0.4659 0.7214 -0.5123
vn 0.4718 0.7191 -0.5101
vn -0.3410 -0.8015 -0.4913
vn -0.4065 -0.7550 -0.5146
vn -0.5459 -0.6449 -0.5349
vn -0.5423 -0.6563 -0.5245
vn 0.3124 0.7928 -0.5234
vn 0.2422 0.8189 -0.5203
vn -0.1646 0.8362 -0.5232
vn -0.2601 0.8201 -0.5097
vn -0.1669 0.8399 -0.5164
vn -0.3372 0.8004 -0.4956
vn 0.3428 -0.8094 -0.4768
vn 0.2454 -0.8338 -0.4945
vn 0.8659 0.0873 -0.4926
vn 0.8621 0.0015 -0.5067
vn 0.4132 -0.7650 -0.4940
vn 0.3359 -0.7898 -0.5132
vn -0.0111 0.8683 -0.4959
vn -0.0847 0.8569 -0.5084
vn 0.1583 -0.8429 -0.5142
vn 0.7647 0.4123 -0.4952
vn -0.4765 -0.6988 -0.5334
vn -0.4741 -0.7036 -0.5293
vn 0.6712 -0.5445 -0.5030
vn 0.7146 -0.4780 -0.5107
vn 0.7152 -0.4780 -0.5099
vn 0.1601 -0.8462 -0.5083
vn 0.7628 -0.4097 -0.5002
vn -0.6236 0.6249 -0.4698
vn -0.5532 0.6721 -0.4922
vn 0.8290 0.2546 -0.4979
vn 0.8417 0.1714 -0.5119
vn -0.8187 0.3631 -0.4449
vn -0.7989 0.3543 -0.4860
vn -0.8511 0.1997 -0.4856
vn 0.3184 0.8107 -0.4912
vn 0.4005 0.7641 -0.5058
vn -0.7028 -0.4595 -0.5431
vn -0.0899 -0.8602 -0.5020
vn 0.0735 0.8574 -0.5094
vn -0.8246 0.2848 -0.4887
vn -0.8370 0.2851 -0.4671
vn -0.1784 -0.8298 -0.5287
vn -0.6882 0.5537 -0.4688
vn -0.6088 0.6158 -0.5002
vn -0.4669 0.7226 -0.5097
vn 0.1538 0.8414 -0.5180
vn 0.2354 0.8286 -0.5079
vn -0.8202 -0.2237 -0.5266
vn -0.8462 0.1949 -0.4959
vn -0.7965 -0.3100 -0.5191
vn -0.3341 -0.7801 -0.5289
vn -0.6814 0.6685 0.2981
vn -0.5442 0.7867 0.2914
vn 0.3654 -0.8750 0.3177
vn 0.1822 -0.9322 0.3129
vn -0.3795 0.8874 0.2618
vn -0.1887 0.9391 0.2871
vn -0.0052 -0.9440 0.3298
vn -0.1861 -0.9195 0.3463
vn -0.0107 0.9570 0.2898
vn 0.1729 0.9384 0.2991
vn -0.3571 -0.8785 0.3173
vn -0.5209 -0.7991 0.3002
vn 0.3503 0.8853 0.3060
vn 0.5317 0.7957 0.2902
vn -0.6657 -0.6851 0.2958
vn -0.7903 -0.5346 0.2993
vn 0.6782 0.6984 0.2288
vn 0.6162 0.6317 -0.4704
vn 0.7885 0.5431 0.2886
vn 0.7116 0.4914 -0.5022
vn -0.8870 -0.3441 0.3080
vn -0.9421 -0.1334 0.3078
vn 0.9544 0.0012 0.2985
vn 0.9354 -0.1866 0.3003
vn 0.8291 -0.2565 -0.4968
vn 0.8470 -0.1722 -0.5030
vn 0.8816 0.3678 0.2958
vn 0.8086 0.3349 -0.4837
vn 0.9373 0.1867 0.2943
vn 0.8466 0.1707 -0.5040
vn -0.9507 0.0572 0.3049
vn -0.9211 0.2373 0.3088
vn 0.8791 -0.3676 0.3034
vn 0.8070 -0.3368 -0.4851
vn 0.7872 -0.5366 0.3041
vn -0.8654 0.3927 0.3111
vn -0.8061 0.5405 0.2410
vn -0.7288 0.5013 -0.4665
vn 0.6817 -0.6790 0.2724
vn 0.6172 -0.6143 -0.4916
vn 0.5829 -0.6169 0.5289
vn 0.4720 -0.7393 0.4803
vn 0.5565 -0.6852 0.4700
vn 0.1554 -0.8235 0.5456
vn -0.0090 -0.7183 0.6957
vn -0.0008 -0.8420 0.5394
vn -0.1567 -0.8265 0.5406
vn -0.7878 -0.3214 0.5255
vn -0.8191 -0.3340 0.4663
vn -0.7809 -0.4083 0.4727
vn -0.3163 0.7799 0.5401
vn -0.1596 0.8581 0.4881
vn -0.2549 0.8367 0.4847
vn -0.5103 -0.5344 0.6738
vn -0.7047 -0.4749 0.5271
vn -0.5930 -0.6134 0.5217
vn 0.8282 0.1473 0.5407
vn 0.7198 -0.0158 0.6940
vn 0.8480 -0.0237 0.5295
vn 0.8833 -0.0370 0.4673
vn 0.8752 0.0448 0.4818
vn 0.3012 -0.7869 0.5386
vn 0.1680 -0.8513 0.4970
vn 0.2609 -0.8287 0.4952
vn -0.8498 0.0009 0.5271
vn -0.7073 0.1527 0.6902
vn -0.8302 0.1715 0.5304
vn 0.6903 -0.4916 0.5309
vn 0.4947 -0.5338 0.6858
vn 0.5995 0.5805 0.5510
vn 0.6108 0.6076 0.5077
vn 0.5580 0.6544 0.5102
vn 0.0184 0.8433 0.5371
vn 0.1873 0.8402 0.5089
vn 0.0933 0.8619 0.4984
vn 0.7034 -0.1624 0.6920
vn 0.8252 -0.1921 0.5311
vn -0.6800 -0.2759 0.6793
vn -0.8316 -0.1650 0.5304
vn -0.6200 -0.6310 0.4663
vn -0.5523 -0.6851 0.4750
vn -0.1587 -0.8560 0.4919
vn -0.0677 -0.8699 0.4886
vn -0.7826 0.3282 0.5289
vn -0.5894 0.4074 0.6975
vn -0.7011 0.4722 0.5343
vn 0.7756 -0.3496 0.5255
vn -0.8733 -0.0794 0.4806
vn -0.8735 0.0838 0.4796
vn -0.8818 0.0064 0.4716
vn 0.3363 0.7739 0.5366
vn 0.4856 0.7097 0.5104
vn 0.4058 0.7622 0.5043
vn -0.1560 0.8255 0.5424
vn 0.0075 0.7094 0.7048
vn -0.1360 0.6892 0.7117
vn -0.5984 0.5984 0.5329
vn -0.6258 0.6184 0.4753
vn -0.6737 0.5623 0.4796
vn -0.3111 -0.7876 0.5320
vn -0.4715 -0.7373 0.4837
vn -0.3932 -0.7810 0.4852
vn 0.6615 -0.2956 0.6892
vn 0.4286 0.5841 0.6893
vn 0.4827 0.6844 0.5464
vn 0.6690 -0.5813 0.4631
vn 0.6218 -0.6353 0.4580
vn 0.7154 0.4692 0.5178
vn 0.6598 0.5487 0.5135
vn -0.6589 0.2884 0.6947
vn -0.2627 -0.6802 0.6843
vn -0.4530 -0.7174 0.5292
vn 0.0082 -0.8737 0.4864
vn 0.0770 -0.8675 0.4915
vn -0.7274 -0.4949 0.4754
vn -0.6695 -0.5750 0.4703
vn 0.1861 0.8221 0.5381
vn 0.2923 0.6645 0.6877
vn -0.4053 0.7770 0.4817
vn -0.3424 0.8105 0.4753
vn 0.7793 0.3088 0.5453
vn 0.8557 0.1454 0.4966
vn 0.8305 0.2393 0.5031
vn 0.2449 -0.6800 0.6911
vn 0.5238 0.4919 0.6955
vn -0.3220 -0.8149 0.4820
vn -0.2482 -0.8362 0.4891
vn -0.8578 0.1741 0.4836
vn -0.7256 0.0032 0.6881
vn 0.3369 0.7991 0.4979
vn 0.2715 0.8186 0.5062
vn -0.8580 -0.1728 0.4838
vn -0.8393 -0.2607 0.4771
vn -0.3850 0.5976 0.7033
vn -0.4665 0.6995 0.5413
vn 0.8638 -0.1992 0.4628
vn 0.8795 -0.1058 0.4641
vn 0.6961 0.4554 0.5550
vn 0.6650 0.2732 0.6950
vn 0.1533 0.7060 0.6914
vn 0.8041 0.3092 0.5078
vn 0.7685 0.3816 0.5136
vn -0.7279 0.4869 0.4828
vn -0.7771 0.4072 0.4799
vn 0.5977 0.3952 0.6976
vn 0.4407 -0.7187 0.5378
vn 0.3353 -0.8062 0.4874
vn 0.3909 -0.7823 0.4850
vn 0.7255 -0.5082 0.4640
vn 0.7791 -0.4297 0.4565
vn 0.3688 -0.6238 0.6891
vn -0.4998 0.5122 0.6985
vn -0.4882 0.7251 0.4857
vn -0.5694 0.6662 0.4817
vn 0.7089 0.1319 0.6929
vn -0.2671 0.1510 0.9518
vn 0.0459 0.0252 0.9986
vn -0.2473 0.2013 0.9478
vn 0.0546 0.0314 0.9980
vn 0.0809 0.0044 0.9967
vn 0.0859 -0.0202 0.9961
vn 0.0448 0.0068 0.9990
vn -0.2098 0.2417 0.9474
vn 0.3402 -0.1370 0.9303
vn 0.0683 -0.0265 0.9973
vn 0.3162 -0.2163 0.9237
vn 0.0583 0.0060 0.9983
vn 0.0035 0.0176 0.9998
vn 0.0039 -0.0142 0.9999
vn 0.0530 -0.0670 0.9963
vn 0.2595 -0.2895 0.9213
vn 0.0456 0.0004 0.9990
vn -0.1420 0.2736 0.9513
vn 0.0528 -0.0173 0.9985
vn 0.0105 -0.0117 0.9999
vn 0.0116 -0.0016 0.9999
vn -0.0956 0.2740 0.9570
vn 0.0169 -0.0718 0.9973
vn 0.1786 -0.3321 0.9262
vn -0.0195 -0.0081 0.9998
vn -0.0237 -0.0054 0.9997
vn -0.0041 -0.0620 0.9981
vn 0.1053 -0.3486 0.9313
vn -0.0233 -0.0036 0.9997
vn -0.0692 0.2777 0.9582
vn -0.0227 -0.0075 0.9997
vn -0.0304 -0.0072 0.9995
vn -0.0340 -0.0085 0.9994
vn -0.0228 0.2859 0.9580
vn -0.0250 -0.0572 0.9981
vn 0.0369 -0.3547 0.9343
vn -0.0333 -0.0063 0.9994
vn -0.0309 -0.0098 0.9995
vn -0.0313 -0.0541 0.9980
vn -0.0228 -0.3511 0.9361
vn -0.0360 -0.0150 0.9992
vn 0.0403 0.2910 0.9559
vn -0.0314 -0.0106 0.9995
vn -0.0313 -0.0163 0.9994
vn -0.0279 -0.0141 0.9995
vn 0.1208 0.2868 0.9503
vn -0.0132 -0.0557 0.9984
vn -0.0662 -0.3450 0.9363
vn -0.0038 -0.0143 0.9999
vn 0.0133 -0.0176 0.9998
vn -0.0012 -0.0599 0.9982
vn -0.1170 -0.3427 0.9321
vn 0.0095 -0.0067 0.9999
vn 0.2180 0.2666 0.9388
vn -0.0122 -0.0198 0.9997
vn 0.0043 -0.0119 0.9999
vn 0.0440 0.0144 0.9989
vn 0.2763 0.2345 0.9320
vn 0.0004 -0.0663 0.9978
vn -0.1815 -0.3366 0.9240
vn 0.0280 -0.0206 0.9994
vn 0.0371 -0.0236 0.9990
vn -0.0161 -0.0678 0.9976
vn -0.2588 -0.2953 0.9197
vn 0.0245 0.0346 0.9991
vn 0.2898 0.2042 0.9351
vn -0.0106 -0.0022 0.9999
vn -0.0205 0.0217 0.9996
vn 0.0043 0.0387 0.9992
vn 0.3050 0.1490 0.9406
vn -0.0287 -0.0399 0.9988
vn -0.3162 -0.2206 0.9227
vn 0.0364 -0.0034 0.9993
vn 0.0413 0.0209 0.9989
vn -0.0198 -0.0075 0.9998
vn -0.3367 -0.1371 0.9316
vn 0.0060 0.0379 0.9993
vn 0.3251 0.0764 0.9426
vn -0.0202 0.0421 0.9989
vn -0.0115 0.0506 0.9987
vn 0.0218 0.0376 0.9991
vn 0.3381 0.0073 0.9411
vn -0.3184 0.0151 0.9478
vn 0.0407 0.0366 0.9985
vn -0.2936 0.0829 0.9523
vn 0.0141 0.0362 0.9992
vn 0.0719 0.0449 0.9964
vn 0.0782 0.0228 0.9967
vn -0.0064 0.0174 0.9998
vn -0.3375 -0.0580 0.9396
vn 0.0508 0.0363 0.9980
vn 0.0618 0.0496 0.9969
vn 0.0403 0.0285 0.9988
vn 0.3457 -0.0653 0.9361
vn -0.0022 0.0510 0.9987
vn 0.0029 0.0372 0.9993
vn -0.0078 -0.0083 0.9999
vn -0.0125 0.0025 0.9999
vn -0.0026 0.0101 0.9999
vn -0.0085 0.0151 0.9999
vn -0.0133 0.0412 0.9991
vn -0.0125 0.0255 0.9996
vn -0.0313 0.0461 0.9984
vn -0.0164 0.0555 0.9983
vn -0.0191 0.0541 0.9984
vn -0.0424 0.0517 0.9978
vn -0.0405 0.0461 0.9981
vn -0.0254 0.0416 0.9988
vn -0.0284 0.0268 0.9992
vn -0.0325 0.0286 0.9991
vn -0.0189 0.0170 0.9997
vn -0.0259 0.0242 0.9994
vn -0.0195 0.0140 0.9997
vn -0.0138 0.0095 0.9999
vn -0.0171 0.0103 0.9998
vn -0.0138 0.0075 0.9999
vn -0.0109 0.0261 0.9996
vn -0.0251 0.0310 0.9992
vn -0.0295 0.0488 0.9984
vn -0.0097 0.0481 0.9988
vn -0.0147 0.0443 0.9989
vn -0.0280 0.0495 0.9984
vn -0.0301 0.0239 0.9993
vn -0.0244 0.0135 0.9996
vn -0.0253 0.0285 0.9993
vn -0.0036 0.0270 0.9996
vn -0.0050 0.0305 0.9995
vn -0.0174 0.0239 0.9996
vn -0.0029 0.0170 0.9999
vn 0.0101 0.0356 0.9993
vn 0.0292 0.0495 0.9983
vn 0.0127 0.0343 0.9993
vn 0.0171 0.0444 0.9989
vn 0.0365 0.0398 0.9985
vn 0.0322 0.0260 0.9991
vn 0.0074 0.0337 0.9994
vn -0.0001 0.0085 1.0000
vn 0.0230 0.0057 0.9997
vn 0.0388 0.0170 0.9991
vn 0.0379 0.0292 0.9989
vn 0.0437 0.0480 0.9979
vn 0.0455 0.0561 0.9974
vn 0.0444 0.0406 0.9982
vn 0.0439 0.0252 0.9987
vn 0.0381 0.0015 0.9993
vn -0.7174 -0.1397 0.6825
vn -0.6124 -0.4119 0.6747
vn -0.3858 -0.6273 0.6764
vn -0.1350 -0.7090 0.6922
vn 0.1219 -0.7090 0.6946
vn -0.2585 0.6529 0.7120
vn 0.5927 -0.4230 0.6854
vn -0.7019 0.5702 0.4268
vn -0.6482 0.6412 0.4107
vn -0.4183 -0.8001 0.4300
vn -0.4871 -0.7552 0.4386
vn 0.8726 -0.2929 0.3909
vn 0.8188 -0.3646 0.4435
vn 0.8473 -0.3757 0.3755
vn 0.0967 0.8974 0.4306
vn 0.1846 0.8743 0.4489
vn -0.8676 0.2596 0.4240
vn -0.8132 0.3373 0.4742
vn -0.8423 0.3483 0.4113
vn 0.9005 0.0471 0.4323
vn 0.9114 -0.0456 0.4089
vn 0.5733 -0.7072 0.4137
vn 0.4987 -0.7517 0.4316
vn -0.2517 0.8704 0.4233
vn -0.1665 0.8843 0.4362
vn -0.7984 -0.4340 0.4174
vn -0.8444 -0.3493 0.4062
vn 0.8631 0.2286 0.4504
vn 0.8811 0.1403 0.4517
vn -0.2422 -0.8697 0.4301
vn -0.3332 -0.8464 0.4155
vn 0.7890 0.4089 0.4586
vn 0.8368 0.3217 0.4430
vn 0.8032 -0.4500 0.3903
vn 0.7535 -0.5185 0.4041
vn -0.5624 -0.7092 0.4251
vn -0.6389 -0.6516 0.4089
vn 0.4287 -0.7946 0.4299
vn 0.3531 -0.8350 0.4221
vn 0.5637 0.6908 0.4529
vn 0.6347 0.6348 0.4406
vn -0.5800 0.6971 0.4216
vn -0.5043 0.7492 0.4295
vn 0.4262 0.7863 0.4473
vn 0.4956 0.7363 0.4607
vn -0.6957 -0.5821 0.4208
vn -0.7468 -0.5090 0.4280
vn -0.0789 -0.8971 0.4348
vn -0.1600 -0.8823 0.4426
vn 0.2734 0.8530 0.4445
vn 0.3502 0.8317 0.4308
vn -0.0923 0.8987 0.4288
vn 0.0029 0.8759 0.4825
vn 0.0070 0.9098 0.4149
vn 0.7045 -0.5866 0.3995
vn 0.6480 -0.6531 0.3918
vn 0.2646 -0.8593 0.4377
vn 0.1771 -0.8763 0.4480
vn -0.8679 -0.2630 0.4213
vn -0.8846 -0.1796 0.4304
vn 0.9031 -0.1297 0.4093
vn 0.8886 -0.2103 0.4076
vn -0.9033 -0.0930 0.4189
vn -0.9140 0.0021 0.4058
vn -0.7958 0.4296 0.4267
vn -0.7477 0.4993 0.4378
vn -0.4316 0.7986 0.4195
vn -0.3564 0.8412 0.4066
vn 0.6884 0.5638 0.4563
vn 0.7355 0.4896 0.4683
vn 0.0938 -0.8941 0.4379
vn 0.0078 -0.9061 0.4230
vn -0.9012 0.0964 0.4226
vn -0.8834 0.1785 0.4332
vn -0.0367 -0.0561 0.9978
vn -0.5554 -0.6988 0.4508
vn -0.0392 -0.0512 0.9979
vn 0.0136 -0.0643 0.9978
vn 0.0953 -0.8825 0.4606
vn 0.0076 -0.0622 0.9980
vn -0.0623 0.0129 0.9980
vn -0.8515 0.2544 0.4585
vn -0.0600 0.0183 0.9980
vn 0.0228 0.0452 0.9987
vn 0.4176 0.7752 0.4740
vn 0.0341 0.0449 0.9984
vn 0.0085 -0.8867 0.4622
vn -0.0027 -0.0618 0.9981
vn 0.0028 -0.0609 0.9981
vn 0.0491 0.0276 0.9984
vn 0.7809 0.4086 0.4725
vn 0.0523 0.0250 0.9983
vn -0.8225 -0.3424 0.4543
vn -0.0593 -0.0182 0.9981
vn -0.0576 -0.0241 0.9980
vn 0.3475 -0.8169 0.4604
vn 0.0206 -0.0649 0.9977
vn 0.0231 -0.0633 0.9977
vn 0.6348 -0.6351 0.4401
vn 0.0324 -0.0492 0.9983
vn 0.0372 -0.0447 0.9983
vn 0.0550 0.0170 0.9983
vn 0.8870 0.0438 0.4598
vn 0.0543 0.0140 0.9984
vn -0.8928 -0.0000 0.4504
vn -0.0632 0.0067 0.9980
vn -0.0626 -0.0003 0.9980
vn 0.0437 -0.0122 0.9990
vn 0.7905 -0.4411 0.4249
vn 0.0417 -0.0184 0.9990
vn -0.0355 0.0615 0.9975
vn -0.3487 0.8257 0.4435
vn -0.0312 0.0696 0.9971
vn 0.0531 0.0006 0.9986
vn 0.8553 -0.2879 0.4309
vn 0.0475 -0.0038 0.9989
vn 0.0532 0.0107 0.9985
vn 0.8840 -0.1332 0.4482
vn 0.0527 0.0065 0.9986
vn -0.0567 0.0221 0.9981
vn -0.7846 0.4218 0.4544
vn -0.0521 0.0272 0.9983
vn 0.0026 0.0489 0.9988
vn 0.0926 0.8863 0.4537
vn 0.0062 0.0387 0.9992
vn -0.0402 0.0211 0.9990
vn -0.6901 0.5611 0.4571
vn -0.0102 0.0016 0.9999
vn -0.0197 0.0730 0.9971
vn 0.0056 -0.0063 1.0000
vn -0.5692 0.6895 0.4478
vn -0.0076 0.0143 0.9999
vn -0.0119 0.0699 0.9975
vn -0.0927 0.8864 0.4536
vn -0.0100 0.0616 0.9981
vn 0.0526 0.0213 0.9984
vn 0.8528 0.2225 0.4725
vn 0.0538 0.0185 0.9984
vn -0.0319 -0.0607 0.9976
vn -0.4854 -0.7490 0.4509
vn -0.0083 -0.0637 0.9979
vn -0.2387 -0.8565 0.4577
vn -0.0139 -0.0629 0.9979
vn 0.0295 -0.0556 0.9980
vn 0.4270 -0.7788 0.4596
vn 0.0254 -0.0603 0.9979
vn 0.6208 0.6239 0.4748
vn 0.0461 0.0283 0.9985
vn 0.0449 0.0315 0.9985
vn -0.0616 -0.0058 0.9981
vn 0.0464 0.0396 0.9981
vn 0.5552 0.6862 0.4700
vn 0.0422 0.0367 0.9984
vn -0.0560 -0.0311 0.9979
vn -0.0447 -0.0459 0.9979
vn -0.6854 -0.5706 0.4524
vn -0.0489 -0.0412 0.9980
vn 0.0225 0.0385 0.9990
vn 0.3416 0.8148 0.4684
vn 0.0088 0.0374 0.9993
vn 0.2678 0.8463 0.4605
vn 0.5632 -0.1709 0.8084
vn 0.5453 -0.2291 0.8064
vn 0.5828 -0.0575 0.8106
vn 0.5753 -0.1142 0.8100
vn 0.5028 -0.4236 0.7535
vn 0.4776 -0.4764 0.7382
vn 0.5276 -0.2839 0.8006
vn 0.5107 -0.3518 0.7845
vn 0.2742 -0.5129 0.8135
vn 0.2207 -0.5328 0.8170
vn 0.5416 -0.7846 0.3017
vn 0.4208 -0.4962 0.7595
vn 0.3442 -0.4950 0.7979
vn -0.0288 0.0459 0.9985
vn 0.0517 -0.5863 0.8084
vn -0.0026 -0.6041 0.7969
vn 0.1655 -0.5451 0.8219
vn 0.1118 -0.5635 0.8185
vn -0.1706 -0.5778 0.7982
vn -0.2199 -0.5509 0.8051
vn -0.0578 -0.6009 0.7972
vn -0.1166 -0.5853 0.8024
vn -0.3614 -0.4640 0.8087
vn -0.4054 -0.4265 0.8085
vn -0.2583 -0.5114 0.8196
vn -0.3086 -0.4883 0.8163
vn -0.5143 -0.2711 0.8136
vn -0.5449 -0.2108 0.8116
vn -0.4476 -0.3827 0.8082
vn -0.4828 -0.3295 0.8114
vn -0.6090 -0.0136 0.7931
vn -0.6129 0.0459 0.7888
vn -0.5680 -0.1453 0.8101
vn -0.5874 -0.0784 0.8055
vn -0.5741 0.2118 0.7909
vn -0.5628 0.2583 0.7852
vn -0.5980 0.1050 0.7946
vn -0.5834 0.1588 0.7965
vn -0.4848 0.3801 0.7877
vn -0.4263 0.4152 0.8037
vn -0.5529 0.3172 0.7705
vn -0.5375 0.3610 0.7621
vn 0.0375 -0.0254 0.9990
vn 0.0366 -0.0381 0.9986
vn -0.2883 0.5116 0.8094
vn -0.2330 0.5377 0.8103
vn -0.3872 0.4522 0.8035
vn -0.3397 0.4829 0.8071
vn -0.0642 0.6020 0.7959
vn -0.0047 0.5966 0.8026
vn -0.1750 0.5655 0.8060
vn -0.1199 0.5936 0.7958
vn 0.1635 0.5622 0.8107
vn 0.2162 0.5407 0.8129
vn 0.0526 0.5905 0.8053
vn 0.1089 0.5777 0.8089
vn -0.0211 -0.0638 0.9977
vn 0.3883 0.4799 0.7867
vn 0.4350 0.4462 0.7821
vn 0.2664 0.5137 0.8156
vn 0.3259 0.4946 0.8057
vn 0.5160 0.2789 0.8099
vn 0.5418 0.2261 0.8095
vn 0.4661 0.3928 0.7927
vn 0.4893 0.3342 0.8056
vn -0.0534 -0.0372 0.9979
vn 0.5898 0.0584 0.8054
vn 0.5894 0.0001 0.8079
vn 0.5623 0.1715 0.8090
vn 0.5788 0.1157 0.8072
vn -0.0615 -0.0122 0.9980
vn 0.1769 0.8731 0.4543
vn 0.4913 0.7319 0.4722
vn -0.8226 0.3401 0.4557
vn -0.1587 -0.8734 0.4603
vn -0.3248 -0.8283 0.4566
vn -0.4267 0.7862 0.4469
vn 0.5677 -0.6913 0.4469
vn -0.7405 0.4938 0.4558
vn -0.8868 0.0933 0.4527
vn -0.2511 0.8610 0.4423
vn 0.0082 0.8908 0.4544
vn 0.7308 0.4899 0.4753
vn -0.7382 -0.5014 0.4513
vn -0.8879 -0.0905 0.4510
vn 0.6783 0.5584 0.4776
vn 0.1784 -0.8696 0.4604
vn -0.8526 -0.2583 0.4543
vn -0.8740 -0.1760 0.4529
vn -0.7832 -0.4268 0.4521
vn 0.8270 -0.3659 0.4269
vn 0.6957 -0.5736 0.4324
vn -0.0771 -0.8832 0.4627
vn -0.6237 -0.6370 0.4530
vn -0.5003 0.7427 0.4450
vn -0.1679 0.8770 0.4503
vn 0.2633 -0.8481 0.4599
vn -0.4119 -0.7902 0.4538
vn 0.8743 0.1351 0.4663
vn 0.8888 -0.0469 0.4558
vn 0.8735 -0.2116 0.4385
vn 0.4985 -0.7381 0.4546
vn -0.8716 0.1753 0.4578
vn 0.7481 -0.5086 0.4264
vn -0.6325 0.6270 0.4548
vn 0.8214 0.3169 0.4742
vn 0.9143 0.2786 0.2940
vn 0.9507 0.0939 0.2957
vn 0.7349 0.6283 0.2554
vn 0.8396 0.4544 0.2977
vn 0.4385 0.8444 0.3078
vn 0.6133 0.7492 0.2501
vn 0.0818 0.9513 0.2972
vn 0.2629 0.9167 0.3009
vn -0.2855 0.9182 0.2744
vn -0.1032 0.9530 0.2847
vn -0.6161 0.7296 0.2967
vn -0.4632 0.8421 0.2762
vn -0.8303 0.4834 0.2773
vn -0.7613 0.5899 0.2691
vn -0.9400 0.1496 0.3068
vn -0.8948 0.3192 0.3122
vn -0.9204 -0.2406 0.3083
vn -0.9517 -0.0307 0.3055
vn -0.7316 -0.6152 0.2937
vn -0.8433 -0.4422 0.3054
vn -0.4376 -0.8463 0.3037
vn -0.5946 -0.7463 0.2992
vn -0.0899 -0.9376 0.3359
vn -0.2775 -0.8984 0.3403
vn 0.2742 -0.9066 0.3209
vn 0.0871 -0.9440 0.3183
vn 0.6167 -0.7337 0.2851
vn 0.4501 -0.8380 0.3083
vn 0.8378 -0.4510 0.3077
vn 0.7368 -0.6128 0.2857
vn 0.9492 -0.0934 0.3006
vn 0.9129 -0.2774 0.2994
vn 0.4850 -0.7144 -0.5044
vn 0.8409 -0.2929 0.4551
vn -0.8365 0.2640 0.4802
vn -0.0722 0.8711 0.4858
vn 0.1559 0.8390 -0.5214
vn 0.8418 -0.1723 -0.5115
vn 0.3209 0.0378 -0.9464
vn 0.3660 -0.0389 -0.9298
vn 0.3660 0.0389 -0.9298
vn 0.3044 -0.0411 -0.9516
vn 0.3045 0.0411 -0.9516
vn -0.0002 0.0351 0.9994
vn -0.0064 0.7122 0.7020
vn -0.0000 0.0344 0.9994
vn -0.0146 0.7076 0.7064
vn -0.0397 0.9797 0.1963
vn -0.0166 0.9795 -0.2009
vn -0.0563 0.9970 -0.0535
vn -0.0529 0.9532 -0.2976
vn -0.0004 -0.0344 0.9994
vn 0.0004 0.0318 0.9995
vn -0.0000 -0.0318 0.9995
vn -0.0669 0.9311 -0.3587
vn -0.0294 0.7214 -0.6919
vn -0.0457 0.6972 -0.7154
vn -0.0013 0.0392 -0.9992
vn -0.0093 0.7501 -0.6613
vn -0.0064 0.9840 -0.1782
vn 0.0007 -0.0419 -0.9991
vn -0.0014 -0.0392 -0.9992
vn 0.0144 0.0431 0.9990
vn 0.0147 -0.0410 0.9991
vn 0.0144 -0.0431 0.9990
vn 0.1441 -0.0437 -0.9886
vn 0.1442 0.0438 -0.9886
vn 0.1767 0.0362 -0.9836
vn 0.2495 -0.0370 -0.9677
vn 0.2495 0.0370 -0.9677
vn 0.1144 0.8126 0.5715
vn 0.0147 0.0410 0.9991
vn 0.0950 0.7977 0.5956
vn 0.1152 0.9863 -0.1184
vn 0.0652 0.9893 -0.1303
vn 0.0824 0.8376 0.5400
vn 0.0124 0.0377 0.9992
vn 0.1282 0.9811 -0.1450
vn 0.2221 0.7974 -0.5611
vn 0.1149 0.9822 -0.1484
vn 0.2722 0.7809 -0.5623
vn 0.1034 0.8168 -0.5676
vn 0.0626 0.9862 -0.1536
vn 0.0097 -0.0376 0.9992
vn -0.0026 0.9992 -0.0393
vn -0.0014 0.7231 0.6907
vn -0.0119 0.9999 0.0107
vn 0.0877 0.9851 -0.1482
vn 0.1063 0.9881 -0.1109
vn 0.0848 0.9898 -0.1146
vn 0.0016 -0.0310 0.9995
vn 0.0027 0.0296 0.9996
vn 0.0027 -0.0296 0.9996
vn 0.0041 0.0416 -0.9991
vn 0.0007 0.0419 -0.9991
vn 0.0628 0.9914 -0.1151
vn 0.0041 -0.0416 -0.9991
vn 0.0320 0.9882 -0.1500
vn 0.0334 0.9933 -0.1110
vn -0.0488 0.9408 0.3354
vn 0.0812 -0.0358 -0.9961
vn 0.0812 0.0358 -0.9961
vn 0.1110 0.9830 -0.1462
vn 0.1247 0.9861 -0.1094
vn -0.0049 0.9932 -0.1160
vn 0.0057 -0.0302 0.9995
vn 0.0081 0.0316 0.9995
vn 0.0081 -0.0316 0.9995
vn 0.0016 0.0310 0.9995
vn -0.0011 0.7589 -0.6512
vn 0.0652 0.7711 -0.6334
vn 0.0004 0.7289 0.6846
vn 0.0231 0.7587 0.6510
vn -0.0713 0.9974 -0.0138
vn -0.0157 0.9945 -0.1040
vn -0.0017 -0.0351 0.9994
vn 0.0144 0.0377 0.9992
vn 0.0124 -0.0377 0.9992
vn 0.1382 0.7717 -0.6208
vn 0.0647 0.9866 -0.1496
vn 0.1912 0.7740 -0.6037
vn 0.2418 0.7765 -0.5819
vn 0.0461 0.7644 0.6431
vn 0.0057 0.0302 0.9995
vn 0.0606 0.7734 0.6311
vn 0.0645 0.7854 0.6156
vn 0.0097 0.0376 0.9992
vn 0.0874 -0.0444 -0.9952
vn 0.0395 0.9871 -0.1549
vn 0.0635 0.8506 0.5219
vn 0.0613 0.8209 -0.5678
vn -0.0024 -0.0310 -0.9995
vn -0.0035 0.0310 -0.9995
vn -0.0064 -0.7122 0.7020
vn -0.0152 -0.7076 0.7064
vn -0.0397 -0.9797 0.1963
vn -0.0488 -0.9408 0.3354
vn -0.0166 -0.9795 -0.2009
vn -0.0563 -0.9970 -0.0535
vn -0.0157 -0.9945 -0.1040
vn -0.0669 -0.9311 -0.3587
vn -0.0294 -0.7214 -0.6919
vn -0.0449 -0.6973 -0.7154
vn -0.0093 -0.7501 -0.6613
vn -0.0064 -0.9840 -0.1782
vn -0.0011 -0.7589 -0.6512
vn 0.1144 -0.8126 0.5715
vn 0.0950 -0.7977 0.5955
vn 0.1152 -0.9863 -0.1184
vn 0.1247 -0.9861 -0.1094
vn 0.0652 -0.9893 -0.1303
vn 0.0824 -0.8376 0.5400
vn 0.1282 -0.9811 -0.1450
vn 0.2221 -0.7974 -0.5611
vn 0.2721 -0.7809 -0.5623
vn 0.1150 -0.9822 -0.1484
vn 0.1034 -0.8168 -0.5676
vn -0.0026 -0.9992 -0.0393
vn -0.0014 -0.7231 0.6907
vn 0.0004 -0.7289 0.6846
vn 0.0877 -0.9851 -0.1482
vn 0.1063 -0.9881 -0.1109
vn 0.1110 -0.9830 -0.1462
vn 0.0628 -0.9914 -0.1151
vn 0.0647 -0.9866 -0.1496
vn 0.0320 -0.9882 -0.1500
vn -0.0049 -0.9932 -0.1160
vn -0.0714 -0.9974 -0.0139
vn 0.0652 -0.7710 -0.6335
vn 0.0626 -0.9862 -0.1536
vn 0.0343 -0.9932 -0.1110
vn 0.0231 -0.7587 0.6510
vn -0.0529 -0.9532 -0.2976
vn -0.0119 -0.9999 0.0107
vn 0.1382 -0.7717 -0.6208
vn 0.1766 -0.0362 -0.9836
vn 0.1912 -0.7740 -0.6036
vn 0.2418 -0.7765 -0.5819
vn 0.3209 -0.0378 -0.9464
vn 0.0461 -0.7644 0.6431
vn 0.0848 -0.9898 -0.1146
vn 0.0606 -0.7734 0.6311
vn 0.0645 -0.7855 0.6155
vn 0.0395 -0.9871 -0.1549
vn 0.0613 -0.8209 -0.5678
vn 0.0635 -0.8506 0.5219
vn 0.0419 -0.9902 -0.1335
vn 0.0144 -0.0377 0.9992
vn 0.9820 0.0436 -0.1835
vn 0.9834 0.1247 -0.1321
vn 1.0000 -0.0011 0.0007
vn 0.0155 -0.6852 0.7282
vn -0.0124 -0.2318 0.9727
vn -0.0130 -0.6851 0.7283
vn -0.0144 -0.2314 -0.9728
vn 0.0177 -0.6844 -0.7289
vn -0.0130 -0.6845 -0.7289
vn 0.0184 -0.9651 0.2613
vn -0.0131 -0.9654 -0.2604
vn 0.0186 -0.9654 -0.2602
vn -1.0000 -0.0027 0.0004
vn -0.9847 -0.1261 -0.1204
vn -0.9851 -0.1657 -0.0471
vn -0.3621 -0.2164 0.9067
vn -0.3805 -0.6340 0.6733
vn -0.3594 0.2183 -0.9073
vn -0.0161 0.2337 -0.9722
vn -0.3629 -0.2107 -0.9077
vn -0.9822 -0.0492 -0.1814
vn -0.9824 0.1282 -0.1362
vn -0.9809 0.0471 -0.1885
vn 0.4611 -0.6078 -0.6465
vn 0.4741 -0.8507 -0.2270
vn -0.3888 -0.6306 -0.6717
vn 0.9833 -0.0404 0.1774
vn 0.9832 0.0414 0.1777
vn -0.0140 0.6860 0.7274
vn 0.0167 0.9653 0.2606
vn -0.0140 0.9650 0.2620
vn -0.0131 -0.9652 0.2612
vn -0.0129 0.2312 0.9728
vn -0.3745 0.6358 0.6749
vn -0.3653 0.2164 0.9054
vn -0.0146 0.6841 -0.7293
vn 0.0178 0.2339 -0.9721
vn -0.9852 -0.1672 0.0376
vn -0.9837 0.1188 0.1347
vn -0.9845 0.1683 0.0486
vn -0.4042 -0.8832 -0.2380
vn 0.9847 -0.1236 0.1229
vn -0.9843 0.1696 -0.0494
vn -0.3762 0.6299 -0.6795
vn 0.4498 0.2067 0.8689
vn 0.9844 0.1201 0.1289
vn 0.4647 0.6087 0.6430
vn 0.9834 -0.1255 -0.1312
vn 0.9841 -0.1732 -0.0404
vn 0.4716 0.8522 0.2265
vn 0.0146 0.6860 0.7275
vn 0.0136 0.2311 0.9728
vn -0.3717 0.8957 0.2441
vn 0.0174 -0.2317 -0.9726
vn 0.4632 -0.6102 0.6427
vn 0.4745 -0.8504 0.2273
vn -0.3987 -0.8851 0.2402
vn 0.4465 -0.2078 0.8703
vn 0.4508 0.6122 -0.6495
vn 0.4407 0.2092 -0.8729
vn 0.4446 -0.2075 -0.8714
vn 0.9837 0.1735 -0.0468
vn 0.4661 0.8535 -0.2331
vn 0.9820 -0.0437 -0.1840
vn 0.0191 0.6843 -0.7289
vn -0.9829 -0.0404 0.1794
vn -0.9837 -0.1274 0.1270
vn 0.0191 0.9646 -0.2631
vn -0.0135 0.9648 -0.2627
vn -0.9821 0.0478 0.1822
vn 0.9838 -0.1737 0.0444
vn 0.9841 0.1720 0.0451
vn -0.3776 0.8933 -0.2440
vn -0.0952 0.4977 0.8621
vn 0.0436 0.2585 0.9650
vn 0.0436 0.4995 0.8652
vn -0.0954 0.2575 0.9615
vn 0.0436 -0.0006 0.9991
vn 0.1693 -0.0003 0.9856
vn 0.1693 0.2551 0.9520
vn 0.1695 0.4928 0.8535
vn -0.0047 -0.0000 1.0000
vn 0.0103 0.2568 0.9664
vn -0.0041 0.2566 0.9665
vn -0.0015 0.7060 -0.7082
vn 0.0110 0.4981 -0.8671
vn -0.0028 0.4977 -0.8673
vn 0.0135 0.8657 -0.5003
vn -0.0004 0.8658 -0.5004
vn 0.0180 0.8655 0.5007
vn -0.0102 0.9658 0.2589
vn -0.0108 0.8655 0.5008
vn 0.0142 0.9658 -0.2587
vn 0.0002 0.9659 -0.2588
vn -0.0153 -0.0000 0.9999
vn 0.0138 0.2538 0.9672
vn -0.0147 0.2533 0.9673
vn 0.0014 0.6974 -0.7167
vn 0.0045 0.8643 -0.5030
vn 0.0034 0.6975 -0.7166
vn 0.0169 0.7044 0.7096
vn -0.0118 0.7043 0.7098
vn 0.0003 -0.0000 -1.0000
vn -0.1883 0.2540 -0.9487
vn -0.1883 -0.0003 -0.9821
vn 0.0007 0.2584 -0.9660
vn -0.1878 0.4909 -0.8507
vn -0.0951 0.4977 -0.8621
vn -0.0953 0.2576 -0.9615
vn -0.0946 -0.0016 -0.9955
vn 0.0019 0.4995 -0.8663
vn -0.1883 0.6949 -0.6941
vn 0.0030 0.7084 -0.7058
vn -0.1922 0.8508 -0.4890
vn -0.0947 0.8621 -0.4978
vn -0.0949 0.7039 -0.7040
vn 0.0032 0.8688 -0.4952
vn -0.1954 0.9475 -0.2532
vn 0.0015 0.9665 -0.2568
vn -0.1927 0.9813 -0.0019
vn -0.0949 0.9955 -0.0000
vn -0.0949 0.9616 -0.2574
vn 0.0003 1.0000 -0.0056
vn -0.1883 0.9490 0.2530
vn 0.0024 0.9669 0.2552
vn -0.1869 0.8507 0.4912
vn -0.0948 0.8621 0.4978
vn -0.0948 0.9616 0.2575
vn 0.0038 0.8660 0.5000
vn -0.1873 0.6945 0.6947
vn 0.0031 0.7068 0.7074
vn -0.1908 0.4891 0.8511
vn -0.0950 0.7039 0.7039
vn 0.0014 0.4950 0.8689
vn -0.1941 0.2537 0.9476
vn -0.0004 0.2582 0.9661
vn -0.1914 0.0017 0.9815
vn -0.0952 -0.0004 0.9955
vn 0.1690 -0.0009 -0.9856
vn 0.2890 0.2480 -0.9246
vn 0.2896 -0.0000 -0.9571
vn 0.1693 0.2551 -0.9520
vn 0.2833 0.4716 -0.8351
vn 0.4253 0.4518 -0.7842
vn 0.4380 0.2435 -0.8654
vn 0.4410 0.0010 -0.8975
vn 0.2930 0.2454 0.9241
vn 0.2898 0.4722 0.8325
vn 0.2922 0.0008 0.9564
vn 0.4304 0.0021 0.9026
vn 0.4364 0.2453 0.8657
vn 0.4334 0.4600 0.7750
vn 0.1694 0.8535 0.4928
vn 0.2852 0.6748 0.6807
vn 0.2891 0.8293 0.4782
vn 0.1694 0.6969 0.6969
vn 0.4004 0.6336 0.6620
vn 0.4337 0.7519 0.4965
vn 0.1694 0.9855 -0.0000
vn 0.2906 0.9215 0.2577
vn 0.2852 0.9585 0.0002
vn 0.1694 0.9520 0.2548
vn 0.3828 0.8866 0.2597
vn 0.3743 0.9273 -0.0022
vn 0.1694 0.8535 -0.4928
vn 0.2950 0.9175 -0.2668
vn 0.2950 0.8222 -0.4869
vn 0.1692 0.9521 -0.2549
vn 0.3858 0.8765 -0.2879
vn 0.4222 0.7500 -0.5091
vn 0.1695 0.4928 -0.8535
vn 0.2829 0.6724 -0.6840
vn 0.1695 0.6968 -0.6969
vn 0.3929 0.6241 -0.6754
vn 0.0438 0.9650 0.2584
vn 0.0439 0.9990 -0.0000
vn 0.0437 0.8652 0.4996
vn 0.0437 0.7064 -0.7065
vn 0.0437 0.4995 -0.8652
vn 0.0437 0.8652 -0.4996
vn 0.0437 0.7064 0.7064
vn 0.0436 0.2586 -0.9650
vn 0.0434 -0.0021 -0.9991
vn 0.0438 0.9650 -0.2584
vn 0.0112 0.4979 0.8671
vn 0.1983 0.2516 0.9473
vn 0.1993 0.4883 0.8496
vn 0.1976 0.0006 0.9803
vn 0.2041 0.9458 -0.2524
vn 0.3123 0.8237 -0.4733
vn 0.2019 0.8482 -0.4897
vn 0.3057 0.6734 -0.6731
vn 0.1989 0.4889 -0.8493
vn 0.2004 0.6922 -0.6933
vn 0.0136 0.8657 0.5003
vn 0.2004 0.6923 0.6933
vn 0.2016 0.8482 0.4899
vn 0.0125 0.7061 0.7080
vn 0.3017 0.2460 -0.9211
vn 0.1975 0.2527 -0.9472
vn -0.1188 -0.0002 0.9929
vn -0.1276 0.2535 0.9589
vn -0.1184 0.2533 0.9601
vn 0.0143 0.9999 -0.0000
vn 0.2034 0.9460 0.2524
vn 0.2051 0.9787 -0.0002
vn 0.0141 0.9658 0.2588
vn 0.3074 0.2446 0.9196
vn 0.3170 0.9167 -0.2431
vn 0.3052 0.8247 0.4762
vn 0.0124 0.7061 -0.7080
vn 0.3135 0.9496 -0.0021
vn 0.3042 0.6732 0.6740
vn 0.0091 -0.0000 -1.0000
vn 0.1969 -0.0000 -0.9804
vn 0.0096 0.2570 -0.9664
vn 0.3011 -0.0000 -0.9536
vn -0.0007 0.0052 1.0000
vn 0.3063 0.4732 0.8260
vn 0.3077 0.9198 0.2435
vn 0.3029 0.4757 -0.8258
vn -0.0042 0.2567 -0.9665
vn 0.0005 1.0000 -0.0000
vn 0.0004 0.9659 0.2588
vn -0.0002 0.8657 0.5005
vn -0.0012 0.7060 0.7082
vn -0.0027 0.4976 0.8674
vn -0.0048 -0.0000 -1.0000
vn 0.1604 0.6961 0.6998
vn -0.1175 0.4928 0.8621
vn -0.1164 0.7006 0.7040
vn 0.1620 0.8543 -0.4940
vn -0.1148 0.9595 -0.2574
vn -0.1151 0.8600 -0.4972
vn -0.1240 0.9585 0.2569
vn -0.1148 0.9934 -0.0000
vn -0.1150 0.9595 0.2572
vn -0.1160 0.7008 -0.7039
vn -0.1261 0.4929 -0.8609
vn -0.1173 0.4930 -0.8621
vn 0.1624 0.9531 0.2554
vn -0.1155 0.8599 0.4972
vn 0.1589 0.4896 -0.8574
vn -0.1274 0.2538 -0.9588
vn -0.1184 0.2537 -0.9600
vn 0.1626 0.9530 -0.2555
vn 0.3448 0.9387 -0.0001
vn 0.2748 0.9287 -0.2488
vn 0.2751 0.9614 -0.0000
vn 0.1696 0.8531 -0.4933
vn 0.1608 0.6961 -0.6997
vn 0.1683 0.6949 -0.6991
vn -0.1238 0.9923 -0.0000
vn 0.1617 0.8543 0.4940
vn 0.1706 0.9853 -0.0000
vn 0.1703 0.9518 -0.2550
vn -0.1250 0.7003 -0.7029
vn 0.1571 0.2519 -0.9549
vn 0.1564 -0.0000 -0.9877
vn -0.1187 -0.0000 -0.9929
vn 0.1697 0.8531 0.4934
vn 0.1703 0.9518 0.2551
vn 0.1647 0.2512 0.9538
vn 0.1586 0.4896 0.8574
vn 0.1665 0.4885 0.8565
vn 0.1627 0.9867 -0.0000
vn 0.1572 0.2518 0.9549
vn 0.1665 0.4885 -0.8565
vn 0.1645 0.2512 -0.9538
vn 0.0131 -0.0000 -0.9999
vn 0.1637 -0.0000 -0.9865
vn 0.0137 0.2537 -0.9672
vn -0.1246 0.7002 0.7030
vn 0.0152 0.4943 -0.8691
vn 0.0169 0.7045 -0.7096
vn 0.1684 0.6949 0.6991
vn 0.0180 0.8655 -0.5007
vn 0.0187 0.9657 -0.2588
vn -0.1262 0.4927 0.8610
vn 0.0189 0.9998 -0.0000
vn 0.0187 0.9658 0.2588
vn -0.1244 0.8590 0.4967
vn 0.1567 -0.0001 0.9876
vn 0.1639 -0.0000 0.9865
vn 0.0153 0.4944 0.8691
vn -0.1245 0.8590 -0.4967
vn -0.0100 0.9999 -0.0000
vn -0.0133 0.4939 0.8694
vn -0.0108 0.8655 -0.5008
vn -0.0102 0.9658 -0.2589
vn -0.0119 0.7044 -0.7097
vn -0.0134 0.4939 -0.8694
vn -0.0148 0.2533 -0.9673
vn -0.0153 -0.0000 -0.9999
vn -0.1240 0.9584 -0.2571
vn -0.1279 -0.0000 -0.9918
vn 0.2738 0.8322 -0.4821
vn 0.3416 0.6612 -0.6679
vn 0.2719 0.6770 -0.6839
vn -0.1800 0.9497 -0.2562
vn -0.3374 0.8154 -0.4703
vn -0.1791 0.8520 -0.4919
vn -0.1851 0.8504 0.4925
vn -0.3376 0.9092 0.2438
vn -0.1851 0.9492 0.2543
vn -0.3380 0.9411 -0.0016
vn -0.1838 0.9830 -0.0013
vn -0.1855 0.4839 0.8553
vn -0.3373 0.6625 0.6689
vn -0.1853 0.6914 0.6983
vn -0.3374 0.8147 0.4717
vn 0.3434 0.8128 -0.4705
vn -0.1857 0.2475 0.9509
vn -0.3369 0.4638 0.8194
vn 0.2671 0.2427 0.9326
vn 0.3392 0.4629 0.8189
vn 0.2694 0.4738 0.8384
vn 0.2747 0.9287 0.2490
vn 0.3416 0.6611 0.6680
vn 0.2736 0.8323 0.4820
vn 0.2718 0.6769 0.6840
vn -0.1829 0.6930 -0.6973
vn -0.3365 0.4640 -0.8194
vn -0.1854 0.4840 -0.8552
vn 0.0020 0.4795 0.8775
vn 0.0006 0.2406 0.9706
vn 0.2663 -0.0000 0.9639
vn -0.3361 -0.0000 0.9418
vn -0.1857 -0.0000 0.9826
vn 0.3391 0.4630 -0.8189
vn 0.2695 0.4738 -0.8384
vn 0.0045 0.8643 0.5030
vn 0.0035 0.6975 0.7166
vn 0.3366 0.2369 -0.9113
vn 0.2673 0.2423 -0.9327
vn 0.3444 0.9069 0.2429
vn 0.0053 1.0000 -0.0000
vn 0.0051 0.9659 0.2590
vn -0.3378 0.9085 -0.2458
vn 0.0052 0.9659 -0.2590
vn 0.3356 -0.0000 -0.9420
vn 0.2664 -0.0000 -0.9639
vn -0.1857 0.2475 -0.9509
vn -0.3358 -0.0005 -0.9419
vn -0.1853 -0.0004 -0.9827
vn 0.0020 0.4796 -0.8775
vn -0.3360 0.2375 -0.9114
vn 0.0001 -0.0000 -1.0000
vn 0.0006 0.2406 -0.9706
vn -0.3371 0.6641 -0.6674
vn 0.3368 0.2370 0.9113
vn 0.3434 0.8128 0.4707
vn 0.3444 0.9069 -0.2429
vn -0.1352 0.2502 -0.9587
vn -0.1359 -0.0002 -0.9907
vn -0.1347 0.4886 -0.8621
vn -0.1357 0.6979 -0.7032
vn -0.1377 0.8574 -0.4958
vn -0.1368 0.9566 -0.2572
vn -0.1341 0.9910 -0.0005
vn -0.1330 0.9573 0.2567
vn -0.1334 0.8577 0.4965
vn -0.1340 0.6976 0.7039
vn -0.1347 0.4885 0.8621
vn -0.1354 0.2501 0.9587
vn -0.3363 0.2374 0.9113
vn -0.1358 -0.0000 0.9907
vn 0.0014 0.6974 0.7167
vn 0.0031 0.9659 0.2590
vn -0.0013 0.2404 0.9707
vn 0.0001 -0.0000 1.0000
vn -0.0000 0.4793 0.8776
vn 0.0033 1.0000 -0.0000
vn 0.0031 0.9659 -0.2590
vn 0.0025 0.8640 0.5035
vn -0.0020 -0.0000 -1.0000
vn -0.0001 0.4794 -0.8776
vn -0.0014 0.2404 -0.9707
vn 0.0025 0.8644 -0.5028
vn 0.6399 0.7422 0.1993
vn 0.8161 0.5780 0.0001
vn 0.8152 0.5594 0.1502
vn 0.8152 0.5594 -0.1502
vn 0.6049 0.6867 -0.4031
vn 0.6070 0.7675 -0.2061
vn 0.6107 0.7919 -0.0008
vn 0.6367 0.6656 0.3894
vn 0.8128 0.5028 0.2941
vn 0.6303 0.5365 0.5611
vn 0.8082 0.4070 0.4257
vn 0.6143 0.1822 -0.7677
vn 0.7607 -0.0046 -0.6491
vn 0.7823 0.1399 -0.6070
vn 0.6115 0.7642 0.2052
vn 0.6056 0.6866 0.4024
vn 0.6286 0.5350 -0.5645
vn 0.8047 0.2808 -0.5231
vn 0.8151 0.3978 -0.4212
vn 0.5837 -0.0069 -0.8119
vn 0.5850 0.1765 -0.7916
vn 0.5917 0.3767 -0.7128
vn 0.8015 0.2777 0.5296
vn 0.6369 0.6620 -0.3952
vn 0.8167 0.4956 -0.2956
vn 0.7947 0.1381 0.5910
vn 0.6198 0.3648 0.6948
vn 0.5974 0.5541 0.5797
vn 0.5898 0.3763 0.7146
vn 0.6401 0.7420 -0.1992
vn 0.6010 0.5503 -0.5796
vn 0.6072 0.0007 0.7945
vn 0.7913 0.0007 0.6114
vn 0.5836 0.1854 0.7906
vn 0.5798 -0.0002 0.8147
vn 0.0182 0.2294 0.9732
vn -0.0950 0.4642 0.8806
vn -0.0929 0.2285 0.9691
vn 0.0185 -0.0000 0.9998
vn -0.0922 -0.0000 0.9957
vn -0.0973 0.6877 0.7194
vn -0.3256 0.8162 0.4772
vn -0.3190 0.6580 0.6821
vn -0.3087 0.4436 0.8414
vn 0.0191 0.9656 -0.2593
vn -0.0989 0.8588 -0.5027
vn -0.0997 0.9610 -0.2579
vn 0.0184 0.8627 0.5054
vn -0.1007 0.9609 0.2581
vn -0.0993 0.8589 0.5025
vn -0.0974 0.6876 -0.7196
vn -0.3096 0.4429 -0.8414
vn -0.3159 0.6551 -0.6863
vn -0.3202 0.8176 -0.4786
vn 0.0240 0.2288 -0.9732
vn -0.0932 -0.0006 -0.9956
vn -0.0933 0.2283 -0.9691
vn 0.0184 0.6909 0.7228
vn -0.3026 0.2187 0.9277
vn -0.3003 -0.0000 0.9538
vn 0.0182 0.9659 0.2584
vn -0.1005 0.9949 -0.0001
vn 0.0200 0.6906 -0.7230
vn -0.0950 0.4641 -0.8807
vn -0.3226 0.9142 -0.2455
vn -0.3230 0.9464 0.0004
vn 0.0187 0.9998 -0.0011
vn -0.3248 0.9124 0.2492
vn 0.0181 0.4662 0.8845
vn 0.0192 0.8632 -0.5045
vn -0.3013 -0.0015 -0.9535
vn -0.3036 0.2183 -0.9275
vn -0.5300 0.1914 -0.8262
vn -0.5353 0.3930 -0.7476
vn -0.5297 -0.0010 -0.8482
vn -0.7233 -0.0000 -0.6905
vn -0.7185 0.1850 -0.6704
vn -0.6967 0.3339 -0.6349
vn -0.5577 0.5920 0.5818
vn -0.5353 0.3939 0.7472
vn -0.5701 0.7091 0.4150
vn -0.7503 0.5698 0.3352
vn -0.7419 0.4697 0.4784
vn -0.6983 0.3339 0.6332
vn -0.5482 0.5798 -0.6027
vn -0.5580 0.7161 -0.4192
vn -0.7336 0.4465 -0.5123
vn -0.7479 0.5721 -0.3367
vn -0.5301 0.1912 0.8261
vn -0.5308 -0.0000 0.8475
vn -0.7196 0.1845 0.6694
vn -0.7241 -0.0000 0.6897
vn -0.5573 0.8009 -0.2191
vn -0.5551 0.8318 -0.0000
vn -0.7425 0.6533 -0.1480
vn -0.7163 0.6977 -0.0000
vn -0.5655 0.7895 0.2386
vn -0.7487 0.6365 0.1853
vn -0.7984 -0.0000 -0.6021
vn -0.8027 0.2775 -0.5279
vn -0.8122 -0.0000 -0.5834
vn -0.8205 0.2660 -0.5059
vn -0.8036 0.2948 0.5170
vn -0.8155 0.5783 0.0229
vn -0.8046 0.5106 0.3033
vn -0.8073 0.5067 0.3026
vn -0.8124 0.2823 0.5102
vn -0.8179 0.4946 -0.2939
vn -0.8310 0.4775 -0.2853
vn -0.7986 -0.0000 0.6019
vn -0.8122 -0.0000 0.5833
vn -0.8250 0.5649 0.0146
vn 0.0202 0.4662 -0.8845
vn 0.0315 -0.0027 -0.9995
vn -0.1090 0.8566 -0.5043
vn -0.2490 0.6691 -0.7002
vn -0.1117 0.6858 -0.7192
vn -0.1068 0.9603 0.2579
vn -0.2533 0.9674 -0.0000
vn -0.1070 0.9943 -0.0000
vn -0.1046 -0.0006 0.9945
vn -0.2415 0.2232 0.9444
vn -0.1050 0.2283 0.9679
vn -0.1051 0.4639 0.8796
vn -0.2491 0.6695 0.6998
vn -0.1057 0.6873 0.7186
vn -0.2451 0.4527 0.8573
vn -0.2529 0.9344 -0.2510
vn -0.1067 0.9603 -0.2579
vn -0.1078 0.4625 -0.8801
vn -0.2500 0.2213 -0.9426
vn -0.1017 0.2275 -0.9684
vn -0.2477 0.0015 -0.9688
vn -0.1012 0.0018 -0.9949
vn -0.1063 0.8582 0.5022
vn -0.2529 0.9344 0.2509
vn -0.2516 0.8353 0.4888
vn -0.2515 0.8353 -0.4889
vn -0.2486 0.4497 -0.8579
vn -0.0019 -0.0000 1.0000
vn 0.6097 0.1810 0.7717
vn 0.6411 0.7674 0.0001
vn 0.6213 0.3699 -0.6907
vn 0.6079 -0.0015 -0.7940
vn 0.6795 0.0229 0.7333
vn 0.6764 0.2700 0.6853
vn 0.6239 0.5039 0.5974
vn 0.9286 0.0553 0.3670
vn 0.8933 0.3064 0.3287
vn 0.8296 0.4873 0.2726
vn 0.9405 0.0255 -0.3390
vn 0.9098 0.2989 -0.2879
vn 0.8342 0.4964 -0.2402
vn 0.6687 0.0039 -0.7436
vn 0.6586 0.2494 -0.7100
vn 0.6119 0.4982 -0.6143
vn 0.6588 0.7406 -0.1320
vn 0.6098 0.7680 -0.1955
vn 0.5414 0.8272 -0.1507
vn 0.3681 0.9291 -0.0360
vn 0.3895 0.9207 0.0235
vn 0.6473 0.7596 0.0636
vn 0.6845 0.7282 -0.0337
vn 0.6266 0.7488 0.2159
vn 0.5851 0.7907 0.1802
vn -0.2508 0.9290 0.2723
vn -0.2094 0.9510 -0.2276
vn 0.9086 0.3194 0.2691
vn 0.6297 0.5071 0.5885
vn 0.1148 0.7867 0.6066
vn 0.9600 0.2778 -0.0349
vn 0.6276 0.4619 -0.6267
vn 0.8877 0.2838 -0.3625
vn 0.1994 0.7106 -0.6748
vn 0.7376 0.6735 -0.0484
vn -0.0950 -0.4973 0.8623
vn 0.0435 -0.2585 0.9650
vn -0.0949 -0.2576 0.9616
vn 0.0436 -0.4990 0.8655
vn 0.1692 -0.2551 0.9520
vn 0.0100 -0.2568 0.9664
vn 0.0098 -0.0000 1.0000
vn -0.0013 -0.7059 -0.7083
vn 0.0109 -0.4981 -0.8671
vn 0.0124 -0.7061 -0.7080
vn 0.0136 -0.8670 -0.4982
vn 0.0186 -0.8656 0.5004
vn -0.0102 -0.9658 0.2589
vn 0.0195 -0.9657 0.2589
vn 0.0141 -0.9658 -0.2588
vn 0.0001 -0.8669 -0.4985
vn 0.0138 -0.2538 0.9672
vn 0.0132 -0.0000 0.9999
vn 0.0014 -0.6974 -0.7167
vn 0.0045 -0.8643 -0.5030
vn 0.0025 -0.8643 -0.5030
vn 0.0170 -0.7045 0.7095
vn -0.0108 -0.8655 0.5008
vn -0.1876 -0.2540 -0.9488
vn 0.0007 -0.2584 -0.9660
vn -0.1876 -0.4906 -0.8509
vn 0.0019 -0.4995 -0.8663
vn -0.0944 -0.4963 -0.8630
vn -0.0937 -0.2576 -0.9617
vn -0.1865 -0.6951 -0.6943
vn 0.0031 -0.7069 -0.7073
vn -0.1847 -0.8512 -0.4913
vn 0.0038 -0.8660 -0.5001
vn -0.0928 -0.8624 -0.4977
vn -0.0940 -0.7056 -0.7023
vn -0.1851 -0.9491 -0.2550
vn 0.0041 -0.9660 -0.2586
vn -0.1846 -0.9828 0.0012
vn 0.0042 -1.0000 -0.0000
vn -0.0940 -0.9956 0.0030
vn -0.0938 -0.9610 -0.2600
vn -0.1836 -0.9495 0.2545
vn 0.0042 -0.9659 0.2590
vn -0.1854 -0.8517 0.4902
vn 0.0038 -0.8660 0.5000
vn -0.0941 -0.8637 0.4951
vn -0.0932 -0.9617 0.2577
vn -0.1873 -0.6945 0.6947
vn 0.0030 -0.7069 0.7074
vn -0.1874 -0.4909 0.8508
vn 0.0019 -0.4995 0.8663
vn -0.0950 -0.7039 0.7039
vn -0.1880 -0.2540 0.9488
vn 0.0005 -0.2582 0.9661
vn 0.2889 -0.2478 -0.9247
vn 0.1685 -0.2552 -0.9521
vn 0.2832 -0.4716 -0.8351
vn 0.1691 -0.4920 -0.8540
vn 0.4241 -0.4524 -0.7845
vn 0.4372 -0.2423 -0.8661
vn 0.1694 -0.4925 0.8537
vn 0.2920 -0.2442 0.9247
vn 0.2882 -0.4716 0.8334
vn 0.4333 -0.2334 0.8705
vn 0.1694 -0.8548 0.4906
vn 0.2838 -0.6758 0.6802
vn 0.1695 -0.6969 0.6969
vn 0.4258 -0.4539 0.7827
vn 0.2885 -0.8313 0.4751
vn 0.3919 -0.6392 0.6617
vn 0.1694 -0.9855 0.0025
vn 0.2900 -0.9217 0.2577
vn 0.1691 -0.9520 0.2551
vn 0.4124 -0.7590 0.5039
vn 0.2854 -0.9584 0.0022
vn 0.3799 -0.8895 0.2537
vn 0.1684 -0.8537 -0.4929
vn 0.2952 -0.9174 -0.2669
vn 0.1689 -0.9518 -0.2561
vn 0.3826 -0.9239 -0.0014
vn 0.2952 -0.8222 -0.4866
vn 0.3860 -0.8778 -0.2837
vn 0.2828 -0.6726 -0.6839
vn 0.1689 -0.6977 -0.6962
vn 0.4167 -0.7483 -0.5161
vn 0.3923 -0.6249 -0.6750
vn 0.0430 -0.9650 0.2586
vn 0.0434 -0.8667 0.4969
vn 0.0434 -0.9991 0.0030
vn 0.0434 -0.7083 -0.7046
vn 0.0430 -0.8652 -0.4995
vn 0.0435 -0.4977 -0.8662
vn 0.0437 -0.7064 0.7064
vn 0.0434 -0.2586 -0.9650
vn 0.0433 -0.9643 -0.2611
vn 0.0110 -0.4980 0.8671
vn 0.1978 -0.2516 0.9474
vn 0.2006 -0.9463 -0.2535
vn 0.3049 -0.8252 -0.4755
vn 0.3047 -0.9200 -0.2463
vn 0.3043 -0.6732 -0.6739
vn 0.1989 -0.4890 -0.8493
vn 0.3029 -0.4757 -0.8258
vn 0.0136 -0.8657 0.5003
vn 0.2004 -0.6922 0.6933
vn 0.0125 -0.7061 0.7080
vn 0.1990 -0.4889 0.8494
vn 0.3017 -0.2460 -0.9211
vn -0.1278 -0.2536 0.9588
vn -0.1285 -0.0001 0.9917
vn 0.0143 -0.9999 -0.0027
vn 0.2021 -0.9460 0.2536
vn 0.0142 -0.9658 0.2588
vn 0.2015 -0.8482 0.4899
vn 0.3016 -0.2451 0.9214
vn 0.3031 -0.4757 0.8257
vn 0.2016 -0.9795 -0.0019
vn 0.3055 -0.9522 -0.0008
vn 0.3052 -0.8247 0.4762
vn 0.3041 -0.6732 0.6740
vn 0.2008 -0.8493 -0.4883
vn 0.2003 -0.6923 -0.6933
vn 0.3057 -0.9196 0.2466
vn 0.1975 -0.2527 -0.9472
vn 0.0097 -0.2570 -0.9664
vn 0.3034 0.0023 0.9528
vn -0.0028 -0.4977 -0.8673
vn 0.0012 -0.9659 -0.2588
vn 0.0009 -1.0000 -0.0024
vn 0.0003 -0.9659 0.2589
vn -0.0012 -0.7060 0.7082
vn -0.0027 -0.4976 0.8674
vn -0.0041 -0.2566 0.9665
vn -0.0042 -0.2567 -0.9665
vn 0.1603 -0.6962 0.6997
vn -0.1174 -0.4927 0.8622
vn 0.1590 -0.4895 0.8574
vn 0.1619 -0.8542 -0.4940
vn -0.1148 -0.9595 -0.2572
vn 0.1625 -0.9531 -0.2554
vn -0.1239 -0.9585 0.2569
vn -0.1147 -0.9934 -0.0001
vn -0.1229 -0.9924 -0.0005
vn -0.1162 -0.7007 -0.7040
vn -0.1263 -0.4928 -0.8609
vn -0.1248 -0.7001 -0.7030
vn 0.1604 -0.9533 0.2557
vn -0.1155 -0.8599 0.4972
vn 0.1604 -0.8548 0.4935
vn 0.1589 -0.4896 -0.8574
vn 0.1607 -0.6960 -0.6998
vn -0.1173 -0.4929 -0.8621
vn -0.1274 -0.2538 -0.9588
vn -0.1242 -0.8590 0.4967
vn 0.1618 -0.9868 0.0007
vn 0.3463 -0.9381 -0.0003
vn 0.2748 -0.9287 -0.2490
vn 0.3462 -0.9062 -0.2427
vn 0.1696 -0.8531 -0.4933
vn -0.1217 -0.9587 -0.2570
vn -0.1152 -0.8599 -0.4972
vn -0.1163 -0.7005 0.7041
vn 0.1707 -0.9853 0.0012
vn -0.1235 -0.8594 -0.4961
vn 0.1571 -0.2519 -0.9549
vn -0.1183 -0.2537 -0.9600
vn 0.1698 -0.8537 0.4923
vn 0.1646 -0.2512 0.9538
vn 0.1574 -0.2518 0.9549
vn -0.1150 -0.9595 0.2572
vn 0.1664 -0.4885 -0.8565
vn -0.1185 -0.2535 0.9601
vn 0.1646 -0.2512 -0.9538
vn 0.0137 -0.2537 -0.9672
vn 0.0152 -0.4943 -0.8691
vn 0.1683 -0.6949 -0.6991
vn -0.1251 -0.7000 0.7031
vn -0.1266 -0.4926 0.8610
vn 0.0169 -0.7045 -0.7096
vn 0.0180 -0.8655 -0.5007
vn 0.1665 -0.4885 0.8565
vn 0.1704 -0.9518 -0.2550
vn 0.0187 -0.9657 -0.2588
vn 0.0193 -0.9998 0.0003
vn 0.1704 -0.9517 0.2554
vn 0.1684 -0.6952 0.6989
vn 0.0153 -0.4943 0.8691
vn -0.0147 -0.2533 0.9673
vn -0.0108 -0.8655 -0.5008
vn -0.0100 -1.0000 -0.0000
vn -0.0119 -0.7043 -0.7098
vn -0.0134 -0.4938 -0.8694
vn -0.0133 -0.4939 0.8694
vn -0.0002 -0.8658 0.5005
vn 0.2738 -0.8323 -0.4819
vn 0.3417 -0.6612 -0.6679
vn 0.3442 -0.8127 -0.4702
vn -0.1850 -0.9494 -0.2539
vn -0.3380 -0.8143 -0.4719
vn -0.3391 -0.9087 -0.2433
vn -0.1803 -0.8495 0.4957
vn -0.3418 -0.9070 0.2462
vn -0.3462 -0.8105 0.4725
vn -0.1828 -0.9484 0.2593
vn -0.3391 -0.9407 0.0005
vn -0.1824 -0.4877 0.8537
vn -0.3439 -0.6628 0.6652
vn -0.3390 -0.4668 0.8168
vn -0.1791 -0.6956 0.6957
vn -0.1855 -0.2481 0.9508
vn -0.3366 -0.2378 0.9111
vn 0.2672 -0.2424 0.9326
vn 0.3413 -0.4631 0.8180
vn 0.3371 -0.2370 0.9111
vn 0.2747 -0.9287 0.2490
vn 0.3490 -0.9048 0.2440
vn 0.3493 -0.6602 0.6649
vn 0.2737 -0.8322 0.4822
vn 0.3532 -0.8093 0.4693
vn -0.1825 -0.6913 -0.6991
vn -0.3367 -0.4642 -0.8192
vn -0.3371 -0.6620 -0.6694
vn 0.0020 -0.4795 0.8775
vn 0.0006 -0.2406 0.9706
vn 0.2720 -0.6769 -0.6840
vn 0.3392 -0.4629 -0.8189
vn 0.0046 -0.8643 0.5030
vn 0.2719 -0.6769 0.6840
vn 0.0035 -0.6975 0.7166
vn 0.2695 -0.4741 0.8382
vn 0.2695 -0.4741 -0.8382
vn 0.3367 -0.2369 -0.9113
vn 0.0053 -1.0000 -0.0000
vn 0.0051 -0.9659 0.2590
vn -0.1841 -0.9829 -0.0001
vn 0.0051 -0.9659 -0.2590
vn 0.2751 -0.9614 -0.0000
vn 0.2673 -0.2426 -0.9326
vn -0.1838 -0.2483 -0.9511
vn -0.3360 -0.2383 -0.9112
vn 0.0020 -0.4796 -0.8775
vn 0.0035 -0.6975 -0.7166
vn -0.1824 -0.4845 -0.8556
vn 0.0006 -0.2406 -0.9706
vn -0.1842 -0.8507 -0.4924
vn 0.3359 -0.0000 0.9419
vn -0.1366 -0.2504 -0.9585
vn -0.1369 -0.4884 -0.8618
vn -0.0148 -0.2533 -0.9673
vn -0.1360 -0.6972 -0.7039
vn -0.1342 -0.8575 -0.4966
vn -0.1332 -0.9573 -0.2567
vn -0.1339 -0.9910 0.0003
vn -0.0102 -0.9659 -0.2589
vn -0.1349 -0.9570 0.2567
vn -0.1370 -0.8570 0.4967
vn -0.1386 -0.6972 0.7034
vn -0.1371 -0.4890 0.8614
vn -0.0118 -0.7043 0.7098
vn -0.1356 -0.2502 0.9587
vn 0.0014 -0.6974 0.7167
vn -0.0000 -0.4793 0.8776
vn 0.0031 -0.9658 0.2592
vn 0.0025 -0.8643 0.5030
vn -0.0013 -0.2404 0.9707
vn 0.0033 -1.0000 -0.0000
vn 0.0031 -0.9658 -0.2592
vn -0.0015 -0.2404 -0.9707
vn -0.0001 -0.4794 -0.8776
vn 0.6398 -0.7422 0.1994
vn 0.8160 -0.5781 -0.0000
vn 0.6411 -0.7674 -0.0000
vn 0.8151 -0.5594 -0.1502
vn 0.6038 -0.6879 -0.4026
vn 0.8136 -0.5015 -0.2940
vn 0.6070 -0.7675 -0.2061
vn 0.6361 -0.6657 0.3901
vn 0.8136 -0.5613 0.1516
vn 0.6299 -0.5359 0.5622
vn 0.8086 -0.5072 0.2980
vn 0.6085 -0.1805 -0.7728
vn 0.6059 -0.7955 0.0009
vn 0.6021 -0.7706 0.2090
vn 0.6301 -0.5364 -0.5614
vn 0.7975 -0.2775 -0.5358
vn 0.6193 -0.3641 -0.6956
vn 0.7710 -0.1401 -0.6212
vn 0.5864 -0.1738 -0.7912
vn 0.7921 -0.2851 0.5397
vn 0.6215 -0.3653 0.6930
vn 0.6368 -0.6652 -0.3898
vn 0.6401 -0.7420 -0.1992
vn 0.7898 -0.1418 0.5967
vn 0.6126 -0.1816 0.7692
vn 0.8010 -0.4125 0.4339
vn 0.6020 -0.6891 0.4033
vn 0.6008 -0.5506 0.5795
vn 0.8101 -0.4050 -0.4240
vn 0.5905 -0.3700 -0.7172
vn 0.5978 -0.5539 -0.5796
vn 0.5920 -0.3763 0.7127
vn 0.5833 -0.1891 0.7899
vn 0.0199 -0.2296 0.9731
vn -0.0950 -0.4642 0.8806
vn 0.0217 -0.4662 0.8844
vn -0.0929 -0.2285 0.9691
vn -0.0973 -0.6877 0.7194
vn -0.3202 -0.8176 0.4786
vn -0.0983 -0.8593 0.5019
vn -0.3158 -0.6559 0.6857
vn 0.0189 -0.9656 -0.2593
vn -0.1005 -0.8584 -0.5030
vn 0.0184 -0.8629 -0.5051
vn 0.0206 -0.8640 0.5030
vn -0.0987 -0.9611 0.2581
vn 0.0197 -0.9656 0.2594
vn -0.0994 -0.6874 -0.7195
vn -0.3096 -0.4441 -0.8408
vn -0.0972 -0.4644 -0.8803
vn -0.3155 -0.6548 -0.6868
vn 0.0294 -0.2272 -0.9734
vn 0.0215 -0.6907 0.7228
vn -0.3087 -0.4436 0.8414
vn -0.3025 -0.2187 0.9277
vn -0.1004 -0.9950 -0.0004
vn 0.0191 -0.9998 0.0013
vn 0.0181 -0.6910 -0.7226
vn 0.0209 -0.4657 -0.8847
vn -0.1011 -0.9607 -0.2583
vn -0.3203 -0.8173 -0.4791
vn -0.3224 -0.9142 -0.2456
vn -0.3235 -0.9462 -0.0023
vn -0.3224 -0.9143 0.2451
vn -0.0946 -0.2287 -0.9689
vn -0.3035 -0.2190 -0.9273
vn -0.5280 -0.1916 -0.8274
vn -0.5327 -0.3945 -0.7487
vn -0.7188 -0.1845 -0.6703
vn -0.5483 -0.5812 0.6013
vn -0.5580 -0.7162 0.4192
vn -0.7484 -0.5716 0.3363
vn -0.5353 -0.3939 0.7472
vn -0.7340 -0.4472 0.5112
vn -0.5452 -0.5813 -0.6041
vn -0.6975 -0.3335 -0.6342
vn -0.5562 -0.7170 -0.4202
vn -0.7338 -0.4467 -0.5118
vn -0.5301 -0.1912 0.8261
vn -0.6983 -0.3338 0.6332
vn -0.7196 -0.1844 0.6694
vn -0.5553 -0.8022 -0.2194
vn -0.7479 -0.5721 -0.3367
vn -0.5542 -0.8324 -0.0015
vn -0.7425 -0.6533 -0.1479
vn -0.5572 -0.8011 0.2186
vn -0.7163 -0.6977 -0.0000
vn -0.7431 -0.6526 0.1478
vn -0.8027 -0.2775 -0.5279
vn -0.8180 -0.4946 0.2938
vn -0.8027 -0.2773 0.5280
vn -0.8313 -0.4772 0.2850
vn -0.8180 -0.4946 -0.2939
vn -0.8205 -0.2662 -0.5059
vn -0.8208 -0.2636 0.5068
vn -0.8157 -0.5784 0.0005
vn -0.8310 -0.4775 -0.2852
vn -0.8338 -0.5520 -0.0011
vn -0.1043 -0.8583 -0.5024
vn -0.2489 -0.6696 -0.6998
vn -0.2515 -0.8353 -0.4889
vn -0.1067 -0.9603 0.2579
vn -0.2533 -0.9674 -0.0000
vn -0.2528 -0.9344 0.2509
vn -0.2445 -0.2240 0.9434
vn -0.2408 -0.0005 0.9706
vn -0.1048 -0.4634 0.8799
vn -0.2506 -0.6685 0.7002
vn -0.2488 -0.4518 0.8567
vn -0.1041 -0.2298 0.9676
vn -0.1068 -0.9943 -0.0000
vn -0.2529 -0.9344 -0.2510
vn -0.1017 -0.4624 -0.8808
vn -0.2443 -0.2211 -0.9441
vn -0.2456 -0.4513 -0.8579
vn -0.1027 -0.2262 -0.9687
vn -0.1064 -0.8581 0.5023
vn -0.2516 -0.8353 0.4888
vn -0.1059 -0.6861 0.7198
vn -0.1066 -0.9603 -0.2579
vn -0.1011 -0.6876 -0.7190
vn 0.6667 -0.2163 0.7132
vn 0.6060 -0.4858 0.6299
vn 0.9158 -0.2204 0.3357
vn 0.8507 -0.4544 0.2643
vn 0.9137 -0.2450 -0.3244
vn 0.8472 -0.4417 -0.2951
vn 0.6571 -0.2416 -0.7140
vn 0.6047 -0.4707 -0.6425
vn 0.6316 -0.7690 -0.0988
vn 0.5632 -0.7890 -0.2457
vn 0.5185 -0.8375 -0.1723
vn 0.6062 -0.7948 0.0285
vn 0.5494 -0.7972 0.2502
vn 0.5543 -0.7816 -0.2862
vn 0.6968 -0.7162 -0.0388
vn 0.5289 -0.8471 0.0521
vn 0.5518 -0.7870 0.2760
vn -0.0183 -0.9960 0.0872
vn 0.8173 -0.5043 0.2788
vn 0.2376 -0.8994 0.3668
vn 0.8991 -0.4336 -0.0602
vn 0.5527 -0.6599 -0.5089
vn 0.2523 -0.8498 -0.4629
vn -0.0811 -0.9742 -0.2108
vn 0.7801 -0.4852 -0.3950
vn 0.5487 -0.7062 0.4475
vn 0.6214 -0.7798 -0.0763
vn 0.2525 -0.4538 0.8546
vn -0.1233 0.5396 0.8329
vn 0.1221 -0.4914 0.8623
vn 0.2382 -0.9711 -0.0138
vn -0.0290 -0.5044 0.8630
vn -0.0606 -0.9977 -0.0317
vn -0.2601 0.4807 0.8375
vn -0.2146 0.9766 0.0151
vn 0.0443 0.5500 0.8340
vn -0.4759 0.8794 0.0104
vn -0.1155 0.5511 -0.8264
vn 0.0942 0.9949 0.0347
vn -0.2640 0.4882 -0.8318
vn 0.1193 -0.4765 -0.8710
vn 0.0581 0.5661 -0.8223
vn 0.4876 -0.8730 -0.0077
vn 0.2510 -0.4445 -0.8599
vn -0.0288 -0.4790 -0.8773
vn 0.8322 -0.5540 -0.0243
vn 0.3579 -0.3914 0.8478
vn 0.6777 -0.7352 -0.0130
vn 0.4397 -0.2962 0.8479
vn -0.3608 0.4091 0.8381
vn -0.4560 0.3140 0.8327
vn -0.6599 0.7511 0.0185
vn -0.8212 0.5698 0.0302
vn -0.3686 0.4160 -0.8313
vn -0.4682 0.3210 -0.8232
vn 0.3545 -0.3816 -0.8537
vn 0.4276 -0.2834 -0.8584
vn 0.9990 0.0254 -0.0362
vn 0.5036 -0.1525 0.8504
vn 0.9556 -0.2923 -0.0359
vn 0.5280 0.0191 0.8490
vn -0.5299 0.1715 0.8306
vn -0.5536 -0.0098 0.8327
vn -0.9514 0.3050 0.0430
vn -0.9987 -0.0243 0.0459
vn -0.5508 0.1748 -0.8161
vn -0.5803 -0.0138 -0.8143
vn 0.4770 -0.1449 -0.8669
vn 0.4989 0.0106 -0.8666
vn 0.8368 0.5473 -0.0167
vn 0.5053 0.1695 0.8462
vn 0.9480 0.3172 -0.0255
vn 0.4509 0.2944 0.8426
vn -0.5197 -0.1878 0.8334
vn -0.4483 -0.3130 0.8373
vn -0.9403 -0.3383 0.0363
vn -0.8215 -0.5698 0.0242
vn -0.5421 -0.1920 -0.8181
vn -0.4628 -0.3170 -0.8278
vn 0.4828 0.1594 -0.8611
vn 0.4350 0.2830 -0.8548
vn 0.4968 0.8679 -0.0010
vn 0.3713 0.3963 0.8397
vn 0.6889 0.7248 -0.0075
vn 0.2650 0.4631 0.8458
vn -0.3657 -0.4004 0.8402
vn -0.2696 -0.4784 0.8357
vn -0.6759 -0.7368 0.0141
vn -0.4915 -0.8708 0.0088
vn -0.3734 -0.4044 -0.8349
vn -0.2712 -0.4809 -0.8338
vn 0.3597 0.3707 -0.8563
vn 0.2490 0.4325 -0.8666
vn -0.0370 0.9990 -0.0235
vn 0.1326 0.4989 0.8565
vn 0.2506 0.9681 -0.0074
vn -0.0153 0.5040 0.8636
vn -0.1329 -0.5387 0.8320
vn 0.0368 -0.5523 0.8328
vn -0.2312 -0.9728 0.0135
vn 0.0791 -0.9965 0.0277
vn -0.1257 -0.5461 -0.8282
vn 0.0481 -0.5642 -0.8242
vn 0.1204 0.4703 -0.8742
vn -0.0183 0.4778 -0.8783
vn -0.5372 0.8425 -0.0402
vn -0.1526 0.4908 0.8578
vn -0.2984 0.9537 -0.0372
vn -0.3049 0.4702 0.8282
vn 0.1766 -0.5145 0.8391
vn 0.2797 -0.4243 0.8612
vn 0.3331 -0.9422 0.0370
vn 0.5564 -0.8304 0.0289
vn 0.1853 -0.5290 -0.8282
vn 0.2906 -0.4437 -0.8478
vn -0.1476 0.4633 -0.8738
vn -0.2829 0.4376 -0.8535
vn -0.6132 0.7890 -0.0386
vn 0.3089 -0.3851 0.8696
vn 0.6262 -0.7794 0.0228
vn 0.3229 -0.4066 -0.8546
vn -0.3329 0.4265 -0.8410
vn -0.5378 -0.8413 -0.0545
vn -0.3659 -0.4636 0.8070
vn -0.6171 -0.7851 -0.0527
vn -0.3107 -0.4778 0.8217
vn 0.2978 0.3661 0.8816
vn 0.2675 0.4083 0.8728
vn 0.6284 0.7773 0.0303
vn 0.5543 0.8315 0.0367
vn 0.3195 0.3994 -0.8593
vn 0.2864 0.4402 -0.8510
vn -0.3340 -0.4246 -0.8415
vn -0.2849 -0.4382 -0.8525
vn -0.1673 -0.5002 0.8496
vn -0.3136 -0.9483 -0.0490
vn 0.1725 0.5038 0.8464
vn 0.3361 0.9407 0.0460
vn 0.1863 0.5279 -0.8286
vn -0.1574 -0.4652 -0.8711
vn -0.3607 0.4607 0.8110
vn 0.0855 0.0444 -0.9953
vn 0.0419 0.9902 -0.1335
vn 0.0135 -0.2319 0.9727
vt 0.698364 0.527256
vt 0.715997 0.480857
vt 0.735230 0.517078
vt 0.640996 0.364399
vt 0.683562 0.360431
vt 0.648147 0.376940
vt 0.736007 0.470407
vt 0.743068 0.426068
vt 0.756098 0.460030
vt 0.753844 0.504554
vt 0.772476 0.492055
vt 0.473873 0.811558
vt 0.433144 0.783125
vt 0.474138 0.773124
vt 0.059566 0.674325
vt 0.093168 0.648354
vt 0.070200 0.681172
vt 0.428870 0.761632
vt 0.387988 0.744028
vt 0.424560 0.740044
vt 0.467152 0.752218
vt 0.460150 0.731169
vt 0.661966 0.444108
vt 0.689626 0.402082
vt 0.700766 0.442352
vt 0.672844 0.181949
vt 0.711416 0.199736
vt 0.673056 0.196350
vt 0.711559 0.396488
vt 0.727912 0.354744
vt 0.733471 0.390895
vt 0.721820 0.434197
vt 0.381092 0.825449
vt 0.348201 0.787319
vt 0.391049 0.788003
vt 0.393721 0.830065
vt 0.405692 0.824089
vt 0.349400 0.765134
vt 0.312959 0.737564
vt 0.350700 0.742861
vt 0.389380 0.766005
vt 0.646256 0.352602
vt 0.682775 0.318451
vt 0.660372 0.458803
vt 0.669573 0.466677
vt 0.704933 0.318456
vt 0.731067 0.282994
vt 0.727144 0.318399
vt 0.705625 0.357578
vt 0.285254 0.816375
vt 0.261025 0.771472
vt 0.304571 0.781928
vt 0.647654 0.712915
vt 0.616599 0.682710
vt 0.652425 0.700350
vt 0.268088 0.749732
vt 0.238267 0.713824
vt 0.275148 0.728069
vt 0.308738 0.759648
vt 0.653550 0.260471
vt 0.696970 0.237587
vt 0.687320 0.277322
vt 0.768372 0.956941
vt 0.798178 0.946148
vt 0.796568 0.962706
vt 0.718248 0.243308
vt 0.752040 0.216812
vt 0.739518 0.248983
vt 0.709189 0.280131
vt 0.191938 0.784612
vt 0.179717 0.735050
vt 0.218792 0.755726
vt 0.779170 0.048750
vt 0.797820 0.033143
vt 0.812779 0.070048
vt 0.191955 0.715249
vt 0.174751 0.673130
vt 0.204241 0.695337
vt 0.228507 0.734810
vt 0.682811 0.174454
vt 0.730501 0.163620
vt 0.497146 0.804171
vt 0.749602 0.174840
vt 0.789517 0.157269
vt 0.768847 0.186049
vt 0.731742 0.208268
vt 0.113464 0.731374
vt 0.116829 0.680642
vt 0.145579 0.709765
vt 0.710753 0.547040
vt 0.133398 0.664254
vt 0.128885 0.620474
vt 0.149900 0.647930
vt 0.160177 0.691469
vt 0.695608 0.644846
vt 0.644415 0.649926
vt 0.668989 0.613622
vt 0.573443 0.772889
vt 0.550781 0.737085
vt 0.581117 0.761956
vt 0.625736 0.635604
vt 0.583235 0.651001
vt 0.606861 0.621808
vt 0.648194 0.601332
vt 0.627036 0.589401
vt 0.731859 0.097681
vt 0.781422 0.098440
vt 0.753922 0.129698
vt 0.797769 0.114591
vt 0.841919 0.106854
vt 0.813786 0.130839
vt 0.771791 0.143446
vt 0.057092 0.661113
vt 0.073066 0.613504
vt 0.119165 0.743441
vt 0.132167 0.747447
vt 0.828499 0.590042
vt 0.815745 0.548330
vt 0.841438 0.571817
vt 0.111031 0.634405
vt 0.111434 0.590817
vt 0.635185 0.718028
vt 0.585276 0.711899
vt 0.720369 0.104006
vt 0.717241 0.116697
vt 0.570921 0.694454
vt 0.526728 0.699265
vt 0.556528 0.676958
vt 0.599916 0.666904
vt 0.752316 0.599299
vt 0.758649 0.550629
vt 0.785706 0.581030
vt 0.775629 0.536116
vt 0.792584 0.521601
vt 0.800728 0.564780
vt 0.560147 0.774996
vt 0.513542 0.757630
vt 0.504095 0.737558
vt 0.494648 0.717538
vt 0.538797 0.718190
vt 0.901516 0.930672
vt 0.908127 0.904541
vt 0.920467 0.909769
vt 0.852284 0.957170
vt 0.874848 0.933722
vt 0.878409 0.946638
vt 0.717715 0.711298
vt 0.710166 0.736187
vt 0.697589 0.730335
vt 0.796608 0.682325
vt 0.770557 0.702549
vt 0.768645 0.687462
vt 0.824838 0.962730
vt 0.850574 0.942123
vt 0.901232 0.710364
vt 0.873697 0.711027
vt 0.878155 0.696422
vt 0.824729 0.946542
vt 0.679701 0.882237
vt 0.703904 0.900574
vt 0.695600 0.906872
vt 0.824746 0.682325
vt 0.797003 0.698486
vt 0.935032 0.750872
vt 0.912701 0.735345
vt 0.920603 0.728398
vt 0.741390 0.945254
vt 0.771552 0.940487
vt 0.664644 0.829232
vt 0.685174 0.855376
vt 0.669224 0.856006
vt 0.849158 0.702834
vt 0.852266 0.686969
vt 0.950419 0.803493
vt 0.929938 0.778300
vt 0.945087 0.776282
vt 0.722081 0.916339
vt 0.716439 0.928543
vt 0.671209 0.777125
vt 0.682411 0.805170
vt 0.665304 0.802697
vt 0.895798 0.722370
vt 0.950735 0.831425
vt 0.933904 0.803949
vt 0.693029 0.879960
vt 0.741810 0.696976
vt 0.724753 0.719517
vt 0.922468 0.754442
vt 0.935570 0.885626
vt 0.929098 0.856128
vt 0.945597 0.859035
vt 0.681553 0.830135
vt 0.697377 0.757750
vt 0.682276 0.752903
vt 0.933754 0.830122
vt 0.823398 0.698611
vt 0.894486 0.922677
vt 0.687749 0.780980
vt 0.745248 0.709737
vt 0.920318 0.881403
vt 0.745876 0.930181
vt 0.721538 0.887728
vt 0.716199 0.858573
vt 0.751065 0.865909
vt 0.750225 0.900141
vt 0.714478 0.834013
vt 0.715739 0.809859
vt 0.752904 0.814137
vt 0.751200 0.839722
vt 0.720402 0.786072
vt 0.727930 0.762782
vt 0.762793 0.763681
vt 0.756920 0.788786
vt 0.739523 0.736346
vt 0.769270 0.731522
vt 0.775696 0.908134
vt 0.778038 0.871734
vt 0.804867 0.876073
vt 0.801536 0.913355
vt 0.779351 0.843926
vt 0.781340 0.816772
vt 0.809368 0.819404
vt 0.807044 0.847419
vt 0.784728 0.789997
vt 0.789504 0.763451
vt 0.815780 0.764665
vt 0.812237 0.791870
vt 0.794886 0.729361
vt 0.820132 0.729918
vt 0.826890 0.914643
vt 0.830945 0.878267
vt 0.856578 0.878068
vt 0.851505 0.912269
vt 0.834115 0.849964
vt 0.836966 0.822122
vt 0.864523 0.824629
vt 0.861050 0.851254
vt 0.839465 0.794724
vt 0.841670 0.767876
vt 0.867283 0.772502
vt 0.866499 0.798306
vt 0.844845 0.733567
vt 0.868954 0.739840
vt 0.879917 0.905892
vt 0.890192 0.877794
vt 0.896757 0.852831
vt 0.900725 0.827559
vt 0.901845 0.802445
vt 0.900385 0.777649
vt 0.895656 0.749730
vt 0.128980 0.580632
vt 0.145173 0.608057
vt 0.829317 0.533508
vt 0.853313 0.555368
vt 0.840992 0.520991
vt 0.863661 0.541272
vt 0.144173 0.571974
vt 0.159560 0.597716
vt 0.827886 0.145361
vt 0.805227 0.169574
vt 0.854113 0.123864
vt 0.863669 0.138121
vt 0.839397 0.157638
vt 0.817930 0.179945
vt 0.589841 0.609913
vt 0.607852 0.579518
vt 0.568382 0.637196
vt 0.555621 0.626203
vt 0.575260 0.600075
vt 0.591613 0.571872
vt 0.164898 0.633580
vt 0.188114 0.656980
vt 0.178416 0.621704
vt 0.200107 0.644118
vt 0.785743 0.196027
vt 0.769943 0.224266
vt 0.799181 0.204218
vt 0.784373 0.230206
vt 0.215561 0.677813
vt 0.247051 0.695263
vt 0.225309 0.664249
vt 0.254213 0.680841
vt 0.758410 0.253953
vt 0.750594 0.285411
vt 0.773898 0.258017
vt 0.767077 0.287598
vt 0.281307 0.708956
vt 0.316491 0.718088
vt 0.285963 0.693296
vt 0.319065 0.701706
vt 0.747081 0.318312
vt 0.747940 0.352210
vt 0.764047 0.318503
vt 0.764816 0.350053
vt 0.351624 0.723369
vt 0.386469 0.724582
vt 0.352272 0.706808
vt 0.385210 0.707903
vt 0.753107 0.385786
vt 0.762088 0.418669
vt 0.769693 0.381465
vt 0.778040 0.412511
vt 0.420589 0.721043
vt 0.453961 0.712723
vt 0.417487 0.704636
vt 0.448746 0.696948
vt 0.774053 0.450523
vt 0.789327 0.480614
vt 0.788886 0.442884
vt 0.803088 0.471328
vt 0.486060 0.699837
vt 0.516086 0.682690
vt 0.479100 0.685222
vt 0.507383 0.669424
vt 0.807912 0.508391
vt 0.820714 0.497389
vt 0.543607 0.661681
vt 0.532871 0.649584
vt 0.570180 0.816699
vt 0.529454 0.791375
vt 0.644982 0.516740
vt 0.635110 0.493741
vt 0.017558 0.674907
vt 0.030509 0.696519
vt 0.045396 0.716772
vt 0.089992 0.707501
vt 0.060937 0.736529
vt 0.739200 0.657429
vt 0.724347 0.678944
vt 0.715347 0.619283
vt 0.730355 0.574321
vt 0.162679 0.815979
vt 0.201138 0.794580
vt 0.186528 0.828265
vt 0.310296 0.820882
vt 0.343352 0.867072
vt 0.316740 0.864274
vt 0.139203 0.803009
vt 0.117909 0.787974
vt 0.650978 0.146212
vt 0.698389 0.144762
vt 0.396116 0.867124
vt 0.422139 0.864352
vt 0.630643 0.192721
vt 0.661503 0.227841
vt 0.622058 0.216662
vt 0.290248 0.860542
vt 0.263762 0.854451
vt 0.215428 0.795097
vt 0.211882 0.838282
vt 0.645645 0.270400
vt 0.649417 0.284273
vt 0.653177 0.411185
vt 0.618871 0.445913
vt 0.612588 0.421162
vt 0.625942 0.470473
vt 0.498631 0.847969
vt 0.473443 0.854786
vt 0.742508 0.025714
vt 0.785081 0.036898
vt 0.523109 0.838921
vt 0.487122 0.812924
vt 0.605552 0.369713
vt 0.608732 0.395480
vt 0.440177 0.819852
vt 0.676625 0.102520
vt 0.249581 0.807567
vt 0.237522 0.847534
vt 0.614528 0.789248
vt 0.609385 0.741502
vt 0.635934 0.774320
vt 0.448052 0.860703
vt 0.655539 0.757119
vt 0.669394 0.560057
vt 0.656851 0.538581
vt 0.707369 0.062256
vt 0.754148 0.072087
vt 0.732361 0.637775
vt 0.757212 0.611454
vt 0.005352 0.652899
vt 0.610378 0.266529
vt 0.615832 0.241488
vt 0.159946 0.767509
vt 0.369717 0.867528
vt 0.604807 0.343748
vt 0.769025 0.616250
vt 0.769846 0.671728
vt 0.750801 0.655079
vt 0.345805 0.825023
vt 0.683878 0.580309
vt 0.700136 0.541547
vt 0.682483 0.497943
vt 0.604844 0.317811
vt 0.607236 0.292125
vt 0.078715 0.754688
vt 0.793852 0.638577
vt 0.815639 0.608166
vt 0.097089 0.772274
vt 0.296765 0.823869
vt 0.623141 0.982101
vt 0.599949 0.978439
vt 0.623141 0.978439
vt 0.571543 0.982101
vt 0.541648 0.978439
vt 0.571543 0.978439
vt 0.981829 0.312418
vt 0.978168 0.335861
vt 0.978168 0.312418
vt 0.981829 0.363876
vt 0.978168 0.392144
vt 0.978168 0.363876
vt 0.518096 0.982101
vt 0.494657 0.978439
vt 0.518096 0.978439
vt 0.465725 0.982101
vt 0.437096 0.978440
vt 0.465725 0.978440
vt 0.981829 0.416089
vt 0.978168 0.439649
vt 0.978168 0.416089
vt 0.981829 0.468278
vt 0.978168 0.497210
vt 0.978168 0.468278
vt 0.413416 0.982101
vt 0.389864 0.978440
vt 0.413416 0.978440
vt 0.361597 0.982101
vt 0.333582 0.978440
vt 0.361597 0.978440
vt 0.981829 0.521366
vt 0.978168 0.545312
vt 0.978168 0.521366
vt 0.981829 0.575207
vt 0.978168 0.603613
vt 0.978168 0.575207
vt 0.309991 0.982101
vt 0.286310 0.978440
vt 0.309991 0.978440
vt 0.257627 0.982101
vt 0.230300 0.978440
vt 0.257627 0.978440
vt 0.981829 0.627636
vt 0.978168 0.651792
vt 0.978168 0.627636
vt 0.981829 0.679919
vt 0.978168 0.709139
vt 0.978168 0.679919
vt 0.206640 0.982101
vt 0.183049 0.978440
vt 0.206640 0.978440
vt 0.156141 0.982101
vt 0.127867 0.978440
vt 0.156141 0.978440
vt 0.981829 0.732756
vt 0.978168 0.756778
vt 0.978168 0.732756
vt 0.981829 0.784876
vt 0.978168 0.812608
vt 0.978168 0.784876
vt 0.981829 0.001663
vt 0.978168 0.025330
vt 0.978168 0.001663
vt 0.981829 0.053062
vt 0.978168 0.081160
vt 0.978168 0.053062
vt 0.104201 0.982101
vt 0.080541 0.978440
vt 0.104201 0.978440
vt 0.052949 0.982101
vt 0.025336 0.978440
vt 0.052949 0.978440
vt 0.826952 0.982101
vt 0.803334 0.978439
vt 0.826952 0.978439
vt 0.775721 0.982101
vt 0.748129 0.978439
vt 0.775721 0.978439
vt 0.981829 0.104774
vt 0.978168 0.128442
vt 0.978168 0.104774
vt 0.981829 0.157662
vt 0.978168 0.185788
vt 0.978168 0.157662
vt 0.724937 0.982101
vt 0.701762 0.978439
vt 0.724937 0.978439
vt 0.673488 0.982101
vt 0.646580 0.978439
vt 0.673488 0.978439
vt 0.981829 0.209232
vt 0.978168 0.232847
vt 0.978168 0.209232
vt 0.240485 0.102892
vt 0.186754 0.086335
vt 0.217748 0.072637
vt 0.139374 0.172102
vt 0.156592 0.231901
vt 0.115723 0.207132
vt 0.099353 0.246179
vt 0.139193 0.440081
vt 0.106811 0.466853
vt 0.102115 0.452508
vt 0.438432 0.467196
vt 0.495133 0.459879
vt 0.471309 0.485180
vt 0.144824 0.355959
vt 0.115912 0.406062
vt 0.099893 0.368297
vt 0.431213 0.130463
vt 0.373904 0.152620
vt 0.396740 0.111343
vt 0.416760 0.075022
vt 0.426669 0.085309
vt 0.169183 0.142661
vt 0.111941 0.147138
vt 0.136499 0.122159
vt 0.203353 0.491879
vt 0.255076 0.461746
vt 0.242047 0.507435
vt 0.279893 0.093915
vt 0.253107 0.148170
vt 0.503495 0.231336
vt 0.543243 0.218807
vt 0.542420 0.234922
vt 0.489563 0.401989
vt 0.539925 0.372573
vt 0.527412 0.405814
vt 0.345193 0.142906
vt 0.359244 0.098540
vt 0.175831 0.410291
vt 0.168689 0.469099
vt 0.059914 0.379802
vt 0.061082 0.364768
vt 0.064914 0.233800
vt 0.078073 0.200932
vt 0.282888 0.515308
vt 0.319671 0.468853
vt 0.324644 0.514863
vt 0.319999 0.092704
vt 0.174148 0.517583
vt 0.199011 0.530557
vt 0.183948 0.529083
vt 0.512860 0.319577
vt 0.549074 0.271016
vt 0.550028 0.308071
vt 0.467303 0.437328
vt 0.449608 0.380392
vt 0.432380 0.408355
vt 0.365661 0.506810
vt 0.377705 0.545983
vt 0.362800 0.545007
vt 0.091322 0.287106
vt 0.055046 0.330850
vt 0.054496 0.296148
vt 0.314931 0.138846
vt 0.465181 0.281041
vt 0.512516 0.275227
vt 0.243379 0.064488
vt 0.229093 0.063325
vt 0.518715 0.173418
vt 0.533654 0.206719
vt 0.287039 0.468503
vt 0.137799 0.293928
vt 0.091520 0.328386
vt 0.080013 0.185577
vt 0.091630 0.175839
vt 0.083267 0.423308
vt 0.069394 0.391646
vt 0.504904 0.362462
vt 0.465707 0.315638
vt 0.450070 0.503011
vt 0.464195 0.498309
vt 0.461557 0.157190
vt 0.455011 0.102144
vt 0.480500 0.124090
vt 0.197809 0.180994
vt 0.457648 0.246560
vt 0.050396 0.281389
vt 0.057295 0.267885
vt 0.231597 0.542972
vt 0.225544 0.449622
vt 0.554225 0.323149
vt 0.547344 0.337223
vt 0.145338 0.497920
vt 0.120139 0.473992
vt 0.382513 0.450828
vt 0.403961 0.490458
vt 0.370164 0.063906
vt 0.401723 0.074142
vt 0.486173 0.191199
vt 0.424110 0.188475
vt 0.460690 0.349017
vt 0.494007 0.130613
vt 0.499342 0.145026
vt 0.328512 0.551596
vt 0.293724 0.552516
vt 0.443785 0.214987
vt 0.203239 0.119316
vt 0.143825 0.108960
vt 0.157859 0.104711
vt 0.276581 0.058113
vt 0.310034 0.056603
vt 0.224168 0.161891
vt 0.352034 0.462968
vt 0.421004 0.521992
vt 0.389312 0.536404
vt 0.400374 0.167838
vt 0.289516 0.443550
vt 0.318025 0.431750
vt 0.317618 0.444186
vt 0.292515 0.429741
vt 0.322580 0.418381
vt 0.339456 0.419972
vt 0.341935 0.428809
vt 0.345085 0.439882
vt 0.312282 0.164196
vt 0.286022 0.178359
vt 0.285917 0.165495
vt 0.310094 0.178302
vt 0.282140 0.192174
vt 0.265971 0.191985
vt 0.263343 0.183368
vt 0.259989 0.172173
vt 0.363900 0.418819
vt 0.370874 0.429341
vt 0.352923 0.409834
vt 0.370020 0.394201
vt 0.383919 0.403361
vt 0.393803 0.413089
vt 0.242616 0.194911
vt 0.235674 0.184386
vt 0.253257 0.203215
vt 0.236807 0.220434
vt 0.223300 0.211513
vt 0.213685 0.201478
vt 0.401187 0.384302
vt 0.413144 0.392706
vt 0.385638 0.375464
vt 0.398016 0.353967
vt 0.414632 0.362052
vt 0.427816 0.368659
vt 0.206096 0.230826
vt 0.194478 0.221839
vt 0.221152 0.239685
vt 0.208224 0.260401
vt 0.192252 0.252311
vt 0.179197 0.245169
vt 0.423422 0.337102
vt 0.437313 0.341856
vt 0.406377 0.329898
vt 0.411851 0.304667
vt 0.427576 0.310648
vt 0.441359 0.313255
vt 0.182334 0.275664
vt 0.168480 0.270808
vt 0.198610 0.282494
vt 0.192124 0.305563
vt 0.176673 0.300106
vt 0.162867 0.297621
vt 0.428076 0.284001
vt 0.440556 0.283969
vt 0.414543 0.280056
vt 0.414729 0.262243
vt 0.422991 0.259032
vt 0.433662 0.255024
vt 0.175252 0.324238
vt 0.162835 0.324219
vt 0.188370 0.327758
vt 0.187368 0.343599
vt 0.178925 0.346285
vt 0.168091 0.349526
vt 0.411760 0.236751
vt 0.421499 0.228512
vt 0.404003 0.248972
vt 0.387439 0.232703
vt 0.395615 0.217320
vt 0.404653 0.206161
vt 0.189252 0.366129
vt 0.179196 0.372914
vt 0.197735 0.355576
vt 0.213941 0.370929
vt 0.204806 0.384436
vt 0.195024 0.394116
vt 0.376712 0.201579
vt 0.384522 0.188695
vt 0.368793 0.218276
vt 0.348641 0.207090
vt 0.355962 0.189732
vt 0.362071 0.175743
vt 0.237261 0.427097
vt 0.267649 0.423444
vt 0.262533 0.437488
vt 0.244292 0.414009
vt 0.275508 0.407041
vt 0.299225 0.413930
vt 0.223235 0.400713
vt 0.214635 0.412336
vt 0.232529 0.385518
vt 0.253021 0.397803
vt 0.333692 0.182071
vt 0.337884 0.167644
vt 0.327122 0.199293
vt 0.304415 0.194471
vt 0.398372 0.268892
vt 0.392851 0.293641
vt 0.371466 0.279720
vt 0.379719 0.254297
vt 0.359753 0.240534
vt 0.349292 0.266065
vt 0.326788 0.254091
vt 0.338815 0.229194
vt 0.316603 0.220516
vt 0.303375 0.244130
vt 0.279275 0.235817
vt 0.293462 0.214053
vt 0.271039 0.208844
vt 0.256089 0.228270
vt 0.385589 0.319011
vt 0.376443 0.343436
vt 0.351572 0.330608
vt 0.362115 0.305625
vt 0.337985 0.292038
vt 0.326257 0.317258
vt 0.301431 0.304413
vt 0.314037 0.279420
vt 0.289738 0.268162
vt 0.276746 0.292267
vt 0.252027 0.280855
vt 0.264972 0.258139
vt 0.241270 0.248740
vt 0.228524 0.270045
vt 0.364440 0.365456
vt 0.349898 0.385036
vt 0.325634 0.375274
vt 0.339497 0.353813
vt 0.313985 0.341439
vt 0.300734 0.364647
vt 0.276505 0.353467
vt 0.289068 0.329050
vt 0.264718 0.316635
vt 0.253390 0.341214
vt 0.231309 0.328236
vt 0.240957 0.304294
vt 0.218424 0.292418
vt 0.210502 0.315571
vt 0.334433 0.402825
vt 0.311125 0.395562
vt 0.287167 0.387004
vt 0.264191 0.376944
vt 0.242645 0.365048
vt 0.222499 0.351538
vt 0.204027 0.337898
vt 0.198718 0.432190
vt 0.157494 0.384547
vt 0.138193 0.325582
vt 0.144024 0.262273
vt 0.174838 0.204488
vt 0.409700 0.432103
vt 0.283810 0.140473
vt 0.360066 0.573756
vt 0.384603 0.568447
vt 0.026900 0.303323
vt 0.027522 0.332643
vt 0.350598 0.032975
vt 0.324125 0.052164
vt 0.326500 0.029074
vt 0.556348 0.408186
vt 0.566496 0.380399
vt 0.252322 0.576262
vt 0.279253 0.556884
vt 0.277172 0.580758
vt 0.448873 0.066921
vt 0.428074 0.054660
vt 0.200089 0.049754
vt 0.174352 0.061200
vt 0.496567 0.498374
vt 0.516309 0.477176
vt 0.073963 0.461177
vt 0.088072 0.482230
vt 0.493971 0.099988
vt 0.472534 0.081616
vt 0.032276 0.252946
vt 0.027078 0.277949
vt 0.526664 0.136903
vt 0.512174 0.116319
vt 0.302154 0.029613
vt 0.274001 0.030978
vt 0.032161 0.361459
vt 0.036945 0.386348
vt 0.150118 0.076054
vt 0.129491 0.089376
vt 0.571072 0.238107
vt 0.565690 0.212112
vt 0.407628 0.558479
vt 0.433906 0.546138
vt 0.577632 0.298865
vt 0.576409 0.268248
vt 0.046509 0.409740
vt 0.058460 0.436387
vt 0.049872 0.196662
vt 0.039099 0.224298
vt 0.573079 0.351022
vt 0.577855 0.325359
vt 0.532941 0.453113
vt 0.525808 0.420901
vt 0.546729 0.431881
vt 0.246297 0.035746
vt 0.222538 0.040557
vt 0.111700 0.107037
vt 0.091487 0.127984
vt 0.106024 0.500059
vt 0.127521 0.519981
vt 0.405012 0.046732
vt 0.378297 0.038242
vt 0.151554 0.536824
vt 0.172713 0.550641
vt 0.699043 0.600121
vt 0.302348 0.580369
vt 0.331450 0.579045
vt 0.458371 0.530503
vt 0.479059 0.516251
vt 0.555358 0.188285
vt 0.542719 0.160972
vt 0.074171 0.151903
vt 0.059770 0.173014
vt 0.196169 0.560061
vt 0.223707 0.570119
vt 0.257627 0.993260
vt 0.230300 0.998334
vt 0.230300 0.993260
vt 0.465725 0.993260
vt 0.437096 0.998334
vt 0.437096 0.993260
vt 0.992988 0.053062
vt 0.998063 0.081160
vt 0.992988 0.081160
vt 0.992988 0.521366
vt 0.998063 0.545312
vt 0.992988 0.545312
vt 0.413416 0.998334
vt 0.389864 0.993260
vt 0.413416 0.993260
vt 0.992988 0.679919
vt 0.998063 0.709139
vt 0.992988 0.709139
vt 0.104201 0.998334
vt 0.080541 0.993260
vt 0.104201 0.993260
vt 0.518096 0.998334
vt 0.494657 0.993259
vt 0.518096 0.993259
vt 0.623141 0.998334
vt 0.599949 0.993259
vt 0.623141 0.993259
vt 0.992988 0.784876
vt 0.998063 0.812608
vt 0.992988 0.812608
vt 0.998063 0.001663
vt 0.992988 0.025330
vt 0.992988 0.001663
vt 0.724937 0.993259
vt 0.701762 0.998334
vt 0.701762 0.993259
vt 0.992988 0.288858
vt 0.998063 0.312418
vt 0.992988 0.312418
vt 0.775721 0.993259
vt 0.748129 0.998334
vt 0.748129 0.993259
vt 0.826952 0.993259
vt 0.803334 0.998334
vt 0.803334 0.993259
vt 0.992988 0.104774
vt 0.998063 0.128442
vt 0.992988 0.128442
vt 0.992988 0.416089
vt 0.998063 0.439649
vt 0.992988 0.439649
vt 0.992988 0.157662
vt 0.998063 0.185788
vt 0.992988 0.185788
vt 0.992988 0.335861
vt 0.992988 0.209232
vt 0.998063 0.232847
vt 0.992988 0.232847
vt 0.992988 0.363876
vt 0.998063 0.392144
vt 0.992988 0.392144
vt 0.992988 0.732756
vt 0.998063 0.756778
vt 0.992988 0.756778
vt 0.286310 0.993260
vt 0.257627 0.998334
vt 0.361597 0.993260
vt 0.333582 0.998334
vt 0.333582 0.993260
vt 0.571543 0.993259
vt 0.541648 0.998334
vt 0.541648 0.993259
vt 0.998063 0.627636
vt 0.992988 0.651792
vt 0.992988 0.627636
vt 0.025336 0.993260
vt 0.001668 0.998334
vt 0.001668 0.993260
vt 0.992988 0.575207
vt 0.998063 0.603613
vt 0.992988 0.603613
vt 0.127867 0.993260
vt 0.206640 0.993260
vt 0.183049 0.998334
vt 0.183049 0.993260
vt 0.992988 0.497210
vt 0.998063 0.521366
vt 0.992988 0.468278
vt 0.998063 0.497210
vt 0.986546 0.081160
vt 0.986546 0.104774
vt 0.986546 0.025330
vt 0.986546 0.053062
vt 0.986546 0.185788
vt 0.986546 0.209232
vt 0.986546 0.128442
vt 0.986546 0.157662
vt 0.986546 0.288858
vt 0.986546 0.312418
vt 0.981829 0.260175
vt 0.986546 0.232847
vt 0.986546 0.260175
vt 0.992988 0.260175
vt 0.986546 0.392144
vt 0.986546 0.416089
vt 0.986546 0.335861
vt 0.986546 0.363876
vt 0.986546 0.497210
vt 0.986546 0.521366
vt 0.986546 0.439649
vt 0.986546 0.468278
vt 0.986546 0.603613
vt 0.986546 0.627636
vt 0.986546 0.545312
vt 0.986546 0.575207
vt 0.986546 0.709139
vt 0.986546 0.732756
vt 0.986546 0.651792
vt 0.986546 0.679919
vt 0.981829 0.835783
vt 0.986546 0.812608
vt 0.986546 0.835783
vt 0.986546 0.756778
vt 0.986546 0.784876
vt 0.992988 0.835783
vt 0.748129 0.986817
vt 0.724937 0.986817
vt 0.803334 0.986817
vt 0.775721 0.986817
vt 0.646580 0.986817
vt 0.623141 0.986817
vt 0.701762 0.986817
vt 0.673488 0.986817
vt 0.673488 0.993259
vt 0.646580 0.993259
vt 0.541648 0.986817
vt 0.518096 0.986817
vt 0.599949 0.986817
vt 0.571543 0.986817
vt 0.437096 0.986817
vt 0.413416 0.986817
vt 0.494657 0.986817
vt 0.465725 0.986817
vt 0.333582 0.986817
vt 0.309991 0.986817
vt 0.389864 0.986817
vt 0.361597 0.986817
vt 0.309991 0.993260
vt 0.230300 0.986817
vt 0.206640 0.986817
vt 0.286310 0.986817
vt 0.257627 0.986817
vt 0.127867 0.986818
vt 0.104201 0.986818
vt 0.183049 0.986817
vt 0.156141 0.986818
vt 0.156141 0.993260
vt 0.001668 0.982101
vt 0.025336 0.986818
vt 0.001668 0.986818
vt 0.080541 0.986818
vt 0.052949 0.986818
vt 0.052949 0.993260
vt 0.593442 0.357065
vt 0.586961 0.386444
vt 0.591781 0.236187
vt 0.597261 0.266179
vt 0.584888 0.206504
vt 0.304734 0.601602
vt 0.275438 0.601602
vt 0.012087 0.246354
vt 0.018871 0.217575
vt 0.006642 0.275409
vt 0.468428 0.549074
vt 0.492172 0.532131
vt 0.190183 0.030925
vt 0.216484 0.020793
vt 0.333862 0.600217
vt 0.190161 0.580782
vt 0.512999 0.511731
vt 0.417737 0.577062
vt 0.576714 0.414206
vt 0.565096 0.441547
vt 0.544761 0.127404
vt 0.560949 0.151500
vt 0.027509 0.419703
vt 0.039400 0.446518
vt 0.138038 0.553706
vt 0.163013 0.569353
vt 0.573648 0.178678
vt 0.507091 0.084380
vt 0.246440 0.596914
vt 0.058034 0.137886
vt 0.075318 0.113818
vt 0.092361 0.516792
vt 0.113887 0.536858
vt 0.411149 0.026883
vt 0.054965 0.471412
vt 0.328440 0.008958
vt 0.356483 0.012932
vt 0.244055 0.014696
vt 0.300151 0.008639
vt 0.029633 0.189801
vt 0.041903 0.162725
vt 0.362456 0.594843
vt 0.010789 0.363440
vt 0.016875 0.392290
vt 0.444030 0.564814
vt 0.549459 0.466451
vt 0.532735 0.490441
vt 0.598613 0.296609
vt 0.598422 0.327272
vt 0.095524 0.092756
vt 0.116820 0.072888
vt 0.005543 0.304864
vt 0.461884 0.050841
vt 0.485642 0.065780
vt 0.437493 0.036969
vt 0.384291 0.018256
vt 0.140310 0.057018
vt 0.164471 0.042234
vt 0.217757 0.590832
vt 0.006109 0.334431
vt 0.071809 0.495634
vt 0.271790 0.009973
vt 0.390819 0.588139
vt 0.527548 0.104049
vt 0.080541 0.982101
vt 0.025336 0.982101
vt 0.183049 0.982101
vt 0.127867 0.982101
vt 0.286310 0.982101
vt 0.230300 0.982101
vt 0.389864 0.982101
vt 0.333582 0.982101
vt 0.494657 0.982101
vt 0.437096 0.982101
vt 0.599949 0.982101
vt 0.541648 0.982101
vt 0.701762 0.982101
vt 0.646580 0.982101
vt 0.803334 0.982101
vt 0.826952 0.986817
vt 0.748129 0.982101
vt 0.981829 0.756778
vt 0.981829 0.812608
vt 0.981829 0.651792
vt 0.981829 0.709139
vt 0.981829 0.545312
vt 0.981829 0.603613
vt 0.981829 0.439649
vt 0.981829 0.497210
vt 0.981829 0.335861
vt 0.981829 0.392144
vt 0.981829 0.232847
vt 0.981829 0.288858
vt 0.981829 0.128442
vt 0.981829 0.185788
vt 0.981829 0.025330
vt 0.986546 0.001663
vt 0.981829 0.081160
vt 0.156141 0.998334
vt 0.127867 0.998334
vt 0.025336 0.998334
vt 0.998063 0.679919
vt 0.309991 0.998334
vt 0.998063 0.784876
vt 0.998063 0.416089
vt 0.998063 0.260175
vt 0.998063 0.363876
vt 0.998063 0.209232
vt 0.998063 0.468278
vt 0.998063 0.157662
vt 0.775721 0.998334
vt 0.724937 0.998334
vt 0.998063 0.288858
vt 0.673488 0.998334
vt 0.998063 0.053062
vt 0.998063 0.835783
vt 0.571543 0.998334
vt 0.465725 0.998334
vt 0.052949 0.998334
vt 0.998063 0.732756
vt 0.361597 0.998334
vt 0.998063 0.575207
vt 0.998063 0.104774
vt 0.206640 0.998334
vt 0.978168 0.288858
vt 0.978168 0.260175
vt 0.001668 0.978440
vt 0.978168 0.835783
vt 0.337205 0.058198
vt 0.265801 0.550154
vt 0.514513 0.430856
vt 0.709124 0.700169
vt 0.692119 0.719978
vt 0.645882 0.318357
vt 0.639892 0.169028
vt 0.662730 0.123753
vt 0.691078 0.081680
vt 0.724122 0.043218
vt 0.675364 0.673738
vt 0.674666 0.739372
vt 0.592735 0.803608
vt 0.547283 0.829098
vt 0.646580 0.998334
vt 0.092193 0.602190
vt 0.827536 0.088222
vt 0.926818 0.171224
vt 0.938460 0.174185
vt 0.928500 0.177155
vt 0.940558 0.180060
vt 0.930188 0.183008
vt 0.904824 0.002322
vt 0.906393 0.008919
vt 0.904973 0.008958
vt 0.906253 0.002301
vt 0.909134 0.008828
vt 0.918949 0.037836
vt 0.913596 0.008609
vt 0.917856 0.008663
vt 0.893001 0.009179
vt 0.905555 0.038330
vt 0.893548 0.038499
vt 0.917530 0.002224
vt 0.920552 0.008802
vt 0.920484 0.002167
vt 0.921841 0.008854
vt 0.920511 0.037964
vt 0.920623 0.145535
vt 0.932007 0.037933
vt 0.933422 0.009139
vt 0.906953 0.176989
vt 0.891402 0.181661
vt 0.892058 0.176322
vt 0.942817 0.187398
vt 0.931915 0.190113
vt 0.924261 0.159381
vt 0.934731 0.163032
vt 0.925366 0.165233
vt 0.908767 0.182549
vt 0.907071 0.182376
vt 0.908571 0.177122
vt 0.910557 0.182560
vt 0.910903 0.187281
vt 0.908947 0.186982
vt 0.907186 0.186758
vt 0.925596 0.177293
vt 0.929030 0.183195
vt 0.927325 0.183054
vt 0.927281 0.177394
vt 0.930722 0.190198
vt 0.928927 0.189927
vt 0.892778 0.170597
vt 0.909219 0.145655
vt 0.907014 0.038337
vt 0.908363 0.038139
vt 0.922698 0.165396
vt 0.909847 0.171283
vt 0.909612 0.165357
vt 0.894405 0.145611
vt 0.906602 0.154037
vt 0.894154 0.153815
vt 0.922944 0.145451
vt 0.921923 0.037844
vt 0.909427 0.159558
vt 0.932082 0.145092
vt 0.921075 0.153967
vt 0.909299 0.154072
vt 0.909178 0.002281
vt 0.932649 0.152871
vt 0.923535 0.153849
vt 0.924002 0.171399
vt 0.910130 0.177119
vt 0.914926 0.145607
vt 0.893830 0.159153
vt 0.906687 0.165281
vt 0.893374 0.164804
vt 0.906597 0.145644
vt 0.921885 0.145501
vt 0.922416 0.153945
vt 0.907954 0.145654
vt 0.907995 0.154072
vt 0.913284 0.002235
vt 0.914262 0.037937
vt 0.892904 0.002524
vt 0.907235 0.190793
vt 0.890866 0.186021
vt 0.923120 0.159523
vt 0.921723 0.159518
vt 0.924186 0.165420
vt 0.925599 0.171453
vt 0.908067 0.159565
vt 0.906634 0.159509
vt 0.908170 0.165360
vt 0.908316 0.171269
vt 0.906778 0.171181
vt 0.945947 0.200181
vt 0.930541 0.201853
vt 0.909051 0.191230
vt 0.932879 0.202756
vt 0.933747 0.002502
vt 0.921899 0.002206
vt 0.891572 0.009194
vt 0.891456 0.002535
vt 0.888818 0.009212
vt 0.888500 0.002626
vt 0.880242 0.038426
vt 0.884337 0.009182
vt 0.884889 0.038382
vt 0.880054 0.002955
vt 0.877398 0.009701
vt 0.877054 0.003076
vt 0.935204 0.002538
vt 0.878708 0.038599
vt 0.880804 0.145387
vt 0.879589 0.145381
vt 0.889691 0.181665
vt 0.890439 0.176294
vt 0.887900 0.181497
vt 0.888893 0.176135
vt 0.887076 0.186186
vt 0.889075 0.186077
vt 0.873541 0.174431
vt 0.868900 0.179786
vt 0.871876 0.174225
vt 0.939566 0.173663
vt 0.941753 0.179519
vt 0.870773 0.179969
vt 0.866101 0.187044
vt 0.891878 0.145546
vt 0.892101 0.038555
vt 0.893095 0.145583
vt 0.878044 0.163529
vt 0.889756 0.170418
vt 0.876046 0.168985
vt 0.933395 0.038081
vt 0.933099 0.145052
vt 0.891106 0.159042
vt 0.879474 0.158224
vt 0.880340 0.153208
vt 0.886325 0.145451
vt 0.884349 0.002756
vt 0.879139 0.153160
vt 0.868179 0.186970
vt 0.891513 0.153729
vt 0.892787 0.153787
vt 0.934707 0.009164
vt 0.880079 0.009431
vt 0.890759 0.038403
vt 0.878224 0.158131
vt 0.933625 0.152745
vt 0.933444 0.157778
vt 0.934417 0.157549
vt 0.876700 0.163393
vt 0.874564 0.168808
vt 0.935731 0.162696
vt 0.936451 0.168531
vt 0.937493 0.168091
vt 0.892428 0.159127
vt 0.890512 0.164656
vt 0.891917 0.164770
vt 0.891258 0.170546
vt 0.865561 0.199228
vt 0.863276 0.200083
vt 0.888569 0.190338
vt 0.886330 0.191258
vt 0.947234 0.199486
vt 0.890447 0.190053
vt 0.056396 0.905677
vt 0.062900 0.908903
vt 0.052801 0.918396
vt 0.109710 0.901777
vt 0.101644 0.882350
vt 0.109441 0.882256
vt 0.138912 0.881806
vt 0.131323 0.901483
vt 0.131123 0.881990
vt 0.116942 0.901664
vt 0.123938 0.882084
vt 0.124128 0.901555
vt 0.052675 0.866033
vt 0.042209 0.875016
vt 0.038992 0.869104
vt 0.101597 0.879796
vt 0.109395 0.879728
vt 0.048001 0.882883
vt 0.056328 0.880457
vt 0.056324 0.882926
vt 0.138770 0.879189
vt 0.131108 0.877742
vt 0.138452 0.877375
vt 0.062754 0.875441
vt 0.056300 0.878733
vt 0.131321 0.903094
vt 0.124153 0.903165
vt 0.131066 0.879505
vt 0.123929 0.877753
vt 0.048521 0.878541
vt 0.049210 0.931108
vt 0.056994 0.930908
vt 0.085497 0.882655
vt 0.078464 0.902247
vt 0.078285 0.882772
vt 0.116707 0.882166
vt 0.093263 0.882495
vt 0.085466 0.880152
vt 0.093223 0.879951
vt 0.063986 0.882923
vt 0.056409 0.902345
vt 0.039078 0.862391
vt 0.063154 0.857044
vt 0.066477 0.862944
vt 0.123914 0.879591
vt 0.116626 0.877770
vt 0.042704 0.927889
vt 0.066326 0.869702
vt 0.063849 0.878661
vt 0.063956 0.880476
vt 0.093578 0.903777
vt 0.085895 0.905678
vt 0.085781 0.903850
vt 0.131412 0.904870
vt 0.124219 0.905000
vt 0.078478 0.903898
vt 0.085743 0.902175
vt 0.093545 0.902089
vt 0.078256 0.880263
vt 0.071043 0.878526
vt 0.078267 0.878403
vt 0.048092 0.902453
vt 0.109724 0.903462
vt 0.116948 0.903285
vt 0.116676 0.879658
vt 0.101921 0.905437
vt 0.109668 0.905285
vt 0.101953 0.903641
vt 0.064047 0.903917
vt 0.056427 0.903975
vt 0.048220 0.904156
vt 0.071180 0.905739
vt 0.071218 0.903928
vt 0.048604 0.905858
vt 0.139108 0.901504
vt 0.139014 0.903240
vt 0.064060 0.902295
vt 0.063948 0.905677
vt 0.101505 0.877959
vt 0.109265 0.877869
vt 0.063340 0.927398
vt 0.042263 0.909395
vt 0.038992 0.915343
vt 0.071217 0.902287
vt 0.071138 0.882870
vt 0.049048 0.853333
vt 0.056826 0.853548
vt 0.085527 0.878319
vt 0.039188 0.922100
vt 0.066470 0.914683
vt 0.093251 0.878170
vt 0.093672 0.905570
vt 0.066631 0.921453
vt 0.138781 0.904998
vt 0.078521 0.905738
vt 0.042614 0.856620
vt 0.116961 0.905089
vt 0.071102 0.880376
vt 0.960743 0.556423
vt 0.953078 0.562925
vt 0.952577 0.557499
vt 0.961330 0.562370
vt 0.953234 0.568365
vt 0.943408 0.568382
vt 0.943269 0.563571
vt 0.942769 0.558784
vt 0.580482 0.052500
vt 0.574708 0.065422
vt 0.574602 0.052510
vt 0.527428 0.053479
vt 0.522135 0.067238
vt 0.521341 0.053753
vt 0.533976 0.066457
vt 0.533434 0.053246
vt 0.556834 0.031092
vt 0.551009 0.015597
vt 0.556881 0.015668
vt 0.539841 0.066179
vt 0.539387 0.053050
vt 0.580439 0.015826
vt 0.574508 0.031118
vt 0.574499 0.015814
vt 0.839681 0.214032
vt 0.846566 0.479224
vt 0.840604 0.479330
vt 0.562708 0.031097
vt 0.562729 0.015732
vt 0.947973 0.494267
vt 0.947335 0.502074
vt 0.944327 0.495924
vt 0.950884 0.500344
vt 0.950320 0.508039
vt 0.944804 0.510815
vt 0.941660 0.504970
vt 0.938332 0.498822
vt 0.953822 0.506343
vt 0.953176 0.513925
vt 0.956660 0.512319
vt 0.955826 0.519777
vt 0.950422 0.522156
vt 0.947737 0.516522
vt 0.959330 0.518281
vt 0.958250 0.525610
vt 0.961781 0.524232
vt 0.960421 0.531478
vt 0.955016 0.533388
vt 0.952851 0.527768
vt 0.963970 0.530254
vt 0.962346 0.537379
vt 0.965861 0.536311
vt 0.964038 0.543342
vt 0.958502 0.544746
vt 0.956919 0.539035
vt 0.967624 0.542407
vt 0.965438 0.549430
vt 0.969120 0.548673
vt 0.966485 0.555657
vt 0.959790 0.550542
vt 0.970283 0.555128
vt 0.967159 0.561970
vt 0.971004 0.561679
vt 0.967410 0.568345
vt 0.961519 0.568355
vt 0.919220 0.512299
vt 0.913838 0.526234
vt 0.909683 0.522928
vt 0.923424 0.517021
vt 0.917523 0.529762
vt 0.909690 0.538558
vt 0.906522 0.536708
vt 0.902704 0.534552
vt 0.932755 0.564283
vt 0.932321 0.560210
vt 0.932866 0.568389
vt 0.921541 0.568370
vt 0.921602 0.565211
vt 0.922047 0.561600
vt 0.940869 0.549304
vt 0.931648 0.556174
vt 0.930619 0.552197
vt 0.942002 0.554021
vt 0.922797 0.558170
vt 0.920447 0.556201
vt 0.937685 0.539984
vt 0.929349 0.548263
vt 0.927714 0.544423
vt 0.939463 0.544619
vt 0.920045 0.551912
vt 0.918972 0.548756
vt 0.933126 0.530835
vt 0.925763 0.540618
vt 0.923415 0.536926
vt 0.935586 0.535404
vt 0.917129 0.545947
vt 0.912798 0.542436
vt 0.927088 0.521678
vt 0.920705 0.533292
vt 0.930330 0.526259
vt 0.911952 0.539475
vt 0.949034 0.541482
vt 0.947181 0.536249
vt 0.950534 0.546771
vt 0.939814 0.520599
vt 0.936719 0.515264
vt 0.942574 0.525817
vt 0.951712 0.552115
vt 0.933306 0.509843
vt 0.929486 0.504135
vt 0.945030 0.531036
vt 0.568920 0.065467
vt 0.574755 0.069498
vt 0.569000 0.069554
vt 0.580509 0.069501
vt 0.540003 0.070324
vt 0.534429 0.075631
vt 0.534173 0.070612
vt 0.528673 0.075982
vt 0.522471 0.071445
vt 0.528335 0.070975
vt 0.557336 0.065654
vt 0.563237 0.069647
vt 0.557455 0.069770
vt 0.563134 0.065546
vt 0.517186 0.077094
vt 0.516537 0.072077
vt 0.580471 0.044237
vt 0.574570 0.048483
vt 0.574555 0.044279
vt 0.545689 0.065949
vt 0.551651 0.069917
vt 0.545830 0.070069
vt 0.551522 0.065788
vt 0.574811 0.074415
vt 0.540210 0.075362
vt 0.557600 0.074777
vt 0.528082 0.066802
vt 0.546023 0.075165
vt 0.563361 0.074626
vt 0.509844 0.068480
vt 0.510435 0.072938
vt 0.516082 0.067792
vt 0.511467 0.078011
vt 0.580516 0.077032
vt 0.574845 0.077075
vt 0.569095 0.074507
vt 0.569157 0.077174
vt 0.563435 0.077315
vt 0.557685 0.077481
vt 0.551812 0.074958
vt 0.551905 0.077676
vt 0.546117 0.077904
vt 0.540310 0.078069
vt 0.534563 0.078323
vt 0.528854 0.078664
vt 0.522927 0.076450
vt 0.523176 0.079116
vt 0.517545 0.079747
vt 0.511969 0.080642
vt 0.515132 0.054058
vt 0.545303 0.052886
vt 0.551189 0.052766
vt 0.557050 0.052669
vt 0.562896 0.052595
vt 0.568740 0.052542
vt 0.508761 0.054375
vt 0.562776 0.040310
vt 0.568663 0.044310
vt 0.562795 0.044348
vt 0.533109 0.040637
vt 0.539193 0.044667
vt 0.533205 0.044788
vt 0.551104 0.048700
vt 0.545136 0.044591
vt 0.551043 0.044476
vt 0.527162 0.044938
vt 0.521190 0.049521
vt 0.521043 0.045112
vt 0.551006 0.040406
vt 0.556928 0.044401
vt 0.520919 0.040886
vt 0.514972 0.049765
vt 0.514839 0.045295
vt 0.539113 0.040549
vt 0.858569 0.485380
vt 0.852547 0.481153
vt 0.858549 0.481092
vt 0.533050 0.035981
vt 0.527053 0.040751
vt 0.526988 0.036059
vt 0.545212 0.048790
vt 0.556902 0.040348
vt 0.545033 0.035848
vt 0.539059 0.035915
vt 0.527294 0.049298
vt 0.514702 0.041041
vt 0.508506 0.041257
vt 0.508614 0.045444
vt 0.556868 0.035804
vt 0.550970 0.035827
vt 0.574531 0.035785
vt 0.568652 0.040284
vt 0.568622 0.035784
vt 0.545078 0.040503
vt 0.574550 0.040261
vt 0.520837 0.036156
vt 0.514564 0.036293
vt 0.507984 0.031364
vt 0.508153 0.036521
vt 0.514491 0.031277
vt 0.562831 0.048556
vt 0.520809 0.031223
vt 0.526975 0.031185
vt 0.562742 0.035790
vt 0.533040 0.031152
vt 0.539046 0.031121
vt 0.568689 0.048511
vt 0.545010 0.031090
vt 0.550938 0.031090
vt 0.556976 0.048619
vt 0.580465 0.040219
vt 0.580460 0.035800
vt 0.568590 0.031107
vt 0.533320 0.049109
vt 0.545103 0.015523
vt 0.568590 0.015782
vt 0.533202 0.015388
vt 0.539166 0.015463
vt 0.527196 0.015272
vt 0.521091 0.015093
vt 0.514802 0.014815
vt 0.508271 0.014425
vt 0.539289 0.048940
vt 0.508584 0.049967
vt 0.846576 0.481212
vt 0.840674 0.485449
vt 0.840628 0.481311
vt 0.539353 0.003418
vt 0.533366 0.007708
vt 0.533447 0.003341
vt 0.557079 0.003802
vt 0.551120 0.008003
vt 0.551222 0.003641
vt 0.545218 0.007903
vt 0.545297 0.003465
vt 0.568720 0.004054
vt 0.562809 0.008225
vt 0.562898 0.003941
vt 0.556982 0.008120
vt 0.846592 0.485389
vt 0.574575 0.004141
vt 0.568645 0.008308
vt 0.888652 0.481050
vt 0.882614 0.485218
vt 0.882564 0.481044
vt 0.864558 0.481087
vt 0.876596 0.485244
vt 0.870555 0.481066
vt 0.876545 0.481049
vt 0.527563 0.003223
vt 0.521469 0.007326
vt 0.521687 0.003002
vt 0.882544 0.479057
vt 0.888641 0.479068
vt 0.894789 0.481073
vt 0.580434 0.008376
vt 0.580429 0.004202
vt 0.834769 0.485590
vt 0.834656 0.481484
vt 0.870532 0.479067
vt 0.876521 0.479056
vt 0.828840 0.485871
vt 0.828593 0.481783
vt 0.864595 0.485328
vt 0.858537 0.479097
vt 0.864541 0.479083
vt 0.539294 0.007806
vt 0.852539 0.479155
vt 0.822906 0.486394
vt 0.822364 0.482252
vt 0.515789 0.002596
vt 0.509140 0.006192
vt 0.509896 0.001857
vt 0.834602 0.479505
vt 0.515390 0.006911
vt 0.822208 0.480199
vt 0.828486 0.479789
vt 0.527438 0.007566
vt 0.888687 0.485198
vt 0.894791 0.487255
vt 0.888707 0.487292
vt 0.882639 0.487325
vt 0.876622 0.487361
vt 0.870602 0.485280
vt 0.870626 0.487407
vt 0.864615 0.487464
vt 0.858577 0.487525
vt 0.852555 0.485375
vt 0.852550 0.487501
vt 0.846593 0.487491
vt 0.840692 0.487527
vt 0.834823 0.487643
vt 0.828966 0.487902
vt 0.823150 0.488409
vt 0.515165 0.009673
vt 0.508724 0.009039
vt 0.521339 0.010054
vt 0.527362 0.010284
vt 0.533316 0.010435
vt 0.539251 0.010519
vt 0.545170 0.010602
vt 0.551066 0.010694
vt 0.556928 0.010793
vt 0.562761 0.010882
vt 0.568607 0.010951
vt 0.574502 0.010993
vt 0.574525 0.008361
vt 0.580436 0.010996
vt 0.875392 0.213944
vt 0.863488 0.213968
vt 0.888040 0.213877
vt 0.894788 0.479083
vt 0.881540 0.213916
vt 0.857523 0.213998
vt 0.851561 0.214005
vt 0.869429 0.213956
vt 0.820185 0.213586
vt 0.833546 0.213987
vt 0.827040 0.213855
vt 0.845630 0.214027
vt 0.071339 0.952475
vt 0.063678 0.948365
vt 0.071339 0.948365
vt 0.056017 0.948365
vt 0.048527 0.946883
vt 0.056017 0.946883
vt 0.063678 0.946883
vt 0.078768 0.952475
vt 0.078768 0.948365
vt 0.086664 0.952475
vt 0.086664 0.948365
vt 0.025297 0.952475
vt 0.017454 0.948365
vt 0.025297 0.948365
vt 0.071339 0.946883
vt 0.078768 0.946883
vt 0.040578 0.952475
vt 0.032958 0.948365
vt 0.040578 0.948365
vt 0.017454 0.946883
vt 0.025297 0.946883
vt 0.032958 0.946883
vt 0.094362 0.948365
vt 0.048527 0.952475
vt 0.048527 0.948365
vt 0.102023 0.948365
vt 0.094362 0.952475
vt 0.086664 0.946883
vt 0.094362 0.946883
vt 0.056017 0.952475
vt 0.040578 0.946883
vt 0.109865 0.952475
vt 0.109865 0.948365
vt 0.102023 0.946883
vt 0.109865 0.946883
vt 0.899338 0.625007
vt 0.899847 0.638840
vt 0.893909 0.635436
vt 0.891582 0.621495
vt 0.887366 0.632588
vt 0.905038 0.642632
vt 0.904123 0.652057
vt 0.900120 0.648423
vt 0.895566 0.645158
vt 0.930837 0.656568
vt 0.922957 0.667867
vt 0.920410 0.661997
vt 0.917888 0.638764
vt 0.913720 0.651431
vt 0.909622 0.646814
vt 0.925002 0.674150
vt 0.918010 0.682567
vt 0.917015 0.676328
vt 0.915464 0.670695
vt 0.940812 0.686486
vt 0.928597 0.697943
vt 0.927760 0.688949
vt 0.912474 0.633774
vt 0.890354 0.642255
vt 0.884620 0.639802
vt 0.922756 0.644260
vt 0.917350 0.656492
vt 0.936640 0.670410
vt 0.926587 0.681068
vt 0.913385 0.665459
vt 0.910812 0.660573
vt 0.927052 0.650193
vt 0.907684 0.656116
vt 0.906355 0.629185
vt 0.934010 0.663302
vt 0.918105 0.698029
vt 0.918393 0.689741
vt 0.910070 0.689602
vt 0.910350 0.683410
vt 0.908911 0.696598
vt 0.901284 0.694268
vt 0.902764 0.688826
vt 0.904717 0.683738
vt 0.895715 0.653466
vt 0.891760 0.650638
vt 0.899221 0.656655
vt 0.894608 0.660788
vt 0.891625 0.658048
vt 0.888897 0.654682
vt 0.909850 0.677974
vt 0.908738 0.673013
vt 0.903269 0.679159
vt 0.902499 0.674944
vt 0.887218 0.648174
vt 0.882240 0.646051
vt 0.884323 0.653536
vt 0.880096 0.651676
vt 0.907066 0.668404
vt 0.904911 0.664114
vt 0.901152 0.671007
vt 0.900436 0.666701
vt 0.902257 0.660192
vt 0.897155 0.663892
vt 0.894853 0.691643
vt 0.896987 0.683747
vt 0.891078 0.689772
vt 0.892806 0.683593
vt 0.884751 0.660428
vt 0.893979 0.670288
vt 0.889872 0.664846
vt 0.886803 0.667581
vt 0.882324 0.663717
vt 0.896478 0.676665
vt 0.892352 0.677753
vt 0.878020 0.657121
vt 0.876626 0.660767
vt 0.890135 0.672381
vt 0.940741 0.677622
vt 0.938850 0.678060
vt 0.942776 0.686085
vt 0.942681 0.695678
vt 0.919219 0.637415
vt 0.924220 0.643023
vt 0.928679 0.649125
vt 0.932545 0.655679
vt 0.892241 0.619761
vt 0.900181 0.623305
vt 0.935805 0.662577
vt 0.938490 0.669845
vt 0.907366 0.627577
vt 0.913650 0.632289
vt 0.845527 0.207432
vt 0.839662 0.211753
vt 0.839584 0.207489
vt 0.863520 0.207299
vt 0.857515 0.211679
vt 0.857498 0.207269
vt 0.894790 0.207369
vt 0.888053 0.211597
vt 0.888110 0.207343
vt 0.881637 0.207355
vt 0.875411 0.211656
vt 0.875482 0.207355
vt 0.881559 0.211632
vt 0.851542 0.211701
vt 0.851481 0.207352
vt 0.833506 0.207487
vt 0.827091 0.211578
vt 0.827169 0.207390
vt 0.820332 0.211271
vt 0.820677 0.207067
vt 0.869495 0.207332
vt 0.863492 0.211659
vt 0.869444 0.211659
vt 0.845605 0.211737
vt 0.833548 0.211714
vt 0.894788 0.213849
vt 0.102023 0.952475
vt 0.109865 0.954857
vt 0.102023 0.954857
vt 0.094362 0.954857
vt 0.086664 0.954857
vt 0.078768 0.954857
vt 0.071339 0.954857
vt 0.063678 0.952475
vt 0.063678 0.954857
vt 0.056017 0.954857
vt 0.048527 0.954857
vt 0.040578 0.954857
vt 0.032958 0.952475
vt 0.032958 0.954857
vt 0.025297 0.954857
vt 0.017454 0.952475
vt 0.017454 0.954857
vt 0.912268 0.568299
vt 0.912271 0.565513
vt 0.912748 0.560992
vt 0.909732 0.564517
vt 0.902162 0.559819
vt 0.904657 0.558612
vt 0.907888 0.556128
vt 0.899942 0.554431
vt 0.902549 0.553851
vt 0.905746 0.551797
vt 0.899383 0.546221
vt 0.903196 0.546259
vt 0.906551 0.547009
vt 0.914661 0.546911
vt 0.911483 0.546912
vt 0.908714 0.548888
vt 0.907864 0.551913
vt 0.909379 0.554875
vt 0.917027 0.552285
vt 0.916789 0.549161
vt 0.915656 0.555078
vt 0.912385 0.556369
vt 0.071051 0.864622
vt 0.074029 0.861088
vt 0.074474 0.863651
vt 0.079918 0.857478
vt 0.080974 0.861237
vt 0.078381 0.860242
vt 0.071536 0.860000
vt 0.075976 0.860191
vt 0.083938 0.859851
vt 0.081553 0.864072
vt 0.082295 0.868437
vt 0.077553 0.867183
vt 0.079894 0.866275
vt 0.078052 0.870134
vt 0.074956 0.866033
vt 0.073507 0.868541
vt 0.084726 0.864445
vt 0.075159 0.857478
vt 0.076732 0.863156
vt 0.960772 0.580292
vt 0.953105 0.573814
vt 0.961349 0.574345
vt 0.952602 0.579239
vt 0.943241 0.573187
vt 0.586298 0.065404
vt 0.580503 0.065411
vt 0.633472 0.053271
vt 0.638831 0.066958
vt 0.632896 0.066563
vt 0.627012 0.066258
vt 0.604059 0.031044
vt 0.609854 0.015578
vt 0.609944 0.031029
vt 0.621163 0.066016
vt 0.627482 0.053068
vt 0.586400 0.031105
vt 0.580454 0.031128
vt 0.949888 0.214032
vt 0.942996 0.479222
vt 0.943941 0.214028
vt 0.598192 0.031061
vt 0.603993 0.015647
vt 0.948254 0.641964
vt 0.947584 0.634317
vt 0.951074 0.635997
vt 0.950490 0.628445
vt 0.953937 0.630104
vt 0.945042 0.625742
vt 0.944674 0.640360
vt 0.941991 0.631507
vt 0.953294 0.622636
vt 0.956728 0.624222
vt 0.955919 0.616853
vt 0.959372 0.618339
vt 0.950554 0.614491
vt 0.947914 0.620081
vt 0.958337 0.611063
vt 0.961818 0.612430
vt 0.960499 0.605213
vt 0.964021 0.606424
vt 0.955101 0.603312
vt 0.952964 0.608923
vt 0.962415 0.599320
vt 0.965923 0.600380
vt 0.964088 0.593357
vt 0.967672 0.594284
vt 0.958550 0.591963
vt 0.957010 0.597684
vt 0.965476 0.587273
vt 0.969154 0.588024
vt 0.966514 0.581049
vt 0.970309 0.581576
vt 0.959829 0.586172
vt 0.967185 0.574728
vt 0.971007 0.575010
vt 0.971280 0.568336
vt 0.919705 0.624613
vt 0.914169 0.610770
vt 0.923848 0.619773
vt 0.917784 0.607208
vt 0.927416 0.615157
vt 0.909831 0.598556
vt 0.910075 0.614123
vt 0.906710 0.600464
vt 0.942797 0.577981
vt 0.932752 0.572499
vt 0.932323 0.576580
vt 0.921574 0.571536
vt 0.940927 0.587472
vt 0.931656 0.580630
vt 0.942043 0.582750
vt 0.921991 0.575181
vt 0.930641 0.584624
vt 0.922752 0.578656
vt 0.937790 0.596786
vt 0.929391 0.588575
vt 0.939505 0.592135
vt 0.920374 0.580662
vt 0.927787 0.592435
vt 0.920011 0.585004
vt 0.933331 0.605968
vt 0.925872 0.596262
vt 0.935750 0.601396
vt 0.918965 0.588178
vt 0.923566 0.599982
vt 0.917143 0.591002
vt 0.920908 0.603645
vt 0.930589 0.610553
vt 0.912860 0.594617
vt 0.912069 0.597598
vt 0.949072 0.595241
vt 0.950600 0.589971
vt 0.947291 0.600482
vt 0.940068 0.616078
vt 0.942779 0.610894
vt 0.937046 0.621356
vt 0.951757 0.584624
vt 0.938784 0.637562
vt 0.933716 0.626844
vt 0.930071 0.632451
vt 0.945157 0.605662
vt 0.592087 0.065428
vt 0.586265 0.069483
vt 0.621006 0.070154
vt 0.626621 0.075423
vt 0.620835 0.075201
vt 0.632372 0.075726
vt 0.638525 0.071156
vt 0.638105 0.076149
vt 0.603669 0.065569
vt 0.597786 0.069584
vt 0.597873 0.065485
vt 0.592024 0.069516
vt 0.643833 0.076750
vt 0.586382 0.048466
vt 0.580476 0.048482
vt 0.615317 0.065820
vt 0.609366 0.069809
vt 0.609481 0.065681
vt 0.603566 0.069684
vt 0.586227 0.074411
vt 0.591951 0.074470
vt 0.615181 0.069945
vt 0.615013 0.075035
vt 0.603441 0.074688
vt 0.597684 0.074562
vt 0.626842 0.070406
vt 0.632672 0.070727
vt 0.609224 0.074845
vt 0.651090 0.068114
vt 0.644444 0.071744
vt 0.644868 0.067471
vt 0.649540 0.077623
vt 0.580514 0.074375
vt 0.586202 0.077044
vt 0.591902 0.077137
vt 0.597622 0.077250
vt 0.603369 0.077390
vt 0.609143 0.077560
vt 0.614932 0.077748
vt 0.620753 0.077872
vt 0.626511 0.078100
vt 0.632213 0.078401
vt 0.637877 0.078809
vt 0.643495 0.079397
vt 0.639540 0.053510
vt 0.621548 0.052899
vt 0.615640 0.052764
vt 0.609761 0.052668
vt 0.598064 0.052540
vt 0.592222 0.052506
vt 0.586362 0.052493
vt 0.645729 0.053778
vt 0.598146 0.040264
vt 0.592274 0.044279
vt 0.592275 0.040254
vt 0.627751 0.040496
vt 0.621701 0.044537
vt 0.621766 0.040430
vt 0.609830 0.048607
vt 0.615773 0.044483
vt 0.615713 0.048674
vt 0.633695 0.044755
vt 0.639668 0.049293
vt 0.633584 0.049102
vt 0.609900 0.040326
vt 0.604000 0.044334
vt 0.604014 0.040286
vt 0.639893 0.040690
vt 0.633785 0.040583
vt 0.639791 0.044899
vt 0.645863 0.049500
vt 0.603965 0.048547
vt 0.615816 0.040405
vt 0.930989 0.485372
vt 0.937014 0.481147
vt 0.937003 0.485369
vt 0.627792 0.035856
vt 0.621623 0.048798
vt 0.627672 0.044632
vt 0.598138 0.044299
vt 0.615848 0.035761
vt 0.627576 0.048942
vt 0.646084 0.040813
vt 0.652251 0.040993
vt 0.645970 0.045049
vt 0.604036 0.035748
vt 0.586387 0.035771
vt 0.586379 0.040246
vt 0.609876 0.044390
vt 0.639954 0.035981
vt 0.586386 0.044263
vt 0.652715 0.031151
vt 0.646197 0.036087
vt 0.646245 0.031098
vt 0.639960 0.031072
vt 0.633830 0.035911
vt 0.598115 0.048503
vt 0.592261 0.048477
vt 0.633825 0.031058
vt 0.627786 0.031046
vt 0.592293 0.035756
vt 0.621804 0.035811
vt 0.621803 0.031032
vt 0.615858 0.031016
vt 0.609924 0.035757
vt 0.598168 0.035748
vt 0.592315 0.031082
vt 0.652168 0.045162
vt 0.652225 0.049663
vt 0.586380 0.015806
vt 0.627590 0.015349
vt 0.615748 0.015499
vt 0.633556 0.015226
vt 0.639619 0.015034
vt 0.592289 0.015770
vt 0.652348 0.014321
vt 0.603906 0.052594
vt 0.942985 0.481210
vt 0.948886 0.485449
vt 0.942967 0.485388
vt 0.621500 0.003450
vt 0.627426 0.007725
vt 0.621545 0.007814
vt 0.603801 0.003744
vt 0.609752 0.007989
vt 0.603898 0.008116
vt 0.609656 0.003627
vt 0.615648 0.007903
vt 0.592153 0.004025
vt 0.598076 0.008212
vt 0.592229 0.008293
vt 0.597992 0.003894
vt 0.586287 0.004126
vt 0.586345 0.008351
vt 0.900926 0.481045
vt 0.906967 0.485205
vt 0.900895 0.485193
vt 0.925003 0.481072
vt 0.924960 0.485313
vt 0.912980 0.485221
vt 0.919012 0.481044
vt 0.918960 0.485248
vt 0.633169 0.003278
vt 0.639221 0.007329
vt 0.633301 0.007582
vt 0.907030 0.479045
vt 0.900935 0.479062
vt 0.948932 0.481310
vt 0.954791 0.485590
vt 0.919035 0.479047
vt 0.913028 0.481030
vt 0.913050 0.479038
vt 0.907012 0.481032
vt 0.954904 0.481485
vt 0.960720 0.485872
vt 0.931025 0.479088
vt 0.925022 0.479069
vt 0.615582 0.003470
vt 0.937023 0.479150
vt 0.931012 0.481083
vt 0.960968 0.481785
vt 0.966655 0.486395
vt 0.644838 0.002614
vt 0.651449 0.006155
vt 0.645250 0.006895
vt 0.954959 0.479506
vt 0.948957 0.479330
vt 0.638990 0.003040
vt 0.967353 0.480200
vt 0.961075 0.479790
vt 0.627350 0.003402
vt 0.894791 0.485168
vt 0.900877 0.487288
vt 0.906946 0.487315
vt 0.912960 0.487347
vt 0.918933 0.487409
vt 0.924935 0.487452
vt 0.930980 0.487521
vt 0.937008 0.487502
vt 0.942965 0.487490
vt 0.948868 0.487527
vt 0.954737 0.487644
vt 0.960595 0.487903
vt 0.645484 0.009633
vt 0.639358 0.010032
vt 0.651874 0.008978
vt 0.645864 0.014736
vt 0.633380 0.010275
vt 0.627472 0.010419
vt 0.621577 0.010514
vt 0.615682 0.010595
vt 0.621660 0.015433
vt 0.609799 0.010692
vt 0.603946 0.010770
vt 0.598117 0.010879
vt 0.592269 0.010938
vt 0.598149 0.015719
vt 0.586371 0.010984
vt 0.914180 0.213948
vt 0.908033 0.213921
vt 0.926084 0.213969
vt 0.920143 0.213958
vt 0.901535 0.213881
vt 0.932049 0.213999
vt 0.938010 0.214007
vt 0.969386 0.213588
vt 0.962531 0.213852
vt 0.956024 0.213986
vt 0.148387 0.952475
vt 0.156052 0.948365
vt 0.156052 0.952475
vt 0.163716 0.948365
vt 0.171194 0.946883
vt 0.171194 0.948365
vt 0.163716 0.946883
vt 0.140967 0.952475
vt 0.148387 0.948365
vt 0.133071 0.952475
vt 0.140967 0.948365
vt 0.194428 0.952475
vt 0.202271 0.948365
vt 0.202271 0.952475
vt 0.156052 0.946883
vt 0.148387 0.946883
vt 0.179143 0.952475
vt 0.186763 0.948365
vt 0.186763 0.952475
vt 0.194428 0.948365
vt 0.202271 0.946883
vt 0.194428 0.946883
vt 0.125373 0.948365
vt 0.125373 0.952475
vt 0.171194 0.952475
vt 0.163716 0.952475
vt 0.117708 0.948365
vt 0.117708 0.952475
vt 0.133071 0.948365
vt 0.140967 0.946883
vt 0.133071 0.946883
vt 0.179143 0.948365
vt 0.186763 0.946883
vt 0.179143 0.946883
vt 0.125373 0.946883
vt 0.117708 0.946883
vt 0.883455 0.618974
vt 0.873896 0.628963
vt 0.875446 0.617454
vt 0.880587 0.630367
vt 0.867500 0.628341
vt 0.861910 0.635984
vt 0.861297 0.628412
vt 0.867322 0.635930
vt 0.838964 0.621575
vt 0.837333 0.635259
vt 0.832111 0.624494
vt 0.860491 0.616910
vt 0.855163 0.629130
vt 0.853197 0.617743
vt 0.831626 0.638593
vt 0.831255 0.649529
vt 0.825847 0.642707
vt 0.836146 0.645533
vt 0.811670 0.637357
vt 0.813129 0.653953
vt 0.804173 0.642888
vt 0.867847 0.616795
vt 0.872888 0.636522
vt 0.878708 0.637821
vt 0.849089 0.630493
vt 0.846032 0.619332
vt 0.825411 0.628053
vt 0.818666 0.632315
vt 0.843139 0.632569
vt 0.841050 0.642357
vt 0.846086 0.639830
vt 0.851256 0.637892
vt 0.856555 0.636644
vt 0.819732 0.647817
vt 0.820893 0.661006
vt 0.826194 0.654630
vt 0.832503 0.660066
vt 0.828711 0.666061
vt 0.835960 0.669398
vt 0.836412 0.655255
vt 0.838476 0.664347
vt 0.867255 0.642620
vt 0.862511 0.642679
vt 0.863213 0.648838
vt 0.872084 0.643142
vt 0.867252 0.648762
vt 0.840403 0.651528
vt 0.840402 0.659247
vt 0.844530 0.648562
vt 0.844529 0.656789
vt 0.877112 0.644324
vt 0.871529 0.648064
vt 0.875706 0.650251
vt 0.848846 0.646231
vt 0.847907 0.654152
vt 0.853307 0.644460
vt 0.851531 0.652107
vt 0.857898 0.643293
vt 0.854930 0.649367
vt 0.859246 0.649453
vt 0.842512 0.671716
vt 0.846171 0.664396
vt 0.846579 0.672830
vt 0.864046 0.654989
vt 0.870806 0.655104
vt 0.864516 0.659044
vt 0.851261 0.659441
vt 0.849399 0.667062
vt 0.870417 0.659164
vt 0.857364 0.656336
vt 0.853623 0.662999
vt 0.858853 0.660454
vt 0.817514 0.630705
vt 0.810524 0.635804
vt 0.803119 0.641287
vt 0.860402 0.615043
vt 0.852931 0.615855
vt 0.845528 0.617452
vt 0.838279 0.619775
vt 0.831253 0.622758
vt 0.883952 0.617147
vt 0.875756 0.615642
vt 0.824397 0.626389
vt 0.867960 0.614925
vt 0.944043 0.207434
vt 0.949908 0.211754
vt 0.943965 0.211738
vt 0.926051 0.207300
vt 0.932057 0.211680
vt 0.926079 0.211660
vt 0.901523 0.211602
vt 0.894789 0.211578
vt 0.907935 0.207350
vt 0.914160 0.211659
vt 0.908013 0.211639
vt 0.901469 0.207342
vt 0.932073 0.207271
vt 0.938029 0.211702
vt 0.956061 0.207488
vt 0.962481 0.211576
vt 0.956021 0.211710
vt 0.962404 0.207410
vt 0.969242 0.211276
vt 0.920075 0.207334
vt 0.920128 0.211661
vt 0.914087 0.207357
vt 0.938089 0.207353
vt 0.949985 0.207490
vt 0.117708 0.954857
vt 0.125373 0.954857
vt 0.133071 0.954857
vt 0.140967 0.954857
vt 0.148387 0.954857
vt 0.156052 0.954857
vt 0.163716 0.954857
vt 0.171194 0.954857
vt 0.179143 0.954857
vt 0.186763 0.954857
vt 0.194428 0.954857
vt 0.912223 0.571084
vt 0.909230 0.572251
vt 0.901803 0.577366
vt 0.906932 0.570303
vt 0.912587 0.575643
vt 0.904307 0.578477
vt 0.899705 0.582887
vt 0.907635 0.580926
vt 0.902356 0.583408
vt 0.899383 0.591168
vt 0.905584 0.585442
vt 0.903195 0.591036
vt 0.906526 0.590209
vt 0.902957 0.602684
vt 0.914643 0.590084
vt 0.911457 0.590200
vt 0.907663 0.585353
vt 0.917003 0.584645
vt 0.915567 0.581829
vt 0.908667 0.588296
vt 0.916815 0.587828
vt 0.910080 0.582989
vt 0.912346 0.580482
vt 0.096281 0.858547
vt 0.093940 0.861414
vt 0.091667 0.858547
vt 0.090738 0.866756
vt 0.094442 0.866979
vt 0.093704 0.869771
vt 0.093423 0.863047
vt 0.090053 0.862389
vt 0.097180 0.867148
vt 0.097898 0.869750
vt 0.101149 0.866993
vt 0.098941 0.863257
vt 0.102321 0.862993
vt 0.097551 0.861533
vt 0.100689 0.858872
vt 0.095844 0.861615
vt 0.098789 0.865253
vt 0.093643 0.864921
vt 0.095837 0.863754
vt 0.668153 0.059628
vt 0.670766 0.063753
vt 0.668123 0.063687
vt 0.665254 0.063623
vt 0.668111 0.067759
vt 0.665277 0.067660
vt 0.670856 0.059664
vt 0.673700 0.063871
vt 0.670681 0.067993
vt 0.656520 0.059922
vt 0.659768 0.063858
vt 0.656841 0.064002
vt 0.673588 0.068271
vt 0.659578 0.059764
vt 0.662391 0.063740
vt 0.659803 0.068200
vt 0.656987 0.068399
vt 0.665209 0.059617
vt 0.662301 0.059713
vt 0.662397 0.067840
vt 0.665173 0.051158
vt 0.668161 0.055420
vt 0.665237 0.055416
vt 0.668188 0.051177
vt 0.670902 0.055547
vt 0.670934 0.051344
vt 0.674132 0.055722
vt 0.656093 0.051662
vt 0.659464 0.055665
vt 0.656260 0.055867
vt 0.673962 0.059776
vt 0.659330 0.051510
vt 0.662225 0.055540
vt 0.662095 0.051311
vt 0.665103 0.043066
vt 0.668168 0.047053
vt 0.665127 0.047081
vt 0.668042 0.043001
vt 0.670921 0.047130
vt 0.670916 0.042877
vt 0.674224 0.047237
vt 0.655863 0.042919
vt 0.659198 0.047266
vt 0.655974 0.047370
vt 0.674202 0.051522
vt 0.659110 0.042959
vt 0.662013 0.047146
vt 0.662041 0.043025
vt 0.665038 0.034713
vt 0.668138 0.038856
vt 0.665083 0.038943
vt 0.668041 0.034618
vt 0.670852 0.038648
vt 0.670787 0.034428
vt 0.674155 0.038441
vt 0.655987 0.034375
vt 0.659178 0.038698
vt 0.655928 0.038580
vt 0.674264 0.042787
vt 0.659237 0.034487
vt 0.661975 0.038863
vt 0.662002 0.034623
vt 0.664908 0.026203
vt 0.667948 0.030387
vt 0.664975 0.030437
vt 0.667982 0.026249
vt 0.670710 0.030317
vt 0.670614 0.026228
vt 0.673958 0.030184
vt 0.656097 0.026310
vt 0.659307 0.030385
vt 0.656052 0.030353
vt 0.674077 0.034221
vt 0.659214 0.026310
vt 0.662037 0.030407
vt 0.662052 0.026302
vt 0.664917 0.018189
vt 0.667898 0.022192
vt 0.664918 0.022220
vt 0.667859 0.018062
vt 0.670656 0.022117
vt 0.670557 0.017844
vt 0.673697 0.022046
vt 0.656243 0.017654
vt 0.659251 0.022190
vt 0.656216 0.022136
vt 0.673793 0.026190
vt 0.659229 0.017800
vt 0.661983 0.022230
vt 0.661954 0.018091
vt 0.664870 0.009607
vt 0.667850 0.013728
vt 0.664897 0.013886
vt 0.667767 0.009476
vt 0.670586 0.013243
vt 0.670529 0.008907
vt 0.673652 0.012873
vt 0.656008 0.008631
vt 0.659104 0.013160
vt 0.656149 0.012965
vt 0.673600 0.017561
vt 0.659096 0.008721
vt 0.661862 0.013645
vt 0.661887 0.009242
vt 0.664790 0.001833
vt 0.670827 0.002198
vt 0.673756 0.008549
vt 0.655466 0.002233
vt 0.658761 0.001740
vt 0.661692 0.001667
vt 0.665329 0.076360
vt 0.668120 0.083023
vt 0.665259 0.083380
vt 0.667970 0.076319
vt 0.670999 0.082582
vt 0.670672 0.076599
vt 0.674291 0.082364
vt 0.656992 0.076860
vt 0.659604 0.083037
vt 0.656545 0.082413
vt 0.659872 0.076904
vt 0.662365 0.083401
vt 0.662515 0.076640
vt 0.668109 0.072121
vt 0.665303 0.072043
vt 0.670708 0.072482
vt 0.673639 0.072704
vt 0.659803 0.072688
vt 0.657026 0.072825
vt 0.673756 0.076760
vt 0.662401 0.072316
vt 0.667816 0.002086
vt 0.040780 0.632402
vt 0.706904 0.637144
vt 0.761223 0.008549
vt 0.389864 0.998334
vt 0.080541 0.998334
vt 0.494657 0.998334
vt 0.599949 0.998334
vt 0.998063 0.025330
vt 0.826952 0.998334
vt 0.998063 0.335861
vt 0.286310 0.998334
vt 0.998063 0.651792
vt 0.934486 0.202816
vt 0.911150 0.192337
vt 0.944093 0.186870
vt 0.101935 0.901955
vt 0.048109 0.880300
vt 0.944555 0.695159
vt 0.907584 0.566533
vt 0.650531 0.072561
vt 0.649057 0.080249
vt 0.652076 0.054054
vt 0.652575 0.036280
vt 0.967197 0.482254
vt 0.650681 0.001857
vt 0.966411 0.488411
vt 0.968907 0.207071
vt 0.202271 0.954857
vt 0.674291 0.002181
s 1
g brass_pan_01_brass_pan_01
usemtl brass_pan_01
f 260/1/1 3/2/2 4/3/3
f 21/4/4 22/5/5 257/6/6
f 934/7/7 7/8/8 8/9/9
f 935/10/10 8/9/9 9/11/11
f 242/12/12 12/13/13 13/14/14
f 63/15/15 64/16/16 265/17/17
f 950/18/18 16/19/19 17/20/20
f 954/21/21 17/20/20 18/22/22
f 258/23/23 20/24/24 6/25/25
f 45/26/26 46/27/27 253/28/28
f 936/29/29 23/30/30 24/31/31
f 939/32/32 24/31/31 7/8/8
f 272/33/33 26/34/34 15/35/35
f 14/36/36 15/35/35 273/37/37
f 948/38/38 29/39/39 30/40/40
f 958/41/41 30/40/40 16/19/19
f 256/42/42 32/43/43 22/5/5
f 5/44/44 6/25/25 259/45/45
f 960/46/46 35/47/47 36/48/48
f 940/49/49 36/48/48 23/30/30
f 270/50/50 38/51/51 28/52/52
f 71/53/53 72/54/54 247/55/55
f 941/56/56 41/57/57 42/58/58
f 951/59/59 42/58/58 29/39/39
f 254/60/60 44/61/61 34/62/62
f 125/63/63 119/64/64 118/65/65
f 952/66/66 47/67/67 48/68/68
f 931/69/69 48/68/68 35/47/47
f 268/70/70 50/71/71 40/72/72
f 249/73/73 248/74/74 70/75/75
f 932/76/76 53/77/77 54/78/78
f 944/79/79 54/78/78 41/57/57
f 252/80/80 56/81/81 46/27/27
f 243/82/82 242/12/12 13/14/14
f 945/83/83 59/84/84 60/85/85
f 956/86/86 60/85/85 47/67/67
f 266/87/87 62/88/88 52/89/89
f 261/90/90 260/1/1 4/3/3
f 957/91/91 65/92/92 66/93/93
f 937/94/94 66/93/93 53/77/77
f 248/95/74 69/96/95 70/97/75
f 87/98/96 88/99/97 245/100/98
f 938/101/99 73/102/100 74/103/101
f 942/104/102 74/103/101 75/105/103
f 250/106/104 77/107/105 58/108/106
f 955/109/107 75/110/103 78/111/108
f 949/112/109 78/111/108 59/84/84
f 264/113/110 80/114/111 64/16/16
f 51/115/112 52/89/89 267/116/113
f 962/117/114 83/118/115 84/119/116
f 961/120/117 84/121/116 65/92/92
f 246/122/118 86/123/119 72/54/54
f 57/124/120 58/108/106 251/125/121
f 943/126/122 89/127/123 90/128/124
f 946/129/125 90/128/124 73/102/100
f 262/130/126 92/131/127 82/132/128
f 953/133/129 9/11/11 93/134/130
f 933/135/131 93/134/130 83/118/115
f 244/136/132 95/137/133 88/99/97
f 959/138/134 18/22/22 96/139/135
f 947/140/136 96/139/135 89/127/123
f 99/141/137 101/142/138 98/143/139
f 110/144/140 112/145/141 109/146/142
f 105/147/143 107/148/144 104/149/145
f 121/150/146 115/151/147 114/152/148
f 117/153/149 111/154/150 110/144/140
f 137/155/151 131/156/152 130/157/153
f 118/65/65 120/158/154 117/153/149
f 141/159/155 135/160/156 134/161/157
f 122/162/158 124/163/159 121/150/146
f 145/164/160 139/165/161 138/166/162
f 126/167/163 128/168/164 125/63/63
f 149/169/165 143/170/166 142/171/167
f 130/157/153 132/172/168 129/173/169
f 157/174/170 147/175/171 146/176/172
f 134/161/157 136/177/173 133/178/174
f 159/179/175 151/180/176 150/181/177
f 138/166/162 140/182/178 137/155/151
f 153/183/179 158/184/180 157/174/170
f 142/171/167 144/185/181 141/159/155
f 113/186/182 106/187/183 105/147/143
f 146/176/172 148/188/184 145/164/160
f 97/189/185 155/190/186 154/191/187
f 150/181/177 152/192/188 149/169/165
f 104/149/145 108/193/189 103/194/190
f 154/191/187 156/195/191 153/183/179
f 129/173/169 123/196/192 122/162/158
f 109/146/142 100/197/193 99/141/137
f 103/194/190 160/198/194 159/179/175
f 114/152/148 116/199/195 113/186/182
f 98/143/139 102/200/196 97/189/185
f 133/178/174 127/201/197 126/167/163
f 135/160/156 161/202/198 136/177/173
f 144/185/181 162/203/199 161/202/198
f 161/202/198 163/204/200 164/205/201
f 136/177/173 164/205/201 127/201/197
f 143/170/166 165/206/202 162/203/199
f 152/192/188 166/207/203 165/206/202
f 165/206/202 167/208/204 168/209/205
f 162/203/199 168/209/205 163/204/200
f 151/180/176 169/210/206 166/207/203
f 160/198/194 170/211/207 169/210/206
f 169/210/206 171/212/208 172/213/209
f 166/207/203 172/213/209 167/208/204
f 108/193/189 173/214/210 170/211/207
f 107/148/144 116/199/195 173/214/210
f 173/214/210 115/151/147 174/215/211
f 170/211/207 174/215/211 171/212/208
f 127/201/197 175/216/212 128/168/164
f 164/205/201 176/217/213 175/216/212
f 175/216/212 177/218/214 178/219/215
f 128/168/164 178/219/215 119/64/64
f 163/204/200 179/220/216 176/217/213
f 168/209/205 180/221/217 179/220/216
f 179/220/216 181/222/218 182/223/219
f 176/217/213 182/223/219 177/218/214
f 167/208/204 183/224/220 180/221/217
f 172/213/209 184/225/221 183/224/220
f 183/224/220 185/226/222 186/227/223
f 180/221/217 186/227/223 181/222/218
f 171/212/208 187/228/224 184/225/221
f 174/215/211 124/163/159 187/228/224
f 187/228/224 123/196/192 188/229/225
f 184/225/221 188/229/225 185/226/222
f 119/64/64 189/230/226 120/158/154
f 178/219/215 190/231/227 189/230/226
f 189/230/226 191/232/228 192/233/229
f 120/158/154 192/233/229 111/154/150
f 177/218/214 193/234/230 190/231/227
f 182/223/219 194/235/231 193/234/230
f 193/234/230 195/236/232 196/237/233
f 190/231/227 196/237/233 191/232/228
f 181/222/218 197/238/234 194/235/231
f 186/227/223 198/239/235 197/238/234
f 197/238/234 199/240/236 200/241/237
f 194/235/231 200/241/237 195/236/232
f 185/226/222 201/242/238 198/239/235
f 188/229/225 132/172/168 201/242/238
f 201/242/238 131/156/152 202/243/239
f 198/239/235 202/243/239 199/240/236
f 111/154/150 203/244/240 112/145/141
f 192/233/229 204/245/241 203/244/240
f 203/244/240 102/200/196 101/142/138
f 112/145/141 101/142/138 100/197/193
f 191/232/228 205/246/242 204/245/241
f 196/237/233 206/247/243 205/246/242
f 205/246/242 156/195/191 155/190/186
f 204/245/241 155/190/186 102/200/196
f 195/236/232 207/248/244 206/247/243
f 200/241/237 208/249/245 207/248/244
f 207/248/244 147/175/171 158/184/180
f 206/247/243 158/184/180 156/195/191
f 199/240/236 209/250/246 208/249/245
f 202/243/239 140/182/178 209/250/246
f 209/250/246 139/165/161 148/188/184
f 208/249/245 148/188/184 147/175/171
f 65/92/92 210/251/247 211/252/248
f 84/119/116 212/253/249 210/254/247
f 210/254/247 103/255/190 159/256/175
f 211/252/248 159/257/175 150/258/177
f 59/84/84 213/259/250 214/260/251
f 78/111/108 215/261/252 213/259/250
f 213/259/250 153/262/179 157/263/170
f 214/260/251 157/263/170 146/264/172
f 75/105/103 216/265/253 215/266/252
f 74/103/101 217/267/254 216/265/253
f 216/265/253 97/268/185 154/269/187
f 215/266/252 154/269/187 153/270/179
f 53/77/77 218/271/255 219/272/256
f 66/93/93 211/252/248 218/271/255
f 218/271/255 150/258/177 149/273/165
f 219/272/256 149/273/165 142/274/167
f 47/67/67 220/275/257 221/276/258
f 60/85/85 214/260/251 220/275/257
f 220/275/257 146/264/172 145/277/160
f 221/276/258 145/277/160 138/278/162
f 41/57/57 222/279/259 223/280/260
f 54/78/78 219/272/256 222/279/259
f 222/279/259 142/274/167 141/281/155
f 223/280/260 141/281/155 134/282/157
f 35/47/47 224/283/261 225/284/262
f 48/68/68 221/276/258 224/283/261
f 224/283/261 138/278/162 137/285/151
f 225/284/262 137/285/151 130/286/153
f 29/39/39 226/287/263 227/288/264
f 42/58/58 223/280/260 226/287/263
f 226/287/263 134/282/157 133/289/174
f 227/288/264 133/289/174 126/290/163
f 23/30/30 228/291/265 229/292/266
f 36/48/48 225/284/262 228/291/265
f 228/291/265 130/286/153 129/293/169
f 229/292/266 129/293/169 122/294/158
f 16/19/19 230/295/267 231/296/268
f 30/40/40 227/288/264 230/295/267
f 230/295/267 126/290/163 125/297/63
f 231/296/268 125/297/63 118/298/65
f 7/8/8 232/299/269 233/300/270
f 24/31/31 229/292/266 232/299/269
f 232/299/269 122/294/158 121/301/146
f 233/300/270 121/301/146 114/302/148
f 18/22/22 234/303/271 235/304/272
f 17/20/20 231/296/268 234/303/271
f 234/303/271 118/298/65 117/305/149
f 235/304/272 117/305/149 110/306/140
f 9/11/11 236/307/273 237/308/274
f 8/9/9 233/300/270 236/307/273
f 236/307/273 114/302/148 113/309/182
f 237/308/274 113/309/182 105/310/143
f 89/127/123 238/311/275 239/312/276
f 96/139/135 235/304/272 238/311/275
f 238/311/275 110/306/140 109/313/142
f 239/312/276 109/313/142 99/314/137
f 83/118/115 240/315/277 212/253/249
f 93/134/130 237/308/274 240/315/277
f 240/315/277 105/310/143 104/316/145
f 212/253/249 104/316/145 103/255/190
f 73/102/100 241/317/278 217/267/254
f 90/128/124 239/312/276 241/317/278
f 241/317/278 99/314/137 98/318/139
f 217/267/254 98/318/139 97/268/185
f 872/319/279 94/320/280 244/136/132
f 259/45/45 276/321/281 742/322/282
f 871/323/283 63/15/15 317/324/284
f 781/325/285 61/326/286 315/327/287
f 248/95/74 321/328/288 800/329/289
f 829/330/290 91/331/291 262/130/126
f 870/332/292 39/333/293 301/334/294
f 271/335/295 291/336/296 755/337/297
f 267/116/113 307/338/298 757/339/299
f 725/340/300 55/341/301 252/80/80
f 91/331/291 4/3/3 92/131/127
f 285/342/302 273/37/37 774/343/303
f 820/344/304 43/345/305 303/346/306
f 270/50/50 293/347/307 784/348/308
f 301/334/294 269/349/309 772/350/310
f 33/351/311 34/62/62 255/352/312
f 19/353/313 895/354/314 287/355/315
f 5/44/44 742/322/282 279/356/316
f 242/12/12 283/357/317 815/358/318
f 726/359/319 67/360/320 249/73/73
f 258/23/23 279/356/316 895/354/314
f 852/361/321 10/362/322 243/82/82
f 289/363/323 257/6/6 891/364/324
f 317/324/284 265/17/17 781/325/285
f 891/364/324 19/353/313 287/355/315
f 11/365/325 15/35/35 12/13/13
f 805/366/326 57/124/120 251/125/121
f 772/350/310 37/367/327 299/368/328
f 851/369/329 85/370/330 331/371/331
f 774/343/303 11/365/325 282/372/332
f 759/373/333 85/370/330 246/122/118
f 260/1/1 277/374/334 741/375/335
f 828/376/336 76/377/337 250/106/104
f 329/378/338 262/130/126 81/379/339
f 307/338/298 268/70/70 870/332/292
f 327/380/340 264/113/110 871/323/283
f 254/60/60 297/381/341 826/382/342
f 49/383/343 52/89/89 50/71/71
f 291/336/296 272/33/33 869/384/344
f 724/385/345 21/4/4 289/363/323
f 263/386/346 327/387/340 732/388/347
f 25/389/348 28/52/52 26/34/34
f 81/379/339 732/388/347 329/378/338
f 786/390/349 1/391/350 261/90/90
f 869/384/344 14/36/36 285/342/302
f 2/392/351 6/25/25 3/2/2
f 255/352/312 295/393/352 728/394/353
f 61/326/286 785/395/354 315/327/287
f 79/396/355 82/132/128 80/397/111
f 37/367/327 40/72/72 38/51/51
f 51/115/112 757/339/299 309/398/356
f 61/326/286 64/16/16 62/88/88
f 2/392/351 741/375/335 276/321/281
f 266/87/87 309/398/356 785/395/354
f 37/367/327 784/348/308 299/368/328
f 27/399/357 755/337/297 293/347/307
f 274/400/358 741/401/335 277/402/334
f 275/403/359 742/404/282 276/405/281
f 280/406/360 815/407/318 283/408/317
f 281/409/361 774/410/303 282/411/332
f 278/412/362 895/413/314 279/414/316
f 286/415/363 891/416/324 287/417/315
f 284/418/364 869/419/344 285/420/302
f 290/421/365 755/422/297 291/423/296
f 288/424/366 724/425/345 289/426/323
f 294/427/367 728/428/353 295/429/352
f 292/430/368 784/431/308 293/432/307
f 298/433/369 772/434/310 299/435/328
f 296/436/370 826/437/342 297/438/341
f 302/439/371 820/440/304 303/441/306
f 300/442/372 870/443/292 301/444/294
f 306/445/373 757/446/299 307/447/298
f 304/448/374 725/449/300 305/450/375
f 310/451/376 805/452/326 311/453/377
f 308/454/378 785/455/354 309/456/356
f 314/457/379 781/458/285 315/459/287
f 318/460/380 800/461/289 321/462/288
f 319/463/381 885/464/382 320/465/383
f 312/466/384 828/467/336 313/468/385
f 324/469/386 726/470/319 325/471/387
f 316/472/388 871/473/283 317/474/284
f 326/475/389 732/476/347 327/477/340
f 322/478/390 759/479/333 323/480/391
f 330/481/392 851/482/329 331/483/331
f 328/484/393 829/485/290 329/486/338
f 334/487/394 786/488/349 335/489/395
f 332/490/396 872/491/279 333/492/397
f 339/493/398 341/494/399 922/495/400
f 350/496/401 565/497/402 352/498/403
f 565/497/402 358/499/404 352/498/403
f 376/500/405 377/501/406 899/502/407
f 345/503/408 347/504/409 908/505/410
f 557/506/411 374/507/412 368/508/413
f 378/509/414 547/510/415 380/511/416
f 380/511/416 381/512/417 917/513/418
f 342/514/419 351/515/420 924/516/421
f 383/517/422 553/518/423 384/519/424
f 398/520/425 573/521/426 339/493/398
f 364/522/427 365/523/428 913/524/429
f 348/525/430 355/526/431 910/527/432
f 380/511/416 548/528/433 390/529/434
f 550/530/435 388/531/436 376/500/405
f 368/508/413 369/532/437 929/533/438
f 352/498/403 359/534/439 926/535/440
f 386/536/441 578/537/442 394/538/443
f 548/528/433 392/539/444 390/529/434
f 901/540/445 902/541/446 382/542/447
f 356/543/448 363/544/449 912/545/450
f 346/546/451 567/547/452 348/525/430
f 345/503/408 572/548/453 346/546/451
f 396/549/454 397/550/455 905/551/456
f 360/552/457 367/553/458 928/554/459
f 549/555/460 398/520/425 392/539/444
f 356/543/448 564/556/461 362/557/462
f 921/558/463 922/495/400 338/559/464
f 364/522/427 371/560/465 914/561/466
f 384/519/424 554/562/467 386/536/441
f 561/563/468 366/564/469 360/552/457
f 352/498/403 353/565/470 925/566/471
f 368/508/413 375/567/472 930/568/473
f 354/569/474 563/570/475 356/543/448
f 907/571/476 908/505/410 344/572/477
f 372/573/478 379/574/479 916/575/480
f 569/576/481 350/496/401 342/514/419
f 362/557/462 559/577/482 364/522/427
f 360/552/457 361/578/483 927/579/484
f 383/517/422 385/580/485 902/541/446
f 388/531/436 552/581/486 383/517/422
f 374/507/412 550/530/435 376/500/405
f 356/543/448 357/582/487 911/583/488
f 376/500/405 389/584/489 900/585/490
f 576/586/491 345/503/408 400/587/492
f 578/537/442 396/549/454 394/538/443
f 380/511/416 391/588/493 918/589/494
f 370/590/495 555/591/496 372/573/478
f 348/525/430 568/592/497 354/569/474
f 372/573/478 373/593/498 915/594/499
f 386/536/441 395/595/500 904/596/501
f 364/522/427 560/597/502 370/590/495
f 340/598/503 569/576/481 342/514/419
f 342/514/419 343/599/504 923/600/505
f 392/539/444 399/601/506 920/602/507
f 339/493/398 574/603/508 340/598/503
f 575/604/509 400/587/492 396/549/454
f 396/549/454 401/605/510 906/606/511
f 372/573/478 556/607/512 378/509/414
f 366/564/469 557/506/411 368/508/413
f 402/608/513 404/609/514 405/610/515
f 403/611/516 407/612/517 404/609/514
f 404/609/514 408/613/518 409/614/519
f 405/610/515 409/614/519 410/615/520
f 411/616/521 413/617/522 414/618/523
f 412/619/524 416/620/525 413/617/522
f 413/617/522 417/621/526 418/622/527
f 414/618/523 418/622/527 419/623/528
f 410/615/520 420/624/529 421/625/530
f 409/614/519 422/626/531 420/624/529
f 420/624/529 423/627/532 424/628/533
f 421/625/530 424/628/533 425/629/534
f 419/623/528 426/630/535 427/631/536
f 418/622/527 428/632/537 426/630/535
f 426/630/535 429/633/538 430/634/539
f 427/631/536 430/634/539 431/635/540
f 425/629/534 432/636/541 433/637/542
f 424/628/533 434/638/543 432/636/541
f 432/636/541 435/639/544 436/640/545
f 433/637/542 436/640/545 437/641/546
f 431/635/540 438/642/547 439/643/548
f 430/634/539 440/644/549 438/642/547
f 438/642/547 441/645/550 442/646/551
f 439/643/548 442/646/551 443/647/552
f 437/641/546 444/648/553 445/649/554
f 436/640/545 446/650/555 444/648/553
f 444/648/553 447/651/556 448/652/557
f 445/649/554 448/652/557 449/653/558
f 443/647/552 450/654/559 451/655/560
f 442/646/551 452/656/561 450/654/559
f 450/654/559 453/657/562 454/658/563
f 451/655/560 454/658/563 455/659/564
f 449/653/558 456/660/565 457/661/566
f 448/652/557 458/662/567 456/660/565
f 456/660/565 459/663/568 460/664/569
f 457/661/566 460/664/569 461/665/570
f 455/659/564 462/666/571 463/667/572
f 454/658/563 464/668/573 462/666/571
f 462/666/571 465/669/574 466/670/575
f 463/667/572 466/670/575 467/671/576
f 461/665/570 468/672/577 469/673/578
f 460/664/569 470/674/579 468/672/577
f 468/672/577 471/675/580 472/676/581
f 469/673/578 472/676/581 473/677/582
f 467/671/576 474/678/583 475/679/584
f 466/670/575 476/680/585 474/678/583
f 474/678/583 477/681/586 478/682/587
f 475/679/584 478/682/587 479/683/588
f 473/677/582 480/684/589 481/685/590
f 472/676/581 482/686/591 480/684/589
f 480/684/589 483/687/592 484/688/593
f 481/685/590 484/688/593 485/689/594
f 486/690/595 488/691/596 489/692/597
f 487/693/598 491/694/599 488/691/596
f 488/691/596 406/695/600 403/611/516
f 489/692/597 403/611/516 402/608/513
f 479/683/588 492/696/601 493/697/602
f 478/682/587 494/698/603 492/696/601
f 492/696/601 490/699/604 487/693/598
f 493/697/602 487/693/598 486/690/595
f 485/689/594 495/700/605 496/701/606
f 484/688/593 497/702/607 495/700/605
f 495/700/605 415/703/608 412/619/524
f 496/701/606 412/619/524 411/616/521
f 459/663/568 498/704/609 470/674/579
f 458/662/567 499/705/610 498/704/609
f 498/704/609 500/706/611 501/707/612
f 470/674/579 501/707/612 471/675/580
f 471/675/580 502/708/613 482/686/591
f 501/707/612 503/709/614 502/708/613
f 502/708/613 504/710/615 505/711/616
f 482/686/591 505/711/616 483/687/592
f 483/687/592 506/712/617 497/702/607
f 505/711/616 507/713/618 506/712/617
f 506/712/617 508/714/619 509/715/620
f 497/702/607 509/715/620 415/703/608
f 415/703/608 510/716/621 416/620/525
f 509/715/620 511/717/622 510/716/621
f 510/716/621 429/633/538 428/632/537
f 416/620/525 428/632/537 417/621/526
f 447/651/556 512/718/623 499/705/610
f 446/650/555 513/719/624 512/718/623
f 512/718/623 514/720/625 515/721/626
f 499/705/610 515/721/626 500/706/611
f 500/706/611 516/722/627 503/709/614
f 515/721/626 517/723/628 516/722/627
f 516/722/627 518/724/629 519/725/630
f 503/709/614 519/725/630 504/710/615
f 504/710/615 520/726/631 507/713/618
f 519/725/630 521/727/632 520/726/631
f 520/726/631 522/728/633 523/729/634
f 507/713/618 523/729/634 508/714/619
f 508/714/619 524/730/635 511/717/622
f 523/729/634 525/731/636 524/730/635
f 524/730/635 441/645/550 440/644/549
f 511/717/622 440/644/549 429/633/538
f 435/639/544 526/732/637 513/719/624
f 434/638/543 527/733/638 526/732/637
f 526/732/637 528/734/639 529/735/640
f 513/719/624 529/735/640 514/720/625
f 514/720/625 530/736/641 517/723/628
f 529/735/640 531/737/642 530/736/641
f 530/736/641 532/738/643 533/739/644
f 517/723/628 533/739/644 518/724/629
f 518/724/629 534/740/645 521/727/632
f 533/739/644 535/741/646 534/740/645
f 534/740/645 536/742/647 537/743/648
f 521/727/632 537/743/648 522/728/633
f 522/728/633 538/744/649 525/731/636
f 537/743/648 539/745/650 538/744/649
f 538/744/649 453/657/562 452/656/561
f 525/731/636 452/656/561 441/645/550
f 423/627/532 540/746/651 527/733/638
f 422/626/531 407/612/517 540/746/651
f 540/746/651 406/695/600 541/747/652
f 527/733/638 541/747/652 528/734/639
f 528/734/639 542/748/653 531/737/642
f 541/747/652 491/694/599 542/748/653
f 542/748/653 490/699/604 543/749/654
f 531/737/642 543/749/654 532/738/643
f 532/738/643 544/750/655 535/741/646
f 543/749/654 494/698/603 544/750/655
f 544/750/655 477/681/586 545/751/656
f 535/741/646 545/751/656 536/742/647
f 536/742/647 546/752/657 539/745/650
f 545/751/656 476/680/585 546/752/657
f 546/752/657 465/669/574 464/668/573
f 539/745/650 464/668/573 453/657/562
f 547/510/415 496/701/606 548/528/433
f 548/528/433 411/616/521 549/555/460
f 550/530/435 493/697/602 551/753/658
f 551/753/658 486/690/595 552/581/486
f 552/581/486 489/692/597 553/518/423
f 553/518/423 402/608/513 554/562/467
f 555/591/496 481/685/590 556/607/512
f 556/607/512 485/689/594 547/510/415
f 557/506/411 475/679/584 558/754/659
f 558/754/659 479/683/588 550/530/435
f 559/577/482 469/673/578 560/597/502
f 560/597/502 473/677/582 555/591/496
f 561/563/468 463/667/572 562/755/660
f 562/755/660 467/671/576 557/506/411
f 563/570/475 457/661/566 564/556/461
f 564/556/461 461/665/570 559/577/482
f 565/497/402 451/655/560 566/756/661
f 566/756/661 455/659/564 561/563/468
f 567/547/452 445/649/554 568/592/497
f 568/592/497 449/653/558 563/570/475
f 569/576/481 439/643/548 570/757/662
f 570/757/662 443/647/552 565/497/402
f 571/758/663 433/637/542 572/548/453
f 572/548/453 437/641/546 567/547/452
f 573/521/426 427/631/536 574/603/508
f 574/603/508 431/635/540 569/576/481
f 575/604/509 421/625/530 576/586/491
f 576/586/491 425/629/534 571/758/663
f 549/555/460 414/618/523 577/759/664
f 577/759/664 419/623/528 573/521/426
f 554/562/467 405/610/515 578/537/442
f 578/537/442 410/615/520 575/604/509
f 876/760/665 397/550/455 704/761/666
f 756/762/667 367/553/458 689/763/668
f 898/764/669 393/765/670 702/766/671
f 776/767/672 355/526/431 683/768/673
f 758/769/674 387/770/675 699/771/676
f 788/772/677 381/512/417 696/773/678
f 727/774/679 341/494/399 676/775/680
f 883/776/681 347/504/409 679/777/682
f 794/778/683 377/501/406 694/779/684
f 717/780/685 379/574/479 695/781/686
f 897/782/687 361/578/483 686/783/688
f 729/784/689 373/593/498 692/785/690
f 808/786/691 399/601/506 705/787/692
f 749/788/693 369/532/437 690/789/694
f 716/790/695 343/599/504 677/791/696
f 731/792/697 365/523/428 688/793/698
f 874/794/699 401/605/510 706/795/700
f 821/796/701 363/544/449 687/797/702
f 817/798/703 375/567/472 693/799/704
f 746/800/705 359/534/439 685/801/706
f 873/802/707 357/582/487 684/803/708
f 787/804/709 349/805/710 680/806/711
f 789/807/712 338/559/464 675/808/713
f 807/809/714 351/515/420 681/810/715
f 801/811/716 389/584/489 700/812/717
f 782/813/718 391/588/493 701/814/719
f 850/815/720 382/542/447 697/816/721
f 335/817/395 261/90/90 91/331/291
f 831/818/722 395/595/500 703/819/723
f 847/820/724 344/572/477 678/821/725
f 864/822/726 371/560/465 691/823/727
f 853/824/728 353/565/470 682/825/729
f 854/826/730 385/580/485 698/827/731
f 607/828/732 721/829/733 879/830/734
f 591/831/735 778/832/736 810/833/737
f 624/834/738 836/835/739 766/836/740
f 598/837/741 878/838/742 763/839/743
f 593/840/744 733/841/745 594/842/746
f 611/843/747 802/844/748 708/845/749
f 617/846/750 881/847/751 618/848/752
f 583/849/753 823/850/754 584/851/755
f 581/852/756 718/853/757 579/854/758
f 619/855/759 751/856/760 857/857/761
f 625/858/762 730/859/763 623/860/764
f 634/861/765 709/862/766 792/863/767
f 752/864/768 587/865/769 585/866/770
f 631/867/771 893/868/772 738/869/773
f 622/870/774 737/871/775 723/872/776
f 628/873/777 824/874/778 888/875/779
f 590/876/780 761/877/781 734/878/782
f 635/879/783 848/880/784 767/881/785
f 587/865/769 832/882/786 585/866/770
f 638/883/787 837/884/788 814/885/789
f 586/886/790 750/887/791 812/888/792
f 614/889/793 791/890/794 765/891/795
f 790/892/796 608/893/797 607/828/732
f 599/894/798 739/895/799 736/896/800
f 580/897/801 777/898/802 886/899/803
f 605/900/804 811/901/805 606/902/806
f 803/903/807 625/904/762 623/905/764
f 603/906/808 844/907/809 764/908/810
f 835/909/811 617/846/750 618/848/752
f 610/910/812 856/911/813 735/912/814
f 833/913/815 597/914/816 598/837/741
f 595/915/817 887/916/818 833/913/815
f 322/478/390 865/917/819 644/918/820
f 319/463/381 745/919/821 643/920/822
f 643/920/822 730/859/763 624/834/738
f 644/918/820 766/836/740 628/873/777
f 332/490/396 793/921/823 647/922/824
f 330/481/392 710/923/825 646/924/826
f 646/924/826 888/875/779 635/879/783
f 647/922/824 767/881/785 638/883/787
f 280/406/360 894/925/827 649/926/828
f 336/927/829 780/928/830 648/929/831
f 648/929/831 814/885/789 641/930/832
f 649/926/828 752/864/768 585/866/770
f 284/418/364 877/931/833 651/932/834
f 281/409/361 747/933/835 650/934/836
f 650/934/836 832/882/786 586/886/790
f 651/932/834 812/888/792 590/876/780
f 292/430/368 760/935/837 653/936/838
f 290/421/365 822/937/839 652/938/840
f 652/938/840 734/878/782 595/915/817
f 653/936/838 833/913/815 598/837/741
f 300/442/372 843/939/841 655/940/842
f 298/433/369 889/941/843 654/942/844
f 654/942/844 763/839/743 603/906/808
f 655/940/842 764/908/810 606/902/806
f 308/454/378 809/943/845 657/944/846
f 306/445/373 867/945/847 656/946/848
f 656/946/848 811/901/805 611/843/747
f 657/944/846 708/845/749 614/889/793
f 316/947/388 740/948/849 659/949/850
f 314/457/379 753/950/851 658/951/852
f 658/951/852 765/891/795 619/855/759
f 659/949/850 857/857/761 622/952/774
f 328/484/393 858/953/853 661/954/854
f 326/475/389 722/955/855 660/956/856
f 660/956/856 723/872/776 631/867/771
f 661/954/854 738/869/773 634/861/765
f 274/400/358 795/957/857 663/958/858
f 334/487/394 892/959/859 662/960/860
f 662/960/860 792/863/767 639/961/861
f 663/958/858 719/962/862 579/854/758
f 278/412/362 768/963/863 665/964/864
f 275/403/359 783/965/865 664/966/866
f 664/966/866 718/853/757 580/897/801
f 665/964/864 886/899/803 584/851/755
f 288/424/366 838/967/867 667/968/868
f 286/415/363 849/969/869 666/970/870
f 666/970/870 823/850/754 591/831/735
f 667/968/868 810/833/737 594/842/746
f 296/436/370 806/971/871 669/972/872
f 294/427/367 830/973/873 668/974/874
f 668/974/874 733/841/745 599/894/798
f 669/972/872 736/896/800 602/975/875
f 304/448/374 748/976/876 671/977/877
f 302/439/371 890/978/878 670/979/879
f 670/979/879 790/892/796 607/828/732
f 671/977/877 879/830/734 610/910/812
f 312/466/384 860/980/880 673/981/881
f 310/451/376 868/982/882 672/983/883
f 672/983/883 735/912/814 615/984/884
f 673/981/881 835/909/811 618/848/752
f 318/985/380 804/986/885 645/987/886
f 324/469/386 855/988/887 674/989/888
f 674/989/888 881/847/751 629/990/889
f 683/768/673 887/991/818 596/992/890
f 687/797/702 844/993/809 604/994/891
f 731/792/697 605/995/804 844/993/809
f 699/771/676 824/996/778 627/997/892
f 685/801/706 739/998/799 600/999/893
f 739/998/799 686/783/688 601/1000/894
f 775/1001/895 678/821/725 587/1002/769
f 675/808/713 896/1003/896 581/1004/756
f 831/818/722 636/1005/897 824/996/778
f 846/1006/898 697/816/721 854/826/730
f 678/821/725 845/1007/899 587/1002/769
f 837/1008/788 704/761/666 874/794/699
f 680/806/711 761/1009/781 589/1010/900
f 691/823/727 802/1011/748 612/1012/901
f 856/1013/813 690/789/694 817/798/703
f 856/1013/813 693/799/704 616/1014/902
f 720/1015/903 697/816/721 625/1016/762
f 688/793/698 834/1017/904 605/995/804
f 791/1018/794 692/785/690 717/780/685
f 836/1019/739 698/827/731 758/769/674
f 758/769/674 627/997/892 836/1019/739
f 681/810/715 778/1020/736 592/1021/905
f 813/1022/906 694/779/684 801/811/716
f 813/1022/906 700/812/717 630/1023/907
f 737/1024/775 696/773/678 782/813/718
f 693/799/704 712/1025/908 616/1014/902
f 898/764/669 633/1026/909 893/1027/772
f 779/1028/910 675/808/713 581/1004/756
f 779/1028/910 705/787/692 789/807/712
f 702/766/671 709/1029/766 633/1026/909
f 746/800/705 600/999/893 762/1030/911
f 682/825/729 762/1030/911 593/1031/744
f 703/819/723 848/1032/784 636/1005/897
f 721/1033/733 690/789/694 609/1034/912
f 874/794/699 642/1035/913 837/1008/788
f 679/777/682 750/1036/791 588/1037/914
f 684/803/708 878/1038/742 597/1039/816
f 677/791/696 880/1040/915 583/1041/753
f 686/783/688 707/1042/916 601/1000/894
f 695/781/686 751/1043/760 620/1044/917
f 788/772/677 621/1045/918 751/1043/760
f 750/1036/791 680/806/711 589/1010/900
f 701/814/719 893/1027/772 632/1046/919
f 737/1024/775 701/814/719 632/1046/919
f 676/775/680 777/1047/802 582/1048/920
f 846/1006/898 698/827/731 626/1049/921
f 756/762/667 608/1050/797 707/1042/916
f 834/1017/904 691/823/727 612/1012/901
f 880/1040/915 681/810/715 592/1021/905
f 878/1038/742 687/797/702 604/994/891
f 896/1003/896 676/775/680 582/1048/920
f 689/763/668 721/1033/733 608/1050/797
f 712/1025/908 694/779/684 617/1051/750
f 808/786/691 640/1052/922 709/1029/766
f 775/1001/895 706/795/700 847/820/724
f 791/1018/794 695/781/686 620/1044/917
f 720/1015/903 700/812/717 850/815/720
f 876/760/665 637/1053/923 848/1032/784
f 761/1009/781 683/768/673 596/992/890
f 883/776/681 588/1037/914 845/1007/899
f 778/1020/736 682/825/729 593/1031/744
f 802/1011/748 692/785/690 613/1054/924
f 873/802/707 597/1039/816 887/991/818
f 645/987/886 803/903/807 623/905/764
f 804/986/885 629/990/889 803/903/807
f 855/988/887 618/848/752 881/847/751
f 875/1055/925 673/981/881 855/988/887
f 863/1056/926 674/989/888 804/986/885
f 860/980/880 615/984/884 835/909/811
f 868/982/882 610/910/812 735/912/814
f 884/1057/927 671/977/877 868/982/882
f 771/1058/928 672/983/883 860/980/880
f 748/976/876 607/828/732 879/830/734
f 890/978/878 602/975/875 790/892/796
f 797/1059/929 669/972/872 890/978/878
f 861/1060/930 670/979/879 748/976/876
f 806/971/871 599/894/798 736/896/800
f 830/973/873 594/842/746 733/841/745
f 882/1061/931 667/968/868 830/973/873
f 770/1062/932 668/974/874 806/971/871
f 838/967/867 591/831/735 810/833/737
f 849/969/869 584/851/755 823/850/754
f 769/1063/933 665/964/864 849/969/869
f 859/1064/934 666/970/870 838/967/867
f 768/963/863 580/897/801 886/899/803
f 783/965/865 579/854/758 718/853/757
f 711/1065/935 663/958/858 783/965/865
f 754/1066/936 664/966/866 768/963/863
f 795/957/857 639/961/861 719/962/862
f 892/959/859 634/861/765 792/863/767
f 798/1067/937 661/954/854 892/959/859
f 715/1068/938 662/960/860 795/957/857
f 858/953/853 631/867/771 738/869/773
f 722/955/855 622/870/774 723/872/776
f 841/1069/939 659/1070/850 722/955/855
f 773/1071/940 660/956/856 858/953/853
f 740/948/849 619/855/759 857/857/761
f 753/950/851 614/889/793 765/891/795
f 744/1072/941 657/944/846 753/950/851
f 818/1073/942 658/951/852 740/948/849
f 809/943/845 611/843/747 708/845/749
f 867/945/847 606/902/806 811/901/805
f 840/1074/943 655/940/842 867/945/847
f 713/1075/944 656/946/848 809/943/845
f 843/939/841 603/906/808 764/908/810
f 889/941/843 598/837/741 763/839/743
f 743/1076/945 653/936/838 889/941/843
f 816/1077/946 654/942/844 843/939/841
f 760/935/837 595/915/817 833/913/815
f 822/937/839 590/876/780 734/878/782
f 839/1078/947 651/932/834 822/937/839
f 866/1079/948 652/938/840 760/935/837
f 877/931/833 586/886/790 812/888/792
f 747/933/835 585/866/770 832/882/786
f 796/1080/949 649/926/828 747/933/835
f 825/1081/950 650/934/836 877/931/833
f 894/925/827 641/930/832 752/864/768
f 780/928/830 638/883/787 814/885/789
f 842/1082/951 647/922/824 780/928/830
f 799/1083/952 648/929/831 894/925/827
f 793/921/823 635/879/783 767/881/785
f 710/923/825 628/873/777 888/875/779
f 714/1084/953 644/918/820 710/923/825
f 819/1085/954 646/924/826 793/921/823
f 865/917/819 624/834/738 766/836/740
f 745/919/821 623/860/764 730/859/763
f 862/1086/955 645/1087/886 745/919/821
f 827/1088/956 643/920/822 865/917/819
f 735/912/814 616/1089/902 615/984/884
f 615/984/884 712/1090/908 835/909/811
f 764/908/810 605/900/804 606/902/806
f 629/990/889 720/1091/903 803/903/807
f 811/901/805 612/1092/901 611/843/747
f 886/899/803 583/849/753 584/851/755
f 736/896/800 601/1093/894 602/975/875
f 601/1093/894 790/892/796 602/975/875
f 765/891/795 620/1094/917 619/855/759
f 812/888/792 589/1095/900 590/876/780
f 814/885/789 642/1096/913 641/930/832
f 832/882/786 588/1097/914 586/886/790
f 767/881/785 637/1098/923 638/883/787
f 734/878/782 596/1099/890 595/915/817
f 888/875/779 636/1100/897 635/879/783
f 723/872/776 632/1101/919 631/867/771
f 738/869/773 633/1102/909 634/861/765
f 641/930/832 775/1103/895 752/864/768
f 792/863/767 640/1104/922 639/961/861
f 730/859/763 626/1105/921 624/834/738
f 857/857/761 621/1106/918 622/952/774
f 718/853/757 582/1107/920 580/897/801
f 823/850/754 592/1108/905 591/831/735
f 881/847/751 630/1109/907 629/990/889
f 708/845/749 613/1110/924 614/889/793
f 733/841/745 600/1111/893 599/894/798
f 763/839/743 604/1112/891 603/906/808
f 719/962/862 581/852/756 579/854/758
f 766/836/740 627/1113/892 628/873/777
f 810/833/737 593/840/744 594/842/746
f 879/830/734 609/1114/912 610/910/812
f 336/927/829 852/1115/321 337/1116/957
f 799/1083/952 283/408/317 852/1115/321
f 842/1082/951 337/1116/957 872/491/279
f 715/1068/938 277/402/334 786/488/349
f 798/1067/937 335/489/395 829/485/290
f 819/1085/954 333/492/397 851/482/329
f 714/1084/953 331/483/331 759/479/333
f 773/1071/940 329/486/338 732/476/347
f 841/1069/939 327/477/340 871/473/283
f 863/1056/926 321/1117/288 726/470/319
f 875/1055/925 325/471/387 828/467/336
f 827/1088/956 323/480/391 885/464/382
f 862/1086/955 320/465/383 800/461/289
f 818/1073/942 317/1118/284 781/458/285
f 744/1072/941 315/459/287 785/455/354
f 771/1058/928 313/468/385 805/452/326
f 884/1057/927 311/453/377 725/449/300
f 713/1075/944 309/456/356 757/446/299
f 840/1074/943 307/447/298 870/443/292
f 861/1060/930 305/450/375 820/440/304
f 797/1059/929 303/441/306 826/437/342
f 816/1077/946 301/444/294 772/434/310
f 743/1076/945 299/435/328 784/431/308
f 770/1062/932 297/438/341 728/428/353
f 882/1061/931 295/429/352 724/425/345
f 866/1079/948 293/432/307 755/422/297
f 839/1078/947 291/423/296 869/419/344
f 859/1064/934 289/426/323 891/416/324
f 769/1063/933 287/417/315 895/413/314
f 825/1081/950 285/420/302 774/410/303
f 796/1080/949 282/411/332 815/407/318
f 754/1066/936 279/414/316 742/404/282
f 711/1065/935 276/405/281 741/401/335
f 693/799/704 899/502/407 794/778/683
f 375/567/472 376/500/405 899/502/407
f 694/779/684 900/585/490 801/811/716
f 700/812/717 901/540/445 850/815/720
f 389/584/489 383/517/422 901/540/445
f 697/816/721 902/541/446 854/826/730
f 392/539/444 393/765/670 919/1119/958
f 698/827/731 903/1120/959 758/769/674
f 385/580/485 386/536/441 903/1120/959
f 699/771/676 904/596/501 831/818/722
f 703/819/723 905/551/456 876/760/665
f 395/595/500 396/549/454 905/551/456
f 704/761/666 906/606/511 874/794/699
f 706/795/700 907/571/476 847/820/724
f 401/605/510 345/503/408 907/571/476
f 678/821/725 908/505/410 883/776/681
f 386/536/441 387/770/675 903/1120/959
f 679/777/682 909/1121/960 787/804/709
f 347/504/409 348/525/430 909/1121/960
f 680/806/711 910/527/432 776/767/672
f 683/768/673 911/583/488 873/802/707
f 355/526/431 356/543/448 911/583/488
f 684/803/708 912/545/450 821/796/701
f 687/797/702 913/524/429 731/792/697
f 363/544/449 364/522/427 913/524/429
f 688/793/698 914/561/466 864/822/726
f 691/823/727 915/594/499 729/784/689
f 371/560/465 372/573/478 915/594/499
f 692/785/690 916/575/480 717/780/685
f 695/781/686 917/513/418 788/772/677
f 379/574/479 380/511/416 917/513/418
f 696/773/678 918/589/494 782/813/718
f 701/814/719 919/1119/958 898/764/669
f 391/588/493 392/539/444 919/1119/958
f 702/766/671 920/602/507 808/786/691
f 705/787/692 921/558/463 789/807/712
f 399/601/506 339/493/398 921/558/463
f 675/808/713 922/495/400 727/774/679
f 676/775/680 923/600/505 716/790/695
f 341/494/399 342/514/419 923/600/505
f 677/791/696 924/516/421 807/809/714
f 681/810/715 925/566/471 853/824/728
f 351/515/420 352/498/403 925/566/471
f 682/825/729 926/535/440 746/800/705
f 685/801/706 927/579/484 897/782/687
f 359/534/439 360/552/457 927/579/484
f 686/783/688 928/554/459 756/762/667
f 689/763/668 929/533/438 749/788/693
f 367/553/458 368/508/413 929/533/438
f 690/789/694 930/568/473 817/798/703
f 348/525/430 349/805/710 909/1121/960
f 777/1047/802 677/791/696 583/1041/753
f 247/55/55 320/1122/383 885/1123/382
f 19/353/313 22/5/5 20/24/24
f 295/393/352 256/42/42 724/385/345
f 33/351/311 728/394/353 297/381/341
f 31/1124/961 34/62/62 32/43/43
f 43/345/305 826/382/342 303/346/306
f 305/1125/375 253/28/28 820/344/304
f 43/345/305 46/27/27 44/61/61
f 305/1125/375 252/80/80 45/26/26
f 311/1126/377 251/125/121 55/341/301
f 55/341/301 58/108/106 56/81/81
f 313/1127/385 250/106/104 57/124/120
f 325/1128/387 249/73/73 76/377/337
f 76/377/337 70/75/75 77/107/105
f 68/1129/962 800/329/289 320/1122/383
f 39/333/293 40/72/72 269/349/309
f 71/53/53 885/1123/382 323/1130/391
f 68/1129/962 72/54/54 69/96/95
f 323/1130/391 246/122/118 71/53/53
f 333/1131/397 245/100/98 851/369/329
f 85/370/330 88/99/97 86/123/119
f 333/1131/397 244/136/132 87/98/96
f 337/1132/957 243/82/82 94/320/280
f 94/320/280 13/14/14 95/137/133
f 11/365/325 815/358/318 282/372/332
f 27/399/357 28/52/52 271/335/295
f 81/379/339 82/132/128 263/386/346
f 639/961/861 779/1133/910 719/962/862
f 88/99/97 959/138/134 947/140/136
f 95/137/133 954/21/21 959/138/134
f 82/132/128 953/133/129 933/135/131
f 92/131/127 935/10/10 953/133/129
f 72/54/54 943/126/122 946/129/125
f 86/123/119 947/140/136 943/126/122
f 64/16/16 962/1134/114 961/120/117
f 80/397/111 933/135/131 962/117/114
f 58/108/106 955/109/107 949/112/109
f 77/107/105 942/1135/102 955/109/107
f 70/97/75 938/101/99 942/104/102
f 69/96/95 946/129/125 938/101/99
f 52/89/89 957/91/91 937/94/94
f 62/88/88 961/120/117 957/91/91
f 46/27/27 945/83/83 956/86/86
f 56/81/81 949/112/109 945/83/83
f 40/72/72 932/76/76 944/79/79
f 50/71/71 937/94/94 932/76/76
f 34/62/62 952/66/66 931/69/69
f 44/61/61 956/86/86 952/66/66
f 28/52/52 941/56/56 951/59/59
f 38/51/51 944/79/79 941/56/56
f 22/5/5 960/46/46 940/49/49
f 32/43/43 931/69/69 960/46/46
f 15/35/35 948/38/38 958/41/41
f 26/34/34 951/59/59 948/38/38
f 6/25/25 936/29/29 939/32/32
f 20/24/24 940/49/49 936/29/29
f 13/14/14 950/18/18 954/21/21
f 12/13/13 958/41/41 950/18/18
f 4/3/3 934/7/7 935/10/10
f 3/2/2 939/32/32 934/7/7
f 358/499/404 561/563/468 360/552/457
f 1029/1136/963 1055/1137/964 979/1138/965
f 979/1138/965 1056/1139/966 980/1140/967
f 970/1141/968 972/1142/969 973/1143/970
f 971/1144/971 966/1145/972 972/1142/969
f 974/1146/973 1001/1147/974 964/1148/975
f 1049/1149/976 997/1150/977 1073/1151/978
f 963/1152/979 977/1153/980 964/1148/975
f 976/1154/981 968/1155/982 977/1153/980
f 978/1156/983 1005/1157/984 974/1146/973
f 1045/1158/985 968/1155/982 1044/1159/986
f 982/1160/987 1061/1161/988 1058/1162/989
f 980/1140/967 1057/1163/990 981/1164/991
f 1025/1165/992 1102/1166/993 1026/1167/994
f 982/1160/987 984/1168/995 985/1169/996
f 983/1170/997 987/1171/998 984/1168/995
f 984/1168/995 988/1172/999 989/1173/1000
f 985/1169/996 989/1173/1000 990/1174/1001
f 991/1175/1002 993/1176/1003 994/1177/1004
f 992/1178/1005 980/1140/967 993/1176/1003
f 993/1176/1003 981/1164/991 995/1179/1006
f 994/1177/1004 995/1179/1006 996/1180/1007
f 1099/1181/1008 982/1160/987 1058/1162/989
f 1003/1182/1009 998/1183/1010 975/1184/1011
f 972/1142/969 997/1150/977 973/1143/970
f 1019/1185/1012 1017/1186/1013 1016/1187/1014
f 1083/1188/1015 1008/1189/1016 1084/1190/1017
f 1010/1191/1018 978/1156/983 969/1192/1019
f 1015/1193/1020 1019/1185/1012 1016/1187/1014
f 977/1153/980 974/1146/973 964/1148/975
f 1086/1194/1021 969/1192/1019 1045/1158/985
f 1003/1182/1009 1006/1195/1022 1004/1196/1023
f 965/1197/1024 1001/1147/974 966/1145/972
f 1010/1191/1018 1087/1198/1025 1011/1199/1026
f 1020/1200/1027 986/1201/1028 1017/1186/1013
f 1002/1202/1029 1005/1157/984 1006/1195/1022
f 1097/1203/1030 1022/1204/1031 1098/1205/1032
f 1022/1204/1031 1099/1181/1008 1098/1205/1032
f 1073/1151/978 1007/1206/1033 1083/1188/1015
f 998/1183/1010 1007/1206/1033 997/1150/977
f 1009/1207/1034 1011/1199/1026 1012/1208/1035
f 1005/1157/984 1012/1208/1035 1006/1195/1022
f 987/1171/998 996/1180/1007 988/1172/999
f 1013/1209/1036 1004/1196/1023 1014/1210/1037
f 1007/1206/1033 1014/1210/1037 1008/1189/1016
f 1008/1189/1016 1097/1203/1030 1084/1190/1017
f 1102/1166/993 1029/1136/963 1026/1167/994
f 991/1175/1002 987/1171/998 986/1201/1028
f 969/1192/1019 977/1153/980 968/1155/982
f 1000/1211/1038 964/1148/975 1001/1147/974
f 999/1212/1039 966/1145/972 1001/1147/974
f 1005/1157/984 999/1212/1039 974/1146/973
f 970/1141/968 1049/1149/976 1046/1213/1040
f 1033/1214/1041 1066/1215/1042 990/1174/1001
f 1006/1195/1022 1024/1216/1043 1018/1217/1044
f 1012/1208/1035 1025/1165/992 1024/1216/1043
f 1024/1216/1043 1026/1167/994 1027/1218/1045
f 1018/1217/1044 1027/1218/1045 1019/1185/1012
f 1019/1185/1012 1028/1219/1046 1020/1200/1027
f 1027/1218/1045 1029/1136/963 1028/1219/1046
f 1028/1219/1046 979/1138/965 992/1178/1005
f 1020/1200/1027 992/1178/1005 991/1175/1002
f 1008/1189/1016 1030/1220/1047 1021/1221/1048
f 1014/1210/1037 1015/1193/1020 1030/1220/1047
f 1030/1220/1047 1016/1187/1014 1031/1222/1049
f 1021/1221/1048 1031/1222/1049 1022/1204/1031
f 1022/1204/1031 1032/1223/1050 1023/1224/1051
f 1031/1222/1049 1017/1186/1013 1032/1223/1050
f 1032/1223/1050 986/1201/1028 983/1170/997
f 1023/1224/1051 983/1170/997 982/1160/987
f 1112/1225/1052 981/1164/991 1057/1163/990
f 1087/1198/1025 1025/1165/992 1011/1199/1026
f 1002/1202/1029 975/1184/1011 999/1212/1039
f 975/1184/1011 972/1142/969 966/1145/972
f 995/1179/1006 1034/1226/1053 996/1180/1007
f 1061/1161/988 990/1174/1001 1066/1215/1042
f 988/1172/999 1037/1227/1054 989/1173/1000
f 981/1164/991 1038/1228/1055 995/1179/1006
f 989/1173/1000 1033/1214/1041 990/1174/1001
f 1034/1226/1053 988/1172/999 996/1180/1007
f 1043/1229/1056 968/1155/982 967/1230/1057
f 1004/1196/1023 1018/1217/1044 1015/1193/1020
f 1046/1213/1040 1048/1231/1058 1047/1232/1059
f 1047/1232/1059 1042/1233/1060 1041/1234/1061
f 1050/1235/1062 1077/1236/1063 1075/1237/1064
f 1039/1238/1065 1053/1239/1066 1052/1240/1067
f 1052/1241/1067 1044/1159/986 1043/1229/1056
f 1054/1242/1068 1081/1243/1069 1085/1244/1070
f 1058/1162/989 1060/1245/1071 1059/1246/1072
f 1059/1246/1072 1063/1247/1073 1062/1248/1074
f 1060/1245/1071 1064/1249/1075 1063/1247/1073
f 1061/1161/988 1065/1250/1076 1060/1245/1071
f 1067/1251/1077 1069/1252/1078 1068/1253/1079
f 1068/1254/1079 1056/1139/966 1055/1137/964
f 1069/1255/1078 1057/1163/990 1056/1139/966
f 1070/1256/1080 1071/1257/1081 1069/1252/1078
f 1079/1258/1082 1074/1259/1083 1089/1260/1084
f 1048/1231/1058 1073/1151/978 1074/1259/1083
f 1095/1261/1085 1093/1262/1086 1096/1263/1087
f 1086/1194/1021 1054/1264/1068 1085/1265/1070
f 1091/1266/1088 1095/1261/1085 1094/1267/1089
f 1053/1239/1066 1050/1235/1062 1054/1242/1068
f 1079/1258/1082 1082/1268/1090 1078/1269/1091
f 1041/1234/1061 1077/1236/1063 1076/1270/1092
f 1096/1263/1087 1062/1248/1074 1067/1251/1077
f 1078/1269/1091 1082/1268/1090 1081/1243/1069
f 1074/1259/1083 1083/1188/1015 1089/1260/1084
f 1085/1265/1070 1087/1198/1025 1086/1194/1021
f 1081/1243/1069 1088/1271/1093 1085/1244/1070
f 1063/1247/1073 1072/1272/1094 1070/1256/1080
f 1089/1260/1084 1080/1273/1095 1079/1258/1082
f 1083/1188/1015 1090/1274/1096 1089/1260/1084
f 1067/1251/1077 1063/1247/1073 1070/1256/1080
f 1045/1158/985 1053/1275/1066 1054/1264/1068
f 1076/1270/1092 1040/1276/1097 1039/1238/1065
f 1075/1237/1064 1042/1233/1060 1051/1277/1098
f 1081/1243/1069 1075/1237/1064 1078/1269/1091
f 1082/1268/1090 1100/1278/1099 1088/1271/1093
f 1088/1279/1093 1101/1280/1100 1087/1198/1025
f 1100/1281/1099 1102/1166/993 1101/1280/1100
f 1094/1267/1089 1103/1282/1101 1100/1278/1099
f 1095/1261/1085 1104/1283/1102 1103/1282/1101
f 1103/1284/1101 1105/1285/1103 1102/1166/993
f 1104/1286/1102 1055/1137/964 1105/1285/1103
f 1096/1263/1087 1068/1253/1079 1104/1283/1102
f 1084/1190/1017 1106/1287/1104 1090/1274/1096
f 1090/1274/1096 1091/1266/1088 1080/1273/1095
f 1106/1287/1104 1092/1288/1105 1091/1266/1088
f 1097/1203/1030 1107/1289/1106 1106/1287/1104
f 1098/1205/1032 1108/1290/1107 1107/1289/1106
f 1107/1289/1106 1093/1262/1086 1092/1288/1105
f 1108/1290/1107 1062/1248/1074 1093/1262/1086
f 1099/1181/1008 1059/1246/1072 1108/1290/1107
f 1078/1269/1091 1051/1277/1098 1079/1258/1082
f 1051/1277/1098 1048/1231/1058 1074/1259/1083
f 1071/1257/1081 1110/1291/1108 1114/1292/1109
f 1064/1249/1075 1113/1293/1110 1111/1294/1111
f 1057/1163/990 1114/1295/1109 1112/1225/1052
f 1065/1250/1076 1109/1296/1112 1113/1293/1110
f 1110/1291/1108 1064/1249/1075 1111/1294/1111
f 1080/1273/1095 1094/1267/1089 1082/1268/1090
f 1118/1297/1113 1122/1298/1114 1115/1299/1115
f 1150/1300/1116 1165/1301/1117 1181/1302/1118
f 1185/1303/1119 1162/1304/1120 1169/1305/1121
f 1146/1306/1122 1173/1307/1123 1142/1308/1124
f 1128/1309/1125 1138/1310/1126 1129/1311/1127
f 1181/1302/1118 1166/1312/1128 1182/1313/1129
f 1185/1314/1119 1184/1315/1130 1183/1316/1131
f 1186/1317/1132 1138/1318/1126 1134/1319/1133
f 1142/1308/1124 1169/1305/1121 1162/1304/1120
f 1128/1309/1125 1135/1320/1134 1131/1321/1135
f 1142/1308/1124 1161/1322/1136 1141/1323/1137
f 1170/1324/1138 1129/1325/1127 1138/1318/1126
f 1184/1315/1130 1134/1326/1133 1131/1321/1135
f 1127/1327/1139 1115/1299/1115 1124/1328/1140
f 1175/1329/1141 1164/1330/1142 1171/1331/1143
f 1146/1306/1122 1181/1302/1118 1177/1332/1144
f 1179/1333/1145 1176/1334/1146 1180/1335/1147
f 1167/1336/1148 1154/1337/1149 1183/1316/1131
f 1129/1311/1127 1132/1338/1150 1128/1309/1125
f 1128/1309/1125 1133/1339/1151 1130/1340/1152
f 1174/1341/1153 1132/1342/1150 1129/1325/1127
f 1115/1299/1115 1127/1327/1139 1123/1343/1154
f 1128/1309/1125 1139/1344/1155 1135/1320/1134
f 1184/1315/1130 1135/1345/1134 1168/1346/1156
f 1147/1347/1157 1120/1348/1158 1143/1349/1159
f 1141/1323/1137 1125/1350/1160 1116/1351/1161
f 1163/1352/1162 1144/1353/1163 1143/1349/1159
f 1148/1354/1164 1143/1349/1159 1144/1353/1163
f 1172/1355/1165 1139/1356/1155 1130/1357/1152
f 1183/1316/1131 1158/1358/1166 1185/1314/1119
f 1149/1359/1167 1146/1306/1122 1145/1360/1168
f 1173/1307/1123 1178/1361/1169 1174/1341/1153
f 1127/1362/1139 1149/1359/1167 1123/1363/1154
f 1151/1364/1170 1150/1300/1116 1149/1359/1167
f 1154/1337/1149 1155/1365/1171 1153/1366/1172
f 1157/1367/1173 1154/1337/1149 1153/1366/1172
f 1163/1352/1162 1126/1368/1174 1159/1369/1175
f 1121/1370/1176 1153/1366/1172 1118/1297/1113
f 1161/1322/1136 1158/1371/1166 1157/1372/1173
f 1156/1373/1177 1159/1369/1175 1155/1365/1171
f 1155/1365/1171 1126/1368/1174 1122/1374/1114
f 1182/1313/1129 1140/1375/1178 1136/1376/1179
f 1155/1365/1171 1118/1297/1113 1153/1366/1172
f 1120/1377/1158 1124/1328/1140 1115/1299/1115
f 1125/1378/1160 1115/1299/1115 1116/1379/1161
f 1164/1330/1142 1159/1369/1175 1160/1380/1180
f 1115/1299/1115 1121/1370/1176 1118/1297/1113
f 1180/1335/1147 1140/1375/1178 1166/1312/1128
f 1185/1303/1119 1170/1324/1138 1186/1317/1132
f 1187/1381/1181 1172/1355/1165 1171/1331/1143
f 1128/1309/1125 1140/1382/1178 1137/1383/1182
f 1176/1334/1146 1130/1357/1152 1133/1384/1151
f 1115/1299/1115 1123/1343/1154 1119/1385/1183
f 1134/1326/1133 1138/1310/1126 1128/1309/1125
f 1183/1316/1131 1168/1346/1156 1167/1336/1148
f 1122/1298/1114 1126/1386/1174 1115/1299/1115
f 1175/1329/1141 1172/1355/1165 1176/1334/1146
f 1115/1299/1115 1125/1378/1160 1121/1370/1176
f 1164/1330/1142 1187/1381/1181 1171/1331/1143
f 1180/1335/1147 1133/1384/1151 1137/1387/1182
f 1148/1354/1164 1151/1364/1170 1147/1347/1157
f 1115/1299/1115 1119/1385/1183 1116/1379/1161
f 1165/1301/1117 1180/1335/1147 1166/1312/1128
f 1147/1347/1157 1127/1362/1139 1124/1388/1140
f 1178/1361/1169 1136/1376/1179 1132/1342/1150
f 1115/1299/1115 1126/1386/1174 1117/1389/1184
f 1117/1389/1184 1120/1377/1158 1115/1299/1115
f 1125/1350/1160 1157/1372/1173 1121/1390/1176
f 1187/1381/1181 1156/1373/1177 1167/1336/1148
f 1145/1360/1168 1142/1308/1124 1141/1323/1137
f 1117/1391/1184 1143/1349/1159 1120/1348/1158
f 1136/1392/1179 1140/1382/1178 1128/1309/1125
f 1128/1309/1125 1137/1383/1182 1133/1339/1151
f 1134/1326/1133 1128/1309/1125 1131/1321/1135
f 1177/1332/1144 1182/1313/1129 1178/1361/1169
f 1119/1393/1183 1141/1323/1137 1116/1351/1161
f 1132/1338/1150 1136/1392/1179 1128/1309/1125
f 1179/1333/1145 1144/1353/1163 1175/1329/1141
f 1130/1340/1152 1139/1344/1155 1128/1309/1125
f 1187/1381/1181 1168/1346/1156 1188/1394/1185
f 1169/1305/1121 1174/1341/1153 1170/1324/1138
f 1123/1363/1154 1145/1360/1168 1119/1393/1183
f 1165/1301/1117 1148/1354/1164 1179/1333/1145
f 1188/1394/1185 1135/1345/1134 1139/1356/1155
f 1189/1395/1186 1191/1396/1187 1192/1397/1188
f 1190/1398/1189 1774/1399/1190 1191/1396/1187
f 1191/1396/1187 1772/1400/1191 1193/1401/1192
f 1192/1397/1188 1193/1401/1192 1194/1402/1193
f 1623/1403/1194 1267/1404/1195 1309/1405/1196
f 1301/1406/1197 1282/1407/1198 1300/1408/1199
f 1278/1409/1200 1301/1406/1197 1302/1410/1201
f 1336/1411/1202 1349/1412/1203 1346/1413/1204
f 1279/1414/1205 1302/1410/1201 1303/1415/1206
f 1633/1416/1207 1342/1417/1208 1345/1418/1209
f 1554/1419/1210 1411/1420/1211 1416/1421/1212
f 1338/1422/1213 1346/1413/1204 1347/1423/1214
f 1601/1424/1215 1196/1425/1216 1602/1426/1217
f 1195/1427/1218 1198/1428/1219 1196/1425/1216
f 1196/1425/1216 1199/1429/1220 1200/1430/1221
f 1602/1426/1217 1200/1430/1221 1603/1431/1222
f 1197/1432/1223 1202/1433/1224 1198/1428/1219
f 1201/1434/1225 1204/1435/1226 1202/1433/1224
f 1202/1433/1224 1205/1436/1227 1206/1437/1228
f 1198/1428/1219 1206/1437/1228 1199/1429/1220
f 1203/1438/1229 1208/1439/1230 1204/1435/1226
f 1207/1440/1231 1210/1441/1232 1208/1439/1230
f 1208/1439/1230 1211/1442/1233 1212/1443/1234
f 1204/1435/1226 1212/1443/1234 1205/1436/1227
f 1209/1444/1235 1214/1445/1236 1210/1441/1232
f 1213/1446/1237 1216/1447/1238 1214/1445/1236
f 1214/1445/1236 1217/1448/1239 1218/1449/1240
f 1210/1441/1232 1218/1449/1240 1211/1442/1233
f 1215/1450/1241 1220/1451/1242 1216/1447/1238
f 1219/1452/1243 1222/1453/1244 1220/1451/1242
f 1220/1451/1242 1189/1395/1186 1223/1454/1245
f 1216/1447/1238 1223/1454/1245 1217/1448/1239
f 1221/1455/1246 1225/1456/1247 1222/1453/1244
f 1224/1457/1248 1605/1458/1249 1225/1456/1247
f 1225/1456/1247 1604/1459/1250 1190/1398/1189
f 1222/1453/1244 1190/1398/1189 1189/1395/1186
f 1691/1460/1251 1233/1461/1252 1625/1462/1253
f 1232/1463/1254 1235/1464/1255 1233/1461/1252
f 1233/1461/1252 1230/1465/1256 1229/1466/1257
f 1625/1462/1253 1229/1466/1257 1626/1467/1258
f 1194/1402/1193 1239/1468/1259 1240/1469/1260
f 1193/1401/1192 1620/1470/1261 1239/1468/1259
f 1239/1468/1259 1624/1471/1262 1231/1472/1263
f 1240/1469/1260 1231/1472/1263 1228/1473/1264
f 1241/1474/1265 1243/1475/1266 1244/1476/1267
f 1242/1477/1268 1240/1469/1260 1243/1475/1266
f 1243/1475/1266 1228/1473/1264 1227/1478/1269
f 1244/1476/1267 1227/1478/1269 1226/1479/1270
f 1246/1480/1271 1248/1481/1272 1249/1482/1273
f 1247/1483/1274 1244/1476/1267 1248/1481/1272
f 1248/1481/1272 1226/1479/1270 1245/1484/1275
f 1249/1482/1273 1245/1484/1275 1238/1485/1276
f 1250/1486/1277 1252/1487/1278 1253/1488/1279
f 1251/1489/1280 1249/1482/1273 1252/1487/1278
f 1252/1487/1278 1238/1485/1276 1237/1490/1281
f 1253/1488/1279 1237/1490/1281 1236/1491/1282
f 1234/1492/1283 1256/1493/1284 1235/1464/1255
f 1255/1494/1285 1253/1488/1279 1256/1493/1284
f 1256/1493/1284 1236/1491/1282 1254/1495/1286
f 1235/1464/1255 1254/1495/1286 1230/1465/1256
f 1211/1442/1233 1257/1496/1287 1258/1497/1288
f 1218/1449/1240 1259/1498/1289 1257/1496/1287
f 1257/1496/1287 1241/1474/1265 1247/1483/1274
f 1258/1497/1288 1247/1483/1274 1246/1480/1271
f 1199/1429/1220 1260/1499/1290 1261/1500/1291
f 1206/1437/1228 1262/1501/1292 1260/1499/1290
f 1260/1499/1290 1250/1486/1277 1255/1494/1285
f 1261/1500/1291 1255/1494/1285 1234/1492/1283
f 1217/1448/1239 1263/1502/1293 1259/1498/1289
f 1223/1454/1245 1192/1397/1188 1263/1502/1293
f 1263/1502/1293 1194/1402/1193 1242/1477/1268
f 1259/1498/1289 1242/1477/1268 1241/1474/1265
f 1603/1431/1222 1264/1503/1294 1726/1504/1295
f 1200/1430/1221 1261/1500/1291 1264/1503/1294
f 1264/1503/1294 1234/1492/1283 1232/1463/1254
f 1726/1504/1295 1232/1463/1254 1691/1460/1251
f 1205/1436/1227 1265/1505/1296 1262/1501/1292
f 1212/1443/1234 1258/1497/1288 1265/1505/1296
f 1265/1505/1296 1246/1480/1271 1251/1489/1280
f 1262/1501/1292 1251/1489/1280 1250/1486/1277
f 1266/1506/1297 1268/1507/1298 1269/1508/1299
f 1267/1404/1195 1613/1509/1300 1268/1507/1298
f 1280/1510/1301 1295/1511/1302 1281/1512/1303
f 1296/1513/1304 1285/1514/1305 1284/1515/1306
f 1270/1516/1307 1272/1517/1308 1273/1518/1309
f 1271/1519/1310 1269/1508/1299 1272/1517/1308
f 1285/1514/1305 1298/1520/1311 1287/1521/1312
f 1627/1522/1313 1355/1523/1314 1311/1524/1315
f 1274/1525/1316 1276/1526/1317 1277/1527/1318
f 1275/1528/1319 1273/1518/1309 1276/1526/1317
f 1288/1529/1320 1269/1508/1299 1268/1507/1298
f 1277/1527/1318 1294/1530/1321 1280/1510/1301
f 1278/1409/1200 1280/1510/1301 1281/1512/1303
f 1279/1414/1205 1277/1527/1318 1280/1510/1301
f 1272/1517/1308 1291/1531/1322 1273/1518/1309
f 1281/1512/1303 1296/1513/1304 1284/1515/1306
f 1282/1407/1198 1284/1515/1306 1285/1514/1305
f 1283/1532/1323 1281/1512/1303 1284/1515/1306
f 1276/1526/1317 1293/1533/1324 1277/1527/1318
f 1269/1508/1299 1290/1534/1325 1272/1517/1308
f 1779/1535/1326 1287/1521/1312 1615/1536/1327
f 1286/1537/1328 1285/1514/1305 1287/1521/1312
f 1287/1521/1312 1617/1538/1329 1615/1536/1327
f 1613/1509/1300 1288/1529/1320 1268/1507/1298
f 1288/1529/1320 1606/1539/1330 1224/1540/1248
f 1289/1541/1331 1224/1540/1248 1221/1542/1246
f 1290/1534/1325 1221/1542/1246 1219/1543/1243
f 1291/1531/1322 1219/1543/1243 1215/1544/1241
f 1292/1545/1332 1215/1544/1241 1213/1546/1237
f 1293/1533/1324 1213/1546/1237 1209/1547/1235
f 1294/1530/1321 1209/1547/1235 1207/1548/1231
f 1295/1511/1302 1207/1548/1231 1203/1549/1229
f 1296/1513/1304 1203/1549/1229 1201/1550/1225
f 1297/1551/1333 1201/1550/1225 1197/1552/1223
f 1298/1520/1311 1197/1552/1223 1195/1553/1218
f 1617/1538/1329 1195/1553/1218 1601/1554/1215
f 1300/1408/1199 1286/1537/1328 1299/1555/1334
f 1274/1525/1316 1303/1415/1206 1304/1556/1335
f 1275/1528/1319 1304/1556/1335 1305/1557/1336
f 1270/1516/1307 1305/1557/1336 1306/1558/1337
f 1307/1559/1338 1270/1516/1307 1306/1558/1337
f 1308/1560/1339 1271/1519/1310 1307/1559/1338
f 1309/1405/1196 1266/1506/1297 1308/1560/1339
f 1299/1555/1334 1779/1535/1326 1618/1561/1340
f 1374/1562/1341 1312/1563/1342 1313/1564/1343
f 1369/1565/1344 1317/1566/1345 1318/1567/1346
f 1359/1568/1347 1316/1569/1348 1315/1570/1349
f 1319/1571/1350 1364/1572/1351 1320/1573/1352
f 1372/1574/1353 1314/1575/1354 1315/1570/1349
f 1367/1576/1355 1319/1571/1350 1320/1573/1352
f 1320/1573/1352 1365/1577/1356 1321/1578/1357
f 1314/1575/1354 1359/1568/1347 1315/1570/1349
f 1370/1579/1358 1316/1569/1348 1317/1566/1345
f 1426/1580/1359 1413/1581/1360 1410/1582/1361
f 1329/1583/1362 1368/1584/1363 1327/1585/1364
f 1360/1586/1365 1317/1566/1345 1316/1569/1348
f 1368/1584/1363 1318/1567/1346 1319/1571/1350
f 1373/1587/1366 1313/1564/1343 1314/1575/1354
f 1333/1588/1367 1370/1579/1358 1331/1589/1368
f 1318/1567/1346 1363/1590/1369 1319/1571/1350
f 1366/1591/1370 1320/1573/1352 1321/1578/1357
f 1638/1592/1371 1321/1578/1357 1628/1593/1372
f 1337/1594/1373 1372/1574/1353 1335/1595/1374
f 1343/1596/1375 1375/1597/1376 1341/1598/1377
f 1371/1599/1378 1315/1570/1349 1316/1569/1348
f 1376/1600/1379 1627/1522/1313 1311/1524/1315
f 1325/1601/1380 1366/1591/1370 1323/1602/1381
f 1375/1597/1376 1311/1524/1315 1312/1563/1342
f 1629/1603/1382 1323/1602/1381 1630/1604/1383
f 1322/1605/1384 1325/1601/1380 1323/1602/1381
f 1327/1585/1364 1367/1576/1355 1325/1601/1380
f 1312/1563/1342 1357/1606/1385 1313/1564/1343
f 1324/1607/1386 1327/1585/1364 1325/1601/1380
f 1326/1608/1387 1329/1583/1362 1327/1585/1364
f 1370/1579/1358 1329/1583/1362 1331/1589/1368
f 1341/1598/1377 1374/1562/1341 1339/1609/1388
f 1328/1610/1389 1331/1589/1368 1329/1583/1362
f 1330/1611/1390 1333/1588/1367 1331/1589/1368
f 1372/1574/1353 1333/1588/1367 1335/1595/1374
f 1311/1524/1315 1356/1612/1391 1312/1563/1342
f 1332/1613/1392 1335/1595/1374 1333/1588/1367
f 1334/1614/1393 1337/1594/1373 1335/1595/1374
f 1339/1609/1388 1373/1587/1366 1337/1594/1373
f 1313/1564/1343 1358/1615/1394 1314/1575/1354
f 1336/1411/1202 1339/1609/1388 1337/1594/1373
f 1338/1422/1213 1341/1598/1377 1339/1609/1388
f 1639/1616/1395 1343/1596/1375 1631/1617/1396
f 1365/1577/1356 1628/1593/1372 1321/1578/1357
f 1340/1618/1397 1343/1596/1375 1341/1598/1377
f 1342/1417/1208 1631/1617/1396 1343/1596/1375
f 1317/1566/1345 1362/1619/1398 1318/1567/1346
f 1323/1602/1381 1638/1592/1371 1630/1604/1383
f 1349/1412/1203 1332/1613/1392 1348/1620/1399
f 1345/1418/1209 1340/1618/1397 1344/1621/1400
f 1330/1611/1390 1350/1622/1401 1351/1623/1402
f 1348/1620/1399 1330/1611/1390 1351/1623/1402
f 1353/1624/1403 1324/1607/1386 1352/1625/1404
f 1328/1610/1389 1353/1624/1403 1350/1622/1401
f 1352/1625/1404 1322/1605/1384 1354/1626/1405
f 1344/1621/1400 1338/1422/1213 1347/1423/1214
f 1322/1605/1384 1621/1627/1406 1354/1626/1405
f 1355/1523/1314 1623/1403/1194 1309/1405/1196
f 1356/1612/1391 1309/1405/1196 1308/1560/1339
f 1357/1606/1385 1308/1560/1339 1307/1559/1338
f 1358/1615/1394 1307/1559/1338 1306/1558/1337
f 1359/1568/1347 1306/1558/1337 1305/1557/1336
f 1360/1586/1365 1305/1557/1336 1304/1556/1335
f 1361/1628/1407 1304/1556/1335 1303/1415/1206
f 1362/1619/1398 1303/1415/1206 1302/1410/1201
f 1363/1590/1369 1302/1410/1201 1301/1406/1197
f 1364/1572/1351 1301/1406/1197 1300/1408/1199
f 1365/1577/1356 1300/1408/1199 1299/1555/1334
f 1637/1629/1408 1299/1555/1334 1618/1561/1340
f 1414/1630/1409 1429/1631/1410 1417/1632/1411
f 1385/1633/1412 1383/1634/1413 1382/1635/1414
f 1390/1636/1415 1392/1637/1416 1389/1638/1417
f 1389/1638/1417 1387/1639/1418 1386/1640/1419
f 1394/1641/1420 1396/1642/1421 1393/1643/1422
f 1393/1643/1422 1391/1644/1423 1390/1636/1415
f 1413/1581/1360 1428/1645/1424 1414/1630/1409
f 1397/1646/1425 1395/1647/1426 1394/1641/1420
f 1401/1648/1427 1422/1649/1428 1402/1650/1429
f 1409/1651/1430 1426/1580/1359 1410/1582/1361
f 1423/1652/1431 1406/1653/1432 1405/1654/1433
f 1381/1655/1434 1379/1656/1435 1378/1657/1436
f 1399/1658/1437 1401/1648/1427 1402/1650/1429
f 1400/1659/1438 1644/1660/1439 1401/1648/1427
f 1642/1661/1440 1397/1646/1425 1643/1662/1441
f 1417/1632/1411 1430/1663/1442 1418/1664/1443
f 1403/1665/1444 1405/1654/1433 1406/1653/1432
f 1404/1666/1445 1402/1650/1429 1405/1654/1433
f 1418/1664/1443 1431/1667/1446 1420/1668/1447
f 1406/1653/1432 1425/1669/1448 1409/1651/1430
f 1407/1670/1449 1409/1651/1430 1410/1582/1361
f 1408/1671/1450 1406/1653/1432 1409/1651/1430
f 1386/1640/1419 1388/1672/1451 1385/1633/1412
f 1411/1420/1211 1413/1581/1360 1414/1630/1409
f 1412/1673/1452 1410/1582/1361 1413/1581/1360
f 1420/1668/1447 1649/1674/1453 1647/1675/1454
f 1377/1676/1455 1641/1677/1456 1640/1678/1457
f 1415/1679/1458 1417/1632/1411 1418/1664/1443
f 1416/1421/1212 1414/1630/1409 1417/1632/1411
f 1378/1657/1436 1380/1680/1459 1377/1676/1455
f 1402/1650/1429 1423/1652/1431 1405/1654/1433
f 1646/1681/1460 1420/1668/1447 1647/1675/1454
f 1419/1682/1461 1418/1664/1443 1420/1668/1447
f 1382/1635/1414 1384/1683/1462 1381/1655/1434
f 1644/1660/1439 1421/1684/1463 1401/1648/1427
f 1421/1684/1463 1643/1685/1441 1397/1686/1425
f 1422/1649/1428 1397/1686/1425 1394/1687/1420
f 1423/1652/1431 1394/1687/1420 1393/1688/1422
f 1424/1689/1464 1393/1688/1422 1390/1690/1415
f 1425/1669/1448 1390/1690/1415 1389/1691/1417
f 1426/1580/1359 1389/1691/1417 1386/1692/1419
f 1427/1693/1465 1386/1692/1419 1385/1694/1412
f 1428/1645/1424 1385/1694/1412 1382/1695/1414
f 1429/1631/1410 1382/1695/1414 1381/1696/1434
f 1430/1663/1442 1381/1696/1434 1378/1697/1436
f 1431/1667/1446 1378/1697/1436 1377/1698/1455
f 1649/1674/1453 1377/1698/1455 1640/1699/1457
f 1641/1677/1456 1432/1700/1466 1650/1701/1467
f 1380/1680/1459 1433/1702/1468 1432/1700/1466
f 1432/1700/1466 1352/1625/1404 1354/1626/1405
f 1650/1701/1467 1354/1626/1405 1621/1627/1406
f 1379/1656/1435 1434/1703/1469 1433/1702/1468
f 1384/1683/1462 1435/1704/1470 1434/1703/1469
f 1434/1703/1469 1350/1622/1401 1353/1624/1403
f 1433/1702/1468 1353/1624/1403 1352/1625/1404
f 1383/1634/1413 1436/1705/1471 1435/1704/1470
f 1388/1672/1451 1437/1706/1472 1436/1705/1471
f 1436/1705/1471 1348/1620/1399 1351/1623/1402
f 1435/1704/1470 1351/1623/1402 1350/1622/1401
f 1387/1639/1418 1438/1707/1473 1437/1706/1472
f 1392/1637/1416 1439/1708/1474 1438/1707/1473
f 1438/1707/1473 1346/1413/1204 1349/1412/1203
f 1437/1706/1472 1349/1412/1203 1348/1620/1399
f 1391/1644/1423 1440/1709/1475 1439/1708/1474
f 1396/1642/1421 1441/1710/1476 1440/1709/1475
f 1440/1709/1475 1344/1621/1400 1347/1423/1214
f 1439/1708/1474 1347/1423/1214 1346/1413/1204
f 1395/1647/1426 1442/1711/1477 1441/1710/1476
f 1398/1712/1478 1651/1713/1479 1442/1711/1477
f 1442/1711/1477 1633/1416/1207 1345/1418/1209
f 1441/1710/1476 1345/1418/1209 1344/1621/1400
f 1560/1714/1480 1399/1658/1437 1404/1666/1445
f 1558/1715/1481 1403/1665/1444 1408/1671/1450
f 1562/1716/1482 1645/1717/1483 1400/1659/1438
f 1561/1718/1484 1400/1659/1438 1399/1658/1437
f 1557/1719/1485 1408/1671/1450 1407/1670/1449
f 1556/1720/1486 1407/1670/1449 1412/1673/1452
f 1559/1721/1487 1404/1666/1445 1403/1665/1444
f 1685/1722/1488 1419/1682/1461 1646/1681/1460
f 1553/1723/1489 1416/1421/1212 1415/1679/1458
f 1552/1724/1490 1415/1679/1458 1419/1682/1461
f 1555/1725/1491 1412/1673/1452 1411/1420/1211
f 1567/1726/1492 1444/1727/1493 1449/1728/1494
f 1443/1729/1495 1446/1730/1496 1447/1731/1497
f 1444/1727/1493 1447/1731/1497 1448/1732/1498
f 1566/1733/1499 1449/1728/1494 1450/1734/1500
f 1565/1735/1501 1450/1734/1500 1457/1736/1502
f 1573/1737/1503 1622/1738/1504 1453/1739/1505
f 1449/1728/1494 1448/1732/1498 1451/1740/1506
f 1450/1734/1500 1451/1740/1506 1452/1741/1507
f 1571/1742/1508 1454/1743/1509 1461/1744/1510
f 1453/1739/1505 1310/1745/1511 1455/1746/1512
f 1454/1743/1509 1455/1746/1512 1456/1747/1513
f 1458/1748/1514 1565/1735/1501 1457/1736/1502
f 1443/1729/1495 1570/1749/1515 1445/1750/1516
f 1463/1751/1517 1564/1752/1518 1458/1748/1514
f 1457/1736/1502 1452/1741/1507 1459/1753/1519
f 1458/1748/1514 1459/1753/1519 1460/1754/1520
f 1444/1727/1493 1569/1755/1521 1443/1729/1495
f 1461/1744/1510 1456/1747/1513 1462/1756/1522
f 1445/1750/1516 1462/1756/1522 1446/1730/1496
f 2043/1757/1523 1463/1751/1517 1927/1758/1524
f 1570/1749/1515 1461/1744/1510 1445/1750/1516
f 1463/1751/1517 1460/1754/1520 1464/1759/1525
f 1927/1758/1524 1464/1759/1525 1928/1760/1526
f 1526/1761/1527 1466/1762/1528 1477/1763/1529
f 2002/1764/1530 1477/1763/1529 1619/1765/1531
f 1465/1766/1532 1468/1767/1533 1469/1768/1534
f 1466/1762/1528 1469/1768/1534 1470/1769/1535
f 1524/1770/1536 1472/1771/1537 1479/1772/1538
f 1522/1773/1539 1483/1774/1540 1467/1775/1541
f 1471/1776/1542 1474/1777/1543 1475/1778/1544
f 1472/1771/1537 1475/1778/1544 1476/1779/1545
f 1519/1780/1546 1947/1781/1547 1485/1782/1548
f 1529/1783/1549 1467/1775/1541 1465/1766/1532
f 1477/1763/1529 1470/1769/1535 1478/1784/1550
f 1619/1765/1531 1478/1784/1550 1722/1785/1551
f 1521/1786/1552 1480/1787/1553 1483/1774/1540
f 1528/1788/1554 1473/1789/1555 1471/1776/1542
f 1479/1772/1538 1476/1779/1545 1481/1790/1556
f 1480/1787/1553 1481/1790/1556 1482/1791/1557
f 1523/1792/1558 1479/1772/1538 1480/1787/1553
f 1483/1774/1540 1482/1791/1557 1484/1793/1559
f 1467/1775/1541 1484/1793/1559 1468/1767/1533
f 1527/1794/1560 1465/1766/1532 1466/1762/1528
f 1525/1795/1561 1471/1776/1542 1472/1771/1537
f 1485/1782/1548 1948/1796/1562 1486/1797/1563
f 1473/1789/1555 1486/1797/1563 1474/1777/1543
f 1474/1777/1543 1487/1798/1564 1488/1799/1565
f 1486/1797/1563 1827/1800/1566 1487/1798/1564
f 1487/1798/1564 1826/1801/1567 1489/1802/1568
f 1488/1799/1565 1489/1802/1568 1490/1803/1569
f 1470/1769/1535 1491/1804/1570 1492/1805/1571
f 1469/1768/1534 1493/1806/1572 1491/1804/1570
f 1491/1804/1570 1494/1807/1573 1495/1808/1574
f 1492/1805/1571 1495/1808/1574 1496/1809/1575
f 1476/1779/1545 1497/1810/1576 1498/1811/1577
f 1475/1778/1544 1488/1799/1565 1497/1810/1576
f 1497/1810/1576 1490/1803/1569 1499/1812/1578
f 1498/1811/1577 1499/1812/1578 1500/1813/1579
f 1722/1785/1551 1501/1814/1580 1719/1815/1581
f 1478/1784/1550 1492/1805/1571 1501/1814/1580
f 1501/1814/1580 1496/1809/1575 1502/1816/1582
f 1719/1815/1581 1502/1816/1582 1718/1817/1583
f 1482/1791/1557 1503/1818/1584 1504/1819/1585
f 1481/1790/1556 1498/1811/1577 1503/1818/1584
f 1503/1818/1584 1500/1813/1579 1505/1820/1586
f 1504/1819/1585 1505/1820/1586 1506/1821/1587
f 1468/1767/1533 1507/1822/1588 1493/1806/1572
f 1484/1793/1559 1504/1819/1585 1507/1822/1588
f 1507/1822/1588 1506/1821/1587 1508/1823/1589
f 1493/1806/1572 1508/1823/1589 1494/1807/1573
f 1489/1802/1568 1823/1824/1590 1509/1825/1591
f 1509/1825/1591 1822/1826/1592 1510/1827/1593
f 1502/1816/1582 1495/1808/1574 1511/1828/1594
f 1508/1823/1589 1505/1820/1586 1517/1829/1595
f 1495/1808/1574 1512/1830/1596 1511/1828/1594
f 1511/1828/1594 1513/1831/1597 1514/1832/1598
f 1500/1813/1579 1509/1825/1591 1515/1833/1599
f 1515/1833/1599 1510/1827/1593 1516/1834/1600
f 1718/1817/1583 1511/1828/1594 1717/1835/1601
f 1717/1835/1601 1514/1832/1598 1707/1836/1602
f 1490/1803/1569 1509/1825/1591 1499/1812/1578
f 1505/1820/1586 1515/1833/1599 1517/1829/1595
f 1517/1829/1595 1516/1834/1600 1518/1837/1603
f 1494/1807/1573 1517/1829/1595 1512/1830/1596
f 1512/1830/1596 1518/1837/1603 1513/1831/1597
f 1456/1838/1513 1519/1780/1546 1520/1839/1604
f 1455/1840/1512 1635/1841/1605 1519/1780/1546
f 1452/1842/1507 1521/1786/1552 1522/1773/1539
f 1451/1843/1506 1523/1792/1558 1521/1786/1552
f 1448/1844/1498 1524/1770/1536 1523/1792/1558
f 1447/1845/1497 1525/1795/1561 1524/1770/1536
f 1928/1846/1526 1526/1761/1527 2002/1764/1530
f 1464/1847/1525 1527/1794/1560 1526/1761/1527
f 1446/1848/1496 1528/1788/1554 1525/1795/1561
f 1462/1849/1522 1520/1839/1604 1528/1788/1554
f 1460/1850/1520 1529/1783/1549 1527/1794/1560
f 1459/1851/1519 1522/1773/1539 1529/1783/1549
f 1535/1852/1606 1537/1853/1607 1534/1854/1608
f 1542/1855/1609 1540/1856/1610 1539/1857/1611
f 1634/1858/1612 1551/1859/1613 1550/1860/1614
f 1547/1861/1615 1549/1862/1616 1546/1863/1617
f 1550/1860/1614 1548/1864/1618 1547/1861/1615
f 1539/1857/1611 1541/1865/1619 1538/1866/1620
f 1531/1867/1621 1533/1868/1622 1530/1869/1623
f 1530/1869/1623 1687/1870/1624 2009/1871/1625
f 1543/1872/1626 1545/1873/1627 1542/1855/1609
f 1546/1863/1617 1544/1874/1628 1543/1872/1626
f 1538/1866/1620 1536/1875/1629 1535/1852/1606
f 1534/1854/1608 1532/1876/1630 1531/1867/1621
f 1687/1870/1624 1552/1724/1490 1685/1722/1488
f 1533/1868/1622 1553/1723/1489 1552/1724/1490
f 1532/1876/1630 1554/1419/1210 1553/1723/1489
f 1537/1853/1607 1555/1725/1491 1554/1419/1210
f 1536/1875/1629 1556/1720/1486 1555/1725/1491
f 1541/1865/1619 1557/1719/1485 1556/1720/1486
f 1540/1856/1610 1558/1715/1481 1557/1719/1485
f 1545/1873/1627 1559/1721/1487 1558/1715/1481
f 1544/1874/1628 1560/1714/1480 1559/1721/1487
f 1549/1862/1616 1561/1718/1484 1560/1714/1480
f 1548/1864/1618 1562/1716/1482 1561/1718/1484
f 1551/1859/1613 1699/1877/1631 1562/1716/1482
f 1291/1531/1322 1276/1526/1317 1273/1518/1309
f 1563/1878/1632 1634/1879/1612 1550/1880/1614
f 1564/1752/1518 1550/1880/1614 1547/1881/1615
f 1565/1735/1501 1547/1881/1615 1546/1882/1617
f 1566/1733/1499 1546/1882/1617 1543/1883/1626
f 1567/1726/1492 1543/1883/1626 1542/1884/1609
f 1568/1885/1633 1542/1884/1609 1539/1886/1611
f 1569/1755/1521 1539/1886/1611 1538/1887/1620
f 1570/1749/1515 1538/1887/1620 1535/1888/1606
f 1571/1742/1508 1535/1888/1606 1534/1889/1608
f 1572/1890/1634 1534/1889/1608 1531/1891/1621
f 1573/1737/1503 1531/1891/1621 1530/1892/1623
f 2044/1893/1635 1530/1892/1623 2009/1894/1625
f 1572/1890/1634 1453/1739/1505 1454/1743/1509
f 1231/1472/1263 2056/1895/1636 1575/1896/1637
f 1228/1473/1264 1575/1896/1637 1574/1897/1638
f 1575/1898/1637 2059/1899/1639 1577/1900/1640
f 1574/1897/1638 1577/1900/1640 1576/1901/1641
f 1577/1900/1640 2062/1902/1642 1579/1903/1643
f 1576/1901/1641 1579/1903/1643 1578/1904/1644
f 1579/1903/1643 2065/1905/1645 1581/1906/1646
f 1578/1904/1644 1581/1906/1646 1580/1907/1647
f 1229/1466/1257 1580/1907/1647 1581/1906/1646
f 1626/1467/1258 1581/1906/1646 2065/1905/1645
f 1227/1478/1269 1574/1897/1638 1226/1479/1270
f 1230/1465/1256 1236/1491/1282 1580/1907/1647
f 1236/1491/1282 1584/1908/1648 1583/1909/1649
f 1580/1907/1647 1583/1909/1649 1590/1910/1650
f 1576/1901/1641 1589/1911/1651 1588/1912/1652
f 1238/1485/1276 1586/1913/1653 1585/1914/1654
f 1245/1484/1275 1582/1915/1655 1586/1913/1653
f 1578/1904/1644 1590/1910/1650 1589/1911/1651
f 1237/1490/1281 1585/1914/1654 1584/1908/1648
f 1574/1897/1638 1588/1912/1652 1587/1916/1656
f 1226/1479/1270 1587/1916/1656 1582/1915/1655
f 1588/1917/1652 1598/1918/1657 1597/1919/1658
f 1583/1920/1649 1593/1921/1659 1592/1922/1660
f 1589/1923/1651 1599/1924/1661 1598/1918/1657
f 1584/1925/1648 1594/1926/1662 1593/1921/1659
f 1586/1927/1653 1591/1928/1663 1595/1929/1664
f 1582/1930/1655 1596/1931/1665 1591/1928/1663
f 1587/1932/1656 1597/1919/1658 1596/1931/1665
f 1585/1933/1654 1595/1929/1664 1594/1926/1662
f 1590/1934/1650 1592/1922/1660 1599/1924/1661
f 1596/1931/1665 1597/1919/1658 1600/1935/1666
f 1594/1926/1662 1595/1929/1664 1600/1935/1666
f 1599/1924/1661 1592/1922/1660 1600/1935/1666
f 1597/1919/1658 1598/1918/1657 1600/1935/1666
f 1592/1922/1660 1593/1921/1659 1600/1935/1666
f 1598/1918/1657 1599/1924/1661 1600/1935/1666
f 1593/1921/1659 1594/1926/1662 1600/1935/1666
f 1595/1929/1664 1591/1928/1663 1600/1935/1666
f 1591/1928/1663 1596/1931/1665 1600/1935/1666
f 1520/1839/1604 1485/1782/1548 1473/1789/1555
f 1607/1936/1667 1609/1937/1668 1608/1938/1669
f 1608/1938/1669 1774/1399/1190 1604/1459/1250
f 1609/1937/1668 1772/1400/1191 1774/1399/1190
f 1610/1939/1670 1611/1940/1671 1609/1937/1668
f 1623/1403/1194 1734/1941/1672 1614/1942/1673
f 1768/1943/1674 1749/1944/1675 1750/1945/1676
f 1745/1946/1677 1768/1943/1674 1750/1945/1676
f 1806/1947/1678 1819/1948/1679 1804/1949/1680
f 1746/1950/1681 1769/1951/1682 1745/1946/1677
f 1633/1416/1207 1812/1952/1683 1632/1953/1684
f 2034/1954/1685 1885/1955/1686 2035/1956/1687
f 1808/1957/1688 1816/1958/1689 1806/1947/1678
f 1601/1959/1215 1653/1960/1690 1652/1961/1691
f 1652/1961/1691 1655/1962/1692 1654/1963/1693
f 1653/1960/1690 1656/1964/1694 1655/1962/1692
f 1602/1965/1217 1657/1966/1695 1653/1960/1690
f 1654/1963/1693 1659/1967/1696 1658/1968/1697
f 1658/1968/1697 1661/1969/1698 1660/1970/1699
f 1659/1967/1696 1662/1971/1700 1661/1969/1698
f 1655/1962/1692 1663/1972/1701 1659/1967/1696
f 1660/1970/1699 1665/1973/1702 1664/1974/1703
f 1664/1974/1703 1667/1975/1704 1666/1976/1705
f 1665/1973/1702 1668/1977/1706 1667/1975/1704
f 1661/1969/1698 1669/1978/1707 1665/1973/1702
f 1666/1976/1705 1671/1979/1708 1670/1980/1709
f 1670/1980/1709 1673/1981/1710 1672/1982/1711
f 1671/1979/1708 1674/1983/1712 1673/1981/1710
f 1667/1975/1704 1675/1984/1713 1671/1979/1708
f 1672/1982/1711 1677/1985/1714 1676/1986/1715
f 1676/1986/1715 1679/1987/1716 1678/1988/1717
f 1677/1985/1714 1607/1936/1667 1679/1987/1716
f 1673/1981/1710 1680/1989/1718 1677/1985/1714
f 1678/1988/1717 1682/1990/1719 1681/1991/1720
f 1681/1991/1720 1605/1458/1249 1606/1992/1330
f 1682/1990/1719 1604/1459/1250 1605/1458/1249
f 1679/1987/1716 1608/1938/1669 1682/1990/1719
f 1691/1993/1251 1693/1994/1721 1692/1995/1722
f 1692/1995/1722 1695/1996/1723 1694/1997/1724
f 1693/1994/1721 1689/1998/1725 1695/1996/1723
f 1625/1999/1253 1688/2000/1726 1693/1994/1721
f 1612/2001/1727 1700/2002/1728 1611/1940/1671
f 1611/1940/1671 1620/1470/1261 1772/1400/1191
f 1700/2002/1728 1624/1471/1262 1620/1470/1261
f 1701/2003/1729 1690/2004/1730 1700/2002/1728
f 1702/2005/1731 1704/2006/1732 1703/2007/1733
f 1703/2007/1733 1701/2003/1729 1612/2001/1727
f 1704/2006/1732 1686/2008/1734 1701/2003/1729
f 1705/2009/1735 1684/2010/1736 1704/2006/1732
f 1708/2011/1737 1710/2012/1738 1709/2013/1739
f 1709/2013/1739 1705/2009/1735 1702/2005/1731
f 1710/2012/1738 1683/2014/1740 1705/2009/1735
f 1711/2015/1741 1706/2016/1742 1710/2012/1738
f 1712/2017/1743 1714/2018/1744 1713/2019/1745
f 1713/2019/1745 1711/2015/1741 1708/2011/1737
f 1714/2018/1744 1698/2020/1746 1711/2015/1741
f 1715/2021/1747 1697/2022/1748 1714/2018/1744
f 1694/1997/1724 1721/2023/1749 1720/2024/1750
f 1720/2024/1750 1715/2021/1747 1712/2017/1743
f 1721/2023/1749 1696/2025/1751 1715/2021/1747
f 1695/1996/1723 1716/2026/1752 1721/2023/1749
f 1668/1977/1706 1723/2027/1753 1675/1984/1713
f 1675/1984/1713 1725/2028/1754 1674/1983/1712
f 1723/2027/1753 1702/2005/1731 1725/2028/1754
f 1724/2029/1755 1709/2013/1739 1723/2027/1753
f 1656/1964/1694 1727/2030/1756 1663/1972/1701
f 1663/1972/1701 1729/2031/1757 1662/1971/1700
f 1727/2030/1756 1712/2017/1743 1729/2031/1757
f 1728/2032/1758 1720/2024/1750 1727/2030/1756
f 1674/1983/1712 1730/2033/1759 1680/1989/1718
f 1680/1989/1718 1610/1939/1670 1607/1936/1667
f 1730/2033/1759 1612/2001/1727 1610/1939/1670
f 1725/2028/1754 1703/2007/1733 1730/2033/1759
f 1603/2034/1222 1731/2035/1760 1657/1966/1695
f 1657/1966/1695 1728/2032/1758 1656/1964/1694
f 1731/2035/1760 1694/1997/1724 1728/2032/1758
f 1726/2036/1295 1692/1995/1722 1731/2035/1760
f 1662/1971/1700 1732/2037/1761 1669/1978/1707
f 1669/1978/1707 1724/2029/1755 1668/1977/1706
f 1732/2037/1761 1708/2011/1737 1724/2029/1755
f 1729/2031/1757 1713/2019/1745 1732/2037/1761
f 1733/2038/1762 1735/2039/1763 1734/1941/1672
f 1734/1941/1672 1613/1509/1300 1614/1942/1673
f 1747/2040/1764 1762/2041/1765 1761/2042/1766
f 1763/2043/1767 1752/2044/1768 1764/2045/1769
f 1737/2046/1770 1739/2047/1771 1738/2048/1772
f 1738/2048/1772 1736/2049/1773 1733/2038/1762
f 1752/2044/1768 1765/2050/1774 1764/2045/1769
f 1627/1522/1313 1829/2051/1775 1636/2052/1776
f 1741/2053/1777 1743/2054/1778 1742/2055/1779
f 1742/2055/1779 1740/2056/1780 1737/2046/1770
f 1755/2057/1781 1736/2049/1773 1756/2058/1782
f 1744/2059/1783 1761/2042/1766 1760/2060/1784
f 1745/1946/1677 1747/2040/1764 1746/1950/1681
f 1746/1950/1681 1744/2059/1783 1741/2053/1777
f 1739/2047/1771 1758/2061/1785 1757/2062/1786
f 1748/2063/1787 1763/2043/1767 1762/2041/1765
f 1749/1944/1675 1751/2064/1788 1750/1945/1676
f 1750/1945/1676 1748/2063/1787 1745/1946/1677
f 1743/2054/1778 1760/2060/1784 1759/2065/1789
f 1736/2049/1773 1757/2062/1786 1756/2058/1782
f 1779/2066/1326 1754/2067/1790 1753/2068/1791
f 1753/2068/1791 1752/2044/1768 1749/1944/1675
f 1754/2067/1790 1617/2069/1329 1765/2050/1774
f 1613/1509/1300 1755/2057/1781 1616/2070/1792
f 1755/2057/1781 1606/1539/1330 1616/2070/1792
f 1756/2058/1782 1681/2071/1720 1755/2057/1781
f 1757/2062/1786 1678/2072/1717 1756/2058/1782
f 1758/2061/1785 1676/2073/1715 1757/2062/1786
f 1759/2065/1789 1672/2074/1711 1758/2061/1785
f 1760/2060/1784 1670/2075/1709 1759/2065/1789
f 1761/2042/1766 1666/2076/1705 1760/2060/1784
f 1762/2041/1765 1664/2077/1703 1761/2042/1766
f 1763/2043/1767 1660/2078/1699 1762/2041/1765
f 1764/2045/1769 1658/2079/1697 1763/2043/1767
f 1765/2050/1774 1654/2080/1693 1764/2045/1769
f 1617/2069/1329 1652/2081/1691 1765/2050/1774
f 1767/2082/1793 1753/2068/1791 1749/1944/1675
f 1741/2053/1777 1770/2083/1794 1746/1950/1681
f 1742/2055/1779 1771/2084/1795 1741/2053/1777
f 1737/2046/1770 1773/2085/1796 1742/2055/1779
f 1776/2086/1797 1737/2046/1770 1738/2048/1772
f 1777/2087/1798 1738/2048/1772 1733/2038/1762
f 1778/2088/1799 1733/2038/1762 1734/1941/1672
f 1766/2089/1800 1779/2066/1326 1753/2068/1791
f 1848/2090/1801 1782/2091/1802 1849/2092/1803
f 1843/2093/1804 1787/2094/1805 1844/2095/1806
f 1833/2096/1807 1786/2097/1808 1834/2098/1809
f 1789/2099/1810 1838/2100/1811 1837/2101/1812
f 1846/2102/1813 1784/2103/1814 1847/2104/1815
f 1841/2105/1816 1789/2099/1810 1842/2106/1817
f 1790/2107/1818 1839/2108/1819 1838/2100/1811
f 1784/2103/1814 1833/2096/1807 1832/2109/1820
f 1844/2095/1806 1786/2097/1808 1845/2110/1821
f 1900/2111/1822 1887/2112/1823 1901/2113/1824
f 1799/2114/1825 1842/2106/1817 1843/2093/1804
f 1834/2098/1809 1787/2094/1805 1835/2115/1826
f 1842/2106/1817 1788/2116/1827 1843/2093/1804
f 1847/2104/1815 1783/2117/1828 1848/2090/1801
f 1803/2118/1829 1844/2095/1806 1845/2110/1821
f 1788/2116/1827 1837/2101/1812 1836/2119/1830
f 1840/2120/1831 1790/2107/1818 1841/2105/1816
f 1638/2121/1371 1791/2122/1832 1840/2120/1831
f 1807/2123/1833 1846/2102/1813 1847/2104/1815
f 1813/2124/1834 1849/2092/1803 1850/2125/1835
f 1845/2110/1821 1785/2126/1836 1846/2102/1813
f 1850/2125/1835 1627/1522/1313 1639/1616/1395
f 1795/2127/1837 1840/2120/1831 1841/2105/1816
f 1849/2092/1803 1781/2128/1838 1850/2125/1835
f 1629/2129/1382 1793/2130/1839 1792/2131/1840
f 1792/2131/1840 1795/2127/1837 1794/2132/1841
f 1797/2133/1842 1841/2105/1816 1842/2106/1817
f 1782/2091/1802 1831/2134/1843 1830/2135/1844
f 1794/2132/1841 1797/2133/1842 1796/2136/1845
f 1796/2136/1845 1799/2114/1825 1798/2137/1846
f 1844/2095/1806 1799/2114/1825 1843/2093/1804
f 1811/2138/1847 1848/2090/1801 1849/2092/1803
f 1798/2137/1846 1801/2139/1848 1800/2140/1849
f 1800/2140/1849 1803/2118/1829 1802/2141/1850
f 1846/2102/1813 1803/2118/1829 1845/2110/1821
f 1781/2128/1838 1830/2135/1844 1829/2051/1775
f 1802/2141/1850 1805/2142/1851 1804/1949/1680
f 1804/1949/1680 1807/2123/1833 1806/1947/1678
f 1809/2143/1852 1847/2104/1815 1848/2090/1801
f 1783/2117/1828 1832/2109/1820 1831/2134/1843
f 1806/1947/1678 1809/2143/1852 1808/1957/1688
f 1808/1957/1688 1811/2138/1847 1810/2144/1853
f 1639/1616/1395 1813/2124/1834 1850/2125/1835
f 1839/2108/1819 1628/2145/1372 1637/2146/1408
f 1810/2144/1853 1813/2124/1834 1812/1952/1683
f 1812/1952/1683 1631/1617/1396 1632/1953/1684
f 1787/2094/1805 1836/2119/1830 1835/2115/1826
f 1793/2130/1839 1638/2121/1371 1840/2120/1831
f 1819/1948/1679 1802/2141/1850 1804/1949/1680
f 1815/2147/1854 1810/2144/1853 1812/1952/1683
f 1800/2140/1849 1820/2148/1855 1798/2137/1846
f 1818/2149/1856 1800/2140/1849 1802/2141/1850
f 1825/2150/1857 1794/2132/1841 1796/2136/1845
f 1798/2137/1846 1825/2150/1857 1796/2136/1845
f 1824/2151/1858 1792/2131/1840 1794/2132/1841
f 1814/2152/1859 1808/1957/1688 1810/2144/1853
f 1792/2131/1840 1621/2153/1406 1629/2129/1382
f 1829/2051/1775 1623/1403/1194 1636/2052/1776
f 1830/2135/1844 1778/2088/1799 1829/2051/1775
f 1831/2134/1843 1777/2087/1798 1830/2135/1844
f 1832/2109/1820 1776/2086/1797 1831/2134/1843
f 1833/2096/1807 1775/2154/1860 1832/2109/1820
f 1834/2098/1809 1773/2085/1796 1833/2096/1807
f 1835/2115/1826 1771/2084/1795 1834/2098/1809
f 1836/2119/1830 1770/2083/1794 1835/2115/1826
f 1837/2101/1812 1769/1951/1682 1836/2119/1830
f 1838/2100/1811 1768/1943/1674 1837/2101/1812
f 1839/2108/1819 1767/2082/1793 1838/2100/1811
f 1637/2146/1408 1766/2089/1800 1839/2108/1819
f 1888/2155/1861 1903/2156/1862 1902/2157/1863
f 1859/2158/1864 1857/2159/1865 1862/2160/1866
f 1864/2161/1867 1866/2162/1868 1865/2163/1869
f 1863/2164/1870 1861/2165/1871 1866/2162/1868
f 1868/2166/1872 1870/2167/1873 1869/2168/1874
f 1867/2169/1875 1865/2163/1869 1870/2167/1873
f 1887/2112/1823 1902/2157/1863 1901/2113/1824
f 1871/2170/1876 1869/2168/1874 1872/2171/1877
f 1875/2172/1878 1896/2173/1879 1895/2174/1880
f 1883/2175/1881 1900/2111/1822 1899/2176/1882
f 1897/2177/1883 1880/2178/1884 1898/2179/1885
f 1855/2180/1886 1853/2181/1887 1858/2182/1888
f 1873/2183/1889 1875/2172/1878 1874/2184/1890
f 1874/2184/1890 1644/1660/1439 1645/1717/1483
f 1642/1661/1440 1871/2170/1876 1872/2171/1877
f 1891/2185/1891 1904/2186/1892 1903/2156/1862
f 1877/2187/1893 1879/2188/1894 1878/2189/1895
f 1878/2189/1895 1876/2190/1896 1873/2183/1889
f 1892/2191/1897 1905/2192/1898 1904/2186/1892
f 1880/2178/1884 1899/2176/1882 1898/2179/1885
f 1881/2193/1899 1883/2175/1881 1882/2194/1900
f 1882/2194/1900 1880/2178/1884 1877/2187/1893
f 1860/2195/1901 1862/2160/1866 1861/2165/1871
f 1885/1955/1686 1887/2112/1823 1886/2196/1902
f 1886/2196/1902 1884/2197/1903 1881/2193/1899
f 1894/2198/1904 1649/2199/1453 1905/2192/1898
f 1851/2200/1905 1641/2201/1456 1854/2202/1906
f 1889/2203/1907 1891/2185/1891 1890/2204/1908
f 1890/2204/1908 1888/2155/1861 1885/1955/1686
f 1852/2205/1909 1854/2202/1906 1853/2181/1887
f 1876/2190/1896 1897/2177/1883 1896/2173/1879
f 1646/2206/1460 1894/2198/1904 1893/2207/1910
f 1893/2207/1910 1892/2191/1897 1889/2203/1907
f 1856/2208/1911 1858/2182/1888 1857/2159/1865
f 1644/1660/1439 1895/2174/1880 1648/2209/1912
f 1895/2174/1880 1643/1685/1441 1648/2209/1912
f 1896/2173/1879 1871/2210/1876 1895/2174/1880
f 1897/2177/1883 1868/2211/1872 1896/2173/1879
f 1898/2179/1885 1867/2212/1875 1897/2177/1883
f 1899/2176/1882 1864/2213/1867 1898/2179/1885
f 1900/2111/1822 1863/2214/1870 1899/2176/1882
f 1901/2113/1824 1860/2215/1901 1900/2111/1822
f 1902/2157/1863 1859/2216/1864 1901/2113/1824
f 1903/2156/1862 1856/2217/1911 1902/2157/1863
f 1904/2186/1892 1855/2218/1886 1903/2156/1862
f 1905/2192/1898 1852/2219/1909 1904/2186/1892
f 1649/2199/1453 1851/2220/1905 1905/2192/1898
f 1641/2201/1456 1906/2221/1913 1854/2202/1906
f 1854/2202/1906 1907/2222/1914 1853/2181/1887
f 1906/2221/1913 1824/2151/1858 1907/2222/1914
f 1650/2223/1467 1828/2224/1915 1906/2221/1913
f 1853/2181/1887 1908/2225/1916 1858/2182/1888
f 1858/2182/1888 1909/2226/1917 1857/2159/1865
f 1908/2225/1916 1820/2148/1855 1909/2226/1917
f 1907/2222/1914 1825/2150/1857 1908/2225/1916
f 1857/2159/1865 1910/2227/1918 1862/2160/1866
f 1862/2160/1866 1911/2228/1919 1861/2165/1871
f 1910/2227/1918 1818/2149/1856 1911/2228/1919
f 1909/2226/1917 1821/2229/1920 1910/2227/1918
f 1861/2165/1871 1912/2230/1921 1866/2162/1868
f 1866/2162/1868 1913/2231/1922 1865/2163/1869
f 1912/2230/1921 1816/1958/1689 1913/2231/1922
f 1911/2228/1919 1819/1948/1679 1912/2230/1921
f 1865/2163/1869 1914/2232/1923 1870/2167/1873
f 1870/2167/1873 1915/2233/1924 1869/2168/1874
f 1914/2232/1923 1814/2152/1859 1915/2233/1924
f 1913/2231/1922 1817/2234/1925 1914/2232/1923
f 1869/2168/1874 1916/2235/1926 1872/2171/1877
f 1872/2171/1877 1651/1713/1479 1642/1661/1440
f 1916/2235/1926 1633/1416/1207 1651/1713/1479
f 1915/2233/1924 1815/2147/1854 1916/2235/1926
f 2040/2236/1927 1873/2183/1889 2041/2237/1928
f 2038/2238/1929 1877/2187/1893 2039/2239/1930
f 2042/2240/1931 1645/1717/1483 1699/1877/1631
f 2041/2237/1928 1874/2184/1890 2042/2240/1931
f 2037/2241/1932 1882/2194/1900 2038/2238/1929
f 2036/2242/1933 1881/2193/1899 2037/2241/1932
f 2039/2239/1930 1878/2189/1895 2040/2236/1927
f 1685/2243/1488 1893/2207/1910 2032/2244/1934
f 2033/2245/1935 1890/2204/1908 2034/1954/1685
f 2032/2244/1934 1889/2203/1907 2033/2245/1935
f 2035/1956/1687 1886/2196/1902 2036/2242/1933
f 2049/2246/1936 1918/2247/1937 2050/2248/1938
f 1917/2249/1939 1920/2250/1940 1919/2251/1941
f 1918/2247/1937 1921/2252/1942 1917/2249/1939
f 2048/2253/1943 1923/2254/1944 2049/2246/1936
f 2047/2255/1945 1924/2256/1946 2048/2253/1943
f 2055/2257/1947 1622/2258/1504 2044/2259/1635
f 1923/2254/1944 1922/2260/1948 1918/2247/1937
f 1924/2256/1946 1925/2261/1949 1923/2254/1944
f 2053/2262/1950 1930/2263/1951 2054/2264/1952
f 1929/2265/1953 1310/2266/1511 1622/2258/1504
f 1930/2263/1951 1931/2267/1954 1929/2265/1953
f 1934/2268/1955 2047/2255/1945 2046/2269/1956
f 1917/2249/1939 2052/2270/1957 2051/2271/1958
f 1939/2272/1959 2046/2269/1956 2045/2273/1960
f 1933/2274/1961 1926/2275/1962 1924/2256/1946
f 1934/2268/1955 1935/2276/1963 1933/2274/1961
f 1918/2247/1937 2051/2271/1958 2050/2248/1938
f 1937/2277/1964 1932/2278/1965 1930/2263/1951
f 1919/2251/1941 1938/2279/1966 1937/2277/1964
f 2043/1757/1523 1939/2272/1959 2045/2273/1960
f 2052/2270/1957 1937/2277/1964 2053/2262/1950
f 1939/2272/1959 1936/2280/1967 1934/2268/1955
f 1927/1758/1524 1940/2281/1968 1939/2272/1959
f 2005/2282/1969 1942/2283/1970 2006/2284/1971
f 2002/1764/1530 1955/2285/1972 2005/2282/1969
f 1941/2286/1973 1944/2287/1974 1943/2288/1975
f 1942/2283/1970 1945/2289/1976 1941/2286/1973
f 2003/2290/1977 1950/2291/1978 2004/2292/1979
f 2000/2293/1980 1961/2294/1981 1999/2295/1982
f 1949/2296/1983 1952/2297/1984 1951/2298/1985
f 1950/2291/1978 1953/2299/1986 1949/2296/1983
f 1997/2300/1987 1947/2301/1547 1635/2302/1605
f 2008/2303/1988 1943/2288/1975 2000/2293/1980
f 1955/2285/1972 1946/2304/1989 1942/2283/1970
f 1619/1765/1531 1956/2305/1990 1955/2285/1972
f 1999/2295/1982 1958/2306/1991 2001/2307/1992
f 2007/2308/1993 1951/2298/1985 1998/2309/1994
f 1957/2310/1995 1954/2311/1996 1950/2291/1978
f 1958/2306/1991 1959/2312/1997 1957/2310/1995
f 2001/2307/1992 1957/2310/1995 2003/2290/1977
f 1961/2294/1981 1960/2313/1998 1958/2306/1991
f 1943/2288/1975 1962/2314/1999 1961/2294/1981
f 2006/2284/1971 1941/2286/1973 2008/2303/1988
f 2004/2292/1979 1949/2296/1983 2007/2308/1993
f 1963/2315/2000 1948/2316/1562 1947/2301/1547
f 1951/2298/1985 1964/2317/2001 1963/2315/2000
f 1952/2297/1984 1965/2318/2002 1964/2317/2001
f 1964/2317/2001 1827/2319/1566 1948/2316/1562
f 1965/2318/2002 1826/2320/1567 1827/2319/1566
f 1966/2321/2003 1967/2322/2004 1965/2318/2002
f 1946/2304/1989 1969/2323/2005 1945/2289/1976
f 1945/2289/1976 1971/2324/2006 1944/2287/1974
f 1969/2323/2005 1972/2325/2007 1971/2324/2006
f 1970/2326/2008 1973/2327/2009 1969/2323/2005
f 1954/2311/1996 1975/2328/2010 1953/2299/1986
f 1953/2299/1986 1966/2321/2003 1952/2297/1984
f 1975/2328/2010 1968/2329/2011 1966/2321/2003
f 1976/2330/2012 1977/2331/2013 1975/2328/2010
f 1722/1785/1551 1979/2332/2014 1956/2305/1990
f 1956/2305/1990 1970/2326/2008 1946/2304/1989
f 1979/2332/2014 1974/2333/2015 1970/2326/2008
f 1719/1815/1581 1980/2334/2016 1979/2332/2014
f 1960/2313/1998 1981/2335/2017 1959/2312/1997
f 1959/2312/1997 1976/2330/2012 1954/2311/1996
f 1981/2335/2017 1978/2336/2018 1976/2330/2012
f 1982/2337/2019 1983/2338/2020 1981/2335/2017
f 1944/2287/1974 1985/2339/2021 1962/2314/1999
f 1962/2314/1999 1982/2337/2019 1960/2313/1998
f 1985/2339/2021 1984/2340/2022 1982/2337/2019
f 1971/2324/2006 1986/2341/2023 1985/2339/2021
f 1967/2322/2004 1823/2342/1590 1826/2320/1567
f 1987/2343/2024 1822/2344/1592 1823/2342/1590
f 1980/2334/2016 1973/2327/2009 1974/2333/2015
f 1986/2341/2023 1983/2338/2020 1984/2340/2022
f 1973/2327/2009 1990/2345/2025 1972/2325/2007
f 1989/2346/2026 1991/2347/2027 1990/2345/2025
f 1978/2336/2018 1987/2343/2024 1977/2331/2013
f 1993/2348/2028 1988/2349/2029 1987/2343/2024
f 1718/1817/1583 1989/2346/2026 1980/2334/2016
f 1717/1835/1601 1992/2350/2030 1989/2346/2026
f 1968/2329/2011 1987/2343/2024 1967/2322/2004
f 1983/2338/2020 1993/2348/2028 1978/2336/2018
f 1995/2351/2031 1994/2352/2032 1993/2348/2028
f 1972/2325/2007 1995/2351/2031 1986/2341/2023
f 1990/2345/2025 1996/2353/2033 1995/2351/2031
f 1932/2354/1965 1997/2300/1987 1931/2355/1954
f 1931/2355/1954 1635/2302/1605 1310/2356/1511
f 1926/2357/1962 1999/2295/1982 1925/2358/1949
f 1925/2358/1949 2001/2307/1992 1922/2359/1948
f 1922/2359/1948 2003/2290/1977 1921/2360/1942
f 1921/2360/1942 2004/2292/1979 1920/2361/1940
f 1928/1846/1526 2005/2282/1969 1940/2362/1968
f 1940/2362/1968 2006/2284/1971 1936/2363/1967
f 1920/2361/1940 2007/2308/1993 1938/2364/1966
f 1938/2364/1966 1998/2309/1994 1932/2354/1965
f 1936/2363/1967 2008/2303/1988 1935/2365/1963
f 1935/2365/1963 2000/2293/1980 1926/2357/1962
f 2015/2366/2034 2017/2367/2035 2016/2368/2036
f 2022/2369/2037 2020/2370/2038 2025/2371/2039
f 1634/1858/1612 2031/2372/2040 1780/2373/2041
f 2027/2374/2042 2029/2375/2043 2028/2376/2044
f 2030/2377/2045 2028/2376/2044 2031/2372/2040
f 2019/2378/2046 2021/2379/2047 2020/2370/2038
f 2011/2380/2048 2013/2381/2049 2012/2382/2050
f 2010/2383/2051 1687/2384/1624 2013/2381/2049
f 2023/2385/2052 2025/2371/2039 2024/2386/2053
f 2026/2387/2054 2024/2386/2053 2029/2375/2043
f 2018/2388/2055 2016/2368/2036 2021/2379/2047
f 2014/2389/2056 2012/2382/2050 2017/2367/2035
f 1687/2384/1624 2032/2244/1934 2013/2381/2049
f 2013/2381/2049 2033/2245/1935 2012/2382/2050
f 2012/2382/2050 2034/1954/1685 2017/2367/2035
f 2017/2367/2035 2035/1956/1687 2016/2368/2036
f 2016/2368/2036 2036/2242/1933 2021/2379/2047
f 2021/2379/2047 2037/2241/1932 2020/2370/2038
f 2020/2370/2038 2038/2238/1929 2025/2371/2039
f 2025/2371/2039 2039/2239/1930 2024/2386/2053
f 2024/2386/2053 2040/2236/1927 2029/2375/2043
f 2029/2375/2043 2041/2237/1928 2028/2376/2044
f 2028/2376/2044 2042/2240/1931 2031/2372/2040
f 2031/2372/2040 1699/1877/1631 1780/2373/2041
f 1758/2061/1785 1743/2054/1778 1759/2065/1789
f 2045/2273/1960 1634/1879/1612 2043/1757/1523
f 2046/2269/1956 2030/2390/2045 2045/2273/1960
f 2047/2255/1945 2027/2391/2042 2046/2269/1956
f 2048/2253/1943 2026/2392/2054 2047/2255/1945
f 2049/2246/1936 2023/2393/2052 2048/2253/1943
f 2050/2248/1938 2022/2394/2037 2049/2246/1936
f 2051/2271/1958 2019/2395/2046 2050/2248/1938
f 2052/2270/1957 2018/2396/2055 2051/2271/1958
f 2053/2262/1950 2015/2397/2034 2052/2270/1957
f 2054/2264/1952 2014/2398/2056 2053/2262/1950
f 2055/2257/1947 2011/2399/2048 2054/2264/1952
f 2044/2259/1635 2010/2400/2051 2055/2257/1947
f 2054/2264/1952 1929/2265/1953 2055/2257/1947
f 1690/2004/1730 2056/1895/1636 1624/1471/1262
f 1686/2008/1734 2058/2401/2057 1690/2004/1730
f 2058/2402/2057 2059/2403/1639 2056/2404/1636
f 2057/2405/2058 2061/2406/2059 2058/2402/2057
f 2061/2406/2059 2062/2407/1642 2059/2403/1639
f 2060/2408/2060 2064/2409/2061 2061/2406/2059
f 2064/2409/2061 2065/2410/1645 2062/2407/1642
f 2063/2411/2062 2067/2412/2063 2064/2409/2061
f 1688/2000/1726 2066/2413/2064 1689/1998/1725
f 1626/2414/1258 2067/2412/2063 1688/2000/1726
f 1684/2010/1736 2057/2405/2058 1686/2008/1734
f 1689/1998/1725 1696/2025/1751 1716/2026/1752
f 1696/2025/1751 2070/2415/2065 1697/2022/1748
f 2066/2413/2064 2069/2416/2066 1696/2025/1751
f 2060/2408/2060 2075/2417/2067 2063/2411/2062
f 1698/2020/1746 2072/2418/2068 1706/2016/1742
f 1706/2016/1742 2068/2419/2069 1683/2014/1740
f 2063/2411/2062 2076/2420/2070 2066/2413/2064
f 1697/2022/1748 2071/2421/2071 1698/2020/1746
f 2057/2405/2058 2074/2422/2072 2060/2408/2060
f 1683/2014/1740 2073/2423/2073 2057/2405/2058
f 2074/2424/2072 2084/2425/2074 2075/2426/2067
f 2069/2427/2066 2079/2428/2075 2070/2429/2065
f 2075/2426/2067 2085/2430/2076 2076/2431/2070
f 2070/2429/2065 2080/2432/2077 2071/2433/2071
f 2072/2434/2068 2077/2435/2078 2068/2436/2069
f 2068/2436/2069 2082/2437/2079 2073/2438/2073
f 2073/2438/2073 2083/2439/2080 2074/2424/2072
f 2071/2433/2071 2081/2440/2081 2072/2434/2068
f 2076/2431/2070 2078/2441/2082 2069/2427/2066
f 2082/2437/2079 2086/2442/2083 2083/2439/2080
f 2080/2432/2077 2086/2442/2083 2081/2440/2081
f 2085/2430/2076 2086/2442/2083 2078/2441/2082
f 2083/2439/2080 2086/2442/2083 2084/2425/2074
f 2078/2441/2082 2086/2442/2083 2079/2428/2075
f 2084/2425/2074 2086/2442/2083 2085/2430/2076
f 2079/2428/2075 2086/2442/2083 2080/2432/2077
f 2081/2440/2081 2086/2442/2083 2077/2435/2078
f 2077/2435/2078 2086/2442/2083 2082/2437/2079
f 1998/2309/1994 1963/2315/2000 1997/2300/1987
f 2089/2443/2084 2163/2444/2085 2188/2445/2086
f 2162/2446/2087 2090/2447/2088 2087/2448/2089
f 2091/2449/2090 2189/2450/2091 2163/2444/2085
f 2188/2445/2086 2092/2451/2092 2090/2447/2088
f 2093/2452/2093 2164/2453/2094 2189/2454/2091
f 2163/2444/2085 2094/2455/2095 2092/2451/2092
f 2095/2456/2096 2190/2457/2097 2164/2453/2094
f 2189/2454/2091 2096/2458/2098 2094/2459/2095
f 2088/2460/2099 2190/2457/2097 2097/2461/2100
f 2164/2453/2094 2098/2462/2101 2096/2458/2098
f 2099/2463/2102 2191/2464/2103 2177/2465/2104
f 2190/2457/2097 2087/2448/2089 2098/2462/2101
f 2100/2466/2105 2165/2467/2106 2191/2464/2103
f 2177/2465/2104 2089/2443/2084 2088/2460/2099
f 2101/2468/2107 2174/2469/2108 2165/2467/2106
f 2191/2464/2103 2091/2449/2090 2089/2443/2084
f 2102/2470/2109 2166/2471/2110 2174/2472/2108
f 2165/2467/2106 2093/2473/2093 2091/2449/2090
f 2103/2474/2111 2192/2475/2112 2166/2471/2110
f 2174/2472/2108 2095/2456/2096 2093/2452/2093
f 2099/2463/2102 2192/2475/2112 2104/2476/2113
f 2166/2471/2110 2097/2461/2100 2095/2456/2096
f 2105/2477/2114 2178/2478/2115 2167/2479/2116
f 2192/2475/2112 2088/2460/2099 2097/2461/2100
f 2106/2480/2117 2193/2481/2118 2178/2478/2115
f 2167/2479/2116 2100/2466/2105 2099/2463/2102
f 2107/2482/2119 2153/2483/2120 2193/2481/2118
f 2178/2478/2115 2101/2468/2107 2100/2466/2105
f 2108/2484/2121 2168/2485/2122 2153/2486/2120
f 2193/2481/2118 2102/2487/2109 2101/2468/2107
f 2109/2488/2123 2179/2489/2124 2168/2485/2122
f 2153/2486/2120 2103/2474/2111 2102/2470/2109
f 2105/2477/2114 2179/2489/2124 2110/2490/2125
f 2168/2485/2122 2104/2476/2113 2103/2474/2111
f 2111/2491/2126 2154/2492/2127 2194/2493/2128
f 2179/2489/2124 2099/2463/2102 2104/2476/2113
f 2112/2494/2129 2169/2495/2130 2154/2492/2127
f 2194/2493/2128 2106/2480/2117 2105/2477/2114
f 2113/2496/2131 2180/2497/2132 2169/2495/2130
f 2154/2492/2127 2107/2482/2119 2106/2480/2117
f 2114/2498/2133 2195/2499/2134 2180/2500/2132
f 2169/2495/2130 2108/2501/2121 2107/2482/2119
f 2115/2502/2135 2155/2503/2136 2195/2499/2134
f 2180/2500/2132 2109/2488/2123 2108/2484/2121
f 2111/2491/2126 2155/2503/2136 2116/2504/2137
f 2195/2499/2134 2110/2490/2125 2109/2488/2123
f 2117/2505/2138 2181/2506/2139 2170/2507/2140
f 2155/2503/2136 2105/2477/2114 2110/2490/2125
f 2118/2508/2141 2196/2509/2142 2181/2506/2139
f 2170/2507/2140 2112/2494/2129 2111/2491/2126
f 2119/2510/2143 2156/2511/2144 2196/2509/2142
f 2181/2506/2139 2113/2496/2131 2112/2494/2129
f 2120/2512/2145 2171/2513/2146 2156/2514/2144
f 2196/2509/2142 2114/2515/2133 2113/2496/2131
f 2121/2516/2147 2182/2517/2148 2171/2513/2146
f 2156/2514/2144 2115/2502/2135 2114/2498/2133
f 2117/2505/2138 2182/2517/2148 2122/2518/2149
f 2171/2513/2146 2116/2504/2137 2115/2502/2135
f 2123/2519/2150 2157/2520/2151 2197/2521/2152
f 2182/2517/2148 2111/2491/2126 2116/2504/2137
f 2124/2522/2153 2172/2523/2154 2157/2520/2151
f 2197/2521/2152 2118/2508/2141 2117/2505/2138
f 2125/2524/2155 2183/2525/2156 2172/2523/2154
f 2157/2520/2151 2119/2510/2143 2118/2508/2141
f 2126/2526/2157 2198/2527/2158 2183/2528/2156
f 2172/2523/2154 2120/2529/2145 2119/2510/2143
f 2127/2530/2159 2158/2531/2160 2198/2527/2158
f 2183/2528/2156 2121/2516/2147 2120/2512/2145
f 2123/2519/2150 2158/2531/2160 2128/2532/2161
f 2198/2527/2158 2122/2518/2149 2121/2516/2147
f 2129/2533/2162 2184/2534/2163 2173/2535/2164
f 2158/2531/2160 2117/2505/2138 2122/2518/2149
f 2130/2536/2165 2199/2537/2166 2184/2534/2163
f 2173/2535/2164 2124/2522/2153 2123/2519/2150
f 2131/2538/2167 2159/2539/2168 2199/2537/2166
f 2184/2534/2163 2125/2524/2155 2124/2522/2153
f 2132/2540/2169 2175/2541/2170 2159/2542/2168
f 2199/2537/2166 2126/2543/2157 2125/2524/2155
f 2133/2544/2171 2185/2545/2172 2175/2541/2170
f 2159/2542/2168 2127/2530/2159 2126/2526/2157
f 2129/2533/2162 2185/2545/2172 2134/2546/2173
f 2175/2541/2170 2128/2532/2161 2127/2530/2159
f 2135/2547/2174 2130/2536/2165 2129/2533/2162
f 2185/2545/2172 2123/2519/2150 2128/2532/2161
f 2137/2548/2175 2132/2549/2169 2131/2538/2167
f 2138/2550/2176 2133/2544/2171 2132/2540/2169
f 2139/2551/2177 2134/2546/2173 2133/2544/2171
f 2135/2547/2174 2134/2546/2173 2140/2552/2178
f 2142/2553/2179 2144/2554/2180 2141/2555/2181
f 2143/2556/2182 2146/2557/2183 2144/2554/2180
f 2145/2558/2184 2148/2559/2185 2146/2557/2183
f 2147/2560/2186 2150/2561/2187 2148/2562/2185
f 2149/2563/2188 2152/2564/2189 2150/2561/2187
f 2142/2553/2179 2152/2564/2189 2151/2565/2190
f 2087/2448/2089 2161/2566/2191 2176/2567/2192
f 2088/2460/2099 2188/2445/2086 2162/2446/2087
f 2090/2447/2088 2186/2568/2193 2161/2566/2191
f 2176/2567/2192 2143/2556/2182 2142/2553/2179
f 2092/2451/2092 2160/2569/2194 2186/2568/2193
f 2161/2566/2191 2145/2558/2184 2143/2556/2182
f 2094/2459/2095 2187/2570/2195 2160/2571/2194
f 2186/2568/2193 2147/2572/2186 2145/2558/2184
f 2096/2458/2098 2200/2573/2196 2187/2570/2195
f 2160/2571/2194 2149/2563/2188 2147/2560/2186
f 2087/2448/2089 2200/2573/2196 2098/2462/2101
f 2187/2570/2195 2151/2565/2190 2149/2563/2188
f 2200/2573/2196 2142/2553/2179 2151/2565/2190
f 2136/2574/2197 2131/2538/2167 2130/2536/2165
f 260/1/1 2/392/351 3/2/2
f 21/4/4 256/42/42 22/5/5
f 934/7/7 939/32/32 7/8/8
f 935/10/10 934/7/7 8/9/9
f 242/12/12 11/365/325 12/13/13
f 63/15/15 264/113/110 64/16/16
f 950/18/18 958/41/41 16/19/19
f 954/21/21 950/18/18 17/20/20
f 258/23/23 19/353/313 20/24/24
f 45/26/26 252/80/80 46/27/27
f 936/29/29 940/49/49 23/30/30
f 939/32/32 936/29/29 24/31/31
f 272/33/33 25/389/348 26/34/34
f 14/36/36 272/33/33 15/35/35
f 948/38/38 951/59/59 29/39/39
f 958/41/41 948/38/38 30/40/40
f 256/42/42 31/1124/961 32/43/43
f 5/44/44 258/23/23 6/25/25
f 960/46/46 931/69/69 35/47/47
f 940/49/49 960/46/46 36/48/48
f 270/50/50 37/367/327 38/51/51
f 71/53/53 246/122/118 72/54/54
f 941/56/56 944/79/79 41/57/57
f 951/59/59 941/56/56 42/58/58
f 254/60/60 43/345/305 44/61/61
f 125/63/63 128/168/164 119/64/64
f 952/66/66 956/86/86 47/67/67
f 931/69/69 952/66/66 48/68/68
f 268/70/70 49/383/343 50/71/71
f 249/73/73 67/360/320 248/74/74
f 932/76/76 937/94/94 53/77/77
f 944/79/79 932/76/76 54/78/78
f 252/80/80 55/341/301 56/81/81
f 243/82/82 10/362/322 242/12/12
f 945/83/83 949/112/109 59/84/84
f 956/86/86 945/83/83 60/85/85
f 266/87/87 61/326/286 62/88/88
f 261/90/90 1/391/350 260/1/1
f 957/91/91 961/120/117 65/92/92
f 937/94/94 957/91/91 66/93/93
f 248/95/74 68/1129/962 69/96/95
f 87/98/96 244/136/132 88/99/97
f 938/101/99 946/129/125 73/102/100
f 942/104/102 938/101/99 74/103/101
f 250/106/104 76/377/337 77/107/105
f 955/109/107 942/1135/102 75/110/103
f 949/112/109 955/109/107 78/111/108
f 264/113/110 79/2575/355 80/114/111
f 51/115/112 266/87/87 52/89/89
f 962/117/114 933/135/131 83/118/115
f 961/120/117 962/1134/114 84/121/116
f 246/122/118 85/370/330 86/123/119
f 57/124/120 250/106/104 58/108/106
f 943/126/122 947/140/136 89/127/123
f 946/129/125 943/126/122 90/128/124
f 262/130/126 91/331/291 92/131/127
f 953/133/129 935/10/10 9/11/11
f 933/135/131 953/133/129 93/134/130
f 244/136/132 94/320/280 95/137/133
f 959/138/134 954/21/21 18/22/22
f 947/140/136 959/138/134 96/139/135
f 99/141/137 100/197/193 101/142/138
f 110/144/140 111/154/150 112/145/141
f 105/147/143 106/187/183 107/148/144
f 121/150/146 124/163/159 115/151/147
f 117/153/149 120/158/154 111/154/150
f 137/155/151 140/182/178 131/156/152
f 118/65/65 119/64/64 120/158/154
f 141/159/155 144/185/181 135/160/156
f 122/162/158 123/196/192 124/163/159
f 145/164/160 148/188/184 139/165/161
f 126/167/163 127/201/197 128/168/164
f 149/169/165 152/192/188 143/170/166
f 130/157/153 131/156/152 132/172/168
f 157/174/170 158/184/180 147/175/171
f 134/161/157 135/160/156 136/177/173
f 159/179/175 160/198/194 151/180/176
f 138/166/162 139/165/161 140/182/178
f 153/183/179 156/195/191 158/184/180
f 142/171/167 143/170/166 144/185/181
f 113/186/182 116/199/195 106/187/183
f 146/176/172 147/175/171 148/188/184
f 97/189/185 102/200/196 155/190/186
f 150/181/177 151/180/176 152/192/188
f 104/149/145 107/148/144 108/193/189
f 154/191/187 155/190/186 156/195/191
f 129/173/169 132/172/168 123/196/192
f 109/146/142 112/145/141 100/197/193
f 103/194/190 108/193/189 160/198/194
f 114/152/148 115/151/147 116/199/195
f 98/143/139 101/142/138 102/200/196
f 133/178/174 136/177/173 127/201/197
f 135/160/156 144/185/181 161/202/198
f 144/185/181 143/170/166 162/203/199
f 161/202/198 162/203/199 163/204/200
f 136/177/173 161/202/198 164/205/201
f 143/170/166 152/192/188 165/206/202
f 152/192/188 151/180/176 166/207/203
f 165/206/202 166/207/203 167/208/204
f 162/203/199 165/206/202 168/209/205
f 151/180/176 160/198/194 169/210/206
f 160/198/194 108/193/189 170/211/207
f 169/210/206 170/211/207 171/212/208
f 166/207/203 169/210/206 172/213/209
f 108/193/189 107/148/144 173/214/210
f 107/148/144 106/187/183 116/199/195
f 173/214/210 116/199/195 115/151/147
f 170/211/207 173/214/210 174/215/211
f 127/201/197 164/205/201 175/216/212
f 164/205/201 163/204/200 176/217/213
f 175/216/212 176/217/213 177/218/214
f 128/168/164 175/216/212 178/219/215
f 163/204/200 168/209/205 179/220/216
f 168/209/205 167/208/204 180/221/217
f 179/220/216 180/221/217 181/222/218
f 176/217/213 179/220/216 182/223/219
f 167/208/204 172/213/209 183/224/220
f 172/213/209 171/212/208 184/225/221
f 183/224/220 184/225/221 185/226/222
f 180/221/217 183/224/220 186/227/223
f 171/212/208 174/215/211 187/228/224
f 174/215/211 115/151/147 124/163/159
f 187/228/224 124/163/159 123/196/192
f 184/225/221 187/228/224 188/229/225
f 119/64/64 178/219/215 189/230/226
f 178/219/215 177/218/214 190/231/227
f 189/230/226 190/231/227 191/232/228
f 120/158/154 189/230/226 192/233/229
f 177/218/214 182/223/219 193/234/230
f 182/223/219 181/222/218 194/235/231
f 193/234/230 194/235/231 195/236/232
f 190/231/227 193/234/230 196/237/233
f 181/222/218 186/227/223 197/238/234
f 186/227/223 185/226/222 198/239/235
f 197/238/234 198/239/235 199/240/236
f 194/235/231 197/238/234 200/241/237
f 185/226/222 188/229/225 201/242/238
f 188/229/225 123/196/192 132/172/168
f 201/242/238 132/172/168 131/156/152
f 198/239/235 201/242/238 202/243/239
f 111/154/150 192/233/229 203/244/240
f 192/233/229 191/232/228 204/245/241
f 203/244/240 204/245/241 102/200/196
f 112/145/141 203/244/240 101/142/138
f 191/232/228 196/237/233 205/246/242
f 196/237/233 195/236/232 206/247/243
f 205/246/242 206/247/243 156/195/191
f 204/245/241 205/246/242 155/190/186
f 195/236/232 200/241/237 207/248/244
f 200/241/237 199/240/236 208/249/245
f 207/248/244 208/249/245 147/175/171
f 206/247/243 207/248/244 158/184/180
f 199/240/236 202/243/239 209/250/246
f 202/243/239 131/156/152 140/182/178
f 209/250/246 140/182/178 139/165/161
f 208/249/245 209/250/246 148/188/184
f 65/92/92 84/121/116 210/251/247
f 84/119/116 83/118/115 212/253/249
f 210/254/247 212/253/249 103/255/190
f 211/252/248 210/251/247 159/257/175
f 59/84/84 78/111/108 213/259/250
f 78/111/108 75/110/103 215/261/252
f 213/259/250 215/261/252 153/262/179
f 214/260/251 213/259/250 157/263/170
f 75/105/103 74/103/101 216/265/253
f 74/103/101 73/102/100 217/267/254
f 216/265/253 217/267/254 97/268/185
f 215/266/252 216/265/253 154/269/187
f 53/77/77 66/93/93 218/271/255
f 66/93/93 65/92/92 211/252/248
f 218/271/255 211/252/248 150/258/177
f 219/272/256 218/271/255 149/273/165
f 47/67/67 60/85/85 220/275/257
f 60/85/85 59/84/84 214/260/251
f 220/275/257 214/260/251 146/264/172
f 221/276/258 220/275/257 145/277/160
f 41/57/57 54/78/78 222/279/259
f 54/78/78 53/77/77 219/272/256
f 222/279/259 219/272/256 142/274/167
f 223/280/260 222/279/259 141/281/155
f 35/47/47 48/68/68 224/283/261
f 48/68/68 47/67/67 221/276/258
f 224/283/261 221/276/258 138/278/162
f 225/284/262 224/283/261 137/285/151
f 29/39/39 42/58/58 226/287/263
f 42/58/58 41/57/57 223/280/260
f 226/287/263 223/280/260 134/282/157
f 227/288/264 226/287/263 133/289/174
f 23/30/30 36/48/48 228/291/265
f 36/48/48 35/47/47 225/284/262
f 228/291/265 225/284/262 130/286/153
f 229/292/266 228/291/265 129/293/169
f 16/19/19 30/40/40 230/295/267
f 30/40/40 29/39/39 227/288/264
f 230/295/267 227/288/264 126/290/163
f 231/296/268 230/295/267 125/297/63
f 7/8/8 24/31/31 232/299/269
f 24/31/31 23/30/30 229/292/266
f 232/299/269 229/292/266 122/294/158
f 233/300/270 232/299/269 121/301/146
f 18/22/22 17/20/20 234/303/271
f 17/20/20 16/19/19 231/296/268
f 234/303/271 231/296/268 118/298/65
f 235/304/272 234/303/271 117/305/149
f 9/11/11 8/9/9 236/307/273
f 8/9/9 7/8/8 233/300/270
f 236/307/273 233/300/270 114/302/148
f 237/308/274 236/307/273 113/309/182
f 89/127/123 96/139/135 238/311/275
f 96/139/135 18/22/22 235/304/272
f 238/311/275 235/304/272 110/306/140
f 239/312/276 238/311/275 109/313/142
f 83/118/115 93/134/130 240/315/277
f 93/134/130 9/11/11 237/308/274
f 240/315/277 237/308/274 105/310/143
f 212/253/249 240/315/277 104/316/145
f 73/102/100 90/128/124 241/317/278
f 90/128/124 89/127/123 239/312/276
f 241/317/278 239/312/276 99/314/137
f 217/267/254 241/317/278 98/318/139
f 872/319/279 337/1132/957 94/320/280
f 259/45/45 2/392/351 276/321/281
f 871/323/283 264/113/110 63/15/15
f 781/325/285 265/17/17 61/326/286
f 248/95/74 67/2576/320 321/328/288
f 829/330/290 335/817/395 91/331/291
f 870/332/292 268/70/70 39/333/293
f 271/335/295 25/389/348 291/336/296
f 267/116/113 49/383/343 307/338/298
f 725/340/300 311/1126/377 55/341/301
f 91/331/291 261/90/90 4/3/3
f 285/342/302 14/36/36 273/37/37
f 820/344/304 253/28/28 43/345/305
f 270/50/50 27/399/357 293/347/307
f 301/334/294 39/333/293 269/349/309
f 33/351/311 254/60/60 34/62/62
f 19/353/313 258/23/23 895/354/314
f 5/44/44 259/45/45 742/322/282
f 242/12/12 10/362/322 283/357/317
f 726/359/319 321/2577/288 67/360/320
f 258/23/23 5/44/44 279/356/316
f 852/361/321 283/357/317 10/362/322
f 289/363/323 21/4/4 257/6/6
f 317/324/284 63/15/15 265/17/17
f 891/364/324 257/6/6 19/353/313
f 11/365/325 273/37/37 15/35/35
f 805/366/326 313/1127/385 57/124/120
f 772/350/310 269/349/309 37/367/327
f 851/369/329 245/100/98 85/370/330
f 774/343/303 273/37/37 11/365/325
f 759/373/333 331/371/331 85/370/330
f 260/1/1 1/391/350 277/374/334
f 828/376/336 325/1128/387 76/377/337
f 329/378/338 829/330/290 262/130/126
f 307/338/298 49/383/343 268/70/70
f 327/380/340 79/2575/355 264/113/110
f 254/60/60 33/351/311 297/381/341
f 49/383/343 267/116/113 52/89/89
f 291/336/296 25/389/348 272/33/33
f 724/385/345 256/42/42 21/4/4
f 263/386/346 79/396/355 327/387/340
f 25/389/348 271/335/295 28/52/52
f 81/379/339 263/386/346 732/388/347
f 786/390/349 277/374/334 1/391/350
f 869/384/344 272/33/33 14/36/36
f 2/392/351 259/45/45 6/25/25
f 255/352/312 31/1124/961 295/393/352
f 61/326/286 266/87/87 785/395/354
f 79/396/355 263/386/346 82/132/128
f 37/367/327 269/349/309 40/72/72
f 51/115/112 267/116/113 757/339/299
f 61/326/286 265/17/17 64/16/16
f 2/392/351 260/1/1 741/375/335
f 266/87/87 51/115/112 309/398/356
f 37/367/327 270/50/50 784/348/308
f 27/399/357 271/335/295 755/337/297
f 274/400/358 711/1065/935 741/401/335
f 275/403/359 754/1066/936 742/404/282
f 280/406/360 796/1080/949 815/407/318
f 281/409/361 825/1081/950 774/410/303
f 278/412/362 769/1063/933 895/413/314
f 286/415/363 859/1064/934 891/416/324
f 284/418/364 839/1078/947 869/419/344
f 290/421/365 866/1079/948 755/422/297
f 288/424/366 882/1061/931 724/425/345
f 294/427/367 770/1062/932 728/428/353
f 292/430/368 743/1076/945 784/431/308
f 298/433/369 816/1077/946 772/434/310
f 296/436/370 797/1059/929 826/437/342
f 302/439/371 861/1060/930 820/440/304
f 300/442/372 840/1074/943 870/443/292
f 306/445/373 713/1075/944 757/446/299
f 304/448/374 884/1057/927 725/449/300
f 310/451/376 771/1058/928 805/452/326
f 308/454/378 744/1072/941 785/455/354
f 314/457/379 818/1073/942 781/458/285
f 318/460/380 862/1086/955 800/461/289
f 319/463/381 827/1088/956 885/464/382
f 312/466/384 875/1055/925 828/467/336
f 324/469/386 863/1056/926 726/470/319
f 316/472/388 841/1069/939 871/473/283
f 326/475/389 773/1071/940 732/476/347
f 322/478/390 714/1084/953 759/479/333
f 330/481/392 819/1085/954 851/482/329
f 328/484/393 798/1067/937 829/485/290
f 334/487/394 715/1068/938 786/488/349
f 332/490/396 842/1082/951 872/491/279
f 339/493/398 340/598/503 341/494/399
f 350/496/401 570/757/662 565/497/402
f 565/497/402 566/756/661 358/499/404
f 376/500/405 900/585/490 377/501/406
f 345/503/408 346/546/451 347/504/409
f 557/506/411 558/754/659 374/507/412
f 378/509/414 556/607/512 547/510/415
f 380/511/416 918/589/494 381/512/417
f 342/514/419 350/496/401 351/515/420
f 383/517/422 552/581/486 553/518/423
f 398/520/425 577/759/664 573/521/426
f 364/522/427 914/561/466 365/523/428
f 348/525/430 354/569/474 355/526/431
f 380/511/416 547/510/415 548/528/433
f 550/530/435 551/753/658 388/531/436
f 368/508/413 930/568/473 369/532/437
f 352/498/403 358/499/404 359/534/439
f 386/536/441 554/562/467 578/537/442
f 548/528/433 549/555/460 392/539/444
f 901/540/445 383/517/422 902/541/446
f 356/543/448 362/557/462 363/544/449
f 346/546/451 572/548/453 567/547/452
f 345/503/408 571/758/663 572/548/453
f 396/549/454 906/606/511 397/550/455
f 360/552/457 366/564/469 367/553/458
f 549/555/460 577/759/664 398/520/425
f 356/543/448 563/570/475 564/556/461
f 921/558/463 339/493/398 922/495/400
f 364/522/427 370/590/495 371/560/465
f 384/519/424 553/518/423 554/562/467
f 561/563/468 562/755/660 366/564/469
f 352/498/403 926/535/440 353/565/470
f 368/508/413 374/507/412 375/567/472
f 354/569/474 568/592/497 563/570/475
f 907/571/476 345/503/408 908/505/410
f 372/573/478 378/509/414 379/574/479
f 569/576/481 570/757/662 350/496/401
f 362/557/462 564/556/461 559/577/482
f 360/552/457 928/554/459 361/578/483
f 383/517/422 384/519/424 385/580/485
f 388/531/436 551/753/658 552/581/486
f 374/507/412 558/754/659 550/530/435
f 356/543/448 912/545/450 357/582/487
f 376/500/405 388/531/436 389/584/489
f 576/586/491 571/758/663 345/503/408
f 578/537/442 575/604/509 396/549/454
f 380/511/416 390/529/434 391/588/493
f 370/590/495 560/597/502 555/591/496
f 348/525/430 567/547/452 568/592/497
f 372/573/478 916/575/480 373/593/498
f 386/536/441 394/538/443 395/595/500
f 364/522/427 559/577/482 560/597/502
f 340/598/503 574/603/508 569/576/481
f 342/514/419 924/516/421 343/599/504
f 392/539/444 398/520/425 399/601/506
f 339/493/398 573/521/426 574/603/508
f 575/604/509 576/586/491 400/587/492
f 396/549/454 400/587/492 401/605/510
f 372/573/478 555/591/496 556/607/512
f 366/564/469 562/755/660 557/506/411
f 402/608/513 403/611/516 404/609/514
f 403/611/516 406/695/600 407/612/517
f 404/609/514 407/612/517 408/613/518
f 405/610/515 404/609/514 409/614/519
f 411/616/521 412/619/524 413/617/522
f 412/619/524 415/703/608 416/620/525
f 413/617/522 416/620/525 417/621/526
f 414/618/523 413/617/522 418/622/527
f 410/615/520 409/614/519 420/624/529
f 409/614/519 408/613/518 422/626/531
f 420/624/529 422/626/531 423/627/532
f 421/625/530 420/624/529 424/628/533
f 419/623/528 418/622/527 426/630/535
f 418/622/527 417/621/526 428/632/537
f 426/630/535 428/632/537 429/633/538
f 427/631/536 426/630/535 430/634/539
f 425/629/534 424/628/533 432/636/541
f 424/628/533 423/627/532 434/638/543
f 432/636/541 434/638/543 435/639/544
f 433/637/542 432/636/541 436/640/545
f 431/635/540 430/634/539 438/642/547
f 430/634/539 429/633/538 440/644/549
f 438/642/547 440/644/549 441/645/550
f 439/643/548 438/642/547 442/646/551
f 437/641/546 436/640/545 444/648/553
f 436/640/545 435/639/544 446/650/555
f 444/648/553 446/650/555 447/651/556
f 445/649/554 444/648/553 448/652/557
f 443/647/552 442/646/551 450/654/559
f 442/646/551 441/645/550 452/656/561
f 450/654/559 452/656/561 453/657/562
f 451/655/560 450/654/559 454/658/563
f 449/653/558 448/652/557 456/660/565
f 448/652/557 447/651/556 458/662/567
f 456/660/565 458/662/567 459/663/568
f 457/661/566 456/660/565 460/664/569
f 455/659/564 454/658/563 462/666/571
f 454/658/563 453/657/562 464/668/573
f 462/666/571 464/668/573 465/669/574
f 463/667/572 462/666/571 466/670/575
f 461/665/570 460/664/569 468/672/577
f 460/664/569 459/663/568 470/674/579
f 468/672/577 470/674/579 471/675/580
f 469/673/578 468/672/577 472/676/581
f 467/671/576 466/670/575 474/678/583
f 466/670/575 465/669/574 476/680/585
f 474/678/583 476/680/585 477/681/586
f 475/679/584 474/678/583 478/682/587
f 473/677/582 472/676/581 480/684/589
f 472/676/581 471/675/580 482/686/591
f 480/684/589 482/686/591 483/687/592
f 481/685/590 480/684/589 484/688/593
f 486/690/595 487/693/598 488/691/596
f 487/693/598 490/699/604 491/694/599
f 488/691/596 491/694/599 406/695/600
f 489/692/597 488/691/596 403/611/516
f 479/683/588 478/682/587 492/696/601
f 478/682/587 477/681/586 494/698/603
f 492/696/601 494/698/603 490/699/604
f 493/697/602 492/696/601 487/693/598
f 485/689/594 484/688/593 495/700/605
f 484/688/593 483/687/592 497/702/607
f 495/700/605 497/702/607 415/703/608
f 496/701/606 495/700/605 412/619/524
f 459/663/568 458/662/567 498/704/609
f 458/662/567 447/651/556 499/705/610
f 498/704/609 499/705/610 500/706/611
f 470/674/579 498/704/609 501/707/612
f 471/675/580 501/707/612 502/708/613
f 501/707/612 500/706/611 503/709/614
f 502/708/613 503/709/614 504/710/615
f 482/686/591 502/708/613 505/711/616
f 483/687/592 505/711/616 506/712/617
f 505/711/616 504/710/615 507/713/618
f 506/712/617 507/713/618 508/714/619
f 497/702/607 506/712/617 509/715/620
f 415/703/608 509/715/620 510/716/621
f 509/715/620 508/714/619 511/717/622
f 510/716/621 511/717/622 429/633/538
f 416/620/525 510/716/621 428/632/537
f 447/651/556 446/650/555 512/718/623
f 446/650/555 435/639/544 513/719/624
f 512/718/623 513/719/624 514/720/625
f 499/705/610 512/718/623 515/721/626
f 500/706/611 515/721/626 516/722/627
f 515/721/626 514/720/625 517/723/628
f 516/722/627 517/723/628 518/724/629
f 503/709/614 516/722/627 519/725/630
f 504/710/615 519/725/630 520/726/631
f 519/725/630 518/724/629 521/727/632
f 520/726/631 521/727/632 522/728/633
f 507/713/618 520/726/631 523/729/634
f 508/714/619 523/729/634 524/730/635
f 523/729/634 522/728/633 525/731/636
f 524/730/635 525/731/636 441/645/550
f 511/717/622 524/730/635 440/644/549
f 435/639/544 434/638/543 526/732/637
f 434/638/543 423/627/532 527/733/638
f 526/732/637 527/733/638 528/734/639
f 513/719/624 526/732/637 529/735/640
f 514/720/625 529/735/640 530/736/641
f 529/735/640 528/734/639 531/737/642
f 530/736/641 531/737/642 532/738/643
f 517/723/628 530/736/641 533/739/644
f 518/724/629 533/739/644 534/740/645
f 533/739/644 532/738/643 535/741/646
f 534/740/645 535/741/646 536/742/647
f 521/727/632 534/740/645 537/743/648
f 522/728/633 537/743/648 538/744/649
f 537/743/648 536/742/647 539/745/650
f 538/744/649 539/745/650 453/657/562
f 525/731/636 538/744/649 452/656/561
f 423/627/532 422/626/531 540/746/651
f 422/626/531 408/613/518 407/612/517
f 540/746/651 407/612/517 406/695/600
f 527/733/638 540/746/651 541/747/652
f 528/734/639 541/747/652 542/748/653
f 541/747/652 406/695/600 491/694/599
f 542/748/653 491/694/599 490/699/604
f 531/737/642 542/748/653 543/749/654
f 532/738/643 543/749/654 544/750/655
f 543/749/654 490/699/604 494/698/603
f 544/750/655 494/698/603 477/681/586
f 535/741/646 544/750/655 545/751/656
f 536/742/647 545/751/656 546/752/657
f 545/751/656 477/681/586 476/680/585
f 546/752/657 476/680/585 465/669/574
f 539/745/650 546/752/657 464/668/573
f 547/510/415 485/689/594 496/701/606
f 548/528/433 496/701/606 411/616/521
f 550/530/435 479/683/588 493/697/602
f 551/753/658 493/697/602 486/690/595
f 552/581/486 486/690/595 489/692/597
f 553/518/423 489/692/597 402/608/513
f 555/591/496 473/677/582 481/685/590
f 556/607/512 481/685/590 485/689/594
f 557/506/411 467/671/576 475/679/584
f 558/754/659 475/679/584 479/683/588
f 559/577/482 461/665/570 469/673/578
f 560/597/502 469/673/578 473/677/582
f 561/563/468 455/659/564 463/667/572
f 562/755/660 463/667/572 467/671/576
f 563/570/475 449/653/558 457/661/566
f 564/556/461 457/661/566 461/665/570
f 565/497/402 443/647/552 451/655/560
f 566/756/661 451/655/560 455/659/564
f 567/547/452 437/641/546 445/649/554
f 568/592/497 445/649/554 449/653/558
f 569/576/481 431/635/540 439/643/548
f 570/757/662 439/643/548 443/647/552
f 571/758/663 425/629/534 433/637/542
f 572/548/453 433/637/542 437/641/546
f 573/521/426 419/623/528 427/631/536
f 574/603/508 427/631/536 431/635/540
f 575/604/509 410/615/520 421/625/530
f 576/586/491 421/625/530 425/629/534
f 549/555/460 411/616/521 414/618/523
f 577/759/664 414/618/523 419/623/528
f 554/562/467 402/608/513 405/610/515
f 578/537/442 405/610/515 410/615/520
f 876/760/665 905/551/456 397/550/455
f 756/762/667 928/554/459 367/553/458
f 898/764/669 919/1119/958 393/765/670
f 776/767/672 910/527/432 355/526/431
f 758/769/674 903/1120/959 387/770/675
f 788/772/677 917/513/418 381/512/417
f 727/774/679 922/495/400 341/494/399
f 883/776/681 908/505/410 347/504/409
f 794/778/683 899/502/407 377/501/406
f 717/780/685 916/575/480 379/574/479
f 897/782/687 927/579/484 361/578/483
f 729/784/689 915/594/499 373/593/498
f 808/786/691 920/602/507 399/601/506
f 749/788/693 929/533/438 369/532/437
f 716/790/695 923/600/505 343/599/504
f 731/792/697 913/524/429 365/523/428
f 874/794/699 906/606/511 401/605/510
f 821/796/701 912/545/450 363/544/449
f 817/798/703 930/568/473 375/567/472
f 746/800/705 926/535/440 359/534/439
f 873/802/707 911/583/488 357/582/487
f 787/804/709 909/1121/960 349/805/710
f 789/807/712 921/558/463 338/559/464
f 807/809/714 924/516/421 351/515/420
f 801/811/716 900/585/490 389/584/489
f 782/813/718 918/589/494 391/588/493
f 850/815/720 901/540/445 382/542/447
f 335/817/395 786/390/349 261/90/90
f 831/818/722 904/596/501 395/595/500
f 847/820/724 907/571/476 344/572/477
f 864/822/726 914/561/466 371/560/465
f 853/824/728 925/566/471 353/565/470
f 854/826/730 902/541/446 385/580/485
f 607/828/732 608/893/797 721/829/733
f 591/831/735 592/1108/905 778/832/736
f 624/834/738 626/1105/921 836/835/739
f 598/837/741 597/914/816 878/838/742
f 593/840/744 762/2578/911 733/841/745
f 611/843/747 612/1092/901 802/844/748
f 617/846/750 813/2579/906 881/847/751
f 583/849/753 880/2580/915 823/850/754
f 581/852/756 896/2581/896 718/853/757
f 619/855/759 620/1094/917 751/856/760
f 625/858/762 846/2582/898 730/859/763
f 634/861/765 633/1102/909 709/862/766
f 752/864/768 775/1103/895 587/865/769
f 631/867/771 632/1101/919 893/868/772
f 622/870/774 621/2583/918 737/871/775
f 628/873/777 627/1113/892 824/874/778
f 590/876/780 589/1095/900 761/877/781
f 635/879/783 636/1100/897 848/880/784
f 587/865/769 845/2584/899 832/882/786
f 638/883/787 637/1098/923 837/884/788
f 586/886/790 588/1097/914 750/887/791
f 614/889/793 613/1110/924 791/890/794
f 790/892/796 707/2585/916 608/893/797
f 599/894/798 600/1111/893 739/895/799
f 580/897/801 582/1107/920 777/898/802
f 605/900/804 834/2586/904 811/901/805
f 803/903/807 720/1091/903 625/904/762
f 603/906/808 604/1112/891 844/907/809
f 835/909/811 712/1090/908 617/846/750
f 610/910/812 609/1114/912 856/911/813
f 833/913/815 887/916/818 597/914/816
f 595/915/817 596/1099/890 887/916/818
f 322/478/390 827/1088/956 865/917/819
f 319/463/381 862/1086/955 745/919/821
f 643/920/822 745/919/821 730/859/763
f 644/918/820 865/917/819 766/836/740
f 332/490/396 819/1085/954 793/921/823
f 330/481/392 714/1084/953 710/923/825
f 646/924/826 710/923/825 888/875/779
f 647/922/824 793/921/823 767/881/785
f 280/406/360 799/1083/952 894/925/827
f 336/927/829 842/1082/951 780/928/830
f 648/929/831 780/928/830 814/885/789
f 649/926/828 894/925/827 752/864/768
f 284/418/364 825/1081/950 877/931/833
f 281/409/361 796/1080/949 747/933/835
f 650/934/836 747/933/835 832/882/786
f 651/932/834 877/931/833 812/888/792
f 292/430/368 866/1079/948 760/935/837
f 290/421/365 839/1078/947 822/937/839
f 652/938/840 822/937/839 734/878/782
f 653/936/838 760/935/837 833/913/815
f 300/442/372 816/1077/946 843/939/841
f 298/433/369 743/1076/945 889/941/843
f 654/942/844 889/941/843 763/839/743
f 655/940/842 843/939/841 764/908/810
f 308/454/378 713/1075/944 809/943/845
f 306/445/373 840/1074/943 867/945/847
f 656/946/848 867/945/847 811/901/805
f 657/944/846 809/943/845 708/845/749
f 316/947/388 818/1073/942 740/948/849
f 314/457/379 744/1072/941 753/950/851
f 658/951/852 753/950/851 765/891/795
f 659/949/850 740/948/849 857/857/761
f 328/484/393 773/1071/940 858/953/853
f 326/475/389 841/1069/939 722/955/855
f 660/956/856 722/955/855 723/872/776
f 661/954/854 858/953/853 738/869/773
f 274/400/358 715/1068/938 795/957/857
f 334/487/394 798/1067/937 892/959/859
f 662/960/860 892/959/859 792/863/767
f 663/958/858 795/957/857 719/962/862
f 278/412/362 754/1066/936 768/963/863
f 275/403/359 711/1065/935 783/965/865
f 664/966/866 783/965/865 718/853/757
f 665/964/864 768/963/863 886/899/803
f 288/424/366 859/1064/934 838/967/867
f 286/415/363 769/1063/933 849/969/869
f 666/970/870 849/969/869 823/850/754
f 667/968/868 838/967/867 810/833/737
f 296/436/370 770/1062/932 806/971/871
f 294/427/367 882/1061/931 830/973/873
f 668/974/874 830/973/873 733/841/745
f 669/972/872 806/971/871 736/896/800
f 304/448/374 861/1060/930 748/976/876
f 302/439/371 797/1059/929 890/978/878
f 670/979/879 890/978/878 790/892/796
f 671/977/877 748/976/876 879/830/734
f 312/466/384 771/1058/928 860/980/880
f 310/451/376 884/1057/927 868/982/882
f 672/983/883 868/982/882 735/912/814
f 673/981/881 860/980/880 835/909/811
f 318/985/380 863/1056/926 804/986/885
f 324/469/386 875/1055/925 855/988/887
f 674/989/888 855/988/887 881/847/751
f 683/768/673 873/802/707 887/991/818
f 687/797/702 731/792/697 844/993/809
f 731/792/697 688/793/698 605/995/804
f 699/771/676 831/818/722 824/996/778
f 685/801/706 897/782/687 739/998/799
f 739/998/799 897/782/687 686/783/688
f 775/1001/895 847/820/724 678/821/725
f 675/808/713 727/774/679 896/1003/896
f 831/818/722 703/819/723 636/1005/897
f 846/1006/898 625/1016/762 697/816/721
f 678/821/725 883/776/681 845/1007/899
f 837/1008/788 637/1053/923 704/761/666
f 680/806/711 776/767/672 761/1009/781
f 691/823/727 729/784/689 802/1011/748
f 856/1013/813 609/1034/912 690/789/694
f 856/1013/813 817/798/703 693/799/704
f 720/1015/903 850/815/720 697/816/721
f 688/793/698 864/822/726 834/1017/904
f 791/1018/794 613/1054/924 692/785/690
f 836/1019/739 626/1049/921 698/827/731
f 758/769/674 699/771/676 627/997/892
f 681/810/715 853/824/728 778/1020/736
f 813/1022/906 617/1051/750 694/779/684
f 813/1022/906 801/811/716 700/812/717
f 737/1024/775 621/1045/918 696/773/678
f 693/799/704 794/778/683 712/1025/908
f 898/764/669 702/766/671 633/1026/909
f 779/1028/910 789/807/712 675/808/713
f 779/1028/910 640/1052/922 705/787/692
f 702/766/671 808/786/691 709/1029/766
f 746/800/705 685/801/706 600/999/893
f 682/825/729 746/800/705 762/1030/911
f 703/819/723 876/760/665 848/1032/784
f 721/1033/733 749/788/693 690/789/694
f 874/794/699 706/795/700 642/1035/913
f 679/777/682 787/804/709 750/1036/791
f 684/803/708 821/796/701 878/1038/742
f 677/791/696 807/809/714 880/1040/915
f 686/783/688 756/762/667 707/1042/916
f 695/781/686 788/772/677 751/1043/760
f 788/772/677 696/773/678 621/1045/918
f 750/1036/791 787/804/709 680/806/711
f 701/814/719 898/764/669 893/1027/772
f 737/1024/775 782/813/718 701/814/719
f 676/775/680 716/790/695 777/1047/802
f 846/1006/898 854/826/730 698/827/731
f 756/762/667 689/763/668 608/1050/797
f 834/1017/904 864/822/726 691/823/727
f 880/1040/915 807/809/714 681/810/715
f 878/1038/742 821/796/701 687/797/702
f 896/1003/896 727/774/679 676/775/680
f 689/763/668 749/788/693 721/1033/733
f 712/1025/908 794/778/683 694/779/684
f 808/786/691 705/787/692 640/1052/922
f 775/1001/895 642/1035/913 706/795/700
f 791/1018/794 717/780/685 695/781/686
f 720/1015/903 630/1023/907 700/812/717
f 876/760/665 704/761/666 637/1053/923
f 761/1009/781 776/767/672 683/768/673
f 883/776/681 679/777/682 588/1037/914
f 778/1020/736 853/824/728 682/825/729
f 802/1011/748 729/784/689 692/785/690
f 873/802/707 684/803/708 597/1039/816
f 645/987/886 804/986/885 803/903/807
f 804/986/885 674/989/888 629/990/889
f 855/988/887 673/981/881 618/848/752
f 875/1055/925 312/466/384 673/981/881
f 863/1056/926 324/469/386 674/989/888
f 860/980/880 672/983/883 615/984/884
f 868/982/882 671/977/877 610/910/812
f 884/1057/927 304/448/374 671/977/877
f 771/1058/928 310/451/376 672/983/883
f 748/976/876 670/979/879 607/828/732
f 890/978/878 669/972/872 602/975/875
f 797/1059/929 296/436/370 669/972/872
f 861/1060/930 302/439/371 670/979/879
f 806/971/871 668/974/874 599/894/798
f 830/973/873 667/968/868 594/842/746
f 882/1061/931 288/424/366 667/968/868
f 770/1062/932 294/427/367 668/974/874
f 838/967/867 666/970/870 591/831/735
f 849/969/869 665/964/864 584/851/755
f 769/1063/933 278/412/362 665/964/864
f 859/1064/934 286/415/363 666/970/870
f 768/963/863 664/966/866 580/897/801
f 783/965/865 663/958/858 579/854/758
f 711/1065/935 274/400/358 663/958/858
f 754/1066/936 275/403/359 664/966/866
f 795/957/857 662/960/860 639/961/861
f 892/959/859 661/954/854 634/861/765
f 798/1067/937 328/484/393 661/954/854
f 715/1068/938 334/487/394 662/960/860
f 858/953/853 660/956/856 631/867/771
f 722/955/855 659/1070/850 622/870/774
f 841/1069/939 316/472/388 659/1070/850
f 773/1071/940 326/475/389 660/956/856
f 740/948/849 658/951/852 619/855/759
f 753/950/851 657/944/846 614/889/793
f 744/1072/941 308/454/378 657/944/846
f 818/1073/942 314/457/379 658/951/852
f 809/943/845 656/946/848 611/843/747
f 867/945/847 655/940/842 606/902/806
f 840/1074/943 300/442/372 655/940/842
f 713/1075/944 306/445/373 656/946/848
f 843/939/841 654/942/844 603/906/808
f 889/941/843 653/936/838 598/837/741
f 743/1076/945 292/430/368 653/936/838
f 816/1077/946 298/433/369 654/942/844
f 760/935/837 652/938/840 595/915/817
f 822/937/839 651/932/834 590/876/780
f 839/1078/947 284/418/364 651/932/834
f 866/1079/948 290/421/365 652/938/840
f 877/931/833 650/934/836 586/886/790
f 747/933/835 649/926/828 585/866/770
f 796/1080/949 280/406/360 649/926/828
f 825/1081/950 281/409/361 650/934/836
f 894/925/827 648/929/831 641/930/832
f 780/928/830 647/922/824 638/883/787
f 842/1082/951 332/490/396 647/922/824
f 799/1083/952 336/927/829 648/929/831
f 793/921/823 646/924/826 635/879/783
f 710/923/825 644/918/820 628/873/777
f 714/1084/953 322/478/390 644/918/820
f 819/1085/954 330/481/392 646/924/826
f 865/917/819 643/920/822 624/834/738
f 745/919/821 645/1087/886 623/860/764
f 862/1086/955 318/460/380 645/1087/886
f 827/1088/956 319/463/381 643/920/822
f 735/912/814 856/911/813 616/1089/902
f 615/984/884 616/1089/902 712/1090/908
f 764/908/810 844/907/809 605/900/804
f 629/990/889 630/1109/907 720/1091/903
f 811/901/805 834/2586/904 612/1092/901
f 886/899/803 777/898/802 583/849/753
f 736/896/800 739/895/799 601/1093/894
f 601/1093/894 707/2585/916 790/892/796
f 765/891/795 791/890/794 620/1094/917
f 812/888/792 750/887/791 589/1095/900
f 814/885/789 837/884/788 642/1096/913
f 832/882/786 845/2584/899 588/1097/914
f 767/881/785 848/880/784 637/1098/923
f 734/878/782 761/877/781 596/1099/890
f 888/875/779 824/874/778 636/1100/897
f 723/872/776 737/871/775 632/1101/919
f 738/869/773 893/868/772 633/1102/909
f 641/930/832 642/1096/913 775/1103/895
f 792/863/767 709/862/766 640/1104/922
f 730/859/763 846/2582/898 626/1105/921
f 857/857/761 751/856/760 621/1106/918
f 718/853/757 896/2581/896 582/1107/920
f 823/850/754 880/2580/915 592/1108/905
f 881/847/751 813/2579/906 630/1109/907
f 708/845/749 802/844/748 613/1110/924
f 733/841/745 762/2578/911 600/1111/893
f 763/839/743 878/838/742 604/1112/891
f 719/962/862 779/1133/910 581/852/756
f 766/836/740 836/835/739 627/1113/892
f 810/833/737 778/832/736 593/840/744
f 879/830/734 721/829/733 609/1114/912
f 336/927/829 799/1083/952 852/1115/321
f 799/1083/952 280/406/360 283/408/317
f 842/1082/951 336/927/829 337/1116/957
f 715/1068/938 274/400/358 277/402/334
f 798/1067/937 334/487/394 335/489/395
f 819/1085/954 332/490/396 333/492/397
f 714/1084/953 330/481/392 331/483/331
f 773/1071/940 328/484/393 329/486/338
f 841/1069/939 326/475/389 327/477/340
f 863/1056/926 318/985/380 321/1117/288
f 875/1055/925 324/469/386 325/471/387
f 827/1088/956 322/478/390 323/480/391
f 862/1086/955 319/463/381 320/465/383
f 818/1073/942 316/947/388 317/1118/284
f 744/1072/941 314/457/379 315/459/287
f 771/1058/928 312/466/384 313/468/385
f 884/1057/927 310/451/376 311/453/377
f 713/1075/944 308/454/378 309/456/356
f 840/1074/943 306/445/373 307/447/298
f 861/1060/930 304/448/374 305/450/375
f 797/1059/929 302/439/371 303/441/306
f 816/1077/946 300/442/372 301/444/294
f 743/1076/945 298/433/369 299/435/328
f 770/1062/932 296/436/370 297/438/341
f 882/1061/931 294/427/367 295/429/352
f 866/1079/948 292/430/368 293/432/307
f 839/1078/947 290/421/365 291/423/296
f 859/1064/934 288/424/366 289/426/323
f 769/1063/933 286/415/363 287/417/315
f 825/1081/950 284/418/364 285/420/302
f 796/1080/949 281/409/361 282/411/332
f 754/1066/936 278/412/362 279/414/316
f 711/1065/935 275/403/359 276/405/281
f 693/799/704 375/567/472 899/502/407
f 375/567/472 374/507/412 376/500/405
f 694/779/684 377/501/406 900/585/490
f 700/812/717 389/584/489 901/540/445
f 389/584/489 388/531/436 383/517/422
f 697/816/721 382/542/447 902/541/446
f 392/539/444 920/602/507 393/765/670
f 698/827/731 385/580/485 903/1120/959
f 385/580/485 384/519/424 386/536/441
f 699/771/676 387/770/675 904/596/501
f 703/819/723 395/595/500 905/551/456
f 395/595/500 394/538/443 396/549/454
f 704/761/666 397/550/455 906/606/511
f 706/795/700 401/605/510 907/571/476
f 401/605/510 400/587/492 345/503/408
f 678/821/725 344/572/477 908/505/410
f 386/536/441 904/596/501 387/770/675
f 679/777/682 347/504/409 909/1121/960
f 347/504/409 346/546/451 348/525/430
f 680/806/711 349/805/710 910/527/432
f 683/768/673 355/526/431 911/583/488
f 355/526/431 354/569/474 356/543/448
f 684/803/708 357/582/487 912/545/450
f 687/797/702 363/544/449 913/524/429
f 363/544/449 362/557/462 364/522/427
f 688/793/698 365/523/428 914/561/466
f 691/823/727 371/560/465 915/594/499
f 371/560/465 370/590/495 372/573/478
f 692/785/690 373/593/498 916/575/480
f 695/781/686 379/574/479 917/513/418
f 379/574/479 378/509/414 380/511/416
f 696/773/678 381/512/417 918/589/494
f 701/814/719 391/588/493 919/1119/958
f 391/588/493 390/529/434 392/539/444
f 702/766/671 393/765/670 920/602/507
f 705/787/692 399/601/506 921/558/463
f 399/601/506 398/520/425 339/493/398
f 675/808/713 338/559/464 922/495/400
f 676/775/680 341/494/399 923/600/505
f 341/494/399 340/598/503 342/514/419
f 677/791/696 343/599/504 924/516/421
f 681/810/715 351/515/420 925/566/471
f 351/515/420 350/496/401 352/498/403
f 682/825/729 353/565/470 926/535/440
f 685/801/706 359/534/439 927/579/484
f 359/534/439 358/499/404 360/552/457
f 686/783/688 361/578/483 928/554/459
f 689/763/668 367/553/458 929/533/438
f 367/553/458 366/564/469 368/508/413
f 690/789/694 369/532/437 930/568/473
f 348/525/430 910/527/432 349/805/710
f 777/1047/802 716/790/695 677/791/696
f 247/55/55 68/1129/962 320/1122/383
f 19/353/313 257/6/6 22/5/5
f 295/393/352 31/1124/961 256/42/42
f 33/351/311 255/352/312 728/394/353
f 31/1124/961 255/352/312 34/62/62
f 43/345/305 254/60/60 826/382/342
f 305/1125/375 45/26/26 253/28/28
f 43/345/305 253/28/28 46/27/27
f 305/1125/375 725/340/300 252/80/80
f 311/1126/377 805/366/326 251/125/121
f 55/341/301 251/125/121 58/108/106
f 313/1127/385 828/376/336 250/106/104
f 325/1128/387 726/359/319 249/73/73
f 76/377/337 249/73/73 70/75/75
f 68/1129/962 248/95/74 800/329/289
f 39/333/293 268/70/70 40/72/72
f 71/53/53 247/55/55 885/1123/382
f 68/1129/962 247/55/55 72/54/54
f 323/1130/391 759/373/333 246/122/118
f 333/1131/397 87/98/96 245/100/98
f 85/370/330 245/100/98 88/99/97
f 333/1131/397 872/319/279 244/136/132
f 337/1132/957 852/361/321 243/82/82
f 94/320/280 243/82/82 13/14/14
f 11/365/325 242/12/12 815/358/318
f 27/399/357 270/50/50 28/52/52
f 81/379/339 262/130/126 82/132/128
f 639/961/861 640/1104/922 779/1133/910
f 88/99/97 95/137/133 959/138/134
f 95/137/133 13/14/14 954/21/21
f 82/132/128 92/131/127 953/133/129
f 92/131/127 4/3/3 935/10/10
f 72/54/54 86/123/119 943/126/122
f 86/123/119 88/99/97 947/140/136
f 64/16/16 80/114/111 962/1134/114
f 80/397/111 82/132/128 933/135/131
f 58/108/106 77/107/105 955/109/107
f 77/107/105 70/75/75 942/1135/102
f 70/97/75 69/96/95 938/101/99
f 69/96/95 72/54/54 946/129/125
f 52/89/89 62/88/88 957/91/91
f 62/88/88 64/16/16 961/120/117
f 46/27/27 56/81/81 945/83/83
f 56/81/81 58/108/106 949/112/109
f 40/72/72 50/71/71 932/76/76
f 50/71/71 52/89/89 937/94/94
f 34/62/62 44/61/61 952/66/66
f 44/61/61 46/27/27 956/86/86
f 28/52/52 38/51/51 941/56/56
f 38/51/51 40/72/72 944/79/79
f 22/5/5 32/43/43 960/46/46
f 32/43/43 34/62/62 931/69/69
f 15/35/35 26/34/34 948/38/38
f 26/34/34 28/52/52 951/59/59
f 6/25/25 20/24/24 936/29/29
f 20/24/24 22/5/5 940/49/49
f 13/14/14 12/13/13 950/18/18
f 12/13/13 15/35/35 958/41/41
f 4/3/3 3/2/2 934/7/7
f 3/2/2 6/25/25 939/32/32
f 358/499/404 566/756/661 561/563/468
f 1029/1136/963 1105/1285/1103 1055/1137/964
f 979/1138/965 1055/1137/964 1056/1139/966
f 970/1141/968 971/1144/971 972/1142/969
f 971/1144/971 965/1197/1024 966/1145/972
f 974/1146/973 999/1212/1039 1001/1147/974
f 1049/1149/976 973/1143/970 997/1150/977
f 963/1152/979 976/1154/981 977/1153/980
f 976/1154/981 967/1230/1057 968/1155/982
f 978/1156/983 1009/1207/1034 1005/1157/984
f 1045/1158/985 969/1192/1019 968/1155/982
f 982/1160/987 985/1169/996 1061/1161/988
f 980/1140/967 1056/1139/966 1057/1163/990
f 1025/1165/992 1101/1280/1100 1102/1166/993
f 982/1160/987 983/1170/997 984/1168/995
f 983/1170/997 986/1201/1028 987/1171/998
f 984/1168/995 987/1171/998 988/1172/999
f 985/1169/996 984/1168/995 989/1173/1000
f 991/1175/1002 992/1178/1005 993/1176/1003
f 992/1178/1005 979/1138/965 980/1140/967
f 993/1176/1003 980/1140/967 981/1164/991
f 994/1177/1004 993/1176/1003 995/1179/1006
f 1099/1181/1008 1023/1224/1051 982/1160/987
f 1003/1182/1009 1013/1209/1036 998/1183/1010
f 972/1142/969 998/1183/1010 997/1150/977
f 1019/1185/1012 1020/1200/1027 1017/1186/1013
f 1083/1188/1015 1007/1206/1033 1008/1189/1016
f 1010/1191/1018 1009/1207/1034 978/1156/983
f 1015/1193/1020 1018/1217/1044 1019/1185/1012
f 977/1153/980 978/1156/983 974/1146/973
f 1086/1194/1021 1010/1191/1018 969/1192/1019
f 1003/1182/1009 1002/1202/1029 1006/1195/1022
f 965/1197/1024 1000/1211/1038 1001/1147/974
f 1010/1191/1018 1086/1194/1021 1087/1198/1025
f 1020/1200/1027 991/1175/1002 986/1201/1028
f 1097/1203/1030 1021/1221/1048 1022/1204/1031
f 1022/1204/1031 1023/1224/1051 1099/1181/1008
f 1073/1151/978 997/1150/977 1007/1206/1033
f 998/1183/1010 1013/1209/1036 1007/1206/1033
f 1009/1207/1034 1010/1191/1018 1011/1199/1026
f 1005/1157/984 1009/1207/1034 1012/1208/1035
f 987/1171/998 994/1177/1004 996/1180/1007
f 1013/1209/1036 1003/1182/1009 1004/1196/1023
f 1007/1206/1033 1013/1209/1036 1014/1210/1037
f 1008/1189/1016 1021/1221/1048 1097/1203/1030
f 1102/1166/993 1105/1285/1103 1029/1136/963
f 991/1175/1002 994/1177/1004 987/1171/998
f 969/1192/1019 978/1156/983 977/1153/980
f 1000/1211/1038 963/1152/979 964/1148/975
f 999/1212/1039 975/1184/1011 966/1145/972
f 1005/1157/984 1002/1202/1029 999/1212/1039
f 970/1141/968 973/1143/970 1049/1149/976
f 1033/1214/1041 1109/1296/1112 1066/1215/1042
f 1006/1195/1022 1012/1208/1035 1024/1216/1043
f 1012/1208/1035 1011/1199/1026 1025/1165/992
f 1024/1216/1043 1025/1165/992 1026/1167/994
f 1018/1217/1044 1024/1216/1043 1027/1218/1045
f 1019/1185/1012 1027/1218/1045 1028/1219/1046
f 1027/1218/1045 1026/1167/994 1029/1136/963
f 1028/1219/1046 1029/1136/963 979/1138/965
f 1020/1200/1027 1028/1219/1046 992/1178/1005
f 1008/1189/1016 1014/1210/1037 1030/1220/1047
f 1014/1210/1037 1004/1196/1023 1015/1193/1020
f 1030/1220/1047 1015/1193/1020 1016/1187/1014
f 1021/1221/1048 1030/1220/1047 1031/1222/1049
f 1022/1204/1031 1031/1222/1049 1032/1223/1050
f 1031/1222/1049 1016/1187/1014 1017/1186/1013
f 1032/1223/1050 1017/1186/1013 986/1201/1028
f 1023/1224/1051 1032/1223/1050 983/1170/997
f 1112/1225/1052 1036/2587/2198 981/1164/991
f 1087/1198/1025 1101/1280/1100 1025/1165/992
f 1002/1202/1029 1003/1182/1009 975/1184/1011
f 975/1184/1011 998/1183/1010 972/1142/969
f 995/1179/1006 1038/1228/1055 1034/1226/1053
f 1061/1161/988 985/1169/996 990/1174/1001
f 988/1172/999 1035/2588/2199 1037/1227/1054
f 981/1164/991 1036/2587/2198 1038/1228/1055
f 989/1173/1000 1037/1227/1054 1033/1214/1041
f 1034/1226/1053 1035/2588/2199 988/1172/999
f 1043/1229/1056 1044/1159/986 968/1155/982
f 1004/1196/1023 1006/1195/1022 1018/1217/1044
f 1046/1213/1040 1049/1149/976 1048/1231/1058
f 1047/1232/1059 1048/1231/1058 1042/1233/1060
f 1050/1235/1062 1040/1276/1097 1077/1236/1063
f 1039/1238/1065 1040/1276/1097 1053/1239/1066
f 1052/1241/1067 1053/1275/1066 1044/1159/986
f 1054/1242/1068 1050/1235/1062 1081/1243/1069
f 1058/1162/989 1061/1161/988 1060/1245/1071
f 1059/1246/1072 1060/1245/1071 1063/1247/1073
f 1060/1245/1071 1065/1250/1076 1064/1249/1075
f 1061/1161/988 1066/1215/1042 1065/1250/1076
f 1067/1251/1077 1070/1256/1080 1069/1252/1078
f 1068/1254/1079 1069/1255/1078 1056/1139/966
f 1069/1255/1078 1071/2589/1081 1057/1163/990
f 1070/1256/1080 1072/1272/1094 1071/1257/1081
f 1079/1258/1082 1051/1277/1098 1074/1259/1083
f 1048/1231/1058 1049/1149/976 1073/1151/978
f 1095/1261/1085 1092/1288/1105 1093/1262/1086
f 1086/1194/1021 1045/1158/985 1054/1264/1068
f 1091/1266/1088 1092/1288/1105 1095/1261/1085
f 1053/1239/1066 1040/1276/1097 1050/1235/1062
f 1079/1258/1082 1080/1273/1095 1082/1268/1090
f 1041/1234/1061 1042/1233/1060 1077/1236/1063
f 1096/1263/1087 1093/1262/1086 1062/1248/1074
f 1074/1259/1083 1073/1151/978 1083/1188/1015
f 1085/1265/1070 1088/1279/1093 1087/1198/1025
f 1081/1243/1069 1082/1268/1090 1088/1271/1093
f 1063/1247/1073 1064/1249/1075 1072/1272/1094
f 1089/1260/1084 1090/1274/1096 1080/1273/1095
f 1083/1188/1015 1084/1190/1017 1090/1274/1096
f 1067/1251/1077 1062/1248/1074 1063/1247/1073
f 1045/1158/985 1044/1159/986 1053/1275/1066
f 1076/1270/1092 1077/1236/1063 1040/1276/1097
f 1075/1237/1064 1077/1236/1063 1042/1233/1060
f 1081/1243/1069 1050/1235/1062 1075/1237/1064
f 1082/1268/1090 1094/1267/1089 1100/1278/1099
f 1088/1279/1093 1100/1281/1099 1101/1280/1100
f 1100/1281/1099 1103/1284/1101 1102/1166/993
f 1094/1267/1089 1095/1261/1085 1103/1282/1101
f 1095/1261/1085 1096/1263/1087 1104/1283/1102
f 1103/1284/1101 1104/1286/1102 1105/1285/1103
f 1104/1286/1102 1068/1254/1079 1055/1137/964
f 1096/1263/1087 1067/1251/1077 1068/1253/1079
f 1084/1190/1017 1097/1203/1030 1106/1287/1104
f 1090/1274/1096 1106/1287/1104 1091/1266/1088
f 1106/1287/1104 1107/1289/1106 1092/1288/1105
f 1097/1203/1030 1098/1205/1032 1107/1289/1106
f 1098/1205/1032 1099/1181/1008 1108/1290/1107
f 1107/1289/1106 1108/1290/1107 1093/1262/1086
f 1108/1290/1107 1059/1246/1072 1062/1248/1074
f 1099/1181/1008 1058/1162/989 1059/1246/1072
f 1078/1269/1091 1075/1237/1064 1051/1277/1098
f 1051/1277/1098 1042/1233/1060 1048/1231/1058
f 1071/1257/1081 1072/1272/1094 1110/1291/1108
f 1064/1249/1075 1065/1250/1076 1113/1293/1110
f 1057/1163/990 1071/2589/1081 1114/1295/1109
f 1065/1250/1076 1066/1215/1042 1109/1296/1112
f 1110/1291/1108 1072/1272/1094 1064/1249/1075
f 1080/1273/1095 1091/1266/1088 1094/1267/1089
f 1150/1300/1116 1152/2590/2200 1165/1301/1117
f 1185/1303/1119 1158/1371/1166 1162/1304/1120
f 1146/1306/1122 1177/1332/1144 1173/1307/1123
f 1181/1302/1118 1165/1301/1117 1166/1312/1128
f 1185/1314/1119 1186/2591/1132 1184/1315/1130
f 1186/1317/1132 1170/1324/1138 1138/1318/1126
f 1142/1308/1124 1173/1307/1123 1169/1305/1121
f 1142/1308/1124 1162/1304/1120 1161/1322/1136
f 1170/1324/1138 1174/1341/1153 1129/1325/1127
f 1184/1315/1130 1186/2591/1132 1134/1326/1133
f 1175/1329/1141 1144/1353/1163 1164/1330/1142
f 1146/1306/1122 1150/1300/1116 1181/1302/1118
f 1179/1333/1145 1175/1329/1141 1176/1334/1146
f 1167/1336/1148 1156/1373/1177 1154/1337/1149
f 1174/1341/1153 1178/1361/1169 1132/1342/1150
f 1184/1315/1130 1131/1321/1135 1135/1345/1134
f 1147/1347/1157 1124/1388/1140 1120/1348/1158
f 1141/1323/1137 1161/1322/1136 1125/1350/1160
f 1163/1352/1162 1164/1330/1142 1144/1353/1163
f 1148/1354/1164 1147/1347/1157 1143/1349/1159
f 1172/1355/1165 1188/1394/1185 1139/1356/1155
f 1183/1316/1131 1154/1337/1149 1158/1358/1166
f 1149/1359/1167 1150/1300/1116 1146/1306/1122
f 1173/1307/1123 1177/1332/1144 1178/1361/1169
f 1127/1362/1139 1151/1364/1170 1149/1359/1167
f 1151/1364/1170 1152/2590/2200 1150/1300/1116
f 1154/1337/1149 1156/1373/1177 1155/1365/1171
f 1157/1367/1173 1158/1358/1166 1154/1337/1149
f 1163/1352/1162 1117/1391/1184 1126/1368/1174
f 1121/1370/1176 1157/1367/1173 1153/1366/1172
f 1161/1322/1136 1162/1304/1120 1158/1371/1166
f 1156/1373/1177 1160/1380/1180 1159/1369/1175
f 1155/1365/1171 1159/1369/1175 1126/1368/1174
f 1182/1313/1129 1166/1312/1128 1140/1375/1178
f 1155/1365/1171 1122/1374/1114 1118/1297/1113
f 1164/1330/1142 1163/1352/1162 1159/1369/1175
f 1180/1335/1147 1137/1387/1182 1140/1375/1178
f 1185/1303/1119 1169/1305/1121 1170/1324/1138
f 1187/1381/1181 1188/1394/1185 1172/1355/1165
f 1176/1334/1146 1172/1355/1165 1130/1357/1152
f 1183/1316/1131 1184/1315/1130 1168/1346/1156
f 1175/1329/1141 1171/1331/1143 1172/1355/1165
f 1164/1330/1142 1160/1380/1180 1187/1381/1181
f 1180/1335/1147 1176/1334/1146 1133/1384/1151
f 1148/1354/1164 1152/2590/2200 1151/1364/1170
f 1165/1301/1117 1179/1333/1145 1180/1335/1147
f 1147/1347/1157 1151/1364/1170 1127/1362/1139
f 1178/1361/1169 1182/1313/1129 1136/1376/1179
f 1125/1350/1160 1161/1322/1136 1157/1372/1173
f 1187/1381/1181 1160/1380/1180 1156/1373/1177
f 1145/1360/1168 1146/1306/1122 1142/1308/1124
f 1117/1391/1184 1163/1352/1162 1143/1349/1159
f 1177/1332/1144 1181/1302/1118 1182/1313/1129
f 1119/1393/1183 1145/1360/1168 1141/1323/1137
f 1179/1333/1145 1148/1354/1164 1144/1353/1163
f 1187/1381/1181 1167/1336/1148 1168/1346/1156
f 1169/1305/1121 1173/1307/1123 1174/1341/1153
f 1123/1363/1154 1149/1359/1167 1145/1360/1168
f 1165/1301/1117 1152/2590/2200 1148/1354/1164
f 1188/1394/1185 1168/1346/1156 1135/1345/1134
f 1189/1395/1186 1190/1398/1189 1191/1396/1187
f 1190/1398/1189 1604/1459/1250 1774/1399/1190
f 1191/1396/1187 1774/1399/1190 1772/1400/1191
f 1192/1397/1188 1191/1396/1187 1193/1401/1192
f 1623/1403/1194 1614/1942/1673 1267/1404/1195
f 1301/1406/1197 1283/1532/1323 1282/1407/1198
f 1278/1409/1200 1283/1532/1323 1301/1406/1197
f 1336/1411/1202 1334/1614/1393 1349/1412/1203
f 1279/1414/1205 1278/1409/1200 1302/1410/1201
f 1633/1416/1207 1632/1953/1684 1342/1417/1208
f 1554/1419/1210 1555/1725/1491 1411/1420/1211
f 1338/1422/1213 1336/1411/1202 1346/1413/1204
f 1601/1424/1215 1195/1427/1218 1196/1425/1216
f 1195/1427/1218 1197/1432/1223 1198/1428/1219
f 1196/1425/1216 1198/1428/1219 1199/1429/1220
f 1602/1426/1217 1196/1425/1216 1200/1430/1221
f 1197/1432/1223 1201/1434/1225 1202/1433/1224
f 1201/1434/1225 1203/1438/1229 1204/1435/1226
f 1202/1433/1224 1204/1435/1226 1205/1436/1227
f 1198/1428/1219 1202/1433/1224 1206/1437/1228
f 1203/1438/1229 1207/1440/1231 1208/1439/1230
f 1207/1440/1231 1209/1444/1235 1210/1441/1232
f 1208/1439/1230 1210/1441/1232 1211/1442/1233
f 1204/1435/1226 1208/1439/1230 1212/1443/1234
f 1209/1444/1235 1213/1446/1237 1214/1445/1236
f 1213/1446/1237 1215/1450/1241 1216/1447/1238
f 1214/1445/1236 1216/1447/1238 1217/1448/1239
f 1210/1441/1232 1214/1445/1236 1218/1449/1240
f 1215/1450/1241 1219/1452/1243 1220/1451/1242
f 1219/1452/1243 1221/1455/1246 1222/1453/1244
f 1220/1451/1242 1222/1453/1244 1189/1395/1186
f 1216/1447/1238 1220/1451/1242 1223/1454/1245
f 1221/1455/1246 1224/1457/1248 1225/1456/1247
f 1224/1457/1248 1606/1992/1330 1605/1458/1249
f 1225/1456/1247 1605/1458/1249 1604/1459/1250
f 1222/1453/1244 1225/1456/1247 1190/1398/1189
f 1691/1460/1251 1232/1463/1254 1233/1461/1252
f 1232/1463/1254 1234/1492/1283 1235/1464/1255
f 1233/1461/1252 1235/1464/1255 1230/1465/1256
f 1625/1462/1253 1233/1461/1252 1229/1466/1257
f 1194/1402/1193 1193/1401/1192 1239/1468/1259
f 1193/1401/1192 1772/1400/1191 1620/1470/1261
f 1239/1468/1259 1620/1470/1261 1624/1471/1262
f 1240/1469/1260 1239/1468/1259 1231/1472/1263
f 1241/1474/1265 1242/1477/1268 1243/1475/1266
f 1242/1477/1268 1194/1402/1193 1240/1469/1260
f 1243/1475/1266 1240/1469/1260 1228/1473/1264
f 1244/1476/1267 1243/1475/1266 1227/1478/1269
f 1246/1480/1271 1247/1483/1274 1248/1481/1272
f 1247/1483/1274 1241/1474/1265 1244/1476/1267
f 1248/1481/1272 1244/1476/1267 1226/1479/1270
f 1249/1482/1273 1248/1481/1272 1245/1484/1275
f 1250/1486/1277 1251/1489/1280 1252/1487/1278
f 1251/1489/1280 1246/1480/1271 1249/1482/1273
f 1252/1487/1278 1249/1482/1273 1238/1485/1276
f 1253/1488/1279 1252/1487/1278 1237/1490/1281
f 1234/1492/1283 1255/1494/1285 1256/1493/1284
f 1255/1494/1285 1250/1486/1277 1253/1488/1279
f 1256/1493/1284 1253/1488/1279 1236/1491/1282
f 1235/1464/1255 1256/1493/1284 1254/1495/1286
f 1211/1442/1233 1218/1449/1240 1257/1496/1287
f 1218/1449/1240 1217/1448/1239 1259/1498/1289
f 1257/1496/1287 1259/1498/1289 1241/1474/1265
f 1258/1497/1288 1257/1496/1287 1247/1483/1274
f 1199/1429/1220 1206/1437/1228 1260/1499/1290
f 1206/1437/1228 1205/1436/1227 1262/1501/1292
f 1260/1499/1290 1262/1501/1292 1250/1486/1277
f 1261/1500/1291 1260/1499/1290 1255/1494/1285
f 1217/1448/1239 1223/1454/1245 1263/1502/1293
f 1223/1454/1245 1189/1395/1186 1192/1397/1188
f 1263/1502/1293 1192/1397/1188 1194/1402/1193
f 1259/1498/1289 1263/1502/1293 1242/1477/1268
f 1603/1431/1222 1200/1430/1221 1264/1503/1294
f 1200/1430/1221 1199/1429/1220 1261/1500/1291
f 1264/1503/1294 1261/1500/1291 1234/1492/1283
f 1726/1504/1295 1264/1503/1294 1232/1463/1254
f 1205/1436/1227 1212/1443/1234 1265/1505/1296
f 1212/1443/1234 1211/1442/1233 1258/1497/1288
f 1265/1505/1296 1258/1497/1288 1246/1480/1271
f 1262/1501/1292 1265/1505/1296 1251/1489/1280
f 1266/1506/1297 1267/1404/1195 1268/1507/1298
f 1267/1404/1195 1614/1942/1673 1613/1509/1300
f 1280/1510/1301 1294/1530/1321 1295/1511/1302
f 1296/1513/1304 1297/1551/1333 1285/1514/1305
f 1270/1516/1307 1271/1519/1310 1272/1517/1308
f 1271/1519/1310 1266/1506/1297 1269/1508/1299
f 1285/1514/1305 1297/1551/1333 1298/1520/1311
f 1627/1522/1313 1636/2052/1776 1355/1523/1314
f 1274/1525/1316 1275/1528/1319 1276/1526/1317
f 1275/1528/1319 1270/1516/1307 1273/1518/1309
f 1288/1529/1320 1289/1541/1331 1269/1508/1299
f 1277/1527/1318 1293/1533/1324 1294/1530/1321
f 1278/1409/1200 1279/1414/1205 1280/1510/1301
f 1279/1414/1205 1274/1525/1316 1277/1527/1318
f 1272/1517/1308 1290/1534/1325 1291/1531/1322
f 1281/1512/1303 1295/1511/1302 1296/1513/1304
f 1282/1407/1198 1283/1532/1323 1284/1515/1306
f 1283/1532/1323 1278/1409/1200 1281/1512/1303
f 1276/1526/1317 1292/1545/1332 1293/1533/1324
f 1269/1508/1299 1289/1541/1331 1290/1534/1325
f 1779/1535/1326 1286/1537/1328 1287/1521/1312
f 1286/1537/1328 1282/1407/1198 1285/1514/1305
f 1287/1521/1312 1298/1520/1311 1617/1538/1329
f 1613/1509/1300 1616/2070/1792 1288/1529/1320
f 1288/1529/1320 1616/2070/1792 1606/1539/1330
f 1289/1541/1331 1288/1529/1320 1224/1540/1248
f 1290/1534/1325 1289/1541/1331 1221/1542/1246
f 1291/1531/1322 1290/1534/1325 1219/1543/1243
f 1292/1545/1332 1291/1531/1322 1215/1544/1241
f 1293/1533/1324 1292/1545/1332 1213/1546/1237
f 1294/1530/1321 1293/1533/1324 1209/1547/1235
f 1295/1511/1302 1294/1530/1321 1207/1548/1231
f 1296/1513/1304 1295/1511/1302 1203/1549/1229
f 1297/1551/1333 1296/1513/1304 1201/1550/1225
f 1298/1520/1311 1297/1551/1333 1197/1552/1223
f 1617/1538/1329 1298/1520/1311 1195/1553/1218
f 1300/1408/1199 1282/1407/1198 1286/1537/1328
f 1274/1525/1316 1279/1414/1205 1303/1415/1206
f 1275/1528/1319 1274/1525/1316 1304/1556/1335
f 1270/1516/1307 1275/1528/1319 1305/1557/1336
f 1307/1559/1338 1271/1519/1310 1270/1516/1307
f 1308/1560/1339 1266/1506/1297 1271/1519/1310
f 1309/1405/1196 1267/1404/1195 1266/1506/1297
f 1299/1555/1334 1286/1537/1328 1779/1535/1326
f 1374/1562/1341 1375/1597/1376 1312/1563/1342
f 1369/1565/1344 1370/1579/1358 1317/1566/1345
f 1359/1568/1347 1360/1586/1365 1316/1569/1348
f 1319/1571/1350 1363/1590/1369 1364/1572/1351
f 1372/1574/1353 1373/1587/1366 1314/1575/1354
f 1367/1576/1355 1368/1584/1363 1319/1571/1350
f 1320/1573/1352 1364/1572/1351 1365/1577/1356
f 1314/1575/1354 1358/1615/1394 1359/1568/1347
f 1370/1579/1358 1371/1599/1378 1316/1569/1348
f 1426/1580/1359 1427/1693/1465 1413/1581/1360
f 1329/1583/1362 1369/1565/1344 1368/1584/1363
f 1360/1586/1365 1361/1628/1407 1317/1566/1345
f 1368/1584/1363 1369/1565/1344 1318/1567/1346
f 1373/1587/1366 1374/1562/1341 1313/1564/1343
f 1333/1588/1367 1371/1599/1378 1370/1579/1358
f 1318/1567/1346 1362/1619/1398 1363/1590/1369
f 1366/1591/1370 1367/1576/1355 1320/1573/1352
f 1638/1592/1371 1366/1591/1370 1321/1578/1357
f 1337/1594/1373 1373/1587/1366 1372/1574/1353
f 1343/1596/1375 1376/1600/1379 1375/1597/1376
f 1371/1599/1378 1372/1574/1353 1315/1570/1349
f 1376/1600/1379 1639/1616/1395 1627/1522/1313
f 1325/1601/1380 1367/1576/1355 1366/1591/1370
f 1375/1597/1376 1376/1600/1379 1311/1524/1315
f 1629/1603/1382 1322/1605/1384 1323/1602/1381
f 1322/1605/1384 1324/1607/1386 1325/1601/1380
f 1327/1585/1364 1368/1584/1363 1367/1576/1355
f 1312/1563/1342 1356/1612/1391 1357/1606/1385
f 1324/1607/1386 1326/1608/1387 1327/1585/1364
f 1326/1608/1387 1328/1610/1389 1329/1583/1362
f 1370/1579/1358 1369/1565/1344 1329/1583/1362
f 1341/1598/1377 1375/1597/1376 1374/1562/1341
f 1328/1610/1389 1330/1611/1390 1331/1589/1368
f 1330/1611/1390 1332/1613/1392 1333/1588/1367
f 1372/1574/1353 1371/1599/1378 1333/1588/1367
f 1311/1524/1315 1355/1523/1314 1356/1612/1391
f 1332/1613/1392 1334/1614/1393 1335/1595/1374
f 1334/1614/1393 1336/1411/1202 1337/1594/1373
f 1339/1609/1388 1374/1562/1341 1373/1587/1366
f 1313/1564/1343 1357/1606/1385 1358/1615/1394
f 1336/1411/1202 1338/1422/1213 1339/1609/1388
f 1338/1422/1213 1340/1618/1397 1341/1598/1377
f 1639/1616/1395 1376/1600/1379 1343/1596/1375
f 1365/1577/1356 1637/1629/1408 1628/1593/1372
f 1340/1618/1397 1342/1417/1208 1343/1596/1375
f 1342/1417/1208 1632/1953/1684 1631/1617/1396
f 1317/1566/1345 1361/1628/1407 1362/1619/1398
f 1323/1602/1381 1366/1591/1370 1638/1592/1371
f 1349/1412/1203 1334/1614/1393 1332/1613/1392
f 1345/1418/1209 1342/1417/1208 1340/1618/1397
f 1330/1611/1390 1328/1610/1389 1350/1622/1401
f 1348/1620/1399 1332/1613/1392 1330/1611/1390
f 1353/1624/1403 1326/1608/1387 1324/1607/1386
f 1328/1610/1389 1326/1608/1387 1353/1624/1403
f 1352/1625/1404 1324/1607/1386 1322/1605/1384
f 1344/1621/1400 1340/1618/1397 1338/1422/1213
f 1322/1605/1384 1629/1603/1382 1621/1627/1406
f 1355/1523/1314 1636/2052/1776 1623/1403/1194
f 1356/1612/1391 1355/1523/1314 1309/1405/1196
f 1357/1606/1385 1356/1612/1391 1308/1560/1339
f 1358/1615/1394 1357/1606/1385 1307/1559/1338
f 1359/1568/1347 1358/1615/1394 1306/1558/1337
f 1360/1586/1365 1359/1568/1347 1305/1557/1336
f 1361/1628/1407 1360/1586/1365 1304/1556/1335
f 1362/1619/1398 1361/1628/1407 1303/1415/1206
f 1363/1590/1369 1362/1619/1398 1302/1410/1201
f 1364/1572/1351 1363/1590/1369 1301/1406/1197
f 1365/1577/1356 1364/1572/1351 1300/1408/1199
f 1637/1629/1408 1365/1577/1356 1299/1555/1334
f 1414/1630/1409 1428/1645/1424 1429/1631/1410
f 1385/1633/1412 1388/1672/1451 1383/1634/1413
f 1390/1636/1415 1391/1644/1423 1392/1637/1416
f 1389/1638/1417 1392/1637/1416 1387/1639/1418
f 1394/1641/1420 1395/1647/1426 1396/1642/1421
f 1393/1643/1422 1396/1642/1421 1391/1644/1423
f 1413/1581/1360 1427/1693/1465 1428/1645/1424
f 1397/1646/1425 1398/1712/1478 1395/1647/1426
f 1401/1648/1427 1421/1684/1463 1422/1649/1428
f 1409/1651/1430 1425/1669/1448 1426/1580/1359
f 1423/1652/1431 1424/1689/1464 1406/1653/1432
f 1381/1655/1434 1384/1683/1462 1379/1656/1435
f 1399/1658/1437 1400/1659/1438 1401/1648/1427
f 1400/1659/1438 1645/1717/1483 1644/1660/1439
f 1642/1661/1440 1398/1712/1478 1397/1646/1425
f 1417/1632/1411 1429/1631/1410 1430/1663/1442
f 1403/1665/1444 1404/1666/1445 1405/1654/1433
f 1404/1666/1445 1399/1658/1437 1402/1650/1429
f 1418/1664/1443 1430/1663/1442 1431/1667/1446
f 1406/1653/1432 1424/1689/1464 1425/1669/1448
f 1407/1670/1449 1408/1671/1450 1409/1651/1430
f 1408/1671/1450 1403/1665/1444 1406/1653/1432
f 1386/1640/1419 1387/1639/1418 1388/1672/1451
f 1411/1420/1211 1412/1673/1452 1413/1581/1360
f 1412/1673/1452 1407/1670/1449 1410/1582/1361
f 1420/1668/1447 1431/1667/1446 1649/1674/1453
f 1377/1676/1455 1380/1680/1459 1641/1677/1456
f 1415/1679/1458 1416/1421/1212 1417/1632/1411
f 1416/1421/1212 1411/1420/1211 1414/1630/1409
f 1378/1657/1436 1379/1656/1435 1380/1680/1459
f 1402/1650/1429 1422/1649/1428 1423/1652/1431
f 1646/1681/1460 1419/1682/1461 1420/1668/1447
f 1419/1682/1461 1415/1679/1458 1418/1664/1443
f 1382/1635/1414 1383/1634/1413 1384/1683/1462
f 1644/1660/1439 1648/2209/1912 1421/1684/1463
f 1421/1684/1463 1648/2209/1912 1643/1685/1441
f 1422/1649/1428 1421/1684/1463 1397/1686/1425
f 1423/1652/1431 1422/1649/1428 1394/1687/1420
f 1424/1689/1464 1423/1652/1431 1393/1688/1422
f 1425/1669/1448 1424/1689/1464 1390/1690/1415
f 1426/1580/1359 1425/1669/1448 1389/1691/1417
f 1427/1693/1465 1426/1580/1359 1386/1692/1419
f 1428/1645/1424 1427/1693/1465 1385/1694/1412
f 1429/1631/1410 1428/1645/1424 1382/1695/1414
f 1430/1663/1442 1429/1631/1410 1381/1696/1434
f 1431/1667/1446 1430/1663/1442 1378/1697/1436
f 1649/1674/1453 1431/1667/1446 1377/1698/1455
f 1641/1677/1456 1380/1680/1459 1432/1700/1466
f 1380/1680/1459 1379/1656/1435 1433/1702/1468
f 1432/1700/1466 1433/1702/1468 1352/1625/1404
f 1650/1701/1467 1432/1700/1466 1354/1626/1405
f 1379/1656/1435 1384/1683/1462 1434/1703/1469
f 1384/1683/1462 1383/1634/1413 1435/1704/1470
f 1434/1703/1469 1435/1704/1470 1350/1622/1401
f 1433/1702/1468 1434/1703/1469 1353/1624/1403
f 1383/1634/1413 1388/1672/1451 1436/1705/1471
f 1388/1672/1451 1387/1639/1418 1437/1706/1472
f 1436/1705/1471 1437/1706/1472 1348/1620/1399
f 1435/1704/1470 1436/1705/1471 1351/1623/1402
f 1387/1639/1418 1392/1637/1416 1438/1707/1473
f 1392/1637/1416 1391/1644/1423 1439/1708/1474
f 1438/1707/1473 1439/1708/1474 1346/1413/1204
f 1437/1706/1472 1438/1707/1473 1349/1412/1203
f 1391/1644/1423 1396/1642/1421 1440/1709/1475
f 1396/1642/1421 1395/1647/1426 1441/1710/1476
f 1440/1709/1475 1441/1710/1476 1344/1621/1400
f 1439/1708/1474 1440/1709/1475 1347/1423/1214
f 1395/1647/1426 1398/1712/1478 1442/1711/1477
f 1398/1712/1478 1642/1661/1440 1651/1713/1479
f 1442/1711/1477 1651/1713/1479 1633/1416/1207
f 1441/1710/1476 1442/1711/1477 1345/1418/1209
f 1560/1714/1480 1561/1718/1484 1399/1658/1437
f 1558/1715/1481 1559/1721/1487 1403/1665/1444
f 1562/1716/1482 1699/1877/1631 1645/1717/1483
f 1561/1718/1484 1562/1716/1482 1400/1659/1438
f 1557/1719/1485 1558/1715/1481 1408/1671/1450
f 1556/1720/1486 1557/1719/1485 1407/1670/1449
f 1559/1721/1487 1560/1714/1480 1404/1666/1445
f 1685/1722/1488 1552/1724/1490 1419/1682/1461
f 1553/1723/1489 1554/1419/1210 1416/1421/1212
f 1552/1724/1490 1553/1723/1489 1415/1679/1458
f 1555/1725/1491 1556/1720/1486 1412/1673/1452
f 1567/1726/1492 1568/1885/1633 1444/1727/1493
f 1443/1729/1495 1445/1750/1516 1446/1730/1496
f 1444/1727/1493 1443/1729/1495 1447/1731/1497
f 1566/1733/1499 1567/1726/1492 1449/1728/1494
f 1565/1735/1501 1566/1733/1499 1450/1734/1500
f 1573/1737/1503 2044/1893/1635 1622/1738/1504
f 1449/1728/1494 1444/1727/1493 1448/1732/1498
f 1450/1734/1500 1449/1728/1494 1451/1740/1506
f 1571/1742/1508 1572/1890/1634 1454/1743/1509
f 1453/1739/1505 1622/1738/1504 1310/1745/1511
f 1454/1743/1509 1453/1739/1505 1455/1746/1512
f 1458/1748/1514 1564/1752/1518 1565/1735/1501
f 1443/1729/1495 1569/1755/1521 1570/1749/1515
f 1463/1751/1517 1563/1878/1632 1564/1752/1518
f 1457/1736/1502 1450/1734/1500 1452/1741/1507
f 1458/1748/1514 1457/1736/1502 1459/1753/1519
f 1444/1727/1493 1568/1885/1633 1569/1755/1521
f 1461/1744/1510 1454/1743/1509 1456/1747/1513
f 1445/1750/1516 1461/1744/1510 1462/1756/1522
f 2043/1757/1523 1563/1878/1632 1463/1751/1517
f 1570/1749/1515 1571/1742/1508 1461/1744/1510
f 1463/1751/1517 1458/1748/1514 1460/1754/1520
f 1927/1758/1524 1463/1751/1517 1464/1759/1525
f 1526/1761/1527 1527/1794/1560 1466/1762/1528
f 2002/1764/1530 1526/1761/1527 1477/1763/1529
f 1465/1766/1532 1467/1775/1541 1468/1767/1533
f 1466/1762/1528 1465/1766/1532 1469/1768/1534
f 1524/1770/1536 1525/1795/1561 1472/1771/1537
f 1522/1773/1539 1521/1786/1552 1483/1774/1540
f 1471/1776/1542 1473/1789/1555 1474/1777/1543
f 1472/1771/1537 1471/1776/1542 1475/1778/1544
f 1519/1780/1546 1635/1841/1605 1947/1781/1547
f 1529/1783/1549 1522/1773/1539 1467/1775/1541
f 1477/1763/1529 1466/1762/1528 1470/1769/1535
f 1619/1765/1531 1477/1763/1529 1478/1784/1550
f 1521/1786/1552 1523/1792/1558 1480/1787/1553
f 1528/1788/1554 1520/1839/1604 1473/1789/1555
f 1479/1772/1538 1472/1771/1537 1476/1779/1545
f 1480/1787/1553 1479/1772/1538 1481/1790/1556
f 1523/1792/1558 1524/1770/1536 1479/1772/1538
f 1483/1774/1540 1480/1787/1553 1482/1791/1557
f 1467/1775/1541 1483/1774/1540 1484/1793/1559
f 1527/1794/1560 1529/1783/1549 1465/1766/1532
f 1525/1795/1561 1528/1788/1554 1471/1776/1542
f 1485/1782/1548 1947/1781/1547 1948/1796/1562
f 1473/1789/1555 1485/1782/1548 1486/1797/1563
f 1474/1777/1543 1486/1797/1563 1487/1798/1564
f 1486/1797/1563 1948/1796/1562 1827/1800/1566
f 1487/1798/1564 1827/1800/1566 1826/1801/1567
f 1488/1799/1565 1487/1798/1564 1489/1802/1568
f 1470/1769/1535 1469/1768/1534 1491/1804/1570
f 1469/1768/1534 1468/1767/1533 1493/1806/1572
f 1491/1804/1570 1493/1806/1572 1494/1807/1573
f 1492/1805/1571 1491/1804/1570 1495/1808/1574
f 1476/1779/1545 1475/1778/1544 1497/1810/1576
f 1475/1778/1544 1474/1777/1543 1488/1799/1565
f 1497/1810/1576 1488/1799/1565 1490/1803/1569
f 1498/1811/1577 1497/1810/1576 1499/1812/1578
f 1722/1785/1551 1478/1784/1550 1501/1814/1580
f 1478/1784/1550 1470/1769/1535 1492/1805/1571
f 1501/1814/1580 1492/1805/1571 1496/1809/1575
f 1719/1815/1581 1501/1814/1580 1502/1816/1582
f 1482/1791/1557 1481/1790/1556 1503/1818/1584
f 1481/1790/1556 1476/1779/1545 1498/1811/1577
f 1503/1818/1584 1498/1811/1577 1500/1813/1579
f 1504/1819/1585 1503/1818/1584 1505/1820/1586
f 1468/1767/1533 1484/1793/1559 1507/1822/1588
f 1484/1793/1559 1482/1791/1557 1504/1819/1585
f 1507/1822/1588 1504/1819/1585 1506/1821/1587
f 1493/1806/1572 1507/1822/1588 1508/1823/1589
f 1489/1802/1568 1826/1801/1567 1823/1824/1590
f 1509/1825/1591 1823/1824/1590 1822/1826/1592
f 1502/1816/1582 1496/1809/1575 1495/1808/1574
f 1508/1823/1589 1506/1821/1587 1505/1820/1586
f 1495/1808/1574 1494/1807/1573 1512/1830/1596
f 1511/1828/1594 1512/1830/1596 1513/1831/1597
f 1500/1813/1579 1499/1812/1578 1509/1825/1591
f 1515/1833/1599 1509/1825/1591 1510/1827/1593
f 1718/1817/1583 1502/1816/1582 1511/1828/1594
f 1717/1835/1601 1511/1828/1594 1514/1832/1598
f 1490/1803/1569 1489/1802/1568 1509/1825/1591
f 1505/1820/1586 1500/1813/1579 1515/1833/1599
f 1517/1829/1595 1515/1833/1599 1516/1834/1600
f 1494/1807/1573 1508/1823/1589 1517/1829/1595
f 1512/1830/1596 1517/1829/1595 1518/1837/1603
f 1456/1838/1513 1455/1840/1512 1519/1780/1546
f 1455/1840/1512 1310/2592/1511 1635/1841/1605
f 1452/1842/1507 1451/1843/1506 1521/1786/1552
f 1451/1843/1506 1448/1844/1498 1523/1792/1558
f 1448/1844/1498 1447/1845/1497 1524/1770/1536
f 1447/1845/1497 1446/1848/1496 1525/1795/1561
f 1928/1846/1526 1464/1847/1525 1526/1761/1527
f 1464/1847/1525 1460/1850/1520 1527/1794/1560
f 1446/1848/1496 1462/1849/1522 1528/1788/1554
f 1462/1849/1522 1456/1838/1513 1520/1839/1604
f 1460/1850/1520 1459/1851/1519 1529/1783/1549
f 1459/1851/1519 1452/1842/1507 1522/1773/1539
f 1535/1852/1606 1536/1875/1629 1537/1853/1607
f 1542/1855/1609 1545/1873/1627 1540/1856/1610
f 1634/1858/1612 1780/2373/2041 1551/1859/1613
f 1547/1861/1615 1548/1864/1618 1549/1862/1616
f 1550/1860/1614 1551/1859/1613 1548/1864/1618
f 1539/1857/1611 1540/1856/1610 1541/1865/1619
f 1531/1867/1621 1532/1876/1630 1533/1868/1622
f 1530/1869/1623 1533/1868/1622 1687/1870/1624
f 1543/1872/1626 1544/1874/1628 1545/1873/1627
f 1546/1863/1617 1549/1862/1616 1544/1874/1628
f 1538/1866/1620 1541/1865/1619 1536/1875/1629
f 1534/1854/1608 1537/1853/1607 1532/1876/1630
f 1687/1870/1624 1533/1868/1622 1552/1724/1490
f 1533/1868/1622 1532/1876/1630 1553/1723/1489
f 1532/1876/1630 1537/1853/1607 1554/1419/1210
f 1537/1853/1607 1536/1875/1629 1555/1725/1491
f 1536/1875/1629 1541/1865/1619 1556/1720/1486
f 1541/1865/1619 1540/1856/1610 1557/1719/1485
f 1540/1856/1610 1545/1873/1627 1558/1715/1481
f 1545/1873/1627 1544/1874/1628 1559/1721/1487
f 1544/1874/1628 1549/1862/1616 1560/1714/1480
f 1549/1862/1616 1548/1864/1618 1561/1718/1484
f 1548/1864/1618 1551/1859/1613 1562/1716/1482
f 1551/1859/1613 1780/2373/2041 1699/1877/1631
f 1291/1531/1322 1292/1545/1332 1276/1526/1317
f 1563/1878/1632 2043/1757/1523 1634/1879/1612
f 1564/1752/1518 1563/1878/1632 1550/1880/1614
f 1565/1735/1501 1564/1752/1518 1547/1881/1615
f 1566/1733/1499 1565/1735/1501 1546/1882/1617
f 1567/1726/1492 1566/1733/1499 1543/1883/1626
f 1568/1885/1633 1567/1726/1492 1542/1884/1609
f 1569/1755/1521 1568/1885/1633 1539/1886/1611
f 1570/1749/1515 1569/1755/1521 1538/1887/1620
f 1571/1742/1508 1570/1749/1515 1535/1888/1606
f 1572/1890/1634 1571/1742/1508 1534/1889/1608
f 1573/1737/1503 1572/1890/1634 1531/1891/1621
f 2044/1893/1635 1573/1737/1503 1530/1892/1623
f 1572/1890/1634 1573/1737/1503 1453/1739/1505
f 1231/1472/1263 1624/1471/1262 2056/1895/1636
f 1228/1473/1264 1231/1472/1263 1575/1896/1637
f 1575/1898/1637 2056/2593/1636 2059/1899/1639
f 1574/1897/1638 1575/1898/1637 1577/1900/1640
f 1577/1900/1640 2059/1899/1639 2062/1902/1642
f 1576/1901/1641 1577/1900/1640 1579/1903/1643
f 1579/1903/1643 2062/1902/1642 2065/1905/1645
f 1578/1904/1644 1579/1903/1643 1581/1906/1646
f 1229/1466/1257 1230/1465/1256 1580/1907/1647
f 1626/1467/1258 1229/1466/1257 1581/1906/1646
f 1227/1478/1269 1228/1473/1264 1574/1897/1638
f 1230/1465/1256 1254/1495/1286 1236/1491/1282
f 1236/1491/1282 1237/1490/1281 1584/1908/1648
f 1580/1907/1647 1236/1491/1282 1583/1909/1649
f 1576/1901/1641 1578/1904/1644 1589/1911/1651
f 1238/1485/1276 1245/1484/1275 1586/1913/1653
f 1245/1484/1275 1226/1479/1270 1582/1915/1655
f 1578/1904/1644 1580/1907/1647 1590/1910/1650
f 1237/1490/1281 1238/1485/1276 1585/1914/1654
f 1574/1897/1638 1576/1901/1641 1588/1912/1652
f 1226/1479/1270 1574/1897/1638 1587/1916/1656
f 1588/1917/1652 1589/1923/1651 1598/1918/1657
f 1583/1920/1649 1584/1925/1648 1593/1921/1659
f 1589/1923/1651 1590/1934/1650 1599/1924/1661
f 1584/1925/1648 1585/1933/1654 1594/1926/1662
f 1586/1927/1653 1582/1930/1655 1591/1928/1663
f 1582/1930/1655 1587/1932/1656 1596/1931/1665
f 1587/1932/1656 1588/1917/1652 1597/1919/1658
f 1585/1933/1654 1586/1927/1653 1595/1929/1664
f 1590/1934/1650 1583/1920/1649 1592/1922/1660
f 1520/1839/1604 1519/1780/1546 1485/1782/1548
f 1607/1936/1667 1610/1939/1670 1609/1937/1668
f 1608/1938/1669 1609/1937/1668 1774/1399/1190
f 1609/1937/1668 1611/1940/1671 1772/1400/1191
f 1610/1939/1670 1612/2001/1727 1611/1940/1671
f 1623/1403/1194 1778/2088/1799 1734/1941/1672
f 1768/1943/1674 1767/2082/1793 1749/1944/1675
f 1745/1946/1677 1769/1951/1682 1768/1943/1674
f 1806/1947/1678 1816/1958/1689 1819/1948/1679
f 1746/1950/1681 1770/2083/1794 1769/1951/1682
f 1633/1416/1207 1815/2147/1854 1812/1952/1683
f 2034/1954/1685 1890/2204/1908 1885/1955/1686
f 1808/1957/1688 1817/2234/1925 1816/1958/1689
f 1601/1959/1215 1602/1965/1217 1653/1960/1690
f 1652/1961/1691 1653/1960/1690 1655/1962/1692
f 1653/1960/1690 1657/1966/1695 1656/1964/1694
f 1602/1965/1217 1603/2034/1222 1657/1966/1695
f 1654/1963/1693 1655/1962/1692 1659/1967/1696
f 1658/1968/1697 1659/1967/1696 1661/1969/1698
f 1659/1967/1696 1663/1972/1701 1662/1971/1700
f 1655/1962/1692 1656/1964/1694 1663/1972/1701
f 1660/1970/1699 1661/1969/1698 1665/1973/1702
f 1664/1974/1703 1665/1973/1702 1667/1975/1704
f 1665/1973/1702 1669/1978/1707 1668/1977/1706
f 1661/1969/1698 1662/1971/1700 1669/1978/1707
f 1666/1976/1705 1667/1975/1704 1671/1979/1708
f 1670/1980/1709 1671/1979/1708 1673/1981/1710
f 1671/1979/1708 1675/1984/1713 1674/1983/1712
f 1667/1975/1704 1668/1977/1706 1675/1984/1713
f 1672/1982/1711 1673/1981/1710 1677/1985/1714
f 1676/1986/1715 1677/1985/1714 1679/1987/1716
f 1677/1985/1714 1680/1989/1718 1607/1936/1667
f 1673/1981/1710 1674/1983/1712 1680/1989/1718
f 1678/1988/1717 1679/1987/1716 1682/1990/1719
f 1681/1991/1720 1682/1990/1719 1605/1458/1249
f 1682/1990/1719 1608/1938/1669 1604/1459/1250
f 1679/1987/1716 1607/1936/1667 1608/1938/1669
f 1691/1993/1251 1625/1999/1253 1693/1994/1721
f 1692/1995/1722 1693/1994/1721 1695/1996/1723
f 1693/1994/1721 1688/2000/1726 1689/1998/1725
f 1625/1999/1253 1626/2414/1258 1688/2000/1726
f 1612/2001/1727 1701/2003/1729 1700/2002/1728
f 1611/1940/1671 1700/2002/1728 1620/1470/1261
f 1700/2002/1728 1690/2004/1730 1624/1471/1262
f 1701/2003/1729 1686/2008/1734 1690/2004/1730
f 1702/2005/1731 1705/2009/1735 1704/2006/1732
f 1703/2007/1733 1704/2006/1732 1701/2003/1729
f 1704/2006/1732 1684/2010/1736 1686/2008/1734
f 1705/2009/1735 1683/2014/1740 1684/2010/1736
f 1708/2011/1737 1711/2015/1741 1710/2012/1738
f 1709/2013/1739 1710/2012/1738 1705/2009/1735
f 1710/2012/1738 1706/2016/1742 1683/2014/1740
f 1711/2015/1741 1698/2020/1746 1706/2016/1742
f 1712/2017/1743 1715/2021/1747 1714/2018/1744
f 1713/2019/1745 1714/2018/1744 1711/2015/1741
f 1714/2018/1744 1697/2022/1748 1698/2020/1746
f 1715/2021/1747 1696/2025/1751 1697/2022/1748
f 1694/1997/1724 1695/1996/1723 1721/2023/1749
f 1720/2024/1750 1721/2023/1749 1715/2021/1747
f 1721/2023/1749 1716/2026/1752 1696/2025/1751
f 1695/1996/1723 1689/1998/1725 1716/2026/1752
f 1668/1977/1706 1724/2029/1755 1723/2027/1753
f 1675/1984/1713 1723/2027/1753 1725/2028/1754
f 1723/2027/1753 1709/2013/1739 1702/2005/1731
f 1724/2029/1755 1708/2011/1737 1709/2013/1739
f 1656/1964/1694 1728/2032/1758 1727/2030/1756
f 1663/1972/1701 1727/2030/1756 1729/2031/1757
f 1727/2030/1756 1720/2024/1750 1712/2017/1743
f 1728/2032/1758 1694/1997/1724 1720/2024/1750
f 1674/1983/1712 1725/2028/1754 1730/2033/1759
f 1680/1989/1718 1730/2033/1759 1610/1939/1670
f 1730/2033/1759 1703/2007/1733 1612/2001/1727
f 1725/2028/1754 1702/2005/1731 1703/2007/1733
f 1603/2034/1222 1726/2036/1295 1731/2035/1760
f 1657/1966/1695 1731/2035/1760 1728/2032/1758
f 1731/2035/1760 1692/1995/1722 1694/1997/1724
f 1726/2036/1295 1691/1993/1251 1692/1995/1722
f 1662/1971/1700 1729/2031/1757 1732/2037/1761
f 1669/1978/1707 1732/2037/1761 1724/2029/1755
f 1732/2037/1761 1713/2019/1745 1708/2011/1737
f 1729/2031/1757 1712/2017/1743 1713/2019/1745
f 1733/2038/1762 1736/2049/1773 1735/2039/1763
f 1734/1941/1672 1735/2039/1763 1613/1509/1300
f 1747/2040/1764 1748/2063/1787 1762/2041/1765
f 1763/2043/1767 1751/2064/1788 1752/2044/1768
f 1737/2046/1770 1740/2056/1780 1739/2047/1771
f 1738/2048/1772 1739/2047/1771 1736/2049/1773
f 1752/2044/1768 1754/2067/1790 1765/2050/1774
f 1627/1522/1313 1781/2128/1838 1829/2051/1775
f 1741/2053/1777 1744/2059/1783 1743/2054/1778
f 1742/2055/1779 1743/2054/1778 1740/2056/1780
f 1755/2057/1781 1735/2039/1763 1736/2049/1773
f 1744/2059/1783 1747/2040/1764 1761/2042/1766
f 1745/1946/1677 1748/2063/1787 1747/2040/1764
f 1746/1950/1681 1747/2040/1764 1744/2059/1783
f 1739/2047/1771 1740/2056/1780 1758/2061/1785
f 1748/2063/1787 1751/2064/1788 1763/2043/1767
f 1749/1944/1675 1752/2044/1768 1751/2064/1788
f 1750/1945/1676 1751/2064/1788 1748/2063/1787
f 1743/2054/1778 1744/2059/1783 1760/2060/1784
f 1736/2049/1773 1739/2047/1771 1757/2062/1786
f 1779/2066/1326 1615/2594/1327 1754/2067/1790
f 1753/2068/1791 1754/2067/1790 1752/2044/1768
f 1754/2067/1790 1615/2594/1327 1617/2069/1329
f 1613/1509/1300 1735/2039/1763 1755/2057/1781
f 1755/2057/1781 1681/2071/1720 1606/1539/1330
f 1756/2058/1782 1678/2072/1717 1681/2071/1720
f 1757/2062/1786 1676/2073/1715 1678/2072/1717
f 1758/2061/1785 1672/2074/1711 1676/2073/1715
f 1759/2065/1789 1670/2075/1709 1672/2074/1711
f 1760/2060/1784 1666/2076/1705 1670/2075/1709
f 1761/2042/1766 1664/2077/1703 1666/2076/1705
f 1762/2041/1765 1660/2078/1699 1664/2077/1703
f 1763/2043/1767 1658/2079/1697 1660/2078/1699
f 1764/2045/1769 1654/2080/1693 1658/2079/1697
f 1765/2050/1774 1652/2081/1691 1654/2080/1693
f 1617/2069/1329 1601/2595/1215 1652/2081/1691
f 1767/2082/1793 1766/2089/1800 1753/2068/1791
f 1741/2053/1777 1771/2084/1795 1770/2083/1794
f 1742/2055/1779 1773/2085/1796 1771/2084/1795
f 1737/2046/1770 1775/2154/1860 1773/2085/1796
f 1776/2086/1797 1775/2154/1860 1737/2046/1770
f 1777/2087/1798 1776/2086/1797 1738/2048/1772
f 1778/2088/1799 1777/2087/1798 1733/2038/1762
f 1766/2089/1800 1618/2596/1340 1779/2066/1326
f 1848/2090/1801 1783/2117/1828 1782/2091/1802
f 1843/2093/1804 1788/2116/1827 1787/2094/1805
f 1833/2096/1807 1785/2126/1836 1786/2097/1808
f 1789/2099/1810 1790/2107/1818 1838/2100/1811
f 1846/2102/1813 1785/2126/1836 1784/2103/1814
f 1841/2105/1816 1790/2107/1818 1789/2099/1810
f 1790/2107/1818 1791/2122/1832 1839/2108/1819
f 1784/2103/1814 1785/2126/1836 1833/2096/1807
f 1844/2095/1806 1787/2094/1805 1786/2097/1808
f 1900/2111/1822 1884/2197/1903 1887/2112/1823
f 1799/2114/1825 1797/2133/1842 1842/2106/1817
f 1834/2098/1809 1786/2097/1808 1787/2094/1805
f 1842/2106/1817 1789/2099/1810 1788/2116/1827
f 1847/2104/1815 1784/2103/1814 1783/2117/1828
f 1803/2118/1829 1801/2139/1848 1844/2095/1806
f 1788/2116/1827 1789/2099/1810 1837/2101/1812
f 1840/2120/1831 1791/2122/1832 1790/2107/1818
f 1638/2121/1371 1628/2145/1372 1791/2122/1832
f 1807/2123/1833 1805/2142/1851 1846/2102/1813
f 1813/2124/1834 1811/2138/1847 1849/2092/1803
f 1845/2110/1821 1786/2097/1808 1785/2126/1836
f 1850/2125/1835 1781/2128/1838 1627/1522/1313
f 1795/2127/1837 1793/2130/1839 1840/2120/1831
f 1849/2092/1803 1782/2091/1802 1781/2128/1838
f 1629/2129/1382 1630/2597/1383 1793/2130/1839
f 1792/2131/1840 1793/2130/1839 1795/2127/1837
f 1797/2133/1842 1795/2127/1837 1841/2105/1816
f 1782/2091/1802 1783/2117/1828 1831/2134/1843
f 1794/2132/1841 1795/2127/1837 1797/2133/1842
f 1796/2136/1845 1797/2133/1842 1799/2114/1825
f 1844/2095/1806 1801/2139/1848 1799/2114/1825
f 1811/2138/1847 1809/2143/1852 1848/2090/1801
f 1798/2137/1846 1799/2114/1825 1801/2139/1848
f 1800/2140/1849 1801/2139/1848 1803/2118/1829
f 1846/2102/1813 1805/2142/1851 1803/2118/1829
f 1781/2128/1838 1782/2091/1802 1830/2135/1844
f 1802/2141/1850 1803/2118/1829 1805/2142/1851
f 1804/1949/1680 1805/2142/1851 1807/2123/1833
f 1809/2143/1852 1807/2123/1833 1847/2104/1815
f 1783/2117/1828 1784/2103/1814 1832/2109/1820
f 1806/1947/1678 1807/2123/1833 1809/2143/1852
f 1808/1957/1688 1809/2143/1852 1811/2138/1847
f 1639/1616/1395 1631/1617/1396 1813/2124/1834
f 1839/2108/1819 1791/2122/1832 1628/2145/1372
f 1810/2144/1853 1811/2138/1847 1813/2124/1834
f 1812/1952/1683 1813/2124/1834 1631/1617/1396
f 1787/2094/1805 1788/2116/1827 1836/2119/1830
f 1793/2130/1839 1630/2597/1383 1638/2121/1371
f 1819/1948/1679 1818/2149/1856 1802/2141/1850
f 1815/2147/1854 1814/2152/1859 1810/2144/1853
f 1800/2140/1849 1821/2229/1920 1820/2148/1855
f 1818/2149/1856 1821/2229/1920 1800/2140/1849
f 1825/2150/1857 1824/2151/1858 1794/2132/1841
f 1798/2137/1846 1820/2148/1855 1825/2150/1857
f 1824/2151/1858 1828/2224/1915 1792/2131/1840
f 1814/2152/1859 1817/2234/1925 1808/1957/1688
f 1792/2131/1840 1828/2224/1915 1621/2153/1406
f 1829/2051/1775 1778/2088/1799 1623/1403/1194
f 1830/2135/1844 1777/2087/1798 1778/2088/1799
f 1831/2134/1843 1776/2086/1797 1777/2087/1798
f 1832/2109/1820 1775/2154/1860 1776/2086/1797
f 1833/2096/1807 1773/2085/1796 1775/2154/1860
f 1834/2098/1809 1771/2084/1795 1773/2085/1796
f 1835/2115/1826 1770/2083/1794 1771/2084/1795
f 1836/2119/1830 1769/1951/1682 1770/2083/1794
f 1837/2101/1812 1768/1943/1674 1769/1951/1682
f 1838/2100/1811 1767/2082/1793 1768/1943/1674
f 1839/2108/1819 1766/2089/1800 1767/2082/1793
f 1637/2146/1408 1618/2596/1340 1766/2089/1800
f 1888/2155/1861 1891/2185/1891 1903/2156/1862
f 1859/2158/1864 1856/2208/1911 1857/2159/1865
f 1864/2161/1867 1863/2164/1870 1866/2162/1868
f 1863/2164/1870 1860/2195/1901 1861/2165/1871
f 1868/2166/1872 1867/2169/1875 1870/2167/1873
f 1867/2169/1875 1864/2161/1867 1865/2163/1869
f 1887/2112/1823 1888/2155/1861 1902/2157/1863
f 1871/2170/1876 1868/2166/1872 1869/2168/1874
f 1875/2172/1878 1876/2190/1896 1896/2173/1879
f 1883/2175/1881 1884/2197/1903 1900/2111/1822
f 1897/2177/1883 1879/2188/1894 1880/2178/1884
f 1855/2180/1886 1852/2205/1909 1853/2181/1887
f 1873/2183/1889 1876/2190/1896 1875/2172/1878
f 1874/2184/1890 1875/2172/1878 1644/1660/1439
f 1642/1661/1440 1643/1662/1441 1871/2170/1876
f 1891/2185/1891 1892/2191/1897 1904/2186/1892
f 1877/2187/1893 1880/2178/1884 1879/2188/1894
f 1878/2189/1895 1879/2188/1894 1876/2190/1896
f 1892/2191/1897 1894/2198/1904 1905/2192/1898
f 1880/2178/1884 1883/2175/1881 1899/2176/1882
f 1881/2193/1899 1884/2197/1903 1883/2175/1881
f 1882/2194/1900 1883/2175/1881 1880/2178/1884
f 1860/2195/1901 1859/2158/1864 1862/2160/1866
f 1885/1955/1686 1888/2155/1861 1887/2112/1823
f 1886/2196/1902 1887/2112/1823 1884/2197/1903
f 1894/2198/1904 1647/2598/1454 1649/2199/1453
f 1851/2200/1905 1640/2599/1457 1641/2201/1456
f 1889/2203/1907 1892/2191/1897 1891/2185/1891
f 1890/2204/1908 1891/2185/1891 1888/2155/1861
f 1852/2205/1909 1851/2200/1905 1854/2202/1906
f 1876/2190/1896 1879/2188/1894 1897/2177/1883
f 1646/2206/1460 1647/2598/1454 1894/2198/1904
f 1893/2207/1910 1894/2198/1904 1892/2191/1897
f 1856/2208/1911 1855/2180/1886 1858/2182/1888
f 1644/1660/1439 1875/2172/1878 1895/2174/1880
f 1895/2174/1880 1871/2210/1876 1643/1685/1441
f 1896/2173/1879 1868/2211/1872 1871/2210/1876
f 1897/2177/1883 1867/2212/1875 1868/2211/1872
f 1898/2179/1885 1864/2213/1867 1867/2212/1875
f 1899/2176/1882 1863/2214/1870 1864/2213/1867
f 1900/2111/1822 1860/2215/1901 1863/2214/1870
f 1901/2113/1824 1859/2216/1864 1860/2215/1901
f 1902/2157/1863 1856/2217/1911 1859/2216/1864
f 1903/2156/1862 1855/2218/1886 1856/2217/1911
f 1904/2186/1892 1852/2219/1909 1855/2218/1886
f 1905/2192/1898 1851/2220/1905 1852/2219/1909
f 1649/2199/1453 1640/2600/1457 1851/2220/1905
f 1641/2201/1456 1650/2223/1467 1906/2221/1913
f 1854/2202/1906 1906/2221/1913 1907/2222/1914
f 1906/2221/1913 1828/2224/1915 1824/2151/1858
f 1650/2223/1467 1621/2153/1406 1828/2224/1915
f 1853/2181/1887 1907/2222/1914 1908/2225/1916
f 1858/2182/1888 1908/2225/1916 1909/2226/1917
f 1908/2225/1916 1825/2150/1857 1820/2148/1855
f 1907/2222/1914 1824/2151/1858 1825/2150/1857
f 1857/2159/1865 1909/2226/1917 1910/2227/1918
f 1862/2160/1866 1910/2227/1918 1911/2228/1919
f 1910/2227/1918 1821/2229/1920 1818/2149/1856
f 1909/2226/1917 1820/2148/1855 1821/2229/1920
f 1861/2165/1871 1911/2228/1919 1912/2230/1921
f 1866/2162/1868 1912/2230/1921 1913/2231/1922
f 1912/2230/1921 1819/1948/1679 1816/1958/1689
f 1911/2228/1919 1818/2149/1856 1819/1948/1679
f 1865/2163/1869 1913/2231/1922 1914/2232/1923
f 1870/2167/1873 1914/2232/1923 1915/2233/1924
f 1914/2232/1923 1817/2234/1925 1814/2152/1859
f 1913/2231/1922 1816/1958/1689 1817/2234/1925
f 1869/2168/1874 1915/2233/1924 1916/2235/1926
f 1872/2171/1877 1916/2235/1926 1651/1713/1479
f 1916/2235/1926 1815/2147/1854 1633/1416/1207
f 1915/2233/1924 1814/2152/1859 1815/2147/1854
f 2040/2236/1927 1878/2189/1895 1873/2183/1889
f 2038/2238/1929 1882/2194/1900 1877/2187/1893
f 2042/2240/1931 1874/2184/1890 1645/1717/1483
f 2041/2237/1928 1873/2183/1889 1874/2184/1890
f 2037/2241/1932 1881/2193/1899 1882/2194/1900
f 2036/2242/1933 1886/2196/1902 1881/2193/1899
f 2039/2239/1930 1877/2187/1893 1878/2189/1895
f 1685/2243/1488 1646/2206/1460 1893/2207/1910
f 2033/2245/1935 1889/2203/1907 1890/2204/1908
f 2032/2244/1934 1893/2207/1910 1889/2203/1907
f 2035/1956/1687 1885/1955/1686 1886/2196/1902
f 2049/2246/1936 1923/2254/1944 1918/2247/1937
f 1917/2249/1939 1921/2252/1942 1920/2250/1940
f 1918/2247/1937 1922/2260/1948 1921/2252/1942
f 2048/2253/1943 1924/2256/1946 1923/2254/1944
f 2047/2255/1945 1933/2274/1961 1924/2256/1946
f 2055/2257/1947 1929/2265/1953 1622/2258/1504
f 1923/2254/1944 1925/2261/1949 1922/2260/1948
f 1924/2256/1946 1926/2275/1962 1925/2261/1949
f 2053/2262/1950 1937/2277/1964 1930/2263/1951
f 1929/2265/1953 1931/2267/1954 1310/2266/1511
f 1930/2263/1951 1932/2278/1965 1931/2267/1954
f 1934/2268/1955 1933/2274/1961 2047/2255/1945
f 1917/2249/1939 1919/2251/1941 2052/2270/1957
f 1939/2272/1959 1934/2268/1955 2046/2269/1956
f 1933/2274/1961 1935/2276/1963 1926/2275/1962
f 1934/2268/1955 1936/2280/1967 1935/2276/1963
f 1918/2247/1937 1917/2249/1939 2051/2271/1958
f 1937/2277/1964 1938/2279/1966 1932/2278/1965
f 1919/2251/1941 1920/2250/1940 1938/2279/1966
f 2043/1757/1523 1927/1758/1524 1939/2272/1959
f 2052/2270/1957 1919/2251/1941 1937/2277/1964
f 1939/2272/1959 1940/2281/1968 1936/2280/1967
f 1927/1758/1524 1928/1760/1526 1940/2281/1968
f 2005/2282/1969 1955/2285/1972 1942/2283/1970
f 2002/1764/1530 1619/1765/1531 1955/2285/1972
f 1941/2286/1973 1945/2289/1976 1944/2287/1974
f 1942/2283/1970 1946/2304/1989 1945/2289/1976
f 2003/2290/1977 1957/2310/1995 1950/2291/1978
f 2000/2293/1980 1943/2288/1975 1961/2294/1981
f 1949/2296/1983 1953/2299/1986 1952/2297/1984
f 1950/2291/1978 1954/2311/1996 1953/2299/1986
f 1997/2300/1987 1963/2315/2000 1947/2301/1547
f 2008/2303/1988 1941/2286/1973 1943/2288/1975
f 1955/2285/1972 1956/2305/1990 1946/2304/1989
f 1619/1765/1531 1722/1785/1551 1956/2305/1990
f 1999/2295/1982 1961/2294/1981 1958/2306/1991
f 2007/2308/1993 1949/2296/1983 1951/2298/1985
f 1957/2310/1995 1959/2312/1997 1954/2311/1996
f 1958/2306/1991 1960/2313/1998 1959/2312/1997
f 2001/2307/1992 1958/2306/1991 1957/2310/1995
f 1961/2294/1981 1962/2314/1999 1960/2313/1998
f 1943/2288/1975 1944/2287/1974 1962/2314/1999
f 2006/2284/1971 1942/2283/1970 1941/2286/1973
f 2004/2292/1979 1950/2291/1978 1949/2296/1983
f 1963/2315/2000 1964/2317/2001 1948/2316/1562
f 1951/2298/1985 1952/2297/1984 1964/2317/2001
f 1952/2297/1984 1966/2321/2003 1965/2318/2002
f 1964/2317/2001 1965/2318/2002 1827/2319/1566
f 1965/2318/2002 1967/2322/2004 1826/2320/1567
f 1966/2321/2003 1968/2329/2011 1967/2322/2004
f 1946/2304/1989 1970/2326/2008 1969/2323/2005
f 1945/2289/1976 1969/2323/2005 1971/2324/2006
f 1969/2323/2005 1973/2327/2009 1972/2325/2007
f 1970/2326/2008 1974/2333/2015 1973/2327/2009
f 1954/2311/1996 1976/2330/2012 1975/2328/2010
f 1953/2299/1986 1975/2328/2010 1966/2321/2003
f 1975/2328/2010 1977/2331/2013 1968/2329/2011
f 1976/2330/2012 1978/2336/2018 1977/2331/2013
f 1722/1785/1551 1719/1815/1581 1979/2332/2014
f 1956/2305/1990 1979/2332/2014 1970/2326/2008
f 1979/2332/2014 1980/2334/2016 1974/2333/2015
f 1719/1815/1581 1718/1817/1583 1980/2334/2016
f 1960/2313/1998 1982/2337/2019 1981/2335/2017
f 1959/2312/1997 1981/2335/2017 1976/2330/2012
f 1981/2335/2017 1983/2338/2020 1978/2336/2018
f 1982/2337/2019 1984/2340/2022 1983/2338/2020
f 1944/2287/1974 1971/2324/2006 1985/2339/2021
f 1962/2314/1999 1985/2339/2021 1982/2337/2019
f 1985/2339/2021 1986/2341/2023 1984/2340/2022
f 1971/2324/2006 1972/2325/2007 1986/2341/2023
f 1967/2322/2004 1987/2343/2024 1823/2342/1590
f 1987/2343/2024 1988/2349/2029 1822/2344/1592
f 1980/2334/2016 1989/2346/2026 1973/2327/2009
f 1986/2341/2023 1995/2351/2031 1983/2338/2020
f 1973/2327/2009 1989/2346/2026 1990/2345/2025
f 1989/2346/2026 1992/2350/2030 1991/2347/2027
f 1978/2336/2018 1993/2348/2028 1987/2343/2024
f 1993/2348/2028 1994/2352/2032 1988/2349/2029
f 1718/1817/1583 1717/1835/1601 1989/2346/2026
f 1717/1835/1601 1707/1836/1602 1992/2350/2030
f 1968/2329/2011 1977/2331/2013 1987/2343/2024
f 1983/2338/2020 1995/2351/2031 1993/2348/2028
f 1995/2351/2031 1996/2353/2033 1994/2352/2032
f 1972/2325/2007 1990/2345/2025 1995/2351/2031
f 1990/2345/2025 1991/2347/2027 1996/2353/2033
f 1932/2354/1965 1998/2309/1994 1997/2300/1987
f 1931/2355/1954 1997/2300/1987 1635/2302/1605
f 1926/2357/1962 2000/2293/1980 1999/2295/1982
f 1925/2358/1949 1999/2295/1982 2001/2307/1992
f 1922/2359/1948 2001/2307/1992 2003/2290/1977
f 1921/2360/1942 2003/2290/1977 2004/2292/1979
f 1928/1846/1526 2002/1764/1530 2005/2282/1969
f 1940/2362/1968 2005/2282/1969 2006/2284/1971
f 1920/2361/1940 2004/2292/1979 2007/2308/1993
f 1938/2364/1966 2007/2308/1993 1998/2309/1994
f 1936/2363/1967 2006/2284/1971 2008/2303/1988
f 1935/2365/1963 2008/2303/1988 2000/2293/1980
f 2015/2366/2034 2014/2389/2056 2017/2367/2035
f 2022/2369/2037 2019/2378/2046 2020/2370/2038
f 1634/1858/1612 2030/2377/2045 2031/2372/2040
f 2027/2374/2042 2026/2387/2054 2029/2375/2043
f 2030/2377/2045 2027/2374/2042 2028/2376/2044
f 2019/2378/2046 2018/2388/2055 2021/2379/2047
f 2011/2380/2048 2010/2383/2051 2013/2381/2049
f 2010/2383/2051 2009/2601/1625 1687/2384/1624
f 2023/2385/2052 2022/2369/2037 2025/2371/2039
f 2026/2387/2054 2023/2385/2052 2024/2386/2053
f 2018/2388/2055 2015/2366/2034 2016/2368/2036
f 2014/2389/2056 2011/2380/2048 2012/2382/2050
f 1687/2384/1624 1685/2243/1488 2032/2244/1934
f 2013/2381/2049 2032/2244/1934 2033/2245/1935
f 2012/2382/2050 2033/2245/1935 2034/1954/1685
f 2017/2367/2035 2034/1954/1685 2035/1956/1687
f 2016/2368/2036 2035/1956/1687 2036/2242/1933
f 2021/2379/2047 2036/2242/1933 2037/2241/1932
f 2020/2370/2038 2037/2241/1932 2038/2238/1929
f 2025/2371/2039 2038/2238/1929 2039/2239/1930
f 2024/2386/2053 2039/2239/1930 2040/2236/1927
f 2029/2375/2043 2040/2236/1927 2041/2237/1928
f 2028/2376/2044 2041/2237/1928 2042/2240/1931
f 2031/2372/2040 2042/2240/1931 1699/1877/1631
f 1758/2061/1785 1740/2056/1780 1743/2054/1778
f 2045/2273/1960 2030/2390/2045 1634/1879/1612
f 2046/2269/1956 2027/2391/2042 2030/2390/2045
f 2047/2255/1945 2026/2392/2054 2027/2391/2042
f 2048/2253/1943 2023/2393/2052 2026/2392/2054
f 2049/2246/1936 2022/2394/2037 2023/2393/2052
f 2050/2248/1938 2019/2395/2046 2022/2394/2037
f 2051/2271/1958 2018/2396/2055 2019/2395/2046
f 2052/2270/1957 2015/2397/2034 2018/2396/2055
f 2053/2262/1950 2014/2398/2056 2015/2397/2034
f 2054/2264/1952 2011/2399/2048 2014/2398/2056
f 2055/2257/1947 2010/2400/2051 2011/2399/2048
f 2044/2259/1635 2009/2602/1625 2010/2400/2051
f 2054/2264/1952 1930/2263/1951 1929/2265/1953
f 1690/2004/1730 2058/2401/2057 2056/1895/1636
f 1686/2008/1734 2057/2405/2058 2058/2401/2057
f 2058/2402/2057 2061/2406/2059 2059/2403/1639
f 2057/2405/2058 2060/2408/2060 2061/2406/2059
f 2061/2406/2059 2064/2409/2061 2062/2407/1642
f 2060/2408/2060 2063/2411/2062 2064/2409/2061
f 2064/2409/2061 2067/2412/2063 2065/2410/1645
f 2063/2411/2062 2066/2413/2064 2067/2412/2063
f 1688/2000/1726 2067/2412/2063 2066/2413/2064
f 1626/2414/1258 2065/2410/1645 2067/2412/2063
f 1684/2010/1736 1683/2014/1740 2057/2405/2058
f 1689/1998/1725 2066/2413/2064 1696/2025/1751
f 1696/2025/1751 2069/2416/2066 2070/2415/2065
f 2066/2413/2064 2076/2420/2070 2069/2416/2066
f 2060/2408/2060 2074/2422/2072 2075/2417/2067
f 1698/2020/1746 2071/2421/2071 2072/2418/2068
f 1706/2016/1742 2072/2418/2068 2068/2419/2069
f 2063/2411/2062 2075/2417/2067 2076/2420/2070
f 1697/2022/1748 2070/2415/2065 2071/2421/2071
f 2057/2405/2058 2073/2423/2073 2074/2422/2072
f 1683/2014/1740 2068/2419/2069 2073/2423/2073
f 2074/2424/2072 2083/2439/2080 2084/2425/2074
f 2069/2427/2066 2078/2441/2082 2079/2428/2075
f 2075/2426/2067 2084/2425/2074 2085/2430/2076
f 2070/2429/2065 2079/2428/2075 2080/2432/2077
f 2072/2434/2068 2081/2440/2081 2077/2435/2078
f 2068/2436/2069 2077/2435/2078 2082/2437/2079
f 2073/2438/2073 2082/2437/2079 2083/2439/2080
f 2071/2433/2071 2080/2432/2077 2081/2440/2081
f 2076/2431/2070 2085/2430/2076 2078/2441/2082
f 1998/2309/1994 1951/2298/1985 1963/2315/2000
f 2089/2443/2084 2091/2449/2090 2163/2444/2085
f 2162/2446/2087 2188/2445/2086 2090/2447/2088
f 2091/2449/2090 2093/2473/2093 2189/2450/2091
f 2188/2445/2086 2163/2444/2085 2092/2451/2092
f 2093/2452/2093 2095/2456/2096 2164/2453/2094
f 2163/2444/2085 2189/2450/2091 2094/2455/2095
f 2095/2456/2096 2097/2461/2100 2190/2457/2097
f 2189/2454/2091 2164/2453/2094 2096/2458/2098
f 2088/2460/2099 2162/2446/2087 2190/2457/2097
f 2164/2453/2094 2190/2457/2097 2098/2462/2101
f 2099/2463/2102 2100/2466/2105 2191/2464/2103
f 2190/2457/2097 2162/2446/2087 2087/2448/2089
f 2100/2466/2105 2101/2468/2107 2165/2467/2106
f 2177/2465/2104 2191/2464/2103 2089/2443/2084
f 2101/2468/2107 2102/2487/2109 2174/2469/2108
f 2191/2464/2103 2165/2467/2106 2091/2449/2090
f 2102/2470/2109 2103/2474/2111 2166/2471/2110
f 2165/2467/2106 2174/2469/2108 2093/2473/2093
f 2103/2474/2111 2104/2476/2113 2192/2475/2112
f 2174/2472/2108 2166/2471/2110 2095/2456/2096
f 2099/2463/2102 2177/2465/2104 2192/2475/2112
f 2166/2471/2110 2192/2475/2112 2097/2461/2100
f 2105/2477/2114 2106/2480/2117 2178/2478/2115
f 2192/2475/2112 2177/2465/2104 2088/2460/2099
f 2106/2480/2117 2107/2482/2119 2193/2481/2118
f 2167/2479/2116 2178/2478/2115 2100/2466/2105
f 2107/2482/2119 2108/2501/2121 2153/2483/2120
f 2178/2478/2115 2193/2481/2118 2101/2468/2107
f 2108/2484/2121 2109/2488/2123 2168/2485/2122
f 2193/2481/2118 2153/2483/2120 2102/2487/2109
f 2109/2488/2123 2110/2490/2125 2179/2489/2124
f 2153/2486/2120 2168/2485/2122 2103/2474/2111
f 2105/2477/2114 2167/2479/2116 2179/2489/2124
f 2168/2485/2122 2179/2489/2124 2104/2476/2113
f 2111/2491/2126 2112/2494/2129 2154/2492/2127
f 2179/2489/2124 2167/2479/2116 2099/2463/2102
f 2112/2494/2129 2113/2496/2131 2169/2495/2130
f 2194/2493/2128 2154/2492/2127 2106/2480/2117
f 2113/2496/2131 2114/2515/2133 2180/2497/2132
f 2154/2492/2127 2169/2495/2130 2107/2482/2119
f 2114/2498/2133 2115/2502/2135 2195/2499/2134
f 2169/2495/2130 2180/2497/2132 2108/2501/2121
f 2115/2502/2135 2116/2504/2137 2155/2503/2136
f 2180/2500/2132 2195/2499/2134 2109/2488/2123
f 2111/2491/2126 2194/2493/2128 2155/2503/2136
f 2195/2499/2134 2155/2503/2136 2110/2490/2125
f 2117/2505/2138 2118/2508/2141 2181/2506/2139
f 2155/2503/2136 2194/2493/2128 2105/2477/2114
f 2118/2508/2141 2119/2510/2143 2196/2509/2142
f 2170/2507/2140 2181/2506/2139 2112/2494/2129
f 2119/2510/2143 2120/2529/2145 2156/2511/2144
f 2181/2506/2139 2196/2509/2142 2113/2496/2131
f 2120/2512/2145 2121/2516/2147 2171/2513/2146
f 2196/2509/2142 2156/2511/2144 2114/2515/2133
f 2121/2516/2147 2122/2518/2149 2182/2517/2148
f 2156/2514/2144 2171/2513/2146 2115/2502/2135
f 2117/2505/2138 2170/2507/2140 2182/2517/2148
f 2171/2513/2146 2182/2517/2148 2116/2504/2137
f 2123/2519/2150 2124/2522/2153 2157/2520/2151
f 2182/2517/2148 2170/2507/2140 2111/2491/2126
f 2124/2522/2153 2125/2524/2155 2172/2523/2154
f 2197/2521/2152 2157/2520/2151 2118/2508/2141
f 2125/2524/2155 2126/2543/2157 2183/2525/2156
f 2157/2520/2151 2172/2523/2154 2119/2510/2143
f 2126/2526/2157 2127/2530/2159 2198/2527/2158
f 2172/2523/2154 2183/2525/2156 2120/2529/2145
f 2127/2530/2159 2128/2532/2161 2158/2531/2160
f 2183/2528/2156 2198/2527/2158 2121/2516/2147
f 2123/2519/2150 2197/2521/2152 2158/2531/2160
f 2198/2527/2158 2158/2531/2160 2122/2518/2149
f 2129/2533/2162 2130/2536/2165 2184/2534/2163
f 2158/2531/2160 2197/2521/2152 2117/2505/2138
f 2130/2536/2165 2131/2538/2167 2199/2537/2166
f 2173/2535/2164 2184/2534/2163 2124/2522/2153
f 2131/2538/2167 2132/2549/2169 2159/2539/2168
f 2184/2534/2163 2199/2537/2166 2125/2524/2155
f 2132/2540/2169 2133/2544/2171 2175/2541/2170
f 2199/2537/2166 2159/2539/2168 2126/2543/2157
f 2133/2544/2171 2134/2546/2173 2185/2545/2172
f 2159/2542/2168 2175/2541/2170 2127/2530/2159
f 2129/2533/2162 2173/2535/2164 2185/2545/2172
f 2175/2541/2170 2185/2545/2172 2128/2532/2161
f 2135/2547/2174 2136/2574/2197 2130/2536/2165
f 2185/2545/2172 2173/2535/2164 2123/2519/2150
f 2137/2548/2175 2138/2603/2176 2132/2549/2169
f 2138/2550/2176 2139/2551/2177 2133/2544/2171
f 2139/2551/2177 2140/2552/2178 2134/2546/2173
f 2135/2547/2174 2129/2533/2162 2134/2546/2173
f 2142/2553/2179 2143/2556/2182 2144/2554/2180
f 2143/2556/2182 2145/2558/2184 2146/2557/2183
f 2145/2558/2184 2147/2572/2186 2148/2559/2185
f 2147/2560/2186 2149/2563/2188 2150/2561/2187
f 2149/2563/2188 2151/2565/2190 2152/2564/2189
f 2142/2553/2179 2141/2555/2181 2152/2564/2189
f 2087/2448/2089 2090/2447/2088 2161/2566/2191
f 2088/2460/2099 2089/2443/2084 2188/2445/2086
f 2090/2447/2088 2092/2451/2092 2186/2568/2193
f 2176/2567/2192 2161/2566/2191 2143/2556/2182
f 2092/2451/2092 2094/2455/2095 2160/2569/2194
f 2161/2566/2191 2186/2568/2193 2145/2558/2184
f 2094/2459/2095 2096/2458/2098 2187/2570/2195
f 2186/2568/2193 2160/2569/2194 2147/2572/2186
f 2096/2458/2098 2098/2462/2101 2200/2573/2196
f 2160/2571/2194 2187/2570/2195 2149/2563/2188
f 2087/2448/2089 2176/2567/2192 2200/2573/2196
f 2187/2570/2195 2200/2573/2196 2151/2565/2190
f 2200/2573/2196 2176/2567/2192 2142/2553/2179
f 2136/2574/2197 2137/2548/2175 2131/2538/2167
