# Blender 5.1.0
# www.blender.org
mtllib planter_box.mtl
o planter_box_01
v 0.174856 -0.252623 0.393977
v 0.172642 -0.353418 0.393204
v 0.170350 -0.391783 0.389164
v 0.176958 -0.354837 0.403952
v 0.175233 -0.395001 0.402991
v 0.178504 -0.253433 0.403373
v 0.175993 -0.089847 0.384013
v 0.175758 -0.007252 0.386496
v 0.169160 -0.082625 0.399625
v 0.175054 -0.116435 0.386104
v 0.170395 -0.104792 0.403624
v 0.176054 0.059881 0.384599
v 0.174966 -0.045231 0.384133
v 0.176192 -0.007854 0.404562
v 0.175460 0.059479 0.404601
v 0.170340 -0.045835 0.402947
v 0.176596 0.184356 0.388214
v 0.176237 0.140336 0.384217
v 0.168568 0.181966 0.402204
v 0.170658 0.140084 0.404387
v 0.178038 0.198174 0.388410
v 0.167925 0.194778 0.399520
v 0.176846 0.241956 0.387267
v 0.169175 0.229495 0.403009
v 0.175640 0.309570 0.387152
v 0.176671 0.336893 0.387448
v 0.174452 0.321212 0.404540
v 0.176568 0.347221 0.404344
v 0.177525 0.212592 0.384849
v 0.168593 0.209968 0.399490
v 0.175641 -0.183681 0.389749
v 0.174892 -0.178190 0.405106
v 0.175366 0.387137 0.389626
v 0.177172 0.358208 0.389101
v 0.178680 0.365442 0.403958
v 0.178396 0.387092 0.403657
v 0.175294 0.279469 0.389610
v 0.171761 0.275371 0.404050
v 0.170674 -0.372855 0.391892
v 0.177810 -0.374861 0.402906
v 0.178809 0.380387 0.403630
v 0.175638 0.372591 0.389626
v 0.170029 0.395609 0.390132
v 0.175059 0.395579 0.403992
v -0.173668 -0.383410 0.386404
v -0.172280 -0.392970 0.386777
v -0.175930 -0.347680 0.388031
v -0.172666 -0.375686 0.386396
v -0.175664 -0.279214 0.388419
v -0.175558 -0.162987 0.386832
v -0.176014 -0.078164 0.384656
v -0.175708 -0.105789 0.386698
v -0.174988 -0.146979 0.386192
v -0.178154 -0.384590 0.403286
v -0.174861 -0.395576 0.403283
v -0.176076 -0.351403 0.404548
v -0.178389 -0.373517 0.403346
v -0.175703 -0.281359 0.404644
v -0.166899 -0.153915 0.401459
v -0.167164 -0.100038 0.401641
v -0.167549 -0.114604 0.398343
v -0.167653 -0.135048 0.398309
v -0.175628 -0.231492 0.388238
v -0.174761 -0.225098 0.404807
v -0.175928 -0.193220 0.387735
v -0.170060 -0.188624 0.404668
v -0.166325 -0.018764 0.403756
v -0.172333 -0.007045 0.387518
v -0.176405 0.181569 0.384558
v -0.175655 0.140364 0.386738
v -0.178368 0.134303 0.403877
v -0.174003 0.074999 0.404450
v -0.175881 0.076168 0.384482
v -0.174409 0.246549 0.385479
v -0.173428 0.223601 0.385399
v -0.172502 0.264055 0.384604
v -0.174468 0.208781 0.384507
v -0.171516 0.172018 0.405060
v -0.168388 0.244794 0.399030
v -0.167751 0.224962 0.398693
v -0.169913 0.260432 0.402811
v -0.166970 0.205713 0.401683
v -0.177590 0.110349 0.404146
v -0.175523 0.111403 0.385270
v -0.176033 0.194874 0.384370
v -0.168975 0.189834 0.403866
v -0.172883 0.292199 0.405719
v -0.172635 0.292802 0.389414
v -0.175595 0.345922 0.404946
v -0.172275 0.346717 0.388186
v -0.177889 0.370735 0.402891
v -0.169786 0.373209 0.388917
v -0.174995 0.395104 0.402638
v -0.167295 0.391875 0.388190
v -0.174146 0.035061 0.384953
v -0.169071 0.026120 0.404202
v -0.154542 0.396335 0.400973
v -0.154961 0.396849 0.386069
v -0.145763 0.404141 0.399851
v -0.146951 0.404050 0.385589
v -0.146627 0.413327 0.403543
v -0.144246 0.416058 0.385156
v -0.148527 0.398844 0.385849
v -0.148340 0.399846 0.399592
v 0.145569 0.426702 0.403567
v 0.141902 0.423133 0.384797
v 0.147428 0.407097 0.402556
v 0.146398 0.405240 0.387159
v 0.164788 0.395779 0.404264
v 0.155160 0.396370 0.387200
v 0.149292 0.399327 0.387827
v 0.149863 0.400347 0.402234
v 0.176023 0.162334 0.386259
v 0.169784 0.161007 0.403731
v -0.145399 -0.426460 0.403351
v -0.145866 -0.417321 0.388654
v -0.146896 -0.407474 0.403336
v -0.145554 -0.404298 0.386042
v -0.155163 -0.396662 0.404100
v -0.154612 -0.395725 0.385548
v -0.148654 -0.398077 0.385839
v -0.148805 -0.399425 0.402891
v 0.155501 -0.397009 0.401898
v 0.154042 -0.397214 0.388610
v 0.146831 -0.405612 0.401217
v 0.146901 -0.404551 0.387643
v 0.145482 -0.426293 0.402388
v 0.143083 -0.417607 0.387462
v 0.149162 -0.399860 0.387950
v 0.149673 -0.400611 0.401078
v -0.107362 0.420970 0.390694
v -0.115601 0.428605 0.402896
v -0.134474 0.419211 0.390976
v -0.143999 0.426996 0.402803
v -0.125236 0.419135 0.389249
v -0.130870 0.428818 0.402476
v 0.115708 0.423834 0.387656
v 0.116130 0.429410 0.402487
v -0.139890 0.418352 0.385392
v -0.146819 0.421858 0.403532
v 0.031245 0.423530 0.389112
v -0.029783 0.422855 0.391500
v 0.018594 0.426513 0.404802
v -0.031004 0.426336 0.404942
v 0.010154 0.423123 0.389763
v -0.011154 0.423071 0.390503
v 0.004972 0.428799 0.403197
v -0.013904 0.428826 0.403110
v -0.067921 0.422945 0.391423
v -0.069858 0.426323 0.405833
v -0.090901 0.422218 0.391938
v -0.099492 0.426185 0.404968
v 0.062489 0.423782 0.386642
v 0.059211 0.426324 0.405412
v 0.115506 -0.428438 0.402714
v 0.109939 -0.420817 0.395278
v 0.004472 -0.425855 0.404697
v 0.004042 -0.424542 0.398322
v -0.015259 -0.421447 0.402714
v -0.014952 -0.427858 0.390968
v -0.034719 -0.424464 0.404764
v -0.037045 -0.427079 0.392037
v -0.044099 -0.421250 0.404337
v -0.045410 -0.425584 0.394521
v -0.064220 -0.423809 0.405134
v -0.073324 -0.425156 0.395168
v -0.104285 -0.426773 0.403988
v -0.103540 -0.424809 0.396008
v -0.119105 -0.429671 0.403349
v -0.122474 -0.425455 0.390323
v 0.134189 -0.418948 0.391070
v 0.130883 -0.428875 0.402460
v 0.096680 -0.421162 0.394632
v 0.100070 -0.425875 0.404611
v -0.054894 -0.424439 0.393462
v -0.053781 -0.421268 0.404973
v -0.026713 -0.428428 0.392309
v -0.025459 -0.423517 0.404145
v 0.049996 -0.422489 0.395782
v 0.056478 -0.425941 0.405792
v 0.170982 -0.252578 0.394897
v 0.168843 -0.353298 0.394438
v 0.163594 -0.227928 0.317997
v 0.163104 -0.258693 0.293051
v 0.162380 -0.389943 0.376933
v 0.152410 -0.297892 0.264059
v 0.164945 -0.389036 0.338833
v 0.160805 -0.318344 0.230000
v 0.174596 -0.354854 0.405353
v 0.173716 -0.394018 0.404286
v 0.176057 -0.253494 0.404466
v 0.159851 -0.111028 0.253083
v 0.153955 -0.131384 0.181979
v 0.148551 -0.174901 0.164006
v 0.152533 -0.241464 0.123620
v 0.146113 -0.140038 0.114945
v 0.149539 -0.191324 0.110213
v 0.153329 -0.092350 0.175411
v 0.165009 -0.337289 0.118433
v 0.153187 -0.193598 0.063731
v 0.169519 -0.345667 0.197792
v 0.159534 -0.390031 0.298458
v 0.171994 -0.089824 0.383708
v 0.159852 -0.009733 0.241940
v 0.171760 -0.007155 0.386670
v 0.165848 -0.082685 0.398148
v 0.149695 -0.230744 0.210494
v 0.156767 -0.277580 0.174278
v 0.159267 -0.192410 0.235081
v 0.160774 -0.162526 0.281688
v 0.157603 -0.283748 0.116719
v 0.171046 -0.116495 0.386021
v 0.167967 -0.104906 0.402675
v 0.162630 0.049295 0.270261
v 0.172057 0.059852 0.384726
v 0.170950 -0.045141 0.384035
v 0.159034 -0.065976 0.240963
v 0.153702 -0.027847 0.178089
v 0.144803 -0.032406 0.111454
v 0.156387 0.046293 0.185259
v 0.173448 -0.007761 0.404502
v 0.172645 0.059450 0.404359
v 0.167390 -0.045632 0.401839
v 0.151848 -0.147226 0.062863
v 0.145319 0.033918 0.110442
v 0.154430 -0.240325 0.064741
v 0.158110 -0.336834 0.064611
v 0.153046 -0.017019 0.064359
v 0.168309 -0.250885 0.374864
v 0.166050 -0.249214 0.354830
v 0.166687 -0.306059 0.343672
v 0.155677 -0.344575 0.320290
v 0.163615 -0.354199 0.284481
v 0.170771 -0.369800 0.249186
v 0.164595 -0.100655 0.317630
v 0.165498 -0.000400 0.310126
v 0.165649 -0.147079 0.335390
v 0.166074 0.049653 0.320069
v 0.165070 -0.051864 0.313315
v 0.167540 -0.389763 0.117842
v 0.168631 -0.389415 0.084096
v 0.158510 -0.192110 0.089331
v 0.166287 -0.389187 0.170942
v 0.153925 -0.369133 0.060864
v 0.158546 -0.389390 0.248102
v 0.172672 0.184407 0.387396
v 0.172265 0.140327 0.383996
v 0.168014 0.080961 0.339608
v 0.165720 0.106711 0.308023
v 0.166302 0.181919 0.400320
v 0.168005 0.140029 0.403486
v 0.166580 0.154953 0.277767
v 0.161343 0.140567 0.199832
v 0.149442 0.145981 0.101576
v 0.153058 0.033565 0.063199
v 0.154590 0.153323 0.062772
v 0.174188 0.198085 0.387364
v 0.165452 0.194597 0.397294
v 0.166456 0.214125 0.277769
v 0.163050 0.204968 0.199655
v 0.153184 0.208984 0.096635
v 0.153892 0.210435 0.063041
v 0.172529 0.244933 0.377988
v 0.166679 0.229511 0.401481
v 0.169072 0.263071 0.308274
v 0.165225 0.266697 0.255314
v 0.154580 0.270199 0.109098
v 0.156298 0.272359 0.064408
v 0.171789 0.307669 0.379309
v 0.172672 0.330789 0.367655
v 0.153316 0.239622 0.102760
v 0.171420 0.321345 0.404227
v 0.173434 0.347280 0.404333
v 0.154990 0.241953 0.062922
v 0.167030 0.235932 0.290617
v 0.164727 0.235877 0.227484
v 0.173512 0.212441 0.384217
v 0.165855 0.209822 0.397428
v 0.151300 -0.263648 0.241592
v 0.161633 -0.226144 0.264418
v 0.162274 -0.202316 0.295779
v 0.171651 -0.183710 0.390091
v 0.171880 -0.178277 0.405079
v 0.159746 -0.303285 0.202918
v 0.169083 -0.341844 0.171786
v 0.166126 -0.191178 0.347078
v 0.166347 -0.389762 0.151614
v 0.169014 0.385566 0.370577
v 0.170653 0.355288 0.370795
v 0.175999 0.365238 0.404401
v 0.176029 0.386088 0.404384
v 0.172232 0.278751 0.378669
v 0.171007 0.296929 0.337955
v 0.168242 0.275475 0.403543
v 0.166846 0.308601 0.304035
v 0.167121 0.347960 0.148286
v 0.156656 -0.278025 0.278890
v 0.165292 -0.371765 0.385730
v 0.175736 -0.374940 0.404296
v 0.151540 -0.153110 0.172981
v 0.147078 -0.117172 0.136872
v 0.154580 -0.211536 0.222831
v 0.148646 -0.033139 0.146100
v 0.150205 0.040127 0.148048
v 0.160622 -0.324742 0.332466
v 0.154270 0.143317 0.151003
v 0.155965 0.207013 0.148516
v 0.159417 0.268376 0.182308
v 0.158672 0.237710 0.165259
v 0.156701 -0.244879 0.252995
v 0.176196 0.380367 0.404382
v 0.168197 0.368291 0.372085
v 0.160139 0.319700 0.249912
v 0.161272 0.392355 0.375561
v 0.155193 0.348848 0.064834
v 0.173894 0.393352 0.404466
v 0.159675 0.391188 0.152891
v 0.156090 0.373436 0.061964
v -0.169860 -0.375576 0.346493
v -0.169951 -0.383635 0.382613
v -0.160958 -0.325906 0.118747
v -0.168205 -0.386047 0.360430
v -0.152416 -0.340748 0.061404
v -0.169716 -0.389654 0.382893
v -0.168580 -0.383809 0.155045
v -0.152748 -0.374392 0.059739
v -0.166566 -0.333992 0.208827
v -0.151743 -0.232007 0.133543
v -0.169094 -0.383775 0.238528
v -0.171907 -0.347562 0.388407
v -0.170521 -0.327320 0.356376
v -0.150307 -0.238927 0.065614
v -0.157939 -0.258120 0.229086
v -0.159001 -0.332081 0.092602
v -0.168440 -0.382612 0.108403
v -0.150925 -0.231618 0.096925
v -0.149956 -0.297832 0.062596
v -0.166139 -0.354251 0.348574
v -0.159587 -0.310146 0.218430
v -0.155081 -0.284484 0.123172
v -0.168754 -0.375897 0.387061
v -0.153801 -0.287928 0.099235
v -0.149644 -0.193629 0.134063
v -0.171670 -0.279228 0.388633
v -0.169438 -0.264163 0.356591
v -0.149287 -0.198636 0.065302
v -0.158212 -0.215413 0.228799
v -0.147365 -0.190825 0.107515
v -0.146516 -0.123923 0.133680
v -0.171603 -0.163186 0.386302
v -0.168772 -0.162507 0.355605
v -0.149794 -0.128605 0.064578
v -0.155467 -0.140169 0.231673
v -0.145401 -0.121978 0.107216
v -0.144833 -0.026267 0.132552
v -0.172100 -0.078181 0.384016
v -0.169830 -0.052803 0.339172
v -0.150876 0.001315 0.063644
v -0.153480 -0.040595 0.218070
v -0.145113 -0.016377 0.108966
v -0.169736 -0.096019 0.352701
v -0.171728 -0.105755 0.385965
v -0.144934 -0.057982 0.107714
v -0.144939 -0.050117 0.131344
v -0.149614 -0.057783 0.064403
v -0.156404 -0.081717 0.244551
v -0.167780 -0.141881 0.354824
v -0.154835 -0.103672 0.232626
v -0.170974 -0.147048 0.385546
v -0.175980 -0.384575 0.404383
v -0.173505 -0.393730 0.404322
v -0.173199 -0.351364 0.404941
v -0.176080 -0.373752 0.404373
v -0.172832 -0.281408 0.404663
v -0.164268 -0.154159 0.399708
v -0.165091 -0.100002 0.399974
v -0.164779 -0.114500 0.396241
v -0.164959 -0.135106 0.396169
v -0.169663 -0.218375 0.356316
v -0.171632 -0.231550 0.388332
v -0.146175 -0.156410 0.107354
v -0.147819 -0.158793 0.133910
v -0.149402 -0.163881 0.065039
v -0.157457 -0.175425 0.229981
v -0.172014 -0.225156 0.404621
v -0.171965 -0.193340 0.387475
v -0.167694 -0.188789 0.403562
v -0.169423 -0.189895 0.356635
v -0.164410 -0.042771 0.294667
v -0.164529 -0.093523 0.311676
v -0.163578 -0.127438 0.319391
v -0.169318 -0.361163 0.289803
v -0.168974 -0.385511 0.304273
v -0.165646 -0.297186 0.304830
v -0.162660 -0.334299 0.296789
v -0.165484 -0.248417 0.307813
v -0.165180 -0.171800 0.314186
v -0.166204 -0.213349 0.312210
v -0.164106 -0.145342 0.319177
v -0.145344 0.056390 0.146087
v -0.151314 0.034780 0.215706
v -0.150929 0.127876 0.232423
v -0.157652 0.114183 0.273658
v -0.159422 0.185362 0.301615
v -0.162164 0.174388 0.322073
v -0.165720 0.222534 0.352485
v -0.167098 0.202195 0.362354
v -0.146538 0.049403 0.109242
v -0.163436 -0.018796 0.402591
v -0.149155 0.104450 0.106727
v -0.146568 0.112423 0.133287
v -0.156233 0.206816 0.102295
v -0.151593 0.204869 0.125330
v -0.164088 0.287504 0.100259
v -0.160136 0.285395 0.119955
v -0.162353 0.021260 0.281625
v -0.168296 0.015110 0.323963
v -0.165385 0.098104 0.312942
v -0.169318 0.090413 0.350601
v -0.170876 0.006516 0.375618
v -0.172431 0.181292 0.384482
v -0.171669 0.140285 0.387007
v -0.175678 0.134274 0.404425
v -0.170630 0.075181 0.404253
v -0.171820 0.078001 0.377412
v -0.151557 -0.164013 0.164218
v -0.152504 -0.134315 0.196385
v -0.151669 -0.096661 0.198025
v -0.152331 -0.070323 0.206984
v -0.160252 -0.068292 0.271061
v -0.158693 -0.037211 0.256247
v -0.161894 0.106158 0.293245
v -0.156721 0.028015 0.248699
v -0.168014 0.171251 0.352100
v -0.150384 0.194043 0.238026
v -0.150296 0.201188 0.166194
v -0.154885 0.257591 0.268842
v -0.150560 0.279941 0.219909
v -0.162745 0.342666 0.353796
v -0.164692 0.388630 0.311693
v -0.146127 0.130363 0.185649
v -0.148005 0.192524 0.208451
v -0.149796 0.271389 0.245101
v -0.155710 0.363965 0.347582
v -0.155146 0.199645 0.270247
v -0.164719 0.243134 0.335244
v -0.170308 0.246525 0.385329
v -0.169265 0.223602 0.385182
v -0.168516 0.264043 0.384687
v -0.170463 0.208408 0.384248
v -0.168929 0.171810 0.404187
v -0.165282 0.244930 0.397558
v -0.165184 0.224967 0.397260
v -0.166948 0.260585 0.401848
v -0.164393 0.205347 0.400194
v -0.174836 0.110364 0.404426
v -0.171540 0.111435 0.385641
v -0.172054 0.194495 0.384138
v -0.166324 0.189441 0.402293
v -0.151522 0.209083 0.138828
v -0.157291 0.284810 0.152275
v -0.170675 0.339740 0.094290
v -0.168461 0.336661 0.128274
v -0.166271 0.330000 0.166070
v -0.156481 0.333510 0.250874
v -0.167396 0.389035 0.090462
v -0.165419 0.389468 0.149552
v -0.166812 0.387824 0.211553
v -0.159077 0.300169 0.311258
v -0.152351 0.318588 0.291582
v -0.149028 0.151318 0.126725
v -0.152091 0.150310 0.103415
v -0.151126 0.202380 0.152046
v -0.154512 0.282378 0.190667
v -0.162513 0.332018 0.209720
v -0.166054 0.387753 0.270777
v -0.169753 0.292337 0.405527
v -0.168666 0.292841 0.389835
v -0.172991 0.345964 0.405776
v -0.168357 0.346564 0.389072
v -0.176109 0.370665 0.404394
v -0.166037 0.372995 0.390276
v -0.173447 0.393983 0.404096
v -0.164543 0.389548 0.389414
v -0.161300 0.387370 0.359295
v -0.154420 0.074483 0.244701
v -0.147235 0.092102 0.189330
v -0.163978 0.059684 0.297266
v -0.168997 0.052760 0.337262
v -0.171390 0.042268 0.376525
v -0.166229 0.026238 0.403679
v -0.159546 0.067093 0.270932
v -0.145833 0.121423 0.159439
v -0.148450 0.196881 0.187266
v -0.149221 0.275726 0.232495
v -0.159754 0.375305 0.330349
v -0.152369 0.326426 0.271055
v -0.152776 0.064545 0.065415
v -0.152301 0.111025 0.064418
v -0.152214 0.205442 0.063896
v -0.154260 0.277859 0.062419
v -0.155105 0.331902 0.062273
v -0.154180 0.368017 0.061989
v -0.152089 0.153834 0.063436
v -0.149943 0.391988 0.310477
v -0.154156 0.390717 0.092485
v -0.152708 0.390483 0.146556
v -0.151973 0.390478 0.208729
v -0.152013 0.390881 0.269988
v -0.153661 0.393818 0.401277
v -0.153642 0.393049 0.386360
v -0.152587 0.390940 0.354970
v -0.146581 0.380750 0.060491
v -0.140786 0.400041 0.312540
v -0.142071 0.399842 0.094449
v -0.141002 0.400405 0.152026
v -0.140674 0.400041 0.212214
v -0.140347 0.400929 0.273064
v -0.142950 0.403532 0.399894
v -0.143237 0.402872 0.385801
v -0.141253 0.401303 0.357659
v -0.128274 0.398273 0.061915
v -0.140523 0.412404 0.309181
v -0.141483 0.414916 0.092235
v -0.140176 0.414330 0.147111
v -0.139553 0.414177 0.209478
v -0.139442 0.414194 0.271173
v -0.144028 0.412858 0.404089
v -0.141098 0.414228 0.385831
v -0.138083 0.410027 0.360862
v -0.116312 0.406053 0.062745
v -0.145620 0.395508 0.356317
v -0.145819 0.396210 0.386000
v -0.144653 0.394402 0.210471
v -0.144331 0.394787 0.271528
v -0.145430 0.394380 0.149100
v -0.143603 0.395448 0.311510
v -0.146199 0.397680 0.399608
v -0.146033 0.394141 0.093482
v -0.130831 0.383418 0.060363
v 0.138884 0.415626 0.306871
v 0.137454 0.417143 0.103021
v 0.139875 0.414065 0.147186
v 0.136749 0.417517 0.218618
v 0.137966 0.416186 0.265954
v 0.144173 0.424748 0.404381
v 0.142685 0.414448 0.383988
v 0.140487 0.413226 0.354417
v 0.121240 0.402258 0.063432
v 0.141332 0.398897 0.305627
v 0.141505 0.402865 0.094120
v 0.140524 0.401628 0.141722
v 0.139618 0.401677 0.220036
v 0.139930 0.400883 0.265141
v 0.144689 0.406496 0.402998
v 0.142323 0.402782 0.381179
v 0.141439 0.401403 0.350137
v 0.125277 0.394662 0.064150
v 0.150149 0.390500 0.307676
v 0.149493 0.392181 0.096439
v 0.149588 0.391818 0.146817
v 0.149757 0.390710 0.221307
v 0.150156 0.390366 0.268219
v 0.164441 0.392656 0.404483
v 0.152633 0.392692 0.380838
v 0.151171 0.391480 0.352777
v 0.145695 0.374397 0.063632
v 0.161783 0.389477 0.304336
v 0.164303 0.390589 0.083538
v 0.164267 0.389105 0.203296
v 0.163676 0.388760 0.266320
v 0.155206 -0.143590 0.090830
v 0.160930 0.390685 0.356058
v 0.145136 0.394945 0.351413
v 0.146173 0.396043 0.381049
v 0.143369 0.394957 0.219261
v 0.144573 0.393942 0.266671
v 0.144426 0.395174 0.144281
v 0.145561 0.393595 0.306642
v 0.147992 0.398172 0.402624
v 0.144652 0.395869 0.095281
v 0.133168 0.382897 0.064759
v 0.165837 -0.283089 0.086040
v 0.169277 -0.336120 0.084087
v 0.154324 -0.028329 0.089111
v 0.155322 0.034444 0.087564
v 0.156217 -0.283408 0.064920
v 0.158496 0.149801 0.084417
v 0.159547 0.209684 0.084426
v 0.159774 0.271510 0.088993
v 0.159379 0.240610 0.086572
v 0.162681 0.340350 0.102668
v 0.170035 0.361367 0.210939
v 0.156940 0.297535 0.116662
v 0.157099 0.297362 0.066721
v 0.158300 0.297996 0.098287
v 0.163063 0.345003 0.310932
v 0.170357 0.369385 0.277397
v 0.168146 0.326753 0.329409
v 0.171688 0.310289 0.349671
v 0.169580 0.224146 0.337465
v 0.169065 0.163484 0.321300
v 0.170970 0.287848 0.358368
v 0.169842 0.254006 0.343165
v 0.169980 0.206063 0.332605
v 0.171651 0.308918 0.365324
v 0.172041 0.162313 0.385758
v 0.166989 0.160960 0.402286
v 0.164962 0.355658 0.339056
v 0.170020 0.374718 0.319218
v 0.169565 0.342891 0.352809
v 0.169956 0.381728 0.350794
v 0.166853 0.364022 0.361095
v 0.165569 -0.371863 0.311801
v 0.158009 -0.367874 0.348198
v 0.167641 -0.329636 0.369089
v 0.159284 0.310697 0.131340
v 0.168942 0.054762 0.352427
v 0.168587 -0.003776 0.348400
v 0.152422 -0.095508 0.064195
v 0.154439 -0.092432 0.089901
v 0.145943 -0.035788 0.130084
v 0.146535 0.037049 0.129456
v 0.149649 0.144742 0.126748
v 0.151806 0.208147 0.122931
v 0.156065 0.269309 0.145738
v 0.154594 0.238700 0.134337
v 0.147035 -0.090757 0.102850
v 0.156760 0.323312 0.067104
v 0.160069 0.319260 0.100902
v 0.168926 -0.095244 0.350567
v 0.168922 -0.131786 0.360648
v 0.168465 -0.048510 0.348615
v 0.170247 0.110283 0.360745
v 0.154098 0.093686 0.063313
v 0.158791 0.093433 0.192553
v 0.146976 0.089960 0.105943
v 0.164039 0.104223 0.274342
v 0.169393 -0.187450 0.368537
v 0.152162 0.091725 0.149552
v 0.163075 -0.348253 0.359079
v 0.156738 0.092137 0.085863
v 0.167770 0.143158 0.317932
v 0.147886 0.090905 0.128141
v -0.139616 -0.413739 0.321326
v -0.138721 -0.415855 0.090470
v -0.138092 -0.414767 0.149518
v -0.136712 -0.416285 0.211573
v -0.137204 -0.416238 0.270819
v -0.143854 -0.424741 0.404329
v -0.142498 -0.415403 0.389200
v -0.140166 -0.414102 0.359164
v -0.126076 -0.409090 0.060963
v -0.141316 -0.399565 0.310502
v -0.141776 -0.404152 0.092574
v -0.139861 -0.402600 0.146548
v -0.139557 -0.401702 0.207288
v -0.139899 -0.402312 0.266497
v -0.143784 -0.406914 0.403813
v -0.141687 -0.403427 0.386271
v -0.141998 -0.402620 0.354939
v -0.132943 -0.398978 0.062475
v -0.150936 -0.390562 0.312542
v -0.150237 -0.391467 0.094458
v -0.150065 -0.390680 0.140051
v -0.151066 -0.389757 0.200247
v -0.150886 -0.389871 0.260367
v -0.154526 -0.393786 0.404429
v -0.153568 -0.391874 0.385853
v -0.152410 -0.391659 0.357676
v -0.148727 -0.383915 0.060661
v -0.145651 -0.395242 0.356322
v -0.145965 -0.395393 0.386072
v -0.144119 -0.393825 0.203597
v -0.143637 -0.395005 0.265656
v -0.143571 -0.395305 0.143501
v -0.145909 -0.393808 0.311498
v -0.146789 -0.397331 0.403217
v -0.144082 -0.395863 0.093472
v -0.141417 -0.391612 0.064598
v 0.149547 -0.390908 0.309149
v 0.152896 -0.391750 0.092490
v 0.151703 -0.391068 0.153821
v 0.150985 -0.390574 0.184501
v 0.150102 -0.389963 0.255470
v 0.154658 -0.394118 0.402176
v 0.152974 -0.393145 0.378654
v 0.151993 -0.392220 0.354904
v 0.142055 -0.375937 0.059599
v 0.141897 -0.401049 0.312503
v 0.141534 -0.400467 0.094503
v 0.140909 -0.400510 0.158563
v 0.140839 -0.401196 0.187901
v 0.141256 -0.401746 0.258621
v 0.144083 -0.404949 0.401635
v 0.142997 -0.403881 0.383644
v 0.140900 -0.402884 0.357697
v 0.128403 -0.393084 0.058606
v 0.140271 -0.414061 0.307205
v 0.139733 -0.417952 0.087027
v 0.139224 -0.416876 0.154668
v 0.139139 -0.416413 0.185175
v 0.139930 -0.414926 0.255527
v 0.144532 -0.424597 0.404058
v 0.141508 -0.414259 0.388146
v 0.139387 -0.412259 0.359583
v 0.123267 -0.399170 0.059503
v 0.145067 -0.396509 0.356318
v 0.145784 -0.397107 0.381164
v 0.143653 -0.395065 0.186228
v 0.143206 -0.395658 0.257277
v 0.144331 -0.394958 0.156196
v 0.143170 -0.396097 0.311506
v 0.147509 -0.398486 0.401246
v 0.145576 -0.395122 0.093479
v 0.132777 -0.384957 0.059531
v 0.152113 -0.391531 0.123157
v 0.141142 -0.400463 0.126525
v 0.139638 -0.417233 0.121522
v 0.144961 -0.395075 0.124847
v 0.162291 -0.240590 0.087968
v 0.170886 -0.366305 0.161690
v 0.170867 -0.363018 0.084211
v 0.168508 -0.363669 0.118112
v 0.171071 -0.367801 0.184370
v 0.155783 -0.356248 0.062791
v 0.114520 0.406238 0.063331
v 0.108634 0.413469 0.093461
v 0.052668 0.414918 0.157861
v -0.005169 0.415306 0.222470
v -0.036926 0.415834 0.268378
v -0.066307 0.414096 0.310190
v -0.090796 0.415025 0.357737
v -0.107161 0.417207 0.391963
v -0.115586 0.426694 0.404605
v 0.120157 0.422491 0.222169
v -0.029720 0.413312 0.160684
v -0.095930 0.419013 0.211683
v -0.117183 0.415617 0.270184
v -0.127019 0.414239 0.309417
v -0.131105 0.409207 0.362307
v -0.134076 0.415677 0.392863
v -0.143944 0.424556 0.404517
v 0.117543 0.420730 0.162797
v 0.053232 0.403197 0.065248
v 0.040143 0.414755 0.101737
v 0.002833 0.409206 0.164874
v -0.054151 0.408991 0.225158
v -0.087696 0.408275 0.273687
v -0.103324 0.407618 0.315701
v -0.123214 0.408987 0.362999
v -0.124959 0.415511 0.390800
v -0.130600 0.427083 0.404370
v 0.118155 0.422560 0.266278
v 0.101548 0.419218 0.307639
v 0.096845 0.418454 0.354664
v 0.100492 0.419773 0.388576
v 0.112568 0.425737 0.404477
v -0.108579 0.420832 0.089168
v -0.122234 0.422501 0.149941
v -0.128863 0.420971 0.208161
v -0.132892 0.418586 0.269167
v -0.136431 0.415868 0.309179
v -0.135321 0.410149 0.361598
v -0.138807 0.414779 0.386493
v -0.144653 0.419430 0.404695
v -0.095315 0.408610 0.062686
v 0.049617 0.418980 0.267179
v 0.060639 0.418616 0.231443
v 0.080799 0.418420 0.222012
v 0.043035 0.419361 0.222456
v 0.066762 0.418100 0.266941
v 0.014843 0.420385 0.267611
v 0.046616 0.418869 0.306210
v -0.010128 0.419605 0.308222
v 0.041450 0.418756 0.350741
v -0.030808 0.418699 0.355541
v 0.031264 0.419571 0.389657
v -0.029683 0.418937 0.392191
v 0.018493 0.423928 0.405686
v -0.030856 0.423827 0.406007
v 0.052965 0.418574 0.201157
v 0.027718 0.419565 0.306883
v 0.017367 0.418588 0.352338
v -0.006720 0.418529 0.353945
v 0.010101 0.419216 0.390540
v -0.011045 0.419211 0.391415
v 0.004971 0.426614 0.404584
v -0.013780 0.426735 0.404550
v 0.012245 0.418971 0.232205
v -0.011375 0.419217 0.267845
v -0.038406 0.418650 0.309141
v -0.060941 0.418466 0.356589
v -0.067878 0.419010 0.392074
v -0.069834 0.423647 0.406735
v -0.090774 0.418323 0.392772
v -0.099632 0.423763 0.406205
v -0.009979 0.406640 0.064163
v -0.038109 0.419559 0.112743
v -0.074358 0.422030 0.154458
v -0.108898 0.421691 0.205337
v -0.057577 0.406581 0.062166
v -0.117838 0.421891 0.206645
v -0.099486 0.423094 0.152080
v -0.074404 0.422816 0.095414
v 0.062503 0.419807 0.387069
v 0.059221 0.423386 0.405907
v 0.029418 0.418605 0.375367
v -0.022431 0.418688 0.380602
v 0.013052 0.418618 0.373257
v -0.008221 0.418652 0.372508
v 0.115710 -0.426700 0.404617
v 0.110004 -0.417327 0.397060
v 0.004525 -0.423150 0.405321
v 0.003910 -0.420632 0.398883
v -0.015245 -0.418877 0.401541
v -0.015363 -0.424010 0.391099
v -0.034378 -0.422074 0.403523
v -0.036461 -0.423164 0.392343
v -0.043840 -0.418748 0.403260
v -0.044945 -0.421714 0.394235
v -0.064484 -0.421019 0.405113
v -0.073434 -0.421163 0.395179
v -0.104499 -0.424157 0.404810
v -0.103806 -0.420897 0.396578
v -0.119172 -0.426974 0.404403
v -0.122250 -0.421589 0.391235
v 0.133011 -0.413000 0.387419
v 0.131013 -0.427131 0.404375
v 0.096601 -0.417372 0.395933
v 0.100176 -0.423733 0.406301
v -0.055003 -0.420499 0.393164
v -0.053763 -0.418298 0.404182
v -0.026709 -0.424583 0.392416
v -0.025503 -0.421301 0.402768
v 0.135076 -0.415591 0.311154
v 0.126102 -0.408940 0.369862
v 0.110267 -0.409072 0.317057
v 0.123264 -0.417233 0.258629
v 0.098028 -0.409960 0.265865
v 0.096813 -0.417090 0.199235
v 0.072306 -0.409841 0.212259
v 0.065676 -0.412519 0.166791
v 0.047785 -0.409430 0.179978
v 0.056575 -0.412740 0.137881
v 0.024705 -0.408227 0.133340
v 0.039632 -0.412484 0.101581
v 0.006546 -0.408472 0.108243
v -0.005743 -0.417029 0.077118
v 0.026917 -0.418455 0.075733
v 0.167180 -0.192708 0.075729
v 0.169493 -0.282881 0.072918
v 0.170283 -0.336247 0.072398
v 0.165353 0.033901 0.076152
v 0.165610 -0.093939 0.077305
v -0.163792 -0.335572 0.074082
v -0.166780 -0.382046 0.072489
v -0.162224 -0.237900 0.078042
v -0.160823 -0.292804 0.079760
v -0.160263 -0.195345 0.080504
v -0.159553 -0.123343 0.081782
v -0.162224 -0.008802 0.081113
v -0.161557 -0.057736 0.080733
v -0.160260 -0.160480 0.080496
v -0.170630 0.341775 0.075652
v -0.166250 0.389435 0.077488
v -0.163517 0.059923 0.080326
v -0.162122 0.111397 0.082983
v -0.164585 0.154447 0.079935
v -0.166940 0.206088 0.076881
v -0.169533 0.291049 0.074462
v -0.153160 0.390549 0.078940
v -0.141923 0.400539 0.081021
v -0.141318 0.415294 0.080353
v -0.145579 0.394189 0.079995
v 0.135523 0.416717 0.080315
v 0.141682 0.401787 0.081615
v 0.150300 0.391915 0.083670
v 0.168525 -0.240238 0.074019
v 0.145013 0.395573 0.082708
v 0.165308 -0.145226 0.078560
v 0.165383 -0.027768 0.076985
v 0.166204 0.151692 0.073394
v 0.165601 0.209952 0.076067
v 0.167117 0.271888 0.077280
v 0.166203 0.240914 0.076601
v 0.166470 0.344597 0.083582
v 0.164632 0.390185 0.075370
v 0.165914 0.297827 0.080765
v 0.165861 0.321216 0.082048
v 0.165631 0.092795 0.074689
v 0.152144 -0.391025 0.077217
v 0.141698 -0.401144 0.079183
v 0.139511 -0.417695 0.078136
v 0.145063 -0.395338 0.078312
v 0.167942 -0.387857 0.073644
v 0.170291 -0.363194 0.072452
v 0.118660 0.415008 0.081421
v 0.047722 0.419629 0.084541
v -0.066395 0.422527 0.083449
v -0.107460 0.420358 0.080734
v -0.024859 0.421431 0.091412
v 0.137865 -0.415355 0.309197
v 0.132125 -0.418613 0.257227
v 0.120177 -0.421447 0.193145
v 0.107362 -0.421826 0.159685
v 0.101664 -0.422051 0.130017
v 0.093447 -0.421663 0.097845
v 0.088811 -0.421318 0.078344
v 0.084437 -0.404261 0.061765
v -0.023407 -0.402560 0.060263
v 0.019741 -0.409235 0.062721
v 0.006333 -0.417661 0.388267
v -0.011254 -0.419007 0.378119
v -0.022129 -0.418446 0.375766
v -0.032162 -0.417962 0.378044
v -0.043323 -0.419055 0.384868
v -0.056190 -0.421246 0.386295
v 0.115569 -0.411987 0.377629
v -0.130447 -0.421586 0.363364
v 0.090305 -0.416910 0.386554
v 0.099303 -0.409666 0.333405
v 0.013275 -0.419879 0.377411
v 0.076437 -0.410816 0.270623
v -0.004838 -0.420952 0.365791
v 0.048281 -0.412018 0.218221
v -0.113130 -0.419594 0.373293
v 0.028142 -0.414138 0.194696
v 0.080756 -0.415708 0.361828
v 0.005958 -0.411729 0.144192
v -0.091044 -0.421842 0.381841
v -0.020806 -0.410145 0.124073
v -0.018304 -0.419711 0.362530
v -0.031401 -0.417619 0.365801
v -0.046374 -0.416787 0.368199
v 0.052673 -0.416598 0.296319
v 0.026545 -0.417469 0.232101
v -0.122173 -0.421471 0.336251
v -0.100911 -0.417981 0.344281
v -0.079842 -0.419210 0.360685
v 0.049933 -0.418684 0.396919
v -0.059123 -0.417855 0.372592
v 0.003349 -0.418199 0.206872
v 0.056474 -0.423424 0.406869
v -0.010770 -0.416324 0.162934
v 0.045569 -0.418367 0.369148
v -0.044269 -0.413409 0.132066
v 0.049940 -0.416952 0.385420
v 0.027884 -0.419769 0.332304
v 0.004412 -0.419662 0.293088
v -0.101966 -0.419677 0.282404
v -0.078765 -0.415681 0.289858
v -0.059142 -0.415020 0.284850
v -0.107204 -0.419928 0.227645
v -0.083217 -0.416585 0.224690
v -0.056344 -0.416948 0.247657
v -0.106997 -0.419780 0.172847
v -0.080863 -0.416712 0.192523
v -0.051208 -0.418381 0.212589
v -0.066763 -0.414410 0.140106
v -0.051080 -0.415068 0.164723
v -0.027309 -0.418580 0.204873
v -0.017063 -0.418123 0.282575
v -0.035184 -0.416706 0.277578
v -0.046718 -0.415307 0.299618
v -0.114854 -0.413042 0.090483
v -0.108490 -0.407228 0.059300
v -0.091833 -0.410343 0.088330
v -0.067833 -0.411328 0.084601
v -0.044629 -0.415384 0.078085
v -0.088301 -0.402224 0.058393
v -0.068643 -0.401788 0.060696
v -0.047198 -0.402187 0.060965
v 0.161653 -0.095628 0.066577
v 0.163402 -0.024318 0.067789
v 0.164220 -0.282746 0.066302
v 0.163995 -0.240017 0.066393
v 0.163019 -0.193573 0.066077
v 0.161437 -0.147221 0.065583
v 0.165900 -0.336471 0.066839
v 0.163530 0.095732 0.066586
v 0.162462 0.150993 0.065117
v 0.163929 0.035826 0.067849
v 0.165038 0.209082 0.066350
v 0.167043 0.242191 0.068121
v 0.167399 0.270189 0.067801
v 0.168387 0.322963 0.067945
v 0.166876 0.348056 0.065939
v 0.162453 0.387159 0.066504
v -0.162900 -0.340406 0.064101
v -0.162442 -0.381306 0.064482
v -0.163711 -0.297944 0.066838
v -0.163365 -0.238792 0.068945
v -0.162469 -0.198393 0.068630
v -0.162804 -0.163814 0.069485
v -0.162516 0.001137 0.068448
v -0.162335 -0.057881 0.068658
v -0.163106 -0.128078 0.070008
v -0.164771 0.111194 0.069460
v -0.164249 0.064374 0.069612
v -0.165023 0.153894 0.068795
v -0.166834 0.290060 0.067890
v -0.165320 0.204100 0.067710
v -0.167251 0.339790 0.068218
v -0.163249 0.383389 0.067498
v -0.149903 0.386211 0.064703
v -0.142015 0.392510 0.065129
v -0.138111 0.399790 0.065823
v -0.137018 0.410655 0.068446
v 0.138272 0.400914 0.065413
v 0.133745 0.415041 0.066191
v 0.149809 0.389499 0.067327
v 0.143259 0.393613 0.066356
v 0.167419 0.297052 0.067818
v -0.137760 -0.401852 0.070758
v -0.133967 -0.417094 0.070400
v -0.151946 -0.391892 0.071973
v -0.144195 -0.394432 0.071195
v 0.148516 -0.386094 0.062083
v 0.164987 -0.384074 0.068372
v 0.136854 -0.400296 0.062664
v 0.141340 -0.392577 0.061906
v 0.132914 -0.407759 0.063702
v 0.165244 -0.363333 0.066080
v 0.128536 0.416719 0.066824
v 0.053495 0.417021 0.066981
v -0.009919 0.419157 0.069215
v -0.106282 0.416980 0.068966
v -0.058095 0.418089 0.069037
v -0.046717 -0.415342 0.065698
v -0.023506 -0.415431 0.065779
v 0.085469 -0.413559 0.064729
v 0.021144 -0.415719 0.065925
v -0.116374 -0.415248 0.065313
v -0.093224 -0.414390 0.065599
v -0.069755 -0.414345 0.066593
v 0.136971 -0.323399 0.063010
v 0.132614 -0.235189 0.062886
v 0.132153 -0.141015 0.060043
v 0.132473 -0.190194 0.061512
v 0.132693 -0.013936 0.061958
v 0.133925 -0.353438 0.059049
v 0.133286 0.039153 0.061669
v 0.134588 0.147114 0.060715
v 0.133694 0.207001 0.062891
v 0.135328 0.268844 0.063090
v 0.134585 0.231860 0.062609
v 0.133345 0.333305 0.068642
v 0.136079 0.351152 0.068421
v -0.131585 -0.332301 0.060236
v -0.132026 -0.358512 0.061796
v -0.130513 -0.236337 0.064610
v -0.130989 -0.290596 0.061298
v -0.129925 -0.194279 0.063837
v -0.130984 -0.121541 0.059728
v -0.130149 0.001926 0.061347
v -0.130315 -0.057905 0.061596
v -0.130662 -0.157350 0.063064
v -0.132208 0.061834 0.064700
v -0.132072 0.106317 0.063827
v -0.132387 0.201656 0.061956
v -0.133301 0.267492 0.060806
v -0.132326 0.319280 0.062511
v -0.133658 0.353060 0.064119
v -0.131586 0.147470 0.062943
v -0.127428 0.365223 0.063041
v -0.110545 0.381851 0.063405
v -0.100696 0.389052 0.060931
v -0.113605 0.367526 0.064977
v 0.107987 0.388410 0.066982
v 0.114945 0.379544 0.067752
v 0.127350 0.359799 0.068604
v 0.118976 0.370082 0.068317
v 0.134708 -0.279646 0.063574
v 0.134916 0.285024 0.063966
v 0.132218 -0.091576 0.061360
v 0.133669 0.308956 0.066530
v 0.133774 0.093491 0.062065
v -0.108968 -0.392126 0.060397
v -0.119771 -0.386595 0.061941
v -0.132102 -0.370823 0.062589
v -0.125953 -0.378746 0.062485
v 0.123386 -0.360344 0.057966
v 0.111764 -0.376837 0.058515
v 0.107174 -0.382596 0.058270
v 0.115449 -0.369058 0.058485
v 0.135528 -0.341164 0.061402
v 0.099193 0.389355 0.066444
v 0.046513 0.386450 0.065669
v -0.082415 0.391165 0.060928
v -0.007716 0.390176 0.062366
v -0.049941 0.387474 0.059822
v 0.073451 -0.387456 0.061462
v -0.020674 -0.388848 0.059590
v 0.017333 -0.392337 0.061151
v -0.101354 -0.392526 0.059443
v -0.088880 -0.392873 0.058527
v -0.073928 -0.389211 0.061134
v -0.053224 -0.389570 0.061690
v -0.078220 -0.325804 0.060123
v -0.041306 -0.325479 0.062057
v 0.015418 -0.324576 0.057820
v 0.071268 -0.323599 0.061035
v -0.074227 0.303874 0.063731
v -0.050121 0.303369 0.060563
v -0.005866 0.302919 0.059754
v 0.049519 0.302285 0.060269
v -0.076374 -0.002145 0.058508
v -0.045339 -0.004431 0.060821
v 0.004712 -0.007254 0.060662
v 0.059954 -0.011411 0.060771
v -0.075587 0.055626 0.057929
v -0.044714 0.052213 0.062969
v 0.002851 0.046682 0.059926
v 0.057934 0.040364 0.059972
v 0.056432 0.094549 0.059495
v 0.001246 0.097879 0.061649
v -0.045918 0.101044 0.064482
v -0.074893 0.103141 0.059672
v -0.074765 0.201322 0.062909
v -0.048165 0.202767 0.061136
v -0.001928 0.204460 0.060220
v 0.053314 0.204793 0.061246
v -0.074520 0.262549 0.063741
v -0.048680 0.261291 0.061362
v -0.003927 0.259723 0.059622
v 0.051139 0.257199 0.062210
v 0.069507 -0.275153 0.062261
v 0.013558 -0.278205 0.057002
v -0.042436 -0.281155 0.061177
v -0.077690 -0.283006 0.060569
v -0.077194 -0.230294 0.060498
v -0.042508 -0.229343 0.062789
v 0.012337 -0.229628 0.057002
v 0.067761 -0.230089 0.061046
v -0.077278 -0.189275 0.061766
v -0.043169 -0.188883 0.062777
v 0.010922 -0.187593 0.057138
v 0.066103 -0.186903 0.059187
v -0.077349 -0.153802 0.063631
v -0.044387 -0.152187 0.060514
v 0.009297 -0.148545 0.057112
v 0.065083 -0.144985 0.060431
v 0.062931 -0.099999 0.059967
v 0.007722 -0.101611 0.057309
v -0.043723 -0.104929 0.061439
v -0.077065 -0.110805 0.060957
v 0.072003 -0.345446 0.061264
v 0.016511 -0.349088 0.058514
v -0.040615 -0.352157 0.062142
v -0.086490 -0.355716 0.063460
v -0.074269 0.326254 0.062984
v -0.049314 0.325045 0.059385
v -0.006043 0.324640 0.059535
v 0.048645 0.326359 0.059160
v -0.108597 -0.357219 0.060025
v -0.108246 -0.327703 0.059845
v -0.107921 -0.285930 0.057260
v -0.108154 -0.232306 0.058362
v -0.107673 -0.191001 0.058215
v -0.105883 -0.155516 0.057864
v -0.105225 -0.116269 0.059796
v -0.104839 -0.000225 0.060160
v -0.104559 0.058686 0.059513
v -0.104098 0.104602 0.059209
v -0.102513 0.199542 0.061127
v -0.101525 0.263814 0.062212
v -0.101321 0.304189 0.063016
v -0.100908 0.331336 0.065798
v 0.100078 0.328290 0.063812
v 0.100368 0.304418 0.061441
v 0.100698 0.260457 0.059401
v 0.101170 0.201964 0.059530
v 0.102517 0.093887 0.062095
v 0.102921 0.039623 0.060032
v 0.103375 -0.012857 0.058733
v 0.104243 -0.094869 0.057614
v 0.104512 -0.142703 0.057328
v 0.105026 -0.188956 0.057488
v 0.105543 -0.232992 0.057812
v 0.105931 -0.277596 0.057643
v 0.101504 -0.323397 0.058624
v 0.097722 -0.343754 0.059698
v -0.108694 -0.373343 0.060723
v -0.029661 -0.369528 0.060856
v 0.016650 -0.371728 0.058939
v 0.097293 -0.364968 0.059463
v 0.072720 -0.366683 0.061422
v -0.087609 -0.370068 0.061991
v -0.062313 -0.353854 0.061370
v -0.055223 -0.369974 0.060833
v -0.102899 0.147454 0.058990
v -0.075179 0.147333 0.063339
v -0.047408 0.146979 0.063364
v -0.000265 0.147250 0.060497
v 0.054638 0.147218 0.060073
v 0.101807 0.147063 0.061170
v 0.162405 -0.059946 0.066998
v 0.146397 -0.061150 0.103421
v 0.154329 -0.060380 0.089443
v 0.165462 -0.060865 0.077164
v 0.152459 -0.056264 0.063650
v 0.132714 -0.052652 0.060904
v -0.075941 -0.056303 0.059201
v -0.044791 -0.054574 0.061327
v 0.006335 -0.054536 0.057337
v 0.061455 -0.055500 0.059794
v -0.105612 -0.054909 0.058222
v 0.103767 -0.053864 0.058496
v 0.144826 -0.064237 0.117311
v 0.047536 0.366032 0.063999
v -0.007804 0.366608 0.059150
v -0.078200 0.366649 0.061729
v -0.049743 0.365323 0.060772
v -0.100647 0.365221 0.062932
v 0.099455 0.367663 0.065848
v -0.076476 0.349982 0.061247
v 0.099767 0.352018 0.065210
v -0.007381 0.348826 0.060100
v -0.100540 0.348488 0.065161
v 0.048336 0.350778 0.061524
v -0.049224 0.348703 0.059637
v 0.106060 0.368421 0.066662
v 0.115271 0.317331 0.063584
v 0.113606 0.337771 0.065576
v 0.109327 0.354704 0.066349
v 0.173177 -0.252587 0.384295
v 0.171836 -0.353364 0.383349
v 0.167593 -0.391259 0.380282
v 0.176497 -0.089806 0.374589
v 0.174913 -0.007241 0.376618
v 0.174449 -0.116456 0.376222
v 0.175340 0.059875 0.374692
v 0.174304 -0.045236 0.374533
v 0.175989 0.184414 0.378283
v 0.175775 0.140342 0.374248
v 0.177040 0.198200 0.378511
v 0.176357 0.241948 0.377245
v 0.175811 0.309571 0.377176
v 0.176895 0.336889 0.377499
v 0.176471 0.212547 0.375011
v 0.174970 -0.183678 0.379829
v 0.174133 0.386973 0.379883
v 0.176012 0.358097 0.379289
v 0.176207 0.279503 0.379622
v 0.168407 -0.372216 0.382613
v 0.173524 0.372445 0.380170
v 0.169471 0.394571 0.380355
v -0.173768 -0.383445 0.376433
v -0.171401 -0.392039 0.376994
v -0.175971 -0.347703 0.378007
v -0.172110 -0.375715 0.376489
v -0.174880 -0.279208 0.378529
v -0.174647 -0.163030 0.376956
v -0.176630 -0.078181 0.374687
v -0.175317 -0.105860 0.376824
v -0.174080 -0.146987 0.376333
v -0.175172 -0.231503 0.378306
v -0.175419 -0.193208 0.377770
v -0.173628 -0.007067 0.377203
v -0.175424 0.181540 0.374689
v -0.175253 0.140360 0.376804
v -0.175787 0.076183 0.374515
v -0.174334 0.246480 0.375773
v -0.171992 0.223638 0.375702
v -0.173979 0.264112 0.376064
v -0.173337 0.208589 0.374924
v -0.174827 0.111389 0.375377
v -0.174693 0.194794 0.374592
v -0.172418 0.292792 0.379552
v -0.171357 0.346677 0.378327
v -0.167046 0.372465 0.379957
v -0.165729 0.391268 0.378497
v -0.175470 0.035054 0.375151
v -0.155041 0.397092 0.376113
v -0.146421 0.403938 0.375683
v -0.141772 0.413870 0.376745
v -0.148609 0.398985 0.375950
v 0.141447 0.422256 0.374969
v 0.145504 0.405245 0.377290
v 0.155114 0.396191 0.377224
v 0.148674 0.398621 0.377954
v 0.175134 0.162300 0.376367
v -0.145439 -0.417219 0.378704
v -0.145519 -0.404281 0.376103
v -0.154612 -0.395918 0.375599
v -0.148647 -0.398080 0.375906
v 0.153965 -0.396884 0.378670
v 0.146397 -0.404435 0.377705
v 0.140943 -0.415116 0.378933
v 0.148771 -0.399490 0.378033
v -0.107200 0.419477 0.380985
v -0.135004 0.416668 0.381723
v -0.124801 0.416472 0.380079
v 0.115692 0.423475 0.377719
v -0.139203 0.415548 0.376455
v 0.031263 0.422719 0.379240
v -0.029784 0.422675 0.381578
v 0.010159 0.422741 0.379853
v -0.011148 0.422743 0.380602
v -0.067910 0.422255 0.381543
v -0.090853 0.421479 0.382069
v 0.062488 0.423071 0.376752
v 0.109666 -0.419104 0.385705
v 0.003709 -0.421963 0.388987
v -0.015342 -0.424711 0.382416
v -0.036517 -0.422959 0.383652
v -0.045558 -0.423475 0.385050
v -0.073316 -0.425791 0.385028
v -0.103650 -0.425202 0.386166
v -0.122566 -0.423916 0.380537
v 0.135160 -0.416234 0.381932
v 0.096666 -0.420619 0.384756
v -0.054822 -0.424645 0.383281
v -0.026138 -0.425162 0.383867
v 0.049971 -0.420931 0.385970
v 0.173098 -0.393796 0.402795
v 0.174283 -0.354770 0.404758
v 0.175781 -0.253444 0.403945
v 0.166183 -0.083074 0.397361
v 0.168135 -0.105538 0.401767
v 0.167584 -0.045605 0.400869
v 0.173356 -0.007727 0.403530
v 0.172613 0.059472 0.403289
v 0.167265 0.161033 0.401385
v 0.168237 0.140045 0.402424
v 0.166649 0.182054 0.399615
v 0.165928 0.194787 0.396753
v 0.166998 0.230352 0.400201
v 0.171440 0.320600 0.402869
v 0.173392 0.346381 0.402334
v 0.166272 0.209965 0.396708
v 0.171867 -0.178573 0.404262
v 0.175708 0.364696 0.402570
v 0.175647 0.386059 0.402542
v 0.168460 0.275653 0.402188
v 0.175760 0.379709 0.402622
v 0.175166 -0.374767 0.403284
v 0.173206 0.393297 0.402891
v -0.173128 -0.351157 0.404040
v -0.175681 -0.373869 0.403429
v -0.165158 -0.114023 0.395681
v -0.165286 -0.135757 0.395590
v -0.165473 -0.098813 0.399104
v -0.164668 -0.154651 0.398977
v -0.172769 -0.281289 0.403790
v -0.175652 -0.384524 0.403196
v -0.173299 -0.393507 0.403154
v -0.171994 -0.225504 0.403733
v -0.167927 -0.189037 0.402685
v -0.163841 -0.017417 0.401121
v -0.170695 0.075334 0.402791
v -0.175460 0.134602 0.403476
v -0.165556 0.245017 0.396892
v -0.165407 0.224893 0.396601
v -0.164724 0.205514 0.399325
v -0.167034 0.260773 0.400913
v -0.169120 0.172327 0.403113
v -0.174656 0.110423 0.403402
v -0.166636 0.189716 0.401304
v -0.169694 0.292364 0.404672
v -0.172739 0.345997 0.404866
v -0.175561 0.370792 0.403625
v -0.172962 0.393741 0.403296
v -0.166511 0.027112 0.402199
v -0.153660 0.393776 0.400464
v -0.142966 0.403496 0.399126
v -0.143868 0.412933 0.403094
v -0.146178 0.397600 0.398866
v 0.144092 0.424187 0.403270
v 0.144560 0.406294 0.401809
v 0.163797 0.392658 0.403194
v 0.147893 0.398056 0.401448
v -0.143780 -0.424232 0.403504
v -0.143670 -0.406724 0.402857
v -0.154474 -0.393682 0.403417
v -0.146745 -0.397226 0.402282
v 0.154567 -0.394065 0.400894
v 0.144024 -0.404890 0.400654
v 0.144367 -0.424034 0.403191
v 0.147415 -0.398411 0.400152
v -0.115127 0.426177 0.403916
v -0.143406 0.424072 0.403882
v -0.130292 0.426453 0.403630
v 0.111910 0.425412 0.403610
v -0.144335 0.419177 0.403703
v 0.019189 0.423690 0.404812
v -0.030792 0.423560 0.405255
v 0.005250 0.426211 0.403819
v -0.013631 0.426325 0.403834
v -0.069727 0.423395 0.405936
v -0.099149 0.423467 0.405473
v 0.059400 0.423191 0.404881
v 0.115399 -0.426189 0.404205
v 0.004491 -0.423013 0.404971
v -0.015251 -0.419156 0.400972
v -0.034491 -0.422133 0.402913
v -0.043900 -0.418910 0.402768
v -0.064972 -0.421027 0.404572
v -0.104461 -0.423980 0.404361
v -0.119339 -0.426680 0.403685
v 0.131122 -0.426361 0.403451
v 0.099981 -0.423386 0.405736
v -0.053830 -0.418418 0.403582
v -0.025569 -0.421480 0.402204
v 0.056117 -0.423166 0.406327
v 0.174993 -0.394844 0.402313
v 0.176746 -0.354768 0.403425
v 0.178325 -0.253393 0.402913
v 0.169495 -0.082979 0.398861
v 0.170623 -0.105362 0.402766
v 0.170566 -0.045806 0.402025
v 0.176170 -0.007824 0.403678
v 0.175489 0.059499 0.403621
v 0.170090 0.161072 0.402875
v 0.170932 0.140096 0.403399
v 0.168962 0.182083 0.401519
v 0.168421 0.194944 0.398976
v 0.169551 0.230106 0.402238
v 0.174510 0.320642 0.403688
v 0.176573 0.346715 0.403516
v 0.169030 0.210097 0.398773
v 0.174929 -0.178459 0.404354
v 0.178606 0.365088 0.403230
v 0.178248 0.387094 0.402970
v 0.171934 0.275572 0.403343
v 0.178654 0.380006 0.402944
v 0.177460 -0.374763 0.402367
v 0.174813 0.395581 0.403314
v -0.176068 -0.351220 0.403739
v -0.178109 -0.373624 0.402516
v -0.167949 -0.114173 0.397772
v -0.168012 -0.135632 0.397716
v -0.167597 -0.098967 0.400809
v -0.167323 -0.154359 0.400743
v -0.175701 -0.281254 0.403849
v -0.177934 -0.384532 0.402460
v -0.174734 -0.395449 0.402475
v -0.174803 -0.225411 0.403995
v -0.170347 -0.188849 0.403838
v -0.166619 -0.018190 0.402961
v -0.174095 0.075056 0.403472
v -0.178235 0.134600 0.403037
v -0.168683 0.244880 0.398366
v -0.168029 0.224896 0.398042
v -0.167338 0.205863 0.400841
v -0.170040 0.260609 0.401919
v -0.171755 0.172485 0.404056
v -0.177489 0.110401 0.403221
v -0.169320 0.190081 0.402911
v -0.172871 0.292229 0.404921
v -0.175433 0.345961 0.404125
v -0.177492 0.370856 0.402207
v -0.174618 0.394945 0.401930
v -0.169320 0.026558 0.403259
v -0.154563 0.396360 0.400243
v -0.145821 0.404136 0.399153
v -0.146510 0.413460 0.402642
v -0.148349 0.399797 0.398918
v 0.145389 0.426528 0.402648
v 0.147378 0.407006 0.401802
v 0.164316 0.395808 0.403429
v 0.149835 0.400297 0.401528
v -0.145422 -0.426012 0.402631
v -0.146830 -0.407318 0.402489
v -0.155136 -0.396616 0.403191
v -0.148797 -0.399359 0.402056
v 0.155429 -0.397019 0.401247
v 0.146835 -0.405560 0.400552
v 0.145364 -0.425868 0.401657
v 0.149648 -0.400574 0.400435
v -0.115197 0.428231 0.402299
v -0.143532 0.426614 0.402224
v -0.130594 0.428343 0.401828
v 0.116109 0.429137 0.401761
v -0.146480 0.421686 0.402644
v 0.019213 0.426366 0.404034
v -0.030944 0.426166 0.404283
v 0.005226 0.428521 0.402539
v -0.013769 0.428544 0.402492
v -0.069763 0.426157 0.405127
v -0.099072 0.425990 0.404329
v 0.059372 0.426199 0.404493
v 0.115233 -0.428065 0.402350
v 0.004451 -0.425790 0.404385
v -0.015244 -0.421761 0.402138
v -0.034833 -0.424592 0.404141
v -0.044163 -0.421463 0.403857
v -0.064666 -0.423875 0.404646
v -0.104249 -0.426677 0.403597
v -0.119270 -0.429465 0.402711
v 0.131045 -0.428388 0.401902
v 0.099904 -0.425644 0.404122
v -0.053835 -0.421424 0.404409
v -0.025520 -0.423757 0.403565
v 0.056161 -0.425772 0.405302
v 0.172886 -0.260629 0.050998
v 0.171508 -0.364220 0.050998
v 0.167287 -0.399898 0.050998
v 0.176302 -0.092601 0.050998
v 0.174678 -0.007372 0.050998
v 0.174196 -0.119993 0.050998
v 0.175119 0.061890 0.050998
v 0.174046 -0.046764 0.050998
v 0.175797 0.190774 0.050998
v 0.175567 0.144863 0.050998
v 0.176865 0.204776 0.050998
v 0.176168 0.249813 0.050998
v 0.175603 0.319731 0.050998
v 0.176719 0.347852 0.050998
v 0.176286 0.219353 0.050998
v 0.174736 -0.189546 0.050998
v 0.173802 0.398015 0.050998
v 0.175834 0.369124 0.050998
v 0.176013 0.288559 0.050998
v 0.167984 -0.383598 0.050998
v 0.173223 0.384182 0.050998
v 0.171438 0.401867 0.050998
v -0.173338 -0.395675 0.050998
v -0.172212 -0.399762 0.050998
v -0.175777 -0.358589 0.050998
v -0.171711 -0.388092 0.050998
v -0.174657 -0.288259 0.050998
v -0.174419 -0.168462 0.050998
v -0.176452 -0.080786 0.050998
v -0.175112 -0.109028 0.050998
v -0.173828 -0.151735 0.050998
v -0.174958 -0.238940 0.050998
v -0.175213 -0.199495 0.050998
v -0.170309 -0.007171 0.050998
v -0.175218 0.187318 0.050998
v -0.175042 0.145008 0.050998
v -0.175592 0.078635 0.050998
v -0.174087 0.254758 0.050998
v -0.171649 0.230970 0.050998
v -0.173730 0.272499 0.050998
v -0.173090 0.214843 0.050998
v -0.174601 0.115004 0.050998
v -0.174480 0.200701 0.050998
v -0.172118 0.302111 0.050998
v -0.171030 0.357415 0.050998
v -0.166603 0.383893 0.050998
v -0.165449 0.400364 0.050998
v -0.175268 0.036586 0.050998
v -0.157807 0.404528 0.050998
v -0.145804 0.414637 0.050998
v -0.141743 0.423312 0.050998
v -0.149144 0.407077 0.050998
v 0.141316 0.430307 0.050998
v 0.144621 0.416450 0.050998
v 0.158746 0.403300 0.050998
v 0.149188 0.406905 0.050998
v 0.174902 0.167632 0.050998
v -0.144288 -0.426288 0.050998
v -0.144352 -0.415939 0.050998
v -0.157959 -0.403054 0.050998
v -0.149261 -0.406207 0.050998
v 0.156501 -0.404350 0.050998
v 0.145850 -0.414900 0.050998
v 0.141561 -0.423298 0.050998
v 0.149142 -0.408041 0.050998
v -0.109829 0.427282 0.050998
v -0.138673 0.424306 0.050998
v -0.128413 0.424109 0.050998
v 0.119322 0.431348 0.050998
v -0.141290 0.423608 0.050998
v 0.032301 0.430568 0.050998
v -0.030714 0.430523 0.050998
v 0.010479 0.430591 0.050998
v -0.011506 0.430593 0.050998
v -0.069988 0.430090 0.050998
v -0.093348 0.429300 0.050998
v 0.064565 0.430932 0.050998
v 0.112546 -0.426799 0.050998
v 0.003333 -0.429723 0.050998
v -0.016393 -0.432567 0.050998
v -0.037256 -0.430706 0.050998
v -0.047581 -0.431295 0.050998
v -0.075827 -0.433661 0.050998
v -0.106762 -0.433060 0.050998
v -0.125508 -0.431786 0.050998
v 0.138647 -0.423861 0.050998
v 0.099434 -0.428328 0.050998
v -0.057161 -0.432505 0.050998
v -0.026496 -0.432990 0.050998
v 0.051500 -0.428648 0.050998
v 0.178790 -0.260745 0.050998
v 0.177405 -0.364792 0.050998
v 0.179953 -0.046666 0.050998
v 0.182217 -0.092683 0.050998
v 0.180641 -0.189600 0.050998
v 0.180102 -0.120197 0.050998
v 0.181023 0.061855 0.050998
v 0.180582 -0.007438 0.050998
v 0.180810 0.167604 0.050998
v 0.181472 0.144933 0.050998
v 0.182778 0.204668 0.050998
v 0.181693 0.190436 0.050998
v 0.182190 0.219481 0.050998
v 0.181509 0.319653 0.050998
v 0.182628 0.347858 0.050998
v 0.181917 0.288610 0.050998
v 0.182073 0.249836 0.050998
v 0.181717 0.369753 0.050998
v 0.179148 0.384567 0.050998
v 0.179776 0.399567 0.050998
v 0.173865 -0.384255 0.050998
v 0.174963 0.407411 0.050998
v -0.176969 -0.404722 0.050998
v -0.179414 -0.395849 0.050998
v -0.177702 -0.387869 0.050998
v -0.181687 -0.358947 0.050998
v -0.180561 -0.288230 0.050998
v -0.181118 -0.199439 0.050998
v -0.180321 -0.168282 0.050998
v -0.181012 -0.109257 0.050998
v -0.182367 -0.080680 0.050998
v -0.179735 -0.151719 0.050998
v -0.180862 -0.238977 0.050998
v -0.176241 -0.007259 0.050998
v -0.181122 0.187469 0.050998
v -0.180946 0.144952 0.050998
v -0.180506 0.115041 0.050998
v -0.181497 0.078693 0.050998
v -0.181170 0.036229 0.050998
v -0.179997 0.254515 0.050998
v -0.177580 0.230932 0.050998
v -0.179631 0.272719 0.050998
v -0.178968 0.215394 0.050998
v -0.180368 0.201152 0.050998
v -0.178019 0.302330 0.050998
v -0.176924 0.357963 0.050998
v -0.172472 0.384588 0.050998
v -0.171113 0.404002 0.050998
v -0.160078 0.410014 0.050998
v -0.153438 0.411968 0.050998
v -0.151179 0.417082 0.050998
v -0.146378 0.427337 0.050998
v 0.150218 0.418431 0.050998
v 0.146030 0.435995 0.050998
v 0.153491 0.411593 0.050998
v 0.160141 0.409084 0.050998
v 0.173024 -0.403917 0.050998
v -0.150248 -0.417361 0.050998
v -0.150165 -0.430719 0.050998
v -0.153477 -0.410959 0.050998
v -0.159635 -0.408727 0.050998
v 0.158954 -0.409725 0.050998
v 0.153592 -0.412414 0.050998
v 0.151141 -0.417520 0.050998
v 0.145509 -0.428547 0.050998
v -0.143726 0.429069 0.050998
v -0.093808 0.435192 0.050998
v -0.110685 0.433125 0.050998
v -0.128857 0.430023 0.050998
v -0.139391 0.430225 0.050998
v 0.119439 0.437254 0.050998
v 0.064509 0.436836 0.050998
v 0.032270 0.436473 0.050998
v -0.011517 0.436497 0.050998
v -0.030758 0.436427 0.050998
v 0.010482 0.436496 0.050998
v -0.070121 0.435993 0.050998
v 0.139539 -0.429702 0.050998
v 0.113218 -0.432665 0.050998
v 0.051586 -0.434551 0.050998
v 0.003822 -0.435617 0.050998
v -0.015847 -0.438454 0.050998
v -0.026993 -0.438920 0.050998
v -0.037709 -0.436646 0.050998
v -0.047043 -0.437178 0.050998
v -0.056608 -0.438386 0.050998
v -0.075702 -0.439569 0.050998
v -0.107020 -0.438961 0.050998
v -0.126550 -0.437633 0.050998
v 0.099796 -0.434230 0.050998
v -0.180821 0.144852 0.058136
v -0.180998 0.187339 0.058089
v 0.180458 -0.007434 0.058132
v 0.179829 -0.046635 0.058086
v 0.145409 -0.428253 0.058182
v 0.139443 -0.429407 0.058248
v 0.172905 -0.403640 0.058212
v 0.158845 -0.409443 0.058177
v -0.181372 0.078638 0.058086
v -0.180382 0.114961 0.058104
v 0.180686 0.167487 0.058126
v 0.181347 0.144832 0.058080
v 0.113140 -0.432368 0.058331
v 0.099728 -0.433931 0.058310
v 0.153486 -0.412131 0.058163
v -0.181045 0.036204 0.058100
v 0.180898 0.061812 0.058089
v -0.047010 -0.436878 0.058316
v -0.056569 -0.438085 0.058278
v 0.151037 -0.417233 0.058155
v -0.177457 0.230772 0.058112
v -0.179873 0.254339 0.058113
v 0.182652 0.204527 0.058173
v 0.181568 0.190304 0.058168
v -0.015836 -0.438153 0.058259
v -0.026974 -0.438618 0.058290
v -0.179507 0.272530 0.058120
v 0.182065 0.219330 0.058096
v 0.051550 -0.434253 0.058337
v -0.146277 0.427042 0.058134
v -0.143627 0.428773 0.058128
v -0.178845 0.215245 0.058095
v 0.182503 0.347617 0.058151
v 0.181384 0.319432 0.058144
v -0.159525 -0.408446 0.058109
v -0.176847 -0.404445 0.058140
v -0.110608 0.432826 0.058227
v -0.093743 0.434891 0.058251
v -0.180244 0.201013 0.058087
v 0.181792 0.288410 0.058197
v 0.181947 0.249663 0.058145
v -0.139295 0.429928 0.058244
v -0.128768 0.429726 0.058207
v 0.179978 -0.120115 0.058123
v 0.180517 -0.189470 0.058202
v 0.119357 0.436952 0.058156
v 0.145929 0.435694 0.058095
v -0.177897 0.302121 0.058196
v 0.181592 0.369498 0.058190
v 0.032248 0.436171 0.058189
v 0.064465 0.436534 0.058135
v -0.176802 0.357716 0.058169
v 0.179652 0.399291 0.058203
v 0.179025 0.384301 0.058209
v -0.030736 0.436125 0.058240
v -0.011509 0.436196 0.058219
v -0.172354 0.384322 0.058205
v 0.010475 0.436194 0.058203
v -0.170995 0.403723 0.058173
v 0.177283 -0.364542 0.058279
v 0.173745 -0.383991 0.058263
v -0.176119 -0.007255 0.058145
v -0.070072 0.435692 0.058240
v -0.159968 0.409731 0.058121
v 0.174843 0.407129 0.058213
v -0.153332 0.411684 0.058117
v -0.179290 -0.395578 0.058128
v -0.151074 0.416794 0.058111
v -0.177579 -0.387602 0.058129
v -0.181562 -0.358700 0.058162
v 0.150115 0.418143 0.058146
v -0.180437 -0.288032 0.058174
v 0.003820 -0.435318 0.058403
v 0.153385 0.411308 0.058161
v -0.180993 -0.199302 0.058157
v -0.180196 -0.168167 0.058139
v 0.160031 0.408802 0.058145
v -0.180888 -0.109183 0.058136
v -0.182242 -0.080626 0.058089
v -0.037683 -0.436346 0.058286
v -0.179611 -0.151615 0.058125
v 0.178667 -0.260567 0.058300
v 0.182091 -0.092620 0.058087
v -0.075650 -0.439267 0.058316
v -0.180738 -0.238813 0.058169
v -0.106946 -0.438659 0.058341
v -0.150061 -0.430424 0.058177
v -0.150144 -0.417075 0.058120
v -0.126462 -0.437333 0.058218
v -0.153371 -0.410677 0.058116
v 0.064452 -0.373693 0.028342
v 0.063736 0.141365 0.051767
v 0.061881 0.141356 0.053514
v -0.062099 -0.450970 0.051308
v -0.063954 -0.450966 0.049561
v -0.062097 -0.452806 0.049554
v -0.050380 -0.440038 0.027421
v -0.048718 -0.438610 0.026354
v -0.048246 -0.442882 0.027396
v -0.062922 0.141183 0.053513
v -0.064777 0.141187 0.051766
v -0.064777 0.141267 0.030260
v -0.062922 0.141276 0.028513
v -0.065597 0.449497 0.052914
v -0.063742 0.449493 0.054661
v -0.063747 0.451342 0.052921
v 0.061881 0.141449 0.028514
v 0.063736 0.141445 0.030261
v -0.059003 -0.451200 0.036186
v -0.062097 -0.452771 0.040035
v -0.063954 -0.450931 0.040325
v -0.062478 -0.449394 0.037308
v -0.062232 -0.355222 0.026664
v -0.062230 -0.357021 0.051658
v -0.064087 -0.354901 0.028412
v -0.025329 -0.452675 0.028048
v -0.031944 -0.451129 0.027365
v -0.024598 -0.450825 0.026308
v 0.059211 -0.451335 0.049560
v 0.057130 -0.450804 0.051309
v 0.056046 -0.452642 0.049555
v 0.063242 -0.447318 0.049575
v 0.064549 -0.444171 0.049586
v 0.062696 -0.445259 0.051329
v 0.064549 -0.444104 0.031700
v 0.063242 -0.447255 0.032531
v 0.062945 -0.445694 0.029555
v 0.062687 -0.438508 0.026354
v 0.064542 -0.438689 0.028100
v 0.062941 -0.442714 0.027574
v 0.050609 -0.452569 0.028049
v 0.050428 -0.450720 0.026309
v 0.054658 -0.450966 0.027543
v 0.056046 -0.452575 0.031669
v 0.057650 -0.450969 0.029535
v 0.059211 -0.451271 0.032516
v 0.061610 0.443659 0.052893
v 0.061071 0.441585 0.054632
v 0.062929 0.440515 0.052881
v 0.054822 0.450384 0.052918
v 0.051836 0.451503 0.052922
v 0.052925 0.449655 0.054662
v 0.044272 0.449736 0.029662
v 0.042179 0.451570 0.031416
v 0.048501 0.449984 0.030898
v 0.062941 0.433256 0.031347
v 0.061083 0.433082 0.029600
v 0.061324 0.437280 0.030851
v 0.061318 0.442179 0.034161
v 0.061610 0.443719 0.036907
v 0.062926 0.440577 0.036294
v 0.051836 0.451543 0.042036
v 0.054815 0.450439 0.040111
v 0.057731 0.445732 0.034174
v 0.057213 0.448076 0.036914
v 0.046893 0.451570 0.033043
v -0.065118 0.440513 0.031247
v 0.034467 0.451559 0.031416
v 0.034470 0.449723 0.029662
v 0.010323 -0.452706 0.049555
v -0.063727 0.439058 0.029622
v 0.010545 -0.450869 0.051308
v -0.063739 0.442213 0.030873
v -0.063747 0.451385 0.041395
v -0.063750 0.450090 0.038395
v -0.065599 0.449543 0.040543
v 0.064451 -0.373641 0.049849
v 0.062596 -0.373254 0.051597
v -0.064086 -0.356259 0.049914
v 0.062597 -0.373611 0.026596
v -0.000520 0.141269 0.053513
v -0.001336 0.445539 0.054647
v 0.000183 -0.365137 0.051628
v -0.001322 0.436070 0.029611
v 0.012640 -0.452622 0.028048
v 0.012915 -0.450772 0.026308
v 0.006984 -0.438559 0.026354
v -0.000520 0.141363 0.028514
v 0.000182 -0.364416 0.026630
v -0.000819 0.451430 0.052922
v -0.001249 0.449580 0.054662
v -0.003314 -0.452207 0.384866
v -0.165869 -0.427207 0.420698
v -0.185519 -0.429733 0.301050
v -0.166181 -0.428574 0.423224
v -0.013151 -0.445443 0.423224
v -0.003314 -0.427207 0.303576
v -0.003314 -0.429733 0.301050
v -0.003314 -0.449681 0.301050
v -0.003314 -0.452207 0.303498
v 0.070102 -0.448872 0.423224
v 0.068865 -0.452207 0.420932
v -0.043139 -0.449681 0.423224
v -0.042474 -0.452207 0.420288
v -0.011876 -0.446320 0.419850
v -0.010293 -0.427207 0.420698
v -0.010497 -0.428759 0.423224
v -0.167858 -0.452207 0.420303
v -0.167534 -0.449681 0.423224
v -0.199831 -0.427207 0.316105
v -0.202357 -0.438451 0.415948
v -0.200639 -0.439071 0.420206
v -0.200715 -0.434535 0.418318
v -0.199361 -0.438248 0.421492
v -0.195116 -0.437440 0.423224
v -0.195149 -0.431990 0.421415
v -0.199286 -0.433614 0.419758
v -0.199831 -0.427207 0.407571
v -0.202357 -0.429733 0.407229
v -0.200715 -0.429450 0.413233
v -0.196038 -0.427207 0.413839
v -0.199286 -0.429450 0.415594
v -0.195149 -0.429015 0.418440
v -0.202357 -0.440800 0.415948
v -0.200641 -0.442502 0.420203
v -0.195140 -0.446947 0.421810
v -0.195116 -0.442189 0.423224
v -0.199359 -0.443210 0.421495
v -0.196212 -0.452207 0.415628
v -0.195140 -0.450085 0.419754
v -0.199357 -0.449850 0.417148
v -0.202357 -0.449681 0.410132
v -0.199883 -0.452207 0.410602
v -0.200643 -0.449850 0.415387
v -0.202357 -0.449681 0.314316
v -0.199885 -0.452207 0.311894
v -0.185582 -0.449681 0.301050
v -0.189089 -0.452207 0.303495
v -0.197739 -0.427207 0.303576
v -0.196259 -0.429733 0.301050
v -0.200571 -0.429733 0.302836
v -0.202357 -0.429733 0.307148
v -0.199831 -0.427207 0.305668
v -0.199950 -0.449698 0.305303
v -0.202357 -0.446736 0.307148
v -0.200571 -0.445903 0.302836
v -0.197987 -0.449399 0.303550
v -0.196259 -0.446539 0.301050
v 0.194488 -0.427207 0.303576
v 0.197320 -0.429733 0.302836
v 0.193008 -0.429733 0.301050
v 0.194831 -0.449307 0.303503
v 0.193008 -0.446373 0.301050
v 0.197320 -0.445526 0.302836
v 0.184180 -0.449681 0.301050
v 0.187179 -0.452207 0.303495
v 0.202357 -0.449681 0.318311
v 0.199909 -0.452207 0.315739
v 0.199831 -0.427207 0.312706
v 0.202357 -0.429733 0.312203
v 0.197154 -0.427207 0.306242
v 0.199295 -0.429733 0.304811
v 0.197337 -0.449367 0.305963
v 0.199295 -0.445523 0.304811
v 0.199923 -0.450828 0.312206
v 0.202357 -0.447245 0.312203
v 0.199831 -0.452207 0.412690
v 0.202357 -0.449681 0.412193
v 0.200004 -0.449664 0.415666
v 0.178856 -0.452207 0.420924
v 0.181590 -0.449719 0.423224
v 0.195743 -0.427207 0.420698
v 0.195676 -0.428855 0.423224
v 0.199831 -0.427207 0.416609
v 0.200564 -0.429053 0.419209
v 0.202357 -0.429733 0.414780
v 0.202357 -0.429733 0.387649
v 0.199831 -0.427207 0.387586
v 0.049329 -0.452207 0.385722
v 0.109974 -0.449681 0.301050
v 0.109917 -0.429733 0.301050
v 0.199906 -0.452207 0.379458
v 0.202357 -0.449681 0.380780
v 0.199833 -0.450398 0.383756
v 0.199835 -0.447796 0.389824
v 0.199833 -0.447842 0.386248
v 0.202357 -0.442315 0.387963
v 0.199831 -0.452207 0.396876
v 0.199835 -0.450440 0.392535
v 0.202357 -0.449681 0.395517
v 0.084835 -0.428804 0.423224
v 0.110186 -0.452207 0.303496
v 0.110138 -0.427207 0.303576
v 0.086952 -0.427207 0.420698
v 0.092543 -0.427207 0.391287
v -0.008547 -0.427207 0.391398
v 0.195389 -0.427207 0.387739
v 0.107120 -0.427207 0.318622
v -0.004212 -0.427207 0.318641
v 0.194643 -0.427207 0.318014
v 0.199831 -0.427207 0.318127
v 0.202357 -0.429733 0.317913
v 0.196897 -0.427207 0.318097
v -0.202357 -0.429733 0.315945
v -0.185459 -0.427207 0.316291
v -0.185598 -0.427207 0.303576
v -0.171057 -0.427207 0.393051
v -0.171113 -0.452207 0.402394
v -0.198878 -0.427207 0.172838
v -0.201878 -0.430207 0.172862
v -0.198853 -0.430207 0.175838
v -0.199801 -0.452207 0.059515
v -0.202786 -0.449207 0.061296
v -0.200527 -0.449207 0.055975
v -0.195244 -0.449207 0.053630
v -0.196933 -0.452207 0.056599
v -0.202350 -0.430207 0.114807
v -0.196977 -0.427207 0.056644
v -0.195244 -0.430207 0.053630
v -0.200527 -0.430207 0.055975
v -0.199801 -0.427207 0.059515
v 0.199417 -0.452207 0.112843
v -0.202786 -0.430207 0.061296
v -0.191001 -0.452207 0.172774
v -0.192362 -0.449207 0.175785
v -0.196156 -0.450076 0.172829
v -0.198853 -0.442716 0.175838
v -0.201878 -0.441330 0.172862
v -0.199747 -0.446485 0.172858
v -0.199362 -0.452207 0.113395
v 0.202361 -0.449207 0.112780
v -0.202362 -0.449207 0.113419
v 0.200574 -0.430207 0.170329
v 0.197070 -0.427207 0.169613
v 0.195337 -0.430207 0.172628
v 0.199801 -0.427207 0.166838
v 0.202787 -0.430207 0.165056
v 0.202787 -0.443166 0.165056
v 0.200574 -0.442596 0.170329
v 0.199865 -0.446459 0.166954
v 0.199607 -0.452207 0.136248
v 0.202555 -0.449207 0.136612
v 0.188035 -0.449207 0.172687
v 0.186912 -0.452207 0.169696
v 0.192667 -0.450393 0.169722
v 0.195337 -0.444043 0.172628
v 0.197557 -0.447208 0.170372
v 0.199767 -0.430207 0.054660
v 0.198915 -0.427207 0.058031
v 0.201930 -0.430207 0.059764
v 0.197625 -0.430207 0.052552
v 0.192486 -0.430207 0.050473
v 0.194268 -0.427207 0.053458
v 0.192486 -0.443276 0.050473
v 0.197625 -0.442345 0.052552
v 0.194446 -0.446317 0.053469
v 0.169749 -0.449207 0.050658
v 0.173090 -0.452207 0.053584
v 0.202117 -0.449207 0.082768
v 0.199146 -0.452207 0.079405
v 0.201930 -0.442614 0.059764
v 0.199064 -0.446292 0.057757
v 0.199767 -0.442105 0.054660
v 0.199358 -0.427207 0.112434
v 0.202358 -0.430207 0.112410
v -0.199348 -0.427207 0.115030
v 0.194062 -0.427207 0.112582
v 0.185315 -0.427207 0.169709
v 0.183634 -0.430207 0.172723
v 0.182384 -0.427207 0.112909
v 0.172993 -0.427207 0.053632
v 0.172039 -0.430207 0.050639
v 0.180147 -0.452207 0.112870
v -0.183643 -0.452207 0.113373
v -0.193076 -0.427207 0.114995
v -0.193123 -0.427207 0.172791
v -0.192788 -0.430207 0.175788
v -0.037280 -0.452207 0.289823
v 0.097625 -0.452207 0.284711
v -0.200289 -0.429275 0.177911
v -0.202357 -0.429275 0.179980
v -0.200289 -0.427207 0.179980
v 0.200289 -0.429275 0.298938
v 0.202357 -0.429275 0.296869
v 0.200289 -0.427207 0.296869
v 0.097625 -0.450138 0.177911
v 0.097625 -0.452207 0.179980
v -0.037280 -0.452207 0.179980
v -0.037280 -0.450138 0.177911
v 0.097625 -0.427207 0.296869
v 0.097625 -0.429275 0.298938
v -0.037280 -0.427207 0.296869
v -0.037280 -0.429275 0.298938
v -0.037280 -0.427207 0.179980
v -0.037280 -0.429275 0.177911
v 0.097625 -0.427207 0.179980
v 0.097625 -0.429275 0.177911
v -0.037280 -0.450090 0.296923
v -0.037280 -0.447399 0.298938
v -0.094966 -0.450138 0.298938
v -0.094874 -0.452207 0.296920
v 0.097625 -0.445794 0.298938
v 0.097625 -0.448497 0.296926
v 0.112188 -0.450138 0.298938
v 0.112150 -0.452207 0.296923
v -0.130712 -0.452207 0.296918
v -0.131058 -0.450138 0.298938
v -0.037280 -0.452207 0.226029
v -0.200631 -0.439346 0.297207
v -0.202357 -0.439541 0.293407
v -0.094282 -0.427207 0.179980
v 0.097625 -0.452207 0.223886
v -0.200294 -0.443253 0.296050
v -0.196846 -0.444298 0.297468
v -0.196836 -0.440739 0.298938
v -0.197360 -0.452207 0.287395
v -0.196846 -0.450736 0.291029
v -0.199809 -0.450239 0.288601
v -0.202357 -0.450138 0.278560
v -0.200289 -0.452207 0.278877
v -0.094587 -0.452207 0.224905
v -0.202357 -0.433682 0.293407
v -0.200631 -0.434680 0.297207
v -0.200566 -0.431148 0.295200
v -0.200289 -0.427207 0.286969
v -0.202357 -0.429275 0.287167
v -0.200566 -0.428670 0.291691
v -0.190613 -0.429275 0.298938
v -0.190412 -0.427207 0.296869
v -0.195125 -0.428670 0.297145
v -0.196835 -0.433681 0.298938
v -0.198626 -0.431148 0.297145
v 0.097625 -0.427207 0.212311
v 0.197051 -0.449971 0.178492
v 0.195474 -0.452207 0.179980
v 0.194699 -0.450138 0.177911
v 0.200894 -0.429621 0.182067
v 0.200289 -0.427207 0.184358
v 0.202357 -0.429275 0.185594
v 0.197026 -0.429627 0.178441
v 0.194699 -0.429275 0.177911
v 0.195911 -0.427207 0.179980
v 0.200326 -0.443256 0.297449
v 0.202357 -0.440360 0.296869
v 0.200289 -0.439634 0.298938
v 0.118646 -0.427207 0.179980
v 0.161548 -0.450138 0.298938
v 0.161362 -0.452207 0.296921
v 0.199193 -0.449965 0.182892
v 0.202357 -0.447212 0.185809
v 0.200895 -0.450744 0.185652
v 0.197363 -0.452207 0.183860
v 0.118387 -0.450138 0.177911
v 0.151169 -0.452207 0.179980
v 0.199662 -0.449731 0.292018
v 0.197363 -0.452207 0.289201
v 0.200895 -0.450744 0.288805
v 0.150745 -0.450138 0.177911
v 0.118553 -0.452207 0.179980
v 0.202357 -0.447212 0.290016
v -0.200341 -0.445662 0.179839
v -0.202357 -0.442993 0.179980
v -0.200289 -0.442770 0.177911
v -0.173439 -0.452207 0.223358
v -0.170363 -0.450138 0.177911
v -0.170254 -0.452207 0.179980
v -0.200289 -0.452207 0.222831
v -0.202357 -0.450138 0.222831
v -0.037280 -0.427207 0.212311
v -0.202357 -0.445232 0.185551
v -0.200731 -0.448042 0.183569
v -0.200888 -0.449129 0.188146
v -0.195857 -0.452207 0.189157
v -0.199391 -0.450738 0.188994
v -0.197024 -0.450599 0.185994
v -0.200289 -0.427207 0.220422
v -0.202357 -0.429275 0.220747
v -0.172715 -0.427207 0.179980
v -0.172715 -0.429275 0.177911
v -0.172715 -0.427207 0.219050
v -0.101815 -0.429275 0.298938
v -0.101731 -0.427207 0.296869
v -0.093292 -0.450138 0.177911
v -0.093246 -0.452207 0.179980
v -0.094282 -0.429275 0.177911
v -0.094282 -0.427207 0.215147
v 0.151408 -0.427207 0.179980
v 0.150745 -0.429275 0.177911
v 0.118387 -0.429275 0.177911
v 0.200289 -0.427207 0.225759
v 0.202357 -0.429275 0.226541
v 0.155116 -0.452207 0.225262
v 0.116151 -0.452207 0.223848
v 0.202357 -0.447212 0.226291
v 0.200895 -0.450744 0.225702
v 0.197363 -0.452207 0.225741
v 0.164123 -0.427207 0.221022
v 0.161370 -0.427207 0.296869
v 0.161427 -0.429275 0.298938
v 0.118578 -0.429275 0.298938
v 0.119966 -0.427207 0.296869
v 0.128788 -0.427207 0.216393
v 0.202244 0.449628 0.305051
v 0.199238 0.449621 0.302057
v 0.199244 0.452628 0.305057
v 0.199238 0.430628 0.302057
v 0.202244 0.430628 0.305051
v 0.199244 0.427628 0.305057
v 0.199470 0.427628 0.421231
v 0.202470 0.430628 0.421225
v 0.199476 0.430628 0.424231
v -0.168652 0.452628 0.305772
v -0.172177 0.449621 0.302778
v -0.199458 0.427628 0.312036
v -0.202452 0.430628 0.314897
v -0.200291 0.430556 0.309551
v -0.193219 0.430365 0.303291
v -0.193265 0.427628 0.305819
v -0.189324 0.452628 0.312383
v -0.192142 0.449615 0.309162
v -0.195410 0.450711 0.315305
v -0.200084 0.443977 0.314045
v -0.202445 0.442600 0.318690
v -0.200097 0.447442 0.318100
v -0.199377 0.427628 0.353519
v -0.202373 0.449628 0.355814
v -0.199333 0.452628 0.355518
v -0.199211 0.452628 0.419257
v -0.202253 0.449628 0.417467
v -0.199971 0.449628 0.422735
v -0.196457 0.452628 0.422000
v 0.077871 0.427628 0.354950
v -0.194694 0.449628 0.424996
v -0.196457 0.427628 0.422000
v -0.194694 0.430628 0.424996
v -0.199971 0.430628 0.422735
v -0.202253 0.430628 0.417467
v -0.199249 0.427628 0.419219
v -0.202377 0.430628 0.353744
v 0.199476 0.438211 0.424231
v 0.202470 0.439692 0.421225
v 0.199479 0.443350 0.422104
v 0.202451 0.449628 0.411289
v 0.199448 0.452628 0.409813
v 0.199465 0.450502 0.414953
v 0.081432 0.449628 0.424460
v 0.080796 0.427628 0.421461
v 0.081426 0.452628 0.421460
v 0.202341 0.430628 0.354821
v 0.199341 0.427628 0.354995
v 0.199336 0.450564 0.350387
v 0.199348 0.450446 0.356938
v 0.202340 0.442808 0.354138
v 0.202326 0.449628 0.346921
v 0.199322 0.452628 0.345198
v 0.081329 0.430628 0.424460
v 0.071046 0.452628 0.354219
v 0.071869 0.452628 0.305304
v 0.075687 0.427628 0.305297
v 0.202352 0.449628 0.360583
v 0.072804 0.449621 0.302303
v 0.199355 0.452628 0.362007
v 0.075698 0.430545 0.302446
v -0.179080 0.452628 0.355421
v -0.185808 0.427628 0.353589
v -0.202357 0.449628 0.173670
v -0.199357 0.449628 0.176670
v -0.199357 0.452628 0.173670
v -0.202357 0.430628 0.173670
v -0.199357 0.427628 0.173670
v -0.199357 0.430628 0.176670
v -0.202357 0.449628 0.117778
v -0.100614 0.430628 0.054496
v -0.067452 0.449628 0.054496
v -0.067452 0.452628 0.057597
v -0.101072 0.427628 0.057496
v -0.100614 0.449628 0.054496
v -0.101097 0.452628 0.057596
v -0.099257 0.427628 0.173670
v -0.067452 0.427628 0.173670
v -0.067452 0.430628 0.176670
v -0.067452 0.427628 0.057496
v -0.067452 0.430628 0.054496
v -0.099257 0.430628 0.176670
v 0.012302 0.427628 0.115583
v -0.099316 0.452628 0.173670
v -0.099294 0.449628 0.176670
v -0.067452 0.444196 0.176670
v -0.067452 0.446930 0.175430
v 0.008275 0.449628 0.176670
v 0.007760 0.452628 0.173443
v -0.067452 0.452012 0.169085
v -0.067452 0.452628 0.167434
v 0.193038 0.449685 0.174477
v 0.190068 0.452628 0.173405
v 0.187821 0.449628 0.176670
v 0.200194 0.430567 0.172584
v 0.199357 0.427628 0.170031
v 0.202357 0.430628 0.167278
v 0.193028 0.430628 0.176670
v 0.195718 0.427628 0.173670
v 0.198313 0.430573 0.174511
v -0.196822 0.452628 0.057593
v -0.194968 0.449628 0.054496
v -0.200163 0.449628 0.056691
v -0.202357 0.449628 0.061886
v -0.199357 0.452628 0.060128
v -0.199357 0.427628 0.060128
v -0.202357 0.430628 0.061886
v -0.200163 0.430628 0.056691
v -0.196725 0.427628 0.057496
v -0.194968 0.430628 0.054496
v 0.192240 0.449687 0.056220
v 0.186452 0.449628 0.054496
v 0.188589 0.452628 0.057630
v 0.196457 0.427628 0.057496
v 0.193407 0.430628 0.054496
v 0.197424 0.430557 0.056118
v 0.200601 0.430609 0.058471
v 0.202357 0.430628 0.062734
v 0.199357 0.427628 0.060397
v 0.200228 0.445817 0.168190
v 0.202357 0.443954 0.163407
v 0.199521 0.449791 0.164378
v 0.193684 0.452628 0.169629
v 0.196358 0.449688 0.171066
v 0.195950 0.449661 0.058846
v 0.193684 0.452628 0.061006
v 0.199521 0.449791 0.064391
v 0.198879 0.444186 0.058488
v 0.202357 0.443955 0.065102
v 0.199357 0.427628 0.115214
v 0.202357 0.430628 0.115006
v 0.193684 0.452628 0.115318
v 0.199521 0.449791 0.114385
v 0.202357 0.443954 0.114254
v -0.067452 0.427628 0.115583
v 0.189329 0.452628 0.115518
v 0.012302 0.449628 0.054496
v 0.012302 0.452628 0.057604
v 0.012302 0.430628 0.176670
v 0.012302 0.427628 0.173670
v 0.012302 0.430628 0.054496
v 0.012302 0.427628 0.057496
v -0.067452 0.452628 0.112516
v 0.010031 0.452628 0.115523
v -0.199357 0.452628 0.116899
v -0.199357 0.427628 0.116899
v -0.202357 0.430628 0.117778
v -0.100237 0.452628 0.113605
v -0.100159 0.427628 0.115910
v -0.190959 0.430628 0.176670
v -0.190962 0.449628 0.176670
v -0.190964 0.452628 0.173670
v -0.190959 0.427628 0.173670
v -0.191041 0.452628 0.116623
v -0.191035 0.427628 0.116816
v 0.183007 0.427628 0.173670
v 0.147513 0.452628 0.173414
v 0.154245 0.449628 0.176670
v 0.162833 0.452628 0.057626
v 0.180348 0.430628 0.054496
v 0.166676 0.449628 0.054496
v 0.174164 0.430628 0.176670
v 0.183633 0.427628 0.057496
v 0.147476 0.452628 0.115519
v 0.185895 0.427628 0.115241
v 0.188456 0.444154 0.054496
v 0.193916 0.443506 0.056187
v -0.199357 0.430628 0.299739
v -0.202357 0.428928 0.296739
v -0.199357 0.427628 0.296739
v 0.199357 0.427628 0.181713
v 0.199357 0.430628 0.178713
v 0.202357 0.430628 0.181713
v 0.196526 0.452628 0.296739
v 0.194752 0.449628 0.299739
v 0.200055 0.449628 0.297385
v 0.199357 0.452628 0.293829
v 0.115197 0.452628 0.296739
v 0.202357 0.449628 0.292030
v 0.199357 0.427628 0.293651
v 0.202357 0.430628 0.291921
v 0.199929 0.430628 0.297330
v 0.194501 0.430628 0.299739
v 0.196230 0.427628 0.296739
v 0.114407 0.430628 0.299739
v 0.199357 0.452628 0.191345
v 0.202357 0.449628 0.189877
v 0.199365 0.450501 0.186203
v 0.202357 0.441464 0.181713
v 0.199357 0.439996 0.178713
v 0.199365 0.445137 0.180839
v 0.104483 0.452628 0.181713
v 0.115784 0.427628 0.296739
v 0.104483 0.449628 0.178713
v -0.194733 0.449714 0.183008
v -0.190565 0.452628 0.181713
v -0.190631 0.449628 0.178713
v -0.198648 0.431171 0.180967
v -0.199357 0.452628 0.245656
v -0.202357 0.449711 0.245405
v -0.199357 0.427628 0.185395
v -0.202357 0.428860 0.187569
v -0.193441 0.430628 0.178713
v -0.195675 0.427628 0.181713
v -0.202357 0.438244 0.296739
v -0.199357 0.436704 0.299739
v -0.199374 0.442202 0.297960
v -0.126749 0.449628 0.299739
v -0.126821 0.452628 0.296739
v 0.109854 0.452628 0.239382
v -0.202357 0.449708 0.288429
v -0.199374 0.450192 0.292167
v -0.199357 0.452628 0.287379
v 0.115103 0.449628 0.299739
v 0.110898 0.430628 0.178713
v 0.111556 0.427628 0.181713
v 0.199357 0.427628 0.237682
v 0.202357 0.430628 0.237425
v 0.113571 0.427628 0.236538
v 0.202357 0.449628 0.237513
v 0.199357 0.452628 0.237566
v -0.121870 0.427628 0.181713
v -0.119687 0.452628 0.181713
v -0.119737 0.449628 0.178713
v -0.120331 0.430628 0.178713
v -0.125077 0.452628 0.244149
v -0.124536 0.430628 0.299739
v -0.124473 0.427628 0.296739
v -0.199357 0.427628 0.241511
v -0.123155 0.427628 0.238508
v -0.202357 0.428894 0.241989
v 0.177898 -0.000000 0.380332
v 0.202898 -0.000000 0.380332
v 0.180097 -0.426736 0.303495
v 0.177898 -0.424537 0.303495
v 0.180097 -0.424537 0.301295
v 0.200698 -0.426736 0.303495
v 0.200698 -0.424537 0.301295
v 0.202898 -0.424537 0.303495
v 0.177898 -0.424537 0.421270
v 0.180097 -0.426736 0.421270
v 0.180097 -0.424537 0.423469
v 0.177898 0.000000 0.303495
v 0.180097 0.000000 0.301295
v 0.180097 0.000000 0.423469
v 0.177898 -0.000000 0.421270
v 0.200698 0.000000 0.301295
v 0.202898 0.000000 0.303495
v 0.177898 0.425295 0.303495
v 0.180097 0.427494 0.303495
v 0.180097 0.425295 0.301295
v 0.202898 -0.000000 0.421270
v 0.200698 0.000000 0.423469
v 0.202898 -0.424537 0.421270
v 0.200698 -0.424537 0.423469
v 0.200698 -0.426736 0.421270
v 0.177898 -0.424537 0.380332
v 0.180097 -0.426736 0.380332
v 0.177898 0.425295 0.380332
v 0.180097 0.427494 0.380332
v 0.200698 -0.426736 0.380332
v 0.202898 -0.424537 0.380332
v 0.201272 0.425295 0.381958
v 0.201272 0.425295 0.378706
v 0.196477 0.427494 0.380332
v 0.200698 0.427494 0.384553
v 0.202898 0.425295 0.385784
v 0.202898 0.218057 0.380332
v 0.200698 0.427494 0.376111
v 0.202898 0.425295 0.374880
v 0.179693 0.425699 0.419232
v 0.180097 0.427494 0.414730
v 0.177898 0.425295 0.414730
v 0.179693 0.423257 0.421674
v 0.177898 0.418755 0.421270
v 0.180097 0.418755 0.423469
v 0.201102 0.423257 0.421674
v 0.200698 0.418755 0.423469
v 0.202898 0.418755 0.421270
v 0.201102 0.425699 0.419232
v 0.202898 0.425295 0.414730
v 0.200698 0.427494 0.414730
v 0.180820 0.424384 0.421674
v 0.183527 0.422185 0.423469
v 0.184815 0.425939 0.421914
v 0.180820 0.425699 0.420359
v 0.183527 0.427494 0.418160
v 0.199975 0.425699 0.420359
v 0.197268 0.427494 0.418160
v 0.195980 0.425939 0.421914
v 0.197268 0.422185 0.423469
v 0.199975 0.424384 0.421674
v 0.200698 0.427494 0.310423
v 0.202898 0.425295 0.311559
v 0.201341 0.425298 0.307797
v 0.202898 0.313090 0.303494
v 0.200698 0.313090 0.301295
v 0.193770 0.427494 0.303495
v 0.196396 0.425298 0.302852
v 0.192634 0.425295 0.301295
v 0.177898 -0.424537 0.322901
v 0.180097 -0.426736 0.322901
v 0.202898 -0.371368 0.322901
v 0.202898 -0.424537 0.330739
v 0.200698 -0.426736 0.329751
v 0.201334 -0.424549 0.326955
v 0.198844 -0.424549 0.321337
v 0.198844 -0.424549 0.324464
v 0.193848 -0.426736 0.322901
v 0.202898 -0.424537 0.315062
v 0.201334 -0.424549 0.318847
v 0.200698 -0.426736 0.316050
v 0.177898 -0.370770 0.303495
v 0.180097 -0.370770 0.301295
v 0.202898 -0.370770 0.421270
v 0.200698 -0.370770 0.423469
v 0.202898 -0.370770 0.303495
v 0.200698 -0.370770 0.301295
v 0.177898 -0.370770 0.421270
v 0.180097 -0.370770 0.423469
v 0.177898 -0.370770 0.322901
v 0.177898 -0.370770 0.380332
v 0.202898 -0.370770 0.380332
v 0.180097 0.223540 0.301295
v 0.177898 0.223540 0.303495
v 0.177898 0.223540 0.380332
v 0.200698 0.227165 0.301295
v 0.202898 0.227124 0.303495
v 0.180097 0.223647 0.423470
v 0.200698 0.220208 0.423469
v 0.202898 0.218824 0.421270
v 0.177898 0.223643 0.421270
v 0.196188 -0.452715 0.048301
v 0.199374 -0.449551 0.048313
v 0.196188 -0.449562 0.051313
v 0.196188 -0.452645 0.029302
v 0.196188 -0.449469 0.026313
v 0.199374 -0.449480 0.029313
v 0.072828 -0.452715 0.048301
v 0.072828 -0.449562 0.051313
v 0.069643 -0.449551 0.048313
v 0.199374 -0.052157 0.049793
v 0.196188 -0.052168 0.052793
v 0.072828 -0.052533 0.027792
v 0.069643 -0.052086 0.030793
v 0.072828 -0.052168 0.052793
v 0.069643 -0.052157 0.049793
v 0.199374 0.448340 0.032657
v 0.196188 0.448351 0.029657
v 0.196188 0.451505 0.032669
v 0.199374 0.426638 0.051576
v 0.196188 0.425484 0.054572
v 0.069643 0.424459 0.032568
v 0.072828 0.425975 0.029573
v 0.199374 0.431504 0.032594
v 0.196188 0.431515 0.029594
v 0.072828 0.425881 0.054573
v 0.069643 0.424389 0.051568
v 0.072828 0.056255 0.053197
v 0.069643 0.056266 0.050197
v 0.196188 0.056255 0.053197
v 0.199374 0.056266 0.050197
v 0.072828 0.056348 0.028197
v 0.069643 0.056337 0.031197
v 0.185380 -0.068726 0.027731
v 0.190784 -0.065717 0.029807
v 0.196971 -0.055918 0.035671
v 0.199374 -0.052124 0.040968
v 0.196188 -0.180934 0.027313
v 0.196188 -0.179372 0.052319
v 0.199374 -0.181385 0.030312
v 0.199374 0.056271 0.048741
v 0.197764 0.056292 0.043102
v 0.190151 0.056338 0.030730
v 0.185382 0.056348 0.028197
v 0.199374 0.160427 0.031585
v 0.199374 0.163465 0.050596
v 0.196188 0.160532 0.028585
v 0.084283 -0.449469 0.026313
v 0.084975 -0.452645 0.029302
v 0.076779 -0.451057 0.029113
v 0.072828 -0.452687 0.040741
v 0.069643 -0.449520 0.040100
v 0.072621 -0.451072 0.033028
v 0.072828 -0.444806 0.026331
v 0.072621 -0.449365 0.029119
v 0.069643 -0.444818 0.029331
v 0.079702 0.448258 0.054657
v 0.081568 0.451434 0.051668
v 0.076130 0.449196 0.051660
v 0.069643 0.439587 0.051624
v 0.072828 0.441430 0.054631
v 0.071895 0.444989 0.051644
v 0.072828 0.441523 0.029631
v 0.069643 0.439658 0.032624
v 0.071895 0.445060 0.032645
v 0.079702 0.448351 0.029657
v 0.076130 0.449267 0.032660
v 0.081568 0.451505 0.032669
v 0.113419 0.451434 0.051668
v 0.113448 0.448258 0.054657
v 0.129104 -0.060630 0.027761
v 0.196188 0.440940 0.054629
v 0.199374 0.442359 0.051635
v 0.196196 0.446148 0.052335
v 0.196188 0.451465 0.043294
v 0.196196 0.449419 0.048621
v 0.199374 0.448295 0.044896
v 0.199374 -0.179361 0.049319
v 0.072828 -0.145108 0.052447
v 0.069643 -0.145097 0.049447
v 0.069643 -0.144499 0.030449
v 0.072828 -0.144458 0.027449
v 0.196188 0.163454 0.053596
v 0.069643 0.163536 0.031596
v 0.072828 0.163547 0.028596
v 0.069643 0.163465 0.050596
v 0.072828 0.163454 0.053596
v 0.134508 -0.452715 0.048301
v 0.134508 -0.449562 0.051313
v 0.134508 -0.052168 0.052793
v 0.134508 0.056255 0.053197
v 0.134508 0.425683 0.054573
v 0.134508 -0.162240 0.052383
v 0.134508 0.163454 0.053596
v 0.129105 0.056348 0.028197
v 0.097306 0.427074 0.029578
v 0.134508 -0.162696 0.027381
v 0.134508 0.162040 0.028591
v 0.103280 0.448351 0.029657
v 0.105430 0.451505 0.032669
v 0.134508 -0.449469 0.026313
v 0.134508 -0.452645 0.029302
v -0.179160 0.000586 0.268040
v -0.204116 0.000586 0.266252
v -0.183100 -0.426150 0.297796
v -0.180102 -0.423150 0.297891
v -0.183195 -0.423150 0.300794
v -0.202091 -0.426150 0.297197
v -0.202186 -0.423150 0.300195
v -0.205093 -0.423150 0.297209
v -0.176438 -0.423150 0.181774
v -0.179436 -0.426150 0.181680
v -0.179342 -0.423150 0.178681
v -0.180102 0.000586 0.297891
v -0.183195 0.000586 0.300795
v -0.176438 0.000586 0.181774
v -0.179341 0.000586 0.178681
v -0.202185 0.000586 0.300195
v -0.205093 0.000586 0.297213
v -0.180102 0.425081 0.297891
v -0.183100 0.428081 0.297796
v -0.183195 0.425081 0.300795
v -0.179436 0.428081 0.181680
v -0.176437 0.425081 0.181775
v -0.179341 0.425081 0.178681
v -0.198426 0.428081 0.181081
v -0.198332 0.425081 0.178082
v -0.201425 0.425082 0.180986
v -0.198427 -0.426150 0.181080
v -0.201425 -0.423150 0.180986
v -0.198332 -0.423150 0.178082
v -0.201425 0.012840 0.180986
v -0.198332 0.012860 0.178082
v -0.180102 -0.221396 0.297891
v -0.191998 -0.002413 0.180182
v -0.194891 0.003122 0.180460
v -0.186096 0.000586 0.178468
v -0.198332 -0.336067 0.178082
v -0.201435 -0.336264 0.181300
v -0.183195 -0.204341 0.300795
v -0.199251 -0.002413 0.185736
v -0.201740 0.000586 0.190974
v -0.198971 0.003122 0.183585
v -0.195629 0.425081 0.300403
v -0.196540 0.428081 0.297372
v -0.199957 0.425082 0.297396
v -0.201736 0.428081 0.285961
v -0.204765 0.425082 0.286835
v -0.202185 0.276652 0.300196
v -0.205093 0.277007 0.297225
v -0.179160 -0.423150 0.268040
v -0.182158 -0.426150 0.267945
v -0.182158 0.428081 0.267946
v -0.179160 0.425081 0.268041
v -0.204125 -0.126987 0.266551
v -0.203835 -0.423150 0.257341
v -0.200889 -0.426150 0.259100
v -0.201876 -0.423150 0.262529
v -0.199432 -0.423151 0.269516
v -0.199298 -0.423150 0.265275
v -0.192903 -0.426150 0.267606
v -0.204460 -0.423150 0.277148
v -0.202177 -0.423151 0.272094
v -0.201409 -0.426150 0.275592
v -0.205093 -0.140394 0.297212
v -0.202186 -0.147665 0.300195
v -0.176438 -0.329461 0.181774
v -0.179342 -0.335450 0.178681
v -0.179160 -0.272296 0.268040
v -0.183195 0.277165 0.300795
v -0.180102 0.277165 0.297891
v -0.179341 0.277165 0.178681
v -0.176437 0.277165 0.181775
v -0.179160 0.277165 0.268041
v -0.198332 0.277331 0.178082
v -0.201425 0.277348 0.180986
v -0.204165 0.277093 0.267822
v -0.183195 0.034374 0.300795
v -0.176437 0.034374 0.181774
v -0.202185 0.034311 0.300195
v -0.205093 0.034355 0.297215
v -0.180102 0.034374 0.297891
v -0.179341 0.034374 0.178681
v -0.179160 0.034374 0.268040
v -0.204122 0.034365 0.266444
v 0.203481 0.141299 0.281483
v 0.177551 -0.144368 0.234353
v 0.177551 0.141299 0.234353
v 0.177551 -0.083628 0.234353
v 0.198736 0.426966 0.181196
v 0.201510 0.424191 0.181142
v 0.198682 0.424191 0.178423
v 0.179234 0.424191 0.178805
v 0.176515 0.424191 0.181633
v 0.179289 0.426966 0.181578
v 0.201510 -0.144368 0.181142
v 0.198682 -0.144368 0.178423
v 0.201082 -0.144368 0.300573
v 0.203802 -0.144368 0.297781
v 0.179235 -0.144368 0.178805
v 0.176515 -0.144368 0.181633
v 0.178806 -0.144368 0.298236
v 0.181634 -0.144368 0.300955
v 0.181634 0.424191 0.300955
v 0.181579 0.426966 0.298181
v 0.178805 0.424191 0.298236
v 0.201510 0.141299 0.181142
v 0.198682 0.141299 0.178423
v 0.198682 -0.080557 0.178423
v 0.201510 -0.080240 0.181142
v 0.178806 0.141299 0.298236
v 0.181634 0.141299 0.300955
v 0.181634 -0.084039 0.300955
v 0.178806 -0.083858 0.298236
v 0.176515 -0.081217 0.181633
v 0.179235 -0.081002 0.178805
v 0.176515 0.141299 0.181633
v 0.179234 0.141299 0.178805
v 0.203802 -0.084801 0.297786
v 0.201082 -0.085591 0.300573
v 0.201081 0.233261 0.300573
v 0.203802 0.232877 0.297799
v 0.195293 0.141299 0.300687
v 0.198844 0.141299 0.297896
v 0.201597 -0.424722 0.185532
v 0.198855 -0.427496 0.187211
v 0.198762 -0.425535 0.182476
v 0.198682 -0.418706 0.178423
v 0.201511 -0.420807 0.181142
v 0.198721 -0.423443 0.180384
v 0.176515 -0.420331 0.181633
v 0.179235 -0.418706 0.178805
v 0.179273 -0.423443 0.180766
v 0.176602 -0.424722 0.186023
v 0.179314 -0.425535 0.182858
v 0.179407 -0.427497 0.187593
v 0.203802 -0.422389 0.297779
v 0.201082 -0.420798 0.300573
v 0.203756 -0.424722 0.295447
v 0.201043 -0.425535 0.298612
v 0.200950 -0.427496 0.293876
v 0.178761 -0.424722 0.295938
v 0.181503 -0.427497 0.294258
v 0.181596 -0.425535 0.298994
v 0.181634 -0.420798 0.300955
v 0.178806 -0.422424 0.298236
v 0.177551 0.424191 0.234353
v 0.180324 0.426966 0.234299
v 0.199886 0.426966 0.239714
v 0.202686 0.424194 0.240989
v 0.200216 0.424200 0.235876
v 0.202546 0.360915 0.233862
v 0.202406 0.424191 0.226735
v 0.199658 0.426966 0.228120
v 0.200138 0.424200 0.231941
v 0.193975 0.426966 0.234031
v 0.196052 0.426966 0.297897
v 0.195548 0.424191 0.300682
v 0.199141 0.424194 0.297897
v 0.201081 0.345835 0.300573
v 0.203802 0.346162 0.297802
v 0.200720 0.426966 0.282200
v 0.203515 0.424194 0.283190
v 0.177551 0.234662 0.234353
v 0.201510 0.234662 0.181142
v 0.198682 0.234662 0.178423
v 0.178806 0.234662 0.298236
v 0.181634 0.234662 0.300955
v 0.176515 0.234662 0.181633
v 0.179234 0.234662 0.178805
v 0.176515 0.346348 0.181633
v 0.179234 0.346348 0.178805
v 0.201510 0.346348 0.181142
v 0.198682 0.346349 0.178423
v 0.178806 0.346348 0.298236
v 0.181634 0.346348 0.300955
v 0.177551 0.346348 0.234353
v 0.202656 -0.144368 0.239461
v 0.202656 -0.082521 0.239464
v 0.202496 0.141299 0.231313
v 0.202656 0.233770 0.239470
v 0.178806 -0.406514 0.298236
v 0.181634 -0.407056 0.300955
v 0.203802 -0.409107 0.297779
v 0.201082 -0.408597 0.300573
v 0.201511 -0.408538 0.181142
v 0.198682 -0.407220 0.178423
v 0.176515 -0.407538 0.181633
v 0.179235 -0.408203 0.178805
v 0.202759 -0.411507 0.244677
v 0.177580 -0.404119 0.235812
v 0.202676 -0.424722 0.240489
v 0.199902 -0.427496 0.240544
v 0.177681 -0.424722 0.240980
v 0.180455 -0.427497 0.240926
v -0.200228 -0.424057 0.053169
v -0.200228 -0.426334 0.055436
v -0.202500 -0.424062 0.055441
v -0.179772 -0.424057 0.053169
v -0.177500 -0.424062 0.055441
v -0.179772 -0.426334 0.055436
v -0.202500 -0.424327 0.173071
v -0.200228 -0.426599 0.173066
v -0.200228 -0.424332 0.175343
v -0.200228 0.424512 0.055733
v -0.202500 0.424507 0.058005
v -0.200228 0.426779 0.058010
v -0.179772 0.424512 0.055733
v -0.179772 0.426779 0.058010
v -0.177500 0.424507 0.058005
v -0.200228 0.426514 0.175641
v -0.202500 0.424242 0.175636
v -0.200228 0.424237 0.177907
v -0.179772 0.424237 0.177907
v -0.177500 0.424242 0.175636
v -0.179772 0.426514 0.175641
v -0.179772 -0.424332 0.175343
v -0.179772 -0.426599 0.173066
v -0.177500 -0.424327 0.173071
v -0.202500 0.002446 0.174685
v -0.200228 0.002441 0.176957
v -0.200228 0.140843 0.177269
v -0.202500 0.140848 0.174997
v -0.202500 0.283681 0.175319
v -0.200228 0.283676 0.177591
v -0.179772 0.283676 0.177591
v -0.177500 0.283681 0.175319
v -0.179772 0.140843 0.177269
v -0.177500 0.140848 0.174997
v -0.179772 0.002441 0.176957
v -0.177500 0.002446 0.174685
v -0.177500 0.016861 0.057087
v -0.179772 0.016866 0.054815
v -0.179772 0.141118 0.055095
v -0.177500 0.141113 0.057367
v -0.177500 0.283946 0.057688
v -0.179772 0.283951 0.055417
v -0.194464 0.283951 0.055417
v -0.198542 0.283989 0.057024
v -0.179772 0.309677 0.055475
v -0.200893 0.283983 0.059374
v -0.202500 0.283933 0.063453
v -0.202500 0.309407 0.175377
v -0.200228 0.289744 0.055430
v -0.200228 0.309402 0.177648
v -0.202500 0.289739 0.057701
v -0.202500 0.141100 0.063110
v -0.200893 0.141109 0.059053
v -0.198542 0.141114 0.056702
v -0.194485 0.141118 0.055095
v -0.202500 0.021114 0.057096
v -0.200228 0.021119 0.054825
v -0.200228 -0.235884 0.053593
v -0.202500 -0.235890 0.055865
v -0.177500 -0.236155 0.173495
v -0.179772 -0.236160 0.175767
v -0.179772 -0.235884 0.053593
v -0.177500 -0.235890 0.055865
v -0.200228 -0.236160 0.175767
v -0.202500 -0.236155 0.173495
v -0.177500 0.309672 0.057746
v -0.179772 0.309402 0.177648
v -0.177500 0.309407 0.175377
v 0.177735 0.144451 0.103026
v 0.177855 0.267863 0.103544
v 0.202572 0.144453 0.095884
v 0.179544 -0.426828 0.059198
v 0.176546 -0.423827 0.059274
v 0.179473 -0.423824 0.056203
v 0.198539 -0.426833 0.058747
v 0.198468 -0.423829 0.055751
v 0.201539 -0.423834 0.058679
v 0.179308 -0.423974 0.175415
v 0.182307 -0.426975 0.175340
v 0.182379 -0.423979 0.178342
v 0.176711 0.144505 0.059988
v 0.179639 0.144508 0.056918
v 0.182544 0.144354 0.179057
v 0.179474 0.144359 0.176129
v 0.198633 0.144504 0.056466
v 0.201704 0.144499 0.059394
v 0.179876 0.427570 0.060636
v 0.179804 0.424574 0.057633
v 0.176876 0.424571 0.060703
v 0.198799 0.424569 0.057181
v 0.198871 0.427565 0.060184
v 0.201869 0.424564 0.060109
v 0.182639 0.427423 0.176777
v 0.179639 0.424424 0.176844
v 0.182710 0.424419 0.179772
v 0.201634 0.427418 0.176325
v 0.201704 0.424414 0.179320
v 0.204632 0.424417 0.176250
v 0.201301 -0.426980 0.174888
v 0.204301 -0.423981 0.174820
v 0.201374 -0.423984 0.177891
v 0.176831 0.267918 0.060506
v 0.179759 0.267921 0.057436
v 0.179594 0.267771 0.176647
v 0.182664 0.267766 0.179575
v 0.201824 0.267911 0.059912
v 0.198753 0.267916 0.056984
v 0.204224 0.144365 0.165319
v 0.202222 0.144359 0.170501
v 0.196404 0.144353 0.176603
v 0.191323 0.144352 0.178848
v 0.204390 -0.120634 0.175202
v 0.179617 0.348717 0.176749
v 0.201462 -0.120637 0.178272
v 0.191442 0.267764 0.179366
v 0.196524 0.267765 0.177120
v 0.202342 0.267771 0.171019
v 0.204343 0.267777 0.165836
v 0.201682 0.347957 0.179224
v 0.182688 0.348712 0.179677
v 0.204610 0.347960 0.176153
v 0.177569 -0.423882 0.102311
v 0.180568 -0.426882 0.102236
v 0.180900 0.427515 0.103673
v 0.177900 0.424516 0.103741
v 0.199895 0.427510 0.103221
v 0.202893 0.424510 0.103146
v 0.202565 -0.252145 0.099930
v 0.202858 -0.423904 0.114135
v 0.199822 -0.426901 0.112689
v 0.200611 -0.423902 0.109054
v 0.195190 -0.423886 0.099732
v 0.195289 -0.423894 0.103979
v 0.188657 -0.426885 0.102044
v 0.202265 -0.423872 0.089230
v 0.200265 -0.423881 0.094410
v 0.199303 -0.426874 0.090879
v 0.176598 -0.245458 0.059498
v 0.179525 -0.245455 0.056427
v 0.201590 -0.245465 0.058903
v 0.198520 -0.245460 0.055976
v 0.179360 -0.245605 0.175639
v 0.182431 -0.245610 0.178567
v 0.177621 -0.245513 0.102536
v 0.201426 -0.244305 0.178117
v 0.204354 -0.244408 0.175046
v 0.198777 0.348862 0.057086
v 0.201847 0.348857 0.060013
v 0.179782 0.348867 0.057537
v 0.176854 0.348864 0.060608
v 0.177878 0.348809 0.103646
v 0.182688 0.348542 0.179677
v 0.202826 0.348539 0.101176
v 0.202756 0.267862 0.099083
v 0.176633 -0.123673 0.059651
v 0.198555 -0.123675 0.056129
v 0.182466 -0.123824 0.178720
v 0.177657 -0.123727 0.102689
v 0.202567 -0.128287 0.098667
v 0.179561 -0.123670 0.056581
v 0.201626 -0.123679 0.059057
v 0.179396 -0.123819 0.175792
v -0.197938 -0.452718 0.048886
v -0.197811 -0.450179 0.051311
v -0.200502 -0.450171 0.049101
v -0.197938 -0.452642 0.028717
v -0.200502 -0.450095 0.028811
v -0.197847 -0.450086 0.026311
v -0.073335 -0.452718 0.048886
v -0.070771 -0.450170 0.048896
v -0.073335 -0.450179 0.051311
v -0.197938 0.141269 0.053513
v -0.200502 0.141278 0.051098
v -0.070771 0.141278 0.051098
v -0.073335 0.141269 0.053513
v -0.200502 0.448884 0.052244
v -0.197938 0.448875 0.054659
v -0.197938 0.451432 0.052253
v -0.197938 0.451507 0.032084
v -0.197938 0.448969 0.029659
v -0.200502 0.448960 0.032074
v -0.070771 0.448884 0.052244
v -0.073335 0.451432 0.052253
v -0.073335 0.448875 0.054659
v -0.070771 0.448960 0.032074
v -0.073335 0.448969 0.029659
v -0.073335 0.451507 0.032084
v -0.073335 0.141363 0.028514
v -0.070771 0.141354 0.030929
v -0.070771 -0.450095 0.028726
v -0.073335 -0.452642 0.028717
v -0.073335 -0.450086 0.026311
v -0.073335 -0.174408 0.027338
v -0.070771 -0.174417 0.029753
v -0.070771 0.023582 0.030490
v -0.073335 0.023591 0.028075
v -0.073335 0.023498 0.053075
v -0.070771 0.023506 0.050660
v -0.073335 -0.174501 0.052337
v -0.070771 -0.174492 0.049922
v -0.191458 -0.174501 0.052337
v -0.195464 -0.174493 0.050145
v -0.199260 -0.174469 0.043685
v -0.200502 -0.174451 0.038835
v -0.200502 -0.256146 0.049831
v -0.197391 -0.255682 0.052035
v -0.200502 0.023530 0.044368
v -0.198681 0.023328 0.048815
v -0.196061 0.023318 0.051310
v -0.191431 0.023498 0.053075
v -0.200502 0.030171 0.050685
v -0.197938 0.029995 0.053099
v -0.191502 0.141363 0.028514
v -0.196034 0.141680 0.030223
v -0.198688 0.141670 0.032722
v -0.200502 0.141331 0.036989
v -0.197938 0.147791 0.028538
v -0.200502 0.147782 0.030953
v -0.200502 0.023559 0.036523
v -0.198688 0.023575 0.032283
v -0.196034 0.023584 0.029783
v -0.191531 0.023591 0.028075
v -0.197832 -0.174408 0.027338
v -0.200502 -0.174417 0.029852
v -0.200502 0.243118 0.051478
v -0.197938 0.243109 0.053893
v -0.070771 0.243118 0.051478
v -0.073335 0.243109 0.053893
v -0.070771 0.243193 0.031308
v -0.073335 0.243202 0.028893
v -0.200502 0.243178 0.035462
v -0.198423 0.243192 0.031621
v -0.200502 0.313829 0.031571
v -0.197938 0.313886 0.029156
v -0.200502 0.315227 0.051746
v -0.191842 0.243202 0.028893
v -0.196507 0.243197 0.030315
v -0.200502 0.196248 0.031133
v -0.197938 0.196224 0.028718
v -0.200502 -0.260026 0.029523
v -0.197843 -0.259990 0.027019
v -0.070771 -0.265178 0.049585
v -0.073335 -0.265122 0.052000
v -0.070771 -0.264997 0.029415
v -0.073335 -0.264875 0.027001
v -0.197938 0.315218 0.054161
v -0.070771 0.315302 0.031576
v -0.073335 0.315311 0.029161
v -0.070771 0.315227 0.051746
v -0.073335 0.315218 0.054161
v -0.070771 0.195545 0.051300
v -0.073335 0.195536 0.053716
v -0.200502 0.195545 0.051300
v -0.197938 0.195536 0.053715
v -0.070771 0.195621 0.031131
v -0.073335 0.195630 0.028716
v -0.202141 0.191370 0.406386
v -0.199957 -0.426433 0.305056
v -0.202958 -0.423433 0.305072
v -0.199983 -0.423429 0.302048
v -0.180958 -0.426432 0.304898
v -0.180983 -0.423428 0.301890
v -0.177958 -0.423432 0.304865
v -0.200033 0.424038 0.301657
v -0.203008 0.424034 0.304682
v -0.200008 0.427034 0.304661
v -0.181034 0.424039 0.301499
v -0.181009 0.427035 0.304503
v -0.178009 0.424035 0.304474
v -0.202042 0.423878 0.420851
v -0.199017 0.423874 0.423826
v -0.199042 0.426878 0.420830
v -0.179924 0.423875 0.423668
v -0.177042 0.423879 0.420643
v -0.180042 0.426879 0.420672
v -0.200025 0.236594 0.301405
v -0.203000 0.236589 0.304430
v -0.202991 0.191507 0.304174
v -0.200016 0.191511 0.301150
v -0.179912 0.236431 0.423416
v -0.177034 0.236435 0.420392
v -0.177026 0.191352 0.420136
v -0.179892 0.191348 0.423160
v -0.181017 0.191512 0.300992
v -0.177992 0.191508 0.303967
v -0.178000 0.236591 0.304222
v -0.181025 0.236595 0.301247
v -0.192261 0.191348 0.423263
v -0.196549 0.191351 0.420393
v -0.199014 0.070835 0.423158
v -0.202019 0.070823 0.420268
v -0.179874 0.069799 0.422997
v -0.202986 0.069957 0.304011
v -0.200011 0.069962 0.300987
v -0.197626 0.236433 0.421357
v -0.192254 0.236430 0.423519
v -0.202034 0.248055 0.420615
v -0.177020 0.069803 0.419973
v -0.199009 0.247469 0.423590
v -0.202037 -0.423582 0.415732
v -0.199040 -0.426581 0.415416
v -0.198988 -0.423664 0.419126
v -0.201991 -0.399661 0.421359
v -0.198990 -0.403069 0.424257
v -0.176992 -0.416322 0.421027
v -0.179809 -0.415390 0.424059
v -0.180022 -0.426583 0.417497
v -0.177004 -0.423586 0.419607
v -0.180345 -0.424462 0.422609
v -0.200791 0.236439 0.416702
v -0.181011 0.069963 0.300829
v -0.177987 0.069959 0.303803
v -0.202958 -0.407017 0.305028
v -0.199984 -0.407013 0.302003
v -0.177959 -0.407016 0.304820
v -0.180984 -0.407012 0.301845
v 0.177260 -0.400559 0.056154
v 0.174260 -0.400559 0.053154
v 0.174260 -0.397559 0.056154
v 0.150617 -0.397559 0.056154
v 0.150617 -0.400559 0.053154
v 0.147617 -0.400559 0.056154
v 0.174260 -0.397559 0.416283
v 0.174260 -0.400559 0.419283
v 0.177260 -0.400559 0.416283
v 0.177260 -0.424363 0.056154
v 0.174260 -0.427363 0.056154
v 0.174260 -0.424363 0.053154
v 0.147617 -0.424363 0.056154
v 0.150617 -0.424363 0.053154
v 0.150617 -0.427363 0.056154
v 0.177260 -0.424363 0.416283
v 0.174260 -0.424363 0.419283
v 0.174260 -0.427363 0.416283
v 0.150617 -0.424363 0.419283
v 0.147617 -0.424363 0.416283
v 0.150617 -0.427363 0.416283
v 0.177260 0.424253 0.056154
v 0.174260 0.424253 0.053154
v 0.174260 0.427253 0.056154
v 0.150617 0.424253 0.053154
v 0.147617 0.424253 0.056154
v 0.150617 0.427253 0.056154
v 0.177260 0.424253 0.416283
v 0.174260 0.427253 0.416283
v 0.174260 0.424253 0.419283
v 0.147617 0.424253 0.416283
v 0.150617 0.424253 0.419283
v 0.150617 0.427253 0.416283
v 0.177260 0.400611 0.056154
v 0.174260 0.397611 0.056154
v 0.174260 0.400611 0.053154
v 0.150617 0.397611 0.056154
v 0.147617 0.400611 0.056154
v 0.150617 0.400611 0.053154
v 0.174260 0.400611 0.419283
v 0.174260 0.397611 0.416283
v 0.177260 0.400611 0.416283
v -0.147471 0.424253 0.056154
v -0.150471 0.424253 0.053154
v -0.150471 0.427253 0.056154
v -0.174113 0.424253 0.053154
v -0.177113 0.424253 0.056154
v -0.174113 0.427253 0.056154
v -0.147471 0.424253 0.416283
v -0.150471 0.427253 0.416283
v -0.150471 0.424253 0.419283
v -0.177113 0.424253 0.416283
v -0.174113 0.424253 0.419283
v -0.174113 0.427253 0.416283
v -0.147471 0.400611 0.056154
v -0.150471 0.397611 0.056154
v -0.150471 0.400611 0.053154
v -0.177113 0.400611 0.056154
v -0.174113 0.400611 0.053154
v -0.174113 0.397611 0.056154
v -0.147471 0.400611 0.416283
v -0.150471 0.400611 0.419283
v -0.150471 0.397611 0.416283
v -0.177113 0.400611 0.416283
v -0.174113 0.397611 0.416283
v -0.174113 0.400611 0.419283
v -0.150471 -0.397559 0.056154
v -0.147471 -0.400559 0.056154
v -0.150471 -0.400559 0.053154
v -0.174113 -0.400559 0.053154
v -0.177113 -0.400559 0.056154
v -0.174113 -0.397559 0.056154
v -0.174113 -0.397559 0.416283
v -0.177113 -0.400559 0.416283
v -0.174113 -0.400559 0.419283
v -0.147471 -0.424363 0.056154
v -0.150471 -0.427363 0.056154
v -0.150471 -0.424363 0.053154
v -0.177113 -0.424363 0.056154
v -0.174113 -0.424363 0.053154
v -0.174113 -0.427363 0.056154
v -0.150471 -0.424363 0.419283
v -0.150471 -0.427363 0.416283
v -0.147471 -0.424363 0.416283
v -0.177113 -0.424363 0.416283
v -0.174113 -0.427363 0.416283
v -0.174113 -0.424363 0.419283
v 0.147617 0.400611 0.384143
v 0.150617 0.397611 0.384143
v 0.177260 0.424253 0.384816
v 0.157897 0.397611 0.416283
v 0.156743 0.400611 0.419283
v 0.152682 0.399758 0.416321
v 0.147617 0.407890 0.416283
v 0.149765 0.402675 0.416321
v 0.150617 0.406737 0.419283
v 0.147617 -0.408385 0.416283
v 0.150617 -0.407225 0.419283
v 0.149796 -0.403217 0.416317
v 0.157503 -0.400559 0.419283
v 0.158704 -0.397559 0.416283
v 0.153459 -0.399671 0.416317
v 0.147617 -0.400559 0.379344
v 0.150617 -0.397559 0.379334
v -0.147471 -0.400559 0.403244
v -0.150471 -0.397559 0.403244
v -0.177113 -0.400559 0.401496
v -0.159238 -0.397559 0.416283
v -0.158883 -0.400559 0.419283
v -0.154153 -0.399609 0.416541
v -0.147471 -0.409326 0.416283
v -0.149448 -0.404419 0.416532
v -0.150471 -0.408971 0.419283
v 0.174260 0.427253 0.384816
v 0.147617 0.424253 0.384816
v 0.150617 0.427253 0.384816
v 0.177260 0.400611 0.384816
v 0.174260 0.397611 0.384816
v -0.174113 -0.397559 0.401496
v -0.147471 -0.424363 0.401496
v -0.150471 -0.427363 0.401496
v -0.177113 -0.424363 0.401496
v -0.174113 -0.427363 0.401496
v 0.177260 -0.400559 0.379160
v 0.174260 -0.397559 0.379160
v 0.177260 -0.424363 0.379160
v 0.174260 -0.427363 0.379160
v 0.147617 -0.424363 0.379160
v 0.150617 -0.427363 0.379160
v -0.190880 -0.385088 0.028095
v -0.192456 -0.386664 0.028095
v -0.190880 -0.386664 0.029671
v 0.190880 -0.385088 0.028095
v 0.190880 -0.386664 0.029671
v 0.192456 -0.386664 0.028095
v -0.190880 -0.414730 0.028095
v -0.190880 -0.413154 0.029671
v -0.192456 -0.413154 0.028095
v 0.192456 -0.413154 0.028095
v 0.190880 -0.413154 0.029671
v 0.190880 -0.414730 0.028095
v 0.190899 -0.413602 0.011302
v 0.192456 -0.413154 0.013423
v 0.190880 -0.414730 0.014039
v 0.134116 -0.414730 0.001604
v 0.134116 -0.413154 0.000028
v 0.144578 -0.413602 0.001155
v 0.181386 -0.385088 0.001604
v 0.184747 -0.386283 0.001374
v 0.181489 -0.386664 0.000028
v 0.191142 -0.386283 0.008158
v 0.190880 -0.385088 0.011675
v 0.192456 -0.386664 0.011601
v 0.188188 -0.404044 0.001155
v 0.187264 -0.401506 0.000028
v 0.189954 -0.401844 0.001143
v 0.192456 -0.404947 0.005221
v 0.190899 -0.406163 0.003866
v 0.191342 -0.402928 0.002530
v 0.191142 -0.389776 0.003784
v 0.192456 -0.391759 0.005221
v 0.191342 -0.392524 0.002530
v 0.188732 -0.389660 0.001374
v 0.189954 -0.392456 0.001143
v 0.187264 -0.391556 0.000028
v -0.190884 -0.414284 0.008674
v 0.134947 -0.414730 0.028095
v -0.192456 -0.413154 0.009277
v 0.134947 -0.386664 0.029671
v -0.139232 -0.413154 0.000028
v -0.139191 -0.414730 0.001604
v -0.186847 -0.385088 0.001604
v -0.185924 -0.386664 0.000028
v -0.188614 -0.386664 0.001143
v -0.190880 -0.385088 0.005638
v -0.191342 -0.386664 0.003870
v -0.192456 -0.386664 0.006561
v -0.190887 -0.412601 0.005394
v -0.192456 -0.411312 0.006561
v -0.191342 -0.409819 0.003870
v -0.185924 -0.407931 0.000028
v -0.186828 -0.410302 0.001335
v -0.188614 -0.408274 0.001143
v -0.190880 0.414693 0.028095
v -0.192456 0.413117 0.028095
v -0.190880 0.413117 0.029671
v 0.190880 0.414693 0.028095
v 0.190880 0.413117 0.029671
v 0.192456 0.413117 0.028095
v -0.190880 0.385050 0.028095
v -0.190880 0.386626 0.029671
v -0.192456 0.386626 0.028095
v 0.192456 0.386626 0.028095
v 0.190880 0.386626 0.029671
v 0.190880 0.385050 0.028095
v -0.191110 0.413488 0.011338
v -0.192456 0.413117 0.014746
v -0.190881 0.414664 0.014850
v -0.177749 0.414468 0.001604
v -0.177869 0.412862 0.000028
v -0.181229 0.413310 0.001368
v -0.182140 0.385050 0.001604
v -0.185637 0.386152 0.001417
v -0.182324 0.386626 0.000028
v -0.190961 0.385728 0.006780
v -0.190880 0.385050 0.011127
v -0.192456 0.386626 0.010760
v -0.186015 0.409619 0.001370
v -0.184600 0.407675 0.000028
v -0.187291 0.406884 0.001143
v -0.192456 0.407735 0.007884
v -0.191111 0.409665 0.006460
v -0.191342 0.406917 0.005194
v -0.192456 0.387553 0.007884
v -0.191342 0.388178 0.005194
v -0.187291 0.388858 0.001143
v -0.184600 0.388265 0.000028
v 0.190907 0.413859 0.011621
v 0.190880 0.414692 0.014721
v 0.192456 0.413117 0.014053
v 0.163478 0.413840 0.001398
v 0.155803 0.413092 0.000028
v 0.155688 0.414668 0.001604
v 0.191169 0.386337 0.006979
v 0.192456 0.386626 0.010206
v 0.190880 0.385050 0.010206
v 0.185505 0.386337 0.001315
v 0.182279 0.385050 0.001604
v 0.182279 0.386626 0.000028
v 0.190907 0.410023 0.005041
v 0.192456 0.408545 0.006211
v 0.191342 0.407414 0.003520
v 0.186274 0.406491 0.000028
v 0.187264 0.408688 0.001398
v 0.188964 0.406543 0.001143
v 0.187850 0.388682 0.001315
v 0.186274 0.390621 0.000028
v 0.188964 0.391544 0.001143
v 0.191169 0.388682 0.004635
v 0.191342 0.391544 0.003520
v 0.192456 0.390621 0.006211
v -0.137281 -0.386664 0.029671
v -0.137281 -0.385088 0.028095
v -0.137281 -0.413154 0.029671
v -0.137281 -0.414730 0.028095
v -0.136984 -0.385088 0.001604
v -0.137161 -0.386664 0.000028
v 0.134947 -0.385088 0.028095
v 0.134947 -0.413154 0.029671
v 0.134738 -0.386664 0.000028
v 0.134879 -0.385088 0.001604
v 0.155039 0.413117 0.029671
v 0.155039 0.414693 0.028095
v 0.155039 0.386626 0.029671
v 0.155039 0.385050 0.028095
v 0.156011 0.385050 0.001604
v 0.156265 0.386626 0.000028
v -0.177600 0.414693 0.028095
v -0.177600 0.386626 0.029671
v -0.177600 0.413117 0.029671
v -0.177600 0.385050 0.028095
v 0.204900 0.412887 0.228065
v 0.204065 0.411127 0.225321
v 0.204018 0.412927 0.224520
v 0.204133 0.410319 0.226293
v 0.204142 0.410234 0.228065
v 0.204176 0.410426 0.229763
v 0.204065 0.411127 0.230809
v 0.204018 0.412927 0.231610
v 0.204179 0.414693 0.231135
v 0.204501 0.415795 0.229837
v 0.204574 0.416222 0.228065
v 0.204501 0.415795 0.226293
v 0.204179 0.414693 0.224995
v 0.204017 0.412932 0.228065
v 0.197809 0.412871 0.226562
v 0.204408 0.412919 0.226562
v 0.197809 0.411570 0.227314
v 0.204366 0.411594 0.227314
v 0.197809 0.411570 0.228817
v 0.204366 0.411594 0.228817
v 0.197809 0.412871 0.229568
v 0.204408 0.412919 0.229568
v 0.197809 0.414173 0.228817
v 0.204535 0.414239 0.228817
v 0.197809 0.414173 0.227314
v 0.204535 0.414239 0.227314
v 0.205662 0.411106 0.225346
v 0.205572 0.412855 0.224553
v 0.205839 0.410319 0.226309
v 0.205847 0.410240 0.228065
v 0.205815 0.410425 0.229748
v 0.205662 0.411106 0.230785
v 0.205572 0.412855 0.231578
v 0.205706 0.414543 0.231107
v 0.206010 0.415568 0.229822
v 0.206083 0.415991 0.228065
v 0.206010 0.415568 0.226309
v 0.205706 0.414543 0.225023
v 0.205761 0.413009 0.111499
v 0.204871 0.411339 0.108606
v 0.205142 0.413009 0.108159
v 0.204275 0.410116 0.109829
v 0.204051 0.409669 0.111499
v 0.204148 0.410116 0.113169
v 0.204561 0.411339 0.114391
v 0.204578 0.413009 0.114839
v 0.204561 0.414679 0.114391
v 0.204148 0.415901 0.113169
v 0.204033 0.416349 0.111499
v 0.204275 0.415901 0.109829
v 0.204871 0.414679 0.108606
v 0.204958 0.413009 0.111499
v 0.198918 0.413009 0.109996
v 0.205515 0.413009 0.109996
v 0.198918 0.411707 0.110747
v 0.205515 0.411707 0.110747
v 0.198918 0.411707 0.112250
v 0.205515 0.411707 0.112250
v 0.198918 0.413009 0.113002
v 0.205515 0.413009 0.113002
v 0.198918 0.414310 0.112250
v 0.205515 0.414310 0.112250
v 0.198918 0.414310 0.110747
v 0.205515 0.414310 0.110747
v 0.206318 0.411347 0.108620
v 0.206610 0.413009 0.108175
v 0.205706 0.410130 0.109837
v 0.205468 0.409685 0.111499
v 0.205570 0.410130 0.113161
v 0.205990 0.411347 0.114377
v 0.206018 0.413009 0.114823
v 0.205990 0.414671 0.114377
v 0.205570 0.415888 0.113161
v 0.205449 0.416333 0.111499
v 0.205706 0.415888 0.109837
v 0.206318 0.414671 0.108620
v 0.204898 -0.413468 0.238907
v 0.204103 -0.416768 0.238388
v 0.204103 -0.416066 0.236807
v 0.204103 -0.416585 0.240107
v 0.204103 -0.415567 0.241504
v 0.204103 -0.413987 0.242206
v 0.204103 -0.412268 0.242024
v 0.204103 -0.410870 0.241006
v 0.204103 -0.410169 0.239426
v 0.204103 -0.410351 0.237706
v 0.204103 -0.411369 0.236309
v 0.204103 -0.412949 0.235607
v 0.204103 -0.414668 0.235790
v 0.204103 -0.413468 0.238907
v 0.197835 -0.414637 0.237962
v 0.204432 -0.414637 0.237962
v 0.197835 -0.414871 0.239447
v 0.204432 -0.414871 0.239447
v 0.197835 -0.413702 0.240391
v 0.204432 -0.413702 0.240391
v 0.197835 -0.412299 0.239851
v 0.204432 -0.412299 0.239851
v 0.197835 -0.412066 0.238367
v 0.204432 -0.412066 0.238367
v 0.197835 -0.413235 0.237422
v 0.204432 -0.413235 0.237422
v 0.205544 -0.416763 0.238388
v 0.205544 -0.416062 0.236811
v 0.205544 -0.416580 0.240105
v 0.205544 -0.415564 0.241500
v 0.205544 -0.413987 0.242201
v 0.205544 -0.412270 0.242019
v 0.205544 -0.410874 0.241003
v 0.205544 -0.410174 0.239425
v 0.205544 -0.410356 0.237708
v 0.205544 -0.411372 0.236313
v 0.205544 -0.412950 0.235612
v 0.205544 -0.414667 0.235794
v 0.204900 -0.413619 0.366895
v 0.204065 -0.415380 0.364151
v 0.204018 -0.413579 0.363350
v 0.204133 -0.416187 0.365123
v 0.204142 -0.416272 0.366895
v 0.204176 -0.416081 0.368593
v 0.204065 -0.415380 0.369639
v 0.204018 -0.413579 0.370439
v 0.204179 -0.411813 0.369965
v 0.204501 -0.410712 0.368667
v 0.204574 -0.410285 0.366895
v 0.204501 -0.410712 0.365122
v 0.204179 -0.411813 0.363825
v 0.204017 -0.413574 0.366895
v 0.197809 -0.413635 0.365392
v 0.204408 -0.413588 0.365392
v 0.197809 -0.414937 0.366143
v 0.204366 -0.414912 0.366143
v 0.197809 -0.414937 0.367646
v 0.204366 -0.414912 0.367646
v 0.197809 -0.413635 0.368398
v 0.204408 -0.413588 0.368398
v 0.197809 -0.412333 0.367646
v 0.204535 -0.412267 0.367646
v 0.197809 -0.412333 0.366143
v 0.204535 -0.412267 0.366143
v 0.205662 -0.415400 0.364176
v 0.205572 -0.413651 0.363382
v 0.205839 -0.416188 0.365139
v 0.205847 -0.416267 0.366895
v 0.205815 -0.416082 0.368578
v 0.205662 -0.415401 0.369615
v 0.205572 -0.413651 0.370408
v 0.205706 -0.411963 0.369937
v 0.206010 -0.410939 0.368651
v 0.206083 -0.410515 0.366895
v 0.206010 -0.410939 0.365139
v 0.205706 -0.411963 0.363853
v 0.204189 -0.413497 0.101677
v 0.203299 -0.416797 0.101157
v 0.203571 -0.416095 0.099577
v 0.202703 -0.416614 0.102877
v 0.202480 -0.415597 0.104274
v 0.202577 -0.414017 0.104976
v 0.202990 -0.412297 0.104793
v 0.203007 -0.410900 0.103776
v 0.202990 -0.410198 0.102196
v 0.202577 -0.410381 0.100476
v 0.202462 -0.411398 0.099079
v 0.202703 -0.412978 0.098377
v 0.203299 -0.414698 0.098560
v 0.203386 -0.413497 0.101677
v 0.197346 -0.414667 0.100732
v 0.203944 -0.414667 0.100732
v 0.197346 -0.414900 0.102217
v 0.203944 -0.414900 0.102217
v 0.197346 -0.413731 0.103161
v 0.203944 -0.413731 0.103161
v 0.197346 -0.412328 0.102621
v 0.203944 -0.412328 0.102621
v 0.197346 -0.412095 0.101136
v 0.203944 -0.412095 0.101136
v 0.197346 -0.413264 0.100192
v 0.203944 -0.413264 0.100192
v 0.204747 -0.416781 0.101160
v 0.205039 -0.416083 0.099587
v 0.204134 -0.416599 0.102871
v 0.203897 -0.415587 0.104262
v 0.203999 -0.414014 0.104960
v 0.204418 -0.412303 0.104778
v 0.204447 -0.410912 0.103766
v 0.204418 -0.410214 0.102193
v 0.203999 -0.410396 0.100482
v 0.203878 -0.411408 0.099091
v 0.204134 -0.412981 0.098393
v 0.204747 -0.414692 0.098575
v -0.203718 -0.413574 0.374621
v -0.202923 -0.413652 0.377960
v -0.202923 -0.411972 0.377552
v -0.202923 -0.415311 0.377474
v -0.202923 -0.416505 0.376223
v -0.202923 -0.416913 0.374543
v -0.202923 -0.416427 0.372884
v -0.202923 -0.415176 0.371690
v -0.202923 -0.413496 0.371282
v -0.202923 -0.411837 0.371768
v -0.202923 -0.410644 0.373019
v -0.202923 -0.410235 0.374699
v -0.202923 -0.410722 0.376358
v -0.202923 -0.413574 0.374621
v -0.196655 -0.412853 0.375940
v -0.203252 -0.412853 0.375940
v -0.196655 -0.414356 0.375905
v -0.203252 -0.414356 0.375905
v -0.196655 -0.415077 0.374586
v -0.203252 -0.415077 0.374586
v -0.196655 -0.414295 0.373302
v -0.203252 -0.414295 0.373302
v -0.196655 -0.412793 0.373338
v -0.203252 -0.412793 0.373338
v -0.196655 -0.412072 0.374656
v -0.203252 -0.412072 0.374656
v -0.204364 -0.413652 0.377955
v -0.204364 -0.411975 0.377548
v -0.204364 -0.415309 0.377470
v -0.204364 -0.416501 0.376221
v -0.204364 -0.416908 0.374543
v -0.204364 -0.416423 0.372887
v -0.204364 -0.415174 0.371695
v -0.204364 -0.413496 0.371287
v -0.204364 -0.411840 0.371773
v -0.204364 -0.410648 0.373022
v -0.204364 -0.410240 0.374699
v -0.204364 -0.410726 0.376356
v -0.205351 -0.413423 0.228065
v -0.204515 -0.411663 0.225321
v -0.204468 -0.413463 0.224520
v -0.204584 -0.410855 0.226293
v -0.204592 -0.410770 0.228065
v -0.204626 -0.410962 0.229764
v -0.204515 -0.411663 0.230809
v -0.204468 -0.413463 0.231610
v -0.204629 -0.415229 0.231135
v -0.204951 -0.416331 0.229837
v -0.205024 -0.416758 0.228065
v -0.204951 -0.416331 0.226293
v -0.204629 -0.415229 0.224995
v -0.204467 -0.413468 0.228065
v -0.198259 -0.413407 0.226562
v -0.204858 -0.413455 0.226562
v -0.198259 -0.412106 0.227314
v -0.204817 -0.412130 0.227314
v -0.198259 -0.412106 0.228817
v -0.204817 -0.412130 0.228817
v -0.198259 -0.413407 0.229568
v -0.204858 -0.413455 0.229568
v -0.198259 -0.414709 0.228817
v -0.204985 -0.414775 0.228817
v -0.198259 -0.414709 0.227314
v -0.204985 -0.414775 0.227314
v -0.206112 -0.411642 0.225346
v -0.206022 -0.413391 0.224553
v -0.206289 -0.410855 0.226309
v -0.206298 -0.410776 0.228065
v -0.206265 -0.410961 0.229748
v -0.206112 -0.411642 0.230785
v -0.206022 -0.413391 0.231578
v -0.206156 -0.415079 0.231107
v -0.206460 -0.416104 0.229822
v -0.206533 -0.416527 0.228065
v -0.206460 -0.416104 0.226309
v -0.206156 -0.415079 0.225023
v -0.205481 -0.413545 0.111499
v -0.204591 -0.411875 0.108606
v -0.204862 -0.413545 0.108159
v -0.203995 -0.410652 0.109829
v -0.203772 -0.410205 0.111499
v -0.203868 -0.410652 0.113169
v -0.204281 -0.411875 0.114391
v -0.204298 -0.413545 0.114839
v -0.204281 -0.415215 0.114391
v -0.203868 -0.416437 0.113169
v -0.203754 -0.416885 0.111499
v -0.203995 -0.416437 0.109829
v -0.204591 -0.415215 0.108606
v -0.204678 -0.413545 0.111499
v -0.198638 -0.413545 0.109996
v -0.205235 -0.413545 0.109996
v -0.198638 -0.412243 0.110747
v -0.205235 -0.412243 0.110747
v -0.198638 -0.412243 0.112250
v -0.205235 -0.412243 0.112250
v -0.198638 -0.413545 0.113002
v -0.205235 -0.413545 0.113002
v -0.198638 -0.414847 0.112250
v -0.205235 -0.414847 0.112250
v -0.198638 -0.414847 0.110747
v -0.205235 -0.414847 0.110747
v -0.206039 -0.411883 0.108620
v -0.206330 -0.413545 0.108175
v -0.205426 -0.410666 0.109837
v -0.205188 -0.410221 0.111499
v -0.205291 -0.410666 0.113161
v -0.205710 -0.411883 0.114377
v -0.205738 -0.413545 0.114823
v -0.205710 -0.415207 0.114377
v -0.205291 -0.416424 0.113161
v -0.205169 -0.416869 0.111499
v -0.205426 -0.416424 0.109837
v -0.206039 -0.415207 0.108620
v -0.203718 0.412932 0.238907
v -0.202924 0.412854 0.242246
v -0.202924 0.414534 0.241837
v -0.202924 0.411195 0.241759
v -0.202924 0.410001 0.240509
v -0.202924 0.409593 0.238829
v -0.202924 0.410079 0.237170
v -0.202924 0.411330 0.235976
v -0.202924 0.413010 0.235568
v -0.202924 0.414669 0.236054
v -0.202924 0.415863 0.237305
v -0.202924 0.416271 0.238985
v -0.202924 0.415785 0.240644
v -0.202924 0.412932 0.238907
v -0.196655 0.413653 0.240225
v -0.203252 0.413653 0.240225
v -0.196655 0.412150 0.240190
v -0.203252 0.412150 0.240190
v -0.196655 0.411430 0.238872
v -0.203252 0.411430 0.238872
v -0.196655 0.412211 0.237588
v -0.203252 0.412211 0.237588
v -0.196655 0.413714 0.237623
v -0.203252 0.413714 0.237623
v -0.196655 0.414435 0.238942
v -0.203252 0.414435 0.238942
v -0.204364 0.412854 0.242241
v -0.204364 0.414532 0.241833
v -0.204364 0.411198 0.241755
v -0.204364 0.410006 0.240506
v -0.204364 0.409598 0.238829
v -0.204364 0.410084 0.237172
v -0.204364 0.411333 0.235980
v -0.204364 0.413010 0.235573
v -0.204364 0.414667 0.236058
v -0.204364 0.415858 0.237307
v -0.204364 0.416266 0.238985
v -0.204364 0.415780 0.240641
v -0.203720 0.413083 0.366895
v -0.202885 0.414843 0.364151
v -0.202838 0.413043 0.363350
v -0.202953 0.415651 0.365123
v -0.202962 0.415736 0.366895
v -0.202996 0.415545 0.368593
v -0.202885 0.414843 0.369639
v -0.202838 0.413043 0.370440
v -0.202999 0.411277 0.369965
v -0.203321 0.410176 0.368667
v -0.203394 0.409749 0.366895
v -0.203321 0.410176 0.365123
v -0.202999 0.411277 0.363825
v -0.202837 0.413038 0.366895
v -0.196629 0.413099 0.365392
v -0.203228 0.413052 0.365392
v -0.196629 0.414401 0.366143
v -0.203187 0.414376 0.366143
v -0.196629 0.414401 0.367646
v -0.203187 0.414376 0.367646
v -0.196629 0.413099 0.368398
v -0.203228 0.413051 0.368398
v -0.196629 0.411797 0.367646
v -0.203355 0.411731 0.367646
v -0.196629 0.411797 0.366143
v -0.203355 0.411731 0.366143
v -0.204482 0.414864 0.364176
v -0.204392 0.413115 0.363383
v -0.204659 0.415652 0.365139
v -0.204667 0.415731 0.366895
v -0.204635 0.415545 0.368578
v -0.204482 0.414864 0.369615
v -0.204392 0.413115 0.370408
v -0.204526 0.411427 0.369937
v -0.204830 0.410403 0.368651
v -0.204903 0.409979 0.366895
v -0.204830 0.410403 0.365139
v -0.204526 0.411427 0.363853
v -0.205020 0.412961 0.103073
v -0.204130 0.414631 0.100181
v -0.204402 0.412961 0.099733
v -0.203534 0.415854 0.101403
v -0.203311 0.416301 0.103073
v -0.203408 0.415854 0.104743
v -0.203821 0.414631 0.105966
v -0.203838 0.412961 0.106413
v -0.203821 0.411292 0.105966
v -0.203408 0.410069 0.104743
v -0.203293 0.409621 0.103073
v -0.203534 0.410069 0.101403
v -0.204130 0.411291 0.100181
v -0.204217 0.412961 0.103073
v -0.198177 0.412961 0.101570
v -0.204775 0.412961 0.101570
v -0.198177 0.414263 0.102322
v -0.204775 0.414263 0.102322
v -0.198177 0.414263 0.103825
v -0.204775 0.414263 0.103825
v -0.198177 0.412961 0.104576
v -0.204775 0.412961 0.104576
v -0.198177 0.411660 0.103825
v -0.204775 0.411660 0.103825
v -0.198177 0.411660 0.102322
v -0.204775 0.411660 0.102322
v -0.205578 0.414623 0.100195
v -0.205870 0.412961 0.099749
v -0.204965 0.415840 0.101411
v -0.204728 0.416285 0.103073
v -0.204830 0.415840 0.104735
v -0.205249 0.414623 0.105952
v -0.205278 0.412961 0.106397
v -0.205249 0.411299 0.105952
v -0.204830 0.410083 0.104735
v -0.204709 0.409638 0.103073
v -0.204965 0.410083 0.101411
v -0.205578 0.411300 0.100195
v 0.163616 -0.455250 0.370021
v 0.161946 -0.454456 0.367129
v 0.163616 -0.454456 0.366681
v 0.160724 -0.454456 0.368351
v 0.160276 -0.454456 0.370021
v 0.160724 -0.454456 0.371691
v 0.161946 -0.454456 0.372914
v 0.163616 -0.454456 0.373361
v 0.165286 -0.454456 0.372914
v 0.166509 -0.454456 0.371691
v 0.166956 -0.454456 0.370021
v 0.166509 -0.454456 0.368351
v 0.165286 -0.454456 0.367129
v 0.163616 -0.454456 0.370021
v 0.163616 -0.448187 0.368518
v 0.163616 -0.454784 0.368518
v 0.162315 -0.448187 0.369270
v 0.162315 -0.454784 0.369270
v 0.162315 -0.448187 0.370773
v 0.162315 -0.454784 0.370773
v 0.163616 -0.448187 0.371524
v 0.163616 -0.454784 0.371524
v 0.164918 -0.448187 0.370773
v 0.164918 -0.454784 0.370773
v 0.164918 -0.448187 0.369270
v 0.164918 -0.454784 0.369270
v 0.161949 -0.455896 0.367133
v 0.163616 -0.455896 0.366686
v 0.160728 -0.455896 0.368354
v 0.160281 -0.455896 0.370021
v 0.160728 -0.455896 0.371689
v 0.161949 -0.455896 0.372909
v 0.163616 -0.455896 0.373356
v 0.165284 -0.455896 0.372909
v 0.166504 -0.455896 0.371689
v 0.166951 -0.455896 0.370021
v 0.166504 -0.455896 0.368354
v 0.165284 -0.455896 0.367133
v 0.163473 -0.453661 0.244197
v 0.160450 -0.452826 0.242976
v 0.161457 -0.452779 0.241282
v 0.160353 -0.452894 0.244236
v 0.161309 -0.452903 0.245731
v 0.162447 -0.452937 0.247006
v 0.163624 -0.452826 0.247454
v 0.165556 -0.452778 0.247066
v 0.166722 -0.452940 0.245657
v 0.166870 -0.453261 0.243962
v 0.166194 -0.453335 0.242269
v 0.164821 -0.453261 0.241070
v 0.163172 -0.452940 0.240648
v 0.163510 -0.452777 0.244171
v 0.162592 -0.446570 0.242980
v 0.162630 -0.453169 0.242952
v 0.161964 -0.446570 0.244346
v 0.161984 -0.453127 0.244332
v 0.162833 -0.446570 0.245572
v 0.162853 -0.453127 0.245558
v 0.164330 -0.446570 0.245432
v 0.164368 -0.453169 0.245405
v 0.164957 -0.446570 0.244067
v 0.165011 -0.453296 0.244028
v 0.164088 -0.446570 0.242840
v 0.164142 -0.453296 0.242802
v 0.160448 -0.454423 0.243008
v 0.161416 -0.454333 0.241350
v 0.160362 -0.454599 0.244249
v 0.161313 -0.454608 0.245728
v 0.162438 -0.454576 0.246994
v 0.163593 -0.454423 0.247446
v 0.165478 -0.454333 0.247082
v 0.166584 -0.454467 0.245721
v 0.166676 -0.454771 0.244080
v 0.166006 -0.454844 0.242402
v 0.164645 -0.454771 0.241214
v 0.163066 -0.454467 0.240758
v 0.163587 -0.454522 0.114778
v 0.161917 -0.453631 0.111885
v 0.163587 -0.453903 0.111438
v 0.160694 -0.453036 0.113108
v 0.160247 -0.452812 0.114778
v 0.160694 -0.452909 0.116448
v 0.161917 -0.453322 0.117670
v 0.163587 -0.453339 0.118118
v 0.165257 -0.453322 0.117670
v 0.166479 -0.452909 0.116448
v 0.166927 -0.452794 0.114778
v 0.166479 -0.453036 0.113108
v 0.165257 -0.453631 0.111885
v 0.163587 -0.453719 0.114778
v 0.163587 -0.447678 0.113275
v 0.163587 -0.454276 0.113275
v 0.162285 -0.447678 0.114026
v 0.162285 -0.454276 0.114026
v 0.162285 -0.447678 0.115529
v 0.162285 -0.454276 0.115529
v 0.163587 -0.447678 0.116281
v 0.163587 -0.454276 0.116281
v 0.164888 -0.447678 0.115529
v 0.164888 -0.454276 0.115529
v 0.164888 -0.447678 0.114026
v 0.164888 -0.454276 0.114026
v 0.161925 -0.455079 0.111899
v 0.163587 -0.455371 0.111454
v 0.160708 -0.454467 0.113116
v 0.160263 -0.454229 0.114778
v 0.160708 -0.454331 0.116440
v 0.161925 -0.454750 0.117656
v 0.163587 -0.454779 0.118102
v 0.165249 -0.454750 0.117656
v 0.166465 -0.454331 0.116440
v 0.166911 -0.454210 0.114778
v 0.166465 -0.454467 0.113116
v 0.165249 -0.455079 0.111899
v -0.163719 -0.455250 0.355540
v -0.165389 -0.454456 0.352647
v -0.163719 -0.454456 0.352200
v -0.166612 -0.454456 0.353870
v -0.167059 -0.454456 0.355540
v -0.166612 -0.454456 0.357210
v -0.165389 -0.454456 0.358432
v -0.163719 -0.454456 0.358880
v -0.162049 -0.454456 0.358432
v -0.160827 -0.454456 0.357210
v -0.160379 -0.454456 0.355540
v -0.160827 -0.454456 0.353870
v -0.162049 -0.454456 0.352647
v -0.163719 -0.454456 0.355540
v -0.163719 -0.448187 0.354037
v -0.163719 -0.454784 0.354037
v -0.165021 -0.448187 0.354788
v -0.165021 -0.454784 0.354788
v -0.165021 -0.448187 0.356291
v -0.165021 -0.454784 0.356291
v -0.163719 -0.448187 0.357043
v -0.163719 -0.454784 0.357043
v -0.162418 -0.448187 0.356291
v -0.162418 -0.454784 0.356291
v -0.162418 -0.448187 0.354788
v -0.162418 -0.454784 0.354788
v -0.165387 -0.455896 0.352652
v -0.163719 -0.455896 0.352205
v -0.166607 -0.455896 0.353872
v -0.167054 -0.455896 0.355540
v -0.166607 -0.455896 0.357207
v -0.165387 -0.455896 0.358428
v -0.163719 -0.455896 0.358875
v -0.162052 -0.455896 0.358428
v -0.160831 -0.455896 0.357207
v -0.160384 -0.455896 0.355540
v -0.160831 -0.455896 0.353872
v -0.162052 -0.455896 0.352652
v -0.163862 -0.453661 0.237304
v -0.166885 -0.452826 0.236083
v -0.165879 -0.452778 0.234389
v -0.166982 -0.452894 0.237343
v -0.166026 -0.452903 0.238838
v -0.164888 -0.452937 0.240113
v -0.163711 -0.452826 0.240561
v -0.161780 -0.452778 0.240173
v -0.160613 -0.452940 0.238764
v -0.160465 -0.453261 0.237069
v -0.161141 -0.453335 0.235376
v -0.162515 -0.453261 0.234177
v -0.164163 -0.452940 0.233755
v -0.163825 -0.452777 0.237278
v -0.164744 -0.446570 0.236087
v -0.164705 -0.453169 0.236059
v -0.165371 -0.446570 0.237452
v -0.165351 -0.453127 0.237438
v -0.164502 -0.446570 0.238679
v -0.164482 -0.453127 0.238665
v -0.163006 -0.446570 0.238539
v -0.162967 -0.453169 0.238512
v -0.162378 -0.446570 0.237173
v -0.162324 -0.453296 0.237135
v -0.163247 -0.446570 0.235947
v -0.163193 -0.453296 0.235909
v -0.166887 -0.454423 0.236115
v -0.165919 -0.454333 0.234457
v -0.166973 -0.454599 0.237356
v -0.166022 -0.454608 0.238835
v -0.164897 -0.454576 0.240101
v -0.163743 -0.454423 0.240553
v -0.161857 -0.454333 0.240189
v -0.160752 -0.454467 0.238828
v -0.160659 -0.454771 0.237187
v -0.161329 -0.454844 0.235509
v -0.162690 -0.454771 0.234321
v -0.164269 -0.454467 0.233864
v -0.163748 -0.454522 0.104088
v -0.166783 -0.453631 0.102694
v -0.165680 -0.453903 0.101363
v -0.167074 -0.453036 0.104398
v -0.166473 -0.452812 0.106019
v -0.165143 -0.452909 0.107123
v -0.163438 -0.453322 0.107414
v -0.161817 -0.453339 0.106813
v -0.160713 -0.453322 0.105482
v -0.160423 -0.452909 0.103778
v -0.161023 -0.452794 0.102157
v -0.162354 -0.453036 0.101053
v -0.164058 -0.453631 0.100762
v -0.163748 -0.453719 0.104088
v -0.164617 -0.447678 0.102862
v -0.164617 -0.454276 0.102862
v -0.165245 -0.447678 0.104228
v -0.165245 -0.454276 0.104228
v -0.164376 -0.447678 0.105454
v -0.164376 -0.454276 0.105454
v -0.162879 -0.447678 0.105314
v -0.162879 -0.454276 0.105314
v -0.162252 -0.447678 0.103949
v -0.162252 -0.454276 0.103949
v -0.163121 -0.447678 0.102722
v -0.163121 -0.454276 0.102722
v -0.166769 -0.455079 0.102700
v -0.165670 -0.455371 0.101376
v -0.167058 -0.454466 0.104397
v -0.166460 -0.454229 0.106010
v -0.165136 -0.454331 0.107109
v -0.163440 -0.454750 0.107398
v -0.161826 -0.454779 0.106800
v -0.160728 -0.454750 0.105476
v -0.160439 -0.454331 0.103780
v -0.161036 -0.454210 0.102166
v -0.162361 -0.454467 0.101068
v -0.164057 -0.455079 0.100778
v -0.163825 0.456070 0.370021
v -0.160497 0.455276 0.370303
v -0.160802 0.455276 0.368601
v -0.161084 0.455276 0.371929
v -0.162405 0.455276 0.373044
v -0.164107 0.455276 0.373349
v -0.165733 0.455276 0.372763
v -0.166848 0.455276 0.371441
v -0.167153 0.455276 0.369740
v -0.166567 0.455276 0.368113
v -0.165245 0.455276 0.366998
v -0.163544 0.455276 0.366693
v -0.161917 0.455276 0.367280
v -0.163825 0.455276 0.370021
v -0.162465 0.449007 0.369382
v -0.162465 0.455604 0.369382
v -0.162592 0.449007 0.370880
v -0.162592 0.455604 0.370880
v -0.163952 0.449007 0.371519
v -0.163952 0.455604 0.371519
v -0.165185 0.449007 0.370660
v -0.165185 0.455604 0.370660
v -0.165059 0.449007 0.369163
v -0.165059 0.455604 0.369163
v -0.163698 0.449007 0.368524
v -0.163698 0.455604 0.368524
v -0.160502 0.456716 0.370302
v -0.160807 0.456716 0.368603
v -0.161088 0.456716 0.371926
v -0.162407 0.456716 0.373040
v -0.164106 0.456716 0.373344
v -0.165730 0.456716 0.372758
v -0.166844 0.456716 0.371439
v -0.167148 0.456716 0.369740
v -0.166562 0.456716 0.368116
v -0.165243 0.456716 0.367003
v -0.163544 0.456716 0.366698
v -0.161920 0.456716 0.367284
v -0.163674 0.454481 0.244171
v -0.161914 0.453646 0.241427
v -0.163714 0.453599 0.240626
v -0.161106 0.453714 0.242399
v -0.161021 0.453723 0.244171
v -0.161213 0.453757 0.245869
v -0.161914 0.453646 0.246915
v -0.163714 0.453599 0.247716
v -0.165480 0.453760 0.247241
v -0.166582 0.454082 0.245943
v -0.167009 0.454155 0.244171
v -0.166582 0.454082 0.242399
v -0.165480 0.453760 0.241101
v -0.163719 0.453598 0.244171
v -0.163658 0.447390 0.242668
v -0.163706 0.453989 0.242668
v -0.162357 0.447390 0.243420
v -0.162381 0.453948 0.243420
v -0.162357 0.447390 0.244922
v -0.162381 0.453948 0.244922
v -0.163658 0.447390 0.245674
v -0.163706 0.453989 0.245674
v -0.164960 0.447390 0.244922
v -0.165026 0.454116 0.244922
v -0.164960 0.447390 0.243420
v -0.165026 0.454116 0.243420
v -0.161893 0.455243 0.241452
v -0.163642 0.455153 0.240659
v -0.161106 0.455420 0.242415
v -0.161027 0.455428 0.244171
v -0.161212 0.455396 0.245854
v -0.161893 0.455243 0.246891
v -0.163642 0.455153 0.247684
v -0.165330 0.455287 0.247213
v -0.166355 0.455591 0.245928
v -0.166778 0.455664 0.244171
v -0.166355 0.455591 0.242415
v -0.165330 0.455287 0.241129
v -0.163796 0.455342 0.114778
v -0.160468 0.454452 0.115059
v -0.160773 0.454723 0.113358
v -0.161054 0.453856 0.116686
v -0.162376 0.453633 0.117801
v -0.164078 0.453729 0.118106
v -0.165704 0.454142 0.117519
v -0.166819 0.454159 0.116198
v -0.167124 0.454142 0.114496
v -0.166537 0.453729 0.112870
v -0.165216 0.453615 0.111755
v -0.163514 0.453856 0.111450
v -0.161888 0.454452 0.112036
v -0.163796 0.454539 0.114778
v -0.162436 0.448499 0.114139
v -0.162436 0.455096 0.114139
v -0.162562 0.448499 0.115636
v -0.162562 0.455096 0.115636
v -0.163923 0.448499 0.116275
v -0.163923 0.455096 0.116275
v -0.165156 0.448499 0.115417
v -0.165156 0.455096 0.115417
v -0.165030 0.448499 0.113919
v -0.165030 0.455096 0.113919
v -0.163669 0.448499 0.113280
v -0.163669 0.455096 0.113280
v -0.160484 0.455899 0.115058
v -0.160787 0.456191 0.113364
v -0.161068 0.455287 0.116677
v -0.162383 0.455049 0.117786
v -0.164076 0.455151 0.118090
v -0.165695 0.455571 0.117506
v -0.166804 0.455599 0.116191
v -0.167108 0.455571 0.114497
v -0.166524 0.455151 0.112879
v -0.165209 0.455030 0.111769
v -0.163516 0.455287 0.111466
v -0.161897 0.455900 0.112050
v 0.163510 0.456070 0.355540
v 0.165180 0.455276 0.352647
v 0.163510 0.455276 0.352200
v 0.166403 0.455276 0.353870
v 0.166850 0.455276 0.355540
v 0.166403 0.455276 0.357210
v 0.165180 0.455276 0.358432
v 0.163510 0.455276 0.358880
v 0.161840 0.455276 0.358432
v 0.160618 0.455276 0.357210
v 0.160170 0.455276 0.355540
v 0.160618 0.455276 0.353870
v 0.161840 0.455276 0.352647
v 0.163510 0.455276 0.355540
v 0.163510 0.449007 0.354037
v 0.163510 0.455604 0.354037
v 0.164812 0.449007 0.354788
v 0.164812 0.455604 0.354788
v 0.164812 0.449007 0.356291
v 0.164812 0.455604 0.356291
v 0.163510 0.449007 0.357043
v 0.163510 0.455604 0.357043
v 0.162209 0.449007 0.356291
v 0.162209 0.455604 0.356291
v 0.162209 0.449007 0.354788
v 0.162209 0.455604 0.354788
v 0.165178 0.456716 0.352652
v 0.163510 0.456716 0.352205
v 0.166398 0.456716 0.353872
v 0.166845 0.456716 0.355540
v 0.166398 0.456716 0.357207
v 0.165178 0.456716 0.358428
v 0.163510 0.456716 0.358875
v 0.161843 0.456716 0.358428
v 0.160622 0.456716 0.357207
v 0.160175 0.456716 0.355540
v 0.160622 0.456716 0.353872
v 0.161843 0.456716 0.352652
v 0.163635 0.454481 0.237318
v 0.166868 0.453646 0.237745
v 0.166827 0.453599 0.235775
v 0.166331 0.453714 0.238889
v 0.164763 0.453723 0.239720
v 0.163145 0.453757 0.240269
v 0.161900 0.453646 0.240079
v 0.160410 0.453599 0.238789
v 0.160089 0.453760 0.236989
v 0.160795 0.454082 0.235441
v 0.162217 0.454155 0.234300
v 0.164003 0.454082 0.233933
v 0.165646 0.453760 0.234379
v 0.163616 0.453598 0.237278
v 0.165002 0.447390 0.236694
v 0.164982 0.453989 0.236651
v 0.164876 0.447390 0.238191
v 0.164865 0.453948 0.238169
v 0.163515 0.447390 0.238830
v 0.163505 0.453948 0.238808
v 0.162282 0.447390 0.237972
v 0.162261 0.453989 0.237929
v 0.162408 0.447390 0.236474
v 0.162380 0.454116 0.236414
v 0.163769 0.447390 0.235835
v 0.163741 0.454116 0.235775
v 0.166854 0.455243 0.237774
v 0.166828 0.455153 0.235854
v 0.166317 0.455420 0.238897
v 0.164761 0.455428 0.239715
v 0.163159 0.455396 0.240263
v 0.161931 0.455243 0.240087
v 0.160469 0.455153 0.238841
v 0.160178 0.455287 0.237113
v 0.160906 0.455591 0.235639
v 0.162315 0.455664 0.234509
v 0.164085 0.455591 0.234146
v 0.165684 0.455287 0.234526
v 0.163539 0.455342 0.104088
v 0.165209 0.454452 0.101195
v 0.163539 0.454723 0.100748
v 0.166432 0.453856 0.102418
v 0.166879 0.453633 0.104088
v 0.166432 0.453729 0.105758
v 0.165209 0.454142 0.106980
v 0.163539 0.454159 0.107428
v 0.161869 0.454142 0.106980
v 0.160647 0.453729 0.105758
v 0.160199 0.453615 0.104088
v 0.160647 0.453856 0.102418
v 0.161869 0.454452 0.101195
v 0.163539 0.454539 0.104088
v 0.163539 0.448499 0.102585
v 0.163539 0.455096 0.102585
v 0.164841 0.448499 0.103336
v 0.164841 0.455096 0.103336
v 0.164841 0.448499 0.104839
v 0.164841 0.455096 0.104839
v 0.163539 0.448499 0.105591
v 0.163539 0.455096 0.105591
v 0.162238 0.448499 0.104839
v 0.162238 0.455096 0.104839
v 0.162238 0.448499 0.103336
v 0.162238 0.455096 0.103336
v 0.165201 0.455899 0.101209
v 0.163539 0.456191 0.100764
v 0.166418 0.455287 0.102426
v 0.166863 0.455049 0.104088
v 0.166418 0.455151 0.105750
v 0.165201 0.455571 0.106967
v 0.163539 0.455599 0.107412
v 0.161877 0.455571 0.106967
v 0.160661 0.455151 0.105750
v 0.160215 0.455030 0.104088
v 0.160661 0.455287 0.102426
v 0.161877 0.455900 0.101209
v 0.206489 0.413038 0.374621
v 0.205695 0.409739 0.374102
v 0.205695 0.410440 0.372522
v 0.205695 0.409921 0.375821
v 0.205695 0.410939 0.377219
v 0.205695 0.412519 0.377921
v 0.205695 0.414238 0.377738
v 0.205695 0.415636 0.376720
v 0.205695 0.416338 0.375140
v 0.205695 0.416155 0.373421
v 0.205695 0.415137 0.372023
v 0.205695 0.413557 0.371322
v 0.205695 0.411838 0.371504
v 0.205695 0.413038 0.374621
v 0.199426 0.411869 0.373677
v 0.206023 0.411869 0.373677
v 0.199426 0.411636 0.375161
v 0.206023 0.411636 0.375161
v 0.199426 0.412805 0.376106
v 0.206023 0.412805 0.376106
v 0.199426 0.414207 0.375566
v 0.206023 0.414207 0.375566
v 0.199426 0.414441 0.374081
v 0.206023 0.414441 0.374081
v 0.199426 0.413272 0.373136
v 0.206023 0.413272 0.373136
v 0.207135 0.409744 0.374103
v 0.207135 0.410444 0.372525
v 0.207135 0.409926 0.375820
v 0.207135 0.410942 0.377215
v 0.207135 0.412520 0.377916
v 0.207135 0.414237 0.377733
v 0.207135 0.415632 0.376717
v 0.207135 0.416333 0.375139
v 0.207135 0.416150 0.373423
v 0.207135 0.415134 0.372027
v 0.207135 0.413556 0.371327
v 0.207135 0.411840 0.371509
vn 0.8529 0.0049 -0.5221
vn 0.9421 0.0078 0.3351
vn 0.9827 -0.0444 0.1799
vn 0.9704 -0.0475 -0.2368
vn 0.9367 -0.0010 -0.3503
vn 0.9210 -0.0017 -0.3895
vn 0.9287 0.0468 0.3679
vn 0.4540 0.1187 0.8831
vn 0.9689 0.0577 0.2407
vn 0.6905 0.0417 0.7222
vn 0.9983 0.0405 0.0421
vn 0.9725 -0.0814 0.2183
vn 0.7186 -0.0637 0.6925
vn 0.4374 -0.1085 0.8927
vn 0.9974 -0.0673 -0.0260
vn 0.6707 0.0248 0.7414
vn 0.3685 0.0313 0.9291
vn 0.9991 0.0312 0.0286
vn 0.4622 0.0403 0.8858
vn 0.9420 0.0514 0.3316
vn 0.1644 0.1481 0.9752
vn 0.3661 0.0711 0.9279
vn 0.9645 -0.0395 0.2612
vn 0.7607 0.0296 0.6485
vn 0.8673 0.0880 0.4900
vn 0.9833 0.0228 0.1806
vn 0.9086 -0.0606 0.4132
vn 0.8428 -0.0427 0.5366
vn 0.9932 -0.0598 0.1000
vn 0.5634 -0.0450 0.8250
vn 0.9716 -0.0304 0.2345
vn 0.9962 -0.0784 0.0374
vn 0.6204 -0.0502 0.7827
vn 0.9513 -0.0195 0.3077
vn 0.9285 0.0095 0.3713
vn 0.9945 0.0313 -0.0998
vn 0.9941 -0.0426 -0.0998
vn 0.9749 0.0168 -0.2219
vn 0.9434 0.2743 -0.1862
vn 0.9538 0.2172 -0.2076
vn 0.2924 -0.1186 0.9489
vn 0.9787 0.0432 -0.2005
vn 0.5295 0.8322 -0.1644
vn -0.9572 0.0088 -0.2892
vn -0.7417 0.0315 0.6700
vn -0.9989 0.0477 0.0019
vn -0.8351 -0.0448 0.5483
vn -0.2037 0.0726 0.9763
vn -0.1775 -0.0960 0.9794
vn -0.2157 -0.1229 0.9687
vn -0.8835 -0.0180 0.4681
vn -0.9975 0.0388 0.0598
vn -0.7114 0.0088 0.7028
vn -0.6848 0.0566 0.7266
vn -1.0000 0.0076 0.0007
vn -0.8603 0.0169 0.5095
vn -0.2067 0.1281 0.9700
vn -0.6022 -0.7686 -0.2157
vn -0.9125 -0.1355 0.3859
vn -0.9570 -0.1250 -0.2616
vn -0.9243 0.0311 0.3805
vn -0.9440 0.0990 0.3147
vn -0.3858 0.0934 0.9178
vn -0.8801 0.0841 0.4672
vn -0.3951 -0.0255 0.9183
vn -0.9404 -0.0203 0.3394
vn -0.9709 -0.0710 0.2287
vn -0.6500 -0.0677 0.7569
vn -0.9916 -0.0868 0.0961
vn -0.9944 -0.0449 -0.0954
vn -0.8337 0.0404 0.5507
vn -0.9895 0.0798 -0.1205
vn -0.9187 -0.0039 0.3950
vn -0.3583 -0.1455 0.9222
vn -0.9142 -0.1016 0.3924
vn -0.9107 0.0884 0.4035
vn -0.3403 0.0483 0.9391
vn -0.9862 -0.0722 0.1487
vn -0.5152 -0.1943 0.8347
vn -0.9600 0.1176 0.2541
vn -0.3039 0.1451 0.9416
vn -0.9229 0.1458 0.3562
vn -0.4370 0.0952 0.8944
vn -0.7833 -0.0488 0.6197
vn -0.2576 0.1557 0.9536
vn -0.6827 -0.0815 0.7262
vn -0.9975 -0.0684 -0.0181
vn -0.8544 -0.0456 0.5175
vn -0.9796 -0.0646 -0.1905
vn -0.9884 0.0155 0.1510
vn -0.8827 0.0333 -0.4687
vn -0.7114 0.6811 0.1731
vn -0.5923 0.6606 -0.4614
vn -0.5426 -0.0489 0.8386
vn -0.3230 0.9464 -0.0008
vn -0.7151 0.6372 -0.2875
vn -0.6997 0.7144 -0.0013
vn -0.9516 0.3066 -0.0224
vn -0.7019 0.7122 -0.0113
vn -0.9642 0.2630 0.0329
vn -0.7974 0.5366 -0.2762
vn -0.3677 0.9299 -0.0017
vn 0.9634 0.2440 -0.1112
vn 0.6380 0.7493 -0.1777
vn 0.6785 0.6859 -0.2628
vn -0.0583 0.9122 -0.4056
vn 0.0509 0.9580 0.2822
vn 0.0912 0.9293 -0.3579
vn 0.6921 0.7146 -0.1016
vn 0.2666 0.9616 -0.0657
vn 0.7074 0.7016 -0.0857
vn 0.1712 0.9829 -0.0673
vn 0.4547 0.8817 -0.1262
vn 0.9402 0.3297 -0.0862
vn 0.9651 0.0392 0.2589
vn 0.6434 -0.6637 -0.3815
vn 0.7017 -0.6747 0.2289
vn -0.9849 -0.1474 -0.0904
vn -0.8458 -0.5051 -0.1719
vn -0.7384 -0.5961 -0.3152
vn -0.7524 -0.6544 -0.0750
vn -0.2755 -0.9607 -0.0348
vn -0.6704 -0.7412 -0.0332
vn -0.0956 -0.7043 0.7034
vn -0.2482 -0.9662 -0.0697
vn -0.9742 -0.2222 -0.0400
vn 0.3617 -0.9305 -0.0576
vn 0.7405 -0.5889 -0.3239
vn 0.7216 -0.6900 -0.0569
vn 0.9188 -0.3886 -0.0699
vn 0.7229 -0.6886 -0.0569
vn 0.9467 -0.3183 -0.0496
vn 0.6317 -0.6863 -0.3605
vn 0.4190 -0.9067 -0.0491
vn -0.8617 0.2798 -0.4234
vn -0.8029 -0.1666 0.5723
vn -0.9220 0.2156 0.3216
vn 0.0929 0.8659 -0.4915
vn 0.0590 0.8936 0.4450
vn 0.0493 0.9522 -0.3016
vn -0.4002 0.5837 -0.7065
vn -0.0719 0.9968 0.0353
vn -0.0473 0.7977 -0.6012
vn 0.0551 0.9889 0.1381
vn 0.0217 0.9426 0.3332
vn 0.6438 0.6561 0.3937
vn -0.5520 0.8331 0.0343
vn -0.0318 0.9891 -0.1439
vn 0.0119 0.9447 -0.3276
vn -0.0829 0.9629 -0.2568
vn -0.0632 0.9707 0.2318
vn 0.0648 0.8226 0.5649
vn 0.0506 0.9805 -0.1898
vn -0.0088 0.9720 -0.2349
vn -0.0415 0.8857 0.4624
vn -0.0041 0.8695 0.4938
vn -0.0141 0.7968 0.6040
vn -0.1235 -0.7427 -0.6581
vn 0.0202 -0.8917 -0.4522
vn 0.0481 -0.7605 -0.6475
vn -0.0862 -0.9766 -0.1968
vn 0.0153 -0.9693 -0.2454
vn 0.0069 -0.9425 -0.3341
vn 0.0254 -0.8996 0.4360
vn 0.0224 -0.9860 -0.1650
vn -0.1161 -0.9545 0.2746
vn 0.0027 -0.9999 0.0115
vn 0.1711 -0.9166 0.3613
vn -0.1503 -0.9845 0.0898
vn -0.1361 -0.9853 -0.1033
vn 0.1063 -0.9912 0.0794
vn 0.0211 -0.9960 0.0872
vn 0.1018 -0.9569 0.2720
vn 0.1164 -0.9698 -0.2143
vn 0.0351 -0.9978 0.0570
vn 0.0233 -0.9520 -0.3052
vn 0.0446 -0.9913 -0.1234
vn -0.1066 -0.9663 -0.2343
vn 0.6742 -0.5694 -0.4704
vn -0.0600 -0.8941 -0.4437
vn -0.0293 -0.9057 -0.4228
vn -0.1403 -0.8993 0.4143
vn 0.1031 -0.9946 0.0141
vn 0.0318 -0.9663 -0.2553
vn -0.9959 -0.0064 0.0897
vn -0.9885 0.0732 0.1323
vn -0.9870 0.0867 0.1357
vn -0.8100 -0.0085 -0.5863
vn -0.9437 -0.0372 -0.3288
vn -0.9497 -0.0064 -0.3130
vn -0.9973 0.0731 0.0048
vn -0.9859 0.1478 -0.0781
vn -0.9880 -0.1517 -0.0287
vn -0.8722 0.0057 0.4890
vn -0.2841 -0.0288 0.9584
vn -0.8859 -0.0280 0.4629
vn -0.8897 0.0023 0.4564
vn -0.9420 0.0226 0.3349
vn -0.9969 0.0159 0.0764
vn -0.9880 -0.0949 -0.1217
vn -0.9887 -0.1485 -0.0200
vn -0.9964 -0.0773 0.0348
vn -0.9459 0.0391 0.3222
vn -0.9719 0.1326 0.1943
vn -0.9973 0.0031 0.0728
vn -0.9912 0.0453 0.1245
vn -0.9980 -0.0010 0.0624
vn -0.9903 -0.0619 -0.1242
vn -0.9866 -0.1024 -0.1274
vn -0.9609 -0.0492 -0.2723
vn -0.9741 0.1174 0.1930
vn -0.9974 0.0214 0.0694
vn -0.7265 0.6850 0.0544
vn -0.9994 -0.0311 -0.0168
vn -0.9995 0.0176 -0.0258
vn -0.9814 -0.1839 -0.0558
vn -0.9761 -0.1981 -0.0899
vn -0.9924 0.0026 0.1233
vn -0.9917 0.0173 0.1273
vn -0.9935 -0.0217 -0.1114
vn -0.9963 -0.0041 0.0858
vn -0.9944 0.0178 0.1039
vn -0.9932 0.0061 0.1165
vn -0.9971 -0.0082 0.0751
vn -0.9926 0.0194 0.1199
vn -0.8439 -0.0019 0.5365
vn -0.9356 -0.0639 -0.3473
vn -0.9839 -0.0605 -0.1679
vn -0.6949 -0.0319 0.7184
vn -0.9989 -0.0415 0.0235
vn -0.9994 -0.0047 -0.0357
vn -0.2873 0.9576 -0.0202
vn -0.6522 0.7579 -0.0149
vn -0.6865 0.7270 -0.0153
vn -0.9983 -0.0108 0.0579
vn -0.9910 0.0515 0.1235
vn -0.9884 0.0559 0.1409
vn -0.9894 -0.0301 -0.1420
vn -0.9977 0.0101 0.0673
vn -0.9968 0.0061 0.0793
vn -0.9975 0.0135 0.0691
vn -0.9965 0.0145 0.0828
vn -0.9959 0.0106 0.0896
vn -0.9965 0.0083 0.0831
vn 0.0937 -0.0194 0.9954
vn 0.0512 0.0112 0.9986
vn 0.0512 -0.0131 0.9986
vn -0.9921 0.0216 0.1236
vn -0.9872 0.0166 -0.1585
vn -0.9932 0.0059 0.1161
vn -0.9926 0.0275 0.1180
vn -0.9924 0.0123 0.1228
vn -0.8749 0.0462 0.4822
vn -0.9931 0.0682 0.0950
vn -0.9809 0.0849 -0.1750
vn -0.7217 -0.0228 0.6918
vn -0.9991 -0.0298 0.0313
vn -0.9536 0.0108 0.3009
vn -0.9769 -0.0658 -0.2032
vn -0.8658 -0.0260 -0.4998
vn -0.8809 -0.0419 -0.4714
vn -0.6726 0.0009 0.7400
vn -0.9794 -0.0248 -0.2002
vn -0.9831 -0.0004 -0.1830
vn -0.9953 0.0105 -0.0958
vn -0.7335 0.0146 0.6796
vn -0.9785 0.0018 -0.2063
vn -0.9966 0.0041 0.0826
vn -0.9970 0.0032 0.0780
vn -0.9949 0.0188 0.0991
vn -0.9984 -0.0068 0.0567
vn -0.9937 0.0175 0.1111
vn -0.9980 -0.0626 0.0012
vn -0.9834 -0.1402 -0.1155
vn -0.9969 -0.0760 0.0199
vn -0.9683 0.1423 0.2051
vn -0.9882 0.0807 0.1302
vn -0.9336 -0.0642 -0.3524
vn -0.6577 0.6375 0.4013
vn -0.9364 0.0471 0.3477
vn -0.9894 -0.1439 0.0199
vn -0.9984 0.0452 0.0347
vn -0.9976 0.0225 0.0656
vn -0.9413 -0.3316 0.0628
vn -0.9904 -0.1384 -0.0046
vn -0.9975 0.0270 0.0652
vn -0.9986 -0.0067 0.0525
vn -0.9966 0.0121 0.0811
vn -0.9959 0.0057 0.0904
vn -0.8678 -0.0347 0.4958
vn -0.9776 -0.0444 -0.2060
vn -0.9569 -0.0465 -0.2867
vn -0.9741 -0.0042 0.2263
vn -0.8935 -0.0914 -0.4396
vn -0.9942 0.0376 0.1011
vn -0.9790 0.0196 -0.2029
vn -0.9927 0.0316 0.1168
vn -0.9980 0.0338 0.0532
vn -0.9944 0.0334 0.1003
vn -0.9937 0.0344 0.1068
vn -0.9843 0.0245 0.1747
vn -0.9962 0.0109 0.0865
vn -0.9972 0.0441 0.0604
vn -0.9983 0.0265 0.0522
vn -0.9973 0.0430 0.0591
vn -0.9714 0.0291 -0.2356
vn -0.9954 0.0070 0.0950
vn -0.9709 0.0308 -0.2373
vn -0.9981 -0.0098 0.0610
vn -0.9981 0.0243 0.0571
vn -0.7730 -0.0373 -0.6333
vn -0.7792 0.0115 0.6267
vn -0.6508 0.0083 0.7592
vn -0.9404 0.0276 -0.3389
vn -0.8200 0.0020 0.5724
vn -0.8649 0.0097 0.5018
vn -0.9983 0.0072 0.0570
vn -0.9964 -0.0472 0.0701
vn -0.9978 -0.0186 0.0630
vn -0.9978 -0.0082 -0.0653
vn -0.9981 -0.0173 0.0598
vn -0.9810 -0.0400 -0.1899
vn -0.9954 0.0311 0.0904
vn -0.9941 0.0628 -0.0879
vn -0.9862 0.0541 -0.1564
vn -0.9661 0.0266 -0.2568
vn -0.8571 0.0444 -0.5132
vn -0.9993 0.0292 -0.0245
vn -0.9994 0.0156 0.0319
vn -0.9988 -0.0083 -0.0481
vn -0.8047 0.0299 0.5930
vn -0.9969 0.0655 -0.0425
vn -0.9880 0.0359 -0.1503
vn -0.7584 0.0499 0.6498
vn -0.9969 0.0770 0.0184
vn -0.9529 0.0217 -0.3025
vn -0.9622 0.0324 -0.2703
vn -0.9988 0.0005 0.0491
vn -0.9565 0.0234 -0.2909
vn -0.9945 0.0120 0.1042
vn -0.9689 0.1485 0.1982
vn -0.9728 0.1305 0.1913
vn -0.3160 -0.0102 0.9487
vn -0.9948 0.0130 0.1006
vn -0.9790 -0.1338 0.1535
vn -0.9977 -0.0292 0.0618
vn -0.9914 -0.0816 0.1023
vn -0.9981 0.0026 0.0623
vn -0.9979 -0.0105 0.0644
vn -0.9736 0.0037 0.2282
vn -0.8970 -0.4259 0.1183
vn -0.9820 -0.0554 0.1804
vn -0.9977 0.0523 0.0422
vn -0.9983 0.0578 0.0111
vn -0.9975 0.0234 0.0663
vn -0.9799 -0.1324 0.1491
vn -0.9989 0.0071 0.0465
vn -0.9995 -0.0322 0.0050
vn -0.9696 0.0797 -0.2314
vn -0.9160 0.0545 -0.3975
vn -0.9859 0.0547 0.1578
vn -0.9933 -0.0081 0.1154
vn -0.9884 0.0280 0.1492
vn -0.9854 0.0330 0.1668
vn -0.9843 0.0329 0.1737
vn -0.9868 0.0066 0.1615
vn -0.9942 -0.0113 0.1073
vn -0.9913 -0.0229 -0.1296
vn -0.7977 0.0332 0.6022
vn -0.9728 0.0571 -0.2243
vn -0.7069 -0.6880 0.1642
vn -0.7502 0.0150 0.6610
vn -0.4167 -0.9050 0.0862
vn -0.9486 -0.1923 0.2514
vn -0.3155 -0.9450 0.0861
vn 0.8820 0.4253 0.2029
vn 0.7472 -0.0451 0.6631
vn 0.9959 -0.0328 -0.0838
vn 0.9869 -0.1615 -0.0025
vn 0.8442 0.5358 0.0172
vn 0.9885 -0.1349 0.0690
vn 0.9908 -0.0593 0.1217
vn 0.7469 0.6628 0.0533
vn 0.9998 -0.0150 -0.0149
vn 0.9936 -0.1023 0.0487
vn 0.9973 -0.0205 0.0709
vn 0.9890 -0.1473 0.0103
vn 0.9941 -0.1081 -0.0133
vn 0.8222 0.5690 0.0122
vn 0.9986 -0.0226 0.0488
vn 0.9940 0.0585 0.0922
vn 0.9787 -0.0985 0.1802
vn 0.9633 -0.0480 -0.2640
vn 0.9889 -0.0682 -0.1321
vn 0.9963 -0.0800 0.0309
vn 0.9948 0.0494 0.0892
vn 0.9519 -0.0179 -0.3057
vn 0.9632 -0.0202 -0.2682
vn 0.8843 0.4662 0.0248
vn 0.9923 -0.1022 -0.0696
vn 0.9978 -0.0053 0.0663
vn 0.9840 -0.0307 -0.1753
vn 0.9968 -0.0637 0.0479
vn 0.9963 -0.0101 0.0856
vn 0.9467 0.0022 -0.3221
vn 0.9960 0.0129 0.0883
vn 0.9973 -0.0054 0.0734
vn 0.9963 -0.0155 0.0845
vn 0.9856 -0.0570 -0.1592
vn 0.9975 -0.0311 -0.0642
vn 0.9948 -0.0422 0.0932
vn 0.9948 -0.0339 0.0956
vn 0.9764 -0.0273 -0.2140
vn 0.9974 -0.0268 0.0675
vn 0.9952 -0.0412 0.0892
vn 0.9953 -0.0395 0.0879
vn 0.9954 -0.0412 0.0869
vn 0.9946 0.0383 0.0966
vn 0.9841 -0.0020 -0.1777
vn 0.9758 0.0343 -0.2160
vn 0.9617 0.0132 -0.2739
vn 0.9989 -0.0090 0.0462
vn 0.9628 -0.0004 -0.2702
vn 0.9544 0.0168 -0.2982
vn 0.9932 -0.0073 0.1160
vn 0.9950 -0.0014 0.0996
vn 0.9957 -0.0416 0.0823
vn 0.9959 -0.0155 0.0894
vn 0.9904 0.0493 0.1293
vn 0.9959 0.0135 0.0895
vn 0.9720 -0.0095 -0.2350
vn 0.9246 -0.0037 -0.3810
vn 0.9944 -0.0054 0.1058
vn 0.9820 -0.0249 -0.1872
vn 0.9952 -0.0055 0.0975
vn 0.9934 0.0115 0.1143
vn 0.9942 -0.0433 0.0988
vn 0.6439 -0.0526 0.7633
vn 0.9185 -0.0591 0.3909
vn 0.9939 -0.0184 0.1088
vn 0.8532 0.0653 -0.5174
vn 0.9862 0.0377 0.1614
vn 0.8768 -0.0195 -0.4804
vn 0.9488 -0.0347 0.3139
vn 0.9127 0.0241 -0.4079
vn 0.9993 -0.0345 0.0161
vn 0.6783 -0.0044 0.7348
vn 0.9976 -0.0066 0.0696
vn 0.9647 0.0128 0.2630
vn 0.8992 -0.0929 -0.4276
vn 0.3434 0.0339 0.9386
vn 0.5901 0.7674 0.2508
vn 0.9550 0.0932 0.2814
vn 0.9649 -0.0995 -0.2432
vn 0.7001 -0.0506 0.7122
vn 0.9952 -0.0488 0.0844
vn 0.9948 -0.0419 0.0923
vn 0.9961 0.0008 0.0879
vn 0.9972 0.0012 0.0743
vn 0.9385 -0.0027 -0.3453
vn 0.9989 0.0010 0.0475
vn 0.8915 -0.0673 0.4479
vn 0.9929 0.0168 0.1180
vn 0.9905 0.0289 0.1341
vn 0.9906 0.0174 0.1356
vn 0.9961 -0.0081 0.0877
vn 0.7868 0.6171 0.0122
vn 0.9992 -0.0059 0.0396
vn 0.9925 -0.0237 0.1197
vn 0.9921 -0.0237 0.1235
vn 0.9878 -0.0330 0.1519
vn 0.9972 -0.0209 0.0715
vn 0.9915 -0.0065 0.1297
vn 0.9851 -0.0454 0.1662
vn 0.9938 0.0191 0.1097
vn 0.9875 -0.0426 0.1514
vn 0.9999 0.0085 0.0146
vn 0.9563 0.0234 -0.2916
vn 0.9608 0.0247 -0.2762
vn 0.9504 0.0421 -0.3083
vn 0.9921 0.0722 -0.1022
vn 0.9951 0.0487 -0.0862
vn 0.9526 0.0678 -0.2965
vn 0.9817 0.1343 -0.1350
vn 0.9951 -0.0067 0.0987
vn 0.9897 0.0035 0.1428
vn 0.9883 -0.0124 0.1518
vn 0.9835 -0.0515 0.1734
vn 0.9895 -0.0218 0.1427
vn 0.9847 -0.0345 0.1709
vn 0.9906 -0.0290 0.1334
vn 0.9958 -0.0124 0.0906
vn 0.9840 -0.0671 0.1650
vn 0.9938 -0.0323 0.1059
vn 0.9957 -0.0232 0.0898
vn 0.8975 -0.0066 0.4410
vn 0.9965 0.0113 -0.0826
vn 0.9998 -0.0042 0.0205
vn 0.9989 0.0287 -0.0361
vn 0.9855 0.0679 -0.1556
vn 0.7384 0.0723 0.6705
vn 0.8134 0.0520 0.5794
vn 0.9818 0.0704 0.1767
vn 0.5182 -0.0299 0.8547
vn 0.5910 0.0466 0.8053
vn 0.9941 0.0201 0.1061
vn 0.9868 -0.0232 0.1606
vn 0.9989 0.0010 0.0469
vn 0.9994 0.0067 0.0354
vn 0.9950 -0.0178 0.0981
vn 0.9930 -0.0152 0.1175
vn 0.9936 -0.0182 0.1115
vn 0.9714 -0.1512 0.1832
vn 0.9825 -0.0820 0.1675
vn 0.9689 0.2372 -0.0700
vn 0.9876 0.1488 -0.0504
vn 0.9978 0.0628 -0.0197
vn 0.9979 0.0442 -0.0464
vn 0.9998 0.0035 -0.0179
vn 0.9876 -0.0481 0.1495
vn 0.9899 -0.0046 0.1416
vn 0.9854 -0.0436 0.1646
vn 0.9931 -0.0118 0.1164
vn 0.9951 0.0062 -0.0985
vn 0.9940 -0.0113 -0.1087
vn 0.9949 -0.0758 -0.0663
vn 0.9978 -0.0469 -0.0462
vn 0.9925 -0.0848 -0.0880
vn 0.9268 0.1002 -0.3620
vn 0.9431 0.0445 0.3295
vn 0.9458 -0.0062 -0.3248
vn 0.9292 -0.0801 -0.3609
vn 0.9928 0.0674 -0.0994
vn 0.9507 0.0061 0.3102
vn 0.9362 -0.0830 0.3416
vn 0.9718 -0.1238 -0.2009
vn 0.9367 -0.1463 -0.3181
vn 0.8648 -0.1200 0.4876
vn 0.9787 -0.0764 0.1903
vn 0.9970 0.0716 -0.0308
vn 0.9492 -0.0018 0.3147
vn 0.9975 0.0631 -0.0333
vn 0.9851 0.1433 -0.0954
vn 0.9958 0.0641 -0.0649
vn 0.9976 0.0663 -0.0186
vn 0.9966 0.0560 -0.0601
vn 0.9880 0.1399 -0.0649
vn 0.9828 0.1535 -0.1029
vn 0.9869 0.1268 -0.0994
vn 0.9774 0.0981 -0.1872
vn 0.7188 -0.6952 -0.0113
vn 0.9925 0.1118 -0.0492
vn 0.8332 -0.5521 -0.0298
vn 0.9702 0.2061 -0.1276
vn 0.7362 -0.6767 0.0061
vn 0.9989 0.0039 -0.0473
vn 0.7893 -0.6137 -0.0165
vn 0.9977 0.0249 -0.0629
vn 0.9987 -0.0489 0.0158
vn 0.9952 0.0679 0.0710
vn 0.8190 -0.0272 0.5731
vn 0.4800 0.0721 0.8743
vn 0.6921 0.0152 0.7216
vn 0.9947 0.0205 0.1006
vn 0.9615 0.0799 0.2629
vn 0.0769 0.0522 0.9957
vn 0.8346 -0.0206 0.5505
vn -0.0165 0.2118 0.9772
vn 0.9950 0.0272 0.0960
vn 0.9641 -0.0302 0.2637
vn 0.8649 -0.4948 0.0845
vn 0.9182 -0.0657 0.3906
vn 0.8492 -0.5257 -0.0495
vn 0.9662 0.0165 -0.2573
vn 0.9759 -0.0351 0.2155
vn 0.6024 -0.4478 0.6608
vn 0.6344 -0.7182 0.2859
vn 0.8447 -0.0007 0.5353
vn 0.9402 0.0181 -0.3401
vn 0.9592 0.0103 -0.2824
vn 0.8769 0.0259 0.4799
vn 0.9673 0.0232 -0.2526
vn 0.7539 0.0264 0.6565
vn 0.9941 0.0409 -0.1004
vn 0.8299 0.0101 0.5578
vn 0.9600 0.0131 -0.2799
vn 0.9930 0.0402 0.1108
vn 0.7230 -0.0183 0.6906
vn 0.7219 0.0160 0.6918
vn 0.3573 -0.9340 0.0046
vn 0.2658 -0.9397 0.2150
vn 0.3704 -0.9263 0.0693
vn 0.6969 -0.6486 0.3059
vn 0.3348 -0.9423 0.0045
vn 0.2883 -0.9531 0.0920
vn 0.5489 -0.6447 0.5321
vn 0.3250 -0.9457 -0.0044
vn 0.4507 -0.8924 0.0224
vn 0.2826 -0.9592 -0.0013
vn 0.7001 -0.7102 0.0739
vn 0.8891 -0.4575 0.0149
vn 0.9538 -0.2933 0.0654
vn 0.6680 -0.7441 0.0008
vn 0.9403 -0.3403 -0.0038
vn 0.9509 -0.3093 0.0044
vn 0.6624 -0.7492 -0.0021
vn 0.9408 -0.3387 -0.0117
vn 0.6723 -0.7394 0.0365
vn 0.9574 -0.2885 0.0160
vn 0.7023 -0.7084 0.0700
vn 0.9687 -0.2463 0.0321
vn 0.6920 -0.7218 0.0123
vn 0.6574 -0.7535 -0.0068
vn 0.9458 -0.3245 -0.0114
vn 0.6678 -0.7265 0.1620
vn 0.6479 -0.3274 0.6878
vn 0.9441 -0.2982 0.1407
vn 0.9001 -0.4354 -0.0181
vn 0.6042 -0.7963 0.0293
vn 0.6976 -0.7063 0.1204
vn 0.9811 0.0218 0.1920
vn 0.8261 -0.5634 -0.0104
vn 0.5593 -0.5380 0.6307
vn 0.7222 -0.6545 0.2236
vn 0.8629 -0.5054 0.0021
vn 0.8569 -0.5154 -0.0038
vn 0.3661 -0.6711 0.6447
vn 0.6347 -0.7728 -0.0044
vn -0.7671 -0.6415 0.0043
vn -0.9156 -0.4015 0.0208
vn -0.6983 -0.7151 -0.0316
vn -0.5003 -0.5748 0.6475
vn -0.9022 -0.4193 0.1014
vn -0.5371 -0.8406 0.0700
vn -0.7249 -0.6882 0.0292
vn -0.9621 -0.2574 0.0894
vn -0.7738 -0.5965 0.2130
vn -0.9437 -0.3308 -0.0068
vn -0.9381 -0.3462 0.0111
vn -0.9699 -0.2034 0.1340
vn -0.6900 -0.6247 0.3656
vn -0.8032 -0.5957 -0.0071
vn -0.7321 -0.6812 0.0037
vn -0.9522 -0.3041 0.0279
vn -0.0656 -0.2367 0.9694
vn 0.0626 -0.8714 0.4865
vn -0.0995 -0.8945 0.4359
vn -0.6893 -0.7186 0.0922
vn -0.3014 -0.9525 0.0431
vn -0.2594 -0.9630 0.0723
vn -0.6988 -0.7153 0.0036
vn -0.3453 -0.9385 -0.0077
vn -0.3356 -0.9420 0.0030
vn -0.7340 -0.6791 -0.0082
vn -0.3113 -0.9502 -0.0121
vn -0.7138 -0.6994 0.0346
vn -0.3326 -0.9430 0.0144
vn -0.6819 -0.7159 0.1500
vn -0.1410 -0.9868 0.0791
vn -0.6810 -0.7321 0.0177
vn -0.7171 -0.6969 -0.0091
vn -0.3694 -0.9292 -0.0068
vn -0.7525 -0.6538 0.0797
vn -0.2075 -0.6589 0.7230
vn -0.3366 -0.9394 0.0654
vn -0.5629 -0.8264 0.0167
vn -0.5035 -0.8279 0.2472
vn -0.6534 -0.7569 0.0158
vn -0.6421 -0.7666 0.0045
vn -0.6943 -0.7194 0.0202
vn -0.5022 -0.3843 0.7747
vn -0.9508 -0.3099 0.0032
vn -0.7789 -0.6269 -0.0191
vn -0.9956 0.0429 -0.0832
vn -0.9961 -0.0186 0.0864
vn -0.9873 0.1407 0.0739
vn -0.9817 0.1258 -0.1430
vn -0.8848 0.0443 -0.4638
vn -0.8512 0.0223 -0.5244
vn -0.8530 0.0104 -0.5217
vn -0.8442 0.0035 -0.5361
vn -0.9855 0.0106 -0.1694
vn -0.8380 0.0060 -0.5456
vn -0.8207 -0.0311 -0.5706
vn -0.9954 0.0521 0.0803
vn -0.9941 0.1088 0.0023
vn -0.9978 -0.0643 -0.0158
vn -0.9569 0.0246 -0.2895
vn -0.7856 -0.0265 0.6182
vn -0.9967 -0.0040 -0.0806
vn -0.9993 0.0379 0.0075
vn -0.9977 -0.0149 0.0654
vn -0.9863 -0.1065 0.1258
vn -0.9217 -0.0158 0.3875
vn -0.9902 0.0036 -0.1398
vn -0.9946 -0.0312 0.0992
vn -0.9612 0.0192 -0.2751
vn -0.7151 0.0022 0.6990
vn -0.9755 -0.0060 -0.2199
vn -0.9629 0.0012 -0.2699
vn -0.7482 0.0017 0.6634
vn -0.9669 0.0039 -0.2550
vn -0.8423 -0.0017 -0.5390
vn -0.9999 -0.0113 -0.0080
vn -0.6139 0.6925 0.3788
vn -0.1996 -0.0238 0.9796
vn -0.9513 0.0207 0.3074
vn -0.9971 0.0321 0.0683
vn -0.9974 0.0146 -0.0699
vn -0.7834 0.0113 0.6214
vn -0.7614 0.6233 0.1784
vn -0.8395 0.5418 -0.0413
vn -0.9992 -0.0390 0.0022
vn 0.6695 0.7428 -0.0046
vn 0.9147 0.4026 0.0357
vn 0.7635 0.6436 0.0535
vn 0.6073 0.7935 0.0393
vn 0.7904 0.4374 0.4290
vn 0.9572 0.2856 0.0471
vn 0.8417 0.5361 0.0635
vn 0.9708 0.2278 0.0757
vn 0.8567 0.4794 0.1905
vn 0.6783 0.7348 0.0023
vn 0.9457 0.3248 0.0089
vn 0.9786 0.1505 0.1403
vn 0.7324 0.5609 0.3860
vn 0.6929 0.7207 0.0222
vn 0.9374 0.3482 -0.0044
vn 0.9516 0.3072 0.0087
vn 0.9528 0.3032 -0.0162
vn 0.6829 0.7275 0.0658
vn 0.4043 0.9142 0.0256
vn 0.2893 0.9530 0.0906
vn 0.7103 0.7039 -0.0059
vn 0.4365 0.8996 0.0144
vn 0.7525 0.6585 0.0088
vn 0.7649 0.6439 -0.0179
vn 0.4181 0.9084 -0.0047
vn 0.7210 0.6928 0.0158
vn 0.4138 0.9102 0.0141
vn 0.7335 0.6675 0.1284
vn 0.2346 0.9641 0.1245
vn 0.6749 0.7374 0.0254
vn 0.8119 0.5837 -0.0140
vn 0.4809 0.8768 -0.0015
vn 0.4422 0.8572 0.2638
vn 0.5254 0.8507 -0.0190
vn 0.1906 0.6309 0.7521
vn 0.5514 0.7640 0.3350
vn -0.6397 0.7679 0.0332
vn -0.3638 0.9314 0.0061
vn -0.3853 0.9227 0.0153
vn -0.5248 0.4499 0.7226
vn -0.3455 0.9115 0.2233
vn -0.3835 0.9230 0.0319
vn -0.3953 0.9169 0.0541
vn -0.5032 0.8640 -0.0185
vn -0.3174 0.9482 -0.0116
vn -0.2987 0.9498 0.0926
vn -0.6705 0.7418 -0.0136
vn -0.7350 0.6775 -0.0253
vn -0.2840 0.9588 0.0119
vn -0.2834 0.9589 -0.0117
vn -0.7247 0.6845 0.0790
vn -0.9341 0.3557 0.0284
vn -0.9500 0.2995 0.0887
vn -0.8264 0.5630 0.0052
vn -0.9644 0.2644 0.0036
vn -0.9792 0.2028 0.0054
vn -0.7480 0.6637 -0.0049
vn -0.9481 0.3179 -0.0081
vn -0.6953 0.7180 0.0316
vn -0.9794 0.2017 0.0089
vn -0.7291 0.6765 0.1036
vn -0.9609 0.2594 0.0971
vn -0.8365 0.5471 0.0299
vn -0.9298 0.3675 -0.0180
vn -0.9387 0.3446 -0.0134
vn -0.6854 0.7114 0.1553
vn -0.5879 0.4180 0.6925
vn -0.9201 0.3531 0.1699
vn -0.5575 0.8301 0.0067
vn -0.6643 0.6601 0.3507
vn -0.7093 0.5226 0.4731
vn -0.8270 0.5622 -0.0088
vn -0.7145 0.6996 -0.0096
vn -0.4139 0.5380 0.7344
vn -0.6450 0.6929 0.3221
vn -0.8120 0.5836 0.0095
vn -0.7444 0.6677 0.0108
vn -0.4955 0.4183 0.7613
vn -0.6328 0.7742 -0.0137
vn -0.9906 -0.1330 -0.0333
vn -0.7212 0.6927 -0.0082
vn -0.6820 0.7314 -0.0030
vn -0.9975 -0.0247 0.0660
vn -0.9968 -0.0334 -0.0726
vn -0.9778 -0.0319 0.2070
vn -0.9548 -0.0201 0.2964
vn -0.0814 -0.9958 0.0411
vn 0.1041 -0.9932 0.0529
vn 0.1004 -0.9774 0.1859
vn 0.3132 -0.9496 -0.0135
vn 0.2108 -0.9774 0.0128
vn 0.2098 -0.9764 -0.0509
vn 0.2675 -0.9608 -0.0723
vn -0.0988 -0.9947 0.0291
vn 0.8896 -0.1270 0.4387
vn 0.5215 -0.1714 0.8359
vn -0.1093 -0.4053 0.9076
vn -0.1040 -0.8224 0.5594
vn -0.0619 -0.9222 0.3818
vn 0.1548 -0.9820 0.1086
vn 0.0420 -0.9728 0.2276
vn 0.0390 -0.9371 0.3468
vn 0.0645 -0.9969 0.0446
vn 0.1641 -0.9836 0.0754
vn 0.0964 -0.9946 0.0388
vn 0.1432 -0.9860 0.0858
vn 0.0889 -0.9945 0.0558
vn 0.1252 -0.9852 0.1173
vn 0.0777 -0.9896 0.1214
vn 0.0102 -0.9990 0.0424
vn 0.0473 -0.9979 0.0452
vn -0.5839 -0.8109 0.0391
vn 0.0453 -0.9968 -0.0664
vn 0.0154 0.0331 0.9993
vn 0.4851 -0.4632 0.7417
vn 0.0578 -0.7484 0.6607
vn 0.0524 -0.9029 0.4267
vn -0.1178 -0.9920 0.0465
vn 0.0441 -0.9939 0.1009
vn -0.2010 -0.9755 -0.0898
vn -0.0257 -0.9997 0.0040
vn -0.2024 -0.9734 -0.1073
vn -0.0434 -0.9984 -0.0353
vn -0.1702 -0.9777 -0.1228
vn -0.0272 -0.9994 -0.0217
vn -0.1329 -0.9843 -0.1163
vn 0.0094 -0.9999 -0.0124
vn -0.0299 -0.9987 -0.0413
vn 0.1078 -0.9881 0.1095
vn 0.0310 -0.9983 -0.0491
vn -0.0472 -0.9959 -0.0774
vn -0.0998 -0.9949 0.0118
vn -0.0601 -0.0901 0.9941
vn 0.7682 -0.6402 0.0053
vn -0.1021 -0.9944 -0.0258
vn -0.0515 -0.9791 -0.1966
vn -0.0299 -0.9800 0.1969
vn -0.0567 -0.9983 0.0131
vn 0.0103 -0.3440 0.9389
vn -0.0009 -0.9332 0.3595
vn -0.0037 -1.0000 -0.0054
vn -0.0085 -0.9999 0.0148
vn -0.0789 -0.9933 -0.0850
vn -0.0169 -0.9896 0.1430
vn -0.0307 -0.9994 -0.0140
vn 0.3161 -0.0515 0.9473
vn 0.1011 -0.9816 0.1622
vn -0.1096 -0.9920 -0.0632
vn 0.0233 -0.9991 -0.0359
vn -0.0173 -0.9756 0.2190
vn 0.0002 -0.9999 0.0157
vn -0.0020 -0.9998 0.0178
vn 0.0451 -0.9990 0.0003
vn -0.0282 -0.9996 -0.0019
vn -0.0453 -0.9990 -0.0053
vn 0.0089 -1.0000 -0.0015
vn -0.0191 -0.9997 -0.0139
vn 0.0056 -0.9999 0.0092
vn -0.0205 -0.9998 -0.0018
vn 0.0173 -0.9998 -0.0085
vn -0.0036 -1.0000 -0.0087
vn 0.0021 -1.0000 -0.0005
vn 0.0052 -0.9941 0.1081
vn 0.0133 -0.9995 0.0286
vn 0.0025 -1.0000 0.0008
vn 0.0140 -0.9627 0.2701
vn -0.0020 -0.9999 0.0160
vn 0.0114 -0.5735 0.8192
vn 0.0152 -0.9792 0.2022
vn 0.0691 -0.1815 0.9810
vn 0.0935 -0.9362 0.3387
vn -0.1120 -0.5276 0.8421
vn -0.0606 -0.9627 0.2637
vn 0.0031 -0.9999 -0.0104
vn 0.0308 -0.9790 0.2016
vn 0.0788 -0.4208 0.9037
vn 0.0092 -0.9509 0.3093
vn 0.0199 -0.9865 0.1628
vn -0.0019 -0.4478 0.8941
vn -0.0863 -0.9936 -0.0728
vn -0.9292 -0.3696 0.0090
vn -0.0184 0.7685 0.6396
vn 0.0369 0.8616 0.5062
vn 0.1237 0.6688 0.7331
vn -0.0107 0.9556 0.2946
vn 0.0557 0.9319 0.3584
vn -0.0066 0.8990 0.4379
vn -0.0408 0.9686 0.2454
vn -0.0565 0.9132 -0.4036
vn 0.0270 0.9984 0.0488
vn 0.1317 0.9759 -0.1740
vn -0.1509 0.9415 -0.3013
vn 0.1557 0.9878 -0.0009
vn 0.1660 0.9310 -0.3250
vn -0.0390 0.9968 -0.0702
vn -0.1079 0.9934 0.0380
vn -0.0954 0.9760 -0.1960
vn -0.0343 0.9993 0.0114
vn -0.1101 0.9321 0.3450
vn -0.0325 0.9759 0.2157
vn -0.0419 0.9228 0.3830
vn 0.0425 0.9760 0.2136
vn 0.0661 0.8394 0.5395
vn -0.1100 0.9939 0.0085
vn 0.0434 0.9946 0.0946
vn 0.0585 0.9146 0.4002
vn 0.0904 0.9952 -0.0374
vn 0.0563 0.9965 -0.0613
vn 0.1141 0.9922 -0.0495
vn 0.2033 0.9756 -0.0830
vn 0.0808 0.9962 -0.0331
vn 0.1701 0.9834 -0.0631
vn -0.0161 0.9997 0.0181
vn 0.1642 0.9847 -0.0577
vn 0.0073 0.9999 0.0081
vn 0.1055 0.9826 -0.1532
vn -0.0312 0.9922 -0.1203
vn 0.0038 -0.8052 0.5929
vn -0.0221 -0.7142 0.6996
vn 0.0902 -0.8086 0.5813
vn -0.0233 -0.7998 0.5998
vn -0.0501 -0.8185 0.5723
vn -0.5638 -0.0191 0.8257
vn -0.5106 -0.0126 0.8598
vn -0.6908 -0.0196 0.7228
vn -0.6392 -0.0137 0.7689
vn -0.5691 -0.0056 0.8222
vn -0.6919 0.7220 0.0082
vn -0.7291 -0.6838 -0.0277
vn 0.2594 -0.9658 0.0052
vn 0.9029 -0.0086 0.4298
vn 0.8741 0.0007 0.4857
vn 0.8371 -0.0083 0.5470
vn 0.8302 0.0176 0.5572
vn 0.8336 -0.0117 0.5522
vn 0.8591 -0.0479 0.5096
vn -0.6042 0.0225 0.7965
vn -0.3012 0.9531 -0.0285
vn 0.1920 0.9778 -0.0841
vn -0.1546 0.9875 -0.0311
vn -0.0576 0.9981 -0.0198
vn 0.0279 0.9994 -0.0207
vn 0.0329 0.9994 -0.0114
vn 0.0453 0.9989 -0.0075
vn 0.0062 0.9699 0.2434
vn 0.0540 0.9974 -0.0486
vn 0.0195 0.8153 0.5787
vn 0.0373 0.8199 0.5713
vn 0.0275 0.9994 0.0208
vn -0.0791 0.9948 0.0648
vn -0.0247 0.9962 0.0836
vn 0.0789 0.9752 0.2068
vn 0.1577 0.9782 0.1351
vn 0.0363 0.9712 0.2355
vn -0.0988 0.9920 0.0784
vn 0.0686 0.9882 0.1372
vn -0.1229 0.9755 0.1823
vn -0.0467 0.9408 0.3356
vn -0.0776 0.9926 0.0938
vn -0.0324 0.9985 0.0440
vn -0.1221 0.9913 0.0487
vn -0.1108 0.9933 0.0325
vn -0.1445 0.9874 0.0644
vn -0.1534 0.9843 0.0874
vn -0.1040 0.9878 0.1156
vn -0.0782 0.9965 0.0292
vn 0.0143 0.9986 0.0502
vn -0.0518 0.9974 0.0500
vn 0.2645 0.9629 0.0536
vn -0.1112 0.9921 0.0576
vn -0.0250 0.9926 -0.1190
vn 0.1079 0.9941 -0.0106
vn 0.0926 0.9957 0.0084
vn -0.0101 0.9981 0.0615
vn -0.1290 0.9908 0.0415
vn -0.1088 0.9930 0.0459
vn -0.0375 0.9975 0.0601
vn -0.0647 0.9978 0.0156
vn 0.1252 0.9917 0.0290
vn -0.0737 0.9890 0.1285
vn -0.0476 0.9988 0.0147
vn -0.0703 0.9969 -0.0361
vn 0.0043 0.9996 0.0272
vn -0.0619 0.9972 0.0424
vn -0.0564 0.9931 0.1028
vn -0.0361 0.9981 0.0504
vn 0.0433 0.9988 -0.0226
vn -0.0798 0.9968 0.0025
vn -0.0337 0.9994 -0.0069
vn 0.0239 0.9993 -0.0291
vn -0.0537 0.9985 -0.0104
vn -0.0043 1.0000 -0.0004
vn 0.0218 0.9997 0.0053
vn -0.0563 0.9982 0.0195
vn 0.0090 0.9995 0.0312
vn 0.0080 0.9985 0.0549
vn -0.0424 0.9974 0.0578
vn 0.0100 0.9996 0.0263
vn 0.0579 0.9982 0.0132
vn 0.0699 0.9974 -0.0179
vn 0.0626 0.9979 0.0189
vn -0.0010 0.9999 -0.0162
vn 0.0042 0.9993 -0.0377
vn 0.0055 0.7796 0.6263
vn -0.0147 0.6416 0.7669
vn -0.0706 -0.0403 0.9967
vn -0.0341 -0.0149 0.9993
vn -0.0557 0.0008 0.9984
vn 0.5087 0.7765 0.3718
vn -0.0856 0.9961 -0.0214
vn -0.0207 0.9017 0.4318
vn -0.0602 0.9079 0.4149
vn -0.0532 0.9980 -0.0327
vn 0.0104 0.8883 0.4591
vn 0.0763 0.9943 -0.0744
vn -0.2000 -0.0093 0.9798
vn -0.2291 -0.0008 0.9734
vn -0.1262 0.0071 0.9920
vn -0.1675 0.0156 0.9857
vn -0.2036 -0.0000 0.9791
vn -0.1211 -0.0037 0.9926
vn -0.2030 0.0130 0.9791
vn -0.1877 -0.0073 0.9822
vn -0.2234 -0.0019 0.9747
vn -0.2405 0.0099 0.9706
vn -0.1466 0.0031 0.9892
vn -0.1990 -0.0110 0.9799
vn -0.1680 -0.0451 0.9847
vn -0.0170 0.0179 0.9997
vn 0.0434 0.0889 0.9951
vn -0.1157 -0.0757 0.9904
vn -0.5358 -0.5128 0.6708
vn 0.1588 0.0556 0.9857
vn 0.6178 0.3899 0.6828
vn 0.1844 -0.0435 0.9819
vn 0.1361 -0.0255 0.9904
vn 0.1561 -0.0236 0.9875
vn 0.2012 0.0089 0.9795
vn 0.1568 0.0082 0.9876
vn 0.2400 0.0028 0.9708
vn 0.2903 0.0207 0.9567
vn 0.1964 -0.0008 0.9805
vn 0.2084 0.0173 0.9779
vn 0.2072 0.0198 0.9781
vn 0.2317 -0.0005 0.9728
vn 0.1881 0.0090 0.9821
vn 0.2055 -0.0095 0.9786
vn 0.2430 0.0040 0.9700
vn 0.8428 0.0150 0.5380
vn 0.2454 -0.0088 0.9694
vn 0.1621 -0.1702 0.9720
vn 0.1203 -0.1847 0.9754
vn 0.5155 -0.5098 0.6887
vn -0.0124 -0.0371 0.9992
vn -0.0216 0.0055 0.9998
vn -0.5777 -0.2390 0.7805
vn 0.0361 0.0307 0.9989
vn 0.0034 0.0858 0.9963
vn 0.1161 -0.0309 0.9928
vn -0.0765 -0.0576 0.9954
vn 0.2948 0.3314 0.8963
vn 0.3119 0.4373 0.8435
vn 0.4294 0.2046 0.8796
vn -0.2876 0.0306 0.9572
vn -0.3681 0.4558 0.8104
vn -0.1278 0.1149 0.9851
vn -0.1189 0.0365 0.9922
vn -0.0450 0.2610 0.9643
vn -0.1172 0.0692 0.9907
vn -0.2583 -0.0791 0.9628
vn -0.1972 -0.0463 0.9793
vn -0.0007 -0.0840 0.9965
vn -0.0030 -0.0369 0.9993
vn -0.0231 -0.2430 0.9697
vn 0.0187 -0.3550 0.9347
vn 0.0692 -0.3084 0.9487
vn -0.0154 -0.3189 0.9477
vn 0.0038 0.2136 0.9769
vn 0.0305 0.1915 0.9810
vn -0.0156 0.2774 0.9606
vn 0.0262 0.2970 0.9545
vn -0.0559 0.2237 0.9731
vn -0.0591 0.1867 0.9806
vn 0.0330 0.1668 0.9854
vn 0.0946 0.4024 0.9106
vn -0.0898 -0.0766 0.9930
vn -0.0858 -0.0785 0.9932
vn -0.1263 -0.0021 0.9920
vn -0.0294 0.0701 0.9971
vn 0.0052 0.0375 0.9993
vn -0.0602 -0.0050 0.9982
vn 0.0801 0.0307 0.9963
vn 0.0688 -0.0633 0.9956
vn -0.0374 -0.0775 0.9963
vn 0.0122 0.0764 0.9970
vn -0.0039 0.0397 0.9992
vn -0.0426 -0.0228 0.9988
vn -0.0689 -0.0046 0.9976
vn 0.0981 -0.0300 0.9947
vn 0.0443 0.0039 0.9990
vn 0.1137 -0.0255 0.9932
vn 0.0933 0.0213 0.9954
vn 0.1576 -0.0166 0.9874
vn -0.0825 -0.1238 0.9889
vn -0.0179 -0.0399 0.9990
vn 0.1635 0.0144 0.9864
vn -0.0055 -0.0229 0.9997
vn 0.1647 0.0406 0.9855
vn 0.0374 0.0243 0.9990
vn 0.1284 -0.0001 0.9917
vn 0.0204 0.0189 0.9996
vn 0.1364 0.0111 0.9906
vn -0.1053 -0.1003 0.9894
vn 0.0964 0.0170 0.9952
vn -0.0067 0.1141 0.9935
vn 0.0754 0.0098 0.9971
vn -0.0197 0.0762 0.9969
vn 0.0196 -0.0016 0.9998
vn -0.0394 -0.0351 0.9986
vn -0.0350 -0.0390 0.9986
vn 0.0133 -0.0359 0.9993
vn 0.0028 -0.0522 0.9986
vn -0.0511 0.0332 0.9981
vn 0.0827 0.0118 0.9965
vn 0.0535 0.0059 0.9986
vn -0.1089 -0.0063 0.9940
vn -0.0607 -0.1253 0.9903
vn 0.1096 -0.0128 0.9939
vn -0.1252 0.0033 0.9921
vn 0.0186 0.0098 0.9998
vn 0.0067 -0.0112 0.9999
vn -0.0684 0.0915 0.9935
vn -0.1362 0.0154 0.9906
vn 0.0284 0.0304 0.9991
vn 0.0507 0.0691 0.9963
vn -0.1290 0.0225 0.9914
vn -0.0260 0.0950 0.9951
vn -0.1074 -0.0408 0.9934
vn -0.0218 0.0496 0.9985
vn -0.0513 0.0029 0.9987
vn -0.0346 0.0040 0.9994
vn 0.1176 -0.0478 0.9919
vn -0.1080 -0.0031 0.9941
vn 0.0257 0.0247 0.9994
vn 0.0685 -0.0100 0.9976
vn -0.0269 -0.0707 0.9971
vn 0.0311 0.0001 0.9995
vn 0.0047 0.0182 0.9998
vn 0.0161 0.0060 0.9999
vn 0.0063 0.0078 0.9999
vn 0.0322 0.0018 0.9995
vn -0.0090 0.0466 0.9989
vn 0.0160 0.0020 0.9999
vn 0.0044 0.0174 0.9998
vn 0.0133 0.0009 0.9999
vn 0.0237 -0.0000 0.9997
vn -0.0027 0.0074 1.0000
vn -0.0631 -0.0036 0.9980
vn 0.0143 0.0115 0.9998
vn -0.0003 0.0353 0.9994
vn 0.0490 -0.0014 0.9988
vn -0.0778 -0.0456 0.9959
vn -0.0454 -0.1129 0.9926
vn -0.0305 -0.0378 0.9988
vn 0.0067 0.0120 0.9999
vn -0.0112 0.0288 0.9995
vn 0.0702 0.0145 0.9974
vn -0.0040 -0.0116 0.9999
vn 0.0516 0.0153 0.9986
vn 0.0727 0.0323 0.9968
vn 0.0285 -0.0278 0.9992
vn -0.0214 -0.0428 0.9989
vn -0.0166 0.0192 0.9997
vn -0.0459 0.0081 0.9989
vn -0.0070 0.0051 1.0000
vn 0.0102 -0.0170 0.9998
vn 0.0099 -0.0150 0.9998
vn 0.0283 -0.0114 0.9995
vn -0.0290 -0.0062 0.9996
vn -0.0437 -0.0262 0.9987
vn -0.0228 -0.0060 0.9997
vn 0.1029 -0.0114 0.9946
vn -0.0289 -0.0120 0.9995
vn -0.0179 -0.0205 0.9996
vn -0.0105 -0.0025 0.9999
vn 0.0449 -0.0079 0.9990
vn -0.0522 -0.0048 0.9986
vn -0.0547 -0.0124 0.9984
vn 0.0633 -0.0074 0.9980
vn -0.0204 -0.0028 0.9998
vn 0.0188 0.0093 0.9998
vn -0.0712 -0.0348 0.9969
vn 0.0266 0.0164 0.9995
vn 0.0032 -0.0045 1.0000
vn -0.0085 0.0195 0.9998
vn -0.0078 -0.0150 0.9999
vn 0.0086 0.0154 0.9998
vn -0.0032 0.0041 1.0000
vn 0.0144 -0.0128 0.9998
vn -0.0004 0.0068 1.0000
vn 0.0491 0.0156 0.9987
vn 0.0608 0.0039 0.9981
vn -0.0021 0.0047 1.0000
vn -0.0433 -0.0077 0.9990
vn -0.0164 -0.0095 0.9998
vn -0.0282 -0.0018 0.9996
vn 0.0207 -0.0029 0.9998
vn -0.0753 -0.0587 0.9954
vn -0.0672 -0.0145 0.9976
vn 0.0202 -0.0156 0.9997
vn 0.0213 0.0040 0.9998
vn -0.0010 0.0266 0.9996
vn -0.0410 0.0106 0.9991
vn 0.0974 -0.0019 0.9952
vn -0.0004 0.0086 1.0000
vn 0.0270 0.0055 0.9996
vn -0.0855 -0.0277 0.9960
vn 0.0513 0.0175 0.9985
vn 0.0680 0.0039 0.9977
vn -0.0412 0.0149 0.9990
vn 0.0081 -0.0068 0.9999
vn 0.0123 -0.0107 0.9999
vn 0.0726 0.0286 0.9970
vn -0.0529 0.0039 0.9986
vn -0.0091 -0.0069 0.9999
vn -0.0160 -0.0028 0.9999
vn 0.0147 0.0003 0.9999
vn 0.0064 0.0047 1.0000
vn 0.0260 -0.0003 0.9997
vn -0.0200 0.0319 0.9993
vn -0.0296 -0.0034 0.9996
vn -0.0372 -0.0140 0.9992
vn -0.1298 -0.0104 0.9915
vn -0.0461 0.0172 0.9988
vn -0.0049 -0.0036 1.0000
vn 0.0220 -0.0295 0.9993
vn -0.0022 -0.0108 0.9999
vn -0.0334 -0.0116 0.9994
vn 0.0090 -0.0027 1.0000
vn 0.0133 -0.0245 0.9996
vn -0.0307 0.0213 0.9993
vn -0.0291 0.0055 0.9996
vn -0.0349 -0.1164 0.9926
vn -0.0456 -0.0331 0.9984
vn 0.0443 -0.0195 0.9988
vn 0.0405 -0.0094 0.9991
vn 0.0826 0.0337 0.9960
vn 0.0789 0.0647 0.9948
vn 0.1297 0.0924 0.9872
vn 0.0950 0.0260 0.9951
vn -0.0587 -0.0311 0.9978
vn -0.0285 0.0429 0.9987
vn -0.0186 -0.0145 0.9997
vn 0.0382 0.0143 0.9992
vn -0.1100 -0.0705 0.9914
vn -0.1309 -0.0635 0.9894
vn -0.1157 -0.0323 0.9928
vn -0.0622 -0.0527 0.9967
vn 0.0411 -0.0303 0.9987
vn 0.0016 -0.0081 1.0000
vn -0.0735 -0.0863 0.9936
vn -0.1064 -0.0604 0.9925
vn -0.0847 -0.0535 0.9950
vn -0.6552 0.0305 0.7548
vn 0.0242 0.1098 0.9937
vn -0.9866 0.0196 0.1619
vn -0.9994 -0.0332 -0.0080
vn -0.7203 0.0800 0.6890
vn -0.9091 -0.0165 0.4162
vn 0.2057 -0.0976 0.9737
vn 0.7978 -0.0301 0.6022
vn -0.4974 0.0052 0.8675
vn -0.5727 0.0412 0.8188
vn 0.6765 -0.0659 0.7335
vn 0.8710 0.0324 0.4903
vn -0.4627 -0.0797 0.8829
vn 0.8577 0.1798 0.4817
vn -0.1340 -0.2221 0.9658
vn 0.0487 0.1165 0.9920
vn 0.3402 -0.0509 0.9390
vn 0.9921 -0.0281 0.1224
vn -0.0619 0.6934 0.7179
vn 0.2657 -0.6486 0.7132
vn -0.4410 0.5301 0.7242
vn 0.5617 -0.5063 0.6543
vn -0.6738 -0.0540 0.7369
vn 0.7670 -0.2648 0.5845
vn 0.7632 0.1207 0.6348
vn 0.0182 -0.1171 0.9930
vn -0.6264 -0.1591 0.7631
vn 0.4587 0.5150 0.7241
vn -0.5097 -0.5098 0.6930
vn -0.0871 -0.6950 0.7137
vn 0.0309 0.6981 0.7154
vn 0.5642 0.6880 0.4564
vn -0.0264 -0.1559 0.9874
vn -0.7720 -0.0817 0.6304
vn -0.0235 0.0528 0.9983
vn 0.6235 0.1134 0.7736
vn -0.5012 -0.4536 0.7369
vn 0.5745 0.4624 0.6754
vn 0.1268 -0.6899 0.7127
vn -0.5394 0.4835 0.6895
vn 0.4948 -0.5125 0.7019
vn 0.7166 -0.1470 0.6819
vn 0.2660 -0.0028 0.9640
vn 0.6824 -0.7164 0.1454
vn -0.6699 0.2042 0.7138
vn -0.2536 0.6686 0.6990
vn -0.1401 0.1813 0.9734
vn 0.0670 -0.9977 0.0124
vn 0.0312 -0.0282 0.9991
vn -0.0786 -0.9596 0.2700
vn 0.0494 -0.0843 0.9952
vn 0.0900 0.2228 0.9707
vn -0.0240 -0.2526 0.9673
vn -0.0267 0.4333 0.9009
vn -0.0183 0.9674 0.2526
vn -0.0986 0.9204 0.3783
vn 0.1544 -0.3203 0.9346
vn -0.0169 -0.3054 0.9521
vn 0.1023 0.8491 0.5183
vn 0.1874 0.9131 0.3622
vn -0.0462 0.8626 0.5037
vn 0.1057 -0.4584 0.8824
vn 0.1090 -0.8516 0.5128
vn -0.1136 0.6254 0.7720
vn -0.0777 0.4486 0.8903
vn -0.0455 0.3347 0.9412
vn 0.0425 -0.9201 0.3894
vn -0.6217 -0.7284 0.2881
vn -0.0800 -0.9965 -0.0230
vn 0.0013 0.3489 0.9372
vn -0.0028 -0.9097 0.4153
vn 0.1272 -0.7157 0.6867
vn -0.0341 -0.4916 0.8702
vn -0.1165 -0.8398 0.5303
vn -0.5818 -0.7248 0.3690
vn 0.9814 0.0091 0.1917
vn 0.9995 -0.0272 -0.0156
vn 0.9994 -0.0181 0.0310
vn -0.8298 0.5558 -0.0496
vn -1.0000 -0.0007 -0.0014
vn -0.9996 0.0036 -0.0281
vn -0.9992 0.0023 -0.0405
vn -0.0205 -0.9995 0.0259
vn 0.0202 -0.9986 0.0484
vn -0.0202 0.9885 -0.1496
vn -0.0682 0.9974 -0.0248
vn -0.0361 0.9817 -0.1870
vn -0.0655 0.9076 -0.4147
vn 0.0100 0.9846 -0.1746
vn -0.0663 0.9080 -0.4136
vn -0.9887 -0.0136 -0.1495
vn -0.6965 -0.7174 -0.0163
vn -0.6752 -0.7160 -0.1770
vn -0.9859 -0.0021 -0.1674
vn -0.9984 -0.0557 0.0084
vn -0.9996 0.0269 -0.0100
vn -0.8020 -0.5973 0.0021
vn 0.9999 0.0086 -0.0124
vn 0.9993 -0.0112 -0.0343
vn 0.9996 -0.0056 -0.0264
vn -0.3801 0.9243 0.0330
vn -0.9930 0.0307 0.1142
vn -0.9999 -0.0067 -0.0145
vn -0.9996 -0.0256 0.0144
vn 0.9998 0.0094 -0.0188
vn 0.9832 -0.0074 0.1825
vn 0.9953 -0.0082 0.0965
vn 0.9989 -0.0327 -0.0333
vn -0.1559 0.9428 -0.2945
vn -0.3939 0.9157 -0.0797
vn -0.1282 0.9896 -0.0657
vn -0.0805 0.9907 -0.1098
vn -0.9994 -0.0195 -0.0296
vn -0.9957 -0.0010 -0.0924
vn -0.9998 -0.0105 -0.0163
vn -0.9997 0.0036 -0.0233
vn -0.9815 0.0535 0.1836
vn -0.9998 0.0065 -0.0191
vn -0.9718 -0.2357 0.0109
vn -0.7708 0.6233 -0.1315
vn -0.9101 0.4142 -0.0097
vn -0.9672 0.0047 0.2538
vn -0.9996 -0.0285 -0.0079
vn -0.9655 -0.0175 0.2597
vn 0.9966 0.0083 0.0823
vn 0.9996 -0.0103 -0.0248
vn -0.1795 -0.9829 -0.0401
vn -0.9885 0.0824 0.1265
vn -0.9989 0.0199 -0.0436
vn -0.9947 0.0294 0.0982
vn 0.0166 0.9999 -0.0027
vn 0.0033 0.9792 -0.2031
vn -0.9772 0.0163 0.2115
vn -0.9993 0.0020 -0.0363
vn -0.6649 -0.7466 0.0225
vn -0.6658 0.7460 0.0147
vn 0.0956 -0.9856 -0.1392
vn 0.6034 -0.7902 -0.1075
vn -0.9978 0.0024 0.0669
vn -0.9993 -0.0001 0.0367
vn -0.9989 0.0292 -0.0378
vn 0.0858 -0.9939 -0.0689
vn -0.9980 0.0336 -0.0527
vn 0.7983 -0.5930 -0.1051
vn 0.9938 0.0100 0.1108
vn 0.9994 -0.0053 -0.0333
vn 0.9893 -0.0048 0.1460
vn -0.0229 0.9932 -0.1141
vn -0.0056 0.9998 -0.0205
vn -0.0087 0.9916 -0.1291
vn -0.9901 0.0367 0.1353
vn -0.9998 0.0204 0.0042
vn -0.9953 0.0308 0.0921
vn 0.1194 -0.9835 -0.1359
vn 0.0168 -0.9984 -0.0538
vn -0.9994 -0.0229 0.0273
vn -0.9999 0.0097 0.0043
vn -0.0115 0.9742 -0.2253
vn -0.0057 1.0000 0.0079
vn -0.0316 0.9867 -0.1592
vn 0.9992 -0.0282 0.0282
vn 0.9946 0.0958 -0.0391
vn 0.9998 0.0124 -0.0133
vn 0.9426 0.3329 -0.0277
vn 0.6437 0.7649 -0.0237
vn -0.9972 -0.0324 0.0674
vn -0.9843 -0.0512 0.1689
vn 0.4176 -0.9087 0.0010
vn 0.0118 -0.9947 -0.1017
vn 0.9639 0.2597 -0.0580
vn -0.9828 0.0363 -0.1811
vn -0.9995 -0.0274 -0.0149
vn 0.9971 -0.0282 0.0708
vn 0.9989 0.0121 0.0463
vn 0.9998 -0.0124 0.0171
vn 0.6823 0.7309 -0.0181
vn -0.9897 -0.0002 0.1433
vn -0.9998 -0.0154 0.0082
vn -0.9980 -0.0071 -0.0633
vn 0.8961 -0.4439 -0.0078
vn -0.0782 -0.9795 -0.1855
vn 0.1021 -0.9864 -0.1289
vn 0.9969 -0.0203 -0.0756
vn 0.9624 -0.0236 -0.2708
vn -0.9861 0.0014 0.1659
vn -0.0032 1.0000 -0.0014
vn 0.0132 0.9840 -0.1774
vn -0.9858 0.1131 -0.1244
vn -0.9951 0.0924 -0.0349
vn -0.9862 0.0849 0.1423
vn -0.9940 0.0971 -0.0509
vn -0.0021 1.0000 0.0041
vn 0.7122 -0.7019 -0.0069
vn 0.9286 -0.0126 -0.3708
vn 0.9959 -0.0794 -0.0438
vn 0.9986 -0.0297 -0.0433
vn -0.9954 0.0767 -0.0579
vn 0.0613 -0.9981 -0.0054
vn -0.9122 0.1019 -0.3968
vn -0.0865 -0.9778 -0.1910
vn 0.9941 0.0564 -0.0927
vn 0.5282 0.8483 -0.0378
vn 0.2338 0.9722 0.0146
vn 0.9991 0.0192 -0.0381
vn 0.9995 0.0172 -0.0250
vn -0.9741 -0.0103 0.2258
vn 0.9996 0.0074 -0.0259
vn -0.0225 0.9997 -0.0136
vn 0.9983 -0.0533 -0.0253
vn 0.9998 -0.0000 0.0197
vn -0.2830 -0.9586 0.0308
vn 0.0922 -0.9952 0.0315
vn -0.0318 0.9541 -0.2979
vn 0.9882 -0.0967 -0.1187
vn 0.9852 0.0156 0.1705
vn -0.0098 0.9999 -0.0131
vn 0.0106 -0.9871 0.1596
vn 0.0554 -0.9008 0.4308
vn 0.6834 0.6967 0.2181
vn -0.9916 -0.0152 -0.1282
vn -0.9995 0.0255 0.0181
vn -0.7144 -0.0067 -0.6998
vn -0.9998 -0.0094 0.0174
vn 0.9997 0.0166 0.0174
vn 0.7143 -0.0080 -0.6998
vn 0.9998 -0.0112 0.0175
vn 0.6008 -0.7983 0.0410
vn 0.1105 -0.7220 -0.6830
vn 0.4763 -0.6381 -0.6049
vn 0.4148 -0.9090 0.0419
vn 0.6577 -0.4680 -0.5902
vn 0.8186 -0.5732 0.0356
vn -0.9998 0.0063 0.0176
vn -0.7172 0.0071 -0.6969
vn -0.9998 0.0098 0.0177
vn 0.9998 -0.0048 0.0174
vn 0.7171 0.0086 -0.6969
vn 0.7055 -0.0036 -0.7087
vn 0.1138 -0.9926 0.0416
vn 0.0451 -0.7318 -0.6801
vn 0.0821 -0.7165 -0.6927
vn 0.7127 -0.7004 0.0382
vn 0.2963 -0.6491 -0.7006
vn -0.7232 -0.0435 -0.6892
vn -0.9980 -0.0602 0.0173
vn 0.9998 0.0119 0.0178
vn 0.7134 -0.0042 -0.7008
vn 0.0935 -0.9948 0.0406
vn 0.0652 -0.7106 -0.7006
vn 0.0911 -0.9950 0.0405
vn 0.6457 -0.3199 -0.6934
vn 0.8957 -0.4436 0.0308
vn -0.9990 -0.0410 0.0164
vn -0.6904 -0.0054 -0.7234
vn -0.9998 -0.0065 0.0171
vn 0.9997 -0.0181 0.0172
vn 0.7075 -0.0408 -0.7056
vn 0.7255 -0.0127 -0.6881
vn -0.0834 -0.9957 0.0414
vn 0.0675 -0.7292 -0.6810
vn 0.0923 -0.9949 0.0411
vn 0.4514 -0.4403 -0.7761
vn -0.9991 0.0372 0.0184
vn -0.7254 -0.0291 -0.6877
vn 0.9996 0.0218 0.0181
vn 0.7093 0.0153 -0.7048
vn 0.0612 -0.9973 0.0412
vn 0.0104 -0.7195 -0.6944
vn -0.4074 0.9122 0.0434
vn -0.5807 0.5080 -0.6362
vn -0.7546 0.6551 0.0378
vn -0.7098 0.0666 -0.7013
vn -0.9954 0.0934 0.0193
vn 0.9998 0.0009 0.0176
vn 0.7070 -0.0097 -0.7071
vn 0.7221 0.0013 -0.6917
vn -0.6917 -0.7211 0.0399
vn -0.2006 -0.6790 -0.7062
vn -0.2832 -0.9581 0.0422
vn -0.1449 0.9885 0.0424
vn -0.0570 0.7290 -0.6822
vn -0.1054 0.7194 -0.6866
vn -0.7164 0.0551 -0.6955
vn -0.9969 0.0764 0.0190
vn 0.9998 0.0086 0.0177
vn 0.7133 0.0028 -0.7008
vn 0.7143 0.0062 -0.6998
vn -0.1209 0.9918 0.0425
vn -0.0520 0.6978 -0.7144
vn -0.0910 0.7445 -0.6613
vn -0.7085 0.0043 -0.7057
vn 0.9998 0.0039 0.0176
vn -0.0748 0.9963 0.0419
vn -0.7197 0.0186 -0.6940
vn 0.9998 -0.0091 0.0174
vn 0.7033 -0.0240 -0.7105
vn 0.9992 -0.0344 0.0178
vn 0.6377 0.7692 0.0416
vn 0.0146 0.7277 -0.6857
vn 0.0199 0.9989 0.0425
vn -0.9992 0.0370 0.0182
vn -0.7168 0.0269 -0.6967
vn 0.9941 0.1064 0.0211
vn 0.7242 0.0785 -0.6851
vn -0.0094 0.9991 0.0421
vn -0.0037 0.7204 -0.6936
vn -0.0050 0.9991 0.0419
vn -0.9955 0.0925 0.0201
vn -0.7091 0.0260 -0.7046
vn 0.9675 0.2514 0.0262
vn 0.6871 0.0430 -0.7253
vn 0.7449 0.1984 -0.6370
vn -0.0073 0.9991 0.0416
vn -0.0013 0.7221 -0.6918
vn -0.0053 0.7224 -0.6914
vn -0.9929 0.1175 0.0207
vn -0.7265 0.0686 -0.6838
vn 0.9998 -0.0132 0.0170
vn 0.0004 0.7218 -0.6921
vn 0.0006 0.9991 0.0418
vn -0.8409 0.5400 0.0349
vn -0.6986 0.0819 -0.7108
vn 0.9936 -0.1111 0.0204
vn 0.7282 -0.0718 -0.6816
vn 0.9951 -0.0964 0.0200
vn -0.0017 0.9991 0.0417
vn -0.6897 -0.0102 -0.7240
vn -0.9998 -0.0148 0.0165
vn 0.9977 0.0649 0.0194
vn -0.0224 0.9989 0.0417
vn -0.0163 0.7240 -0.6896
vn -0.3821 0.9231 0.0426
vn -0.6699 0.4371 -0.6001
vn 0.5361 0.8431 0.0420
vn 0.4262 0.6729 -0.6046
vn -0.0068 0.7222 -0.6916
vn -0.3939 0.4450 -0.8043
vn -0.2845 0.6873 -0.6684
vn -0.7592 -0.0261 -0.6504
vn -0.5547 -0.5837 -0.5930
vn -0.0777 0.9961 0.0420
vn -0.6554 0.2983 -0.6939
vn -0.9099 0.4138 0.0301
vn -0.9992 0.0372 0.0158
vn -0.7288 -0.0453 -0.6832
vn -0.6686 0.0277 -0.7431
vn -0.3068 0.6886 -0.6570
vn -0.6593 0.7508 0.0398
vn -0.9994 -0.0287 0.0184
vn 0.1512 -0.9876 0.0423
vn 0.6523 0.2293 -0.7225
vn 0.5169 0.6315 -0.5780
vn -0.9980 -0.0605 0.0195
vn -0.7107 0.0036 -0.7035
vn 0.0145 -0.9991 0.0407
vn 0.0585 -0.7050 -0.7068
vn 0.9423 0.3336 0.0271
vn 0.4162 0.4500 -0.7901
vn -0.9998 0.0096 0.0172
vn -0.7138 0.0217 -0.7000
vn -0.7167 0.0067 -0.6974
vn 0.0824 -0.9958 0.0405
vn 0.2341 0.9713 0.0420
vn 0.6758 0.7361 0.0392
vn -0.9991 -0.0387 0.0179
vn -0.7271 0.0128 -0.6864
vn -0.7109 -0.0275 -0.7027
vn -0.0523 -0.6876 -0.7242
vn -0.0624 -0.7444 -0.6648
vn 0.1619 0.6730 -0.7218
vn -0.9998 0.0026 0.0173
vn -0.7058 0.0021 -0.7085
vn 0.7116 -0.0139 -0.7024
vn 0.9997 -0.0196 0.0174
vn -0.0759 -0.9963 0.0413
vn 0.9982 -0.0574 0.0164
vn -0.9994 0.0305 0.0169
vn 0.9997 -0.0138 0.0178
vn 0.7057 0.0118 -0.7084
vn 0.0213 -0.9989 0.0411
vn 0.0680 -0.7250 -0.6854
vn 0.6941 -0.0765 -0.7158
vn -0.9998 0.0049 0.0172
vn -0.7132 -0.0045 -0.7009
vn 0.7169 -0.0067 -0.6971
vn -0.0438 -0.9982 0.0416
vn 0.0154 -0.7300 -0.6833
vn -0.7981 -0.6014 0.0363
vn -0.6384 -0.1504 -0.7548
vn -0.6457 -0.4961 -0.5805
vn -0.9998 -0.0063 0.0175
vn 0.7268 -0.0103 -0.6868
vn -0.1754 -0.9836 0.0431
vn -0.0319 -0.7262 -0.6868
vn -0.9719 -0.2343 0.0236
vn -0.4095 -0.4582 -0.7889
vn -0.9997 0.0179 0.0176
vn 0.9998 -0.0059 0.0175
vn -0.1308 -0.7328 -0.6677
vn -0.6632 -0.7474 0.0395
vn -0.0000 -0.0000 -1.0000
vn -0.9972 -0.0012 -0.0750
vn -0.9978 -0.0006 0.0669
vn -0.9343 0.3277 -0.1401
vn -0.8961 0.2816 -0.3432
vn -0.5800 -0.1017 -0.8082
vn -0.6410 -0.1045 -0.7604
vn -0.1898 0.7809 0.5952
vn -0.0196 0.9990 -0.0412
vn -0.0189 0.9959 0.0889
vn -0.9956 -0.0019 0.0935
vn -0.9954 -0.0011 -0.0956
vn 0.9923 -0.1054 -0.0653
vn 0.9961 0.0011 0.0878
vn 0.9906 0.0593 0.1236
vn -0.0000 0.0037 -1.0000
vn 0.0199 -0.1156 -0.9931
vn 0.0001 -0.1038 -0.9946
vn -0.2902 0.3241 0.9004
vn -0.0000 -0.0037 1.0000
vn -0.0275 0.0022 0.9996
vn 0.0014 -0.9962 0.0869
vn 0.0014 -0.9881 -0.1539
vn 0.0108 -0.9908 -0.1346
vn -0.2003 -0.5910 -0.7814
vn -0.2764 -0.6233 -0.7315
vn -0.2662 -0.3994 -0.8773
vn -0.0004 0.2831 0.9591
vn 0.9964 0.0051 -0.0843
vn 0.9731 0.2161 -0.0802
vn 0.9968 0.0059 0.0798
vn 0.7725 0.6340 -0.0362
vn 0.5255 0.7664 -0.3694
vn 0.5932 0.8038 -0.0450
vn 0.4925 -0.2350 -0.8380
vn 0.5029 -0.6654 -0.5517
vn 0.3381 -0.4560 -0.8233
vn 0.4791 0.4301 -0.7651
vn 0.5176 0.6019 -0.6081
vn 0.6314 0.4825 -0.6070
vn -0.0497 0.0112 -0.9987
vn -0.0268 0.3020 -0.9529
vn -0.0288 0.9615 -0.2732
vn -0.0805 0.7410 -0.6667
vn 0.3992 0.5521 -0.7320
vn 0.4875 -0.8657 -0.1133
vn 0.7965 -0.5992 0.0809
vn 0.5957 -0.7989 0.0830
vn -0.0228 -0.0206 0.9995
vn -0.9941 -0.0138 0.1071
vn -0.0099 -0.9934 0.1142
vn -0.0092 -0.0011 -1.0000
vn -0.4289 -0.8844 0.1842
vn -0.8963 -0.3932 0.2051
vn -0.0096 -0.9963 -0.0859
vn -0.0157 -0.1258 -0.9919
vn 0.0039 -0.0405 0.9992
vn 0.0438 -0.9873 0.1525
vn 0.0493 -0.0074 0.9988
vn 0.8406 -0.3603 -0.4044
vn 0.8197 -0.5036 -0.2730
vn 0.7329 -0.4768 -0.4854
vn 0.4889 -0.3946 -0.7780
vn 0.0482 -0.9987 -0.0163
vn 0.7709 0.6288 0.1014
vn 0.0284 -0.0024 0.9996
vn 0.6378 0.7624 0.1097
vn 0.0331 0.9705 0.2388
vn 0.0298 0.2258 0.9737
vn 0.0320 0.0059 -0.9995
vn 0.0331 0.0040 -0.9994
vn -0.0214 0.9934 -0.1124
vn -0.0000 -0.0356 0.9994
vn -0.4352 0.3167 0.8428
vn -0.9956 -0.0003 0.0940
vn -0.0747 0.0039 -0.9972
vn -0.0250 0.0020 -0.9997
vn 0.0409 -0.0036 0.9992
vn 0.8714 -0.3136 -0.3773
vn 0.0382 -0.0036 0.9993
vn 0.9958 0.0015 0.0914
vn 0.8751 -0.3046 -0.3761
vn 0.0291 0.9996 -0.0009
vn -0.6482 0.3809 -0.6593
vn 0.4626 0.5159 -0.7210
vn 0.0185 0.9921 -0.1239
vn 0.3362 0.3427 -0.8772
vn -0.8729 0.2014 0.4443
vn -0.5296 0.7124 0.4604
vn -0.8182 0.4960 0.2907
vn -0.8850 -0.2131 0.4139
vn -0.5419 -0.6018 0.5867
vn -0.5268 -0.2741 0.8046
vn 0.9940 -0.1090 0.0087
vn 0.9925 0.1220 -0.0000
vn 0.9781 -0.2079 -0.0003
vn 0.0276 -0.9548 -0.2959
vn 0.0010 -0.9987 0.0516
vn 0.0018 -1.0000 -0.0000
vn 0.3225 0.5317 0.7832
vn -0.1645 0.8160 0.5542
vn -0.1942 0.5469 0.8144
vn -0.0000 1.0000 -0.0000
vn 0.0017 0.9984 0.0561
vn -0.0716 -0.6419 0.7634
vn 0.0001 0.1302 0.9915
vn -0.0029 -0.0315 0.9995
vn -0.0403 -0.1497 0.9879
vn -0.1571 -0.7049 0.6917
vn 0.0001 -0.9981 0.0622
vn -0.2628 0.3294 -0.9069
vn -0.0000 -0.1162 -0.9932
vn -0.0000 0.1117 -0.9937
vn -0.0784 0.2775 0.9575
vn -0.8575 0.0971 0.5052
vn -0.1474 -0.9870 0.0643
vn -0.2614 -0.7446 -0.6142
vn -0.0007 -0.9996 -0.0273
vn -0.9822 -0.1064 0.1547
vn -0.9933 0.1156 0.0069
vn -0.9935 -0.1133 0.0070
vn -0.2910 -0.9400 -0.1783
vn -0.0001 -0.9999 0.0111
vn 0.8510 -0.3171 -0.4187
vn 0.5156 0.0869 -0.8524
vn 0.8736 0.1327 -0.4681
vn -0.0000 -1.0000 -0.0000
vn -0.1546 0.1618 -0.9746
vn -0.1298 -0.0891 -0.9875
vn -0.1028 0.1043 -0.9892
vn 0.0521 -0.8374 0.5440
vn 0.0856 -0.9114 0.4024
vn 0.4376 -0.0342 0.8985
vn 0.5053 -0.3047 0.8073
vn -0.1054 -0.9924 -0.0629
vn 0.5463 -0.7154 -0.4355
vn 0.5480 -0.7559 -0.3583
vn 0.9944 -0.1025 -0.0245
vn -0.0164 -0.2909 0.9566
vn 0.0189 -0.9887 0.1490
vn 0.0081 -0.9966 0.0820
vn -0.0283 -0.9654 0.2593
vn 0.9303 0.1565 -0.3318
vn 0.0682 -0.8436 -0.5327
vn 0.0969 -0.9159 -0.3896
vn -0.2913 -0.5319 0.7951
vn -0.0001 0.1274 0.9918
vn -0.0360 -0.9949 0.0943
vn -0.9544 0.1226 0.2721
vn -0.6534 0.4034 0.6406
vn -0.6402 0.1577 0.7519
vn -0.1100 0.9939 0.0034
vn -0.0307 0.9977 0.0596
vn -0.3694 -0.3726 0.8513
vn -0.2852 -0.2538 0.9243
vn -0.1032 -0.9946 0.0043
vn -0.6452 -0.6540 0.3950
vn -0.0338 0.9663 -0.2551
vn -0.7059 0.0760 -0.7043
vn -0.9863 0.1080 -0.1251
vn -0.2359 0.9711 -0.0357
vn -0.5375 -0.6656 -0.5177
vn -0.9854 -0.0757 -0.1523
vn -0.7042 -0.0638 -0.7071
vn 0.0053 0.9895 -0.1447
vn 0.0153 0.1097 -0.9938
vn 0.4467 -0.6559 -0.6085
vn 0.0211 -0.0114 -0.9997
vn 0.5389 -0.3851 -0.7492
vn 0.5627 -0.5954 0.5734
vn 0.9899 -0.0943 0.1059
vn 0.3515 0.9356 0.0327
vn 0.8081 -0.0001 0.5891
vn 0.9935 0.1027 0.0496
vn 0.0159 -0.9998 0.0135
vn -0.0407 0.8725 0.4870
vn -0.0001 0.9985 0.0551
vn -0.0000 0.9873 -0.1588
vn -0.8262 -0.4799 -0.2953
vn 0.0133 -0.6170 -0.7869
vn 0.0675 0.8160 -0.5741
vn -0.1220 0.9925 -0.0000
vn 0.0039 -0.1112 -0.9938
vn 0.2685 -0.7680 -0.5815
vn 0.3966 0.9031 -0.1647
vn 0.2619 0.9540 -0.1460
vn 0.8814 -0.2403 -0.4067
vn 0.0049 -0.9519 -0.3064
vn 0.9942 -0.1078 -0.0042
vn 0.0061 0.9987 0.0514
vn 0.3626 0.9319 0.0026
vn 0.9935 0.1139 -0.0000
vn -0.0078 -0.1108 -0.9938
vn -0.2400 0.8944 -0.3775
vn 0.3821 0.9241 0.0093
vn -0.7899 0.6002 0.1256
vn 0.0197 0.1410 0.9898
vn 0.0043 -0.1390 0.9903
vn 0.0239 -0.1431 0.9894
vn 0.1728 -0.9821 -0.0745
vn 0.0936 -0.9956 -0.0029
vn -0.1367 0.1688 -0.9761
vn 0.0912 -0.1452 -0.9852
vn -0.0072 -0.1380 -0.9904
vn 0.0028 -0.9986 0.0523
vn 0.2355 -0.9713 0.0346
vn 0.4726 -0.8534 0.2199
vn 0.6324 -0.7570 0.1644
vn -0.8681 -0.4511 0.2070
vn -0.9881 0.1534 0.0080
vn -0.9848 -0.1726 0.0181
vn -0.3824 0.9229 -0.0454
vn -0.7459 0.6436 0.1713
vn -0.3111 0.9495 0.0413
vn 0.8501 -0.2776 -0.4475
vn 0.5055 0.1546 -0.8489
vn 0.8386 0.1574 -0.5216
vn 0.9715 -0.2203 -0.0871
vn 0.9841 0.1758 0.0245
vn 0.9974 -0.0581 0.0434
vn -0.2886 -0.9570 0.0276
vn -0.7953 -0.5944 0.1188
vn 0.2563 -0.8775 -0.4054
vn 0.4295 -0.8631 -0.2659
vn -0.2357 0.1322 0.9628
vn -0.2393 -0.9709 -0.0089
vn -0.9911 -0.1301 -0.0296
vn -0.7106 -0.0781 -0.6992
vn -0.0113 -0.1292 -0.9915
vn -0.0029 -0.9985 -0.0542
vn -0.0007 0.9989 -0.0479
vn -0.0163 0.1381 -0.9903
vn -0.7107 0.0780 -0.6992
vn -0.3731 0.9277 -0.0140
vn -0.9911 0.1300 -0.0276
vn -0.0042 -0.9986 0.0530
vn -0.4488 -0.6204 0.6433
vn -0.3252 -0.1038 0.9399
vn 0.7044 0.1105 0.7012
vn 0.0084 0.9987 0.0501
vn 0.1253 0.1436 0.9817
vn 0.3978 0.9174 0.0149
vn 0.7166 -0.0839 0.6924
vn 0.4381 -0.5483 0.7123
vn 0.1612 -0.0693 0.9845
vn 0.3598 0.9325 -0.0305
vn 0.9820 0.1848 -0.0387
vn 0.3424 0.4533 -0.8230
vn 0.0065 0.9986 -0.0533
vn 0.5301 -0.4098 -0.7423
vn 0.9945 -0.0818 -0.0648
vn -0.3299 0.8822 0.3359
vn 0.0004 0.9990 0.0446
vn 0.3619 0.9322 -0.0013
vn 0.8982 0.3712 0.2354
vn 0.0636 0.9957 -0.0669
vn 0.2341 -0.6488 -0.7241
vn 0.9712 -0.2379 0.0165
vn 0.9052 -0.3702 0.2086
vn -0.0077 0.6084 0.7936
vn 0.9925 0.0487 -0.1121
vn 0.9958 -0.0917 -0.0000
vn 0.9922 -0.0814 -0.0948
vn -0.8485 -0.4676 -0.2478
vn -0.9946 0.1038 -0.0000
vn -0.9937 -0.1117 -0.0042
vn 0.0618 -0.9981 -0.0063
vn 0.0416 -0.9991 -0.0018
vn 0.0119 -0.9994 0.0319
vn -0.0118 -0.8907 0.4545
vn 0.0151 -0.8859 0.4636
vn 0.1246 0.1595 0.9793
vn -0.0388 -0.0905 0.9951
vn -0.0169 -0.1765 0.9842
vn 0.0437 -0.9892 0.1402
vn -0.0000 0.9998 0.0222
vn 0.2936 -0.3472 -0.8906
vn -0.0002 -0.9990 -0.0437
vn -0.0000 -0.0959 -0.9954
vn -0.1933 0.3462 -0.9180
vn -0.0000 -0.0956 -0.9954
vn -0.0000 0.0944 -0.9955
vn -0.0039 -0.9999 0.0156
vn -0.1156 -0.7685 0.6294
vn -0.0054 -0.9984 0.0570
vn 0.0007 -0.9999 0.0150
vn 0.2740 0.3048 0.9122
vn 0.0429 -0.0418 0.9982
vn 0.0339 0.1153 0.9927
vn -0.3913 0.7516 0.5310
vn -0.7391 0.5125 0.4371
vn -0.4389 0.5126 0.7380
vn -0.0547 -0.9909 0.1227
vn -0.7875 -0.5260 0.3212
vn 0.6427 0.0484 -0.7646
vn 0.7931 -0.1244 -0.5962
vn 0.6502 -0.1153 -0.7510
vn -0.9733 -0.1703 0.1538
vn -0.9180 0.2009 0.3420
vn -0.3073 -0.9513 0.0238
vn -0.1040 -0.9946 -0.0038
vn 0.2676 0.9147 0.3029
vn -0.0000 0.9998 0.0175
vn 0.0494 0.9984 0.0274
vn 0.7987 0.0491 -0.5997
vn -0.2542 -0.7157 -0.6505
vn -0.0628 -0.0519 -0.9967
vn -0.0177 -0.1136 -0.9934
vn -0.0409 0.1022 -0.9939
vn -0.0000 -0.0957 -0.9954
vn 0.2199 -0.6870 0.6926
vn 0.0048 -0.9991 0.0417
vn 0.0333 -0.9994 0.0126
vn -0.0000 -0.0961 -0.9954
vn -0.0000 0.0983 -0.9952
vn -0.5883 -0.7987 -0.1260
vn 0.2740 0.3392 0.8999
vn -0.0018 -0.0881 0.9961
vn -0.0000 0.1091 0.9940
vn -0.0515 0.1014 -0.9935
vn -0.9828 0.1751 -0.0591
vn -0.0655 0.9969 -0.0435
vn 0.9849 0.1715 0.0239
vn -0.5659 -0.8051 0.1777
vn -0.7987 -0.4170 0.4339
vn -0.6818 -0.0945 0.7254
vn -0.8918 0.3047 0.3345
vn -0.6943 0.0934 0.7136
vn -0.1002 0.9949 0.0086
vn -0.6915 0.6444 0.3263
vn -0.0027 0.9996 0.0297
vn -0.4904 0.1189 0.8634
vn 0.0062 -0.9970 -0.0773
vn 0.1927 -0.6157 -0.7641
vn 0.0958 0.9954 -0.0082
vn 0.0092 0.9959 -0.0904
vn 0.2078 -0.5865 0.7829
vn 0.9982 -0.0221 0.0560
vn 0.2873 -0.4280 0.8569
vn 0.7086 -0.7053 -0.0212
vn 0.7062 -0.7078 0.0144
vn 0.9971 -0.0751 0.0126
vn -0.9947 -0.0512 -0.0890
vn -0.3179 -0.7698 -0.5534
vn -0.9993 -0.0358 -0.0113
vn -0.7118 -0.6676 -0.2183
vn -0.1970 -0.8316 -0.5193
vn -0.3337 -0.8734 -0.3546
vn 0.0072 0.9996 0.0268
vn 0.3205 0.8808 -0.3485
vn -0.0000 0.9982 -0.0607
vn 0.3174 0.8785 -0.3570
vn -0.2837 -0.3559 0.8904
vn 0.0232 -0.5223 0.8525
vn -0.0724 -0.1046 0.9919
vn -0.1565 -0.7185 -0.6777
vn -0.1537 -0.3969 0.9049
vn -0.0875 0.9962 -0.0000
vn 0.3552 0.8594 0.3679
vn -0.0000 0.1157 0.9933
vn 0.7846 0.6146 -0.0818
vn -0.0000 -0.9982 -0.0593
vn 0.0199 0.9975 -0.0683
vn 0.0283 0.9983 -0.0501
vn -0.0000 0.0922 -0.9957
vn -0.0000 0.6407 -0.7678
vn 0.7079 -0.7063 -0.0000
vn -0.3380 -0.8717 -0.3549
vn -0.2757 0.2867 -0.9175
vn -0.0000 0.9983 -0.0581
vn -0.3361 -0.8778 -0.3413
vn -0.0000 0.9995 0.0313
vn -0.0000 0.0958 0.9954
vn 0.3137 0.9058 -0.2848
vn 0.0201 0.9996 0.0211
vn 0.0206 0.9978 -0.0624
vn -0.9028 0.3655 0.2265
vn -0.9908 -0.1315 0.0321
vn -0.9906 0.1326 0.0340
vn -0.9410 0.3350 -0.0488
vn -0.9084 -0.3458 -0.2352
vn 0.0024 0.9978 0.0657
vn 0.0005 1.0000 -0.0000
vn 0.0598 0.4902 0.8696
vn 0.0033 -0.1568 0.9876
vn 0.0082 0.1790 0.9838
vn -0.0404 -0.4112 -0.9106
vn -0.7367 0.2862 -0.6126
vn -0.4378 0.4440 -0.7818
vn 0.0809 0.6256 0.7759
vn 0.0826 0.7762 0.6251
vn -0.1849 0.9818 -0.0423
vn -0.7432 0.6509 -0.1549
vn 0.9897 -0.1431 -0.0019
vn 0.9721 0.2335 -0.0221
vn 0.9851 0.1700 0.0251
vn 0.9770 0.2134 -0.0007
vn 0.2376 -0.3743 -0.8964
vn 0.0163 0.1311 -0.9912
vn 0.0194 -0.1331 -0.9909
vn -0.3262 -0.8861 -0.3293
vn -0.0022 -0.9977 -0.0680
vn 0.7874 0.5989 -0.1459
vn 0.9890 -0.1378 -0.0540
vn 0.9911 0.1193 -0.0590
vn -0.0160 0.1309 -0.9913
vn 0.0202 -0.9984 -0.0521
vn 0.0241 -0.9988 0.0423
vn 0.9324 -0.3583 0.0465
vn 0.0167 -0.1810 0.9833
vn -0.2312 -0.9726 -0.0259
vn -0.8400 -0.4623 -0.2840
vn -0.8582 -0.3631 -0.3628
vn -0.0589 0.9961 -0.0659
vn -0.5389 0.7448 -0.3936
vn -0.2022 0.9793 0.0072
vn -0.7036 0.0778 0.7063
vn -0.1246 0.5893 0.7983
vn -0.0003 -0.9991 0.0428
vn -0.2785 -0.5499 0.7874
vn -0.7036 -0.0779 0.7063
vn -0.2612 -0.9652 0.0101
vn 0.0186 0.0657 0.9977
vn 0.9963 0.0388 0.0769
vn 0.0247 0.9995 0.0181
vn 0.0785 0.9783 0.1920
vn 0.0784 0.9796 -0.1849
vn 0.1454 0.9790 0.1432
vn 0.0251 -0.9997 -0.0000
vn 0.0028 0.6012 -0.7991
vn -0.0022 0.9979 -0.0646
vn 0.0001 -0.9987 0.0516
vn -0.3714 -0.9156 0.1543
vn -0.0000 0.9986 -0.0535
vn -0.2759 -0.9423 -0.1894
vn -0.0000 -0.9985 -0.0541
vn -0.0060 0.7094 0.7048
vn -0.0010 0.9973 0.0735
vn 0.0013 0.7973 0.6036
vn -0.2520 0.9540 0.1626
vn 0.2932 -0.9561 -0.0000
vn 0.2556 -0.9666 0.0171
vn -0.0000 1.0000 0.0042
vn -0.0000 -0.9986 0.0526
vn 0.3319 -0.8905 0.3113
vn -0.2883 -0.9575 -0.0011
vn 0.3262 0.8665 -0.3779
vn -0.0196 0.1349 -0.9907
vn -0.0011 0.9988 -0.0495
vn 0.3036 -0.1464 0.9415
vn 0.8198 0.2032 0.5353
vn 0.7984 0.4420 0.4089
vn 0.2291 0.2689 0.9355
vn -0.2383 -0.1113 0.9648
vn -0.0000 -0.1386 0.9904
vn 0.2383 0.4191 0.8761
vn -0.0000 -0.1618 0.9868
vn -0.0000 -0.1519 0.9884
vn 0.5375 0.0249 -0.8429
vn 0.7069 0.1950 -0.6799
vn 0.7885 0.0137 -0.6149
vn -0.1438 0.1404 0.9796
vn -0.0000 -0.1470 0.9891
vn 0.9421 0.3279 0.0702
vn 0.9814 -0.1922 -0.0000
vn 0.9895 0.1442 -0.0000
vn -0.2279 0.2665 -0.9365
vn -0.0000 -0.1396 -0.9902
vn -0.0000 0.6086 -0.7935
vn 0.2893 0.9570 0.0232
vn 0.2597 0.9657 -0.0000
vn -0.9903 0.1315 0.0452
vn -0.4802 0.5042 0.7178
vn -0.2489 0.9676 0.0423
vn -0.9904 -0.1311 0.0446
vn -0.4763 -0.6761 0.5622
vn 0.4124 0.5876 0.6961
vn 0.2000 0.6017 0.7733
vn 0.0604 0.1897 0.9800
vn 0.8206 -0.4542 0.3469
vn 0.8432 -0.4604 0.2777
vn 0.0646 -0.0560 0.9963
vn 0.0192 -0.9936 0.1109
vn -0.7049 0.0783 -0.7049
vn -0.9912 0.1281 -0.0325
vn -0.3409 0.9400 -0.0138
vn -0.3388 -0.9407 -0.0140
vn -0.9908 -0.1312 -0.0343
vn -0.7050 -0.0772 -0.7050
vn -0.0011 -0.9988 -0.0485
vn -0.0219 -0.1342 -0.9907
vn 0.4061 0.3472 -0.8453
vn 0.0654 0.4482 -0.8916
vn 0.0036 0.9991 -0.0414
vn 0.0182 -0.9944 -0.1042
vn 0.0724 -0.0920 -0.9931
vn 0.9864 -0.1619 -0.0298
vn 0.2609 -0.9654 -0.0000
vn 0.7091 0.7047 0.0225
vn 0.6249 0.4807 -0.6152
vn 0.2668 0.9634 -0.0268
vn 0.7125 0.7007 -0.0352
vn -0.0126 0.1460 -0.9892
vn -0.0000 0.9983 -0.0588
vn -0.3269 -0.8731 0.3616
vn -0.0000 0.1504 0.9886
vn 0.2749 0.3215 0.9061
vn -0.0095 0.7393 0.6733
vn -0.0003 0.9991 0.0435
vn -0.2192 0.5033 -0.8359
vn -0.0000 -0.1468 -0.9892
vn -0.2898 0.9570 -0.0135
vn -0.0138 -0.9984 -0.0548
vn -0.9897 0.1422 0.0173
vn -0.9899 -0.1417 -0.0000
vn 0.3627 0.1363 -0.9219
vn -0.0000 -0.9990 0.0439
vn 0.1344 -0.0305 -0.9905
vn 0.7010 0.7132 -0.0000
vn 0.9547 0.0644 -0.2905
vn -0.2511 -0.3704 -0.8943
vn -0.1917 -0.5189 -0.8330
vn -0.0000 -0.9986 -0.0526
vn 0.1224 -0.9899 0.0713
vn -0.0000 -0.1336 0.9910
vn -0.0000 0.7536 -0.6574
vn 0.2419 -0.3461 -0.9065
vn 0.0056 0.1728 -0.9849
vn -0.0000 -0.1489 -0.9889
vn 0.9809 0.1830 -0.0666
vn 0.9906 -0.1307 0.0394
vn 0.9901 -0.1407 0.0012
vn 0.0846 0.7856 -0.6129
vn 0.0858 0.6127 -0.7857
vn 0.0002 -0.9983 0.0581
vn -0.0000 -0.1549 0.9879
vn -0.0156 -0.1875 0.9821
vn -0.9790 0.1999 -0.0388
vn -0.8827 0.4361 -0.1748
vn -0.9954 0.0408 -0.0866
vn -0.9987 0.0193 0.0476
vn -0.9344 0.3487 0.0730
vn -0.0303 0.0566 0.9979
vn -0.0060 0.1874 0.9823
vn -0.1273 0.5250 0.8415
vn -0.0774 0.9957 0.0501
vn -0.0000 -0.9980 -0.0632
vn -0.0042 -0.9958 -0.0913
vn -0.0857 -0.8784 -0.4702
vn -0.0000 -0.9980 -0.0638
vn -0.9827 -0.1828 0.0295
vn 0.0217 -0.1673 -0.9857
vn 0.9448 -0.3218 -0.0617
vn 0.0028 0.9959 0.0904
vn 0.0249 0.1295 0.9913
vn 0.7086 0.0721 0.7019
vn 0.0614 0.9981 0.0026
vn 0.8124 0.4364 0.3868
vn 0.0636 -0.9980 0.0030
vn 0.7049 -0.0832 0.7044
vn 0.0271 -0.1330 0.9907
vn 0.0028 -0.9962 0.0872
vn 0.0282 0.9994 -0.0192
vn 0.9827 0.1835 -0.0253
vn 0.9952 0.0364 -0.0905
vn 0.0245 0.0647 -0.9976
vn -0.0237 0.9989 -0.0394
vn -0.0898 0.1413 -0.9859
vn -0.6733 0.0807 -0.7349
vn -0.0313 -0.9995 -0.0048
vn 0.0021 -0.1054 -0.9944
vn -0.1283 0.6936 0.7088
vn -0.0348 0.9991 0.0230
vn 0.0162 -0.9980 0.0617
vn -0.0000 -0.1403 0.9901
vn 0.3561 -0.8722 -0.3353
vn -0.0176 0.9980 -0.0600
vn 0.0470 0.9989 -0.0000
vn -0.0595 0.9978 -0.0293
vn 0.0058 0.9984 -0.0555
vn 0.2511 0.3674 -0.8955
vn -0.2105 -0.9615 0.1767
vn 0.3178 0.8565 0.4067
vn -0.2441 0.3801 0.8922
vn -0.5888 -0.8083 0.0002
vn -0.3305 -0.8720 0.3611
vn 0.3542 -0.2793 0.8925
vn -0.1058 -0.0000 0.9944
vn 0.1025 -0.0000 0.9947
vn -0.8245 -0.0025 -0.5658
vn -1.0000 -0.0000 -0.0000
vn -0.9989 -0.0000 -0.0470
vn 0.1260 -0.9846 -0.1211
vn -0.0910 -0.9948 0.0452
vn -0.1054 -0.9944 -0.0000
vn 1.0000 0.0004 -0.0000
vn 0.9998 0.0210 0.0027
vn 0.9962 0.0028 0.0874
vn 0.1720 0.9851 0.0073
vn -0.1013 0.9949 -0.0000
vn 0.1410 0.9900 -0.0000
vn -0.7263 0.2968 0.6200
vn -0.3341 0.8300 0.4467
vn -0.7362 0.5800 0.3487
vn -0.0986 -0.9951 -0.0000
vn 0.1752 -0.9845 -0.0000
vn 0.0943 -0.9955 -0.0083
vn 0.9985 0.0230 -0.0498
vn -0.3942 -0.2738 -0.8773
vn 0.1113 -0.0000 -0.9938
vn -0.1022 -0.0000 -0.9948
vn 0.0523 0.1974 0.9789
vn -0.0921 0.0001 0.9957
vn 0.1009 0.0023 0.9949
vn -0.0523 0.9789 0.1974
vn 0.0916 0.9958 0.0069
vn -0.1051 0.9944 0.0074
vn 0.1176 0.0954 -0.9885
vn -0.0918 -0.0344 -0.9952
vn -0.1089 -0.0000 -0.9941
vn 0.0913 0.9958 -0.0065
vn -0.9988 -0.0000 -0.0487
vn 0.9849 -0.1507 -0.0850
vn 0.9998 0.0111 0.0137
vn 0.4949 0.4429 0.7476
vn 0.7362 0.5800 0.3487
vn 0.3347 0.8293 0.4474
vn 0.8345 0.2226 -0.5040
vn 0.7796 0.0618 -0.6233
vn 1.0000 -0.0011 -0.0000
vn 1.0000 -0.0000 -0.0000
vn 0.8252 -0.1482 -0.5450
vn 0.8852 -0.2087 -0.4158
vn 0.9981 -0.0000 0.0621
vn 0.1383 0.9903 -0.0136
vn 0.8747 -0.3408 -0.3445
vn 0.9983 -0.0000 -0.0576
vn -0.9964 -0.0545 0.0642
vn -0.9540 -0.1547 0.2568
vn 0.8252 -0.1482 0.5450
vn 0.8852 -0.2087 0.4158
vn -0.9691 -0.1137 0.2190
vn -0.9984 -0.0000 0.0559
vn -0.1026 -0.9888 -0.1089
vn 0.0689 -0.9909 -0.1153
vn 0.4379 -0.6501 -0.6210
vn 0.9920 -0.0293 -0.1225
vn -0.5918 -0.4862 0.6429
vn -0.0914 -0.0338 0.9952
vn -0.9995 0.0111 -0.0281
vn -0.2288 0.9727 -0.0397
vn -0.1071 0.0075 -0.9942
vn 0.9983 -0.0348 0.0466
vn 0.0942 -0.0373 0.9949
vn 0.4434 -0.6258 0.6417
vn 0.9731 0.0323 -0.2282
vn 0.9731 0.0323 0.2282
vn -0.9998 0.0213 0.0025
vn -0.9961 0.0029 0.0877
vn 0.5644 0.3880 0.7287
vn -0.5021 0.5235 0.6884
vn -0.2011 0.2269 0.9529
vn -0.0405 0.7065 0.7065
vn 0.2011 0.9529 0.2269
vn 0.0407 0.7065 0.7065
vn 0.6240 0.0577 -0.7793
vn 0.0165 0.9985 -0.0516
vn 0.0214 0.0065 -0.9997
vn 0.9992 -0.0377 -0.0136
vn 0.9985 -0.0335 0.0437
vn 0.0905 -0.9956 0.0256
vn -0.8659 -0.3488 -0.3586
vn -0.9994 0.0137 0.0309
vn -0.6256 -0.0036 0.7801
vn -0.8769 -0.3148 0.3632
vn 0.8261 0.2852 0.4860
vn 0.7455 -0.0000 0.6665
vn 0.1505 -0.0029 -0.9886
vn 0.6462 -0.0000 -0.7632
vn 0.8664 -0.3589 -0.3473
vn 0.8690 -0.3450 -0.3547
vn -0.3635 -0.2830 0.8876
vn 0.1062 0.0244 0.9940
vn -0.0680 -0.9838 -0.1656
vn 0.0433 -0.9900 0.1342
vn -0.0000 -0.9893 0.1460
vn -0.1081 -0.1594 -0.9813
vn 0.9714 0.2279 0.0667
vn 0.9732 0.0612 0.2216
vn 0.9886 0.0006 -0.1508
vn -0.9870 -0.0405 0.1556
vn -0.9885 0.0006 -0.1514
vn -0.9889 0.0006 -0.1487
vn 0.9852 0.0023 0.1712
vn 0.9949 -0.0006 -0.1006
vn 0.9718 -0.0059 -0.2358
vn -0.0148 0.9789 0.2039
vn 0.0232 0.9843 -0.1750
vn -0.0000 0.9864 -0.1641
vn -0.9542 -0.1959 0.2263
vn -0.9876 0.1019 -0.1193
vn -0.9883 0.0006 -0.1526
vn 0.0904 -0.1513 0.9843
vn -0.9881 -0.0174 0.1529
vn -0.9891 0.0005 -0.1475
vn 0.0476 0.0034 -0.9989
vn -0.0856 0.0205 0.9961
vn -0.0252 0.1521 0.9880
vn 0.9068 0.1600 0.3901
vn 0.9120 -0.1160 0.3935
vn 0.0542 -0.0026 0.9985
vn 0.8269 0.0653 -0.5586
vn 0.7435 -0.0131 -0.6686
vn 0.8821 -0.0113 -0.4709
vn -0.2065 -0.8350 -0.5101
vn -0.4839 -0.8456 -0.2254
vn -0.5553 -0.5843 -0.5918
vn 0.3563 -0.3753 -0.8557
vn -0.3508 -0.2686 0.8971
vn 0.0501 -0.0037 0.9987
vn -0.8924 0.3374 0.2998
vn -0.5596 0.8210 -0.1133
vn -0.8167 0.5649 -0.1176
vn -0.9887 0.0006 -0.1496
vn -0.9350 -0.0065 -0.3547
vn -1.0000 -0.0032 -0.0010
vn 0.0811 0.6203 0.7802
vn 0.0806 0.8213 0.5648
vn 0.9054 -0.2135 -0.3671
vn 0.5836 -0.0504 -0.8105
vn -0.0384 0.1523 -0.9876
vn 0.0331 0.0037 -0.9994
vn 0.9899 -0.0093 0.1417
vn 0.6261 -0.5049 0.5943
vn 0.6387 -0.6414 -0.4251
vn 0.0445 -0.0068 -0.9990
vn 0.9898 -0.0103 -0.1423
vn -0.0604 -0.9128 0.4038
vn -0.0458 -0.0118 0.9989
vn -0.9825 -0.0028 0.1862
vn 0.9389 0.1980 -0.2815
vn 0.6360 0.4051 -0.6568
vn 0.9568 0.0187 -0.2902
vn -0.0006 -0.0062 -1.0000
vn -0.0133 -0.9851 -0.1713
vn -0.0418 -0.9990 -0.0165
vn -0.0759 0.0016 -0.9971
vn -0.0598 0.9872 0.1478
vn -0.3766 0.7460 0.5492
vn -0.7953 0.3301 0.5084
vn -0.1725 0.0525 -0.9836
vn -0.0398 0.1955 -0.9799
vn -0.0642 0.9918 -0.1106
vn 0.2933 0.8297 0.4749
vn 0.0342 0.0566 0.9978
vn 0.9861 -0.0006 0.1659
vn -0.3361 0.3183 0.8864
vn -0.9830 -0.0007 0.1837
vn -0.0512 -0.0037 0.9987
vn -0.0571 -0.0037 0.9984
vn -0.8872 -0.2584 0.3822
vn 0.3487 0.3221 0.8801
vn -0.0707 0.0037 -0.9975
vn -0.0540 -0.0036 0.9985
vn -0.0550 0.0037 -0.9985
vn -0.6456 -0.0103 -0.7636
vn 0.0697 -0.0100 -0.9975
vn 0.2838 0.1127 -0.9522
vn -0.0000 -0.0091 -1.0000
vn -0.6219 -0.0835 -0.7787
vn -0.0623 0.0879 0.9942
vn 0.7875 -0.0001 0.6163
vn -0.0037 0.1874 0.9823
vn 0.6470 -0.0028 0.7625
vn 0.7600 -0.0437 0.6485
vn 0.9995 -0.0000 0.0315
vn 0.9922 -0.0000 0.1248
vn 0.1206 -0.0185 0.9925
vn -0.1525 0.0116 0.9882
vn -0.1986 0.0041 0.9801
vn -0.2266 -0.4018 -0.8873
vn 0.2186 -0.0000 -0.9758
vn -0.0283 -0.0010 -0.9996
vn 0.1454 0.9879 0.0539
vn -0.1416 0.9895 -0.0291
vn -0.1374 0.9905 0.0022
vn 0.2093 -0.0000 -0.9779
vn -0.2339 0.0045 -0.9722
vn -0.9958 0.0052 0.0913
vn -0.9997 0.0217 -0.0089
vn -0.9995 -0.0000 -0.0315
vn 0.9673 -0.1245 -0.2211
vn 1.0000 -0.0000 -0.0022
vn -0.7288 0.0093 -0.6846
vn -0.5331 0.0110 -0.8460
vn -0.7954 0.0543 0.6036
vn 0.8948 0.2815 0.3465
vn 0.9994 0.0143 0.0315
vn 0.9924 0.0192 0.1216
vn -0.9995 -0.0009 -0.0316
vn -0.8661 -0.0344 0.4987
vn -0.9398 -0.0564 0.3369
vn -0.9987 -0.0000 -0.0509
vn -0.9899 -0.1140 -0.0837
vn 0.9854 -0.1635 -0.0481
vn -0.9129 -0.2918 0.2854
vn -0.9971 -0.0000 0.0755
vn -0.9985 0.0061 -0.0539
vn -0.7160 -0.3032 -0.6288
vn 0.1387 -0.9903 0.0044
vn -0.2524 -0.9676 -0.0080
vn -0.1347 -0.9909 0.0054
vn -0.8329 -0.0369 -0.5522
vn -0.9167 -0.0581 -0.3954
vn 0.5614 -0.0938 0.8222
vn -0.1744 -0.0104 0.9846
vn 0.0847 -0.0099 0.9964
vn 0.1388 -0.9857 0.0953
vn -0.1084 -0.9897 0.0932
vn -0.9974 -0.0088 0.0713
vn 0.5912 -0.4857 -0.6439
vn 0.1384 -0.9900 -0.0264
vn 0.1664 -0.0274 -0.9857
vn 0.1814 0.9795 0.0871
vn 0.3569 0.6593 0.6618
vn 0.4321 0.6355 -0.6399
vn 0.5890 0.6660 -0.4578
vn 0.1639 0.0165 -0.9863
vn -0.1028 0.0186 -0.9945
vn -0.9982 0.0180 -0.0581
vn -0.1239 -0.9917 -0.0351
vn -0.9983 -0.0168 -0.0556
vn -0.1023 -0.0278 -0.9944
vn -0.4335 -0.2949 -0.8515
vn -0.0866 0.9871 0.1350
vn -0.1310 -0.9908 -0.0327
vn -0.9998 -0.0143 -0.0122
vn -0.9976 -0.0069 -0.0695
vn 0.8716 0.3003 0.3874
vn 0.5572 -0.0265 0.8300
vn 0.9922 -0.0003 0.1248
vn 0.1125 -0.0000 0.9937
vn 0.1688 -0.0000 -0.9857
vn -0.5907 -0.1162 0.7984
vn -0.1498 -0.0000 0.9887
vn -0.9970 -0.0000 -0.0775
vn -0.1144 -0.0000 -0.9934
vn -0.9976 -0.0000 0.0688
vn -0.1649 -0.0000 0.9863
vn 0.9999 -0.0000 -0.0128
vn 1.0000 -0.0000 -0.0028
vn 0.6239 -0.0000 -0.7815
vn 0.1202 0.9927 0.0077
vn 0.2194 0.9754 -0.0230
vn -0.1313 0.9913 0.0026
vn 0.8956 -0.0921 -0.4353
vn 0.9998 0.0017 -0.0196
vn 0.9972 -0.0000 -0.0751
vn 0.2980 0.2518 -0.9208
vn -0.1402 0.0304 -0.9897
vn 0.1011 0.0303 -0.9944
vn -0.3561 0.2601 0.8975
vn 0.1470 -0.0000 0.9891
vn -0.1110 -0.0000 0.9938
vn -0.9998 -0.0000 0.0196
vn -0.9979 0.0013 0.0646
vn -0.9977 -0.0000 0.0674
vn -0.9539 0.2607 -0.1487
vn -0.9992 -0.0000 -0.0394
vn 0.9998 -0.0000 0.0206
vn 0.9996 -0.0052 0.0293
vn 0.8818 0.0007 0.4717
vn -0.9993 -0.0000 -0.0365
vn 0.9998 -0.0000 -0.0196
vn 0.9991 0.0036 0.0414
vn 0.1821 0.9833 -0.0036
vn -0.9975 -0.0000 0.0702
vn -0.3603 0.2435 0.9005
vn 0.1365 0.0006 0.9906
vn -0.1297 -0.0000 0.9915
vn 0.9994 -0.0000 0.0347
vn 0.9971 -0.0126 0.0757
vn -0.8600 -0.3447 0.3762
vn -0.1030 -0.5527 -0.8270
vn 0.0788 -0.8521 -0.5174
vn -0.1077 -0.8500 -0.5157
vn 0.1376 0.0038 -0.9905
vn -0.1392 -0.0000 -0.9903
vn 0.1135 -0.0000 -0.9935
vn 0.1704 -0.0052 0.9854
vn -0.1224 -0.0000 0.9925
vn 0.3388 0.2567 -0.9052
vn -0.1533 -0.0000 -0.9882
vn 0.1100 -0.0000 -0.9939
vn 0.3984 -0.9106 -0.1098
vn -0.1274 -0.9918 0.0025
vn 0.1274 -0.9918 -0.0025
vn 0.9992 -0.0000 0.0389
vn -0.0240 0.9870 -0.1589
vn 0.1219 0.9925 0.0065
vn 0.1122 0.9924 -0.0514
vn 0.3654 -0.2290 0.9022
vn -0.9991 -0.0000 -0.0420
vn 0.9990 0.0390 0.0227
vn 0.9996 0.0031 0.0279
vn 0.2849 0.2527 -0.9246
vn -0.3813 -0.2585 -0.8876
vn -0.9992 -0.0000 -0.0392
vn 0.1695 0.0037 0.9855
vn -0.1181 -0.0000 0.9930
vn 0.8742 0.1048 0.4741
vn 0.9978 -0.0000 -0.0665
vn -0.9992 0.0293 -0.0255
vn -0.1199 0.0274 0.9924
vn -0.1823 0.9823 0.0424
vn -0.9979 0.0304 0.0573
vn 0.9708 -0.2378 -0.0315
vn 0.1177 -0.9925 -0.0330
vn 0.9947 -0.0196 -0.1013
vn 0.5148 -0.5647 -0.6450
vn -0.9975 -0.0212 -0.0669
vn -0.5860 -0.1609 -0.7942
vn -0.9833 -0.1820 0.0072
vn -0.1216 -0.9921 -0.0298
vn 0.1207 -0.1045 0.9872
vn 0.0845 -0.7053 0.7038
vn 0.9659 -0.2587 -0.0093
vn -0.9811 -0.1918 0.0264
vn -0.5608 -0.7871 0.2571
vn -0.0576 -0.7053 0.7066
vn -0.0917 -0.1017 0.9906
vn -0.9951 -0.0092 0.0988
vn 0.7135 0.6510 -0.2590
vn 0.9490 0.1336 -0.2856
vn 0.0565 0.9960 0.0687
vn 0.7526 0.4917 0.4379
vn 0.9595 0.1336 0.2481
vn 0.1361 0.0285 0.9903
vn 0.8711 -0.3336 -0.3604
vn 0.9970 -0.0000 -0.0772
vn -0.9972 0.0201 0.0715
vn -0.9990 0.0412 0.0197
vn -0.9992 0.0153 -0.0374
vn -0.3872 0.2576 -0.8853
vn 0.8698 -0.3306 -0.3663
vn 0.1159 -0.0000 -0.9933
vn -0.3876 0.2542 -0.8861
vn -0.1433 -0.0000 -0.9897
vn 0.9898 -0.1130 -0.0868
vn -0.9933 -0.0820 0.0816
vn 0.4176 0.2596 0.8708
vn 0.9587 -0.2843 -0.0118
vn -0.9774 -0.2113 0.0071
vn -0.8722 0.1235 -0.4732
vn -0.9998 -0.0006 0.0182
vn -0.9995 0.0001 -0.0316
vn 0.0447 -0.9967 -0.0679
vn -0.0979 -0.9951 0.0148
vn -0.0975 -0.9951 -0.0188
vn 0.9317 -0.3067 -0.1946
vn 0.9998 -0.0093 0.0163
vn 0.9998 -0.0118 -0.0188
vn -0.1200 -0.0251 -0.9925
vn 0.1341 0.0022 -0.9910
vn 0.1134 0.0040 -0.9935
vn 0.9714 0.2194 0.0905
vn 0.9997 -0.0000 -0.0233
vn 0.9997 0.0001 -0.0253
vn -0.9993 0.0274 -0.0267
vn -0.9999 -0.0000 0.0163
vn -0.9997 -0.0022 -0.0238
vn -0.1108 0.0345 0.9932
vn 0.1085 -0.0023 0.9941
vn 0.0980 -0.0022 0.9952
vn -0.1536 0.1672 0.9739
vn 0.1071 -0.0022 0.9942
vn 0.9526 -0.2719 0.1368
vn 0.9997 0.0001 -0.0230
vn 0.9030 -0.3432 0.2585
vn -0.9737 -0.2098 0.0893
vn -0.9999 0.0002 -0.0105
vn -0.1099 0.0181 0.9938
vn 0.1139 -0.0038 0.9935
vn 0.1084 -0.0036 0.9941
vn 0.9961 -0.0841 -0.0282
vn -0.0679 -0.1726 -0.9827
vn -0.8499 -0.0150 -0.5268
vn -0.5506 0.0093 -0.8347
vn -0.6788 -0.1586 -0.7170
vn -0.6277 0.7772 0.0452
vn 0.0969 0.9952 -0.0134
vn -0.0988 0.9950 -0.0160
vn -0.6279 0.0512 -0.7766
vn 0.1047 0.0023 -0.9945
vn -0.0891 -0.1022 -0.9908
vn -0.1797 0.1276 -0.9754
vn -0.0976 -0.0118 0.9952
vn 0.0989 -0.0135 0.9950
vn -0.3313 -0.2838 0.8998
vn -0.9998 0.0004 -0.0223
vn -0.9996 -0.0001 0.0267
vn -0.0988 -0.0089 -0.9951
vn 0.0983 -0.0083 -0.9951
vn -0.5601 -0.4931 0.6657
vn -0.9998 0.0130 -0.0154
vn 0.6108 0.5215 -0.5958
vn 0.9998 0.0155 -0.0150
vn -0.9997 0.0180 0.0177
vn -0.0979 0.0152 0.9951
vn 0.0979 0.0152 0.9951
vn 0.9996 0.0192 0.0188
vn 0.6052 0.5995 0.5238
vn 0.4256 -0.6159 0.6630
vn -0.8629 0.3565 0.3582
vn 0.7229 -0.0016 0.6909
vn -0.1052 0.0037 -0.9944
vn 0.6294 0.0030 -0.7771
vn -0.6253 -0.0031 0.7804
vn 0.1415 -0.0029 -0.9899
vn -0.8348 0.0130 -0.5505
vn 0.7206 -0.0034 0.6933
vn -0.9960 0.0685 -0.0573
vn -0.9997 -0.0109 0.0238
vn -0.9997 0.0003 0.0238
vn -0.3611 -0.2386 -0.9015
vn 0.1217 0.0025 -0.9926
vn -0.1587 0.0022 -0.9873
vn -0.0767 0.0277 0.9967
vn 0.1376 -0.0066 0.9905
vn 0.2225 -0.0139 0.9748
vn -0.9378 0.2807 -0.2044
vn -0.9989 0.0410 0.0238
vn -0.9985 0.0370 -0.0399
vn -0.9627 -0.2279 0.1462
vn 0.2441 -0.0014 0.9698
vn -0.1783 -0.0019 0.9840
vn -0.1434 -0.0012 0.9897
vn 0.9997 -0.0006 -0.0238
vn 1.0000 -0.0001 -0.0051
vn -0.9975 0.0002 0.0709
vn 0.9992 0.0011 0.0405
vn 0.9997 -0.0003 -0.0238
vn -0.5959 0.7997 0.0736
vn 0.1415 0.9899 -0.0021
vn -0.1348 0.9909 0.0044
vn -0.9997 0.0001 0.0239
vn -0.9990 0.0009 -0.0439
vn -0.9986 0.0013 -0.0528
vn -0.3445 -0.1758 0.9222
vn 0.2148 0.1039 0.9711
vn 0.5748 0.0683 0.8154
vn 0.8161 -0.0206 0.5775
vn 0.6160 -0.0211 0.7875
vn 0.9997 -0.0029 -0.0238
vn 0.7974 -0.0765 -0.5986
vn 0.8561 -0.1085 -0.5052
vn 0.9995 -0.0039 0.0322
vn -0.0290 0.9842 -0.1747
vn 0.1286 0.9899 -0.0603
vn -0.9808 -0.1645 0.1045
vn -0.9997 0.0006 0.0238
vn -0.1712 -0.0547 -0.9837
vn 0.1081 0.0348 -0.9935
vn 0.1146 0.0012 -0.9934
vn 0.9734 0.1513 0.1721
vn 0.9935 -0.0384 -0.1071
vn 0.8764 0.0038 0.4815
vn -0.1459 -0.9893 0.0022
vn 0.2990 -0.9542 -0.0082
vn 0.1357 -0.9905 -0.0213
vn 0.8270 -0.0647 0.5585
vn 0.8801 -0.0988 0.4644
vn 0.1209 0.0253 -0.9923
vn -0.1575 -0.0138 -0.9874
vn -0.1663 0.0013 -0.9861
vn -0.1443 -0.9877 -0.0605
vn -0.6031 -0.6669 -0.4377
vn 0.1095 -0.9913 -0.0730
vn 0.3809 -0.6629 -0.6446
vn 0.9949 -0.0130 -0.1003
vn -0.5571 -0.4983 0.6643
vn -0.1386 -0.9896 0.0377
vn -0.1102 -0.0164 0.9938
vn -0.4216 0.6496 -0.6327
vn 0.9958 0.0337 -0.0853
vn -0.5745 0.6519 0.4949
vn -0.1071 0.0318 0.9937
vn 0.5906 0.6249 0.5106
vn 0.1567 0.0337 0.9871
vn 0.9992 0.0363 0.0146
vn 0.1227 -0.9918 0.0354
vn 0.9998 -0.0118 0.0158
vn 0.1569 -0.0148 0.9875
vn 0.9990 -0.0194 -0.0398
vn 0.9998 -0.0184 0.0040
vn 0.1365 -0.9903 0.0242
vn -0.1672 0.0013 -0.9859
vn -0.9987 0.0003 -0.0515
vn 0.3363 -0.0008 0.9417
vn 0.9989 0.0406 -0.0237
vn 0.9948 -0.0003 -0.1015
vn 0.9944 -0.0001 -0.1053
vn -0.1192 -0.0012 0.9929
vn -0.8619 -0.3356 0.3801
vn 0.1203 -0.0049 -0.9927
vn 0.7448 0.0009 -0.6673
vn 0.8691 -0.3116 -0.3841
vn 0.9997 -0.0003 0.0227
vn 0.1669 -0.0013 0.9860
vn -0.9976 0.0002 0.0694
vn 0.1192 0.0013 -0.9929
vn -0.9099 0.0020 0.4149
vn -0.9974 -0.0000 0.0715
vn -0.9857 0.0053 0.1684
vn -0.9910 -0.0386 0.1279
vn -0.9935 0.0177 -0.1121
vn -0.9938 -0.0012 -0.1115
vn -0.9874 -0.0832 0.1348
vn -0.9986 0.0002 -0.0522
vn -0.9910 0.0021 -0.1338
vn -0.0149 -0.0462 -0.9988
vn 0.0179 0.0055 -0.9998
vn -0.0476 0.0046 -0.9989
vn 0.9903 -0.0560 -0.1269
vn 0.9920 -0.0005 0.1266
vn 0.9924 0.0011 0.1227
vn -0.2070 0.3142 0.9265
vn 0.0190 -0.0037 0.9998
vn 0.9084 0.2729 0.3167
vn 0.9923 0.0005 -0.1240
vn 0.9931 -0.0004 0.1176
vn -0.0631 0.9958 0.0657
vn 0.0185 0.9941 -0.1071
vn -0.0171 0.9942 -0.1059
vn -0.0701 0.0814 0.9942
vn -0.0171 -0.0035 0.9998
vn 0.0159 -0.0037 0.9999
vn 0.3469 -0.3428 0.8730
vn 0.1186 -0.2456 -0.9621
vn 0.0243 0.0037 -0.9997
vn 0.0189 -0.0092 -0.9998
vn -0.5986 -0.0177 0.8008
vn -0.0280 -0.0031 0.9996
vn 0.0245 -0.0037 0.9997
vn -0.6842 0.0044 0.7292
vn -0.8534 -0.0207 0.5208
vn -0.9977 -0.0018 -0.0682
vn -0.9853 -0.0163 -0.1703
vn -0.8323 -0.0144 -0.5542
vn -0.0934 0.2226 -0.9704
vn 0.0213 0.0037 -0.9998
vn -0.5039 -0.0165 -0.8636
vn -0.8115 0.0090 -0.5843
vn -0.7257 0.0031 -0.6880
vn -0.9734 0.0044 -0.2289
vn -0.9935 0.0020 -0.1138
vn 0.1270 0.2735 -0.9534
vn -0.0154 0.0177 -0.9997
vn 0.0190 0.0214 -0.9996
vn 0.1052 -0.2284 0.9679
vn -0.0153 0.0103 0.9998
vn -0.0202 -0.0037 0.9998
vn -0.4487 0.0036 -0.8937
vn 0.9868 0.0912 0.1339
vn 0.9925 0.0004 -0.1221
vn 0.9929 0.0004 -0.1187
vn 0.8915 -0.2783 -0.3576
vn 0.8801 0.2859 -0.3791
vn -0.0941 -0.1406 -0.9856
vn -0.3382 0.3497 -0.8737
vn -0.9880 -0.0069 0.1544
vn -0.0440 -0.7741 0.6315
vn 0.0172 -0.9934 -0.1135
vn 0.0193 -0.9940 0.1078
vn 0.9961 -0.0414 -0.0777
vn 0.9938 -0.0114 0.1107
vn -0.9841 -0.1109 0.1391
vn 0.8809 0.2802 0.3815
vn -0.0251 -0.0162 0.9996
vn 0.0188 -0.0165 0.9997
vn -0.0166 -0.0988 -0.9950
vn 0.3459 0.3504 -0.8704
vn -0.9928 -0.0088 0.1196
vn -0.5254 -0.5854 -0.6174
vn -0.9936 -0.0101 -0.1127
vn -0.6088 0.6647 0.4330
vn 0.9935 0.0178 0.1124
vn 0.6610 0.6117 0.4347
vn 0.4817 0.6468 0.5913
vn 0.9938 0.0159 -0.1100
vn -0.9909 0.0005 -0.1343
vn -0.9645 -0.0010 0.2642
vn -0.0165 0.0028 -0.9999
vn 0.3467 0.3444 -0.8725
vn -0.5307 -0.0006 -0.8476
vn -0.6598 -0.0026 -0.7514
vn 0.7671 -0.0024 0.6415
vn -0.3474 -0.3390 0.8743
vn -0.2329 0.2226 0.9467
vn 0.0198 -0.0037 0.9998
vn -0.8787 0.2698 0.3938
vn 0.6660 0.0028 -0.7459
vn -0.3453 -0.3544 0.8690
vn 0.7676 0.0217 -0.6406
vn 0.3914 -0.2475 0.8863
vn -0.1327 -0.0093 0.9911
vn 0.1380 0.0037 0.9904
vn -0.8862 0.3568 -0.2957
vn -0.9906 -0.1317 0.0380
vn -0.9993 0.0009 0.0382
vn -0.2082 -0.1746 -0.9624
vn 0.1126 -0.1418 -0.9835
vn -0.1304 -0.1431 -0.9811
vn 0.9633 0.2384 -0.1235
vn 0.9994 0.0002 -0.0339
vn 0.9993 0.0156 -0.0332
vn -0.9814 -0.1866 0.0449
vn -0.7382 -0.0683 0.6711
vn -0.1067 0.0014 0.9943
vn 0.3311 -0.2398 0.9126
vn -0.1509 0.0048 0.9885
vn 0.1797 -0.0023 0.9837
vn -0.6269 0.7739 0.0893
vn 0.1319 0.9910 -0.0208
vn -0.1340 0.9908 -0.0210
vn -0.9487 0.2779 -0.1505
vn -0.9997 0.0033 0.0236
vn -0.9995 0.0001 -0.0304
vn -0.1071 0.0205 0.9940
vn -0.1942 0.1066 0.9752
vn -0.8286 0.0142 0.5596
vn -0.9987 0.0482 0.0171
vn -0.6528 0.1014 -0.7507
vn 0.1345 0.0035 -0.9909
vn -0.1518 0.0022 -0.9884
vn -0.1637 -0.0882 -0.9826
vn 0.1321 0.0035 -0.9912
vn 0.9999 -0.0007 0.0143
vn 0.9992 0.0002 -0.0401
vn -0.9220 0.3333 -0.1971
vn -0.8481 -0.1478 0.5088
vn -0.3702 -0.2854 0.8840
vn -0.1551 0.0014 0.9879
vn 0.1308 -0.0004 -0.9914
vn -0.1521 -0.0014 -0.9884
vn -0.1327 -0.9908 -0.0245
vn -0.6173 -0.5848 -0.5263
vn 0.1337 -0.9907 -0.0238
vn 0.9806 -0.1921 -0.0384
vn -0.9999 0.0098 -0.0132
vn 0.5712 0.5404 -0.6178
vn -0.9994 0.0133 0.0324
vn 0.4094 0.6649 0.6248
vn 0.5856 0.6206 0.5215
vn -0.1381 -0.9886 0.0593
vn 0.1203 -0.9927 -0.0083
vn 0.9800 -0.1986 0.0112
vn 0.5608 -0.5441 0.6240
vn 0.7512 0.0041 0.6600
vn 0.9999 -0.0006 0.0122
vn 0.9991 -0.0029 -0.0423
vn 0.5911 -0.0022 -0.8066
vn 0.8914 0.3488 -0.2894
vn 0.7447 -0.0016 0.6674
vn -0.1209 -0.9925 0.0181
vn 0.1116 -0.9937 -0.0089
vn 0.1156 -0.9933 -0.0000
vn 0.8962 0.3518 -0.2702
vn 0.9937 -0.1116 -0.0087
vn 0.9938 0.1107 -0.0075
vn 0.9925 -0.1213 0.0182
vn 0.9938 0.1109 -0.0089
vn 0.9934 0.1149 -0.0000
vn -0.8972 -0.3520 -0.2665
vn -0.9938 0.1109 -0.0088
vn -0.9940 -0.1096 -0.0070
vn 0.0109 -0.3617 -0.9322
vn 0.1019 0.1012 -0.9896
vn 0.1046 -0.1038 -0.9891
vn 0.0115 -0.3634 -0.9316
vn 0.1019 0.1018 -0.9896
vn 0.1045 -0.1046 -0.9890
vn 0.9956 -0.0904 0.0246
vn 0.9938 0.1108 -0.0068
vn 0.9939 0.1103 0.0061
vn -0.9218 -0.3628 0.1367
vn -0.9926 0.1212 -0.0000
vn -0.9925 -0.1224 0.0027
vn 0.2264 0.9485 0.2216
vn -0.1034 0.9916 0.0776
vn 0.1064 0.9910 0.0809
vn -0.1196 -0.9926 0.0212
vn 0.1104 -0.9939 -0.0069
vn 0.1188 -0.9929 -0.0000
vn 0.1023 0.1022 -0.9895
vn 0.1046 -0.1045 -0.9890
vn -0.0903 -0.9956 0.0246
vn 0.1108 -0.9938 -0.0068
vn 0.1103 -0.9939 0.0061
vn -0.1857 0.9653 -0.1839
vn 0.0433 0.9851 0.1662
vn 0.1168 0.9931 0.0035
vn -0.9956 0.0903 0.0246
vn -0.9937 -0.1117 -0.0081
vn -0.9939 -0.1103 0.0061
vn 0.6575 0.7481 -0.0889
vn -0.1104 0.9939 0.0062
vn 0.1118 0.9937 0.0083
vn 0.0110 0.3634 0.9316
vn 0.1018 -0.1018 0.9896
vn 0.1046 0.1045 0.9890
vn -0.1226 -0.9923 0.0169
vn 0.1108 -0.9938 -0.0071
vn 0.1108 -0.9938 -0.0000
vn -0.7929 -0.5793 0.1890
vn 0.9591 0.2260 0.1701
vn 0.9930 -0.1182 -0.0000
vn 0.9936 0.1133 0.0024
vn 0.0115 -0.3617 -0.9322
vn 0.1058 -0.1050 -0.9888
vn 0.0463 0.1599 0.9860
vn -0.2396 0.1557 0.9583
vn -0.1110 -0.1103 0.9877
vn -0.7670 0.6331 0.1046
vn -0.9965 0.0473 0.0686
vn -0.7811 0.5972 0.1820
vn 0.1085 0.1085 0.9882
vn -0.1584 0.2169 0.9633
vn -0.1717 -0.0394 0.9844
vn -0.9825 -0.1625 0.0911
vn -0.0991 -0.9829 0.1554
vn -0.1692 0.0439 0.9846
vn -0.1571 -0.2202 0.9627
vn 0.1092 -0.1085 0.9881
vn -0.9933 0.1146 0.0175
vn -0.9939 -0.1101 -0.0071
vn -0.7814 -0.6241 -0.0000
vn 0.1102 0.9939 -0.0070
vn -0.1113 0.9937 -0.0084
vn -0.4590 0.5970 -0.6580
vn 0.1282 0.9900 0.0581
vn 0.2244 0.1558 0.9619
vn 0.9920 0.1061 0.0689
vn 0.6172 -0.4117 -0.6704
vn -0.4111 -0.6183 -0.6698
vn 0.9923 -0.1041 0.0667
vn 0.1067 -0.9919 0.0689
vn -0.9902 -0.1265 0.0587
vn -0.1048 -0.9923 0.0667
vn 0.1114 0.9937 -0.0085
vn -0.4585 0.5947 -0.6604
vn -0.9939 0.1104 -0.0069
vn -0.1107 0.9938 -0.0075
vn 0.9911 0.1061 0.0804
vn -0.6457 0.5819 0.4943
vn -0.4110 -0.6196 -0.6688
vn -0.9937 -0.1114 -0.0085
vn 0.2165 -0.1578 0.9634
vn 0.1240 -0.9899 0.0688
vn 0.9915 -0.1039 0.0781
vn -0.4590 0.5958 -0.6591
vn -0.6172 0.4108 -0.6710
vn -0.5950 0.5996 -0.5352
vn 0.6188 -0.4106 -0.6697
vn -0.4106 -0.6188 -0.6697
vn -0.4590 -0.5958 0.6591
vn 0.1106 0.9938 -0.0065
vn 0.9938 0.1113 -0.0083
vn -0.6190 0.4112 -0.6691
vn -0.1112 0.9938 -0.0081
vn -0.4505 0.6860 0.5714
vn -0.9825 0.1004 0.1570
vn 0.9940 -0.1094 -0.0064
vn -0.4107 -0.6189 -0.6695
vn 0.1570 -0.2376 0.9586
vn 0.1010 -0.9824 0.1569
vn 0.6861 -0.5737 0.4473
vn -0.0470 -0.9957 0.0799
vn -0.0394 -0.1714 0.9844
vn -0.4645 -0.6270 0.6254
vn -0.0430 0.1696 0.9846
vn -0.0464 0.9966 0.0682
vn -0.5794 0.7946 0.1817
vn -0.3804 0.8897 -0.2526
vn 0.5406 0.6952 0.4739
vn 0.7009 0.5342 0.4727
vn 0.1617 0.0468 0.9857
vn 0.1228 0.9924 -0.0000
vn -0.3678 0.8877 0.2769
vn 0.7854 -0.6180 -0.0337
vn 0.8373 0.0487 -0.5446
vn 0.5131 -0.0787 -0.8547
vn 0.5458 0.0638 -0.8355
vn -0.3753 -0.1860 -0.9081
vn -0.8154 0.0512 -0.5766
vn -0.5848 0.0548 -0.8093
vn -0.9955 -0.0900 -0.0284
vn -0.9888 -0.0764 0.1285
vn -0.9963 0.0554 0.0663
vn 0.0990 -0.9916 0.0830
vn 0.0016 -0.9990 -0.0447
vn -0.0099 -0.9992 -0.0377
vn 0.4542 0.6899 -0.5636
vn 0.7148 0.5131 -0.4752
vn 0.5066 0.5179 -0.6893
vn 0.0061 0.0732 -0.9973
vn 0.2374 0.0996 -0.9663
vn 0.0190 -0.0446 -0.9988
vn -0.0903 -0.6852 -0.7227
vn -0.1415 -0.8428 -0.5193
vn 0.0962 -0.5542 -0.8268
vn 0.1713 -0.7760 -0.6070
vn 0.1233 -0.7057 -0.6977
vn 0.1346 0.0897 0.9868
vn -0.0247 -0.0526 0.9983
vn -0.0000 -0.0673 0.9977
vn -0.1051 0.9911 0.0812
vn 0.0345 0.9989 -0.0315
vn 0.0006 0.9984 -0.0573
vn 0.9740 0.2241 -0.0323
vn 0.9983 -0.0554 -0.0194
vn 0.9984 0.0559 -0.0098
vn -0.8630 0.0822 -0.4986
vn -0.6078 -0.0461 -0.7927
vn -0.7881 -0.0631 -0.6124
vn 0.4049 0.1972 -0.8928
vn 0.8194 -0.0394 -0.5718
vn 0.5786 -0.0402 -0.8146
vn -0.7041 0.4109 -0.5792
vn -0.4031 0.7516 -0.5221
vn -0.5127 0.5536 -0.6563
vn -0.9773 -0.2108 -0.0236
vn -0.9986 0.0523 -0.0112
vn -0.9986 -0.0534 -0.0014
vn 0.9119 0.1506 -0.3818
vn 0.9949 -0.0561 0.0836
vn 0.9980 -0.0622 -0.0092
vn 0.0332 0.1131 -0.9930
vn 0.0054 -0.0597 -0.9982
vn 0.0012 0.0622 -0.9981
vn 0.2080 0.9209 -0.3297
vn 0.1838 0.7430 -0.6435
vn 0.1436 0.8341 -0.5326
vn -0.3165 -0.8895 -0.3296
vn -0.0000 -0.9983 0.0579
vn -0.0061 -0.9977 -0.0679
vn 0.2908 0.2154 0.9322
vn -0.0998 -0.0496 0.9938
vn -0.0000 -0.0694 0.9976
vn 0.3494 -0.7361 -0.5798
vn 0.7299 -0.4214 -0.5383
vn 0.5617 -0.7151 -0.4161
vn 0.0418 -0.9991 -0.0104
vn 0.0707 -0.9877 0.1396
vn 0.1371 -0.7591 0.6364
vn -0.0488 0.9919 0.1174
vn -0.6592 0.4634 0.5922
vn 0.0467 0.9870 0.1536
vn 0.0237 0.0527 0.9983
vn -0.6435 -0.6124 0.4592
vn 0.6237 -0.6411 0.4473
vn 0.0262 -0.0549 0.9982
vn 0.0191 -0.9973 0.0713
vn 0.0236 -0.9988 -0.0436
vn 0.0017 -0.9982 -0.0598
vn 0.0018 -0.0634 -0.9980
vn 0.0099 0.9969 -0.0787
vn 0.7097 0.6360 -0.3032
vn 0.0482 0.9988 -0.0125
vn 0.9884 -0.0668 -0.1367
vn 0.7480 -0.4367 -0.4997
vn 0.6433 -0.2780 -0.7133
vn 0.9938 0.0406 -0.1035
vn -0.0156 -0.0160 -0.9998
vn -0.0063 -0.1006 -0.9949
vn -0.0067 0.9956 -0.0939
vn -0.0206 0.0644 -0.9977
vn -0.0526 0.9986 -0.0077
vn -0.9946 0.0824 -0.0639
vn -0.9974 -0.0109 -0.0718
vn -0.6883 -0.4211 -0.5907
vn -0.0692 0.9954 0.0666
vn -0.6225 0.6445 0.4439
vn -0.6010 0.4982 0.6250
vn 0.6571 0.6043 0.4506
vn 0.0375 0.0516 0.9980
vn 0.6132 0.4970 0.6139
vn -0.0926 -0.9931 0.0723
vn 0.0409 -0.0549 0.9977
vn -0.7077 0.6597 -0.2528
vn -0.1037 0.9935 -0.0477
vn -0.0037 0.9974 -0.0719
vn -0.0016 0.0593 -0.9982
vn -0.3938 -0.7431 -0.5411
vn -0.0003 -0.0570 -0.9984
vn -0.4633 -0.8090 -0.3618
vn -0.1108 -0.9937 -0.0148
vn -0.1647 0.0504 -0.9851
vn -0.4987 0.2412 -0.8325
vn -0.9861 0.0478 -0.1590
vn -0.9899 -0.0196 -0.1405
vn -0.1497 -0.0180 -0.9886
vn 0.0150 -0.9967 -0.0800
vn 0.6066 0.4382 -0.6633
vn 0.9884 0.0642 -0.1375
vn 0.7211 0.4023 -0.5640
vn 0.5232 -0.3649 -0.7701
vn 0.3356 -0.3025 -0.8921
vn 0.9916 -0.0249 -0.1269
vn -0.0000 0.9980 0.0638
vn -0.0000 0.0673 0.9977
vn -0.0000 0.9972 -0.0746
vn 0.0040 0.9981 0.0611
vn -0.0000 0.9978 -0.0668
vn -0.0001 0.0675 0.9977
vn 0.0001 -0.9977 0.0675
vn -0.0000 -0.0628 0.9980
vn -0.2887 0.2275 -0.9300
vn -0.0138 0.6598 -0.7513
vn 0.3156 -0.3268 -0.8909
vn -0.3256 -0.3446 0.8805
vn -0.0003 0.9985 0.0552
vn 0.7889 -0.1849 -0.5861
vn -0.7131 -0.4195 -0.5617
vn -0.7508 -0.0397 -0.6593
vn 0.7307 -0.2598 -0.6313
vn -0.6564 -0.7244 -0.2106
vn 0.7775 -0.5574 -0.2912
vn -0.6092 -0.7924 0.0313
vn 0.7732 -0.5883 0.2367
vn -0.6434 -0.7345 0.2157
vn 0.8014 -0.3060 0.5139
vn -0.7149 -0.4469 0.5377
vn 0.8189 -0.0659 0.5701
vn -0.7509 -0.0397 0.6592
vn -0.7188 0.4498 0.5302
vn 0.7192 0.1095 0.6861
vn -0.6407 0.7193 0.2683
vn 0.8213 0.3897 0.4167
vn -0.6238 0.7816 -0.0000
vn -0.9980 0.0634 0.0007
vn 0.8799 0.3765 -0.2898
vn -0.6407 0.7194 -0.2684
vn 0.8415 0.1835 -0.5081
vn -0.7187 0.4496 -0.5304
vn 0.9993 -0.0365 -0.0000
vn 0.7390 0.6737 0.0001
vn 0.8035 -0.5900 -0.0791
vn -0.0009 0.0036 -1.0000
vn 0.0040 -0.8629 -0.5054
vn 0.0032 -0.8646 -0.5024
vn 0.0032 -0.8647 0.5023
vn 0.0040 -0.8629 0.5053
vn -0.0009 0.0036 1.0000
vn -0.0007 0.0049 1.0000
vn -0.0079 0.8664 0.4993
vn -0.0085 0.8655 -0.5009
vn -0.0079 0.8664 -0.4993
vn -0.0007 0.0049 -1.0000
vn 0.6530 -0.6195 -0.4357
vn -0.7326 -0.0000 -0.6806
vn 0.8508 -0.0000 -0.5255
vn -0.4536 -0.3624 -0.8142
vn 0.7418 -0.6518 -0.1579
vn -0.8198 -0.3624 -0.4434
vn 0.7315 -0.6812 0.0296
vn -0.8632 -0.5038 -0.0331
vn -0.8465 -0.3821 0.3707
vn 0.5986 -0.7849 0.1599
vn -0.8001 -0.2055 0.5636
vn 0.6968 -0.5217 0.4923
vn -0.8017 -0.0000 0.5977
vn 0.7831 0.3975 0.4782
vn -0.8001 0.2055 0.5636
vn 0.7370 0.6359 0.2290
vn -0.8461 0.3794 0.3743
vn 0.7295 0.6833 0.0295
vn -0.8653 0.5001 -0.0332
vn -0.9981 -0.0008 -0.0618
vn -0.8192 0.3597 -0.4468
vn 0.5547 0.8248 -0.1095
vn -0.7498 0.1459 -0.6454
vn 0.5668 -0.0000 0.8239
vn 0.9979 0.0009 0.0649
vn 0.6225 0.4204 -0.6601
vn -0.0000 -0.8660 -0.5000
vn -0.0000 -0.8660 0.5000
vn -0.0000 -0.0000 1.0000
vn -0.0000 0.8660 0.5000
vn -0.0000 0.8660 -0.5000
vn 0.7516 -0.6555 0.0730
vn -0.7576 -0.5076 -0.4102
vn 0.8323 -0.4312 -0.3484
vn -0.7583 -0.6083 0.2342
vn -0.6256 -0.7347 -0.2626
vn 0.8323 -0.3484 0.4312
vn -0.7576 -0.4102 0.5077
vn 0.8323 -0.0861 0.5476
vn -0.7576 -0.1014 0.6448
vn 0.8330 0.1989 0.5163
vn -0.7566 0.2350 0.6102
vn -0.7576 0.5076 0.4102
vn 0.7515 0.3866 0.5346
vn -0.7576 0.6447 0.1014
vn 0.7514 0.6022 0.2697
vn -0.7576 0.6091 -0.2345
vn 0.7515 0.6562 -0.0676
vn -0.7583 0.4097 -0.5070
vn 0.8330 0.0859 -0.5466
vn -0.7566 0.1016 -0.6460
vn -0.7583 -0.2343 -0.6083
vn 0.5718 0.5156 -0.6381
vn 0.5718 -0.2947 -0.7656
vn 0.5718 -0.7656 0.2947
vn -0.0000 -0.7778 -0.6285
vn -0.0000 -0.9332 0.3594
vn -0.0000 -0.9332 0.3593
vn -0.0000 -0.1554 0.9879
vn -0.0000 -0.1554 0.9878
vn -0.0000 0.7778 0.6285
vn -0.0000 0.9332 -0.3593
vn -0.0000 0.1554 -0.9879
vn -0.0000 0.1554 -0.9878
vn 0.7775 -0.5573 -0.2913
vn 0.7192 0.1096 0.6861
vn -0.6407 0.7194 0.2684
vn 0.8799 0.3765 -0.2897
vn 0.8416 0.1834 -0.5081
vn 0.7390 0.6737 -0.0000
vn 0.0032 -0.8646 -0.5025
vn 0.0032 -0.8646 0.5024
vn -0.0009 0.0035 1.0000
vn -0.0085 0.8655 0.5009
vn 0.6530 -0.7282 0.2080
vn -0.7326 -0.5293 -0.4279
vn 0.8508 -0.4087 -0.3302
vn -0.4535 -0.8611 -0.2299
vn 0.7418 -0.5325 0.4077
vn -0.8198 -0.5726 0.0032
vn 0.7315 -0.4051 0.5485
vn -0.8632 -0.3424 0.3711
vn -0.8465 0.0482 0.5302
vn 0.5987 -0.3690 0.7110
vn -0.8001 0.3092 0.5141
vn 0.6968 0.0550 0.7152
vn -0.8017 0.4649 0.3757
vn 0.7831 0.6218 -0.0086
vn -0.8001 0.5675 0.1944
vn 0.7370 0.5778 -0.3507
vn -0.8461 0.5296 -0.0598
vn 0.7295 0.4524 -0.5129
vn -0.8653 0.2886 -0.4099
vn -0.9981 -0.0483 -0.0380
vn -0.8192 -0.1214 -0.5606
vn 0.5547 0.4333 -0.7103
vn -0.7498 -0.4103 -0.5191
vn 0.5668 0.6408 0.5178
vn 0.9979 0.0510 0.0400
vn 0.6225 -0.2491 -0.7419
vn -0.7515 -0.1876 0.6325
vn 0.7583 0.3127 0.5720
vn -0.8313 0.2666 0.4878
vn 0.5358 0.0205 0.8441
vn -0.8323 -0.2883 0.4734
vn 0.7576 -0.3395 0.5574
vn -0.8323 -0.4864 0.2658
vn 0.7576 -0.5727 0.3130
vn -0.8330 -0.5531 -0.0128
vn 0.7566 -0.6537 -0.0153
vn 0.7583 -0.5568 -0.3390
vn -0.8330 -0.2654 -0.4855
vn 0.7566 -0.3136 -0.5738
vn 0.7576 0.0153 -0.6525
vn -0.7515 -0.1579 -0.6406
vn 0.7583 0.3390 -0.5568
vn -0.8323 0.4864 -0.2659
vn 0.7576 0.5727 -0.3130
vn -0.8323 0.5542 0.0131
vn 0.7576 0.6525 0.0153
vn -0.8330 0.4725 0.2878
vn 0.7566 0.5585 0.3401
vn -0.6772 -0.5143 -0.5262
vn -0.6771 0.5262 -0.5144
vn -0.0000 0.4796 0.8775
vn -0.0000 -0.5201 0.8541
vn -0.0000 -0.9997 -0.0234
vn -0.0000 -0.4796 -0.8775
vn -0.0000 0.5201 -0.8541
vn -0.0000 0.9997 0.0234
vn -0.7888 0.1849 -0.5861
vn 0.7131 0.4195 -0.5617
vn 0.7508 0.0397 -0.6593
vn -0.7307 0.2597 -0.6313
vn 0.6564 0.7244 -0.2106
vn -0.7775 0.5574 -0.2912
vn 0.6092 0.7924 0.0313
vn -0.7732 0.5883 0.2367
vn 0.6434 0.7345 0.2157
vn -0.8014 0.3060 0.5139
vn 0.7149 0.4469 0.5377
vn -0.8189 0.0659 0.5701
vn 0.7509 0.0397 0.6592
vn 0.7188 -0.4498 0.5302
vn -0.7192 -0.1095 0.6861
vn 0.6407 -0.7193 0.2684
vn -0.8213 -0.3897 0.4167
vn 0.6238 -0.7816 -0.0000
vn 0.9980 -0.0634 0.0007
vn -0.8799 -0.3765 -0.2897
vn 0.6407 -0.7194 -0.2684
vn -0.8416 -0.1834 -0.5081
vn 0.7187 -0.4496 -0.5304
vn -0.9993 0.0365 -0.0000
vn -0.7390 -0.6737 0.0001
vn -0.8035 0.5900 -0.0791
vn 0.0009 -0.0036 -1.0000
vn -0.0041 0.8629 -0.5054
vn -0.0032 0.8646 -0.5024
vn -0.0032 0.8646 0.5024
vn -0.0040 0.8629 0.5053
vn 0.0009 -0.0036 1.0000
vn 0.0007 -0.0049 1.0000
vn 0.0079 -0.8664 0.4994
vn 0.0085 -0.8655 0.5009
vn 0.0079 -0.8664 -0.4993
vn 0.0007 -0.0049 -1.0000
vn -0.6530 0.6196 -0.4356
vn 0.7326 -0.0000 -0.6806
vn -0.8508 -0.0000 -0.5255
vn 0.4535 0.3624 -0.8142
vn -0.7418 0.6518 -0.1579
vn 0.8198 0.3623 -0.4434
vn -0.7315 0.6812 0.0296
vn 0.8632 0.5038 -0.0331
vn 0.8465 0.3821 0.3707
vn -0.5987 0.7849 0.1599
vn 0.8001 0.2055 0.5636
vn -0.6968 0.5217 0.4923
vn 0.8017 -0.0000 0.5977
vn -0.7831 -0.3975 0.4782
vn 0.8001 -0.2055 0.5636
vn -0.7370 -0.6359 0.2290
vn 0.8461 -0.3794 0.3744
vn -0.7295 -0.6833 0.0295
vn 0.8653 -0.5002 -0.0332
vn 0.9981 0.0008 -0.0618
vn 0.8192 -0.3597 -0.4467
vn -0.5547 -0.8248 -0.1095
vn 0.7498 -0.1459 -0.6454
vn -0.5668 -0.0001 0.8239
vn -0.9979 -0.0009 0.0649
vn -0.6225 -0.4204 -0.6601
vn -0.8107 0.1862 0.5551
vn 0.7576 -0.0152 0.6525
vn 0.7576 0.3131 0.5727
vn -0.7515 0.1579 0.6406
vn 0.7576 -0.3395 0.5575
vn -0.7515 -0.1836 0.6336
vn 0.7583 -0.5720 0.3126
vn -0.8323 -0.5542 -0.0130
vn 0.7576 -0.6525 -0.0153
vn -0.8330 -0.4726 -0.2878
vn 0.7566 -0.5585 -0.3401
vn 0.7576 -0.3130 -0.5727
vn -0.7515 -0.4570 -0.4758
vn -0.7514 -0.1579 -0.6406
vn -0.8330 0.4855 -0.2653
vn 0.7566 0.5738 -0.3136
vn 0.7583 0.6517 0.0152
vn -0.8330 0.4726 0.2878
vn -0.6771 0.7086 0.1985
vn -0.6772 0.5262 -0.5143
vn -0.6772 -0.7129 0.1823
vn 0.7131 0.4194 -0.5617
vn -0.7307 0.2598 -0.6313
vn 0.6407 -0.7193 0.2683
vn -0.8213 -0.3897 0.4166
vn -0.8415 -0.1835 -0.5081
vn -0.0040 0.8629 -0.5054
vn 0.0079 -0.8664 0.4993
vn 0.0085 -0.8654 -0.5009
vn -0.6530 0.6195 -0.4357
vn -0.8508 -0.0000 -0.5254
vn 0.8199 0.3623 -0.4433
vn -0.7831 -0.3975 0.4783
vn 0.9981 0.0009 -0.0615
vn 0.8192 -0.3597 -0.4468
vn -0.5668 -0.0000 0.8239
vn -0.6226 -0.4204 -0.6600
vn -0.4681 -0.7514 -0.4651
vn -0.0000 0.7583 -0.6519
vn -0.0000 -0.8313 -0.5559
vn -0.3869 0.5358 -0.7505
vn -0.4791 -0.8330 -0.2767
vn -0.5663 0.7566 -0.3270
vn -0.6519 0.7583 -0.0000
vn -0.4792 -0.8330 0.2767
vn -0.5663 0.7566 0.3270
vn -0.3263 0.7576 0.5652
vn -0.4680 -0.7515 0.4650
vn -0.0000 0.7576 0.6527
vn -0.1728 -0.7515 0.6367
vn 0.3263 0.7576 0.5652
vn 0.1687 -0.7514 0.6379
vn 0.5653 0.7576 0.3263
vn 0.4650 -0.7515 0.4680
vn 0.6519 0.7583 -0.0000
vn 0.4791 -0.8330 -0.2767
vn 0.5663 0.7566 -0.3270
vn 0.3263 0.7576 -0.5653
vn 0.8204 -0.5718 -0.0000
vn 0.4107 -0.5703 -0.7114
vn -0.7130 -0.6771 0.1819
vn -0.8660 -0.0000 -0.5000
vn -0.8660 -0.0000 0.5000
vn 0.8660 -0.0000 0.5000
vn 0.8660 -0.0000 -0.5000
vn -0.4898 -0.7888 -0.3713
vn -0.6670 0.7131 -0.2158
vn -0.4136 0.7508 -0.5149
vn -0.5770 -0.7307 -0.3649
vn -0.7129 0.6564 0.2470
vn -0.6231 -0.7775 0.0846
vn -0.6284 0.6092 0.4837
vn -0.3431 -0.7732 0.5333
vn -0.4746 0.6434 0.6007
vn 0.0474 -0.8014 0.5962
vn -0.0537 0.7149 0.6971
vn 0.2759 -0.8189 0.5033
vn 0.3488 0.7509 0.5607
vn 0.6735 0.7188 0.1725
vn 0.4861 -0.7192 0.4965
vn 0.7421 0.6407 -0.1970
vn 0.5589 -0.8213 0.1146
vn 0.6377 0.6238 -0.4519
vn 0.0521 0.9980 -0.0361
vn 0.1397 -0.8799 -0.4541
vn 0.4318 0.6407 -0.6349
vn -0.1441 -0.8415 -0.5206
vn 0.0601 0.7187 -0.6927
vn -0.0298 -0.9993 0.0211
vn 0.5497 -0.7390 -0.3895
vn -0.5271 -0.8035 0.2767
vn -0.5753 0.0009 -0.8180
vn -0.9962 -0.0040 0.0867
vn -0.9959 -0.0032 0.0900
vn -0.4150 -0.0032 0.9098
vn -0.4118 -0.0040 0.9113
vn 0.5812 0.0009 0.8138
vn 0.5822 0.0007 0.8130
vn 0.9956 0.0079 -0.0935
vn 0.4165 0.0085 -0.9091
vn 0.4181 0.0079 -0.9084
vn -0.5742 0.0007 -0.8187
vn -0.6196 -0.6530 -0.4356
vn -0.0000 0.7326 -0.6806
vn -0.0000 -0.8508 -0.5255
vn -0.3624 0.4535 -0.8142
vn -0.6518 -0.7418 -0.1579
vn -0.3624 0.8198 -0.4433
vn -0.6812 -0.7315 0.0296
vn -0.5038 0.8632 -0.0331
vn -0.3820 0.8466 0.3706
vn -0.7849 -0.5986 0.1599
vn -0.2055 0.8001 0.5636
vn -0.5217 -0.6968 0.4923
vn -0.0000 0.8017 0.5977
vn 0.3975 -0.7831 0.4782
vn 0.2055 0.8001 0.5636
vn 0.6359 -0.7370 0.2290
vn 0.3794 0.8461 0.3744
vn 0.6833 -0.7295 0.0296
vn 0.5001 0.8653 -0.0332
vn -0.0009 0.9981 -0.0612
vn 0.3597 0.8192 -0.4468
vn 0.8248 -0.5547 -0.1094
vn 0.1459 0.7498 -0.6454
vn -0.0000 -0.5668 0.8239
vn 0.0009 -0.9979 0.0649
vn 0.4204 -0.6225 -0.6601
vn -0.4680 -0.7515 -0.4650
vn -0.0000 0.7576 -0.6527
vn -0.0000 -0.8323 -0.5543
vn -0.4801 -0.8323 -0.2771
vn -0.5652 0.7576 -0.3263
vn -0.5543 -0.8323 -0.0000
vn -0.6527 0.7576 -0.0000
vn -0.5663 0.7566 0.3269
vn -0.3259 0.7583 0.5645
vn -0.0000 -0.8330 0.5533
vn -0.0000 0.7566 0.6539
vn 0.1687 -0.7515 0.6378
vn 0.5645 0.7583 0.3259
vn 0.5543 -0.8323 -0.0000
vn 0.6527 0.7576 -0.0000
vn 0.4801 -0.8323 -0.2772
vn 0.5652 0.7576 -0.3263
vn 0.2771 -0.8323 -0.4801
vn 0.3263 0.7576 -0.5652
vn -0.1990 -0.6771 0.7085
vn 0.7084 -0.6772 0.1989
vn -0.7128 0.6564 0.2470
vn -0.6232 -0.7775 0.0846
vn 0.1396 -0.8799 -0.4541
vn -0.5271 -0.8035 0.2766
vn -0.9962 -0.0040 0.0865
vn -0.4149 -0.0032 0.9098
vn -0.4118 -0.0040 0.9112
vn 0.9956 0.0079 -0.0936
vn 0.9957 0.0085 -0.0917
vn -0.7574 -0.6530 0.0028
vn -0.3935 0.7326 -0.5553
vn -0.3038 -0.8508 -0.4287
vn -0.7665 0.4535 -0.4548
vn -0.6231 -0.7418 0.2480
vn -0.5520 0.8198 -0.1522
vn -0.5387 -0.7315 0.4181
vn -0.4302 0.8632 0.2643
vn -0.0974 0.8466 0.5233
vn -0.5479 -0.5987 0.5843
vn 0.1582 0.8001 0.5787
vn -0.1410 -0.6968 0.7033
vn 0.3456 0.8017 0.4877
vn 0.6009 -0.7831 0.1604
vn 0.4936 0.8001 0.3410
vn 0.6512 -0.7370 -0.1809
vn 0.5260 0.8461 0.0860
vn 0.5746 -0.7295 -0.3710
vn 0.3888 0.8653 -0.3163
vn -0.0364 0.9981 -0.0500
vn 0.0352 0.8192 -0.5725
vn 0.6097 -0.5547 -0.5662
vn -0.2541 0.7498 -0.6109
vn 0.4764 -0.5668 0.6722
vn 0.0382 -0.9979 0.0523
vn -0.0387 -0.6225 -0.7817
vn -0.5782 -0.0000 -0.8159
vn -0.9957 -0.0000 0.0928
vn -0.4175 -0.0000 0.9087
vn 0.5782 -0.0000 0.8159
vn 0.9957 -0.0000 -0.0928
vn 0.4175 -0.0000 -0.9087
vn 0.6193 0.7516 0.2270
vn 0.5907 -0.7576 -0.2776
vn 0.5017 0.8323 -0.2357
vn 0.5350 -0.7583 0.3724
vn 0.7761 -0.6256 -0.0801
vn 0.2352 0.8330 0.5008
vn 0.2780 -0.7566 0.5919
vn -0.0550 -0.7577 0.6503
vn 0.1185 0.7515 0.6490
vn -0.3724 -0.7583 0.5350
vn -0.5008 0.8330 0.2352
vn -0.5919 -0.7566 0.2781
vn -0.6503 -0.7576 -0.0550
vn -0.6491 0.7514 0.1185
vn -0.5350 -0.7583 -0.3724
vn -0.2353 0.8330 -0.5008
vn -0.2781 -0.7566 -0.5918
vn 0.0550 -0.7576 -0.6504
vn -0.1185 0.7515 -0.6490
vn 0.3724 -0.7583 -0.5350
vn -0.5566 0.6772 0.4813
vn 0.4686 0.5718 -0.6733
vn -0.4813 0.6772 -0.5566
vn 0.6734 0.5718 0.4686
vn 0.9051 -0.0000 -0.4252
vn 0.8208 -0.0000 0.5712
vn -0.0843 -0.0000 0.9964
vn -0.9051 -0.0000 0.4252
vn -0.8208 -0.0000 -0.5712
vn 0.0843 -0.0000 -0.9964
vn 0.1849 0.7888 -0.5861
vn 0.4195 -0.7131 -0.5617
vn 0.0397 -0.7509 -0.6593
vn 0.2598 0.7307 -0.6313
vn 0.7244 -0.6564 -0.2106
vn 0.5574 0.7775 -0.2913
vn 0.7924 -0.6092 0.0313
vn 0.5883 0.7732 0.2367
vn 0.7345 -0.6434 0.2156
vn 0.3060 0.8014 0.5139
vn 0.4469 -0.7149 0.5377
vn 0.0659 0.8189 0.5701
vn 0.0397 -0.7509 0.6592
vn -0.4498 -0.7188 0.5302
vn -0.1095 0.7192 0.6861
vn -0.7193 -0.6407 0.2684
vn -0.3897 0.8213 0.4167
vn -0.7816 -0.6238 -0.0000
vn -0.0634 -0.9980 0.0007
vn -0.3765 0.8799 -0.2898
vn -0.7194 -0.6407 -0.2684
vn -0.1834 0.8416 -0.5081
vn -0.4496 -0.7187 -0.5304
vn 0.0365 0.9993 -0.0000
vn -0.6737 0.7390 0.0002
vn 0.5900 0.8035 -0.0791
vn -0.0036 -0.0009 -1.0000
vn 0.8629 0.0040 -0.5054
vn 0.8647 0.0032 -0.5024
vn 0.8629 0.0040 0.5054
vn 0.8646 0.0032 0.5025
vn -0.0036 -0.0009 1.0000
vn -0.0049 -0.0007 1.0000
vn -0.8664 -0.0079 0.4993
vn -0.8655 -0.0085 0.5009
vn -0.8664 -0.0079 -0.4993
vn -0.0049 -0.0007 -1.0000
vn 0.6577 0.6530 0.3755
vn 0.6160 -0.7326 -0.2895
vn 0.4756 0.8508 -0.2234
vn 0.8910 -0.4535 -0.0182
vn 0.4200 0.7418 0.5228
vn 0.5553 -0.8198 0.1394
vn 0.2629 0.7315 0.6292
vn 0.2442 -0.8632 0.4419
vn -0.1730 -0.8465 0.5034
vn 0.1890 0.5987 0.7784
vn -0.4227 -0.8001 0.4257
vn -0.2238 0.6968 0.6815
vn -0.5410 -0.8017 0.2541
vn -0.6019 0.7831 -0.1564
vn -0.5975 -0.8001 0.0536
vn -0.4776 0.7370 -0.4782
vn -0.5002 -0.8461 -0.1842
vn -0.3173 0.7295 -0.6059
vn -0.1827 -0.8653 -0.4668
vn 0.0559 -0.9981 -0.0253
vn 0.2514 -0.8192 -0.5155
vn -0.2517 0.5547 -0.7931
vn 0.5221 -0.7498 -0.4065
vn -0.7457 0.5668 0.3503
vn -0.0591 0.9979 0.0267
vn 0.4186 0.6226 -0.6612
vn 0.4680 0.7515 -0.4650
vn -0.0000 -0.7576 -0.6527
vn -0.0000 0.8323 -0.5543
vn 0.3869 -0.5358 -0.7505
vn 0.4792 0.8330 -0.2766
vn 0.5663 -0.7566 -0.3270
vn 0.6519 -0.7583 -0.0000
vn 0.4792 0.8330 0.2767
vn 0.5663 -0.7566 0.3270
vn 0.3259 -0.7583 0.5645
vn -0.0000 0.8330 0.5533
vn -0.0000 -0.7566 0.6539
vn -0.3259 -0.7583 0.5645
vn -0.4792 0.8330 0.2766
vn -0.5663 -0.7566 0.3270
vn -0.6519 -0.7583 -0.0000
vn -0.4792 0.8330 -0.2767
vn -0.5663 -0.7566 -0.3270
vn -0.3259 -0.7583 -0.5645
vn -0.5141 0.6772 0.5265
vn 0.1990 0.6772 0.7084
vn -0.8204 0.5718 -0.0000
vn -0.4102 0.5718 -0.7105
vn 0.7130 0.6772 0.1819
vn 0.6091 0.7888 -0.0818
vn 0.6868 -0.7131 0.1408
vn 0.6136 -0.7508 -0.2444
vn 0.6819 0.7307 -0.0333
vn 0.4987 -0.6564 0.5661
vn 0.5006 0.7775 0.3806
vn 0.3086 -0.6092 0.7305
vn 0.0359 0.7732 0.6332
vn 0.1171 -0.6434 0.7565
vn -0.3350 0.8014 0.4955
vn -0.2967 -0.7149 0.6332
vn -0.4880 0.8189 0.3021
vn -0.5798 -0.7509 0.3162
vn -0.6711 -0.7188 -0.1816
vn -0.6676 0.7192 0.1926
vn -0.5488 -0.6407 -0.5370
vn -0.5428 0.8213 -0.1756
vn -0.3323 -0.6238 -0.7074
vn -0.0276 -0.9980 -0.0571
vn 0.1022 0.8799 -0.4640
vn -0.0630 -0.6407 -0.7652
vn 0.3818 0.8416 -0.3821
vn 0.2889 -0.7187 -0.6324
vn 0.0155 0.9993 0.0331
vn -0.2865 0.7390 -0.6098
vn 0.3225 0.8035 0.5004
vn 0.9036 -0.0009 -0.4285
vn 0.8243 0.0040 0.5661
vn 0.8223 0.0032 0.5691
vn -0.0906 0.0040 0.9959
vn -0.0871 0.0032 0.9962
vn -0.9066 -0.0009 0.4219
vn -0.9072 -0.0007 0.4208
vn -0.8203 -0.0079 -0.5718
vn -0.8214 -0.0085 -0.5703
vn 0.0836 -0.0079 -0.9965
vn 0.9030 -0.0007 -0.4296
vn 0.6196 0.6530 -0.4356
vn -0.0000 -0.7326 -0.6806
vn -0.0000 0.8508 -0.5255
vn 0.3624 -0.4535 -0.8142
vn 0.6518 0.7418 -0.1579
vn 0.3623 -0.8198 -0.4434
vn 0.6812 0.7315 0.0296
vn 0.5038 -0.8632 -0.0331
vn 0.3821 -0.8465 0.3707
vn 0.7849 0.5987 0.1599
vn 0.2055 -0.8001 0.5636
vn 0.5217 0.6968 0.4923
vn -0.0000 -0.8017 0.5977
vn -0.3975 0.7831 0.4783
vn -0.2055 -0.8001 0.5636
vn -0.6359 0.7370 0.2290
vn -0.3794 -0.8461 0.3743
vn -0.6833 0.7295 0.0295
vn -0.5002 -0.8653 -0.0332
vn 0.0008 -0.9981 -0.0618
vn -0.3597 -0.8192 -0.4468
vn -0.8248 0.5547 -0.1094
vn -0.1459 -0.7498 -0.6454
vn -0.0000 0.5668 0.8239
vn -0.0009 0.9979 0.0648
vn -0.4204 0.6225 -0.6601
vn -0.7576 -0.5077 -0.4102
vn 0.8323 -0.4311 -0.3484
vn -0.7576 -0.6091 0.2345
vn 0.7515 -0.6563 0.0675
vn 0.7515 -0.5346 0.3866
vn -0.7583 -0.1013 0.6439
vn 0.8323 0.1991 0.5173
vn -0.7576 0.2345 0.6091
vn 0.8330 0.4304 0.3477
vn -0.7566 0.5086 0.4110
vn -0.7576 0.6448 0.1014
vn 0.7515 0.6021 0.2696
vn -0.7583 0.6083 -0.2342
vn 0.8323 0.3484 -0.4312
vn -0.7576 0.4102 -0.5077
vn 0.8323 0.0861 -0.5476
vn -0.7576 0.1014 -0.6448
vn 0.8323 -0.1992 -0.5173
vn -0.7576 -0.2345 -0.6091
vn 0.5718 -0.1275 0.8104
vn 0.6771 0.6000 -0.4260
vn -0.0000 0.9332 -0.3594
vn -0.0085 0.8652 0.5014
vn -0.0085 0.8652 -0.5013
vn 0.0085 -0.8652 -0.5013
vn 0.0085 -0.8652 0.5014
vn 0.9958 0.0085 -0.0912
vn 0.4160 0.0085 -0.9093
vn -0.8208 -0.0000 -0.5713
vn -0.8652 -0.0085 -0.5014
vn 0.0859 -0.0085 -0.9963
vt 0.622873 0.546625
vt 0.622981 0.542501
vt 0.623006 0.546641
vt 0.620578 0.542249
vt 0.622714 0.521564
vt 0.622864 0.542490
vt 0.621960 0.486346
vt 0.622830 0.490863
vt 0.622647 0.490981
vt 0.623012 0.506029
vt 0.622856 0.506085
vt 0.622491 0.478680
vt 0.622908 0.470789
vt 0.622686 0.478688
vt 0.622726 0.470784
vt 0.622902 0.456923
vt 0.622132 0.486273
vt 0.622700 0.456918
vt 0.623012 0.440275
vt 0.622781 0.435950
vt 0.622832 0.431629
vt 0.622968 0.435966
vt 0.619509 0.431069
vt 0.622334 0.428920
vt 0.622670 0.431603
vt 0.618824 0.425296
vt 0.622754 0.421648
vt 0.622195 0.425800
vt 0.622707 0.402962
vt 0.622871 0.412297
vt 0.622721 0.412256
vt 0.622667 0.397590
vt 0.622883 0.402845
vt 0.619448 0.428251
vt 0.622816 0.521572
vt 0.619720 0.395196
vt 0.622653 0.393801
vt 0.622655 0.390747
vt 0.619871 0.389204
vt 0.622676 0.389312
vt 0.622932 0.421773
vt 0.619822 0.392210
vt 0.622676 0.387457
vt 0.541461 0.391390
vt 0.541769 0.395982
vt 0.541602 0.396017
vt 0.540778 0.444988
vt 0.540872 0.440672
vt 0.540922 0.444898
vt 0.541537 0.447935
vt 0.541340 0.448154
vt 0.541599 0.421973
vt 0.541744 0.410427
vt 0.541767 0.422036
vt 0.541580 0.410449
vt 0.540728 0.440551
vt 0.541531 0.436792
vt 0.541407 0.386785
vt 0.541668 0.389132
vt 0.541491 0.389139
vt 0.541642 0.391413
vt 0.541752 0.429559
vt 0.541932 0.429606
vt 0.541361 0.436698
vt 0.541778 0.464707
vt 0.541603 0.464824
vt 0.541513 0.474038
vt 0.541645 0.484051
vt 0.541443 0.484064
vt 0.541395 0.491365
vt 0.541582 0.496270
vt 0.541409 0.496334
vt 0.540604 0.515089
vt 0.540774 0.519186
vt 0.540624 0.519203
vt 0.541259 0.511176
vt 0.540749 0.515104
vt 0.541189 0.522479
vt 0.541374 0.522445
vt 0.541661 0.504231
vt 0.541768 0.507844
vt 0.541558 0.507891
vt 0.541875 0.504140
vt 0.541586 0.491355
vt 0.541449 0.511149
vt 0.541932 0.528988
vt 0.541768 0.528995
vt 0.541899 0.540014
vt 0.541728 0.540027
vt 0.541812 0.545112
vt 0.541651 0.545141
vt 0.541725 0.550138
vt 0.541560 0.550113
vt 0.541713 0.473947
vt 0.030307 0.929650
vt 0.033124 0.927219
vt 0.034417 0.930215
vt 0.028857 0.929346
vt 0.027890 0.926610
vt 0.029011 0.926667
vt 0.027830 0.929416
vt 0.025355 0.926550
vt 0.030394 0.926733
vt 0.340948 0.920018
vt 0.344581 0.916442
vt 0.345096 0.920327
vt 0.158340 0.701633
vt 0.162189 0.701494
vt 0.162242 0.701641
vt 0.339408 0.919934
vt 0.337975 0.916934
vt 0.339341 0.917036
vt 0.336197 0.920427
vt 0.334871 0.917648
vt 0.340712 0.916915
vt 0.622801 0.440272
vt 0.622719 0.550814
vt 0.622867 0.550845
vt 0.230614 0.851599
vt 0.228424 0.854439
vt 0.226684 0.851456
vt 0.232346 0.851722
vt 0.233823 0.855131
vt 0.232521 0.855086
vt 0.233806 0.851268
vt 0.237919 0.851494
vt 0.233807 0.851460
vt 0.231111 0.855041
vt 0.338368 0.837947
vt 0.344991 0.832948
vt 0.346554 0.838692
vt 0.335526 0.837604
vt 0.333351 0.832307
vt 0.335531 0.832386
vt 0.333127 0.837721
vt 0.327667 0.832420
vt 0.337841 0.832676
vt 0.024235 0.930174
vt 0.025951 0.930347
vt 0.024201 0.930369
vt 0.137459 0.701308
vt 0.140731 0.701133
vt 0.140810 0.701274
vt 0.131628 0.701166
vt 0.134258 0.701043
vt 0.134305 0.701210
vt 0.137383 0.701160
vt 0.191216 0.701821
vt 0.185158 0.701705
vt 0.191254 0.701629
vt 0.130646 0.701792
vt 0.131544 0.701019
vt 0.173431 0.701440
vt 0.185153 0.701866
vt 0.154770 0.701426
vt 0.158314 0.701494
vt 0.165036 0.701335
vt 0.165160 0.701498
vt 0.146801 0.701237
vt 0.154758 0.701286
vt 0.146783 0.701088
vt 0.173398 0.701249
vt 0.066538 0.687188
vt 0.062590 0.690099
vt 0.063292 0.687155
vt 0.089395 0.687333
vt 0.080000 0.689185
vt 0.078741 0.687102
vt 0.093495 0.687507
vt 0.089547 0.688606
vt 0.097571 0.687369
vt 0.095877 0.689840
vt 0.095653 0.687380
vt 0.099719 0.689399
vt 0.097968 0.689885
vt 0.103788 0.687355
vt 0.101724 0.689630
vt 0.101540 0.687275
vt 0.111871 0.687557
vt 0.105560 0.689314
vt 0.114924 0.687517
vt 0.111753 0.689141
vt 0.120252 0.687335
vt 0.115700 0.690161
vt 0.060323 0.687468
vt 0.060741 0.690844
vt 0.069732 0.687262
vt 0.067615 0.689277
vt 0.099576 0.687290
vt 0.093522 0.690096
vt 0.070357 0.689437
vt 0.273231 0.066357
vt 0.247751 0.062619
vt 0.268484 0.043010
vt 0.162776 0.144440
vt 0.169161 0.131998
vt 0.169390 0.144153
vt 0.201671 0.017404
vt 0.228475 0.016099
vt 0.207572 0.026041
vt 0.293583 0.014408
vt 0.294202 0.022655
vt 0.293934 0.022690
vt 0.294092 0.064460
vt 0.289127 0.023306
vt 0.213299 0.074068
vt 0.177472 0.069869
vt 0.198198 0.054698
vt 0.269599 0.017409
vt 0.285263 0.015673
vt 0.274403 0.025493
vt 0.231457 0.123553
vt 0.223949 0.090001
vt 0.243204 0.102264
vt 0.160694 0.030492
vt 0.174482 0.052362
vt 0.161399 0.052389
vt 0.218645 0.082056
vt 0.194310 0.097226
vt 0.160654 0.008507
vt 0.174761 0.019088
vt 0.160742 0.019408
vt 0.209900 0.043930
vt 0.220987 0.037620
vt 0.199309 0.131317
vt 0.202000 0.115216
vt 0.285695 0.132166
vt 0.271175 0.149301
vt 0.271938 0.129969
vt 0.281538 0.065593
vt 0.288162 0.093293
vt 0.279193 0.091807
vt 0.293633 0.125879
vt 0.291796 0.134984
vt 0.293250 0.125623
vt 0.294354 0.095538
vt 0.294018 0.095417
vt 0.286606 0.121123
vt 0.959633 0.410875
vt 0.962914 0.398996
vt 0.963054 0.411868
vt 0.248975 0.085834
vt 0.236020 0.076072
vt 0.198161 0.106244
vt 0.174151 0.111714
vt 0.226024 0.060420
vt 0.255231 0.169242
vt 0.238706 0.189808
vt 0.226936 0.165406
vt 0.256497 0.147945
vt 0.226479 0.142167
vt 0.128847 0.176948
vt 0.118781 0.200533
vt 0.118361 0.177897
vt 0.180102 0.184673
vt 0.172684 0.156009
vt 0.180388 0.154632
vt 0.203480 0.188559
vt 0.200441 0.157929
vt 0.293374 0.150436
vt 0.294056 0.166224
vt 0.292974 0.150451
vt 0.294382 0.193987
vt 0.293939 0.193997
vt 0.292151 0.135145
vt 0.172131 0.090574
vt 0.163533 0.110102
vt 0.162801 0.090035
vt 0.151375 0.129728
vt 0.156967 0.109260
vt 0.156098 0.130492
vt 0.155101 0.232205
vt 0.151851 0.209072
vt 0.155305 0.207822
vt 0.271127 0.167826
vt 0.259363 0.189956
vt 0.258203 0.127765
vt 0.258089 0.075231
vt 0.270219 0.090315
vt 0.235244 0.046306
vt 0.243254 0.022488
vt 0.258231 0.026985
vt 0.231040 0.068271
vt 0.278814 0.033200
vt 0.162232 0.069974
vt 0.156323 0.009148
vt 0.155928 0.019334
vt 0.196912 0.027860
vt 0.192681 0.017915
vt 0.266778 0.316955
vt 0.271626 0.327923
vt 0.258516 0.325124
vt 0.254372 0.213568
vt 0.286254 0.194181
vt 0.276283 0.215075
vt 0.272812 0.192070
vt 0.294204 0.227372
vt 0.293755 0.227380
vt 0.293510 0.236048
vt 0.293328 0.244691
vt 0.292993 0.244749
vt 0.179016 0.229112
vt 0.170416 0.206496
vt 0.179577 0.206890
vt 0.240420 0.212534
vt 0.209589 0.227542
vt 0.206543 0.208049
vt 0.187915 0.185970
vt 0.267489 0.202920
vt 0.258505 0.228672
vt 0.241872 0.233548
vt 0.177450 0.255300
vt 0.168632 0.229625
vt 0.209492 0.254165
vt 0.287331 0.245825
vt 0.264584 0.254746
vt 0.259917 0.237104
vt 0.292202 0.250096
vt 0.152598 0.255997
vt 0.151339 0.231962
vt 0.157042 0.269117
vt 0.153579 0.281274
vt 0.153529 0.269704
vt 0.247125 0.267082
vt 0.232450 0.279776
vt 0.220972 0.266988
vt 0.283450 0.270872
vt 0.266575 0.262244
vt 0.286011 0.257360
vt 0.182184 0.267964
vt 0.171705 0.280905
vt 0.169141 0.268297
vt 0.293022 0.264914
vt 0.292025 0.256397
vt 0.283902 0.296958
vt 0.275215 0.288691
vt 0.283672 0.284936
vt 0.294123 0.283635
vt 0.293656 0.302397
vt 0.293556 0.283707
vt 0.294220 0.302711
vt 0.293360 0.313129
vt 0.287154 0.251457
vt 0.166583 0.255673
vt 0.241822 0.258037
vt 0.156633 0.256298
vt 0.265486 0.108554
vt 0.263498 0.035189
vt 0.241541 0.054511
vt 0.294337 0.064436
vt 0.276039 0.114838
vt 0.280179 0.316792
vt 0.279006 0.306549
vt 0.252553 0.297229
vt 0.254449 0.278354
vt 0.266734 0.292436
vt 0.293604 0.327038
vt 0.279892 0.329606
vt 0.280483 0.322330
vt 0.255153 0.312433
vt 0.230002 0.301764
vt 0.202076 0.280432
vt 0.272718 0.311578
vt 0.268929 0.274626
vt 0.213704 0.319272
vt 0.167165 0.292416
vt 0.163170 0.281557
vt 0.293553 0.320798
vt 0.195092 0.267647
vt 0.188156 0.254906
vt 0.189209 0.228588
vt 0.188582 0.207275
vt 0.187082 0.155734
vt 0.183207 0.121109
vt 0.160655 0.311876
vt 0.154127 0.302981
vt 0.160022 0.302189
vt 0.157122 0.330716
vt 0.153368 0.313298
vt 0.273553 0.333225
vt 0.293606 0.329660
vt 0.281491 0.334124
vt 0.307278 0.328000
vt 0.303547 0.310791
vt 0.307665 0.308740
vt 0.363648 0.308258
vt 0.341400 0.328801
vt 0.326402 0.304669
vt 0.435562 0.328666
vt 0.426329 0.329776
vt 0.420543 0.325390
vt 0.328216 0.287369
vt 0.372004 0.276499
vt 0.367620 0.298007
vt 0.397080 0.319506
vt 0.375895 0.328850
vt 0.421383 0.316433
vt 0.438010 0.313622
vt 0.437301 0.325378
vt 0.317380 0.265490
vt 0.318299 0.288731
vt 0.399981 0.308079
vt 0.424798 0.305217
vt 0.308374 0.268302
vt 0.309801 0.290974
vt 0.322130 0.328305
vt 0.315536 0.307086
vt 0.438179 0.285377
vt 0.321661 0.248584
vt 0.332480 0.265640
vt 0.371929 0.258856
vt 0.309312 0.250658
vt 0.403427 0.292722
vt 0.424912 0.279115
vt 0.424994 0.248400
vt 0.437316 0.237378
vt 0.437794 0.249849
vt 0.407364 0.240887
vt 0.424567 0.237065
vt 0.321603 0.234373
vt 0.332465 0.220988
vt 0.332572 0.235375
vt 0.372418 0.242332
vt 0.373062 0.227743
vt 0.423430 0.209515
vt 0.436389 0.202163
vt 0.437207 0.213540
vt 0.322223 0.176674
vt 0.331472 0.190555
vt 0.321745 0.193808
vt 0.308668 0.193695
vt 0.367420 0.186614
vt 0.362817 0.198891
vt 0.358444 0.225312
vt 0.359102 0.209763
vt 0.406346 0.208492
vt 0.417884 0.191659
vt 0.321547 0.220183
vt 0.309529 0.220833
vt 0.424221 0.228511
vt 0.437044 0.230669
vt 0.373446 0.212668
vt 0.409458 0.222532
vt 0.409388 0.229933
vt 0.444854 0.315214
vt 0.444655 0.324614
vt 0.444487 0.315134
vt 0.442030 0.217004
vt 0.442157 0.225733
vt 0.441860 0.226000
vt 0.443626 0.211136
vt 0.443229 0.210648
vt 0.444479 0.263174
vt 0.444822 0.286297
vt 0.444460 0.286246
vt 0.443521 0.233571
vt 0.443201 0.233773
vt 0.445017 0.329096
vt 0.444197 0.332924
vt 0.444493 0.329067
vt 0.444279 0.248017
vt 0.444852 0.263034
vt 0.332662 0.249770
vt 0.345164 0.237572
vt 0.404694 0.272563
vt 0.424848 0.260180
vt 0.309096 0.236219
vt 0.438102 0.265659
vt 0.444653 0.247912
vt 0.378419 0.203603
vt 0.389483 0.198058
vt 0.399375 0.187512
vt 0.406559 0.258069
vt 0.403078 0.329561
vt 0.331951 0.180729
vt 0.366325 0.155487
vt 0.373102 0.117028
vt 0.378346 0.139078
vt 0.355285 0.131836
vt 0.401831 0.093229
vt 0.390358 0.122665
vt 0.422973 0.077826
vt 0.410363 0.097741
vt 0.337470 0.146625
vt 0.321122 0.126804
vt 0.322268 0.149541
vt 0.319664 0.107847
vt 0.328699 0.085360
vt 0.329360 0.107454
vt 0.319018 0.084483
vt 0.326155 0.051974
vt 0.411587 0.163606
vt 0.383334 0.185218
vt 0.393926 0.161070
vt 0.398631 0.125994
vt 0.400412 0.145197
vt 0.389382 0.142137
vt 0.406896 0.129321
vt 0.417065 0.148044
vt 0.422990 0.099045
vt 0.437604 0.111808
vt 0.422541 0.132475
vt 0.444586 0.177577
vt 0.432981 0.167155
vt 0.433660 0.137587
vt 0.433328 0.152349
vt 0.444104 0.158619
vt 0.444729 0.138733
vt 0.444727 0.158979
vt 0.444478 0.124149
vt 0.444980 0.114368
vt 0.444904 0.124171
vt 0.437041 0.123771
vt 0.380131 0.158279
vt 0.353702 0.116054
vt 0.363051 0.090373
vt 0.378076 0.057758
vt 0.375301 0.089703
vt 0.397124 0.038125
vt 0.423097 0.028197
vt 0.405616 0.045817
vt 0.412845 0.014359
vt 0.388632 0.034982
vt 0.372858 0.055996
vt 0.354296 0.088596
vt 0.342911 0.119773
vt 0.427102 0.086231
vt 0.388746 0.087362
vt 0.388100 0.063446
vt 0.415824 0.069334
vt 0.436605 0.067831
vt 0.436621 0.077340
vt 0.436262 0.089466
vt 0.436455 0.094869
vt 0.436282 0.083698
vt 0.441742 0.068450
vt 0.441945 0.076719
vt 0.441638 0.076753
vt 0.442970 0.084701
vt 0.443015 0.061844
vt 0.442035 0.068484
vt 0.444116 0.091343
vt 0.444250 0.098500
vt 0.443681 0.091245
vt 0.444700 0.098700
vt 0.444573 0.114230
vt 0.444128 0.138669
vt 0.443332 0.084763
vt 0.339717 0.086337
vt 0.355460 0.053171
vt 0.345565 0.086815
vt 0.334249 0.083596
vt 0.329266 0.030455
vt 0.339554 0.052210
vt 0.363027 0.032277
vt 0.367639 0.054251
vt 0.317861 0.050993
vt 0.338004 0.008553
vt 0.344931 0.033096
vt 0.388124 0.009043
vt 0.380204 0.031903
vt 0.313556 0.008838
vt 0.315179 0.029247
vt 0.363639 0.009139
vt 0.332136 0.123515
vt 0.436267 0.060562
vt 0.444476 0.048789
vt 0.443402 0.061912
vt 0.445018 0.026663
vt 0.444828 0.048798
vt 0.438337 0.048632
vt 0.444635 0.026646
vt 0.445115 0.016413
vt 0.444716 0.016361
vt 0.444579 0.006728
vt 0.419942 0.019223
vt 0.437842 0.026351
vt 0.424908 0.009413
vt 0.437956 0.015306
vt 0.405054 0.008582
vt 0.443957 0.177011
vt 0.307490 0.028415
vt 0.303780 0.011032
vt 0.308166 0.008648
vt 0.304055 0.143154
vt 0.309978 0.123763
vt 0.308474 0.145043
vt 0.304269 0.123773
vt 0.308716 0.105907
vt 0.303773 0.085336
vt 0.307624 0.084517
vt 0.303504 0.169344
vt 0.308749 0.173454
vt 0.306976 0.049369
vt 0.304107 0.029185
vt 0.304037 0.049792
vt 0.652371 0.751189
vt 0.645218 0.734812
vt 0.651488 0.734197
vt 0.652821 0.835307
vt 0.647842 0.830578
vt 0.653248 0.830628
vt 0.649867 0.714424
vt 0.645653 0.703355
vt 0.650296 0.701861
vt 0.652968 0.775733
vt 0.646408 0.751598
vt 0.645263 0.697630
vt 0.652945 0.695491
vt 0.652449 0.801320
vt 0.646751 0.776962
vt 0.646018 0.716330
vt 0.653429 0.825490
vt 0.647218 0.802586
vt 0.642216 0.703627
vt 0.639546 0.715312
vt 0.639293 0.703651
vt 0.642826 0.751003
vt 0.640462 0.775591
vt 0.639781 0.750404
vt 0.643318 0.776276
vt 0.640745 0.800393
vt 0.642557 0.715837
vt 0.639984 0.734025
vt 0.641920 0.698399
vt 0.639217 0.698176
vt 0.642219 0.734432
vt 0.643823 0.801565
vt 0.641386 0.824109
vt 0.644184 0.830288
vt 0.640459 0.836160
vt 0.640994 0.829783
vt 0.634865 0.735460
vt 0.635703 0.713976
vt 0.634523 0.703484
vt 0.635424 0.696278
vt 0.635051 0.802515
vt 0.636275 0.834812
vt 0.634928 0.829668
vt 0.634277 0.751254
vt 0.634623 0.776810
vt 0.647527 0.836768
vt 0.644274 0.824511
vt 0.248314 0.759657
vt 0.240709 0.743423
vt 0.247651 0.742745
vt 0.249578 0.842884
vt 0.242874 0.836714
vt 0.249638 0.836989
vt 0.246007 0.723262
vt 0.241219 0.712743
vt 0.245772 0.711245
vt 0.242546 0.778811
vt 0.241931 0.760111
vt 0.241760 0.704443
vt 0.248839 0.703089
vt 0.247811 0.809112
vt 0.249243 0.779328
vt 0.241253 0.725185
vt 0.069842 0.499791
vt 0.062147 0.499450
vt 0.069954 0.499415
vt 0.238170 0.712873
vt 0.235402 0.724163
vt 0.235298 0.712870
vt 0.238468 0.759524
vt 0.236166 0.778362
vt 0.235717 0.758910
vt 0.239358 0.779170
vt 0.236895 0.809367
vt 0.238225 0.724725
vt 0.235638 0.742629
vt 0.238294 0.704811
vt 0.231766 0.703678
vt 0.237916 0.743038
vt 0.239476 0.810388
vt 0.237328 0.830498
vt 0.239822 0.836363
vt 0.236761 0.842904
vt 0.237020 0.835979
vt 0.230824 0.743992
vt 0.231440 0.722730
vt 0.231696 0.714738
vt 0.228033 0.703328
vt 0.232636 0.806911
vt 0.230831 0.839219
vt 0.230079 0.759749
vt 0.230227 0.785956
vt 0.239896 0.843313
vt 0.242630 0.811424
vt 0.239918 0.830953
vt 0.189332 0.331683
vt 0.168799 0.310144
vt 0.187816 0.313485
vt 0.180769 0.297752
vt 0.168174 0.301247
vt 0.162026 0.268839
vt 0.160902 0.256082
vt 0.160648 0.231325
vt 0.161208 0.207481
vt 0.172246 0.183373
vt 0.162652 0.157684
vt 0.163038 0.131219
vt 0.186836 0.280649
vt 0.174749 0.292219
vt 0.241162 0.322831
vt 0.157497 0.281887
vt 0.153915 0.292341
vt 0.285945 0.227538
vt 0.278082 0.297454
vt 0.271580 0.298002
vt 0.263038 0.304819
vt 0.293896 0.236013
vt 0.286768 0.236642
vt 0.275921 0.320506
vt 0.252188 0.332009
vt 0.236445 0.331246
vt 0.210326 0.330936
vt 0.159290 0.292531
vt 0.151521 0.144555
vt 0.155926 0.144188
vt 0.155653 0.183437
vt 0.151963 0.159354
vt 0.155857 0.157910
vt 0.161939 0.183631
vt 0.175135 0.142909
vt 0.292936 0.006512
vt 0.294075 0.014335
vt 0.289867 0.064820
vt 0.287044 0.166406
vt 0.285884 0.150652
vt 0.152172 0.184261
vt 0.281391 0.008198
vt 0.265664 0.008331
vt 0.254537 0.015233
vt 0.200202 0.788792
vt 0.207473 0.805084
vt 0.201687 0.809650
vt 0.200626 0.713767
vt 0.205831 0.705235
vt 0.205701 0.714557
vt 0.201970 0.825184
vt 0.206625 0.835923
vt 0.201923 0.837430
vt 0.199983 0.764200
vt 0.206057 0.786950
vt 0.205942 0.842620
vt 0.198917 0.843594
vt 0.200822 0.738387
vt 0.206148 0.762418
vt 0.206675 0.823343
vt 0.205950 0.737188
vt 0.210173 0.835769
vt 0.213180 0.824420
vt 0.213450 0.835757
vt 0.209917 0.760888
vt 0.213128 0.784404
vt 0.209451 0.786586
vt 0.209356 0.735923
vt 0.213249 0.759497
vt 0.210052 0.823863
vt 0.212950 0.805921
vt 0.209875 0.842165
vt 0.213184 0.842749
vt 0.210496 0.805487
vt 0.209351 0.714943
vt 0.212672 0.734479
vt 0.213203 0.706001
vt 0.212556 0.715398
vt 0.220594 0.706283
vt 0.219996 0.825642
vt 0.221113 0.775389
vt 0.220910 0.740709
vt 0.220721 0.843365
vt 0.213139 0.843128
vt 0.220690 0.802594
vt 0.209861 0.705608
vt 0.956130 0.470888
vt 0.959926 0.452945
vt 0.960372 0.475273
vt 0.953408 0.375672
vt 0.959423 0.379154
vt 0.952736 0.378257
vt 0.955877 0.503606
vt 0.959974 0.494311
vt 0.960005 0.504133
vt 0.956408 0.449879
vt 0.959761 0.423529
vt 0.960016 0.513191
vt 0.952564 0.514733
vt 0.953472 0.417856
vt 0.954239 0.487787
vt 0.953331 0.396057
vt 0.959397 0.385619
vt 0.959658 0.398285
vt 0.963384 0.505060
vt 0.966497 0.495450
vt 0.966343 0.506151
vt 0.963644 0.453694
vt 0.966092 0.424921
vt 0.966303 0.454253
vt 0.963307 0.424242
vt 0.965738 0.412830
vt 0.963355 0.494854
vt 0.965903 0.476686
vt 0.963341 0.512791
vt 0.966264 0.513101
vt 0.963786 0.476247
vt 0.965557 0.386490
vt 0.965606 0.399682
vt 0.963037 0.379553
vt 0.966698 0.373037
vt 0.965989 0.380021
vt 0.970407 0.496337
vt 0.970552 0.508230
vt 0.973976 0.514883
vt 0.971379 0.474522
vt 0.972479 0.397599
vt 0.969914 0.373331
vt 0.972850 0.380159
vt 0.971815 0.452974
vt 0.972418 0.423766
vt 0.963326 0.372615
vt 0.962770 0.386029
vt 0.174971 0.030104
vt 0.972487 0.411173
vt 0.953607 0.409880
vt 0.188527 0.008106
vt 0.155921 0.069930
vt 0.156163 0.089568
vt 0.155789 0.052352
vt 0.155857 0.030387
vt 0.248956 0.007543
vt 0.196622 0.008352
vt 0.228252 0.006697
vt 0.124771 0.422141
vt 0.116515 0.399114
vt 0.126086 0.392562
vt 0.022785 0.368064
vt 0.009135 0.364193
vt 0.023271 0.364587
vt 0.014128 0.417108
vt 0.008888 0.391823
vt 0.017010 0.393096
vt 0.012378 0.442320
vt 0.008892 0.417652
vt 0.010879 0.458902
vt 0.009124 0.443197
vt 0.010403 0.480443
vt 0.008663 0.459011
vt 0.011545 0.480728
vt 0.009379 0.490760
vt 0.007528 0.498258
vt 0.005477 0.496803
vt 0.005691 0.496546
vt 0.026743 0.499918
vt 0.020293 0.499843
vt 0.026927 0.499604
vt 0.030224 0.479367
vt 0.030246 0.493914
vt 0.023419 0.493579
vt 0.042650 0.479006
vt 0.040398 0.459766
vt 0.052063 0.459461
vt 0.052649 0.442611
vt 0.063271 0.442476
vt 0.065753 0.423707
vt 0.073016 0.427821
vt 0.085695 0.423785
vt 0.089777 0.414993
vt 0.124574 0.374309
vt 0.116745 0.365348
vt 0.123770 0.364901
vt 0.014005 0.500461
vt 0.008721 0.499863
vt 0.014113 0.500068
vt 0.015973 0.493042
vt 0.013325 0.480983
vt 0.016562 0.481233
vt 0.014823 0.459046
vt 0.024897 0.461825
vt 0.018978 0.442855
vt 0.031475 0.444592
vt 0.027787 0.418689
vt 0.045383 0.424631
vt 0.055414 0.397963
vt 0.068914 0.399834
vt 0.126156 0.478403
vt 0.109931 0.458964
vt 0.125466 0.458736
vt 0.089610 0.397065
vt 0.112572 0.370348
vt 0.087356 0.366308
vt 0.125384 0.441776
vt 0.117620 0.423641
vt 0.020118 0.500218
vt 0.008962 0.369117
vt 0.116796 0.441814
vt 0.084296 0.373698
vt 0.109395 0.492595
vt 0.107950 0.478476
vt 0.127239 0.499514
vt 0.114234 0.499771
vt 0.113971 0.499368
vt 0.026369 0.394035
vt 0.036872 0.370756
vt 0.051875 0.378009
vt 0.040189 0.365860
vt 0.057348 0.369129
vt 0.007253 0.498640
vt 0.010249 0.491214
vt 0.036718 0.395087
vt 0.018677 0.416420
vt 0.071975 0.493203
vt 0.064416 0.485697
vt 0.073217 0.486043
vt 0.101290 0.423566
vt 0.092972 0.427479
vt 0.088432 0.442232
vt 0.095518 0.442130
vt 0.079368 0.458619
vt 0.074081 0.442406
vt 0.087185 0.458357
vt 0.063740 0.459128
vt 0.065071 0.478024
vt 0.055108 0.478637
vt 0.093641 0.491843
vt 0.079982 0.486933
vt 0.084998 0.476771
vt 0.063206 0.493523
vt 0.058521 0.489012
vt 0.092230 0.499728
vt 0.092308 0.499303
vt 0.062086 0.499805
vt 0.054973 0.499475
vt 0.075509 0.499684
vt 0.075785 0.499326
vt 0.075034 0.477397
vt 0.055492 0.493779
vt 0.054943 0.499786
vt 0.038962 0.499647
vt 0.039717 0.493660
vt 0.038919 0.499996
vt 0.022372 0.415977
vt 0.249320 0.827546
vt 0.243180 0.831389
vt 0.753771 0.366079
vt 0.744988 0.370646
vt 0.747208 0.365910
vt 0.720116 0.371123
vt 0.701283 0.367772
vt 0.722566 0.366754
vt 0.700979 0.370480
vt 0.693111 0.369266
vt 0.688384 0.373240
vt 0.685018 0.369001
vt 0.688770 0.369072
vt 0.680814 0.372876
vt 0.680964 0.369191
vt 0.676627 0.373353
vt 0.672406 0.368782
vt 0.677026 0.369043
vt 0.669002 0.372711
vt 0.656174 0.369069
vt 0.656503 0.372459
vt 0.650031 0.369017
vt 0.648762 0.374646
vt 0.640002 0.369029
vt 0.758192 0.374216
vt 0.759370 0.366698
vt 0.740698 0.366426
vt 0.692940 0.373701
vt 0.751948 0.382109
vt 0.754638 0.374718
vt 0.757701 0.386161
vt 0.745847 0.403901
vt 0.756461 0.406284
vt 0.741093 0.425120
vt 0.741374 0.452810
vt 0.730814 0.447435
vt 0.728478 0.466306
vt 0.720912 0.460949
vt 0.724903 0.478283
vt 0.711695 0.480284
vt 0.718094 0.493306
vt 0.704449 0.490648
vt 0.063573 0.359918
vt 0.089831 0.359006
vt 0.023702 0.359524
vt 0.043649 0.359664
vt 0.120900 0.359301
vt 0.123164 0.358993
vt 0.010709 0.358834
vt 0.152936 0.030283
vt 0.152305 0.052408
vt 0.151364 0.108366
vt 0.151825 0.089188
vt 0.152261 0.070008
vt 0.972811 0.383580
vt 0.952788 0.382372
vt 0.231112 0.835926
vt 0.647951 0.824853
vt 0.635203 0.824982
vt 0.304457 0.222851
vt 0.304435 0.237658
vt 0.304323 0.251989
vt 0.303662 0.193796
vt 0.304591 0.268745
vt 0.304380 0.293239
vt 0.160478 0.330918
vt 0.153741 0.010594
vt 0.152594 0.019175
vt 0.757580 0.407123
vt 0.758773 0.407825
vt 0.751954 0.428108
vt 0.755668 0.428651
vt 0.751206 0.455247
vt 0.746138 0.469153
vt 0.743902 0.481431
vt 0.740600 0.494736
vt 0.759770 0.484860
vt 0.759834 0.499172
vt 0.759520 0.471105
vt 0.759372 0.458433
vt 0.759266 0.429258
vt 0.759749 0.502886
vt 0.738716 0.502789
vt 0.683503 0.503764
vt 0.692297 0.508763
vt 0.682712 0.508912
vt 0.757298 0.510274
vt 0.713157 0.504399
vt 0.702147 0.375016
vt 0.694900 0.379326
vt 0.686195 0.379642
vt 0.684412 0.373419
vt 0.681565 0.376884
vt 0.676195 0.376216
vt 0.690373 0.380436
vt 0.747527 0.378878
vt 0.739447 0.371229
vt 0.736914 0.375181
vt 0.720201 0.375938
vt 0.741209 0.397238
vt 0.732132 0.423287
vt 0.720816 0.445111
vt 0.712555 0.454903
vt 0.703822 0.475896
vt 0.693045 0.484494
vt 0.661889 0.378386
vt 0.652828 0.382120
vt 0.645789 0.386368
vt 0.639967 0.375900
vt 0.640850 0.388341
vt 0.733132 0.385513
vt 0.705073 0.379542
vt 0.692126 0.385897
vt 0.686626 0.384665
vt 0.680437 0.383809
vt 0.721929 0.412766
vt 0.711535 0.439434
vt 0.666660 0.387080
vt 0.658090 0.394010
vt 0.649267 0.397436
vt 0.675156 0.382066
vt 0.641685 0.403938
vt 0.711399 0.398051
vt 0.718479 0.382719
vt 0.701982 0.414403
vt 0.702147 0.449994
vt 0.696693 0.468203
vt 0.683186 0.481365
vt 0.697676 0.384448
vt 0.667579 0.416358
vt 0.657880 0.419615
vt 0.677193 0.433627
vt 0.666277 0.443338
vt 0.656244 0.442336
vt 0.679612 0.448073
vt 0.667525 0.456614
vt 0.656825 0.464930
vt 0.680054 0.467882
vt 0.673782 0.478202
vt 0.689526 0.451053
vt 0.693172 0.418910
vt 0.685699 0.421104
vt 0.680745 0.412093
vt 0.675728 0.418275
vt 0.643351 0.424778
vt 0.644106 0.449254
vt 0.644105 0.474922
vt 0.699618 0.503986
vt 0.710768 0.508615
vt 0.737446 0.509290
vt 0.017932 0.067266
vt 0.032354 0.070655
vt 0.018358 0.082577
vt 0.646433 0.507641
vt 0.654299 0.499108
vt 0.653805 0.509588
vt 0.644356 0.499343
vt 0.663409 0.509324
vt 0.663857 0.499809
vt 0.673146 0.508726
vt 0.673746 0.501165
vt 0.221006 0.721257
vt 0.011941 0.218108
vt 0.007523 0.203439
vt 0.011848 0.201887
vt 0.011584 0.277940
vt 0.007659 0.295496
vt 0.007575 0.277852
vt 0.007811 0.258670
vt 0.011986 0.258639
vt 0.008304 0.239511
vt 0.012421 0.239482
vt 0.011014 0.295734
vt 0.007191 0.317677
vt 0.010739 0.139847
vt 0.006948 0.116153
vt 0.010340 0.115157
vt 0.011444 0.185655
vt 0.006464 0.163835
vt 0.011362 0.164720
vt 0.005603 0.092097
vt 0.010418 0.091502
vt 0.009889 0.078460
vt 0.004407 0.066755
vt 0.009220 0.065871
vt 0.004456 0.078372
vt 0.008000 0.218186
vt 0.008795 0.044713
vt 0.004478 0.034502
vt 0.009319 0.034116
vt 0.008881 0.024108
vt 0.005944 0.018439
vt 0.138771 0.332085
vt 0.143093 0.318313
vt 0.143008 0.335008
vt 0.137727 0.300826
vt 0.138649 0.318469
vt 0.138045 0.276516
vt 0.143650 0.300833
vt 0.143169 0.259755
vt 0.143606 0.276438
vt 0.137504 0.245512
vt 0.137552 0.259877
vt 0.137178 0.201612
vt 0.142690 0.177191
vt 0.142732 0.201620
vt 0.143448 0.230659
vt 0.137502 0.230919
vt 0.143344 0.245451
vt 0.138244 0.150952
vt 0.143429 0.131588
vt 0.143309 0.150993
vt 0.137563 0.113943
vt 0.137854 0.131676
vt 0.137947 0.062544
vt 0.143093 0.093075
vt 0.137429 0.092563
vt 0.138073 0.040163
vt 0.143599 0.057461
vt 0.137523 0.025233
vt 0.143650 0.036842
vt 0.143359 0.113880
vt 0.137479 0.177148
vt 0.134350 0.019998
vt 0.141784 0.018775
vt 0.126626 0.012727
vt 0.132643 0.014716
vt 0.127883 0.018868
vt 0.130351 0.006962
vt 0.130940 0.011655
vt 0.136072 0.017355
vt 0.023175 0.011868
vt 0.016052 0.012406
vt 0.017916 0.006498
vt 0.018215 0.019949
vt 0.011176 0.017176
vt 0.013941 0.015466
vt 0.021492 0.015025
vt 0.013073 0.023556
vt 0.004452 0.055625
vt 0.008751 0.055471
vt 0.003968 0.044916
vt 0.006598 0.139040
vt 0.127578 0.346224
vt 0.133985 0.344721
vt 0.131431 0.350476
vt 0.134416 0.339482
vt 0.139652 0.340940
vt 0.136585 0.341878
vt 0.130606 0.342431
vt 0.012726 0.331077
vt 0.014817 0.338070
vt 0.007523 0.337409
vt 0.023314 0.340754
vt 0.017831 0.340763
vt 0.021416 0.337484
vt 0.025412 0.343216
vt 0.019715 0.344013
vt 0.017582 0.333815
vt 0.011712 0.325816
vt 0.010543 0.317798
vt 0.007600 0.328787
vt 0.020097 0.005720
vt 0.025942 0.010237
vt 0.051187 0.005467
vt 0.051349 0.011248
vt 0.077595 0.009571
vt 0.077478 0.003963
vt 0.112935 0.008622
vt 0.097483 0.004001
vt 0.117514 0.004314
vt 0.121605 0.009609
vt 0.097349 0.009559
vt 0.085773 0.344095
vt 0.095417 0.349693
vt 0.085856 0.349852
vt 0.040977 0.349251
vt 0.021440 0.347125
vt 0.041358 0.345225
vt 0.067470 0.350054
vt 0.068032 0.347073
vt 0.124017 0.349505
vt 0.120696 0.345548
vt 0.114519 0.349405
vt 0.112581 0.343651
vt 0.104908 0.349417
vt 0.104482 0.343681
vt 0.095582 0.343920
vt 0.137266 0.335828
vt 0.018402 0.050578
vt 0.018035 0.060548
vt 0.020614 0.236851
vt 0.130380 0.330807
vt 0.130334 0.325738
vt 0.018791 0.092861
vt 0.017300 0.033182
vt 0.117800 0.339683
vt 0.112751 0.339909
vt 0.025880 0.021397
vt 0.024248 0.025314
vt 0.018436 0.040505
vt 0.019550 0.162352
vt 0.125319 0.337265
vt 0.130105 0.314988
vt 0.129909 0.297828
vt 0.127884 0.334067
vt 0.129880 0.275449
vt 0.020793 0.324583
vt 0.025149 0.327352
vt 0.129525 0.258122
vt 0.029989 0.334032
vt 0.129701 0.242878
vt 0.031898 0.336362
vt 0.129102 0.201718
vt 0.028448 0.330867
vt 0.129461 0.228042
vt 0.019981 0.319467
vt 0.129488 0.133709
vt 0.028728 0.017702
vt 0.129104 0.116668
vt 0.032370 0.017250
vt 0.129294 0.066924
vt 0.054213 0.018170
vt 0.128697 0.045487
vt 0.107655 0.015893
vt 0.094243 0.017539
vt 0.129082 0.031509
vt 0.115205 0.016700
vt 0.129177 0.094207
vt 0.020075 0.200336
vt 0.076731 0.016459
vt 0.129729 0.152121
vt 0.019882 0.294081
vt 0.084603 0.338468
vt 0.098036 0.338681
vt 0.126478 0.026478
vt 0.020602 0.275745
vt 0.045823 0.338258
vt 0.119403 0.019673
vt 0.020579 0.257166
vt 0.068968 0.340077
vt 0.019214 0.312129
vt 0.120706 0.025614
vt 0.018681 0.117661
vt 0.019172 0.139861
vt 0.120901 0.339491
vt 0.019918 0.184319
vt 0.020853 0.029586
vt 0.035896 0.329084
vt 0.112104 0.330532
vt 0.035604 0.320341
vt 0.069164 0.322212
vt 0.046045 0.329692
vt 0.046250 0.320933
vt 0.120761 0.331838
vt 0.069189 0.331539
vt 0.047031 0.291966
vt 0.069525 0.312110
vt 0.046469 0.311916
vt 0.093275 0.294072
vt 0.070149 0.293015
vt 0.107794 0.294756
vt 0.092940 0.312326
vt 0.120501 0.313099
vt 0.120289 0.295902
vt 0.032384 0.026239
vt 0.053903 0.026668
vt 0.053660 0.043219
vt 0.076301 0.052702
vt 0.053379 0.053184
vt 0.094189 0.043376
vt 0.076288 0.043705
vt 0.104689 0.052070
vt 0.094627 0.052351
vt 0.115641 0.040572
vt 0.115910 0.051836
vt 0.033951 0.311943
vt 0.031959 0.293099
vt 0.050751 0.161603
vt 0.072942 0.181139
vt 0.050093 0.183040
vt 0.073524 0.158808
vt 0.093663 0.179796
vt 0.093211 0.156336
vt 0.106555 0.178761
vt 0.118103 0.153514
vt 0.032117 0.183792
vt 0.032133 0.162070
vt 0.051204 0.139173
vt 0.074043 0.137613
vt 0.093553 0.136162
vt 0.106123 0.154870
vt 0.117750 0.134506
vt 0.032108 0.139596
vt 0.094064 0.117167
vt 0.105672 0.135233
vt 0.074507 0.117173
vt 0.051777 0.117366
vt 0.032248 0.117586
vt 0.117137 0.116796
vt 0.052875 0.071845
vt 0.075018 0.093479
vt 0.052146 0.093524
vt 0.075660 0.070593
vt 0.094180 0.094034
vt 0.094199 0.069785
vt 0.105240 0.094555
vt 0.116140 0.068565
vt 0.116786 0.095217
vt 0.032338 0.094850
vt 0.104942 0.069175
vt 0.032333 0.052458
vt 0.107510 0.273053
vt 0.093190 0.272724
vt 0.070477 0.273011
vt 0.047582 0.273418
vt 0.031957 0.274730
vt 0.120307 0.273839
vt 0.048121 0.255575
vt 0.070923 0.255674
vt 0.107423 0.256129
vt 0.093353 0.256058
vt 0.120050 0.256795
vt 0.032031 0.256552
vt 0.071470 0.239557
vt 0.048404 0.238260
vt 0.093671 0.240897
vt 0.107298 0.241511
vt 0.119266 0.242171
vt 0.032082 0.237456
vt 0.071972 0.220179
vt 0.049140 0.219685
vt 0.093300 0.221388
vt 0.107101 0.223748
vt 0.118789 0.225938
vt 0.032033 0.217707
vt 0.020364 0.216423
vt 0.106508 0.201187
vt 0.093586 0.200564
vt 0.072396 0.200739
vt 0.049603 0.201288
vt 0.032089 0.200754
vt 0.101663 0.323935
vt 0.092733 0.323295
vt 0.120710 0.325222
vt 0.076754 0.033679
vt 0.053666 0.033073
vt 0.076899 0.026308
vt 0.094078 0.033594
vt 0.094253 0.026703
vt 0.105360 0.032946
vt 0.115426 0.033513
vt 0.115304 0.026556
vt 0.104615 0.042803
vt 0.105553 0.116907
vt 0.108146 0.312359
vt 0.111589 0.324664
vt 0.106018 0.026047
vt 0.026658 0.038656
vt 0.026104 0.047141
vt 0.029628 0.025951
vt 0.106558 0.338436
vt 0.088268 0.330485
vt 0.098794 0.330596
vt 0.006952 0.188711
vt 0.032316 0.042542
vt 0.028345 0.031635
vt 0.032330 0.032717
vt 0.295329 0.022619
vt 0.295598 0.095519
vt 0.295443 0.064437
vt 0.293649 0.135162
vt 0.294709 0.125905
vt 0.295549 0.193962
vt 0.294464 0.166213
vt 0.295596 0.166223
vt 0.294669 0.150416
vt 0.295194 0.236004
vt 0.295361 0.227347
vt 0.293856 0.250091
vt 0.294553 0.244674
vt 0.292383 0.256340
vt 0.292483 0.250021
vt 0.295487 0.302748
vt 0.294184 0.313499
vt 0.294786 0.264588
vt 0.293575 0.264581
vt 0.293809 0.256437
vt 0.295445 0.321184
vt 0.294343 0.327292
vt 0.294331 0.321025
vt 0.295475 0.313607
vt 0.295598 0.283653
vt 0.295111 0.014334
vt 0.295437 0.327270
vt 0.294416 0.329650
vt 0.295478 0.329882
vt 0.294389 0.332764
vt 0.446023 0.329039
vt 0.444670 0.333028
vt 0.446049 0.315295
vt 0.445087 0.324567
vt 0.446137 0.324530
vt 0.446009 0.286288
vt 0.444808 0.233451
vt 0.443739 0.217295
vt 0.444725 0.211187
vt 0.442306 0.217203
vt 0.443579 0.225664
vt 0.445988 0.263082
vt 0.445732 0.247932
vt 0.446031 0.124101
vt 0.446098 0.114433
vt 0.445871 0.177548
vt 0.445919 0.158938
vt 0.446119 0.138671
vt 0.443158 0.076640
vt 0.443446 0.068537
vt 0.444686 0.061983
vt 0.444540 0.084566
vt 0.445823 0.098756
vt 0.445404 0.091276
vt 0.446121 0.048828
vt 0.446137 0.026581
vt 0.446071 0.016333
vt 0.445461 0.006284
vt 0.645043 0.696259
vt 0.653081 0.695090
vt 0.645225 0.697326
vt 0.641844 0.696840
vt 0.641906 0.698105
vt 0.639588 0.696715
vt 0.635494 0.695832
vt 0.635850 0.694741
vt 0.639226 0.697866
vt 0.241584 0.702801
vt 0.249012 0.702592
vt 0.241759 0.703953
vt 0.238399 0.703240
vt 0.238306 0.704372
vt 0.231581 0.703187
vt 0.231812 0.701966
vt 0.227876 0.702577
vt 0.227487 0.701568
vt 0.293594 0.006402
vt 0.294421 0.006006
vt 0.206068 0.844322
vt 0.198749 0.843985
vt 0.205929 0.843008
vt 0.209749 0.843699
vt 0.209870 0.842521
vt 0.212962 0.844293
vt 0.960270 0.514871
vt 0.963333 0.513237
vt 0.963403 0.514507
vt 0.966050 0.514649
vt 0.974163 0.515296
vt 0.974637 0.516264
vt 0.966242 0.513489
vt 0.952399 0.515427
vt 0.960035 0.513673
vt 0.004960 0.497637
vt 0.007081 0.499940
vt 0.026700 0.501019
vt 0.008716 0.501339
vt 0.013945 0.501490
vt 0.020035 0.501257
vt 0.115701 0.501490
vt 0.127253 0.500010
vt 0.127780 0.500903
vt 0.075433 0.500790
vt 0.092243 0.500951
vt 0.055000 0.500897
vt 0.062129 0.500847
vt 0.069739 0.500849
vt 0.038913 0.501160
vt 0.008561 0.500191
vt 0.753689 0.364502
vt 0.759437 0.366266
vt 0.753723 0.365580
vt 0.740792 0.365037
vt 0.747335 0.365622
vt 0.740765 0.366161
vt 0.693033 0.367933
vt 0.701295 0.367603
vt 0.693103 0.369052
vt 0.688804 0.368814
vt 0.688672 0.367750
vt 0.681013 0.367923
vt 0.685042 0.368691
vt 0.680962 0.369011
vt 0.677053 0.368836
vt 0.676968 0.367619
vt 0.656099 0.367787
vt 0.672602 0.368526
vt 0.656153 0.368891
vt 0.650102 0.368679
vt 0.650091 0.367507
vt 0.639996 0.368648
vt 0.639438 0.367806
vt 0.747330 0.364543
vt 0.722707 0.366499
vt 0.722671 0.365368
vt 0.672550 0.367369
vt 0.684987 0.367575
vt 0.701250 0.366458
vt 0.220742 0.843898
vt 0.221225 0.844836
vt 0.618630 0.487782
vt 0.617042 0.493290
vt 0.616689 0.487771
vt 0.032914 0.925206
vt 0.538345 0.420717
vt 0.536350 0.410861
vt 0.538396 0.410863
vt 0.111821 0.691148
vt 0.105556 0.691407
vt 0.147149 0.704132
vt 0.142385 0.706043
vt 0.142405 0.703988
vt 0.135234 0.704479
vt 0.133189 0.706094
vt 0.133296 0.704086
vt 0.538030 0.389268
vt 0.536076 0.387397
vt 0.538112 0.387256
vt 0.537973 0.390883
vt 0.536259 0.396706
vt 0.535947 0.390867
vt 0.228424 0.856546
vt 0.618774 0.456828
vt 0.617127 0.470699
vt 0.616724 0.456831
vt 0.030410 0.924681
vt 0.538245 0.428623
vt 0.536294 0.420714
vt 0.535947 0.389238
vt 0.617234 0.419215
vt 0.619306 0.419215
vt 0.618688 0.478560
vt 0.619179 0.470698
vt 0.132201 0.705282
vt 0.132294 0.707171
vt 0.138967 0.706248
vt 0.135281 0.706442
vt 0.538345 0.396708
vt 0.537679 0.491588
vt 0.535948 0.497580
vt 0.535639 0.491591
vt 0.538056 0.434869
vt 0.536180 0.428627
vt 0.231105 0.857062
vt 0.025638 0.924703
vt 0.027915 0.924555
vt 0.537542 0.452407
vt 0.535953 0.446691
vt 0.537989 0.446720
vt 0.619093 0.493278
vt 0.617786 0.507181
vt 0.120787 0.690629
vt 0.115773 0.692255
vt 0.537498 0.508819
vt 0.535498 0.506088
vt 0.537536 0.506092
vt 0.190478 0.705563
vt 0.185066 0.707029
vt 0.185071 0.704974
vt 0.537944 0.438194
vt 0.535882 0.438189
vt 0.232524 0.857093
vt 0.029029 0.924641
vt 0.062337 0.692058
vt 0.061124 0.692675
vt 0.536029 0.467108
vt 0.535493 0.452404
vt 0.536009 0.434867
vt 0.067639 0.691288
vt 0.538019 0.497581
vt 0.343986 0.829196
vt 0.618692 0.440209
vt 0.617067 0.435663
vt 0.619132 0.435650
vt 0.174078 0.705157
vt 0.167622 0.706686
vt 0.167622 0.704643
vt 0.537589 0.523184
vt 0.536540 0.529123
vt 0.535800 0.523190
vt 0.089556 0.690611
vt 0.079999 0.691235
vt 0.537515 0.484315
vt 0.535456 0.484318
vt 0.158859 0.704350
vt 0.155011 0.706188
vt 0.155015 0.704141
vt 0.619350 0.399597
vt 0.617671 0.395207
vt 0.616629 0.440205
vt 0.340798 0.914882
vt 0.344409 0.914353
vt 0.535589 0.475823
vt 0.537628 0.475821
vt 0.337888 0.828572
vt 0.099788 0.691413
vt 0.617812 0.389197
vt 0.538378 0.540267
vt 0.538577 0.529119
vt 0.619292 0.405245
vt 0.617730 0.411457
vt 0.617230 0.405244
vt 0.339314 0.915026
vt 0.537757 0.514804
vt 0.535733 0.519548
vt 0.535722 0.514808
vt 0.328300 0.828650
vt 0.333268 0.828179
vt 0.095774 0.691681
vt 0.093527 0.691967
vt 0.618710 0.521423
vt 0.620736 0.521422
vt 0.537727 0.519558
vt 0.163262 0.706552
vt 0.163262 0.704499
vt 0.536616 0.545672
vt 0.536305 0.540268
vt 0.537564 0.511703
vt 0.535559 0.511690
vt 0.158859 0.706394
vt 0.335512 0.828312
vt 0.620297 0.546283
vt 0.618521 0.542247
vt 0.617463 0.428245
vt 0.535477 0.508828
vt 0.070349 0.691488
vt 0.538342 0.549640
vt 0.538532 0.545773
vt 0.097948 0.691756
vt 0.617841 0.392203
vt 0.334931 0.915548
vt 0.337922 0.914894
vt 0.616768 0.425286
vt 0.616695 0.478554
vt 0.538190 0.467112
vt 0.024377 0.926328
vt 0.619843 0.507181
vt 0.147135 0.706175
vt 0.617446 0.431089
vt 0.617294 0.399595
vt 0.237385 0.856908
vt 0.233819 0.857162
vt 0.101721 0.691763
vt 0.138973 0.704195
vt 0.619825 0.550202
vt 0.618347 0.546200
vt 0.619802 0.411463
vt 0.174073 0.707208
vt 0.617882 0.387358
vt 0.619849 0.387149
vt 0.080731 0.492847
vt 0.012153 0.493924
vt 0.127006 0.490617
vt 0.220047 0.834926
vt 0.444198 0.006822
vt 0.435670 0.331174
vt 0.078676 0.686995
vt 0.069702 0.687150
vt 0.093499 0.687374
vt 0.101532 0.687156
vt 0.099569 0.687183
vt 0.066483 0.687081
vt 0.060298 0.687294
vt 0.120229 0.687165
vt 0.114886 0.687384
vt 0.111878 0.687476
vt 0.103699 0.687254
vt 0.097550 0.687239
vt 0.095641 0.687251
vt 0.089387 0.687268
vt 0.063329 0.687004
vt 0.335526 0.837874
vt 0.338391 0.838220
vt 0.333118 0.838000
vt 0.324645 0.838667
vt 0.346635 0.838988
vt 0.232338 0.851544
vt 0.230588 0.851418
vt 0.237530 0.854836
vt 0.226594 0.851302
vt 0.339412 0.920086
vt 0.340960 0.920180
vt 0.336104 0.920609
vt 0.333964 0.920490
vt 0.345123 0.920527
vt 0.028848 0.929483
vt 0.030299 0.929800
vt 0.027829 0.929559
vt 0.025922 0.930161
vt 0.034484 0.930369
vt 0.622821 0.387471
vt 0.622818 0.389317
vt 0.622803 0.393730
vt 0.622799 0.390672
vt 0.622837 0.397488
vt 0.622368 0.425825
vt 0.622486 0.428953
vt 0.470090 0.507299
vt 0.468624 0.498544
vt 0.470098 0.498522
vt 0.551306 0.478837
vt 0.549840 0.470739
vt 0.551314 0.470738
vt 0.060293 0.758992
vt 0.061532 0.760486
vt 0.060274 0.760480
vt 0.336149 0.696113
vt 0.342397 0.693067
vt 0.342432 0.696050
vt 0.470092 0.492348
vt 0.468618 0.484854
vt 0.470082 0.484842
vt 0.551312 0.434599
vt 0.549837 0.439260
vt 0.549839 0.434575
vt 0.067017 0.758985
vt 0.069795 0.760510
vt 0.067004 0.760502
vt 0.333672 0.696130
vt 0.336109 0.693145
vt 0.468616 0.476083
vt 0.470084 0.476077
vt 0.551300 0.439280
vt 0.549838 0.456423
vt 0.102211 0.758988
vt 0.100230 0.760487
vt 0.100220 0.758974
vt 0.326222 0.696029
vt 0.331290 0.693132
vt 0.331333 0.696091
vt 0.470104 0.521196
vt 0.468641 0.516336
vt 0.470111 0.516302
vt 0.551316 0.426935
vt 0.549837 0.429855
vt 0.549833 0.426906
vt 0.096030 0.759002
vt 0.093732 0.760510
vt 0.093727 0.759008
vt 0.333631 0.693168
vt 0.470108 0.524954
vt 0.468634 0.521233
vt 0.551302 0.423875
vt 0.549836 0.423844
vt 0.069807 0.758998
vt 0.079756 0.760498
vt 0.025392 0.858783
vt 0.026055 0.857320
vt 0.026045 0.858796
vt 0.468635 0.513113
vt 0.470101 0.513082
vt 0.551316 0.397372
vt 0.549842 0.403152
vt 0.549838 0.397322
vt 0.236633 0.922874
vt 0.232939 0.924281
vt 0.232959 0.922809
vt 0.138204 0.773000
vt 0.141698 0.774517
vt 0.138187 0.774495
vt 0.468628 0.510157
vt 0.470093 0.510128
vt 0.551327 0.409606
vt 0.549837 0.417574
vt 0.549839 0.409565
vt 0.132225 0.772965
vt 0.134379 0.774464
vt 0.132203 0.774463
vt 0.468624 0.492365
vt 0.551314 0.417610
vt 0.134399 0.772973
vt 0.468625 0.507326
vt 0.551326 0.508374
vt 0.549839 0.494062
vt 0.551312 0.494045
vt 0.191235 0.773116
vt 0.185754 0.774588
vt 0.185739 0.773108
vt 0.470132 0.531076
vt 0.468637 0.524994
vt 0.551328 0.392848
vt 0.549842 0.392795
vt 0.174399 0.773094
vt 0.167746 0.774558
vt 0.167743 0.773072
vt 0.470134 0.542564
vt 0.468645 0.531120
vt 0.551340 0.386646
vt 0.549854 0.389690
vt 0.549852 0.386589
vt 0.154732 0.773045
vt 0.158701 0.774548
vt 0.154726 0.774542
vt 0.470161 0.548135
vt 0.468653 0.542616
vt 0.551318 0.403198
vt 0.163245 0.774553
vt 0.163246 0.773063
vt 0.470161 0.552152
vt 0.468673 0.548191
vt 0.551363 0.548634
vt 0.549846 0.544603
vt 0.551351 0.544551
vt 0.158704 0.773055
vt 0.468631 0.467041
vt 0.470108 0.467043
vt 0.551343 0.389745
vt 0.146606 0.773032
vt 0.146594 0.774529
vt 0.030964 0.858932
vt 0.033572 0.857495
vt 0.033558 0.858979
vt 0.551371 0.384748
vt 0.549880 0.384689
vt 0.174406 0.774570
vt 0.029546 0.857452
vt 0.030976 0.857459
vt 0.470198 0.384755
vt 0.468708 0.386597
vt 0.468722 0.384696
vt 0.141713 0.773017
vt 0.028392 0.857408
vt 0.028382 0.858879
vt 0.470184 0.388341
vt 0.468688 0.394315
vt 0.468711 0.388284
vt 0.131298 0.772977
vt 0.131276 0.774452
vt 0.029535 0.858924
vt 0.470182 0.386655
vt 0.061549 0.758986
vt 0.345107 0.848829
vt 0.341393 0.847462
vt 0.345123 0.847360
vt 0.470169 0.394367
vt 0.468677 0.408926
vt 0.079761 0.758980
vt 0.089626 0.760492
vt 0.341381 0.848941
vt 0.339826 0.847496
vt 0.470135 0.427300
vt 0.468652 0.433709
vt 0.468656 0.427270
vt 0.089624 0.758961
vt 0.338347 0.848965
vt 0.339815 0.848979
vt 0.470111 0.445927
vt 0.468624 0.451821
vt 0.468636 0.445910
vt 0.098299 0.760486
vt 0.096036 0.760510
vt 0.335267 0.848925
vt 0.338357 0.847486
vt 0.470123 0.437156
vt 0.468650 0.437133
vt 0.549842 0.523105
vt 0.551351 0.523068
vt 0.098291 0.758979
vt 0.551318 0.429882
vt 0.470128 0.433735
vt 0.551297 0.488348
vt 0.549841 0.478844
vt 0.106160 0.758983
vt 0.102222 0.760494
vt 0.551355 0.552697
vt 0.549861 0.548689
vt 0.470160 0.408969
vt 0.468665 0.419102
vt 0.549837 0.508401
vt 0.112629 0.758961
vt 0.106174 0.760496
vt 0.227364 0.922866
vt 0.230101 0.924282
vt 0.227340 0.924352
vt 0.470147 0.419137
vt 0.549832 0.488361
vt 0.116670 0.758969
vt 0.112646 0.760479
vt 0.230123 0.922808
vt 0.231584 0.924261
vt 0.470090 0.451834
vt 0.551304 0.456432
vt 0.121750 0.758908
vt 0.116690 0.760462
vt 0.231605 0.922788
vt 0.387094 0.416679
vt 0.387415 0.410561
vt 0.416578 0.383977
vt 0.458665 0.548085
vt 0.460129 0.526706
vt 0.459884 0.548201
vt 0.459550 0.491969
vt 0.460286 0.482478
vt 0.460772 0.491984
vt 0.459264 0.511998
vt 0.458910 0.526684
vt 0.460346 0.497669
vt 0.459125 0.497629
vt 0.459181 0.474362
vt 0.460465 0.460058
vt 0.460401 0.474374
vt 0.459066 0.482501
vt 0.459305 0.442912
vt 0.460379 0.438211
vt 0.460525 0.442895
vt 0.459245 0.460053
vt 0.459550 0.430533
vt 0.460553 0.433494
vt 0.459335 0.433427
vt 0.460644 0.427493
vt 0.460772 0.430554
vt 0.459464 0.400975
vt 0.460464 0.406799
vt 0.459245 0.406785
vt 0.459341 0.413225
vt 0.460608 0.421223
vt 0.459389 0.421230
vt 0.459425 0.427522
vt 0.460484 0.512007
vt 0.459273 0.396581
vt 0.460685 0.400972
vt 0.458842 0.390613
vt 0.459952 0.393389
vt 0.458728 0.393471
vt 0.460561 0.413212
vt 0.459160 0.552223
vt 0.457945 0.552090
vt 0.460488 0.396449
vt 0.458352 0.389818
vt 0.460076 0.390290
vt 0.387670 0.555562
vt 0.386180 0.554756
vt 0.387435 0.554718
vt 0.386917 0.547057
vt 0.386531 0.553107
vt 0.385696 0.547134
vt 0.387768 0.553151
vt 0.385901 0.532524
vt 0.387121 0.532527
vt 0.386971 0.514190
vt 0.385904 0.507743
vt 0.387123 0.507778
vt 0.386669 0.489666
vt 0.385738 0.495549
vt 0.385447 0.489646
vt 0.386957 0.495500
vt 0.386018 0.504321
vt 0.387239 0.504322
vt 0.387039 0.522338
vt 0.385819 0.522348
vt 0.385751 0.514180
vt 0.386684 0.474476
vt 0.387910 0.474455
vt 0.386820 0.434277
vt 0.385653 0.443032
vt 0.385600 0.434249
vt 0.386785 0.456731
vt 0.385755 0.449211
vt 0.386975 0.449217
vt 0.386868 0.465418
vt 0.385565 0.456721
vt 0.387027 0.420345
vt 0.386315 0.425268
vt 0.385806 0.420397
vt 0.385875 0.416636
vt 0.387248 0.428590
vt 0.387540 0.425258
vt 0.386967 0.431512
vt 0.386034 0.428479
vt 0.386872 0.443018
vt 0.385750 0.431421
vt 0.386196 0.410518
vt 0.387619 0.399135
vt 0.386401 0.399024
vt 0.387310 0.393522
vt 0.388523 0.393663
vt 0.388755 0.390260
vt 0.387583 0.389511
vt 0.385649 0.465493
vt 0.389861 0.388264
vt 0.390332 0.389397
vt 0.391232 0.387858
vt 0.392121 0.388867
vt 0.393643 0.385510
vt 0.391696 0.386801
vt 0.392684 0.384680
vt 0.392808 0.387304
vt 0.452118 0.383955
vt 0.453962 0.386405
vt 0.452806 0.386816
vt 0.454640 0.387816
vt 0.453754 0.388786
vt 0.455730 0.389527
vt 0.456015 0.388332
vt 0.459078 0.388672
vt 0.459159 0.438208
vt 0.457807 0.555458
vt 0.458994 0.556286
vt 0.393449 0.561031
vt 0.392214 0.559189
vt 0.393431 0.558893
vt 0.391544 0.557868
vt 0.392413 0.556884
vt 0.390615 0.556237
vt 0.390271 0.557409
vt 0.456089 0.557491
vt 0.455581 0.556382
vt 0.454982 0.558049
vt 0.454061 0.557147
vt 0.452501 0.560302
vt 0.454478 0.559105
vt 0.453319 0.561385
vt 0.453384 0.558565
vt 0.393231 0.384322
vt 0.393737 0.385449
vt 0.403639 0.384254
vt 0.400056 0.383471
vt 0.403542 0.383037
vt 0.394277 0.385304
vt 0.396303 0.384119
vt 0.396397 0.385340
vt 0.400235 0.384678
vt 0.447596 0.382528
vt 0.453090 0.382778
vt 0.436262 0.383855
vt 0.429588 0.382723
vt 0.436248 0.382636
vt 0.420542 0.382735
vt 0.420546 0.383955
vt 0.425088 0.383947
vt 0.429596 0.383943
vt 0.425087 0.382727
vt 0.408464 0.384082
vt 0.416567 0.382757
vt 0.447574 0.383748
vt 0.408435 0.382862
vt 0.394126 0.384081
vt 0.451900 0.560419
vt 0.446650 0.562248
vt 0.446509 0.561037
vt 0.433898 0.561442
vt 0.424051 0.562901
vt 0.423947 0.561683
vt 0.419873 0.562278
vt 0.419988 0.563495
vt 0.417786 0.562370
vt 0.415471 0.563129
vt 0.415562 0.561902
vt 0.413429 0.562028
vt 0.413543 0.563243
vt 0.407595 0.562528
vt 0.411567 0.563496
vt 0.407623 0.563748
vt 0.401153 0.563635
vt 0.401204 0.562416
vt 0.397331 0.562160
vt 0.397118 0.563368
vt 0.392236 0.561949
vt 0.452086 0.561626
vt 0.443800 0.561357
vt 0.443877 0.562577
vt 0.411451 0.562281
vt 0.417686 0.563595
vt 0.433918 0.562662
vt 0.386688 0.556589
vt 0.120697 0.692624
vt 0.617889 0.550132
vt 0.536323 0.549553
vt 0.190392 0.707597
vt 0.025019 0.924563
vt 0.951368 0.955482
vt 0.960551 0.959129
vt 0.955301 0.959132
vt 0.630894 0.044329
vt 0.624925 0.009134
vt 0.631251 0.004855
vt 0.005031 0.884920
vt 0.009907 0.910361
vt 0.004981 0.910352
vt 0.951423 0.635476
vt 0.960550 0.835091
vt 0.951423 0.835091
vt 0.951417 0.357628
vt 0.960542 0.331431
vt 0.960542 0.359800
vt 0.601339 0.009697
vt 0.583454 0.004648
vt 0.598891 0.004627
vt 0.851114 0.486466
vt 0.838325 0.423440
vt 0.851167 0.422598
vt 0.980333 0.912303
vt 0.971125 0.911321
vt 0.971257 0.896056
vt 0.617531 0.004315
vt 0.629616 0.003986
vt 0.624114 0.008053
vt 0.838306 0.422603
vt 0.951417 0.006913
vt 0.953504 0.003961
vt 0.960542 0.003961
vt 0.011981 0.858729
vt 0.011943 0.861239
vt 0.010549 0.862516
vt 0.970370 0.889731
vt 0.972014 0.893296
vt 0.971100 0.894359
vt 0.578812 0.372568
vt 0.579802 0.376519
vt 0.578297 0.375015
vt 0.630341 0.373286
vt 0.589915 0.377697
vt 0.604654 0.372042
vt 0.014309 0.870695
vt 0.011213 0.910377
vt 0.014660 0.864874
vt 0.013321 0.860509
vt 0.973213 0.892805
vt 0.980345 0.890452
vt 0.980359 0.892744
vt 0.981223 0.941766
vt 0.980368 0.942618
vt 0.980199 0.941577
vt 0.624220 0.009745
vt 0.004803 0.911388
vt 0.003957 0.910532
vt 0.976146 0.941557
vt 0.974456 0.942173
vt 0.974301 0.940432
vt 0.956631 0.596860
vt 0.955211 0.597455
vt 0.971038 0.926673
vt 0.970556 0.929403
vt 0.969968 0.926405
vt 0.981365 0.893407
vt 0.980382 0.894048
vt 0.980424 0.889035
vt 0.981397 0.889902
vt 0.972451 0.889248
vt 0.973058 0.890603
vt 0.971679 0.890398
vt 0.968795 0.888738
vt 0.969727 0.887978
vt 0.970145 0.895918
vt 0.972875 0.894053
vt 0.005161 0.858658
vt 0.004128 0.858115
vt 0.005073 0.857263
vt 0.005157 0.862495
vt 0.005137 0.863695
vt 0.004153 0.863051
vt 0.604353 0.249942
vt 0.578971 0.370794
vt 0.578670 0.249972
vt 0.577889 0.370976
vt 0.013302 0.858309
vt 0.012318 0.857331
vt 0.013599 0.865685
vt 0.015383 0.870711
vt 0.826629 0.609145
vt 0.838317 0.591378
vt 0.836217 0.609141
vt 0.010469 0.911388
vt 0.851159 0.589673
vt 0.851707 0.609135
vt 0.851167 0.609135
vt 0.851654 0.486466
vt 0.851707 0.422598
vt 0.851698 0.589516
vt 0.629795 0.044224
vt 0.630037 0.249912
vt 0.631117 0.249910
vt 0.976114 0.942624
vt 0.981397 0.912217
vt 0.824942 0.607776
vt 0.825475 0.593082
vt 0.825482 0.607999
vt 0.578407 0.009705
vt 0.577350 0.036562
vt 0.577328 0.009632
vt 0.970060 0.911202
vt 0.003962 0.885091
vt 0.824943 0.424506
vt 0.825429 0.486477
vt 0.824889 0.486477
vt 0.576949 0.374709
vt 0.584040 0.377886
vt 0.577589 0.249973
vt 0.009748 0.863743
vt 0.015753 0.910564
vt 0.017142 0.910703
vt 0.016178 0.911379
vt 0.631251 0.373891
vt 0.838272 0.486472
vt 0.015330 0.866655
vt 0.014301 0.867578
vt 0.825483 0.424282
vt 0.960542 0.124286
vt 0.951417 0.124286
vt 0.578430 0.036593
vt 0.604116 0.040413
vt 0.960551 0.634962
vt 0.960551 0.596860
vt 0.614384 0.004571
vt 0.827157 0.422607
vt 0.486417 0.894650
vt 0.488690 0.895521
vt 0.488552 0.896630
vt 0.483305 0.893949
vt 0.480171 0.894824
vt 0.483016 0.893274
vt 0.353750 0.955559
vt 0.361972 0.958449
vt 0.356706 0.958670
vt 0.061835 0.509141
vt 0.071605 0.517963
vt 0.056282 0.571284
vt 0.185271 0.937568
vt 0.185743 0.949766
vt 0.183992 0.949648
vt 0.397394 0.617153
vt 0.385241 0.574512
vt 0.398859 0.574658
vt 0.176624 0.793796
vt 0.185206 0.833551
vt 0.176938 0.839617
vt 0.071847 0.661111
vt 0.070209 0.672525
vt 0.070249 0.661215
vt 0.623478 0.874424
vt 0.615223 0.827596
vt 0.623478 0.827595
vt 0.181601 0.949598
vt 0.176501 0.938133
vt 0.484628 0.893948
vt 0.025405 0.674272
vt 0.021736 0.673646
vt 0.021953 0.669795
vt 0.483941 0.895731
vt 0.488448 0.899197
vt 0.480254 0.897921
vt 0.022270 0.593035
vt 0.055921 0.593117
vt 0.355511 0.924000
vt 0.362107 0.922851
vt 0.361988 0.924010
vt 0.062846 0.662535
vt 0.623472 0.752147
vt 0.616482 0.747706
vt 0.623461 0.747688
vt 0.055488 0.509054
vt 0.056937 0.509037
vt 0.185200 0.788065
vt 0.176306 0.785607
vt 0.022213 0.514339
vt 0.023012 0.509936
vt 0.025699 0.508969
vt 0.353912 0.962028
vt 0.072025 0.597191
vt 0.070419 0.609434
vt 0.070588 0.596668
vt 0.070898 0.563331
vt 0.361955 0.927259
vt 0.059925 0.509100
vt 0.058388 0.509046
vt 0.176532 0.886450
vt 0.185225 0.872903
vt 0.068279 0.672925
vt 0.484855 0.895712
vt 0.485494 0.891313
vt 0.486858 0.893881
vt 0.484967 0.893251
vt 0.489957 0.898904
vt 0.490598 0.895608
vt 0.489584 0.893480
vt 0.481034 0.891950
vt 0.483247 0.891301
vt 0.478335 0.894672
vt 0.479488 0.892782
vt 0.478796 0.897501
vt 0.480265 0.895681
vt 0.489234 0.942991
vt 0.487990 0.944263
vt 0.487801 0.942397
vt 0.487852 0.940641
vt 0.489160 0.941578
vt 0.479615 0.941629
vt 0.481034 0.940544
vt 0.481373 0.942375
vt 0.479637 0.942908
vt 0.480948 0.944263
vt 0.624876 0.909415
vt 0.623601 0.910590
vt 0.623475 0.908669
vt 0.615163 0.909647
vt 0.616637 0.908668
vt 0.616909 0.910629
vt 0.352813 0.969290
vt 0.354211 0.968829
vt 0.354080 0.970540
vt 0.363814 0.970419
vt 0.362840 0.971538
vt 0.362389 0.969590
vt 0.352280 0.955115
vt 0.353023 0.956979
vt 0.354150 0.959452
vt 0.354097 0.958055
vt 0.352433 0.962559
vt 0.353099 0.960652
vt 0.186468 0.937497
vt 0.186453 0.872818
vt 0.072584 0.562885
vt 0.072018 0.609637
vt 0.488038 0.892187
vt 0.385241 0.723925
vt 0.388075 0.736390
vt 0.386027 0.736056
vt 0.624956 0.827595
vt 0.071760 0.672613
vt 0.073808 0.672783
vt 0.178316 0.873998
vt 0.479804 0.937639
vt 0.615214 0.752135
vt 0.613766 0.827597
vt 0.613802 0.750642
vt 0.624953 0.752112
vt 0.624943 0.747070
vt 0.489555 0.937069
vt 0.478371 0.938744
vt 0.613861 0.906366
vt 0.615265 0.905047
vt 0.613783 0.874537
vt 0.363439 0.927231
vt 0.363499 0.924164
vt 0.353634 0.924061
vt 0.354840 0.927272
vt 0.353065 0.926992
vt 0.363814 0.922494
vt 0.355427 0.922837
vt 0.352425 0.928573
vt 0.353824 0.929741
vt 0.186309 0.787697
vt 0.185033 0.785531
vt 0.186468 0.784996
vt 0.068373 0.509248
vt 0.072964 0.516791
vt 0.186441 0.832678
vt 0.363456 0.958399
vt 0.362051 0.929579
vt 0.053587 0.509031
vt 0.022264 0.546147
vt 0.027263 0.509072
vt 0.397347 0.658921
vt 0.385241 0.659643
vt 0.615238 0.874449
vt 0.624956 0.874515
vt 0.427417 0.611130
vt 0.433634 0.656759
vt 0.427409 0.657130
vt 0.385241 0.619463
vt 0.427669 0.574967
vt 0.433634 0.609882
vt 0.386931 0.572823
vt 0.398922 0.572823
vt 0.432533 0.573929
vt 0.427634 0.574035
vt 0.429862 0.572823
vt 0.427622 0.572823
vt 0.488038 0.937070
vt 0.363562 0.929619
vt 0.066193 0.674435
vt 0.428380 0.732019
vt 0.433634 0.732076
vt 0.433634 0.737093
vt 0.396664 0.726068
vt 0.390665 0.737957
vt 0.428457 0.737957
vt 0.432770 0.737957
vt 0.911620 0.979272
vt 0.919459 0.823878
vt 0.919459 0.981091
vt 0.661046 0.527498
vt 0.647273 0.519565
vt 0.661096 0.519513
vt 0.683054 0.940524
vt 0.677685 0.948995
vt 0.675189 0.939604
vt 0.684537 0.524918
vt 0.670793 0.519538
vt 0.684630 0.522507
vt 0.683784 0.519023
vt 0.065909 0.929101
vt 0.070606 0.953038
vt 0.062738 0.953650
vt 0.072376 0.952924
vt 0.070429 0.929120
vt 0.072109 0.928815
vt 0.051576 0.974250
vt 0.045983 0.974918
vt 0.046500 0.973708
vt 0.054802 0.939723
vt 0.046793 0.927967
vt 0.052135 0.927850
vt 0.659904 0.684285
vt 0.684785 0.685320
vt 0.659935 0.686054
vt 0.636241 0.521066
vt 0.638030 0.519204
vt 0.070719 0.927426
vt 0.637600 0.684192
vt 0.638142 0.686012
vt 0.635769 0.684901
vt 0.634666 0.682528
vt 0.636463 0.683055
vt 0.684227 0.787510
vt 0.682564 0.788403
vt 0.682727 0.786031
vt 0.072376 0.976099
vt 0.070885 0.977592
vt 0.070707 0.975212
vt 0.684459 0.681012
vt 0.686130 0.681829
vt 0.684544 0.683216
vt 0.065188 0.927376
vt 0.063608 0.928925
vt 0.911509 0.986346
vt 0.910046 0.984933
vt 0.911673 0.984032
vt 0.045182 0.927170
vt 0.046458 0.925591
vt 0.051941 0.925395
vt 0.053854 0.926783
vt 0.685070 0.520221
vt 0.686248 0.524268
vt 0.686949 0.520415
vt 0.685863 0.518049
vt 0.045398 0.972319
vt 0.046926 0.971577
vt 0.683227 0.951171
vt 0.683047 0.948916
vt 0.684701 0.949794
vt 0.634298 0.521465
vt 0.635204 0.519131
vt 0.638397 0.517109
vt 0.636131 0.518078
vt 0.684822 0.785805
vt 0.674700 0.788384
vt 0.062879 0.977725
vt 0.062838 0.975290
vt 0.659956 0.677775
vt 0.686949 0.685814
vt 0.044241 0.925828
vt 0.909853 0.823573
vt 0.909858 0.979997
vt 0.916671 0.986465
vt 0.043813 0.974487
vt 0.045134 0.949862
vt 0.046926 0.949852
vt 0.684822 0.940911
vt 0.636541 0.530213
vt 0.634698 0.531451
vt 0.678129 0.951310
vt 0.661086 0.517756
vt 0.042907 0.949832
vt 0.054832 0.962151
vt 0.054832 0.949674
vt 0.869026 0.736188
vt 0.857288 0.813859
vt 0.857288 0.735678
vt 0.881288 0.738028
vt 0.869227 0.813752
vt 0.869074 0.733775
vt 0.857288 0.733249
vt 0.881288 0.733633
vt 0.917315 0.984098
vt 0.648538 0.517721
vt 0.880699 0.815048
vt 0.869231 0.815048
vt 0.857288 0.815048
vt 0.911607 0.821195
vt 0.911607 0.823702
vt 0.916777 0.821195
vt 0.050309 0.866957
vt 0.042982 0.883753
vt 0.042952 0.867067
vt 0.518803 0.927279
vt 0.527551 0.951132
vt 0.518933 0.950317
vt 0.113739 0.658250
vt 0.130865 0.675659
vt 0.113574 0.675688
vt 0.087006 0.578749
vt 0.083816 0.634479
vt 0.083945 0.578758
vt 0.265419 0.932793
vt 0.260681 0.935342
vt 0.256804 0.908202
vt 0.113377 0.578753
vt 0.089109 0.634537
vt 0.679830 0.744088
vt 0.662360 0.716217
vt 0.679830 0.716217
vt 0.133605 0.643081
vt 0.132402 0.634514
vt 0.133611 0.634515
vt 0.852106 0.984675
vt 0.843495 0.966537
vt 0.852110 0.966536
vt 0.084144 0.640594
vt 0.082889 0.539960
vt 0.086415 0.512844
vt 0.084082 0.540127
vt 0.084078 0.554940
vt 0.265420 0.787340
vt 0.261138 0.771274
vt 0.265420 0.771274
vt 0.662271 0.776707
vt 0.662462 0.777994
vt 0.662081 0.777552
vt 0.517602 0.927080
vt 0.518533 0.922989
vt 0.050258 0.863258
vt 0.041695 0.865370
vt 0.041686 0.863308
vt 0.523154 0.921119
vt 0.527403 0.923674
vt 0.128633 0.513204
vt 0.114490 0.522469
vt 0.114710 0.511369
vt 0.677052 0.695006
vt 0.662360 0.703047
vt 0.662360 0.695005
vt 0.050189 0.865471
vt 0.845099 0.821398
vt 0.846533 0.821478
vt 0.843488 0.833848
vt 0.852111 0.888850
vt 0.843492 0.944595
vt 0.843490 0.888850
vt 0.085964 0.676828
vt 0.084184 0.660888
vt 0.087400 0.675727
vt 0.843489 0.865702
vt 0.852111 0.865292
vt 0.516832 0.964378
vt 0.517721 0.950343
vt 0.518417 0.964304
vt 0.265420 0.869466
vt 0.258593 0.813714
vt 0.265420 0.813714
vt 0.527818 0.969052
vt 0.527612 0.967894
vt 0.528766 0.968093
vt 0.050694 0.914056
vt 0.050479 0.912890
vt 0.051642 0.913087
vt 0.088020 0.512578
vt 0.521484 0.919873
vt 0.259432 0.937056
vt 0.261170 0.937084
vt 0.087136 0.511428
vt 0.091541 0.511367
vt 0.525570 0.921112
vt 0.525183 0.919352
vt 0.526743 0.920170
vt 0.528621 0.923673
vt 0.527853 0.921671
vt 0.661763 0.775818
vt 0.662364 0.775721
vt 0.661336 0.777394
vt 0.661621 0.778282
vt 0.133330 0.675714
vt 0.132411 0.674845
vt 0.133627 0.674652
vt 0.051423 0.866232
vt 0.852031 0.985663
vt 0.853287 0.985225
vt 0.044528 0.913484
vt 0.045932 0.912926
vt 0.046154 0.914185
vt 0.082991 0.661006
vt 0.041393 0.866860
vt 0.131499 0.676779
vt 0.130151 0.677263
vt 0.087463 0.677306
vt 0.041683 0.911199
vt 0.041459 0.909661
vt 0.043070 0.910106
vt 0.520700 0.968251
vt 0.522044 0.967924
vt 0.522007 0.969138
vt 0.131427 0.511018
vt 0.133271 0.511079
vt 0.133624 0.523691
vt 0.521053 0.965671
vt 0.519711 0.966571
vt 0.519318 0.964624
vt 0.517690 0.965721
vt 0.132412 0.578756
vt 0.661756 0.703035
vt 0.661756 0.695005
vt 0.662361 0.744089
vt 0.661756 0.716217
vt 0.853320 0.888850
vt 0.853320 0.865292
vt 0.853320 0.944595
vt 0.082883 0.554914
vt 0.082557 0.578780
vt 0.082973 0.640538
vt 0.082430 0.634386
vt 0.133627 0.555602
vt 0.132419 0.523791
vt 0.686509 0.755864
vt 0.686510 0.744088
vt 0.679244 0.755864
vt 0.082863 0.511055
vt 0.259099 0.935431
vt 0.663366 0.777864
vt 0.528766 0.951263
vt 0.661757 0.744089
vt 0.662362 0.757403
vt 0.661756 0.757421
vt 0.263590 0.935390
vt 0.051642 0.863461
vt 0.843497 0.984684
vt 0.843568 0.985691
vt 0.050395 0.883833
vt 0.051614 0.883505
vt 0.132404 0.656600
vt 0.133614 0.656424
vt 0.853320 0.966811
vt 0.259520 0.771226
vt 0.256796 0.787290
vt 0.853319 0.953279
vt 0.852111 0.953172
vt 0.852111 0.944595
vt 0.041395 0.883512
vt 0.130089 0.512670
vt 0.133621 0.578756
vt 0.132417 0.555621
vt 0.852111 0.832875
vt 0.852111 0.821478
vt 0.686510 0.777765
vt 0.678438 0.772067
vt 0.686510 0.772068
vt 0.114264 0.634520
vt 0.686510 0.716217
vt 0.664398 0.777766
vt 0.853320 0.832875
vt 0.853320 0.821478
vt 0.265419 0.896126
vt 0.256802 0.893297
vt 0.113846 0.555064
vt 0.523169 0.919370
vt 0.257931 0.869466
vt 0.132398 0.643150
vt 0.843493 0.953173
vt 0.114290 0.642172
vt 0.686510 0.695910
vt 0.686510 0.705105
vt 0.678031 0.702478
vt 0.113591 0.677270
vt 0.685606 0.695006
vt 0.662360 0.711601
vt 0.661756 0.711888
vt 0.678987 0.709778
vt 0.265420 0.805053
vt 0.256796 0.807694
vt 0.686510 0.711874
vt 0.744793 0.569508
vt 0.728333 0.516862
vt 0.744912 0.516899
vt 0.806884 0.904537
vt 0.814608 0.930007
vt 0.806892 0.929971
vt 0.809780 0.889014
vt 0.814790 0.903685
vt 0.724413 0.673252
vt 0.696769 0.565706
vt 0.724577 0.569876
vt 0.870577 0.823905
vt 0.878428 0.937969
vt 0.870577 0.938011
vt 0.511588 0.895107
vt 0.505174 0.899192
vt 0.503400 0.895097
vt 0.694851 0.516826
vt 0.699030 0.516915
vt 0.805101 0.904379
vt 0.807530 0.888734
vt 0.772138 0.930795
vt 0.764343 0.928219
vt 0.764743 0.907242
vt 0.767013 0.931089
vt 0.511303 0.784391
vt 0.503293 0.733087
vt 0.511182 0.733068
vt 0.594607 0.674499
vt 0.574863 0.566412
vt 0.594607 0.563369
vt 0.764403 0.934288
vt 0.772619 0.951243
vt 0.764891 0.951427
vt 0.503667 0.886518
vt 0.764657 0.953130
vt 0.763220 0.951777
vt 0.772937 0.952943
vt 0.774305 0.951511
vt 0.774305 0.903076
vt 0.772605 0.903329
vt 0.772966 0.901635
vt 0.512463 0.899659
vt 0.510617 0.901183
vt 0.511026 0.898791
vt 0.501294 0.894560
vt 0.501951 0.897641
vt 0.505171 0.901499
vt 0.503130 0.900225
vt 0.805276 0.931037
vt 0.806906 0.932141
vt 0.805146 0.932921
vt 0.806657 0.934484
vt 0.816326 0.932994
vt 0.814784 0.934550
vt 0.814565 0.932189
vt 0.816212 0.931075
vt 0.769497 0.901376
vt 0.768924 0.903219
vt 0.767102 0.902309
vt 0.762925 0.907682
vt 0.763916 0.905399
vt 0.701328 0.516927
vt 0.763433 0.932677
vt 0.763464 0.929939
vt 0.762644 0.934940
vt 0.721077 0.516864
vt 0.762578 0.927729
vt 0.773909 0.930721
vt 0.512993 0.895583
vt 0.503412 0.785603
vt 0.501779 0.885228
vt 0.501654 0.785995
vt 0.512993 0.784397
vt 0.573973 0.725553
vt 0.546604 0.676517
vt 0.574089 0.675362
vt 0.802642 0.885987
vt 0.805205 0.887429
vt 0.816570 0.903602
vt 0.814790 0.887404
vt 0.816570 0.886186
vt 0.880181 0.986791
vt 0.880181 0.937751
vt 0.878428 0.823905
vt 0.880181 0.823179
vt 0.875295 0.986791
vt 0.872996 0.986811
vt 0.695173 0.679800
vt 0.695017 0.565688
vt 0.726039 0.516844
vt 0.723344 0.516844
vt 0.878428 0.986791
vt 0.512945 0.733067
vt 0.501528 0.733091
vt 0.594607 0.725553
vt 0.742208 0.677427
vt 0.744912 0.668878
vt 0.547756 0.560805
vt 0.574903 0.560805
vt 0.698064 0.681657
vt 0.696927 0.680523
vt 0.546604 0.561957
vt 0.592043 0.560805
vt 0.027890 0.826296
vt 0.003961 0.770444
vt 0.027893 0.769506
vt 0.940255 0.772783
vt 0.928254 0.756307
vt 0.940255 0.756307
vt 0.276440 0.754276
vt 0.273900 0.785515
vt 0.273049 0.754323
vt 0.051812 0.826312
vt 0.027889 0.843589
vt 0.928325 0.808646
vt 0.928331 0.811428
vt 0.917006 0.811428
vt 0.027100 0.723944
vt 0.049342 0.737491
vt 0.026650 0.737491
vt 0.928254 0.772783
vt 0.916254 0.756307
vt 0.916254 0.730791
vt 0.927983 0.729056
vt 0.927999 0.730775
vt 0.763339 0.850165
vt 0.765233 0.889120
vt 0.763538 0.890069
vt 0.283744 0.863465
vt 0.277414 0.865332
vt 0.275964 0.863280
vt 0.275904 0.702563
vt 0.283888 0.699109
vt 0.283861 0.702630
vt 0.275714 0.785731
vt 0.283366 0.754287
vt 0.283562 0.787342
vt 0.772422 0.726754
vt 0.767026 0.726084
vt 0.772304 0.725242
vt 0.277709 0.754274
vt 0.283525 0.741028
vt 0.082971 0.930734
vt 0.088477 0.950732
vt 0.082971 0.951043
vt 0.765102 0.836168
vt 0.773034 0.849942
vt 0.765135 0.849960
vt 0.050248 0.845389
vt 0.027807 0.845389
vt 0.202247 0.961979
vt 0.201972 0.963680
vt 0.200568 0.962290
vt 0.210018 0.961970
vt 0.211703 0.962278
vt 0.210297 0.963680
vt 0.276172 0.861422
vt 0.274615 0.860447
vt 0.276264 0.859253
vt 0.283742 0.864437
vt 0.285214 0.865143
vt 0.283602 0.866765
vt 0.283781 0.861329
vt 0.285255 0.862776
vt 0.765087 0.891465
vt 0.202066 0.915744
vt 0.200390 0.914847
vt 0.201913 0.913398
vt 0.211599 0.914792
vt 0.209926 0.915707
vt 0.210056 0.913348
vt 0.774770 0.890009
vt 0.773238 0.891459
vt 0.773094 0.889108
vt 0.764924 0.728843
vt 0.764953 0.731185
vt 0.763287 0.730075
vt 0.773861 0.726807
vt 0.772417 0.728382
vt 0.772245 0.723364
vt 0.773812 0.724877
vt 0.277836 0.867605
vt 0.275303 0.866316
vt 0.274224 0.862805
vt 0.764802 0.727063
vt 0.763007 0.727369
vt 0.764202 0.724383
vt 0.285639 0.702644
vt 0.765016 0.803040
vt 0.763308 0.836172
vt 0.763227 0.803045
vt 0.285312 0.787332
vt 0.274256 0.842918
vt 0.276113 0.845661
vt 0.275588 0.740936
vt 0.051824 0.768568
vt 0.050070 0.737494
vt 0.273826 0.740947
vt 0.274127 0.702549
vt 0.764841 0.739263
vt 0.772888 0.803015
vt 0.028461 0.682990
vt 0.051918 0.686458
vt 0.028347 0.686426
vt 0.775342 0.891604
vt 0.762982 0.891604
vt 0.774802 0.850129
vt 0.202147 0.938945
vt 0.200371 0.938588
vt 0.210025 0.938921
vt 0.211800 0.938554
vt 0.767332 0.728184
vt 0.090230 0.950646
vt 0.088477 0.972330
vt 0.916254 0.749736
vt 0.928187 0.749549
vt 0.767113 0.730420
vt 0.048078 0.848070
vt 0.027421 0.848070
vt 0.082971 0.971351
vt 0.080289 0.950989
vt 0.080289 0.930332
vt 0.006765 0.848070
vt 0.005366 0.845389
vt 0.088477 0.929134
vt 0.090230 0.927997
vt 0.003971 0.843283
vt 0.774762 0.836141
vt 0.772999 0.836146
vt 0.051918 0.724325
vt 0.774645 0.803008
vt 0.772618 0.733621
vt 0.774364 0.732224
vt 0.285667 0.857374
vt 0.283913 0.853751
vt 0.285130 0.754292
vt 0.940255 0.808179
vt 0.940255 0.810828
vt 0.003959 0.737491
vt 0.763026 0.740838
vt 0.005005 0.682990
vt 0.003957 0.684037
vt 0.003958 0.723589
vt 0.939711 0.729056
vt 0.940255 0.729599
vt 0.940255 0.749361
vt 0.275931 0.699048
vt 0.274154 0.699034
vt 0.285296 0.741047
vt 0.003970 0.832641
vt 0.916254 0.808050
vt 0.916254 0.772783
vt 0.916254 0.810676
vt 0.939655 0.811428
vt 0.766658 0.723097
vt 0.935233 0.953366
vt 0.927380 0.860455
vt 0.935233 0.857804
vt 0.610898 0.943810
vt 0.618446 0.921188
vt 0.618764 0.943737
vt 0.462765 0.685006
vt 0.466371 0.724219
vt 0.463235 0.724312
vt 0.013575 0.508799
vt 0.011819 0.539762
vt 0.011819 0.508799
vt 0.794288 0.916604
vt 0.794347 0.942608
vt 0.785338 0.940364
vt 0.789844 0.895186
vt 0.794534 0.898713
vt 0.009305 0.508799
vt 0.003959 0.538847
vt 0.006914 0.508771
vt 0.511633 0.589218
vt 0.488362 0.687089
vt 0.489910 0.590029
vt 0.582077 0.811436
vt 0.593810 0.811702
vt 0.582077 0.826683
vt 0.582077 0.745076
vt 0.593403 0.762798
vt 0.582077 0.763214
vt 0.786481 0.893396
vt 0.786062 0.895186
vt 0.784883 0.894748
vt 0.620709 0.966919
vt 0.619365 0.968341
vt 0.619021 0.966656
vt 0.512166 0.722756
vt 0.513941 0.722121
vt 0.513042 0.724455
vt 0.608936 0.920337
vt 0.610443 0.918816
vt 0.610613 0.921241
vt 0.620094 0.920265
vt 0.618560 0.918728
vt 0.011808 0.671591
vt 0.013461 0.672471
vt 0.011978 0.674016
vt 0.609418 0.963039
vt 0.611224 0.963467
vt 0.610414 0.965314
vt 0.614620 0.966758
vt 0.615170 0.968591
vt 0.612802 0.967668
vt 0.931361 0.821246
vt 0.929061 0.821225
vt 0.796304 0.943584
vt 0.794926 0.945057
vt 0.786456 0.943211
vt 0.784368 0.941638
vt 0.786538 0.945649
vt 0.784674 0.944232
vt 0.789286 0.893323
vt 0.791779 0.894186
vt 0.513386 0.589210
vt 0.509865 0.559219
vt 0.513941 0.559016
vt 0.795229 0.896823
vt 0.796304 0.898999
vt 0.511061 0.724000
vt 0.003986 0.671742
vt 0.004021 0.674172
vt 0.620709 0.918365
vt 0.013575 0.639160
vt 0.011819 0.638590
vt 0.620531 0.943610
vt 0.464518 0.684976
vt 0.468672 0.724188
vt 0.609130 0.943811
vt 0.796044 0.916587
vt 0.582838 0.827443
vt 0.936986 0.857532
vt 0.935233 0.821246
vt 0.936986 0.821246
vt 0.464125 0.592364
vt 0.462372 0.592350
vt 0.784245 0.918053
vt 0.507644 0.559266
vt 0.512054 0.689198
vt 0.003970 0.638879
vt 0.513808 0.689152
vt 0.936986 0.954002
vt 0.935233 0.983581
vt 0.593639 0.745076
vt 0.605201 0.745076
vt 0.464002 0.563080
vt 0.462249 0.563060
vt 0.927380 0.982420
vt 0.490406 0.559337
vt 0.785626 0.917876
vt 0.594430 0.827443
vt 0.013575 0.539788
vt 0.605840 0.811974
vt 0.605840 0.827443
vt 0.605840 0.762341
vt 0.605840 0.745722
vt 0.487787 0.724106
vt 0.968478 0.699172
vt 0.976990 0.852358
vt 0.968478 0.852358
vt 0.811620 0.355110
vt 0.803601 0.332894
vt 0.811620 0.332894
vt 0.393371 0.931504
vt 0.401957 0.914623
vt 0.401906 0.931546
vt 0.657790 0.269581
vt 0.643136 0.355164
vt 0.640450 0.352448
vt 0.354251 0.892790
vt 0.362739 0.894768
vt 0.355895 0.894691
vt 0.363032 0.912030
vt 0.362407 0.911124
vt 0.362863 0.910722
vt 0.401766 0.955359
vt 0.396042 0.955430
vt 0.393273 0.952468
vt 0.655096 0.355225
vt 0.993441 0.271714
vt 0.984930 0.179357
vt 0.993441 0.179357
vt 0.969895 0.524744
vt 0.976990 0.526161
vt 0.968478 0.526161
vt 0.361340 0.910098
vt 0.354428 0.908905
vt 0.362763 0.908841
vt 0.984930 0.026171
vt 0.993441 0.003957
vt 0.993441 0.026171
vt 0.354279 0.896565
vt 0.779871 0.087328
vt 0.811620 0.179694
vt 0.779871 0.179694
vt 0.689462 0.308930
vt 0.659866 0.355242
vt 0.354751 0.911940
vt 0.354359 0.910811
vt 0.354829 0.911210
vt 0.686036 0.355296
vt 0.687719 0.355310
vt 0.682216 0.026013
vt 0.658046 0.179453
vt 0.658470 0.026231
vt 0.680580 0.004021
vt 0.681984 0.003962
vt 0.641560 0.026198
vt 0.354941 0.865459
vt 0.689800 0.179542
vt 0.690230 0.026417
vt 0.762956 0.179694
vt 0.803601 0.355110
vt 0.779871 0.332894
vt 0.684628 0.004095
vt 0.683226 0.003985
vt 0.779871 0.355110
vt 0.762956 0.332894
vt 0.401982 0.963265
vt 0.403202 0.963449
vt 0.402225 0.964483
vt 0.393652 0.963543
vt 0.393489 0.964790
vt 0.392430 0.963815
vt 0.403196 0.914404
vt 0.402171 0.913371
vt 0.364802 0.862639
vt 0.363553 0.862821
vt 0.363813 0.861577
vt 0.392246 0.914362
vt 0.393276 0.913344
vt 0.393479 0.914590
vt 0.353612 0.895357
vt 0.353596 0.894017
vt 0.352987 0.897008
vt 0.352954 0.892338
vt 0.364039 0.909061
vt 0.364802 0.913046
vt 0.363695 0.913971
vt 0.354212 0.912146
vt 0.353584 0.914145
vt 0.352431 0.913220
vt 0.353139 0.909146
vt 0.362499 0.911840
vt 0.361621 0.913250
vt 0.360866 0.911654
vt 0.355887 0.910149
vt 0.356401 0.911716
vt 0.355675 0.913344
vt 0.353599 0.865795
vt 0.354335 0.864120
vt 0.690609 0.355368
vt 0.357891 0.862652
vt 0.356567 0.861982
vt 0.358310 0.861294
vt 0.391978 0.952151
vt 0.392649 0.953788
vt 0.393739 0.956083
vt 0.393704 0.954859
vt 0.392143 0.958836
vt 0.392748 0.957175
vt 0.393433 0.958452
vt 0.403202 0.931549
vt 0.812905 0.332894
vt 0.812905 0.179694
vt 0.811620 0.087328
vt 0.812905 0.087328
vt 0.639844 0.179401
vt 0.640276 0.026196
vt 0.691015 0.004345
vt 0.691511 0.026442
vt 0.762956 0.355110
vt 0.761670 0.332894
vt 0.403061 0.955352
vt 0.656811 0.355238
vt 0.658151 0.355242
vt 0.364036 0.894783
vt 0.761670 0.179694
vt 0.762956 0.087285
vt 0.640868 0.269830
vt 0.641129 0.179405
vt 0.690747 0.308944
vt 0.692291 0.355423
vt 0.690825 0.273428
vt 0.686268 0.004176
vt 0.678938 0.004044
vt 0.691085 0.179546
vt 0.641591 0.004013
vt 0.640308 0.004011
vt 0.812905 0.355110
vt 0.658483 0.004037
vt 0.976990 0.874573
vt 0.968478 0.874573
vt 0.811620 0.003964
vt 0.812905 0.003964
vt 0.779871 0.003964
vt 0.689539 0.273408
vt 0.988262 0.355070
vt 0.984930 0.308712
vt 0.761670 0.087284
vt 0.762956 0.006666
vt 0.968478 0.608192
vt 0.976990 0.699172
vt 0.639580 0.270397
vt 0.639165 0.352441
vt 0.765658 0.003964
vt 0.976990 0.606771
vt 0.294441 0.893948
vt 0.302405 0.869039
vt 0.302598 0.893898
vt 0.567081 0.130327
vt 0.543918 0.165055
vt 0.541696 0.122770
vt 0.868244 0.004130
vt 0.871091 0.006561
vt 0.862924 0.010857
vt 0.984932 0.562280
vt 0.992993 0.518674
vt 0.992993 0.562280
vt 0.869416 0.119277
vt 0.868075 0.162606
vt 0.861297 0.120406
vt 0.197260 0.886970
vt 0.205493 0.853367
vt 0.205422 0.890222
vt 0.984932 0.370621
vt 0.992993 0.364509
vt 0.992993 0.370621
vt 0.825051 0.301931
vt 0.837746 0.279469
vt 0.837746 0.301931
vt 0.984932 0.475560
vt 0.992993 0.475560
vt 0.541695 0.257304
vt 0.520754 0.213518
vt 0.543917 0.213517
vt 0.850441 0.199671
vt 0.837746 0.202933
vt 0.849027 0.198256
vt 0.869044 0.206447
vt 0.868698 0.162609
vt 0.837746 0.257260
vt 0.825051 0.202974
vt 0.862832 0.208040
vt 0.859479 0.162616
vt 0.865582 0.162600
vt 0.294594 0.917263
vt 0.296212 0.918848
vt 0.294499 0.918972
vt 0.859488 0.120375
vt 0.837746 0.384261
vt 0.825051 0.328284
vt 0.837746 0.324735
vt 0.197263 0.904293
vt 0.205211 0.901979
vt 0.205269 0.904295
vt 0.992993 0.599447
vt 0.992993 0.720230
vt 0.988417 0.722105
vt 0.196624 0.853236
vt 0.198641 0.853357
vt 0.861635 0.258835
vt 0.859288 0.211989
vt 0.554555 0.375916
vt 0.516316 0.368944
vt 0.557013 0.367101
vt 0.302685 0.867271
vt 0.304149 0.868710
vt 0.294334 0.869078
vt 0.292581 0.868766
vt 0.294035 0.867299
vt 0.302674 0.918728
vt 0.304435 0.919024
vt 0.303011 0.920505
vt 0.205796 0.851543
vt 0.207273 0.853043
vt 0.865279 0.206487
vt 0.516309 0.256681
vt 0.518500 0.213503
vt 0.292785 0.914413
vt 0.294613 0.913960
vt 0.299510 0.918778
vt 0.299121 0.920657
vt 0.292366 0.919685
vt 0.293801 0.921115
vt 0.195628 0.900859
vt 0.197308 0.899767
vt 0.197334 0.901961
vt 0.197075 0.906699
vt 0.195454 0.905188
vt 0.207058 0.905189
vt 0.205451 0.906679
vt 0.206915 0.900903
vt 0.205257 0.899793
vt 0.200968 0.853376
vt 0.194281 0.852926
vt 0.195749 0.851344
vt 0.199960 0.851582
vt 0.872891 0.367126
vt 0.869729 0.257883
vt 0.871539 0.257860
vt 0.304435 0.893888
vt 0.850441 0.301931
vt 0.851369 0.321186
vt 0.850441 0.321186
vt 0.851369 0.301931
vt 0.850441 0.279469
vt 0.851369 0.279469
vt 0.872798 0.013404
vt 0.871225 0.119305
vt 0.568942 0.366022
vt 0.567082 0.257927
vt 0.568936 0.257927
vt 0.861216 0.004025
vt 0.863025 0.004052
vt 0.851369 0.257260
vt 0.850441 0.257260
vt 0.870853 0.206428
vt 0.568934 0.168599
vt 0.567080 0.213517
vt 0.567080 0.168409
vt 0.516310 0.115213
vt 0.520755 0.161699
vt 0.518360 0.162957
vt 0.568934 0.213517
vt 0.861165 0.367271
vt 0.862975 0.367249
vt 0.861115 0.010830
vt 0.292605 0.893956
vt 0.568936 0.130315
vt 0.567088 0.366645
vt 0.568942 0.372319
vt 0.567088 0.373087
vt 0.850441 0.202892
vt 0.851369 0.200055
vt 0.851369 0.203203
vt 0.207273 0.891117
vt 0.870996 0.012915
vt 0.195407 0.886934
vt 0.872891 0.007157
vt 0.851369 0.384261
vt 0.850441 0.384261
vt 0.567088 0.005898
vt 0.568942 0.005899
vt 0.541702 0.003966
vt 0.516316 0.003964
vt 0.871081 0.367148
vt 0.870507 0.162617
vt 0.825051 0.279469
vt 0.984932 0.518674
vt 0.842081 0.198256
vt 0.825051 0.199772
vt 0.564259 0.375916
vt 0.562374 0.003967
vt 0.984932 0.599659
vt 0.984932 0.722105
vt 0.731041 0.688994
vt 0.737210 0.720158
vt 0.731041 0.730673
vt 0.881075 0.437683
vt 0.886248 0.376577
vt 0.888924 0.437897
vt 0.897192 0.180173
vt 0.904992 0.185309
vt 0.902194 0.185313
vt 0.374440 0.950807
vt 0.382360 0.915060
vt 0.382305 0.958496
vt 0.906175 0.324326
vt 0.898317 0.324649
vt 0.317537 0.629922
vt 0.313441 0.690977
vt 0.305411 0.629995
vt 0.737210 0.688994
vt 0.755040 0.708349
vt 0.267182 0.376615
vt 0.270764 0.514726
vt 0.267004 0.514603
vt 0.318224 0.690997
vt 0.731041 0.833667
vt 0.737211 0.864224
vt 0.731041 0.864224
vt 0.304486 0.463154
vt 0.302767 0.340481
vt 0.304321 0.340466
vt 0.273233 0.516036
vt 0.269030 0.376524
vt 0.755040 0.833667
vt 0.737211 0.833667
vt 0.317214 0.515960
vt 0.317212 0.457657
vt 0.269256 0.521185
vt 0.269898 0.517082
vt 0.568668 0.931028
vt 0.564153 0.931099
vt 0.560857 0.927456
vt 0.307625 0.340500
vt 0.306072 0.340472
vt 0.881075 0.636610
vt 0.888924 0.727008
vt 0.881075 0.727008
vt 0.569253 0.943152
vt 0.570917 0.943371
vt 0.569615 0.944807
vt 0.561634 0.943568
vt 0.561455 0.945277
vt 0.559990 0.944013
vt 0.570917 0.894865
vt 0.569212 0.895151
vt 0.569519 0.893423
vt 0.372836 0.963418
vt 0.374522 0.963108
vt 0.374233 0.964816
vt 0.374541 0.915051
vt 0.372851 0.914740
vt 0.374263 0.913339
vt 0.382644 0.913336
vt 0.384058 0.914752
vt 0.561369 0.895043
vt 0.559674 0.894709
vt 0.561111 0.893321
vt 0.267576 0.521077
vt 0.899673 0.186597
vt 0.898438 0.184358
vt 0.379746 0.964893
vt 0.379974 0.963088
vt 0.381797 0.963580
vt 0.561098 0.934832
vt 0.559071 0.926858
vt 0.559932 0.929119
vt 0.561127 0.932019
vt 0.561065 0.930317
vt 0.559357 0.935514
vt 0.560092 0.933244
vt 0.570438 0.931005
vt 0.879322 0.551947
vt 0.879322 0.643656
vt 0.881075 0.551947
vt 0.879322 0.537988
vt 0.881075 0.537988
vt 0.372660 0.950815
vt 0.906489 0.010077
vt 0.907719 0.071152
vt 0.905967 0.071137
vt 0.267851 0.516861
vt 0.890646 0.727008
vt 0.888924 0.613196
vt 0.890646 0.610192
vt 0.908240 0.360595
vt 0.907909 0.321834
vt 0.888925 0.551947
vt 0.890645 0.551947
vt 0.879322 0.727008
vt 0.269597 0.630211
vt 0.267848 0.630209
vt 0.267083 0.340548
vt 0.890641 0.437741
vt 0.890645 0.537996
vt 0.888925 0.538014
vt 0.309915 0.340526
vt 0.300477 0.340490
vt 0.906745 0.185309
vt 0.755040 0.776531
vt 0.737210 0.776531
vt 0.731041 0.776531
vt 0.318224 0.340598
vt 0.268840 0.340543
vt 0.906485 0.360610
vt 0.898624 0.360677
vt 0.906861 0.171374
vt 0.905111 0.171359
vt 0.879355 0.376573
vt 0.881108 0.376574
vt 0.737210 0.783511
vt 0.731041 0.783511
vt 0.268036 0.691116
vt 0.269785 0.691111
vt 0.898125 0.071001
vt 0.898646 0.010010
vt 0.317229 0.529899
vt 0.304526 0.529936
vt 0.304412 0.515976
vt 0.755040 0.783511
vt 0.879322 0.437683
vt 0.499451 0.953025
vt 0.499142 0.935435
vt 0.507139 0.932866
vt 0.198206 0.691212
vt 0.176284 0.665152
vt 0.198072 0.659078
vt 0.916254 0.687351
vt 0.924293 0.719523
vt 0.916254 0.719523
vt 0.941871 0.706053
vt 0.933832 0.597483
vt 0.941871 0.597483
vt 0.615731 0.678259
vt 0.602531 0.665758
vt 0.615731 0.665710
vt 0.615731 0.599953
vt 0.602531 0.576880
vt 0.615731 0.576880
vt 0.626625 0.678259
vt 0.626625 0.665212
vt 0.156586 0.574369
vt 0.149859 0.612214
vt 0.149536 0.574352
vt 0.615731 0.619242
vt 0.626625 0.619242
vt 0.174014 0.481884
vt 0.149911 0.480927
vt 0.501401 0.932854
vt 0.602531 0.619242
vt 0.941871 0.572549
vt 0.936225 0.479417
vt 0.941871 0.479417
vt 0.171944 0.345941
vt 0.149996 0.346920
vt 0.150000 0.341431
vt 0.602531 0.599953
vt 0.460904 0.893522
vt 0.468880 0.894670
vt 0.460915 0.894668
vt 0.916254 0.371150
vt 0.924293 0.375491
vt 0.916254 0.375897
vt 0.933832 0.441409
vt 0.941871 0.440830
vt 0.916253 0.510908
vt 0.924293 0.602603
vt 0.916254 0.602603
vt 0.468776 0.940986
vt 0.460798 0.918842
vt 0.468896 0.918861
vt 0.174031 0.456329
vt 0.149928 0.456314
vt 0.507610 0.911161
vt 0.499174 0.930262
vt 0.499659 0.910968
vt 0.933832 0.573191
vt 0.626625 0.599953
vt 0.155802 0.691250
vt 0.149853 0.659011
vt 0.916253 0.484535
vt 0.924293 0.510725
vt 0.615430 0.731922
vt 0.626625 0.732628
vt 0.173960 0.612581
vt 0.933832 0.394882
vt 0.941871 0.394670
vt 0.149465 0.691289
vt 0.198060 0.612946
vt 0.498104 0.910645
vt 0.499437 0.909378
vt 0.507906 0.909598
vt 0.509167 0.910915
vt 0.507895 0.960881
vt 0.507598 0.959301
vt 0.509167 0.959554
vt 0.470424 0.895701
vt 0.468897 0.896672
vt 0.469127 0.891312
vt 0.470550 0.892898
vt 0.468961 0.893506
vt 0.459251 0.892774
vt 0.460701 0.891366
vt 0.459386 0.895699
vt 0.460902 0.896663
vt 0.470379 0.943601
vt 0.468979 0.945038
vt 0.468749 0.942937
vt 0.470267 0.941969
vt 0.459314 0.941963
vt 0.460815 0.940978
vt 0.460839 0.942944
vt 0.460610 0.945066
vt 0.459195 0.943591
vt 0.497512 0.935898
vt 0.498454 0.933653
vt 0.501692 0.959404
vt 0.497546 0.929781
vt 0.498465 0.932033
vt 0.501754 0.961046
vt 0.500035 0.959825
vt 0.198134 0.456344
vt 0.199738 0.482712
vt 0.198117 0.482842
vt 0.943493 0.597483
vt 0.943493 0.572474
vt 0.508776 0.932869
vt 0.925915 0.687351
vt 0.924293 0.687351
vt 0.943493 0.394670
vt 0.198060 0.574379
vt 0.199681 0.612945
vt 0.199681 0.574380
vt 0.148253 0.612349
vt 0.943493 0.479417
vt 0.943493 0.440830
vt 0.925914 0.510636
vt 0.924293 0.484535
vt 0.925914 0.484535
vt 0.925914 0.602603
vt 0.199692 0.659075
vt 0.148301 0.480609
vt 0.148317 0.456313
vt 0.147671 0.574332
vt 0.916254 0.641190
vt 0.924293 0.641190
vt 0.198202 0.347185
vt 0.199826 0.342984
vt 0.199823 0.347730
vt 0.925915 0.375766
vt 0.943493 0.705828
vt 0.941871 0.711732
vt 0.148385 0.347129
vt 0.470550 0.918867
vt 0.459144 0.918840
vt 0.177094 0.691336
vt 0.175512 0.691337
vt 0.173209 0.691300
vt 0.179396 0.691294
vt 0.497835 0.953579
vt 0.148247 0.658901
vt 0.147588 0.691356
vt 0.925914 0.641190
vt 0.177326 0.574373
vt 0.943493 0.362497
vt 0.941871 0.362497
vt 0.199826 0.691205
vt 0.626625 0.560798
vt 0.615731 0.560798
vt 0.602531 0.560798
vt 0.936119 0.362497
vt 0.626625 0.576880
vt 0.148388 0.342087
vt 0.933832 0.706689
vt 0.924293 0.371150
vt 0.925915 0.370478
vt 0.199755 0.456345
vt 0.614362 0.736179
vt 0.603006 0.736179
vt 0.602531 0.678259
vt 0.173678 0.340482
vt 0.196392 0.340496
vt 0.625718 0.736179
vt 0.626625 0.735272
vt 0.602531 0.735704
vt 0.602531 0.732417
vt 0.150964 0.340468
vt 0.198205 0.342115
vt 0.257706 0.691160
vt 0.209205 0.613313
vt 0.257823 0.613387
vt 0.283092 0.878592
vt 0.274624 0.927404
vt 0.274624 0.878586
vt 0.849369 0.657766
vt 0.825030 0.618915
vt 0.849331 0.618892
vt 0.521815 0.725487
vt 0.530212 0.675866
vt 0.530275 0.727235
vt 0.825039 0.765185
vt 0.849312 0.735653
vt 0.849341 0.765161
vt 0.255497 0.398528
vt 0.209280 0.387837
vt 0.257790 0.396084
vt 0.898561 0.667086
vt 0.907013 0.608064
vt 0.907014 0.667086
vt 0.898561 0.677717
vt 0.907014 0.677716
vt 0.825010 0.735677
vt 0.849286 0.709984
vt 0.824982 0.707084
vt 0.209174 0.457495
vt 0.255416 0.457565
vt 0.898559 0.550873
vt 0.907015 0.452277
vt 0.907012 0.550873
vt 0.849346 0.770476
vt 0.259074 0.396169
vt 0.257350 0.398557
vt 0.258591 0.457561
vt 0.258727 0.398656
vt 0.412409 0.914636
vt 0.420874 0.963451
vt 0.412406 0.963444
vt 0.522064 0.558827
vt 0.530217 0.606216
vt 0.521736 0.614383
vt 0.524080 0.616816
vt 0.524129 0.675873
vt 0.898560 0.374520
vt 0.907014 0.374520
vt 0.898560 0.608064
vt 0.257715 0.507164
vt 0.209086 0.514696
vt 0.274408 0.877283
vt 0.273336 0.878354
vt 0.283310 0.877298
vt 0.284377 0.878363
vt 0.273336 0.927635
vt 0.274408 0.928707
vt 0.412188 0.964739
vt 0.411121 0.963673
vt 0.421092 0.964754
vt 0.422163 0.963682
vt 0.411121 0.914405
vt 0.412192 0.913333
vt 0.421096 0.913347
vt 0.422162 0.914414
vt 0.420878 0.914643
vt 0.283310 0.928692
vt 0.283092 0.927397
vt 0.284377 0.927626
vt 0.207954 0.387835
vt 0.209264 0.398464
vt 0.207937 0.398462
vt 0.907015 0.725169
vt 0.908341 0.677716
vt 0.908342 0.725169
vt 0.521940 0.831748
vt 0.207983 0.340473
vt 0.530497 0.558876
vt 0.531541 0.606224
vt 0.531726 0.831735
vt 0.530493 0.909541
vt 0.530398 0.831737
vt 0.209087 0.691087
vt 0.207878 0.613311
vt 0.207758 0.514695
vt 0.207846 0.457493
vt 0.908341 0.667086
vt 0.908340 0.608064
vt 0.531603 0.727232
vt 0.530155 0.616822
vt 0.531540 0.675865
vt 0.898562 0.725169
vt 0.531481 0.616826
vt 0.522268 0.616846
vt 0.257219 0.457565
vt 0.259042 0.507159
vt 0.522326 0.675872
vt 0.259151 0.340504
vt 0.259033 0.691162
vt 0.908341 0.374520
vt 0.908339 0.550872
vt 0.908342 0.452276
vt 0.522035 0.909552
vt 0.849369 0.794200
vt 0.825044 0.770500
vt 0.257824 0.340503
vt 0.209308 0.340474
vt 0.695597 0.727847
vt 0.704510 0.691001
vt 0.704491 0.727852
vt 0.917917 0.076705
vt 0.925747 0.127697
vt 0.917897 0.127699
vt 0.449399 0.602196
vt 0.445687 0.635565
vt 0.441548 0.602416
vt 0.695607 0.850633
vt 0.704493 0.866279
vt 0.695599 0.866274
vt 0.719609 0.850646
vt 0.704501 0.850638
vt 0.441553 0.796057
vt 0.449339 0.686562
vt 0.449404 0.797372
vt 0.734055 0.290065
vt 0.706633 0.239065
vt 0.735328 0.239076
vt 0.719598 0.727860
vt 0.702464 0.129588
vt 0.734092 0.126397
vt 0.897834 0.949088
vt 0.889877 0.918786
vt 0.897755 0.918761
vt 0.704448 0.808418
vt 0.695616 0.833910
vt 0.695554 0.808413
vt 0.449316 0.635569
vt 0.445711 0.686563
vt 0.700858 0.239080
vt 0.704164 0.290051
vt 0.700682 0.289993
vt 0.733559 0.075121
vt 0.729409 0.004044
vt 0.732411 0.003958
vt 0.700503 0.323171
vt 0.702253 0.323198
vt 0.897648 0.901019
vt 0.889881 0.901031
vt 0.719556 0.808426
vt 0.704510 0.833915
vt 0.917915 0.043258
vt 0.925762 0.011976
vt 0.925765 0.043257
vt 0.733235 0.323397
vt 0.706464 0.290062
vt 0.750453 0.128295
vt 0.704339 0.239067
vt 0.549089 0.923666
vt 0.545676 0.923702
vt 0.541359 0.918863
vt 0.737130 0.004084
vt 0.734129 0.003972
vt 0.925762 0.288828
vt 0.917917 0.362529
vt 0.917911 0.288829
vt 0.550025 0.941261
vt 0.551704 0.941474
vt 0.550396 0.942929
vt 0.542342 0.941700
vt 0.542161 0.943420
vt 0.540679 0.942106
vt 0.551704 0.893028
vt 0.549996 0.893288
vt 0.550328 0.891567
vt 0.897922 0.899316
vt 0.899328 0.900705
vt 0.889599 0.899316
vt 0.888193 0.900722
vt 0.899532 0.949393
vt 0.898119 0.950813
vt 0.890011 0.949105
vt 0.889735 0.950818
vt 0.888320 0.949418
vt 0.542164 0.893065
vt 0.540475 0.892705
vt 0.541932 0.891340
vt 0.700711 0.129596
vt 0.539575 0.918310
vt 0.540437 0.920599
vt 0.542610 0.924606
vt 0.542574 0.922911
vt 0.539808 0.929238
vt 0.540586 0.926950
vt 0.541560 0.928606
vt 0.550861 0.923648
vt 0.916143 0.127697
vt 0.917906 0.238508
vt 0.916153 0.238508
vt 0.916164 0.076703
vt 0.899532 0.918752
vt 0.449478 0.570845
vt 0.451152 0.602130
vt 0.449399 0.602126
vt 0.888099 0.918788
vt 0.751998 0.354782
vt 0.750245 0.323506
vt 0.751997 0.323506
vt 0.751993 0.004397
vt 0.752270 0.078062
vt 0.750519 0.078043
vt 0.451230 0.921393
vt 0.449434 0.847693
vt 0.451187 0.847692
vt 0.916161 0.043258
vt 0.451069 0.635573
vt 0.451092 0.686564
vt 0.751996 0.290067
vt 0.750408 0.239081
vt 0.752161 0.239082
vt 0.443416 0.686562
vt 0.750243 0.290067
vt 0.443392 0.635574
vt 0.700311 0.004219
vt 0.702471 0.078446
vt 0.700717 0.078495
vt 0.700498 0.354782
vt 0.739387 0.004143
vt 0.727150 0.004073
vt 0.451157 0.797371
vt 0.752204 0.128297
vt 0.916158 0.288829
vt 0.916164 0.362530
vt 0.925757 0.238507
vt 0.719585 0.753021
vt 0.704478 0.753013
vt 0.695584 0.753008
vt 0.441627 0.921399
vt 0.449478 0.921394
vt 0.702064 0.004209
vt 0.916159 0.011977
vt 0.917912 0.011976
vt 0.925768 0.076704
vt 0.732460 0.354782
vt 0.750245 0.354782
vt 0.441583 0.847157
vt 0.883194 0.254371
vt 0.885340 0.254353
vt 0.880943 0.287705
vt 0.881725 0.057337
vt 0.890764 0.004109
vt 0.890206 0.058012
vt 0.881212 0.105053
vt 0.888165 0.086167
vt 0.889694 0.104901
vt 0.458122 0.089111
vt 0.506806 0.108834
vt 0.455604 0.108541
vt 0.968453 0.291129
vt 0.977011 0.254696
vt 0.977011 0.291172
vt 0.847250 0.056434
vt 0.821613 0.067674
vt 0.821612 0.056435
vt 0.977011 0.086725
vt 0.968453 0.057721
vt 0.977011 0.057721
vt 0.702734 0.876710
vt 0.694104 0.927060
vt 0.694104 0.876717
vt 0.845925 0.092076
vt 0.847252 0.090718
vt 0.821594 0.133091
vt 0.821615 0.092065
vt 0.455633 0.376429
vt 0.506865 0.299642
vt 0.506901 0.376405
vt 0.846951 0.092145
vt 0.847122 0.149924
vt 0.821585 0.151867
vt 0.880021 0.254383
vt 0.880672 0.173801
vt 0.886912 0.126765
vt 0.889468 0.124208
vt 0.888848 0.126726
vt 0.455597 0.297642
vt 0.506847 0.262148
vt 0.456068 0.131215
vt 0.454603 0.180108
vt 0.454519 0.131326
vt 0.889978 0.086184
vt 0.889201 0.254313
vt 0.886103 0.173701
vt 0.888045 0.173709
vt 0.506853 0.059327
vt 0.455697 0.003991
vt 0.506904 0.004038
vt 0.821611 0.031648
vt 0.847246 0.003966
vt 0.847248 0.031647
vt 0.455133 0.089103
vt 0.456106 0.089107
vt 0.977011 0.105860
vt 0.968453 0.127687
vt 0.968453 0.105860
vt 0.968453 0.175057
vt 0.968453 0.254696
vt 0.458142 0.180112
vt 0.455586 0.262172
vt 0.880226 0.170918
vt 0.734067 0.925049
vt 0.725443 0.874713
vt 0.734070 0.874707
vt 0.968453 0.365580
vt 0.977011 0.365580
vt 0.882740 0.173696
vt 0.977011 0.175057
vt 0.847189 0.190223
vt 0.821566 0.190210
vt 0.458129 0.131295
vt 0.506808 0.180089
vt 0.735494 0.925253
vt 0.734387 0.926471
vt 0.725439 0.925041
vt 0.725238 0.926471
vt 0.724021 0.925255
vt 0.734307 0.873273
vt 0.735487 0.874451
vt 0.702970 0.875276
vt 0.704151 0.876455
vt 0.692691 0.876466
vt 0.693864 0.875293
vt 0.702970 0.928502
vt 0.702734 0.927067
vt 0.704151 0.927323
vt 0.693864 0.928485
vt 0.692691 0.927312
vt 0.725204 0.873289
vt 0.724030 0.874462
vt 0.889690 0.289197
vt 0.880977 0.126682
vt 0.455589 0.128568
vt 0.506784 0.131281
vt 0.456146 0.180112
vt 0.455646 0.059869
vt 0.454157 0.059900
vt 0.508276 0.131281
vt 0.508301 0.180088
vt 0.454049 0.297654
vt 0.820838 0.151880
vt 0.508340 0.262148
vt 0.508358 0.299689
vt 0.820868 0.092065
vt 0.820867 0.067674
vt 0.820848 0.133090
vt 0.846863 0.133099
vt 0.847924 0.150016
vt 0.847250 0.067673
vt 0.878821 0.171050
vt 0.879164 0.173896
vt 0.845910 0.133103
vt 0.879541 0.126662
vt 0.454147 0.128661
vt 0.508343 0.059328
vt 0.508394 0.004040
vt 0.454111 0.108510
vt 0.454207 0.003990
vt 0.820866 0.056435
vt 0.821612 0.046583
vt 0.508394 0.376404
vt 0.881428 0.086093
vt 0.880288 0.057322
vt 0.879776 0.105037
vt 0.506824 0.089156
vt 0.820863 0.003967
vt 0.820865 0.031648
vt 0.508296 0.108835
vt 0.454032 0.262167
vt 0.882039 0.366795
vt 0.820866 0.046583
vt 0.880839 0.004007
vt 0.882276 0.004022
vt 0.847249 0.046581
vt 0.968453 0.003961
vt 0.977011 0.003961
vt 0.508315 0.089157
vt 0.879992 0.086078
vt 0.968453 0.086725
vt 0.869251 0.579195
vt 0.861719 0.384108
vt 0.869626 0.379028
vt 0.375236 0.679910
vt 0.329470 0.686710
vt 0.327154 0.676821
vt 0.933678 0.347316
vt 0.941529 0.354098
vt 0.933678 0.354098
vt 0.817133 0.364600
vt 0.768993 0.441960
vt 0.769133 0.364513
vt 0.327831 0.409035
vt 0.327007 0.414009
vt 0.326120 0.409384
vt 0.869097 0.648046
vt 0.864009 0.629391
vt 0.869122 0.629400
vt 0.745114 0.899043
vt 0.752958 0.947268
vt 0.745110 0.947257
vt 0.375855 0.482764
vt 0.333587 0.432534
vt 0.375839 0.432526
vt 0.861770 0.725563
vt 0.863986 0.648058
vt 0.327358 0.432528
vt 0.327803 0.482357
vt 0.933678 0.003955
vt 0.941524 0.081405
vt 0.933673 0.081404
vt 0.933673 0.100031
vt 0.941523 0.100032
vt 0.816879 0.460674
vt 0.768879 0.460587
vt 0.375758 0.413897
vt 0.329344 0.413884
vt 0.861545 0.375345
vt 0.861348 0.579606
vt 0.859908 0.385386
vt 0.941520 0.150250
vt 0.933670 0.150250
vt 0.005662 0.921099
vt 0.003962 0.920789
vt 0.005378 0.919376
vt 0.013509 0.921087
vt 0.013788 0.919353
vt 0.015213 0.920771
vt 0.744824 0.948976
vt 0.743408 0.947562
vt 0.753241 0.949001
vt 0.754665 0.947577
vt 0.743406 0.898734
vt 0.744830 0.897311
vt 0.753283 0.897339
vt 0.754665 0.898751
vt 0.752962 0.899054
vt 0.870844 0.629400
vt 0.003958 0.967287
vt 0.005666 0.966909
vt 0.005397 0.968847
vt 0.013536 0.967853
vt 0.015213 0.968919
vt 0.013530 0.970198
vt 0.870968 0.579201
vt 0.871307 0.378545
vt 0.943273 0.150252
vt 0.941528 0.347315
vt 0.941529 0.003956
vt 0.943277 0.081402
vt 0.943281 0.347320
vt 0.377510 0.413897
vt 0.375858 0.336554
vt 0.377609 0.336556
vt 0.871386 0.725493
vt 0.869660 0.725506
vt 0.870823 0.648038
vt 0.943276 0.100029
vt 0.861877 0.629394
vt 0.859627 0.579611
vt 0.377609 0.482764
vt 0.377592 0.432525
vt 0.326170 0.336490
vt 0.327923 0.336492
vt 0.859641 0.375089
vt 0.869449 0.375228
vt 0.871386 0.375400
vt 0.861241 0.652665
vt 0.861588 0.648017
vt 0.768789 0.510808
vt 0.376964 0.686697
vt 0.375211 0.686696
vt 0.769119 0.707882
vt 0.816789 0.510895
vt 0.817133 0.711749
vt 0.816545 0.714750
vt 0.769134 0.714665
vt 0.376990 0.679911
vt 0.470660 0.748400
vt 0.460889 0.881885
vt 0.460889 0.748400
vt 0.108523 0.904926
vt 0.098754 0.769112
vt 0.108523 0.769112
vt 0.632827 0.978693
vt 0.642662 0.845231
vt 0.642662 0.978693
vt 0.582077 0.852694
vt 0.591912 0.986155
vt 0.582077 0.986155
vt 0.418022 0.340225
vt 0.408326 0.350066
vt 0.408310 0.340283
vt 0.836390 0.404106
vt 0.826702 0.394381
vt 0.836390 0.394337
vt 0.129714 0.783142
vt 0.119948 0.931905
vt 0.119948 0.783142
vt 0.544447 0.733407
vt 0.551228 0.746402
vt 0.541462 0.746688
vt 0.984907 0.866864
vt 0.994676 0.879866
vt 0.984907 0.879866
vt 0.168587 0.796556
vt 0.158817 0.932089
vt 0.158817 0.796277
vt 0.390484 0.370005
vt 0.400172 0.360280
vt 0.400172 0.370049
vt 0.482085 0.881891
vt 0.491855 0.733065
vt 0.491855 0.881891
vt 0.805205 0.728308
vt 0.811389 0.722199
vt 0.814971 0.727607
vt 0.147396 0.783140
vt 0.137630 0.931903
vt 0.137630 0.783140
vt 0.660355 0.994038
vt 0.650587 0.845234
vt 0.660355 0.845234
vt 0.411541 0.374011
vt 0.421227 0.364289
vt 0.421227 0.374055
vt 0.324860 0.853344
vt 0.315091 0.996038
vt 0.315091 0.853344
vt 0.542112 0.733355
vt 0.063361 0.769609
vt 0.069574 0.775720
vt 0.059738 0.774997
vt 0.387255 0.350065
vt 0.396948 0.340228
vt 0.396964 0.350008
vt 0.241491 0.933168
vt 0.247723 0.933124
vt 0.247790 0.942895
vt 0.591912 0.852618
vt 0.588679 0.837355
vt 0.590995 0.837303
vt 0.709367 0.945047
vt 0.709235 0.935436
vt 0.716388 0.935278
vt 0.081003 0.769122
vt 0.079250 0.775232
vt 0.079250 0.769122
vt 0.293760 0.938139
vt 0.293805 0.931137
vt 0.303432 0.931108
vt 0.090839 0.775232
vt 0.081003 0.917936
vt 0.081003 0.775232
vt 0.406594 0.350361
vt 0.408012 0.351813
vt 0.418342 0.351723
vt 0.418038 0.350008
vt 0.419754 0.350299
vt 0.303767 0.942538
vt 0.303440 0.940835
vt 0.305151 0.941113
vt 0.406594 0.339993
vt 0.408006 0.338568
vt 0.419754 0.339930
vt 0.418336 0.338478
vt 0.305151 0.930813
vt 0.303740 0.929373
vt 0.292112 0.930821
vt 0.293520 0.929434
vt 0.826397 0.392673
vt 0.824993 0.394093
vt 0.826702 0.404062
vt 0.826397 0.405769
vt 0.824993 0.404349
vt 0.709084 0.946746
vt 0.707675 0.945356
vt 0.708884 0.933752
vt 0.707531 0.935187
vt 0.836679 0.392566
vt 0.838133 0.394025
vt 0.838133 0.404417
vt 0.836679 0.405877
vt 0.718986 0.945000
vt 0.720709 0.945308
vt 0.719289 0.946746
vt 0.401915 0.359969
vt 0.400461 0.358509
vt 0.390484 0.360324
vt 0.388775 0.360036
vt 0.390179 0.358617
vt 0.422969 0.374366
vt 0.421516 0.375825
vt 0.409833 0.374299
vt 0.411237 0.375718
vt 0.401915 0.370361
vt 0.400461 0.371820
vt 0.388775 0.370293
vt 0.390179 0.371713
vt 0.422969 0.363977
vt 0.421516 0.362519
vt 0.409833 0.364045
vt 0.411237 0.362626
vt 0.411541 0.364333
vt 0.397262 0.338481
vt 0.398679 0.339932
vt 0.387239 0.340285
vt 0.385523 0.339995
vt 0.386935 0.338571
vt 0.248018 0.931375
vt 0.249451 0.932815
vt 0.398679 0.350298
vt 0.397268 0.351722
vt 0.385523 0.350361
vt 0.386941 0.351812
vt 0.238176 0.942939
vt 0.237902 0.944639
vt 0.236490 0.943264
vt 0.249517 0.943188
vt 0.248093 0.944639
vt 0.539711 0.746644
vt 0.720792 0.938131
vt 0.718948 0.937800
vt 0.719745 0.935765
vt 0.715988 0.933409
vt 0.718405 0.934401
vt 0.291938 0.937769
vt 0.292918 0.940106
vt 0.296577 0.940895
vt 0.296933 0.942761
vt 0.294565 0.941714
vt 0.572408 0.868563
vt 0.573541 0.883980
vt 0.571433 0.883879
vt 0.071327 0.918424
vt 0.069574 0.918424
vt 0.241492 0.931366
vt 0.239272 0.932429
vt 0.236282 0.936725
vt 0.237223 0.934551
vt 0.238076 0.936665
vt 0.560886 0.735061
vt 0.562642 0.868499
vt 0.560889 0.868501
vt 0.459136 0.733059
vt 0.459136 0.748400
vt 0.472413 0.748400
vt 0.470660 0.881885
vt 0.110277 0.904926
vt 0.552963 0.733395
vt 0.552981 0.746401
vt 0.157064 0.796277
vt 0.158817 0.783275
vt 0.118195 0.783142
vt 0.149148 0.931903
vt 0.147396 0.931903
vt 0.493609 0.881891
vt 0.493609 0.733065
vt 0.480332 0.733065
vt 0.480332 0.881891
vt 0.803450 0.728305
vt 0.805223 0.722181
vt 0.069574 0.769609
vt 0.071327 0.775720
vt 0.165579 0.783275
vt 0.167909 0.783220
vt 0.539708 0.882176
vt 0.541462 0.882176
vt 0.569093 0.883832
vt 0.574159 0.735061
vt 0.574159 0.868611
vt 0.813682 0.721997
vt 0.816715 0.870983
vt 0.814961 0.870983
vt 0.562664 0.883841
vt 0.157064 0.932089
vt 0.552981 0.882176
vt 0.551229 0.882176
vt 0.110277 0.917929
vt 0.108523 0.917929
vt 0.994676 0.731062
vt 0.984907 0.731062
vt 0.098754 0.917929
vt 0.061181 0.769405
vt 0.816715 0.727491
vt 0.816487 0.721613
vt 0.803440 0.870982
vt 0.805193 0.870982
vt 0.324860 0.847234
vt 0.315091 0.847234
vt 0.059738 0.918424
vt 0.472413 0.733059
vt 0.470660 0.733059
vt 0.459136 0.881885
vt 0.560911 0.883843
vt 0.632827 0.994032
vt 0.642662 0.994032
vt 0.460889 0.733059
vt 0.572406 0.735061
vt 0.562639 0.735061
vt 0.582077 0.837355
vt 0.437164 0.346051
vt 0.433356 0.345094
vt 0.437296 0.345282
vt 0.432889 0.939933
vt 0.441843 0.938321
vt 0.441883 0.939900
vt 0.430930 0.936020
vt 0.430979 0.928254
vt 0.441904 0.928302
vt 0.368185 0.830941
vt 0.360142 0.853084
vt 0.357239 0.831723
vt 0.440622 0.344461
vt 0.438228 0.346523
vt 0.438526 0.345188
vt 0.835570 0.954984
vt 0.833548 0.957370
vt 0.829437 0.957370
vt 0.356652 0.851481
vt 0.358618 0.853113
vt 0.355387 0.696124
vt 0.361210 0.695340
vt 0.357089 0.714480
vt 0.415971 0.769232
vt 0.426916 0.747086
vt 0.426916 0.769232
vt 0.306245 0.842901
vt 0.300787 0.857708
vt 0.295303 0.843216
vt 0.439516 0.356513
vt 0.428625 0.350464
vt 0.439529 0.349726
vt 0.275295 0.941606
vt 0.282662 0.939114
vt 0.282941 0.941491
vt 0.107384 0.930184
vt 0.101221 0.931658
vt 0.101141 0.930273
vt 0.274202 0.942054
vt 0.271436 0.938084
vt 0.273797 0.939102
vt 0.283705 0.951047
vt 0.272709 0.945513
vt 0.283693 0.943851
vt 0.110132 0.936034
vt 0.099180 0.941838
vt 0.099182 0.934442
vt 0.898286 0.889476
vt 0.890093 0.887827
vt 0.901019 0.876902
vt 0.299508 0.857732
vt 0.294700 0.856509
vt 0.295183 0.846454
vt 0.388862 0.889359
vt 0.377983 0.751479
vt 0.388925 0.749608
vt 0.408052 0.899331
vt 0.397106 0.904818
vt 0.397106 0.899331
vt 0.098502 0.929607
vt 0.100046 0.932065
vt 0.098996 0.932966
vt 0.385296 0.903744
vt 0.377931 0.903730
vt 0.377920 0.888953
vt 0.442806 0.928151
vt 0.442070 0.927399
vt 0.440408 0.356673
vt 0.439668 0.357403
vt 0.430090 0.928091
vt 0.430831 0.927362
vt 0.428620 0.356508
vt 0.428470 0.357403
vt 0.427722 0.356675
vt 0.428197 0.349430
vt 0.427672 0.350646
vt 0.357307 0.718807
vt 0.356362 0.718774
vt 0.442034 0.343759
vt 0.441262 0.343021
vt 0.439707 0.348242
vt 0.440500 0.349626
vt 0.432288 0.344451
vt 0.433493 0.343813
vt 0.432035 0.347087
vt 0.431415 0.346258
vt 0.432909 0.345908
vt 0.437404 0.347191
vt 0.437932 0.344120
vt 0.355514 0.851169
vt 0.356319 0.831757
vt 0.442806 0.940358
vt 0.441982 0.941123
vt 0.442718 0.937749
vt 0.441848 0.937189
vt 0.430981 0.937871
vt 0.431689 0.937132
vt 0.432295 0.938316
vt 0.432959 0.941188
vt 0.431862 0.940503
vt 0.305600 0.699918
vt 0.305748 0.699036
vt 0.306477 0.699755
vt 0.306287 0.857677
vt 0.307170 0.857830
vt 0.306445 0.858565
vt 0.378017 0.746026
vt 0.377141 0.745869
vt 0.377865 0.745148
vt 0.377777 0.904613
vt 0.377051 0.903884
vt 0.298654 0.699726
vt 0.300071 0.699012
vt 0.300174 0.699925
vt 0.901940 0.739057
vt 0.901009 0.739066
vt 0.901350 0.737589
vt 0.889247 0.737228
vt 0.889834 0.735741
vt 0.890175 0.737220
vt 0.386800 0.745927
vt 0.384982 0.746009
vt 0.385166 0.745088
vt 0.899768 0.735569
vt 0.898870 0.736284
vt 0.898575 0.735063
vt 0.274997 0.942747
vt 0.284088 0.941950
vt 0.283233 0.942664
vt 0.891037 0.735069
vt 0.890838 0.736292
vt 0.300405 0.858621
vt 0.901487 0.880103
vt 0.901940 0.876876
vt 0.386712 0.904005
vt 0.385358 0.904668
vt 0.889834 0.889253
vt 0.889174 0.887895
vt 0.296392 0.857933
vt 0.296513 0.858952
vt 0.295238 0.858468
vt 0.899316 0.889971
vt 0.898364 0.890678
vt 0.890847 0.890260
vt 0.891729 0.889481
vt 0.892086 0.890705
vt 0.100865 0.932832
vt 0.795507 0.880768
vt 0.794586 0.857661
vt 0.795507 0.857661
vt 0.369090 0.853089
vt 0.369106 0.830942
vt 0.362444 0.695368
vt 0.354194 0.696384
vt 0.783642 0.745316
vt 0.783642 0.724716
vt 0.794586 0.745194
vt 0.430137 0.936377
vt 0.782721 0.876888
vt 0.783642 0.857632
vt 0.783642 0.876846
vt 0.785308 0.723050
vt 0.307170 0.842899
vt 0.110132 0.942764
vt 0.110132 0.941841
vt 0.377053 0.751471
vt 0.272711 0.951978
vt 0.283710 0.951978
vt 0.294716 0.705356
vt 0.389072 0.748093
vt 0.283969 0.938711
vt 0.272439 0.943923
vt 0.388859 0.900208
vt 0.889164 0.876983
vt 0.294105 0.857518
vt 0.107762 0.931580
vt 0.108240 0.932791
vt 0.794586 0.723050
vt 0.368249 0.718468
vt 0.369169 0.718468
vt 0.795507 0.745194
vt 0.795507 0.723050
vt 0.415971 0.881713
vt 0.426916 0.881713
vt 0.415971 0.904824
vt 0.426916 0.904824
vt 0.835570 0.823321
vt 0.826782 0.803173
vt 0.835570 0.803173
vt 0.782721 0.725098
vt 0.368249 0.695368
vt 0.369169 0.695368
vt 0.794586 0.880768
vt 0.787803 0.880768
vt 0.824624 0.935410
vt 0.835570 0.935667
vt 0.782721 0.857574
vt 0.890088 0.877088
vt 0.376996 0.888955
vt 0.305661 0.705371
vt 0.306591 0.705359
vt 0.408052 0.747080
vt 0.397106 0.761889
vt 0.397106 0.747080
vt 0.408052 0.761889
vt 0.663274 0.813159
vt 0.661217 0.810979
vt 0.661362 0.813417
vt 0.663186 0.810778
vt 0.661173 0.809411
vt 0.663279 0.809223
vt 0.661010 0.807218
vt 0.662912 0.804961
vt 0.660885 0.805102
vt 0.662603 0.803443
vt 0.660627 0.803557
vt 0.662312 0.801078
vt 0.660383 0.801126
vt 0.660436 0.798851
vt 0.662338 0.798899
vt 0.660781 0.796733
vt 0.662670 0.796854
vt 0.660960 0.794478
vt 0.283118 0.965872
vt 0.286095 0.968860
vt 0.287137 0.966854
vt 0.663004 0.792384
vt 0.661118 0.792222
vt 0.662980 0.790312
vt 0.661093 0.790076
vt 0.159083 0.969451
vt 0.160147 0.973691
vt 0.161290 0.969499
vt 0.157162 0.970913
vt 0.156567 0.972393
vt 0.164083 0.972710
vt 0.164083 0.974982
vt 0.163123 0.976856
vt 0.161197 0.977935
vt 0.158815 0.977545
vt 0.163017 0.970704
vt 0.157494 0.976641
vt 0.156818 0.974523
vt 0.284150 0.961600
vt 0.281747 0.962036
vt 0.280487 0.962969
vt 0.279865 0.965076
vt 0.279591 0.967176
vt 0.280133 0.968645
vt 0.282064 0.970140
vt 0.284338 0.970093
vt 0.287137 0.964594
vt 0.286146 0.962690
vt 0.663279 0.788154
vt 0.661379 0.787818
vt 0.751766 0.884520
vt 0.743640 0.882678
vt 0.751768 0.882658
vt 0.751763 0.880795
vt 0.743635 0.880816
vt 0.751752 0.878932
vt 0.743572 0.878928
vt 0.751741 0.877069
vt 0.743409 0.875183
vt 0.751746 0.875206
vt 0.743588 0.873302
vt 0.751768 0.873343
vt 0.137093 0.484251
vt 0.135704 0.486434
vt 0.137523 0.486371
vt 0.135299 0.484303
vt 0.136278 0.482139
vt 0.134505 0.482180
vt 0.135940 0.480012
vt 0.134184 0.480043
vt 0.134273 0.477899
vt 0.136035 0.477878
vt 0.134766 0.475751
vt 0.136537 0.475741
vt 0.134781 0.473608
vt 0.136537 0.471475
vt 0.134766 0.471465
vt 0.136035 0.469338
vt 0.134273 0.469318
vt 0.135916 0.467204
vt 0.134162 0.467173
vt 0.991998 0.947552
vt 0.988958 0.950541
vt 0.990780 0.951675
vt 0.134505 0.465037
vt 0.136278 0.465078
vt 0.135299 0.462914
vt 0.746731 0.964425
vt 0.743801 0.961476
vt 0.744897 0.965483
vt 0.747801 0.962597
vt 0.747815 0.960417
vt 0.740871 0.964434
vt 0.739805 0.962576
vt 0.739760 0.960327
vt 0.740788 0.958441
vt 0.742682 0.957426
vt 0.742716 0.965483
vt 0.744930 0.957488
vt 0.746776 0.958567
vt 0.995998 0.948658
vt 0.996005 0.946491
vt 0.994926 0.944500
vt 0.993071 0.943395
vt 0.990927 0.943426
vt 0.989059 0.944591
vt 0.987980 0.946440
vt 0.987955 0.948581
vt 0.992941 0.951675
vt 0.994890 0.950521
vt 0.137093 0.462966
vt 0.135704 0.460783
vt 0.761009 0.518737
vt 0.752831 0.520599
vt 0.752831 0.518737
vt 0.761009 0.520599
vt 0.752831 0.522462
vt 0.761009 0.522462
vt 0.752831 0.524325
vt 0.761009 0.524325
vt 0.752831 0.526188
vt 0.761009 0.526188
vt 0.752831 0.528051
vt 0.761009 0.528051
vt 0.752831 0.529914
vt 0.601668 0.991016
vt 0.599904 0.993175
vt 0.601689 0.993155
vt 0.599865 0.988889
vt 0.599883 0.991032
vt 0.601637 0.986736
vt 0.599851 0.986746
vt 0.601627 0.984596
vt 0.599842 0.984603
vt 0.601621 0.982456
vt 0.599836 0.982460
vt 0.599834 0.980316
vt 0.601619 0.980316
vt 0.599836 0.978173
vt 0.601621 0.978177
vt 0.599842 0.976030
vt 0.601627 0.976037
vt 0.599851 0.973887
vt 0.892096 0.963408
vt 0.896095 0.962336
vt 0.895024 0.960480
vt 0.601650 0.971757
vt 0.599865 0.971744
vt 0.599883 0.969601
vt 0.172275 0.956481
vt 0.169322 0.959431
vt 0.173355 0.958352
vt 0.170404 0.955400
vt 0.168243 0.955398
vt 0.172274 0.962385
vt 0.170402 0.963464
vt 0.168241 0.963463
vt 0.166370 0.962382
vt 0.165290 0.960510
vt 0.173355 0.960513
vt 0.165290 0.958350
vt 0.166370 0.956477
vt 0.889168 0.960480
vt 0.888097 0.962336
vt 0.888097 0.964479
vt 0.889168 0.966335
vt 0.891024 0.967407
vt 0.893167 0.967407
vt 0.895024 0.966335
vt 0.896095 0.964479
vt 0.893167 0.959409
vt 0.891024 0.959409
vt 0.601689 0.967478
vt 0.599904 0.967458
vt 0.438258 0.949392
vt 0.430081 0.951255
vt 0.430081 0.949392
vt 0.438258 0.951255
vt 0.430081 0.953118
vt 0.438258 0.953118
vt 0.430081 0.954981
vt 0.438258 0.954981
vt 0.430081 0.956844
vt 0.438258 0.956844
vt 0.430081 0.958707
vt 0.438258 0.958707
vt 0.430081 0.960570
vt 0.633744 0.510675
vt 0.631687 0.508494
vt 0.631832 0.510933
vt 0.633657 0.508293
vt 0.631643 0.506926
vt 0.633749 0.506738
vt 0.631480 0.504733
vt 0.633382 0.502476
vt 0.631355 0.502618
vt 0.633074 0.500958
vt 0.631097 0.501072
vt 0.632782 0.498593
vt 0.630853 0.498642
vt 0.630906 0.496367
vt 0.632808 0.496414
vt 0.631251 0.494248
vt 0.633140 0.494369
vt 0.631430 0.491993
vt 0.775239 0.963856
vt 0.778216 0.966844
vt 0.779258 0.964838
vt 0.633474 0.489899
vt 0.631589 0.489737
vt 0.633450 0.487827
vt 0.631563 0.487590
vt 0.443533 0.967447
vt 0.444598 0.971687
vt 0.445740 0.967495
vt 0.441612 0.968909
vt 0.441017 0.970389
vt 0.448533 0.970706
vt 0.448533 0.972978
vt 0.447574 0.974852
vt 0.445648 0.975931
vt 0.443266 0.975541
vt 0.447467 0.968700
vt 0.441945 0.974637
vt 0.441269 0.972519
vt 0.776271 0.959583
vt 0.773869 0.960019
vt 0.772609 0.960952
vt 0.771986 0.963060
vt 0.771712 0.965159
vt 0.772254 0.966628
vt 0.774185 0.968123
vt 0.776459 0.968076
vt 0.779258 0.962577
vt 0.778267 0.960673
vt 0.633749 0.485668
vt 0.631850 0.485333
vt 0.265993 0.712250
vt 0.257866 0.710408
vt 0.265994 0.710387
vt 0.265990 0.708524
vt 0.257862 0.708545
vt 0.265979 0.706661
vt 0.257799 0.706657
vt 0.265968 0.704798
vt 0.257631 0.704775
vt 0.265973 0.702935
vt 0.257815 0.701031
vt 0.265994 0.701072
vt 0.633753 0.442186
vt 0.632364 0.444370
vt 0.634182 0.444306
vt 0.631959 0.442239
vt 0.632938 0.440075
vt 0.631165 0.440116
vt 0.632600 0.437948
vt 0.630844 0.437979
vt 0.630933 0.435835
vt 0.632695 0.435814
vt 0.631426 0.433687
vt 0.633197 0.433677
vt 0.631441 0.431544
vt 0.633197 0.429412
vt 0.631426 0.429401
vt 0.632695 0.427275
vt 0.630933 0.427254
vt 0.632576 0.425140
vt 0.630822 0.425109
vt 0.102208 0.955562
vt 0.099167 0.958551
vt 0.100989 0.959685
vt 0.631165 0.422973
vt 0.632938 0.423014
vt 0.631959 0.420850
vt 0.030123 0.966426
vt 0.027193 0.963478
vt 0.028289 0.967485
vt 0.031193 0.964599
vt 0.031207 0.962418
vt 0.024262 0.966435
vt 0.023196 0.964578
vt 0.023151 0.962328
vt 0.024179 0.960442
vt 0.026073 0.959427
vt 0.026108 0.967485
vt 0.028322 0.959489
vt 0.030168 0.960568
vt 0.106207 0.956668
vt 0.106215 0.954501
vt 0.105135 0.952510
vt 0.103280 0.951405
vt 0.101136 0.951435
vt 0.099269 0.952601
vt 0.098189 0.954450
vt 0.098164 0.956591
vt 0.103151 0.959685
vt 0.105100 0.958531
vt 0.633753 0.420902
vt 0.632364 0.418719
vt 0.126232 0.941377
vt 0.118054 0.943240
vt 0.118054 0.941377
vt 0.126232 0.943240
vt 0.118054 0.945103
vt 0.126232 0.945103
vt 0.118054 0.946966
vt 0.126232 0.946966
vt 0.118054 0.948829
vt 0.126232 0.948829
vt 0.118054 0.950692
vt 0.126232 0.950692
vt 0.118054 0.952555
vt 0.991139 0.912901
vt 0.989376 0.915060
vt 0.991161 0.915041
vt 0.989354 0.912917
vt 0.991122 0.910761
vt 0.989337 0.910774
vt 0.991108 0.908622
vt 0.989323 0.908631
vt 0.991098 0.906482
vt 0.989313 0.906488
vt 0.989308 0.904345
vt 0.991091 0.902202
vt 0.989306 0.902202
vt 0.989308 0.900059
vt 0.991093 0.900063
vt 0.989313 0.897916
vt 0.991108 0.895783
vt 0.989323 0.895773
vt 0.146633 0.965407
vt 0.150632 0.964336
vt 0.149561 0.962480
vt 0.991122 0.893643
vt 0.989337 0.893631
vt 0.991139 0.891504
vt 0.989354 0.891488
vt 0.793986 0.954478
vt 0.791034 0.957429
vt 0.795066 0.956350
vt 0.792115 0.953398
vt 0.789955 0.953396
vt 0.793986 0.960383
vt 0.792113 0.961462
vt 0.789953 0.961461
vt 0.788082 0.960380
vt 0.787002 0.958509
vt 0.795066 0.958511
vt 0.787002 0.956348
vt 0.788082 0.954476
vt 0.143706 0.962480
vt 0.142634 0.964336
vt 0.142634 0.966479
vt 0.143706 0.968335
vt 0.145562 0.969406
vt 0.147705 0.969406
vt 0.149561 0.968335
vt 0.150632 0.966479
vt 0.147705 0.961408
vt 0.145562 0.961408
vt 0.989376 0.889345
vt 0.031313 0.939378
vt 0.023136 0.941240
vt 0.023136 0.939378
vt 0.031313 0.941240
vt 0.023136 0.943103
vt 0.031313 0.943103
vt 0.023136 0.944966
vt 0.031313 0.944966
vt 0.023136 0.946829
vt 0.031313 0.946829
vt 0.023136 0.948692
vt 0.031313 0.948692
vt 0.023136 0.950555
vt 0.602730 0.899265
vt 0.600673 0.897085
vt 0.600818 0.899523
vt 0.602643 0.896883
vt 0.600630 0.895517
vt 0.602735 0.895329
vt 0.600466 0.893323
vt 0.602368 0.891067
vt 0.600341 0.891208
vt 0.602060 0.889549
vt 0.600083 0.889663
vt 0.601768 0.887184
vt 0.599840 0.887232
vt 0.599892 0.884957
vt 0.601794 0.885005
vt 0.600238 0.882838
vt 0.602126 0.882959
vt 0.600417 0.880584
vt 0.547186 0.969878
vt 0.550163 0.972866
vt 0.551205 0.970860
vt 0.602461 0.878490
vt 0.600575 0.878328
vt 0.602437 0.876418
vt 0.600549 0.876181
vt 0.965837 0.965447
vt 0.966902 0.969687
vt 0.968044 0.965495
vt 0.963916 0.966909
vt 0.963321 0.968389
vt 0.970837 0.968706
vt 0.970837 0.970977
vt 0.969878 0.972852
vt 0.967952 0.973930
vt 0.965569 0.973541
vt 0.969771 0.966700
vt 0.964249 0.972637
vt 0.963572 0.970519
vt 0.548218 0.965605
vt 0.545816 0.966041
vt 0.544556 0.966974
vt 0.543933 0.969082
vt 0.543659 0.971181
vt 0.544201 0.972650
vt 0.546132 0.974145
vt 0.548406 0.974098
vt 0.551205 0.968599
vt 0.550215 0.966696
vt 0.602735 0.874259
vt 0.600836 0.873924
vt 0.959776 0.556012
vt 0.951648 0.554170
vt 0.959777 0.554149
vt 0.959772 0.552287
vt 0.951644 0.552307
vt 0.959761 0.550424
vt 0.951581 0.550420
vt 0.959750 0.548561
vt 0.951413 0.548538
vt 0.959755 0.546698
vt 0.951597 0.544793
vt 0.959777 0.544835
vt 0.136653 0.416120
vt 0.135264 0.418303
vt 0.137082 0.418240
vt 0.134858 0.416172
vt 0.135838 0.414008
vt 0.134065 0.414050
vt 0.135500 0.411882
vt 0.133744 0.411913
vt 0.133832 0.409768
vt 0.135595 0.409748
vt 0.134326 0.407621
vt 0.136097 0.407611
vt 0.134340 0.405478
vt 0.136097 0.403346
vt 0.134326 0.403335
vt 0.135595 0.401208
vt 0.133832 0.401188
vt 0.135476 0.399074
vt 0.133722 0.399043
vt 0.441405 0.368678
vt 0.438364 0.371666
vt 0.440185 0.372800
vt 0.134065 0.396907
vt 0.135838 0.396948
vt 0.134858 0.394784
vt 0.188267 0.966430
vt 0.185337 0.963481
vt 0.186433 0.967488
vt 0.189337 0.964602
vt 0.189351 0.962421
vt 0.182406 0.966438
vt 0.181340 0.964581
vt 0.181295 0.962331
vt 0.182323 0.960446
vt 0.184217 0.959431
vt 0.184252 0.967488
vt 0.186466 0.959492
vt 0.188312 0.960571
vt 0.445404 0.369784
vt 0.445411 0.367617
vt 0.444332 0.365626
vt 0.442477 0.364521
vt 0.440333 0.364552
vt 0.438465 0.365717
vt 0.437386 0.367566
vt 0.437361 0.369707
vt 0.442347 0.372800
vt 0.444296 0.371647
vt 0.136653 0.394837
vt 0.135264 0.392653
vt 0.158428 0.941383
vt 0.150250 0.943245
vt 0.150250 0.941383
vt 0.158428 0.945108
vt 0.150250 0.945108
vt 0.150250 0.946971
vt 0.158428 0.946971
vt 0.150250 0.948834
vt 0.158428 0.948834
vt 0.150250 0.950697
vt 0.158428 0.950697
vt 0.150250 0.952560
vt 0.099998 0.993155
vt 0.098192 0.991032
vt 0.098213 0.993175
vt 0.099977 0.991016
vt 0.098174 0.988889
vt 0.099959 0.988876
vt 0.098160 0.986746
vt 0.099936 0.984596
vt 0.098151 0.984603
vt 0.099930 0.982456
vt 0.098145 0.982460
vt 0.098143 0.980317
vt 0.099928 0.980317
vt 0.098145 0.978174
vt 0.099930 0.978177
vt 0.098151 0.976031
vt 0.099946 0.973897
vt 0.098160 0.973888
vt 0.759714 0.965409
vt 0.763713 0.964337
vt 0.762641 0.962481
vt 0.098174 0.971745
vt 0.099977 0.969618
vt 0.098192 0.969602
vt 0.249029 0.958484
vt 0.246076 0.961435
vt 0.250108 0.960356
vt 0.247158 0.957403
vt 0.244997 0.957402
vt 0.249028 0.964389
vt 0.247156 0.965468
vt 0.244995 0.965467
vt 0.243124 0.964386
vt 0.242044 0.962514
vt 0.250108 0.962517
vt 0.242044 0.960353
vt 0.243124 0.958482
vt 0.756786 0.962481
vt 0.755715 0.964337
vt 0.755715 0.966481
vt 0.756786 0.968337
vt 0.758642 0.969408
vt 0.760785 0.969408
vt 0.762641 0.968337
vt 0.763713 0.966481
vt 0.760785 0.961410
vt 0.758642 0.961410
vt 0.098213 0.967459
vt 0.142333 0.941373
vt 0.134155 0.943236
vt 0.134155 0.941373
vt 0.142333 0.943236
vt 0.134155 0.945099
vt 0.142333 0.945099
vt 0.134155 0.946962
vt 0.142333 0.946962
vt 0.134155 0.948825
vt 0.142333 0.948825
vt 0.134155 0.950688
vt 0.142333 0.950688
vt 0.134155 0.952551
vt 0.218090 0.881266
vt 0.216033 0.879086
vt 0.216178 0.881524
vt 0.218003 0.878885
vt 0.215990 0.877518
vt 0.218096 0.877330
vt 0.215826 0.875325
vt 0.217728 0.873068
vt 0.215702 0.873209
vt 0.217420 0.871550
vt 0.215443 0.871664
vt 0.217128 0.869185
vt 0.215199 0.869234
vt 0.215253 0.866959
vt 0.217154 0.867007
vt 0.215598 0.864840
vt 0.217486 0.864961
vt 0.215777 0.862586
vt 0.569306 0.969879
vt 0.572283 0.972867
vt 0.573326 0.970861
vt 0.217821 0.860492
vt 0.215935 0.860330
vt 0.217797 0.858419
vt 0.215909 0.858183
vt 0.947367 0.965447
vt 0.948432 0.969687
vt 0.949575 0.965495
vt 0.945447 0.966909
vt 0.944852 0.968389
vt 0.952367 0.968706
vt 0.952367 0.970977
vt 0.951408 0.972852
vt 0.949482 0.973930
vt 0.947100 0.973541
vt 0.951301 0.966700
vt 0.945779 0.972637
vt 0.945103 0.970519
vt 0.570339 0.965606
vt 0.567936 0.966043
vt 0.566676 0.966975
vt 0.566053 0.969083
vt 0.565779 0.971183
vt 0.566321 0.972652
vt 0.568252 0.974147
vt 0.570527 0.974100
vt 0.573326 0.968600
vt 0.572335 0.966697
vt 0.218096 0.856261
vt 0.216196 0.855926
vt 0.263218 0.732279
vt 0.255092 0.730437
vt 0.263219 0.730416
vt 0.263214 0.728553
vt 0.255087 0.728574
vt 0.263204 0.726690
vt 0.255024 0.726687
vt 0.263193 0.724828
vt 0.254861 0.722941
vt 0.263198 0.722965
vt 0.255040 0.721060
vt 0.263219 0.721102
vt 0.136177 0.450178
vt 0.134788 0.452362
vt 0.136606 0.452298
vt 0.134383 0.450230
vt 0.135362 0.448066
vt 0.133589 0.448107
vt 0.135023 0.445940
vt 0.133268 0.445970
vt 0.133356 0.443826
vt 0.135119 0.443805
vt 0.133850 0.441678
vt 0.135620 0.441668
vt 0.133864 0.439535
vt 0.135620 0.437402
vt 0.133850 0.437392
vt 0.135119 0.435265
vt 0.133356 0.435244
vt 0.135000 0.433130
vt 0.133245 0.433099
vt 0.450225 0.953562
vt 0.447184 0.956550
vt 0.449006 0.957684
vt 0.133589 0.430963
vt 0.135362 0.431004
vt 0.134383 0.428840
vt 0.675275 0.964425
vt 0.672345 0.961477
vt 0.673441 0.965484
vt 0.676345 0.962598
vt 0.676359 0.960417
vt 0.669415 0.964434
vt 0.668349 0.962576
vt 0.668303 0.960327
vt 0.669332 0.958441
vt 0.671226 0.957426
vt 0.671260 0.965484
vt 0.673474 0.957488
vt 0.675320 0.958567
vt 0.454224 0.954668
vt 0.454232 0.952500
vt 0.453152 0.950509
vt 0.451297 0.949404
vt 0.449153 0.949435
vt 0.447286 0.950600
vt 0.446206 0.952449
vt 0.446181 0.954590
vt 0.451168 0.957684
vt 0.453117 0.956531
vt 0.136177 0.428892
vt 0.134788 0.426708
vt 0.752813 0.638924
vt 0.760991 0.640787
vt 0.752813 0.640787
vt 0.760991 0.642650
vt 0.752813 0.642650
vt 0.752813 0.644513
vt 0.760991 0.644513
vt 0.752813 0.646376
vt 0.760991 0.646376
vt 0.752813 0.648239
vt 0.760991 0.648239
vt 0.752813 0.650102
vt 0.501868 0.991020
vt 0.500105 0.993179
vt 0.501890 0.993160
vt 0.500083 0.991036
vt 0.501851 0.988880
vt 0.500066 0.988893
vt 0.500052 0.986750
vt 0.501827 0.984601
vt 0.500042 0.984607
vt 0.500036 0.982464
vt 0.501821 0.982461
vt 0.500034 0.980321
vt 0.501820 0.980321
vt 0.500036 0.978178
vt 0.501821 0.978181
vt 0.500042 0.976035
vt 0.501827 0.976041
vt 0.500052 0.973892
vt 0.985084 0.963408
vt 0.989083 0.962336
vt 0.988011 0.960480
vt 0.501851 0.971762
vt 0.500066 0.971749
vt 0.500083 0.969605
vt 0.136449 0.686069
vt 0.133497 0.689020
vt 0.137529 0.687941
vt 0.134578 0.684988
vt 0.132417 0.684987
vt 0.136449 0.691974
vt 0.134576 0.693053
vt 0.132415 0.693052
vt 0.130544 0.691971
vt 0.129464 0.690100
vt 0.137529 0.690102
vt 0.129464 0.687939
vt 0.130545 0.686067
vt 0.982156 0.960480
vt 0.981085 0.962336
vt 0.981085 0.964479
vt 0.982156 0.966335
vt 0.984012 0.967407
vt 0.986155 0.967407
vt 0.988011 0.966335
vt 0.989083 0.964479
vt 0.986155 0.959409
vt 0.984012 0.959409
vt 0.501868 0.969622
vt 0.500105 0.967462
vt 0.760964 0.618890
vt 0.752786 0.620753
vt 0.752786 0.618890
vt 0.760964 0.620753
vt 0.752786 0.622616
vt 0.760964 0.622616
vt 0.752786 0.624479
vt 0.760964 0.624479
vt 0.752786 0.626342
vt 0.760964 0.628205
vt 0.752786 0.628205
vt 0.760964 0.630068
vt 0.752786 0.630068
vt 0.602662 0.863234
vt 0.600605 0.861054
vt 0.600750 0.863493
vt 0.602575 0.860853
vt 0.600562 0.859486
vt 0.602668 0.859298
vt 0.600398 0.857293
vt 0.602300 0.855036
vt 0.600274 0.855177
vt 0.601992 0.853518
vt 0.600015 0.853632
vt 0.601700 0.851153
vt 0.599772 0.851201
vt 0.599825 0.848926
vt 0.601726 0.848974
vt 0.600170 0.846807
vt 0.602058 0.846928
vt 0.600349 0.844553
vt 0.220428 0.969865
vt 0.223405 0.972853
vt 0.224447 0.970847
vt 0.602393 0.842459
vt 0.600507 0.842297
vt 0.602369 0.840386
vt 0.600481 0.840150
vt 0.335233 0.969453
vt 0.336297 0.973693
vt 0.337440 0.969501
vt 0.333312 0.970914
vt 0.332717 0.972395
vt 0.340233 0.972712
vt 0.340233 0.974983
vt 0.339273 0.976858
vt 0.337347 0.977936
vt 0.334965 0.977547
vt 0.339167 0.970706
vt 0.333644 0.976643
vt 0.332968 0.974524
vt 0.221460 0.965593
vt 0.219057 0.966029
vt 0.217797 0.966961
vt 0.217175 0.969069
vt 0.216901 0.971169
vt 0.217443 0.972638
vt 0.219374 0.974132
vt 0.221648 0.974086
vt 0.224447 0.968586
vt 0.223456 0.966683
vt 0.602668 0.838228
vt 0.600768 0.837893
vt 0.959773 0.535985
vt 0.951646 0.534143
vt 0.959774 0.534122
vt 0.959769 0.532259
vt 0.951641 0.532280
vt 0.959758 0.530397
vt 0.951578 0.530393
vt 0.959748 0.528534
vt 0.951415 0.526648
vt 0.959753 0.526671
vt 0.951594 0.524766
vt 0.959774 0.524808
vt 0.135695 0.382076
vt 0.134306 0.384260
vt 0.136124 0.384197
vt 0.133901 0.382129
vt 0.134880 0.379964
vt 0.133106 0.380006
vt 0.134542 0.377838
vt 0.132786 0.377869
vt 0.132874 0.375724
vt 0.134637 0.375703
vt 0.133368 0.373576
vt 0.135139 0.373566
vt 0.133382 0.371433
vt 0.135139 0.369300
vt 0.133368 0.369290
vt 0.134637 0.367163
vt 0.132874 0.367143
vt 0.134518 0.365028
vt 0.132763 0.364998
vt 0.231147 0.955563
vt 0.228106 0.958551
vt 0.229928 0.959685
vt 0.133106 0.362861
vt 0.134880 0.362902
vt 0.133901 0.360738
vt 0.491134 0.966427
vt 0.488204 0.963479
vt 0.489300 0.967486
vt 0.492204 0.964599
vt 0.492218 0.962419
vt 0.485274 0.966436
vt 0.484208 0.964578
vt 0.484162 0.962329
vt 0.485191 0.960443
vt 0.487084 0.959428
vt 0.487119 0.967486
vt 0.489333 0.959490
vt 0.491179 0.960569
vt 0.235146 0.956669
vt 0.235153 0.954502
vt 0.234074 0.952511
vt 0.232219 0.951406
vt 0.230075 0.951436
vt 0.228208 0.952602
vt 0.227128 0.954451
vt 0.227103 0.956592
vt 0.232090 0.959685
vt 0.234039 0.958532
vt 0.135695 0.360790
vt 0.134306 0.358607
vt 0.340951 0.949389
vt 0.332773 0.951252
vt 0.332773 0.949389
vt 0.340951 0.951252
vt 0.332773 0.953115
vt 0.340951 0.954978
vt 0.332773 0.954978
vt 0.332773 0.956841
vt 0.340951 0.958704
vt 0.332773 0.958704
vt 0.340951 0.960567
vt 0.332773 0.960567
vt 0.863038 0.972995
vt 0.861275 0.975154
vt 0.863060 0.975135
vt 0.861253 0.973011
vt 0.863021 0.970855
vt 0.861235 0.970868
vt 0.863007 0.968715
vt 0.861222 0.968725
vt 0.862998 0.966575
vt 0.861212 0.966582
vt 0.861206 0.964439
vt 0.862990 0.962296
vt 0.861205 0.962296
vt 0.861206 0.960152
vt 0.862992 0.960155
vt 0.861212 0.958009
vt 0.863007 0.955876
vt 0.861222 0.955866
vt 0.130726 0.965410
vt 0.134725 0.964338
vt 0.133653 0.962482
vt 0.863021 0.953736
vt 0.861235 0.953723
vt 0.863038 0.951596
vt 0.861253 0.951580
vt 0.477274 0.952477
vt 0.474322 0.955428
vt 0.478354 0.954348
vt 0.475403 0.951396
vt 0.473243 0.951395
vt 0.477274 0.958381
vt 0.475401 0.959461
vt 0.473241 0.959459
vt 0.471370 0.958378
vt 0.470290 0.956507
vt 0.478354 0.956509
vt 0.470290 0.954346
vt 0.471370 0.952474
vt 0.127798 0.962482
vt 0.126727 0.964338
vt 0.126727 0.966482
vt 0.127798 0.968337
vt 0.129654 0.969409
vt 0.131797 0.969409
vt 0.133653 0.968337
vt 0.134725 0.966482
vt 0.131797 0.961411
vt 0.129654 0.961411
vt 0.863060 0.949456
vt 0.861275 0.949437
vt 0.752787 0.538766
vt 0.760965 0.540629
vt 0.752787 0.540629
vt 0.752787 0.542492
vt 0.760965 0.544355
vt 0.752787 0.544355
vt 0.752787 0.546218
vt 0.760965 0.546218
vt 0.752787 0.548080
vt 0.760965 0.549943
vt 0.752787 0.549943
vt 0.248083 0.879258
vt 0.246026 0.877078
vt 0.246171 0.879517
vt 0.247996 0.876877
vt 0.245983 0.875510
vt 0.248088 0.875322
vt 0.245819 0.873316
vt 0.247721 0.871060
vt 0.245694 0.871201
vt 0.247412 0.869542
vt 0.245436 0.869656
vt 0.247121 0.867177
vt 0.245192 0.867225
vt 0.245245 0.864950
vt 0.247147 0.864998
vt 0.245590 0.862831
vt 0.247479 0.862952
vt 0.245769 0.860577
vt 0.723791 0.967863
vt 0.726768 0.970851
vt 0.727811 0.968844
vt 0.247813 0.858482
vt 0.245928 0.858321
vt 0.247789 0.856410
vt 0.245902 0.856174
vt 0.797870 0.967451
vt 0.798935 0.971691
vt 0.800077 0.967499
vt 0.795949 0.968913
vt 0.795354 0.970393
vt 0.802870 0.970710
vt 0.802870 0.972982
vt 0.801911 0.974856
vt 0.799985 0.975935
vt 0.797602 0.975546
vt 0.801804 0.968704
vt 0.796282 0.974641
vt 0.795606 0.972523
vt 0.724824 0.963590
vt 0.722421 0.964026
vt 0.721161 0.964959
vt 0.720538 0.967066
vt 0.720264 0.969166
vt 0.720806 0.970635
vt 0.722737 0.972130
vt 0.725011 0.972083
vt 0.727811 0.966583
vt 0.726820 0.964680
vt 0.248088 0.854252
vt 0.246189 0.853917
vt 0.264314 0.752311
vt 0.256187 0.750469
vt 0.264315 0.750448
vt 0.264310 0.748585
vt 0.256182 0.748606
vt 0.264299 0.746722
vt 0.256119 0.746718
vt 0.264289 0.744859
vt 0.255951 0.744836
vt 0.264294 0.742996
vt 0.256135 0.741092
vt 0.264315 0.741133
vt 0.317435 0.726618
vt 0.316045 0.728802
vt 0.317864 0.728738
vt 0.315640 0.726670
vt 0.316619 0.724506
vt 0.314846 0.724547
vt 0.316281 0.722380
vt 0.314526 0.722410
vt 0.314614 0.720266
vt 0.316377 0.720245
vt 0.315108 0.718119
vt 0.316878 0.718108
vt 0.315122 0.715975
vt 0.316878 0.713843
vt 0.315108 0.713832
vt 0.316377 0.711705
vt 0.314614 0.711685
vt 0.316258 0.709571
vt 0.314503 0.709540
vt 0.696640 0.951558
vt 0.693599 0.954547
vt 0.695421 0.955681
vt 0.314846 0.707404
vt 0.316619 0.707445
vt 0.315640 0.705281
vt 0.270792 0.966428
vt 0.267863 0.963480
vt 0.268958 0.967487
vt 0.271863 0.964601
vt 0.271877 0.962420
vt 0.264932 0.966437
vt 0.263866 0.964579
vt 0.263821 0.962330
vt 0.264849 0.960444
vt 0.266743 0.959430
vt 0.266778 0.967487
vt 0.268992 0.959491
vt 0.270838 0.960570
vt 0.700639 0.952664
vt 0.700646 0.950497
vt 0.699567 0.948506
vt 0.697712 0.947401
vt 0.695568 0.947432
vt 0.693700 0.948597
vt 0.692621 0.950446
vt 0.692596 0.952587
vt 0.697582 0.955681
vt 0.699531 0.954528
vt 0.317435 0.705333
vt 0.316045 0.703149
vt 0.227895 0.933364
vt 0.219716 0.935227
vt 0.219716 0.933364
vt 0.227895 0.935227
vt 0.219716 0.937090
vt 0.227895 0.938953
vt 0.219716 0.938953
vt 0.219716 0.940816
vt 0.227895 0.940816
vt 0.219716 0.942679
vt 0.227895 0.944542
vt 0.219716 0.944542
vt 0.475220 0.990992
vt 0.473457 0.993151
vt 0.475242 0.993131
vt 0.473418 0.988865
vt 0.473435 0.991008
vt 0.475189 0.986712
vt 0.473404 0.986722
vt 0.473394 0.984579
vt 0.475179 0.984572
vt 0.473388 0.982436
vt 0.475171 0.980293
vt 0.473386 0.980293
vt 0.473388 0.978150
vt 0.475173 0.978153
vt 0.473394 0.976006
vt 0.475189 0.973873
vt 0.473404 0.973863
vt 0.461538 0.965407
vt 0.465537 0.964336
vt 0.464466 0.962480
vt 0.473418 0.971720
vt 0.475202 0.971733
vt 0.473435 0.969577
vt 0.298660 0.952473
vt 0.295707 0.955424
vt 0.299740 0.954345
vt 0.296789 0.951392
vt 0.294628 0.951391
vt 0.298660 0.958378
vt 0.296787 0.959457
vt 0.294626 0.959456
vt 0.292755 0.958375
vt 0.291675 0.956503
vt 0.299740 0.956506
vt 0.291675 0.954343
vt 0.292755 0.952470
vt 0.458611 0.962480
vt 0.457539 0.964336
vt 0.457539 0.966479
vt 0.458611 0.968335
vt 0.460467 0.969407
vt 0.462610 0.969407
vt 0.464466 0.968335
vt 0.465537 0.966479
vt 0.462610 0.961409
vt 0.460467 0.961409
vt 0.475242 0.967454
vt 0.473457 0.967434
vt 0.760916 0.578825
vt 0.752739 0.580688
vt 0.752739 0.578825
vt 0.760916 0.582551
vt 0.752739 0.582551
vt 0.752739 0.584414
vt 0.760916 0.584414
vt 0.752739 0.586277
vt 0.760916 0.588140
vt 0.752739 0.588140
vt 0.760916 0.590002
vt 0.752739 0.590002
vt 0.317741 0.795132
vt 0.315684 0.792952
vt 0.315829 0.795391
vt 0.317654 0.792751
vt 0.315642 0.791384
vt 0.317747 0.791196
vt 0.315478 0.789190
vt 0.317379 0.786934
vt 0.315353 0.787075
vt 0.317071 0.785416
vt 0.315095 0.785530
vt 0.316779 0.783051
vt 0.314851 0.783099
vt 0.314904 0.780824
vt 0.316805 0.780872
vt 0.315249 0.778705
vt 0.317137 0.778827
vt 0.315428 0.776451
vt 0.299618 0.969866
vt 0.302595 0.972854
vt 0.303637 0.970848
vt 0.317472 0.774357
vt 0.315586 0.774195
vt 0.317448 0.772285
vt 0.315561 0.772048
vt 0.427917 0.969453
vt 0.428982 0.973693
vt 0.430124 0.969501
vt 0.425996 0.970914
vt 0.425401 0.972395
vt 0.432917 0.972712
vt 0.432917 0.974983
vt 0.431958 0.976858
vt 0.430032 0.977936
vt 0.427650 0.977547
vt 0.431851 0.970706
vt 0.426329 0.976642
vt 0.425652 0.974524
vt 0.300650 0.965593
vt 0.298247 0.966030
vt 0.296988 0.966962
vt 0.296365 0.969070
vt 0.296091 0.971170
vt 0.296633 0.972638
vt 0.298564 0.974133
vt 0.300838 0.974086
vt 0.303637 0.968587
vt 0.302647 0.966684
vt 0.317747 0.770126
vt 0.315847 0.769791
vt 0.761033 0.680200
vt 0.752906 0.678358
vt 0.761034 0.678337
vt 0.752901 0.676495
vt 0.761029 0.676474
vt 0.761018 0.674611
vt 0.752838 0.674607
vt 0.761007 0.672748
vt 0.752670 0.672725
vt 0.761013 0.670885
vt 0.752854 0.668981
vt 0.761034 0.669022
vt 0.633735 0.476216
vt 0.632346 0.478400
vt 0.634165 0.478336
vt 0.631941 0.476269
vt 0.632920 0.474104
vt 0.631147 0.474145
vt 0.632582 0.471978
vt 0.630826 0.472008
vt 0.630915 0.469864
vt 0.632677 0.469843
vt 0.631408 0.467716
vt 0.633179 0.467706
vt 0.631423 0.465573
vt 0.633179 0.463440
vt 0.631408 0.463430
vt 0.632677 0.461303
vt 0.630915 0.461282
vt 0.632558 0.459168
vt 0.630804 0.459137
vt 0.259707 0.949556
vt 0.256666 0.952545
vt 0.258488 0.953679
vt 0.631147 0.457000
vt 0.632920 0.457042
vt 0.631941 0.454877
vt 0.713495 0.962427
vt 0.710565 0.959479
vt 0.711660 0.963486
vt 0.714565 0.960600
vt 0.714579 0.958419
vt 0.707634 0.962436
vt 0.706568 0.960578
vt 0.706523 0.958329
vt 0.707551 0.956443
vt 0.709445 0.955428
vt 0.709480 0.963486
vt 0.711694 0.955490
vt 0.713540 0.956569
vt 0.263707 0.950663
vt 0.263714 0.948495
vt 0.262635 0.946504
vt 0.260780 0.945399
vt 0.258635 0.945430
vt 0.256768 0.946595
vt 0.255688 0.948444
vt 0.255664 0.950585
vt 0.260650 0.953679
vt 0.262599 0.952525
vt 0.633735 0.454930
vt 0.632346 0.452746
vt 0.812399 0.943376
vt 0.804221 0.945239
vt 0.804221 0.943376
vt 0.812399 0.945239
vt 0.804221 0.947102
vt 0.812399 0.948965
vt 0.804221 0.948965
vt 0.804221 0.950828
vt 0.812399 0.950828
vt 0.804221 0.952691
vt 0.812399 0.952691
vt 0.804221 0.954554
vt 0.713897 0.898881
vt 0.712133 0.901040
vt 0.713918 0.901021
vt 0.712111 0.898897
vt 0.713879 0.896741
vt 0.712094 0.896754
vt 0.712080 0.894611
vt 0.713856 0.892462
vt 0.712071 0.892468
vt 0.712065 0.890325
vt 0.713848 0.888182
vt 0.712063 0.888182
vt 0.712065 0.886039
vt 0.713856 0.883902
vt 0.712071 0.883896
vt 0.712080 0.881753
vt 0.688248 0.965404
vt 0.692248 0.964333
vt 0.691176 0.962477
vt 0.713879 0.879623
vt 0.712094 0.879610
vt 0.712111 0.877467
vt 0.562176 0.954479
vt 0.559224 0.957429
vt 0.563256 0.956350
vt 0.560305 0.953398
vt 0.558144 0.953396
vt 0.562176 0.960383
vt 0.560304 0.961462
vt 0.558142 0.961461
vt 0.556272 0.960380
vt 0.555191 0.958509
vt 0.563256 0.958511
vt 0.555191 0.956348
vt 0.556272 0.954476
vt 0.685321 0.962477
vt 0.684250 0.964333
vt 0.684250 0.966476
vt 0.685321 0.968332
vt 0.687177 0.969403
vt 0.689320 0.969403
vt 0.691176 0.968332
vt 0.692248 0.966476
vt 0.689320 0.961405
vt 0.687177 0.961405
vt 0.713918 0.875343
vt 0.712133 0.875324
vt 0.760912 0.558800
vt 0.752734 0.560663
vt 0.752734 0.558800
vt 0.760912 0.560663
vt 0.752734 0.562526
vt 0.760912 0.562526
vt 0.752734 0.564389
vt 0.760912 0.564389
vt 0.752734 0.566252
vt 0.760912 0.568115
vt 0.752734 0.568115
vt 0.760912 0.569978
vt 0.752734 0.569978
vt 0.317893 0.831160
vt 0.315836 0.828979
vt 0.315981 0.831418
vt 0.317806 0.828778
vt 0.315793 0.827411
vt 0.317899 0.827224
vt 0.315629 0.825218
vt 0.317531 0.822962
vt 0.315505 0.823103
vt 0.317223 0.821444
vt 0.315246 0.821558
vt 0.316931 0.819079
vt 0.315003 0.819127
vt 0.315056 0.816852
vt 0.316958 0.816900
vt 0.315401 0.814734
vt 0.317289 0.814855
vt 0.315580 0.812479
vt 0.814762 0.965874
vt 0.817739 0.968862
vt 0.818781 0.966856
vt 0.317624 0.810385
vt 0.315738 0.810223
vt 0.317600 0.808313
vt 0.315713 0.808077
vt 0.829165 0.965446
vt 0.830229 0.969686
vt 0.831372 0.965495
vt 0.827244 0.966908
vt 0.826649 0.968389
vt 0.834164 0.968705
vt 0.834164 0.970977
vt 0.833205 0.972851
vt 0.831279 0.973930
vt 0.828897 0.973541
vt 0.833098 0.966699
vt 0.827576 0.972636
vt 0.826900 0.970518
vt 0.815794 0.961601
vt 0.813391 0.962038
vt 0.812132 0.962970
vt 0.811509 0.965078
vt 0.811235 0.967178
vt 0.811777 0.968647
vt 0.813708 0.970142
vt 0.815982 0.970095
vt 0.818781 0.964595
vt 0.817791 0.962692
vt 0.317899 0.806155
vt 0.315999 0.805820
vt 0.959774 0.576045
vt 0.951648 0.574203
vt 0.959775 0.574182
vt 0.951643 0.572340
vt 0.959770 0.572319
vt 0.959760 0.570456
vt 0.951580 0.570452
vt 0.959749 0.568593
vt 0.951412 0.568570
vt 0.959754 0.566730
vt 0.951596 0.564826
vt 0.959775 0.564868
vt 0.317584 0.760646
vt 0.316195 0.762830
vt 0.318014 0.762766
vt 0.315790 0.760698
vt 0.316769 0.758534
vt 0.314996 0.758575
vt 0.316431 0.756408
vt 0.314675 0.756439
vt 0.314764 0.754294
vt 0.316527 0.754274
vt 0.315257 0.752147
vt 0.317028 0.752136
vt 0.315272 0.750004
vt 0.317028 0.747871
vt 0.315257 0.747861
vt 0.316527 0.745734
vt 0.314764 0.745713
vt 0.316408 0.743599
vt 0.314653 0.743569
vt 0.731011 0.951557
vt 0.727970 0.954546
vt 0.729792 0.955680
vt 0.314996 0.741432
vt 0.316769 0.741473
vt 0.315790 0.739309
vt 0.975472 0.956416
vt 0.972542 0.953468
vt 0.973637 0.957475
vt 0.976542 0.954589
vt 0.976556 0.952408
vt 0.969611 0.956425
vt 0.968545 0.954568
vt 0.968500 0.952318
vt 0.969528 0.950432
vt 0.971422 0.949417
vt 0.971457 0.957475
vt 0.973671 0.949479
vt 0.975517 0.950558
vt 0.735011 0.952664
vt 0.735018 0.950496
vt 0.733938 0.948505
vt 0.732084 0.947400
vt 0.729940 0.947431
vt 0.728072 0.948596
vt 0.726992 0.950445
vt 0.726968 0.952586
vt 0.731954 0.955680
vt 0.733903 0.954527
vt 0.317584 0.739361
vt 0.316195 0.737178
vt 0.340957 0.929362
vt 0.332779 0.931225
vt 0.332779 0.929362
vt 0.340957 0.931225
vt 0.332779 0.933088
vt 0.340957 0.934951
vt 0.332779 0.934951
vt 0.332779 0.936813
vt 0.340957 0.936813
vt 0.332779 0.938676
vt 0.340957 0.940539
vt 0.332779 0.940539
vt 0.246703 0.912902
vt 0.244940 0.915061
vt 0.246724 0.915042
vt 0.244900 0.910775
vt 0.244918 0.912918
vt 0.246685 0.910762
vt 0.244887 0.908632
vt 0.246672 0.908622
vt 0.244877 0.906489
vt 0.246656 0.904343
vt 0.244871 0.904346
vt 0.246654 0.902203
vt 0.244869 0.902203
vt 0.244871 0.900060
vt 0.246656 0.900063
vt 0.244877 0.897917
vt 0.246672 0.895784
vt 0.244887 0.895774
vt 0.114812 0.965412
vt 0.118812 0.964340
vt 0.117740 0.962484
vt 0.246685 0.893644
vt 0.244900 0.893631
vt 0.246703 0.891504
vt 0.244918 0.891488
vt 0.546197 0.952474
vt 0.543245 0.955425
vt 0.547277 0.954346
vt 0.544326 0.951393
vt 0.542166 0.951392
vt 0.546197 0.958379
vt 0.544324 0.959458
vt 0.542163 0.959457
vt 0.540292 0.958376
vt 0.539213 0.956504
vt 0.547277 0.956507
vt 0.539213 0.954344
vt 0.540293 0.952472
vt 0.111885 0.962484
vt 0.110813 0.964340
vt 0.110813 0.966483
vt 0.111885 0.968339
vt 0.113741 0.969411
vt 0.115884 0.969411
vt 0.117740 0.968339
vt 0.118812 0.966483
vt 0.115884 0.961413
vt 0.113741 0.961413
vt 0.246724 0.889365
vt 0.244940 0.889345
vt 0.760942 0.598857
vt 0.752764 0.600720
vt 0.752764 0.598857
vt 0.760942 0.600720
vt 0.752764 0.602583
vt 0.760942 0.602583
vt 0.752764 0.604446
vt 0.760942 0.604446
vt 0.752764 0.606309
vt 0.760942 0.606309
vt 0.752764 0.608172
vt 0.760942 0.608172
vt 0.752764 0.610035
vt 0.541577 0.386761
vt 0.237939 0.851321
vt 0.130524 0.701639
vt 0.174571 0.008285
vt 0.153342 0.329519
vt 0.293722 0.332820
vt 0.303520 0.327678
vt 0.437464 0.008425
vt 0.304103 0.106108
vt 0.643610 0.836562
vt 0.243505 0.843600
vt 0.231437 0.843152
vt 0.199342 0.705331
vt 0.219302 0.702711
vt 0.959651 0.372535
vt 0.295102 0.333497
vt 0.445455 0.333693
vt 0.653429 0.694140
vt 0.249638 0.701756
vt 0.198138 0.844836
vt 0.951965 0.516264
vt 0.759834 0.365272
vt 0.324489 0.838988
vt 0.333917 0.920636
vt 0.326175 0.693058
vt 0.025400 0.857308
vt 0.236617 0.924352
vt 0.191254 0.774584
vt 0.468679 0.552211
vt 0.335275 0.847432
vt 0.549865 0.552755
vt 0.121774 0.760392
vt 0.952953 0.359800
vt 0.951417 0.331485
vt 0.824935 0.593165
vt 0.585870 0.377704
vt 0.179626 0.949600
vt 0.022495 0.674435
vt 0.021990 0.510966
vt 0.614931 0.746887
vt 0.353445 0.922533
vt 0.069993 0.509055
vt 0.433634 0.575030
vt 0.671038 0.517801
vt 0.051508 0.975632
vt 0.674725 0.785949
vt 0.052009 0.971814
vt 0.881287 0.814460
vt 0.909853 0.821194
vt 0.082664 0.512669
vt 0.517147 0.923302
vt 0.082484 0.677376
vt 0.263129 0.937131
vt 0.678154 0.777766
vt 0.546604 0.725553
vt 0.724400 0.681620
vt 0.051808 0.843895
vt 0.916254 0.729056
vt 0.285667 0.699119
vt 0.051918 0.682990
vt 0.090230 0.973295
vt 0.080289 0.971645
vt 0.927380 0.953121
vt 0.936986 0.984504
vt 0.984930 0.273211
vt 0.975573 0.524744
vt 0.984930 0.003957
vt 0.692291 0.004390
vt 0.761670 0.355110
vt 0.392072 0.931494
vt 0.993441 0.355070
vt 0.761670 0.006666
vt 0.984932 0.364509
vt 0.825051 0.257260
vt 0.825051 0.384261
vt 0.859824 0.258661
vt 0.516316 0.375919
vt 0.755040 0.688994
vt 0.755040 0.864224
vt 0.908240 0.010092
vt 0.888425 0.376561
vt 0.384058 0.959030
vt 0.925915 0.719523
vt 0.943493 0.712404
vt 0.933832 0.711732
vt 0.825068 0.657791
vt 0.898562 0.452277
vt 0.531821 0.558884
vt 0.531821 0.909540
vt 0.207760 0.691085
vt 0.259151 0.613388
vt 0.825068 0.794224
vt 0.695616 0.690997
vt 0.719600 0.866287
vt 0.719617 0.691009
vt 0.719617 0.833923
vt 0.925768 0.362529
vt 0.451230 0.570849
vt 0.753744 0.004432
vt 0.702252 0.354782
vt 0.441627 0.570826
vt 0.821609 0.003967
vt 0.977011 0.127687
vt 0.454087 0.376430
vt 0.820819 0.190210
vt 0.847924 0.190223
vt 0.890764 0.366674
vt 0.816993 0.442047
vt 0.943281 0.003956
vt 0.943281 0.354103
vt 0.098754 0.904926
vt 0.632827 0.845231
vt 0.129714 0.931905
vt 0.551210 0.733397
vt 0.994676 0.866864
vt 0.168587 0.932089
vt 0.482085 0.733065
vt 0.650586 0.994038
vt 0.324860 0.996038
vt 0.090839 0.917936
vt 0.540405 0.733269
vt 0.472413 0.881885
vt 0.110277 0.769112
vt 0.157064 0.783275
vt 0.118195 0.931905
vt 0.149148 0.783140
vt 0.803465 0.722176
vt 0.071327 0.769609
vt 0.079250 0.917936
vt 0.090839 0.769122
vt 0.368169 0.853088
vt 0.356866 0.695077
vt 0.415971 0.747086
vt 0.275146 0.939256
vt 0.272711 0.951053
vt 0.408052 0.904818
vt 0.099817 0.930125
vt 0.099179 0.942760
vt 0.294533 0.703842
vt 0.389072 0.901645
vt 0.824624 0.822465
vt 0.782721 0.745243
vt 0.663117 0.807050
vt 0.662847 0.794620
vt 0.743587 0.884566
vt 0.743404 0.877046
vt 0.136566 0.473608
vt 0.137523 0.460846
vt 0.761009 0.529914
vt 0.601650 0.988876
vt 0.601637 0.973897
vt 0.601668 0.969617
vt 0.438258 0.960570
vt 0.633587 0.504565
vt 0.633317 0.492135
vt 0.257814 0.712296
vt 0.257636 0.702912
vt 0.633226 0.431544
vt 0.634182 0.418782
vt 0.126232 0.952555
vt 0.991093 0.904342
vt 0.991098 0.897923
vt 0.991161 0.889364
vt 0.031313 0.950555
vt 0.602573 0.893156
vt 0.602303 0.880725
vt 0.951596 0.556058
vt 0.951418 0.546675
vt 0.136126 0.405478
vt 0.137082 0.392717
vt 0.158428 0.943245
vt 0.158428 0.952560
vt 0.099946 0.986736
vt 0.099936 0.976037
vt 0.099959 0.971758
vt 0.099998 0.967478
vt 0.142333 0.952551
vt 0.217933 0.875157
vt 0.217663 0.862727
vt 0.255039 0.732325
vt 0.254856 0.724804
vt 0.135649 0.439535
vt 0.136606 0.426772
vt 0.760991 0.638924
vt 0.760991 0.650102
vt 0.501837 0.986741
vt 0.501837 0.973901
vt 0.501890 0.967482
vt 0.760964 0.626342
vt 0.602506 0.857125
vt 0.602235 0.844694
vt 0.951593 0.536031
vt 0.951410 0.528510
vt 0.135167 0.371433
vt 0.136124 0.358670
vt 0.340951 0.953115
vt 0.340951 0.956841
vt 0.862992 0.964435
vt 0.862998 0.958016
vt 0.760965 0.538766
vt 0.760965 0.542492
vt 0.760965 0.548080
vt 0.247926 0.873149
vt 0.247656 0.860718
vt 0.256134 0.752357
vt 0.255956 0.742973
vt 0.316907 0.715975
vt 0.317864 0.703213
vt 0.227895 0.937090
vt 0.227895 0.942679
vt 0.475202 0.988852
vt 0.475173 0.982432
vt 0.475179 0.976013
vt 0.475220 0.969594
vt 0.760916 0.580688
vt 0.760916 0.586277
vt 0.317585 0.789023
vt 0.317314 0.776592
vt 0.752853 0.680246
vt 0.752675 0.670862
vt 0.633208 0.465573
vt 0.634165 0.452809
vt 0.812399 0.947102
vt 0.812399 0.954554
vt 0.713865 0.894602
vt 0.713850 0.890322
vt 0.713850 0.886042
vt 0.713865 0.881763
vt 0.713897 0.877483
vt 0.760912 0.566252
vt 0.317737 0.825051
vt 0.317467 0.812621
vt 0.951595 0.576091
vt 0.951417 0.566707
vt 0.317057 0.750004
vt 0.318014 0.737241
vt 0.340957 0.933088
vt 0.340957 0.938676
vt 0.246662 0.906483
vt 0.246662 0.897924
vt 0.760942 0.610035
s 1
usemtl planter_box_01
f 1428/1/1 4/2/2 40/3/3
f 2/4/4 1409/5/5 1408/6/6
f 1410/7/7 11/8/8 1411/9/9
f 1411/9/9 32/10/10 1423/11/11
f 1412/12/12 14/13/13 16/14/14
f 1413/15/15 15/16/16 14/13/13
f 1412/12/12 9/17/17 1410/7/7
f 1414/18/18 20/19/19 15/16/16
f 1415/20/20 19/21/21 114/22/22
f 17/23/23 1418/24/24 1417/25/25
f 29/26/26 1419/27/27 1422/28/28
f 1420/29/29 38/30/30 1426/31/31
f 1421/32/32 27/33/33 1420/29/29
f 21/34/34 1422/28/28 1418/24/24
f 1423/11/11 6/35/35 1409/5/5
f 1421/32/32 34/36/36 1424/37/37
f 1427/38/38 33/39/39 1425/40/40
f 1419/27/27 38/30/30 24/41/41
f 1424/37/37 42/42/42 1427/38/38
f 33/39/39 1429/43/43 1425/40/40
f 1431/44/44 56/45/45 1430/46/46
f 1432/47/47 62/48/48 61/49/49
f 1432/47/47 60/50/50 1434/51/51
f 1439/52/52 58/53/53 64/54/54
f 1430/46/46 58/53/53 1436/55/55
f 1433/56/56 59/57/57 62/48/48
f 1438/58/58 54/59/59 1437/60/60
f 1431/44/44 54/59/59 57/61/61
f 1440/62/62 64/54/54 66/63/63
f 1435/64/64 66/63/63 59/57/57
f 1434/51/51 67/65/65 1441/66/66
f 1455/67/67 72/68/68 1442/69/69
f 1449/70/70 71/71/71 1443/72/72
f 1445/73/73 79/74/74 1444/75/75
f 1446/76/76 80/77/77 1445/73/73
f 1447/78/78 79/74/74 81/79/79
f 1448/80/80 86/81/81 1450/82/82
f 1443/72/72 78/83/83 1448/80/80
f 1442/69/69 83/84/84 1449/70/70
f 1450/82/82 82/85/85 1446/76/76
f 1447/78/78 87/86/86 1451/87/87
f 1451/87/87 89/88/88 1452/89/89
f 1452/89/89 91/90/90 1453/91/91
f 1453/91/91 93/92/92 1454/93/93
f 1441/66/66 96/94/94 1455/67/67
f 1456/95/95 94/96/96 1454/97/93
f 1459/98/97 100/99/98 103/100/99
f 1457/101/100 102/102/101 100/99/98
f 1459/98/97 98/103/102 1456/95/95
f 1461/104/103 106/105/104 1460/106/105
f 1480/107/106 147/108/107 1479/109/108
f 1463/110/109 110/111/110 111/112/111
f 1462/113/112 43/114/113 110/111/110
f 1463/110/109 108/115/114 1461/104/103
f 1416/116/115 114/22/22 20/19/19
f 1407/117/116 40/3/3 5/118/117
f 1465/119/118 116/120/119 1464/121/120
f 1467/122/121 120/123/122 121/124/123
f 119/125/124 1438/126/58 1466/127/125
f 1467/122/121 118/128/126 1465/119/118
f 1468/129/127 3/130/128 1407/131/116
f 1471/132/129 126/133/130 129/134/131
f 1469/135/132 128/136/133 126/133/130
f 1471/132/129 124/137/134 1468/129/127
f 1476/138/135 101/139/136 140/140/137
f 1472/141/138 152/142/139 1482/143/140
f 1473/144/141 136/145/142 1474/146/143
f 1474/146/143 132/147/144 1472/141/138
f 1460/148/105 138/149/145 105/150/146
f 1476/151/135 134/152/147 1473/144/141
f 1483/153/148 138/149/145 1475/154/149
f 1478/155/150 148/156/151 1480/107/106
f 1479/109/108 143/157/152 1477/158/153
f 1481/159/154 144/160/155 1478/155/150
f 1482/143/140 150/161/156 1481/159/154
f 1477/158/153 154/162/157 1483/153/148
f 1484/163/158 171/164/159 1492/165/160
f 1485/166/161 179/167/162 1496/168/163
f 1486/169/164 158/170/165 1485/166/161
f 1487/171/166 177/172/167 1495/173/168
f 1487/171/166 164/174/169 162/175/170
f 1489/176/171 175/177/172 1494/178/173
f 1490/179/174 166/180/175 1489/176/171
f 1491/181/176 168/182/177 1490/179/174
f 1464/183/120 170/184/178 1491/181/176
f 1470/185/179 171/164/159 128/186/133
f 1493/187/180 156/188/181 1484/163/158
f 1494/178/173 164/174/169 1488/189/182
f 1486/169/164 177/172/167 160/190/183
f 1496/168/163 173/191/184 1493/187/180
f 230/192/185 184/193/186 231/194/187
f 1200/195/188 628/196/189 1199/197/190
f 725/198/191 234/199/192 201/200/193
f 1338/201/194 189/202/195 1318/203/196
f 1319/204/197 182/205/198 1318/203/196
f 207/206/199 195/207/200 208/208/201
f 615/209/202 298/210/203 641/211/204
f 192/212/205 209/213/206 210/214/207
f 584/215/208 211/216/209 583/217/210
f 302/218/211 194/219/212 207/206/199
f 241/220/213 724/221/214 723/222/215
f 284/223/216 201/200/193 188/224/217
f 192/212/205 198/225/218 193/226/219
f 203/227/220 633/228/221 631/229/222
f 229/230/223 282/231/224 639/232/225
f 213/233/226 1320/234/227 1321/235/228
f 283/236/229 1321/235/228 1333/237/230
f 631/229/222 212/238/231 203/227/220
f 683/239/232 720/240/233 712/241/234
f 281/242/235 209/213/206 280/243/236
f 300/244/237 196/245/238 194/219/212
f 279/246/239 208/208/201 284/223/216
f 236/247/240 214/248/241 204/249/242
f 239/250/243 204/249/242 217/251/244
f 1056/252/245 1208/253/246 1163/254/247
f 623/255/248 219/256/249 622/257/250
f 204/249/242 220/258/251 218/259/252
f 223/260/253 1323/261/254 1322/262/255
f 1323/261/254 222/263/256 1324/264/257
f 206/265/258 1322/262/255 1320/234/227
f 217/251/244 218/259/252 198/225/218
f 197/266/259 572/267/260 242/268/261
f 194/219/212 197/266/259 195/207/200
f 974/269/262 881/270/263 855/271/264
f 883/272/265 981/273/266 891/274/267
f 619/275/268 239/250/243 633/228/221
f 619/275/268 238/276/269 236/247/240
f 210/214/207 235/277/270 192/212/205
f 183/278/271 286/279/272 281/242/235
f 235/277/270 217/251/244 192/212/205
f 234/199/192 188/224/217 201/200/193
f 186/280/273 233/281/274 232/282/275
f 310/283/276 207/206/199 279/246/239
f 229/230/223 231/194/187 616/284/277
f 721/285/278 211/216/209 195/207/200
f 896/286/279 723/222/215 897/287/280
f 725/198/191 285/288/281 722/289/282
f 609/290/283 612/291/284 610/292/285
f 238/276/269 249/293/286 214/248/241
f 215/294/287 634/295/288 618/296/289
f 1324/264/257 251/297/290 1326/298/291
f 1325/299/292 250/300/293 1327/301/294
f 624/302/295 637/303/296 644/304/297
f 638/305/298 253/306/299 636/307/300
f 304/308/301 644/304/297 623/255/248
f 634/295/288 249/293/286 248/309/302
f 643/310/303 252/311/304 638/305/298
f 625/312/305 254/313/306 624/302/295
f 252/311/304 260/314/307 253/306/299
f 246/315/308 605/316/309 602/317/310
f 1328/318/311 246/315/308 1327/301/294
f 883/272/265 984/319/312 982/320/313
f 886/321/314 986/322/315 985/323/316
f 275/324/317 266/325/318 276/326/319
f 263/327/320 601/328/321 277/329/322
f 627/330/323 267/331/324 271/332/325
f 1329/333/326 277/329/322 1332/334/327
f 269/335/328 603/336/329 292/337/330
f 294/338/331 1330/339/332 1336/340/333
f 272/341/334 1331/342/335 1330/339/332
f 1332/334/327 257/343/336 1328/318/311
f 625/312/305 271/332/325 261/344/337
f 277/329/322 605/316/309 257/343/336
f 259/345/338 276/326/319 260/314/307
f 884/346/339 985/323/316 984/319/312
f 281/242/235 237/347/340 210/214/207
f 279/246/239 188/224/217 186/280/273
f 186/280/273 305/348/341 297/349/342
f 183/278/271 280/243/236 184/193/186
f 191/350/343 1333/237/230 1319/204/197
f 632/351/344 282/231/224 212/238/231
f 721/285/278 197/266/259 242/268/261
f 1331/342/335 289/352/345 270/353/346
f 295/354/347 265/355/348 293/356/349
f 1337/357/350 288/358/351 312/359/352
f 295/354/347 597/360/353 313/361/354
f 266/325/318 313/361/354 308/362/355
f 270/353/346 289/352/345 611/363/356
f 1329/333/326 294/338/331 1336/340/333
f 292/337/330 604/364/357 263/327/320
f 593/365/358 308/362/355 313/361/354
f 267/331/324 596/366/359 590/367/360
f 1334/368/361 312/359/352 289/352/345
f 184/193/186 310/283/276 297/349/342
f 260/314/307 309/369/362 307/370/363
f 276/326/319 308/362/355 309/369/362
f 260/314/307 306/371/364 253/306/299
f 636/307/300 306/371/364 640/372/365
f 297/349/342 231/194/187 184/193/186
f 218/259/252 304/308/301 303/373/366
f 198/225/218 303/373/366 301/374/367
f 280/243/236 302/218/211 310/283/276
f 193/226/219 301/374/367 300/244/237
f 209/213/206 300/244/237 302/218/211
f 297/349/342 279/246/239 186/280/273
f 641/211/204 182/205/198 616/284/277
f 887/375/368 987/376/369 890/377/370
f 888/378/371 988/379/372 887/375/368
f 288/358/351 573/380/373 612/291/284
f 1335/381/374 314/382/375 288/358/351
f 857/383/376 990/384/377 856/385/378
f 327/386/379 325/387/380 321/388/381
f 320/389/382 322/390/383 319/391/384
f 340/392/385 333/393/386 339/394/387
f 392/395/388 329/396/389 327/386/379
f 338/397/390 330/398/391 341/399/392
f 336/400/393 340/392/385 342/401/394
f 395/402/395 331/403/396 338/397/390
f 858/404/397 342/401/394 859/405/398
f 321/388/381 335/406/399 334/407/400
f 859/405/398 334/407/400 856/385/378
f 392/395/388 338/397/390 319/391/384
f 342/401/394 321/388/381 334/407/400
f 319/391/384 341/399/392 320/389/382
f 340/392/385 327/386/379 321/388/381
f 331/403/396 344/408/401 330/398/391
f 348/409/402 328/410/403 336/400/393
f 328/410/403 347/411/404 333/393/386
f 860/412/405 336/400/393 858/404/397
f 394/413/406 345/414/407 331/403/396
f 388/415/408 350/416/409 386/417/410
f 397/418/411 351/419/412 388/415/408
f 381/420/413 349/421/414 382/422/415
f 397/418/411 384/423/416 353/424/417
f 361/425/418 356/426/419 362/427/420
f 360/428/421 364/429/422 363/430/423
f 863/431/424 360/428/421 363/430/423
f 364/429/422 359/432/425 429/433/426
f 427/434/427 349/421/414 428/435/428
f 390/436/429 357/437/430 361/425/418
f 863/431/424 354/438/431 861/439/432
f 367/440/433 362/427/420 369/441/434
f 351/419/412 369/441/434 350/416/409
f 368/442/435 391/443/436 399/444/437
f 391/443/436 361/425/418 367/440/433
f 372/445/438 1341/446/439 1340/447/440
f 1342/448/441 378/449/442 1343/450/443
f 376/451/444 1342/448/441 1344/452/445
f 1349/453/446 374/454/447 1346/455/448
f 374/454/447 1340/447/440 1346/455/448
f 1343/450/443 375/456/449 1345/457/450
f 370/458/451 1348/459/452 1347/460/453
f 1341/446/439 370/458/451 1347/460/453
f 1350/461/454 385/462/455 1349/453/446
f 343/463/456 426/464/457 347/411/404
f 396/465/458 379/466/459 345/414/407
f 864/467/460 348/409/402 860/412/405
f 348/409/402 382/422/415 343/463/456
f 345/414/407 380/468/461 344/408/401
f 1345/457/450 387/469/462 1350/461/454
f 379/466/459 386/417/410 380/468/461
f 861/439/432 381/420/413 864/467/460
f 382/422/415 349/421/414 426/464/457
f 366/470/463 390/436/429 391/443/436
f 430/471/464 389/472/465 390/436/429
f 347/411/404 398/473/466 396/465/458
f 388/415/408 398/473/466 397/418/411
f 353/424/417 399/444/437 397/418/411
f 333/393/386 396/465/458 394/413/406
f 327/386/379 395/402/395 392/395/388
f 339/394/387 394/413/406 395/402/395
f 319/391/384 393/474/467 392/395/388
f 427/434/427 353/424/417 384/423/416
f 399/444/437 367/440/433 351/419/412
f 355/475/468 401/476/469 359/432/425
f 402/477/470 486/478/471 487/479/472
f 404/480/473 403/481/474 402/477/470
f 406/482/475 405/483/476 404/480/473
f 360/428/421 400/484/477 355/475/468
f 410/485/478 400/484/477 408/486/479
f 472/487/480 413/488/481 471/489/482
f 412/490/483 415/491/484 413/488/481
f 389/472/465 417/492/485 357/437/430
f 431/493/486 416/494/487 389/472/465
f 432/495/488 488/496/489 492/497/490
f 418/498/491 489/499/492 488/496/489
f 434/500/493 418/498/491 432/495/488
f 418/498/491 422/501/494 419/502/495
f 1344/452/445 409/503/496 376/451/444
f 357/437/430 420/504/497 356/426/419
f 489/499/492 425/505/498 490/506/499
f 1365/507/500 424/508/501 491/509/502
f 1359/510/503 423/511/504 456/512/505
f 457/513/506 419/502/495 422/501/494
f 426/464/457 384/423/416 347/411/404
f 429/433/426 366/470/463 368/442/435
f 363/430/423 349/421/414 354/438/431
f 364/429/422 428/435/428 349/421/414
f 405/483/476 432/495/488 403/481/474
f 403/481/474 492/497/490 486/478/471
f 359/432/425 433/514/507 431/493/486
f 428/435/428 368/442/435 353/424/417
f 431/493/486 366/470/463 359/432/425
f 487/479/472 441/515/508 402/477/470
f 442/516/509 402/477/470 441/515/508
f 443/517/510 435/518/511 442/516/509
f 470/519/512 439/520/513 469/521/514
f 496/522/515 470/519/512 497/523/516
f 495/524/517 442/516/509 494/525/518
f 494/525/518 441/515/508 493/526/519
f 407/527/520 434/500/493 405/483/476
f 402/477/470 445/528/521 404/480/473
f 445/528/521 437/529/522 446/530/523
f 404/480/473 446/530/523 406/482/475
f 446/530/523 447/531/524 406/482/475
f 406/482/475 448/532/525 407/527/520
f 407/527/520 458/533/526 421/534/527
f 407/527/520 448/532/525 450/535/528
f 1354/536/529 453/537/530 1355/538/531
f 453/537/530 1356/539/532 1355/538/531
f 1357/540/533 452/541/534 1354/536/529
f 459/542/535 1358/543/536 1360/544/537
f 451/545/538 1353/546/539 1358/543/536
f 1352/547/540 456/512/505 424/508/501
f 455/548/541 1360/544/537 1356/539/532
f 413/488/481 473/549/542 471/489/482
f 474/550/543 436/551/544 473/549/542
f 415/491/484 460/552/545 413/488/481
f 463/553/546 461/554/547 415/491/484
f 475/555/548 438/556/549 474/550/543
f 414/557/550 463/553/546 415/491/484
f 467/558/551 464/559/552 463/553/546
f 476/560/553 465/561/554 475/555/548
f 466/562/555 463/553/546 462/563/556
f 497/523/516 443/517/510 495/524/517
f 470/519/512 437/529/522 443/517/510
f 468/564/557 475/555/548 464/559/552
f 464/559/552 474/550/543 461/554/547
f 461/554/547 473/549/542 460/552/545
f 471/489/482 436/551/544 411/565/558
f 472/487/480 411/565/558 410/485/478
f 469/521/514 446/530/523 437/529/522
f 469/521/514 439/520/513 449/566/559
f 1361/567/560 454/568/561 1357/540/533
f 1361/567/560 479/569/562 477/570/563
f 439/520/513 478/571/564 449/566/559
f 1362/572/565 481/573/566 479/569/562
f 1363/574/567 483/575/568 481/573/566
f 444/576/569 480/577/570 439/520/513
f 485/578/571 482/579/572 444/576/569
f 465/561/554 495/524/517 438/556/549
f 485/578/571 496/522/515 440/580/573
f 436/551/544 493/526/519 411/565/558
f 438/556/549 494/525/518 436/551/544
f 440/580/573 497/523/516 465/561/554
f 411/565/558 487/479/472 400/484/477
f 486/478/471 433/514/507 401/476/469
f 1351/581/574 491/509/502 409/503/496
f 417/492/485 490/506/499 420/504/497
f 488/496/489 417/492/485 416/494/487
f 492/497/490 416/494/487 433/514/507
f 487/479/472 401/476/469 400/484/477
f 865/582/575 1005/583/576 866/584/577
f 1000/585/578 868/586/579 867/587/580
f 999/588/581 869/589/582 868/586/579
f 869/589/582 1003/590/583 870/591/584
f 996/592/585 867/587/580 862/593/586
f 871/594/587 1004/595/588 865/582/575
f 870/591/584 1002/596/589 871/594/587
f 476/597/553 505/598/590 440/599/573
f 1005/600/576 872/601/591 866/602/577
f 485/603/571 511/604/592 484/605/593
f 468/606/557 509/607/594 476/597/553
f 484/605/593 1366/608/595 1364/609/596
f 467/610/551 508/611/597 468/606/557
f 440/599/573 512/612/598 485/603/571
f 466/613/555 507/614/599 467/610/551
f 533/615/600 521/616/601 520/617/602
f 535/618/603 517/619/604 518/620/605
f 534/621/606 516/622/607 517/619/604
f 532/623/608 514/624/609 521/616/601
f 1369/625/610 520/617/602 1367/626/611
f 537/627/612 518/620/605 514/624/609
f 536/628/613 515/629/614 516/622/607
f 875/630/615 1008/631/616 873/632/617
f 521/616/601 523/633/618 530/634/619
f 1367/626/611 529/635/620 1368/636/621
f 518/620/605 523/633/618 514/624/609
f 515/629/614 525/637/622 516/622/607
f 873/632/617 1009/638/623 874/639/624
f 520/617/602 530/634/619 529/635/620
f 517/619/604 527/640/625 518/620/605
f 516/622/607 526/641/626 517/619/604
f 1006/642/627 875/630/615 872/601/591
f 507/614/599 539/643/628 536/628/613
f 505/598/590 535/618/603 537/627/612
f 511/604/592 1369/625/610 1366/608/595
f 512/612/598 537/627/612 532/623/608
f 508/611/597 536/628/613 534/621/606
f 509/607/594 534/621/606 535/618/603
f 511/604/592 532/623/608 533/615/600
f 545/644/629 550/645/630 541/646/631
f 1011/647/632 877/648/633 876/649/634
f 548/650/635 556/651/636 547/652/637
f 545/644/629 553/653/638 554/654/639
f 547/652/637 1371/655/640 1370/656/641
f 543/657/642 553/653/638 544/658/643
f 541/646/631 557/659/644 548/650/635
f 788/660/645 1390/661/646 1389/662/647
f 575/663/648 566/664/649 565/665/650
f 577/666/651 562/667/652 563/668/653
f 576/669/654 561/670/655 562/667/652
f 574/671/656 559/672/657 566/664/649
f 1373/673/658 565/665/650 1372/674/659
f 579/675/660 563/668/653 559/672/657
f 578/676/661 560/677/662 561/670/655
f 880/678/663 1012/679/664 878/680/665
f 566/664/649 568/681/666 573/682/373
f 1372/674/659 314/683/375 1339/684/667
f 563/668/653 568/681/666 559/672/657
f 560/677/662 317/685/668 561/670/655
f 1012/679/664 888/686/371 878/680/665
f 566/664/649 314/683/375 565/665/650
f 562/667/652 571/687/669 563/668/653
f 561/670/655 570/688/670 562/667/652
f 877/648/633 1013/689/671 880/678/663
f 552/690/672 581/691/673 578/676/661
f 550/645/630 577/666/651 579/675/660
f 556/651/636 1373/673/658 1371/655/640
f 557/659/644 579/675/660 574/671/656
f 553/653/638 578/676/661 576/669/654
f 554/654/639 576/669/654 577/666/651
f 556/651/636 574/671/656 575/663/648
f 317/692/668 592/693/674 296/694/675
f 617/695/676 592/693/674 630/696/677
f 261/344/337 591/697/678 589/698/679
f 271/332/325 590/367/360 591/697/678
f 261/344/337 588/699/680 254/313/306
f 254/313/306 642/700/681 637/303/296
f 225/701/682 585/702/683 219/256/249
f 621/703/684 196/245/238 628/196/189
f 626/704/685 594/705/686 267/331/324
f 313/361/354 598/706/687 593/365/358
f 885/707/688 1014/708/689 986/322/315
f 247/709/690 643/310/303 634/295/288
f 606/710/691 270/353/346 600/711/692
f 599/712/693 293/356/349 600/711/692
f 597/360/353 610/292/285 598/706/687
f 599/712/693 609/290/283 597/360/353
f 604/364/357 293/356/349 265/355/348
f 603/336/329 600/711/692 293/356/349
f 601/328/321 265/355/348 275/324/317
f 605/316/309 275/324/317 259/345/338
f 602/317/310 259/345/338 252/311/304
f 1326/298/291 608/713/694 1325/299/292
f 573/380/373 610/292/285 612/291/284
f 607/714/695 602/317/310 247/709/690
f 611/363/356 613/715/696 609/290/283
f 611/363/356 600/711/692 270/353/346
f 613/715/696 288/358/351 612/291/284
f 613/715/696 289/352/345 312/359/352
f 568/716/666 598/706/687 610/292/285
f 571/717/669 593/365/358 598/706/687
f 570/718/670 296/694/675 593/365/358
f 308/362/355 617/695/676 626/704/685
f 594/705/686 630/696/677 596/366/359
f 890/377/370 1014/708/689 889/719/697
f 249/293/286 638/305/298 214/248/241
f 237/347/340 639/232/225 632/351/344
f 307/370/363 627/330/323 625/312/305
f 309/369/362 626/704/685 627/330/323
f 307/370/363 624/302/295 306/371/364
f 306/371/364 644/304/297 640/372/365
f 220/258/251 640/372/365 304/308/301
f 303/373/366 623/255/248 622/257/250
f 1198/720/698 855/271/264 1201/721/699
f 305/348/341 616/284/277 231/194/187
f 854/722/700 975/723/701 882/724/702
f 637/303/296 586/725/703 225/701/682
f 301/374/367 1210/726/704 196/245/238
f 1317/727/705 299/728/706 1338/201/194
f 214/248/241 636/307/300 220/258/251
f 623/255/248 637/303/296 225/701/682
f 618/296/289 248/309/302 238/276/269
f 181/729/707 616/284/277 182/205/198
f 205/730/708 618/296/289 619/275/268
f 216/731/709 619/275/268 633/228/221
f 891/274/267 983/732/710 854/722/700
f 235/277/270 632/351/344 631/229/222
f 230/192/185 639/232/225 286/279/272
f 631/229/222 239/250/243 235/277/270
f 185/733/711 615/209/202 187/734/712
f 232/282/275 641/211/204 305/348/341
f 232/282/275 614/735/713 615/209/202
f 649/736/714 654/737/715 645/738/716
f 646/739/717 1015/740/718 655/741/719
f 652/742/720 660/743/721 651/744/722
f 648/745/723 658/746/724 649/736/714
f 651/744/722 1375/747/725 1374/748/726
f 647/749/727 657/750/728 648/745/723
f 645/738/716 661/751/729 652/742/720
f 646/739/717 656/752/730 647/749/727
f 673/753/731 670/754/732 669/755/733
f 674/756/734 667/757/735 675/758/736
f 676/759/737 666/760/738 674/756/734
f 672/761/739 663/762/740 670/754/732
f 1377/763/741 669/755/733 1376/764/742
f 675/758/736 663/762/740 677/765/743
f 679/766/744 665/767/745 676/759/737
f 679/766/744 1017/768/746 664/769/747
f 1017/768/746 857/770/376 664/769/747
f 322/771/383 669/755/733 670/754/732
f 666/760/738 329/772/389 667/757/735
f 665/767/745 325/773/380 666/760/738
f 663/762/740 322/771/383 670/754/732
f 1348/774/452 668/775/748 1376/764/742
f 667/757/735 393/776/467 663/762/740
f 655/741/719 1018/777/749 679/766/744
f 655/741/719 676/759/737 656/752/730
f 654/737/715 675/758/736 677/765/743
f 660/743/721 1377/763/741 1375/747/725
f 661/751/729 677/765/743 672/761/739
f 656/752/730 674/756/734 657/750/728
f 657/750/728 675/758/736 658/746/724
f 660/743/721 672/761/739 673/753/731
f 202/778/750 685/779/751 681/780/752
f 1020/781/753 892/782/754 896/783/279
f 185/784/711 688/785/755 687/786/756
f 245/787/757 684/788/758 685/779/751
f 185/784/711 1378/789/759 1317/790/705
f 243/791/760 683/239/232 684/788/758
f 187/792/712 681/780/752 688/785/755
f 240/793/761 682/794/762 717/795/763
f 709/796/764 697/797/765 696/798/766
f 711/799/767 693/800/768 694/801/769
f 710/802/770 692/803/771 693/800/768
f 708/804/772 690/805/773 697/797/765
f 1381/806/774 696/798/766 1379/807/775
f 713/808/776 694/801/769 690/805/773
f 720/240/233 691/809/777 718/810/778
f 895/811/779 1021/812/780 893/813/781
f 690/805/773 706/814/782 697/797/765
f 1379/807/775 705/815/783 1380/816/784
f 694/801/769 699/817/785 690/805/773
f 691/809/777 719/818/786 718/810/778
f 893/813/781 1023/819/787 894/820/788
f 696/798/766 706/814/782 705/815/783
f 693/800/768 703/821/789 694/801/769
f 692/803/771 702/822/790 693/800/768
f 892/782/754 1022/823/791 895/811/779
f 717/795/763 715/824/792 720/240/233
f 681/780/752 711/799/767 713/808/776
f 1378/789/759 709/796/764 1381/806/774
f 688/785/755 713/808/776 708/804/772
f 684/788/758 712/241/234 710/802/770
f 685/779/751 710/802/770 711/799/767
f 687/786/756 708/804/772 709/796/764
f 211/216/209 208/208/201 195/207/200
f 285/288/281 208/208/201 199/825/793
f 718/810/778 701/826/794 692/803/771
f 712/241/234 718/810/778 692/803/771
f 287/827/795 717/795/763 683/239/232
f 724/221/214 287/828/795 722/289/282
f 879/829/796 583/217/210 721/285/278
f 721/285/278 851/830/797 879/829/796
f 242/268/261 881/270/263 851/830/797
f 584/215/208 852/831/798 853/832/799
f 723/222/215 199/825/793 584/215/208
f 233/281/274 202/833/750 614/735/713
f 614/735/713 187/734/712 615/209/202
f 199/825/793 722/289/282 285/288/281
f 243/834/760 722/289/282 287/828/795
f 853/832/799 723/222/215 584/215/208
f 245/835/757 202/833/750 234/199/192
f 243/834/760 245/835/757 234/199/192
f 544/836/643 744/837/800 543/838/642
f 759/839/801 874/840/624 901/841/802
f 761/842/803 525/843/622 760/844/804
f 762/845/805 526/846/626 761/842/803
f 763/847/806 527/848/625 762/845/805
f 763/847/806 530/849/619 523/850/618
f 764/851/807 529/852/620 530/849/619
f 1386/853/808 528/854/809 1368/855/621
f 797/856/810 1382/857/811 1392/858/812
f 733/859/813 796/860/814 734/861/815
f 793/862/816 732/863/817 792/864/818
f 792/864/818 731/865/819 791/866/820
f 791/866/820 730/867/821 790/868/822
f 771/869/823 730/867/821 782/870/824
f 542/871/825 898/872/826 876/873/634
f 753/874/827 1383/875/828 1384/876/829
f 752/877/830 741/878/831 751/879/832
f 751/879/832 740/880/833 750/881/834
f 750/881/834 739/882/835 749/883/836
f 749/883/836 738/884/837 748/885/838
f 748/885/838 737/886/839 747/887/840
f 548/888/635 755/889/841 541/890/631
f 729/891/842 728/892/843 542/871/825
f 728/892/843 899/893/844 898/872/826
f 545/894/629 736/895/845 544/836/643
f 730/867/821 747/887/840 729/891/842
f 731/865/819 748/885/838 730/867/821
f 732/863/817 749/883/836 731/865/819
f 733/859/813 750/881/834 732/863/817
f 734/861/815 751/879/832 733/859/813
f 735/896/846 1384/876/829 1382/857/811
f 760/844/804 524/897/847 759/839/801
f 541/890/631 754/898/848 545/894/629
f 747/887/840 746/899/849 728/892/843
f 548/888/635 757/900/850 756/901/851
f 1370/902/641 758/903/852 1385/904/853
f 804/905/854 759/839/801 805/906/855
f 799/907/856 900/908/857 902/909/858
f 1383/875/828 766/910/859 1386/853/808
f 741/878/831 765/911/860 764/851/807
f 740/880/833 764/851/807 763/847/806
f 800/912/861 805/906/855 799/907/856
f 803/913/862 760/844/804 804/905/854
f 805/906/855 901/841/802 900/908/857
f 786/914/863 811/915/864 810/916/865
f 744/837/800 736/895/845 770/917/866
f 769/918/867 782/870/824 770/917/866
f 754/898/848 770/917/866 736/895/845
f 768/919/868 771/869/823 769/918/867
f 755/889/841 772/920/869 754/898/848
f 783/921/870 773/922/871 768/919/868
f 756/901/851 774/923/872 755/889/841
f 775/924/873 785/925/874 777/926/875
f 806/927/876 808/928/877 776/929/878
f 787/930/879 809/931/880 811/915/864
f 1385/904/853 807/932/881 1393/933/882
f 789/934/883 1388/935/884 1390/661/646
f 780/936/885 1389/662/647 1387/937/886
f 542/871/825 744/837/800 729/891/842
f 808/928/877 786/914/863 810/916/865
f 776/929/878 783/921/870 774/923/872
f 774/923/872 768/919/868 772/920/869
f 783/921/870 784/938/887 785/925/874
f 772/920/869 769/918/867 770/917/866
f 729/891/842 782/870/824 730/867/821
f 773/922/871 790/868/822 771/869/823
f 775/924/873 791/866/820 773/922/871
f 777/926/875 792/864/818 775/924/873
f 779/939/888 777/926/875 809/931/880
f 781/940/889 1391/941/890 1388/935/884
f 794/942/891 793/862/816 777/926/875
f 795/943/892 1392/858/812 1391/941/890
f 746/899/849 902/909/858 899/893/844
f 738/884/837 800/912/861 737/886/839
f 762/845/805 803/913/862 801/944/893
f 737/886/839 799/907/856 746/899/849
f 801/944/893 739/882/835 762/845/805
f 801/944/893 804/905/854 800/912/861
f 740/880/833 762/845/805 739/882/835
f 807/932/881 1387/937/886 1393/933/882
f 808/928/877 784/938/887 776/929/878
f 811/915/864 777/926/875 785/925/874
f 810/916/865 785/925/874 784/938/887
f 756/901/851 806/927/876 776/929/878
f 782/870/824 744/837/800 770/917/866
f 552/690/672 542/945/825 551/946/894
f 1402/947/895 813/948/896 1394/949/897
f 941/950/898 1395/951/899 1406/952/900
f 815/953/901 1396/954/902 1395/951/899
f 834/955/903 1397/956/904 1405/957/905
f 1397/956/904 821/958/906 1398/959/907
f 832/960/908 1399/961/909 1404/962/910
f 823/963/911 1400/964/912 1399/961/909
f 825/965/913 1401/966/914 1400/964/912
f 827/967/915 1374/968/726 1401/966/914
f 705/969/783 1402/947/895 1380/970/784
f 813/948/896 1403/971/916 1394/949/897
f 821/958/906 1404/962/910 1398/959/907
f 817/972/917 1405/957/905 1396/954/902
f 705/969/783 837/973/918 828/974/919
f 706/975/782 838/976/920 837/973/918
f 836/977/921 840/978/922 838/976/920
f 840/978/922 841/979/923 842/980/924
f 842/980/924 843/981/925 844/982/926
f 844/982/926 845/983/927 846/984/928
f 846/984/928 847/985/929 848/986/930
f 899/893/844 1027/987/931 1026/988/932
f 900/908/857 1028/989/933 1029/990/934
f 902/909/858 1029/990/934 1027/987/931
f 898/872/826 1026/988/932 1025/991/935
f 876/873/634 1025/991/935 1011/992/632
f 901/841/802 1009/993/623 1028/989/933
f 980/994/936 897/287/280 853/832/799
f 980/994/936 852/831/798 976/995/937
f 851/830/797 979/996/938 978/997/939
f 879/829/796 978/997/939 977/998/940
f 976/995/937 879/829/796 977/998/940
f 682/794/762 895/811/779 715/824/792
f 893/813/781 700/999/941 691/809/777
f 715/824/792 893/813/781 691/809/777
f 241/1000/213 892/782/754 682/794/762
f 642/700/681 854/722/700 586/725/703
f 586/725/703 882/724/702 585/702/683
f 1201/721/699 621/703/684 1200/195/188
f 596/366/359 890/377/370 889/719/697
f 590/367/360 889/719/697 885/707/688
f 551/946/894 880/678/663 581/691/673
f 878/680/665 569/1001/942 560/677/662
f 581/691/673 878/680/665 560/677/662
f 876/649/634 551/946/894 542/945/825
f 506/1002/943 875/630/615 539/643/628
f 873/632/617 524/1003/847 515/629/614
f 539/643/628 873/632/617 515/629/614
f 466/613/555 872/601/591 506/1002/943
f 870/591/584 414/557/550 412/490/483
f 871/594/587 462/563/556 414/557/550
f 862/593/586 408/486/479 360/428/421
f 869/589/582 412/490/483 472/487/480
f 868/586/579 472/487/480 410/485/478
f 867/587/580 410/485/478 408/486/479
f 865/582/575 466/562/555 462/563/556
f 998/1004/944 864/467/460 995/1005/945
f 995/1005/945 860/412/405 994/1006/946
f 997/1007/947 861/439/432 998/1004/944
f 997/1007/947 862/593/586 863/431/424
f 994/1006/946 858/404/397 993/1008/948
f 992/1009/949 856/385/378 990/384/377
f 993/1008/948 859/405/398 992/1009/949
f 334/407/400 857/383/376 856/385/378
f 569/1010/942 887/375/368 592/693/674
f 592/693/674 890/377/370 630/696/677
f 589/698/679 886/321/314 884/346/339
f 591/697/678 885/707/688 886/321/314
f 589/698/679 883/272/265 588/699/680
f 1020/1011/753 897/287/280 1024/1012/950
f 588/699/680 891/274/267 642/700/681
f 855/271/264 572/267/260 621/703/684
f 903/1013/951 706/975/782 699/1014/785
f 839/1015/952 903/1013/951 904/1016/953
f 905/1017/954 839/1015/952 904/1016/953
f 906/1018/955 841/979/923 905/1017/954
f 907/1019/956 843/981/925 906/1018/955
f 908/1020/957 845/983/927 907/1019/956
f 908/1020/957 719/1021/786 700/1022/941
f 907/1019/956 701/1023/794 719/1021/786
f 906/1018/955 702/1024/790 701/1023/794
f 905/1017/954 703/1025/789 702/1024/790
f 904/1016/953 699/1014/785 703/1025/789
f 908/1020/957 894/1026/788 909/1027/958
f 970/1028/959 1031/1029/960 1030/1030/961
f 1023/1031/787 909/1027/958 894/1026/788
f 847/985/929 909/1027/958 850/1032/962
f 850/1032/962 848/986/930 847/985/929
f 817/972/917 913/1033/963 914/1034/964
f 834/955/903 916/1035/965 819/1036/966
f 832/960/908 917/1037/967 918/1038/968
f 817/972/917 915/1039/969 834/955/903
f 819/1036/966 917/1037/967 821/958/906
f 828/974/919 919/1040/970 813/948/896
f 919/1040/970 830/1041/971 813/948/896
f 941/950/898 921/1042/972 948/1043/973
f 837/973/918 922/1044/974 919/1040/970
f 838/976/920 924/1045/975 922/1044/974
f 924/1045/975 842/980/924 926/1046/976
f 926/1046/976 844/982/926 928/1047/977
f 844/982/926 930/1048/978 928/1047/977
f 930/1048/978 848/986/930 932/1049/979
f 918/1038/968 823/963/911 832/960/908
f 931/1050/980 825/965/913 823/963/911
f 827/967/915 927/1051/981 920/1052/982
f 651/1053/722 920/1052/982 652/1054/720
f 919/1040/970 929/1055/983 921/1042/972
f 948/1043/973 923/1056/984 913/1033/963
f 923/1056/984 914/1034/964 913/1033/963
f 914/1034/964 933/1057/985 915/1039/969
f 915/1039/969 934/1058/986 916/1035/965
f 916/1035/965 935/1059/987 917/1037/967
f 922/1044/974 936/1060/988 929/1055/983
f 924/1045/975 937/1061/989 936/1060/988
f 927/1051/981 940/1062/990 939/1063/991
f 920/1052/982 939/1063/991 938/1064/992
f 917/1037/967 942/1065/993 918/1038/968
f 942/1065/993 931/1050/980 918/1038/968
f 652/1054/720 938/1064/992 645/1066/716
f 949/1067/994 923/1056/984 946/1068/995
f 936/1060/988 950/1069/996 949/1067/994
f 937/1061/989 928/1047/977 943/1070/997
f 928/1047/977 945/1071/998 943/1070/997
f 945/1071/998 932/1049/979 947/1072/999
f 949/1067/994 933/1057/985 925/1073/1000
f 929/1055/983 949/1067/994 946/1068/995
f 929/1055/983 948/1043/973 921/1042/972
f 941/950/898 913/1033/963 815/953/901
f 830/1041/971 1406/952/900 1403/971/916
f 940/1062/990 952/1074/1001 939/1063/991
f 939/1063/991 951/1075/1002 938/1064/992
f 952/1074/1001 956/1076/1003 955/1077/1004
f 951/1075/1002 955/1077/1004 954/1078/1005
f 955/1077/1004 959/1079/1006 958/1080/1007
f 954/1078/1005 958/1080/1007 957/1081/1008
f 959/1079/1006 961/1082/1009 958/1080/1007
f 958/1080/1007 960/1083/1010 957/1081/1008
f 945/1071/998 962/1084/1011 943/1070/997
f 947/1072/999 961/1082/1009 945/1071/998
f 933/1057/985 963/1085/1012 934/1058/986
f 963/1085/1012 937/1061/989 943/1070/997
f 934/1058/986 964/1086/1013 935/1059/987
f 962/1084/1011 963/1085/1012 943/1070/997
f 956/1076/1003 962/1084/1011 959/1079/1006
f 935/1059/987 965/1087/1014 942/1065/993
f 953/1088/1015 964/1086/1013 956/1076/1003
f 965/1087/1014 940/1062/990 942/1065/993
f 645/1066/716 951/1075/1002 649/1089/714
f 649/1089/714 954/1078/1005 648/1090/723
f 648/1090/723 957/1081/1008 647/1091/727
f 849/1092/1016 1033/1093/1017 1031/1029/960
f 1032/1094/1018 850/1032/962 909/1027/958
f 1046/1095/1019 1172/1096/1020 1047/1097/1021
f 1016/1098/1022 966/1099/1023 1034/1100/1024
f 647/1091/727 966/1099/1023 646/1101/717
f 966/1099/1023 1035/1102/1025 1034/1100/1024
f 968/1103/1026 1036/1104/1027 1035/1102/1025
f 1036/1104/1027 970/1028/959 1030/1030/961
f 932/1049/979 849/1092/1016 970/1028/959
f 970/1028/959 947/1072/999 932/1049/979
f 969/1105/1028 960/1083/1010 947/1072/999
f 966/1099/1023 960/1083/1010 968/1103/1026
f 664/769/747 335/1106/399 665/767/745
f 620/1107/1029 1198/1108/698 1202/1109/1030
f 226/1110/1031 976/1111/937 977/1112/940
f 226/1110/1031 978/1113/939 200/1114/1032
f 200/1114/1032 979/1115/938 224/1116/1033
f 587/1117/1034 980/1118/936 976/1111/937
f 635/1119/1035 982/1120/313 256/1121/1036
f 228/1122/1037 983/1123/710 255/1124/1038
f 256/1121/1036 984/1125/312 262/1126/1039
f 274/1127/1040 986/1128/315 268/1129/1041
f 274/1127/1040 984/1125/312 985/1130/316
f 620/1107/1029 979/1115/938 974/1131/262
f 629/1132/1042 988/1133/372 315/1134/1043
f 318/1135/1044 988/1133/372 989/1136/1045
f 326/1137/1046 990/1138/377 991/1139/1047
f 337/1140/1048 990/1138/377 323/1141/1049
f 332/1142/1050 992/1143/949 337/1140/1048
f 332/1142/1050 994/1144/946 993/1145/948
f 383/1146/1051 994/1144/946 346/1147/1052
f 365/1148/1053 996/1149/585 997/1150/947
f 365/1148/1053 998/1151/944 352/1152/1054
f 352/1152/1054 995/1153/945 383/1146/1051
f 498/1154/1055 999/1155/581 1000/1156/578
f 504/1157/1056 999/1155/581 499/1158/1057
f 501/1159/1058 1003/1160/583 500/1161/1059
f 502/1162/1060 1002/1163/589 501/1159/1058
f 503/1164/1061 1004/1165/588 502/1162/1060
f 504/1157/1056 1003/1160/583 1001/1166/1062
f 498/1154/1055 996/1149/585 358/1167/1063
f 513/1168/1064 1005/1169/576 503/1164/1061
f 522/1170/1065 1007/1171/1066 540/1172/1067
f 522/1170/1065 1009/1173/623 1008/1174/616
f 513/1168/1064 1007/1171/1066 1006/1175/627
f 549/1176/1068 1010/1177/1069 1011/1178/632
f 582/1179/1070 1012/1180/664 1013/1181/671
f 558/1182/1071 1013/1181/671 1010/1177/1069
f 318/1135/1044 1012/1180/664 567/1183/1072
f 268/1129/1041 1014/1184/689 595/1185/1073
f 595/1185/1073 987/1186/369 629/1132/1042
f 635/1119/1035 983/1123/710 981/1187/266
f 653/1188/1074 1015/1189/718 1016/1190/1022
f 680/1191/1075 1017/1192/746 1018/1193/749
f 680/1191/1075 1015/1189/718 662/1194/1076
f 244/1195/1077 1019/1196/1078 1020/1197/753
f 698/1198/1079 1022/1199/791 716/1200/1080
f 707/1201/1081 1021/1202/780 698/1198/1079
f 716/1200/1080 1019/1196/1078 689/1203/1082
f 726/1204/1083 980/1118/936 227/1205/1084
f 244/1195/1077 1024/1206/950 726/1204/1083
f 549/1176/1068 1025/1207/935 727/1208/1085
f 727/1208/1085 1026/1209/932 745/1210/1086
f 798/1211/1087 1026/1209/932 1027/1212/931
f 767/1213/1088 1029/1214/934 1028/1215/933
f 531/1216/1089 1028/1215/933 1009/1173/623
f 798/1211/1087 1029/1214/934 802/1217/1090
f 911/1218/1091 1030/1219/961 1031/1220/960
f 707/1201/1081 1032/1221/1018 1023/1222/787
f 910/1223/1092 1033/1224/1017 1032/1221/1018
f 912/1225/1093 1031/1220/960 1033/1224/1017
f 653/1188/1074 1034/1226/1024 967/1227/1094
f 967/1227/1094 1035/1228/1025 971/1229/1095
f 971/1229/1095 1036/1230/1027 972/1231/1096
f 973/1232/1097 1036/1230/1027 1030/1219/961
f 671/1233/1098 991/1139/1047 1017/1192/746
f 595/1185/1073 1077/1234/1099 1075/1235/1100
f 620/1107/1029 1039/1236/1101 224/1116/1033
f 268/1129/1041 1075/1235/1100 1046/1095/1019
f 326/1137/1046 1081/1237/1102 1051/1238/1103
f 262/1126/1039 1047/1097/1021 1045/1239/1104
f 567/1183/1072 1049/1240/1105 318/1135/1044
f 1096/1241/1106 971/1229/1095 1097/1242/1107
f 274/1127/1040 1046/1095/1019 1047/1097/1021
f 582/1179/1070 1071/1243/1108 1073/1244/1109
f 629/1132/1042 1048/1245/1110 1077/1234/1099
f 635/1119/1035 1043/1246/1111 255/1124/1038
f 315/1134/1043 1049/1240/1105 1048/1245/1110
f 653/1188/1074 1080/1247/1112 662/1194/1076
f 323/1141/1049 1051/1238/1103 1050/1248/1113
f 680/1191/1075 1081/1237/1102 671/1233/1098
f 337/1140/1048 1050/1248/1113 1053/1249/1114
f 662/1194/1076 1082/1250/1115 680/1191/1075
f 332/1142/1050 1053/1249/1114 1052/1251/1116
f 689/1203/1082 1042/1252/1117 1083/1253/1118
f 346/1147/1052 1052/1251/1116 1054/1254/1119
f 716/1200/1080 1084/1255/1120 698/1198/1079
f 383/1146/1051 1054/1254/1119 1058/1256/1121
f 698/1198/1079 1085/1257/1122 707/1201/1081
f 358/1167/1063 1057/1258/1123 1056/252/245
f 716/1200/1080 1083/1253/1118 1086/1259/1124
f 365/1148/1053 1055/1260/1125 1057/1258/1123
f 227/1205/1084 1087/1261/1126 726/1204/1083
f 352/1152/1054 1058/1256/1121 1055/1260/1125
f 726/1204/1083 1042/1252/1117 244/1195/1077
f 498/1154/1055 1060/1262/1127 499/1158/1057
f 727/1208/1085 1070/1263/1128 549/1176/1068
f 499/1158/1057 1065/1264/1129 504/1157/1056
f 745/1210/1086 1088/1265/1130 727/1208/1085
f 500/1161/1059 1062/1266/1131 501/1159/1058
f 798/1211/1087 1089/1267/1132 745/1210/1086
f 501/1159/1058 1063/1268/1133 502/1162/1060
f 802/1217/1090 1090/1269/1134 1092/1270/1135
f 502/1162/1060 1064/1271/1136 503/1164/1061
f 767/1213/1088 1068/1272/1137 1090/1269/1134
f 504/1157/1056 1061/1273/1138 500/1161/1059
f 228/1122/1037 1203/1274/1139 1202/1109/1030
f 798/1211/1087 1092/1270/1135 1091/1275/1140
f 358/1167/1063 1059/1276/1141 498/1154/1055
f 226/1110/1031 1074/1277/1142 587/1117/1034
f 973/1232/1097 1094/1278/1143 1099/1279/1144
f 503/1164/1061 1066/1280/1145 513/1168/1064
f 200/1114/1032 1038/1281/1146 226/1110/1031
f 910/1223/1092 1085/1257/1122 1093/1282/1147
f 540/1172/1067 1067/1283/1148 522/1170/1065
f 224/1116/1033 1040/1284/1149 200/1114/1032
f 912/1225/1093 1093/1282/1147 1095/1285/1150
f 531/1216/1089 1067/1283/1148 1068/1272/1137
f 587/1117/1034 1037/1286/1151 227/1205/1084
f 911/1218/1091 1095/1285/1150 1094/1278/1143
f 540/1172/1067 1066/1280/1145 1069/1287/1152
f 635/1119/1035 1044/1288/1153 1078/1289/1154
f 967/1227/1094 1079/1290/1155 653/1188/1074
f 558/1182/1071 1070/1263/1128 1071/1243/1108
f 255/1124/1038 1041/1291/1156 228/1122/1037
f 582/1179/1070 1072/1292/1157 567/1183/1072
f 256/1121/1036 1045/1239/1104 1044/1288/1153
f 1187/1293/1158 1084/1255/1120 1086/1259/1124
f 1097/1242/1107 1189/1294/1159 1096/1241/1106
f 1083/1253/1118 1087/1261/1126 1183/1295/1160
f 1149/1296/1161 1188/1297/1162 1148/1298/1163
f 1080/1247/1112 1184/1299/1164 1082/1250/1115
f 1186/1300/1165 1094/1278/1143 1095/1285/1150
f 1128/1301/1166 1102/1302/1167 1103/1303/1168
f 1130/1304/1169 1102/1302/1167 1129/1305/1170
f 1131/1306/1171 1101/1307/1172 1130/1304/1169
f 1053/1249/1114 1157/1308/1173 1158/1309/1174
f 1216/1310/1175 1089/1267/1132 1211/1311/1176
f 1155/1312/1177 1106/1313/1178 1107/1314/1179
f 1153/1315/1180 1106/1313/1178 1154/1316/1181
f 1153/1315/1180 1104/1317/1182 1105/1318/1183
f 1169/1319/1184 1063/1268/1133 1168/1320/1185
f 1182/1321/1186 1074/1277/1142 1181/1322/1187
f 1115/1323/1188 1110/1324/1189 1111/1325/1190
f 1114/1326/1191 1109/1327/1192 1110/1324/1189
f 1113/1328/1193 1108/1329/1194 1109/1327/1192
f 1164/1330/1195 1056/252/245 1163/254/247
f 1176/1331/1196 1043/1246/1111 1175/1332/1197
f 1116/1333/1198 1114/1326/1191 1115/1323/1188
f 1117/1334/1199 1113/1328/1193 1114/1326/1191
f 1118/1335/1200 1112/1336/1201 1113/1328/1193
f 1165/1337/1202 1059/1276/1141 1164/1330/1195
f 1175/1332/1197 1078/1289/1154 1174/1338/1203
f 1194/1339/1204 1119/1340/1205 1118/1335/1200
f 1195/1341/1206 1118/1335/1200 1117/1334/1199
f 1196/1342/1207 1117/1334/1199 1116/1333/1198
f 1174/1338/1203 1044/1288/1153 1197/1343/1208
f 1192/1344/1209 1060/1262/1127 1165/1337/1202
f 1127/1345/1210 1122/1346/1211 1123/1347/1212
f 1126/1348/1213 1121/1349/1214 1122/1346/1211
f 1125/1350/1215 1120/1351/1216 1121/1349/1214
f 1167/1352/1217 1061/1273/1138 1166/1353/1218
f 1173/1354/1219 1047/1097/1021 1172/1096/1020
f 1107/1314/1179 1126/1348/1213 1127/1345/1210
f 1106/1313/1178 1125/1350/1215 1126/1348/1213
f 1105/1318/1183 1124/1355/1220 1125/1350/1215
f 1168/1320/1185 1062/1266/1131 1167/1352/1217
f 1107/1314/1179 1172/1096/1020 1171/1356/1221
f 1132/1357/1222 1130/1304/1169 1133/1358/1223
f 1133/1358/1223 1129/1305/1170 1134/1359/1224
f 1135/1360/1225 1129/1305/1170 1128/1301/1166
f 1181/1322/1187 1038/1281/1146 1180/1361/1226
f 1052/1251/1116 1158/1309/1174 1159/1362/1227
f 1139/1363/1228 1134/1359/1224 1135/1360/1225
f 1138/1364/1229 1133/1358/1223 1134/1359/1224
f 1136/1365/1230 1133/1358/1223 1137/1366/1231
f 1054/1254/1119 1159/1362/1227 1160/1367/1232
f 1180/1361/1226 1040/1284/1149 1179/1368/1233
f 1142/1369/1234 1139/1363/1228 1143/1370/1235
f 1141/1371/1236 1138/1364/1229 1142/1369/1234
f 1140/1372/1237 1137/1366/1231 1141/1371/1236
f 1058/1256/1121 1160/1367/1232 1161/1373/1238
f 1179/1368/1233 1039/1236/1101 1178/1374/1239
f 1145/1375/1240 1143/1370/1235 1144/1376/1241
f 1146/1377/1242 1142/1369/1234 1145/1375/1240
f 1147/1378/1243 1141/1371/1236 1146/1377/1242
f 1055/1260/1125 1161/1373/1238 1162/1379/1244
f 1177/1380/1245 1039/1236/1101 1076/1381/1246
f 1204/1382/1247 1146/1377/1242 1205/1383/1248
f 1205/1383/1248 1145/1375/1240 1206/1384/1249
f 1207/1385/1250 1145/1375/1240 1144/1376/1241
f 1209/1386/1251 1076/1381/1246 1203/1274/1139
f 1057/1258/1123 1162/1379/1244 1208/253/246
f 1101/1307/1172 1190/1387/1252 1150/1388/1253
f 1101/1307/1172 1149/1296/1161 1102/1302/1167
f 1102/1302/1167 1148/1298/1163 1103/1303/1168
f 1182/1321/1186 1087/1261/1126 1037/1286/1151
f 1050/1248/1113 1156/1389/1254 1157/1308/1173
f 1211/1311/1176 1219/1390/1255 1221/1391/1256
f 1212/1392/1257 1222/1393/1258 1219/1390/1255
f 1214/1394/1259 1217/1395/1260 1222/1393/1258
f 1069/1287/1152 1220/1396/1261 1215/1397/1262
f 1171/1356/1221 1155/1312/1177 1107/1314/1179
f 1152/1398/1263 1168/1320/1185 1104/1317/1182
f 1104/1317/1182 1167/1352/1217 1124/1355/1220
f 1167/1352/1217 1120/1351/1216 1124/1355/1220
f 1193/1399/1264 1165/1337/1202 1119/1340/1205
f 1119/1340/1205 1164/1330/1195 1112/1336/1201
f 1112/1336/1201 1163/254/247 1108/1329/1194
f 1208/253/246 1147/1378/1243 1204/1382/1247
f 1162/1379/1244 1140/1372/1237 1147/1378/1243
f 1161/1373/1238 1136/1365/1230 1140/1372/1237
f 1160/1367/1232 1132/1357/1222 1136/1365/1230
f 1159/1362/1227 1131/1306/1171 1132/1357/1222
f 1158/1309/1174 1100/1400/1265 1131/1306/1171
f 1157/1308/1173 1151/1401/1266 1100/1400/1265
f 1186/1300/1165 1093/1282/1147 1188/1297/1162
f 1215/1397/1262 1217/1395/1260 1213/1402/1267
f 1103/1303/1168 1183/1295/1160 1182/1321/1186
f 1103/1303/1168 1181/1322/1187 1128/1301/1166
f 1128/1301/1166 1180/1361/1226 1135/1360/1225
f 1135/1360/1225 1179/1368/1233 1139/1363/1228
f 1139/1363/1228 1178/1374/1239 1143/1370/1235
f 1144/1376/1241 1178/1374/1239 1177/1380/1245
f 1207/1385/1250 1177/1380/1245 1209/1386/1251
f 1111/1325/1190 1175/1332/1197 1115/1323/1188
f 1115/1323/1188 1174/1338/1203 1116/1333/1198
f 1116/1333/1198 1197/1343/1208 1196/1342/1207
f 1123/1347/1212 1172/1096/1020 1127/1345/1210
f 1077/1234/1099 1171/1356/1221 1075/1235/1100
f 1048/1245/1110 1225/1403/1268 1224/1404/1269
f 1071/1243/1108 1223/1405/1270 1073/1244/1109
f 1148/1298/1163 1187/1293/1158 1183/1295/1160
f 972/1231/1096 1099/1279/1144 1098/1406/1271
f 971/1229/1095 1098/1406/1271 1097/1242/1107
f 1189/1294/1159 1156/1389/1254 1184/1299/1164
f 1149/1296/1161 1185/1407/1272 1186/1300/1165
f 1150/1388/1253 1191/1408/1273 1185/1407/1272
f 1190/1387/1252 1189/1294/1159 1191/1408/1273
f 1196/1342/1207 1173/1354/1219 1123/1347/1212
f 1156/1389/1254 1081/1237/1102 1082/1250/1115
f 1093/1282/1147 1187/1293/1158 1188/1297/1162
f 1184/1299/1164 1096/1241/1106 1189/1294/1159
f 1185/1407/1272 1099/1279/1144 1094/1278/1143
f 1191/1408/1273 1098/1406/1271 1099/1279/1144
f 1083/1253/1118 1187/1293/1158 1086/1259/1124
f 1100/1400/1265 1151/1401/1266 1190/1387/1252
f 1123/1347/1212 1195/1341/1206 1196/1342/1207
f 1121/1349/1214 1195/1341/1206 1122/1346/1211
f 1120/1351/1216 1194/1339/1204 1121/1349/1214
f 1166/1353/1218 1193/1399/1264 1120/1351/1216
f 1166/1353/1218 1065/1264/1129 1192/1344/1209
f 1173/1354/1219 1044/1288/1153 1045/1239/1104
f 622/257/250 301/374/367 303/373/366
f 1207/1385/1250 1176/1331/1196 1111/1325/1190
f 1108/1329/1194 1208/253/246 1204/1382/1247
f 1209/1386/1251 1041/1291/1156 1176/1331/1196
f 1111/1325/1190 1206/1384/1249 1207/1385/1250
f 1110/1324/1189 1205/1383/1248 1206/1384/1249
f 1109/1327/1192 1204/1382/1247 1205/1383/1248
f 1202/1109/1030 1076/1381/1246 620/1107/1029
f 1202/1109/1030 975/1409/701 228/1122/1037
f 585/702/683 1201/721/699 1200/195/188
f 882/724/702 1198/720/698 1201/721/699
f 585/702/683 1199/197/190 219/256/249
f 219/256/249 1210/726/704 622/257/250
f 628/196/189 1210/726/704 1199/197/190
f 1068/1272/1137 1213/1402/1267 1090/1269/1134
f 1092/1270/1135 1213/1402/1267 1214/1394/1259
f 1092/1270/1135 1212/1392/1257 1091/1275/1140
f 1089/1267/1132 1212/1392/1257 1211/1311/1176
f 1170/1410/1274 1221/1391/1256 1155/1312/1177
f 1072/1292/1157 1225/1403/1268 1049/1240/1105
f 1067/1283/1148 1215/1397/1262 1068/1272/1137
f 1152/1398/1263 1222/1393/1258 1217/1395/1260
f 1073/1244/1109 1226/1411/1275 1072/1292/1157
f 1064/1271/1136 1220/1396/1261 1066/1280/1145
f 1154/1316/1181 1221/1391/1256 1219/1390/1255
f 1169/1319/1184 1217/1395/1260 1220/1396/1261
f 1153/1315/1180 1219/1390/1255 1222/1393/1258
f 1216/1310/1175 1221/1391/1256 1218/1412/1276
f 1088/1265/1130 1223/1405/1270 1070/1263/1128
f 1218/1412/1276 1225/1403/1268 1226/1411/1275
f 1216/1310/1175 1226/1411/1275 1223/1405/1270
f 1224/1404/1269 1077/1234/1099 1048/1245/1110
f 1170/1410/1274 1224/1404/1269 1225/1403/1268
f 1172/1096/1020 1075/1235/1100 1171/1356/1221
f 4/1413/2 191/350/343 189/202/195
f 32/1414/10 191/350/343 6/1415/35
f 9/1416/17 213/233/226 11/1417/8
f 15/1418/16 221/1419/1277 14/1420/13
f 16/1421/14 221/1419/1277 223/260/253
f 9/1416/17 223/260/253 206/265/258
f 114/1422/22 251/297/290 20/1423/19
f 20/1423/19 222/263/256 15/1418/16
f 22/1424/1278 250/300/293 19/1425/21
f 22/1424/1278 278/1426/1279 258/1427/1280
f 27/1428/33 273/1429/1281 272/341/334
f 24/1430/41 294/338/331 264/1431/1282
f 30/1432/1283 264/1431/1282 278/1426/1279
f 11/1417/8 283/236/229 32/1414/10
f 35/1433/1284 311/1434/1285 290/1435/1286
f 28/1436/1287 290/1435/1286 273/1429/1281
f 38/1437/30 272/341/334 294/338/331
f 4/1413/2 299/728/706 40/1438/3
f 41/1439/1288 291/1440/1289 311/1434/1285
f 36/1441/1290 316/1442/1291 291/1440/1289
f 54/1443/59 371/1444/1292 370/458/451
f 56/1445/45 373/1446/1293 372/445/438
f 54/1443/59 373/1446/1293 57/1447/61
f 58/1448/53 372/445/438 374/454/447
f 59/1449/57 387/469/462 375/456/449
f 61/1450/49 376/451/444 60/1451/50
f 61/1450/49 378/449/442 377/1452/1294
f 62/1453/48 375/456/449 378/449/442
f 58/1448/53 385/462/455 64/1454/54
f 66/1455/63 385/462/455 387/469/462
f 83/1456/84 423/511/504 71/1457/71
f 67/1458/65 376/451/444 409/503/496
f 96/1459/94 424/508/501 72/1460/68
f 80/1461/77 452/541/534 79/1462/74
f 79/1462/74 454/568/561 81/1463/79
f 82/1464/85 453/537/530 80/1461/77
f 82/1464/85 459/542/535 455/548/541
f 78/1465/83 423/511/504 451/545/538
f 72/1460/68 456/512/505 83/1456/84
f 86/1466/81 451/545/538 459/542/535
f 81/1463/79 477/570/563 87/1467/86
f 87/1467/86 479/569/562 89/1468/88
f 89/1468/88 481/573/566 91/1469/90
f 91/1469/90 483/575/568 93/1470/92
f 67/1458/65 491/509/502 96/1459/94
f 97/1471/1295 483/1472/568 510/1473/1296
f 104/1474/1297 510/1473/1296 538/1475/1298
f 99/1476/1299 528/1477/809 101/1478/136
f 99/1476/1299 538/1475/1298 519/1479/1300
f 107/1480/1301 546/1481/1302 555/1482/1303
f 112/1483/1304 555/1482/1303 580/1484/1305
f 112/1483/1304 564/1485/1306 109/1486/1307
f 109/1486/1307 316/1487/1291 44/1488/1308
f 19/1425/21 608/713/694 114/1422/22
f 40/1438/3 190/1489/1309 5/1490/117
f 117/1491/1310 650/1492/1311 659/1493/1312
f 122/1494/1313 659/1493/1312 678/1495/1314
f 122/1494/1313 668/775/748 119/1496/124
f 123/1497/1315 714/1498/1316 130/1499/1317
f 125/1500/1318 704/1501/1319 127/1502/1320
f 130/1499/1317 695/1503/1321 125/1500/1318
f 123/1497/1315 190/1504/1309 686/1505/1322
f 101/1506/136 766/910/859 140/1507/137
f 152/1508/139 735/896/846 797/856/810
f 134/1509/147 753/874/827 136/1510/142
f 132/1511/144 753/874/827 735/896/846
f 138/1512/145 546/1513/1302 105/1514/146
f 143/1515/152 807/932/881 154/1516/157
f 144/1517/155 789/934/883 148/1518/151
f 143/1515/152 788/660/645 780/936/885
f 147/1519/107 789/934/883 788/660/645
f 144/1517/155 795/943/892 781/940/889
f 152/1508/139 795/943/892 150/1520/156
f 140/1507/137 743/1521/1323 134/1509/147
f 154/1516/157 758/903/852 138/1512/145
f 172/1522/1324 704/1523/1319 829/1524/1325
f 174/1525/1326 812/1526/1327 831/1527/1328
f 159/1528/1329 814/1529/1330 816/1530/1331
f 159/1528/1329 835/1531/1332 178/1532/1333
f 163/1533/1334 818/1534/1335 820/1535/1336
f 163/1533/1334 833/1536/1337 176/1537/1338
f 167/1538/1339 822/1539/1340 824/1540/1341
f 167/1538/1339 826/1541/1342 169/1542/1343
f 169/1542/1343 650/1543/1311 115/1544/1344
f 172/1522/1324 812/1526/1327 155/1545/1345
f 174/1525/1326 944/1546/1346 180/1547/1347
f 176/1537/1338 822/1539/1340 165/1548/1348
f 178/1532/1333 818/1534/1335 161/1549/1349
f 180/1547/1347 814/1529/1330 157/1550/1350
f 119/1496/124 371/1551/1292 55/1552/1351
f 7/1553/1352 1232/1554/1353 1230/1555/1354
f 98/103/102 1273/1556/1355 94/96/96
f 63/1557/1356 1253/1558/1357 49/1559/1358
f 166/180/175 1310/1560/1359 1309/1561/1360
f 149/1562/1361 1302/1563/1362 151/1564/1363
f 135/1565/1364 1293/1566/1365 133/1567/1366
f 45/1568/1367 1250/1569/1368 46/1570/1369
f 48/1571/1370 1251/1572/1371 1252/1573/1372
f 118/128/126 1284/1574/1373 116/120/119
f 12/1575/1374 1231/1576/1375 1233/1577/1376
f 103/100/99 1275/1578/1377 98/103/102
f 65/1579/1378 1258/1580/1379 63/1557/1356
f 45/1568/1367 1252/1573/1372 1249/1581/1380
f 29/26/26 1238/1582/1381 23/1583/1382
f 13/1584/1383 1231/1576/1375 8/1585/1384
f 170/184/178 1310/1560/1359 168/182/177
f 139/1586/1385 1293/1566/1365 1296/1587/1386
f 135/1565/1364 1292/1588/1387 1294/1589/1388
f 47/1590/1389 1253/1558/1357 1251/1572/1371
f 84/1591/1390 1262/1592/1391 1268/1593/1392
f 50/1594/1393 1259/1595/1394 65/1579/1378
f 121/124/123 1285/1596/1395 118/128/126
f 100/99/98 1277/1597/1396 1276/1598/1397
f 51/1599/1398 1256/1600/1399 52/1601/1400
f 10/1602/1401 1242/1603/1402 1232/1554/1353
f 116/1604/119 1311/1605/1403 170/184/178
f 85/1606/1404 1261/1607/1405 69/1608/1406
f 106/1609/104 1295/1610/1407 137/1611/1408
f 53/1612/1409 1256/1600/1399 1257/1613/1410
f 120/123/122 1287/1614/1411 121/124/123
f 100/99/98 1278/1615/1412 103/100/99
f 128/186/133 1312/1616/1413 1290/1617/1414
f 51/1599/1398 1260/1618/1415 1255/1619/1416
f 53/1612/1409 1254/1620/1417 50/1594/1393
f 171/164/159 1304/1621/1418 1312/1616/1413
f 69/1608/1406 1262/1592/1391 70/1622/1419
f 124/137/134 1229/1623/1420 3/130/128
f 18/1624/1421 1283/1625/1422 113/1626/1423
f 173/191/184 1304/1621/1418 156/188/181
f 153/1627/1424 1297/1628/1425 141/1629/1426
f 76/1630/1427 1270/1631/1428 1266/1632/1429
f 179/167/162 1305/1633/1430 1316/1634/1431
f 73/1635/1432 1268/1593/1392 1263/1636/1433
f 146/1637/1434 1298/1638/1435 142/1639/1436
f 26/1640/1437 1244/1641/1438 34/36/36
f 18/1624/1421 1233/1577/1376 1236/1642/1439
f 106/105/104 1280/1643/1440 1279/1644/1441
f 73/1635/1432 1274/1645/1442 95/1646/1443
f 129/134/131 1288/1647/1444 124/137/134
f 175/177/172 1308/1648/1445 164/174/169
f 42/42/42 1243/1649/1446 33/39/39
f 90/1650/1447 1270/1631/1428 88/1651/1448
f 160/190/183 1305/1633/1430 158/170/165
f 25/1652/1449 1245/1653/1450 1239/1654/1451
f 108/115/114 1282/1655/1452 1280/1643/1440
f 75/1656/1453 1264/1657/1454 1265/1658/1455
f 126/133/130 1290/1659/1414 1289/1660/1456
f 160/190/183 1315/1661/1457 1306/1662/1458
f 2/4/4 1227/1663/1459 1/1664/1460
f 76/1630/1427 1264/1657/1454 74/1665/1461
f 141/1629/1426 1299/1666/1462 145/1667/1463
f 110/111/110 1282/1655/1452 111/112/111
f 90/1650/1447 1272/1668/1464 1271/1669/1465
f 162/175/170 1315/1661/1457 177/172/167
f 77/1670/1466 1265/1658/1455 1267/1671/1467
f 145/1667/1463 1300/1672/1468 146/1637/1434
f 126/133/130 1291/1673/1469 129/134/131
f 39/1674/1470 1228/1675/1471 2/4/4
f 17/23/23 1237/1676/1472 21/34/34
f 85/1606/1404 1267/1671/1467 1269/1677/1473
f 173/191/184 1316/1634/1431 1313/1678/1474
f 94/1679/96 1272/1668/1464 92/1680/1475
f 162/175/170 1308/1648/1445 1307/1681/1476
f 34/36/36 1247/1682/1477 42/42/42
f 110/111/110 1248/1683/1478 1281/1684/1479
f 29/26/26 1237/1676/1472 1241/1685/1480
f 13/1584/1383 1230/1555/1354 1234/1686/1481
f 95/1646/1443 1260/1618/1415 68/1687/1482
f 139/1688/1385 1277/1597/1396 102/102/101
f 31/1689/1483 1227/1663/1459 1242/1603/1402
f 149/1562/1361 1298/1638/1435 1301/1690/1484
f 113/1626/1423 1235/1691/1485 17/23/23
f 25/1652/1449 1240/1692/1486 26/1640/1437
f 120/123/122 1250/1693/1368 1286/1694/1487
f 175/177/172 1309/1561/1360 1314/1695/1488
f 131/1696/1489 1302/1563/1362 1292/1588/1387
f 3/1697/128 1246/1698/1490 39/1674/1470
f 23/1583/1382 1245/1653/1450 37/1699/1491
f 153/1627/1424 1295/1610/1407 1303/1700/1492
f 33/39/39 1248/1701/1478 43/1702/113
f 1403/971/916 944/1546/1346 831/1527/1328
f 1396/954/902 835/1531/1332 816/1530/1331
f 1398/959/907 833/1536/1337 820/1535/1336
f 1394/949/897 831/1527/1328 812/1526/1327
f 704/1523/1319 1402/947/895 829/1524/1325
f 1401/966/914 650/1543/1311 826/1541/1342
f 1400/964/912 826/1541/1342 824/1540/1341
f 1399/961/909 824/1540/1341 822/1539/1340
f 1404/962/910 822/1539/1340 833/1536/1337
f 1397/956/904 820/1535/1336 818/1534/1335
f 1405/957/905 818/1534/1335 835/1531/1332
f 1395/951/899 816/1530/1331 814/1529/1330
f 1406/952/900 814/1529/1330 944/1546/1346
f 1402/947/895 812/1526/1327 829/1524/1325
f 1393/933/882 778/1703/1493 806/927/876
f 1391/941/890 796/860/814 794/942/891
f 1388/935/884 794/942/891 779/939/888
f 1387/937/886 786/914/863 778/1703/1493
f 1390/661/646 779/939/888 787/930/879
f 757/900/850 1393/933/882 806/927/876
f 742/1704/1494 1386/853/808 765/911/860
f 547/1705/637 1385/904/853 757/900/850
f 1382/857/811 752/877/830 734/861/815
f 1384/876/829 742/1704/1494 752/877/830
f 1392/858/812 734/861/815 796/860/814
f 765/911/860 1368/855/621 529/852/620
f 1378/789/759 714/1498/1316 686/1505/1322
f 695/1503/1321 1380/816/784 704/1501/1319
f 714/1498/1316 1379/807/775 695/1503/1321
f 1317/790/705 686/1505/1322 190/1504/1309
f 1375/747/725 678/1495/1314 659/1493/1312
f 324/1706/1495 1376/764/742 669/755/733
f 678/1495/1314 1376/764/742 668/775/748
f 1374/748/726 659/1493/1312 650/1492/1311
f 1317/727/705 298/210/203 185/733/711
f 247/709/690 1325/299/292 607/714/695
f 1371/655/640 580/1484/1305 555/1482/1303
f 564/1485/1306 1339/684/667 316/1487/1291
f 580/1484/1305 1372/674/659 564/1485/1306
f 1389/662/647 787/930/879 786/914/863
f 1370/656/641 555/1482/1303 546/1481/1302
f 1366/608/595 538/1475/1298 510/1473/1296
f 519/1479/1300 1368/636/621 528/1477/809
f 538/1475/1298 1367/626/611 519/1479/1300
f 1364/609/596 510/1473/1296 483/1472/568
f 420/504/497 1365/507/500 1351/581/574
f 482/579/572 1364/1707/596 1363/574/567
f 480/577/570 1363/574/567 1362/572/565
f 478/571/564 1362/572/565 1361/567/560
f 478/571/564 1357/540/533 449/566/559
f 1356/539/532 458/533/526 450/535/528
f 457/513/506 1352/547/540 425/505/498
f 1358/543/536 422/501/494 421/534/527
f 1360/544/537 421/534/527 458/533/526
f 1357/540/533 447/531/524 449/566/559
f 1355/538/531 450/535/528 448/532/525
f 1354/536/529 448/532/525 447/531/524
f 457/513/506 1353/546/539 1359/510/503
f 490/506/499 1352/547/540 1365/507/500
f 356/426/419 1351/581/574 1344/452/445
f 350/416/409 1350/461/454 386/417/410
f 386/417/410 1349/453/446 380/468/461
f 341/399/392 1347/460/453 320/389/382
f 1347/460/453 324/1708/1495 320/389/382
f 369/441/434 1345/457/450 350/416/409
f 1346/455/448 330/398/391 344/408/401
f 380/468/461 1346/455/448 344/408/401
f 1344/452/445 362/427/420 356/426/419
f 362/427/420 1343/450/443 369/441/434
f 1340/447/440 341/399/392 330/398/391
f 316/1442/1291 1335/381/374 291/1440/1289
f 290/1435/1286 1337/357/350 1334/368/361
f 263/327/320 1336/340/333 292/337/330
f 311/1434/1285 1335/381/374 1337/357/350
f 273/1429/1281 1334/368/361 1331/342/335
f 1319/204/197 282/231/224 181/729/707
f 278/1426/1279 1328/318/311 258/1427/1280
f 1330/339/332 270/353/346 269/335/328
f 1336/340/333 269/335/328 292/337/330
f 264/1431/1282 1332/334/327 278/1426/1279
f 258/1427/1280 1327/301/294 250/300/293
f 607/714/695 1327/301/294 246/315/308
f 215/294/287 1326/298/291 247/709/690
f 1320/234/227 216/731/709 203/227/220
f 205/730/708 1324/264/257 215/294/287
f 1322/262/255 205/730/708 216/731/709
f 1333/237/230 212/238/231 282/231/224
f 1321/235/228 203/227/220 212/238/231
f 191/350/343 1318/203/196 189/202/195
f 1338/201/194 182/205/198 298/210/203
f 180/1709/1347 1493/187/180 174/1710/1326
f 159/1711/1329 1495/173/168 1486/169/164
f 176/1712/1338 1488/189/182 163/1713/1334
f 174/1710/1326 1484/163/158 155/1714/1345
f 127/1715/1320 1492/165/160 1470/185/179
f 115/1716/1344 1491/181/176 169/1717/1343
f 169/1717/1343 1490/179/174 167/1718/1339
f 167/1718/1339 1489/176/171 165/1719/1348
f 165/1719/1348 1494/178/173 176/1712/1338
f 163/1713/1334 1487/171/166 161/1720/1349
f 161/1720/1349 1495/173/168 178/1721/1333
f 159/1711/1329 1485/166/161 157/1722/1350
f 157/1722/1350 1496/168/163 180/1709/1347
f 155/1714/1345 1492/165/160 172/1723/1324
f 141/1629/1426 1483/153/148 153/1627/1424
f 151/1564/1363 1481/159/154 149/1562/1361
f 149/1562/1361 1478/155/150 142/1639/1436
f 145/1667/1463 1477/158/153 141/1629/1426
f 142/1639/1436 1480/107/106 146/1637/1434
f 153/1627/1424 1475/154/149 137/1611/1408
f 133/1567/1366 1476/151/135 1473/144/141
f 106/1609/104 1475/154/149 1460/148/105
f 135/1565/1364 1472/141/138 131/1696/1489
f 133/1567/1366 1474/146/143 135/1565/1364
f 131/1696/1489 1482/143/140 151/1564/1363
f 102/102/101 1476/138/135 139/1688/1385
f 130/1724/1317 1468/129/127 123/1725/1315
f 125/1726/1318 1470/1727/179 1469/135/132
f 130/1724/1317 1469/135/132 1471/132/129
f 123/1725/1315 1407/131/116 5/1728/117
f 122/1729/1313 1465/119/118 117/1730/1310
f 1466/127/125 46/1731/1369 120/123/122
f 122/1729/1313 1466/127/125 1467/122/121
f 117/1730/1310 1464/121/120 115/1732/1344
f 3/1697/128 1428/1/1 1407/117/116
f 18/1624/1421 1415/20/20 1416/116/115
f 112/1733/1304 1461/104/103 107/1734/1301
f 109/1735/1307 1429/1736/43 1462/113/112
f 112/1733/1304 1462/113/112 1463/110/109
f 146/1637/1434 1479/109/108 145/1667/1463
f 107/1734/1301 1460/106/105 105/1737/146
f 104/1738/1297 1456/95/95 97/1739/1295
f 99/1740/1299 1458/1741/1496 1457/101/100
f 104/1738/1297 1457/101/100 1459/98/97
f 97/1739/1295 1454/97/93 93/1742/92
f 68/1687/1482 1455/67/67 95/1646/1443
f 92/1680/1475 1454/93/93 94/1679/96
f 90/1650/1447 1453/91/91 92/1680/1475
f 88/1651/1448 1452/89/89 90/1650/1447
f 1447/78/78 88/1651/1448 76/1630/1427
f 85/1606/1404 1446/76/76 77/1670/1466
f 73/1635/1432 1449/70/70 84/1591/1390
f 70/1622/1419 1448/80/80 69/1608/1406
f 69/1608/1406 1450/82/82 85/1606/1404
f 74/1665/1461 1447/78/78 76/1630/1427
f 77/1670/1466 1445/73/73 75/1656/1453
f 75/1656/1453 1444/75/75 74/1665/1461
f 84/1591/1390 1443/72/72 70/1622/1419
f 95/1646/1443 1442/69/69 73/1635/1432
f 51/1599/1398 1441/66/66 68/1687/1482
f 50/1594/1393 1440/62/62 1435/64/64
f 65/1579/1378 1439/52/52 1440/62/62
f 48/1571/1370 1437/60/60 1431/44/44
f 46/1570/1369 1437/60/60 45/1568/1367
f 53/1612/1409 1435/64/64 1433/56/56
f 47/1590/1389 1436/55/55 49/1559/1358
f 63/1557/1356 1436/55/55 1439/52/52
f 52/1601/1400 1434/51/51 51/1599/1398
f 52/1601/1400 1433/56/56 1432/47/47
f 47/1590/1389 1431/44/44 1430/46/46
f 1425/40/40 44/1743/1308 36/1744/1290
f 35/1745/1284 1427/38/38 41/1746/1288
f 23/1583/1382 1426/31/31 1419/27/27
f 41/1746/1288 1425/40/40 36/1744/1290
f 28/1747/1287 1424/37/37 35/1745/1284
f 31/1689/1483 1409/5/5 1/1664/1460
f 1418/24/24 30/1748/1283 22/1749/1278
f 26/1640/1437 1420/29/29 25/1652/1449
f 25/1652/1449 1426/31/31 37/1699/1491
f 1422/28/28 24/41/41 30/1748/1283
f 1417/25/25 22/1749/1278 19/21/21
f 113/1626/1423 1417/25/25 1415/20/20
f 12/1575/1374 1416/116/115 1414/18/18
f 13/1584/1383 1410/7/7 7/1553/1352
f 8/1585/1384 1414/18/18 1413/15/15
f 8/1585/1384 1412/12/12 13/1584/1383
f 10/1602/1401 1423/11/11 31/1689/1483
f 7/1553/1352 1411/9/9 10/1602/1401
f 1408/6/6 6/35/35 4/2/2
f 39/1674/1470 1408/6/6 1428/1/1
f 1678/1750/1497 1622/1751/1498 1677/1752/1499
f 1680/1753/1500 1594/1754/1501 1679/1755/1502
f 1681/1756/1503 1664/1757/1504 1651/1758/1505
f 1684/1759/1506 1643/1760/1507 1683/1761/1508
f 1686/1762/1509 1624/1763/1510 1685/1764/1511
f 1687/1765/1512 1596/1766/1513 1595/1767/1514
f 1689/1768/1515 1676/1769/1516 1665/1770/1517
f 1691/1771/1518 1648/1772/1519 1684/1759/1506
f 1685/1764/1511 1625/1773/1520 1692/1774/1521
f 1688/1775/1522 1593/1776/1523 1596/1766/1513
f 1695/1777/1524 1671/1778/1525 1694/1779/1526
f 1681/1780/1503 1650/1781/1527 1696/1782/1528
f 1698/1783/1529 1627/1784/1530 1697/1785/1531
f 1699/1786/1532 1598/1787/1533 1597/1788/1534
f 1702/1789/1535 1668/1790/1536 1701/1791/1537
f 1696/1782/1528 1649/1792/1538 1691/1771/1518
f 1703/1793/1539 1626/1794/1540 1698/1783/1529
f 1704/1795/1541 1597/1788/1534 1599/1796/1542
f 1690/1797/1543 1666/1798/1544 1676/1769/1516
f 1707/1799/1545 1638/1800/1546 1706/1801/1547
f 1697/1785/1531 1629/1802/1548 1708/1803/1549
f 1709/1804/1550 1600/1805/1551 1601/1806/1552
f 1712/1807/1553 1647/1808/1554 1711/1809/1555
f 1713/1810/1556 1653/1811/1557 1654/1812/1558
f 1708/1803/1549 1630/1813/1559 1715/1814/1560
f 1716/1815/1561 1603/1816/1562 1602/1817/1563
f 1718/1818/1564 1655/1819/1565 1656/1820/1566
f 1677/1752/1499 1623/1821/1567 1686/1762/1509
f 1717/1822/1568 1599/1796/1542 1603/1816/1562
f 1719/1823/1569 1654/1812/1558 1655/1819/1565
f 1715/1814/1560 1621/1824/1570 1678/1750/1497
f 1721/1825/1571 1592/1826/1572 1720/1827/1573
f 1723/1828/1574 1657/1829/1575 1722/1830/1576
f 1724/1831/1577 1628/1832/1578 1703/1793/1539
f 1725/1833/1579 1601/1806/1552 1604/1834/1580
f 1727/1835/1581 1659/1836/1582 1726/1837/1583
f 1728/1838/1584 1631/1839/1585 1724/1831/1577
f 1729/1840/1586 1605/1841/1587 1606/1842/1588
f 1731/1843/1589 1660/1844/1590 1661/1845/1591
f 1733/1846/1592 1632/1847/1593 1728/1838/1584
f 1710/1848/1594 1602/1817/1563 1600/1805/1551
f 1726/1837/1583 1662/1849/1595 1734/1850/1596
f 1735/1851/1597 1633/1852/1598 1733/1846/1592
f 1737/1853/1599 1588/1854/1600 1736/1855/1601
f 1734/1850/1596 1660/1844/1590 1732/1856/1602
f 1692/1774/1521 1620/1857/1603 1738/1858/1604
f 1730/1859/1605 1604/1834/1580 1605/1841/1587
f 1739/1860/1606 1661/1845/1591 1663/1861/1607
f 1740/1862/1608 1634/1863/1609 1735/1864/1597
f 1741/1865/1610 1606/1842/1588 1608/1866/1611
f 1722/1830/1576 1658/1867/1612 1727/1835/1581
f 1740/1862/1608 1636/1868/1613 1635/1869/1614
f 1712/1870/1553 1610/1871/1615 1609/1872/1616
f 1714/1873/1617 1663/1861/1607 1653/1811/1557
f 1706/1801/1547 1637/1874/1618 1744/1875/1619
f 1745/1876/1620 1612/1877/1621 1611/1878/1622
f 1707/1879/1545 1656/1820/1566 1652/1880/1623
f 1744/1875/1619 1636/1868/1613 1742/1881/1624
f 1743/1882/1625 1611/1878/1622 1610/1871/1615
f 1682/1883/1626 1665/1770/1517 1664/1757/1504
f 1723/1884/1574 1639/1885/1627 1640/1886/1628
f 1746/1887/1629 1613/1888/1630 1612/1877/1621
f 1705/1889/1631 1667/1890/1632 1666/1798/1544
f 1747/1891/1633 1641/1892/1634 1639/1885/1627
f 1751/1893/1635 1615/1894/1636 1614/1895/1637
f 1701/1791/1537 1667/1890/1632 1749/1896/1638
f 1753/1897/1639 1641/1892/1634 1750/1898/1640
f 1754/1899/1641 1617/1900/1642 1616/1901/1643
f 1702/1789/1535 1670/1902/1644 1669/1903/1645
f 1741/1904/1610 1642/1905/1646 1753/1897/1639
f 1757/1906/1647 1616/1901/1643 1618/1907/1648
f 1736/1855/1601 1587/1908/1649 1758/1909/1650
f 1694/1779/1526 1670/1902/1644 1756/1910/1651
f 1700/1911/1652 1595/1767/1514 1598/1787/1533
f 1752/1912/1653 1618/1907/1648 1615/1894/1636
f 1759/1913/1654 1589/1914/1655 1680/1753/1500
f 1760/1915/1656 1672/1916/1657 1695/1777/1524
f 1683/1917/1508 1607/1918/1658 1737/1853/1599
f 1748/1919/1659 1619/1920/1660 1613/1888/1630
f 1758/1909/1650 1591/1921/1661 1721/1825/1571
f 1762/1922/1662 1673/1923/1663 1760/1915/1656
f 1763/1924/1664 1644/1925/1665 1645/1926/1666
f 1761/1927/1667 1614/1895/1637 1619/1920/1660
f 1720/1827/1573 1590/1928/1668 1759/1913/1654
f 1765/1929/1669 1674/1930/1670 1762/1922/1662
f 1764/1931/1671 1646/1932/1672 1644/1925/1665
f 1755/1933/1673 1620/1857/1603 1617/1900/1642
f 1693/1934/1674 1594/1754/1501 1593/1776/1523
f 1763/1935/1664 1675/1936/1675 1765/1929/1669
f 1711/1809/1555 1646/1932/1672 1766/1937/1676
f 1536/1938/1677 1540/1939/1677 1568/1940/1677
f 1498/1941/1677 1587/1942/1649 1588/1943/1600
f 1500/1944/1677 1589/1945/1655 1590/1946/1668
f 1512/1947/1677 1587/1942/1649 1497/1948/1677
f 1500/1944/1677 1592/1949/1572 1502/1950/1677
f 1501/1951/1677 1593/1952/1523 1594/1953/1501
f 1501/1951/1677 1589/1945/1655 1504/1954/1677
f 1506/1955/1677 1595/1956/1514 1596/1957/1513
f 1506/1955/1677 1593/1952/1523 1503/1958/1677
f 1507/1959/1677 1598/1960/1533 1505/1961/1677
f 1507/1959/1677 1599/1962/1542 1597/1963/1534
f 1510/1964/1677 1600/1965/1551 1509/1966/1677
f 1515/1967/1677 1603/1968/1562 1508/1969/1677
f 1508/1969/1677 1599/1962/1542 1511/1970/1677
f 1512/1947/1677 1592/1949/1572 1591/1971/1661
f 1514/1972/1677 1601/1973/1552 1510/1964/1677
f 1513/1974/1677 1605/1975/1587 1517/1976/1677
f 1515/1967/1677 1600/1965/1551 1602/1977/1563
f 1498/1941/1677 1607/1978/1658 1516/1979/1677
f 1514/1972/1677 1605/1975/1587 1604/1980/1580
f 1518/1981/1677 1606/1982/1588 1513/1974/1677
f 1520/1983/1677 1610/1984/1615 1519/1985/1677
f 1521/1986/1677 1611/1987/1622 1612/1988/1621
f 1519/1985/1677 1611/1987/1622 1522/1989/1677
f 1521/1986/1677 1613/1990/1630 1523/1991/1677
f 1529/1992/1677 1615/1993/1636 1524/1994/1677
f 1525/1995/1677 1616/1996/1643 1617/1997/1642
f 1526/1998/1677 1618/1999/1648 1616/1996/1643
f 1524/1994/1677 1618/1999/1648 1527/2000/1677
f 1528/2001/1677 1613/1990/1630 1619/2002/1660
f 1529/1992/1677 1619/2002/1660 1614/2003/1637
f 1525/1995/1677 1620/2004/1603 1530/2005/1677
f 1531/2006/1677 1622/2007/1498 1621/2008/1570
f 1533/2009/1677 1623/2010/1567 1538/2011/1677
f 1544/2012/1677 1624/2013/1510 1533/2009/1677
f 1534/2014/1677 1627/2015/1530 1626/2016/1540
f 1534/2014/1677 1628/2017/1578 1536/1938/1677
f 1537/2018/1677 1627/2015/1530 1535/2019/1677
f 1539/2020/1677 1629/2021/1548 1537/2018/1677
f 1532/2022/1677 1623/2010/1567 1622/2007/1498
f 1531/2006/1677 1630/2023/1559 1539/2020/1677
f 1536/1938/1677 1631/2024/1585 1540/1939/1677
f 1541/2025/1677 1631/2024/1585 1632/2026/1593
f 1541/2025/1677 1633/2027/1598 1542/2028/1677
f 1543/2029/1677 1633/2027/1598 1634/2030/1609
f 1544/2012/1677 1620/2004/1603 1625/2031/1520
f 1543/2029/1677 1635/2032/1614 1545/2033/1677
f 1545/2033/1677 1636/2034/1613 1548/2035/1677
f 1547/2036/1677 1637/2037/1618 1638/2038/1546
f 1546/2039/1677 1636/2034/1613 1637/2037/1618
f 1549/2040/1677 1639/2041/1627 1550/2042/1677
f 1550/2042/1677 1641/2043/1634 1552/2044/1677
f 1551/2045/1677 1641/2043/1634 1642/2046/1646
f 1518/1981/1677 1642/2046/1646 1608/2047/1611
f 1505/1961/1677 1595/1956/1514 1553/2048/1677
f 1499/2049/1677 1607/1978/1658 1643/2050/1507
f 1554/2051/1677 1644/2052/1665 1555/2053/1677
f 1555/2053/1677 1646/2054/1672 1557/2055/1677
f 1556/2056/1677 1646/2054/1672 1647/2057/1554
f 1499/2049/1677 1648/2058/1519 1558/2059/1677
f 1558/2059/1677 1649/2060/1538 1561/2061/1677
f 1560/2062/1677 1650/2063/1527 1651/2064/1505
f 1559/2065/1677 1649/2060/1538 1650/2063/1527
f 1547/2036/1677 1652/2066/1623 1566/2067/1677
f 1572/2068/1677 1654/2069/1558 1653/2070/1557
f 1563/2071/1677 1655/2072/1565 1564/2073/1677
f 1562/2074/1677 1655/2072/1565 1654/2069/1558
f 1549/2040/1677 1657/2075/1575 1640/2076/1628
f 1573/2077/1677 1659/2078/1582 1658/2079/1612
f 1568/1940/1677 1660/2080/1590 1570/2081/1677
f 1569/2082/1677 1659/2078/1582 1567/2083/1677
f 1570/2081/1677 1662/2084/1595 1569/2082/1677
f 1571/2085/1677 1661/2086/1591 1568/1940/1677
f 1565/2087/1677 1658/2079/1612 1657/2075/1575
f 1572/2068/1677 1663/2088/1607 1571/2085/1677
f 1566/2067/1677 1656/2089/1566 1563/2071/1677
f 1582/2090/1677 1665/2091/1517 1574/2092/1677
f 1586/2093/1677 1667/2094/1632 1575/2095/1677
f 1576/2096/1677 1667/2094/1632 1668/2097/1536
f 1585/2098/1677 1670/2099/1644 1577/2100/1677
f 1578/2101/1677 1670/2099/1644 1671/2102/1525
f 1579/2103/1677 1672/2104/1657 1673/2105/1663
f 1579/2103/1677 1674/2106/1670 1580/2107/1677
f 1581/2108/1677 1674/2106/1670 1675/2109/1675
f 1554/2051/1677 1675/2109/1675 1645/2110/1666
f 1560/2062/1677 1664/2111/1504 1582/2090/1677
f 1583/2112/1677 1665/2091/1517 1676/2113/1516
f 1584/2114/1677 1671/2102/1525 1672/2104/1657
f 1585/2098/1677 1668/2097/1536 1669/2115/1645
f 1583/2112/1677 1666/2116/1544 1586/2093/1677
f 1520/1983/1677 1647/2057/1554 1609/2117/1616
f 1286/1694/1487 1766/1937/1676 1287/1614/1411
f 1284/2118/1373 1765/1929/1669 1311/1605/1403
f 1233/1577/1376 1679/1755/1502 1693/1934/1674
f 1255/1619/1416 1738/1858/1604 1755/1933/1673
f 1285/1596/1395 1766/1937/1676 1764/1931/1671
f 1311/1605/1403 1762/1922/1662 1310/1560/1359
f 1230/1555/1354 1720/1827/1573 1759/1913/1654
f 1258/1580/1379 1751/1893/1635 1761/1927/1667
f 1285/1596/1395 1763/1924/1664 1284/1574/1373
f 1309/1561/1360 1762/1922/1662 1760/1915/1656
f 1242/1603/1402 1758/1909/1650 1721/1825/1571
f 1253/1558/1357 1761/1927/1667 1748/1919/1659
f 1229/2119/1420 1737/1853/1599 1246/1698/1490
f 1314/1695/1488 1760/1915/1656 1695/1777/1524
f 1230/1555/1354 1680/1753/1500 1234/1686/1481
f 1257/1613/1410 1752/1912/1653 1254/1620/1417
f 1283/1625/1422 1700/1911/1652 1235/1691/1485
f 1307/1681/1476 1694/1779/1526 1756/1910/1651
f 1228/1675/1471 1758/1909/1650 1227/1663/1459
f 1257/1613/1410 1754/1899/1641 1757/1906/1647
f 1281/1684/1479 1741/1904/1610 1753/1897/1639
f 1307/1681/1476 1702/1789/1535 1315/1661/1457
f 1255/1619/1416 1754/1899/1641 1256/1600/1399
f 1281/1684/1479 1750/1898/1640 1282/1655/1452
f 1306/1662/1458 1749/1896/1638 1305/1633/1430
f 1259/1595/1394 1752/1912/1653 1751/1893/1635
f 1280/1643/1440 1750/1898/1640 1747/1891/1633
f 1316/1634/1431 1749/1896/1638 1705/1889/1631
f 1251/1572/1371 1748/1919/1659 1746/1887/1629
f 1279/1644/1441 1747/1891/1633 1723/1884/1574
f 1312/1616/1413 1689/1768/1515 1682/1883/1626
f 1249/1581/1380 1745/1876/1620 1743/1882/1625
f 1276/1598/1397 1742/1881/1624 1278/1615/1412
f 1296/1587/1386 1718/1818/1564 1707/1879/1545
f 1252/1573/1372 1746/1887/1629 1745/1876/1620
f 1276/1598/1397 1706/1801/1547 1744/1875/1619
f 1301/1690/1484 1714/1873/1617 1302/1563/1362
f 1250/1569/1368 1743/1882/1625 1712/1870/1553
f 1278/1615/1412 1740/1862/1608 1275/1578/1377
f 1303/1700/1492 1722/1830/1576 1727/1835/1581
f 1243/1649/1446 1741/1865/1610 1248/1701/1478
f 1275/1578/1377 1735/1864/1597 1273/1556/1355
f 1301/1690/1484 1731/1843/1589 1739/1860/1606
f 1247/1682/1477 1725/1833/1579 1730/1859/1605
f 1274/1645/1442 1738/1858/1604 1260/1618/1415
f 1299/1666/1462 1732/1856/1602 1300/1672/1468
f 1246/1698/1490 1736/1855/1601 1228/1675/1471
f 1273/2120/1355 1733/1846/1592 1272/1668/1464
f 1297/1628/1425 1734/1850/1596 1299/1666/1462
f 1239/1654/1451 1716/1815/1561 1710/1848/1594
f 1272/1668/1464 1728/1838/1584 1271/1669/1465
f 1300/1672/1468 1731/1843/1589 1298/1638/1435
f 1243/1649/1446 1730/1859/1605 1729/1840/1586
f 1271/1669/1465 1724/1831/1577 1270/1631/1428
f 1303/1700/1492 1726/1837/1583 1297/1628/1425
f 1240/1692/1486 1725/1833/1579 1244/1641/1438
f 1266/1632/1429 1724/1831/1577 1703/1793/1539
f 1279/2121/1441 1722/1830/1576 1295/1610/1407
f 1232/1554/1353 1721/1825/1571 1720/1827/1573
f 1269/1677/1473 1678/1750/1497 1261/1607/1405
f 1294/1589/1388 1713/1810/1556 1719/1823/1569
f 1241/1685/1480 1717/1822/1568 1238/1582/1381
f 1268/1593/1392 1677/1752/1499 1686/1762/1509
f 1294/1589/1388 1718/1818/1564 1293/1566/1365
f 1238/1582/1381 1716/1815/1561 1245/1653/1450
f 1267/1671/1467 1715/1814/1560 1269/1677/1473
f 1292/1588/1387 1714/1873/1617 1713/1810/1556
f 1286/1694/1487 1712/1807/1553 1711/1809/1555
f 1240/1692/1486 1710/1848/1594 1709/1804/1550
f 1267/1671/1467 1697/1785/1531 1708/1803/1549
f 1296/2122/1386 1706/1801/1547 1277/1597/1396
f 1313/1678/1474 1705/1889/1631 1690/1797/1543
f 1241/1685/1480 1699/1786/1532 1704/1795/1541
f 1266/1632/1429 1698/1783/1529 1264/1657/1454
f 1289/1660/1456 1691/1771/1518 1291/1673/1469
f 1306/1662/1458 1702/1789/1535 1701/1791/1537
f 1237/1676/1472 1700/1911/1652 1699/1786/1532
f 1264/1657/1454 1697/1785/1531 1265/1658/1455
f 1289/1660/1456 1681/1780/1503 1696/1782/1528
f 1314/1695/1488 1694/1779/1526 1308/1648/1445
f 1236/1642/1439 1693/1934/1674 1688/1775/1522
f 1263/1636/1433 1692/1774/1521 1274/1645/1442
f 1291/1673/1469 1684/1759/1506 1288/1647/1444
f 1313/1678/1474 1689/1768/1515 1304/1621/1418
f 1236/1642/1439 1687/1765/1512 1283/1625/1422
f 1263/1636/1433 1686/1762/1509 1685/1764/1511
f 1288/1647/1444 1683/1761/1508 1229/1623/1420
f 1290/1617/1414 1682/1883/1626 1681/1756/1503
f 1234/1686/1481 1679/1755/1502 1231/1576/1375
f 1261/1607/1405 1677/1752/1499 1262/1592/1391
f 1497/1948/1677 1498/1941/1677 1586/2093/1677
f 1498/1941/1677 1516/1979/1677 1561/2061/1677
f 1574/2092/1677 1498/1941/1677 1561/2061/1677
f 1516/1979/1677 1499/2049/1677 1558/2059/1677
f 1561/2061/1677 1559/2065/1677 1574/2092/1677
f 1559/2065/1677 1560/2062/1677 1582/2090/1677
f 1516/1979/1677 1558/2059/1677 1561/2061/1677
f 1512/1947/1677 1497/1948/1677 1528/2001/1677
f 1498/1941/1677 1574/2092/1677 1583/2112/1677
f 1586/2093/1677 1498/1941/1677 1583/2112/1677
f 1504/1954/1677 1500/1944/1677 1525/1995/1677
f 1500/1944/1677 1502/1950/1677 1526/1998/1677
f 1502/1950/1677 1512/1947/1677 1527/2000/1677
f 1559/2065/1677 1582/2090/1677 1574/2092/1677
f 1497/1948/1677 1586/2093/1677 1575/2095/1677
f 1503/1958/1677 1501/1951/1677 1530/2005/1677
f 1501/1951/1677 1504/1954/1677 1530/2005/1677
f 1526/1998/1677 1502/1950/1677 1527/2000/1677
f 1500/1944/1677 1526/1998/1677 1525/1995/1677
f 1575/2095/1677 1576/2096/1677 1577/2100/1677
f 1576/2096/1677 1585/2098/1677 1577/2100/1677
f 1512/1947/1677 1528/2001/1677 1529/1992/1677
f 1497/1948/1677 1575/2095/1677 1528/2001/1677
f 1506/1955/1677 1503/1958/1677 1538/2011/1677
f 1553/2048/1677 1506/1955/1677 1532/2022/1677
f 1527/2000/1677 1512/1947/1677 1524/1994/1677
f 1578/2101/1677 1584/2114/1677 1523/1991/1677
f 1584/2114/1677 1579/2103/1677 1521/1986/1677
f 1575/2095/1677 1577/2100/1677 1523/1991/1677
f 1528/2001/1677 1575/2095/1677 1523/1991/1677
f 1584/2114/1677 1521/1986/1677 1523/1991/1677
f 1579/2103/1677 1580/2107/1677 1557/2055/1677
f 1577/2100/1677 1578/2101/1677 1523/1991/1677
f 1504/1954/1677 1525/1995/1677 1530/2005/1677
f 1579/2103/1677 1557/2055/1677 1521/1986/1677
f 1580/2107/1677 1581/2108/1677 1555/2053/1677
f 1557/2055/1677 1580/2107/1677 1555/2053/1677
f 1581/2108/1677 1554/2051/1677 1555/2053/1677
f 1511/1970/1677 1507/1959/1677 1505/1961/1677
f 1505/1961/1677 1553/2048/1677 1539/2020/1677
f 1508/1969/1677 1511/1970/1677 1535/2019/1677
f 1511/1970/1677 1505/1961/1677 1535/2019/1677
f 1537/2018/1677 1505/1961/1677 1539/2020/1677
f 1509/1966/1677 1515/1967/1677 1567/2083/1677
f 1515/1967/1677 1508/1969/1677 1569/2082/1677
f 1567/2083/1677 1515/1967/1677 1569/2082/1677
f 1514/1972/1677 1510/1964/1677 1552/2044/1677
f 1510/1964/1677 1509/1966/1677 1573/2077/1677
f 1552/2044/1677 1510/1964/1677 1573/2077/1677
f 1518/1981/1677 1513/1974/1677 1551/2045/1677
f 1513/1974/1677 1517/1976/1677 1551/2045/1677
f 1517/1976/1677 1514/1972/1677 1552/2044/1677
f 1517/1976/1677 1552/2044/1677 1551/2045/1677
f 1505/1961/1677 1537/2018/1677 1535/2019/1677
f 1557/2055/1677 1556/2056/1677 1522/1989/1677
f 1556/2056/1677 1520/1983/1677 1519/1985/1677
f 1522/1989/1677 1521/1986/1677 1557/2055/1677
f 1556/2056/1677 1519/1985/1677 1522/1989/1677
f 1503/1958/1677 1530/2005/1677 1544/2012/1677
f 1529/1992/1677 1524/1994/1677 1512/1947/1677
f 1565/2087/1677 1549/2040/1677 1550/2042/1677
f 1550/2042/1677 1552/2044/1677 1565/2087/1677
f 1565/2087/1677 1552/2044/1677 1573/2077/1677
f 1503/1958/1677 1544/2012/1677 1533/2009/1677
f 1503/1958/1677 1533/2009/1677 1538/2011/1677
f 1567/2083/1677 1573/2077/1677 1509/1966/1677
f 1570/2081/1677 1569/2082/1677 1535/2019/1677
f 1571/2085/1677 1568/1940/1677 1540/1939/1677
f 1568/1940/1677 1570/2081/1677 1536/1938/1677
f 1536/1938/1677 1570/2081/1677 1535/2019/1677
f 1562/2074/1677 1572/2068/1677 1541/2025/1677
f 1572/2068/1677 1571/2085/1677 1541/2025/1677
f 1566/2067/1677 1563/2071/1677 1547/2036/1677
f 1563/2071/1677 1564/2073/1677 1546/2039/1677
f 1547/2036/1677 1563/2071/1677 1546/2039/1677
f 1564/2073/1677 1562/2074/1677 1548/2035/1677
f 1548/2035/1677 1541/2025/1677 1542/2028/1677
f 1569/2082/1677 1508/1969/1677 1535/2019/1677
f 1506/1955/1677 1538/2011/1677 1532/2022/1677
f 1532/2022/1677 1531/2006/1677 1553/2048/1677
f 1553/2048/1677 1531/2006/1677 1539/2020/1677
f 1541/2025/1677 1548/2035/1677 1562/2074/1677
f 1548/2035/1677 1546/2039/1677 1564/2073/1677
f 1543/2029/1677 1545/2033/1677 1542/2028/1677
f 1545/2033/1677 1548/2035/1677 1542/2028/1677
f 1540/1939/1677 1541/2025/1677 1571/2085/1677
f 1535/2019/1677 1534/2014/1677 1536/1938/1677
f 1833/2123/1678 1780/2124/1679 1842/2125/1680
f 1791/2126/1681 1773/2127/1682 1788/2128/1683
f 1856/2129/1684 1840/2130/1685 1782/2131/1686
f 1791/2132/1681 1777/2133/1687 1778/2134/1688
f 1805/2135/1689 1843/2136/1690 1799/2137/1691
f 1853/2138/1692 1808/2139/1693 1852/2140/1694
f 1776/2141/1695 1848/2142/1696 1781/2143/1697
f 1836/2144/1698 1851/2145/1699 1807/2146/1700
f 1793/2147/1701 1785/2148/1702 1775/2149/1703
f 1781/2143/1697 1848/2142/1696 1857/2150/1704
f 1822/2151/1705 1827/2152/1706 1815/2153/1707
f 1826/2154/1708 1831/2155/1709 1829/2156/1710
f 1806/2157/1711 1811/2158/1712 1809/2159/1713
f 1824/2160/1714 1830/2161/1715 1825/2162/1716
f 1837/2163/1717 1835/2164/1718 1850/2165/1692
f 1840/2130/1685 1834/2166/1719 1841/2167/1720
f 1821/2168/1721 1831/2155/1709 1830/2169/1715
f 1812/2170/1722 1798/2171/1723 1795/2172/1724
f 1770/2173/1725 1771/2174/1726 1772/2175/1727
f 1773/2127/1682 1774/2176/1728 1775/2149/1703
f 1780/2177/1679 1781/2178/1697 1782/2131/1686
f 1786/2179/1729 1788/2180/1683 1785/2181/1702
f 1787/2182/1730 1791/2132/1681 1788/2183/1683
f 1792/2184/1731 1793/2185/1701 1794/2186/1732
f 1795/2172/1724 1796/2187/1733 1797/2188/1734
f 1798/2171/1723 1799/2189/1691 1800/2190/1735
f 1801/2191/1736 1802/2192/1737 1803/2193/1738
f 1804/2194/1739 1805/2195/1689 1806/2157/1711
f 1807/2146/1700 1808/2196/1693 1809/2159/1713
f 1810/2197/1740 1811/2158/1712 1812/2170/1722
f 1813/2198/1741 1814/2199/1742 1815/2200/1707
f 1816/2201/1743 1817/2202/1744 1818/2203/1745
f 1854/2204/1692 1823/2205/1746 1783/2206/1747
f 1822/2207/1705 1823/2205/1746 1824/2160/1714
f 1825/2208/1716 1826/2154/1708 1827/2209/1706
f 1831/2155/1709 1832/2210/1748 1829/2156/1710
f 1835/2211/1718 1841/2167/1720 1834/2166/1719
f 1796/2212/1733 1849/2213/1696 1838/2214/1749
f 1840/2130/1685 1841/2167/1720 1842/2215/1680
f 1790/2216/1750 1771/2217/1726 1770/2218/1725
f 1777/2219/1687 1781/2143/1697 1780/2220/1679
f 1845/2221/1751 1776/2141/1695 1777/2219/1687
f 1786/2179/1729 1793/2185/1701 1792/2184/1731
f 1789/2222/1752 1774/2176/1728 1773/2127/1682
f 1774/2176/1728 1793/2147/1701 1775/2149/1703
f 1779/2223/1753 1791/2126/1681 1778/2224/1688
f 1772/2175/1727 1787/2225/1730 1786/2179/1729
f 1773/2127/1682 1785/2148/1702 1788/2128/1683
f 1800/2190/1735 1795/2172/1724 1798/2171/1723
f 1797/2188/1734 1838/2226/1749 1836/2144/1698
f 1799/2227/1691 1844/2228/1754 1800/2229/1735
f 1810/2197/1740 1809/2159/1713 1811/2158/1712
f 1804/2194/1739 1809/2159/1713 1808/2196/1693
f 1801/2191/1736 1806/2157/1711 1805/2195/1689
f 1812/2170/1722 1803/2193/1738 1802/2192/1737
f 1797/2188/1734 1812/2170/1722 1795/2172/1724
f 1799/2189/1691 1802/2192/1737 1801/2191/1736
f 1804/2230/1739 1767/2231/1755 1805/2232/1689
f 1851/2145/1699 1794/2186/1732 1852/2233/1694
f 1818/2203/1745 1813/2198/1741 1816/2201/1743
f 1857/2234/1704 1782/2131/1686 1781/2178/1697
f 1815/2235/1707 1769/2236/1756 1768/2237/1757
f 1827/2238/1706 1824/2160/1714 1825/2162/1716
f 1823/2205/1746 1821/2239/1721 1824/2160/1714
f 1815/2200/1707 1826/2154/1708 1813/2198/1741
f 1784/2240/1758 1823/2205/1746 1822/2207/1705
f 1777/2133/1687 1833/2123/1678 1778/2134/1688
f 1832/2210/1748 1828/2241/1759 1829/2156/1710
f 1800/2229/1735 1849/2213/1696 1796/2212/1733
f 1826/2154/1708 1830/2169/1715 1831/2155/1709
f 1828/2241/1759 1816/2201/1743 1829/2156/1710
f 1839/2242/1760 1837/2243/1717 1833/2244/1678
f 1835/2211/1718 1837/2243/1717 1839/2242/1760
f 1842/2215/1680 1839/2242/1760 1833/2244/1678
f 1780/2177/1679 1840/2130/1685 1842/2215/1680
f 1835/2164/1718 1823/2205/1746 1850/2165/1692
f 1837/2163/1717 1778/2224/1688 1833/2245/1678
f 1849/2213/1696 1769/2236/1756 1847/2246/1696
f 1832/2210/1748 1819/2247/1761 1820/2248/1762
f 1847/2246/1696 1814/2249/1742 1848/2142/1696
f 1822/2151/1705 1768/2250/1757 1784/2251/1758
f 1853/2138/1692 1846/2252/1763 1804/2230/1739
f 1849/2213/1696 1770/2218/1725 1838/2214/1749
f 1844/2228/1754 1768/2237/1757 1769/2236/1756
f 1846/2252/1763 1784/2240/1758 1767/2231/1755
f 1789/2222/1752 1854/2204/1692 1855/2253/1692
f 1845/2254/1751 1787/2182/1730 1771/2255/1726
f 1843/2136/1690 1784/2251/1758 1768/2250/1757
f 1790/2216/1750 1847/2246/1696 1776/2141/1695
f 1844/2228/1754 1849/2213/1696 1800/2229/1735
f 1855/2253/1692 1783/2206/1747 1846/2252/1763
f 1774/2176/1728 1855/2253/1692 1853/2138/1692
f 1807/2146/1700 1852/2233/1694 1808/2196/1693
f 1779/2223/1753 1850/2165/1692 1854/2204/1692
f 1794/2256/1732 1853/2138/1692 1852/2140/1694
f 1835/2211/1718 1820/2248/1762 1819/2247/1761
f 1856/2129/1684 1828/2241/1759 1832/2210/1748
f 1856/2129/1684 1817/2202/1744 1828/2241/1759
f 1857/2234/1704 1817/2202/1744 1856/2129/1684
f 1848/2142/1696 1818/2257/1745 1857/2150/1704
f 1856/2129/1684 1832/2210/1748 1820/2248/1762
f 1834/2166/1719 1856/2129/1684 1820/2248/1762
f 1813/2198/1741 1829/2156/1710 1816/2201/1743
f 1836/2144/1698 1770/2173/1725 1772/2175/1727
f 1836/2144/1698 1792/2184/1731 1851/2145/1699
f 1772/2175/1727 1792/2184/1731 1836/2144/1698
f 1797/2188/1734 1836/2144/1698 1810/2197/1740
f 1810/2197/1740 1836/2144/1698 1807/2146/1700
f 1879/2258/1764 1888/2259/1765 1886/2260/1766
f 1891/2261/1767 1897/2262/1768 1894/2263/1769
f 1949/2264/1770 1943/2265/1771 1953/2266/1772
f 1954/2267/1773 1936/2268/1774 1945/2269/1775
f 1861/2270/1776 1889/2271/1777 1882/2272/1778
f 1961/2273/1779 1938/2274/1780 1963/2275/1779
f 1937/2276/1781 1957/2277/1782 1867/2278/1783
f 1875/2279/1784 1896/2280/1785 1874/2281/1786
f 1947/2282/1787 1865/2283/1788 1864/2284/1789
f 1881/2285/1790 1875/2286/1784 1861/2270/1776
f 1894/2263/1769 1878/2287/1791 1891/2261/1767
f 1902/2288/1792 1913/2289/1793 1904/2290/1794
f 1890/2291/1795 1885/2292/1796 1898/2293/1797
f 1866/2294/1798 1945/2269/1775 1858/2295/1799
f 1930/2296/1800 1916/2297/1801 1928/2298/1802
f 1866/2294/1798 1974/2299/1803 1904/2290/1794
f 1860/2300/1804 1914/2301/1805 1906/2302/1806
f 1945/2269/1775 1950/2303/1807 1952/2304/1808
f 1939/2305/1809 1937/2276/1781 1935/2306/1810
f 1922/2307/1811 1929/2308/1812 1931/2309/1813
f 1956/2310/1814 1953/2266/1772 1943/2265/1771
f 1862/2311/1815 1870/2312/1816 1871/2313/1817
f 1858/2295/1799 1868/2314/1818 1871/2313/1817
f 1926/2315/1819 1930/2296/1800 1928/2298/1802
f 1955/2316/1820 1945/2269/1775 1951/2317/1821
f 1861/2270/1776 1869/2318/1822 1873/2319/1823
f 1881/2285/1790 1861/2270/1776 1882/2272/1778
f 1871/2313/1817 1870/2312/1816 1858/2295/1799
f 1895/2320/1824 1874/2281/1786 1896/2280/1785
f 1877/2321/1825 1878/2287/1791 1879/2258/1764
f 1881/2322/1790 1883/2323/1826 1880/2324/1827
f 1884/2325/1828 1885/2292/1796 1886/2260/1766
f 1887/2326/1829 1888/2259/1765 1889/2327/1777
f 1892/2328/1830 1893/2329/1831 1894/2263/1769
f 1895/2330/1824 1896/2331/1785 1897/2262/1768
f 1898/2293/1797 1899/2332/1832 1900/2333/1833
f 1905/2334/1834 1906/2335/1806 1907/2336/1835
f 1908/2337/1836 1909/2338/1837 1907/2336/1835
f 1910/2339/1838 1911/2340/1839 1912/2341/1840
f 1913/2342/1793 1912/2341/1840 1914/2343/1805
f 1915/2344/1841 1916/2345/1801 1917/2346/1842
f 1918/2347/1843 1919/2348/1844 1920/2349/1845
f 1933/2350/1846 1934/2351/1847 1935/2352/1810
f 1940/2353/1848 1941/2354/1849 1942/2355/1850
f 1956/2310/1814 1942/2355/1850 1934/2351/1847
f 1948/2356/1851 1949/2264/1770 1950/2357/1807
f 1951/2358/1821 1952/2359/1808 1953/2266/1772
f 1954/2360/1773 1955/2361/1820 1956/2310/1814
f 1859/2362/1852 1873/2319/1823 1872/2363/1853
f 1871/2313/1817 1867/2364/1783 1862/2311/1815
f 1869/2365/1822 1874/2281/1786 1870/2312/1816
f 1887/2326/1829 1886/2260/1766 1888/2259/1765
f 1877/2321/1825 1886/2260/1766 1885/2292/1796
f 1880/2324/1827 1879/2258/1764 1878/2287/1791
f 1889/2327/1777 1883/2323/1826 1882/2366/1778
f 1890/2291/1795 1900/2333/1833 1891/2261/1767
f 1895/2330/1824 1900/2333/1833 1899/2332/1832
f 1892/2328/1830 1897/2262/1768 1896/2331/1785
f 1893/2329/1831 1880/2324/1827 1894/2263/1769
f 1890/2291/1795 1878/2287/1791 1877/2321/1825
f 1859/2367/1852 1887/2368/1829 1889/2369/1777
f 1860/2300/1804 1863/2370/1854 1864/2284/1789
f 1892/2371/1830 1875/2279/1784 1893/2372/1831
f 1862/2373/1815 1873/2319/1823 1869/2318/1822
f 1901/2374/1855 1899/2332/1832 1898/2293/1797
f 1903/2375/1856 1866/2376/1798 1904/2377/1794
f 1913/2342/1793 1910/2339/1838 1912/2341/1840
f 1908/2337/1836 1912/2341/1840 1911/2340/1839
f 1909/2338/1837 1905/2334/1834 1907/2336/1835
f 1906/2335/1806 1912/2341/1840 1907/2336/1835
f 1972/2378/1857 1906/2302/1806 1905/2379/1834
f 1904/2377/1794 1914/2301/1805 1903/2375/1856
f 1908/2337/1836 1876/2380/1858 1909/2338/1837
f 1902/2381/1792 1911/2340/1839 1910/2339/1838
f 1863/2370/1854 1947/2282/1787 1864/2284/1789
f 1919/2348/1844 1922/2382/1811 1921/2383/1859
f 1917/2346/1842 1920/2349/1845 1919/2348/1844
f 1958/2384/1860 1921/2383/1859 1922/2382/1811
f 1925/2385/1861 1928/2298/1802 1927/2386/1862
f 1929/2387/1812 1932/2388/1863 1931/2389/1813
f 1927/2386/1862 1916/2297/1801 1915/2390/1841
f 1929/2387/1812 1920/2391/1845 1930/2296/1800
f 1924/2392/1864 1932/2388/1863 1923/2393/1865
f 1938/2394/1780 1941/2395/1849 1940/2396/1848
f 1933/2397/1846 1937/2398/1781 1936/2268/1774
f 1942/2355/1850 1935/2352/1810 1934/2351/1847
f 1936/2268/1774 1867/2364/1783 1868/2314/1818
f 1960/2399/1866 1939/2305/1809 1938/2394/1780
f 1944/2400/1867 1942/2355/1850 1943/2265/1771
f 1925/2385/1861 1968/2401/1868 1926/2315/1819
f 1945/2269/1775 1952/2304/1808 1951/2317/1821
f 1954/2267/1773 1945/2269/1775 1955/2316/1820
f 1945/2269/1775 1948/2402/1851 1950/2303/1807
f 1949/2264/1770 1952/2359/1808 1950/2357/1807
f 1956/2310/1814 1951/2358/1821 1953/2266/1772
f 1934/2351/1847 1954/2360/1773 1956/2310/1814
f 1948/2356/1851 1923/2393/1865 1949/2264/1770
f 1968/2401/1868 1949/2264/1770 1923/2393/1865
f 1945/2269/1775 1936/2268/1774 1868/2314/1818
f 1858/2295/1799 1945/2269/1775 1868/2314/1818
f 1958/2403/1860 1924/2404/1864 1948/2402/1851
f 1962/2405/1779 1859/2367/1852 1872/2406/1853
f 1867/2278/1783 1873/2319/1823 1862/2373/1815
f 1947/2282/1787 1919/2348/1844 1921/2383/1859
f 1957/2277/1782 1872/2363/1853 1873/2319/1823
f 1946/2407/1869 1866/2376/1798 1865/2283/1788
f 1959/2408/1870 1917/2346/1842 1947/2282/1787
f 1964/2409/1779 1863/2410/1854 1965/2411/1779
f 1960/2412/1866 1962/2405/1779 1872/2406/1853
f 1966/2413/1779 1959/2414/1870 1964/2409/1779
f 1963/2275/1779 1940/2415/1848 1944/2416/1867
f 1927/2417/1862 1966/2413/1779 1969/2418/1779
f 1925/2419/1861 1969/2418/1779 1967/2420/1871
f 1941/2395/1849 1939/2305/1809 1935/2306/1810
f 1924/2404/1864 1922/2307/1811 1931/2309/1813
f 1963/2275/1779 1964/2409/1779 1961/2273/1779
f 1961/2273/1779 1965/2411/1779 1962/2405/1779
f 1970/2421/1872 1911/2340/1839 1901/2374/1855
f 1968/2401/1868 1932/2388/1863 1926/2315/1819
f 1969/2418/1779 1966/2413/1779 1963/2275/1779
f 1967/2422/1871 1943/2265/1771 1968/2401/1868
f 1969/2418/1779 1944/2416/1867 1967/2420/1871
f 1902/2288/1792 1974/2299/1803 1899/2423/1832
f 1901/2374/1855 1885/2292/1796 1970/2421/1872
f 1971/2424/1779 1972/2425/1857 1905/2426/1834
f 1876/2380/1858 1885/2292/1796 1884/2325/1828
f 1887/2368/1829 1973/2427/1779 1884/2428/1828
f 1972/2425/1857 1965/2411/1779 1863/2410/1854
f 1860/2300/1804 1865/2283/1788 1903/2375/1856
f 1859/2367/1852 1973/2427/1779 1887/2368/1829
f 1973/2427/1779 1965/2411/1779 1971/2424/1779
f 1973/2427/1779 1876/2429/1858 1884/2428/1828
f 1876/2429/1858 1971/2424/1779 1909/2430/1837
f 1909/2430/1837 1971/2424/1779 1905/2426/1834
f 1974/2299/1803 1870/2312/1816 1874/2281/1786
f 1974/2299/1803 1895/2320/1824 1899/2423/1832
f 2035/2431/1873 1991/2432/1874 2009/2433/1875
f 2039/2434/1803 2026/2435/1876 1988/2436/1877
f 2038/2437/1878 2020/2438/1879 2023/2439/1880
f 2010/2440/1881 2007/2441/1882 2011/2442/1883
f 2007/2441/1882 2006/2443/1884 2011/2442/1883
f 1994/2444/1885 1983/2445/1886 1998/2446/1887
f 2032/2447/1888 1976/2448/1889 1975/2449/1890
f 2029/2450/1891 2017/2451/1892 2014/2452/1893
f 2008/2453/1894 2003/2454/1895 2004/2455/1896
f 1996/2456/1897 1995/2457/1898 1998/2458/1887
f 2026/2435/1876 2022/2459/1899 2028/2460/1900
f 1975/2449/1890 1976/2448/1889 1977/2461/1901
f 1978/2462/1902 1979/2463/1903 1980/2464/1904
f 1981/2465/1905 1982/2466/1906 1980/2464/1904
f 1984/2467/1907 1985/2468/1908 1986/2469/1909
f 1987/2470/1910 1986/2471/1909 1989/2472/1911
f 1990/2473/1912 1991/2474/1874 1992/2475/1913
f 1993/2476/1914 1994/2444/1885 1995/2477/1898
f 1994/2444/1885 1998/2446/1887 1995/2477/1898
f 1999/2478/1915 2000/2479/1916 2001/2480/1917
f 2002/2481/1918 1999/2482/1915 2003/2454/1895
f 2004/2455/1896 2005/2483/1919 2006/2484/1884
f 2011/2442/1883 2006/2443/1884 2013/2485/1920
f 2009/2486/1875 2010/2440/1881 2011/2442/1883
f 2012/2487/1921 2013/2485/1920 2005/2488/1919
f 2014/2452/1893 2015/2489/1922 2016/2490/1923
f 2017/2491/1892 2018/2492/1924 2019/2493/1925
f 2020/2494/1879 2021/2495/1926 2022/2459/1899
f 2027/2496/1927 2028/2460/1900 2029/2497/1891
f 1987/2498/1910 1984/2467/1907 1986/2469/1909
f 1981/2499/1905 1986/2469/1909 1985/2468/1908
f 1982/2466/1906 1978/2462/1902 1980/2464/1904
f 1989/2472/1911 1980/2500/1904 1979/2501/1903
f 2032/2447/1888 1989/2472/1911 1983/2445/1886
f 1978/2462/1902 1982/2466/1906 2040/2502/1803
f 1993/2503/1914 1992/2475/1913 1991/2474/1874
f 1996/2456/1897 1990/2473/1912 1992/2475/1913
f 1994/2444/1885 1977/2461/1901 1976/2448/1889
f 1996/2456/1897 1979/2463/1903 1978/2462/1902
f 2002/2481/1918 2000/2504/1916 1999/2482/1915
f 2042/2505/1928 2035/2431/1873 2034/2506/1929
f 2012/2487/1921 2011/2442/1883 2013/2485/1920
f 2008/2453/1894 2004/2455/1896 2006/2484/1884
f 2005/2488/1919 2013/2485/1920 2006/2443/1884
f 2003/2454/1895 2005/2483/1919 2004/2455/1896
f 2001/2480/1917 2005/2507/1919 1999/2478/1915
f 2009/2486/1875 1990/2473/1912 2010/2440/1881
f 2019/2508/1925 2014/2452/1893 2017/2451/1892
f 2030/2509/1930 2003/2454/1895 2031/2510/1931
f 2037/2511/1932 2018/2492/1924 2038/2437/1878
f 2027/2496/1927 2026/2435/1876 2028/2460/1900
f 2020/2494/1879 2024/2512/1933 2023/2513/1880
f 2021/2495/1926 2028/2460/1900 2022/2459/1899
f 2016/2490/1923 2029/2450/1891 2014/2452/1893
f 2018/2492/1924 2021/2514/1926 2020/2438/1879
f 1982/2466/1906 2023/2513/1880 2024/2512/1933
f 1997/2515/1934 2007/2441/1882 1988/2436/1877
f 2015/2489/1922 2033/2516/1779 2030/2509/1930
f 2030/2509/1930 2016/2490/1923 2015/2489/1922
f 2025/2517/1935 2016/2490/1923 2031/2510/1931
f 1997/2518/1934 2025/2517/1935 2031/2510/1931
f 1996/2456/1897 2040/2502/1803 1990/2473/1912
f 2033/2516/1779 2002/2481/1918 2030/2509/1930
f 2036/2519/1779 2042/2520/1928 2034/2521/1929
f 2037/2522/1932 2041/2523/1779 2036/2519/1779
f 2033/2524/1779 2034/2521/1929 2000/2525/1916
f 2034/2506/1929 2001/2480/1917 2000/2479/1916
f 2037/2511/1932 1985/2468/1908 1984/2467/1907
f 2019/2526/1925 2036/2519/1779 2033/2524/1779
f 1985/2468/1908 2023/2439/1880 1981/2499/1905
f 2035/2431/1873 2012/2527/1921 2001/2480/1917
f 1998/2446/1887 1989/2472/1911 1979/2501/1903
f 2008/2453/1894 1997/2518/1934 2031/2510/1931
f 2025/2528/1935 1988/2436/1877 2026/2435/1876
f 2039/2434/1803 2007/2441/1882 2010/2440/1881
f 1996/2456/1897 1978/2462/1902 2040/2502/1803
f 2040/2502/1803 2010/2440/1881 1990/2473/1912
f 2040/2502/1803 2024/2512/1933 2039/2434/1803
f 2041/2523/1779 1987/2529/1910 2032/2530/1888
f 2042/2520/1928 2032/2530/1888 1975/2531/1890
f 2042/2505/1928 1977/2532/1901 2043/2533/1936
f 2043/2533/1936 1993/2534/1914 1991/2432/1874
f 2105/2535/1937 2160/2536/1938 2116/2537/1939
f 2085/2538/1940 2143/2539/1941 2134/2540/1942
f 2158/2541/1803 2118/2542/1943 2162/2543/1944
f 2044/2544/1945 2069/2545/1946 2064/2546/1947
f 2094/2547/1948 2081/2548/1949 2073/2549/1950
f 2074/2550/1803 2045/2551/1951 2044/2544/1945
f 2135/2552/1779 2056/2553/1952 2099/2554/1779
f 2119/2555/1953 2053/2556/1954 2052/2557/1955
f 2107/2558/1956 2124/2559/1957 2154/2560/1958
f 2069/2545/1946 2045/2551/1951 2071/2561/1959
f 2073/2562/1950 2083/2563/1960 2072/2564/1961
f 2044/2544/1945 2064/2546/1947 2067/2565/1962
f 2165/2566/1963 2111/2567/1964 2049/2568/1965
f 2096/2569/1966 2090/2570/1967 2098/2571/1968
f 2086/2572/1969 2084/2573/1970 2085/2538/1940
f 2106/2574/1971 2115/2575/1972 2100/2576/1973
f 2076/2577/1974 2092/2578/1975 2085/2538/1940
f 2139/2579/1976 2130/2580/1803 2133/2581/1977
f 2156/2582/1978 2164/2583/1979 2051/2584/1980
f 2103/2585/1981 2115/2575/1972 2106/2574/1971
f 2127/2586/1982 2129/2587/1983 2131/2588/1984
f 2061/2589/1985 2052/2590/1955 2055/2591/1986
f 2121/2592/1987 2114/2593/1988 2122/2594/1989
f 2061/2589/1985 2149/2595/1990 2151/2596/1991
f 2139/2597/1976 2133/2598/1977 2140/2599/1992
f 2059/2600/1993 2068/2601/1994 2057/2602/1995
f 2046/2603/1996 2047/2604/1997 2048/2605/1998
f 2049/2606/1965 2050/2607/1999 2051/2608/1980
f 2082/2609/2000 2072/2564/1961 2083/2563/1960
f 2076/2577/1974 2084/2573/1970 2079/2610/2001
f 2079/2611/2001 2081/2548/1949 2075/2612/2002
f 2082/2609/2000 2083/2563/1960 2084/2613/1970
f 2086/2614/1969 2133/2581/1977 2130/2580/1803
f 2088/2615/2003 2089/2616/2004 2090/2617/1967
f 2091/2618/2005 2092/2578/1975 2093/2619/2006
f 2094/2620/1948 2095/2621/2007 2096/2569/1966
f 2097/2622/2008 2098/2571/1968 2089/2623/2004
f 2100/2624/1973 2101/2625/2009 2102/2626/2010
f 2103/2585/1981 2104/2627/2011 2105/2535/1937
f 2106/2628/1971 2107/2558/1956 2108/2629/2012
f 2109/2630/2013 2110/2631/2014 2111/2632/1964
f 2121/2592/1987 2113/2633/2015 2114/2593/1988
f 2115/2575/1972 2116/2537/1939 2117/2634/2016
f 2118/2542/1943 2115/2635/1972 2117/2636/2016
f 2121/2592/1987 2122/2594/1989 2123/2637/2017
f 2121/2638/1987 2123/2639/2017 2126/2640/2018
f 2127/2641/1982 2128/2642/2019 2129/2643/1983
f 2137/2644/2020 2127/2645/1982 2131/2646/1984
f 2134/2540/1942 2140/2599/1992 2133/2598/1977
f 2136/2647/2021 2137/2648/2020 2138/2649/2022
f 2139/2597/1976 2140/2599/1992 2141/2650/2023
f 2054/2651/2024 2052/2557/1955 2053/2556/1954
f 2051/2584/1980 2165/2652/1963 2049/2653/1965
f 2058/2654/2025 2057/2655/1995 2056/2553/1952
f 2060/2656/2026 2151/2596/1991 2077/2657/2027
f 2062/2658/2028 2061/2589/1985 2060/2656/2026
f 2066/2659/2029 2064/2546/1947 2065/2660/2030
f 2070/2661/2031 2069/2545/1946 2071/2561/1959
f 2065/2660/2030 2069/2545/1946 2068/2662/1994
f 2066/2659/2029 2072/2564/1961 2067/2565/1962
f 2149/2663/1990 2132/2664/2032 2131/2646/1984
f 2077/2665/2027 2135/2552/1779 2060/2666/2026
f 2152/2667/1779 2058/2654/2025 2135/2552/1779
f 2083/2563/1960 2079/2668/2001 2084/2613/1970
f 2080/2669/2033 2073/2549/1950 2081/2548/1949
f 2086/2614/1969 2072/2564/1961 2082/2609/2000
f 2097/2622/2008 2096/2569/1966 2098/2571/1968
f 2095/2621/2007 2093/2670/2006 2096/2569/1966
f 2088/2615/2003 2093/2619/2006 2092/2578/1975
f 2089/2623/2004 2098/2571/1968 2090/2570/1967
f 2047/2604/1997 2142/2671/2034 2048/2605/1998
f 2059/2672/1993 2148/2673/2035 2147/2674/2036
f 2097/2675/2008 2075/2612/2002 2081/2548/1949
f 2076/2577/1974 2089/2616/2004 2088/2615/2003
f 2108/2676/2012 2103/2585/1981 2106/2574/1971
f 2102/2677/2010 2106/2628/1971 2100/2678/1973
f 2051/2608/1980 2157/2679/2037 2156/2680/1978
f 2102/2626/2010 2120/2681/2038 2124/2682/1957
f 2153/2683/2039 2107/2558/1956 2154/2560/1958
f 2109/2684/2013 2111/2567/1964 2113/2685/2015
f 2111/2632/1964 2050/2607/1999 2049/2606/1965
f 2114/2593/1988 2070/2661/2031 2071/2561/1959
f 2112/2686/2040 2154/2560/1958 2155/2687/2041
f 2162/2543/1944 2123/2637/2017 2122/2594/1989
f 2062/2658/2028 2155/2687/2041 2063/2688/2042
f 2116/2537/1939 2161/2689/2043 2117/2634/2016
f 2103/2585/1981 2116/2537/1939 2115/2575/1972
f 2109/2630/2013 2126/2640/2018 2110/2631/2014
f 2101/2625/2009 2115/2635/1972 2118/2542/1943
f 2155/2687/2041 2052/2590/1955 2063/2688/2042
f 2141/2690/2023 2132/2664/2032 2139/2579/1976
f 2055/2691/1986 2150/2692/2044 2149/2663/1990
f 2047/2604/1997 2129/2643/1983 2128/2642/2019
f 2134/2540/1942 2143/2539/1941 2136/2647/2021
f 2134/2540/1942 2136/2647/2021 2138/2649/2022
f 2141/2650/2023 2138/2649/2022 2137/2648/2020
f 2085/2538/1940 2133/2598/1977 2086/2572/1969
f 2145/2693/2045 2129/2587/1983 2046/2694/1996
f 2136/2647/2021 2127/2641/1982 2137/2648/2020
f 2048/2695/1998 2146/2696/1779 2144/2697/2046
f 2054/2651/2024 2078/2698/1803 2074/2550/1803
f 2062/2699/2028 2135/2552/1779 2099/2554/1779
f 2047/2604/1997 2136/2647/2021 2143/2539/1941
f 2143/2539/1941 2091/2618/2005 2142/2671/2034
f 2146/2696/1779 2091/2700/2005 2095/2621/2007
f 2144/2697/2046 2152/2667/1779 2077/2665/2027
f 2144/2701/2046 2046/2694/1996 2048/2702/1998
f 2141/2690/2023 2131/2646/1984 2132/2664/2032
f 2146/2696/1779 2148/2673/2035 2152/2667/1779
f 2147/2703/2036 2073/2549/1950 2066/2704/2029
f 2132/2664/2032 2087/2705/1803 2130/2580/1803
f 2150/2692/2044 2074/2550/1803 2087/2705/1803
f 2087/2705/1803 2044/2544/1945 2067/2565/1962
f 2076/2577/1974 2079/2610/2001 2075/2706/2002
f 2147/2674/2036 2095/2621/2007 2094/2620/1948
f 2077/2657/2027 2145/2693/2045 2144/2701/2046
f 2151/2596/1991 2131/2588/1984 2145/2693/2045
f 2072/2564/1961 2087/2705/1803 2067/2565/1962
f 2059/2600/1993 2066/2704/2029 2065/2707/2030
f 2124/2682/1957 2125/2708/2047 2119/2555/1953
f 2154/2560/1958 2119/2709/1953 2155/2687/2041
f 2053/2556/1954 2159/2710/1803 2078/2698/1803
f 2120/2681/2038 2159/2710/1803 2125/2708/2047
f 2156/2680/1978 2105/2535/1937 2104/2627/2011
f 2108/2711/2012 2153/2712/2039 2163/2713/1779
f 2101/2625/2009 2118/2542/1943 2158/2541/1803
f 2162/2543/1944 2117/2636/2016 2161/2714/2043
f 2159/2710/1803 2045/2551/1951 2078/2698/1803
f 2158/2541/1803 2122/2594/1989 2114/2593/1988
f 2158/2541/1803 2071/2561/1959 2159/2710/1803
f 2160/2536/1938 2123/2639/2017 2161/2689/2043
f 2050/2607/1999 2126/2640/2018 2157/2679/2037
f 2120/2681/2038 2101/2625/2009 2158/2541/1803
f 2156/2582/1978 2104/2715/2011 2163/2713/1779
f 2165/2652/1963 2167/2716/2048 2166/2717/2049
f 2164/2583/1979 2168/2718/1779 2167/2716/2048
f 2113/2685/2015 2166/2719/2049 2070/2720/2031
f 2153/2712/2039 2168/2718/1779 2163/2713/1779
f 2112/2721/2040 2099/2554/1779 2168/2718/1779
f 2166/2717/2049 2056/2553/1952 2057/2655/1995
f 2168/2718/1779 2056/2553/1952 2167/2716/2048
f 2070/2720/2031 2057/2602/1995 2068/2601/1994
f 2104/2715/2011 2108/2711/2012 2163/2713/1779
f 2160/2536/1938 2157/2679/2037 2126/2640/2018
f 2224/2722/2050 2221/2723/2051 2171/2724/2052
f 2192/2725/2053 2203/2726/2054 2195/2727/2055
f 2189/2728/2056 2205/2729/2057 2192/2725/2053
f 2230/2730/1779 2214/2731/2058 2223/2732/2059
f 2199/2733/2060 2222/2734/2061 2212/2735/2062
f 2183/2736/2063 2188/2737/2064 2186/2738/2065
f 2214/2731/2058 2208/2739/2066 2211/2740/2067
f 2193/2741/2068 2190/2742/2069 2192/2725/2053
f 2215/2743/2070 2226/2744/2071 2209/2745/2072
f 2215/2743/2070 2219/2746/2073 2226/2744/2071
f 2229/2747/2074 2170/2748/2075 2172/2749/2076
f 2225/2750/2077 2231/2751/1803 2184/2752/2078
f 2220/2753/2079 2173/2754/2080 2169/2755/2081
f 2179/2756/2082 2183/2736/2063 2186/2738/2065
f 2169/2755/2081 2170/2757/2075 2171/2758/2052
f 2172/2759/2076 2173/2754/2080 2174/2760/2083
f 2175/2761/2084 2176/2762/2085 2177/2763/2086
f 2180/2764/2087 2181/2765/2088 2182/2766/2089
f 2185/2767/2090 2186/2738/2065 2187/2768/2091
f 2188/2737/2064 2189/2769/2056 2190/2770/2069
f 2189/2728/2056 2192/2725/2053 2190/2742/2069
f 2194/2771/2092 2195/2727/2055 2196/2772/2093
f 2197/2773/2094 2196/2772/2093 2199/2774/2060
f 2200/2775/2095 2201/2776/2096 2202/2777/2097
f 2203/2726/2054 2204/2778/2098 2202/2777/2097
f 2206/2779/2099 2207/2780/2100 2208/2781/2066
f 2209/2745/2072 2210/2782/2101 2211/2783/2067
f 2210/2784/2101 2214/2731/2058 2211/2740/2067
f 2217/2785/2102 2218/2786/2103 2219/2746/2073
f 2220/2753/2079 2221/2787/2051 2217/2785/2102
f 2228/2788/2104 2214/2731/2058 2210/2784/2101
f 2226/2744/2071 2218/2786/2103 2228/2789/2104
f 2170/2757/2075 2173/2754/2080 2172/2759/2076
f 2174/2760/2083 2215/2743/2070 2216/2790/2105
f 2184/2791/2078 2182/2766/2089 2183/2736/2063
f 2227/2792/2106 2178/2793/2107 2224/2794/2050
f 2225/2795/2077 2183/2736/2063 2229/2747/2074
f 2216/2796/2105 2213/2797/2108 2198/2798/1803
f 2188/2737/2064 2187/2768/2091 2186/2738/2065
f 2193/2741/2068 2185/2799/2090 2187/2800/2091
f 2179/2756/2082 2185/2767/2090 2178/2793/2107
f 2181/2765/2088 2188/2737/2064 2182/2766/2089
f 2197/2773/2094 2194/2771/2092 2196/2772/2093
f 2203/2726/2054 2196/2772/2093 2195/2727/2055
f 2204/2778/2098 2200/2775/2095 2202/2777/2097
f 2199/2774/2060 2202/2777/2097 2201/2776/2096
f 2193/2741/2068 2195/2727/2055 2194/2771/2092
f 2191/2801/2109 2181/2802/2088 2180/2803/2087
f 2175/2804/2084 2222/2734/2061 2213/2805/2108
f 2213/2805/2108 2201/2806/2096 2200/2807/2095
f 2207/2780/2100 2211/2783/2067 2208/2781/2066
f 2212/2735/2062 2206/2808/2099 2208/2809/2066
f 2176/2762/2085 2206/2779/2099 2177/2763/2086
f 2214/2731/2058 2199/2810/2060 2212/2811/2062
f 2216/2790/2105 2176/2762/2085 2175/2761/2084
f 2217/2812/2102 2223/2732/2059 2218/2813/2103
f 2226/2744/2071 2219/2746/2073 2218/2786/2103
f 2219/2746/2073 2220/2753/2079 2217/2785/2102
f 2221/2723/2051 2223/2732/2059 2217/2812/2102
f 2223/2732/2059 2228/2788/2104 2218/2813/2103
f 2210/2782/2101 2226/2744/2071 2228/2789/2104
f 2169/2755/2081 2221/2787/2051 2220/2753/2079
f 2220/2753/2079 2219/2746/2073 2215/2743/2070
f 2206/2808/2099 2222/2734/2061 2177/2814/2086
f 2174/2815/2083 2229/2747/2074 2172/2749/2076
f 2227/2792/2106 2171/2816/2052 2170/2748/2075
f 2179/2756/2082 2229/2747/2074 2183/2736/2063
f 2174/2817/2083 2198/2798/1803 2225/2750/2077
f 2185/2818/2090 2230/2730/1779 2178/2819/2107
f 2191/2801/2109 2203/2726/2054 2205/2729/2057
f 2231/2751/1803 2204/2820/2098 2191/2821/2109
f 2230/2730/1779 2194/2822/2092 2197/2823/2094
f 2223/2732/2059 2178/2819/2107 2230/2730/1779
f 2231/2751/1803 2213/2797/2108 2200/2824/2095
f 2231/2751/1803 2180/2825/2087 2184/2752/2078
f 2176/2762/2085 2215/2743/2070 2207/2780/2100
f 2207/2780/2100 2215/2743/2070 2209/2745/2072
f 2332/2826/1779 2306/2827/2110 2312/2828/1779
f 2310/2829/2111 2303/2830/1803 2248/2831/2112
f 2255/2832/2113 2257/2833/2114 2258/2834/2115
f 2325/2835/2116 2304/2836/1779 2332/2826/1779
f 2333/2837/1803 2298/2838/2117 2264/2839/2118
f 2316/2840/1779 2259/2841/2119 2311/2842/1779
f 2251/2843/1803 2246/2844/2120 2303/2830/1803
f 2321/2845/2121 2314/2846/2122 2323/2847/1803
f 2244/2848/2123 2270/2849/2124 2269/2850/2125
f 2268/2851/2126 2288/2852/2127 2292/2853/2128
f 2319/2854/2129 2237/2855/2130 2318/2856/2131
f 2256/2857/2132 2247/2858/2133 2307/2859/2134
f 2284/2860/2135 2296/2861/2136 2285/2862/2137
f 2254/2863/2138 2250/2864/2139 2247/2858/2133
f 2289/2865/2140 2299/2866/2141 2302/2867/2142
f 2240/2868/2143 2239/2869/2144 2243/2870/2145
f 2304/2836/1779 2291/2871/2146 2300/2872/2147
f 2232/2873/2148 2233/2874/2149 2234/2875/2150
f 2235/2876/2151 2236/2877/2152 2237/2878/2130
f 2260/2879/2153 2261/2880/2154 2262/2881/2155
f 2263/2882/2156 2264/2883/2118 2265/2884/2157
f 2266/2885/2158 2267/2886/2159 2268/2851/2126
f 2269/2850/2125 2270/2849/2124 2271/2887/2160
f 2272/2888/2161 2273/2889/2162 2271/2890/2160
f 2274/2891/2163 2275/2892/2164 2276/2893/2165
f 2277/2894/2166 2276/2895/2165 2278/2896/2167
f 2279/2897/2168 2280/2898/2169 2281/2899/2170
f 2282/2900/2171 2283/2901/2172 2284/2860/2135
f 2285/2862/2137 2286/2902/2173 2287/2903/2174
f 2288/2852/2127 2289/2904/2140 2290/2905/2175
f 2291/2906/2146 2292/2853/2128 2290/2905/2175
f 2293/2907/2176 2294/2908/2177 2295/2909/2178
f 2237/2878/2130 2232/2873/2148 2235/2876/2151
f 2237/2855/2130 2321/2910/2121 2318/2856/2131
f 2305/2911/2179 2241/2912/2180 2306/2913/2110
f 2247/2858/2133 2308/2914/2181 2307/2859/2134
f 2325/2915/2116 2256/2857/2132 2326/2916/2182
f 2253/2917/2183 2254/2863/2138 2255/2832/2113
f 2257/2918/2114 2259/2841/2119 2258/2919/2115
f 2319/2854/2129 2252/2920/2184 2320/2921/2185
f 2329/2922/2186 2309/2923/2187 2305/2911/2179
f 2266/2885/2158 2260/2879/2153 2262/2881/2155
f 2267/2886/2159 2263/2882/2156 2268/2851/2126
f 2313/2924/2188 2320/2925/2185 2322/2926/1779
f 2243/2870/2145 2278/2896/2167 2270/2849/2124
f 2277/2894/2166 2274/2927/2163 2276/2895/2165
f 2272/2888/2161 2276/2893/2165 2275/2892/2164
f 2273/2928/2162 2269/2850/2125 2271/2887/2160
f 2270/2849/2124 2276/2895/2165 2271/2887/2160
f 2241/2912/2180 2243/2870/2145 2244/2848/2123
f 2242/2929/2189 2278/2896/2167 2239/2869/2144
f 2238/2930/2190 2234/2875/2150 2313/2931/2188
f 2236/2877/2152 2315/2932/2191 2314/2933/2122
f 2282/2900/2171 2285/2862/2137 2287/2903/2174
f 2283/2901/2172 2335/2934/2192 2284/2860/2135
f 2298/2935/2117 2286/2936/2173 2299/2866/2141
f 2238/2930/2190 2235/2876/2151 2232/2873/2148
f 2303/2830/1803 2245/2937/2193 2317/2938/1803
f 2334/2939/2194 2279/2897/2168 2335/2934/2192
f 2300/2872/2147 2290/2940/2175 2301/2941/2195
f 2292/2853/2128 2288/2852/2127 2290/2905/2175
f 2297/2942/2196 2301/2943/2195 2302/2867/2142
f 2291/2906/2146 2260/2879/2153 2292/2853/2128
f 2265/2884/2157 2288/2852/2127 2263/2882/2156
f 2296/2861/2136 2286/2902/2173 2285/2862/2137
f 2279/2897/2168 2294/2908/2177 2293/2907/2176
f 2272/2888/2161 2315/2932/2191 2238/2930/2190
f 2289/2865/2140 2301/2943/2195 2290/2944/2175
f 2300/2872/2147 2295/2945/2178 2294/2946/2177
f 2298/2935/2117 2265/2947/2157 2264/2948/2118
f 2304/2836/1779 2294/2946/2177 2281/2949/2170
f 2297/2942/2196 2299/2866/2141 2286/2936/2173
f 2248/2950/2112 2239/2869/2144 2249/2951/2197
f 2254/2863/2138 2256/2857/2132 2255/2832/2113
f 2252/2920/2184 2255/2832/2113 2258/2834/2115
f 2259/2841/2119 2252/2952/2184 2258/2919/2115
f 2309/2923/2187 2248/2950/2112 2249/2951/2197
f 2310/2953/2111 2328/2954/2198 2331/2955/2199
f 2324/2956/2200 2266/2885/2158 2330/2957/2201
f 2250/2864/2139 2246/2958/2120 2247/2858/2133
f 2305/2911/2179 2249/2951/2197 2240/2868/2143
f 2259/2841/2119 2312/2828/1779 2311/2842/1779
f 2333/2837/1803 2331/2959/2199 2282/2960/2171
f 2241/2961/2180 2312/2828/1779 2306/2827/2110
f 2326/2916/2182 2307/2859/2134 2330/2957/2201
f 2281/2899/2170 2329/2922/2186 2327/2962/2202
f 2314/2933/2122 2275/2892/2164 2274/2891/2163
f 2272/2888/2161 2313/2931/2188 2273/2889/2162
f 2273/2963/2162 2322/2926/1779 2269/2964/2125
f 2244/2965/2123 2311/2842/1779 2241/2961/2180
f 2323/2847/1803 2274/2966/2163 2277/2967/2166
f 2248/2831/2112 2317/2938/1803 2242/2968/2189
f 2322/2926/1779 2252/2952/2184 2316/2840/1779
f 2233/2969/2149 2320/2921/2185 2234/2970/2150
f 2250/2864/2139 2321/2910/2121 2245/2971/2193
f 2253/2917/2183 2318/2856/2131 2250/2864/2139
f 2317/2938/1803 2321/2845/2121 2323/2847/1803
f 2244/2965/2123 2322/2926/1779 2316/2840/1779
f 2242/2968/2189 2323/2847/1803 2277/2967/2166
f 2327/2962/2202 2305/2911/2179 2306/2913/2110
f 2262/2881/2155 2330/2957/2201 2266/2885/2158
f 2308/2914/2181 2330/2957/2201 2307/2859/2134
f 2331/2955/2199 2283/2901/2172 2282/2900/2171
f 2280/2898/2169 2334/2939/2194 2329/2922/2186
f 2261/2880/2154 2326/2916/2182 2262/2881/2155
f 2312/2828/1779 2325/2835/2116 2332/2826/1779
f 2304/2836/1779 2327/2972/2202 2332/2826/1779
f 2251/2843/1803 2331/2959/2199 2333/2837/1803
f 2251/2843/1803 2324/2973/2200 2308/2974/2181
f 2324/2973/2200 2333/2837/1803 2267/2975/2159
f 2267/2975/2159 2333/2837/1803 2264/2839/2118
f 2298/2838/2117 2333/2837/1803 2287/2976/2174
f 2287/2976/2174 2333/2837/1803 2282/2960/2171
f 2296/2861/2136 2295/2909/2178 2297/2977/2196
f 2335/2934/2192 2293/2907/2176 2296/2861/2136
f 2334/2939/2194 2328/2954/2198 2329/2922/2186
f 2393/2978/2203 2362/2979/2204 2383/2980/2205
f 2388/2981/2206 2349/2982/2207 2386/2983/2208
f 2362/2984/2204 2356/2985/2209 2359/2986/2210
f 2338/2987/2211 2395/2988/2212 2336/2989/2213
f 2368/2990/2214 2363/2991/2215 2370/2992/2216
f 2373/2993/2217 2379/2994/2218 2368/2990/2214
f 2374/2995/2219 2376/2996/2220 2375/2997/2221
f 2377/2998/2222 2378/2999/1779 2394/3000/1779
f 2390/3001/2223 2398/3002/1803 2372/3003/2224
f 2339/3004/2225 2387/3005/1803 2384/3006/2226
f 2336/3007/2213 2337/3008/2227 2338/3009/2211
f 2339/3010/2225 2340/3011/2228 2341/3012/2229
f 2342/3013/2230 2343/3014/2231 2344/3015/2232
f 2345/3016/2233 2344/3017/2232 2347/3018/2234
f 2348/3019/2235 2349/2982/2207 2350/3020/2236
f 2351/3021/2237 2352/3022/2238 2350/3023/2236
f 2354/3024/2239 2355/3025/2240 2356/3026/2209
f 2357/3027/2241 2358/3028/2242 2359/3029/2210
f 2358/3030/2242 2362/2979/2204 2359/3031/2210
f 2363/2991/2215 2364/3032/2243 2365/3033/2244
f 2366/3034/2245 2369/3035/2246 2370/2992/2216
f 2371/3036/2247 2372/3037/2224 2366/3034/2245
f 2373/2993/2217 2374/3038/2219 2375/3039/2221
f 2376/3040/2220 2380/3041/2248 2375/3042/2221
f 2379/2994/2218 2380/3043/2248 2381/3044/2249
f 2345/3045/2233 2342/3013/2230 2344/3015/2232
f 2343/3046/2231 2350/3023/2236 2344/3047/2232
f 2352/3048/2238 2348/3019/2235 2350/3020/2236
f 2347/3018/2234 2350/3020/2236 2349/2982/2207
f 2361/3049/2250 2351/3021/2237 2353/3050/2251
f 2339/3010/2225 2386/2983/2208 2385/3051/2252
f 2385/3051/2252 2349/2982/2207 2348/3019/2235
f 2355/3025/2240 2359/3029/2210 2356/3026/2209
f 2360/3052/2253 2354/3053/2239 2356/2985/2209
f 2388/2981/2206 2354/3024/2239 2389/3054/2254
f 2341/3012/2229 2358/3028/2242 2357/3027/2241
f 2367/3055/2255 2363/2991/2215 2368/2990/2214
f 2372/3003/2224 2398/3002/1803 2369/3056/2246
f 2372/3037/2224 2369/3035/2246 2366/3034/2245
f 2384/3057/2226 2340/3058/2228 2339/3059/2225
f 2391/3060/2256 2362/2984/2204 2392/3061/2257
f 2397/3062/2258 2370/2992/2216 2369/3035/2246
f 2366/3034/2245 2370/2992/2216 2363/2991/2215
f 2379/2994/2218 2375/3039/2221 2380/3043/2248
f 2391/3060/2256 2378/2999/1779 2360/3052/2253
f 2377/2998/2222 2381/3063/2249 2380/3041/2248
f 2346/3064/2259 2343/3014/2231 2342/3013/2230
f 2373/2993/2217 2336/3007/2213 2374/3038/2219
f 2368/2990/2214 2381/3044/2249 2367/3055/2255
f 2351/3021/2237 2382/3065/2260 2353/3050/2251
f 2378/2999/1779 2346/3064/2259 2342/3013/2230
f 2382/3065/2260 2395/2988/2212 2353/3050/2251
f 2382/3066/2260 2377/2998/2222 2376/3040/2220
f 2384/3006/2226 2398/3002/1803 2390/3001/2223
f 2383/2980/2205 2358/3030/2242 2340/3058/2228
f 2390/3067/2223 2371/3068/2247 2393/2978/2203
f 2347/3018/2234 2389/3054/2254 2345/3016/2233
f 2387/3005/1803 2385/3069/2252 2348/3070/2235
f 2355/3025/2240 2388/2981/2206 2386/2983/2208
f 2357/3027/2241 2355/3025/2240 2386/2983/2208
f 2341/3012/2229 2357/3027/2241 2386/2983/2208
f 2378/2999/1779 2354/3053/2239 2360/3052/2253
f 2384/3057/2226 2393/2978/2203 2383/2980/2205
f 2364/3071/2243 2394/3000/1779 2391/3060/2256
f 2364/3071/2243 2392/3061/2257 2365/3072/2244
f 2365/3073/2244 2393/2978/2203 2371/3068/2247
f 2381/3063/2249 2394/3000/1779 2367/3074/2255
f 2373/2993/2217 2399/3075/2261 2337/3008/2227
f 2398/3002/1803 2397/3076/2258 2369/3056/2246
f 2396/3077/2262 2353/3050/2251 2395/2988/2212
f 2395/2988/2212 2374/2995/2219 2336/2989/2213
f 2387/3005/1803 2396/3078/2262 2398/3002/1803
f 2397/3076/2258 2396/3078/2262 2338/3079/2211
f 2399/3075/2261 2338/3009/2211 2337/3008/2227
f 2399/3075/2261 2368/2990/2214 2370/2992/2216
f 2371/3036/2247 2363/2991/2215 2365/3033/2244
f 2361/3080/2250 2387/3005/1803 2352/3081/2238
f 2352/3081/2238 2387/3005/1803 2348/3070/2235
f 2378/2999/1779 2342/3013/2230 2345/3045/2233
f 2389/3082/2254 2378/2999/1779 2345/3045/2233
f 2421/3083/2263 2488/3084/2264 2484/3085/2265
f 2403/3086/2266 2489/3087/2267 2481/3088/2268
f 2429/3089/2269 2409/3090/2270 2426/3091/2271
f 2436/3092/2272 2449/3093/2273 2447/3094/2274
f 2437/3095/2275 2428/3096/2276 2433/3097/2277
f 2442/3098/2278 2454/3099/2279 2439/3100/2280
f 2470/3101/2281 2477/3102/2282 2473/3103/2283
f 2436/3092/2272 2435/3104/2284 2449/3093/2273
f 2492/3105/2285 2415/3106/2286 2412/3107/2287
f 2459/3108/2288 2444/3109/2289 2446/3110/2290
f 2455/3111/2291 2450/3112/2292 2440/3113/2293
f 2486/3114/2294 2404/3115/2295 2482/3116/2296
f 2433/3097/2277 2428/3096/2276 2434/3117/2297
f 2494/3118/2267 2411/3119/2298 2400/3120/2267
f 2464/3121/2299 2438/3122/2300 2436/3092/2272
f 2460/3123/2301 2448/3124/2302 2456/3125/2303
f 2462/3126/2304 2464/3121/2299 2463/3127/2305
f 2471/3128/2306 2401/3129/2307 2491/3130/2307
f 2471/3128/2306 2474/3131/2308 2476/3132/2309
f 2401/3129/2307 2483/3133/2310 2491/3130/2307
f 2428/3096/2276 2437/3095/2275 2461/3134/2311
f 2416/3135/2312 2471/3128/2306 2485/3136/2313
f 2414/3137/2314 2494/3118/2267 2400/3120/2267
f 2469/3138/2315 2490/3139/2267 2489/3087/2267
f 2479/3140/2316 2471/3128/2306 2475/3141/2317
f 2425/3142/2318 2487/3143/2319 2490/3139/2267
f 2402/3144/2320 2403/3145/2266 2404/3146/2295
f 2405/3147/2321 2406/3148/2322 2407/3149/2323
f 2408/3150/2324 2409/3090/2270 2410/3151/2325
f 2417/3152/2326 2418/3153/2327 2419/3154/2328
f 2422/3155/2329 2423/3156/2330 2424/3157/2331
f 2431/3158/2332 2432/3159/2333 2433/3097/2277
f 2434/3117/2297 2435/3160/2284 2431/3158/2332
f 2437/3095/2275 2432/3159/2333 2438/3161/2300
f 2439/3100/2280 2440/3113/2293 2441/3162/2334
f 2442/3098/2278 2443/3163/2335 2444/3164/2289
f 2445/3165/2336 2446/3166/2290 2447/3167/2274
f 2448/3124/2302 2449/3168/2273 2450/3112/2292
f 2451/3169/2337 2452/3170/2338 2453/3171/2339
f 2454/3099/2279 2453/3171/2339 2455/3111/2291
f 2456/3125/2303 2457/3172/2340 2458/3173/2341
f 2459/3174/2288 2460/3123/2301 2458/3173/2341
f 2461/3134/2311 2462/3175/2304 2463/3176/2305
f 2464/3121/2299 2467/3177/2342 2463/3127/2305
f 2466/3178/2343 2467/3179/2342 2468/3180/2344
f 2472/3181/2345 2473/3103/2283 2474/3182/2308
f 2475/3183/2317 2476/3184/2309 2477/3102/2282
f 2478/3185/2346 2479/3186/2316 2480/3187/2347
f 2402/3144/2320 2406/3148/2322 2405/3147/2321
f 2409/3090/2270 2425/3188/2318 2426/3091/2271
f 2411/3119/2298 2482/3189/2296 2481/3088/2268
f 2412/3190/2287 2493/3191/2348 2492/3192/2285
f 2483/3133/2310 2421/3193/2263 2484/3194/2265
f 2424/3157/2331 2410/3151/2325 2409/3090/2270
f 2407/3195/2323 2486/3196/2294 2485/3136/2313
f 2408/3197/2324 2488/3198/2264 2487/3143/2319
f 2426/3091/2271 2469/3199/2315 2470/3101/2281
f 2411/3119/2298 2489/3087/2267 2400/3120/2267
f 2429/3089/2269 2422/3155/2329 2424/3157/2331
f 2431/3200/2332 2436/3092/2272 2432/3201/2333
f 2437/3095/2275 2433/3097/2277 2432/3159/2333
f 2433/3097/2277 2434/3117/2297 2431/3158/2332
f 2435/3104/2284 2436/3092/2272 2431/3200/2332
f 2436/3092/2272 2438/3122/2300 2432/3201/2333
f 2441/3162/2334 2442/3098/2278 2439/3100/2280
f 2449/3168/2273 2445/3165/2336 2447/3167/2274
f 2427/3202/2349 2440/3113/2293 2428/3096/2276
f 2435/3160/2284 2450/3112/2292 2449/3168/2273
f 2413/3203/2350 2500/3204/2351 2414/3137/2314
f 2499/3205/2352 2421/3193/2263 2420/3206/2353
f 2454/3099/2279 2451/3169/2337 2453/3171/2339
f 2452/3170/2338 2458/3173/2341 2453/3171/2339
f 2460/3123/2301 2456/3125/2303 2458/3173/2341
f 2455/3111/2291 2458/3173/2341 2457/3172/2340
f 2439/3100/2280 2455/3111/2291 2440/3113/2293
f 2448/3124/2302 2457/3172/2340 2456/3125/2303
f 2452/3170/2338 2442/3098/2278 2444/3164/2289
f 2445/3165/2336 2459/3174/2288 2446/3166/2290
f 2461/3134/2311 2467/3179/2342 2466/3178/2343
f 2465/3207/2354 2468/3208/2344 2467/3177/2342
f 2468/3180/2344 2418/3153/2327 2466/3178/2343
f 2438/3161/2300 2461/3134/2311 2437/3095/2275
f 2464/3121/2299 2495/3209/2355 2465/3207/2354
f 2402/3144/2320 2469/3199/2315 2403/3145/2266
f 2471/3128/2306 2476/3132/2309 2475/3141/2317
f 2478/3210/2346 2471/3128/2306 2479/3140/2316
f 2471/3128/2306 2472/3211/2345 2474/3131/2308
f 2473/3103/2283 2476/3184/2309 2474/3182/2308
f 2480/3187/2347 2475/3183/2317 2477/3102/2282
f 2405/3147/2321 2478/3185/2346 2480/3187/2347
f 2472/3181/2345 2429/3089/2269 2473/3103/2283
f 2470/3101/2281 2480/3187/2347 2477/3102/2282
f 2487/3143/2319 2413/3203/2350 2414/3137/2314
f 2485/3136/2313 2415/3212/2286 2416/3135/2312
f 2422/3213/2329 2484/3194/2265 2423/3214/2330
f 2403/3086/2266 2482/3189/2296 2404/3215/2295
f 2490/3139/2267 2414/3137/2314 2400/3120/2267
f 2489/3087/2267 2490/3139/2267 2400/3120/2267
f 2491/3130/2307 2422/3213/2329 2430/3216/2356
f 2415/3106/2286 2482/3116/2296 2412/3107/2287
f 2484/3085/2265 2410/3217/2325 2423/3218/2330
f 2472/3211/2345 2491/3130/2307 2430/3216/2356
f 2485/3136/2313 2478/3210/2346 2407/3195/2323
f 2416/3135/2312 2436/3092/2272 2401/3129/2307
f 2492/3192/2285 2417/3219/2326 2419/3220/2328
f 2499/3205/2352 2436/3092/2272 2447/3094/2274
f 2427/3221/2349 2493/3191/2348 2494/3118/2267
f 2436/3092/2272 2496/3222/2357 2464/3121/2299
f 2496/3222/2357 2415/3212/2286 2495/3209/2355
f 2492/3105/2285 2468/3223/2344 2465/3224/2354
f 2497/3225/2358 2443/3226/2335 2500/3204/2351
f 2498/3227/2359 2413/3228/2350 2421/3083/2263
f 2494/3118/2267 2500/3204/2351 2443/3226/2335
f 2498/3229/2359 2447/3094/2274 2446/3230/2290
f 2420/3206/2353 2436/3092/2272 2499/3205/2352
f 2417/3152/2326 2428/3096/2276 2418/3153/2327
f 2494/3118/2267 2443/3226/2335 2441/3231/2334
f 2427/3221/2349 2494/3118/2267 2441/3231/2334
f 2440/3113/2293 2434/3117/2297 2428/3096/2276
f 2428/3096/2276 2461/3134/2311 2466/3178/2343
f 2418/3153/2327 2428/3096/2276 2466/3178/2343
f 2446/3110/2290 2497/3232/2358 2498/3227/2359
f 2426/3091/2271 2473/3103/2283 2429/3089/2269
f 2402/3144/2320 2480/3187/2347 2470/3101/2281
f 2601/3233/2360 2501/3234/2361 2587/3235/2362
f 2581/3236/2363 2570/3237/1692 2596/3238/1692
f 2576/3239/2364 2572/3240/2365 2523/3241/2366
f 2515/3242/2367 2532/3243/2368 2513/3244/2369
f 2545/3245/2370 2540/3246/2371 2544/3247/2372
f 2568/3248/2373 2518/3249/2374 2599/3250/2375
f 2526/3251/2376 2563/3252/2377 2521/3253/2378
f 2511/3254/2379 2590/3255/1696 2589/3256/1696
f 2585/3257/2380 2521/3253/2378 2583/3258/2381
f 2597/3259/1692 2543/3260/2382 2594/3261/1692
f 2560/3262/2383 2591/3263/1696 2556/3264/2384
f 2510/3265/2385 2540/3246/2371 2530/3266/2386
f 2543/3260/2382 2570/3237/1692 2594/3261/1692
f 2593/3267/1696 2520/3268/2387 2591/3263/1696
f 2535/3269/2388 2542/3270/2389 2541/3271/2390
f 2549/3272/2391 2552/3273/2392 2554/3274/2393
f 2544/3247/2372 2542/3270/2389 2546/3275/2394
f 2588/3276/2395 2538/3277/2396 2592/3278/1696
f 2561/3279/2397 2566/3280/2398 2564/3281/2399
f 2580/3282/2400 2555/3283/2401 2551/3284/2402
f 2568/3248/2373 2573/3285/2403 2575/3286/2404
f 2539/3287/2405 2534/3288/2406 2535/3269/2388
f 2598/3289/2407 2524/3290/2408 2595/3291/1692
f 2501/3234/2361 2502/3292/2409 2503/3293/2410
f 2504/3294/2411 2505/3295/2412 2506/3296/2413
f 2507/3297/2414 2508/3298/2415 2509/3299/2416
f 2516/3300/2417 2517/3301/2418 2518/3249/2374
f 2536/3302/2419 2539/3287/2405 2535/3269/2388
f 2543/3260/2382 2546/3303/2394 2542/3304/2389
f 2547/3305/2420 2548/3306/2421 2549/3272/2391
f 2550/3307/2422 2551/3308/2402 2552/3273/2392
f 2553/3309/2423 2554/3274/2393 2555/3310/2401
f 2556/3311/2384 2557/3312/2424 2558/3313/2425
f 2559/3314/2426 2560/3315/2383 2561/3279/2397
f 2562/3316/2427 2563/3317/2377 2564/3281/2399
f 2565/3318/2428 2566/3280/2398 2567/3319/2429
f 2574/3320/2430 2568/3248/2373 2575/3286/2404
f 2571/3321/2431 2572/3322/2365 2573/3285/2403
f 2574/3320/2430 2575/3286/2404 2576/3323/2364
f 2502/3292/2409 2504/3294/2411 2506/3296/2413
f 2503/3324/2410 2577/3325/2432 2538/3326/2396
f 2501/3234/2361 2588/3327/2395 2587/3235/2362
f 2514/3328/2433 2579/3329/2434 2578/3330/2435
f 2515/3331/2367 2527/3332/2436 2528/3333/2437
f 2545/3245/2370 2520/3334/2387 2582/3335/2438
f 2521/3336/2378 2584/3337/2439 2583/3338/2381
f 2523/3241/2366 2517/3339/2418 2516/3340/2417
f 2585/3341/2380 2527/3332/2436 2586/3342/2440
f 2530/3266/2386 2511/3343/2379 2510/3265/2385
f 2513/3344/2369 2531/3345/2441 2512/3346/2442
f 2511/3343/2379 2577/3325/2432 2510/3265/2385
f 2537/3347/2443 2533/3348/2444 2534/3349/2406
f 2532/3350/2368 2584/3337/2439 2531/3345/2441
f 2544/3247/2372 2540/3246/2371 2541/3271/2390
f 2536/3302/2419 2541/3271/2390 2540/3246/2371
f 2543/3260/2382 2534/3349/2406 2533/3348/2444
f 2505/3351/2412 2539/3287/2405 2506/3352/2413
f 2523/3241/2366 2546/3275/2394 2524/3353/2408
f 2553/3309/2423 2549/3272/2391 2554/3274/2393
f 2550/3307/2422 2549/3272/2391 2548/3306/2421
f 2555/3310/2401 2552/3273/2392 2551/3308/2402
f 2548/3306/2421 2600/3354/2445 2601/3233/2360
f 2580/3355/2400 2512/3346/2442 2581/3236/2363
f 2550/3307/2422 2509/3299/2416 2551/3308/2402
f 2562/3316/2427 2566/3280/2398 2565/3318/2428
f 2559/3314/2426 2564/3281/2399 2563/3317/2377
f 2560/3315/2383 2558/3313/2425 2561/3279/2397
f 2557/3312/2424 2566/3280/2398 2558/3313/2425
f 2522/3356/2446 2563/3357/2377 2562/3358/2427
f 2525/3359/2447 2559/3360/2426 2526/3361/2376
f 2598/3362/2407 2567/3319/2429 2599/3250/2375
f 2523/3241/2366 2572/3240/2365 2519/3363/2448
f 2573/3285/2403 2569/3364/2449 2571/3321/2431
f 2572/3322/2365 2575/3286/2404 2573/3285/2403
f 2574/3320/2430 2516/3300/2417 2518/3249/2374
f 2571/3365/2431 2519/3363/2448 2572/3240/2365
f 2557/3312/2424 2569/3364/2449 2568/3248/2373
f 2577/3325/2432 2536/3302/2419 2510/3265/2385
f 2578/3330/2435 2509/3366/2416 2508/3367/2415
f 2592/3278/1696 2511/3254/2379 2589/3256/1696
f 2580/3355/2400 2553/3368/2423 2555/3369/2401
f 2580/3282/2400 2515/3242/2367 2513/3244/2369
f 2600/3370/2445 2537/3347/2443 2505/3371/2412
f 2502/3372/2409 2539/3287/2405 2577/3325/2432
f 2526/3361/2376 2586/3342/2440 2525/3359/2447
f 2545/3245/2370 2529/3373/2450 2530/3266/2386
f 2529/3374/2450 2593/3267/1696 2590/3255/1696
f 2528/3375/2437 2583/3258/2381 2532/3243/2368
f 2519/3363/2448 2544/3247/2372 2523/3241/2366
f 2524/3290/2408 2597/3259/1692 2595/3291/1692
f 2591/3263/1696 2569/3376/2449 2556/3264/2384
f 2516/3340/2417 2576/3239/2364 2523/3241/2366
f 2590/3255/1696 2586/3342/2440 2527/3332/2436
f 2578/3330/2435 2589/3256/1696 2514/3328/2433
f 2587/3235/2362 2508/3298/2415 2507/3297/2414
f 2508/3367/2415 2592/3278/1696 2578/3330/2435
f 2586/3342/2440 2591/3263/1696 2525/3359/2447
f 2514/3328/2433 2590/3255/1696 2527/3332/2436
f 2525/3359/2447 2591/3263/1696 2560/3262/2383
f 2571/3377/2431 2591/3263/1696 2520/3268/2387
f 2595/3291/1692 2584/3337/2439 2522/3356/2446
f 2594/3261/1692 2512/3346/2442 2531/3345/2441
f 2584/3337/2439 2594/3261/1692 2531/3345/2441
f 2596/3238/1692 2533/3348/2444 2537/3347/2443
f 2562/3358/2427 2565/3378/2428 2595/3291/1692
f 2522/3356/2446 2562/3358/2427 2595/3291/1692
f 2517/3301/2418 2599/3250/2375 2518/3249/2374
f 2565/3378/2428 2598/3289/2407 2595/3291/1692
f 2557/3312/2424 2599/3250/2375 2567/3319/2429
f 2601/3233/2360 2505/3295/2412 2504/3294/2411
f 2553/3368/2423 2596/3238/1692 2547/3379/2420
f 2548/3306/2421 2587/3235/2362 2550/3307/2422
f 2507/3297/2414 2550/3307/2422 2587/3235/2362
f 2579/3380/2434 2551/3284/2402 2509/3381/2416
f 2600/3370/2445 2547/3379/2420 2596/3238/1692
f 2605/3382/2451 2668/3383/2452 2633/3384/2453
f 2669/3385/2454 2643/3386/2455 2648/3387/2456
f 2632/3388/2457 2616/3389/2458 2636/3390/2459
f 2652/3391/2460 2625/3392/2461 2646/3393/2462
f 2636/3390/2459 2667/3394/2463 2637/3395/2464
f 2649/3396/2465 2647/3397/2466 2676/3398/2467
f 2650/3399/2468 2666/3400/2469 2668/3383/2452
f 2637/3401/2464 2640/3402/2470 2634/3403/2471
f 2645/3404/2472 2647/3397/2466 2649/3396/2465
f 2670/3405/2473 2653/3406/2474 2619/3407/2475
f 2654/3408/2476 2657/3409/2477 2659/3410/2478
f 2654/3408/2476 2641/3411/2479 2638/3412/2480
f 2672/3413/2481 2653/3406/2474 2673/3414/2452
f 2618/3415/2482 2654/3408/2476 2664/3416/2483
f 2641/3411/2479 2631/3417/2484 2642/3418/2485
f 2651/3419/2486 2660/3420/2487 2656/3421/2488
f 2662/3422/2489 2654/3408/2476 2658/3423/2490
f 2639/3424/2491 2608/3425/2492 2606/3426/2493
f 2604/3427/2494 2605/3428/2451 2606/3429/2493
f 2607/3430/2495 2608/3431/2492 2609/3432/2496
f 2610/3433/2497 2611/3434/2498 2612/3435/2499
f 2619/3436/2475 2620/3437/2500 2621/3438/2501
f 2622/3439/2502 2623/3440/2503 2624/3441/2504
f 2625/3392/2461 2626/3442/2505 2627/3443/2506
f 2628/3444/2507 2629/3445/2508 2630/3446/2509
f 2632/3447/2457 2642/3418/2485 2631/3417/2484
f 2634/3448/2471 2635/3449/2510 2636/3390/2459
f 2636/3390/2459 2637/3395/2464 2634/3448/2471
f 2640/3402/2470 2641/3411/2479 2642/3418/2485
f 2643/3450/2455 2644/3451/2511 2645/3452/2472
f 2604/3427/2494 2663/3453/2512 2651/3419/2486
f 2655/3454/2513 2656/3421/2488 2657/3455/2477
f 2658/3456/2490 2659/3457/2478 2660/3420/2487
f 2661/3458/2514 2662/3459/2489 2663/3453/2512
f 2607/3430/2495 2606/3429/2493 2608/3431/2492
f 2611/3434/2498 2650/3460/2468 2651/3419/2486
f 2613/3461/2515 2639/3424/2491 2633/3462/2453
f 2614/3463/2516 2681/3464/2517 2677/3465/2518
f 2623/3440/2503 2652/3391/2460 2653/3466/2474
f 2624/3467/2504 2672/3468/2481 2671/3469/2519
f 2624/3441/2504 2625/3392/2461 2622/3439/2502
f 2640/3402/2470 2635/3470/2510 2634/3403/2471
f 2628/3444/2507 2612/3435/2499 2611/3434/2498
f 2609/3471/2496 2665/3472/2520 2664/3473/2483
f 2610/3474/2497 2667/3394/2463 2666/3475/2469
f 2664/3473/2483 2617/3476/2521 2618/3477/2482
f 2632/3388/2457 2636/3390/2459 2635/3449/2510
f 2633/3462/2453 2606/3426/2493 2605/3478/2451
f 2640/3402/2470 2638/3412/2480 2641/3411/2479
f 2632/3447/2457 2675/3479/2522 2674/3480/2523
f 2630/3481/2509 2638/3412/2480 2637/3401/2464
f 2643/3386/2455 2649/3482/2465 2648/3387/2456
f 2646/3393/2462 2645/3452/2472 2644/3451/2511
f 2643/3450/2455 2620/3437/2500 2644/3451/2511
f 2627/3443/2506 2646/3393/2462 2625/3392/2461
f 2648/3387/2456 2680/3483/2524 2679/3484/2525
f 2604/3427/2494 2650/3460/2468 2605/3428/2451
f 2653/3466/2474 2620/3437/2500 2619/3436/2475
f 2654/3408/2476 2659/3410/2478 2658/3423/2490
f 2661/3485/2514 2654/3408/2476 2662/3422/2489
f 2654/3408/2476 2655/3486/2513 2657/3409/2477
f 2656/3421/2488 2659/3457/2478 2657/3455/2477
f 2663/3453/2512 2658/3456/2490 2660/3420/2487
f 2661/3458/2514 2607/3430/2495 2609/3432/2496
f 2628/3444/2507 2655/3454/2513 2629/3445/2508
f 2651/3419/2486 2663/3453/2512 2660/3420/2487
f 2611/3434/2498 2656/3421/2488 2628/3444/2507
f 2666/3475/2469 2616/3389/2458 2615/3487/2526
f 2614/3463/2516 2665/3472/2520 2639/3424/2491
f 2668/3383/2452 2615/3488/2526 2602/3489/2452
f 2633/3384/2453 2602/3489/2452 2613/3490/2515
f 2664/3416/2483 2661/3485/2514 2609/3491/2496
f 2655/3486/2513 2638/3412/2480 2629/3492/2508
f 2637/3395/2464 2612/3493/2499 2630/3494/2509
f 2620/3437/2500 2646/3393/2462 2644/3451/2511
f 2671/3469/2519 2678/3495/2527 2682/3496/2528
f 2669/3385/2454 2619/3497/2475 2621/3498/2501
f 2683/3499/2452 2672/3413/2481 2673/3414/2452
f 2683/3499/2452 2670/3405/2473 2681/3500/2517
f 2677/3465/2518 2648/3387/2456 2679/3484/2525
f 2626/3501/2505 2675/3479/2522 2627/3502/2506
f 2624/3467/2504 2674/3503/2523 2626/3504/2505
f 2680/3505/2524 2676/3398/2467 2684/3506/2467
f 2684/3506/2467 2675/3479/2522 2631/3417/2484
f 2676/3398/2467 2627/3502/2506 2675/3479/2522
f 2618/3415/2482 2684/3506/2467 2603/3507/2467
f 2614/3463/2516 2679/3484/2525 2617/3476/2521
f 2602/3489/2452 2681/3500/2517 2613/3490/2515
f 2602/3489/2452 2678/3508/2527 2683/3499/2452
f 2682/3496/2528 2615/3487/2526 2616/3389/2458
f 2679/3484/2525 2618/3477/2482 2617/3476/2521
f 2677/3465/2518 2670/3509/2473 2669/3385/2454
f 2684/3506/2467 2641/3411/2479 2603/3507/2467
f 2674/3503/2523 2682/3496/2528 2632/3388/2457
f 2761/3510/2529 2748/3511/2530 2747/3512/2531
f 2690/3513/2532 2751/3514/2533 2772/3515/2534
f 2773/3516/2535 2692/3517/2536 2691/3518/2537
f 2782/3519/2538 2697/3520/2539 2702/3521/2540
f 2686/3522/2541 2713/3523/2542 2688/3524/2541
f 2763/3525/2541 2774/3526/2543 2776/3527/2541
f 2700/3528/2544 2688/3524/2541 2714/3529/2545
f 2685/3530/2546 2721/3531/2547 2723/3532/2548
f 2714/3529/2545 2687/3533/2541 2716/3534/2549
f 2778/3535/2550 2685/3530/2546 2718/3536/2551
f 2748/3511/2530 2755/3537/2552 2747/3512/2531
f 2688/3524/2541 2710/3538/2553 2687/3533/2541
f 2712/3539/2554 2722/3540/2555 2711/3541/2556
f 2789/3542/2550 2783/3543/2557 2736/3544/2558
f 2687/3533/2541 2766/3545/2559 2763/3525/2541
f 2732/3546/2560 2726/3547/2561 2734/3548/2562
f 2727/3549/2563 2788/3550/2564 2786/3551/2565
f 2711/3541/2556 2720/3552/2566 2767/3553/2567
f 2718/3536/2551 2685/3530/2546 2723/3532/2548
f 2708/3554/2568 2717/3555/2569 2707/3556/2570
f 2740/3557/2571 2794/3558/2572 2792/3559/2573
f 2777/3560/2550 2718/3536/2551 2698/3561/2574
f 2694/3562/2575 2753/3563/2576 2689/3564/2577
f 2702/3521/2540 2719/3565/2578 2712/3539/2554
f 2716/3534/2549 2763/3525/2541 2768/3566/2579
f 2751/3514/2533 2762/3567/2580 2760/3568/2581
f 2696/3569/2582 2715/3570/2583 2708/3554/2568
f 2790/3571/2541 2700/3528/2544 2787/3572/2584
f 2760/3568/2581 2780/3573/2550 2751/3514/2533
f 2767/3553/2567 2759/3574/2585 2775/3575/2586
f 2758/3576/2587 2760/3568/2581 2762/3567/2580
f 2772/3515/2534 2780/3573/2550 2764/3577/2588
f 2689/3564/2577 2690/3578/2532 2691/3579/2537
f 2692/3580/2536 2693/3581/2589 2694/3562/2575
f 2703/3582/2590 2704/3583/2591 2705/3584/2592
f 2724/3585/2593 2725/3586/2594 2726/3547/2561
f 2727/3587/2563 2728/3588/2595 2729/3589/2596
f 2730/3590/2597 2731/3591/2598 2732/3546/2560
f 2733/3592/2599 2734/3548/2562 2735/3593/2600
f 2736/3594/2558 2737/3595/2601 2739/3596/2602
f 2738/3597/2603 2739/3596/2602 2740/3557/2571
f 2741/3598/2604 2742/3599/2605 2743/3600/2606
f 2744/3601/2607 2745/3602/2608 2743/3600/2606
f 2748/3511/2530 2749/3603/2609 2750/3604/2610
f 2761/3510/2529 2704/3583/2591 2756/3605/2611
f 2752/3606/2612 2753/3563/2576 2754/3607/2613
f 2754/3607/2613 2755/3537/2552 2750/3604/2610
f 2756/3605/2611 2757/3608/2614 2758/3609/2587
f 2694/3562/2575 2691/3579/2537 2692/3580/2536
f 2695/3610/2615 2708/3611/2568 2709/3612/2616
f 2701/3613/2617 2712/3539/2554 2713/3614/2542
f 2694/3562/2575 2746/3615/2618 2747/3512/2531
f 2770/3616/2619 2692/3517/2536 2771/3617/2620
f 2774/3618/2543 2767/3553/2567 2775/3575/2586
f 2706/3619/2621 2765/3620/2622 2764/3577/2588
f 2709/3612/2616 2707/3621/2570 2706/3619/2621
f 2760/3568/2581 2720/3622/2566 2721/3531/2547
f 2710/3623/2553 2767/3553/2567 2766/3624/2559
f 2713/3614/2542 2711/3541/2556 2710/3623/2553
f 2714/3625/2545 2699/3626/2623 2700/3627/2544
f 2716/3628/2549 2715/3570/2583 2714/3625/2545
f 2772/3515/2534 2765/3620/2622 2773/3629/2535
f 2698/3561/2574 2719/3630/2578 2697/3631/2539
f 2722/3632/2555 2721/3531/2547 2720/3622/2566
f 2771/3617/2620 2765/3633/2622 2769/3634/2624
f 2733/3592/2599 2732/3546/2560 2734/3548/2562
f 2727/3587/2563 2732/3546/2560 2731/3591/2598
f 2728/3588/2595 2726/3547/2561 2729/3589/2596
f 2725/3586/2594 2734/3548/2562 2726/3547/2561
f 2785/3635/2625 2727/3636/2563 2786/3637/2565
f 2787/3638/2584 2699/3626/2623 2788/3550/2564
f 2738/3597/2603 2736/3594/2558 2739/3596/2602
f 2744/3601/2607 2739/3596/2602 2737/3595/2601
f 2745/3602/2608 2741/3598/2604 2743/3600/2606
f 2742/3599/2605 2739/3596/2602 2743/3600/2606
f 2781/3639/2626 2744/3640/2607 2782/3519/2538
f 2698/3561/2574 2784/3641/2627 2783/3543/2557
f 2791/3642/2628 2740/3557/2571 2792/3559/2573
f 2793/3643/2629 2735/3593/2600 2794/3558/2572
f 2747/3512/2531 2705/3584/2592 2704/3583/2591
f 2751/3514/2533 2754/3644/2613 2750/3645/2610
f 2755/3537/2552 2748/3511/2530 2750/3604/2610
f 2749/3646/2609 2751/3514/2533 2750/3645/2610
f 2751/3514/2533 2752/3647/2612 2754/3644/2613
f 2753/3563/2576 2755/3537/2552 2754/3607/2613
f 2752/3606/2612 2689/3564/2577 2753/3563/2576
f 2761/3510/2529 2758/3609/2587 2762/3648/2580
f 2759/3649/2585 2758/3576/2587 2757/3650/2614
f 2749/3603/2609 2761/3510/2529 2762/3648/2580
f 2757/3608/2614 2704/3583/2591 2703/3582/2590
f 2753/3563/2576 2747/3512/2531 2755/3537/2552
f 2722/3632/2555 2718/3536/2551 2723/3532/2548
f 2768/3651/2579 2717/3555/2569 2716/3628/2549
f 2717/3555/2569 2765/3633/2622 2707/3556/2570
f 2780/3573/2550 2685/3530/2546 2779/3652/2550
f 2705/3653/2592 2775/3575/2586 2703/3654/2590
f 2690/3513/2532 2773/3629/2535 2691/3655/2537
f 2693/3656/2589 2776/3527/2541 2746/3657/2618
f 2776/3527/2541 2705/3658/2592 2746/3657/2618
f 2775/3575/2586 2757/3659/2614 2703/3654/2590
f 2763/3525/2541 2770/3660/2619 2768/3566/2579
f 2764/3577/2588 2779/3652/2550 2706/3619/2621
f 2695/3610/2615 2778/3535/2550 2777/3560/2550
f 2709/3612/2616 2779/3652/2550 2778/3535/2550
f 2768/3651/2579 2771/3617/2620 2769/3634/2624
f 2783/3543/2557 2737/3661/2601 2736/3544/2558
f 2781/3639/2626 2702/3521/2540 2701/3613/2617
f 2744/3640/2607 2784/3662/2627 2782/3519/2538
f 2787/3638/2584 2731/3663/2598 2730/3664/2597
f 2695/3610/2615 2786/3637/2565 2696/3665/2582
f 2786/3551/2565 2699/3626/2623 2696/3569/2582
f 2777/3560/2550 2785/3635/2625 2695/3610/2615
f 2790/3571/2541 2793/3666/2629 2741/3667/2604
f 2777/3560/2550 2783/3543/2557 2789/3542/2550
f 2790/3571/2541 2701/3668/2617 2686/3522/2541
f 2793/3643/2629 2742/3599/2605 2741/3598/2604
f 2791/3642/2628 2725/3586/2594 2724/3585/2593
f 2792/3559/2573 2735/3593/2600 2725/3586/2594
f 2789/3542/2550 2791/3669/2628 2724/3670/2593
f 2733/3671/2599 2793/3666/2629 2790/3571/2541
f 2730/3672/2597 2733/3671/2599 2790/3571/2541
f 2787/3572/2584 2730/3672/2597 2790/3571/2541
f 2790/3571/2541 2741/3667/2604 2745/3673/2608
f 2781/3674/2626 2790/3571/2541 2745/3673/2608
f 2791/3669/2628 2789/3542/2550 2738/3675/2603
f 2738/3675/2603 2789/3542/2550 2736/3544/2558
f 2789/3542/2550 2724/3670/2593 2728/3676/2595
f 2785/3635/2625 2789/3542/2550 2728/3676/2595
f 2797/3677/2630 2859/3678/2631 2853/3679/2632
f 2800/3680/2633 2802/3681/2634 2796/3682/2635
f 2857/3683/2636 2818/3684/2637 2799/3685/2638
f 2851/3686/2639 2833/3687/2640 2832/3688/2641
f 2826/3689/2642 2834/3690/2643 2835/3691/2644
f 2841/3692/2645 2842/3693/2646 2845/3694/2647
f 2824/3695/2648 2827/3696/2649 2825/3697/2650
f 2844/3698/2651 2825/3697/2650 2861/3699/2652
f 2828/3700/2653 2831/3701/2654 2834/3690/2643
f 2830/3702/2655 2857/3683/2636 2831/3701/2654
f 2822/3703/2656 2841/3692/2645 2846/3704/2657
f 2820/3705/2658 2855/3706/2659 2829/3707/2660
f 2860/3708/2661 2826/3689/2642 2835/3691/2644
f 2843/3709/2662 2840/3710/2663 2845/3694/2647
f 2848/3711/2664 2840/3710/2663 2838/3712/2665
f 2810/3713/2666 2808/3714/2667 2806/3715/2668
f 2804/3716/2669 2839/3717/2670 2843/3718/2662
f 2837/3719/2671 2833/3687/2640 2849/3720/2672
f 2855/3706/2659 2803/3721/2673 2816/3722/2674
f 2821/3723/2675 2829/3707/2660 2827/3696/2649
f 2822/3703/2656 2850/3724/2676 2819/3725/2677
f 2795/3726/2678 2796/3682/2635 2797/3727/2630
f 2798/3728/2679 2799/3729/2638 2800/3680/2633
f 2801/3730/2680 2802/3681/2634 2803/3731/2673
f 2804/3732/2669 2805/3733/2681 2806/3715/2668
f 2807/3734/2682 2808/3714/2667 2809/3735/2683
f 2810/3713/2666 2811/3736/2684 2812/3737/2685
f 2813/3738/2686 2814/3739/2687 2815/3740/2688
f 2816/3741/2674 2817/3742/2689 2818/3743/2637
f 2844/3744/2651 2823/3745/2690 2824/3746/2648
f 2845/3694/2647 2840/3710/2663 2841/3692/2645
f 2813/3747/2686 2862/3748/2691 2814/3749/2687
f 2819/3725/2677 2853/3679/2632 2859/3678/2631
f 2796/3682/2635 2798/3728/2679 2800/3680/2633
f 2802/3681/2634 2797/3727/2630 2796/3682/2635
f 2832/3688/2641 2852/3750/2692 2851/3686/2639
f 2804/3732/2669 2808/3714/2667 2807/3734/2682
f 2811/3736/2684 2806/3715/2668 2805/3733/2681
f 2812/3751/2685 2842/3693/2646 2844/3744/2651
f 2813/3738/2686 2810/3713/2666 2812/3737/2685
f 2809/3735/2683 2815/3740/2688 2814/3739/2687
f 2817/3742/2689 2803/3731/2673 2802/3681/2634
f 2800/3680/2633 2818/3743/2637 2817/3742/2689
f 2807/3752/2682 2860/3753/2661 2839/3717/2670
f 2857/3754/2636 2798/3755/2679 2856/3756/2693
f 2801/3757/2680 2858/3758/2694 2859/3678/2631
f 2820/3759/2658 2822/3703/2656 2819/3725/2677
f 2824/3746/2648 2822/3703/2656 2821/3760/2675
f 2861/3699/2652 2826/3761/2642 2862/3748/2691
f 2827/3696/2649 2826/3761/2642 2825/3697/2650
f 2829/3707/2660 2828/3762/2653 2827/3696/2649
f 2833/3687/2640 2831/3763/2654 2832/3688/2641
f 2836/3764/2695 2834/3765/2643 2833/3687/2640
f 2812/3766/2685 2861/3699/2652 2813/3747/2686
f 2839/3717/2670 2835/3767/2644 2836/3764/2695
f 2843/3718/2662 2837/3719/2671 2838/3768/2665
f 2850/3724/2676 2846/3704/2657 2847/3769/2696
f 2850/3724/2676 2848/3711/2664 2851/3770/2639
f 2837/3719/2671 2848/3771/2664 2838/3768/2665
f 2841/3692/2645 2847/3769/2696 2846/3704/2657
f 2845/3694/2647 2804/3772/2669 2843/3709/2662
f 2853/3679/2632 2795/3773/2678 2797/3677/2630
f 2818/3774/2637 2855/3706/2659 2816/3722/2674
f 2830/3775/2655 2855/3706/2659 2854/3776/2697
f 2857/3754/2636 2832/3688/2641 2831/3763/2654
f 2819/3725/2677 2858/3758/2694 2820/3759/2658
f 2856/3756/2693 2795/3777/2678 2852/3750/2692
f 2849/3720/2672 2851/3686/2639 2848/3771/2664
f 2851/3770/2639 2853/3679/2632 2850/3724/2676
f 2809/3778/2683 2862/3779/2691 2860/3708/2661
f 2805/3780/2681 2842/3693/2646 2811/3781/2684
f 2837/3719/2671 2839/3717/2670 2836/3764/2695
f 2932/3782/2698 2916/3783/2699 2938/3784/2700
f 2897/3785/2701 2879/3786/2702 2876/3787/2703
f 2946/3788/2704 2909/3789/2705 2913/3790/2706
f 2944/3791/2707 2919/3792/2708 2883/3793/2709
f 2907/3794/2710 2919/3792/2708 2945/3795/2700
f 2908/3796/2711 2877/3797/2712 2951/3798/2713
f 2948/3799/2714 2902/3800/2715 2865/3801/2714
f 2916/3783/2699 2936/3802/2716 2938/3784/2700
f 2865/3801/2714 2906/3803/2717 2953/3804/2718
f 2887/3805/2719 2920/3806/2720 2918/3807/2721
f 2863/3808/2722 2896/3809/2723 2875/3810/2724
f 2899/3811/2725 2905/3812/2726 2909/3789/2705
f 2904/3813/2727 2911/3814/2728 2910/3815/2729
f 2922/3816/2730 2925/3817/2731 2927/3818/2732
f 2913/3819/2706 2911/3814/2728 2915/3820/2733
f 2881/3821/2734 2920/3806/2720 2885/3822/2735
f 2878/3823/2736 2864/3824/2737 2863/3808/2722
f 2943/3825/2738 2884/3826/2739 2941/3827/2740
f 2947/3828/2718 2912/3829/2741 2948/3799/2714
f 2955/3830/2742 2865/3801/2714 2953/3804/2718
f 2906/3803/2717 2902/3800/2715 2903/3831/2743
f 2917/3832/2744 2928/3833/2745 2924/3834/2746
f 2930/3835/2747 2922/3816/2730 2926/3836/2748
f 2935/3837/2749 2868/3838/2750 2933/3839/2751
f 2866/3840/2752 2867/3841/2753 2868/3842/2750
f 2869/3843/2754 2870/3844/2755 2871/3845/2756
f 2872/3846/2757 2873/3847/2758 2874/3848/2759
f 2881/3821/2734 2882/3849/2760 2883/3850/2709
f 2884/3851/2739 2885/3822/2735 2886/3852/2761
f 2887/3805/2719 2888/3853/2762 2889/3854/2763
f 2890/3855/2764 2891/3856/2765 2892/3857/2766
f 2893/3858/2767 2894/3859/2768 2895/3860/2769
f 2908/3861/2711 2903/3831/2743 2904/3813/2727
f 2912/3829/2741 2915/3820/2733 2911/3814/2728
f 2923/3862/2770 2924/3834/2746 2925/3863/2731
f 2926/3864/2748 2927/3865/2732 2928/3833/2745
f 2929/3866/2771 2930/3867/2747 2931/3868/2772
f 2866/3840/2752 2870/3844/2755 2869/3843/2754
f 2873/3847/2758 2916/3869/2699 2917/3832/2744
f 2875/3870/2724 2954/3871/2773 2949/3872/2774
f 2897/3785/2701 2875/3870/2724 2896/3873/2723
f 2882/3849/2760 2885/3822/2735 2884/3851/2739
f 2919/3874/2708 2887/3805/2719 2918/3807/2721
f 2889/3875/2763 2907/3876/2710 2914/3877/2775
f 2889/3854/2763 2890/3855/2764 2887/3805/2719
f 2886/3852/2761 2920/3806/2720 2921/3878/2776
f 2873/3847/2758 2895/3860/2769 2874/3848/2759
f 2884/3879/2739 2942/3880/2777 2941/3881/2740
f 2871/3882/2756 2935/3883/2749 2934/3884/2778
f 2872/3885/2757 2937/3886/2779 2936/3887/2716
f 2897/3785/2701 2944/3888/2707 2943/3825/2738
f 2877/3797/2712 2898/3889/2780 2878/3890/2736
f 2901/3891/2781 2880/3892/2782 2879/3893/2702
f 2946/3788/2704 2914/3877/2775 2907/3876/2710
f 2908/3796/2711 2904/3894/2727 2905/3812/2726
f 2901/3891/2781 2942/3880/2777 2900/3895/2783
f 2913/3790/2706 2909/3789/2705 2910/3896/2729
f 2905/3812/2726 2910/3896/2729 2909/3789/2705
f 2912/3829/2741 2903/3831/2743 2902/3800/2715
f 2895/3897/2769 2940/3898/2784 2939/3899/2785
f 2915/3820/2733 2891/3900/2765 2913/3819/2706
f 2917/3832/2744 2867/3841/2753 2866/3840/2752
f 2919/3874/2708 2881/3821/2734 2883/3850/2709
f 2921/3878/2776 2890/3855/2764 2892/3857/2766
f 2922/3816/2730 2927/3818/2732 2926/3836/2748
f 2929/3901/2771 2922/3816/2730 2930/3835/2747
f 2922/3816/2730 2923/3902/2770 2925/3817/2731
f 2924/3834/2746 2927/3865/2732 2925/3863/2731
f 2931/3868/2772 2926/3864/2748 2928/3833/2745
f 2929/3866/2771 2869/3843/2754 2871/3845/2756
f 2893/3858/2767 2923/3862/2770 2894/3859/2768
f 2917/3832/2744 2931/3868/2772 2928/3833/2745
f 2873/3847/2758 2924/3834/2746 2893/3858/2767
f 2866/3840/2752 2931/3868/2772 2917/3832/2744
f 2936/3887/2716 2951/3798/2713 2956/3903/2786
f 2934/3884/2778 2950/3904/2787 2955/3830/2742
f 2932/3905/2698 2868/3838/2750 2867/3906/2753
f 2950/3907/2787 2933/3839/2751 2954/3871/2773
f 2938/3784/2700 2956/3908/2786 2952/3909/2700
f 2949/3910/2774 2938/3784/2700 2952/3909/2700
f 2939/3899/2785 2906/3803/2717 2908/3861/2711
f 2895/3911/2769 2937/3886/2779 2874/3912/2759
f 2922/3816/2730 2894/3913/2768 2923/3902/2770
f 2871/3882/2756 2922/3816/2730 2929/3901/2771
f 2943/3825/2738 2883/3914/2709 2882/3915/2760
f 2897/3785/2701 2941/3827/2740 2901/3916/2781
f 2864/3824/2737 2907/3794/2710 2945/3795/2700
f 2896/3809/2723 2945/3795/2700 2944/3791/2707
f 2889/3875/2763 2946/3788/2704 2913/3790/2706
f 2946/3788/2704 2898/3889/2780 2899/3811/2725
f 2921/3917/2776 2915/3820/2733 2947/3828/2718
f 2942/3880/2777 2948/3799/2714 2900/3895/2783
f 2886/3918/2761 2947/3828/2718 2942/3880/2777
f 2900/3895/2783 2865/3801/2714 2880/3892/2782
f 2949/3910/2774 2863/3808/2722 2875/3810/2724
f 2952/3909/2700 2878/3823/2736 2863/3808/2722
f 2879/3786/2702 2954/3871/2773 2876/3787/2703
f 2955/3830/2742 2879/3893/2702 2880/3892/2782
f 2956/3903/2786 2877/3797/2712 2878/3890/2736
f 2949/3872/2774 2933/3839/2751 2932/3905/2698
f 2934/3884/2778 2953/3804/2718 2922/3816/2730
f 2953/3804/2718 2940/3898/2784 2922/3816/2730
f 2939/3919/2785 2951/3798/2713 2937/3886/2779
f 2997/3920/2788 2998/3921/2789 2999/3922/2790
f 3029/3923/2791 2975/3924/2792 3027/3925/2793
f 3047/3926/2794 3025/3927/2795 3032/3928/2796
f 3030/3929/2797 3050/3930/2798 3033/3931/2799
f 3038/3932/2800 2994/3933/2801 3036/3934/2802
f 3048/3935/2803 2969/3936/2804 3046/3937/2804
f 3021/3938/2805 3041/3939/2806 3043/3940/2807
f 2972/3941/2808 2981/3942/2809 2973/3943/2810
f 3004/3944/2811 2969/3936/2804 3006/3945/2812
f 3004/3944/2811 2993/3946/2813 2991/3947/2814
f 2962/3948/2815 3039/3949/2816 2986/3950/2817
f 3004/3944/2811 3006/3945/2812 3003/3951/2818
f 2993/3946/2813 3000/3952/2819 3037/3953/2820
f 2996/3954/2821 3002/3955/2822 2997/3920/2788
f 3010/3956/2823 3012/3957/2824 3009/3958/2825
f 3035/3959/2826 2987/3960/2827 3039/3949/2816
f 3008/3961/2828 3014/3962/2829 3009/3963/2825
f 3025/3927/2795 3027/3925/2793 3026/3964/2830
f 3018/3965/2831 3013/3966/2832 3014/3967/2829
f 3042/3968/2833 2974/3969/2834 2980/3970/2835
f 3044/3971/2836 2971/3972/2837 3040/3973/2838
f 3033/3931/2799 3026/3974/2830 3031/3975/2839
f 3045/3976/2840 2983/3977/2841 3049/3978/2842
f 2989/3979/2843 2994/3933/2801 2988/3980/2844
f 3016/3981/2845 2987/3960/2827 3017/3982/2846
f 3013/3966/2832 3005/3983/2847 3010/3956/2823
f 2957/3984/2848 2985/3985/2849 2963/3986/2850
f 2984/3987/2851 3036/3934/2802 2964/3988/2852
f 3013/3966/2832 2998/3921/2789 3001/3989/2853
f 2983/3977/2841 2992/3990/2854 2989/3979/2843
f 3037/3953/2820 2958/3991/2855 2965/3992/2856
f 3007/3993/2857 2990/3994/2858 3016/3981/2845
f 2957/3984/2848 2958/3995/2855 2959/3996/2859
f 2960/3997/2860 2961/3998/2861 2962/3999/2815
f 2963/3986/2850 2964/4000/2852 2965/4001/2856
f 2970/4002/2862 2971/4003/2837 2972/3941/2808
f 2973/3943/2810 2974/4004/2834 2975/4005/2792
f 2976/4006/2863 2977/4007/2864 2978/4008/2865
f 2979/4009/2866 2980/4010/2835 2981/3942/2809
f 2984/4011/2851 2985/3985/2849 2986/4012/2817
f 2999/3922/2790 3018/3965/2831 3034/4013/2867
f 3005/3983/2847 3001/3989/2853 3002/3955/2822
f 2967/4014/2868 3010/3956/2823 3005/3983/2847
f 3011/4015/2869 3007/3993/2857 3008/3961/2828
f 3007/3993/2857 3050/3930/2798 2982/4016/2870
f 3017/3982/2846 3014/3962/2829 3015/4017/2871
f 3028/4018/2872 3026/3974/2830 3027/4019/2793
f 2957/3984/2848 2961/3998/2861 2960/3997/2860
f 2970/4002/2862 2973/3943/2810 2975/4005/2792
f 2979/4009/2866 2977/4007/2864 2976/4006/2863
f 2990/3994/2858 2983/4020/2841 2989/4021/2843
f 2985/3985/2849 2964/4000/2852 2963/3986/2850
f 2962/3948/2815 3034/4022/2867 3035/3959/2826
f 2965/3992/2856 3036/4023/2802 3037/3953/2820
f 3039/3949/2816 2988/4024/2844 3038/4025/2800
f 2987/3960/2827 2989/4021/2843 2988/4024/2844
f 2969/3936/2804 2992/4026/2854 2968/4027/2873
f 2991/3947/2814 2994/4028/2801 2992/4026/2854
f 3037/3953/2820 2994/4028/2801 2993/3946/2813
f 3000/3952/2819 2996/4029/2821 2999/4030/2790
f 2966/4031/2874 3006/3945/2812 2969/3936/2804
f 3006/4032/2812 3002/3955/2822 3003/4033/2818
f 2995/4034/2875 3003/3951/2818 2996/4029/2821
f 3001/3989/2853 2997/3920/2788 3002/3955/2822
f 2999/4030/2790 2958/3991/2855 3000/3952/2819
f 2966/4035/2874 3005/3983/2847 3006/4032/2812
f 3011/4015/2869 3009/3963/2825 3012/4036/2824
f 2996/3954/2821 2997/3920/2788 2999/3922/2790
f 3017/3982/2846 3015/4017/2871 3016/3981/2845
f 3007/3993/2857 3015/4017/2871 3008/3961/2828
f 3010/3956/2823 3014/3967/2829 3013/3966/2832
f 3041/4037/2806 2980/3970/2835 2979/4038/2866
f 3028/4018/2872 3030/3929/2797 3031/3975/2839
f 3032/3928/2796 3025/3927/2795 3026/3964/2830
f 3033/3931/2799 3012/4036/2824 3032/4039/2796
f 2975/4040/2792 3028/4018/2872 3027/4019/2793
f 2978/4008/2865 2972/3941/2808 2971/4003/2837
f 2974/4004/2834 2981/3942/2809 2980/4010/2835
f 3045/4041/2840 3022/4042/2876 3046/3937/2804
f 2963/3986/2850 2958/3995/2855 2957/3984/2848
f 2985/3985/2849 2962/3999/2815 2986/4012/2817
f 2986/3950/2817 3038/4025/2800 2984/4043/2851
f 3019/4044/2877 3040/4045/2838 3029/3923/2791
f 2967/4014/2868 3048/4046/2803 3047/3926/2794
f 3041/4037/2806 3024/4047/2878 3042/3968/2833
f 2976/4048/2863 3044/3971/2836 3043/4049/2807
f 3049/4050/2842 2982/4016/2870 3050/3930/2798
f 3035/3959/2826 3018/4051/2831 3017/3982/2846
f 3034/4013/2867 2959/4052/2859 2999/3922/2790
f 3030/3929/2797 3033/3931/2799 3031/3975/2839
f 3021/4053/2805 3044/3971/2836 3022/4042/2876
f 3029/3923/2791 2971/4054/2837 2970/4055/2862
f 3022/4042/2876 3040/3973/2838 3020/4056/2879
f 3043/3940/2807 2979/4057/2866 2976/4058/2863
f 3019/4044/2877 3027/3925/2793 3025/3927/2795
f 3030/3929/2797 3042/3968/2833 3024/4047/2878
f 3023/4059/2880 3050/3930/2798 3024/4047/2878
f 3047/3926/2794 3020/4060/2879 3019/4044/2877
f 2968/4027/2873 3046/3937/2804 2969/3936/2804
f 3023/4061/2880 3045/3976/2840 3049/3978/2842
f 3020/4056/2879 3046/3937/2804 3022/4042/2876
f 3047/3926/2794 3012/3957/2824 3010/3956/2823
f 3011/4015/2869 3033/3931/2799 3050/3930/2798
f 2967/4014/2868 3047/3926/2794 3010/3956/2823
f 3086/4062/2881 3098/4063/2882 3100/4064/2883
f 3107/4065/2884 3094/4066/2885 3097/4067/2886
f 3108/4068/2887 3056/4069/2888 3054/4070/2889
f 3068/4071/2890 3080/4072/2891 3063/4073/2892
f 3091/4074/2893 3089/4075/2894 3093/4076/2895
f 3074/4077/2896 3082/4078/2897 3077/4079/2898
f 3066/4080/2899 3062/4081/2900 3060/4082/2901
f 3087/4083/2902 3051/4084/2903 3072/4085/2904
f 3065/4086/2905 3090/4087/2906 3074/4077/2896
f 3083/4088/2907 3051/4084/2903 3085/4089/2908
f 3058/4090/2909 3081/4091/2910 3070/4092/2911
f 3073/4093/2912 3081/4091/2910 3078/4094/2913
f 3080/4072/2891 3076/4095/2914 3079/4096/2915
f 3071/4097/2916 3051/4084/2903 3104/4098/2917
f 3096/4099/2918 3100/4064/2883 3098/4063/2882
f 3084/4100/2919 3097/4101/2886 3098/4063/2882
f 3073/4093/2912 3105/4102/2920 3088/4103/2921
f 3052/4104/2922 3053/4105/2923 3054/4106/2889
f 3055/4107/2924 3056/4108/2888 3057/4109/2925
f 3058/4110/2909 3059/4111/2926 3060/4082/2901
f 3061/4112/2927 3062/4081/2900 3063/4113/2892
f 3064/4114/2928 3065/4115/2905 3066/4080/2899
f 3067/4116/2929 3068/4117/2890 3069/4118/2930
f 3082/4078/2897 3086/4062/2881 3077/4079/2898
f 3086/4062/2881 3076/4119/2914 3077/4079/2898
f 3094/4120/2885 3095/4121/2931 3096/4122/2918
f 3101/4123/2932 3102/4124/2933 3103/4125/2934
f 3055/4107/2924 3054/4106/2889 3056/4108/2888
f 3092/4126/2935 3100/4064/2883 3099/4127/2936
f 3058/4110/2909 3062/4081/2900 3061/4112/2927
f 3064/4114/2928 3060/4082/2901 3059/4111/2926
f 3065/4115/2905 3069/4118/2930 3066/4080/2899
f 3068/4117/2890 3062/4081/2900 3069/4118/2930
f 3106/4128/2937 3110/4129/2938 3105/4102/2920
f 3061/4130/2927 3080/4131/2891 3081/4091/2910
f 3109/4132/2939 3056/4069/2888 3110/4129/2938
f 3070/4133/2911 3059/4134/2926 3058/4135/2909
f 3070/4133/2911 3072/4085/2904 3071/4097/2916
f 3074/4077/2896 3068/4136/2890 3067/4137/2929
f 3077/4079/2898 3075/4138/2940 3074/4077/2896
f 3078/4094/2913 3106/4128/2937 3105/4102/2920
f 3081/4091/2910 3079/4139/2915 3078/4094/2913
f 3084/4100/2919 3083/4140/2907 3085/4141/2908
f 3088/4142/2921 3072/4085/2904 3073/4143/2912
f 3091/4074/2893 3059/4134/2926 3071/4097/2916
f 3090/4087/2906 3083/4140/2907 3082/4078/2897
f 3088/4103/2921 3110/4129/2938 3108/4068/2887
f 3091/4074/2893 3065/4144/2905 3064/4145/2928
f 3094/4146/2885 3098/4063/2882 3097/4101/2886
f 3101/4123/2932 3096/4122/2918 3095/4121/2931
f 3099/4127/2936 3103/4147/2934 3102/4148/2933
f 3095/4121/2931 3053/4105/2923 3052/4104/2922
f 3057/4109/2925 3101/4123/2932 3055/4107/2924
f 3055/4107/2924 3095/4121/2931 3052/4104/2922
f 3090/4087/2906 3093/4149/2895 3089/4150/2894
f 3076/4095/2914 3106/4151/2937 3079/4096/2915
f 3104/4098/2917 3083/4088/2907 3089/4075/2894
f 3107/4065/2884 3054/4152/2889 3053/4153/2923
f 3087/4083/2902 3097/4067/2886 3085/4089/2908
f 3109/4154/2939 3092/4155/2935 3099/4156/2936
f 3109/4154/2939 3102/4157/2933 3057/4158/2925
f 3108/4159/2887 3087/4083/2902 3088/4142/2921
f 3239/4160/2941 3121/4161/2942 3237/4162/2943
f 3200/4163/2944 3144/4164/2945 3132/4165/2946
f 3236/4166/2947 3111/4167/2948 3234/4168/2949
f 3238/4169/2950 3116/4170/2951 3123/4171/2952
f 3124/4172/2953 3112/4173/2954 3122/4174/2955
f 3149/4175/2956 3133/4176/2957 3146/4177/2958
f 3171/4178/2959 3153/4179/2960 3159/4180/2961
f 3204/4181/2962 3225/4182/2963 3198/4183/2964
f 3224/4184/2965 3143/4185/2966 3139/4186/2967
f 3199/4187/2968 3145/4188/2969 3228/4189/2970
f 3169/4190/2956 3154/4191/2971 3167/4192/2972
f 3175/4193/2973 3166/4194/2974 3173/4195/2975
f 3229/4196/2976 3218/4197/2977 3216/4198/2978
f 3162/4199/2979 3168/4200/2980 3174/4201/2981
f 3155/4202/2982 3164/4203/2983 3160/4204/2984
f 3163/4205/2985 3172/4206/2986 3161/4207/2987
f 3233/4208/2988 3187/4209/2989 3231/4210/2990
f 3204/4181/2962 3198/4183/2964 3205/4211/2991
f 3221/4212/2992 3230/4213/2993 3215/4214/2994
f 3190/4215/2995 3179/4216/2954 3188/4217/2996
f 3219/4218/2997 3185/4219/2998 3197/4220/2999
f 3213/4221/3000 3207/4222/3001 3209/4223/3002
f 3140/4224/3003 3142/4225/3004 3206/4226/3005
f 3195/4227/3006 3233/4228/2988 3196/4229/3007
f 3208/4230/3008 3129/4231/3009 3127/4232/3010
f 3217/4233/3011 3189/4234/3012 3232/4235/3013
f 3111/4236/2948 3112/4173/2954 3113/4237/3014
f 3114/4238/3015 3115/4239/3016 3116/4240/2951
f 3117/4241/3017 3118/4242/3018 3119/4243/3019
f 3120/4244/3020 3121/4245/2942 3122/4174/2955
f 3123/4246/2952 3124/4172/2953 3125/4247/3021
f 3126/4248/3022 3127/4232/3010 3128/4249/3023
f 3129/4231/3009 3130/4250/3024 3131/4251/3025
f 3132/4252/2946 3133/4176/2957 3134/4253/3026
f 3135/4254/3027 3136/4255/3028 3137/4256/3029
f 3138/4257/3030 3139/4258/2967 3140/4224/3003
f 3141/4259/3031 3142/4225/3004 3143/4260/2966
f 3144/4261/2945 3145/4262/2969 3146/4177/2958
f 3147/4263/3032 3148/4264/3033 3149/4175/2956
f 3150/4265/3034 3151/4266/3035 3152/4267/3036
f 3153/4268/2960 3154/4191/2971 3155/4269/2982
f 3156/4270/3037 3157/4271/3038 3158/4272/3039
f 3159/4273/2961 3160/4274/2984 3161/4207/2987
f 3162/4275/2979 3163/4205/2985 3164/4276/2983
f 3165/4277/3040 3166/4278/2974 3167/4192/2972
f 3168/4279/2980 3169/4190/2956 3170/4280/3041
f 3171/4281/2959 3172/4206/2986 3173/4282/2975
f 3174/4283/2981 3175/4284/2973 3176/4285/3042
f 3177/4286/3043 3178/4287/3044 3179/4216/2954
f 3180/4288/3016 3181/4289/3045 3182/4290/3046
f 3183/4291/3047 3184/4292/3048 3185/4219/2998
f 3186/4293/3049 3187/4294/2989 3188/4217/2996
f 3189/4295/3012 3190/4215/2995 3191/4296/3050
f 3192/4297/3051 3193/4298/3052 3194/4299/3053
f 3195/4300/3006 3196/4301/3007 3197/4220/2999
f 3199/4302/2968 3205/4211/2991 3198/4183/2964
f 3201/4303/3054 3202/4304/3055 3203/4305/3056
f 3204/4306/2962 3205/4307/2991 3206/4226/3005
f 3207/4308/3001 3208/4230/3008 3209/4309/3002
f 3210/4310/3057 3211/4311/3058 3212/4312/3059
f 3214/4313/3060 3209/4314/3002 3212/4315/3059
f 3230/4213/2993 3187/4316/2989 3186/4317/3049
f 3218/4318/2977 3219/4218/2997 3220/4319/3061
f 3221/4320/2992 3222/4321/3062 3223/4322/3063
f 3111/4323/2948 3235/4324/3064 3234/4325/2949
f 3115/4239/3016 3113/4237/3014 3112/4173/2954
f 3119/4243/3019 3127/4232/3010 3126/4248/3022
f 3128/4249/3023 3129/4231/3009 3131/4251/3025
f 3126/4326/3022 3237/4162/2943 3236/4327/2947
f 3238/4328/2950 3125/4329/3021 3239/4160/2941
f 3122/4174/2955 3125/4247/3021 3124/4172/2953
f 3120/4244/3020 3112/4173/2954 3111/4236/2948
f 3123/4246/2952 3115/4239/3016 3124/4172/2953
f 3132/4165/2946 3224/4330/2965 3200/4163/2944
f 3133/4176/2957 3137/4256/3029 3134/4253/3026
f 3225/4182/2963 3143/4331/2966 3226/4332/3065
f 3140/4224/3003 3143/4260/2966 3142/4225/3004
f 3138/4257/3030 3150/4265/3034 3152/4267/3036
f 3227/4333/3066 3151/4334/3035 3228/4189/2970
f 3149/4175/2956 3145/4262/2969 3147/4263/3032
f 3132/4252/2946 3146/4177/2958 3133/4176/2957
f 3136/4255/3028 3149/4175/2956 3148/4264/3033
f 3153/4179/2960 3160/4335/2984 3159/4180/2961
f 3156/4270/3037 3155/4269/2982 3154/4191/2971
f 3162/4199/2979 3158/4336/3039 3157/4337/3038
f 3161/4207/2987 3164/4276/2983 3163/4205/2985
f 3159/4273/2961 3172/4206/2986 3171/4281/2959
f 3174/4283/2981 3163/4205/2985 3162/4275/2979
f 3173/4282/2975 3176/4285/3042 3175/4284/2973
f 3171/4338/2959 3166/4194/2974 3165/4339/3040
f 3168/4340/2980 3175/4193/2973 3174/4341/2981
f 3169/4190/2956 3166/4278/2974 3170/4280/3041
f 3153/4268/2960 3167/4192/2972 3154/4191/2971
f 3157/4271/3038 3169/4190/2956 3168/4279/2980
f 3180/4288/3016 3177/4286/3043 3179/4216/2954
f 3217/4342/3011 3183/4343/3047 3229/4196/2976
f 3184/4292/3048 3197/4220/2999 3185/4219/2998
f 3193/4298/3052 3197/4220/2999 3196/4301/3007
f 3194/4344/3053 3231/4345/2990 3230/4213/2993
f 3189/4234/3012 3233/4228/2988 3232/4235/3013
f 3190/4215/2995 3187/4294/2989 3191/4296/3050
f 3186/4293/3049 3179/4216/2954 3178/4287/3044
f 3189/4295/3012 3180/4288/3016 3190/4215/2995
f 3202/4304/3055 3140/4224/3003 3206/4226/3005
f 3199/4187/2968 3201/4346/3054 3203/4347/3056
f 3202/4304/3055 3205/4307/2991 3203/4305/3056
f 3147/4348/3032 3198/4183/2964 3148/4349/3033
f 3142/4225/3004 3204/4306/2962 3206/4226/3005
f 3201/4303/3054 3150/4265/3034 3202/4304/3055
f 3210/4310/3057 3208/4230/3008 3127/4232/3010
f 3208/4230/3008 3212/4312/3059 3209/4309/3002
f 3214/4313/3060 3212/4315/3059 3211/4350/3058
f 3129/4231/3009 3207/4308/3001 3130/4250/3024
f 3214/4313/3060 3116/4351/2951 3213/4352/3000
f 3118/4242/3018 3211/4311/3058 3210/4310/3057
f 3195/4227/3006 3217/4233/3011 3232/4235/3013
f 3216/4198/2978 3218/4197/2977 3220/4353/3061
f 3223/4322/3063 3220/4319/3061 3219/4218/2997
f 3216/4198/2978 3178/4354/3044 3177/4355/3043
f 3192/4297/3051 3221/4320/2992 3223/4322/3063
f 3185/4219/2998 3218/4318/2977 3183/4291/3047
f 3235/4324/3064 3211/4350/3058 3117/4356/3017
f 3150/4265/3034 3140/4224/3003 3202/4304/3055
f 3144/4357/2945 3228/4189/2970 3145/4188/2969
f 3225/4182/2963 3137/4358/3029 3136/4359/3028
f 3200/4163/2944 3139/4360/2967 3138/4361/3030
f 3137/4362/3029 3224/4184/2965 3134/4363/3026
f 3152/4364/3036 3200/4163/2944 3138/4361/3030
f 3201/4346/3054 3228/4189/2970 3151/4334/3035
f 3198/4183/2964 3136/4359/3028 3148/4349/3033
f 3192/4297/3051 3223/4322/3063 3197/4220/2999
f 3223/4322/3063 3219/4218/2997 3197/4220/2999
f 3221/4212/2992 3215/4214/2994 3222/4365/3062
f 3215/4366/2994 3220/4353/3061 3222/4367/3062
f 3181/4368/3045 3229/4196/2976 3182/4369/3046
f 3196/4370/3007 3231/4210/2990 3193/4371/3052
f 3178/4372/3044 3230/4213/2993 3186/4317/3049
f 3177/4355/3043 3229/4196/2976 3216/4198/2978
f 3118/4242/3018 3210/4310/3057 3127/4232/3010
f 3130/4373/3024 3239/4160/2941 3131/4374/3025
f 3236/4327/2947 3121/4161/2942 3120/4375/3020
f 3234/4325/2949 3117/4356/3017 3119/4376/3019
f 3126/4377/3022 3234/4168/2949 3119/4378/3019
f 3131/4374/3025 3237/4162/2943 3128/4379/3023
f 3114/4380/3015 3235/4324/3064 3113/4381/3014
f 3207/4222/3001 3238/4169/2950 3130/4382/3024
f 3272/4383/3067 3266/4384/3068 3274/4385/3069
f 3293/4386/3070 3286/4387/3071 3284/4388/3072
f 3278/4389/3073 3248/4390/3074 3241/4391/3075
f 3355/4392/3076 3276/4393/3077 3281/4394/3078
f 3259/4395/3079 3270/4396/3080 3273/4397/3081
f 3260/4398/3082 3275/4399/3083 3265/4400/3084
f 3292/4401/3085 3281/4394/3078 3288/4402/3086
f 3264/4403/3087 3252/4404/3088 3257/4405/3089
f 3352/4406/3090 3247/4407/3091 3354/4408/3092
f 3363/4409/3093 3329/4410/3094 3333/4411/3095
f 3245/4412/3096 3253/4413/3097 3263/4414/3098
f 3323/4415/3099 3326/4416/3100 3325/4417/3101
f 3345/4418/3102 3350/4419/3103 3348/4420/3104
f 3322/4421/3105 3311/4422/3106 3318/4423/3107
f 3302/4424/3108 3307/4425/3109 3317/4426/3110
f 3330/4427/3111 3303/4428/3112 3335/4429/3113
f 3343/4430/3114 3339/4431/3115 3332/4432/3116
f 3328/4433/3117 3344/4434/3118 3331/4435/3119
f 3366/4436/3120 3371/4437/3121 3312/4438/3122
f 3370/4439/3123 3301/4440/3124 3369/4441/3125
f 3337/4442/3126 3349/4443/3127 3334/4444/3128
f 3336/4445/3129 3305/4446/3130 3365/4447/3131
f 3240/4448/3132 3241/4391/3075 3242/4449/3133
f 3243/4450/3134 3244/4451/3135 3245/4412/3096
f 3246/4452/3136 3247/4453/3091 3248/4390/3074
f 3249/4454/3137 3250/4455/3138 3251/4456/3139
f 3252/4457/3088 3253/4413/3097 3254/4458/3140
f 3255/4459/3141 3256/4460/3142 3257/4405/3089
f 3258/4461/3143 3259/4395/3079 3260/4462/3082
f 3261/4463/3144 3262/4464/3145 3263/4414/3098
f 3264/4465/3087 3265/4466/3084 3266/4384/3068
f 3267/4467/3146 3268/4468/3147 3269/4469/3148
f 3270/4396/3080 3271/4470/3149 3272/4383/3067
f 3273/4397/3081 3274/4385/3069 3275/4471/3083
f 3281/4394/3078 3291/4472/3150 3280/4473/3151
f 3281/4394/3078 3276/4393/3077 3288/4402/3086
f 3282/4474/3152 3283/4475/3153 3284/4388/3072
f 3285/4476/3154 3286/4387/3071 3287/4477/3155
f 3288/4478/3086 3289/4479/3156 3290/4480/3157
f 3291/4481/3150 3292/4482/3085 3293/4386/3070
f 3294/4483/3158 3295/4484/3159 3296/4485/3160
f 3297/4486/3161 3298/4487/3162 3299/4488/3163
f 3300/4489/3164 3301/4490/3124 3302/4491/3108
f 3303/4492/3112 3304/4493/3165 3305/4446/3130
f 3306/4494/3166 3307/4495/3109 3308/4496/3167
f 3309/4497/3168 3310/4498/3169 3311/4499/3106
f 3312/4500/3122 3313/4501/3170 3314/4502/3171
f 3315/4503/3172 3316/4504/3173 3317/4505/3110
f 3318/4506/3107 3319/4507/3174 3320/4508/3175
f 3321/4509/3176 3322/4421/3105 3323/4415/3099
f 3315/4510/3172 3324/4511/3177 3325/4417/3101
f 3313/4501/3170 3326/4512/3100 3327/4513/3178
f 3328/4433/3117 3329/4410/3094 3330/4514/3111
f 3331/4515/3119 3332/4432/3116 3333/4516/3095
f 3334/4517/3128 3335/4518/3113 3336/4445/3129
f 3337/4519/3126 3338/4520/3179 3339/4431/3115
f 3340/4521/3180 3341/4522/3181 3342/4523/3182
f 3343/4430/3114 3344/4524/3118 3345/4525/3102
f 3346/4526/3183 3347/4527/3184 3348/4528/3104
f 3349/4443/3127 3350/4419/3103 3351/4529/3185
f 3244/4530/3135 3358/4531/3186 3279/4532/3187
f 3250/4455/3138 3245/4412/3096 3244/4451/3135
f 3247/4533/3091 3355/4392/3076 3354/4534/3092
f 3242/4449/3133 3248/4390/3074 3247/4453/3091
f 3254/4535/3140 3257/4405/3089 3252/4404/3088
f 3254/4458/3140 3249/4454/3137 3251/4456/3139
f 3258/4461/3143 3261/4463/3144 3259/4395/3079
f 3245/4412/3096 3262/4464/3145 3243/4450/3134
f 3270/4396/3080 3274/4385/3069 3273/4397/3081
f 3271/4470/3149 3269/4469/3148 3272/4383/3067
f 3264/4465/3087 3269/4469/3148 3268/4468/3147
f 3265/4466/3084 3274/4385/3069 3266/4384/3068
f 3259/4395/3079 3275/4471/3083 3260/4462/3082
f 3257/4405/3089 3265/4536/3084 3264/4403/3087
f 3267/4467/3146 3252/4457/3088 3268/4468/3147
f 3261/4463/3144 3271/4470/3149 3270/4396/3080
f 3356/4537/3188 3282/4538/3152 3353/4539/3189
f 3246/4452/3136 3278/4389/3073 3276/4540/3077
f 3281/4394/3078 3256/4460/3142 3255/4459/3141
f 3282/4474/3152 3286/4387/3071 3285/4476/3154
f 3291/4481/3150 3284/4388/3072 3283/4475/3153
f 3292/4482/3085 3290/4480/3157 3293/4386/3070
f 3287/4477/3155 3290/4480/3157 3289/4479/3156
f 3276/4540/3077 3289/4479/3156 3288/4478/3086
f 3240/4448/3132 3287/4477/3155 3241/4391/3075
f 3260/4541/3082 3361/4542/3190 3258/4543/3143
f 3282/4538/3152 3285/4544/3154 3353/4539/3189
f 3298/4487/3162 3363/4409/3093 3362/4545/3191
f 3298/4546/3162 3303/4428/3112 3299/4547/3163
f 3369/4548/3125 3300/4489/3164 3371/4437/3121
f 3296/4549/3160 3302/4424/3108 3301/4550/3124
f 3309/4551/3168 3306/4494/3166 3308/4496/3167
f 3312/4438/3122 3315/4503/3172 3313/4552/3170
f 3295/4484/3159 3308/4496/3167 3307/4495/3109
f 3316/4504/3173 3302/4491/3108 3317/4505/3110
f 3313/4553/3170 3325/4417/3101 3326/4416/3100
f 3324/4511/3177 3323/4415/3099 3325/4417/3101
f 3318/4423/3107 3323/4415/3099 3322/4421/3105
f 3327/4513/3178 3320/4508/3175 3319/4507/3174
f 3313/4501/3170 3327/4513/3178 3314/4502/3171
f 3311/4499/3106 3319/4507/3174 3318/4506/3107
f 3321/4509/3176 3306/4554/3166 3322/4421/3105
f 3315/4510/3172 3317/4426/3110 3324/4511/3177
f 3329/4410/3094 3331/4435/3119 3333/4411/3095
f 3332/4432/3116 3309/4497/3168 3333/4516/3095
f 3299/4488/3163 3329/4410/3094 3297/4486/3161
f 3338/4555/3179 3334/4517/3128 3336/4445/3129
f 3305/4446/3130 3335/4518/3113 3303/4492/3112
f 3314/4502/3171 3366/4556/3120 3312/4500/3122
f 3349/4443/3127 3348/4420/3104 3350/4419/3103
f 3343/4430/3114 3348/4528/3104 3347/4527/3184
f 3344/4434/3118 3342/4523/3182 3345/4557/3102
f 3351/4529/3185 3342/4558/3182 3341/4559/3181
f 3328/4433/3117 3341/4522/3181 3340/4521/3180
f 3334/4444/3128 3351/4529/3185 3335/4429/3113
f 3343/4430/3114 3331/4515/3119 3344/4524/3118
f 3337/4519/3126 3347/4527/3184 3346/4526/3183
f 3285/4544/3154 3240/4560/3132 3353/4539/3189
f 3354/4534/3092 3277/4561/3192 3359/4562/3193
f 3352/4563/3090 3240/4560/3132 3242/4564/3133
f 3279/4565/3187 3354/4408/3092 3359/4566/3193
f 3254/4535/3140 3277/4561/3192 3255/4459/3141
f 3244/4567/3135 3359/4566/3193 3250/4568/3138
f 3356/4537/3188 3358/4531/3186 3361/4542/3190
f 3357/4569/3194 3291/4570/3150 3283/4571/3153
f 3356/4537/3188 3283/4572/3153 3282/4538/3152
f 3359/4562/3193 3251/4573/3139 3250/4574/3138
f 3279/4532/3187 3353/4539/3189 3352/4563/3090
f 3255/4459/3141 3355/4392/3076 3281/4394/3078
f 3358/4531/3186 3243/4575/3134 3262/4576/3145
f 3256/4577/3142 3357/4569/3194 3360/4578/3195
f 3360/4579/3195 3356/4537/3188 3361/4542/3190
f 3263/4414/3098 3267/4467/3146 3271/4470/3149
f 3260/4398/3082 3256/4577/3142 3360/4578/3195
f 3278/4389/3073 3287/4477/3155 3289/4479/3156
f 3358/4531/3186 3262/4576/3145 3258/4543/3143
f 3361/4542/3190 3358/4531/3186 3258/4543/3143
f 3330/4427/3111 3351/4529/3185 3341/4559/3181
f 3310/4498/3169 3367/4580/3196 3314/4502/3171
f 3364/4581/3197 3305/4446/3130 3304/4493/3165
f 3362/4545/3191 3368/4582/3198 3370/4583/3123
f 3298/4584/3162 3364/4585/3197 3304/4586/3165
f 3308/4496/3167 3368/4582/3198 3309/4551/3168
f 3338/4555/3179 3365/4447/3131 3366/4436/3120
f 3367/4580/3196 3332/4432/3116 3339/4431/3115
f 3367/4580/3196 3338/4520/3179 3366/4556/3120
f 3371/4437/3121 3316/4504/3173 3312/4438/3122
f 3370/4583/3123 3294/4483/3158 3296/4485/3160
f 3369/4548/3125 3365/4447/3131 3364/4581/3197
f 3362/4587/3191 3369/4441/3125 3364/4585/3197
f 3309/4551/3168 3363/4409/3093 3333/4411/3095
f 3319/4507/3174 3314/4502/3171 3327/4513/3178
f 3317/4426/3110 3321/4509/3176 3324/4511/3177
f 3399/4588/3199 3373/4589/3200 3374/4590/3201
f 3398/4591/3202 3375/4592/3203 3373/4589/3200
f 3400/4593/3204 3376/4594/3205 3375/4592/3203
f 3376/4594/3205 3402/4595/3206 3377/4596/3207
f 3377/4596/3207 3403/4597/3208 3378/4598/3209
f 3378/4598/3209 3404/4599/3210 3379/4600/3211
f 3404/4599/3210 3380/4601/3212 3379/4600/3211
f 3405/4602/3213 3381/4603/3214 3380/4601/3212
f 3406/4604/3215 3382/4605/3216 3381/4603/3214
f 3385/4606/3217 3381/4607/3214 3382/4608/3216
f 3382/4605/3216 3408/4609/3218 3383/4610/3219
f 3383/4610/3219 3409/4611/3220 3384/4612/3221
f 3404/4613/3210 3372/4614/3222 3405/4615/3213
f 3372/4614/3222 3403/4616/3208 3402/4617/3206
f 3407/4618/3223 3372/4614/3222 3408/4619/3218
f 3409/4620/3220 3372/4614/3222 3399/4621/3199
f 3372/4614/3222 3398/4622/3202 3399/4621/3199
f 3372/4614/3222 3406/4623/3215 3405/4615/3213
f 3403/4616/3208 3372/4614/3222 3404/4613/3210
f 3400/4624/3204 3372/4614/3222 3401/4625/3224
f 3401/4625/3224 3372/4614/3222 3402/4617/3206
f 3372/4614/3222 3409/4620/3220 3408/4619/3218
f 3406/4623/3215 3372/4614/3222 3407/4618/3223
f 3374/4626/3201 3373/4627/3200 3385/4606/3217
f 3372/4614/3222 3400/4624/3204 3398/4622/3202
f 3373/4627/3200 3375/4628/3203 3385/4606/3217
f 3385/4606/3217 3375/4628/3203 3376/4629/3205
f 3376/4629/3205 3377/4630/3207 3385/4606/3217
f 3385/4606/3217 3377/4630/3207 3378/4631/3209
f 3385/4606/3217 3378/4631/3209 3379/4632/3211
f 3379/4632/3211 3380/4633/3212 3385/4606/3217
f 3381/4607/3214 3385/4606/3217 3380/4633/3212
f 3382/4608/3216 3383/4634/3219 3385/4606/3217
f 3383/4634/3219 3384/4635/3221 3385/4606/3217
f 3385/4606/3217 3384/4635/3221 3374/4626/3201
f 3384/4612/3221 3399/4636/3199 3374/4637/3201
f 3386/4638/3225 3389/4639/3226 3388/4640/3227
f 3389/4639/3226 3390/4641/3228 3388/4640/3227
f 3391/4642/3229 3392/4643/3230 3390/4641/3228
f 3393/4644/3231 3394/4645/3232 3392/4643/3230
f 3394/4645/3232 3397/4646/3233 3396/4647/3234
f 3396/4647/3234 3387/4648/3235 3386/4649/3225
f 3436/4650/3236 3412/4651/3237 3437/4652/3238
f 3411/4653/3239 3438/4654/3240 3413/4655/3241
f 3413/4655/3241 3439/4656/3242 3414/4657/3243
f 3439/4656/3242 3415/4658/3244 3414/4657/3243
f 3440/4659/3245 3416/4660/3246 3415/4658/3244
f 3441/4661/3247 3417/4662/3248 3416/4660/3246
f 3417/4662/3248 3443/4663/3249 3418/4664/3250
f 3418/4664/3250 3444/4665/3251 3419/4666/3252
f 3419/4666/3252 3445/4667/3253 3420/4668/3254
f 3423/4669/3255 3419/4670/3252 3420/4671/3254
f 3445/4667/3253 3421/4672/3256 3420/4668/3254
f 3446/4673/3257 3422/4674/3258 3421/4672/3256
f 3442/4675/3259 3410/4676/3260 3443/4677/3249
f 3410/4676/3260 3441/4678/3247 3440/4679/3245
f 3445/4680/3253 3410/4676/3260 3446/4681/3257
f 3447/4682/3261 3410/4676/3260 3437/4683/3238
f 3410/4676/3260 3436/4684/3236 3437/4683/3238
f 3410/4676/3260 3444/4685/3251 3443/4677/3249
f 3441/4678/3247 3410/4676/3260 3442/4675/3259
f 3438/4686/3240 3410/4676/3260 3439/4687/3242
f 3439/4687/3242 3410/4676/3260 3440/4679/3245
f 3410/4676/3260 3447/4682/3261 3446/4681/3257
f 3444/4685/3251 3410/4676/3260 3445/4680/3253
f 3412/4688/3237 3411/4689/3239 3423/4669/3255
f 3410/4676/3260 3438/4686/3240 3436/4684/3236
f 3411/4689/3239 3413/4690/3241 3423/4669/3255
f 3423/4669/3255 3413/4690/3241 3414/4691/3243
f 3414/4691/3243 3415/4692/3244 3423/4669/3255
f 3423/4669/3255 3415/4692/3244 3416/4693/3246
f 3423/4669/3255 3416/4693/3246 3417/4694/3248
f 3417/4694/3248 3418/4695/3250 3423/4669/3255
f 3419/4670/3252 3423/4669/3255 3418/4695/3250
f 3420/4671/3254 3421/4696/3256 3423/4669/3255
f 3421/4696/3256 3422/4697/3258 3423/4669/3255
f 3423/4669/3255 3422/4697/3258 3412/4688/3237
f 3447/4698/3261 3412/4699/3237 3422/4674/3258
f 3425/4700/1677 3426/4701/3262 3424/4702/1677
f 3427/4703/3262 3428/4704/3263 3426/4701/3262
f 3429/4705/3263 3430/4706/3264 3428/4704/3263
f 3431/4707/3264 3432/4708/3265 3430/4706/3264
f 3433/4709/3265 3434/4710/3266 3432/4708/3265
f 3435/4711/3266 3424/4712/1677 3434/4710/3266
f 3474/4713/3267 3450/4714/3268 3475/4715/3269
f 3474/4713/3267 3451/4716/3270 3449/4717/3271
f 3451/4716/3270 3477/4718/3272 3452/4719/3273
f 3452/4719/3273 3478/4720/3274 3453/4721/3275
f 3453/4721/3275 3479/4722/3276 3454/4723/3277
f 3479/4722/3276 3455/4724/3278 3454/4723/3277
f 3480/4725/3279 3456/4726/3280 3455/4724/3278
f 3481/4727/3281 3457/4728/3282 3456/4726/3280
f 3482/4729/3283 3458/4730/3284 3457/4728/3282
f 3461/4731/2267 3457/4732/3282 3458/4733/3284
f 3458/4730/3284 3484/4734/3285 3459/4735/3286
f 3484/4734/3285 3460/4736/3287 3459/4735/3286
f 3480/4737/3279 3448/4738/2307 3481/4739/3281
f 3448/4738/2307 3479/4740/3276 3478/4741/3274
f 3483/4742/3288 3448/4738/2307 3484/4743/3285
f 3485/4744/3289 3448/4738/2307 3475/4745/3269
f 3448/4738/2307 3474/4746/3267 3475/4745/3269
f 3448/4738/2307 3482/4747/3283 3481/4739/3281
f 3479/4740/3276 3448/4738/2307 3480/4737/3279
f 3476/4748/3290 3448/4738/2307 3477/4749/3272
f 3477/4749/3272 3448/4738/2307 3478/4741/3274
f 3448/4738/2307 3485/4744/3289 3484/4743/3285
f 3482/4747/3283 3448/4738/2307 3483/4742/3288
f 3450/4750/3268 3449/4751/3271 3461/4731/2267
f 3448/4738/2307 3476/4748/3290 3474/4746/3267
f 3449/4751/3271 3451/4752/3270 3461/4731/2267
f 3461/4731/2267 3451/4752/3270 3452/4753/3273
f 3452/4753/3273 3453/4754/3275 3461/4731/2267
f 3461/4731/2267 3453/4754/3275 3454/4755/3277
f 3461/4731/2267 3454/4755/3277 3455/4756/3278
f 3455/4756/3278 3456/4757/3280 3461/4731/2267
f 3457/4732/3282 3461/4731/2267 3456/4757/3280
f 3458/4733/3284 3459/4758/3286 3461/4731/2267
f 3459/4758/3286 3460/4759/3287 3461/4731/2267
f 3461/4731/2267 3460/4759/3287 3450/4750/3268
f 3460/4736/3287 3475/4760/3269 3450/4761/3268
f 3463/4762/3291 3464/4763/3292 3462/4764/3291
f 3465/4765/3293 3466/4766/3294 3464/4763/3292
f 3467/4767/3295 3468/4768/3296 3466/4766/3294
f 3469/4769/3296 3470/4770/3297 3468/4768/3296
f 3471/4771/3297 3472/4772/3298 3470/4770/3297
f 3473/4773/3299 3462/4774/3291 3472/4772/3298
f 3513/4775/3199 3487/4776/3200 3488/4777/3201
f 3512/4778/3202 3489/4779/3203 3487/4776/3200
f 3514/4780/3300 3490/4781/3205 3489/4779/3203
f 3490/4781/3205 3516/4782/3206 3491/4783/3207
f 3491/4783/3207 3517/4784/3208 3492/4785/3209
f 3492/4785/3209 3518/4786/3210 3493/4787/3211
f 3518/4786/3210 3494/4788/3212 3493/4787/3211
f 3519/4789/3301 3495/4790/3302 3494/4788/3212
f 3520/4791/3215 3496/4792/3216 3495/4790/3302
f 3499/4793/3217 3495/4794/3302 3496/4795/3216
f 3496/4792/3216 3522/4796/3303 3497/4797/3219
f 3497/4797/3219 3523/4798/3304 3498/4799/3221
f 3518/4800/3210 3486/4801/3222 3519/4802/3301
f 3486/4801/3222 3517/4803/3208 3516/4804/3206
f 3521/4805/3305 3486/4801/3222 3522/4806/3303
f 3523/4807/3304 3486/4801/3222 3513/4808/3199
f 3486/4801/3222 3512/4809/3202 3513/4808/3199
f 3486/4801/3222 3520/4810/3215 3519/4802/3301
f 3517/4803/3208 3486/4801/3222 3518/4800/3210
f 3514/4811/3300 3486/4801/3222 3515/4812/3224
f 3515/4812/3224 3486/4801/3222 3516/4804/3206
f 3486/4801/3222 3523/4807/3304 3522/4806/3303
f 3520/4810/3215 3486/4801/3222 3521/4805/3305
f 3488/4813/3201 3487/4814/3200 3499/4793/3217
f 3486/4801/3222 3514/4811/3300 3512/4809/3202
f 3487/4814/3200 3489/4815/3203 3499/4793/3217
f 3499/4793/3217 3489/4815/3203 3490/4816/3205
f 3490/4816/3205 3491/4817/3207 3499/4793/3217
f 3499/4793/3217 3491/4817/3207 3492/4818/3209
f 3499/4793/3217 3492/4818/3209 3493/4819/3211
f 3493/4819/3211 3494/4820/3212 3499/4793/3217
f 3495/4794/3302 3499/4793/3217 3494/4820/3212
f 3496/4795/3216 3497/4821/3219 3499/4793/3217
f 3497/4821/3219 3498/4822/3221 3499/4793/3217
f 3499/4793/3217 3498/4822/3221 3488/4813/3201
f 3498/4799/3221 3513/4823/3199 3488/4824/3201
f 3500/4825/3225 3503/4826/3226 3502/4827/3306
f 3503/4826/3226 3504/4828/3307 3502/4827/3306
f 3505/4829/3229 3506/4830/3308 3504/4828/3307
f 3507/4831/3231 3508/4832/3232 3506/4830/3308
f 3509/4833/3309 3510/4834/3234 3508/4832/3232
f 3510/4834/3234 3501/4835/3235 3500/4836/3225
f 3550/4837/3310 3526/4838/3311 3551/4839/3312
f 3525/4840/3313 3552/4841/3314 3527/4842/3315
f 3527/4842/3315 3553/4843/3316 3528/4844/3317
f 3553/4843/3316 3529/4845/3318 3528/4844/3317
f 3554/4846/3319 3530/4847/3320 3529/4845/3318
f 3555/4848/3321 3531/4849/3322 3530/4847/3320
f 3531/4849/3322 3557/4850/3323 3532/4851/3324
f 3532/4851/3324 3558/4852/3325 3533/4853/3326
f 3533/4853/3326 3559/4854/3327 3534/4855/3328
f 3537/4856/3329 3533/4857/3326 3534/4858/3328
f 3559/4854/3327 3535/4859/3330 3534/4855/3328
f 3560/4860/3331 3536/4861/3332 3535/4859/3330
f 3556/4862/3333 3524/4863/3334 3557/4864/3323
f 3524/4863/3334 3555/4865/3321 3554/4866/3319
f 3559/4867/3327 3524/4863/3334 3560/4868/3331
f 3561/4869/3335 3524/4863/3334 3551/4870/3312
f 3524/4863/3334 3550/4871/3310 3551/4870/3312
f 3524/4863/3334 3558/4872/3325 3557/4864/3323
f 3555/4865/3321 3524/4863/3334 3556/4862/3333
f 3552/4873/3314 3524/4863/3334 3553/4874/3316
f 3553/4874/3316 3524/4863/3334 3554/4866/3319
f 3524/4863/3334 3561/4869/3335 3560/4868/3331
f 3558/4872/3325 3524/4863/3334 3559/4867/3327
f 3526/4875/3311 3525/4876/3313 3537/4856/3329
f 3524/4863/3334 3552/4873/3314 3550/4871/3310
f 3525/4876/3313 3527/4877/3315 3537/4856/3329
f 3537/4856/3329 3527/4877/3315 3528/4878/3317
f 3528/4878/3317 3529/4879/3318 3537/4856/3329
f 3537/4856/3329 3529/4879/3318 3530/4880/3320
f 3537/4856/3329 3530/4880/3320 3531/4881/3322
f 3531/4881/3322 3532/4882/3324 3537/4856/3329
f 3533/4857/3326 3537/4856/3329 3532/4882/3324
f 3534/4858/3328 3535/4883/3330 3537/4856/3329
f 3535/4883/3330 3536/4884/3332 3537/4856/3329
f 3537/4856/3329 3536/4884/3332 3526/4875/3311
f 3561/4885/3335 3526/4886/3311 3536/4861/3332
f 3539/4887/3291 3540/4888/3292 3538/4889/3291
f 3541/4890/3293 3542/4891/3294 3540/4888/3292
f 3543/4892/3295 3544/4893/3296 3542/4891/3294
f 3545/4894/3296 3546/4895/3297 3544/4893/3296
f 3547/4896/3297 3548/4897/3298 3546/4895/3297
f 3549/4898/3298 3538/4899/3291 3548/4897/3298
f 3588/4900/3336 3564/4901/3337 3589/4902/3338
f 3563/4903/3339 3590/4904/3340 3565/4905/3341
f 3565/4905/3341 3591/4906/3342 3566/4907/3343
f 3566/4907/3343 3592/4908/3344 3567/4909/3345
f 3592/4908/3344 3568/4910/3346 3567/4909/3345
f 3568/4910/3346 3594/4911/3347 3569/4912/3348
f 3594/4911/3347 3570/4913/3349 3569/4912/3348
f 3595/4914/3350 3571/4915/3351 3570/4913/3349
f 3571/4915/3351 3597/4916/3352 3572/4917/3353
f 3575/4918/2307 3571/4919/3351 3572/4920/3353
f 3572/4917/3353 3598/4921/3354 3573/4922/3355
f 3573/4922/3355 3599/4923/3356 3574/4924/3357
f 3594/4925/3347 3562/4926/2267 3595/4927/3350
f 3562/4926/2267 3593/4928/3358 3592/4929/3344
f 3597/4930/3352 3562/4926/2267 3598/4931/3354
f 3599/4932/3356 3562/4926/2267 3589/4933/3338
f 3562/4926/2267 3588/4934/3336 3589/4933/3338
f 3562/4926/2267 3596/4935/3359 3595/4927/3350
f 3593/4928/3358 3562/4926/2267 3594/4925/3347
f 3590/4936/3340 3562/4926/2267 3591/4937/3342
f 3591/4937/3342 3562/4926/2267 3592/4929/3344
f 3562/4926/2267 3599/4932/3356 3598/4931/3354
f 3596/4935/3359 3562/4926/2267 3597/4930/3352
f 3564/4938/3337 3563/4939/3339 3575/4918/2307
f 3562/4926/2267 3590/4936/3340 3588/4934/3336
f 3563/4939/3339 3565/4940/3341 3575/4918/2307
f 3575/4918/2307 3565/4940/3341 3566/4941/3343
f 3566/4941/3343 3567/4942/3345 3575/4918/2307
f 3575/4918/2307 3567/4942/3345 3568/4943/3346
f 3575/4918/2307 3568/4943/3346 3569/4944/3348
f 3569/4944/3348 3570/4945/3349 3575/4918/2307
f 3571/4919/3351 3575/4918/2307 3570/4945/3349
f 3572/4920/3353 3573/4946/3355 3575/4918/2307
f 3573/4946/3355 3574/4947/3357 3575/4918/2307
f 3575/4918/2307 3574/4947/3357 3564/4938/3337
f 3599/4923/3356 3564/4948/3337 3574/4924/3357
f 3577/4949/3360 3578/4950/3361 3576/4951/3360
f 3579/4952/3361 3580/4953/3362 3578/4950/3361
f 3581/4954/3362 3582/4955/3363 3580/4953/3362
f 3583/4956/3363 3584/4957/3364 3582/4955/3363
f 3585/4958/3364 3586/4959/3365 3584/4957/3364
f 3587/4960/3365 3576/4961/3360 3586/4959/3365
f 3627/4962/3366 3601/4963/3367 3602/4964/3368
f 3626/4965/3369 3603/4966/3370 3601/4963/3367
f 3628/4967/3371 3604/4968/3372 3603/4966/3370
f 3604/4968/3372 3630/4969/3373 3605/4970/3374
f 3605/4970/3374 3631/4971/3375 3606/4972/3376
f 3606/4972/3376 3632/4973/3377 3607/4974/3378
f 3632/4973/3377 3608/4975/3379 3607/4974/3378
f 3633/4976/3380 3609/4977/3381 3608/4975/3379
f 3634/4978/3382 3610/4979/3383 3609/4977/3381
f 3613/4980/3384 3609/4981/3381 3610/4982/3383
f 3610/4979/3383 3636/4983/3385 3611/4984/3386
f 3611/4984/3386 3637/4985/3387 3612/4986/3388
f 3632/4987/3377 3600/4988/3389 3633/4989/3380
f 3600/4988/3389 3631/4990/3375 3630/4991/3373
f 3635/4992/3390 3600/4988/3389 3636/4993/3385
f 3637/4994/3387 3600/4988/3389 3627/4995/3366
f 3600/4988/3389 3626/4996/3369 3627/4995/3366
f 3600/4988/3389 3634/4997/3382 3633/4989/3380
f 3631/4990/3375 3600/4988/3389 3632/4987/3377
f 3628/4998/3371 3600/4988/3389 3629/4999/3391
f 3629/4999/3391 3600/4988/3389 3630/4991/3373
f 3600/4988/3389 3637/4994/3387 3636/4993/3385
f 3634/4997/3382 3600/4988/3389 3635/4992/3390
f 3602/5000/3368 3601/5001/3367 3613/4980/3384
f 3600/4988/3389 3628/4998/3371 3626/4996/3369
f 3601/5001/3367 3603/5002/3370 3613/4980/3384
f 3613/4980/3384 3603/5002/3370 3604/5003/3372
f 3604/5003/3372 3605/5004/3374 3613/4980/3384
f 3613/4980/3384 3605/5004/3374 3606/5005/3376
f 3613/4980/3384 3606/5005/3376 3607/5006/3378
f 3607/5006/3378 3608/5007/3379 3613/4980/3384
f 3609/4981/3381 3613/4980/3384 3608/5007/3379
f 3610/4982/3383 3611/5008/3386 3613/4980/3384
f 3611/5008/3386 3612/5009/3388 3613/4980/3384
f 3613/4980/3384 3612/5009/3388 3602/5000/3368
f 3612/4986/3388 3627/5010/3366 3602/5011/3368
f 3614/5012/3392 3617/5013/3393 3616/5014/3394
f 3617/5013/3393 3618/5015/3395 3616/5014/3394
f 3619/5016/3396 3620/5017/3397 3618/5015/3395
f 3621/5018/3398 3622/5019/3399 3620/5017/3397
f 3623/5020/3400 3624/5021/3401 3622/5019/3399
f 3624/5021/3401 3615/5022/3402 3614/5023/3392
f 3664/5024/3403 3640/5025/3404 3665/5026/3405
f 3639/5027/3406 3666/5028/3407 3641/5029/3408
f 3641/5029/3408 3667/5030/3409 3642/5031/3410
f 3667/5030/3409 3643/5032/3411 3642/5031/3410
f 3668/5033/3412 3644/5034/3413 3643/5032/3411
f 3669/5035/3414 3645/5036/3415 3644/5034/3413
f 3645/5036/3415 3671/5037/3416 3646/5038/3417
f 3646/5038/3417 3672/5039/3418 3647/5040/3419
f 3647/5040/3419 3673/5041/3420 3648/5042/3421
f 3651/5043/3422 3647/5044/3419 3648/5045/3421
f 3673/5041/3420 3649/5046/3423 3648/5042/3421
f 3674/5047/3424 3650/5048/3425 3649/5046/3423
f 3670/5049/3426 3638/5050/3427 3671/5051/3416
f 3638/5050/3427 3669/5052/3414 3668/5053/3412
f 3673/5054/3420 3638/5050/3427 3674/5055/3424
f 3675/5056/3428 3638/5050/3427 3665/5057/3405
f 3638/5050/3427 3664/5058/3403 3665/5057/3405
f 3638/5050/3427 3672/5059/3418 3671/5051/3416
f 3669/5052/3414 3638/5050/3427 3670/5049/3426
f 3666/5060/3407 3638/5050/3427 3667/5061/3409
f 3667/5061/3409 3638/5050/3427 3668/5053/3412
f 3638/5050/3427 3675/5056/3428 3674/5055/3424
f 3672/5059/3418 3638/5050/3427 3673/5054/3420
f 3640/5062/3404 3639/5063/3406 3651/5043/3422
f 3638/5050/3427 3666/5060/3407 3664/5058/3403
f 3639/5063/3406 3641/5064/3408 3651/5043/3422
f 3651/5043/3422 3641/5064/3408 3642/5065/3410
f 3642/5065/3410 3643/5066/3411 3651/5043/3422
f 3651/5043/3422 3643/5066/3411 3644/5067/3413
f 3651/5043/3422 3644/5067/3413 3645/5068/3415
f 3645/5068/3415 3646/5069/3417 3651/5043/3422
f 3647/5044/3419 3651/5043/3422 3646/5069/3417
f 3648/5045/3421 3649/5070/3423 3651/5043/3422
f 3649/5070/3423 3650/5071/3425 3651/5043/3422
f 3651/5043/3422 3650/5071/3425 3640/5062/3404
f 3675/5072/3428 3640/5073/3404 3650/5048/3425
f 3653/5074/1677 3654/5075/3266 3652/5076/1677
f 3654/5075/3266 3657/5077/3265 3656/5078/3265
f 3657/5077/3265 3658/5079/3264 3656/5078/3265
f 3659/5080/3264 3660/5081/3263 3658/5079/3264
f 3661/5082/3263 3662/5083/3262 3660/5081/3263
f 3663/5084/3262 3652/5085/1677 3662/5083/3262
f 3703/5086/3429 3677/5087/3430 3678/5088/3431
f 3702/5089/3432 3679/5090/3433 3677/5087/3430
f 3704/5091/3434 3680/5092/3435 3679/5090/3433
f 3680/5092/3435 3706/5093/3436 3681/5094/3437
f 3681/5094/3437 3707/5095/3438 3682/5096/3439
f 3707/5095/3438 3683/5097/3440 3682/5096/3439
f 3708/5098/3441 3684/5099/3349 3683/5097/3440
f 3709/5100/3442 3685/5101/3351 3684/5099/3349
f 3685/5101/3351 3711/5102/3443 3686/5103/3444
f 3689/5104/2307 3685/5105/3351 3686/5106/3444
f 3711/5102/3443 3687/5107/3445 3686/5103/3444
f 3687/5107/3445 3713/5108/3446 3688/5109/3357
f 3708/5110/3441 3676/5111/2267 3709/5112/3442
f 3676/5111/2267 3707/5113/3438 3706/5114/3436
f 3711/5115/3443 3676/5111/2267 3712/5116/3447
f 3713/5117/3446 3676/5111/2267 3703/5118/3429
f 3676/5111/2267 3702/5119/3432 3703/5118/3429
f 3676/5111/2267 3710/5120/3448 3709/5112/3442
f 3707/5113/3438 3676/5111/2267 3708/5110/3441
f 3704/5121/3434 3676/5111/2267 3705/5122/3449
f 3705/5122/3449 3676/5111/2267 3706/5114/3436
f 3676/5111/2267 3713/5117/3446 3712/5116/3447
f 3710/5120/3448 3676/5111/2267 3711/5115/3443
f 3678/5123/3431 3677/5124/3430 3689/5104/2307
f 3676/5111/2267 3704/5121/3434 3702/5119/3432
f 3677/5124/3430 3679/5125/3433 3689/5104/2307
f 3689/5104/2307 3679/5125/3433 3680/5126/3435
f 3680/5126/3435 3681/5127/3437 3689/5104/2307
f 3689/5104/2307 3681/5127/3437 3682/5128/3439
f 3689/5104/2307 3682/5128/3439 3683/5129/3440
f 3683/5129/3440 3684/5130/3349 3689/5104/2307
f 3685/5105/3351 3689/5104/2307 3684/5130/3349
f 3686/5106/3444 3687/5131/3445 3689/5104/2307
f 3687/5131/3445 3688/5132/3357 3689/5104/2307
f 3689/5104/2307 3688/5132/3357 3678/5123/3431
f 3713/5108/3446 3678/5133/3431 3688/5109/3357
f 3691/5134/3360 3692/5135/3361 3690/5136/3360
f 3693/5137/3361 3694/5138/3362 3692/5135/3361
f 3695/5139/3362 3696/5140/3363 3694/5138/3362
f 3697/5141/3363 3698/5142/3364 3696/5140/3363
f 3699/5143/3364 3700/5144/3365 3698/5142/3364
f 3701/5145/3365 3690/5146/3360 3700/5144/3365
f 3741/5147/3366 3715/5148/3450 3716/5149/3368
f 3740/5150/3451 3717/5151/3370 3715/5148/3450
f 3742/5152/3371 3718/5153/3372 3717/5151/3370
f 3718/5153/3372 3744/5154/3373 3719/5155/3374
f 3719/5155/3374 3745/5156/3375 3720/5157/3376
f 3720/5157/3376 3746/5158/3377 3721/5159/3378
f 3746/5158/3377 3722/5160/3379 3721/5159/3378
f 3747/5161/3380 3723/5162/3452 3722/5160/3379
f 3748/5163/3453 3724/5164/3383 3723/5162/3452
f 3727/5165/3384 3723/5166/3452 3724/5167/3383
f 3724/5164/3383 3750/5168/3385 3725/5169/3386
f 3725/5169/3386 3751/5170/3454 3726/5171/3388
f 3746/5172/3377 3714/5173/3389 3747/5174/3380
f 3714/5173/3389 3745/5175/3375 3744/5176/3373
f 3749/5177/3390 3714/5173/3389 3750/5178/3385
f 3751/5179/3454 3714/5173/3389 3741/5180/3366
f 3714/5173/3389 3740/5181/3451 3741/5180/3366
f 3714/5173/3389 3748/5182/3453 3747/5174/3380
f 3745/5175/3375 3714/5173/3389 3746/5172/3377
f 3742/5183/3371 3714/5173/3389 3743/5184/3391
f 3743/5184/3391 3714/5173/3389 3744/5176/3373
f 3714/5173/3389 3751/5179/3454 3750/5178/3385
f 3748/5182/3453 3714/5173/3389 3749/5177/3390
f 3716/5185/3368 3715/5186/3450 3727/5165/3384
f 3714/5173/3389 3742/5183/3371 3740/5181/3451
f 3715/5186/3450 3717/5187/3370 3727/5165/3384
f 3727/5165/3384 3717/5187/3370 3718/5188/3372
f 3718/5188/3372 3719/5189/3374 3727/5165/3384
f 3727/5165/3384 3719/5189/3374 3720/5190/3376
f 3727/5165/3384 3720/5190/3376 3721/5191/3378
f 3721/5191/3378 3722/5192/3379 3727/5165/3384
f 3723/5166/3452 3727/5165/3384 3722/5192/3379
f 3724/5167/3383 3725/5193/3386 3727/5165/3384
f 3725/5193/3386 3726/5194/3388 3727/5165/3384
f 3727/5165/3384 3726/5194/3388 3716/5185/3368
f 3726/5171/3388 3741/5195/3366 3716/5196/3368
f 3728/5197/3392 3731/5198/3455 3730/5199/3394
f 3731/5198/3455 3732/5200/3395 3730/5199/3394
f 3733/5201/3396 3734/5202/3397 3732/5200/3395
f 3735/5203/3398 3736/5204/3456 3734/5202/3397
f 3736/5204/3456 3739/5205/3457 3738/5206/3401
f 3738/5206/3401 3729/5207/3402 3728/5208/3392
f 3778/5209/3458 3754/5210/3404 3779/5211/3459
f 3753/5212/3406 3780/5213/3407 3755/5214/3460
f 3755/5214/3460 3781/5215/3409 3756/5216/3410
f 3781/5215/3409 3757/5217/3411 3756/5216/3410
f 3782/5218/3412 3758/5219/3413 3757/5217/3411
f 3783/5220/3414 3759/5221/3415 3758/5219/3413
f 3759/5221/3415 3785/5222/3461 3760/5223/3417
f 3760/5223/3417 3786/5224/3418 3761/5225/3419
f 3761/5225/3419 3787/5226/3420 3762/5227/3421
f 3765/5228/3462 3761/5229/3419 3762/5230/3421
f 3787/5226/3420 3763/5231/3463 3762/5227/3421
f 3788/5232/3424 3764/5233/3425 3763/5231/3463
f 3784/5234/3464 3752/5235/3427 3785/5236/3461
f 3752/5235/3427 3783/5237/3414 3782/5238/3412
f 3787/5239/3420 3752/5235/3427 3788/5240/3424
f 3789/5241/3465 3752/5235/3427 3779/5242/3459
f 3752/5235/3427 3778/5243/3458 3779/5242/3459
f 3752/5235/3427 3786/5244/3418 3785/5236/3461
f 3783/5237/3414 3752/5235/3427 3784/5234/3464
f 3780/5245/3407 3752/5235/3427 3781/5246/3409
f 3781/5246/3409 3752/5235/3427 3782/5238/3412
f 3752/5235/3427 3789/5241/3465 3788/5240/3424
f 3786/5244/3418 3752/5235/3427 3787/5239/3420
f 3754/5247/3404 3753/5248/3406 3765/5228/3462
f 3752/5235/3427 3780/5245/3407 3778/5243/3458
f 3753/5248/3406 3755/5249/3460 3765/5228/3462
f 3765/5228/3462 3755/5249/3460 3756/5250/3410
f 3756/5250/3410 3757/5251/3411 3765/5228/3462
f 3765/5228/3462 3757/5251/3411 3758/5252/3413
f 3765/5228/3462 3758/5252/3413 3759/5253/3415
f 3759/5253/3415 3760/5254/3417 3765/5228/3462
f 3761/5229/3419 3765/5228/3462 3760/5254/3417
f 3762/5230/3421 3763/5255/3463 3765/5228/3462
f 3763/5255/3463 3764/5256/3425 3765/5228/3462
f 3765/5228/3462 3764/5256/3425 3754/5247/3404
f 3789/5257/3465 3754/5258/3404 3764/5233/3425
f 3766/5259/1677 3769/5260/3266 3768/5261/3266
f 3768/5261/3266 3771/5262/3265 3770/5263/3265
f 3771/5262/3265 3772/5264/3264 3770/5263/3265
f 3773/5265/3264 3774/5266/3263 3772/5264/3264
f 3775/5267/3263 3776/5268/3262 3774/5266/3263
f 3777/5269/3262 3766/5270/1677 3776/5268/3262
f 3816/5271/3466 3792/5272/3467 3817/5273/3468
f 3791/5274/3469 3818/5275/3470 3793/5276/3471
f 3818/5275/3470 3794/5277/3472 3793/5276/3471
f 3794/5277/3472 3820/5278/3473 3795/5279/3474
f 3820/5278/3473 3796/5280/3475 3795/5279/3474
f 3821/5281/3476 3797/5282/3477 3796/5280/3475
f 3822/5283/3478 3798/5284/3479 3797/5282/3477
f 3823/5285/3480 3799/5286/3481 3798/5284/3479
f 3824/5287/3482 3800/5288/3483 3799/5286/3481
f 3803/5289/1779 3799/5290/3481 3800/5291/3483
f 3800/5288/3483 3826/5292/3484 3801/5293/3485
f 3826/5292/3484 3802/5294/3486 3801/5293/3485
f 3822/5295/3478 3790/5296/1803 3823/5297/3480
f 3790/5296/1803 3821/5298/3476 3820/5299/3473
f 3825/5300/3487 3790/5296/1803 3826/5301/3484
f 3827/5302/3488 3790/5296/1803 3817/5303/3468
f 3790/5296/1803 3816/5304/3466 3817/5303/3468
f 3790/5296/1803 3824/5305/3482 3823/5297/3480
f 3821/5298/3476 3790/5296/1803 3822/5295/3478
f 3818/5306/3470 3790/5296/1803 3819/5307/3489
f 3819/5307/3489 3790/5296/1803 3820/5299/3473
f 3790/5296/1803 3827/5302/3488 3826/5301/3484
f 3824/5305/3482 3790/5296/1803 3825/5300/3487
f 3792/5308/3467 3791/5309/3469 3803/5289/1779
f 3790/5296/1803 3818/5306/3470 3816/5304/3466
f 3791/5309/3469 3793/5310/3471 3803/5289/1779
f 3803/5289/1779 3793/5310/3471 3794/5311/3472
f 3794/5311/3472 3795/5312/3474 3803/5289/1779
f 3803/5289/1779 3795/5312/3474 3796/5313/3475
f 3803/5289/1779 3796/5313/3475 3797/5314/3477
f 3797/5314/3477 3798/5315/3479 3803/5289/1779
f 3799/5290/3481 3803/5289/1779 3798/5315/3479
f 3800/5291/3483 3801/5316/3485 3803/5289/1779
f 3801/5316/3485 3802/5317/3486 3803/5289/1779
f 3803/5289/1779 3802/5317/3486 3792/5308/3467
f 3827/5318/3488 3792/5319/3467 3802/5294/3486
f 3805/5320/1677 3806/5321/3490 3804/5322/1677
f 3807/5323/3490 3808/5324/3491 3806/5321/3490
f 3809/5325/3491 3810/5326/3264 3808/5324/3491
f 3811/5327/3264 3812/5328/3492 3810/5326/3264
f 3812/5328/3492 3815/5329/3493 3814/5330/3493
f 3814/5330/3493 3805/5331/1677 3804/5332/1677
f 3855/5333/3494 3829/5334/3495 3830/5335/3496
f 3854/5336/3497 3831/5337/3498 3829/5334/3495
f 3856/5338/3499 3832/5339/3500 3831/5337/3498
f 3832/5339/3500 3858/5340/3501 3833/5341/3502
f 3833/5341/3502 3859/5342/3503 3834/5343/3504
f 3834/5343/3504 3860/5344/3505 3835/5345/3506
f 3860/5344/3505 3836/5346/3507 3835/5345/3506
f 3861/5347/3508 3837/5348/3509 3836/5346/3507
f 3862/5349/3510 3838/5350/3511 3837/5348/3509
f 3841/5351/3512 3837/5352/3509 3838/5353/3511
f 3838/5350/3511 3864/5354/3513 3839/5355/3514
f 3839/5355/3514 3865/5356/3515 3840/5357/3516
f 3860/5358/3505 3828/5359/3517 3861/5360/3508
f 3828/5359/3517 3859/5361/3503 3858/5362/3501
f 3863/5363/3518 3828/5359/3517 3864/5364/3513
f 3865/5365/3515 3828/5359/3517 3855/5366/3494
f 3828/5359/3517 3854/5367/3497 3855/5366/3494
f 3828/5359/3517 3862/5368/3510 3861/5360/3508
f 3859/5361/3503 3828/5359/3517 3860/5358/3505
f 3856/5369/3499 3828/5359/3517 3857/5370/3519
f 3857/5370/3519 3828/5359/3517 3858/5362/3501
f 3828/5359/3517 3865/5365/3515 3864/5364/3513
f 3862/5368/3510 3828/5359/3517 3863/5363/3518
f 3830/5371/3496 3829/5372/3495 3841/5351/3512
f 3828/5359/3517 3856/5369/3499 3854/5367/3497
f 3829/5372/3495 3831/5373/3498 3841/5351/3512
f 3841/5351/3512 3831/5373/3498 3832/5374/3500
f 3832/5374/3500 3833/5375/3502 3841/5351/3512
f 3841/5351/3512 3833/5375/3502 3834/5376/3504
f 3841/5351/3512 3834/5376/3504 3835/5377/3506
f 3835/5377/3506 3836/5378/3507 3841/5351/3512
f 3837/5352/3509 3841/5351/3512 3836/5378/3507
f 3838/5353/3511 3839/5379/3514 3841/5351/3512
f 3839/5379/3514 3840/5380/3516 3841/5351/3512
f 3841/5351/3512 3840/5380/3516 3830/5371/3496
f 3840/5357/3516 3855/5381/3494 3830/5382/3496
f 3842/5383/3520 3845/5384/3521 3844/5385/3522
f 3845/5384/3521 3846/5386/3523 3844/5385/3522
f 3847/5387/3524 3848/5388/3525 3846/5386/3523
f 3849/5389/3526 3850/5390/3527 3848/5388/3525
f 3850/5390/3527 3853/5391/3528 3852/5392/3529
f 3852/5392/3529 3843/5393/3530 3842/5394/3520
f 3892/5395/3531 3868/5396/3532 3893/5397/3533
f 3867/5398/3534 3894/5399/3535 3869/5400/3536
f 3869/5400/3536 3895/5401/3537 3870/5402/3538
f 3895/5401/3537 3871/5403/3539 3870/5402/3538
f 3896/5404/3540 3872/5405/3541 3871/5403/3539
f 3897/5406/3542 3873/5407/3543 3872/5405/3541
f 3873/5407/3543 3899/5408/3544 3874/5409/3545
f 3874/5409/3545 3900/5410/3546 3875/5411/3547
f 3875/5411/3547 3901/5412/3548 3876/5413/3549
f 3879/5414/3550 3875/5415/3547 3876/5416/3549
f 3901/5412/3548 3877/5417/3551 3876/5413/3549
f 3902/5418/3552 3878/5419/3553 3877/5417/3551
f 3898/5420/3554 3866/5421/3555 3899/5422/3544
f 3866/5421/3555 3897/5423/3542 3896/5424/3540
f 3901/5425/3548 3866/5421/3555 3902/5426/3552
f 3903/5427/3556 3866/5421/3555 3893/5428/3533
f 3866/5421/3555 3892/5429/3531 3893/5428/3533
f 3866/5421/3555 3900/5430/3546 3899/5422/3544
f 3897/5423/3542 3866/5421/3555 3898/5420/3554
f 3894/5431/3535 3866/5421/3555 3895/5432/3537
f 3895/5432/3537 3866/5421/3555 3896/5424/3540
f 3866/5421/3555 3903/5427/3556 3902/5426/3552
f 3900/5430/3546 3866/5421/3555 3901/5425/3548
f 3868/5433/3532 3867/5434/3534 3879/5414/3550
f 3866/5421/3555 3894/5431/3535 3892/5429/3531
f 3867/5434/3534 3869/5435/3536 3879/5414/3550
f 3879/5414/3550 3869/5435/3536 3870/5436/3538
f 3870/5436/3538 3871/5437/3539 3879/5414/3550
f 3879/5414/3550 3871/5437/3539 3872/5438/3541
f 3879/5414/3550 3872/5438/3541 3873/5439/3543
f 3873/5439/3543 3874/5440/3545 3879/5414/3550
f 3875/5415/3547 3879/5414/3550 3874/5440/3545
f 3876/5416/3549 3877/5441/3551 3879/5414/3550
f 3877/5441/3551 3878/5442/3553 3879/5414/3550
f 3879/5414/3550 3878/5442/3553 3868/5433/3532
f 3903/5443/3556 3868/5444/3532 3878/5419/3553
f 3881/5445/1677 3882/5446/3490 3880/5447/1677
f 3883/5448/3490 3884/5449/3491 3882/5446/3490
f 3884/5449/3491 3887/5450/3264 3886/5451/3264
f 3887/5450/3264 3888/5452/3492 3886/5451/3264
f 3888/5452/3492 3891/5453/3493 3890/5454/3493
f 3890/5454/3493 3881/5455/1677 3880/5456/1677
f 3930/5457/3557 3906/5458/3558 3931/5459/3559
f 3905/5460/3469 3932/5461/3560 3907/5462/3561
f 3907/5462/3561 3933/5463/3562 3908/5464/3563
f 3908/5464/3563 3934/5465/3473 3909/5466/3564
f 3934/5465/3473 3910/5467/3565 3909/5466/3564
f 3910/5467/3565 3936/5468/3566 3911/5469/3567
f 3936/5468/3566 3912/5470/3479 3911/5469/3567
f 3937/5471/3568 3913/5472/3569 3912/5470/3479
f 3913/5472/3569 3939/5473/3570 3914/5474/3571
f 3917/5475/1779 3913/5476/3569 3914/5477/3571
f 3914/5474/3571 3940/5478/3572 3915/5479/3573
f 3915/5479/3573 3941/5480/3574 3916/5481/3575
f 3936/5482/3566 3904/5483/1803 3937/5484/3568
f 3904/5483/1803 3935/5485/3576 3934/5486/3473
f 3939/5487/3570 3904/5483/1803 3940/5488/3572
f 3941/5489/3574 3904/5483/1803 3931/5490/3559
f 3904/5483/1803 3930/5491/3557 3931/5490/3559
f 3904/5483/1803 3938/5492/3577 3937/5484/3568
f 3935/5485/3576 3904/5483/1803 3936/5482/3566
f 3932/5493/3560 3904/5483/1803 3933/5494/3562
f 3933/5494/3562 3904/5483/1803 3934/5486/3473
f 3904/5483/1803 3941/5489/3574 3940/5488/3572
f 3938/5492/3577 3904/5483/1803 3939/5487/3570
f 3906/5495/3558 3905/5496/3469 3917/5475/1779
f 3904/5483/1803 3932/5493/3560 3930/5491/3557
f 3905/5496/3469 3907/5497/3561 3917/5475/1779
f 3917/5475/1779 3907/5497/3561 3908/5498/3563
f 3908/5498/3563 3909/5499/3564 3917/5475/1779
f 3917/5475/1779 3909/5499/3564 3910/5500/3565
f 3917/5475/1779 3910/5500/3565 3911/5501/3567
f 3911/5501/3567 3912/5502/3479 3917/5475/1779
f 3913/5476/3569 3917/5475/1779 3912/5502/3479
f 3914/5477/3571 3915/5503/3573 3917/5475/1779
f 3915/5503/3573 3916/5504/3575 3917/5475/1779
f 3917/5475/1779 3916/5504/3575 3906/5495/3558
f 3916/5481/3575 3931/5505/3559 3906/5506/3558
f 3918/5507/1677 3921/5508/3490 3920/5509/3490
f 3921/5508/3490 3922/5510/3491 3920/5509/3490
f 3922/5510/3491 3925/5511/3264 3924/5512/3264
f 3925/5511/3264 3926/5513/3492 3924/5512/3264
f 3927/5514/3492 3928/5515/3493 3926/5513/3492
f 3928/5515/3493 3919/5516/1677 3918/5517/1677
f 3969/5518/3494 3943/5519/3495 3944/5520/3496
f 3968/5521/3497 3945/5522/3578 3943/5519/3495
f 3970/5523/3579 3946/5524/3500 3945/5522/3578
f 3946/5524/3500 3972/5525/3501 3947/5526/3502
f 3947/5526/3502 3973/5527/3503 3948/5528/3504
f 3948/5528/3504 3974/5529/3505 3949/5530/3506
f 3974/5529/3505 3950/5531/3507 3949/5530/3506
f 3975/5532/3508 3951/5533/3509 3950/5531/3507
f 3976/5534/3510 3952/5535/3511 3951/5533/3509
f 3955/5536/3512 3951/5537/3509 3952/5538/3511
f 3952/5535/3511 3978/5539/3580 3953/5540/3514
f 3953/5540/3514 3979/5541/3515 3954/5542/3516
f 3974/5543/3505 3942/5544/3517 3975/5545/3508
f 3942/5544/3517 3973/5546/3503 3972/5547/3501
f 3977/5548/3518 3942/5544/3517 3978/5549/3580
f 3979/5550/3515 3942/5544/3517 3969/5551/3494
f 3942/5544/3517 3968/5552/3497 3969/5551/3494
f 3942/5544/3517 3976/5553/3510 3975/5545/3508
f 3973/5546/3503 3942/5544/3517 3974/5543/3505
f 3970/5554/3579 3942/5544/3517 3971/5555/3581
f 3971/5555/3581 3942/5544/3517 3972/5547/3501
f 3942/5544/3517 3979/5550/3515 3978/5549/3580
f 3976/5553/3510 3942/5544/3517 3977/5548/3518
f 3944/5556/3496 3943/5557/3495 3955/5536/3512
f 3942/5544/3517 3970/5554/3579 3968/5552/3497
f 3943/5557/3495 3945/5558/3578 3955/5536/3512
f 3955/5536/3512 3945/5558/3578 3946/5559/3500
f 3946/5559/3500 3947/5560/3502 3955/5536/3512
f 3955/5536/3512 3947/5560/3502 3948/5561/3504
f 3955/5536/3512 3948/5561/3504 3949/5562/3506
f 3949/5562/3506 3950/5563/3507 3955/5536/3512
f 3951/5537/3509 3955/5536/3512 3950/5563/3507
f 3952/5538/3511 3953/5564/3514 3955/5536/3512
f 3953/5564/3514 3954/5565/3516 3955/5536/3512
f 3955/5536/3512 3954/5565/3516 3944/5556/3496
f 3954/5542/3516 3969/5566/3494 3944/5567/3496
f 3956/5568/3520 3959/5569/3582 3958/5570/3522
f 3959/5569/3582 3960/5571/3583 3958/5570/3522
f 3961/5572/3584 3962/5573/3525 3960/5571/3583
f 3963/5574/3526 3964/5575/3585 3962/5573/3525
f 3965/5576/3586 3966/5577/3529 3964/5575/3585
f 3966/5577/3529 3957/5578/3530 3956/5579/3520
f 4006/5580/3587 3982/5581/3588 4007/5582/3589
f 3981/5583/3590 4008/5584/3591 3983/5585/3592
f 3983/5585/3592 4009/5586/3593 3984/5587/3594
f 4009/5586/3593 3985/5588/3595 3984/5587/3594
f 4010/5589/3596 3986/5590/3597 3985/5588/3595
f 4011/5591/3598 3987/5592/3599 3986/5590/3597
f 3987/5592/3599 4013/5593/3600 3988/5594/3601
f 3988/5594/3601 4014/5595/3602 3989/5596/3603
f 3989/5596/3603 4015/5597/3604 3990/5598/3605
f 3993/5599/3606 3989/5600/3603 3990/5601/3605
f 4015/5597/3604 3991/5602/3607 3990/5598/3605
f 4016/5603/3608 3992/5604/3609 3991/5602/3607
f 4012/5605/3610 3980/5606/3611 4013/5607/3600
f 3980/5606/3611 4011/5608/3598 4010/5609/3596
f 4015/5610/3604 3980/5606/3611 4016/5611/3608
f 4017/5612/3612 3980/5606/3611 4007/5613/3589
f 3980/5606/3611 4006/5614/3587 4007/5613/3589
f 3980/5606/3611 4014/5615/3602 4013/5607/3600
f 4011/5608/3598 3980/5606/3611 4012/5605/3610
f 4008/5616/3591 3980/5606/3611 4009/5617/3593
f 4009/5617/3593 3980/5606/3611 4010/5609/3596
f 3980/5606/3611 4017/5612/3612 4016/5611/3608
f 4014/5615/3602 3980/5606/3611 4015/5610/3604
f 3982/5618/3588 3981/5619/3590 3993/5599/3606
f 3980/5606/3611 4008/5616/3591 4006/5614/3587
f 3981/5619/3590 3983/5620/3592 3993/5599/3606
f 3993/5599/3606 3983/5620/3592 3984/5621/3594
f 3984/5621/3594 3985/5622/3595 3993/5599/3606
f 3993/5599/3606 3985/5622/3595 3986/5623/3597
f 3993/5599/3606 3986/5623/3597 3987/5624/3599
f 3987/5624/3599 3988/5625/3601 3993/5599/3606
f 3989/5600/3603 3993/5599/3606 3988/5625/3601
f 3990/5601/3605 3991/5626/3607 3993/5599/3606
f 3991/5626/3607 3992/5627/3609 3993/5599/3606
f 3993/5599/3606 3992/5627/3609 3982/5618/3588
f 4017/5628/3612 3982/5629/3588 3992/5604/3609
f 3995/5630/3613 3996/5631/3614 3994/5632/3613
f 3997/5633/3614 3998/5634/3615 3996/5631/3614
f 3998/5634/3615 4001/5635/3616 4000/5636/3616
f 4001/5635/3616 4002/5637/3617 4000/5636/3616
f 4003/5638/3617 4004/5639/3618 4002/5637/3617
f 4004/5639/3618 3995/5640/3613 3994/5641/3613
f 4044/5642/3619 4020/5643/3620 4045/5644/3621
f 4044/5642/3619 4021/5645/3622 4019/5646/3623
f 4021/5645/3622 4047/5647/3624 4022/5648/3625
f 4047/5647/3624 4023/5649/3626 4022/5648/3625
f 4048/5650/3627 4024/5651/3628 4023/5649/3626
f 4024/5651/3628 4050/5652/3629 4025/5653/3630
f 4050/5652/3629 4026/5654/3631 4025/5653/3630
f 4051/5655/3632 4027/5656/3633 4026/5654/3631
f 4027/5656/3633 4053/5657/3634 4028/5658/3635
f 4031/5659/1803 4027/5660/3633 4028/5661/3635
f 4053/5657/3634 4029/5662/3636 4028/5658/3635
f 4054/5663/3637 4030/5664/3638 4029/5662/3636
f 4050/5665/3629 4018/5666/1779 4051/5667/3632
f 4018/5666/1779 4049/5668/3639 4048/5669/3627
f 4053/5670/3634 4018/5666/1779 4054/5671/3637
f 4055/5672/3640 4018/5666/1779 4045/5673/3621
f 4018/5666/1779 4044/5674/3619 4045/5673/3621
f 4018/5666/1779 4052/5675/3641 4051/5667/3632
f 4049/5668/3639 4018/5666/1779 4050/5665/3629
f 4046/5676/3642 4018/5666/1779 4047/5677/3624
f 4047/5677/3624 4018/5666/1779 4048/5669/3627
f 4018/5666/1779 4055/5672/3640 4054/5671/3637
f 4052/5675/3641 4018/5666/1779 4053/5670/3634
f 4020/5678/3620 4019/5679/3623 4031/5659/1803
f 4018/5666/1779 4046/5676/3642 4044/5674/3619
f 4019/5679/3623 4021/5680/3622 4031/5659/1803
f 4031/5659/1803 4021/5680/3622 4022/5681/3625
f 4022/5681/3625 4023/5682/3626 4031/5659/1803
f 4031/5659/1803 4023/5682/3626 4024/5683/3628
f 4031/5659/1803 4024/5683/3628 4025/5684/3630
f 4025/5684/3630 4026/5685/3631 4031/5659/1803
f 4027/5660/3633 4031/5659/1803 4026/5685/3631
f 4028/5661/3635 4029/5686/3636 4031/5659/1803
f 4029/5686/3636 4030/5687/3638 4031/5659/1803
f 4031/5659/1803 4030/5687/3638 4020/5678/3620
f 4030/5664/3638 4045/5688/3621 4020/5689/3620
f 4033/5690/3643 4034/5691/3644 4032/5692/3643
f 4034/5691/3644 4037/5693/3645 4036/5694/3645
f 4037/5693/3645 4038/5695/3646 4036/5694/3645
f 4039/5696/3646 4040/5697/3647 4038/5695/3646
f 4040/5697/3647 4043/5698/3648 4042/5699/3648
f 4042/5699/3648 4033/5700/3643 4032/5701/3643
f 4083/5702/3649 4057/5703/3650 4058/5704/3651
f 4082/5705/3652 4059/5706/3653 4057/5703/3650
f 4084/5707/3654 4060/5708/3655 4059/5706/3653
f 4060/5708/3655 4086/5709/3656 4061/5710/3657
f 4061/5710/3657 4087/5711/3658 4062/5712/3659
f 4062/5712/3659 4088/5713/3660 4063/5714/3661
f 4088/5713/3660 4064/5715/3662 4063/5714/3661
f 4089/5716/3663 4065/5717/3664 4064/5715/3662
f 4090/5718/3665 4066/5719/3666 4065/5717/3664
f 4069/5720/3667 4065/5721/3664 4066/5722/3666
f 4066/5719/3666 4092/5723/3668 4067/5724/3669
f 4067/5724/3669 4093/5725/3670 4068/5726/3671
f 4088/5727/3660 4056/5728/3672 4089/5729/3663
f 4056/5728/3672 4087/5730/3658 4086/5731/3656
f 4091/5732/3673 4056/5728/3672 4092/5733/3668
f 4093/5734/3670 4056/5728/3672 4083/5735/3649
f 4056/5728/3672 4082/5736/3652 4083/5735/3649
f 4056/5728/3672 4090/5737/3665 4089/5729/3663
f 4087/5730/3658 4056/5728/3672 4088/5727/3660
f 4084/5738/3654 4056/5728/3672 4085/5739/3674
f 4085/5739/3674 4056/5728/3672 4086/5731/3656
f 4056/5728/3672 4093/5734/3670 4092/5733/3668
f 4090/5737/3665 4056/5728/3672 4091/5732/3673
f 4058/5740/3651 4057/5741/3650 4069/5720/3667
f 4056/5728/3672 4084/5738/3654 4082/5736/3652
f 4057/5741/3650 4059/5742/3653 4069/5720/3667
f 4069/5720/3667 4059/5742/3653 4060/5743/3655
f 4060/5743/3655 4061/5744/3657 4069/5720/3667
f 4069/5720/3667 4061/5744/3657 4062/5745/3659
f 4069/5720/3667 4062/5745/3659 4063/5746/3661
f 4063/5746/3661 4064/5747/3662 4069/5720/3667
f 4065/5721/3664 4069/5720/3667 4064/5747/3662
f 4066/5722/3666 4067/5748/3669 4069/5720/3667
f 4067/5748/3669 4068/5749/3671 4069/5720/3667
f 4069/5720/3667 4068/5749/3671 4058/5740/3651
f 4068/5726/3671 4083/5750/3649 4058/5751/3651
f 4070/5752/3675 4073/5753/3676 4072/5754/3677
f 4072/5754/3677 4075/5755/3678 4074/5756/3679
f 4075/5755/3678 4076/5757/3680 4074/5756/3679
f 4077/5758/3681 4078/5759/3682 4076/5757/3680
f 4079/5760/3683 4080/5761/3684 4078/5759/3682
f 4080/5761/3684 4071/5762/3685 4070/5763/3675
f 4120/5764/3686 4096/5765/3687 4121/5766/3688
f 4095/5767/3689 4122/5768/3690 4097/5769/3691
f 4097/5769/3691 4123/5770/3692 4098/5771/3693
f 4123/5770/3692 4099/5772/3694 4098/5771/3693
f 4124/5773/3695 4100/5774/3696 4099/5772/3694
f 4125/5775/3697 4101/5776/3698 4100/5774/3696
f 4101/5776/3698 4127/5777/3699 4102/5778/3700
f 4102/5778/3700 4128/5779/3701 4103/5780/3702
f 4103/5780/3702 4129/5781/3703 4104/5782/3704
f 4107/5783/3705 4103/5784/3702 4104/5785/3704
f 4129/5781/3703 4105/5786/3706 4104/5782/3704
f 4130/5787/3707 4106/5788/3708 4105/5786/3706
f 4126/5789/3709 4094/5790/3710 4127/5791/3699
f 4094/5790/3710 4125/5792/3697 4124/5793/3695
f 4129/5794/3703 4094/5790/3710 4130/5795/3707
f 4131/5796/3711 4094/5790/3710 4121/5797/3688
f 4094/5790/3710 4120/5798/3686 4121/5797/3688
f 4094/5790/3710 4128/5799/3701 4127/5791/3699
f 4125/5792/3697 4094/5790/3710 4126/5789/3709
f 4122/5800/3690 4094/5790/3710 4123/5801/3692
f 4123/5801/3692 4094/5790/3710 4124/5793/3695
f 4094/5790/3710 4131/5796/3711 4130/5795/3707
f 4128/5799/3701 4094/5790/3710 4129/5794/3703
f 4096/5802/3687 4095/5803/3689 4107/5783/3705
f 4094/5790/3710 4122/5800/3690 4120/5798/3686
f 4095/5803/3689 4097/5804/3691 4107/5783/3705
f 4107/5783/3705 4097/5804/3691 4098/5805/3693
f 4098/5805/3693 4099/5806/3694 4107/5783/3705
f 4107/5783/3705 4099/5806/3694 4100/5807/3696
f 4107/5783/3705 4100/5807/3696 4101/5808/3698
f 4101/5808/3698 4102/5809/3700 4107/5783/3705
f 4103/5784/3702 4107/5783/3705 4102/5809/3700
f 4104/5785/3704 4105/5810/3706 4107/5783/3705
f 4105/5810/3706 4106/5811/3708 4107/5783/3705
f 4107/5783/3705 4106/5811/3708 4096/5802/3687
f 4131/5812/3711 4096/5813/3687 4106/5788/3708
f 4109/5814/3643 4110/5815/3644 4108/5816/3643
f 4111/5817/3644 4112/5818/3645 4110/5815/3644
f 4112/5818/3645 4115/5819/3646 4114/5820/3646
f 4115/5819/3646 4116/5821/3647 4114/5820/3646
f 4117/5822/3647 4118/5823/3648 4116/5821/3647
f 4119/5824/3648 4108/5825/3643 4118/5823/3648
f 4158/5826/3712 4134/5827/3713 4159/5828/3714
f 4133/5829/3715 4160/5830/3716 4135/5831/3717
f 4160/5830/3716 4136/5832/3718 4135/5831/3717
f 4136/5832/3718 4162/5833/3719 4137/5834/3720
f 4162/5833/3719 4138/5835/3721 4137/5834/3720
f 4138/5835/3721 4164/5836/3722 4139/5837/3723
f 4164/5836/3722 4140/5838/3724 4139/5837/3723
f 4140/5838/3724 4166/5839/3725 4141/5840/3726
f 4166/5839/3725 4142/5841/3727 4141/5840/3726
f 4145/5842/1803 4141/5843/3726 4142/5844/3727
f 4142/5841/3727 4168/5845/3728 4143/5846/3729
f 4168/5845/3728 4144/5847/3730 4143/5846/3729
f 4164/5848/3722 4132/5849/1779 4165/5850/3731
f 4132/5849/1779 4163/5851/3732 4162/5852/3719
f 4167/5853/3733 4132/5849/1779 4168/5854/3728
f 4169/5855/3734 4132/5849/1779 4159/5856/3714
f 4132/5849/1779 4158/5857/3712 4159/5856/3714
f 4132/5849/1779 4166/5858/3725 4165/5850/3731
f 4163/5851/3732 4132/5849/1779 4164/5848/3722
f 4160/5859/3716 4132/5849/1779 4161/5860/3735
f 4161/5860/3735 4132/5849/1779 4162/5852/3719
f 4132/5849/1779 4169/5855/3734 4168/5854/3728
f 4166/5858/3725 4132/5849/1779 4167/5853/3733
f 4134/5861/3713 4133/5862/3715 4145/5842/1803
f 4132/5849/1779 4160/5859/3716 4158/5857/3712
f 4133/5862/3715 4135/5863/3717 4145/5842/1803
f 4145/5842/1803 4135/5863/3717 4136/5864/3718
f 4136/5864/3718 4137/5865/3720 4145/5842/1803
f 4145/5842/1803 4137/5865/3720 4138/5866/3721
f 4145/5842/1803 4138/5866/3721 4139/5867/3723
f 4139/5867/3723 4140/5868/3724 4145/5842/1803
f 4141/5843/3726 4145/5842/1803 4140/5868/3724
f 4142/5844/3727 4143/5869/3729 4145/5842/1803
f 4143/5869/3729 4144/5870/3730 4145/5842/1803
f 4145/5842/1803 4144/5870/3730 4134/5861/3713
f 4144/5847/3730 4159/5871/3714 4134/5872/3713
f 4147/5873/1677 4148/5874/3493 4146/5875/1677
f 4149/5876/3493 4150/5877/3492 4148/5874/3493
f 4151/5878/3492 4152/5879/3264 4150/5877/3492
f 4153/5880/3264 4154/5881/3491 4152/5879/3264
f 4154/5881/3491 4157/5882/3490 4156/5883/3490
f 4156/5883/3490 4147/5884/1677 4146/5885/1677
f 4197/5886/3736 4171/5887/3737 4172/5888/3738
f 4196/5889/3739 4173/5890/3740 4171/5887/3737
f 4198/5891/3741 4174/5892/3742 4173/5890/3740
f 4174/5892/3742 4200/5893/3743 4175/5894/3744
f 4175/5894/3744 4201/5895/3745 4176/5896/3746
f 4176/5896/3746 4202/5897/3747 4177/5898/3748
f 4202/5897/3747 4178/5899/3749 4177/5898/3748
f 4203/5900/3750 4179/5901/3751 4178/5899/3749
f 4204/5902/3752 4180/5903/3753 4179/5901/3751
f 4183/5904/3754 4179/5905/3751 4180/5906/3753
f 4180/5903/3753 4206/5907/3755 4181/5908/3756
f 4181/5908/3756 4207/5909/3757 4182/5910/3758
f 4202/5911/3747 4170/5912/3759 4203/5913/3750
f 4170/5912/3759 4201/5914/3745 4200/5915/3743
f 4205/5916/3760 4170/5912/3759 4206/5917/3755
f 4207/5918/3757 4170/5912/3759 4197/5919/3736
f 4170/5912/3759 4196/5920/3739 4197/5919/3736
f 4170/5912/3759 4204/5921/3752 4203/5913/3750
f 4201/5914/3745 4170/5912/3759 4202/5911/3747
f 4198/5922/3741 4170/5912/3759 4199/5923/3761
f 4199/5923/3761 4170/5912/3759 4200/5915/3743
f 4170/5912/3759 4207/5918/3757 4206/5917/3755
f 4204/5921/3752 4170/5912/3759 4205/5916/3760
f 4172/5924/3738 4171/5925/3737 4183/5904/3754
f 4170/5912/3759 4198/5922/3741 4196/5920/3739
f 4171/5925/3737 4173/5926/3740 4183/5904/3754
f 4183/5904/3754 4173/5926/3740 4174/5927/3742
f 4174/5927/3742 4175/5928/3744 4183/5904/3754
f 4183/5904/3754 4175/5928/3744 4176/5929/3746
f 4183/5904/3754 4176/5929/3746 4177/5930/3748
f 4177/5930/3748 4178/5931/3749 4183/5904/3754
f 4179/5905/3751 4183/5904/3754 4178/5931/3749
f 4180/5906/3753 4181/5932/3756 4183/5904/3754
f 4181/5932/3756 4182/5933/3758 4183/5904/3754
f 4183/5904/3754 4182/5933/3758 4172/5924/3738
f 4182/5910/3758 4197/5934/3736 4172/5935/3738
f 4184/5936/3762 4187/5937/3763 4186/5938/3764
f 4186/5938/3764 4189/5939/3765 4188/5940/3766
f 4189/5939/3765 4190/5941/3767 4188/5940/3766
f 4191/5942/3768 4192/5943/3769 4190/5941/3767
f 4193/5944/3770 4194/5945/3771 4192/5943/3769
f 4194/5945/3771 4185/5946/3772 4184/5947/3762
f 4234/5948/3773 4210/5949/3774 4235/5950/3775
f 4209/5951/3776 4236/5952/3777 4211/5953/3778
f 4211/5953/3778 4237/5954/3779 4212/5955/3780
f 4237/5954/3779 4213/5956/3781 4212/5955/3780
f 4238/5957/3782 4214/5958/3783 4213/5956/3781
f 4239/5959/3784 4215/5960/3785 4214/5958/3783
f 4215/5960/3785 4241/5961/3786 4216/5962/3787
f 4216/5962/3787 4242/5963/3788 4217/5964/3789
f 4217/5964/3789 4243/5965/3790 4218/5966/3791
f 4221/5967/3792 4217/5968/3789 4218/5969/3791
f 4243/5965/3790 4219/5970/3793 4218/5966/3791
f 4244/5971/3794 4220/5972/3795 4219/5970/3793
f 4240/5973/3796 4208/5974/3797 4241/5975/3786
f 4208/5974/3797 4239/5976/3784 4238/5977/3782
f 4243/5978/3790 4208/5974/3797 4244/5979/3794
f 4245/5980/3798 4208/5974/3797 4235/5981/3775
f 4208/5974/3797 4234/5982/3773 4235/5981/3775
f 4208/5974/3797 4242/5983/3788 4241/5975/3786
f 4239/5976/3784 4208/5974/3797 4240/5973/3796
f 4236/5984/3777 4208/5974/3797 4237/5985/3779
f 4237/5985/3779 4208/5974/3797 4238/5977/3782
f 4208/5974/3797 4245/5980/3798 4244/5979/3794
f 4242/5983/3788 4208/5974/3797 4243/5978/3790
f 4210/5986/3774 4209/5987/3776 4221/5967/3792
f 4208/5974/3797 4236/5984/3777 4234/5982/3773
f 4209/5987/3776 4211/5988/3778 4221/5967/3792
f 4221/5967/3792 4211/5988/3778 4212/5989/3780
f 4212/5989/3780 4213/5990/3781 4221/5967/3792
f 4221/5967/3792 4213/5990/3781 4214/5991/3783
f 4221/5967/3792 4214/5991/3783 4215/5992/3785
f 4215/5992/3785 4216/5993/3787 4221/5967/3792
f 4217/5968/3789 4221/5967/3792 4216/5993/3787
f 4218/5969/3791 4219/5994/3793 4221/5967/3792
f 4219/5994/3793 4220/5995/3795 4221/5967/3792
f 4221/5967/3792 4220/5995/3795 4210/5986/3774
f 4245/5996/3798 4210/5997/3774 4220/5972/3795
f 4223/5998/1677 4224/5999/3493 4222/6000/1677
f 4225/6001/3493 4226/6002/3492 4224/5999/3493
f 4226/6002/3492 4229/6003/3264 4228/6004/3264
f 4229/6003/3264 4230/6005/3491 4228/6004/3264
f 4231/6006/3491 4232/6007/3490 4230/6005/3491
f 4232/6007/3490 4223/6008/1677 4222/6009/1677
f 4272/6010/3267 4248/6011/3799 4273/6012/3800
f 4272/6010/3267 4249/6013/3801 4247/6014/3271
f 4274/6015/3802 4250/6016/3273 4249/6013/3801
f 4275/6017/3803 4251/6018/3804 4250/6016/3273
f 4251/6018/3804 4277/6019/3805 4252/6020/3806
f 4252/6020/3806 4278/6021/3807 4253/6022/3808
f 4278/6021/3807 4254/6023/3809 4253/6022/3808
f 4279/6024/3810 4255/6025/3811 4254/6023/3809
f 4255/6025/3811 4281/6026/3812 4256/6027/3813
f 4259/6028/2267 4255/6029/3811 4256/6030/3813
f 4256/6027/3813 4282/6031/3814 4257/6032/3815
f 4257/6032/3815 4283/6033/3816 4258/6034/3817
f 4278/6035/3807 4246/6036/2307 4279/6037/3810
f 4246/6036/2307 4277/6038/3805 4276/6039/3818
f 4281/6040/3812 4246/6036/2307 4282/6041/3814
f 4283/6042/3816 4246/6036/2307 4273/6043/3800
f 4246/6036/2307 4272/6044/3267 4273/6043/3800
f 4246/6036/2307 4280/6045/3819 4279/6037/3810
f 4277/6038/3805 4246/6036/2307 4278/6035/3807
f 4274/6046/3802 4246/6036/2307 4275/6047/3803
f 4275/6047/3803 4246/6036/2307 4276/6039/3818
f 4246/6036/2307 4283/6042/3816 4282/6041/3814
f 4280/6045/3819 4246/6036/2307 4281/6040/3812
f 4248/6048/3799 4247/6049/3271 4259/6028/2267
f 4246/6036/2307 4274/6046/3802 4272/6044/3267
f 4247/6049/3271 4249/6050/3801 4259/6028/2267
f 4259/6028/2267 4249/6050/3801 4250/6051/3273
f 4250/6051/3273 4251/6052/3804 4259/6028/2267
f 4259/6028/2267 4251/6052/3804 4252/6053/3806
f 4259/6028/2267 4252/6053/3806 4253/6054/3808
f 4253/6054/3808 4254/6055/3809 4259/6028/2267
f 4255/6029/3811 4259/6028/2267 4254/6055/3809
f 4256/6030/3813 4257/6056/3815 4259/6028/2267
f 4257/6056/3815 4258/6057/3817 4259/6028/2267
f 4259/6028/2267 4258/6057/3817 4248/6048/3799
f 4258/6034/3817 4273/6058/3800 4248/6059/3799
f 4261/6060/3291 4262/6061/3292 4260/6062/3291
f 4263/6063/3293 4264/6064/3294 4262/6061/3292
f 4265/6065/3295 4266/6066/3296 4264/6064/3294
f 4267/6067/3296 4268/6068/3820 4266/6066/3296
f 4269/6069/3297 4270/6070/3298 4268/6068/3820
f 4271/6071/3299 4260/6072/3291 4270/6070/3298
f 1428/1/1 1408/6/6 4/2/2
f 2/4/4 1/1664/1460 1409/5/5
f 1410/7/7 9/17/17 11/8/8
f 1411/9/9 11/8/8 32/10/10
f 1412/12/12 1413/15/15 14/13/13
f 1413/15/15 1414/18/18 15/16/16
f 1412/12/12 16/14/14 9/17/17
f 1414/18/18 1416/116/115 20/19/19
f 1415/20/20 1417/25/25 19/21/21
f 17/23/23 21/34/34 1418/24/24
f 29/26/26 23/1583/1382 1419/27/27
f 1420/29/29 27/33/33 38/30/30
f 1421/32/32 28/1747/1287 27/33/33
f 21/34/34 29/26/26 1422/28/28
f 1423/11/11 32/10/10 6/35/35
f 1421/32/32 26/1640/1437 34/36/36
f 1427/38/38 42/42/42 33/39/39
f 1419/27/27 1426/31/31 38/30/30
f 1424/37/37 34/36/36 42/42/42
f 33/39/39 43/1702/113 1429/43/43
f 1431/44/44 57/61/61 56/45/45
f 1432/47/47 1433/56/56 62/48/48
f 1432/47/47 61/49/49 60/50/50
f 1439/52/52 1436/55/55 58/53/53
f 1430/46/46 56/45/45 58/53/53
f 1433/56/56 1435/64/64 59/57/57
f 1438/58/58 55/6073/1351 54/59/59
f 1431/44/44 1437/60/60 54/59/59
f 1440/62/62 1439/52/52 64/54/54
f 1435/64/64 1440/62/62 66/63/63
f 1434/51/51 60/50/50 67/65/65
f 1455/67/67 96/94/94 72/68/68
f 1449/70/70 83/84/84 71/71/71
f 1445/73/73 80/77/77 79/74/74
f 1446/76/76 82/85/85 80/77/77
f 1447/78/78 1444/75/75 79/74/74
f 1448/80/80 78/83/83 86/81/81
f 1443/72/72 71/71/71 78/83/83
f 1442/69/69 72/68/68 83/84/84
f 1450/82/82 86/81/81 82/85/85
f 1447/78/78 81/79/79 87/86/86
f 1451/87/87 87/86/86 89/88/88
f 1452/89/89 89/88/88 91/90/90
f 1453/91/91 91/90/90 93/92/92
f 1441/66/66 67/65/65 96/94/94
f 1456/95/95 98/103/102 94/96/96
f 1459/98/97 1457/101/100 100/99/98
f 1457/101/100 1458/1741/1496 102/102/101
f 1459/98/97 103/100/99 98/103/102
f 1461/104/103 108/115/114 106/105/104
f 1480/107/106 148/156/151 147/108/107
f 1463/110/109 1462/113/112 110/111/110
f 1462/113/112 1429/1736/43 43/114/113
f 1463/110/109 111/112/111 108/115/114
f 1416/116/115 1415/20/20 114/22/22
f 1407/117/116 1428/1/1 40/3/3
f 1465/119/118 118/128/126 116/120/119
f 1467/122/121 1466/127/125 120/123/122
f 119/125/124 55/6074/1351 1438/126/58
f 1467/122/121 121/124/123 118/128/126
f 1468/129/127 124/137/134 3/130/128
f 1471/132/129 1469/135/132 126/133/130
f 1469/135/132 1470/1727/179 128/136/133
f 1471/132/129 129/134/131 124/137/134
f 1476/138/135 1458/1741/1496 101/139/136
f 1472/141/138 132/147/144 152/142/139
f 1473/144/141 134/152/147 136/145/142
f 1474/146/143 136/145/142 132/147/144
f 1460/148/105 1475/154/149 138/149/145
f 1476/151/135 140/6075/137 134/152/147
f 1483/153/148 154/162/157 138/149/145
f 1478/155/150 144/160/155 148/156/151
f 1479/109/108 147/108/107 143/157/152
f 1481/159/154 150/161/156 144/160/155
f 1482/143/140 152/142/139 150/161/156
f 1477/158/153 143/157/152 154/162/157
f 1484/163/158 156/188/181 171/164/159
f 1485/166/161 158/170/165 179/167/162
f 1486/169/164 160/190/183 158/170/165
f 1487/171/166 162/175/170 177/172/167
f 1487/171/166 1488/189/182 164/174/169
f 1489/176/171 166/180/175 175/177/172
f 1490/179/174 168/182/177 166/180/175
f 1491/181/176 170/184/178 168/182/177
f 1464/183/120 116/1604/119 170/184/178
f 1470/185/179 1492/165/160 171/164/159
f 1493/187/180 173/191/184 156/188/181
f 1494/178/173 175/177/172 164/174/169
f 1486/169/164 1495/173/168 177/172/167
f 1496/168/163 179/167/162 173/191/184
f 230/192/185 183/278/271 184/193/186
f 1200/195/188 621/703/684 628/196/189
f 725/198/191 243/834/760 234/199/192
f 1338/201/194 299/728/706 189/202/195
f 1319/204/197 181/729/707 182/205/198
f 207/206/199 194/219/212 195/207/200
f 615/209/202 185/733/711 298/210/203
f 192/212/205 193/226/219 209/213/206
f 584/215/208 199/825/793 211/216/209
f 302/218/211 300/244/237 194/219/212
f 241/220/213 240/6076/761 724/221/214
f 284/223/216 285/288/281 201/200/193
f 192/212/205 217/251/244 198/225/218
f 203/227/220 216/731/709 633/228/221
f 229/230/223 181/729/707 282/231/224
f 213/233/226 206/265/258 1320/234/227
f 283/236/229 213/233/226 1321/235/228
f 631/229/222 632/351/344 212/238/231
f 683/239/232 717/795/763 720/240/233
f 281/242/235 210/214/207 209/213/206
f 300/244/237 301/374/367 196/245/238
f 279/246/239 207/206/199 208/208/201
f 236/247/240 238/276/269 214/248/241
f 239/250/243 236/247/240 204/249/242
f 1056/252/245 1057/1258/1123 1208/253/246
f 623/255/248 225/701/682 219/256/249
f 204/249/242 214/248/241 220/258/251
f 223/260/253 221/1419/1277 1323/261/254
f 1323/261/254 221/1419/1277 222/263/256
f 206/265/258 223/260/253 1322/262/255
f 217/251/244 204/249/242 218/259/252
f 197/266/259 196/245/238 572/267/260
f 194/219/212 196/245/238 197/266/259
f 974/269/262 979/996/938 881/270/263
f 883/272/265 982/320/313 981/273/266
f 619/275/268 236/247/240 239/250/243
f 619/275/268 618/296/289 238/276/269
f 210/214/207 237/347/340 235/277/270
f 183/278/271 230/192/185 286/279/272
f 235/277/270 239/250/243 217/251/244
f 234/199/192 233/281/274 188/224/217
f 186/280/273 188/224/217 233/281/274
f 310/283/276 302/218/211 207/206/199
f 229/230/223 230/192/185 231/194/187
f 721/285/278 583/217/210 211/216/209
f 896/286/279 241/220/213 723/222/215
f 725/198/191 201/200/193 285/288/281
f 609/290/283 613/715/696 612/291/284
f 238/276/269 248/309/302 249/293/286
f 215/294/287 247/709/690 634/295/288
f 1324/264/257 222/263/256 251/297/290
f 1325/299/292 608/713/694 250/300/293
f 624/302/295 254/313/306 637/303/296
f 638/305/298 252/311/304 253/306/299
f 304/308/301 640/372/365 644/304/297
f 634/295/288 643/310/303 249/293/286
f 643/310/303 602/317/310 252/311/304
f 625/312/305 261/344/337 254/313/306
f 252/311/304 259/345/338 260/314/307
f 246/315/308 257/343/336 605/316/309
f 1328/318/311 257/343/336 246/315/308
f 883/272/265 884/346/339 984/319/312
f 886/321/314 885/707/688 986/322/315
f 275/324/317 265/355/348 266/325/318
f 263/327/320 604/364/357 601/328/321
f 627/330/323 626/704/685 267/331/324
f 1329/333/326 263/327/320 277/329/322
f 269/335/328 606/710/691 603/336/329
f 294/338/331 272/341/334 1330/339/332
f 272/341/334 273/1429/1281 1331/342/335
f 1332/334/327 277/329/322 257/343/336
f 625/312/305 627/330/323 271/332/325
f 277/329/322 601/328/321 605/316/309
f 259/345/338 275/324/317 276/326/319
f 884/346/339 886/321/314 985/323/316
f 281/242/235 286/279/272 237/347/340
f 279/246/239 284/223/216 188/224/217
f 186/280/273 232/282/275 305/348/341
f 183/278/271 281/242/235 280/243/236
f 191/350/343 283/236/229 1333/237/230
f 632/351/344 639/232/225 282/231/224
f 721/285/278 195/207/200 197/266/259
f 1331/342/335 1334/368/361 289/352/345
f 295/354/347 266/325/318 265/355/348
f 1337/357/350 1335/381/374 288/358/351
f 295/354/347 599/712/693 597/360/353
f 266/325/318 295/354/347 313/361/354
f 1329/333/326 264/1431/1282 294/338/331
f 292/337/330 603/336/329 604/364/357
f 593/365/358 296/694/675 308/362/355
f 267/331/324 594/705/686 596/366/359
f 1334/368/361 1337/357/350 312/359/352
f 184/193/186 280/243/236 310/283/276
f 260/314/307 276/326/319 309/369/362
f 276/326/319 266/325/318 308/362/355
f 260/314/307 307/370/363 306/371/364
f 636/307/300 253/306/299 306/371/364
f 297/349/342 305/348/341 231/194/187
f 218/259/252 220/258/251 304/308/301
f 198/225/218 218/259/252 303/373/366
f 280/243/236 209/213/206 302/218/211
f 193/226/219 198/225/218 301/374/367
f 209/213/206 193/226/219 300/244/237
f 297/349/342 310/283/276 279/246/239
f 641/211/204 298/210/203 182/205/198
f 887/375/368 988/379/372 987/376/369
f 888/378/371 989/6077/1045 988/379/372
f 288/358/351 314/382/375 573/380/373
f 1335/381/374 1339/6078/667 314/382/375
f 857/383/376 991/6079/1047 990/384/377
f 327/386/379 329/396/389 325/387/380
f 320/389/382 324/1708/1495 322/390/383
f 340/392/385 328/410/403 333/393/386
f 392/395/388 393/474/467 329/396/389
f 338/397/390 331/403/396 330/398/391
f 336/400/393 328/410/403 340/392/385
f 395/402/395 394/413/406 331/403/396
f 858/404/397 336/400/393 342/401/394
f 321/388/381 325/387/380 335/406/399
f 859/405/398 342/401/394 334/407/400
f 392/395/388 395/402/395 338/397/390
f 342/401/394 340/392/385 321/388/381
f 319/391/384 338/397/390 341/399/392
f 340/392/385 339/394/387 327/386/379
f 331/403/396 345/414/407 344/408/401
f 348/409/402 343/463/456 328/410/403
f 328/410/403 343/463/456 347/411/404
f 860/412/405 348/409/402 336/400/393
f 394/413/406 396/465/458 345/414/407
f 388/415/408 351/419/412 350/416/409
f 397/418/411 399/444/437 351/419/412
f 381/420/413 354/438/431 349/421/414
f 397/418/411 398/473/466 384/423/416
f 361/425/418 357/437/430 356/426/419
f 360/428/421 355/475/468 364/429/422
f 863/431/424 862/593/586 360/428/421
f 364/429/422 355/475/468 359/432/425
f 427/434/427 426/464/457 349/421/414
f 390/436/429 389/472/465 357/437/430
f 863/431/424 363/430/423 354/438/431
f 367/440/433 361/425/418 362/427/420
f 351/419/412 367/440/433 369/441/434
f 368/442/435 366/470/463 391/443/436
f 391/443/436 390/436/429 361/425/418
f 372/445/438 373/1446/1293 1341/446/439
f 1342/448/441 377/1452/1294 378/449/442
f 376/451/444 377/1452/1294 1342/448/441
f 1349/453/446 385/462/455 374/454/447
f 374/454/447 372/445/438 1340/447/440
f 1343/450/443 378/449/442 375/456/449
f 370/458/451 371/1444/1292 1348/459/452
f 1341/446/439 373/1446/1293 370/458/451
f 1350/461/454 387/469/462 385/462/455
f 343/463/456 382/422/415 426/464/457
f 396/465/458 398/473/466 379/466/459
f 864/467/460 381/420/413 348/409/402
f 348/409/402 381/420/413 382/422/415
f 345/414/407 379/466/459 380/468/461
f 1345/457/450 375/456/449 387/469/462
f 379/466/459 388/415/408 386/417/410
f 861/439/432 354/438/431 381/420/413
f 366/470/463 430/471/464 390/436/429
f 430/471/464 431/493/486 389/472/465
f 347/411/404 384/423/416 398/473/466
f 388/415/408 379/466/459 398/473/466
f 353/424/417 368/442/435 399/444/437
f 333/393/386 347/411/404 396/465/458
f 327/386/379 339/394/387 395/402/395
f 339/394/387 333/393/386 394/413/406
f 319/391/384 322/390/383 393/474/467
f 427/434/427 428/435/428 353/424/417
f 399/444/437 391/443/436 367/440/433
f 355/475/468 400/484/477 401/476/469
f 402/477/470 403/481/474 486/478/471
f 404/480/473 405/483/476 403/481/474
f 406/482/475 407/527/520 405/483/476
f 360/428/421 408/486/479 400/484/477
f 410/485/478 411/565/558 400/484/477
f 472/487/480 412/490/483 413/488/481
f 412/490/483 414/557/550 415/491/484
f 389/472/465 416/494/487 417/492/485
f 431/493/486 433/514/507 416/494/487
f 432/495/488 418/498/491 488/496/489
f 418/498/491 419/502/495 489/499/492
f 434/500/493 421/534/527 418/498/491
f 418/498/491 421/534/527 422/501/494
f 1344/452/445 1351/581/574 409/503/496
f 357/437/430 417/492/485 420/504/497
f 489/499/492 419/502/495 425/505/498
f 1365/507/500 1352/547/540 424/508/501
f 1359/510/503 1353/546/539 423/511/504
f 457/513/506 425/505/498 419/502/495
f 426/464/457 427/434/427 384/423/416
f 429/433/426 359/432/425 366/470/463
f 363/430/423 364/429/422 349/421/414
f 364/429/422 429/433/426 428/435/428
f 405/483/476 434/500/493 432/495/488
f 403/481/474 432/495/488 492/497/490
f 359/432/425 401/476/469 433/514/507
f 428/435/428 429/433/426 368/442/435
f 431/493/486 430/471/464 366/470/463
f 487/479/472 493/526/519 441/515/508
f 442/516/509 435/518/511 402/477/470
f 443/517/510 437/529/522 435/518/511
f 470/519/512 444/576/569 439/520/513
f 496/522/515 444/576/569 470/519/512
f 495/524/517 443/517/510 442/516/509
f 494/525/518 442/516/509 441/515/508
f 407/527/520 421/534/527 434/500/493
f 402/477/470 435/518/511 445/528/521
f 445/528/521 435/518/511 437/529/522
f 404/480/473 445/528/521 446/530/523
f 446/530/523 449/566/559 447/531/524
f 406/482/475 447/531/524 448/532/525
f 407/527/520 450/535/528 458/533/526
f 1354/536/529 452/541/534 453/537/530
f 453/537/530 455/548/541 1356/539/532
f 1357/540/533 454/568/561 452/541/534
f 459/542/535 451/545/538 1358/543/536
f 451/545/538 423/511/504 1353/546/539
f 1352/547/540 1359/510/503 456/512/505
f 455/548/541 459/542/535 1360/544/537
f 413/488/481 460/552/545 473/549/542
f 474/550/543 438/556/549 436/551/544
f 415/491/484 461/554/547 460/552/545
f 463/553/546 464/559/552 461/554/547
f 475/555/548 465/561/554 438/556/549
f 414/557/550 462/563/556 463/553/546
f 467/558/551 468/564/557 464/559/552
f 476/560/553 440/580/573 465/561/554
f 466/562/555 467/558/551 463/553/546
f 497/523/516 470/519/512 443/517/510
f 470/519/512 469/521/514 437/529/522
f 468/564/557 476/560/553 475/555/548
f 464/559/552 475/555/548 474/550/543
f 461/554/547 474/550/543 473/549/542
f 471/489/482 473/549/542 436/551/544
f 472/487/480 471/489/482 411/565/558
f 469/521/514 449/566/559 446/530/523
f 1361/567/560 477/570/563 454/568/561
f 1361/567/560 1362/572/565 479/569/562
f 439/520/513 480/577/570 478/571/564
f 1362/572/565 1363/574/567 481/573/566
f 1363/574/567 1364/1707/596 483/575/568
f 444/576/569 482/579/572 480/577/570
f 485/578/571 484/6080/593 482/579/572
f 465/561/554 497/523/516 495/524/517
f 485/578/571 444/576/569 496/522/515
f 436/551/544 494/525/518 493/526/519
f 438/556/549 495/524/517 494/525/518
f 440/580/573 496/522/515 497/523/516
f 411/565/558 493/526/519 487/479/472
f 486/478/471 492/497/490 433/514/507
f 1351/581/574 1365/507/500 491/509/502
f 417/492/485 489/499/492 490/506/499
f 488/496/489 489/499/492 417/492/485
f 492/497/490 488/496/489 416/494/487
f 487/479/472 486/478/471 401/476/469
f 865/582/575 1004/595/588 1005/583/576
f 1000/585/578 999/588/581 868/586/579
f 999/588/581 1001/6081/1062 869/589/582
f 869/589/582 1001/6081/1062 1003/590/583
f 996/592/585 1000/585/578 867/587/580
f 871/594/587 1002/596/589 1004/595/588
f 870/591/584 1003/590/583 1002/596/589
f 476/597/553 509/607/594 505/598/590
f 1005/600/576 1006/642/627 872/601/591
f 485/603/571 512/612/598 511/604/592
f 468/606/557 508/611/597 509/607/594
f 484/605/593 511/604/592 1366/608/595
f 467/610/551 507/614/599 508/611/597
f 440/599/573 505/598/590 512/612/598
f 466/613/555 506/1002/943 507/614/599
f 533/615/600 532/623/608 521/616/601
f 535/618/603 534/621/606 517/619/604
f 534/621/606 536/628/613 516/622/607
f 532/623/608 537/627/612 514/624/609
f 1369/625/610 533/615/600 520/617/602
f 537/627/612 535/618/603 518/620/605
f 536/628/613 539/643/628 515/629/614
f 875/630/615 1007/6082/1066 1008/631/616
f 521/616/601 514/624/609 523/633/618
f 1367/626/611 520/617/602 529/635/620
f 518/620/605 527/640/625 523/633/618
f 515/629/614 524/1003/847 525/637/622
f 873/632/617 1008/631/616 1009/638/623
f 520/617/602 521/616/601 530/634/619
f 517/619/604 526/641/626 527/640/625
f 516/622/607 525/637/622 526/641/626
f 1006/642/627 1007/6082/1066 875/630/615
f 507/614/599 506/1002/943 539/643/628
f 505/598/590 509/607/594 535/618/603
f 511/604/592 533/615/600 1369/625/610
f 512/612/598 505/598/590 537/627/612
f 508/611/597 507/614/599 536/628/613
f 509/607/594 508/611/597 534/621/606
f 511/604/592 512/612/598 532/623/608
f 545/644/629 554/654/639 550/645/630
f 1011/647/632 1010/6083/1069 877/648/633
f 548/650/635 557/659/644 556/651/636
f 545/644/629 544/658/643 553/653/638
f 547/652/637 556/651/636 1371/655/640
f 543/657/642 552/690/672 553/653/638
f 541/646/631 550/645/630 557/659/644
f 788/660/645 789/934/883 1390/661/646
f 575/663/648 574/671/656 566/664/649
f 577/666/651 576/669/654 562/667/652
f 576/669/654 578/676/661 561/670/655
f 574/671/656 579/675/660 559/672/657
f 1373/673/658 575/663/648 565/665/650
f 579/675/660 577/666/651 563/668/653
f 578/676/661 581/691/673 560/677/662
f 880/678/663 1013/689/671 1012/679/664
f 566/664/649 559/672/657 568/681/666
f 1372/674/659 565/665/650 314/683/375
f 563/668/653 571/687/669 568/681/666
f 560/677/662 569/1001/942 317/685/668
f 1012/679/664 989/6084/1045 888/686/371
f 566/664/649 573/682/373 314/683/375
f 562/667/652 570/688/670 571/687/669
f 561/670/655 317/685/668 570/688/670
f 877/648/633 1010/6083/1069 1013/689/671
f 552/690/672 551/946/894 581/691/673
f 550/645/630 554/654/639 577/666/651
f 556/651/636 575/663/648 1373/673/658
f 557/659/644 550/645/630 579/675/660
f 553/653/638 552/690/672 578/676/661
f 554/654/639 553/653/638 576/669/654
f 556/651/636 557/659/644 574/671/656
f 317/692/668 569/1010/942 592/693/674
f 617/695/676 296/694/675 592/693/674
f 261/344/337 271/332/325 591/697/678
f 271/332/325 267/331/324 590/367/360
f 261/344/337 589/698/679 588/699/680
f 254/313/306 588/699/680 642/700/681
f 225/701/682 586/725/703 585/702/683
f 621/703/684 572/267/260 196/245/238
f 626/704/685 617/695/676 594/705/686
f 313/361/354 597/360/353 598/706/687
f 885/707/688 889/719/697 1014/708/689
f 247/709/690 602/317/310 643/310/303
f 606/710/691 269/335/328 270/353/346
f 599/712/693 295/354/347 293/356/349
f 597/360/353 609/290/283 610/292/285
f 599/712/693 611/363/356 609/290/283
f 604/364/357 603/336/329 293/356/349
f 603/336/329 606/710/691 600/711/692
f 601/328/321 604/364/357 265/355/348
f 605/316/309 601/328/321 275/324/317
f 602/317/310 605/316/309 259/345/338
f 1326/298/291 251/297/290 608/713/694
f 573/380/373 568/716/666 610/292/285
f 607/714/695 246/315/308 602/317/310
f 611/363/356 289/352/345 613/715/696
f 611/363/356 599/712/693 600/711/692
f 613/715/696 312/359/352 288/358/351
f 568/716/666 571/717/669 598/706/687
f 571/717/669 570/718/670 593/365/358
f 570/718/670 317/692/668 296/694/675
f 308/362/355 296/694/675 617/695/676
f 594/705/686 617/695/676 630/696/677
f 890/377/370 987/376/369 1014/708/689
f 249/293/286 643/310/303 638/305/298
f 237/347/340 286/279/272 639/232/225
f 307/370/363 309/369/362 627/330/323
f 309/369/362 308/362/355 626/704/685
f 307/370/363 625/312/305 624/302/295
f 306/371/364 624/302/295 644/304/297
f 220/258/251 636/307/300 640/372/365
f 303/373/366 304/308/301 623/255/248
f 1198/720/698 974/269/262 855/271/264
f 305/348/341 641/211/204 616/284/277
f 854/722/700 983/732/710 975/723/701
f 637/303/296 642/700/681 586/725/703
f 301/374/367 622/257/250 1210/726/704
f 1317/727/705 190/1489/1309 299/728/706
f 214/248/241 638/305/298 636/307/300
f 623/255/248 644/304/297 637/303/296
f 618/296/289 634/295/288 248/309/302
f 181/729/707 229/230/223 616/284/277
f 205/730/708 215/294/287 618/296/289
f 216/731/709 205/730/708 619/275/268
f 891/274/267 981/273/266 983/732/710
f 235/277/270 237/347/340 632/351/344
f 230/192/185 229/230/223 639/232/225
f 631/229/222 633/228/221 239/250/243
f 232/282/275 615/209/202 641/211/204
f 232/282/275 233/281/274 614/735/713
f 649/736/714 658/746/724 654/737/715
f 646/739/717 1016/6085/1022 1015/740/718
f 652/742/720 661/751/729 660/743/721
f 648/745/723 657/750/728 658/746/724
f 651/744/722 660/743/721 1375/747/725
f 647/749/727 656/752/730 657/750/728
f 645/738/716 654/737/715 661/751/729
f 646/739/717 655/741/719 656/752/730
f 673/753/731 672/761/739 670/754/732
f 674/756/734 666/760/738 667/757/735
f 676/759/737 665/767/745 666/760/738
f 672/761/739 677/765/743 663/762/740
f 1377/763/741 673/753/731 669/755/733
f 675/758/736 667/757/735 663/762/740
f 679/766/744 664/769/747 665/767/745
f 679/766/744 1018/777/749 1017/768/746
f 1017/768/746 991/6086/1047 857/770/376
f 322/771/383 324/1706/1495 669/755/733
f 666/760/738 325/773/380 329/772/389
f 665/767/745 335/1106/399 325/773/380
f 663/762/740 393/776/467 322/771/383
f 1348/774/452 371/1551/1292 668/775/748
f 667/757/735 329/772/389 393/776/467
f 655/741/719 1015/740/718 1018/777/749
f 655/741/719 679/766/744 676/759/737
f 654/737/715 658/746/724 675/758/736
f 660/743/721 673/753/731 1377/763/741
f 661/751/729 654/737/715 677/765/743
f 656/752/730 676/759/737 674/756/734
f 657/750/728 674/756/734 675/758/736
f 660/743/721 661/751/729 672/761/739
f 202/778/750 245/787/757 685/779/751
f 1020/781/753 1019/6087/1078 892/782/754
f 185/784/711 187/792/712 688/785/755
f 245/787/757 243/791/760 684/788/758
f 185/784/711 687/786/756 1378/789/759
f 243/791/760 287/827/795 683/239/232
f 187/792/712 202/778/750 681/780/752
f 240/793/761 241/1000/213 682/794/762
f 709/796/764 708/804/772 697/797/765
f 711/799/767 710/802/770 693/800/768
f 710/802/770 712/241/234 692/803/771
f 708/804/772 713/808/776 690/805/773
f 1381/806/774 709/796/764 696/798/766
f 713/808/776 711/799/767 694/801/769
f 720/240/233 715/824/792 691/809/777
f 895/811/779 1022/823/791 1021/812/780
f 690/805/773 699/817/785 706/814/782
f 1379/807/775 696/798/766 705/815/783
f 694/801/769 703/821/789 699/817/785
f 691/809/777 700/999/941 719/818/786
f 893/813/781 1021/812/780 1023/819/787
f 696/798/766 697/797/765 706/814/782
f 693/800/768 702/822/790 703/821/789
f 692/803/771 701/826/794 702/822/790
f 892/782/754 1019/6087/1078 1022/823/791
f 717/795/763 682/794/762 715/824/792
f 681/780/752 685/779/751 711/799/767
f 1378/789/759 687/786/756 709/796/764
f 688/785/755 681/780/752 713/808/776
f 684/788/758 683/239/232 712/241/234
f 685/779/751 684/788/758 710/802/770
f 687/786/756 688/785/755 708/804/772
f 211/216/209 199/825/793 208/208/201
f 285/288/281 284/223/216 208/208/201
f 718/810/778 719/818/786 701/826/794
f 712/241/234 720/240/233 718/810/778
f 287/827/795 240/793/761 717/795/763
f 724/221/214 240/6076/761 287/828/795
f 879/829/796 852/831/798 583/217/210
f 721/285/278 242/268/261 851/830/797
f 242/268/261 572/267/260 881/270/263
f 584/215/208 583/217/210 852/831/798
f 723/222/215 724/221/214 199/825/793
f 233/281/274 234/199/192 202/833/750
f 614/735/713 202/833/750 187/734/712
f 199/825/793 724/221/214 722/289/282
f 243/834/760 725/198/191 722/289/282
f 853/832/799 897/287/280 723/222/215
f 544/836/643 736/895/845 744/837/800
f 759/839/801 524/897/847 874/840/624
f 761/842/803 526/846/626 525/843/622
f 762/845/805 527/848/625 526/846/626
f 763/847/806 523/850/618 527/848/625
f 763/847/806 764/851/807 530/849/619
f 764/851/807 765/911/860 529/852/620
f 1386/853/808 766/910/859 528/854/809
f 797/856/810 735/896/846 1382/857/811
f 733/859/813 793/862/816 796/860/814
f 793/862/816 733/859/813 732/863/817
f 792/864/818 732/863/817 731/865/819
f 791/866/820 731/865/819 730/867/821
f 771/869/823 790/868/822 730/867/821
f 542/871/825 728/892/843 898/872/826
f 753/874/827 743/1521/1323 1383/875/828
f 752/877/830 742/1704/1494 741/878/831
f 751/879/832 741/878/831 740/880/833
f 750/881/834 740/880/833 739/882/835
f 749/883/836 739/882/835 738/884/837
f 748/885/838 738/884/837 737/886/839
f 548/888/635 756/901/851 755/889/841
f 729/891/842 747/887/840 728/892/843
f 728/892/843 746/899/849 899/893/844
f 545/894/629 754/898/848 736/895/845
f 730/867/821 748/885/838 747/887/840
f 731/865/819 749/883/836 748/885/838
f 732/863/817 750/881/834 749/883/836
f 733/859/813 751/879/832 750/881/834
f 734/861/815 752/877/830 751/879/832
f 735/896/846 753/874/827 1384/876/829
f 760/844/804 525/843/622 524/897/847
f 541/890/631 755/889/841 754/898/848
f 747/887/840 737/886/839 746/899/849
f 548/888/635 547/1705/637 757/900/850
f 1370/902/641 546/1513/1302 758/903/852
f 804/905/854 760/844/804 759/839/801
f 799/907/856 805/906/855 900/908/857
f 1383/875/828 743/1521/1323 766/910/859
f 741/878/831 742/1704/1494 765/911/860
f 740/880/833 741/878/831 764/851/807
f 800/912/861 804/905/854 805/906/855
f 803/913/862 761/842/803 760/844/804
f 805/906/855 759/839/801 901/841/802
f 786/914/863 787/930/879 811/915/864
f 769/918/867 771/869/823 782/870/824
f 754/898/848 772/920/869 770/917/866
f 768/919/868 773/922/871 771/869/823
f 755/889/841 774/923/872 772/920/869
f 783/921/870 775/924/873 773/922/871
f 756/901/851 776/929/878 774/923/872
f 775/924/873 783/921/870 785/925/874
f 806/927/876 778/1703/1493 808/928/877
f 787/930/879 779/939/888 809/931/880
f 1385/904/853 758/903/852 807/932/881
f 789/934/883 781/940/889 1388/935/884
f 780/936/885 788/660/645 1389/662/647
f 542/871/825 543/838/642 744/837/800
f 808/928/877 778/1703/1493 786/914/863
f 776/929/878 784/938/887 783/921/870
f 774/923/872 783/921/870 768/919/868
f 772/920/869 768/919/868 769/918/867
f 773/922/871 791/866/820 790/868/822
f 775/924/873 792/864/818 791/866/820
f 777/926/875 793/862/816 792/864/818
f 779/939/888 794/942/891 777/926/875
f 781/940/889 795/943/892 1391/941/890
f 794/942/891 796/860/814 793/862/816
f 795/943/892 797/856/810 1392/858/812
f 746/899/849 799/907/856 902/909/858
f 738/884/837 801/944/893 800/912/861
f 762/845/805 761/842/803 803/913/862
f 737/886/839 800/912/861 799/907/856
f 801/944/893 738/884/837 739/882/835
f 801/944/893 803/913/862 804/905/854
f 740/880/833 763/847/806 762/845/805
f 807/932/881 780/936/885 1387/937/886
f 808/928/877 810/916/865 784/938/887
f 811/915/864 809/931/880 777/926/875
f 810/916/865 811/915/864 785/925/874
f 756/901/851 757/900/850 806/927/876
f 782/870/824 729/891/842 744/837/800
f 552/690/672 543/657/642 542/945/825
f 1402/947/895 828/974/919 813/948/896
f 941/950/898 815/953/901 1395/951/899
f 815/953/901 817/972/917 1396/954/902
f 834/955/903 819/1036/966 1397/956/904
f 1397/956/904 819/1036/966 821/958/906
f 832/960/908 823/963/911 1399/961/909
f 823/963/911 825/965/913 1400/964/912
f 825/965/913 827/967/915 1401/966/914
f 827/967/915 651/1053/722 1374/968/726
f 705/969/783 828/974/919 1402/947/895
f 813/948/896 830/1041/971 1403/971/916
f 821/958/906 832/960/908 1404/962/910
f 817/972/917 834/955/903 1405/957/905
f 705/969/783 706/975/782 837/973/918
f 706/975/782 836/977/921 838/976/920
f 836/977/921 839/1015/952 840/978/922
f 840/978/922 839/1015/952 841/979/923
f 842/980/924 841/979/923 843/981/925
f 844/982/926 843/981/925 845/983/927
f 846/984/928 845/983/927 847/985/929
f 899/893/844 902/909/858 1027/987/931
f 900/908/857 901/841/802 1028/989/933
f 902/909/858 900/908/857 1029/990/934
f 898/872/826 899/893/844 1026/988/932
f 876/873/634 898/872/826 1025/991/935
f 901/841/802 874/840/624 1009/993/623
f 980/994/936 1024/1012/950 897/287/280
f 980/994/936 853/832/799 852/831/798
f 851/830/797 881/270/263 979/996/938
f 879/829/796 851/830/797 978/997/939
f 976/995/937 852/831/798 879/829/796
f 682/794/762 892/782/754 895/811/779
f 893/813/781 894/820/788 700/999/941
f 715/824/792 895/811/779 893/813/781
f 241/1000/213 896/783/279 892/782/754
f 642/700/681 891/274/267 854/722/700
f 586/725/703 854/722/700 882/724/702
f 1201/721/699 855/271/264 621/703/684
f 596/366/359 630/696/677 890/377/370
f 590/367/360 596/366/359 889/719/697
f 551/946/894 877/648/633 880/678/663
f 878/680/665 888/686/371 569/1001/942
f 581/691/673 880/678/663 878/680/665
f 876/649/634 877/648/633 551/946/894
f 506/1002/943 872/601/591 875/630/615
f 873/632/617 874/639/624 524/1003/847
f 539/643/628 875/630/615 873/632/617
f 466/613/555 866/602/577 872/601/591
f 870/591/584 871/594/587 414/557/550
f 871/594/587 865/582/575 462/563/556
f 862/593/586 867/587/580 408/486/479
f 869/589/582 870/591/584 412/490/483
f 868/586/579 869/589/582 472/487/480
f 867/587/580 868/586/579 410/485/478
f 865/582/575 866/584/577 466/562/555
f 998/1004/944 861/439/432 864/467/460
f 995/1005/945 864/467/460 860/412/405
f 997/1007/947 863/431/424 861/439/432
f 997/1007/947 996/592/585 862/593/586
f 994/1006/946 860/412/405 858/404/397
f 992/1009/949 859/405/398 856/385/378
f 993/1008/948 858/404/397 859/405/398
f 334/407/400 335/406/399 857/383/376
f 569/1010/942 888/378/371 887/375/368
f 592/693/674 887/375/368 890/377/370
f 589/698/679 591/697/678 886/321/314
f 591/697/678 590/367/360 885/707/688
f 589/698/679 884/346/339 883/272/265
f 1020/1011/753 896/286/279 897/287/280
f 588/699/680 883/272/265 891/274/267
f 855/271/264 881/270/263 572/267/260
f 903/1013/951 836/977/921 706/975/782
f 839/1015/952 836/977/921 903/1013/951
f 905/1017/954 841/979/923 839/1015/952
f 906/1018/955 843/981/925 841/979/923
f 907/1019/956 845/983/927 843/981/925
f 908/1020/957 847/985/929 845/983/927
f 908/1020/957 907/1019/956 719/1021/786
f 907/1019/956 906/1018/955 701/1023/794
f 906/1018/955 905/1017/954 702/1024/790
f 905/1017/954 904/1016/953 703/1025/789
f 904/1016/953 903/1013/951 699/1014/785
f 908/1020/957 700/1022/941 894/1026/788
f 970/1028/959 849/1092/1016 1031/1029/960
f 1023/1031/787 1032/1094/1018 909/1027/958
f 847/985/929 908/1020/957 909/1027/958
f 850/1032/962 849/1092/1016 848/986/930
f 817/972/917 815/953/901 913/1033/963
f 834/955/903 915/1039/969 916/1035/965
f 832/960/908 821/958/906 917/1037/967
f 817/972/917 914/1034/964 915/1039/969
f 819/1036/966 916/1035/965 917/1037/967
f 828/974/919 837/973/918 919/1040/970
f 919/1040/970 921/1042/972 830/1041/971
f 941/950/898 830/1041/971 921/1042/972
f 837/973/918 838/976/920 922/1044/974
f 838/976/920 840/978/922 924/1045/975
f 924/1045/975 840/978/922 842/980/924
f 926/1046/976 842/980/924 844/982/926
f 844/982/926 846/984/928 930/1048/978
f 930/1048/978 846/984/928 848/986/930
f 918/1038/968 931/1050/980 823/963/911
f 931/1050/980 927/1051/981 825/965/913
f 827/967/915 825/965/913 927/1051/981
f 651/1053/722 827/967/915 920/1052/982
f 919/1040/970 922/1044/974 929/1055/983
f 948/1043/973 946/1068/995 923/1056/984
f 923/1056/984 925/1073/1000 914/1034/964
f 914/1034/964 925/1073/1000 933/1057/985
f 915/1039/969 933/1057/985 934/1058/986
f 916/1035/965 934/1058/986 935/1059/987
f 922/1044/974 924/1045/975 936/1060/988
f 924/1045/975 926/1046/976 937/1061/989
f 927/1051/981 931/1050/980 940/1062/990
f 920/1052/982 927/1051/981 939/1063/991
f 917/1037/967 935/1059/987 942/1065/993
f 942/1065/993 940/1062/990 931/1050/980
f 652/1054/720 920/1052/982 938/1064/992
f 949/1067/994 925/1073/1000 923/1056/984
f 936/1060/988 937/1061/989 950/1069/996
f 937/1061/989 926/1046/976 928/1047/977
f 928/1047/977 930/1048/978 945/1071/998
f 945/1071/998 930/1048/978 932/1049/979
f 949/1067/994 950/1069/996 933/1057/985
f 929/1055/983 936/1060/988 949/1067/994
f 929/1055/983 946/1068/995 948/1043/973
f 941/950/898 948/1043/973 913/1033/963
f 830/1041/971 941/950/898 1406/952/900
f 940/1062/990 953/1088/1015 952/1074/1001
f 939/1063/991 952/1074/1001 951/1075/1002
f 952/1074/1001 953/1088/1015 956/1076/1003
f 951/1075/1002 952/1074/1001 955/1077/1004
f 955/1077/1004 956/1076/1003 959/1079/1006
f 954/1078/1005 955/1077/1004 958/1080/1007
f 959/1079/1006 962/1084/1011 961/1082/1009
f 958/1080/1007 961/1082/1009 960/1083/1010
f 945/1071/998 961/1082/1009 962/1084/1011
f 947/1072/999 960/1083/1010 961/1082/1009
f 933/1057/985 950/1069/996 963/1085/1012
f 963/1085/1012 950/1069/996 937/1061/989
f 934/1058/986 963/1085/1012 964/1086/1013
f 962/1084/1011 964/1086/1013 963/1085/1012
f 956/1076/1003 964/1086/1013 962/1084/1011
f 935/1059/987 964/1086/1013 965/1087/1014
f 953/1088/1015 965/1087/1014 964/1086/1013
f 965/1087/1014 953/1088/1015 940/1062/990
f 645/1066/716 938/1064/992 951/1075/1002
f 649/1089/714 951/1075/1002 954/1078/1005
f 648/1090/723 954/1078/1005 957/1081/1008
f 849/1092/1016 850/1032/962 1033/1093/1017
f 1032/1094/1018 1033/1093/1017 850/1032/962
f 1016/1098/1022 646/1101/717 966/1099/1023
f 647/1091/727 957/1081/1008 966/1099/1023
f 966/1099/1023 968/1103/1026 1035/1102/1025
f 968/1103/1026 969/1105/1028 1036/1104/1027
f 1036/1104/1027 969/1105/1028 970/1028/959
f 932/1049/979 848/986/930 849/1092/1016
f 970/1028/959 969/1105/1028 947/1072/999
f 969/1105/1028 968/1103/1026 960/1083/1010
f 966/1099/1023 957/1081/1008 960/1083/1010
f 664/769/747 857/770/376 335/1106/399
f 620/1107/1029 974/1131/262 1198/1108/698
f 226/1110/1031 587/1117/1034 976/1111/937
f 226/1110/1031 977/1112/940 978/1113/939
f 200/1114/1032 978/1113/939 979/1115/938
f 587/1117/1034 227/1205/1084 980/1118/936
f 635/1119/1035 981/1187/266 982/1120/313
f 228/1122/1037 975/1409/701 983/1123/710
f 256/1121/1036 982/1120/313 984/1125/312
f 274/1127/1040 985/1130/316 986/1128/315
f 274/1127/1040 262/1126/1039 984/1125/312
f 620/1107/1029 224/1116/1033 979/1115/938
f 629/1132/1042 987/1186/369 988/1133/372
f 318/1135/1044 315/1134/1043 988/1133/372
f 326/1137/1046 323/1141/1049 990/1138/377
f 337/1140/1048 992/1143/949 990/1138/377
f 332/1142/1050 993/1145/948 992/1143/949
f 332/1142/1050 346/1147/1052 994/1144/946
f 383/1146/1051 995/1153/945 994/1144/946
f 365/1148/1053 358/1167/1063 996/1149/585
f 365/1148/1053 997/1150/947 998/1151/944
f 352/1152/1054 998/1151/944 995/1153/945
f 498/1154/1055 499/1158/1057 999/1155/581
f 504/1157/1056 1001/1166/1062 999/1155/581
f 501/1159/1058 1002/1163/589 1003/1160/583
f 502/1162/1060 1004/1165/588 1002/1163/589
f 503/1164/1061 1005/1169/576 1004/1165/588
f 504/1157/1056 500/1161/1059 1003/1160/583
f 498/1154/1055 1000/1156/578 996/1149/585
f 513/1168/1064 1006/1175/627 1005/1169/576
f 522/1170/1065 1008/1174/616 1007/1171/1066
f 522/1170/1065 531/1216/1089 1009/1173/623
f 513/1168/1064 540/1172/1067 1007/1171/1066
f 549/1176/1068 558/1182/1071 1010/1177/1069
f 582/1179/1070 567/1183/1072 1012/1180/664
f 558/1182/1071 582/1179/1070 1013/1181/671
f 318/1135/1044 989/1136/1045 1012/1180/664
f 268/1129/1041 986/1128/315 1014/1184/689
f 595/1185/1073 1014/1184/689 987/1186/369
f 635/1119/1035 255/1124/1038 983/1123/710
f 653/1188/1074 662/1194/1076 1015/1189/718
f 680/1191/1075 671/1233/1098 1017/1192/746
f 680/1191/1075 1018/1193/749 1015/1189/718
f 244/1195/1077 689/1203/1082 1019/1196/1078
f 698/1198/1079 1021/1202/780 1022/1199/791
f 707/1201/1081 1023/1222/787 1021/1202/780
f 716/1200/1080 1022/1199/791 1019/1196/1078
f 726/1204/1083 1024/1206/950 980/1118/936
f 244/1195/1077 1020/1197/753 1024/1206/950
f 549/1176/1068 1011/1178/632 1025/1207/935
f 727/1208/1085 1025/1207/935 1026/1209/932
f 798/1211/1087 745/1210/1086 1026/1209/932
f 767/1213/1088 802/1217/1090 1029/1214/934
f 531/1216/1089 767/1213/1088 1028/1215/933
f 798/1211/1087 1027/1212/931 1029/1214/934
f 911/1218/1091 973/1232/1097 1030/1219/961
f 707/1201/1081 910/1223/1092 1032/1221/1018
f 910/1223/1092 912/1225/1093 1033/1224/1017
f 912/1225/1093 911/1218/1091 1031/1220/960
f 653/1188/1074 1016/1190/1022 1034/1226/1024
f 967/1227/1094 1034/1226/1024 1035/1228/1025
f 971/1229/1095 1035/1228/1025 1036/1230/1027
f 973/1232/1097 972/1231/1096 1036/1230/1027
f 671/1233/1098 326/1137/1046 991/1139/1047
f 595/1185/1073 629/1132/1042 1077/1234/1099
f 620/1107/1029 1076/1381/1246 1039/1236/1101
f 268/1129/1041 595/1185/1073 1075/1235/1100
f 326/1137/1046 671/1233/1098 1081/1237/1102
f 262/1126/1039 274/1127/1040 1047/1097/1021
f 567/1183/1072 1072/1292/1157 1049/1240/1105
f 1096/1241/1106 967/1227/1094 971/1229/1095
f 274/1127/1040 268/1129/1041 1046/1095/1019
f 582/1179/1070 558/1182/1071 1071/1243/1108
f 629/1132/1042 315/1134/1043 1048/1245/1110
f 635/1119/1035 1078/1289/1154 1043/1246/1111
f 315/1134/1043 318/1135/1044 1049/1240/1105
f 653/1188/1074 1079/1290/1155 1080/1247/1112
f 323/1141/1049 326/1137/1046 1051/1238/1103
f 680/1191/1075 1082/1250/1115 1081/1237/1102
f 337/1140/1048 323/1141/1049 1050/1248/1113
f 662/1194/1076 1080/1247/1112 1082/1250/1115
f 332/1142/1050 337/1140/1048 1053/1249/1114
f 689/1203/1082 244/1195/1077 1042/1252/1117
f 346/1147/1052 332/1142/1050 1052/1251/1116
f 716/1200/1080 1086/1259/1124 1084/1255/1120
f 383/1146/1051 346/1147/1052 1054/1254/1119
f 698/1198/1079 1084/1255/1120 1085/1257/1122
f 358/1167/1063 365/1148/1053 1057/1258/1123
f 716/1200/1080 689/1203/1082 1083/1253/1118
f 365/1148/1053 352/1152/1054 1055/1260/1125
f 227/1205/1084 1037/1286/1151 1087/1261/1126
f 352/1152/1054 383/1146/1051 1058/1256/1121
f 726/1204/1083 1087/1261/1126 1042/1252/1117
f 498/1154/1055 1059/1276/1141 1060/1262/1127
f 727/1208/1085 1088/1265/1130 1070/1263/1128
f 499/1158/1057 1060/1262/1127 1065/1264/1129
f 745/1210/1086 1089/1267/1132 1088/1265/1130
f 500/1161/1059 1061/1273/1138 1062/1266/1131
f 798/1211/1087 1091/1275/1140 1089/1267/1132
f 501/1159/1058 1062/1266/1131 1063/1268/1133
f 802/1217/1090 767/1213/1088 1090/1269/1134
f 502/1162/1060 1063/1268/1133 1064/1271/1136
f 767/1213/1088 531/1216/1089 1068/1272/1137
f 504/1157/1056 1065/1264/1129 1061/1273/1138
f 228/1122/1037 1041/1291/1156 1203/1274/1139
f 798/1211/1087 802/1217/1090 1092/1270/1135
f 358/1167/1063 1056/252/245 1059/1276/1141
f 226/1110/1031 1038/1281/1146 1074/1277/1142
f 973/1232/1097 911/1218/1091 1094/1278/1143
f 503/1164/1061 1064/1271/1136 1066/1280/1145
f 200/1114/1032 1040/1284/1149 1038/1281/1146
f 910/1223/1092 707/1201/1081 1085/1257/1122
f 540/1172/1067 1069/1287/1152 1067/1283/1148
f 224/1116/1033 1039/1236/1101 1040/1284/1149
f 912/1225/1093 910/1223/1092 1093/1282/1147
f 531/1216/1089 522/1170/1065 1067/1283/1148
f 587/1117/1034 1074/1277/1142 1037/1286/1151
f 911/1218/1091 912/1225/1093 1095/1285/1150
f 540/1172/1067 513/1168/1064 1066/1280/1145
f 635/1119/1035 256/1121/1036 1044/1288/1153
f 967/1227/1094 1096/1241/1106 1079/1290/1155
f 558/1182/1071 549/1176/1068 1070/1263/1128
f 255/1124/1038 1043/1246/1111 1041/1291/1156
f 582/1179/1070 1073/1244/1109 1072/1292/1157
f 256/1121/1036 262/1126/1039 1045/1239/1104
f 1187/1293/1158 1085/1257/1122 1084/1255/1120
f 1097/1242/1107 1098/1406/1271 1189/1294/1159
f 1083/1253/1118 1042/1252/1117 1087/1261/1126
f 1149/1296/1161 1186/1300/1165 1188/1297/1162
f 1080/1247/1112 1079/1290/1155 1184/1299/1164
f 1186/1300/1165 1185/1407/1272 1094/1278/1143
f 1128/1301/1166 1129/1305/1170 1102/1302/1167
f 1130/1304/1169 1101/1307/1172 1102/1302/1167
f 1131/1306/1171 1100/1400/1265 1101/1307/1172
f 1053/1249/1114 1050/1248/1113 1157/1308/1173
f 1216/1310/1175 1088/1265/1130 1089/1267/1132
f 1155/1312/1177 1154/1316/1181 1106/1313/1178
f 1153/1315/1180 1105/1318/1183 1106/1313/1178
f 1153/1315/1180 1152/1398/1263 1104/1317/1182
f 1169/1319/1184 1064/1271/1136 1063/1268/1133
f 1182/1321/1186 1037/1286/1151 1074/1277/1142
f 1115/1323/1188 1114/1326/1191 1110/1324/1189
f 1114/1326/1191 1113/1328/1193 1109/1327/1192
f 1113/1328/1193 1112/1336/1201 1108/1329/1194
f 1164/1330/1195 1059/1276/1141 1056/252/245
f 1176/1331/1196 1041/1291/1156 1043/1246/1111
f 1116/1333/1198 1117/1334/1199 1114/1326/1191
f 1117/1334/1199 1118/1335/1200 1113/1328/1193
f 1118/1335/1200 1119/1340/1205 1112/1336/1201
f 1165/1337/1202 1060/1262/1127 1059/1276/1141
f 1175/1332/1197 1043/1246/1111 1078/1289/1154
f 1194/1339/1204 1193/1399/1264 1119/1340/1205
f 1195/1341/1206 1194/1339/1204 1118/1335/1200
f 1196/1342/1207 1195/1341/1206 1117/1334/1199
f 1174/1338/1203 1078/1289/1154 1044/1288/1153
f 1192/1344/1209 1065/1264/1129 1060/1262/1127
f 1127/1345/1210 1126/1348/1213 1122/1346/1211
f 1126/1348/1213 1125/1350/1215 1121/1349/1214
f 1125/1350/1215 1124/1355/1220 1120/1351/1216
f 1167/1352/1217 1062/1266/1131 1061/1273/1138
f 1173/1354/1219 1045/1239/1104 1047/1097/1021
f 1107/1314/1179 1106/1313/1178 1126/1348/1213
f 1106/1313/1178 1105/1318/1183 1125/1350/1215
f 1105/1318/1183 1104/1317/1182 1124/1355/1220
f 1168/1320/1185 1063/1268/1133 1062/1266/1131
f 1107/1314/1179 1127/1345/1210 1172/1096/1020
f 1132/1357/1222 1131/1306/1171 1130/1304/1169
f 1133/1358/1223 1130/1304/1169 1129/1305/1170
f 1135/1360/1225 1134/1359/1224 1129/1305/1170
f 1181/1322/1187 1074/1277/1142 1038/1281/1146
f 1052/1251/1116 1053/1249/1114 1158/1309/1174
f 1139/1363/1228 1138/1364/1229 1134/1359/1224
f 1138/1364/1229 1137/1366/1231 1133/1358/1223
f 1136/1365/1230 1132/1357/1222 1133/1358/1223
f 1054/1254/1119 1052/1251/1116 1159/1362/1227
f 1180/1361/1226 1038/1281/1146 1040/1284/1149
f 1142/1369/1234 1138/1364/1229 1139/1363/1228
f 1141/1371/1236 1137/1366/1231 1138/1364/1229
f 1140/1372/1237 1136/1365/1230 1137/1366/1231
f 1058/1256/1121 1054/1254/1119 1160/1367/1232
f 1179/1368/1233 1040/1284/1149 1039/1236/1101
f 1145/1375/1240 1142/1369/1234 1143/1370/1235
f 1146/1377/1242 1141/1371/1236 1142/1369/1234
f 1147/1378/1243 1140/1372/1237 1141/1371/1236
f 1055/1260/1125 1058/1256/1121 1161/1373/1238
f 1177/1380/1245 1178/1374/1239 1039/1236/1101
f 1204/1382/1247 1147/1378/1243 1146/1377/1242
f 1205/1383/1248 1146/1377/1242 1145/1375/1240
f 1207/1385/1250 1206/1384/1249 1145/1375/1240
f 1209/1386/1251 1177/1380/1245 1076/1381/1246
f 1057/1258/1123 1055/1260/1125 1162/1379/1244
f 1101/1307/1172 1100/1400/1265 1190/1387/1252
f 1101/1307/1172 1150/1388/1253 1149/1296/1161
f 1102/1302/1167 1149/1296/1161 1148/1298/1163
f 1182/1321/1186 1183/1295/1160 1087/1261/1126
f 1050/1248/1113 1051/1238/1103 1156/1389/1254
f 1211/1311/1176 1212/1392/1257 1219/1390/1255
f 1212/1392/1257 1214/1394/1259 1222/1393/1258
f 1214/1394/1259 1213/1402/1267 1217/1395/1260
f 1069/1287/1152 1066/1280/1145 1220/1396/1261
f 1171/1356/1221 1170/1410/1274 1155/1312/1177
f 1152/1398/1263 1169/1319/1184 1168/1320/1185
f 1104/1317/1182 1168/1320/1185 1167/1352/1217
f 1167/1352/1217 1166/1353/1218 1120/1351/1216
f 1193/1399/1264 1192/1344/1209 1165/1337/1202
f 1119/1340/1205 1165/1337/1202 1164/1330/1195
f 1112/1336/1201 1164/1330/1195 1163/254/247
f 1208/253/246 1162/1379/1244 1147/1378/1243
f 1162/1379/1244 1161/1373/1238 1140/1372/1237
f 1161/1373/1238 1160/1367/1232 1136/1365/1230
f 1160/1367/1232 1159/1362/1227 1132/1357/1222
f 1159/1362/1227 1158/1309/1174 1131/1306/1171
f 1158/1309/1174 1157/1308/1173 1100/1400/1265
f 1157/1308/1173 1156/1389/1254 1151/1401/1266
f 1186/1300/1165 1095/1285/1150 1093/1282/1147
f 1215/1397/1262 1220/1396/1261 1217/1395/1260
f 1103/1303/1168 1148/1298/1163 1183/1295/1160
f 1103/1303/1168 1182/1321/1186 1181/1322/1187
f 1128/1301/1166 1181/1322/1187 1180/1361/1226
f 1135/1360/1225 1180/1361/1226 1179/1368/1233
f 1139/1363/1228 1179/1368/1233 1178/1374/1239
f 1144/1376/1241 1143/1370/1235 1178/1374/1239
f 1207/1385/1250 1144/1376/1241 1177/1380/1245
f 1111/1325/1190 1176/1331/1196 1175/1332/1197
f 1115/1323/1188 1175/1332/1197 1174/1338/1203
f 1116/1333/1198 1174/1338/1203 1197/1343/1208
f 1123/1347/1212 1173/1354/1219 1172/1096/1020
f 1077/1234/1099 1224/1404/1269 1171/1356/1221
f 1048/1245/1110 1049/1240/1105 1225/1403/1268
f 1071/1243/1108 1070/1263/1128 1223/1405/1270
f 1148/1298/1163 1188/1297/1162 1187/1293/1158
f 972/1231/1096 973/1232/1097 1099/1279/1144
f 971/1229/1095 972/1231/1096 1098/1406/1271
f 1189/1294/1159 1151/1401/1266 1156/1389/1254
f 1149/1296/1161 1150/1388/1253 1185/1407/1272
f 1150/1388/1253 1190/1387/1252 1191/1408/1273
f 1190/1387/1252 1151/1401/1266 1189/1294/1159
f 1196/1342/1207 1197/1343/1208 1173/1354/1219
f 1082/1250/1115 1184/1299/1164 1156/1389/1254
f 1156/1389/1254 1051/1238/1103 1081/1237/1102
f 1093/1282/1147 1085/1257/1122 1187/1293/1158
f 1184/1299/1164 1079/1290/1155 1096/1241/1106
f 1185/1407/1272 1191/1408/1273 1099/1279/1144
f 1191/1408/1273 1189/1294/1159 1098/1406/1271
f 1083/1253/1118 1183/1295/1160 1187/1293/1158
f 1123/1347/1212 1122/1346/1211 1195/1341/1206
f 1121/1349/1214 1194/1339/1204 1195/1341/1206
f 1120/1351/1216 1193/1399/1264 1194/1339/1204
f 1166/1353/1218 1192/1344/1209 1193/1399/1264
f 1166/1353/1218 1061/1273/1138 1065/1264/1129
f 1173/1354/1219 1197/1343/1208 1044/1288/1153
f 1207/1385/1250 1209/1386/1251 1176/1331/1196
f 1108/1329/1194 1163/254/247 1208/253/246
f 1209/1386/1251 1203/1274/1139 1041/1291/1156
f 1111/1325/1190 1110/1324/1189 1206/1384/1249
f 1110/1324/1189 1109/1327/1192 1205/1383/1248
f 1109/1327/1192 1108/1329/1194 1204/1382/1247
f 1202/1109/1030 1203/1274/1139 1076/1381/1246
f 1202/1109/1030 1198/1108/698 975/1409/701
f 585/702/683 882/724/702 1201/721/699
f 882/724/702 975/723/701 1198/720/698
f 585/702/683 1200/195/188 1199/197/190
f 219/256/249 1199/197/190 1210/726/704
f 628/196/189 196/245/238 1210/726/704
f 1068/1272/1137 1215/1397/1262 1213/1402/1267
f 1092/1270/1135 1090/1269/1134 1213/1402/1267
f 1092/1270/1135 1214/1394/1259 1212/1392/1257
f 1089/1267/1132 1091/1275/1140 1212/1392/1257
f 1170/1410/1274 1218/1412/1276 1221/1391/1256
f 1072/1292/1157 1226/1411/1275 1225/1403/1268
f 1067/1283/1148 1069/1287/1152 1215/1397/1262
f 1152/1398/1263 1153/1315/1180 1222/1393/1258
f 1073/1244/1109 1223/1405/1270 1226/1411/1275
f 1064/1271/1136 1169/1319/1184 1220/1396/1261
f 1154/1316/1181 1155/1312/1177 1221/1391/1256
f 1169/1319/1184 1152/1398/1263 1217/1395/1260
f 1153/1315/1180 1154/1316/1181 1219/1390/1255
f 1216/1310/1175 1211/1311/1176 1221/1391/1256
f 1088/1265/1130 1216/1310/1175 1223/1405/1270
f 1218/1412/1276 1170/1410/1274 1225/1403/1268
f 1216/1310/1175 1218/1412/1276 1226/1411/1275
f 1170/1410/1274 1171/1356/1221 1224/1404/1269
f 1172/1096/1020 1046/1095/1019 1075/1235/1100
f 4/1413/2 6/1415/35 191/350/343
f 32/1414/10 283/236/229 191/350/343
f 9/1416/17 206/265/258 213/233/226
f 15/1418/16 222/263/256 221/1419/1277
f 16/1421/14 14/1420/13 221/1419/1277
f 9/1416/17 16/1421/14 223/260/253
f 114/1422/22 608/713/694 251/297/290
f 20/1423/19 251/297/290 222/263/256
f 22/1424/1278 258/1427/1280 250/300/293
f 22/1424/1278 30/1432/1283 278/1426/1279
f 27/1428/33 28/1436/1287 273/1429/1281
f 24/1430/41 38/1437/30 294/338/331
f 30/1432/1283 24/1430/41 264/1431/1282
f 11/1417/8 213/233/226 283/236/229
f 35/1433/1284 41/1439/1288 311/1434/1285
f 28/1436/1287 35/1433/1284 290/1435/1286
f 38/1437/30 27/1428/33 272/341/334
f 4/1413/2 189/202/195 299/728/706
f 41/1439/1288 36/1441/1290 291/1440/1289
f 36/1441/1290 44/6088/1308 316/1442/1291
f 54/1443/59 55/6089/1351 371/1444/1292
f 56/1445/45 57/1447/61 373/1446/1293
f 54/1443/59 370/458/451 373/1446/1293
f 58/1448/53 56/1445/45 372/445/438
f 59/1449/57 66/1455/63 387/469/462
f 61/1450/49 377/1452/1294 376/451/444
f 61/1450/49 62/1453/48 378/449/442
f 62/1453/48 59/1449/57 375/456/449
f 58/1448/53 374/454/447 385/462/455
f 66/1455/63 64/1454/54 385/462/455
f 83/1456/84 456/512/505 423/511/504
f 67/1458/65 60/1451/50 376/451/444
f 96/1459/94 491/509/502 424/508/501
f 80/1461/77 453/537/530 452/541/534
f 79/1462/74 452/541/534 454/568/561
f 82/1464/85 455/548/541 453/537/530
f 82/1464/85 86/1466/81 459/542/535
f 78/1465/83 71/1457/71 423/511/504
f 72/1460/68 424/508/501 456/512/505
f 86/1466/81 78/1465/83 451/545/538
f 81/1463/79 454/568/561 477/570/563
f 87/1467/86 477/570/563 479/569/562
f 89/1468/88 479/569/562 481/573/566
f 91/1469/90 481/573/566 483/575/568
f 67/1458/65 409/503/496 491/509/502
f 97/1471/1295 93/6090/92 483/1472/568
f 104/1474/1297 97/1471/1295 510/1473/1296
f 99/1476/1299 519/1479/1300 528/1477/809
f 99/1476/1299 104/1474/1297 538/1475/1298
f 107/1480/1301 105/6091/146 546/1481/1302
f 112/1483/1304 107/1480/1301 555/1482/1303
f 112/1483/1304 580/1484/1305 564/1485/1306
f 109/1486/1307 564/1485/1306 316/1487/1291
f 19/1425/21 250/300/293 608/713/694
f 40/1438/3 299/728/706 190/1489/1309
f 117/1491/1310 115/6092/1344 650/1492/1311
f 122/1494/1313 117/1491/1310 659/1493/1312
f 122/1494/1313 678/1495/1314 668/775/748
f 123/1497/1315 686/1505/1322 714/1498/1316
f 125/1500/1318 695/1503/1321 704/1501/1319
f 130/1499/1317 714/1498/1316 695/1503/1321
f 123/1497/1315 5/6093/117 190/1504/1309
f 101/1506/136 528/854/809 766/910/859
f 152/1508/139 132/1511/144 735/896/846
f 134/1509/147 743/1521/1323 753/874/827
f 132/1511/144 136/1510/142 753/874/827
f 138/1512/145 758/903/852 546/1513/1302
f 143/1515/152 780/936/885 807/932/881
f 144/1517/155 781/940/889 789/934/883
f 143/1515/152 147/1519/107 788/660/645
f 147/1519/107 148/1518/151 789/934/883
f 144/1517/155 150/1520/156 795/943/892
f 152/1508/139 797/856/810 795/943/892
f 140/1507/137 766/910/859 743/1521/1323
f 154/1516/157 807/932/881 758/903/852
f 172/1522/1324 127/6094/1320 704/1523/1319
f 174/1525/1326 155/1545/1345 812/1526/1327
f 159/1528/1329 157/1550/1350 814/1529/1330
f 159/1528/1329 816/1530/1331 835/1531/1332
f 163/1533/1334 161/1549/1349 818/1534/1335
f 163/1533/1334 820/1535/1336 833/1536/1337
f 167/1538/1339 165/1548/1348 822/1539/1340
f 167/1538/1339 824/1540/1341 826/1541/1342
f 169/1542/1343 826/1541/1342 650/1543/1311
f 172/1522/1324 829/1524/1325 812/1526/1327
f 174/1525/1326 831/1527/1328 944/1546/1346
f 176/1537/1338 833/1536/1337 822/1539/1340
f 178/1532/1333 835/1531/1332 818/1534/1335
f 180/1547/1347 944/1546/1346 814/1529/1330
f 119/1496/124 668/775/748 371/1551/1292
f 7/1553/1352 10/1602/1401 1232/1554/1353
f 98/103/102 1275/1578/1377 1273/1556/1355
f 63/1557/1356 1258/1580/1379 1253/1558/1357
f 166/180/175 168/182/177 1310/1560/1359
f 149/1562/1361 1301/1690/1484 1302/1563/1362
f 135/1565/1364 1294/1589/1388 1293/1566/1365
f 45/1568/1367 1249/1581/1380 1250/1569/1368
f 48/1571/1370 47/1590/1389 1251/1572/1371
f 118/128/126 1285/1596/1395 1284/1574/1373
f 12/1575/1374 8/1585/1384 1231/1576/1375
f 103/100/99 1278/1615/1412 1275/1578/1377
f 65/1579/1378 1259/1595/1394 1258/1580/1379
f 45/1568/1367 48/1571/1370 1252/1573/1372
f 29/26/26 1241/1685/1480 1238/1582/1381
f 13/1584/1383 1234/1686/1481 1231/1576/1375
f 170/184/178 1311/1605/1403 1310/1560/1359
f 139/1586/1385 133/1567/1366 1293/1566/1365
f 135/1565/1364 131/1696/1489 1292/1588/1387
f 47/1590/1389 49/1559/1358 1253/1558/1357
f 84/1591/1390 70/1622/1419 1262/1592/1391
f 50/1594/1393 1254/1620/1417 1259/1595/1394
f 121/124/123 1287/1614/1411 1285/1596/1395
f 100/99/98 102/102/101 1277/1597/1396
f 51/1599/1398 1255/1619/1416 1256/1600/1399
f 10/1602/1401 31/1689/1483 1242/1603/1402
f 116/1604/119 1284/2118/1373 1311/1605/1403
f 85/1606/1404 1269/1677/1473 1261/1607/1405
f 106/1609/104 1279/2121/1441 1295/1610/1407
f 53/1612/1409 52/1601/1400 1256/1600/1399
f 120/123/122 1286/1694/1487 1287/1614/1411
f 100/99/98 1276/1598/1397 1278/1615/1412
f 128/186/133 171/164/159 1312/1616/1413
f 51/1599/1398 68/1687/1482 1260/1618/1415
f 53/1612/1409 1257/1613/1410 1254/1620/1417
f 171/164/159 156/188/181 1304/1621/1418
f 69/1608/1406 1261/1607/1405 1262/1592/1391
f 124/137/134 1288/1647/1444 1229/1623/1420
f 18/1624/1421 1236/1642/1439 1283/1625/1422
f 173/191/184 1313/1678/1474 1304/1621/1418
f 153/1627/1424 1303/1700/1492 1297/1628/1425
f 76/1630/1427 88/1651/1448 1270/1631/1428
f 179/167/162 158/170/165 1305/1633/1430
f 73/1635/1432 84/1591/1390 1268/1593/1392
f 146/1637/1434 1300/1672/1468 1298/1638/1435
f 26/1640/1437 1240/1692/1486 1244/1641/1438
f 18/1624/1421 12/1575/1374 1233/1577/1376
f 106/105/104 108/115/114 1280/1643/1440
f 73/1635/1432 1263/1636/1433 1274/1645/1442
f 129/134/131 1291/1673/1469 1288/1647/1444
f 175/177/172 1314/1695/1488 1308/1648/1445
f 42/42/42 1247/1682/1477 1243/1649/1446
f 90/1650/1447 1271/1669/1465 1270/1631/1428
f 160/190/183 1306/1662/1458 1305/1633/1430
f 25/1652/1449 37/1699/1491 1245/1653/1450
f 108/115/114 111/112/111 1282/1655/1452
f 75/1656/1453 74/1665/1461 1264/1657/1454
f 126/133/130 128/136/133 1290/1659/1414
f 160/190/183 177/172/167 1315/1661/1457
f 2/4/4 1228/1675/1471 1227/1663/1459
f 76/1630/1427 1266/1632/1429 1264/1657/1454
f 141/1629/1426 1297/1628/1425 1299/1666/1462
f 110/111/110 1281/1684/1479 1282/1655/1452
f 90/1650/1447 92/1680/1475 1272/1668/1464
f 162/175/170 1307/1681/1476 1315/1661/1457
f 77/1670/1466 75/1656/1453 1265/1658/1455
f 145/1667/1463 1299/1666/1462 1300/1672/1468
f 126/133/130 1289/1660/1456 1291/1673/1469
f 39/1674/1470 1246/1698/1490 1228/1675/1471
f 17/23/23 1235/1691/1485 1237/1676/1472
f 85/1606/1404 77/1670/1466 1267/1671/1467
f 173/191/184 179/167/162 1316/1634/1431
f 94/1679/96 1273/2120/1355 1272/1668/1464
f 162/175/170 164/174/169 1308/1648/1445
f 34/36/36 1244/1641/1438 1247/1682/1477
f 110/111/110 43/114/113 1248/1683/1478
f 29/26/26 21/34/34 1237/1676/1472
f 13/1584/1383 7/1553/1352 1230/1555/1354
f 95/1646/1443 1274/1645/1442 1260/1618/1415
f 139/1688/1385 1296/2122/1386 1277/1597/1396
f 31/1689/1483 1/1664/1460 1227/1663/1459
f 149/1562/1361 142/1639/1436 1298/1638/1435
f 113/1626/1423 1283/1625/1422 1235/1691/1485
f 25/1652/1449 1239/1654/1451 1240/1692/1486
f 120/123/122 46/1731/1369 1250/1693/1368
f 175/177/172 166/180/175 1309/1561/1360
f 131/1696/1489 151/1564/1363 1302/1563/1362
f 3/1697/128 1229/2119/1420 1246/1698/1490
f 23/1583/1382 1238/1582/1381 1245/1653/1450
f 153/1627/1424 137/1611/1408 1295/1610/1407
f 33/39/39 1243/1649/1446 1248/1701/1478
f 1403/971/916 1406/952/900 944/1546/1346
f 1396/954/902 1405/957/905 835/1531/1332
f 1398/959/907 1404/962/910 833/1536/1337
f 1394/949/897 1403/971/916 831/1527/1328
f 704/1523/1319 1380/970/784 1402/947/895
f 1401/966/914 1374/968/726 650/1543/1311
f 1400/964/912 1401/966/914 826/1541/1342
f 1399/961/909 1400/964/912 824/1540/1341
f 1404/962/910 1399/961/909 822/1539/1340
f 1397/956/904 1398/959/907 820/1535/1336
f 1405/957/905 1397/956/904 818/1534/1335
f 1395/951/899 1396/954/902 816/1530/1331
f 1406/952/900 1395/951/899 814/1529/1330
f 1402/947/895 1394/949/897 812/1526/1327
f 1393/933/882 1387/937/886 778/1703/1493
f 1391/941/890 1392/858/812 796/860/814
f 1388/935/884 1391/941/890 794/942/891
f 1387/937/886 1389/662/647 786/914/863
f 1390/661/646 1388/935/884 779/939/888
f 757/900/850 1385/904/853 1393/933/882
f 742/1704/1494 1383/875/828 1386/853/808
f 547/1705/637 1370/902/641 1385/904/853
f 1382/857/811 1384/876/829 752/877/830
f 1384/876/829 1383/875/828 742/1704/1494
f 1392/858/812 1382/857/811 734/861/815
f 765/911/860 1386/853/808 1368/855/621
f 1378/789/759 1381/806/774 714/1498/1316
f 695/1503/1321 1379/807/775 1380/816/784
f 714/1498/1316 1381/806/774 1379/807/775
f 1317/790/705 1378/789/759 686/1505/1322
f 1375/747/725 1377/763/741 678/1495/1314
f 324/1706/1495 1348/774/452 1376/764/742
f 678/1495/1314 1377/763/741 1376/764/742
f 1374/748/726 1375/747/725 659/1493/1312
f 1317/727/705 1338/201/194 298/210/203
f 247/709/690 1326/298/291 1325/299/292
f 1371/655/640 1373/673/658 580/1484/1305
f 564/1485/1306 1372/674/659 1339/684/667
f 580/1484/1305 1373/673/658 1372/674/659
f 1389/662/647 1390/661/646 787/930/879
f 1370/656/641 1371/655/640 555/1482/1303
f 1366/608/595 1369/625/610 538/1475/1298
f 519/1479/1300 1367/626/611 1368/636/621
f 538/1475/1298 1369/625/610 1367/626/611
f 1364/609/596 1366/608/595 510/1473/1296
f 420/504/497 490/506/499 1365/507/500
f 482/579/572 484/6080/593 1364/1707/596
f 480/577/570 482/579/572 1363/574/567
f 478/571/564 480/577/570 1362/572/565
f 478/571/564 1361/567/560 1357/540/533
f 1356/539/532 1360/544/537 458/533/526
f 457/513/506 1359/510/503 1352/547/540
f 1358/543/536 1353/546/539 422/501/494
f 1360/544/537 1358/543/536 421/534/527
f 1357/540/533 1354/536/529 447/531/524
f 1355/538/531 1356/539/532 450/535/528
f 1354/536/529 1355/538/531 448/532/525
f 457/513/506 422/501/494 1353/546/539
f 490/506/499 425/505/498 1352/547/540
f 356/426/419 420/504/497 1351/581/574
f 350/416/409 1345/457/450 1350/461/454
f 386/417/410 1350/461/454 1349/453/446
f 341/399/392 1341/446/439 1347/460/453
f 1347/460/453 1348/459/452 324/1708/1495
f 369/441/434 1343/450/443 1345/457/450
f 1346/455/448 1340/447/440 330/398/391
f 380/468/461 1349/453/446 1346/455/448
f 1344/452/445 1342/448/441 362/427/420
f 362/427/420 1342/448/441 1343/450/443
f 1340/447/440 1341/446/439 341/399/392
f 316/1442/1291 1339/6078/667 1335/381/374
f 290/1435/1286 311/1434/1285 1337/357/350
f 263/327/320 1329/333/326 1336/340/333
f 311/1434/1285 291/1440/1289 1335/381/374
f 273/1429/1281 290/1435/1286 1334/368/361
f 1319/204/197 1333/237/230 282/231/224
f 278/1426/1279 1332/334/327 1328/318/311
f 1330/339/332 1331/342/335 270/353/346
f 1336/340/333 1330/339/332 269/335/328
f 264/1431/1282 1329/333/326 1332/334/327
f 258/1427/1280 1328/318/311 1327/301/294
f 607/714/695 1325/299/292 1327/301/294
f 215/294/287 1324/264/257 1326/298/291
f 1320/234/227 1322/262/255 216/731/709
f 205/730/708 1323/261/254 1324/264/257
f 1322/262/255 1323/261/254 205/730/708
f 1333/237/230 1321/235/228 212/238/231
f 1321/235/228 1320/234/227 203/227/220
f 191/350/343 1319/204/197 1318/203/196
f 1338/201/194 1318/203/196 182/205/198
f 180/1709/1347 1496/168/163 1493/187/180
f 159/1711/1329 178/1721/1333 1495/173/168
f 176/1712/1338 1494/178/173 1488/189/182
f 174/1710/1326 1493/187/180 1484/163/158
f 127/1715/1320 172/1723/1324 1492/165/160
f 115/1716/1344 1464/183/120 1491/181/176
f 169/1717/1343 1491/181/176 1490/179/174
f 167/1718/1339 1490/179/174 1489/176/171
f 165/1719/1348 1489/176/171 1494/178/173
f 163/1713/1334 1488/189/182 1487/171/166
f 161/1720/1349 1487/171/166 1495/173/168
f 159/1711/1329 1486/169/164 1485/166/161
f 157/1722/1350 1485/166/161 1496/168/163
f 155/1714/1345 1484/163/158 1492/165/160
f 141/1629/1426 1477/158/153 1483/153/148
f 151/1564/1363 1482/143/140 1481/159/154
f 149/1562/1361 1481/159/154 1478/155/150
f 145/1667/1463 1479/109/108 1477/158/153
f 142/1639/1436 1478/155/150 1480/107/106
f 153/1627/1424 1483/153/148 1475/154/149
f 133/1567/1366 139/1586/1385 1476/151/135
f 106/1609/104 137/1611/1408 1475/154/149
f 135/1565/1364 1474/146/143 1472/141/138
f 133/1567/1366 1473/144/141 1474/146/143
f 131/1696/1489 1472/141/138 1482/143/140
f 102/102/101 1458/1741/1496 1476/138/135
f 130/1724/1317 1471/132/129 1468/129/127
f 125/1726/1318 127/6095/1320 1470/1727/179
f 130/1724/1317 125/1726/1318 1469/135/132
f 123/1725/1315 1468/129/127 1407/131/116
f 122/1729/1313 1467/122/121 1465/119/118
f 1466/127/125 1438/126/58 46/1731/1369
f 122/1729/1313 119/125/124 1466/127/125
f 117/1730/1310 1465/119/118 1464/121/120
f 3/1697/128 39/1674/1470 1428/1/1
f 18/1624/1421 113/1626/1423 1415/20/20
f 112/1733/1304 1463/110/109 1461/104/103
f 109/1735/1307 44/6096/1308 1429/1736/43
f 112/1733/1304 109/1735/1307 1462/113/112
f 146/1637/1434 1480/107/106 1479/109/108
f 107/1734/1301 1461/104/103 1460/106/105
f 104/1738/1297 1459/98/97 1456/95/95
f 99/1740/1299 101/139/136 1458/1741/1496
f 104/1738/1297 99/1740/1299 1457/101/100
f 97/1739/1295 1456/95/95 1454/97/93
f 68/1687/1482 1441/66/66 1455/67/67
f 92/1680/1475 1453/91/91 1454/93/93
f 90/1650/1447 1452/89/89 1453/91/91
f 88/1651/1448 1451/87/87 1452/89/89
f 1447/78/78 1451/87/87 88/1651/1448
f 85/1606/1404 1450/82/82 1446/76/76
f 73/1635/1432 1442/69/69 1449/70/70
f 70/1622/1419 1443/72/72 1448/80/80
f 69/1608/1406 1448/80/80 1450/82/82
f 74/1665/1461 1444/75/75 1447/78/78
f 77/1670/1466 1446/76/76 1445/73/73
f 75/1656/1453 1445/73/73 1444/75/75
f 84/1591/1390 1449/70/70 1443/72/72
f 95/1646/1443 1455/67/67 1442/69/69
f 51/1599/1398 1434/51/51 1441/66/66
f 50/1594/1393 65/1579/1378 1440/62/62
f 65/1579/1378 63/1557/1356 1439/52/52
f 48/1571/1370 45/1568/1367 1437/60/60
f 46/1570/1369 1438/58/58 1437/60/60
f 53/1612/1409 50/1594/1393 1435/64/64
f 47/1590/1389 1430/46/46 1436/55/55
f 63/1557/1356 49/1559/1358 1436/55/55
f 52/1601/1400 1432/47/47 1434/51/51
f 52/1601/1400 53/1612/1409 1433/56/56
f 47/1590/1389 48/1571/1370 1431/44/44
f 1425/40/40 1429/43/43 44/1743/1308
f 35/1745/1284 1424/37/37 1427/38/38
f 23/1583/1382 37/1699/1491 1426/31/31
f 41/1746/1288 1427/38/38 1425/40/40
f 28/1747/1287 1421/32/32 1424/37/37
f 31/1689/1483 1423/11/11 1409/5/5
f 1418/24/24 1422/28/28 30/1748/1283
f 26/1640/1437 1421/32/32 1420/29/29
f 25/1652/1449 1420/29/29 1426/31/31
f 1422/28/28 1419/27/27 24/41/41
f 1417/25/25 1418/24/24 22/1749/1278
f 113/1626/1423 17/23/23 1417/25/25
f 12/1575/1374 18/1624/1421 1416/116/115
f 13/1584/1383 1412/12/12 1410/7/7
f 8/1585/1384 12/1575/1374 1414/18/18
f 8/1585/1384 1413/15/15 1412/12/12
f 10/1602/1401 1411/9/9 1423/11/11
f 7/1553/1352 1410/7/7 1411/9/9
f 1408/6/6 1409/5/5 6/35/35
f 39/1674/1470 2/4/4 1408/6/6
f 1678/1750/1497 1621/1824/1570 1622/1751/1498
f 1680/1753/1500 1589/1914/1655 1594/1754/1501
f 1681/1756/1503 1682/1883/1626 1664/1757/1504
f 1684/1759/1506 1648/1772/1519 1643/1760/1507
f 1686/1762/1509 1623/1821/1567 1624/1763/1510
f 1687/1765/1512 1688/1775/1522 1596/1766/1513
f 1689/1768/1515 1690/1797/1543 1676/1769/1516
f 1691/1771/1518 1649/1792/1538 1648/1772/1519
f 1685/1764/1511 1624/1763/1510 1625/1773/1520
f 1688/1775/1522 1693/1934/1674 1593/1776/1523
f 1695/1777/1524 1672/1916/1657 1671/1778/1525
f 1681/1780/1503 1651/6097/1505 1650/1781/1527
f 1698/1783/1529 1626/1794/1540 1627/1784/1530
f 1699/1786/1532 1700/1911/1652 1598/1787/1533
f 1702/1789/1535 1669/1903/1645 1668/1790/1536
f 1696/1782/1528 1650/1781/1527 1649/1792/1538
f 1703/1793/1539 1628/1832/1578 1626/1794/1540
f 1704/1795/1541 1699/1786/1532 1597/1788/1534
f 1690/1797/1543 1705/1889/1631 1666/1798/1544
f 1707/1799/1545 1652/6098/1623 1638/1800/1546
f 1697/1785/1531 1627/1784/1530 1629/1802/1548
f 1709/1804/1550 1710/1848/1594 1600/1805/1551
f 1712/1807/1553 1609/6099/1616 1647/1808/1554
f 1713/1810/1556 1714/1873/1617 1653/1811/1557
f 1708/1803/1549 1629/1802/1548 1630/1813/1559
f 1716/1815/1561 1717/1822/1568 1603/1816/1562
f 1718/1818/1564 1719/1823/1569 1655/1819/1565
f 1677/1752/1499 1622/1751/1498 1623/1821/1567
f 1717/1822/1568 1704/1795/1541 1599/1796/1542
f 1719/1823/1569 1713/1810/1556 1654/1812/1558
f 1715/1814/1560 1630/1813/1559 1621/1824/1570
f 1721/1825/1571 1591/1921/1661 1592/1826/1572
f 1723/1828/1574 1640/6100/1628 1657/1829/1575
f 1724/1831/1577 1631/1839/1585 1628/1832/1578
f 1725/1833/1579 1709/1804/1550 1601/1806/1552
f 1727/1835/1581 1658/1867/1612 1659/1836/1582
f 1728/1838/1584 1632/1847/1593 1631/1839/1585
f 1729/1840/1586 1730/1859/1605 1605/1841/1587
f 1731/1843/1589 1732/1856/1602 1660/1844/1590
f 1733/1846/1592 1633/1852/1598 1632/1847/1593
f 1710/1848/1594 1716/1815/1561 1602/1817/1563
f 1726/1837/1583 1659/1836/1582 1662/1849/1595
f 1735/1851/1597 1634/6101/1609 1633/1852/1598
f 1737/1853/1599 1607/1918/1658 1588/1854/1600
f 1734/1850/1596 1662/1849/1595 1660/1844/1590
f 1692/1774/1521 1625/1773/1520 1620/1857/1603
f 1730/1859/1605 1725/1833/1579 1604/1834/1580
f 1739/1860/1606 1731/1843/1589 1661/1845/1591
f 1740/1862/1608 1635/1869/1614 1634/1863/1609
f 1741/1865/1610 1729/1840/1586 1606/1842/1588
f 1722/1830/1576 1657/1829/1575 1658/1867/1612
f 1740/1862/1608 1742/1881/1624 1636/1868/1613
f 1712/1870/1553 1743/1882/1625 1610/1871/1615
f 1714/1873/1617 1739/1860/1606 1663/1861/1607
f 1706/1801/1547 1638/1800/1546 1637/1874/1618
f 1745/1876/1620 1746/1887/1629 1612/1877/1621
f 1707/1879/1545 1718/1818/1564 1656/1820/1566
f 1744/1875/1619 1637/1874/1618 1636/1868/1613
f 1743/1882/1625 1745/1876/1620 1611/1878/1622
f 1682/1883/1626 1689/1768/1515 1665/1770/1517
f 1723/1884/1574 1747/1891/1633 1639/1885/1627
f 1746/1887/1629 1748/1919/1659 1613/1888/1630
f 1705/1889/1631 1749/1896/1638 1667/1890/1632
f 1747/1891/1633 1750/1898/1640 1641/1892/1634
f 1751/1893/1635 1752/1912/1653 1615/1894/1636
f 1701/1791/1537 1668/1790/1536 1667/1890/1632
f 1753/1897/1639 1642/1905/1646 1641/1892/1634
f 1754/1899/1641 1755/1933/1673 1617/1900/1642
f 1702/1789/1535 1756/1910/1651 1670/1902/1644
f 1741/1904/1610 1608/6102/1611 1642/1905/1646
f 1757/1906/1647 1754/1899/1641 1616/1901/1643
f 1736/1855/1601 1588/1854/1600 1587/1908/1649
f 1694/1779/1526 1671/1778/1525 1670/1902/1644
f 1700/1911/1652 1687/1765/1512 1595/1767/1514
f 1752/1912/1653 1757/1906/1647 1618/1907/1648
f 1759/1913/1654 1590/1928/1668 1589/1914/1655
f 1760/1915/1656 1673/1923/1663 1672/1916/1657
f 1683/1917/1508 1643/6103/1507 1607/1918/1658
f 1748/1919/1659 1761/1927/1667 1619/1920/1660
f 1758/1909/1650 1587/1908/1649 1591/1921/1661
f 1762/1922/1662 1674/1930/1670 1673/1923/1663
f 1763/1924/1664 1764/1931/1671 1644/1925/1665
f 1761/1927/1667 1751/1893/1635 1614/1895/1637
f 1720/1827/1573 1592/1826/1572 1590/1928/1668
f 1765/1929/1669 1675/1936/1675 1674/1930/1670
f 1764/1931/1671 1766/1937/1676 1646/1932/1672
f 1755/1933/1673 1738/1858/1604 1620/1857/1603
f 1693/1934/1674 1679/1755/1502 1594/1754/1501
f 1763/1935/1664 1645/6104/1666 1675/1936/1675
f 1711/1809/1555 1647/1808/1554 1646/1932/1672
f 1498/1941/1677 1497/1948/1677 1587/1942/1649
f 1500/1944/1677 1504/1954/1677 1589/1945/1655
f 1512/1947/1677 1591/1971/1661 1587/1942/1649
f 1500/1944/1677 1590/1946/1668 1592/1949/1572
f 1501/1951/1677 1503/1958/1677 1593/1952/1523
f 1501/1951/1677 1594/1953/1501 1589/1945/1655
f 1506/1955/1677 1553/2048/1677 1595/1956/1514
f 1506/1955/1677 1596/1957/1513 1593/1952/1523
f 1507/1959/1677 1597/1963/1534 1598/1960/1533
f 1507/1959/1677 1511/1970/1677 1599/1962/1542
f 1510/1964/1677 1601/1973/1552 1600/1965/1551
f 1515/1967/1677 1602/1977/1563 1603/1968/1562
f 1508/1969/1677 1603/1968/1562 1599/1962/1542
f 1512/1947/1677 1502/1950/1677 1592/1949/1572
f 1514/1972/1677 1604/1980/1580 1601/1973/1552
f 1513/1974/1677 1606/1982/1588 1605/1975/1587
f 1515/1967/1677 1509/1966/1677 1600/1965/1551
f 1498/1941/1677 1588/1943/1600 1607/1978/1658
f 1514/1972/1677 1517/1976/1677 1605/1975/1587
f 1518/1981/1677 1608/2047/1611 1606/1982/1588
f 1520/1983/1677 1609/2117/1616 1610/1984/1615
f 1521/1986/1677 1522/1989/1677 1611/1987/1622
f 1519/1985/1677 1610/1984/1615 1611/1987/1622
f 1521/1986/1677 1612/1988/1621 1613/1990/1630
f 1529/1992/1677 1614/2003/1637 1615/1993/1636
f 1525/1995/1677 1526/1998/1677 1616/1996/1643
f 1526/1998/1677 1527/2000/1677 1618/1999/1648
f 1524/1994/1677 1615/1993/1636 1618/1999/1648
f 1528/2001/1677 1523/1991/1677 1613/1990/1630
f 1529/1992/1677 1528/2001/1677 1619/2002/1660
f 1525/1995/1677 1617/1997/1642 1620/2004/1603
f 1531/2006/1677 1532/2022/1677 1622/2007/1498
f 1533/2009/1677 1624/2013/1510 1623/2010/1567
f 1544/2012/1677 1625/2031/1520 1624/2013/1510
f 1534/2014/1677 1535/2019/1677 1627/2015/1530
f 1534/2014/1677 1626/2016/1540 1628/2017/1578
f 1537/2018/1677 1629/2021/1548 1627/2015/1530
f 1539/2020/1677 1630/2023/1559 1629/2021/1548
f 1532/2022/1677 1538/2011/1677 1623/2010/1567
f 1531/2006/1677 1621/2008/1570 1630/2023/1559
f 1536/1938/1677 1628/2017/1578 1631/2024/1585
f 1541/2025/1677 1540/1939/1677 1631/2024/1585
f 1541/2025/1677 1632/2026/1593 1633/2027/1598
f 1543/2029/1677 1542/2028/1677 1633/2027/1598
f 1544/2012/1677 1530/2005/1677 1620/2004/1603
f 1543/2029/1677 1634/2030/1609 1635/2032/1614
f 1545/2033/1677 1635/2032/1614 1636/2034/1613
f 1547/2036/1677 1546/2039/1677 1637/2037/1618
f 1546/2039/1677 1548/2035/1677 1636/2034/1613
f 1549/2040/1677 1640/2076/1628 1639/2041/1627
f 1550/2042/1677 1639/2041/1627 1641/2043/1634
f 1551/2045/1677 1552/2044/1677 1641/2043/1634
f 1518/1981/1677 1551/2045/1677 1642/2046/1646
f 1505/1961/1677 1598/1960/1533 1595/1956/1514
f 1499/2049/1677 1516/1979/1677 1607/1978/1658
f 1554/2051/1677 1645/2110/1666 1644/2052/1665
f 1555/2053/1677 1644/2052/1665 1646/2054/1672
f 1556/2056/1677 1557/2055/1677 1646/2054/1672
f 1499/2049/1677 1643/2050/1507 1648/2058/1519
f 1558/2059/1677 1648/2058/1519 1649/2060/1538
f 1560/2062/1677 1559/2065/1677 1650/2063/1527
f 1559/2065/1677 1561/2061/1677 1649/2060/1538
f 1547/2036/1677 1638/2038/1546 1652/2066/1623
f 1572/2068/1677 1562/2074/1677 1654/2069/1558
f 1563/2071/1677 1656/2089/1566 1655/2072/1565
f 1562/2074/1677 1564/2073/1677 1655/2072/1565
f 1549/2040/1677 1565/2087/1677 1657/2075/1575
f 1573/2077/1677 1567/2083/1677 1659/2078/1582
f 1568/1940/1677 1661/2086/1591 1660/2080/1590
f 1569/2082/1677 1662/2084/1595 1659/2078/1582
f 1570/2081/1677 1660/2080/1590 1662/2084/1595
f 1571/2085/1677 1663/2088/1607 1661/2086/1591
f 1565/2087/1677 1573/2077/1677 1658/2079/1612
f 1572/2068/1677 1653/2070/1557 1663/2088/1607
f 1566/2067/1677 1652/2066/1623 1656/2089/1566
f 1582/2090/1677 1664/2111/1504 1665/2091/1517
f 1586/2093/1677 1666/2116/1544 1667/2094/1632
f 1576/2096/1677 1575/2095/1677 1667/2094/1632
f 1585/2098/1677 1669/2115/1645 1670/2099/1644
f 1578/2101/1677 1577/2100/1677 1670/2099/1644
f 1579/2103/1677 1584/2114/1677 1672/2104/1657
f 1579/2103/1677 1673/2105/1663 1674/2106/1670
f 1581/2108/1677 1580/2107/1677 1674/2106/1670
f 1554/2051/1677 1581/2108/1677 1675/2109/1675
f 1560/2062/1677 1651/2064/1505 1664/2111/1504
f 1583/2112/1677 1574/2092/1677 1665/2091/1517
f 1584/2114/1677 1578/2101/1677 1671/2102/1525
f 1585/2098/1677 1576/2096/1677 1668/2097/1536
f 1583/2112/1677 1676/2113/1516 1666/2116/1544
f 1520/1983/1677 1556/2056/1677 1647/2057/1554
f 1286/1694/1487 1711/1809/1555 1766/1937/1676
f 1284/2118/1373 1763/1935/1664 1765/1929/1669
f 1233/1577/1376 1231/1576/1375 1679/1755/1502
f 1255/1619/1416 1260/1618/1415 1738/1858/1604
f 1285/1596/1395 1287/1614/1411 1766/1937/1676
f 1311/1605/1403 1765/1929/1669 1762/1922/1662
f 1230/1555/1354 1232/1554/1353 1720/1827/1573
f 1258/1580/1379 1259/1595/1394 1751/1893/1635
f 1285/1596/1395 1764/1931/1671 1763/1924/1664
f 1309/1561/1360 1310/1560/1359 1762/1922/1662
f 1242/1603/1402 1227/1663/1459 1758/1909/1650
f 1253/1558/1357 1258/1580/1379 1761/1927/1667
f 1229/2119/1420 1683/1917/1508 1737/1853/1599
f 1314/1695/1488 1309/1561/1360 1760/1915/1656
f 1230/1555/1354 1759/1913/1654 1680/1753/1500
f 1257/1613/1410 1757/1906/1647 1752/1912/1653
f 1283/1625/1422 1687/1765/1512 1700/1911/1652
f 1307/1681/1476 1308/1648/1445 1694/1779/1526
f 1228/1675/1471 1736/1855/1601 1758/1909/1650
f 1257/1613/1410 1256/1600/1399 1754/1899/1641
f 1281/1684/1479 1248/1683/1478 1741/1904/1610
f 1307/1681/1476 1756/1910/1651 1702/1789/1535
f 1255/1619/1416 1755/1933/1673 1754/1899/1641
f 1281/1684/1479 1753/1897/1639 1750/1898/1640
f 1306/1662/1458 1701/1791/1537 1749/1896/1638
f 1259/1595/1394 1254/1620/1417 1752/1912/1653
f 1280/1643/1440 1282/1655/1452 1750/1898/1640
f 1316/1634/1431 1305/1633/1430 1749/1896/1638
f 1251/1572/1371 1253/1558/1357 1748/1919/1659
f 1279/1644/1441 1280/1643/1440 1747/1891/1633
f 1312/1616/1413 1304/1621/1418 1689/1768/1515
f 1249/1581/1380 1252/1573/1372 1745/1876/1620
f 1276/1598/1397 1744/1875/1619 1742/1881/1624
f 1296/1587/1386 1293/1566/1365 1718/1818/1564
f 1252/1573/1372 1251/1572/1371 1746/1887/1629
f 1276/1598/1397 1277/1597/1396 1706/1801/1547
f 1301/1690/1484 1739/1860/1606 1714/1873/1617
f 1250/1569/1368 1249/1581/1380 1743/1882/1625
f 1278/1615/1412 1742/1881/1624 1740/1862/1608
f 1303/1700/1492 1295/1610/1407 1722/1830/1576
f 1243/1649/1446 1729/1840/1586 1741/1865/1610
f 1275/1578/1377 1740/1862/1608 1735/1864/1597
f 1301/1690/1484 1298/1638/1435 1731/1843/1589
f 1247/1682/1477 1244/1641/1438 1725/1833/1579
f 1274/1645/1442 1692/1774/1521 1738/1858/1604
f 1299/1666/1462 1734/1850/1596 1732/1856/1602
f 1246/1698/1490 1737/1853/1599 1736/1855/1601
f 1273/2120/1355 1735/1851/1597 1733/1846/1592
f 1297/1628/1425 1726/1837/1583 1734/1850/1596
f 1239/1654/1451 1245/1653/1450 1716/1815/1561
f 1272/1668/1464 1733/1846/1592 1728/1838/1584
f 1300/1672/1468 1732/1856/1602 1731/1843/1589
f 1243/1649/1446 1247/1682/1477 1730/1859/1605
f 1271/1669/1465 1728/1838/1584 1724/1831/1577
f 1303/1700/1492 1727/1835/1581 1726/1837/1583
f 1240/1692/1486 1709/1804/1550 1725/1833/1579
f 1266/1632/1429 1270/1631/1428 1724/1831/1577
f 1279/2121/1441 1723/1828/1574 1722/1830/1576
f 1232/1554/1353 1242/1603/1402 1721/1825/1571
f 1269/1677/1473 1715/1814/1560 1678/1750/1497
f 1294/1589/1388 1292/1588/1387 1713/1810/1556
f 1241/1685/1480 1704/1795/1541 1717/1822/1568
f 1268/1593/1392 1262/1592/1391 1677/1752/1499
f 1294/1589/1388 1719/1823/1569 1718/1818/1564
f 1238/1582/1381 1717/1822/1568 1716/1815/1561
f 1267/1671/1467 1708/1803/1549 1715/1814/1560
f 1292/1588/1387 1302/1563/1362 1714/1873/1617
f 1286/1694/1487 1250/1693/1368 1712/1807/1553
f 1240/1692/1486 1239/1654/1451 1710/1848/1594
f 1267/1671/1467 1265/1658/1455 1697/1785/1531
f 1296/2122/1386 1707/1799/1545 1706/1801/1547
f 1313/1678/1474 1316/1634/1431 1705/1889/1631
f 1241/1685/1480 1237/1676/1472 1699/1786/1532
f 1266/1632/1429 1703/1793/1539 1698/1783/1529
f 1289/1660/1456 1696/1782/1528 1691/1771/1518
f 1306/1662/1458 1315/1661/1457 1702/1789/1535
f 1237/1676/1472 1235/1691/1485 1700/1911/1652
f 1264/1657/1454 1698/1783/1529 1697/1785/1531
f 1289/1660/1456 1290/1659/1414 1681/1780/1503
f 1314/1695/1488 1695/1777/1524 1694/1779/1526
f 1236/1642/1439 1233/1577/1376 1693/1934/1674
f 1263/1636/1433 1685/1764/1511 1692/1774/1521
f 1291/1673/1469 1691/1771/1518 1684/1759/1506
f 1313/1678/1474 1690/1797/1543 1689/1768/1515
f 1236/1642/1439 1688/1775/1522 1687/1765/1512
f 1263/1636/1433 1268/1593/1392 1686/1762/1509
f 1288/1647/1444 1684/1759/1506 1683/1761/1508
f 1290/1617/1414 1312/1616/1413 1682/1883/1626
f 1234/1686/1481 1680/1753/1500 1679/1755/1502
f 1261/1607/1405 1678/1750/1497 1677/1752/1499
f 1791/2126/1681 1789/2222/1752 1773/2127/1682
f 1856/2129/1684 1834/2166/1719 1840/2130/1685
f 1791/2132/1681 1845/2254/1751 1777/2133/1687
f 1799/2137/1691 1801/6105/1736 1805/2135/1689
f 1805/2135/1689 1767/6106/1755 1843/2136/1690
f 1853/2138/1692 1804/2230/1739 1808/2139/1693
f 1776/2141/1695 1847/2246/1696 1848/2142/1696
f 1806/2157/1711 1803/2193/1738 1811/2158/1712
f 1824/2160/1714 1821/2239/1721 1830/2161/1715
f 1821/2168/1721 1832/2210/1748 1831/2155/1709
f 1812/2170/1722 1802/2192/1737 1798/2171/1723
f 1786/2179/1729 1787/2225/1730 1788/2180/1683
f 1854/2204/1692 1850/2165/1692 1823/2205/1746
f 1835/2211/1718 1839/2242/1760 1841/2167/1720
f 1790/2216/1750 1845/2221/1751 1771/2217/1726
f 1777/2219/1687 1776/2141/1695 1781/2143/1697
f 1845/2221/1751 1790/2216/1750 1776/2141/1695
f 1786/2179/1729 1785/2181/1702 1793/2185/1701
f 1774/2176/1728 1794/2256/1732 1793/2147/1701
f 1779/2223/1753 1789/2222/1752 1791/2126/1681
f 1772/2175/1727 1771/2174/1726 1787/2225/1730
f 1773/2127/1682 1775/2149/1703 1785/2148/1702
f 1800/2190/1735 1796/2187/1733 1795/2172/1724
f 1797/2188/1734 1796/2187/1733 1838/2226/1749
f 1799/2227/1691 1843/6107/1690 1844/2228/1754
f 1810/2197/1740 1807/2146/1700 1809/2159/1713
f 1804/2194/1739 1806/2157/1711 1809/2159/1713
f 1801/2191/1736 1803/2193/1738 1806/2157/1711
f 1812/2170/1722 1811/2158/1712 1803/2193/1738
f 1797/2188/1734 1810/2197/1740 1812/2170/1722
f 1799/2189/1691 1798/2171/1723 1802/2192/1737
f 1804/2230/1739 1846/2252/1763 1767/2231/1755
f 1851/2145/1699 1792/2184/1731 1794/2186/1732
f 1818/2203/1745 1814/2199/1742 1813/2198/1741
f 1857/2234/1704 1856/2129/1684 1782/2131/1686
f 1815/2235/1707 1814/2249/1742 1769/2236/1756
f 1827/2238/1706 1822/2207/1705 1824/2160/1714
f 1823/2205/1746 1819/6108/1761 1821/2239/1721
f 1815/2200/1707 1827/2209/1706 1826/2154/1708
f 1784/2240/1758 1783/2206/1747 1823/2205/1746
f 1777/2133/1687 1780/2124/1679 1833/2123/1678
f 1826/2154/1708 1825/2208/1716 1830/2169/1715
f 1828/2241/1759 1817/2202/1744 1816/2201/1743
f 1842/2215/1680 1841/2167/1720 1839/2242/1760
f 1780/2177/1679 1782/2131/1686 1840/2130/1685
f 1835/2164/1718 1819/6108/1761 1823/2205/1746
f 1837/2163/1717 1779/2223/1753 1778/2224/1688
f 1849/2213/1696 1844/2228/1754 1769/2236/1756
f 1832/2210/1748 1821/2168/1721 1819/2247/1761
f 1847/2246/1696 1769/2236/1756 1814/2249/1742
f 1822/2151/1705 1815/2153/1707 1768/2250/1757
f 1853/2138/1692 1855/2253/1692 1846/2252/1763
f 1849/2213/1696 1790/2216/1750 1770/2218/1725
f 1844/2228/1754 1843/6107/1690 1768/2237/1757
f 1846/2252/1763 1783/2206/1747 1784/2240/1758
f 1789/2222/1752 1779/2223/1753 1854/2204/1692
f 1845/2254/1751 1791/2132/1681 1787/2182/1730
f 1843/2136/1690 1767/6106/1755 1784/2251/1758
f 1790/2216/1750 1849/2213/1696 1847/2246/1696
f 1855/2253/1692 1854/2204/1692 1783/2206/1747
f 1774/2176/1728 1789/2222/1752 1855/2253/1692
f 1807/2146/1700 1851/2145/1699 1852/2233/1694
f 1779/2223/1753 1837/2163/1717 1850/2165/1692
f 1794/2256/1732 1774/2176/1728 1853/2138/1692
f 1835/2211/1718 1834/2166/1719 1820/2248/1762
f 1857/2234/1704 1818/2203/1745 1817/2202/1744
f 1848/2142/1696 1814/2249/1742 1818/2257/1745
f 1813/2198/1741 1826/2154/1708 1829/2156/1710
f 1836/2144/1698 1838/2226/1749 1770/2173/1725
f 1772/2175/1727 1786/2179/1729 1792/2184/1731
f 1879/2258/1764 1883/2323/1826 1888/2259/1765
f 1891/2261/1767 1900/2333/1833 1897/2262/1768
f 1954/2267/1773 1933/2397/1846 1936/2268/1774
f 1861/2270/1776 1859/2362/1852 1889/2271/1777
f 1961/2273/1779 1960/2412/1866 1938/2274/1780
f 1937/2276/1781 1939/2305/1809 1957/2277/1782
f 1875/2279/1784 1892/2371/1830 1896/2280/1785
f 1947/2282/1787 1946/2407/1869 1865/2283/1788
f 1881/2285/1790 1893/6109/1831 1875/2286/1784
f 1894/2263/1769 1880/2324/1827 1878/2287/1791
f 1902/2288/1792 1910/6110/1838 1913/2289/1793
f 1890/2291/1795 1877/2321/1825 1885/2292/1796
f 1866/2294/1798 1958/2403/1860 1945/2269/1775
f 1930/2296/1800 1920/2391/1845 1916/2297/1801
f 1866/2294/1798 1858/2295/1799 1974/2299/1803
f 1860/2300/1804 1903/2375/1856 1914/2301/1805
f 1922/2307/1811 1918/6111/1843 1929/2308/1812
f 1862/2311/1815 1869/2365/1822 1870/2312/1816
f 1926/2315/1819 1932/2388/1863 1930/2296/1800
f 1861/2270/1776 1875/2286/1784 1869/2318/1822
f 1881/2322/1790 1882/2366/1778 1883/2323/1826
f 1956/2310/1814 1943/2265/1771 1942/2355/1850
f 1859/2362/1852 1861/2270/1776 1873/2319/1823
f 1871/2313/1817 1868/2314/1818 1867/2364/1783
f 1869/2365/1822 1875/2279/1784 1874/2281/1786
f 1887/2326/1829 1884/2325/1828 1886/2260/1766
f 1877/2321/1825 1879/2258/1764 1886/2260/1766
f 1880/2324/1827 1883/2323/1826 1879/2258/1764
f 1889/2327/1777 1888/2259/1765 1883/2323/1826
f 1890/2291/1795 1898/2293/1797 1900/2333/1833
f 1895/2330/1824 1897/2262/1768 1900/2333/1833
f 1892/2328/1830 1894/2263/1769 1897/2262/1768
f 1893/2329/1831 1881/2322/1790 1880/2324/1827
f 1890/2291/1795 1891/2261/1767 1878/2287/1791
f 1860/2300/1804 1972/2378/1857 1863/2370/1854
f 1901/2374/1855 1902/2381/1792 1899/2332/1832
f 1903/2375/1856 1865/2283/1788 1866/2376/1798
f 1908/2337/1836 1907/2336/1835 1912/2341/1840
f 1906/2335/1806 1914/2343/1805 1912/2341/1840
f 1972/2378/1857 1860/2300/1804 1906/2302/1806
f 1904/2377/1794 1913/6112/1793 1914/2301/1805
f 1908/2337/1836 1970/2421/1872 1876/2380/1858
f 1902/2381/1792 1901/2374/1855 1911/2340/1839
f 1863/2370/1854 1959/2408/1870 1947/2282/1787
f 1919/2348/1844 1918/2347/1843 1922/2382/1811
f 1917/2346/1842 1916/2345/1801 1920/2349/1845
f 1958/2384/1860 1946/2407/1869 1921/2383/1859
f 1925/2385/1861 1926/2315/1819 1928/2298/1802
f 1929/2387/1812 1930/2296/1800 1932/2388/1863
f 1927/2386/1862 1928/2298/1802 1916/2297/1801
f 1929/2387/1812 1918/6113/1843 1920/2391/1845
f 1924/2392/1864 1931/2389/1813 1932/2388/1863
f 1938/2394/1780 1939/2305/1809 1941/2395/1849
f 1933/2397/1846 1935/6114/1810 1937/2398/1781
f 1942/2355/1850 1941/2354/1849 1935/2352/1810
f 1936/2268/1774 1937/2398/1781 1867/2364/1783
f 1960/2399/1866 1957/2277/1782 1939/2305/1809
f 1944/2400/1867 1940/2353/1848 1942/2355/1850
f 1925/2385/1861 1967/2422/1871 1968/2401/1868
f 1949/2264/1770 1953/2266/1772 1952/2359/1808
f 1956/2310/1814 1955/2361/1820 1951/2358/1821
f 1934/2351/1847 1933/2350/1846 1954/2360/1773
f 1948/2356/1851 1924/2392/1864 1923/2393/1865
f 1968/2401/1868 1943/2265/1771 1949/2264/1770
f 1948/2402/1851 1945/2269/1775 1958/2403/1860
f 1958/2403/1860 1922/2307/1811 1924/2404/1864
f 1962/2405/1779 1973/2427/1779 1859/2367/1852
f 1867/2278/1783 1957/2277/1782 1873/2319/1823
f 1921/2383/1859 1946/2407/1869 1947/2282/1787
f 1947/2282/1787 1917/2346/1842 1919/2348/1844
f 1957/2277/1782 1960/2399/1866 1872/2363/1853
f 1946/2407/1869 1958/2384/1860 1866/2376/1798
f 1959/2408/1870 1915/2344/1841 1917/2346/1842
f 1964/2409/1779 1959/2414/1870 1863/2410/1854
f 1960/2412/1866 1961/2273/1779 1962/2405/1779
f 1966/2413/1779 1915/6115/1841 1959/2414/1870
f 1963/2275/1779 1938/2274/1780 1940/2415/1848
f 1927/2417/1862 1915/6115/1841 1966/2413/1779
f 1925/2419/1861 1927/2417/1862 1969/2418/1779
f 1963/2275/1779 1966/2413/1779 1964/2409/1779
f 1961/2273/1779 1964/2409/1779 1965/2411/1779
f 1970/2421/1872 1908/2337/1836 1911/2340/1839
f 1968/2401/1868 1923/2393/1865 1932/2388/1863
f 1967/2422/1871 1944/2400/1867 1943/2265/1771
f 1969/2418/1779 1963/2275/1779 1944/2416/1867
f 1902/2288/1792 1904/2290/1794 1974/2299/1803
f 1901/2374/1855 1898/2293/1797 1885/2292/1796
f 1876/2380/1858 1970/2421/1872 1885/2292/1796
f 1972/2425/1857 1971/2424/1779 1965/2411/1779
f 1860/2300/1804 1864/2284/1789 1865/2283/1788
f 1973/2427/1779 1962/2405/1779 1965/2411/1779
f 1973/2427/1779 1971/2424/1779 1876/2429/1858
f 1974/2299/1803 1858/2295/1799 1870/2312/1816
f 1974/2299/1803 1874/2281/1786 1895/2320/1824
f 2035/2431/1873 2043/2533/1936 1991/2432/1874
f 2039/2434/1803 2024/2512/1933 2026/2435/1876
f 2038/2437/1878 2018/2492/1924 2020/2438/1879
f 2007/2441/1882 2008/6116/1894 2006/2443/1884
f 1994/2444/1885 1976/2448/1889 1983/2445/1886
f 2032/2447/1888 1983/2445/1886 1976/2448/1889
f 2029/2450/1891 2021/6117/1926 2017/2451/1892
f 2008/2453/1894 2031/2510/1931 2003/2454/1895
f 1996/2456/1897 1992/2475/1913 1995/2457/1898
f 2026/2435/1876 2024/2512/1933 2022/2459/1899
f 1981/2499/1905 1980/6118/1904 1986/2469/1909
f 1989/2472/1911 1986/2471/1909 1980/2500/1904
f 2032/2447/1888 1987/2470/1910 1989/2472/1911
f 1993/2503/1914 1995/2457/1898 1992/2475/1913
f 1994/2444/1885 1993/2476/1914 1977/2461/1901
f 1996/2456/1897 1998/2458/1887 1979/2463/1903
f 2042/2505/1928 2043/2533/1936 2035/2431/1873
f 2012/2487/1921 2009/2486/1875 2011/2442/1883
f 2003/2454/1895 1999/2482/1915 2005/2483/1919
f 2001/2480/1917 2012/2527/1921 2005/2507/1919
f 2009/2486/1875 1991/2474/1874 1990/2473/1912
f 2019/2508/1925 2015/2489/1922 2014/2452/1893
f 2030/2509/1930 2002/2481/1918 2003/2454/1895
f 2037/2511/1932 2019/2493/1925 2018/2492/1924
f 2027/2496/1927 2025/2528/1935 2026/2435/1876
f 2020/2494/1879 2022/2459/1899 2024/2512/1933
f 2021/2495/1926 2029/2497/1891 2028/2460/1900
f 2016/2490/1923 2027/6119/1927 2029/2450/1891
f 2018/2492/1924 2017/2491/1892 2021/2514/1926
f 1982/2466/1906 1981/2465/1905 2023/2513/1880
f 1997/2515/1934 2008/6116/1894 2007/2441/1882
f 2015/2489/1922 2019/2508/1925 2033/2516/1779
f 2030/2509/1930 2031/2510/1931 2016/2490/1923
f 2025/2517/1935 2027/6119/1927 2016/2490/1923
f 2033/2516/1779 2000/2504/1916 2002/2481/1918
f 2036/2519/1779 2041/2523/1779 2042/2520/1928
f 2037/2522/1932 1984/6120/1907 2041/2523/1779
f 2033/2524/1779 2036/2519/1779 2034/2521/1929
f 2034/2506/1929 2035/2431/1873 2001/2480/1917
f 2037/2511/1932 2038/2437/1878 1985/2468/1908
f 2019/2526/1925 2037/2522/1932 2036/2519/1779
f 1985/2468/1908 2038/2437/1878 2023/2439/1880
f 2035/2431/1873 2009/2433/1875 2012/2527/1921
f 1998/2446/1887 1983/2445/1886 1989/2472/1911
f 2025/2528/1935 1997/2515/1934 1988/2436/1877
f 2039/2434/1803 1988/2436/1877 2007/2441/1882
f 2040/2502/1803 2039/2434/1803 2010/2440/1881
f 2040/2502/1803 1982/2466/1906 2024/2512/1933
f 2041/2523/1779 1984/6120/1907 1987/2529/1910
f 2042/2520/1928 2041/2523/1779 2032/2530/1888
f 2042/2505/1928 1975/6121/1890 1977/2532/1901
f 2043/2533/1936 1977/2532/1901 1993/2534/1914
f 2105/2535/1937 2157/2679/2037 2160/2536/1938
f 2085/2538/1940 2092/2578/1975 2143/2539/1941
f 2044/2544/1945 2045/2551/1951 2069/2545/1946
f 2094/2547/1948 2097/2675/2008 2081/2548/1949
f 2074/2550/1803 2078/2698/1803 2045/2551/1951
f 2135/2552/1779 2058/2654/2025 2056/2553/1952
f 2119/2555/1953 2125/2708/2047 2053/2556/1954
f 2107/2558/1956 2102/2677/2010 2124/2559/1957
f 2073/2562/1950 2080/6122/2033 2083/2563/1960
f 2165/2566/1963 2113/2685/2015 2111/2567/1964
f 2096/2569/1966 2093/2670/2006 2090/2570/1967
f 2086/2572/1969 2082/6123/2000 2084/2573/1970
f 2076/2577/1974 2088/2615/2003 2092/2578/1975
f 2139/2579/1976 2132/2664/2032 2130/2580/1803
f 2156/2582/1978 2163/2713/1779 2164/2583/1979
f 2061/2589/1985 2063/2688/2042 2052/2590/1955
f 2061/2589/1985 2055/2591/1986 2149/2595/1990
f 2059/2600/1993 2065/2707/2030 2068/2601/1994
f 2076/2577/1974 2085/2538/1940 2084/2573/1970
f 2079/2611/2001 2080/2669/2033 2081/2548/1949
f 2121/2592/1987 2109/6124/2013 2113/2633/2015
f 2134/2540/1942 2138/2649/2022 2140/2599/1992
f 2054/2651/2024 2055/2691/1986 2052/2557/1955
f 2051/2584/1980 2164/2583/1979 2165/2652/1963
f 2058/2654/2025 2059/2672/1993 2057/2655/1995
f 2060/2656/2026 2061/2589/1985 2151/2596/1991
f 2062/2658/2028 2063/2688/2042 2061/2589/1985
f 2066/2659/2029 2067/2565/1962 2064/2546/1947
f 2070/2661/2031 2068/2662/1994 2069/2545/1946
f 2065/2660/2030 2064/2546/1947 2069/2545/1946
f 2066/2659/2029 2073/2562/1950 2072/2564/1961
f 2149/2663/1990 2150/2692/2044 2132/2664/2032
f 2077/2665/2027 2152/2667/1779 2135/2552/1779
f 2152/2667/1779 2148/2673/2035 2058/2654/2025
f 2083/2563/1960 2080/6122/2033 2079/2668/2001
f 2086/2614/1969 2130/2580/1803 2072/2564/1961
f 2097/2622/2008 2094/2620/1948 2096/2569/1966
f 2095/2621/2007 2091/2700/2005 2093/2670/2006
f 2088/2615/2003 2090/2617/1967 2093/2619/2006
f 2047/2604/1997 2143/2539/1941 2142/2671/2034
f 2059/2672/1993 2058/2654/2025 2148/2673/2035
f 2097/2675/2008 2089/6125/2004 2075/2612/2002
f 2076/2577/1974 2075/2706/2002 2089/2616/2004
f 2108/2676/2012 2104/2627/2011 2103/2585/1981
f 2102/2677/2010 2107/2558/1956 2106/2628/1971
f 2051/2608/1980 2050/2607/1999 2157/2679/2037
f 2102/2626/2010 2101/2625/2009 2120/2681/2038
f 2153/2683/2039 2108/2629/2012 2107/2558/1956
f 2111/2632/1964 2110/2631/2014 2050/2607/1999
f 2114/2593/1988 2113/2633/2015 2070/2661/2031
f 2112/2686/2040 2153/2683/2039 2154/2560/1958
f 2162/2543/1944 2161/2714/2043 2123/2637/2017
f 2062/2658/2028 2112/2686/2040 2155/2687/2041
f 2116/2537/1939 2160/2536/1938 2161/2689/2043
f 2103/2585/1981 2105/2535/1937 2116/2537/1939
f 2109/2630/2013 2121/2638/1987 2126/2640/2018
f 2101/2625/2009 2100/2624/1973 2115/2635/1972
f 2155/2687/2041 2119/2709/1953 2052/2590/1955
f 2055/2691/1986 2054/2651/2024 2150/2692/2044
f 2047/2604/1997 2046/2603/1996 2129/2643/1983
f 2141/2650/2023 2140/2599/1992 2138/2649/2022
f 2085/2538/1940 2134/2540/1942 2133/2598/1977
f 2145/2693/2045 2131/2588/1984 2129/2587/1983
f 2136/2647/2021 2128/2642/2019 2127/2641/1982
f 2048/2695/1998 2142/6126/2034 2146/2696/1779
f 2054/2651/2024 2053/2556/1954 2078/2698/1803
f 2062/2699/2028 2060/2666/2026 2135/2552/1779
f 2047/2604/1997 2128/2642/2019 2136/2647/2021
f 2143/2539/1941 2092/2578/1975 2091/2618/2005
f 2146/2696/1779 2142/6126/2034 2091/2700/2005
f 2144/2697/2046 2146/2696/1779 2152/2667/1779
f 2144/2701/2046 2145/2693/2045 2046/2694/1996
f 2141/2690/2023 2137/2644/2020 2131/2646/1984
f 2146/2696/1779 2095/2621/2007 2148/2673/2035
f 2147/2703/2036 2094/2547/1948 2073/2549/1950
f 2132/2664/2032 2150/2692/2044 2087/2705/1803
f 2150/2692/2044 2054/2651/2024 2074/2550/1803
f 2087/2705/1803 2074/2550/1803 2044/2544/1945
f 2147/2674/2036 2148/2673/2035 2095/2621/2007
f 2077/2657/2027 2151/2596/1991 2145/2693/2045
f 2151/2596/1991 2149/2595/1990 2131/2588/1984
f 2072/2564/1961 2130/2580/1803 2087/2705/1803
f 2059/2600/1993 2147/2703/2036 2066/2704/2029
f 2124/2682/1957 2120/2681/2038 2125/2708/2047
f 2154/2560/1958 2124/2559/1957 2119/2709/1953
f 2053/2556/1954 2125/2708/2047 2159/2710/1803
f 2120/2681/2038 2158/2541/1803 2159/2710/1803
f 2156/2680/1978 2157/2679/2037 2105/2535/1937
f 2162/2543/1944 2118/2542/1943 2117/2636/2016
f 2159/2710/1803 2071/2561/1959 2045/2551/1951
f 2158/2541/1803 2162/2543/1944 2122/2594/1989
f 2158/2541/1803 2114/2593/1988 2071/2561/1959
f 2160/2536/1938 2126/2640/2018 2123/2639/2017
f 2050/2607/1999 2110/2631/2014 2126/2640/2018
f 2165/2652/1963 2164/2583/1979 2167/2716/2048
f 2164/2583/1979 2163/2713/1779 2168/2718/1779
f 2113/2685/2015 2165/2566/1963 2166/2719/2049
f 2153/2712/2039 2112/2721/2040 2168/2718/1779
f 2112/2721/2040 2062/2699/2028 2099/2554/1779
f 2166/2717/2049 2167/2716/2048 2056/2553/1952
f 2168/2718/1779 2099/2554/1779 2056/2553/1952
f 2070/2720/2031 2166/2719/2049 2057/2602/1995
f 2224/2722/2050 2223/2732/2059 2221/2723/2051
f 2192/2725/2053 2205/2729/2057 2203/2726/2054
f 2189/2728/2056 2181/2802/2088 2205/2729/2057
f 2230/2730/1779 2197/2823/2094 2214/2731/2058
f 2199/2733/2060 2201/2806/2096 2222/2734/2061
f 2183/2736/2063 2182/2766/2089 2188/2737/2064
f 2214/2731/2058 2212/2811/2062 2208/2739/2066
f 2193/2741/2068 2187/2800/2091 2190/2742/2069
f 2229/2747/2074 2227/2792/2106 2170/2748/2075
f 2225/2750/2077 2198/2798/1803 2231/2751/1803
f 2220/2753/2079 2215/2743/2070 2173/2754/2080
f 2228/2788/2104 2223/2732/2059 2214/2731/2058
f 2170/2757/2075 2169/2755/2081 2173/2754/2080
f 2174/2760/2083 2173/2754/2080 2215/2743/2070
f 2184/2791/2078 2180/2764/2087 2182/2766/2089
f 2227/2792/2106 2179/2756/2082 2178/2793/2107
f 2225/2795/2077 2184/2791/2078 2183/2736/2063
f 2216/2796/2105 2175/6127/2084 2213/2797/2108
f 2188/2737/2064 2190/2770/2069 2187/2768/2091
f 2179/2756/2082 2186/2738/2065 2185/2767/2090
f 2181/2765/2088 2189/2769/2056 2188/2737/2064
f 2203/2726/2054 2202/2777/2097 2196/2772/2093
f 2199/2774/2060 2196/2772/2093 2202/2777/2097
f 2193/2741/2068 2192/2725/2053 2195/2727/2055
f 2191/2801/2109 2205/2729/2057 2181/2802/2088
f 2175/2804/2084 2177/2814/2086 2222/2734/2061
f 2213/2805/2108 2222/2734/2061 2201/2806/2096
f 2207/2780/2100 2209/2745/2072 2211/2783/2067
f 2176/2762/2085 2207/2780/2100 2206/2779/2099
f 2214/2731/2058 2197/2823/2094 2199/2810/2060
f 2216/2790/2105 2215/2743/2070 2176/2762/2085
f 2210/2782/2101 2209/2745/2072 2226/2744/2071
f 2169/2755/2081 2171/2758/2052 2221/2787/2051
f 2206/2808/2099 2212/2735/2062 2222/2734/2061
f 2174/2815/2083 2225/2795/2077 2229/2747/2074
f 2227/2792/2106 2224/2794/2050 2171/2816/2052
f 2179/2756/2082 2227/2792/2106 2229/2747/2074
f 2174/2817/2083 2216/2796/2105 2198/2798/1803
f 2185/2818/2090 2193/6128/2068 2230/2730/1779
f 2191/2801/2109 2204/2778/2098 2203/2726/2054
f 2231/2751/1803 2200/2824/2095 2204/2820/2098
f 2230/2730/1779 2193/6128/2068 2194/2822/2092
f 2223/2732/2059 2224/2722/2050 2178/2819/2107
f 2231/2751/1803 2198/2798/1803 2213/2797/2108
f 2231/2751/1803 2191/2821/2109 2180/2825/2087
f 2332/2826/1779 2327/2972/2202 2306/2827/2110
f 2310/2829/2111 2251/2843/1803 2303/2830/1803
f 2255/2832/2113 2256/2857/2132 2257/2833/2114
f 2325/2835/2116 2261/6129/2154 2304/2836/1779
f 2316/2840/1779 2252/2952/2184 2259/2841/2119
f 2251/2843/1803 2308/2974/2181 2246/2844/2120
f 2321/2845/2121 2236/6130/2152 2314/2846/2122
f 2244/2848/2123 2243/2870/2145 2270/2849/2124
f 2292/2853/2128 2260/2879/2153 2268/2851/2126
f 2268/2851/2126 2263/2882/2156 2288/2852/2127
f 2319/2854/2129 2233/2969/2149 2237/2855/2130
f 2256/2857/2132 2254/2863/2138 2247/2858/2133
f 2284/2860/2135 2335/2934/2192 2296/2861/2136
f 2254/2863/2138 2253/2917/2183 2250/2864/2139
f 2289/2865/2140 2265/2947/2157 2299/2866/2141
f 2240/2868/2143 2249/2951/2197 2239/2869/2144
f 2304/2836/1779 2261/6129/2154 2291/2871/2146
f 2237/2878/2130 2233/2874/2149 2232/2873/2148
f 2237/2855/2130 2236/6131/2152 2321/2910/2121
f 2305/2911/2179 2240/2868/2143 2241/2912/2180
f 2247/2858/2133 2246/2958/2120 2308/2914/2181
f 2325/2915/2116 2257/2833/2114 2256/2857/2132
f 2319/2854/2129 2253/2917/2183 2252/2920/2184
f 2329/2922/2186 2328/2954/2198 2309/2923/2187
f 2266/2885/2158 2268/2851/2126 2260/2879/2153
f 2267/2886/2159 2264/2883/2118 2263/2882/2156
f 2313/2924/2188 2234/6132/2150 2320/2925/2185
f 2243/2870/2145 2239/2869/2144 2278/2896/2167
f 2272/2888/2161 2271/2890/2160 2276/2893/2165
f 2270/2849/2124 2278/2896/2167 2276/2895/2165
f 2241/2912/2180 2240/2868/2143 2243/2870/2145
f 2242/2929/2189 2277/2894/2166 2278/2896/2167
f 2238/2930/2190 2232/2873/2148 2234/2875/2150
f 2236/2877/2152 2235/2876/2151 2315/2932/2191
f 2282/2900/2171 2284/2860/2135 2285/2862/2137
f 2283/2901/2172 2334/2939/2194 2335/2934/2192
f 2298/2935/2117 2287/6133/2174 2286/2936/2173
f 2238/2930/2190 2315/2932/2191 2235/2876/2151
f 2303/2830/1803 2246/2844/2120 2245/2937/2193
f 2334/2939/2194 2280/2898/2169 2279/2897/2168
f 2300/2872/2147 2291/2871/2146 2290/2940/2175
f 2297/2942/2196 2295/6134/2178 2301/2943/2195
f 2291/2906/2146 2261/2880/2154 2260/2879/2153
f 2265/2884/2157 2289/2904/2140 2288/2852/2127
f 2296/2861/2136 2297/2977/2196 2286/2902/2173
f 2279/2897/2168 2281/2899/2170 2294/2908/2177
f 2272/2888/2161 2275/2892/2164 2315/2932/2191
f 2289/2865/2140 2302/2867/2142 2301/2943/2195
f 2300/2872/2147 2301/2941/2195 2295/2945/2178
f 2298/2935/2117 2299/2866/2141 2265/2947/2157
f 2304/2836/1779 2300/2872/2147 2294/2946/2177
f 2297/2942/2196 2302/2867/2142 2299/2866/2141
f 2248/2950/2112 2242/2929/2189 2239/2869/2144
f 2252/2920/2184 2253/2917/2183 2255/2832/2113
f 2309/2923/2187 2310/2953/2111 2248/2950/2112
f 2310/2953/2111 2309/2923/2187 2328/2954/2198
f 2324/2956/2200 2267/2886/2159 2266/2885/2158
f 2250/2864/2139 2245/2971/2193 2246/2958/2120
f 2305/2911/2179 2309/2923/2187 2249/2951/2197
f 2259/2841/2119 2257/2918/2114 2312/2828/1779
f 2241/2961/2180 2311/2842/1779 2312/2828/1779
f 2326/2916/2182 2256/2857/2132 2307/2859/2134
f 2281/2899/2170 2280/2898/2169 2329/2922/2186
f 2314/2933/2122 2315/2932/2191 2275/2892/2164
f 2272/2888/2161 2238/2930/2190 2313/2931/2188
f 2273/2963/2162 2313/2924/2188 2322/2926/1779
f 2244/2965/2123 2316/2840/1779 2311/2842/1779
f 2323/2847/1803 2314/2846/2122 2274/2966/2163
f 2248/2831/2112 2303/2830/1803 2317/2938/1803
f 2322/2926/1779 2320/2925/2185 2252/2952/2184
f 2233/2969/2149 2319/2854/2129 2320/2921/2185
f 2250/2864/2139 2318/2856/2131 2321/2910/2121
f 2253/2917/2183 2319/2854/2129 2318/2856/2131
f 2317/2938/1803 2245/2937/2193 2321/2845/2121
f 2244/2965/2123 2269/2964/2125 2322/2926/1779
f 2242/2968/2189 2317/2938/1803 2323/2847/1803
f 2327/2962/2202 2329/2922/2186 2305/2911/2179
f 2262/2881/2155 2326/2916/2182 2330/2957/2201
f 2308/2914/2181 2324/2956/2200 2330/2957/2201
f 2331/2955/2199 2328/2954/2198 2283/2901/2172
f 2261/2880/2154 2325/2915/2116 2326/2916/2182
f 2312/2828/1779 2257/2918/2114 2325/2835/2116
f 2304/2836/1779 2281/2949/2170 2327/2972/2202
f 2251/2843/1803 2310/2829/2111 2331/2959/2199
f 2251/2843/1803 2333/2837/1803 2324/2973/2200
f 2296/2861/2136 2293/2907/2176 2295/2909/2178
f 2335/2934/2192 2279/2897/2168 2293/2907/2176
f 2334/2939/2194 2283/2901/2172 2328/2954/2198
f 2393/2978/2203 2392/6135/2257 2362/2979/2204
f 2388/2981/2206 2347/3018/2234 2349/2982/2207
f 2362/2984/2204 2360/3052/2253 2356/2985/2209
f 2338/2987/2211 2396/3077/2262 2395/2988/2212
f 2377/2998/2222 2346/3064/2259 2378/2999/1779
f 2339/3004/2225 2385/3069/2252 2387/3005/1803
f 2376/3040/2220 2377/2998/2222 2380/3041/2248
f 2343/3046/2231 2351/3021/2237 2350/3023/2236
f 2347/3018/2234 2344/3017/2232 2350/3020/2236
f 2361/3049/2250 2352/3022/2238 2351/3021/2237
f 2339/3010/2225 2341/3012/2229 2386/2983/2208
f 2385/3051/2252 2386/2983/2208 2349/2982/2207
f 2355/3025/2240 2357/3027/2241 2359/3029/2210
f 2388/2981/2206 2355/3025/2240 2354/3024/2239
f 2341/3012/2229 2340/3011/2228 2358/3028/2242
f 2367/3055/2255 2364/3032/2243 2363/2991/2215
f 2384/3057/2226 2383/2980/2205 2340/3058/2228
f 2391/3060/2256 2360/3052/2253 2362/2984/2204
f 2397/3062/2258 2399/3075/2261 2370/2992/2216
f 2379/2994/2218 2373/2993/2217 2375/3039/2221
f 2391/3060/2256 2394/3000/1779 2378/2999/1779
f 2346/3064/2259 2382/3066/2260 2343/3014/2231
f 2373/2993/2217 2337/3008/2227 2336/3007/2213
f 2368/2990/2214 2379/2994/2218 2381/3044/2249
f 2351/3021/2237 2343/3046/2231 2382/3065/2260
f 2382/3065/2260 2376/2996/2220 2395/2988/2212
f 2382/3066/2260 2346/3064/2259 2377/2998/2222
f 2384/3006/2226 2387/3005/1803 2398/3002/1803
f 2383/2980/2205 2362/2979/2204 2358/3030/2242
f 2390/3067/2223 2372/6136/2224 2371/3068/2247
f 2347/3018/2234 2388/2981/2206 2389/3054/2254
f 2378/2999/1779 2389/3082/2254 2354/3053/2239
f 2384/3057/2226 2390/3067/2223 2393/2978/2203
f 2364/3071/2243 2367/3074/2255 2394/3000/1779
f 2364/3071/2243 2391/3060/2256 2392/3061/2257
f 2365/3073/2244 2392/6135/2257 2393/2978/2203
f 2381/3063/2249 2377/2998/2222 2394/3000/1779
f 2373/2993/2217 2368/2990/2214 2399/3075/2261
f 2396/3077/2262 2361/3049/2250 2353/3050/2251
f 2395/2988/2212 2376/2996/2220 2374/2995/2219
f 2387/3005/1803 2361/3080/2250 2396/3078/2262
f 2397/3076/2258 2398/3002/1803 2396/3078/2262
f 2399/3075/2261 2397/3062/2258 2338/3009/2211
f 2371/3036/2247 2366/3034/2245 2363/2991/2215
f 2421/3083/2263 2413/3228/2350 2488/3084/2264
f 2403/3086/2266 2469/3138/2315 2489/3087/2267
f 2429/3089/2269 2424/3157/2331 2409/3090/2270
f 2442/3098/2278 2451/3169/2337 2454/3099/2279
f 2492/3105/2285 2495/6137/2355 2415/3106/2286
f 2459/3108/2288 2452/6138/2338 2444/3109/2289
f 2455/3111/2291 2457/3172/2340 2450/3112/2292
f 2486/3114/2294 2406/6139/2322 2404/3115/2295
f 2494/3118/2267 2493/3191/2348 2411/3119/2298
f 2464/3121/2299 2462/3126/2304 2438/3122/2300
f 2460/3123/2301 2445/3165/2336 2448/3124/2302
f 2401/3129/2307 2420/3206/2353 2483/3133/2310
f 2416/3135/2312 2401/3129/2307 2471/3128/2306
f 2414/3137/2314 2500/3204/2351 2494/3118/2267
f 2469/3138/2315 2425/3142/2318 2490/3139/2267
f 2425/3142/2318 2408/3197/2324 2487/3143/2319
f 2464/3121/2299 2465/3207/2354 2467/3177/2342
f 2402/3144/2320 2404/3146/2295 2406/3148/2322
f 2409/3090/2270 2408/3150/2324 2425/3188/2318
f 2411/3119/2298 2412/3190/2287 2482/3189/2296
f 2412/3190/2287 2411/3119/2298 2493/3191/2348
f 2483/3133/2310 2420/3206/2353 2421/3193/2263
f 2424/3157/2331 2423/3156/2330 2410/3151/2325
f 2407/3195/2323 2406/6140/2322 2486/3196/2294
f 2408/3197/2324 2410/6141/2325 2488/3198/2264
f 2426/3091/2271 2425/3188/2318 2469/3199/2315
f 2411/3119/2298 2481/3088/2268 2489/3087/2267
f 2429/3089/2269 2430/6142/2356 2422/3155/2329
f 2441/3162/2334 2443/3163/2335 2442/3098/2278
f 2449/3168/2273 2448/3124/2302 2445/3165/2336
f 2427/3202/2349 2441/3162/2334 2440/3113/2293
f 2435/3160/2284 2434/3117/2297 2450/3112/2292
f 2413/3203/2350 2497/3225/2358 2500/3204/2351
f 2499/3205/2352 2498/3229/2359 2421/3193/2263
f 2452/3170/2338 2459/3174/2288 2458/3173/2341
f 2455/3111/2291 2453/3171/2339 2458/3173/2341
f 2439/3100/2280 2454/3099/2279 2455/3111/2291
f 2448/3124/2302 2450/3112/2292 2457/3172/2340
f 2452/3170/2338 2451/3169/2337 2442/3098/2278
f 2445/3165/2336 2460/3123/2301 2459/3174/2288
f 2461/3134/2311 2463/3176/2305 2467/3179/2342
f 2468/3180/2344 2419/3154/2328 2418/3153/2327
f 2438/3161/2300 2462/3175/2304 2461/3134/2311
f 2464/3121/2299 2496/3222/2357 2495/3209/2355
f 2402/3144/2320 2470/3101/2281 2469/3199/2315
f 2473/3103/2283 2477/3102/2282 2476/3184/2309
f 2480/3187/2347 2479/3186/2316 2475/3183/2317
f 2405/3147/2321 2407/3149/2323 2478/3185/2346
f 2472/3181/2345 2430/6142/2356 2429/3089/2269
f 2487/3143/2319 2488/3198/2264 2413/3203/2350
f 2485/3136/2313 2486/3196/2294 2415/3212/2286
f 2422/3213/2329 2483/3133/2310 2484/3194/2265
f 2403/3086/2266 2481/3088/2268 2482/3189/2296
f 2490/3139/2267 2487/3143/2319 2414/3137/2314
f 2491/3130/2307 2483/3133/2310 2422/3213/2329
f 2415/3106/2286 2486/3114/2294 2482/3116/2296
f 2484/3085/2265 2488/3084/2264 2410/3217/2325
f 2472/3211/2345 2471/3128/2306 2491/3130/2307
f 2485/3136/2313 2471/3128/2306 2478/3210/2346
f 2416/3135/2312 2496/3222/2357 2436/3092/2272
f 2492/3192/2285 2493/3191/2348 2417/3219/2326
f 2427/3221/2349 2417/3219/2326 2493/3191/2348
f 2496/3222/2357 2416/3135/2312 2415/3212/2286
f 2465/3224/2354 2495/6137/2355 2492/3105/2285
f 2492/3105/2285 2419/6143/2328 2468/3223/2344
f 2497/3225/2358 2444/6144/2289 2443/3226/2335
f 2498/3227/2359 2497/3232/2358 2413/3228/2350
f 2498/3229/2359 2499/3205/2352 2447/3094/2274
f 2420/3206/2353 2401/3129/2307 2436/3092/2272
f 2417/3152/2326 2427/3202/2349 2428/3096/2276
f 2440/3113/2293 2450/3112/2292 2434/3117/2297
f 2446/3110/2290 2444/3109/2289 2497/3232/2358
f 2426/3091/2271 2470/3101/2281 2473/3103/2283
f 2402/3144/2320 2405/3147/2321 2480/3187/2347
f 2601/3233/2360 2504/3294/2411 2501/3234/2361
f 2581/3236/2363 2512/3346/2442 2570/3237/1692
f 2515/3242/2367 2528/3375/2437 2532/3243/2368
f 2545/3245/2370 2530/3266/2386 2540/3246/2371
f 2568/3248/2373 2574/3320/2430 2518/3249/2374
f 2526/3251/2376 2559/6145/2426 2563/3252/2377
f 2511/3254/2379 2529/3374/2450 2590/3255/1696
f 2585/3257/2380 2526/3251/2376 2521/3253/2378
f 2597/3259/1692 2546/3303/2394 2543/3260/2382
f 2510/3265/2385 2536/3302/2419 2540/3246/2371
f 2543/3260/2382 2533/3348/2444 2570/3237/1692
f 2593/3267/1696 2582/6146/2438 2520/3268/2387
f 2535/3269/2388 2534/3288/2406 2542/3270/2389
f 2544/3247/2372 2541/3271/2390 2542/3270/2389
f 2588/3276/2395 2503/6147/2410 2538/3277/2396
f 2561/3279/2397 2558/3313/2425 2566/3280/2398
f 2568/3248/2373 2569/3364/2449 2573/3285/2403
f 2539/3287/2405 2537/6148/2443 2534/3288/2406
f 2598/3289/2407 2517/6149/2418 2524/3290/2408
f 2502/3292/2409 2501/3234/2361 2504/3294/2411
f 2503/3324/2410 2502/3372/2409 2577/3325/2432
f 2501/3234/2361 2503/3293/2410 2588/3327/2395
f 2514/3328/2433 2515/3331/2367 2579/3329/2434
f 2515/3331/2367 2514/3328/2433 2527/3332/2436
f 2545/3245/2370 2519/3363/2448 2520/3334/2387
f 2521/3336/2378 2522/3356/2446 2584/3337/2439
f 2523/3241/2366 2524/3353/2408 2517/3339/2418
f 2585/3341/2380 2528/3333/2437 2527/3332/2436
f 2530/3266/2386 2529/3373/2450 2511/3343/2379
f 2513/3344/2369 2532/3350/2368 2531/3345/2441
f 2511/3343/2379 2538/3326/2396 2577/3325/2432
f 2532/3350/2368 2583/3338/2381 2584/3337/2439
f 2536/3302/2419 2535/3269/2388 2541/3271/2390
f 2543/3260/2382 2542/3304/2389 2534/3349/2406
f 2505/3351/2412 2537/6148/2443 2539/3287/2405
f 2523/3241/2366 2544/3247/2372 2546/3275/2394
f 2553/3309/2423 2547/3305/2420 2549/3272/2391
f 2550/3307/2422 2552/3273/2392 2549/3272/2391
f 2555/3310/2401 2554/3274/2393 2552/3273/2392
f 2548/3306/2421 2547/3305/2420 2600/3354/2445
f 2580/3355/2400 2513/3344/2369 2512/3346/2442
f 2550/3307/2422 2507/3297/2414 2509/3299/2416
f 2562/3316/2427 2564/3281/2399 2566/3280/2398
f 2559/3314/2426 2561/3279/2397 2564/3281/2399
f 2560/3315/2383 2556/3311/2384 2558/3313/2425
f 2557/3312/2424 2567/3319/2429 2566/3280/2398
f 2522/3356/2446 2521/3336/2378 2563/3357/2377
f 2525/3359/2447 2560/3262/2383 2559/3360/2426
f 2598/3362/2407 2565/3318/2428 2567/3319/2429
f 2572/3322/2365 2576/3323/2364 2575/3286/2404
f 2574/3320/2430 2576/3323/2364 2516/3300/2417
f 2571/3365/2431 2520/3334/2387 2519/3363/2448
f 2557/3312/2424 2556/3311/2384 2569/3364/2449
f 2577/3325/2432 2539/3287/2405 2536/3302/2419
f 2578/3330/2435 2579/3329/2434 2509/3366/2416
f 2592/3278/1696 2538/3277/2396 2511/3254/2379
f 2580/3355/2400 2581/3236/2363 2553/3368/2423
f 2580/3282/2400 2579/3380/2434 2515/3242/2367
f 2600/3370/2445 2596/3238/1692 2537/3347/2443
f 2502/3372/2409 2506/3352/2413 2539/3287/2405
f 2526/3361/2376 2585/3341/2380 2586/3342/2440
f 2545/3245/2370 2582/3335/2438 2529/3373/2450
f 2529/3374/2450 2582/6146/2438 2593/3267/1696
f 2528/3375/2437 2585/3257/2380 2583/3258/2381
f 2519/3363/2448 2545/3245/2370 2544/3247/2372
f 2524/3290/2408 2546/3303/2394 2597/3259/1692
f 2590/3255/1696 2593/3267/1696 2586/3342/2440
f 2578/3330/2435 2592/3278/1696 2589/3256/1696
f 2587/3235/2362 2588/3327/2395 2508/3298/2415
f 2508/3367/2415 2588/3276/2395 2592/3278/1696
f 2586/3342/2440 2593/3267/1696 2591/3263/1696
f 2514/3328/2433 2589/3256/1696 2590/3255/1696
f 2571/3377/2431 2569/3376/2449 2591/3263/1696
f 2595/3291/1692 2597/3259/1692 2584/3337/2439
f 2594/3261/1692 2570/3237/1692 2512/3346/2442
f 2584/3337/2439 2597/3259/1692 2594/3261/1692
f 2596/3238/1692 2570/3237/1692 2533/3348/2444
f 2517/3301/2418 2598/3362/2407 2599/3250/2375
f 2557/3312/2424 2568/3248/2373 2599/3250/2375
f 2601/3233/2360 2600/3354/2445 2505/3295/2412
f 2553/3368/2423 2581/3236/2363 2596/3238/1692
f 2548/3306/2421 2601/3233/2360 2587/3235/2362
f 2579/3380/2434 2580/3282/2400 2551/3284/2402
f 2605/3382/2451 2650/3399/2468 2668/3383/2452
f 2669/3385/2454 2621/3498/2501 2643/3386/2455
f 2632/3388/2457 2682/3496/2528 2616/3389/2458
f 2652/3391/2460 2622/3439/2502 2625/3392/2461
f 2636/3390/2459 2616/3389/2458 2667/3394/2463
f 2650/3399/2468 2610/6150/2497 2666/3400/2469
f 2637/3401/2464 2638/3412/2480 2640/3402/2470
f 2670/3405/2473 2673/3414/2452 2653/3406/2474
f 2654/3408/2476 2603/3507/2467 2641/3411/2479
f 2672/3413/2481 2623/6151/2503 2653/3406/2474
f 2618/3415/2482 2603/3507/2467 2654/3408/2476
f 2639/3424/2491 2665/3472/2520 2608/3425/2492
f 2632/3447/2457 2635/3470/2510 2642/3418/2485
f 2604/3427/2494 2607/3430/2495 2663/3453/2512
f 2607/3430/2495 2604/3427/2494 2606/3429/2493
f 2611/3434/2498 2610/3433/2497 2650/3460/2468
f 2613/3461/2515 2614/3463/2516 2639/3424/2491
f 2614/3463/2516 2613/3461/2515 2681/3464/2517
f 2623/3440/2503 2622/3439/2502 2652/3391/2460
f 2624/3467/2504 2623/6152/2503 2672/3468/2481
f 2624/3441/2504 2626/3442/2505 2625/3392/2461
f 2640/3402/2470 2642/3418/2485 2635/3470/2510
f 2628/3444/2507 2630/3446/2509 2612/3435/2499
f 2609/3471/2496 2608/3425/2492 2665/3472/2520
f 2610/3474/2497 2612/3493/2499 2667/3394/2463
f 2664/3473/2483 2665/3472/2520 2617/3476/2521
f 2633/3462/2453 2639/3424/2491 2606/3426/2493
f 2632/3447/2457 2631/3417/2484 2675/3479/2522
f 2630/3481/2509 2629/3492/2508 2638/3412/2480
f 2643/3386/2455 2645/6153/2472 2649/3482/2465
f 2646/3393/2462 2647/6154/2466 2645/3452/2472
f 2643/3450/2455 2621/3438/2501 2620/3437/2500
f 2627/3443/2506 2647/6154/2466 2646/3393/2462
f 2648/3387/2456 2649/3482/2465 2680/3483/2524
f 2604/3427/2494 2651/3419/2486 2650/3460/2468
f 2653/3466/2474 2652/3391/2460 2620/3437/2500
f 2656/3421/2488 2660/3420/2487 2659/3457/2478
f 2663/3453/2512 2662/3459/2489 2658/3456/2490
f 2661/3458/2514 2663/3453/2512 2607/3430/2495
f 2628/3444/2507 2656/3421/2488 2655/3454/2513
f 2611/3434/2498 2651/3419/2486 2656/3421/2488
f 2666/3475/2469 2667/3394/2463 2616/3389/2458
f 2614/3463/2516 2617/3476/2521 2665/3472/2520
f 2668/3383/2452 2666/3400/2469 2615/3488/2526
f 2633/3384/2453 2668/3383/2452 2602/3489/2452
f 2664/3416/2483 2654/3408/2476 2661/3485/2514
f 2655/3486/2513 2654/3408/2476 2638/3412/2480
f 2637/3395/2464 2667/3394/2463 2612/3493/2499
f 2620/3437/2500 2652/3391/2460 2646/3393/2462
f 2671/3469/2519 2672/3468/2481 2678/3495/2527
f 2669/3385/2454 2670/3509/2473 2619/3497/2475
f 2683/3499/2452 2678/3508/2527 2672/3413/2481
f 2683/3499/2452 2673/3414/2452 2670/3405/2473
f 2677/3465/2518 2669/3385/2454 2648/3387/2456
f 2626/3501/2505 2674/3480/2523 2675/3479/2522
f 2624/3467/2504 2671/3469/2519 2674/3503/2523
f 2680/3505/2524 2649/3396/2465 2676/3398/2467
f 2684/3506/2467 2676/3398/2467 2675/3479/2522
f 2676/3398/2467 2647/3397/2466 2627/3502/2506
f 2618/3415/2482 2680/3505/2524 2684/3506/2467
f 2614/3463/2516 2677/3465/2518 2679/3484/2525
f 2602/3489/2452 2683/3499/2452 2681/3500/2517
f 2602/3489/2452 2615/3488/2526 2678/3508/2527
f 2682/3496/2528 2678/3495/2527 2615/3487/2526
f 2679/3484/2525 2680/3483/2524 2618/3477/2482
f 2677/3465/2518 2681/3464/2517 2670/3509/2473
f 2684/3506/2467 2631/3417/2484 2641/3411/2479
f 2674/3503/2523 2671/3469/2519 2682/3496/2528
f 2690/3513/2532 2752/3647/2612 2751/3514/2533
f 2773/3516/2535 2771/3617/2620 2692/3517/2536
f 2782/3519/2538 2784/3662/2627 2697/3520/2539
f 2686/3522/2541 2701/3668/2617 2713/3523/2542
f 2763/3525/2541 2766/3545/2559 2774/3526/2543
f 2700/3528/2544 2686/3522/2541 2688/3524/2541
f 2714/3529/2545 2688/3524/2541 2687/3533/2541
f 2778/3535/2550 2779/3652/2550 2685/3530/2546
f 2688/3524/2541 2713/3523/2542 2710/3538/2553
f 2712/3539/2554 2719/3565/2578 2722/3540/2555
f 2687/3533/2541 2710/3538/2553 2766/3545/2559
f 2732/3546/2560 2729/3589/2596 2726/3547/2561
f 2727/3549/2563 2731/3663/2598 2788/3550/2564
f 2711/3541/2556 2722/3540/2555 2720/3552/2566
f 2708/3554/2568 2715/3570/2583 2717/3555/2569
f 2740/3557/2571 2742/3599/2605 2794/3558/2572
f 2777/3560/2550 2778/3535/2550 2718/3536/2551
f 2694/3562/2575 2747/3512/2531 2753/3563/2576
f 2702/3521/2540 2697/3520/2539 2719/3565/2578
f 2716/3534/2549 2687/3533/2541 2763/3525/2541
f 2751/3514/2533 2749/3646/2609 2762/3567/2580
f 2696/3569/2582 2699/3626/2623 2715/3570/2583
f 2790/3571/2541 2686/3522/2541 2700/3528/2544
f 2760/3568/2581 2721/3531/2547 2780/3573/2550
f 2767/3553/2567 2720/3552/2566 2759/3574/2585
f 2772/3515/2534 2751/3514/2533 2780/3573/2550
f 2761/3510/2529 2747/3512/2531 2704/3583/2591
f 2694/3562/2575 2689/3564/2577 2691/3579/2537
f 2695/3610/2615 2696/3665/2582 2708/3611/2568
f 2701/3613/2617 2702/3521/2540 2712/3539/2554
f 2694/3562/2575 2693/3581/2589 2746/3615/2618
f 2770/3616/2619 2693/6155/2589 2692/3517/2536
f 2774/3618/2543 2766/3624/2559 2767/3553/2567
f 2706/3619/2621 2707/3621/2570 2765/3620/2622
f 2709/3612/2616 2708/3611/2568 2707/3621/2570
f 2760/3568/2581 2759/3649/2585 2720/3622/2566
f 2710/3623/2553 2711/3541/2556 2767/3553/2567
f 2713/3614/2542 2712/3539/2554 2711/3541/2556
f 2714/3625/2545 2715/3570/2583 2699/3626/2623
f 2716/3628/2549 2717/3555/2569 2715/3570/2583
f 2772/3515/2534 2764/3577/2588 2765/3620/2622
f 2698/3561/2574 2718/3536/2551 2719/3630/2578
f 2722/3632/2555 2723/3532/2548 2721/3531/2547
f 2771/3617/2620 2773/3516/2535 2765/3633/2622
f 2733/3592/2599 2730/3590/2597 2732/3546/2560
f 2727/3587/2563 2729/3589/2596 2732/3546/2560
f 2728/3588/2595 2724/3585/2593 2726/3547/2561
f 2725/3586/2594 2735/3593/2600 2734/3548/2562
f 2785/3635/2625 2728/3676/2595 2727/3636/2563
f 2787/3638/2584 2700/3627/2544 2699/3626/2623
f 2744/3601/2607 2743/3600/2606 2739/3596/2602
f 2742/3599/2605 2740/3557/2571 2739/3596/2602
f 2781/3639/2626 2745/6156/2608 2744/3640/2607
f 2698/3561/2574 2697/3631/2539 2784/3641/2627
f 2791/3642/2628 2738/3597/2603 2740/3557/2571
f 2793/3643/2629 2733/3592/2599 2735/3593/2600
f 2747/3512/2531 2746/3615/2618 2705/3584/2592
f 2752/3606/2612 2690/3578/2532 2689/3564/2577
f 2761/3510/2529 2756/3605/2611 2758/3609/2587
f 2759/3649/2585 2760/3568/2581 2758/3576/2587
f 2749/3603/2609 2748/3511/2530 2761/3510/2529
f 2757/3608/2614 2756/3605/2611 2704/3583/2591
f 2722/3632/2555 2719/3630/2578 2718/3536/2551
f 2768/3651/2579 2769/3634/2624 2717/3555/2569
f 2717/3555/2569 2769/3634/2624 2765/3633/2622
f 2780/3573/2550 2721/3531/2547 2685/3530/2546
f 2705/3653/2592 2774/3618/2543 2775/3575/2586
f 2690/3513/2532 2772/3515/2534 2773/3629/2535
f 2693/3656/2589 2770/3660/2619 2776/3527/2541
f 2776/3527/2541 2774/3526/2543 2705/3658/2592
f 2775/3575/2586 2759/3574/2585 2757/3659/2614
f 2763/3525/2541 2776/3527/2541 2770/3660/2619
f 2764/3577/2588 2780/3573/2550 2779/3652/2550
f 2695/3610/2615 2709/3612/2616 2778/3535/2550
f 2709/3612/2616 2706/3619/2621 2779/3652/2550
f 2768/3651/2579 2770/3616/2619 2771/3617/2620
f 2783/3543/2557 2784/3641/2627 2737/3661/2601
f 2781/3639/2626 2782/3519/2538 2702/3521/2540
f 2744/3640/2607 2737/6157/2601 2784/3662/2627
f 2787/3638/2584 2788/3550/2564 2731/3663/2598
f 2695/3610/2615 2785/3635/2625 2786/3637/2565
f 2786/3551/2565 2788/3550/2564 2699/3626/2623
f 2777/3560/2550 2789/3542/2550 2785/3635/2625
f 2777/3560/2550 2698/3561/2574 2783/3543/2557
f 2790/3571/2541 2781/3674/2626 2701/3668/2617
f 2793/3643/2629 2794/3558/2572 2742/3599/2605
f 2791/3642/2628 2792/3559/2573 2725/3586/2594
f 2792/3559/2573 2794/3558/2572 2735/3593/2600
f 2797/3677/2630 2801/3757/2680 2859/3678/2631
f 2800/3680/2633 2817/3742/2689 2802/3681/2634
f 2857/3683/2636 2854/6158/2697 2818/3684/2637
f 2851/3686/2639 2849/3720/2672 2833/3687/2640
f 2826/3689/2642 2828/3700/2653 2834/3690/2643
f 2841/3692/2645 2823/3745/2690 2842/3693/2646
f 2824/3695/2648 2821/3723/2675 2827/3696/2649
f 2844/3698/2651 2824/3695/2648 2825/3697/2650
f 2828/3700/2653 2830/3702/2655 2831/3701/2654
f 2830/3702/2655 2854/6158/2697 2857/3683/2636
f 2822/3703/2656 2823/3745/2690 2841/3692/2645
f 2820/3705/2658 2858/6159/2694 2855/3706/2659
f 2860/3708/2661 2862/3779/2691 2826/3689/2642
f 2843/3709/2662 2838/3712/2665 2840/3710/2663
f 2848/3711/2664 2847/3769/2696 2840/3710/2663
f 2810/3713/2666 2815/3740/2688 2808/3714/2667
f 2804/3716/2669 2807/3752/2682 2839/3717/2670
f 2837/3719/2671 2836/3764/2695 2833/3687/2640
f 2855/3706/2659 2858/6159/2694 2803/3721/2673
f 2821/3723/2675 2820/3705/2658 2829/3707/2660
f 2822/3703/2656 2846/3704/2657 2850/3724/2676
f 2844/3744/2651 2842/3693/2646 2823/3745/2690
f 2813/3747/2686 2861/3699/2652 2862/3748/2691
f 2819/3725/2677 2850/3724/2676 2853/3679/2632
f 2796/3682/2635 2795/3726/2678 2798/3728/2679
f 2802/3681/2634 2801/3730/2680 2797/3727/2630
f 2832/3688/2641 2856/3756/2693 2852/3750/2692
f 2804/3732/2669 2806/3715/2668 2808/3714/2667
f 2811/3736/2684 2810/3713/2666 2806/3715/2668
f 2812/3751/2685 2811/3781/2684 2842/3693/2646
f 2813/3738/2686 2815/3740/2688 2810/3713/2666
f 2809/3735/2683 2808/3714/2667 2815/3740/2688
f 2817/3742/2689 2816/3741/2674 2803/3731/2673
f 2800/3680/2633 2799/3729/2638 2818/3743/2637
f 2807/3752/2682 2809/6160/2683 2860/3753/2661
f 2857/3754/2636 2799/6161/2638 2798/3755/2679
f 2801/3757/2680 2803/6162/2673 2858/3758/2694
f 2820/3759/2658 2821/3760/2675 2822/3703/2656
f 2824/3746/2648 2823/3745/2690 2822/3703/2656
f 2861/3699/2652 2825/3697/2650 2826/3761/2642
f 2827/3696/2649 2828/3762/2653 2826/3761/2642
f 2829/3707/2660 2830/3775/2655 2828/3762/2653
f 2833/3687/2640 2834/3765/2643 2831/3763/2654
f 2836/3764/2695 2835/3767/2644 2834/3765/2643
f 2812/3766/2685 2844/3698/2651 2861/3699/2652
f 2839/3717/2670 2860/3753/2661 2835/3767/2644
f 2850/3724/2676 2847/3769/2696 2848/3711/2664
f 2837/3719/2671 2849/3720/2672 2848/3771/2664
f 2841/3692/2645 2840/3710/2663 2847/3769/2696
f 2845/3694/2647 2805/3780/2681 2804/3772/2669
f 2853/3679/2632 2852/6163/2692 2795/3773/2678
f 2818/3774/2637 2854/3776/2697 2855/3706/2659
f 2830/3775/2655 2829/3707/2660 2855/3706/2659
f 2857/3754/2636 2856/3756/2693 2832/3688/2641
f 2819/3725/2677 2859/3678/2631 2858/3758/2694
f 2856/3756/2693 2798/3755/2679 2795/3777/2678
f 2851/3770/2639 2852/6163/2692 2853/3679/2632
f 2809/3778/2683 2814/6164/2687 2862/3779/2691
f 2805/3780/2681 2845/3694/2647 2842/3693/2646
f 2837/3719/2671 2843/3718/2662 2839/3717/2670
f 2932/3782/2698 2867/6165/2753 2916/3783/2699
f 2897/3785/2701 2901/3916/2781 2879/3786/2702
f 2946/3788/2704 2899/3811/2725 2909/3789/2705
f 2944/3791/2707 2945/3795/2700 2919/3792/2708
f 2907/3794/2710 2888/6166/2762 2919/3792/2708
f 2908/3796/2711 2905/3812/2726 2877/3797/2712
f 2948/3799/2714 2912/3829/2741 2902/3800/2715
f 2916/3783/2699 2872/6167/2757 2936/3802/2716
f 2865/3801/2714 2902/3800/2715 2906/3803/2717
f 2887/3805/2719 2890/3855/2764 2920/3806/2720
f 2863/3808/2722 2864/3824/2737 2896/3809/2723
f 2899/3811/2725 2877/3797/2712 2905/3812/2726
f 2904/3813/2727 2903/3831/2743 2911/3814/2728
f 2913/3819/2706 2910/3815/2729 2911/3814/2728
f 2881/3821/2734 2918/3807/2721 2920/3806/2720
f 2878/3823/2736 2898/6168/2780 2864/3824/2737
f 2943/3825/2738 2882/3915/2760 2884/3826/2739
f 2947/3828/2718 2915/3820/2733 2912/3829/2741
f 2955/3830/2742 2880/3892/2782 2865/3801/2714
f 2935/3837/2749 2870/6169/2755 2868/3838/2750
f 2908/3861/2711 2906/3803/2717 2903/3831/2743
f 2866/3840/2752 2868/3842/2750 2870/3844/2755
f 2873/3847/2758 2872/3846/2757 2916/3869/2699
f 2875/3870/2724 2876/3787/2703 2954/3871/2773
f 2897/3785/2701 2876/3787/2703 2875/3870/2724
f 2882/3849/2760 2881/3821/2734 2885/3822/2735
f 2919/3874/2708 2888/3853/2762 2887/3805/2719
f 2889/3875/2763 2888/6170/2762 2907/3876/2710
f 2889/3854/2763 2891/3856/2765 2890/3855/2764
f 2886/3852/2761 2885/3822/2735 2920/3806/2720
f 2873/3847/2758 2893/3858/2767 2895/3860/2769
f 2884/3879/2739 2886/3918/2761 2942/3880/2777
f 2871/3882/2756 2870/6171/2755 2935/3883/2749
f 2872/3885/2757 2874/3912/2759 2937/3886/2779
f 2897/3785/2701 2896/3873/2723 2944/3888/2707
f 2877/3797/2712 2899/3811/2725 2898/3889/2780
f 2901/3891/2781 2900/3895/2783 2880/3892/2782
f 2901/3891/2781 2941/3881/2740 2942/3880/2777
f 2905/3812/2726 2904/3894/2727 2910/3896/2729
f 2912/3829/2741 2911/3814/2728 2903/3831/2743
f 2895/3897/2769 2894/3913/2768 2940/3898/2784
f 2915/3820/2733 2892/6172/2766 2891/3900/2765
f 2917/3832/2744 2916/3869/2699 2867/3841/2753
f 2919/3874/2708 2918/3807/2721 2881/3821/2734
f 2921/3878/2776 2920/3806/2720 2890/3855/2764
f 2924/3834/2746 2928/3833/2745 2927/3865/2732
f 2931/3868/2772 2930/3867/2747 2926/3864/2748
f 2929/3866/2771 2931/3868/2772 2869/3843/2754
f 2893/3858/2767 2924/3834/2746 2923/3862/2770
f 2873/3847/2758 2917/3832/2744 2924/3834/2746
f 2866/3840/2752 2869/3843/2754 2931/3868/2772
f 2936/3887/2716 2937/3886/2779 2951/3798/2713
f 2934/3884/2778 2935/3883/2749 2950/3904/2787
f 2932/3905/2698 2933/3839/2751 2868/3838/2750
f 2950/3907/2787 2935/3837/2749 2933/3839/2751
f 2938/3784/2700 2936/3802/2716 2956/3908/2786
f 2949/3910/2774 2932/3782/2698 2938/3784/2700
f 2939/3899/2785 2940/3898/2784 2906/3803/2717
f 2895/3911/2769 2939/3919/2785 2937/3886/2779
f 2922/3816/2730 2940/3898/2784 2894/3913/2768
f 2871/3882/2756 2934/3884/2778 2922/3816/2730
f 2943/3825/2738 2944/3888/2707 2883/3914/2709
f 2897/3785/2701 2943/3825/2738 2941/3827/2740
f 2864/3824/2737 2898/6168/2780 2907/3794/2710
f 2896/3809/2723 2864/3824/2737 2945/3795/2700
f 2913/3790/2706 2891/6173/2765 2889/3875/2763
f 2889/3875/2763 2914/3877/2775 2946/3788/2704
f 2946/3788/2704 2907/3876/2710 2898/3889/2780
f 2921/3917/2776 2892/6172/2766 2915/3820/2733
f 2942/3880/2777 2947/3828/2718 2948/3799/2714
f 2886/3918/2761 2921/3917/2776 2947/3828/2718
f 2900/3895/2783 2948/3799/2714 2865/3801/2714
f 2949/3910/2774 2952/3909/2700 2863/3808/2722
f 2952/3909/2700 2956/3908/2786 2878/3823/2736
f 2879/3786/2702 2950/3907/2787 2954/3871/2773
f 2955/3830/2742 2950/3904/2787 2879/3893/2702
f 2956/3903/2786 2951/3798/2713 2877/3797/2712
f 2949/3872/2774 2954/3871/2773 2933/3839/2751
f 2934/3884/2778 2955/3830/2742 2953/3804/2718
f 2953/3804/2718 2906/3803/2717 2940/3898/2784
f 2939/3919/2785 2908/3796/2711 2951/3798/2713
f 3029/3923/2791 2970/4055/2862 2975/3924/2792
f 3047/3926/2794 3019/4044/2877 3025/3927/2795
f 3030/3929/2797 3024/4047/2878 3050/3930/2798
f 3038/3932/2800 2988/3980/2844 2994/3933/2801
f 3048/3935/2803 2966/4031/2874 2969/3936/2804
f 3021/3938/2805 3023/4061/2880 3041/3939/2806
f 2972/3941/2808 2977/4007/2864 2981/3942/2809
f 3004/3944/2811 2991/3947/2814 2969/3936/2804
f 3004/3944/2811 2995/4034/2875 2993/3946/2813
f 2962/3948/2815 3035/3959/2826 3039/3949/2816
f 2993/3946/2813 2995/4034/2875 3000/3952/2819
f 2996/3954/2821 3003/4033/2818 3002/3955/2822
f 3035/3959/2826 3017/3982/2846 2987/3960/2827
f 3008/3961/2828 3015/4017/2871 3014/3962/2829
f 3042/3968/2833 3028/4018/2872 2974/3969/2834
f 3044/3971/2836 2978/6174/2865 2971/3972/2837
f 3033/3931/2799 3032/4039/2796 3026/3974/2830
f 3045/3976/2840 2968/6175/2873 2983/3977/2841
f 2989/3979/2843 2992/3990/2854 2994/3933/2801
f 3016/3981/2845 2990/3994/2858 2987/3960/2827
f 3013/3966/2832 3001/3989/2853 3005/3983/2847
f 2957/3984/2848 2960/3997/2860 2985/3985/2849
f 2984/3987/2851 3038/3932/2800 3036/3934/2802
f 3013/3966/2832 3018/3965/2831 2998/3921/2789
f 2983/3977/2841 2968/6175/2873 2992/3990/2854
f 3037/3953/2820 3000/3952/2819 2958/3991/2855
f 3007/3993/2857 2982/4016/2870 2990/3994/2858
f 2999/3922/2790 2998/3921/2789 3018/3965/2831
f 3007/3993/2857 3011/4015/2869 3050/3930/2798
f 3017/3982/2846 3018/4051/2831 3014/3962/2829
f 3028/4018/2872 3031/3975/2839 3026/3974/2830
f 2957/3984/2848 2959/3996/2859 2961/3998/2861
f 2970/4002/2862 2972/3941/2808 2973/3943/2810
f 2979/4009/2866 2981/3942/2809 2977/4007/2864
f 2990/3994/2858 2982/4016/2870 2983/4020/2841
f 2985/3985/2849 2984/4011/2851 2964/4000/2852
f 2962/3948/2815 2961/6176/2861 3034/4022/2867
f 2965/3992/2856 2964/6177/2852 3036/4023/2802
f 3039/3949/2816 2987/3960/2827 2988/4024/2844
f 2987/3960/2827 2990/3994/2858 2989/4021/2843
f 2969/3936/2804 2991/3947/2814 2992/4026/2854
f 2991/3947/2814 2993/3946/2813 2994/4028/2801
f 3037/3953/2820 3036/4023/2802 2994/4028/2801
f 3000/3952/2819 2995/4034/2875 2996/4029/2821
f 3006/4032/2812 3005/3983/2847 3002/3955/2822
f 2995/4034/2875 3004/3944/2811 3003/3951/2818
f 3001/3989/2853 2998/3921/2789 2997/3920/2788
f 2999/4030/2790 2959/6178/2859 2958/3991/2855
f 2966/4035/2874 2967/4014/2868 3005/3983/2847
f 3011/4015/2869 3008/3961/2828 3009/3963/2825
f 3007/3993/2857 3016/3981/2845 3015/4017/2871
f 3010/3956/2823 3009/3958/2825 3014/3967/2829
f 3041/4037/2806 3042/3968/2833 2980/3970/2835
f 3033/3931/2799 3011/4015/2869 3012/4036/2824
f 2975/4040/2792 2974/3969/2834 3028/4018/2872
f 2978/4008/2865 2977/4007/2864 2972/3941/2808
f 2974/4004/2834 2973/3943/2810 2981/3942/2809
f 3045/4041/2840 3021/4053/2805 3022/4042/2876
f 2963/3986/2850 2965/4001/2856 2958/3995/2855
f 2985/3985/2849 2960/3997/2860 2962/3999/2815
f 2986/3950/2817 3039/3949/2816 3038/4025/2800
f 3019/4044/2877 3020/4060/2879 3040/4045/2838
f 2967/4014/2868 2966/4035/2874 3048/4046/2803
f 3041/4037/2806 3023/4059/2880 3024/4047/2878
f 2976/4048/2863 2978/6174/2865 3044/3971/2836
f 3049/4050/2842 2983/4020/2841 2982/4016/2870
f 3035/3959/2826 3034/4022/2867 3018/4051/2831
f 3034/4013/2867 2961/6179/2861 2959/4052/2859
f 3021/4053/2805 3043/4049/2807 3044/3971/2836
f 3029/3923/2791 3040/4045/2838 2971/4054/2837
f 3022/4042/2876 3044/3971/2836 3040/3973/2838
f 3043/3940/2807 3041/3939/2806 2979/4057/2866
f 3019/4044/2877 3029/3923/2791 3027/3925/2793
f 3030/3929/2797 3028/4018/2872 3042/3968/2833
f 3023/4059/2880 3049/4050/2842 3050/3930/2798
f 3047/3926/2794 3048/4046/2803 3020/4060/2879
f 2968/4027/2873 3045/4041/2840 3046/3937/2804
f 3023/4061/2880 3021/3938/2805 3045/3976/2840
f 3020/4056/2879 3048/3935/2803 3046/3937/2804
f 3047/3926/2794 3032/3928/2796 3012/3957/2824
f 3086/4062/2881 3084/4100/2919 3098/4063/2882
f 3107/4065/2884 3053/4153/2923 3094/4066/2885
f 3108/4068/2887 3110/4129/2938 3056/4069/2888
f 3068/4071/2890 3075/6180/2940 3080/4072/2891
f 3091/4074/2893 3104/4098/2917 3089/4075/2894
f 3074/4077/2896 3090/4087/2906 3082/4078/2897
f 3066/4080/2899 3069/4118/2930 3062/4081/2900
f 3087/4083/2902 3085/4089/2908 3051/4084/2903
f 3074/4077/2896 3067/4137/2929 3065/4086/2905
f 3065/4086/2905 3093/4149/2895 3090/4087/2906
f 3058/4090/2909 3061/4130/2927 3081/4091/2910
f 3073/4093/2912 3070/4092/2911 3081/4091/2910
f 3080/4072/2891 3075/6180/2940 3076/4095/2914
f 3071/4097/2916 3072/4085/2904 3051/4084/2903
f 3096/4099/2918 3103/4147/2934 3100/4064/2883
f 3084/4100/2919 3085/4141/2908 3097/4101/2886
f 3073/4093/2912 3078/4094/2913 3105/4102/2920
f 3082/4078/2897 3084/4100/2919 3086/4062/2881
f 3086/4062/2881 3092/4126/2935 3076/4119/2914
f 3055/4107/2924 3052/4104/2922 3054/4106/2889
f 3092/4126/2935 3086/4062/2881 3100/4064/2883
f 3058/4110/2909 3060/4082/2901 3062/4081/2900
f 3064/4114/2928 3066/4080/2899 3060/4082/2901
f 3065/4115/2905 3067/4116/2929 3069/4118/2930
f 3068/4117/2890 3063/4113/2892 3062/4081/2900
f 3106/4128/2937 3109/4132/2939 3110/4129/2938
f 3061/4130/2927 3063/6181/2892 3080/4131/2891
f 3109/4132/2939 3057/6182/2925 3056/4069/2888
f 3070/4133/2911 3071/4097/2916 3059/4134/2926
f 3070/4133/2911 3073/4143/2912 3072/4085/2904
f 3074/4077/2896 3075/4138/2940 3068/4136/2890
f 3077/4079/2898 3076/4119/2914 3075/4138/2940
f 3078/4094/2913 3079/4139/2915 3106/4128/2937
f 3081/4091/2910 3080/4131/2891 3079/4139/2915
f 3084/4100/2919 3082/4078/2897 3083/4140/2907
f 3088/4142/2921 3087/4083/2902 3072/4085/2904
f 3071/4097/2916 3104/4098/2917 3091/4074/2893
f 3091/4074/2893 3064/4145/2928 3059/4134/2926
f 3090/4087/2906 3089/4150/2894 3083/4140/2907
f 3088/4103/2921 3105/4102/2920 3110/4129/2938
f 3091/4074/2893 3093/4076/2895 3065/4144/2905
f 3094/4146/2885 3096/4099/2918 3098/4063/2882
f 3101/4123/2932 3103/4125/2934 3096/4122/2918
f 3099/4127/2936 3100/4064/2883 3103/4147/2934
f 3095/4121/2931 3094/4120/2885 3053/4105/2923
f 3057/4109/2925 3102/4124/2933 3101/4123/2932
f 3055/4107/2924 3101/4123/2932 3095/4121/2931
f 3076/4095/2914 3092/4155/2935 3106/4151/2937
f 3104/4098/2917 3051/4084/2903 3083/4088/2907
f 3107/4065/2884 3108/4159/2887 3054/4152/2889
f 3087/4083/2902 3107/4065/2884 3097/4067/2886
f 3109/4154/2939 3106/4151/2937 3092/4155/2935
f 3109/4154/2939 3099/4156/2936 3102/4157/2933
f 3108/4159/2887 3107/4065/2884 3087/4083/2902
f 3239/4160/2941 3125/4329/3021 3121/4161/2942
f 3200/4163/2944 3227/6183/3066 3144/4164/2945
f 3236/4166/2947 3120/6184/3020 3111/4167/2948
f 3238/4169/2950 3213/4221/3000 3116/4170/2951
f 3124/4172/2953 3115/4239/3016 3112/4173/2954
f 3149/4175/2956 3135/4254/3027 3133/4176/2957
f 3171/4178/2959 3165/6185/3040 3153/4179/2960
f 3204/4181/2962 3141/6186/3031 3225/4182/2963
f 3224/4184/2965 3226/6187/3065 3143/4185/2966
f 3199/4187/2968 3147/6188/3032 3145/4188/2969
f 3169/4190/2956 3156/4270/3037 3154/4191/2971
f 3175/4193/2973 3170/6189/3041 3166/4194/2974
f 3229/4196/2976 3183/4343/3047 3218/4197/2977
f 3162/4199/2979 3157/4337/3038 3168/4200/2980
f 3155/4202/2982 3158/6190/3039 3164/4203/2983
f 3163/4205/2985 3176/4285/3042 3172/4206/2986
f 3233/4208/2988 3191/6191/3050 3187/4209/2989
f 3221/4212/2992 3194/4344/3053 3230/4213/2993
f 3190/4215/2995 3180/4288/3016 3179/4216/2954
f 3195/4227/3006 3232/4235/3013 3233/4228/2988
f 3217/4233/3011 3181/6192/3045 3189/4234/3012
f 3199/4302/2968 3203/6193/3056 3205/4211/2991
f 3214/4313/3060 3213/4352/3000 3209/4314/3002
f 3230/4213/2993 3231/4345/2990 3187/4316/2989
f 3111/4323/2948 3113/4381/3014 3235/4324/3064
f 3115/4239/3016 3114/4238/3015 3113/4237/3014
f 3119/4243/3019 3118/4242/3018 3127/4232/3010
f 3128/4249/3023 3127/4232/3010 3129/4231/3009
f 3126/4326/3022 3128/4379/3023 3237/4162/2943
f 3238/4328/2950 3123/6194/2952 3125/4329/3021
f 3122/4174/2955 3121/4245/2942 3125/4247/3021
f 3120/4244/3020 3122/4174/2955 3112/4173/2954
f 3123/4246/2952 3116/4240/2951 3115/4239/3016
f 3132/4165/2946 3134/6195/3026 3224/4330/2965
f 3133/4176/2957 3135/4254/3027 3137/4256/3029
f 3225/4182/2963 3141/6186/3031 3143/4331/2966
f 3140/4224/3003 3139/4258/2967 3143/4260/2966
f 3138/4257/3030 3140/4224/3003 3150/4265/3034
f 3227/4333/3066 3152/6196/3036 3151/4334/3035
f 3149/4175/2956 3146/4177/2958 3145/4262/2969
f 3132/4252/2946 3144/4261/2945 3146/4177/2958
f 3136/4255/3028 3135/4254/3027 3149/4175/2956
f 3153/4179/2960 3155/6197/2982 3160/4335/2984
f 3156/4270/3037 3158/4272/3039 3155/4269/2982
f 3162/4199/2979 3164/6198/2983 3158/4336/3039
f 3161/4207/2987 3160/4274/2984 3164/4276/2983
f 3159/4273/2961 3161/4207/2987 3172/4206/2986
f 3174/4283/2981 3176/4285/3042 3163/4205/2985
f 3173/4282/2975 3172/4206/2986 3176/4285/3042
f 3171/4338/2959 3173/4195/2975 3166/4194/2974
f 3168/4340/2980 3170/6189/3041 3175/4193/2973
f 3169/4190/2956 3167/4192/2972 3166/4278/2974
f 3153/4268/2960 3165/4277/3040 3167/4192/2972
f 3157/4271/3038 3156/4270/3037 3169/4190/2956
f 3180/4288/3016 3182/4290/3046 3177/4286/3043
f 3217/4342/3011 3184/6199/3048 3183/4343/3047
f 3184/4292/3048 3195/4300/3006 3197/4220/2999
f 3193/4298/3052 3192/4297/3051 3197/4220/2999
f 3194/4344/3053 3193/6200/3052 3231/4345/2990
f 3189/4234/3012 3191/6201/3050 3233/4228/2988
f 3190/4215/2995 3188/4217/2996 3187/4294/2989
f 3186/4293/3049 3188/4217/2996 3179/4216/2954
f 3189/4295/3012 3181/4289/3045 3180/4288/3016
f 3202/4304/3055 3206/4226/3005 3205/4307/2991
f 3147/4348/3032 3199/4302/2968 3198/4183/2964
f 3142/4225/3004 3141/4259/3031 3204/4306/2962
f 3201/4303/3054 3151/4266/3035 3150/4265/3034
f 3208/4230/3008 3210/4310/3057 3212/4312/3059
f 3129/4231/3009 3208/4230/3008 3207/4308/3001
f 3214/4313/3060 3114/4380/3015 3116/4351/2951
f 3118/4242/3018 3117/4241/3017 3211/4311/3058
f 3195/4227/3006 3184/6202/3048 3217/4233/3011
f 3223/4322/3063 3222/4321/3062 3220/4319/3061
f 3216/4198/2978 3215/4366/2994 3178/4354/3044
f 3192/4297/3051 3194/4299/3053 3221/4320/2992
f 3185/4219/2998 3219/4218/2997 3218/4318/2977
f 3235/4324/3064 3214/4313/3060 3211/4350/3058
f 3144/4357/2945 3227/4333/3066 3228/4189/2970
f 3225/4182/2963 3226/4332/3065 3137/4358/3029
f 3200/4163/2944 3224/4330/2965 3139/4360/2967
f 3137/4362/3029 3226/6187/3065 3224/4184/2965
f 3152/4364/3036 3227/6183/3066 3200/4163/2944
f 3201/4346/3054 3199/4187/2968 3228/4189/2970
f 3198/4183/2964 3225/4182/2963 3136/4359/3028
f 3215/4366/2994 3216/4198/2978 3220/4353/3061
f 3181/4368/3045 3217/4342/3011 3229/4196/2976
f 3196/4370/3007 3233/4208/2988 3231/4210/2990
f 3178/4372/3044 3215/4214/2994 3230/4213/2993
f 3177/4355/3043 3182/4369/3046 3229/4196/2976
f 3130/4373/3024 3238/4328/2950 3239/4160/2941
f 3236/4327/2947 3237/4162/2943 3121/4161/2942
f 3234/4325/2949 3235/4324/3064 3117/4356/3017
f 3126/4377/3022 3236/4166/2947 3234/4168/2949
f 3131/4374/3025 3239/4160/2941 3237/4162/2943
f 3114/4380/3015 3214/4313/3060 3235/4324/3064
f 3207/4222/3001 3213/4221/3000 3238/4169/2950
f 3272/4383/3067 3269/4469/3148 3266/4384/3068
f 3293/4386/3070 3290/4480/3157 3286/4387/3071
f 3355/4392/3076 3246/6203/3136 3276/4393/3077
f 3259/4395/3079 3261/4463/3144 3270/4396/3080
f 3264/4403/3087 3268/6204/3147 3252/4404/3088
f 3352/4406/3090 3242/6205/3133 3247/4407/3091
f 3363/4409/3093 3297/4486/3161 3329/4410/3094
f 3245/4412/3096 3249/4454/3137 3253/4413/3097
f 3323/4415/3099 3320/6206/3175 3326/4416/3100
f 3345/4418/3102 3342/4558/3182 3350/4419/3103
f 3322/4421/3105 3306/4554/3166 3311/4422/3106
f 3302/4424/3108 3295/6207/3159 3307/4425/3109
f 3330/4427/3111 3299/4547/3163 3303/4428/3112
f 3343/4430/3114 3347/4527/3184 3339/4431/3115
f 3328/4433/3117 3340/4521/3180 3344/4434/3118
f 3366/4436/3120 3365/4447/3131 3371/4437/3121
f 3370/4439/3123 3296/6208/3160 3301/4440/3124
f 3337/4442/3126 3346/6209/3183 3349/4443/3127
f 3281/4394/3078 3292/4401/3085 3291/4472/3150
f 3244/4530/3135 3243/4575/3134 3358/4531/3186
f 3250/4455/3138 3249/4454/3137 3245/4412/3096
f 3247/4533/3091 3246/6203/3136 3355/4392/3076
f 3242/4449/3133 3241/4391/3075 3248/4390/3074
f 3254/4535/3140 3255/4459/3141 3257/4405/3089
f 3254/4458/3140 3253/4413/3097 3249/4454/3137
f 3258/4461/3143 3262/4464/3145 3261/4463/3144
f 3245/4412/3096 3263/4414/3098 3262/4464/3145
f 3270/4396/3080 3272/4383/3067 3274/4385/3069
f 3271/4470/3149 3267/4467/3146 3269/4469/3148
f 3264/4465/3087 3266/4384/3068 3269/4469/3148
f 3265/4466/3084 3275/4471/3083 3274/4385/3069
f 3259/4395/3079 3273/4397/3081 3275/4471/3083
f 3257/4405/3089 3256/4460/3142 3265/4536/3084
f 3267/4467/3146 3253/4413/3097 3252/4457/3088
f 3261/4463/3144 3263/4414/3098 3271/4470/3149
f 3246/4452/3136 3248/4390/3074 3278/4389/3073
f 3281/4394/3078 3280/4473/3151 3256/4460/3142
f 3282/4474/3152 3284/4388/3072 3286/4387/3071
f 3291/4481/3150 3293/4386/3070 3284/4388/3072
f 3292/4482/3085 3288/4478/3086 3290/4480/3157
f 3287/4477/3155 3286/4387/3071 3290/4480/3157
f 3276/4540/3077 3278/4389/3073 3289/4479/3156
f 3240/4448/3132 3285/4476/3154 3287/4477/3155
f 3260/4541/3082 3360/4579/3195 3361/4542/3190
f 3298/4487/3162 3297/4486/3161 3363/4409/3093
f 3298/4546/3162 3304/6210/3165 3303/4428/3112
f 3369/4548/3125 3301/4490/3124 3300/4489/3164
f 3296/4549/3160 3295/6207/3159 3302/4424/3108
f 3309/4551/3168 3311/6211/3106 3306/4494/3166
f 3312/4438/3122 3316/4504/3173 3315/4503/3172
f 3295/4484/3159 3294/4483/3158 3308/4496/3167
f 3316/4504/3173 3300/4489/3164 3302/4491/3108
f 3313/4553/3170 3315/4510/3172 3325/4417/3101
f 3324/4511/3177 3321/4509/3176 3323/4415/3099
f 3318/4423/3107 3320/6206/3175 3323/4415/3099
f 3327/4513/3178 3326/4512/3100 3320/4508/3175
f 3311/4499/3106 3310/4498/3169 3319/4507/3174
f 3321/4509/3176 3307/4425/3109 3306/4554/3166
f 3329/4410/3094 3328/4433/3117 3331/4435/3119
f 3332/4432/3116 3310/4498/3169 3309/4497/3168
f 3299/4488/3163 3330/4514/3111 3329/4410/3094
f 3338/4555/3179 3337/6212/3126 3334/4517/3128
f 3305/4446/3130 3336/4445/3129 3335/4518/3113
f 3314/4502/3171 3367/4580/3196 3366/4556/3120
f 3349/4443/3127 3346/6209/3183 3348/4420/3104
f 3343/4430/3114 3345/4525/3102 3348/4528/3104
f 3344/4434/3118 3340/4521/3180 3342/4523/3182
f 3351/4529/3185 3350/4419/3103 3342/4558/3182
f 3328/4433/3117 3330/4514/3111 3341/4522/3181
f 3334/4444/3128 3349/4443/3127 3351/4529/3185
f 3343/4430/3114 3332/4432/3116 3331/4515/3119
f 3337/4519/3126 3339/4431/3115 3347/4527/3184
f 3354/4534/3092 3355/4392/3076 3277/4561/3192
f 3352/4563/3090 3353/4539/3189 3240/4560/3132
f 3279/4565/3187 3352/4406/3090 3354/4408/3092
f 3254/4535/3140 3251/4573/3139 3277/4561/3192
f 3244/4567/3135 3279/4565/3187 3359/4566/3193
f 3356/4537/3188 3353/4539/3189 3358/4531/3186
f 3357/4569/3194 3280/6213/3151 3291/4570/3150
f 3356/4537/3188 3357/6214/3194 3283/4572/3153
f 3359/4562/3193 3277/4561/3192 3251/4573/3139
f 3279/4532/3187 3358/4531/3186 3353/4539/3189
f 3255/4459/3141 3277/4561/3192 3355/4392/3076
f 3256/4577/3142 3280/6213/3151 3357/4569/3194
f 3360/4579/3195 3357/6214/3194 3356/4537/3188
f 3263/4414/3098 3253/4413/3097 3267/4467/3146
f 3260/4398/3082 3265/4400/3084 3256/4577/3142
f 3278/4389/3073 3241/4391/3075 3287/4477/3155
f 3330/4427/3111 3335/4429/3113 3351/4529/3185
f 3310/4498/3169 3332/4432/3116 3367/4580/3196
f 3364/4581/3197 3365/4447/3131 3305/4446/3130
f 3362/4545/3191 3363/4409/3093 3368/4582/3198
f 3298/4584/3162 3362/4587/3191 3364/4585/3197
f 3308/4496/3167 3294/4483/3158 3368/4582/3198
f 3338/4555/3179 3336/4445/3129 3365/4447/3131
f 3367/4580/3196 3339/4431/3115 3338/4520/3179
f 3371/4437/3121 3300/4489/3164 3316/4504/3173
f 3370/4583/3123 3368/4582/3198 3294/4483/3158
f 3369/4548/3125 3371/4437/3121 3365/4447/3131
f 3362/4587/3191 3370/4439/3123 3369/4441/3125
f 3309/4551/3168 3368/4582/3198 3363/4409/3093
f 3319/4507/3174 3310/4498/3169 3314/4502/3171
f 3317/4426/3110 3307/4425/3109 3321/4509/3176
f 3399/4588/3199 3398/4591/3202 3373/4589/3200
f 3398/4591/3202 3400/4593/3204 3375/4592/3203
f 3400/4593/3204 3401/6215/3224 3376/4594/3205
f 3376/4594/3205 3401/6215/3224 3402/4595/3206
f 3377/4596/3207 3402/4595/3206 3403/4597/3208
f 3378/4598/3209 3403/4597/3208 3404/4599/3210
f 3404/4599/3210 3405/4602/3213 3380/4601/3212
f 3405/4602/3213 3406/4604/3215 3381/4603/3214
f 3406/4604/3215 3407/6216/3223 3382/4605/3216
f 3382/4605/3216 3407/6216/3223 3408/4609/3218
f 3383/4610/3219 3408/4609/3218 3409/4611/3220
f 3384/4612/3221 3409/4611/3220 3399/4636/3199
f 3386/4638/3225 3387/6217/3235 3389/4639/3226
f 3389/4639/3226 3391/4642/3229 3390/4641/3228
f 3391/4642/3229 3393/4644/3231 3392/4643/3230
f 3393/4644/3231 3395/6218/3821 3394/4645/3232
f 3394/4645/3232 3395/6218/3821 3397/4646/3233
f 3396/4647/3234 3397/4646/3233 3387/4648/3235
f 3436/4650/3236 3411/4653/3239 3412/4651/3237
f 3411/4653/3239 3436/4650/3236 3438/4654/3240
f 3413/4655/3241 3438/4654/3240 3439/4656/3242
f 3439/4656/3242 3440/4659/3245 3415/4658/3244
f 3440/4659/3245 3441/4661/3247 3416/4660/3246
f 3441/4661/3247 3442/6219/3259 3417/4662/3248
f 3417/4662/3248 3442/6219/3259 3443/4663/3249
f 3418/4664/3250 3443/4663/3249 3444/4665/3251
f 3419/4666/3252 3444/4665/3251 3445/4667/3253
f 3445/4667/3253 3446/4673/3257 3421/4672/3256
f 3446/4673/3257 3447/4698/3261 3422/4674/3258
f 3447/4698/3261 3437/6220/3238 3412/4699/3237
f 3425/4700/1677 3427/4703/3262 3426/4701/3262
f 3427/4703/3262 3429/4705/3263 3428/4704/3263
f 3429/4705/3263 3431/4707/3264 3430/4706/3264
f 3431/4707/3264 3433/4709/3265 3432/4708/3265
f 3433/4709/3265 3435/4711/3266 3434/4710/3266
f 3435/4711/3266 3425/6221/1677 3424/4712/1677
f 3474/4713/3267 3449/4717/3271 3450/4714/3268
f 3474/4713/3267 3476/6222/3290 3451/4716/3270
f 3451/4716/3270 3476/6222/3290 3477/4718/3272
f 3452/4719/3273 3477/4718/3272 3478/4720/3274
f 3453/4721/3275 3478/4720/3274 3479/4722/3276
f 3479/4722/3276 3480/4725/3279 3455/4724/3278
f 3480/4725/3279 3481/4727/3281 3456/4726/3280
f 3481/4727/3281 3482/4729/3283 3457/4728/3282
f 3482/4729/3283 3483/6223/3288 3458/4730/3284
f 3458/4730/3284 3483/6223/3288 3484/4734/3285
f 3484/4734/3285 3485/6224/3289 3460/4736/3287
f 3460/4736/3287 3485/6224/3289 3475/4760/3269
f 3463/4762/3291 3465/4765/3293 3464/4763/3292
f 3465/4765/3293 3467/4767/3295 3466/4766/3294
f 3467/4767/3295 3469/4769/3296 3468/4768/3296
f 3469/4769/3296 3471/4771/3297 3470/4770/3297
f 3471/4771/3297 3473/4773/3299 3472/4772/3298
f 3473/4773/3299 3463/6225/3291 3462/4774/3291
f 3513/4775/3199 3512/4778/3202 3487/4776/3200
f 3512/4778/3202 3514/4780/3300 3489/4779/3203
f 3514/4780/3300 3515/6226/3224 3490/4781/3205
f 3490/4781/3205 3515/6226/3224 3516/4782/3206
f 3491/4783/3207 3516/4782/3206 3517/4784/3208
f 3492/4785/3209 3517/4784/3208 3518/4786/3210
f 3518/4786/3210 3519/4789/3301 3494/4788/3212
f 3519/4789/3301 3520/4791/3215 3495/4790/3302
f 3520/4791/3215 3521/6227/3305 3496/4792/3216
f 3496/4792/3216 3521/6227/3305 3522/4796/3303
f 3497/4797/3219 3522/4796/3303 3523/4798/3304
f 3498/4799/3221 3523/4798/3304 3513/4823/3199
f 3500/4825/3225 3501/6228/3235 3503/4826/3226
f 3503/4826/3226 3505/4829/3229 3504/4828/3307
f 3505/4829/3229 3507/4831/3231 3506/4830/3308
f 3507/4831/3231 3509/4833/3309 3508/4832/3232
f 3509/4833/3309 3511/6229/3822 3510/4834/3234
f 3510/4834/3234 3511/6229/3822 3501/4835/3235
f 3550/4837/3310 3525/4840/3313 3526/4838/3311
f 3525/4840/3313 3550/4837/3310 3552/4841/3314
f 3527/4842/3315 3552/4841/3314 3553/4843/3316
f 3553/4843/3316 3554/4846/3319 3529/4845/3318
f 3554/4846/3319 3555/4848/3321 3530/4847/3320
f 3555/4848/3321 3556/6230/3333 3531/4849/3322
f 3531/4849/3322 3556/6230/3333 3557/4850/3323
f 3532/4851/3324 3557/4850/3323 3558/4852/3325
f 3533/4853/3326 3558/4852/3325 3559/4854/3327
f 3559/4854/3327 3560/4860/3331 3535/4859/3330
f 3560/4860/3331 3561/4885/3335 3536/4861/3332
f 3561/4885/3335 3551/6231/3312 3526/4886/3311
f 3539/4887/3291 3541/4890/3293 3540/4888/3292
f 3541/4890/3293 3543/4892/3295 3542/4891/3294
f 3543/4892/3295 3545/4894/3296 3544/4893/3296
f 3545/4894/3296 3547/4896/3297 3546/4895/3297
f 3547/4896/3297 3549/4898/3298 3548/4897/3298
f 3549/4898/3298 3539/6232/3291 3538/4899/3291
f 3588/4900/3336 3563/4903/3339 3564/4901/3337
f 3563/4903/3339 3588/4900/3336 3590/4904/3340
f 3565/4905/3341 3590/4904/3340 3591/4906/3342
f 3566/4907/3343 3591/4906/3342 3592/4908/3344
f 3592/4908/3344 3593/6233/3358 3568/4910/3346
f 3568/4910/3346 3593/6233/3358 3594/4911/3347
f 3594/4911/3347 3595/4914/3350 3570/4913/3349
f 3595/4914/3350 3596/6234/3359 3571/4915/3351
f 3571/4915/3351 3596/6234/3359 3597/4916/3352
f 3572/4917/3353 3597/4916/3352 3598/4921/3354
f 3573/4922/3355 3598/4921/3354 3599/4923/3356
f 3599/4923/3356 3589/6235/3338 3564/4948/3337
f 3577/4949/3360 3579/4952/3361 3578/4950/3361
f 3579/4952/3361 3581/4954/3362 3580/4953/3362
f 3581/4954/3362 3583/4956/3363 3582/4955/3363
f 3583/4956/3363 3585/4958/3364 3584/4957/3364
f 3585/4958/3364 3587/4960/3365 3586/4959/3365
f 3587/4960/3365 3577/6236/3360 3576/4961/3360
f 3627/4962/3366 3626/4965/3369 3601/4963/3367
f 3626/4965/3369 3628/4967/3371 3603/4966/3370
f 3628/4967/3371 3629/6237/3391 3604/4968/3372
f 3604/4968/3372 3629/6237/3391 3630/4969/3373
f 3605/4970/3374 3630/4969/3373 3631/4971/3375
f 3606/4972/3376 3631/4971/3375 3632/4973/3377
f 3632/4973/3377 3633/4976/3380 3608/4975/3379
f 3633/4976/3380 3634/4978/3382 3609/4977/3381
f 3634/4978/3382 3635/6238/3390 3610/4979/3383
f 3610/4979/3383 3635/6238/3390 3636/4983/3385
f 3611/4984/3386 3636/4983/3385 3637/4985/3387
f 3612/4986/3388 3637/4985/3387 3627/5010/3366
f 3614/5012/3392 3615/6239/3402 3617/5013/3393
f 3617/5013/3393 3619/5016/3396 3618/5015/3395
f 3619/5016/3396 3621/5018/3398 3620/5017/3397
f 3621/5018/3398 3623/5020/3400 3622/5019/3399
f 3623/5020/3400 3625/6240/3823 3624/5021/3401
f 3624/5021/3401 3625/6240/3823 3615/5022/3402
f 3664/5024/3403 3639/5027/3406 3640/5025/3404
f 3639/5027/3406 3664/5024/3403 3666/5028/3407
f 3641/5029/3408 3666/5028/3407 3667/5030/3409
f 3667/5030/3409 3668/5033/3412 3643/5032/3411
f 3668/5033/3412 3669/5035/3414 3644/5034/3413
f 3669/5035/3414 3670/6241/3426 3645/5036/3415
f 3645/5036/3415 3670/6241/3426 3671/5037/3416
f 3646/5038/3417 3671/5037/3416 3672/5039/3418
f 3647/5040/3419 3672/5039/3418 3673/5041/3420
f 3673/5041/3420 3674/5047/3424 3649/5046/3423
f 3674/5047/3424 3675/5072/3428 3650/5048/3425
f 3675/5072/3428 3665/6242/3405 3640/5073/3404
f 3653/5074/1677 3655/6243/3266 3654/5075/3266
f 3654/5075/3266 3655/6243/3266 3657/5077/3265
f 3657/5077/3265 3659/5080/3264 3658/5079/3264
f 3659/5080/3264 3661/5082/3263 3660/5081/3263
f 3661/5082/3263 3663/5084/3262 3662/5083/3262
f 3663/5084/3262 3653/6244/1677 3652/5085/1677
f 3703/5086/3429 3702/5089/3432 3677/5087/3430
f 3702/5089/3432 3704/5091/3434 3679/5090/3433
f 3704/5091/3434 3705/6245/3449 3680/5092/3435
f 3680/5092/3435 3705/6245/3449 3706/5093/3436
f 3681/5094/3437 3706/5093/3436 3707/5095/3438
f 3707/5095/3438 3708/5098/3441 3683/5097/3440
f 3708/5098/3441 3709/5100/3442 3684/5099/3349
f 3709/5100/3442 3710/6246/3448 3685/5101/3351
f 3685/5101/3351 3710/6246/3448 3711/5102/3443
f 3711/5102/3443 3712/6247/3447 3687/5107/3445
f 3687/5107/3445 3712/6247/3447 3713/5108/3446
f 3713/5108/3446 3703/6248/3429 3678/5133/3431
f 3691/5134/3360 3693/5137/3361 3692/5135/3361
f 3693/5137/3361 3695/5139/3362 3694/5138/3362
f 3695/5139/3362 3697/5141/3363 3696/5140/3363
f 3697/5141/3363 3699/5143/3364 3698/5142/3364
f 3699/5143/3364 3701/5145/3365 3700/5144/3365
f 3701/5145/3365 3691/6249/3360 3690/5146/3360
f 3741/5147/3366 3740/5150/3451 3715/5148/3450
f 3740/5150/3451 3742/5152/3371 3717/5151/3370
f 3742/5152/3371 3743/6250/3391 3718/5153/3372
f 3718/5153/3372 3743/6250/3391 3744/5154/3373
f 3719/5155/3374 3744/5154/3373 3745/5156/3375
f 3720/5157/3376 3745/5156/3375 3746/5158/3377
f 3746/5158/3377 3747/5161/3380 3722/5160/3379
f 3747/5161/3380 3748/5163/3453 3723/5162/3452
f 3748/5163/3453 3749/6251/3390 3724/5164/3383
f 3724/5164/3383 3749/6251/3390 3750/5168/3385
f 3725/5169/3386 3750/5168/3385 3751/5170/3454
f 3726/5171/3388 3751/5170/3454 3741/5195/3366
f 3728/5197/3392 3729/6252/3402 3731/5198/3455
f 3731/5198/3455 3733/5201/3396 3732/5200/3395
f 3733/5201/3396 3735/5203/3398 3734/5202/3397
f 3735/5203/3398 3737/6253/3824 3736/5204/3456
f 3736/5204/3456 3737/6253/3824 3739/5205/3457
f 3738/5206/3401 3739/5205/3457 3729/5207/3402
f 3778/5209/3458 3753/5212/3406 3754/5210/3404
f 3753/5212/3406 3778/5209/3458 3780/5213/3407
f 3755/5214/3460 3780/5213/3407 3781/5215/3409
f 3781/5215/3409 3782/5218/3412 3757/5217/3411
f 3782/5218/3412 3783/5220/3414 3758/5219/3413
f 3783/5220/3414 3784/6254/3464 3759/5221/3415
f 3759/5221/3415 3784/6254/3464 3785/5222/3461
f 3760/5223/3417 3785/5222/3461 3786/5224/3418
f 3761/5225/3419 3786/5224/3418 3787/5226/3420
f 3787/5226/3420 3788/5232/3424 3763/5231/3463
f 3788/5232/3424 3789/5257/3465 3764/5233/3425
f 3789/5257/3465 3779/6255/3459 3754/5258/3404
f 3766/5259/1677 3767/6256/1677 3769/5260/3266
f 3768/5261/3266 3769/5260/3266 3771/5262/3265
f 3771/5262/3265 3773/5265/3264 3772/5264/3264
f 3773/5265/3264 3775/5267/3263 3774/5266/3263
f 3775/5267/3263 3777/5269/3262 3776/5268/3262
f 3777/5269/3262 3767/6257/1677 3766/5270/1677
f 3816/5271/3466 3791/5274/3469 3792/5272/3467
f 3791/5274/3469 3816/5271/3466 3818/5275/3470
f 3818/5275/3470 3819/6258/3489 3794/5277/3472
f 3794/5277/3472 3819/6258/3489 3820/5278/3473
f 3820/5278/3473 3821/5281/3476 3796/5280/3475
f 3821/5281/3476 3822/5283/3478 3797/5282/3477
f 3822/5283/3478 3823/5285/3480 3798/5284/3479
f 3823/5285/3480 3824/5287/3482 3799/5286/3481
f 3824/5287/3482 3825/6259/3487 3800/5288/3483
f 3800/5288/3483 3825/6259/3487 3826/5292/3484
f 3826/5292/3484 3827/5318/3488 3802/5294/3486
f 3827/5318/3488 3817/6260/3468 3792/5319/3467
f 3805/5320/1677 3807/5323/3490 3806/5321/3490
f 3807/5323/3490 3809/5325/3491 3808/5324/3491
f 3809/5325/3491 3811/5327/3264 3810/5326/3264
f 3811/5327/3264 3813/6261/3492 3812/5328/3492
f 3812/5328/3492 3813/6261/3492 3815/5329/3493
f 3814/5330/3493 3815/5329/3493 3805/5331/1677
f 3855/5333/3494 3854/5336/3497 3829/5334/3495
f 3854/5336/3497 3856/5338/3499 3831/5337/3498
f 3856/5338/3499 3857/6262/3519 3832/5339/3500
f 3832/5339/3500 3857/6262/3519 3858/5340/3501
f 3833/5341/3502 3858/5340/3501 3859/5342/3503
f 3834/5343/3504 3859/5342/3503 3860/5344/3505
f 3860/5344/3505 3861/5347/3508 3836/5346/3507
f 3861/5347/3508 3862/5349/3510 3837/5348/3509
f 3862/5349/3510 3863/6263/3518 3838/5350/3511
f 3838/5350/3511 3863/6263/3518 3864/5354/3513
f 3839/5355/3514 3864/5354/3513 3865/5356/3515
f 3840/5357/3516 3865/5356/3515 3855/5381/3494
f 3842/5383/3520 3843/6264/3530 3845/5384/3521
f 3845/5384/3521 3847/5387/3524 3846/5386/3523
f 3847/5387/3524 3849/5389/3526 3848/5388/3525
f 3849/5389/3526 3851/6265/3825 3850/5390/3527
f 3850/5390/3527 3851/6265/3825 3853/5391/3528
f 3852/5392/3529 3853/5391/3528 3843/5393/3530
f 3892/5395/3531 3867/5398/3534 3868/5396/3532
f 3867/5398/3534 3892/5395/3531 3894/5399/3535
f 3869/5400/3536 3894/5399/3535 3895/5401/3537
f 3895/5401/3537 3896/5404/3540 3871/5403/3539
f 3896/5404/3540 3897/5406/3542 3872/5405/3541
f 3897/5406/3542 3898/6266/3554 3873/5407/3543
f 3873/5407/3543 3898/6266/3554 3899/5408/3544
f 3874/5409/3545 3899/5408/3544 3900/5410/3546
f 3875/5411/3547 3900/5410/3546 3901/5412/3548
f 3901/5412/3548 3902/5418/3552 3877/5417/3551
f 3902/5418/3552 3903/5443/3556 3878/5419/3553
f 3903/5443/3556 3893/6267/3533 3868/5444/3532
f 3881/5445/1677 3883/5448/3490 3882/5446/3490
f 3883/5448/3490 3885/6268/3491 3884/5449/3491
f 3884/5449/3491 3885/6268/3491 3887/5450/3264
f 3887/5450/3264 3889/6269/3492 3888/5452/3492
f 3888/5452/3492 3889/6269/3492 3891/5453/3493
f 3890/5454/3493 3891/5453/3493 3881/5455/1677
f 3930/5457/3557 3905/5460/3469 3906/5458/3558
f 3905/5460/3469 3930/5457/3557 3932/5461/3560
f 3907/5462/3561 3932/5461/3560 3933/5463/3562
f 3908/5464/3563 3933/5463/3562 3934/5465/3473
f 3934/5465/3473 3935/6270/3576 3910/5467/3565
f 3910/5467/3565 3935/6270/3576 3936/5468/3566
f 3936/5468/3566 3937/5471/3568 3912/5470/3479
f 3937/5471/3568 3938/6271/3577 3913/5472/3569
f 3913/5472/3569 3938/6271/3577 3939/5473/3570
f 3914/5474/3571 3939/5473/3570 3940/5478/3572
f 3915/5479/3573 3940/5478/3572 3941/5480/3574
f 3916/5481/3575 3941/5480/3574 3931/5505/3559
f 3918/5507/1677 3919/6272/1677 3921/5508/3490
f 3921/5508/3490 3923/6273/3491 3922/5510/3491
f 3922/5510/3491 3923/6273/3491 3925/5511/3264
f 3925/5511/3264 3927/5514/3492 3926/5513/3492
f 3927/5514/3492 3929/6274/3493 3928/5515/3493
f 3928/5515/3493 3929/6274/3493 3919/5516/1677
f 3969/5518/3494 3968/5521/3497 3943/5519/3495
f 3968/5521/3497 3970/5523/3579 3945/5522/3578
f 3970/5523/3579 3971/6275/3581 3946/5524/3500
f 3946/5524/3500 3971/6275/3581 3972/5525/3501
f 3947/5526/3502 3972/5525/3501 3973/5527/3503
f 3948/5528/3504 3973/5527/3503 3974/5529/3505
f 3974/5529/3505 3975/5532/3508 3950/5531/3507
f 3975/5532/3508 3976/5534/3510 3951/5533/3509
f 3976/5534/3510 3977/6276/3518 3952/5535/3511
f 3952/5535/3511 3977/6276/3518 3978/5539/3580
f 3953/5540/3514 3978/5539/3580 3979/5541/3515
f 3954/5542/3516 3979/5541/3515 3969/5566/3494
f 3956/5568/3520 3957/6277/3530 3959/5569/3582
f 3959/5569/3582 3961/5572/3584 3960/5571/3583
f 3961/5572/3584 3963/5574/3526 3962/5573/3525
f 3963/5574/3526 3965/5576/3586 3964/5575/3585
f 3965/5576/3586 3967/6278/3826 3966/5577/3529
f 3966/5577/3529 3967/6278/3826 3957/5578/3530
f 4006/5580/3587 3981/5583/3590 3982/5581/3588
f 3981/5583/3590 4006/5580/3587 4008/5584/3591
f 3983/5585/3592 4008/5584/3591 4009/5586/3593
f 4009/5586/3593 4010/5589/3596 3985/5588/3595
f 4010/5589/3596 4011/5591/3598 3986/5590/3597
f 4011/5591/3598 4012/6279/3610 3987/5592/3599
f 3987/5592/3599 4012/6279/3610 4013/5593/3600
f 3988/5594/3601 4013/5593/3600 4014/5595/3602
f 3989/5596/3603 4014/5595/3602 4015/5597/3604
f 4015/5597/3604 4016/5603/3608 3991/5602/3607
f 4016/5603/3608 4017/5628/3612 3992/5604/3609
f 4017/5628/3612 4007/6280/3589 3982/5629/3588
f 3995/5630/3613 3997/5633/3614 3996/5631/3614
f 3997/5633/3614 3999/6281/3615 3998/5634/3615
f 3998/5634/3615 3999/6281/3615 4001/5635/3616
f 4001/5635/3616 4003/5638/3617 4002/5637/3617
f 4003/5638/3617 4005/6282/3618 4004/5639/3618
f 4004/5639/3618 4005/6282/3618 3995/5640/3613
f 4044/5642/3619 4019/5646/3623 4020/5643/3620
f 4044/5642/3619 4046/6283/3642 4021/5645/3622
f 4021/5645/3622 4046/6283/3642 4047/5647/3624
f 4047/5647/3624 4048/5650/3627 4023/5649/3626
f 4048/5650/3627 4049/6284/3639 4024/5651/3628
f 4024/5651/3628 4049/6284/3639 4050/5652/3629
f 4050/5652/3629 4051/5655/3632 4026/5654/3631
f 4051/5655/3632 4052/6285/3641 4027/5656/3633
f 4027/5656/3633 4052/6285/3641 4053/5657/3634
f 4053/5657/3634 4054/5663/3637 4029/5662/3636
f 4054/5663/3637 4055/6286/3640 4030/5664/3638
f 4030/5664/3638 4055/6286/3640 4045/5688/3621
f 4033/5690/3643 4035/6287/3644 4034/5691/3644
f 4034/5691/3644 4035/6287/3644 4037/5693/3645
f 4037/5693/3645 4039/5696/3646 4038/5695/3646
f 4039/5696/3646 4041/6288/3827 4040/5697/3647
f 4040/5697/3647 4041/6288/3827 4043/5698/3648
f 4042/5699/3648 4043/5698/3648 4033/5700/3643
f 4083/5702/3649 4082/5705/3652 4057/5703/3650
f 4082/5705/3652 4084/5707/3654 4059/5706/3653
f 4084/5707/3654 4085/6289/3674 4060/5708/3655
f 4060/5708/3655 4085/6289/3674 4086/5709/3656
f 4061/5710/3657 4086/5709/3656 4087/5711/3658
f 4062/5712/3659 4087/5711/3658 4088/5713/3660
f 4088/5713/3660 4089/5716/3663 4064/5715/3662
f 4089/5716/3663 4090/5718/3665 4065/5717/3664
f 4090/5718/3665 4091/6290/3673 4066/5719/3666
f 4066/5719/3666 4091/6290/3673 4092/5723/3668
f 4067/5724/3669 4092/5723/3668 4093/5725/3670
f 4068/5726/3671 4093/5725/3670 4083/5750/3649
f 4070/5752/3675 4071/6291/3685 4073/5753/3676
f 4072/5754/3677 4073/5753/3676 4075/5755/3678
f 4075/5755/3678 4077/5758/3681 4076/5757/3680
f 4077/5758/3681 4079/5760/3683 4078/5759/3682
f 4079/5760/3683 4081/6292/3828 4080/5761/3684
f 4080/5761/3684 4081/6292/3828 4071/5762/3685
f 4120/5764/3686 4095/5767/3689 4096/5765/3687
f 4095/5767/3689 4120/5764/3686 4122/5768/3690
f 4097/5769/3691 4122/5768/3690 4123/5770/3692
f 4123/5770/3692 4124/5773/3695 4099/5772/3694
f 4124/5773/3695 4125/5775/3697 4100/5774/3696
f 4125/5775/3697 4126/6293/3709 4101/5776/3698
f 4101/5776/3698 4126/6293/3709 4127/5777/3699
f 4102/5778/3700 4127/5777/3699 4128/5779/3701
f 4103/5780/3702 4128/5779/3701 4129/5781/3703
f 4129/5781/3703 4130/5787/3707 4105/5786/3706
f 4130/5787/3707 4131/5812/3711 4106/5788/3708
f 4131/5812/3711 4121/6294/3688 4096/5813/3687
f 4109/5814/3643 4111/5817/3644 4110/5815/3644
f 4111/5817/3644 4113/6295/3645 4112/5818/3645
f 4112/5818/3645 4113/6295/3645 4115/5819/3646
f 4115/5819/3646 4117/5822/3647 4116/5821/3647
f 4117/5822/3647 4119/5824/3648 4118/5823/3648
f 4119/5824/3648 4109/6296/3643 4108/5825/3643
f 4158/5826/3712 4133/5829/3715 4134/5827/3713
f 4133/5829/3715 4158/5826/3712 4160/5830/3716
f 4160/5830/3716 4161/6297/3735 4136/5832/3718
f 4136/5832/3718 4161/6297/3735 4162/5833/3719
f 4162/5833/3719 4163/6298/3732 4138/5835/3721
f 4138/5835/3721 4163/6298/3732 4164/5836/3722
f 4164/5836/3722 4165/6299/3731 4140/5838/3724
f 4140/5838/3724 4165/6299/3731 4166/5839/3725
f 4166/5839/3725 4167/6300/3733 4142/5841/3727
f 4142/5841/3727 4167/6300/3733 4168/5845/3728
f 4168/5845/3728 4169/6301/3734 4144/5847/3730
f 4144/5847/3730 4169/6301/3734 4159/5871/3714
f 4147/5873/1677 4149/5876/3493 4148/5874/3493
f 4149/5876/3493 4151/5878/3492 4150/5877/3492
f 4151/5878/3492 4153/5880/3264 4152/5879/3264
f 4153/5880/3264 4155/6302/3491 4154/5881/3491
f 4154/5881/3491 4155/6302/3491 4157/5882/3490
f 4156/5883/3490 4157/5882/3490 4147/5884/1677
f 4197/5886/3736 4196/5889/3739 4171/5887/3737
f 4196/5889/3739 4198/5891/3741 4173/5890/3740
f 4198/5891/3741 4199/6303/3761 4174/5892/3742
f 4174/5892/3742 4199/6303/3761 4200/5893/3743
f 4175/5894/3744 4200/5893/3743 4201/5895/3745
f 4176/5896/3746 4201/5895/3745 4202/5897/3747
f 4202/5897/3747 4203/5900/3750 4178/5899/3749
f 4203/5900/3750 4204/5902/3752 4179/5901/3751
f 4204/5902/3752 4205/6304/3760 4180/5903/3753
f 4180/5903/3753 4205/6304/3760 4206/5907/3755
f 4181/5908/3756 4206/5907/3755 4207/5909/3757
f 4182/5910/3758 4207/5909/3757 4197/5934/3736
f 4184/5936/3762 4185/6305/3772 4187/5937/3763
f 4186/5938/3764 4187/5937/3763 4189/5939/3765
f 4189/5939/3765 4191/5942/3768 4190/5941/3767
f 4191/5942/3768 4193/5944/3770 4192/5943/3769
f 4193/5944/3770 4195/6306/3829 4194/5945/3771
f 4194/5945/3771 4195/6306/3829 4185/5946/3772
f 4234/5948/3773 4209/5951/3776 4210/5949/3774
f 4209/5951/3776 4234/5948/3773 4236/5952/3777
f 4211/5953/3778 4236/5952/3777 4237/5954/3779
f 4237/5954/3779 4238/5957/3782 4213/5956/3781
f 4238/5957/3782 4239/5959/3784 4214/5958/3783
f 4239/5959/3784 4240/6307/3796 4215/5960/3785
f 4215/5960/3785 4240/6307/3796 4241/5961/3786
f 4216/5962/3787 4241/5961/3786 4242/5963/3788
f 4217/5964/3789 4242/5963/3788 4243/5965/3790
f 4243/5965/3790 4244/5971/3794 4219/5970/3793
f 4244/5971/3794 4245/5996/3798 4220/5972/3795
f 4245/5996/3798 4235/6308/3775 4210/5997/3774
f 4223/5998/1677 4225/6001/3493 4224/5999/3493
f 4225/6001/3493 4227/6309/3492 4226/6002/3492
f 4226/6002/3492 4227/6309/3492 4229/6003/3264
f 4229/6003/3264 4231/6006/3491 4230/6005/3491
f 4231/6006/3491 4233/6310/3490 4232/6007/3490
f 4232/6007/3490 4233/6310/3490 4223/6008/1677
f 4272/6010/3267 4247/6014/3271 4248/6011/3799
f 4272/6010/3267 4274/6015/3802 4249/6013/3801
f 4274/6015/3802 4275/6017/3803 4250/6016/3273
f 4275/6017/3803 4276/6311/3818 4251/6018/3804
f 4251/6018/3804 4276/6311/3818 4277/6019/3805
f 4252/6020/3806 4277/6019/3805 4278/6021/3807
f 4278/6021/3807 4279/6024/3810 4254/6023/3809
f 4279/6024/3810 4280/6312/3819 4255/6025/3811
f 4255/6025/3811 4280/6312/3819 4281/6026/3812
f 4256/6027/3813 4281/6026/3812 4282/6031/3814
f 4257/6032/3815 4282/6031/3814 4283/6033/3816
f 4258/6034/3817 4283/6033/3816 4273/6058/3800
f 4261/6060/3291 4263/6063/3293 4262/6061/3292
f 4263/6063/3293 4265/6065/3295 4264/6064/3294
f 4265/6065/3295 4267/6067/3296 4266/6066/3296
f 4267/6067/3296 4269/6069/3297 4268/6068/3820
f 4269/6069/3297 4271/6071/3299 4270/6070/3298
f 4271/6071/3299 4261/6313/3291 4260/6072/3291
