# Blender 5.1.0
# www.blender.org
mtllib mid_century_lounge_chair_1k.mtl
g mid_century_lounge_chair_Mesh
v -0.023502 -0.032367 0.184614
v -0.023502 -0.032367 0.187399
v 0.000011 -0.040000 0.184614
v 0.000011 -0.040000 0.187399
v 0.023520 -0.032354 0.184614
v 0.023520 -0.032354 0.187399
v 0.038045 -0.012350 0.184614
v 0.038045 -0.012350 0.187399
v 0.038038 0.012371 0.187399
v 0.038038 0.012371 0.184614
v 0.041212 0.013403 0.167278
v 0.041219 -0.013380 0.167278
v 0.025482 -0.035053 0.167278
v 0.000012 -0.043336 0.167278
v -0.025463 -0.035067 0.167278
v -0.041212 -0.013403 0.167278
v -0.041219 0.013380 0.167278
v -0.025482 0.035053 0.167278
v -0.000012 0.043336 0.167278
v 0.025463 0.035067 0.167278
v 0.036531 0.011881 0.042581
v 0.036538 -0.011860 0.042581
v 0.022588 -0.031072 0.042581
v 0.000011 -0.038414 0.042581
v -0.022571 -0.031084 0.042581
v -0.036531 -0.011881 0.042581
v -0.036538 0.011860 0.042581
v -0.022588 0.031072 0.042581
v -0.000011 0.038414 0.042581
v 0.022571 0.031084 0.042581
v -0.361533 -0.279381 0.036086
v -0.057722 -0.058518 0.138093
v -0.316515 -0.246654 0.042157
v -0.264372 -0.208747 0.053979
v -0.208658 -0.168245 0.070747
v -0.153169 -0.127906 0.091317
v -0.101688 -0.090480 0.114287
v -0.057369 -0.058262 0.039123
v -0.361539 -0.279385 0.007167
v -0.108064 -0.095116 0.033629
v -0.158759 -0.131970 0.028135
v -0.209454 -0.168824 0.022640
v -0.260149 -0.205677 0.017146
v -0.310844 -0.242531 0.011651
v -0.073118 -0.036598 0.039123
v -0.377288 -0.257721 0.007167
v -0.123813 -0.073452 0.033629
v -0.174508 -0.110306 0.028135
v -0.225203 -0.147160 0.022640
v -0.275898 -0.184014 0.017146
v -0.326593 -0.220867 0.011651
v -0.073470 -0.036855 0.138093
v -0.377282 -0.257717 0.036086
v -0.117437 -0.068817 0.114287
v -0.168918 -0.106242 0.091317
v -0.224407 -0.146581 0.070747
v -0.280121 -0.187084 0.053979
v -0.332264 -0.224990 0.042157
v -0.361690 0.279178 0.036086
v -0.057754 0.058486 0.138093
v -0.316653 0.246476 0.042157
v -0.264489 0.208599 0.053979
v -0.208752 0.168127 0.070747
v -0.153241 0.127820 0.091317
v -0.101738 0.090423 0.114287
v -0.073491 0.036813 0.138093
v -0.377427 0.257505 0.036086
v -0.117475 0.068751 0.114287
v -0.168978 0.106147 0.091317
v -0.224489 0.146455 0.070747
v -0.280226 0.186926 0.053979
v -0.332390 0.224803 0.042157
v -0.361696 0.279182 0.007167
v -0.057402 0.058230 0.039123
v -0.310980 0.242356 0.011651
v -0.260264 0.205531 0.017146
v -0.209549 0.168706 0.022640
v -0.158833 0.131881 0.028135
v -0.108118 0.095055 0.033629
v -0.073139 0.036557 0.039123
v -0.377432 0.257509 0.007167
v -0.123854 0.073383 0.033629
v -0.174570 0.110208 0.028135
v -0.225286 0.147033 0.022640
v -0.276001 0.183858 0.017146
v -0.326717 0.220684 0.011651
v 0.128273 0.438534 0.007167
v 0.012167 0.080856 0.039123
v 0.108922 0.378921 0.011652
v 0.089571 0.319308 0.017146
v 0.070220 0.259695 0.022640
v 0.050869 0.200082 0.028135
v 0.031518 0.140469 0.033629
v 0.037642 0.072587 0.039123
v 0.153747 0.430265 0.007167
v 0.056993 0.132200 0.033629
v 0.076344 0.191813 0.028135
v 0.095695 0.251426 0.022640
v 0.115046 0.311039 0.017146
v 0.134396 0.370652 0.011652
v 0.037776 0.073001 0.138093
v 0.153745 0.430258 0.036086
v 0.054559 0.124701 0.114287
v 0.074210 0.185239 0.091317
v 0.095391 0.250489 0.070747
v 0.116658 0.316005 0.053979
v 0.136561 0.377321 0.042157
v 0.012301 0.081270 0.138093
v 0.128270 0.438528 0.036086
v 0.029084 0.132971 0.114287
v 0.048735 0.193509 0.091317
v 0.069916 0.258759 0.070747
v 0.091183 0.324274 0.053979
v 0.111086 0.385590 0.042157
v 0.128519 -0.438462 0.007167
v 0.012212 -0.080849 0.039123
v 0.109135 -0.378860 0.011652
v 0.089750 -0.319258 0.017146
v 0.070366 -0.259656 0.022640
v 0.050981 -0.200053 0.028135
v 0.031597 -0.140451 0.033629
v 0.012347 -0.081263 0.138093
v 0.128517 -0.438456 0.036086
v 0.029159 -0.132954 0.114287
v 0.048844 -0.193481 0.091317
v 0.070061 -0.258719 0.070747
v 0.091365 -0.324223 0.053979
v 0.111303 -0.385527 0.042157
v 0.153987 -0.430172 0.036086
v 0.037817 -0.072980 0.138093
v 0.136773 -0.377244 0.042157
v 0.116835 -0.315939 0.053979
v 0.095531 -0.250436 0.070747
v 0.074314 -0.185198 0.091317
v 0.054629 -0.124671 0.114287
v 0.037683 -0.072565 0.039123
v 0.153989 -0.430178 0.007167
v 0.057067 -0.132168 0.033629
v 0.076451 -0.191770 0.028135
v 0.095836 -0.251372 0.022640
v 0.115220 -0.310974 0.017146
v 0.134605 -0.370576 0.011652
v 0.456709 0.013520 0.007167
v 0.080658 0.013414 0.039123
v 0.394034 0.013502 0.011652
v 0.331359 0.013485 0.017146
v 0.268684 0.013467 0.022640
v 0.206009 0.013450 0.028135
v 0.143333 0.013432 0.033629
v 0.080666 -0.013369 0.039123
v 0.456717 -0.013263 0.007167
v 0.143341 -0.013351 0.033629
v 0.206016 -0.013334 0.028135
v 0.268691 -0.013316 0.022640
v 0.331366 -0.013298 0.017146
v 0.394042 -0.013281 0.011652
v 0.456703 0.013520 0.036086
v 0.081094 0.013414 0.138093
v 0.401045 0.013504 0.042157
v 0.336580 0.013486 0.053979
v 0.267699 0.013467 0.070747
v 0.199098 0.013448 0.091317
v 0.135450 0.013430 0.114287
v 0.456710 -0.013263 0.036086
v 0.081101 -0.013369 0.138093
v 0.401053 -0.013279 0.042157
v 0.336587 -0.013297 0.053979
v 0.267707 -0.013316 0.070747
v 0.199105 -0.013336 0.091317
v 0.135458 -0.013354 0.114287
v 0.471728 0.013365 0.034827
v 0.483190 0.006752 0.034133
v 0.478345 0.011594 0.034426
v 0.471735 -0.013100 0.034827
v 0.484964 0.000136 0.034026
v 0.478351 -0.011325 0.034426
v 0.483193 -0.006480 0.034133
v 0.158483 -0.444510 0.034827
v 0.155735 -0.457454 0.034133
v 0.158843 -0.451350 0.034426
v 0.133316 -0.452695 0.034827
v 0.149992 -0.461186 0.034026
v 0.137048 -0.458439 0.034426
v 0.143152 -0.461547 0.034133
v -0.373780 -0.288087 0.034827
v -0.386940 -0.289474 0.034133
v -0.380174 -0.290544 0.034426
v -0.389342 -0.266681 0.034827
v -0.392264 -0.285165 0.034026
v -0.393651 -0.272006 0.034426
v -0.394721 -0.278771 0.034133
v -0.392424 0.284944 0.034026
v -0.389492 0.266462 0.034827
v -0.394877 0.278549 0.034133
v -0.393804 0.271784 0.034426
v -0.373942 0.287877 0.034827
v -0.380337 0.290330 0.034426
v -0.387102 0.289257 0.034133
v 0.133061 0.452770 0.034827
v 0.142892 0.461627 0.034133
v 0.136790 0.458516 0.034426
v 0.158233 0.444599 0.034827
v 0.149733 0.461270 0.034026
v 0.158590 0.451439 0.034426
v 0.155478 0.457541 0.034133
v 0.477405 0.013526 0.007167
v 0.490800 0.000138 0.007167
v 0.484101 0.011734 0.007167
v 0.489004 0.006833 0.007167
v 0.477412 -0.013257 0.007167
v 0.489008 -0.006558 0.007167
v 0.484107 -0.011461 0.007167
v 0.160390 -0.449859 0.007167
v 0.160755 -0.456781 0.007167
v 0.157609 -0.462959 0.007167
v 0.151797 -0.466736 0.007167
v 0.134920 -0.458143 0.007167
v 0.144874 -0.467101 0.007167
v 0.138697 -0.463955 0.007167
v -0.378278 -0.291554 0.007167
v -0.396984 -0.288597 0.007167
v -0.384749 -0.294040 0.007167
v -0.391596 -0.292958 0.007167
v -0.394027 -0.269890 0.007167
v -0.399471 -0.282126 0.007167
v -0.398388 -0.275279 0.007167
v -0.394179 0.269669 0.007167
v -0.398543 0.275055 0.007167
v -0.399629 0.281901 0.007167
v -0.397147 0.288373 0.007167
v -0.378442 0.291341 0.007167
v -0.391761 0.292737 0.007167
v -0.384914 0.293824 0.007167
v 0.134662 0.458218 0.007167
v 0.138436 0.464033 0.007167
v 0.144612 0.467182 0.007167
v 0.151534 0.466821 0.007167
v 0.160137 0.449949 0.007167
v 0.157349 0.463047 0.007167
v 0.160498 0.456872 0.007167
v -0.052247 0.021388 0.153999
v -0.062952 0.029160 0.144465
v -0.036511 0.043060 0.153999
v -0.047215 0.050833 0.144465
v -0.047056 0.050718 0.040244
v -0.036278 0.042891 0.041412
v -0.062793 0.029045 0.040244
v -0.052014 0.021219 0.041412
v -0.036254 -0.042912 0.041412
v -0.047027 -0.050744 0.040244
v -0.036486 -0.043081 0.153999
v -0.047186 -0.050859 0.144465
v -0.062935 -0.029196 0.144465
v -0.052235 -0.021417 0.153999
v -0.062776 -0.029080 0.040244
v -0.052002 -0.021248 0.041412
v 0.004227 -0.056297 0.153999
v 0.008319 -0.068877 0.144465
v 0.004138 -0.056023 0.041412
v 0.008258 -0.068690 0.040244
v 0.029608 -0.047740 0.041412
v 0.033728 -0.060406 0.040244
v 0.033789 -0.060593 0.144465
v 0.029697 -0.048013 0.153999
v 0.054560 -0.013376 0.041412
v 0.067880 -0.013373 0.040244
v 0.054553 0.013407 0.041412
v 0.067873 0.013411 0.040244
v 0.068069 0.013411 0.144465
v 0.054840 0.013407 0.153999
v 0.068076 -0.013373 0.144465
v 0.054848 -0.013376 0.153999
v 0.029582 0.047756 0.041412
v 0.033694 0.060426 0.040244
v 0.004107 0.056026 0.041412
v 0.008219 0.068695 0.040244
v 0.008280 0.068882 0.144465
v 0.004196 0.056299 0.153999
v 0.033755 0.060612 0.144465
v 0.029670 0.048030 0.153999
v -0.361539 -0.279385 0.004387
v -0.367667 -0.278416 -0.000000
v -0.363334 -0.279101 0.001285
v -0.378256 -0.263850 -0.000000
v -0.377288 -0.257721 0.004387
v -0.377571 -0.259516 0.001285
v -0.377432 0.257509 0.004387
v -0.378405 0.263637 -0.000000
v -0.377717 0.259304 0.001285
v -0.367824 0.278209 -0.000000
v -0.361696 0.279182 0.004387
v -0.363490 0.278897 0.001285
v 0.128273 0.438534 0.004387
v 0.133800 0.441353 0.000000
v 0.129892 0.439360 0.001285
v 0.150929 0.435793 0.000000
v 0.153747 0.430265 0.004387
v 0.152922 0.431884 0.001285
v 0.153989 -0.430178 0.004387
v 0.151174 -0.435708 0.000000
v 0.153165 -0.431798 0.001285
v 0.134048 -0.441277 0.000000
v 0.128519 -0.438462 0.004387
v 0.130139 -0.439287 0.001285
v 0.456709 0.013520 0.004388
v 0.461098 0.009134 0.000000
v 0.457995 0.012235 0.001285
v 0.461103 -0.008875 0.000000
v 0.456717 -0.013263 0.004388
v 0.458001 -0.011978 0.001285
v 0.160137 0.449949 0.004387
v 0.155786 0.450754 0.000000
v 0.158863 0.450185 0.001285
v 0.160498 0.456872 0.004387
v 0.156055 0.455926 0.000000
v 0.159197 0.456595 0.001285
v 0.153974 0.460007 0.000000
v 0.157349 0.463047 0.004387
v 0.156361 0.462157 0.001285
v 0.150132 0.462501 0.000000
v 0.151534 0.466821 0.004387
v 0.151124 0.465556 0.001285
v 0.138436 0.464033 0.004387
v 0.141476 0.460658 0.000000
v 0.139327 0.463045 0.001285
v 0.138657 0.456314 0.000000
v 0.134662 0.458218 0.004387
v 0.135832 0.457661 0.001285
v 0.144612 0.467182 0.004387
v 0.145557 0.462739 0.000000
v 0.144889 0.465881 0.001285
v -0.399629 0.281901 0.004387
v -0.395112 0.281428 -0.000000
v -0.398306 0.281762 0.001285
v -0.398543 0.275055 0.004387
v -0.394394 0.276903 -0.000000
v -0.397327 0.275596 0.001285
v -0.391133 0.272880 -0.000000
v -0.394179 0.269669 0.004387
v -0.393287 0.270609 0.001285
v -0.394238 -0.277125 -0.000000
v -0.398388 -0.275279 0.004387
v -0.397172 -0.275819 0.001285
v -0.394953 -0.281650 -0.000000
v -0.399471 -0.282126 0.004387
v -0.398147 -0.281986 0.001285
v -0.394027 -0.269890 0.004387
v -0.390980 -0.273099 -0.000000
v -0.393135 -0.270830 0.001285
v 0.134920 -0.458143 0.004387
v 0.138913 -0.456236 0.000000
v 0.136090 -0.457584 0.001285
v 0.141735 -0.460579 0.000000
v 0.138697 -0.463955 0.004387
v 0.139587 -0.462966 0.001285
v 0.145817 -0.462657 0.000000
v 0.144874 -0.467101 0.004387
v 0.145151 -0.465799 0.001285
v 0.150392 -0.462416 0.000000
v 0.151797 -0.466736 0.004387
v 0.151385 -0.465471 0.001285
v 0.160755 -0.456781 0.004387
v 0.156312 -0.455838 0.000000
v 0.159453 -0.456505 0.001285
v 0.156039 -0.450667 0.000000
v 0.160390 -0.449859 0.004387
v 0.159116 -0.450096 0.001285
v 0.157609 -0.462959 0.004387
v 0.154233 -0.459920 0.000000
v 0.156620 -0.462069 0.001285
v 0.490800 0.000138 0.004388
v 0.486258 0.000137 0.000000
v 0.489470 0.000138 0.001285
v 0.485071 0.004561 0.000000
v 0.489004 0.006833 0.004388
v 0.487852 0.006168 0.001285
v 0.481831 0.007799 0.000000
v 0.484101 0.011734 0.004388
v 0.483436 0.010581 0.001285
v 0.476828 0.009138 0.000000
v 0.477405 0.013526 0.004388
v 0.477236 0.012241 0.001285
v -0.378442 0.291341 0.004387
v -0.380552 0.287452 -0.000000
v -0.379060 0.290202 0.001285
v -0.385388 0.289306 -0.000000
v -0.384914 0.293824 0.004387
v -0.385053 0.292500 0.001285
v -0.389912 0.288588 -0.000000
v -0.391761 0.292737 0.004387
v -0.391219 0.291522 0.001285
v -0.393471 0.285704 -0.000000
v -0.397147 0.288373 0.004387
v -0.396070 0.287592 0.001285
v -0.396984 -0.288597 0.004387
v -0.393310 -0.285926 -0.000000
v -0.395908 -0.287814 0.001285
v -0.389750 -0.288808 -0.000000
v -0.391596 -0.292958 0.004387
v -0.391055 -0.291742 0.001285
v -0.385225 -0.289523 -0.000000
v -0.384749 -0.294040 0.004387
v -0.384888 -0.292717 0.001285
v -0.380391 -0.287666 -0.000000
v -0.378278 -0.291554 0.004387
v -0.378897 -0.290415 0.001285
v 0.477412 -0.013257 0.004388
v 0.476833 -0.008870 0.000000
v 0.477243 -0.011972 0.001285
v 0.481835 -0.007528 0.000000
v 0.484107 -0.011461 0.004388
v 0.483442 -0.010309 0.001285
v 0.485073 -0.004288 0.000000
v 0.489008 -0.006558 0.004388
v 0.487855 -0.005893 0.001285
v -0.000000 0.000000 0.232536
v 0.041212 0.013403 0.184614
v 0.041212 0.013403 0.187399
v 0.041219 -0.013380 0.187399
v 0.041219 -0.013380 0.184614
v 0.025482 -0.035053 0.187399
v 0.025482 -0.035053 0.184614
v 0.000012 -0.043336 0.187399
v 0.000012 -0.043336 0.184614
v -0.025463 -0.035067 0.187399
v -0.025463 -0.035067 0.184614
v -0.041212 -0.013403 0.187399
v -0.041212 -0.013403 0.184614
v -0.041219 0.013380 0.187399
v -0.041219 0.013380 0.184614
v -0.025482 0.035053 0.187399
v -0.025482 0.035053 0.184614
v -0.000012 0.043336 0.187399
v -0.000012 0.043336 0.184614
v 0.025463 0.035067 0.187399
v 0.025463 0.035067 0.184614
v -0.038038 -0.012371 0.187399
v -0.038038 -0.012371 0.184614
v -0.038045 0.012350 0.187399
v -0.038045 0.012350 0.184614
v -0.023520 0.032354 0.187399
v -0.023520 0.032354 0.184614
v -0.000011 0.040000 0.187399
v -0.000011 0.040000 0.184614
v 0.023502 0.032367 0.187399
v 0.023502 0.032367 0.184614
v 0.041212 0.013403 0.042582
v 0.041219 -0.013380 0.042582
v 0.025482 -0.035053 0.042581
v 0.000012 -0.043336 0.042581
v -0.025463 -0.035067 0.042581
v -0.041212 -0.013403 0.042581
v -0.041219 0.013380 0.042581
v -0.025482 0.035053 0.042581
v -0.000012 0.043336 0.042581
v 0.025463 0.035067 0.042581
v -0.000000 0.000000 0.062536
v 0.022839 0.007428 0.062536
v 0.022843 -0.007415 0.062536
v 0.014122 -0.019426 0.062536
v 0.000007 -0.024017 0.062536
v -0.014111 -0.019434 0.062536
v -0.022839 -0.007428 0.062536
v -0.022843 0.007415 0.062536
v -0.014122 0.019426 0.062536
v -0.000007 0.024017 0.062536
v 0.014111 0.019434 0.062536
v 0.041219 -0.013380 0.232536
v 0.041212 0.013403 0.232536
v 0.025482 -0.035053 0.232536
v 0.000012 -0.043336 0.232536
v -0.025463 -0.035067 0.232536
v -0.041212 -0.013403 0.232536
v -0.041219 0.013380 0.232536
v -0.025482 0.035053 0.232536
v -0.000012 0.043336 0.232536
v 0.025463 0.035067 0.232536
v -0.385358 0.491178 0.709127
v 0.228022 0.493662 0.670814
v -0.415012 0.340089 0.653741
v 0.214279 0.357487 0.594774
v -0.485460 0.243173 0.482497
v -0.502073 -0.000000 0.442223
v 0.118175 0.000000 0.261948
v 0.233988 0.435005 0.666051
v -0.394675 0.428220 0.705345
v -0.385358 -0.491178 0.709127
v 0.228022 -0.493662 0.670814
v -0.415012 -0.340089 0.653741
v 0.214279 -0.357487 0.594774
v -0.485460 -0.243173 0.482497
v 0.233988 -0.435005 0.666051
v -0.394675 -0.428220 0.705345
v 0.234469 0.453572 0.668542
v 0.233997 0.469909 0.669870
v 0.232000 0.483417 0.670480
v -0.396258 0.406281 0.701005
v -0.399227 0.383405 0.693182
v -0.404698 0.360741 0.679271
v 0.174359 0.330233 0.456216
v 0.196170 0.344486 0.531777
v -0.431650 0.322239 0.613113
v -0.451428 0.303297 0.565044
v -0.470304 0.278359 0.519245
v 0.118463 0.079879 0.262945
v 0.120481 0.155121 0.269920
v 0.165010 0.357143 0.599308
v 0.202310 0.357645 0.595852
v 0.087465 0.271943 0.337062
v -0.495065 0.194926 0.459213
v -0.499997 0.135925 0.447257
v -0.501814 0.069755 0.442852
v -0.322965 0.502497 0.705161
v -0.358229 0.501131 0.707381
v -0.376677 0.497669 0.708559
v 0.069046 0.000000 0.274927
v 0.106071 0.000000 0.264800
v -0.401593 0.340173 0.652567
v -0.362345 0.341000 0.648980
v -0.198811 0.345970 0.633633
v 0.003515 0.352513 0.614518
v -0.471687 0.243417 0.479767
v -0.432332 0.244911 0.470636
v -0.270784 0.253189 0.429563
v -0.071700 0.263991 0.377824
v 0.220074 0.499802 0.671337
v 0.202497 0.503047 0.672462
v 0.168102 0.504198 0.674628
v 0.024301 0.503943 0.683583
v -0.177995 0.503199 0.696135
v -0.488224 0.000000 0.439120
v -0.448858 0.000000 0.428657
v -0.287819 0.000000 0.381404
v -0.089540 0.000000 0.321828
v 0.225075 0.374376 0.632813
v 0.230343 0.394244 0.651907
v 0.232861 0.414892 0.661464
v -0.389824 0.480289 0.709354
v -0.392337 0.465856 0.709039
v -0.393659 0.448300 0.707821
v 0.023168 0.433279 0.679286
v -0.179264 0.430598 0.691839
v -0.342577 0.428562 0.702011
v -0.381507 0.428240 0.704483
v 0.222045 0.435159 0.666841
v 0.184759 0.435070 0.669216
v 0.234469 -0.453572 0.668542
v 0.233997 -0.469909 0.669870
v 0.232000 -0.483417 0.670480
v -0.396257 -0.406281 0.701005
v -0.399227 -0.383405 0.693182
v -0.404698 -0.360741 0.679271
v 0.174359 -0.330233 0.456216
v 0.196170 -0.344486 0.531777
v -0.431650 -0.322239 0.613113
v -0.451428 -0.303297 0.565044
v -0.470304 -0.278359 0.519245
v 0.118463 -0.079879 0.262945
v 0.120481 -0.155121 0.269920
v 0.165010 -0.357143 0.599308
v 0.202310 -0.357645 0.595852
v 0.087465 -0.271943 0.337062
v -0.495064 -0.194926 0.459213
v -0.499997 -0.135925 0.447257
v -0.501814 -0.069755 0.442852
v -0.322965 -0.502497 0.705161
v -0.358229 -0.501131 0.707381
v -0.376676 -0.497669 0.708559
v -0.401593 -0.340173 0.652567
v -0.362345 -0.341000 0.648980
v -0.198811 -0.345970 0.633633
v 0.003515 -0.352513 0.614518
v -0.471687 -0.243417 0.479767
v -0.432332 -0.244911 0.470636
v -0.270784 -0.253189 0.429563
v -0.071700 -0.263991 0.377824
v 0.220074 -0.499802 0.671337
v 0.202497 -0.503047 0.672462
v 0.168102 -0.504199 0.674628
v 0.024301 -0.503943 0.683583
v -0.177995 -0.503199 0.696135
v 0.225075 -0.374376 0.632813
v 0.230343 -0.394244 0.651907
v 0.232861 -0.414892 0.661464
v -0.389824 -0.480289 0.709354
v -0.392337 -0.465856 0.709039
v -0.393659 -0.448300 0.707821
v 0.023168 -0.433279 0.679286
v -0.179264 -0.430598 0.691839
v -0.342577 -0.428562 0.702011
v -0.381507 -0.428240 0.704483
v 0.222045 -0.435159 0.666841
v 0.184759 -0.435070 0.669216
v 0.069334 0.079450 0.275898
v 0.106360 0.079863 0.265792
v 0.071349 0.154314 0.282694
v 0.108380 0.155093 0.272729
v 0.076817 0.220007 0.301140
v 0.104263 0.307177 0.393732
v 0.125141 0.329328 0.464221
v 0.162334 0.330302 0.458023
v 0.146921 0.343869 0.537868
v 0.184176 0.344605 0.533181
v 0.185350 0.453819 0.671700
v 0.222580 0.453792 0.669329
v 0.185586 0.471241 0.672980
v 0.222479 0.470678 0.670631
v 0.185523 0.487685 0.673462
v 0.221572 0.485818 0.671169
v -0.380576 0.448401 0.706963
v -0.341742 0.448732 0.704494
v -0.379681 0.466559 0.708208
v -0.341238 0.467368 0.705764
v -0.378384 0.482756 0.708603
v -0.340885 0.484880 0.706221
v -0.178530 0.450349 0.694323
v 0.023823 0.452453 0.681770
v -0.178153 0.468728 0.695598
v 0.024159 0.470334 0.683046
v -0.178014 0.486192 0.696068
v 0.024283 0.487354 0.683515
v -0.456601 0.278590 0.516856
v -0.417256 0.280074 0.508938
v -0.437814 0.303487 0.563077
v -0.398487 0.304809 0.556664
v -0.418134 0.322374 0.611583
v -0.378837 0.323450 0.606728
v -0.255247 0.288379 0.473497
v -0.055429 0.299229 0.428901
v -0.235915 0.312329 0.528202
v -0.035197 0.322172 0.492457
v -0.215704 0.329722 0.585498
v -0.014073 0.337955 0.558922
v -0.487966 0.069842 0.439755
v -0.448599 0.070350 0.429313
v -0.486157 0.136089 0.444201
v -0.446792 0.137052 0.433904
v -0.481248 0.195146 0.456268
v -0.441886 0.196455 0.446367
v -0.287553 0.073135 0.382156
v -0.089262 0.076764 0.322703
v -0.285690 0.142335 0.387424
v -0.087310 0.149222 0.328827
v -0.280633 0.203665 0.401721
v -0.082014 0.213066 0.345451
v -0.188534 0.365380 0.663361
v 0.014091 0.370587 0.648419
v -0.183291 0.387122 0.679011
v 0.019352 0.391313 0.665798
v -0.180600 0.409263 0.687416
v 0.021947 0.412629 0.674781
v -0.391362 0.360794 0.678295
v -0.352191 0.361434 0.675417
v -0.385960 0.383440 0.692289
v -0.346878 0.383948 0.689704
v -0.383047 0.406307 0.700140
v -0.344050 0.406712 0.697654
v 0.175806 0.374214 0.636476
v 0.213121 0.374550 0.633707
v 0.181085 0.394192 0.655210
v 0.218396 0.394418 0.652726
v 0.183618 0.414911 0.664646
v 0.220916 0.415058 0.662257
v 0.069334 -0.079450 0.275898
v 0.071349 -0.154314 0.282694
v 0.076817 -0.220007 0.301140
v 0.106360 -0.079863 0.265792
v 0.108380 -0.155093 0.272729
v 0.104263 -0.307177 0.393732
v 0.125141 -0.329328 0.464221
v 0.146922 -0.343870 0.537868
v 0.162334 -0.330302 0.458023
v 0.184176 -0.344605 0.533181
v 0.185350 -0.453819 0.671700
v 0.185586 -0.471241 0.672980
v 0.185523 -0.487685 0.673462
v 0.222580 -0.453792 0.669329
v 0.222479 -0.470678 0.670631
v 0.221572 -0.485818 0.671169
v -0.380576 -0.448401 0.706963
v -0.379681 -0.466558 0.708208
v -0.378384 -0.482756 0.708603
v -0.341742 -0.448732 0.704494
v -0.341238 -0.467368 0.705764
v -0.340885 -0.484880 0.706221
v -0.178530 -0.450349 0.694323
v -0.178153 -0.468728 0.695598
v -0.178014 -0.486192 0.696068
v 0.023823 -0.452453 0.681770
v 0.024159 -0.470334 0.683046
v 0.024283 -0.487354 0.683515
v -0.456600 -0.278590 0.516855
v -0.437814 -0.303487 0.563077
v -0.418134 -0.322374 0.611583
v -0.417256 -0.280074 0.508938
v -0.398487 -0.304809 0.556664
v -0.378837 -0.323450 0.606728
v -0.255247 -0.288379 0.473497
v -0.235915 -0.312329 0.528202
v -0.215704 -0.329722 0.585498
v -0.055429 -0.299229 0.428901
v -0.035197 -0.322172 0.492457
v -0.014073 -0.337954 0.558922
v -0.487966 -0.069842 0.439755
v -0.486157 -0.136089 0.444201
v -0.481248 -0.195146 0.456268
v -0.448599 -0.070350 0.429313
v -0.446792 -0.137051 0.433904
v -0.441886 -0.196455 0.446367
v -0.287553 -0.073135 0.382157
v -0.285690 -0.142335 0.387424
v -0.280633 -0.203665 0.401721
v -0.089262 -0.076764 0.322703
v -0.087310 -0.149222 0.328827
v -0.082014 -0.213066 0.345451
v -0.188534 -0.365380 0.663361
v -0.183291 -0.387122 0.679011
v -0.180600 -0.409263 0.687416
v 0.014091 -0.370587 0.648419
v 0.019352 -0.391313 0.665798
v 0.021948 -0.412629 0.674781
v -0.391362 -0.360794 0.678295
v -0.385960 -0.383440 0.692289
v -0.383047 -0.406307 0.700140
v -0.352191 -0.361434 0.675417
v -0.346878 -0.383948 0.689704
v -0.344050 -0.406712 0.697654
v 0.175806 -0.374214 0.636476
v 0.181085 -0.394192 0.655210
v 0.183618 -0.414911 0.664646
v 0.213121 -0.374550 0.633707
v 0.218396 -0.394418 0.652726
v 0.220916 -0.415058 0.662257
v -0.387095 0.491326 0.683619
v 0.226416 0.493827 0.645297
v -0.416306 0.362345 0.640763
v 0.213893 0.381990 0.586989
v -0.489705 0.259065 0.462367
v -0.507659 0.000000 0.417272
v 0.112315 -0.000000 0.237059
v 0.232391 0.439608 0.640924
v -0.396337 0.432358 0.680151
v -0.387095 -0.491326 0.683619
v 0.226416 -0.493827 0.645297
v -0.416306 -0.362345 0.640763
v 0.213893 -0.381990 0.586989
v -0.489705 -0.259065 0.462367
v 0.232391 -0.439608 0.640924
v -0.396337 -0.432357 0.680151
v 0.232860 0.456281 0.643159
v 0.232417 0.471335 0.644384
v 0.230417 0.483932 0.644964
v -0.397898 0.413075 0.676348
v -0.400837 0.394602 0.670070
v -0.406204 0.378154 0.660088
v 0.173597 0.355133 0.450307
v 0.195837 0.369583 0.526896
v -0.432951 0.346020 0.603796
v -0.453233 0.326739 0.554889
v -0.473161 0.299609 0.504926
v 0.112626 0.081271 0.238068
v 0.114799 0.160036 0.245355
v 0.163805 0.381604 0.591454
v 0.201672 0.382161 0.588117
v -0.500222 0.203641 0.435495
v -0.505484 0.139558 0.422484
v -0.507386 0.070787 0.417908
v -0.324566 0.502598 0.679643
v -0.359857 0.501236 0.681865
v -0.378369 0.497798 0.683048
v 0.062120 -0.000000 0.250313
v 0.099877 0.000000 0.239990
v -0.403019 0.362497 0.639721
v -0.364061 0.363563 0.636602
v -0.200590 0.369323 0.622878
v 0.001895 0.376567 0.605492
v -0.476276 0.259384 0.459763
v -0.437685 0.261234 0.451100
v -0.276476 0.270636 0.411059
v -0.077210 0.282507 0.360281
v 0.218461 0.499946 0.645820
v 0.200885 0.503164 0.646945
v 0.166503 0.504307 0.649111
v 0.022716 0.504048 0.658064
v -0.179580 0.503302 0.670617
v -0.494176 -0.000000 0.414250
v -0.455653 0.000000 0.404008
v -0.295143 0.000001 0.356906
v -0.096881 0.000000 0.297334
v 0.224259 0.395777 0.617985
v 0.229081 0.408990 0.630620
v 0.231357 0.423291 0.637210
v -0.391583 0.480769 0.683849
v -0.394091 0.467194 0.683561
v -0.395361 0.450831 0.682427
v 0.021545 0.437734 0.654138
v -0.180888 0.434887 0.666665
v -0.344211 0.432720 0.676818
v -0.383160 0.432373 0.679288
v 0.220442 0.439760 0.641714
v 0.183143 0.439646 0.644085
v 0.232860 -0.456281 0.643159
v 0.232417 -0.471335 0.644384
v 0.230417 -0.483932 0.644964
v -0.397898 -0.413075 0.676348
v -0.400837 -0.394602 0.670070
v -0.406204 -0.378154 0.660088
v 0.173597 -0.355133 0.450307
v 0.195837 -0.369583 0.526896
v -0.432951 -0.346020 0.603796
v -0.453233 -0.326740 0.554889
v -0.473161 -0.299610 0.504926
v 0.112626 -0.081271 0.238068
v 0.114799 -0.160036 0.245355
v 0.163805 -0.381603 0.591454
v 0.201672 -0.382161 0.588117
v -0.500222 -0.203641 0.435495
v -0.505484 -0.139558 0.422484
v -0.507386 -0.070787 0.417908
v -0.324566 -0.502598 0.679643
v -0.359857 -0.501236 0.681865
v -0.378368 -0.497797 0.683048
v -0.403019 -0.362497 0.639721
v -0.364061 -0.363563 0.636602
v -0.200590 -0.369323 0.622878
v 0.001895 -0.376567 0.605492
v -0.476276 -0.259384 0.459763
v -0.437685 -0.261234 0.451100
v -0.276476 -0.270636 0.411059
v -0.077210 -0.282507 0.360281
v 0.218461 -0.499946 0.645820
v 0.200885 -0.503164 0.646945
v 0.166503 -0.504307 0.649111
v 0.022716 -0.504048 0.658064
v -0.179580 -0.503302 0.670617
v 0.224259 -0.395777 0.617985
v 0.229081 -0.408990 0.630620
v 0.231357 -0.423291 0.637210
v -0.391583 -0.480769 0.683849
v -0.394091 -0.467194 0.683561
v -0.395360 -0.450831 0.682427
v 0.021545 -0.437734 0.654137
v -0.180887 -0.434887 0.666665
v -0.344211 -0.432719 0.676818
v -0.383160 -0.432375 0.679288
v 0.220442 -0.439760 0.641714
v 0.183143 -0.439647 0.644085
v 0.062419 0.080819 0.251299
v 0.100185 0.081254 0.240995
v 0.064533 0.159155 0.258408
v 0.102344 0.160007 0.248247
v 0.123317 0.354189 0.458377
v 0.161242 0.355202 0.452158
v 0.145643 0.368945 0.533029
v 0.183544 0.369709 0.528359
v 0.183740 0.456467 0.646310
v 0.220970 0.456473 0.643942
v 0.183984 0.472567 0.647491
v 0.220889 0.472061 0.645144
v 0.183920 0.488117 0.647946
v 0.219978 0.486312 0.645653
v -0.382255 0.450903 0.681564
v -0.343370 0.451214 0.679090
v -0.381393 0.467851 0.682725
v -0.342866 0.468611 0.680273
v -0.380095 0.483213 0.683095
v -0.342507 0.485286 0.680706
v -0.180134 0.452879 0.668921
v 0.022219 0.455046 0.656374
v -0.179747 0.469979 0.670105
v 0.022566 0.471621 0.657554
v -0.179602 0.486598 0.670551
v 0.022696 0.487764 0.657999
v -0.459740 0.299896 0.502672
v -0.421000 0.301652 0.495328
v -0.439842 0.326968 0.553049
v -0.400986 0.328472 0.547190
v -0.419615 0.346202 0.602412
v -0.380688 0.347439 0.598062
v -0.259160 0.310771 0.461325
v -0.059077 0.322340 0.418089
v -0.238522 0.336520 0.520200
v -0.037573 0.346792 0.485820
v -0.217636 0.354197 0.578334
v -0.015818 0.362819 0.553208
v -0.493905 0.070882 0.414893
v -0.455385 0.071421 0.404672
v -0.492014 0.139750 0.419513
v -0.453502 0.140824 0.409450
v -0.486775 0.203921 0.432649
v -0.448259 0.205489 0.423049
v -0.294868 0.074319 0.357670
v -0.096595 0.078061 0.298224
v -0.292931 0.146511 0.363172
v -0.094566 0.153793 0.304632
v -0.287498 0.213579 0.378853
v -0.088842 0.223854 0.322913
v -0.190362 0.384505 0.645821
v 0.012356 0.391005 0.632341
v -0.185055 0.399675 0.656544
v 0.017613 0.405053 0.643956
v -0.182273 0.416650 0.662908
v 0.020278 0.420566 0.650416
v -0.392950 0.378301 0.659201
v -0.353962 0.379281 0.656636
v -0.387605 0.394703 0.669209
v -0.348602 0.395457 0.666739
v -0.384694 0.413124 0.675489
v -0.345712 0.413633 0.673029
v 0.174373 0.395488 0.621504
v 0.212116 0.395971 0.618914
v 0.179491 0.408789 0.633855
v 0.217031 0.409181 0.631457
v 0.181995 0.423246 0.640384
v 0.219376 0.423470 0.638011
v 0.062419 -0.080819 0.251299
v 0.064533 -0.159155 0.258408
v 0.100185 -0.081253 0.240995
v 0.102344 -0.160007 0.248247
v 0.123317 -0.354189 0.458376
v 0.145643 -0.368945 0.533029
v 0.161242 -0.355202 0.452158
v 0.183544 -0.369709 0.528359
v 0.183740 -0.456468 0.646310
v 0.183984 -0.472563 0.647491
v 0.183920 -0.488120 0.647946
v 0.220970 -0.456473 0.643942
v 0.220889 -0.472061 0.645144
v 0.219978 -0.486312 0.645653
v -0.382254 -0.450903 0.681564
v -0.381394 -0.467851 0.682725
v -0.380095 -0.483213 0.683095
v -0.343370 -0.451215 0.679090
v -0.342866 -0.468612 0.680273
v -0.342507 -0.485290 0.680706
v -0.180134 -0.452876 0.668920
v -0.179747 -0.469986 0.670105
v -0.179601 -0.486593 0.670551
v 0.022219 -0.455047 0.656374
v 0.022566 -0.471621 0.657554
v 0.022696 -0.487764 0.657999
v -0.459740 -0.299896 0.502672
v -0.439842 -0.326969 0.553049
v -0.419615 -0.346202 0.602412
v -0.421000 -0.301652 0.495328
v -0.400986 -0.328472 0.547190
v -0.380688 -0.347439 0.598062
v -0.259160 -0.310771 0.461325
v -0.238522 -0.336520 0.520200
v -0.217636 -0.354197 0.578334
v -0.059077 -0.322340 0.418089
v -0.037573 -0.346792 0.485820
v -0.015818 -0.362819 0.553208
v -0.493905 -0.070882 0.414893
v -0.492014 -0.139750 0.419513
v -0.486775 -0.203921 0.432649
v -0.455385 -0.071421 0.404672
v -0.453502 -0.140824 0.409450
v -0.448259 -0.205489 0.423049
v -0.294868 -0.074320 0.357670
v -0.292931 -0.146510 0.363172
v -0.287498 -0.213579 0.378854
v -0.096595 -0.078061 0.298224
v -0.094566 -0.153793 0.304632
v -0.088842 -0.223854 0.322913
v -0.190362 -0.384505 0.645821
v -0.185055 -0.399675 0.656544
v -0.182273 -0.416650 0.662908
v 0.012356 -0.391005 0.632341
v 0.017613 -0.405053 0.643956
v 0.020278 -0.420566 0.650416
v -0.392950 -0.378301 0.659201
v -0.387605 -0.394703 0.669209
v -0.384694 -0.413122 0.675488
v -0.353962 -0.379280 0.656636
v -0.348602 -0.395457 0.666739
v -0.345712 -0.413632 0.673028
v 0.174373 -0.395488 0.621504
v 0.179491 -0.408789 0.633855
v 0.181995 -0.423245 0.640383
v 0.212116 -0.395971 0.618913
v 0.217031 -0.409181 0.631457
v 0.219376 -0.423470 0.638011
v 0.129532 0.275166 0.296301
v 0.138176 0.303383 0.326557
v 0.138340 -0.303265 0.327136
v 0.129532 -0.275166 0.296301
v 0.146520 0.321079 0.355843
v 0.157375 0.337998 0.393792
v 0.119158 0.211977 0.260247
v 0.124418 0.249992 0.278468
v 0.087810 0.302236 0.337886
v 0.079052 0.273671 0.307969
v 0.125724 0.303398 0.329093
v 0.117044 0.275104 0.298915
v 0.159377 -0.340113 0.400768
v 0.147650 -0.322752 0.359791
v 0.123718 -0.244927 0.276040
v 0.119158 -0.211977 0.260247
v 0.079052 -0.273671 0.307969
v 0.087960 -0.302083 0.338395
v 0.061724 -0.290042 0.325335
v 0.117044 -0.275104 0.298915
v 0.125886 -0.303274 0.329658
v 0.074042 0.248893 0.290815
v 0.068795 0.210710 0.272893
v 0.111943 0.249986 0.281215
v 0.106684 0.211932 0.263064
v 0.107132 0.336981 0.403625
v 0.096027 0.319651 0.365912
v 0.144991 0.338051 0.396012
v 0.134061 0.321045 0.358117
v 0.068795 -0.210711 0.272893
v 0.073343 -0.243805 0.288427
v 0.049763 -0.230418 0.284460
v 0.106684 -0.211932 0.263064
v 0.111242 -0.244915 0.278796
v 0.097178 -0.321361 0.369820
v 0.109130 -0.339105 0.410384
v 0.080212 -0.329631 0.388252
v 0.135198 -0.322726 0.362056
v 0.146997 -0.340168 0.402943
v 0.141024 0.282335 0.340931
v 0.133607 0.258416 0.315291
v 0.133607 -0.258416 0.315291
v 0.141025 -0.282335 0.340931
v 0.158343 0.313433 0.400812
v 0.149041 0.299089 0.368645
v 0.128974 0.235804 0.299275
v 0.124504 0.203576 0.283826
v 0.121520 0.258376 0.317840
v 0.128968 0.282364 0.343410
v 0.149041 -0.299089 0.368645
v 0.158343 -0.313433 0.400812
v 0.124504 -0.203576 0.283826
v 0.128974 -0.235804 0.299275
v 0.128968 -0.282364 0.343410
v 0.121520 -0.258376 0.317840
v 0.112409 0.203541 0.286558
v 0.116890 0.235803 0.301942
v 0.136965 0.299069 0.370868
v 0.146317 0.313489 0.402992
v 0.116890 -0.235803 0.301942
v 0.112409 -0.203541 0.286558
v 0.146317 -0.313489 0.402992
v 0.136965 -0.299069 0.370868
v 0.619470 0.000320 1.141799
v 0.404018 -0.004583 1.054624
v 0.234367 -0.003140 0.728670
v 0.553474 0.005155 1.150465
v 0.035808 -0.001527 0.387951
v 0.119582 -0.003385 0.558929
v 0.255301 0.334832 0.808075
v 0.430282 0.299620 1.070089
v 0.518794 0.252629 1.155892
v 0.238594 0.168791 0.765506
v 0.413342 0.152183 1.069946
v 0.538754 0.145627 1.152990
v 0.052046 0.270238 0.422734
v 0.038755 0.147623 0.404227
v 0.122634 0.163806 0.594955
v 0.132020 0.317743 0.637163
v 0.309650 0.344126 0.788230
v 0.487148 0.308011 1.040763
v 0.568531 0.264317 1.140127
v 0.606281 0.149334 1.142158
v 0.099944 0.275307 0.405856
v 0.184892 0.327972 0.624179
v 0.256308 -0.331552 0.806883
v 0.430276 -0.297954 1.070341
v 0.518616 -0.251528 1.157133
v 0.235980 -0.177595 0.765732
v 0.410485 -0.155664 1.066767
v 0.536130 -0.141338 1.153013
v 0.051272 -0.269576 0.422395
v 0.036387 -0.149104 0.401730
v 0.118093 -0.169539 0.587654
v 0.133492 -0.318790 0.639461
v 0.310229 -0.343761 0.788482
v 0.487132 -0.308000 1.040093
v 0.568446 -0.264500 1.140113
v 0.607044 -0.148887 1.142337
v 0.099940 -0.275189 0.405951
v 0.185740 -0.328860 0.625537
v 0.087074 0.000153 0.309626
v 0.068380 -0.000867 0.466426
v 0.016922 0.000555 0.335144
v 0.170107 -0.004026 0.642943
v 0.508413 0.006581 1.126179
v 0.342234 -0.007322 0.879902
v 0.032353 0.235785 0.356057
v 0.487700 0.270195 1.134404
v 0.402962 0.065600 1.059769
v 0.497322 0.148492 1.129947
v 0.221067 0.082568 0.749152
v 0.172918 0.168752 0.678066
v 0.233935 0.260605 0.792476
v 0.418415 0.246569 1.078848
v 0.528699 0.203847 1.157684
v 0.550361 0.066132 1.155906
v 0.086087 0.300928 0.528527
v 0.015838 0.130788 0.338374
v 0.039599 0.209133 0.415222
v 0.030014 0.065682 0.385031
v 0.074793 0.159880 0.489644
v 0.190426 0.333149 0.728152
v 0.108992 0.074188 0.578900
v 0.113661 0.250808 0.621054
v 0.356023 0.315436 0.944882
v 0.336034 0.160656 0.903008
v 0.076886 0.239124 0.339563
v 0.545052 0.284898 1.111624
v 0.588707 0.219427 1.141859
v 0.616887 0.072675 1.142620
v 0.136489 0.306007 0.513206
v 0.244248 0.342794 0.711820
v 0.410804 0.327397 0.929692
v 0.032695 -0.234797 0.356810
v 0.487812 -0.272107 1.138436
v 0.402277 -0.086759 1.059808
v 0.499148 -0.140015 1.133292
v 0.227172 -0.075483 0.741626
v 0.172971 -0.177029 0.677181
v 0.235048 -0.255028 0.791279
v 0.420633 -0.243568 1.073998
v 0.525071 -0.206043 1.158185
v 0.550972 -0.070497 1.156072
v 0.086674 -0.300622 0.528654
v 0.016262 -0.131953 0.340647
v 0.040208 -0.206390 0.414493
v 0.031793 -0.060109 0.386409
v 0.067572 -0.158799 0.489288
v 0.192327 -0.331742 0.725910
v 0.106713 -0.074945 0.573231
v 0.111750 -0.251882 0.618854
v 0.354016 -0.309631 0.945442
v 0.334300 -0.166682 0.905811
v 0.076984 -0.238755 0.339816
v 0.545098 -0.284956 1.111768
v 0.589694 -0.220536 1.141884
v 0.617055 -0.073532 1.142512
v 0.136859 -0.306226 0.514324
v 0.243664 -0.342687 0.710728
v 0.411064 -0.327181 0.929238
v 0.486653 0.216261 1.138775
v 0.014567 0.063518 0.332405
v 0.170043 0.256619 0.713312
v 0.338421 0.248153 0.931113
v 0.020848 0.190349 0.350240
v 0.058580 0.067126 0.471273
v 0.160026 0.076823 0.660138
v 0.069771 0.226743 0.515369
v 0.503622 0.067280 1.131750
v 0.340390 0.073165 0.889321
v 0.486649 -0.213954 1.138583
v 0.014572 -0.062999 0.332095
v 0.169877 -0.260249 0.707787
v 0.336488 -0.249447 0.938400
v 0.021746 -0.188596 0.352271
v 0.054863 -0.069617 0.467459
v 0.160505 -0.074947 0.658755
v 0.064287 -0.231573 0.511860
v 0.505306 -0.074795 1.135903
v 0.336201 -0.088512 0.885950
v 0.287456 -0.001154 0.809310
v 0.305267 0.325782 0.877228
v 0.289785 0.163201 0.838063
v 0.359266 0.336697 0.854503
v 0.306397 -0.324562 0.877238
v 0.289842 -0.171004 0.838337
v 0.358284 -0.337517 0.856096
v 0.290186 0.254206 0.867719
v 0.279085 0.083222 0.836302
v 0.291000 -0.250805 0.870649
v 0.280093 -0.077245 0.825992
v 0.600150 0.001229 1.167237
v 0.037969 0.000041 0.282097
v 0.043416 0.214497 0.315624
v 0.277737 0.371899 0.805284
v 0.453767 0.331890 1.058213
v 0.546703 0.269019 1.157205
v 0.038118 0.118751 0.287045
v 0.585588 0.144136 1.167220
v 0.075307 0.302551 0.418529
v 0.155595 0.358463 0.639835
v 0.043478 -0.214206 0.316052
v 0.278458 -0.372389 0.804905
v 0.454673 -0.332676 1.057913
v 0.546886 -0.269307 1.157494
v 0.038147 -0.118781 0.287170
v 0.588015 -0.142355 1.168542
v 0.075329 -0.302555 0.418634
v 0.156489 -0.358958 0.641468
v 0.053814 0.259614 0.348825
v 0.512122 0.304541 1.128680
v 0.039351 0.169217 0.297946
v 0.570323 0.210438 1.165270
v 0.599718 0.069365 1.169085
v 0.109687 0.335805 0.527811
v 0.213737 0.372709 0.727166
v 0.378631 0.351835 0.946669
v 0.037876 0.061184 0.282505
v 0.053856 -0.259395 0.348937
v 0.512266 -0.305450 1.128742
v 0.039478 -0.169116 0.298516
v 0.570846 -0.212828 1.166274
v 0.599726 -0.069984 1.168786
v 0.110151 -0.335927 0.528808
v 0.214094 -0.370121 0.725707
v 0.379545 -0.351874 0.946914
v 0.037828 -0.061248 0.282327
v 0.328980 0.365471 0.873186
v 0.329999 -0.363551 0.872536
v 0.290663 0.000192 0.672868
v 0.358940 -0.000102 0.755527
v 0.586766 -0.000021 1.081460
v 0.614495 0.000201 1.124355
v 0.108724 0.000321 0.355590
v 0.156392 0.000150 0.454226
v 0.220094 -0.000170 0.574917
v 0.456353 -0.002973 0.891464
v 0.523303 -0.001450 0.993588
v 0.051866 -0.001236 0.424994
v 0.094891 -0.001748 0.513726
v 0.014935 0.000372 0.317098
v 0.024732 0.000134 0.359698
v 0.143793 -0.004003 0.602406
v 0.200542 -0.003875 0.685474
v 0.532707 0.006269 1.138976
v 0.469845 0.007506 1.105526
v 0.345357 -0.015124 0.957642
v 0.260640 -0.001617 0.769207
v 0.040116 0.253065 0.383910
v 0.028694 0.219934 0.337892
v 0.506680 0.259943 1.149223
v 0.463658 0.283290 1.109905
v 0.407978 0.025420 1.057968
v 0.408631 0.115831 1.062835
v 0.468263 0.149098 1.113648
v 0.519517 0.147455 1.142961
v 0.231514 0.013305 0.735731
v 0.232957 0.148542 0.758404
v 0.150412 0.166045 0.645026
v 0.206979 0.169907 0.723759
v 0.242033 0.302564 0.800367
v 0.237046 0.195980 0.779272
v 0.423524 0.277187 1.074596
v 0.412762 0.204642 1.080636
v 0.533936 0.170734 1.153961
v 0.521866 0.234519 1.158737
v 0.551737 0.028102 1.149973
v 0.545251 0.110653 1.154065
v 0.107968 0.309013 0.584672
v 0.067075 0.287350 0.472235
v 0.014452 0.125129 0.320125
v 0.023993 0.138959 0.366798
v 0.044319 0.244498 0.419245
v 0.039596 0.171020 0.411025
v 0.032954 0.025371 0.388338
v 0.032811 0.109364 0.392022
v 0.054340 0.153320 0.444468
v 0.096566 0.163567 0.544979
v 0.226269 0.334900 0.766916
v 0.159633 0.327018 0.684605
v 0.113344 0.016833 0.564750
v 0.115962 0.140616 0.589423
v 0.121896 0.293470 0.628863
v 0.118436 0.190538 0.607655
v 0.389732 0.311552 1.011328
v 0.282320 0.331333 0.844447
v 0.317572 0.156739 0.873682
v 0.348516 0.161951 0.980842
v 0.086915 0.257309 0.366822
v 0.069180 0.222530 0.322868
v 0.561062 0.274148 1.130688
v 0.520453 0.295832 1.082224
v 0.597412 0.186421 1.141942
v 0.578310 0.247912 1.141441
v 0.618239 0.034872 1.142199
v 0.612838 0.111063 1.142495
v 0.158975 0.318049 0.570670
v 0.116581 0.291688 0.456454
v 0.278182 0.344737 0.750514
v 0.212137 0.337135 0.670355
v 0.446660 0.320502 0.985342
v 0.336167 0.341054 0.822388
v 0.040262 -0.251749 0.384491
v 0.028854 -0.219027 0.338890
v 0.506835 -0.260183 1.152258
v 0.462633 -0.284428 1.111639
v 0.401799 -0.045046 1.055135
v 0.410085 -0.130315 1.061276
v 0.463956 -0.146739 1.113890
v 0.518159 -0.140103 1.142862
v 0.229256 -0.022779 0.731436
v 0.228440 -0.145734 0.756865
v 0.143201 -0.173890 0.632631
v 0.204543 -0.180103 0.722264
v 0.245548 -0.306197 0.801204
v 0.236267 -0.198451 0.777306
v 0.422639 -0.270609 1.073501
v 0.416618 -0.203003 1.075215
v 0.531462 -0.170547 1.154835
v 0.520836 -0.233162 1.158782
v 0.554634 -0.029568 1.155542
v 0.545135 -0.105061 1.156171
v 0.109843 -0.310502 0.587384
v 0.066863 -0.287853 0.472114
v 0.014880 -0.125853 0.321715
v 0.024400 -0.140561 0.367876
v 0.043201 -0.242709 0.418594
v 0.039170 -0.173262 0.410792
v 0.035642 -0.027670 0.387739
v 0.029557 -0.113880 0.391374
v 0.050406 -0.156224 0.442194
v 0.091626 -0.164028 0.540745
v 0.224205 -0.331157 0.766458
v 0.162329 -0.325437 0.685880
v 0.116418 -0.019109 0.563531
v 0.109464 -0.144124 0.579698
v 0.122965 -0.295196 0.629732
v 0.117641 -0.188083 0.603793
v 0.389586 -0.313358 1.009575
v 0.282888 -0.329888 0.842494
v 0.315850 -0.168277 0.872943
v 0.359819 -0.163588 0.985306
v 0.087095 -0.256917 0.366924
v 0.069221 -0.222231 0.323209
v 0.561040 -0.274111 1.130780
v 0.520435 -0.295946 1.082451
v 0.599258 -0.186372 1.142180
v 0.577902 -0.247973 1.141766
v 0.619655 -0.036428 1.142256
v 0.612984 -0.110950 1.142383
v 0.160046 -0.318566 0.572410
v 0.116915 -0.291879 0.456697
v 0.277946 -0.344531 0.749848
v 0.213539 -0.336418 0.672098
v 0.446617 -0.319076 0.984301
v 0.336664 -0.340856 0.823149
v 0.493965 0.174855 1.135152
v 0.509320 0.207372 1.150786
v 0.484785 0.247038 1.137406
v 0.459986 0.228982 1.117343
v 0.020637 0.064912 0.356191
v 0.014790 0.096884 0.334020
v 0.013661 0.062441 0.315340
v 0.015318 0.029840 0.333277
v 0.141119 0.254425 0.667688
v 0.172068 0.198836 0.693247
v 0.204235 0.261411 0.757201
v 0.179987 0.303516 0.722519
v 0.336485 0.202525 0.919324
v 0.367053 0.254250 1.003529
v 0.347021 0.287064 0.941208
v 0.321092 0.247945 0.903019
v 0.018757 0.180772 0.331133
v 0.018962 0.160515 0.345351
v 0.028052 0.199946 0.377977
v 0.025445 0.216225 0.353876
v 0.080046 0.073221 0.527744
v 0.064487 0.135148 0.480870
v 0.041833 0.064408 0.424936
v 0.064805 0.017418 0.468280
v 0.189896 0.075925 0.707466
v 0.169206 0.147235 0.670662
v 0.134203 0.074173 0.622529
v 0.164487 0.020050 0.648882
v 0.052467 0.215747 0.458506
v 0.073109 0.178701 0.502852
v 0.090344 0.242337 0.568596
v 0.075812 0.278365 0.522985
v 0.086783 0.083558 0.310742
v 0.083804 0.208189 0.329454
v 0.086636 0.149936 0.317350
v 0.466698 0.064415 1.113109
v 0.507285 0.027870 1.126377
v 0.528249 0.066594 1.145070
v 0.500470 0.115288 1.130732
v 0.319223 0.076846 0.872230
v 0.343365 0.027673 0.883746
v 0.348222 0.067036 0.962662
v 0.337204 0.119450 0.894190
v 0.458126 -0.224744 1.115020
v 0.484741 -0.243133 1.139728
v 0.506846 -0.208672 1.151114
v 0.494060 -0.179455 1.135869
v 0.016063 -0.029643 0.334113
v 0.013741 -0.062219 0.315251
v 0.014489 -0.098272 0.334082
v 0.020874 -0.062760 0.355689
v 0.180031 -0.306223 0.718892
v 0.210038 -0.255771 0.755790
v 0.177775 -0.196310 0.692902
v 0.141307 -0.255624 0.667982
v 0.323150 -0.245987 0.908947
v 0.345615 -0.284448 0.943192
v 0.366311 -0.253465 1.008151
v 0.331724 -0.206520 0.924071
v 0.025904 -0.214684 0.355169
v 0.028933 -0.197635 0.379506
v 0.019065 -0.161000 0.348453
v 0.019346 -0.179832 0.333331
v 0.064090 -0.019189 0.466796
v 0.043533 -0.061945 0.422844
v 0.060747 -0.138633 0.480348
v 0.079223 -0.073669 0.525618
v 0.167641 -0.022220 0.646253
v 0.132252 -0.075853 0.617616
v 0.163525 -0.147507 0.668432
v 0.193511 -0.074912 0.702706
v 0.074851 -0.275429 0.520885
v 0.084533 -0.243096 0.570857
v 0.065967 -0.175146 0.501773
v 0.049629 -0.216227 0.455829
v 0.086810 -0.083757 0.310668
v 0.086756 -0.149914 0.318095
v 0.083933 -0.207742 0.330031
v 0.500789 -0.118822 1.133814
v 0.528626 -0.071795 1.146201
v 0.506838 -0.028644 1.131532
v 0.464865 -0.077624 1.114698
v 0.334463 -0.128754 0.894486
v 0.350393 -0.088492 0.960732
v 0.340115 -0.043765 0.882108
v 0.322086 -0.082585 0.866538
v 0.411030 -0.001509 0.825077
v 0.322300 -0.003475 0.854964
v 0.334271 0.318598 0.913957
v 0.266340 0.165813 0.803274
v 0.382729 0.332277 0.889902
v 0.334774 -0.313660 0.915058
v 0.265935 -0.174134 0.805289
v 0.383356 -0.332421 0.888689
v 0.262959 0.258229 0.833633
v 0.249215 0.083858 0.794901
v 0.262387 -0.254683 0.832620
v 0.253336 -0.076502 0.786174
v 0.283314 -0.021079 0.814761
v 0.283716 -0.141023 0.833226
v 0.296802 -0.298611 0.876473
v 0.289389 -0.195152 0.853655
v 0.284582 0.017559 0.817106
v 0.286696 0.142098 0.836217
v 0.296218 0.293323 0.874093
v 0.287337 0.194411 0.852627
v 0.078191 0.300815 0.417956
v 0.056859 0.258256 0.348665
v 0.062955 0.281861 0.378101
v 0.073092 0.300292 0.419863
v 0.051593 0.257892 0.350632
v 0.041291 0.213553 0.317867
v 0.047516 0.237006 0.329017
v 0.046580 0.213846 0.315915
v 0.549302 0.268852 1.154958
v 0.514863 0.303558 1.126821
v 0.531450 0.289324 1.146869
v 0.543580 0.267239 1.156604
v 0.509658 0.302163 1.128721
v 0.451609 0.329462 1.058604
v 0.487024 0.319270 1.100712
v 0.456451 0.330839 1.056658
v 0.040849 0.192154 0.305684
v 0.037181 0.168812 0.300462
v 0.035869 0.118547 0.289611
v 0.038531 0.144853 0.291745
v 0.588134 0.144317 1.164847
v 0.572659 0.210829 1.162858
v 0.577546 0.177798 1.165553
v 0.581460 0.144045 1.165890
v 0.566729 0.209485 1.164180
v 0.559913 0.242926 1.163309
v 0.602743 0.001033 1.164723
v 0.602177 0.069411 1.166264
v 0.600210 0.032640 1.167136
v 0.596172 0.001452 1.165806
v 0.595933 0.069084 1.168124
v 0.594759 0.105979 1.169028
v 0.158452 0.356833 0.638854
v 0.112505 0.334045 0.527006
v 0.130949 0.348219 0.585949
v 0.153568 0.355708 0.640570
v 0.107599 0.333272 0.528749
v 0.091061 0.320584 0.470184
v 0.280484 0.370359 0.803814
v 0.216715 0.370846 0.725824
v 0.245217 0.372313 0.765786
v 0.275777 0.368685 0.805807
v 0.211695 0.369867 0.727824
v 0.183439 0.366557 0.685915
v 0.381493 0.350815 0.945094
v 0.416992 0.345108 1.003609
v 0.376268 0.348925 0.946572
v 0.326930 0.362590 0.873831
v 0.352744 0.358566 0.908043
v 0.331676 0.363912 0.871306
v 0.037921 0.090747 0.284004
v 0.035587 0.061047 0.285118
v 0.035697 0.000033 0.284840
v 0.037908 0.030771 0.282055
v 0.046645 -0.213546 0.316359
v 0.056920 -0.258027 0.348778
v 0.047542 -0.236712 0.329297
v 0.041371 -0.213183 0.318403
v 0.051662 -0.257597 0.350788
v 0.073105 -0.300327 0.419966
v 0.063103 -0.281795 0.378079
v 0.078214 -0.300851 0.418034
v 0.457289 -0.331484 1.056192
v 0.514879 -0.304136 1.126700
v 0.487148 -0.319849 1.100778
v 0.452422 -0.330634 1.058707
v 0.509777 -0.303476 1.129180
v 0.543713 -0.267694 1.157126
v 0.531581 -0.289533 1.147084
v 0.549407 -0.268988 1.155100
v 0.038701 -0.144869 0.292055
v 0.035906 -0.118586 0.289769
v 0.037350 -0.168683 0.301181
v 0.040966 -0.191902 0.306259
v 0.573452 -0.213136 1.163428
v 0.559629 -0.243542 1.163355
v 0.566998 -0.211818 1.165630
v 0.583937 -0.142072 1.167452
v 0.579159 -0.177746 1.167002
v 0.590533 -0.142634 1.166031
v 0.602187 -0.070158 1.166164
v 0.595093 -0.105289 1.169076
v 0.595884 -0.070006 1.167666
v 0.601966 -0.033937 1.168776
v 0.112959 -0.334153 0.527950
v 0.091131 -0.320515 0.470626
v 0.108020 -0.333257 0.529706
v 0.154592 -0.356119 0.642354
v 0.131811 -0.348051 0.587623
v 0.159296 -0.357275 0.640383
v 0.216608 -0.368149 0.724657
v 0.183284 -0.367059 0.686325
v 0.212128 -0.367085 0.726186
v 0.276639 -0.368939 0.805372
v 0.247551 -0.372979 0.767016
v 0.281084 -0.370908 0.803457
v 0.333135 -0.361284 0.871182
v 0.382806 -0.351874 0.944981
v 0.353277 -0.358093 0.908382
v 0.327593 -0.360902 0.872873
v 0.376849 -0.348813 0.947399
v 0.416085 -0.344554 1.002656
v 0.037925 -0.030683 0.281982
v 0.035531 -0.061116 0.284916
v 0.037995 -0.090822 0.283890
v 0.305225 0.369852 0.840266
v 0.305361 -0.369190 0.839682
v 0.572042 0.003416 1.157912
v 0.571512 -0.070195 1.161789
v 0.614448 0.000774 1.152967
v 0.612588 0.070134 1.153116
v 0.571128 0.067084 1.162268
v 0.612893 -0.072102 1.153577
v 0.021179 -0.061226 0.299766
v 0.021681 0.000035 0.300597
v 0.021207 0.061250 0.299966
v 0.030448 0.209281 0.326854
v 0.024520 0.171454 0.314851
v 0.040683 0.247335 0.355627
v 0.061277 0.211068 0.315441
v 0.069347 0.249429 0.344950
v 0.314706 0.344024 0.877003
v 0.266990 0.352197 0.809099
v 0.297477 0.359132 0.795437
v 0.232242 0.357352 0.718309
v 0.200433 0.351196 0.730078
v 0.345808 0.351460 0.860632
v 0.439372 0.315287 1.063419
v 0.365884 0.331687 0.945321
v 0.495739 0.286875 1.131928
v 0.473935 0.321240 1.047873
v 0.397907 0.341113 0.936885
v 0.531333 0.295506 1.117884
v 0.545861 0.204741 1.160540
v 0.527685 0.258868 1.155767
v 0.562074 0.266769 1.145251
v 0.583861 0.214777 1.151506
v 0.021753 0.120312 0.304410
v 0.556768 0.144268 1.158859
v 0.601089 0.146348 1.153098
v 0.095841 0.316318 0.530496
v 0.061184 0.285561 0.423274
v 0.091322 0.288746 0.412138
v 0.126430 0.320926 0.519874
v 0.141688 0.337059 0.641141
v 0.173388 0.343556 0.630894
v 0.030637 -0.208498 0.327908
v 0.024986 -0.171151 0.316441
v 0.069462 -0.249115 0.345120
v 0.061334 -0.210788 0.315859
v 0.040945 -0.246623 0.356079
v 0.315133 -0.342018 0.874711
v 0.266371 -0.350452 0.807351
v 0.201301 -0.349164 0.727206
v 0.344674 -0.350578 0.863310
v 0.297254 -0.359274 0.794757
v 0.230584 -0.356991 0.717507
v 0.440492 -0.316270 1.065430
v 0.363702 -0.328667 0.947432
v 0.531134 -0.295624 1.117606
v 0.472796 -0.321310 1.046590
v 0.496279 -0.289057 1.134203
v 0.397884 -0.340164 0.935684
v 0.543494 -0.207142 1.161884
v 0.527474 -0.258450 1.156933
v 0.584481 -0.216553 1.151795
v 0.561937 -0.266893 1.145097
v 0.021914 -0.120534 0.305013
v 0.555764 -0.141665 1.160442
v 0.602634 -0.145595 1.153417
v 0.096653 -0.315676 0.531259
v 0.060944 -0.285753 0.423227
v 0.126912 -0.321127 0.520896
v 0.091336 -0.288792 0.412207
v 0.143484 -0.337303 0.643577
v 0.174234 -0.344372 0.632169
v 0.463694 0.187511 1.119731
v 0.515063 0.171719 1.146574
v 0.504698 0.238895 1.151486
v 0.459673 0.259703 1.114470
v 0.021814 0.028376 0.357693
v 0.021952 0.100279 0.359763
v 0.013762 0.094123 0.316754
v 0.014113 0.030283 0.315772
v 0.149086 0.298278 0.676813
v 0.148086 0.194282 0.657040
v 0.205442 0.198084 0.737825
v 0.215744 0.304190 0.765150
v 0.317647 0.199830 0.890528
v 0.352755 0.207847 0.994492
v 0.378663 0.288115 1.010402
v 0.325292 0.286507 0.911020
v 0.022883 0.203470 0.335484
v 0.016790 0.154356 0.326687
v 0.026617 0.167164 0.374257
v 0.032673 0.230475 0.381417
v 0.088467 0.015772 0.516794
v 0.087305 0.139624 0.536822
v 0.046566 0.124860 0.434980
v 0.047894 0.020551 0.425045
v 0.195295 0.016564 0.693190
v 0.201084 0.149543 0.715464
v 0.143001 0.144790 0.636313
v 0.138639 0.018644 0.609721
v 0.057552 0.261796 0.465476
v 0.053732 0.176229 0.454075
v 0.094367 0.184037 0.557798
v 0.098643 0.286988 0.578176
v 0.570212 0.180179 1.084663
v 0.551678 0.252815 1.090030
v 0.579097 0.240331 1.127493
v 0.597390 0.172193 1.125678
v 0.076237 0.080555 0.295347
v 0.107727 0.089087 0.356591
v 0.247730 0.293386 0.682725
v 0.313622 0.297740 0.761385
v 0.336559 0.210856 0.756103
v 0.270020 0.207947 0.675791
v 0.435601 0.202953 0.893616
v 0.415138 0.286058 0.900388
v 0.485486 0.272904 1.004317
v 0.504364 0.193138 0.997982
v 0.581389 0.099346 1.082455
v 0.609666 0.094793 1.124984
v 0.074434 0.195488 0.313383
v 0.101942 0.229704 0.375833
v 0.106575 0.163082 0.364026
v 0.076315 0.142541 0.301685
v 0.153315 0.098903 0.456788
v 0.215124 0.108254 0.577087
v 0.282861 0.114420 0.674319
v 0.351185 0.115991 0.755769
v 0.138313 0.257230 0.474598
v 0.187986 0.278867 0.588481
v 0.206588 0.197313 0.580141
v 0.147969 0.181115 0.463913
v 0.449530 0.110919 0.891714
v 0.516854 0.105673 0.994855
v 0.107343 0.306028 0.462937
v 0.049043 0.266853 0.383840
v 0.291958 0.347961 0.844048
v 0.061188 0.183941 0.304813
v 0.573847 0.244224 1.149840
v 0.514341 0.274179 1.147849
v 0.537481 0.235377 1.160462
v 0.434116 0.332771 0.993492
v 0.035741 0.228433 0.337032
v 0.062532 0.230136 0.327072
v 0.564688 0.108371 1.160938
v 0.061122 0.077541 0.287218
v 0.608596 0.108881 1.153496
v 0.551109 0.172515 1.157919
v 0.021308 0.091423 0.301343
v 0.548874 0.282054 1.135597
v 0.615543 -0.035548 1.153641
v 0.571288 0.029294 1.158273
v 0.076979 0.302363 0.473947
v 0.592320 0.182657 1.152111
v 0.200375 0.351269 0.676834
v 0.117306 0.327516 0.587785
v 0.169319 0.345775 0.687529
v 0.078784 0.269424 0.372779
v 0.323135 0.356027 0.828503
v 0.232655 0.351110 0.765327
v 0.027632 -0.191940 0.322050
v 0.148249 0.333353 0.577459
v 0.471899 0.299754 1.105653
v 0.506858 0.308201 1.088706
v 0.400553 0.326644 1.009119
v 0.265582 0.360071 0.757131
v 0.022750 0.147324 0.309561
v 0.061343 0.135280 0.293241
v 0.027309 0.192693 0.320666
v 0.061157 -0.000172 0.286146
v 0.466952 0.118180 1.112411
v 0.468634 0.028724 1.104928
v 0.531922 0.027675 1.138873
v 0.524995 0.112993 1.143913
v 0.316259 0.128981 0.871714
v 0.320621 0.022176 0.860941
v 0.343766 0.023945 0.957455
v 0.342408 0.108420 0.969553
v 0.461326 -0.191644 1.114966
v 0.456807 -0.256807 1.113796
v 0.504928 -0.235743 1.152710
v 0.514235 -0.172311 1.147113
v 0.024611 -0.028144 0.360185
v 0.014485 -0.030202 0.316165
v 0.013867 -0.094673 0.316844
v 0.020394 -0.103998 0.358692
v 0.151828 -0.301488 0.677678
v 0.215787 -0.306228 0.764095
v 0.210252 -0.197285 0.737509
v 0.144700 -0.193470 0.650109
v 0.317968 -0.199235 0.890394
v 0.327700 -0.286390 0.915345
v 0.376008 -0.284568 1.012176
v 0.351831 -0.212482 1.001505
v 0.023204 -0.202286 0.336995
v 0.032898 -0.228687 0.382461
v 0.027976 -0.166224 0.375786
v 0.016818 -0.154381 0.328115
v 0.091677 -0.017344 0.517469
v 0.048111 -0.024741 0.422173
v 0.042398 -0.127043 0.432510
v 0.081682 -0.142428 0.530429
v 0.198227 -0.022014 0.690091
v 0.141152 -0.021146 0.607360
v 0.133139 -0.145575 0.625795
v 0.196217 -0.146831 0.714849
v 0.055679 -0.260727 0.464877
v 0.097765 -0.288020 0.579880
v 0.090370 -0.179012 0.557017
v 0.051179 -0.176710 0.449879
v 0.570276 -0.180178 1.084774
v 0.598207 -0.172157 1.125725
v 0.579264 -0.240708 1.127479
v 0.551709 -0.252860 1.090210
v 0.108023 -0.089989 0.356639
v 0.076266 -0.080657 0.295223
v 0.076325 -0.000236 0.294194
v 0.248476 -0.293215 0.681604
v 0.269918 -0.207025 0.675176
v 0.336997 -0.210286 0.755344
v 0.313907 -0.297375 0.760951
v 0.436191 -0.204195 0.893396
v 0.504412 -0.193575 0.997934
v 0.485878 -0.272804 1.003904
v 0.416204 -0.286273 0.900292
v 0.581396 -0.099380 1.082381
v 0.609677 -0.094788 1.124987
v 0.074500 -0.195247 0.313865
v 0.076397 -0.142553 0.302067
v 0.106975 -0.162726 0.364980
v 0.102240 -0.228632 0.376344
v 0.215333 -0.109329 0.576389
v 0.152504 -0.100277 0.457108
v 0.351806 -0.116920 0.755093
v 0.283429 -0.115540 0.673644
v 0.138209 -0.256027 0.475362
v 0.147133 -0.180498 0.464587
v 0.205385 -0.196769 0.580512
v 0.188821 -0.278368 0.589549
v 0.449424 -0.114393 0.891449
v 0.516974 -0.107283 0.994829
v 0.107604 -0.306124 0.463206
v 0.061270 -0.183774 0.305292
v 0.035819 -0.227786 0.337738
v 0.170836 -0.343999 0.688280
v 0.573237 -0.245182 1.149223
v 0.433101 -0.332166 0.989809
v 0.472197 -0.302272 1.107187
v 0.021396 -0.091661 0.301278
v 0.062570 -0.229814 0.327399
v 0.061140 -0.077617 0.287074
v 0.023202 -0.147299 0.310512
v 0.291886 -0.346649 0.840751
v 0.608684 -0.108428 1.153737
v 0.514558 -0.275164 1.149529
v 0.549204 -0.282245 1.135893
v 0.077419 -0.303051 0.474749
v 0.613628 0.033560 1.152372
v 0.549804 -0.171704 1.160140
v 0.594054 -0.182644 1.152856
v 0.021575 -0.030270 0.300112
v 0.202304 -0.351692 0.677879
v 0.049169 -0.266171 0.384093
v 0.078911 -0.269227 0.372807
v 0.370532 0.345664 0.896149
v 0.323325 -0.355862 0.829527
v 0.119638 -0.326007 0.590391
v 0.149285 -0.333830 0.579038
v 0.399117 -0.328472 1.004444
v 0.506924 -0.308099 1.089191
v 0.232681 -0.351176 0.767496
v 0.264562 -0.360127 0.756269
v 0.536279 -0.235514 1.160373
v 0.061423 -0.135302 0.293492
v 0.021356 0.030454 0.299916
v 0.566798 -0.103215 1.162903
v 0.467099 -0.125669 1.112870
v 0.521335 -0.112474 1.144540
v 0.531843 -0.028886 1.144204
v 0.466076 -0.031013 1.109612
v 0.317233 -0.132812 0.867293
v 0.357280 -0.130539 0.972138
v 0.342432 -0.052943 0.957741
v 0.320862 -0.030491 0.861343
v 0.256779 -0.020310 0.774363
v 0.257113 -0.144312 0.798317
v 0.370133 -0.346498 0.895949
v 0.403714 -0.115848 0.824126
v 0.367637 -0.293242 0.830769
v 0.388769 -0.208071 0.824950
v 0.271108 -0.304831 0.839311
v 0.266751 -0.195800 0.818428
v 0.255888 0.015614 0.777195
v 0.262072 0.148340 0.799901
v 0.341934 -0.333365 0.913023
v 0.341807 0.336351 0.912910
v 0.403632 0.114235 0.824836
v 0.367435 0.293288 0.830893
v 0.389132 0.207874 0.825597
v 0.270860 0.299691 0.840221
v 0.262779 0.192632 0.816531
v 0.065917 0.280261 0.377715
v 0.060717 0.279832 0.379665
v 0.045349 0.235671 0.331056
v 0.050623 0.235992 0.329095
v 0.534134 0.288592 1.144656
v 0.528530 0.287296 1.146733
v 0.484580 0.316758 1.101282
v 0.489793 0.317999 1.098728
v 0.043366 0.180431 0.302314
v 0.038718 0.191528 0.308090
v 0.036316 0.144575 0.294309
v 0.041663 0.131768 0.290031
v 0.579958 0.178480 1.163349
v 0.573780 0.176774 1.164088
v 0.556526 0.241652 1.162680
v 0.562409 0.243013 1.160722
v 0.602692 0.032750 1.164389
v 0.596100 0.032230 1.166117
v 0.590707 0.105857 1.167917
v 0.597232 0.106274 1.166425
v 0.133823 0.346574 0.585121
v 0.128983 0.345526 0.586872
v 0.088895 0.318166 0.471296
v 0.093882 0.318797 0.469458
v 0.248009 0.370849 0.764445
v 0.242842 0.368908 0.765866
v 0.181310 0.363698 0.686566
v 0.186613 0.364570 0.684564
v 0.419956 0.343406 1.001845
v 0.414680 0.342558 1.004470
v 0.351001 0.355499 0.908733
v 0.355437 0.357463 0.906397
v 0.041246 0.075964 0.283959
v 0.035646 0.090574 0.286585
v 0.035613 0.030685 0.284721
v 0.050654 -0.235687 0.329388
v 0.045381 -0.235306 0.331412
v 0.060847 -0.279723 0.379667
v 0.066055 -0.280204 0.377688
v 0.489931 -0.318412 1.098820
v 0.484767 -0.317529 1.101459
v 0.528747 -0.287641 1.147098
v 0.534234 -0.288742 1.144845
v 0.041762 -0.131795 0.290248
v 0.036520 -0.144601 0.294713
v 0.038871 -0.191202 0.308817
v 0.043489 -0.180253 0.302888
v 0.562191 -0.243707 1.160786
v 0.556008 -0.242078 1.162603
v 0.575141 -0.176354 1.166055
v 0.581515 -0.178574 1.164548
v 0.597505 -0.105703 1.166484
v 0.591356 -0.104767 1.167990
v 0.598243 -0.033424 1.167735
v 0.604291 -0.034286 1.166223
v 0.093980 -0.318783 0.469848
v 0.088977 -0.317994 0.471866
v 0.129702 -0.344837 0.588501
v 0.134635 -0.346370 0.586659
v 0.186102 -0.365382 0.685137
v 0.181260 -0.363992 0.687046
v 0.245916 -0.369949 0.767761
v 0.249794 -0.371139 0.765768
v 0.356290 -0.357545 0.906606
v 0.351231 -0.354851 0.909120
v 0.412782 -0.342248 1.003499
v 0.419519 -0.344258 1.000730
v 0.041279 -0.000143 0.282881
v 0.035654 -0.030575 0.284686
v 0.035719 -0.090663 0.286449
v 0.041258 -0.076037 0.283802
v 0.303304 0.367027 0.840734
v 0.307910 0.368397 0.838604
v 0.308034 -0.367397 0.838153
v 0.303215 -0.366177 0.840012
v 0.574214 -0.030933 1.161824
v 0.095185 -0.218339 0.302739
v 0.322809 -0.367366 0.787062
v 0.502529 -0.320782 1.061359
v 0.582459 -0.273861 1.150260
v 0.124873 -0.309402 0.397770
v 0.200503 -0.354959 0.626339
v 0.113366 -0.288894 0.358928
v 0.104886 -0.271272 0.336336
v 0.098936 -0.239674 0.314896
v 0.569345 -0.289116 1.143357
v 0.553594 -0.300553 1.129604
v 0.532295 -0.310307 1.103933
v 0.090925 -0.091303 0.272913
v 0.090925 -0.031306 0.271582
v 0.093809 -0.202477 0.297886
v 0.091437 -0.167313 0.285565
v 0.091980 -0.153056 0.279667
v 0.618889 -0.193747 1.157944
v 0.607667 -0.225192 1.156758
v 0.588833 -0.263065 1.152257
v 0.642199 -0.041265 1.156345
v 0.635112 -0.121291 1.157745
v 0.178051 -0.346965 0.572680
v 0.157631 -0.337496 0.511502
v 0.139739 -0.325369 0.450600
v 0.284409 -0.369906 0.738998
v 0.252276 -0.367694 0.702067
v 0.224834 -0.362216 0.667452
v 0.462661 -0.333592 0.999469
v 0.416212 -0.347187 0.926151
v 0.367992 -0.359225 0.851862
v 0.575800 -0.217738 1.114880
v 0.549841 -0.288273 1.116462
v 0.606717 -0.195669 1.145649
v 0.595348 -0.229121 1.145527
v 0.575965 -0.274642 1.144019
v 0.104766 -0.050985 0.311967
v 0.094321 -0.048233 0.283177
v 0.104659 -0.119424 0.316014
v 0.094444 -0.110634 0.286332
v 0.238886 -0.340565 0.673537
v 0.311366 -0.345736 0.762969
v 0.263280 -0.249585 0.670042
v 0.340800 -0.253437 0.762778
v 0.429434 -0.244044 0.888139
v 0.399912 -0.331541 0.888847
v 0.517548 -0.228919 1.027506
v 0.489933 -0.307768 1.029864
v 0.594433 -0.142563 1.112172
v 0.622798 -0.121705 1.144095
v 0.603059 -0.062127 1.109026
v 0.629494 -0.041290 1.141927
v 0.098091 -0.225668 0.310666
v 0.108403 -0.259412 0.341579
v 0.095454 -0.169123 0.295551
v 0.105867 -0.188879 0.326299
v 0.196964 -0.062031 0.518754
v 0.137928 -0.055903 0.391776
v 0.191483 -0.145847 0.521860
v 0.136035 -0.132310 0.396032
v 0.374576 -0.069119 0.763016
v 0.291920 -0.068040 0.667058
v 0.362952 -0.161278 0.762799
v 0.281872 -0.158785 0.667782
v 0.132657 -0.296421 0.420358
v 0.170832 -0.320231 0.539346
v 0.134167 -0.212725 0.406026
v 0.182310 -0.232038 0.529061
v 0.451176 -0.155979 0.887177
v 0.537388 -0.147898 1.024611
v 0.461991 -0.067026 0.886137
v 0.546622 -0.063967 1.021694
v 0.119140 -0.220760 0.290814
v 0.342807 -0.374289 0.772673
v 0.523396 -0.329123 1.049159
v 0.599941 -0.281038 1.133039
v 0.149146 -0.310897 0.389868
v 0.222243 -0.360825 0.614100
v 0.137507 -0.289999 0.350570
v 0.128690 -0.272512 0.327063
v 0.122010 -0.241607 0.303980
v 0.587619 -0.296698 1.127109
v 0.573128 -0.308687 1.115218
v 0.552670 -0.318655 1.090922
v 0.587823 -0.043300 1.037383
v 0.581134 -0.129243 1.040565
v 0.416664 -0.046872 0.772038
v 0.407541 -0.140924 0.772059
v 0.115447 -0.091731 0.265686
v 0.115411 -0.031369 0.264222
v 0.117936 -0.204809 0.286269
v 0.116759 -0.177553 0.278186
v 0.116019 -0.154368 0.271028
v 0.350690 -0.351393 0.772654
v 0.377910 -0.266670 0.772417
v 0.530607 -0.310169 1.048489
v 0.555372 -0.239085 1.045634
v 0.637058 -0.199157 1.140781
v 0.620936 -0.240586 1.138426
v 0.606344 -0.270108 1.135010
v 0.661363 -0.042253 1.139441
v 0.653984 -0.124421 1.140772
v 0.201144 -0.351900 0.562809
v 0.181458 -0.341148 0.502937
v 0.163930 -0.327769 0.442656
v 0.148946 -0.290472 0.385730
v 0.148298 -0.216107 0.371314
v 0.149701 -0.036626 0.353426
v 0.148622 -0.110979 0.356824
v 0.303390 -0.376317 0.723092
v 0.270975 -0.373860 0.685753
v 0.244712 -0.368383 0.652524
v 0.271407 -0.044929 0.597884
v 0.264738 -0.135127 0.599279
v 0.227357 -0.338556 0.612290
v 0.244943 -0.256364 0.605761
v 0.483740 -0.341746 0.987515
v 0.437258 -0.355023 0.913925
v 0.388738 -0.366655 0.838882
v 0.583706 -0.233184 1.087847
v 0.559665 -0.300742 1.090355
v 0.603426 -0.228440 1.113844
v 0.579937 -0.292042 1.115039
v 0.617339 -0.224052 1.128994
v 0.594256 -0.282095 1.127729
v 0.133518 -0.034910 0.314616
v 0.123905 -0.033526 0.290037
v 0.118669 -0.032370 0.275026
v 0.133147 -0.105374 0.317864
v 0.123872 -0.100426 0.292855
v 0.118731 -0.095936 0.277228
v 0.250980 -0.345826 0.651421
v 0.278074 -0.350978 0.685206
v 0.311021 -0.353257 0.722922
v 0.272603 -0.262413 0.647453
v 0.302641 -0.266357 0.683264
v 0.337407 -0.267987 0.722253
v 0.423844 -0.261894 0.838145
v 0.396630 -0.344400 0.838778
v 0.471598 -0.254710 0.912111
v 0.444989 -0.333764 0.913604
v 0.516911 -0.246625 0.984579
v 0.491217 -0.321650 0.986964
v 0.608727 -0.127141 1.083007
v 0.628156 -0.125808 1.110321
v 0.642161 -0.124955 1.127689
v 0.615200 -0.042731 1.079728
v 0.634741 -0.042431 1.107429
v 0.649101 -0.042297 1.125526
v 0.121221 -0.227574 0.299884
v 0.127894 -0.249877 0.319076
v 0.136847 -0.271308 0.346435
v 0.119530 -0.178145 0.288162
v 0.125543 -0.189385 0.305691
v 0.134621 -0.203076 0.332089
v 0.237266 -0.043123 0.539689
v 0.203796 -0.040961 0.473657
v 0.173736 -0.038708 0.408642
v 0.232048 -0.129997 0.541821
v 0.200124 -0.123843 0.476422
v 0.171509 -0.117295 0.411859
v 0.375455 -0.047097 0.721888
v 0.338441 -0.046864 0.681440
v 0.304518 -0.046168 0.642973
v 0.366340 -0.141588 0.721723
v 0.329756 -0.140833 0.681526
v 0.296663 -0.138735 0.643630
v 0.164727 -0.306312 0.438829
v 0.183627 -0.319212 0.499665
v 0.204825 -0.329779 0.560234
v 0.167492 -0.228124 0.425410
v 0.191091 -0.238981 0.488101
v 0.217486 -0.248474 0.551049
v 0.453153 -0.138781 0.836903
v 0.499883 -0.135660 0.909396
v 0.543875 -0.132259 0.980383
v 0.461853 -0.046194 0.836214
v 0.507887 -0.045224 0.907769
v 0.551134 -0.044180 0.977826
v 0.095185 0.218339 0.302739
v 0.322809 0.367366 0.787062
v 0.502529 0.320782 1.061359
v 0.582459 0.273861 1.150260
v 0.124873 0.309401 0.397770
v 0.200503 0.354959 0.626339
v 0.113366 0.288894 0.358928
v 0.104886 0.271272 0.336336
v 0.098936 0.239674 0.314896
v 0.569345 0.289116 1.143357
v 0.553594 0.300553 1.129604
v 0.532295 0.310307 1.103933
v 0.090925 0.091303 0.272913
v 0.090925 0.031306 0.271582
v 0.093809 0.202477 0.297886
v 0.091437 0.167313 0.285565
v 0.091980 0.153056 0.279667
v 0.618889 0.193747 1.157944
v 0.607667 0.225192 1.156758
v 0.588833 0.263065 1.152257
v 0.642199 0.041265 1.156345
v 0.635112 0.121291 1.157745
v 0.178051 0.346965 0.572680
v 0.157631 0.337496 0.511502
v 0.139739 0.325369 0.450600
v 0.284409 0.369906 0.738998
v 0.252276 0.367694 0.702067
v 0.224834 0.362216 0.667452
v 0.462661 0.333592 0.999469
v 0.416212 0.347187 0.926151
v 0.367992 0.359226 0.851862
v 0.575800 0.217738 1.114880
v 0.549841 0.288273 1.116462
v 0.606717 0.195669 1.145649
v 0.595348 0.229121 1.145527
v 0.575965 0.274642 1.144019
v 0.104766 0.050985 0.311967
v 0.094321 0.048233 0.283177
v 0.104659 0.119424 0.316014
v 0.094444 0.110634 0.286332
v 0.238886 0.340565 0.673537
v 0.311366 0.345736 0.762969
v 0.263280 0.249585 0.670042
v 0.340800 0.253437 0.762778
v 0.429434 0.244044 0.888139
v 0.399912 0.331541 0.888847
v 0.517548 0.228919 1.027506
v 0.489933 0.307768 1.029864
v 0.594433 0.142562 1.112172
v 0.622798 0.121705 1.144095
v 0.603059 0.062127 1.109026
v 0.629495 0.041290 1.141927
v 0.098091 0.225668 0.310666
v 0.108403 0.259412 0.341579
v 0.095454 0.169123 0.295551
v 0.105867 0.188879 0.326299
v 0.196964 0.062031 0.518754
v 0.137928 0.055903 0.391776
v 0.191483 0.145847 0.521860
v 0.136035 0.132310 0.396032
v 0.374576 0.069119 0.763016
v 0.291920 0.068040 0.667058
v 0.362952 0.161278 0.762799
v 0.281872 0.158785 0.667782
v 0.132657 0.296421 0.420358
v 0.170832 0.320231 0.539346
v 0.134167 0.212725 0.406026
v 0.182310 0.232038 0.529061
v 0.451176 0.155979 0.887177
v 0.537388 0.147898 1.024611
v 0.461991 0.067026 0.886137
v 0.546622 0.063967 1.021694
v 0.119232 0.220760 0.290814
v 0.342807 0.374289 0.772673
v 0.523396 0.329123 1.049159
v 0.599941 0.281038 1.133039
v 0.149146 0.310897 0.389868
v 0.222243 0.360825 0.614100
v 0.137507 0.289999 0.350570
v 0.128690 0.272512 0.327063
v 0.122010 0.241607 0.303980
v 0.587619 0.296698 1.127109
v 0.573128 0.308687 1.115218
v 0.552670 0.318655 1.090922
v 0.587823 0.043300 1.037383
v 0.581134 0.129243 1.040565
v 0.416664 0.046872 0.772038
v 0.407541 0.140924 0.772059
v 0.115447 0.091731 0.265686
v 0.115411 0.031369 0.264222
v 0.118028 0.204809 0.286269
v 0.116851 0.177553 0.278186
v 0.116019 0.154368 0.271028
v 0.350690 0.351393 0.772654
v 0.377910 0.266670 0.772417
v 0.530607 0.310169 1.048489
v 0.555372 0.239085 1.045634
v 0.637059 0.199157 1.140781
v 0.620936 0.240586 1.138426
v 0.606344 0.270108 1.135010
v 0.661363 0.042253 1.139441
v 0.653984 0.124421 1.140772
v 0.201144 0.351900 0.562809
v 0.181458 0.341148 0.502937
v 0.163930 0.327769 0.442656
v 0.148945 0.290472 0.385730
v 0.148298 0.216107 0.371314
v 0.149701 0.036626 0.353426
v 0.148622 0.110979 0.356824
v 0.303390 0.376317 0.723092
v 0.270975 0.373860 0.685753
v 0.244712 0.368383 0.652524
v 0.271407 0.044929 0.597884
v 0.264738 0.135127 0.599279
v 0.227357 0.338556 0.612290
v 0.244943 0.256364 0.605761
v 0.483740 0.341746 0.987515
v 0.437258 0.355023 0.913925
v 0.388738 0.366655 0.838882
v 0.583706 0.233184 1.087847
v 0.559665 0.300742 1.090355
v 0.603426 0.228440 1.113844
v 0.579937 0.292042 1.115039
v 0.617339 0.224052 1.128994
v 0.594256 0.282095 1.127729
v 0.133518 0.034911 0.314616
v 0.123905 0.033527 0.290037
v 0.118669 0.032370 0.275026
v 0.133147 0.105374 0.317864
v 0.123872 0.100426 0.292855
v 0.118731 0.095936 0.277228
v 0.250980 0.345826 0.651421
v 0.278074 0.350978 0.685206
v 0.311021 0.353257 0.722922
v 0.272604 0.262413 0.647453
v 0.302641 0.266357 0.683264
v 0.337407 0.267987 0.722253
v 0.423844 0.261894 0.838145
v 0.396630 0.344400 0.838778
v 0.471598 0.254710 0.912111
v 0.444989 0.333764 0.913604
v 0.516911 0.246625 0.984579
v 0.491217 0.321650 0.986964
v 0.608727 0.127141 1.083007
v 0.628156 0.125809 1.110321
v 0.642161 0.124955 1.127689
v 0.615200 0.042731 1.079728
v 0.634741 0.042431 1.107429
v 0.649101 0.042297 1.125526
v 0.121221 0.227574 0.299884
v 0.127894 0.249877 0.319076
v 0.136847 0.271308 0.346435
v 0.119474 0.175565 0.287644
v 0.125543 0.189385 0.305691
v 0.134621 0.203076 0.332089
v 0.237266 0.043123 0.539689
v 0.203796 0.040961 0.473657
v 0.173736 0.038708 0.408642
v 0.232048 0.129997 0.541821
v 0.200124 0.123843 0.476422
v 0.171509 0.117295 0.411859
v 0.375455 0.047097 0.721888
v 0.338441 0.046864 0.681440
v 0.304518 0.046168 0.642973
v 0.366340 0.141588 0.721723
v 0.329756 0.140833 0.681526
v 0.296663 0.138735 0.643630
v 0.164727 0.306312 0.438829
v 0.183627 0.319212 0.499665
v 0.204825 0.329779 0.560234
v 0.167492 0.228124 0.425410
v 0.191091 0.238981 0.488101
v 0.217486 0.248474 0.551049
v 0.453153 0.138781 0.836903
v 0.499883 0.135660 0.909396
v 0.543875 0.132259 0.980383
v 0.461853 0.046194 0.836214
v 0.507887 0.045224 0.907769
v 0.551134 0.044180 0.977826
v -0.457844 0.248951 0.589616
v -0.495571 -0.004285 0.512366
v -0.333008 0.257385 0.592430
v 0.054099 0.274960 0.471893
v -0.370783 -0.005561 0.506237
v 0.008436 0.003208 0.370157
v -0.485953 0.154131 0.534588
v -0.363254 0.135459 0.517236
v 0.007772 0.168055 0.388794
v -0.469293 0.283424 0.558756
v -0.518346 0.000074 0.459262
v -0.505791 0.190629 0.484706
v -0.067426 0.272223 0.530329
v -0.124687 0.005480 0.432515
v -0.114007 0.146911 0.448104
v -0.461078 -0.249577 0.591751
v -0.331693 -0.260673 0.598112
v 0.054028 -0.274756 0.471815
v -0.487307 -0.153962 0.534596
v -0.360895 -0.137620 0.525556
v 0.006538 -0.175535 0.393019
v -0.469019 -0.283228 0.559140
v -0.506903 -0.191537 0.483742
v -0.066892 -0.272141 0.527982
v -0.115092 -0.150663 0.445648
v -0.473339 0.214019 0.565751
v -0.419670 0.253000 0.600359
v 0.021476 0.276891 0.497594
v -0.453564 -0.007563 0.520164
v -0.250070 -0.000933 0.470541
v -0.344861 0.202557 0.567143
v 0.043092 0.233078 0.438828
v -0.493778 0.080050 0.518134
v -0.367384 0.066865 0.514400
v 0.011540 0.081194 0.374669
v -0.239652 0.140438 0.484563
v -0.443656 0.142862 0.531811
v -0.489358 0.255367 0.523861
v -0.434633 0.296553 0.559595
v -0.482302 0.000016 0.437244
v -0.515513 0.100206 0.465950
v -0.472829 0.204130 0.459632
v -0.201342 0.263778 0.564391
v -0.037430 0.007332 0.399073
v -0.031609 0.161492 0.407069
v -0.122058 0.071866 0.440961
v -0.088072 0.214560 0.495834
v -0.472388 -0.216557 0.568465
v -0.421141 -0.255388 0.604717
v 0.021073 -0.276657 0.497337
v -0.344728 -0.196716 0.567398
v 0.034595 -0.232620 0.434302
v -0.496678 -0.075468 0.519082
v -0.369494 -0.064898 0.513015
v 0.010415 -0.082971 0.374547
v -0.237268 -0.140066 0.492219
v -0.443470 -0.143299 0.537582
v -0.488949 -0.255834 0.524622
v -0.434428 -0.296873 0.560233
v -0.516172 -0.099267 0.464527
v -0.471536 -0.204085 0.460161
v -0.200099 -0.266532 0.568072
v -0.032255 -0.168945 0.408674
v -0.120498 -0.073718 0.443746
v -0.083884 -0.213787 0.494186
v -0.433118 0.204478 0.578405
v 0.003533 0.224369 0.463519
v -0.034731 0.069154 0.402459
v -0.453192 0.069780 0.525797
v -0.454725 0.269811 0.507627
v -0.480669 0.105500 0.441187
v -0.247867 0.068409 0.478411
v -0.217198 0.207057 0.532698
v -0.436422 -0.206150 0.572675
v 0.001080 -0.223165 0.454041
v -0.033057 -0.078028 0.404034
v -0.453409 -0.062405 0.527899
v -0.453864 -0.269817 0.508592
v -0.480336 -0.105415 0.441189
v -0.246237 -0.071515 0.482366
v -0.216523 -0.202696 0.534722
v -0.469198 0.273795 0.583758
v -0.528948 -0.000359 0.489696
v -0.333547 0.302073 0.592766
v 0.062954 0.303949 0.461951
v 0.025787 0.001062 0.328167
v -0.517475 0.173842 0.513667
v 0.033941 0.181543 0.360868
v -0.064797 0.320392 0.532091
v -0.470252 -0.274262 0.584561
v -0.333441 -0.301864 0.592900
v 0.062937 -0.303838 0.461983
v -0.517114 -0.173329 0.514319
v 0.034913 -0.185443 0.363045
v -0.064796 -0.320143 0.532083
v -0.498091 0.236398 0.549536
v -0.421417 0.292295 0.599566
v 0.026346 0.322122 0.500782
v 0.059005 0.256831 0.408695
v -0.524575 0.090556 0.495033
v 0.028823 0.095153 0.333517
v -0.200432 0.311280 0.565626
v -0.499332 -0.235992 0.549613
v -0.421774 -0.292838 0.600517
v 0.026338 -0.321962 0.500816
v 0.055580 -0.254682 0.409432
v -0.527097 -0.090563 0.495521
v 0.027837 -0.094207 0.334091
v -0.200396 -0.311196 0.565663
v -0.482942 0.185619 0.551248
v -0.465816 0.235804 0.582100
v -0.444852 0.250957 0.596336
v -0.382501 0.255092 0.598490
v -0.015717 0.275390 0.512875
v 0.044478 0.276772 0.483582
v -0.418676 -0.007083 0.517397
v -0.478093 -0.006948 0.517756
v -0.185468 0.003063 0.449487
v -0.313604 -0.004476 0.487970
v -0.352859 0.162138 0.546689
v -0.335990 0.232642 0.586452
v 0.028223 0.196510 0.412280
v 0.051569 0.258619 0.458769
v -0.494304 0.041593 0.513879
v -0.491328 0.119003 0.524908
v -0.369809 0.039586 0.505139
v -0.366341 0.118004 0.517228
v -0.002804 0.042594 0.365187
v 0.009543 0.136302 0.383841
v -0.175754 0.142555 0.468065
v -0.304881 0.138590 0.501900
v -0.411501 0.139079 0.528206
v -0.467178 0.147972 0.535251
v -0.498880 0.228029 0.502776
v -0.478781 0.274056 0.544620
v -0.457793 0.290138 0.560458
v -0.399351 0.300976 0.555054
v -0.448356 -0.000050 0.424789
v -0.505168 0.000006 0.448172
v -0.388236 0.229612 0.444377
v -0.367108 0.284572 0.503265
v 0.010672 0.222714 0.348693
v 0.031072 0.287661 0.403716
v -0.516936 0.049960 0.461083
v -0.512919 0.147624 0.471243
v -0.399302 0.134374 0.417054
v -0.003810 0.131329 0.313591
v -0.438922 0.208258 0.446955
v -0.495068 0.197890 0.472079
v -0.270657 0.260162 0.580472
v -0.131527 0.268244 0.547059
v -0.009836 0.005279 0.385164
v -0.074968 0.009388 0.414576
v -0.008164 0.165584 0.397599
v -0.063180 0.154945 0.422652
v -0.125111 0.033427 0.431400
v -0.118695 0.118051 0.445962
v -0.100678 0.176510 0.473045
v -0.076252 0.245043 0.516475
v -0.484257 -0.183894 0.551438
v -0.467840 -0.233020 0.579670
v -0.447102 -0.252185 0.599425
v -0.382589 -0.258346 0.605254
v -0.016508 -0.274820 0.511694
v 0.044409 -0.276592 0.483522
v -0.353598 -0.156244 0.545064
v -0.335342 -0.234194 0.592830
v 0.018618 -0.200976 0.410123
v 0.051874 -0.258381 0.458390
v -0.489074 -0.039188 0.509990
v -0.494413 -0.119752 0.526912
v -0.371376 -0.034760 0.502979
v -0.364985 -0.115745 0.523336
v 0.001434 -0.044654 0.368235
v 0.015287 -0.129100 0.384105
v -0.174059 -0.141359 0.467494
v -0.304291 -0.139426 0.509417
v -0.409673 -0.140151 0.533227
v -0.469212 -0.147581 0.538483
v -0.498711 -0.227762 0.502556
v -0.478246 -0.273987 0.545311
v -0.457650 -0.290415 0.560999
v -0.399055 -0.301296 0.555658
v -0.386573 -0.229310 0.445654
v -0.366449 -0.284762 0.503717
v 0.010396 -0.222671 0.349098
v 0.031065 -0.287638 0.403769
v -0.517763 -0.049675 0.460805
v -0.512696 -0.147903 0.471148
v -0.401686 0.001721 0.412544
v -0.398497 -0.134111 0.417921
v -0.007881 0.001735 0.304224
v -0.003806 -0.131164 0.313697
v -0.437416 -0.208203 0.447424
v -0.494226 -0.198375 0.471977
v -0.269542 -0.263187 0.584698
v -0.129805 -0.269838 0.548648
v -0.010659 -0.173533 0.400941
v -0.059632 -0.160797 0.420562
v -0.124560 -0.036072 0.434668
v -0.120023 -0.124809 0.447035
v -0.098475 -0.175531 0.468761
v -0.072867 -0.245352 0.516117
v -0.442341 0.166775 0.563071
v -0.394155 0.202436 0.577037
v -0.424957 0.230761 0.596229
v -0.458251 0.207977 0.572366
v -0.015016 0.179597 0.428532
v 0.027434 0.228497 0.450613
v 0.012847 0.251019 0.482215
v -0.034696 0.219636 0.479168
v -0.040422 0.039937 0.392134
v -0.006832 0.074878 0.389034
v -0.032057 0.133646 0.408674
v -0.072158 0.067136 0.418849
v -0.453637 0.044331 0.519369
v -0.417355 0.066118 0.524458
v -0.448112 0.121179 0.529913
v -0.477233 0.075149 0.523187
v -0.477131 0.263064 0.516029
v -0.444079 0.287821 0.535330
v -0.420316 0.274380 0.497916
v -0.464701 0.241297 0.481277
v -0.503317 0.102629 0.453073
v -0.477984 0.157982 0.446651
v -0.446757 0.107510 0.428397
v -0.481694 0.052212 0.439254
v -0.251058 0.036677 0.468890
v -0.184247 0.072076 0.458034
v -0.243784 0.113978 0.483624
v -0.311793 0.065971 0.496045
v -0.228311 0.170587 0.511761
v -0.150174 0.210779 0.514839
v -0.207240 0.237610 0.552587
v -0.283817 0.202838 0.552174
v -0.458494 -0.212280 0.571460
v -0.427867 -0.232402 0.597239
v -0.397919 -0.199624 0.569762
v -0.443286 -0.163353 0.561008
v -0.036645 -0.219360 0.475770
v 0.013982 -0.251165 0.484659
v 0.021496 -0.228492 0.442217
v -0.019315 -0.186389 0.421074
v -0.067737 -0.075939 0.421530
v -0.032518 -0.136994 0.413917
v -0.006923 -0.079887 0.389300
v -0.034182 -0.038937 0.395264
v -0.479992 -0.067511 0.524949
v -0.449005 -0.121480 0.537617
v -0.417137 -0.063183 0.522503
v -0.453527 -0.036787 0.513583
v -0.463417 -0.241259 0.481947
v -0.419187 -0.274420 0.498736
v -0.443654 -0.288073 0.536143
v -0.476405 -0.263107 0.516945
v -0.481881 -0.052092 0.438815
v -0.446378 -0.107530 0.428166
v -0.476995 -0.157943 0.446922
v -0.503153 -0.102552 0.452920
v -0.310889 -0.068013 0.499301
v -0.242399 -0.114824 0.486294
v -0.181518 -0.073421 0.462536
v -0.250886 -0.035028 0.469295
v -0.283866 -0.199634 0.552477
v -0.205762 -0.238844 0.558652
v -0.147603 -0.207292 0.514547
v -0.228243 -0.168186 0.512087
v -0.469166 0.275358 0.580707
v -0.497598 0.238189 0.546527
v -0.486047 0.257897 0.567932
v -0.467331 0.270986 0.584414
v -0.495588 0.234305 0.551006
v -0.515052 0.171715 0.515895
v -0.509792 0.207965 0.530277
v -0.516194 0.175859 0.510398
v -0.334587 0.302844 0.589306
v -0.421948 0.293268 0.596240
v -0.383907 0.297736 0.599314
v -0.332963 0.298456 0.592976
v -0.420330 0.288988 0.599791
v -0.449172 0.284929 0.594622
v 0.060510 0.305134 0.459656
v 0.050888 0.316242 0.483137
v 0.062165 0.301014 0.463520
v 0.026141 0.318607 0.501326
v -0.064553 0.316724 0.532336
v -0.012294 0.322910 0.516503
v 0.031867 0.183319 0.358760
v 0.056350 0.258577 0.406919
v 0.048743 0.222399 0.381857
v 0.031208 0.179512 0.364106
v 0.057960 0.254591 0.411342
v 0.064555 0.284073 0.436459
v -0.523577 0.091541 0.492085
v -0.523398 0.133104 0.502799
v -0.521726 0.089433 0.497226
v -0.525722 -0.000513 0.491869
v -0.528229 0.045538 0.491313
v -0.528261 -0.000286 0.486446
v 0.023259 0.001045 0.325749
v 0.026198 0.096135 0.331279
v 0.023708 0.047021 0.330713
v 0.024715 0.001145 0.331649
v 0.027777 0.094189 0.336909
v 0.031070 0.142903 0.345042
v -0.129484 0.316234 0.548820
v -0.200073 0.307556 0.565837
v -0.270719 0.306445 0.580920
v -0.516575 -0.175068 0.511135
v -0.498705 -0.238135 0.546614
v -0.509254 -0.207525 0.530499
v -0.514439 -0.171589 0.516300
v -0.497226 -0.233391 0.551291
v -0.468673 -0.271295 0.585608
v -0.486378 -0.257966 0.568562
v -0.469929 -0.275972 0.581304
v -0.422408 -0.294032 0.597190
v -0.449433 -0.285253 0.595239
v -0.420793 -0.289665 0.601140
v -0.332752 -0.298380 0.593454
v -0.384018 -0.297624 0.599611
v -0.334504 -0.303036 0.589650
v -0.012297 -0.322730 0.516530
v -0.064551 -0.316381 0.532276
v 0.026100 -0.318410 0.501325
v 0.062128 -0.300863 0.463538
v 0.050875 -0.316113 0.483189
v 0.060530 -0.305099 0.459677
v 0.053347 -0.256625 0.407617
v 0.064496 -0.283961 0.436490
v 0.054000 -0.252306 0.411844
v 0.032153 -0.184394 0.366648
v 0.043884 -0.221965 0.383786
v 0.032809 -0.186928 0.360850
v -0.526457 -0.091304 0.492424
v -0.526627 -0.045264 0.491708
v -0.524524 -0.089632 0.497669
v -0.523593 -0.133472 0.502652
v 0.025468 -0.095268 0.331705
v 0.032977 -0.141115 0.343370
v 0.026685 -0.093142 0.337496
v 0.024724 -0.049887 0.330578
v -0.270729 -0.305930 0.580762
v -0.199955 -0.307611 0.566130
v -0.129538 -0.315558 0.548706
v -0.460836 0.257180 0.587708
v -0.417778 0.269706 0.600229
v -0.494313 0.247779 0.532428
v -0.468919 0.281248 0.566819
v -0.482861 0.222242 0.559749
v -0.427836 0.297229 0.577314
v -0.508746 -0.001974 0.503566
v -0.509299 -0.082662 0.510406
v -0.506413 0.084307 0.510166
v -0.523604 0.000195 0.470703
v -0.521781 -0.095704 0.476345
v -0.519790 0.096762 0.477722
v -0.332234 0.275959 0.592904
v -0.199646 0.284187 0.566059
v -0.346716 0.304299 0.557278
v 0.057879 0.285095 0.469663
v 0.051666 0.241516 0.426427
v 0.043289 0.310411 0.441298
v 0.023654 0.297048 0.501423
v 0.019396 -0.087534 0.358747
v 0.017582 0.002065 0.353464
v 0.020850 0.087068 0.358394
v -0.500384 0.161276 0.527911
v -0.510472 0.184489 0.495870
v 0.017092 0.171203 0.379398
v -0.064766 0.293213 0.532622
v -0.463575 -0.257361 0.589437
v -0.419083 -0.271477 0.603778
v -0.484388 -0.221755 0.561480
v -0.468970 -0.281309 0.567206
v -0.427781 -0.297598 0.577911
v -0.494417 -0.248107 0.533087
v -0.330766 -0.278566 0.596264
v -0.199121 -0.285787 0.568275
v -0.346630 -0.304582 0.557643
v 0.057788 -0.284898 0.469600
v 0.044193 -0.240044 0.424712
v 0.024155 -0.296389 0.501555
v 0.043317 -0.310419 0.441334
v -0.499820 -0.161862 0.527232
v -0.512196 -0.184367 0.495316
v 0.016524 -0.178624 0.383291
v -0.064712 -0.292882 0.531824
v -0.466938 0.176987 0.558142
v -0.403708 0.161644 0.559845
v -0.386073 0.231451 0.594492
v -0.451149 0.231700 0.589244
v -0.049417 0.174604 0.445240
v 0.010710 0.187803 0.420157
v 0.037302 0.253848 0.469835
v -0.023856 0.248382 0.497888
v -0.075907 0.037029 0.408560
v -0.016468 0.041552 0.376435
v -0.007082 0.135424 0.395805
v -0.067568 0.127512 0.425268
v -0.476836 0.043254 0.517790
v -0.417896 0.041851 0.518302
v -0.415271 0.120371 0.527356
v -0.472835 0.117669 0.530582
v -0.487116 0.234903 0.492403
v -0.466662 0.281417 0.540225
v -0.409335 0.292229 0.528232
v -0.430597 0.246010 0.469539
v -0.110236 0.230514 0.368193
v -0.082708 0.295922 0.429231
v -0.002661 0.295107 0.407509
v -0.027572 0.229776 0.347973
v -0.126010 0.136484 0.332538
v -0.042932 0.135848 0.312117
v -0.504313 0.051265 0.450043
v -0.500399 0.153209 0.459083
v -0.444185 0.161312 0.433359
v -0.447622 0.052870 0.427447
v -0.518066 0.142153 0.483273
v -0.452536 0.290659 0.574921
v -0.474657 0.242682 0.575559
v 0.019545 0.138434 0.369754
v -0.482885 0.267806 0.551687
v -0.285093 0.308225 0.544345
v -0.381956 0.272654 0.599141
v -0.502464 -0.041044 0.505076
v -0.181058 0.315092 0.519308
v 0.044273 0.280934 0.409660
v 0.047259 0.293818 0.486618
v -0.445370 -0.266187 0.598766
v 0.019739 0.320960 0.459518
v 0.011624 0.126541 0.322713
v 0.038154 0.206612 0.401560
v 0.012188 -0.047155 0.356252
v -0.523011 -0.048018 0.472309
v -0.494689 0.193708 0.543319
v -0.504134 0.220351 0.512996
v -0.269362 0.279920 0.581078
v 0.025252 0.215061 0.356713
v 0.007526 0.001650 0.313565
v 0.008028 0.043571 0.354235
v -0.128933 0.288722 0.549081
v -0.391751 0.301722 0.574824
v -0.012929 0.296217 0.516319
v -0.056525 0.322475 0.486206
v 0.058347 0.267528 0.449608
v -0.341788 0.133450 0.399701
v -0.244867 0.133756 0.370320
v -0.329483 0.228486 0.429695
v -0.306896 0.285595 0.489742
v -0.205305 0.289445 0.463903
v -0.230418 0.225691 0.405187
v -0.313547 0.039752 0.486406
v -0.187483 0.034310 0.448392
v -0.180627 0.115236 0.465751
v -0.308466 0.114189 0.501432
v -0.293928 0.165263 0.528583
v -0.162544 0.173879 0.493866
v -0.139453 0.241314 0.534503
v -0.274758 0.234567 0.571192
v -0.468633 -0.174119 0.558531
v -0.454053 -0.231701 0.590014
v -0.387839 -0.233298 0.599548
v -0.404787 -0.156481 0.555814
v -0.048489 -0.177765 0.437618
v -0.023752 -0.248342 0.499120
v 0.038676 -0.253731 0.470678
v 0.002255 -0.194291 0.415415
v -0.071210 -0.039646 0.416143
v -0.065685 -0.131022 0.427483
v -0.003921 -0.131242 0.399948
v -0.012458 -0.041087 0.379292
v -0.474242 -0.038069 0.512507
v -0.476330 -0.118610 0.534383
v -0.413699 -0.121221 0.533905
v -0.420155 -0.036607 0.511667
v -0.486003 -0.235064 0.492389
v -0.429113 -0.246007 0.470166
v -0.408690 -0.292528 0.529122
v -0.466252 -0.281510 0.541057
v -0.109937 -0.230033 0.369044
v -0.027549 -0.229559 0.348419
v -0.002613 -0.295145 0.407620
v -0.082628 -0.295990 0.429450
v -0.129750 0.001857 0.323395
v -0.046902 0.001804 0.302760
v -0.042890 -0.135645 0.312461
v -0.125710 -0.136157 0.333134
v -0.504754 -0.051184 0.449713
v -0.447956 -0.052869 0.426309
v -0.442941 -0.161228 0.433842
v -0.499799 -0.153238 0.459142
v -0.518286 -0.142247 0.483174
v -0.494523 -0.193381 0.543011
v -0.268816 -0.281813 0.584135
v -0.452180 -0.290916 0.575535
v -0.474956 -0.241078 0.575347
v -0.482392 -0.268002 0.552539
v 0.058065 -0.267163 0.449317
v -0.285037 -0.308455 0.544581
v -0.180996 -0.315266 0.519489
v -0.013360 -0.295652 0.516205
v -0.506757 -0.124547 0.517172
v 0.043929 -0.280661 0.409748
v 0.047331 -0.293599 0.486490
v 0.019790 -0.320992 0.459575
v -0.128502 -0.289848 0.550479
v 0.011721 -0.126148 0.322677
v -0.509378 0.043261 0.506471
v -0.522570 0.048375 0.472511
v 0.024387 -0.132937 0.367986
v -0.504228 -0.219975 0.512826
v 0.029324 -0.208881 0.401715
v 0.024380 -0.215373 0.357683
v -0.504374 0.122502 0.516975
v -0.381404 -0.275664 0.603608
v -0.391636 -0.302045 0.575340
v -0.056463 -0.322572 0.486302
v -0.344533 0.001825 0.393517
v -0.248345 0.001747 0.361556
v -0.244658 -0.133529 0.370895
v -0.341114 -0.133037 0.401197
v -0.328673 -0.228602 0.429782
v -0.230243 -0.225444 0.405751
v -0.205327 -0.289680 0.463847
v -0.306572 -0.285793 0.490065
v -0.315303 -0.034955 0.486750
v -0.307828 -0.115586 0.505731
v -0.179440 -0.123094 0.463943
v -0.185623 -0.035841 0.451327
v -0.294612 -0.162715 0.527704
v -0.273745 -0.235880 0.577875
v -0.135097 -0.241837 0.538704
v -0.161683 -0.172755 0.491839
v -0.485449 0.259782 0.564880
v -0.483961 0.255185 0.569111
v -0.507421 0.205580 0.532172
v -0.508756 0.210077 0.527204
v -0.384723 0.298573 0.595865
v -0.383242 0.294149 0.599480
v -0.447612 0.281785 0.595017
v -0.449452 0.286254 0.591373
v 0.036607 0.319976 0.489042
v 0.050272 0.312960 0.484151
v -0.012237 0.319289 0.516822
v -0.040061 0.322275 0.520918
v 0.046199 0.224249 0.380038
v 0.047300 0.220268 0.384865
v 0.063614 0.281510 0.438614
v 0.061957 0.285581 0.434505
v -0.522578 0.134550 0.499547
v -0.520539 0.131448 0.505025
v -0.525408 0.045107 0.493576
v -0.527470 0.045994 0.488175
v 0.021479 0.047564 0.328197
v 0.021790 0.046379 0.334510
v 0.029425 0.142196 0.348719
v 0.028628 0.144186 0.342786
v -0.166222 0.314480 0.553755
v -0.129141 0.312528 0.549060
v -0.270384 0.302664 0.581095
v -0.271835 0.307294 0.577486
v -0.508752 -0.209650 0.527462
v -0.506803 -0.205239 0.532329
v -0.484294 -0.255022 0.569794
v -0.485845 -0.260073 0.565461
v -0.449660 -0.286754 0.591839
v -0.448036 -0.282192 0.595968
v -0.383394 -0.294472 0.600187
v -0.384765 -0.298764 0.596332
v -0.040026 -0.322273 0.521019
v -0.012267 -0.319047 0.516802
v 0.050282 -0.312835 0.484164
v 0.036634 -0.319941 0.489095
v 0.061967 -0.285544 0.434513
v 0.063514 -0.281332 0.438618
v 0.041724 -0.220046 0.386753
v 0.041790 -0.223808 0.381838
v -0.526312 -0.045715 0.488476
v -0.523057 -0.044606 0.494059
v -0.521143 -0.132016 0.504897
v -0.522886 -0.134857 0.499428
v 0.030397 -0.142399 0.341253
v 0.031757 -0.139948 0.346822
v 0.023487 -0.049605 0.333837
v 0.022539 -0.050303 0.328057
v -0.271820 -0.307205 0.577727
v -0.270245 -0.302601 0.581196
v -0.129300 -0.311999 0.549015
v -0.166176 -0.314425 0.553902
v -0.443842 0.265121 0.596425
v -0.000024 0.000000 0.232380
v 0.069013 -0.023047 0.245594
v 0.068999 0.023094 0.245598
v 0.043074 -0.060375 0.253467
v 0.001035 -0.074643 0.266010
v -0.041074 -0.060403 0.278347
v -0.067195 -0.023094 0.285683
v -0.067210 0.023048 0.285687
v -0.041112 0.060374 0.278358
v 0.000988 0.074643 0.266023
v 0.043036 0.060404 0.253478
v 0.051823 0.016637 0.248338
v 0.033112 0.010865 0.236688
v 0.042218 0.013352 0.246391
v 0.033118 -0.010847 0.236686
v 0.051832 -0.016608 0.248335
v 0.042225 -0.013329 0.246389
v -0.027933 0.043589 0.271259
v -0.018779 0.028444 0.252144
v -0.022166 0.035034 0.264056
v 0.001087 0.035200 0.246483
v 0.002562 0.053913 0.262641
v 0.002425 0.043342 0.257408
v -0.027910 -0.043606 0.271252
v -0.018764 -0.028455 0.252139
v -0.022147 -0.035048 0.264051
v -0.031097 -0.010814 0.255535
v -0.046824 -0.016618 0.276448
v -0.037396 -0.013332 0.268096
v 0.020930 -0.028474 0.240551
v 0.033078 -0.043600 0.253869
v 0.027054 -0.035045 0.250658
v 0.020915 0.028485 0.240555
v 0.033054 0.043618 0.253876
v 0.027035 0.035059 0.250663
v -0.031103 0.010796 0.255537
v -0.046833 0.016590 0.276451
v -0.037403 0.013309 0.268098
v 0.001105 -0.035200 0.246478
v 0.002591 -0.053913 0.262633
v 0.002448 -0.043342 0.257402
v 0.072439 0.000032 0.244313
v 0.058894 -0.043857 0.248744
v 0.023151 -0.070983 0.259463
v -0.021097 -0.070998 0.272511
v -0.056958 -0.043896 0.282887
v -0.070784 -0.000032 0.286459
v -0.056986 0.043857 0.282894
v -0.021142 0.070983 0.272524
v 0.023107 0.070998 0.259476
v 0.058866 0.043896 0.248752
v -0.013459 -0.051273 0.267168
v -0.010500 -0.041217 0.260907
v -0.009365 -0.033469 0.249435
v -0.039432 0.031641 0.274461
v -0.031440 0.025420 0.266539
v -0.026295 0.020634 0.254176
v 0.044465 0.031682 0.250516
v 0.036287 0.025456 0.248084
v 0.028369 0.020691 0.238290
v 0.018626 -0.051270 0.258051
v 0.015391 -0.041214 0.253871
v 0.011534 -0.033478 0.243378
v -0.049406 -0.000005 0.277049
v -0.039471 -0.000006 0.268580
v -0.032785 -0.000007 0.255913
v 0.018599 0.051279 0.258059
v 0.015368 0.041222 0.253877
v 0.011517 0.033484 0.243383
v 0.044482 -0.031657 0.250511
v 0.036301 -0.025436 0.248080
v 0.028380 -0.020675 0.238287
v -0.039415 -0.031665 0.274457
v -0.031426 -0.025440 0.266535
v -0.026284 -0.020649 0.254173
v -0.013486 0.051263 0.267176
v -0.010522 0.041209 0.260913
v -0.009382 0.033463 0.249439
v 0.054331 0.000004 0.247483
v 0.044193 0.000006 0.245775
v 0.034788 0.000008 0.236268
v 0.002023 -0.000000 0.269450
v 0.029134 0.000008 0.232340
v 0.027704 0.009018 0.232342
v 0.023570 -0.017132 0.232348
v 0.027709 -0.009002 0.232342
v 0.008994 -0.027728 0.232368
v 0.017121 -0.023584 0.232357
v -0.009026 -0.027733 0.232393
v -0.000016 -0.029157 0.232380
v -0.023608 -0.017145 0.232413
v -0.017155 -0.023594 0.232404
v -0.029181 -0.000008 0.232421
v -0.027752 -0.009018 0.232419
v -0.023617 0.017132 0.232413
v -0.027757 0.009002 0.232419
v -0.009042 0.027728 0.232393
v -0.017169 0.023584 0.232404
v 0.008979 0.027733 0.232368
v -0.000032 0.029157 0.232380
v 0.023560 0.017145 0.232348
v 0.017108 0.023594 0.232357
v 0.073506 0.000022 0.247959
v 0.070065 0.023084 0.249244
v 0.059960 -0.043847 0.252390
v 0.070080 -0.023038 0.249239
v 0.024222 -0.070974 0.263100
v 0.044145 -0.060366 0.257103
v -0.020024 -0.070989 0.276142
v 0.002106 -0.074634 0.269646
v -0.055885 -0.043887 0.286518
v -0.040001 -0.060394 0.281979
v -0.069711 -0.000023 0.290090
v -0.066122 -0.023085 0.289314
v -0.055913 0.043848 0.286526
v -0.066137 0.023039 0.289318
v -0.020069 0.070974 0.276155
v -0.040039 0.060365 0.281990
v 0.024178 0.070989 0.263113
v 0.002059 0.074634 0.269660
v 0.059933 0.043887 0.252398
v 0.044107 0.060395 0.257114
v -0.386227 0.491252 0.696373
v 0.227219 0.493744 0.658055
v -0.415659 0.351217 0.647252
v 0.214086 0.369739 0.590882
v -0.487583 0.251119 0.472432
v -0.504866 0.000000 0.429747
v 0.115245 0.000000 0.249504
v 0.233190 0.437307 0.653488
v -0.395506 0.430289 0.692748
v -0.386227 -0.491252 0.696373
v 0.227219 -0.493744 0.658055
v -0.415659 -0.351217 0.647252
v 0.214086 -0.369739 0.590882
v -0.487582 -0.251119 0.472432
v 0.233190 -0.437307 0.653488
v -0.395506 -0.430289 0.692748
v 0.233665 0.454927 0.655851
v 0.233207 0.470622 0.657127
v 0.231209 0.483674 0.657722
v -0.397078 0.409678 0.688677
v -0.400032 0.389004 0.681626
v -0.405451 0.369448 0.669680
v 0.173978 0.342683 0.453261
v 0.196004 0.357034 0.529336
v -0.432301 0.334129 0.608455
v -0.452331 0.315018 0.559966
v -0.471733 0.288984 0.512085
v 0.115545 0.080575 0.250507
v 0.117640 0.157578 0.257637
v -0.497643 0.199283 0.447354
v -0.502740 0.137742 0.434870
v -0.504600 0.070271 0.430380
v -0.323766 0.502548 0.692402
v -0.359043 0.501184 0.694623
v -0.377523 0.497733 0.695803
v 0.219268 0.499874 0.658579
v 0.201691 0.503105 0.659704
v 0.167303 0.504253 0.661870
v 0.023508 0.503996 0.670823
v -0.178787 0.503251 0.683376
v 0.224667 0.385077 0.625399
v 0.229712 0.401617 0.641264
v 0.232109 0.419092 0.649337
v -0.390703 0.480529 0.696601
v -0.393214 0.466525 0.696300
v -0.394510 0.449566 0.695124
v 0.233665 -0.454927 0.655851
v 0.233207 -0.470622 0.657127
v 0.231209 -0.483674 0.657722
v -0.397078 -0.409678 0.688677
v -0.400032 -0.389004 0.681626
v -0.405451 -0.369448 0.669679
v 0.173978 -0.342683 0.453261
v 0.196004 -0.357034 0.529336
v -0.432301 -0.334129 0.608455
v -0.452331 -0.315018 0.559966
v -0.471733 -0.288984 0.512085
v 0.115545 -0.080575 0.250507
v 0.117640 -0.157578 0.257637
v -0.497643 -0.199283 0.447354
v -0.502740 -0.137742 0.434870
v -0.504600 -0.070271 0.430380
v -0.323766 -0.502548 0.692402
v -0.359043 -0.501183 0.694623
v -0.377522 -0.497734 0.695803
v 0.219268 -0.499874 0.658579
v 0.201691 -0.503105 0.659704
v 0.167303 -0.504253 0.661870
v 0.023508 -0.503996 0.670823
v -0.178787 -0.503251 0.683376
v 0.224667 -0.385077 0.625399
v 0.229712 -0.401617 0.641264
v 0.232109 -0.419092 0.649337
v -0.390703 -0.480529 0.696601
v -0.393214 -0.466525 0.696300
v -0.394510 -0.449565 0.695124
v 0.147780 0.310084 0.362244
v 0.139600 0.292859 0.333744
v 0.131570 0.266791 0.305796
v 0.126696 0.242898 0.288871
v 0.139682 -0.292800 0.334034
v 0.148345 -0.310920 0.364218
v 0.126346 -0.240365 0.287657
v 0.131570 -0.266791 0.305796
v 0.157859 0.325716 0.397302
v 0.121831 0.207776 0.272037
v 0.158860 -0.326773 0.400790
v 0.121831 -0.207776 0.272037
vn 0.5876 0.8092 -0.0000
vn 0.9510 0.3093 -0.0000
vn 0.5880 -0.8089 -0.0000
vn 0.9237 -0.3272 0.1995
vn 0.9511 -0.3087 -0.0000
vn -0.0257 -0.9796 0.1995
vn 0.5970 -0.7770 0.1995
vn -0.5876 -0.8092 -0.0000
vn 0.0003 -1.0000 -0.0000
vn -0.9510 -0.3093 -0.0000
vn -0.5545 -0.8079 0.1995
vn -0.9511 0.3087 -0.0000
vn -0.9396 -0.2782 0.1995
vn -0.5880 0.8089 -0.0000
vn -0.9397 0.2777 0.1995
vn -0.0003 1.0000 -0.0000
vn -0.5550 0.8076 0.1995
vn -0.0263 0.9795 0.1995
vn 0.5966 0.7774 0.1995
vn 0.9511 -0.3088 -0.0000
vn -0.0002 0.8110 -0.5851
vn -0.4768 0.6559 -0.5851
vn -0.4769 0.6559 -0.5851
vn -1.0000 -0.0003 -0.0000
vn -0.9511 0.3088 -0.0000
vn 0.9235 0.3277 0.1995
vn 0.8089 0.5880 -0.0000
vn -0.3087 -0.9511 -0.0000
vn -0.3093 0.9510 -0.0000
vn -0.0104 0.0320 -0.9994
vn -0.0270 0.0830 -0.9962
vn 0.8092 -0.5876 -0.0000
vn -0.9506 0.3104 0.0020
vn -0.9096 0.4146 0.0261
vn -0.8948 0.4451 0.0363
vn 0.9515 0.3077 0.0020
vn 0.9796 0.1992 0.0261
vn 0.9855 0.1659 0.0363
vn -0.5889 -0.8082 0.0020
vn -0.6754 -0.7370 0.0261
vn -0.6998 -0.7134 0.0363
vn 0.0014 1.0000 0.0020
vn 0.1132 0.9932 0.0261
vn 0.1468 0.9885 0.0363
vn 0.5866 -0.8099 0.0020
vn 0.4922 -0.8701 0.0261
vn 0.4623 -0.8860 0.0363
vn 0.6430 0.0002 0.7659
vn 0.1985 0.6116 0.7659
vn -0.9025 -0.4308 -0.0000
vn -0.6561 -0.7291 -0.1949
vn -0.6689 -0.7433 -0.0000
vn -0.5201 -0.3781 0.7659
vn -0.9504 -0.3109 0.0020
vn -0.9094 -0.4151 0.0261
vn -0.9494 -0.3140 -0.0000
vn -0.9134 -0.4070 -0.0000
vn -0.6751 -0.7119 -0.1935
vn -0.6881 -0.7256 -0.0000
vn 0.0187 0.0575 0.9982
vn 0.0272 -0.0198 -0.9994
vn 0.0707 -0.0513 -0.9962
vn -0.4157 -0.3022 0.8578
vn -0.3400 -0.2472 0.9073
vn -0.4157 -0.3022 0.8579
vn 0.0272 0.0198 -0.9994
vn 0.0706 0.0514 -0.9962
vn -0.0489 0.0355 0.9982
vn 0.4998 0.8662 -0.0000
vn 0.1278 0.9727 -0.1935
vn 0.1302 0.9915 -0.0000
vn -0.5894 0.8078 0.0020
vn -0.6758 0.7366 0.0261
vn -0.5920 0.8059 -0.0000
vn 0.9517 -0.3071 0.0020
vn 0.9797 -0.1987 0.0261
vn 0.9527 -0.3040 -0.0000
vn 0.5862 0.8102 0.0020
vn 0.4917 0.8704 0.0261
vn 0.5835 0.8121 -0.0000
vn 0.0960 -0.0000 0.9954
vn 0.0731 -0.0000 0.9973
vn 0.0297 -0.0913 0.9954
vn 0.0226 -0.0695 0.9973
vn 0.1989 -0.6115 0.7659
vn -0.0489 -0.0355 0.9982
vn -0.0489 -0.0356 0.9982
vn 0.0020 -1.0000 0.0020
vn 0.1138 -0.9932 0.0261
vn 0.0053 -1.0000 -0.0000
vn 0.0187 -0.0575 0.9982
vn 0.1523 -0.9597 -0.2361
vn 0.1567 -0.9876 -0.0000
vn -0.0777 -0.0565 0.9954
vn -0.1169 -0.0850 0.9895
vn -0.1687 -0.1226 0.9780
vn -0.2119 -0.1540 0.9651
vn -0.2535 -0.1843 0.9496
vn -0.2997 -0.2179 0.9288
vn 0.0577 0.0420 -0.9974
vn 0.0642 0.0467 -0.9968
vn 0.5840 -0.8118 -0.0000
vn 0.0578 -0.0419 -0.9974
vn 0.0642 -0.0466 -0.9968
vn -0.5916 -0.8062 -0.0000
vn -0.0777 0.0564 0.9954
vn -0.1169 0.0849 0.9895
vn -0.1687 0.1225 0.9780
vn -0.2120 0.1539 0.9651
vn -0.2536 0.1842 0.9496
vn -0.2998 0.2177 0.9288
vn -0.3402 0.2470 0.9073
vn -0.9496 0.3135 -0.0000
vn 0.0296 0.0913 0.9954
vn 0.0446 0.1374 0.9895
vn 0.0644 0.1983 0.9780
vn 0.0809 0.2492 0.9651
vn 0.0968 0.2981 0.9496
vn 0.1144 0.3524 0.9288
vn 0.1298 0.3999 0.9073
vn -0.0220 -0.0679 -0.9974
vn -0.0245 -0.0755 -0.9968
vn -0.0270 -0.0831 -0.9962
vn 0.0447 -0.1374 0.9895
vn 0.0645 -0.1983 0.9780
vn 0.0810 -0.2491 0.9651
vn 0.0969 -0.2981 0.9496
vn 0.1146 -0.3524 0.9288
vn 0.1300 -0.3998 0.9073
vn -0.0221 0.0679 -0.9974
vn -0.0245 0.0755 -0.9968
vn 0.9525 0.3045 -0.0000
vn 0.1445 -0.0000 0.9895
vn 0.2085 0.0001 0.9780
vn 0.2620 0.0001 0.9651
vn 0.3135 0.0001 0.9496
vn 0.3705 0.0001 0.9288
vn 0.4204 0.0001 0.9073
vn 0.0047 1.0000 -0.0000
vn -0.0714 -0.0000 -0.9974
vn -0.0794 -0.0000 -0.9968
vn -0.0873 -0.0000 -0.9962
vn -0.0591 -0.0430 0.9973
vn -0.4158 0.3019 0.8578
vn 0.1589 -0.4887 0.8578
vn -0.0336 -0.0000 -0.9994
vn -0.0104 -0.0320 -0.9994
vn 0.5139 0.0001 0.8578
vn 0.1587 0.4888 0.8578
vn 0.9856 -0.1653 0.0363
vn 0.9793 0.1742 0.1028
vn 0.9652 0.2348 0.1152
vn 0.7421 0.6450 0.1824
vn 0.7189 0.6695 0.1870
vn 0.3018 0.9296 0.2116
vn -0.6903 0.7162 0.1028
vn -0.6432 0.7569 0.1152
vn -0.2218 0.9579 0.1824
vn -0.1886 0.9641 0.1870
vn 0.3017 0.9295 0.2123
vn -0.7909 0.5742 0.2116
vn -0.9752 0.1185 0.1870
vn -0.9795 0.0851 0.1824
vn -0.9187 -0.3778 0.1152
vn -0.8944 -0.4352 0.1028
vn -0.7905 -0.5747 0.2116
vn -0.9751 -0.1191 0.1870
vn -0.7904 -0.5746 0.2123
vn -0.9795 -0.0856 0.1824
vn -0.9189 0.3773 0.1152
vn -0.8947 0.4347 0.1028
vn -0.7002 0.7130 0.0363
vn -0.8945 -0.4456 0.0363
vn -0.6899 -0.7165 0.1028
vn -0.6428 -0.7573 0.1152
vn -0.2212 -0.9580 0.1824
vn -0.1881 -0.9642 0.1870
vn 0.3023 -0.9294 0.2116
vn 0.9794 -0.1736 0.1028
vn 0.9653 -0.2343 0.1152
vn 0.7425 -0.6446 0.1824
vn 0.7193 -0.6691 0.1869
vn 0.3022 -0.9293 0.2123
vn 0.9774 0.0003 0.2116
vn 0.8586 0.4773 0.1870
vn 0.8425 0.5069 0.1824
vn 0.5211 0.8457 0.1152
vn 0.4678 0.8778 0.1028
vn 0.4618 0.8863 0.0363
vn 0.1370 0.9852 0.1028
vn 0.0749 0.9905 0.1152
vn -0.3841 0.9051 0.1824
vn -0.4146 0.8906 0.1870
vn -0.4141 -0.8908 0.1870
vn -0.3836 -0.9053 0.1824
vn 0.0755 -0.9905 0.1152
vn 0.1375 -0.9851 0.1028
vn 0.1474 -0.9884 0.0363
vn 0.4683 -0.8776 0.1028
vn 0.5216 -0.8454 0.1152
vn 0.8428 -0.5065 0.1824
vn 0.8589 -0.4768 0.1870
vn 0.0604 -0.0000 0.9982
vn 0.0605 -0.0000 0.9982
vn -0.0591 0.0429 0.9973
vn 0.0226 0.0695 0.9973
vn -0.5203 0.3778 0.7659
vn 0.1589 -0.4887 0.8579
vn 0.5139 0.0001 0.8579
vn 0.1587 0.4888 0.8579
vn 0.1048 -0.9945 -0.0000
vn 0.4684 -0.8621 -0.1935
vn 0.4774 -0.8787 -0.0000
vn -0.6886 0.7252 -0.0000
vn 0.1517 0.9598 -0.2361
vn -0.6755 0.7115 -0.1935
vn 0.1562 0.9877 -0.0000
vn 0.9598 -0.1517 -0.2361
vn -0.8089 -0.5880 -0.0000
vn -0.3987 -0.8961 -0.1949
vn -0.4065 -0.9137 -0.0000
vn 0.9597 0.1523 -0.2361
vn 0.9876 0.1567 -0.0000
vn -0.9945 -0.1048 -0.0000
vn -0.7933 -0.5767 -0.1949
vn 0.3093 -0.9510 -0.0000
vn 0.7291 -0.6561 -0.1949
vn 0.7433 -0.6689 -0.0000
vn -0.9946 0.1042 -0.0000
vn -0.8959 -0.3992 -0.1949
vn -0.2076 -0.9782 -0.0000
vn 0.3034 -0.9327 -0.1949
vn -0.6693 0.7430 -0.0000
vn -0.8856 0.4221 -0.1935
vn -0.9027 0.4303 -0.0000
vn 0.9877 -0.1562 -0.0000
vn 0.1028 -0.9754 -0.1949
vn 0.9832 0.1825 -0.0000
vn 0.4409 0.8659 -0.2361
vn 0.4537 0.8911 -0.0000
vn -0.7073 0.7069 -0.0000
vn -0.6873 0.6869 -0.2361
vn -0.8657 -0.4414 -0.2361
vn -0.8909 -0.4542 -0.0000
vn -0.8659 0.4409 -0.2361
vn -0.8911 0.4537 -0.0000
vn 0.7430 0.6693 -0.0000
vn 0.9593 0.2042 -0.1949
vn 0.7287 0.6565 -0.1949
vn 0.1042 0.9946 -0.0000
vn 0.4679 0.8623 -0.1935
vn 0.1023 0.9755 -0.1949
vn 0.9594 -0.2036 -0.1949
vn 0.9782 -0.2076 -0.0000
vn 0.4769 0.8790 -0.0000
vn -0.9137 0.4065 -0.0000
vn -0.9754 -0.1028 -0.1949
vn -0.7069 -0.7073 -0.0000
vn 0.1283 -0.9727 -0.1935
vn 0.1308 -0.9914 -0.0000
vn 0.9646 0.1791 -0.1935
vn 0.4414 -0.8657 -0.2361
vn 0.4542 -0.8909 -0.0000
vn 0.9833 -0.1820 -0.0000
vn 0.9781 0.2082 -0.0000
vn 0.4907 -0.8493 -0.1949
vn 0.5002 -0.8659 -0.0000
vn 0.3028 0.9329 -0.1949
vn 0.3088 0.9511 -0.0000
vn -0.4070 0.9134 -0.0000
vn -0.3992 0.8959 -0.1949
vn 0.0272 0.2072 -0.9779
vn -0.1481 -0.1482 -0.9778
vn -0.1482 0.1481 -0.9778
vn -0.7937 0.5763 -0.1949
vn -0.9755 0.1022 -0.1949
vn 1.0000 0.0003 -0.0000
vn 0.8493 0.4906 -0.1949
vn 0.8659 0.5002 -0.0000
vn -0.1438 -0.1517 -0.9779
vn 0.2069 0.0328 -0.9778
vn 0.0328 -0.2069 -0.9778
vn -0.8854 -0.4226 -0.1935
vn -0.2082 0.9781 -0.0000
vn -0.2042 0.9593 -0.1949
vn -0.2036 -0.9594 -0.1949
vn -0.6869 -0.6873 -0.2361
vn 0.8496 -0.4902 -0.1949
vn 0.8662 -0.4998 -0.0000
vn 0.9647 -0.1785 -0.1935
vn -0.8092 0.5876 -0.0000
vn -0.8961 0.3987 -0.1949
vn 0.2055 -0.0380 -0.9779
vn -0.1866 -0.0952 -0.9778
vn -0.1887 0.0899 -0.9779
vn 0.4902 0.8496 -0.1949
vn 0.9808 0.0003 -0.1949
vn 0.2055 0.0382 -0.9779
vn -0.1867 0.0951 -0.9778
vn 0.0951 0.1867 -0.9778
vn -0.6565 0.7287 -0.1949
vn -0.1466 -0.1629 -0.9757
vn -0.6500 -0.3103 -0.6937
vn -0.1886 -0.0900 -0.9779
vn -0.4871 -0.5413 -0.6854
vn -0.2002 0.0891 -0.9757
vn -0.4960 0.5223 -0.6937
vn -0.1439 0.1516 -0.9779
vn -0.6653 0.2960 -0.6854
vn -0.7242 -0.0763 -0.6854
vn 0.2143 0.0456 -0.9757
vn 0.5410 0.4874 -0.6854
vn 0.7122 0.1516 -0.6854
vn 0.0677 0.2084 -0.9757
vn 0.1628 0.1467 -0.9757
vn -0.1467 0.1628 -0.9757
vn -0.6502 0.3099 -0.6937
vn -0.4874 0.5410 -0.6854
vn -0.2002 -0.0892 -0.9757
vn -0.4957 -0.5226 -0.6937
vn -0.6651 -0.2964 -0.6854
vn -0.7242 0.0759 -0.6854
vn -0.2180 0.0228 -0.9757
vn -0.0456 0.2144 -0.9757
vn -0.1516 0.7122 -0.6854
vn -0.6270 0.3192 -0.7106
vn 0.3192 0.6270 -0.7106
vn -0.4976 0.4973 -0.7106
vn 0.7083 -0.1311 -0.6937
vn 0.3196 -0.6268 -0.7106
vn -0.6268 -0.3196 -0.7106
vn 0.1103 -0.6949 -0.7106
vn 0.6949 0.1102 -0.7106
vn 0.0327 0.2069 -0.9778
vn 0.6949 -0.1099 -0.7106
vn 0.2069 -0.0327 -0.9778
vn 0.1099 0.6949 -0.7106
vn -0.0455 -0.2144 -0.9757
vn 0.2252 -0.6925 -0.6854
vn -0.1512 -0.7123 -0.6854
vn 0.2144 -0.0455 -0.9757
vn 0.7082 0.1315 -0.6937
vn 0.7123 -0.1512 -0.6854
vn 0.5413 -0.4871 -0.6854
vn 0.1629 -0.1466 -0.9757
vn 0.1898 0.1096 -0.9757
vn 0.7282 0.0002 -0.6854
vn 0.2191 0.0001 -0.9757
vn 0.6305 0.3643 -0.6854
vn 0.1095 0.1898 -0.9757
vn 0.0938 0.7142 -0.6937
vn 0.3639 0.6307 -0.6854
vn 0.0228 0.2180 -0.9757
vn 0.3435 0.6331 -0.6937
vn 0.0997 0.1837 -0.9779
vn 0.0759 0.7242 -0.6854
vn -0.2964 0.6651 -0.6854
vn -0.0892 0.2002 -0.9757
vn -0.5892 0.4279 -0.6854
vn -0.1773 -0.1289 -0.9757
vn -0.2960 -0.6653 -0.6854
vn -0.5890 -0.4282 -0.6854
vn 0.0230 -0.2179 -0.9757
vn -0.0891 -0.2002 -0.9757
vn 0.0763 -0.7242 -0.6854
vn 0.3439 -0.6329 -0.6937
vn 0.1096 -0.1898 -0.9757
vn 0.0942 -0.7141 -0.6937
vn 0.0273 -0.2072 -0.9779
vn 0.3643 -0.6305 -0.6854
vn 0.1898 -0.1095 -0.9757
vn -0.4974 -0.4976 -0.7106
vn 0.0998 -0.1837 -0.9779
vn 0.0952 -0.1866 -0.9778
vn 0.2248 0.6926 -0.6854
vn -0.1773 0.1288 -0.9757
vn -0.2179 -0.0230 -0.9757
vn 0.0678 -0.2084 -0.9757
vn 0.6307 -0.3639 -0.6854
vn -0.0000 -0.0000 -1.0000
vn -0.0000 -0.0000 1.0000
vn 0.5880 -0.8088 -0.0000
vn -0.7712 -0.2508 -0.5851
vn -0.4765 -0.6562 -0.5851
vn 0.4769 -0.6559 -0.5851
vn 0.7713 -0.2504 -0.5851
vn 0.4765 0.6562 -0.5851
vn -0.7713 0.2504 -0.5851
vn 0.0002 -0.8110 -0.5851
vn 0.7712 0.2508 -0.5851
vn 0.2460 -0.0542 0.9678
vn 0.2677 -0.1884 0.9449
vn 0.2731 -0.0532 0.9605
vn 0.0638 -0.9426 0.3278
vn 0.0714 -0.9711 0.2279
vn 0.1085 -0.9150 0.3886
vn 0.2812 -0.1760 0.9434
vn 0.2851 -0.0498 0.9572
vn 0.2466 -0.0000 0.9691
vn 0.2736 -0.0000 0.9618
vn 0.8524 -0.0000 0.5228
vn 0.8565 -0.0400 0.5146
vn 0.2407 -0.1915 0.9515
vn 0.9656 0.0394 -0.2569
vn 0.5797 -0.5673 -0.5849
vn 0.9678 0.0395 -0.2487
vn 0.9624 0.0348 -0.2694
vn 0.6325 -0.6529 -0.4168
vn 0.9639 0.0378 -0.2635
vn 0.0682 -0.9067 0.4162
vn 0.0703 -0.6861 0.7241
vn 0.0697 -0.8747 0.4796
vn 0.2339 -0.4388 0.8676
vn 0.2094 -0.7090 0.6734
vn 0.2623 -0.4137 0.8718
vn 0.2677 0.1884 0.9449
vn 0.2120 0.3540 0.9109
vn 0.2407 0.1915 0.9515
vn 0.0454 -0.9726 0.2282
vn 0.0497 -0.9807 0.1892
vn 0.0905 -0.9619 0.2581
vn 0.1391 -0.8976 0.4183
vn 0.1890 -0.5286 0.8275
vn 0.1741 -0.7371 0.6530
vn 0.9704 -0.0346 -0.2389
vn 0.5350 0.3595 -0.7646
vn 0.5512 0.4679 -0.6908
vn 0.7111 -0.7022 -0.0358
vn 0.0269 -0.9817 0.1887
vn 0.6868 -0.7248 -0.0554
vn 0.0264 -0.9530 0.3020
vn 0.0462 -0.9513 0.3047
vn 0.2845 -0.0000 0.9587
vn 0.2689 -0.0415 0.9623
vn 0.2692 -0.0000 0.9631
vn 0.0610 -0.9358 0.3471
vn 0.0663 -0.9728 0.2219
vn 0.0628 -0.1037 0.9926
vn 0.0621 -0.0542 0.9966
vn 0.0623 -0.0515 0.9967
vn 0.0621 -0.0180 0.9979
vn 0.0624 -0.0166 0.9979
vn 0.0624 -0.0501 0.9968
vn 0.0627 -0.1013 0.9929
vn 0.0627 -0.1794 0.9818
vn 0.0631 -0.1787 0.9819
vn 0.7425 -0.1486 0.6532
vn 0.0631 -0.1055 0.9924
vn 0.7544 0.0242 0.6560
vn 0.7442 0.1712 0.6457
vn 0.6458 0.4511 0.6160
vn 0.3474 0.6844 0.6410
vn 0.1213 0.7156 0.6879
vn 0.0552 0.7077 0.7043
vn 0.2174 -0.6667 0.7129
vn 0.1503 -0.8371 0.5260
vn 0.2114 -0.6264 0.7503
vn 0.0621 -0.0161 0.9979
vn 0.0421 0.7044 0.7086
vn 0.0636 -0.0973 0.9932
vn 0.0667 -0.0509 0.9965
vn 0.0653 -0.0986 0.9930
vn 0.0637 -0.0485 0.9968
vn 0.0669 -0.0166 0.9976
vn 0.0645 -0.1619 0.9847
vn -0.6546 -0.0319 0.7553
vn -0.6474 -0.0818 0.7577
vn 0.0639 -0.1623 0.9847
vn 0.0628 -0.0987 0.9931
vn 0.0624 -0.0489 0.9969
vn 0.0633 -0.0153 0.9979
vn 0.0622 -0.0157 0.9979
vn 0.0286 0.7082 0.7055
vn 0.0634 -0.1736 0.9828
vn -0.0364 0.7158 0.6974
vn -0.2570 0.6857 0.6810
vn -0.5521 0.4616 0.6943
vn -0.6496 0.1861 0.7372
vn -0.6588 0.0470 0.7509
vn 0.0635 -0.1669 0.9839
vn 0.0410 0.7044 0.7086
vn 0.1006 -0.9444 0.3130
vn 0.1505 -0.8682 0.4728
vn 0.0831 -0.9178 0.3883
vn 0.1267 -0.8278 0.5465
vn 0.1021 -0.9241 0.3682
vn 0.0612 -0.9320 0.3572
vn 0.1827 -0.6152 0.7669
vn -0.6201 -0.4826 0.6185
vn -0.6148 -0.3295 0.7165
vn 0.0764 -0.9380 0.3382
vn 0.0748 -0.9570 0.2802
vn 0.0581 -0.8657 0.4972
vn -0.6035 -0.5548 0.5727
vn -0.6200 -0.6001 0.5055
vn -0.6235 -0.5739 0.5309
vn 0.2807 -0.1598 0.9464
vn 0.2841 -0.0453 0.9577
vn 0.2343 -0.1425 0.9617
vn 0.2374 -0.0405 0.9706
vn 0.2660 -0.1461 0.9528
vn 0.2207 -0.3401 0.9141
vn 0.2378 -0.0000 0.9713
vn -0.5455 -0.0230 0.8378
vn -0.5385 -0.0000 0.8426
vn 0.2521 -0.3482 0.9029
vn 0.2643 -0.3789 0.8869
vn 0.2855 -0.0000 0.9584
vn -0.5858 -0.1805 0.7901
vn -0.5604 -0.0784 0.8245
vn 0.0654 -0.7848 0.6162
vn 0.0683 -0.4826 0.8732
vn 0.0700 -0.7335 0.6761
vn 0.0667 -0.5293 0.8458
vn 0.0652 -0.2852 0.9563
vn 0.0678 -0.4454 0.8928
vn 0.0648 -0.3070 0.9495
vn 0.0543 -0.8170 0.5740
vn 0.0612 -0.5631 0.8241
vn 0.0630 -0.3237 0.9441
vn 0.0636 0.0973 0.9932
vn 0.0635 0.1669 0.9839
vn 0.0639 0.1623 0.9847
vn 0.0624 0.0489 0.9969
vn 0.0627 0.1013 0.9929
vn 0.0628 0.0987 0.9931
vn 0.0651 -0.2691 0.9609
vn 0.0646 -0.4375 0.8969
vn 0.0629 -0.6746 0.7355
vn 0.0644 -0.2660 0.9618
vn -0.5976 -0.4162 0.6853
vn -0.6346 -0.1406 0.7600
vn -0.6150 -0.2427 0.7502
vn 0.0390 -0.8209 0.5698
vn 0.0526 -0.5677 0.8215
vn 0.6713 -0.7395 0.0505
vn 0.6806 -0.6694 0.2977
vn 0.7083 -0.4807 0.5169
vn 0.0599 -0.3261 0.9435
vn 0.7289 -0.2777 0.6257
vn 0.2460 0.0542 0.9678
vn 0.2731 0.0532 0.9605
vn 0.0714 0.9711 0.2279
vn 0.0638 0.9426 0.3278
vn 0.1085 0.9150 0.3886
vn 0.2812 0.1760 0.9434
vn 0.2851 0.0498 0.9572
vn 0.2623 0.4137 0.8718
vn 0.2094 0.7090 0.6734
vn 0.2339 0.4388 0.8676
vn 0.0703 0.6861 0.7241
vn 0.0682 0.9067 0.4162
vn 0.0697 0.8747 0.4796
vn 0.2120 -0.3540 0.9109
vn 0.0914 0.8880 0.4507
vn 0.7847 0.5827 0.2117
vn 0.1186 0.8140 0.5686
vn 0.8565 0.0400 0.5146
vn 0.9704 0.0349 -0.2391
vn 0.0497 0.9807 0.1892
vn 0.0454 0.9726 0.2282
vn 0.0905 0.9619 0.2581
vn 0.1391 0.8976 0.4183
vn 0.0663 0.9728 0.2219
vn 0.0610 0.9358 0.3471
vn 0.2689 0.0415 0.9623
vn 0.0462 0.9513 0.3047
vn 0.0269 0.9817 0.1887
vn 0.0264 0.9530 0.3020
vn 0.6868 0.7248 -0.0554
vn 0.7111 0.7022 -0.0358
vn 0.9725 0.0282 -0.2313
vn 0.5459 -0.4668 -0.6958
vn 0.5374 -0.3502 -0.7672
vn 0.1741 0.7371 0.6530
vn 0.1890 0.5286 0.8275
vn 0.0628 0.1037 0.9926
vn 0.0621 0.0542 0.9966
vn 0.0631 0.1055 0.9924
vn 0.0623 0.0515 0.9967
vn 0.0621 0.0180 0.9979
vn 0.0624 0.0501 0.9968
vn 0.0621 0.0161 0.9979
vn 0.0552 -0.7077 0.7043
vn 0.0624 0.0166 0.9979
vn 0.1503 0.8371 0.5260
vn 0.2174 0.6667 0.7129
vn 0.2114 0.6264 0.7503
vn 0.1213 -0.7156 0.6879
vn 0.6458 -0.4511 0.6160
vn 0.7442 -0.1712 0.6457
vn 0.7544 -0.0242 0.6560
vn 0.7501 0.0701 0.6577
vn 0.7425 0.1486 0.6532
vn 0.0627 0.1794 0.9818
vn 0.0631 0.1787 0.9819
vn 0.0667 0.0509 0.9965
vn 0.0653 0.0986 0.9930
vn 0.0669 0.0166 0.9976
vn 0.0637 0.0485 0.9968
vn -0.6546 0.0319 0.7553
vn 0.0645 0.1619 0.9847
vn -0.6474 0.0818 0.7577
vn -0.6588 -0.0470 0.7509
vn -0.6496 -0.1861 0.7372
vn -0.5521 -0.4616 0.6943
vn -0.0364 -0.7158 0.6974
vn 0.0633 0.0153 0.9979
vn 0.0286 -0.7082 0.7055
vn 0.0634 0.1736 0.9828
vn 0.0622 0.0157 0.9979
vn 0.0410 -0.7044 0.7086
vn 0.0421 -0.7044 0.7086
vn 0.1006 0.9444 0.3130
vn 0.1505 0.8682 0.4728
vn 0.0831 0.9178 0.3883
vn 0.1267 0.8278 0.5465
vn 0.0612 0.9320 0.3572
vn 0.1021 0.9241 0.3682
vn -0.6201 0.4826 0.6185
vn 0.1827 0.6152 0.7669
vn -0.6148 0.3295 0.7165
vn -0.6235 0.5739 0.5309
vn -0.6200 0.6001 0.5055
vn -0.6035 0.5548 0.5727
vn 0.0581 0.8657 0.4972
vn 0.0764 0.9380 0.3382
vn 0.0748 0.9570 0.2802
vn 0.2807 0.1598 0.9464
vn 0.2841 0.0453 0.9577
vn 0.2343 0.1425 0.9617
vn 0.2374 0.0405 0.9706
vn 0.2207 0.3401 0.9141
vn 0.2660 0.1461 0.9528
vn -0.5455 0.0230 0.8378
vn -0.5604 0.0784 0.8245
vn -0.5858 0.1805 0.7901
vn 0.2521 0.3482 0.9029
vn 0.2643 0.3789 0.8869
vn 0.0683 0.4826 0.8732
vn 0.0654 0.7848 0.6162
vn 0.0700 0.7335 0.6761
vn 0.0652 0.2852 0.9563
vn 0.0667 0.5293 0.8458
vn 0.0648 0.3070 0.9495
vn 0.0678 0.4454 0.8928
vn 0.0651 0.2691 0.9609
vn 0.0630 0.3237 0.9441
vn 0.0612 0.5631 0.8241
vn 0.0543 0.8170 0.5740
vn -0.0636 0.0973 -0.9932
vn -0.0635 0.1666 -0.9840
vn -0.0638 0.1622 -0.9847
vn 0.0646 0.4375 0.8969
vn 0.0629 0.6746 0.7355
vn 0.0644 0.2660 0.9618
vn -0.5976 0.4162 0.6853
vn -0.6150 0.2427 0.7502
vn -0.6346 0.1406 0.7600
vn 0.0390 0.8209 0.5698
vn 0.0526 0.5677 0.8215
vn 0.0599 0.3261 0.9435
vn 0.7289 0.2777 0.6257
vn 0.7083 0.4807 0.5169
vn 0.6806 0.6694 0.2977
vn 0.6713 0.7395 0.0505
vn -0.2696 0.1889 -0.9443
vn -0.2459 0.0542 -0.9678
vn -0.2730 0.0532 -0.9605
vn -0.0713 0.9711 -0.2279
vn -0.0738 0.9401 -0.3328
vn -0.0999 0.9383 -0.3311
vn -0.2801 0.1768 -0.9435
vn -0.2851 0.0499 -0.9572
vn -0.2465 -0.0000 -0.9691
vn -0.2735 -0.0000 -0.9619
vn 0.5225 -0.0000 -0.8527
vn -0.2402 0.1909 -0.9518
vn 0.5152 0.0368 -0.8563
vn -0.1292 0.8879 -0.4414
vn -0.1363 0.8067 -0.5750
vn -0.1630 0.8036 -0.5725
vn -0.1021 0.8919 -0.4405
vn 0.5779 0.5646 -0.5894
vn -0.2065 0.7092 -0.6741
vn -0.2306 0.5156 -0.8252
vn -0.2594 0.4135 -0.8728
vn -0.0701 0.6851 -0.7251
vn -0.0686 0.9068 -0.4159
vn -0.0695 0.8746 -0.4798
vn 0.7322 0.6799 0.0407
vn -0.2525 0.3579 -0.8990
vn -0.0900 0.9617 -0.2589
vn -0.1367 0.8976 -0.4190
vn -0.0498 0.9807 -0.1890
vn -0.0454 0.9726 -0.2282
vn -0.2682 -0.1878 -0.9449
vn -0.2142 -0.4379 -0.8732
vn -0.2622 -0.4136 -0.8719
vn 0.8320 -0.3798 0.4045
vn 0.1583 -0.6591 0.7352
vn 0.8610 -0.1392 0.4891
vn -0.0269 0.9817 -0.1887
vn 0.6483 0.6760 -0.3503
vn -0.0264 0.9529 -0.3020
vn 0.6709 0.6639 -0.3303
vn -0.0467 0.9515 -0.3040
vn -0.2690 0.0415 -0.9623
vn -0.2845 -0.0000 -0.9587
vn -0.2692 -0.0000 -0.9631
vn -0.0614 0.9361 -0.3462
vn -0.0665 0.9729 -0.2214
vn -0.0628 0.1036 -0.9926
vn -0.0620 0.0542 -0.9966
vn -0.0631 0.1055 -0.9924
vn -0.0623 0.0515 -0.9967
vn -0.0621 0.0180 -0.9979
vn -0.0624 0.0501 -0.9968
vn -0.0627 0.1013 -0.9929
vn -0.0627 0.1794 -0.9818
vn -0.0631 0.1786 -0.9819
vn 0.6754 0.1007 -0.7305
vn 0.6775 0.1097 -0.7273
vn 0.6739 0.0798 -0.7345
vn 0.6628 0.2130 -0.7179
vn 0.5613 0.4632 -0.6859
vn 0.0337 0.7221 -0.6910
vn -0.0624 0.0166 -0.9979
vn -0.0325 0.7141 -0.6993
vn -0.1506 0.8374 -0.5254
vn -0.2174 0.6669 -0.7127
vn -0.2119 0.6267 -0.7498
vn -0.0621 0.0161 -0.9979
vn -0.0667 0.0509 -0.9965
vn -0.0653 0.0986 -0.9930
vn -0.0669 0.0166 -0.9976
vn -0.0637 0.0485 -0.9968
vn -0.7590 0.1116 -0.6414
vn -0.0645 0.1618 -0.9847
vn -0.7553 0.1531 -0.6373
vn -0.0628 0.0986 -0.9931
vn -0.0633 0.0153 -0.9979
vn -0.0624 0.0489 -0.9969
vn -0.0591 0.7132 -0.6985
vn -0.0622 0.0157 -0.9979
vn -0.0634 0.1733 -0.9828
vn -0.1238 0.7208 -0.6820
vn -0.6380 0.4729 -0.6076
vn -0.7465 0.2252 -0.6262
vn -0.7622 0.1284 -0.6345
vn -0.0467 0.7100 -0.7026
vn -0.1007 0.9445 -0.3127
vn -0.1505 0.8684 -0.4725
vn -0.0832 0.9178 -0.3882
vn -0.1268 0.8279 -0.5464
vn -0.0611 0.9321 -0.3571
vn -0.1022 0.9243 -0.3678
vn -0.7290 0.6546 -0.2002
vn -0.1832 0.6152 -0.7668
vn -0.7708 0.4963 -0.3994
vn -0.0764 0.9381 -0.3379
vn -0.0750 0.9572 -0.2797
vn -0.2016 0.6621 -0.7218
vn -0.2034 0.5194 -0.8299
vn -0.0579 0.8656 -0.4974
vn -0.7141 0.6969 -0.0662
vn -0.6977 0.7164 0.0061
vn -0.7032 0.7093 -0.0490
vn -0.2807 0.1599 -0.9464
vn -0.2841 0.0453 -0.9577
vn -0.2345 0.1425 -0.9616
vn -0.2375 0.0405 -0.9705
vn -0.2211 0.3401 -0.9140
vn -0.2661 0.1461 -0.9528
vn -0.8399 0.0335 -0.5416
vn -0.2378 -0.0000 -0.9713
vn -0.8432 -0.0000 -0.5376
vn -0.2524 0.3483 -0.9027
vn -0.2643 0.3790 -0.8869
vn -0.2855 -0.0000 -0.9584
vn -0.8111 0.2784 -0.5144
vn -0.8315 0.1173 -0.5430
vn -0.0681 0.4806 -0.8743
vn -0.0657 0.7849 -0.6162
vn -0.0702 0.7325 -0.6771
vn -0.0651 0.2841 -0.9566
vn -0.0667 0.5282 -0.8465
vn -0.0676 0.4440 -0.8935
vn -0.0647 0.3061 -0.9498
vn -0.0549 0.8175 -0.5733
vn -0.0615 0.5630 -0.8242
vn -0.0631 0.3234 -0.9441
vn -0.0635 -0.1666 -0.9840
vn -0.0636 -0.0973 -0.9932
vn -0.0638 -0.1622 -0.9847
vn -0.0627 -0.1013 -0.9929
vn -0.0624 -0.0489 -0.9969
vn -0.0628 -0.0986 -0.9931
vn -0.0650 0.2685 -0.9611
vn -0.0646 0.4368 -0.8972
vn -0.0630 0.6741 -0.7360
vn -0.0644 0.2658 -0.9619
vn -0.7384 0.5994 -0.3090
vn -0.7538 0.2539 -0.6061
vn -0.7446 0.4236 -0.5159
vn -0.0391 0.8207 -0.5700
vn -0.0529 0.5674 -0.8217
vn 0.6867 0.5951 -0.4174
vn 0.7088 0.4363 -0.5543
vn -0.0600 0.3258 -0.9435
vn 0.7097 0.2608 -0.6545
vn 0.6948 0.1600 -0.7012
vn -0.2459 -0.0542 -0.9678
vn -0.2730 -0.0532 -0.9605
vn -0.0949 -0.9078 -0.4084
vn -0.0722 -0.9708 -0.2287
vn -0.0904 -0.9619 -0.2581
vn -0.2812 -0.1760 -0.9434
vn -0.2851 -0.0499 -0.9572
vn -0.2402 -0.1909 -0.9518
vn -0.2356 -0.3416 -0.9098
vn -0.0686 -0.9068 -0.4159
vn -0.0701 -0.6851 -0.7251
vn -0.0695 -0.8746 -0.4798
vn -0.1447 -0.7378 -0.6593
vn -0.1124 -0.8852 -0.4514
vn -0.1387 -0.8976 -0.4184
vn 0.7323 -0.6798 0.0398
vn -0.1347 -0.8116 -0.5684
vn -0.1381 -0.8216 -0.5530
vn 0.5152 -0.0368 -0.8563
vn -0.0454 -0.9726 -0.2282
vn -0.0498 -0.9807 -0.1890
vn -0.0708 -0.9432 -0.3246
vn -0.0891 -0.9462 -0.3109
vn -0.0665 -0.9729 -0.2214
vn -0.0614 -0.9361 -0.3462
vn -0.2690 -0.0415 -0.9623
vn -0.0269 -0.9817 -0.1887
vn -0.0467 -0.9515 -0.3040
vn 0.6709 -0.6639 -0.3303
vn -0.0264 -0.9529 -0.3020
vn 0.6483 -0.6760 -0.3503
vn 0.8610 0.1392 0.4891
vn -0.2056 -0.5080 -0.8365
vn -0.1813 -0.6406 -0.7461
vn -0.1935 -0.5148 -0.8352
vn -0.0628 -0.1036 -0.9926
vn -0.0620 -0.0542 -0.9966
vn -0.0623 -0.0515 -0.9967
vn -0.0621 -0.0180 -0.9979
vn -0.0624 -0.0166 -0.9979
vn -0.0624 -0.0501 -0.9968
vn -0.0621 -0.0161 -0.9979
vn -0.0325 -0.7141 -0.6993
vn -0.0456 -0.7102 -0.7025
vn -0.2174 -0.6669 -0.7127
vn -0.1506 -0.8374 -0.5254
vn -0.2119 -0.6267 -0.7498
vn 0.0337 -0.7221 -0.6910
vn 0.5613 -0.4632 -0.6859
vn 0.2640 -0.6917 -0.6722
vn 0.6628 -0.2130 -0.7179
vn -0.0631 -0.1055 -0.9924
vn 0.6775 -0.1097 -0.7273
vn 0.6754 -0.1007 -0.7305
vn -0.0627 -0.1794 -0.9818
vn -0.0631 -0.1786 -0.9819
vn -0.0667 -0.0509 -0.9965
vn -0.0653 -0.0986 -0.9930
vn -0.0637 -0.0485 -0.9968
vn -0.0669 -0.0166 -0.9976
vn -0.0645 -0.1618 -0.9847
vn -0.7590 -0.1116 -0.6414
vn -0.7553 -0.1531 -0.6373
vn -0.7622 -0.1284 -0.6345
vn -0.7465 -0.2252 -0.6262
vn -0.6380 -0.4729 -0.6076
vn -0.1238 -0.7208 -0.6820
vn -0.3422 -0.6919 -0.6357
vn -0.0633 -0.0153 -0.9979
vn -0.0591 -0.7132 -0.6985
vn -0.0634 -0.1733 -0.9828
vn -0.0622 -0.0157 -0.9979
vn -0.0467 -0.7100 -0.7026
vn -0.1007 -0.9445 -0.3127
vn -0.1505 -0.8684 -0.4725
vn -0.0832 -0.9178 -0.3882
vn -0.1268 -0.8279 -0.5464
vn -0.1022 -0.9243 -0.3678
vn -0.0611 -0.9321 -0.3571
vn -0.1832 -0.6152 -0.7668
vn -0.7290 -0.6546 -0.2002
vn -0.7708 -0.4963 -0.3994
vn -0.7032 -0.7093 -0.0490
vn -0.6977 -0.7164 0.0061
vn -0.7141 -0.6969 -0.0662
vn -0.0764 -0.9381 -0.3379
vn -0.0579 -0.8656 -0.4974
vn -0.2094 -0.7090 -0.6734
vn -0.0750 -0.9572 -0.2797
vn -0.2807 -0.1599 -0.9464
vn -0.2841 -0.0453 -0.9577
vn -0.2345 -0.1425 -0.9616
vn -0.2375 -0.0405 -0.9705
vn -0.2661 -0.1461 -0.9528
vn -0.2211 -0.3401 -0.9140
vn -0.8399 -0.0335 -0.5416
vn -0.8315 -0.1173 -0.5430
vn -0.8111 -0.2784 -0.5144
vn -0.2524 -0.3483 -0.9027
vn -0.2643 -0.3790 -0.8869
vn -0.0657 -0.7849 -0.6162
vn -0.0681 -0.4806 -0.8743
vn -0.0702 -0.7325 -0.6771
vn -0.0667 -0.5282 -0.8465
vn -0.0651 -0.2841 -0.9566
vn -0.0647 -0.3061 -0.9498
vn -0.0676 -0.4440 -0.8935
vn -0.0650 -0.2685 -0.9611
vn -0.0631 -0.3234 -0.9441
vn -0.0615 -0.5630 -0.8242
vn -0.0549 -0.8175 -0.5733
vn -0.0025 1.0000 0.0043
vn -0.0456 0.7102 -0.7025
vn -0.0646 -0.4368 -0.8972
vn -0.0630 -0.6741 -0.7360
vn -0.0644 -0.2658 -0.9619
vn -0.7384 -0.5994 -0.3090
vn -0.7446 -0.4236 -0.5159
vn -0.7538 -0.2539 -0.6061
vn -0.0391 -0.8207 -0.5700
vn -0.0529 -0.5674 -0.8217
vn -0.0600 -0.3258 -0.9435
vn 0.6948 -0.1600 -0.7012
vn 0.7097 -0.2608 -0.6545
vn 0.7088 -0.4363 -0.5543
vn 0.6867 -0.5951 -0.4174
vn 0.9980 0.0077 -0.0626
vn 0.9940 0.0933 -0.0570
vn 0.9632 0.2630 -0.0546
vn 0.7964 0.6031 -0.0455
vn -0.9958 0.0522 0.0747
vn -0.9922 0.0851 0.0910
vn -0.9803 0.1396 0.1398
vn -0.9607 0.1629 0.2247
vn -0.9338 0.1417 0.3285
vn -0.1750 0.6699 -0.7215
vn 0.6287 0.6530 -0.4222
vn 0.9624 -0.0348 -0.2694
vn 0.9610 -0.0412 -0.2733
vn 0.9608 -0.0725 -0.2676
vn -0.9297 0.0914 0.3567
vn -0.9345 0.0795 0.3469
vn -0.9445 0.0871 0.3169
vn -0.9602 0.0811 0.2671
vn 0.9735 -0.0030 -0.2286
vn 0.9737 -0.0109 -0.2274
vn 0.5052 0.1324 -0.8528
vn -0.2250 0.3659 -0.9031
vn 0.1583 0.6591 0.7352
vn 0.8318 0.3799 0.4047
vn -0.9712 0.0545 0.2318
vn -0.9753 0.0243 0.2197
vn -0.9759 0.0070 0.2183
vn -0.9758 -0.0000 0.2185
vn -0.0025 -1.0000 0.0043
vn 0.0160 -0.9999 0.0033
vn -0.1108 0.9938 0.0113
vn -0.3986 0.9166 0.0311
vn -0.3422 0.6919 -0.6357
vn -0.7852 0.6165 0.0576
vn 0.4060 0.9137 -0.0205
vn 0.2640 0.6917 -0.6722
vn 0.1072 0.9942 -0.0021
vn 0.0160 0.9999 0.0033
vn -0.0214 0.9998 0.0053
vn -0.0040 -1.0000 0.0043
vn 0.9714 -0.1101 -0.2101
vn 0.9835 -0.1138 -0.1409
vn 0.9938 -0.0682 -0.0874
vn 0.9971 -0.0307 -0.0694
vn -0.9569 0.2817 0.0712
vn -0.9897 0.1223 0.0741
vn -0.9958 0.0568 0.0724
vn 0.9980 -0.0077 -0.0626
vn 0.9971 0.0307 -0.0694
vn 0.9940 -0.0933 -0.0570
vn 0.6739 -0.0798 -0.7345
vn 0.9632 -0.2630 -0.0546
vn 0.7964 -0.6031 -0.0455
vn -0.9958 -0.0522 0.0748
vn -0.9922 -0.0851 0.0910
vn -0.9803 -0.1396 0.1398
vn -0.9338 -0.1417 0.3285
vn -0.9607 -0.1629 0.2247
vn -0.0993 -0.8971 -0.4304
vn 0.9610 0.0412 -0.2733
vn -0.9297 -0.0914 0.3567
vn -0.9345 -0.0795 0.3469
vn -0.9445 -0.0871 0.3169
vn -0.9602 -0.0811 0.2671
vn 0.9735 0.0030 -0.2286
vn 0.9734 -0.0000 -0.2291
vn 0.9737 0.0109 -0.2274
vn 0.5052 -0.1324 -0.8528
vn -0.2250 -0.3659 -0.9030
vn -0.1759 -0.6644 -0.7264
vn -0.9712 -0.0545 0.2318
vn -0.9753 -0.0243 0.2197
vn -0.9759 -0.0070 0.2183
vn -0.0040 1.0000 0.0043
vn -0.1108 -0.9938 0.0113
vn -0.0214 -0.9998 0.0053
vn -0.3986 -0.9166 0.0311
vn 0.4060 -0.9137 -0.0205
vn 0.1072 -0.9942 -0.0021
vn 0.9608 0.0725 -0.2676
vn 0.9835 0.1138 -0.1409
vn 0.9714 0.1101 -0.2101
vn 0.9938 0.0682 -0.0874
vn -0.7852 -0.6165 0.0576
vn -0.9569 -0.2817 0.0712
vn -0.9897 -0.1223 0.0741
vn -0.9958 -0.0568 0.0724
vn 0.7852 -0.5821 0.2113
vn 0.0914 -0.8880 0.4507
vn 0.1186 -0.8140 0.5686
vn 0.5199 0.2532 -0.8158
vn 0.9734 -0.0204 -0.2281
vn 0.5199 -0.2532 -0.8158
vn 0.6105 0.6178 -0.4956
vn 0.6109 -0.6229 -0.4886
vn 0.9638 -0.0375 -0.2638
vn 0.7521 -0.6480 0.1197
vn 0.9656 -0.0390 -0.2570
vn 0.8476 0.2677 0.4581
vn 0.9679 -0.0386 -0.2485
vn 0.8132 -0.4861 0.3199
vn 0.9722 -0.0284 -0.2323
vn 0.8476 -0.2677 0.4581
vn 0.8131 0.4866 0.3195
vn 0.7518 0.6483 0.1203
vn -0.7283 -0.0886 0.6795
vn -0.5813 -0.1231 0.8043
vn -0.7345 -0.0112 0.6785
vn -0.5594 -0.1061 0.8221
vn -0.4957 -0.1955 0.8462
vn -0.5606 -0.0723 0.8249
vn -0.6393 0.0322 0.7682
vn -0.7359 0.1568 0.6587
vn -0.4939 -0.1258 0.8604
vn -0.4300 -0.1930 0.8820
vn -0.4721 -0.1152 0.8740
vn -0.3021 -0.1338 0.9439
vn -0.2528 -0.1152 0.9607
vn -0.4333 -0.1346 0.8912
vn -0.4738 0.0302 0.8801
vn -0.5958 0.0910 0.7980
vn -0.2499 0.0100 0.9682
vn -0.2593 0.1819 0.9485
vn -0.4476 0.2255 0.8653
vn -0.5503 0.2759 0.7880
vn -0.6516 0.1631 0.7408
vn -0.7182 0.2718 0.6406
vn -0.6043 0.3561 0.7127
vn -0.6429 0.4588 0.6133
vn -0.9362 -0.0817 0.3419
vn -0.9434 -0.0368 0.3295
vn -0.9295 -0.0448 0.3661
vn -0.9532 -0.0126 0.3020
vn -0.9535 -0.0446 0.2981
vn -0.9599 -0.0076 0.2802
vn -0.9861 -0.0269 0.1642
vn -0.9785 -0.0177 0.2056
vn -0.9563 0.0020 0.2925
vn -0.9497 0.0209 0.3124
vn -0.9516 0.0124 0.3071
vn -0.9855 0.0347 0.1658
vn -0.9871 0.0061 0.1599
vn -0.9886 -0.0085 0.1505
vn -0.9784 0.0284 -0.2047
vn -0.9789 -0.0016 -0.2044
vn -0.9773 0.0758 -0.1981
vn -0.8119 0.1030 -0.5746
vn -0.8135 0.0502 -0.5793
vn -0.8181 0.0104 -0.5750
vn -0.9903 -0.0095 -0.1389
vn -0.9833 -0.0201 -0.1810
vn -0.8304 -0.0076 -0.5570
vn -0.8462 -0.0059 -0.5328
vn -0.8700 0.2852 0.4022
vn -0.8531 0.1177 0.5083
vn -0.8317 0.2622 0.4894
vn -0.8873 0.1584 0.4331
vn -0.8497 -0.0701 0.5227
vn -0.8124 -0.0828 0.5771
vn -0.7995 0.1163 0.5893
vn -0.7654 0.2636 0.5871
vn -0.8860 -0.0415 0.4617
vn -0.8089 -0.2417 0.5360
vn -0.8469 -0.2491 0.4698
vn -0.8266 -0.1319 0.5471
vn -0.7988 -0.1811 0.5737
vn -0.7847 -0.2595 0.5629
vn -0.7701 -0.2658 0.5800
vn -0.7748 -0.0524 0.6300
vn -0.7902 -0.1686 0.5893
vn -0.7994 -0.1529 0.5810
vn -0.7864 -0.2502 0.5648
vn -0.7967 -0.0489 0.6024
vn -0.7647 0.1421 0.6285
vn -0.7455 0.2804 0.6046
vn -0.8010 0.1248 0.5855
vn -0.7573 0.3179 0.5705
vn -0.7874 -0.1369 0.6010
vn -0.7805 -0.2144 0.5873
vn -0.8064 -0.1372 0.5753
vn -0.9291 -0.1068 0.3540
vn -0.7897 -0.1631 0.5914
vn -0.9260 -0.0775 0.3694
vn -0.8081 -0.0621 0.5858
vn -0.7735 -0.0460 0.6322
vn -0.9228 -0.0107 0.3852
vn -0.9021 0.0472 0.4290
vn -0.8635 0.1756 0.4728
vn -0.9042 0.0211 0.4265
vn -0.8629 0.1487 0.4830
vn -0.8220 0.2683 0.5024
vn -0.7331 0.4533 0.5070
vn -0.8003 0.3271 0.5026
vn -0.7808 0.0856 0.6189
vn -0.7996 0.0700 0.5964
vn -0.7588 0.2568 0.5985
vn -0.7506 0.2732 0.6017
vn -0.7316 0.3961 -0.5549
vn -0.9309 0.2738 -0.2416
vn -0.8236 0.4425 -0.3549
vn -0.7765 0.2958 -0.5563
vn -0.9707 0.1526 -0.1854
vn -0.9856 0.0990 0.1371
vn -0.9678 0.2479 0.0441
vn -0.8798 0.4565 -0.1327
vn -0.8136 0.2070 -0.5432
vn -0.9820 0.1129 -0.1514
vn -0.8245 0.1656 -0.5410
vn -0.9834 0.0454 0.1758
vn -0.9534 0.0012 0.3018
vn -0.9643 0.0637 0.2572
vn -0.9397 0.0052 0.3419
vn -0.9412 -0.0556 0.3333
vn -0.9578 0.0321 0.2855
vn -0.9611 0.2137 0.1749
vn -0.9028 0.4289 0.0321
vn -0.9591 0.1786 0.2195
vn -0.9106 0.3986 0.1091
vn -0.8763 -0.0386 0.4802
vn -0.8575 -0.2784 0.4327
vn -0.8745 -0.0498 0.4825
vn -0.8398 -0.2839 0.4628
vn -0.9016 -0.0799 0.4250
vn -0.9293 -0.0650 0.3635
vn -0.9036 -0.1731 0.3917
vn -0.9092 -0.0070 0.4164
vn -0.8662 -0.0829 0.4928
vn -0.9011 0.1276 0.4144
vn -0.8731 0.0776 0.4814
vn -0.9029 -0.0813 0.4220
vn -0.9242 -0.0402 0.3798
vn -0.9229 0.1360 0.3601
vn -0.9422 0.0733 0.3270
vn -0.9454 -0.0455 0.3228
vn -0.9326 0.0009 0.3609
vn -0.9286 -0.0268 0.3701
vn -0.9218 -0.1426 0.3604
vn -0.8111 -0.0466 0.5830
vn -0.7710 -0.2979 0.5629
vn -0.8054 -0.0735 0.5881
vn -0.7752 -0.3044 0.5535
vn -0.8123 -0.0895 0.5763
vn -0.8260 -0.0831 0.5575
vn -0.7989 -0.2508 0.5467
vn -0.8206 -0.0528 0.5690
vn -0.8211 -0.0750 0.5658
vn -0.8062 0.0206 0.5912
vn -0.8121 0.0488 0.5814
vn -0.8150 -0.0032 0.5795
vn -0.8408 0.0473 0.5393
vn -0.8427 -0.0913 0.5305
vn -0.8723 -0.1076 0.4770
vn -0.8209 -0.2620 0.5074
vn -0.8542 -0.0365 0.5187
vn -0.9557 0.1831 0.2305
vn -0.8912 0.4263 0.1552
vn -0.9549 -0.0082 0.2968
vn -0.9417 -0.0447 0.3335
vn -0.9328 0.2122 0.2914
vn -0.8732 0.4257 0.2375
vn -0.9238 -0.1325 0.3591
vn -0.9029 -0.2363 0.3592
vn -0.8762 -0.2469 0.4140
vn -0.9179 -0.0290 0.3958
vn -0.9125 0.1919 0.3614
vn -0.8859 0.3380 0.3178
vn 0.8129 0.1875 -0.5514
vn 0.7917 0.3549 -0.4973
vn 0.8157 0.1869 -0.5475
vn 0.7909 0.3472 -0.5039
vn 0.6901 0.6376 -0.3424
vn 0.7031 0.6644 -0.2535
vn 0.7401 0.6699 -0.0591
vn 0.8740 0.3527 -0.3342
vn 0.7810 0.5810 0.2291
vn 0.8728 0.4437 0.2032
vn 0.9424 0.2905 0.1656
vn 0.9037 0.2002 -0.3784
vn 0.9568 0.2466 0.1543
vn 0.9764 0.1920 0.0987
vn 0.9032 0.0011 -0.4293
vn 0.8665 0.0321 -0.4982
vn 0.9073 0.0364 -0.4189
vn 0.6625 0.0007 -0.7491
vn 0.3132 0.0552 -0.9481
vn 0.6585 0.0452 -0.7513
vn 0.8657 0.0005 -0.5006
vn 0.2831 0.1583 -0.9459
vn 0.6331 0.1361 -0.7620
vn 0.8571 0.1037 -0.5046
vn 0.9068 0.1000 -0.4096
vn 0.6894 0.5404 -0.4823
vn 0.7391 0.3351 -0.5843
vn 0.8129 0.3274 -0.4817
vn 0.6419 0.5640 -0.5195
vn 0.6173 0.5488 -0.5637
vn 0.6363 0.5418 -0.5492
vn 0.6694 0.5461 -0.5037
vn 0.7395 0.3168 -0.5939
vn 0.7826 0.1829 -0.5950
vn 0.8454 0.1681 -0.5070
vn 0.8032 0.1839 -0.5667
vn 0.7959 0.3356 -0.5040
vn 0.8218 0.1890 -0.5375
vn 0.7805 0.3239 -0.5347
vn 0.7037 0.5798 -0.4106
vn 0.7067 0.5861 -0.3963
vn 0.6895 0.6216 -0.3717
vn 0.6950 0.6164 -0.3701
vn 0.8195 0.0951 -0.5652
vn 0.8208 0.0918 -0.5638
vn 0.9025 0.0970 -0.4196
vn 0.9874 0.1516 0.0461
vn 0.9974 0.0616 0.0368
vn 0.8250 0.0003 -0.5651
vn 0.9974 0.0378 0.0608
vn 0.9072 0.0071 -0.4206
vn 0.9975 0.0261 0.0652
vn 0.8227 0.0002 -0.5685
vn 0.1525 0.4142 -0.8973
vn 0.5612 0.2736 -0.7811
vn 0.2183 0.2830 -0.9340
vn 0.3707 0.4759 -0.7975
vn 0.7952 0.2571 -0.5491
vn 0.5752 0.5016 -0.6462
vn 0.8737 0.2316 -0.4278
vn 0.6898 0.4885 -0.5343
vn 0.7532 0.4821 -0.4476
vn 0.8501 0.0013 -0.5266
vn 0.8975 0.0649 -0.4361
vn 0.8511 0.0761 -0.5194
vn 0.8956 -0.0027 -0.4448
vn 0.8948 0.1313 -0.4266
vn 0.7918 0.0039 -0.6108
vn 0.7797 0.0897 -0.6197
vn 0.7859 0.0036 -0.6184
vn 0.7908 0.0885 -0.6056
vn 0.7708 0.1796 -0.6112
vn 0.8708 0.2668 -0.4129
vn 0.7735 0.4870 -0.4056
vn 0.7590 0.5072 -0.4082
vn 0.7374 0.5290 -0.4200
vn 0.8099 0.0918 -0.5794
vn 0.8297 0.0940 -0.5502
vn 0.8319 -0.0007 -0.5549
vn 0.8139 0.0012 -0.5811
vn 0.4358 0.7736 -0.4601
vn 0.5989 0.6912 -0.4044
vn 0.5586 0.6884 -0.4628
vn 0.6022 0.7005 -0.3829
vn 0.4762 0.7732 -0.4188
vn 0.3891 0.8772 -0.2814
vn 0.5107 0.7749 -0.3724
vn -0.8005 0.5910 -0.0995
vn -0.7100 0.5341 -0.4590
vn -0.7113 0.4077 -0.5725
vn -0.7452 0.6464 -0.1638
vn -0.8183 0.5747 0.0149
vn -0.7565 0.6527 -0.0402
vn -0.7659 0.5842 -0.2684
vn -0.6970 0.4572 0.5524
vn -0.7479 0.3138 0.5849
vn 0.4759 0.8586 -0.1906
vn 0.5587 0.7617 -0.3282
vn 0.4292 0.8725 -0.2334
vn -0.6626 0.5173 0.5416
vn -0.6843 0.4469 0.5763
vn -0.6393 0.5385 0.5490
vn -0.6968 0.4534 0.5558
vn -0.7216 0.3044 -0.6218
vn 0.6446 0.3567 0.6762
vn 0.5872 0.6133 0.5284
vn 0.5614 0.5843 0.5860
vn 0.6880 0.3562 0.6323
vn 0.7389 0.2410 0.6293
vn 0.7378 -0.0053 0.6750
vn 0.8277 0.0342 0.5602
vn 0.8382 0.0156 0.5452
vn -0.3393 0.3604 0.8689
vn -0.4879 0.5838 0.6489
vn -0.5548 0.6063 0.5697
vn -0.5330 0.5115 0.6740
vn -0.3063 0.3930 0.8670
vn -0.1615 0.2308 0.9595
vn -0.2292 0.1969 0.9532
vn -0.1241 0.0449 0.9913
vn 0.6679 0.2146 0.7126
vn -0.1762 0.0566 0.9827
vn -0.1699 -0.0649 0.9833
vn -0.2249 -0.0335 0.9738
vn 0.4737 0.8673 -0.1530
vn 0.5275 0.8119 -0.2502
vn 0.3754 0.9179 -0.1284
vn 0.5260 0.8308 -0.1820
vn 0.5470 0.8068 -0.2231
vn -0.7076 0.4849 0.5140
vn -0.6300 0.5944 0.4998
vn -0.5631 0.6603 0.4970
vn 0.1759 0.5594 -0.8100
vn 0.3310 0.6508 -0.6833
vn 0.1656 0.5777 -0.7993
vn -0.7210 0.5142 -0.4645
vn -0.7335 0.6027 -0.3143
vn 0.1228 0.4367 -0.8912
vn 0.5623 0.7919 0.2382
vn -0.3732 -0.0754 0.9247
vn -0.2947 -0.0096 0.9555
vn -0.3895 -0.0211 0.9208
vn 0.7201 0.1324 0.6811
vn 0.8560 0.0535 0.5142
vn 0.8374 0.1272 0.5316
vn -0.2594 -0.0193 0.9656
vn -0.2664 -0.0524 0.9624
vn -0.2353 -0.0418 0.9710
vn -0.2936 -0.0192 0.9557
vn -0.3808 -0.0614 0.9226
vn -0.7334 0.0561 -0.6774
vn 0.7749 0.1861 0.6041
vn 0.6535 0.1889 0.7330
vn 0.4518 0.8189 -0.3540
vn 0.5490 0.7210 -0.4227
vn 0.5831 0.7114 -0.3924
vn -0.2418 -0.0772 0.9672
vn -0.2944 -0.0525 0.9542
vn -0.2894 -0.0171 0.9571
vn -0.7563 -0.0016 -0.6543
vn -0.7329 0.1052 -0.6722
vn 0.5262 0.7832 0.3313
vn 0.5350 0.8449 0.0035
vn 0.4577 0.8801 0.1262
vn -0.4294 0.5020 0.7508
vn 0.5940 -0.6966 -0.4025
vn 0.4305 -0.7771 -0.4591
vn 0.5596 -0.6862 -0.4648
vn 0.7398 0.0025 0.6729
vn 0.7036 0.0367 0.7097
vn 0.8546 -0.0799 0.5132
vn 0.9992 -0.0397 -0.0030
vn 0.8577 -0.0172 0.5138
vn -0.4235 0.0543 0.9042
vn -0.3330 -0.0681 0.9405
vn -0.4331 -0.0884 0.8970
vn -0.3139 0.0200 0.9492
vn -0.3331 0.0397 0.9420
vn -0.8131 0.5740 0.0968
vn 0.4724 0.7902 -0.3904
vn -0.7660 0.6407 0.0520
vn -0.8243 0.5364 0.1810
vn -0.7787 0.6140 0.1290
vn 0.7499 0.1954 0.6320
vn 0.4267 0.8227 -0.3756
vn 0.5141 0.7231 -0.4614
vn 0.4963 0.7328 -0.4655
vn 0.4025 0.9134 -0.0607
vn -0.8446 0.4658 0.2639
vn -0.7874 0.5788 0.2120
vn -0.8282 0.4348 0.3536
vn -0.7662 0.5673 0.3020
vn -0.7812 0.4357 0.4471
vn 0.4230 0.8190 -0.3877
vn 0.4239 0.8052 -0.4146
vn -0.7249 0.5630 0.3970
vn -0.7166 0.4177 0.5586
vn -0.6810 0.5304 0.5049
vn 0.2691 0.6685 -0.6933
vn 0.4691 0.6821 -0.5610
vn 0.5791 0.7628 -0.2877
vn 0.6949 0.5536 -0.4590
vn 0.4690 -0.8504 -0.2384
vn 0.5247 -0.7651 -0.3732
vn 0.5647 -0.7673 -0.3041
vn -0.7181 0.3811 0.5823
vn -0.6949 0.4449 0.5649
vn -0.6745 0.4877 0.5543
vn -0.7497 -0.2936 -0.5932
vn -0.8259 -0.2158 -0.5209
vn -0.7577 -0.2244 -0.6128
vn 0.4762 0.8030 -0.3583
vn -0.4601 0.4511 0.7647
vn 0.5401 0.8321 -0.1266
vn 0.4499 0.8930 -0.0138
vn -0.7030 0.4085 0.5822
vn -0.5472 0.6207 0.5616
vn -0.7439 0.4369 0.5058
vn 0.3692 0.8748 -0.3138
vn 0.1445 0.2956 -0.9443
vn 0.1798 0.1657 -0.9696
vn -0.7333 0.2242 -0.6419
vn 0.6379 0.1675 0.7517
vn -0.7370 0.1630 -0.6560
vn -0.7507 0.0040 -0.6607
vn -0.8225 -0.0085 -0.5687
vn -0.8379 0.0128 -0.5456
vn 0.1956 -0.0554 -0.9791
vn 0.3192 0.0009 -0.9477
vn 0.3134 -0.0573 -0.9479
vn -0.5644 -0.0046 0.8255
vn -0.7378 0.0002 0.6751
vn -0.5529 -0.0982 0.8274
vn -0.4779 -0.0190 0.8782
vn -0.7557 -0.0615 0.6521
vn -0.5571 -0.1067 0.8236
vn -0.7357 -0.0430 0.6759
vn -0.5479 0.0627 0.8342
vn -0.4615 -0.1049 0.8809
vn -0.4600 -0.0845 0.8839
vn -0.4592 -0.0896 0.8838
vn -0.4651 0.0630 0.8830
vn -0.4697 -0.0992 0.8772
vn -0.4715 0.0646 0.8795
vn -0.4644 -0.0321 0.8851
vn -0.7932 0.0783 0.6039
vn -0.7631 -0.0689 0.6426
vn -0.7372 -0.0013 0.6757
vn -0.6685 -0.1105 0.7354
vn -0.9145 -0.0760 0.3975
vn -0.7222 -0.1725 0.6698
vn -0.7608 -0.2819 0.5846
vn -0.7744 -0.0082 0.6326
vn -0.9208 0.0257 0.3892
vn -0.9169 -0.0698 0.3929
vn -0.8884 -0.0951 0.4491
vn -0.9575 0.0041 0.2883
vn -0.9493 -0.0618 0.3082
vn -0.7560 0.0416 0.6532
vn -0.9464 -0.0714 0.3150
vn -0.7475 0.1018 0.6565
vn -0.6317 0.0765 0.7714
vn -0.5949 0.1009 0.7974
vn -0.7203 -0.0220 0.6933
vn -0.6857 0.0254 0.7274
vn -0.5908 0.1151 0.7986
vn -0.5379 0.1450 0.8305
vn -0.4868 0.0824 0.8696
vn -0.7517 -0.0786 0.6548
vn -0.7038 -0.0962 0.7039
vn -0.7496 -0.1692 0.6399
vn -0.6375 -0.3464 0.6882
vn -0.5431 -0.2767 0.7928
vn -0.6060 -0.0163 0.7953
vn -0.4555 0.0179 0.8901
vn -0.4634 0.1350 0.8758
vn -0.3815 -0.1942 0.9037
vn -0.2176 -0.1326 0.9670
vn -0.2359 0.0059 0.9718
vn -0.2812 0.0996 0.9545
vn -0.4587 0.1637 0.8734
vn -0.4633 0.0799 0.8826
vn -0.3454 0.1311 0.9292
vn -0.4113 0.0582 0.9096
vn -0.9415 0.0401 0.3347
vn -0.9353 0.0541 0.3496
vn -0.9800 0.0307 0.1968
vn -0.9544 0.0387 0.2961
vn -0.9443 0.0729 0.3209
vn -0.9858 0.0215 -0.1668
vn -0.9791 0.0063 -0.2035
vn -0.9881 0.0178 0.1525
vn -0.9763 -0.0350 -0.2136
vn -0.9908 -0.0029 0.1356
vn -0.8154 -0.0579 -0.5760
vn -0.8228 -0.1189 -0.5557
vn -0.9784 -0.0854 -0.1882
vn -0.9857 -0.0390 0.1637
vn -0.9640 0.0102 0.2658
vn -0.9564 -0.0062 0.2919
vn -0.9551 -0.0428 0.2932
vn -0.9508 -0.0572 0.3046
vn -0.8630 -0.2969 0.4088
vn -0.8389 -0.1293 0.5287
vn -0.8782 -0.1728 0.4460
vn -0.8208 -0.2530 0.5121
vn -0.7971 -0.1183 0.5922
vn -0.7947 0.0849 0.6010
vn -0.8294 0.0674 0.5545
vn -0.8671 0.0323 0.4971
vn -0.7676 -0.2777 0.5776
vn -0.7828 -0.1043 0.6134
vn -0.7618 -0.2475 0.5987
vn -0.7985 -0.1304 0.5877
vn -0.8162 0.0667 0.5738
vn -0.7967 0.0918 0.5974
vn -0.7932 0.2219 0.5671
vn -0.7742 0.2499 0.5815
vn -0.7979 0.2282 0.5580
vn -0.8104 0.1223 0.5729
vn -0.8047 0.0993 0.5854
vn -0.8051 0.1111 0.5827
vn -0.7851 0.2955 0.5443
vn -0.8042 0.3133 0.5051
vn -0.8338 0.1297 0.5366
vn -0.8486 0.1618 0.5036
vn -0.7851 0.2555 0.5642
vn -0.8132 0.2025 0.5456
vn -0.7910 0.1662 0.5888
vn -0.7878 0.0646 0.6126
vn -0.8311 0.1925 0.5217
vn -0.8554 0.0401 0.5163
vn -0.9335 0.1190 0.3382
vn -0.9113 0.1611 0.3789
vn -0.7821 -0.1415 0.6068
vn -0.7617 -0.2729 0.5877
vn -0.8092 -0.1221 0.5747
vn -0.8612 -0.2054 0.4650
vn -0.9186 -0.0863 0.3856
vn -0.8299 -0.1898 0.5246
vn -0.8223 -0.3074 0.4789
vn -0.8059 -0.2826 0.5203
vn -0.6775 -0.4008 0.6168
vn -0.8984 0.1815 0.3999
vn -0.8862 0.0166 0.4630
vn -0.7556 -0.3759 -0.5364
vn -0.9424 -0.2540 -0.2176
vn -0.7997 -0.2801 -0.5311
vn -0.8418 -0.4239 -0.3343
vn -0.9711 -0.2310 0.0600
vn -0.9824 -0.0985 0.1586
vn -0.9729 -0.1605 -0.1664
vn -0.8884 -0.4434 -0.1189
vn -0.9648 -0.1961 0.1752
vn -0.9089 -0.4163 0.0256
vn -0.9667 -0.1674 0.1936
vn -0.9641 -0.0205 0.2646
vn -0.9639 -0.0539 0.2606
vn -0.9533 -0.0186 0.3015
vn -0.9790 -0.0575 0.1953
vn -0.9511 0.0134 0.3086
vn -0.9798 -0.1197 -0.1599
vn -0.8303 -0.1724 -0.5299
vn -0.8444 0.2673 0.4643
vn -0.8386 0.2686 0.4740
vn -0.9007 0.1969 0.3872
vn -0.8860 0.1130 0.4497
vn -0.8596 0.1205 0.4965
vn -0.9371 0.1109 0.3310
vn -0.9529 0.0904 0.2894
vn -0.9369 0.0856 0.3389
vn -0.9497 -0.0576 0.3078
vn -0.9297 -0.0871 0.3579
vn -0.9464 -0.0387 0.3208
vn -0.9342 0.0648 0.3508
vn -0.8956 -0.0980 0.4340
vn -0.8773 -0.0667 0.4752
vn -0.8732 0.1665 0.4581
vn -0.7825 0.2340 0.5771
vn -0.7953 0.2228 0.5637
vn -0.7999 0.2259 0.5560
vn -0.8063 0.1409 0.5744
vn -0.7792 0.1312 0.6129
vn -0.8063 0.1236 0.5785
vn -0.8212 0.2478 0.5140
vn -0.8412 0.1351 0.5235
vn -0.8549 -0.0630 0.5149
vn -0.8182 -0.0292 0.5741
vn -0.8035 0.0059 0.5952
vn -0.8151 0.0265 0.5787
vn -0.9108 -0.4024 0.0917
vn -0.9523 -0.2178 0.2138
vn -0.8805 -0.4465 0.1595
vn -0.9260 -0.2621 0.2717
vn -0.9516 -0.0218 0.3067
vn -0.9702 0.0001 0.2423
vn -0.8696 -0.4369 0.2302
vn -0.8937 -0.2666 0.3609
vn -0.8587 -0.4088 0.3091
vn -0.9101 -0.0028 0.4143
vn -0.8202 0.3505 0.4521
vn -0.9046 0.2371 0.3543
vn -0.9529 0.0849 0.2912
vn 0.8150 -0.1866 -0.5486
vn 0.7912 -0.3560 -0.4973
vn 0.7918 -0.3493 -0.5010
vn 0.8968 -0.1920 -0.3985
vn 0.9818 -0.1773 0.0679
vn 0.9612 -0.2477 0.1214
vn 0.9364 -0.3183 0.1479
vn 0.8684 -0.3683 -0.3320
vn 0.8128 -0.1882 -0.5514
vn 0.8582 -0.4503 0.2465
vn 0.7761 -0.5816 0.2437
vn 0.7448 -0.6643 -0.0637
vn 0.7029 -0.6634 -0.2564
vn 0.6883 -0.6417 -0.3383
vn 0.6887 -0.6258 -0.3661
vn 0.8658 -0.0335 -0.4992
vn 0.9077 -0.0386 -0.4179
vn 0.8582 -0.1062 -0.5021
vn 0.6373 -0.1407 -0.7576
vn 0.6587 -0.0472 -0.7509
vn 0.2847 -0.1647 -0.9444
vn 0.6883 -0.5428 -0.4813
vn 0.7377 -0.3369 -0.5851
vn 0.6520 -0.5525 -0.5192
vn 0.5981 -0.5724 -0.5610
vn 0.8126 -0.3167 -0.4892
vn 0.7790 -0.1816 -0.6001
vn 0.7406 -0.3189 -0.5914
vn 0.6342 -0.5471 -0.5464
vn 0.6748 -0.5427 -0.5001
vn 0.8019 -0.1859 -0.5678
vn 0.7959 -0.3369 -0.5031
vn 0.7769 -0.3301 -0.5362
vn 0.8214 -0.1885 -0.5383
vn 0.6977 -0.6112 -0.3738
vn 0.7042 -0.5979 -0.3828
vn 0.6934 -0.5898 -0.4139
vn 0.6743 -0.6145 -0.4097
vn 0.8202 -0.0961 -0.5639
vn 0.8208 -0.0902 -0.5640
vn 0.9004 -0.0960 -0.4242
vn 0.9959 -0.0855 0.0299
vn 0.9894 -0.1399 0.0391
vn 0.1510 -0.4125 -0.8983
vn 0.5637 -0.2733 -0.7794
vn 0.3714 -0.4735 -0.7987
vn 0.7972 -0.2546 -0.5474
vn 0.5784 -0.4960 -0.6476
vn 0.2162 -0.2850 -0.9338
vn 0.9079 -0.1019 -0.4066
vn 0.8768 -0.2266 -0.4240
vn 0.6950 -0.4809 -0.5345
vn 0.7580 -0.4746 -0.4473
vn 0.8978 -0.0698 -0.4348
vn 0.8484 -0.0825 -0.5229
vn 0.8959 -0.1322 -0.4241
vn 0.7813 -0.0876 -0.6179
vn 0.7708 -0.1826 -0.6104
vn 0.7886 -0.0893 -0.6084
vn 0.8426 -0.1700 -0.5110
vn 0.8754 -0.2537 -0.4114
vn 0.7783 -0.4792 -0.4057
vn 0.7624 -0.4998 -0.4110
vn 0.7379 -0.5241 -0.4251
vn 0.8108 -0.0910 -0.5782
vn 0.8308 -0.0935 -0.5487
vn -0.7686 -0.6369 0.0605
vn -0.8244 -0.5328 0.1910
vn -0.8035 -0.5863 0.1030
vn 0.4592 -0.7994 -0.3875
vn 0.6011 -0.7001 -0.3855
vn 0.4731 -0.8049 -0.3582
vn 0.6429 -0.3788 0.6657
vn 0.5950 -0.6086 0.5249
vn 0.6794 -0.3780 0.6289
vn 0.1235 -0.4334 -0.8927
vn -0.7312 -0.5207 -0.4407
vn -0.7825 -0.5690 -0.2530
vn -0.7527 -0.6377 -0.1639
vn -0.8146 -0.5799 0.0063
vn -0.8125 -0.5740 -0.1017
vn -0.7351 -0.3927 -0.5526
vn -0.7902 -0.3753 0.4845
vn -0.7346 -0.3971 0.5502
vn -0.8254 -0.4271 0.3692
vn -0.6809 -0.4846 0.5492
vn -0.7017 -0.4141 0.5798
vn -0.7224 -0.3892 0.5715
vn -0.7797 -0.5401 0.3168
vn -0.1806 -0.0676 0.9812
vn -0.1753 0.0411 0.9837
vn -0.1253 -0.0435 0.9912
vn 0.6804 -0.2512 0.6885
vn 0.7342 -0.2771 0.6198
vn 0.4420 -0.8924 -0.0908
vn 0.5736 -0.7815 -0.2454
vn 0.5375 -0.8199 -0.1973
vn -0.4158 -0.5084 0.7541
vn -0.5174 -0.5517 0.6542
vn -0.2539 -0.4251 0.8688
vn -0.1409 -0.2178 0.9658
vn -0.2625 -0.3794 0.8872
vn -0.4535 -0.6332 0.6273
vn -0.5683 -0.5919 0.5716
vn -0.4838 -0.6950 0.5319
vn -0.7325 -0.0614 -0.6780
vn -0.7342 -0.0215 -0.6786
vn -0.7380 -0.5033 -0.4496
vn 0.1780 -0.5544 -0.8130
vn 0.3339 -0.6457 -0.6867
vn 0.2697 -0.6639 -0.6975
vn 0.1649 -0.5749 -0.8014
vn 0.1799 -0.1721 -0.9685
vn -0.7521 -0.1698 -0.6368
vn -0.7397 -0.1138 -0.6632
vn -0.7332 -0.3443 0.5865
vn -0.7038 -0.4344 0.5621
vn -0.6855 -0.4580 0.5659
vn -0.7383 -0.3581 0.5715
vn -0.6910 -0.4423 0.5717
vn -0.2411 0.0408 0.9697
vn -0.2502 0.0412 0.9673
vn -0.2492 0.0415 0.9676
vn 0.7272 -0.1155 0.6766
vn 0.7391 -0.0693 0.6700
vn 0.8074 -0.1676 0.5657
vn 0.8384 -0.1203 0.5317
vn 0.5322 -0.7833 0.3213
vn 0.5388 -0.8424 -0.0064
vn 0.5682 -0.7884 0.2358
vn -0.3490 -0.5881 0.7296
vn 0.5878 -0.5818 0.5621
vn -0.8177 -0.5281 0.2289
vn -0.8402 -0.4742 0.2631
vn -0.7494 -0.6606 -0.0451
vn 0.7646 0.0433 0.6431
vn -0.2624 -0.0370 0.9642
vn -0.2478 0.0673 0.9665
vn -0.2920 0.0261 0.9561
vn 0.7606 -0.1965 0.6188
vn 0.6634 -0.1798 0.7264
vn -0.1702 0.0036 0.9854
vn 0.6919 -0.1668 0.7025
vn -0.7423 -0.5038 0.4417
vn 0.4432 -0.7963 -0.4117
vn 0.5343 -0.7114 -0.4565
vn 0.4707 -0.7548 -0.4569
vn 0.5432 -0.7257 -0.4223
vn 0.4741 -0.6763 -0.5638
vn 0.3653 -0.7356 -0.5704
vn -0.7508 -0.5881 -0.3007
vn 0.4724 -0.8805 -0.0384
vn 0.5429 -0.8293 -0.1323
vn 0.4333 0.8906 -0.1385
vn 0.5628 0.7815 -0.2694
vn 0.7123 0.5663 -0.4147
vn -0.6740 -0.4822 0.5596
vn 0.5259 -0.8181 -0.2327
vn 0.5622 -0.7764 -0.2850
vn 0.6975 -0.5664 -0.4389
vn 0.5717 -0.7205 -0.3924
vn 0.4403 -0.8258 -0.3525
vn -0.7919 -0.5926 0.1475
vn 0.4197 -0.8249 -0.3786
vn -0.7168 -0.4867 0.4993
vn -0.7624 -0.4196 0.4926
vn -0.6371 -0.5974 0.4871
vn 0.3516 -0.9339 -0.0654
vn 0.5559 -0.7896 -0.2598
vn -0.6669 -0.5541 0.4983
vn 0.5019 -0.8613 0.0794
vn -0.7564 -0.2921 0.5852
vn 0.4231 -0.8242 -0.3763
vn 0.4751 -0.7682 -0.4291
vn -0.6981 -0.4944 0.5179
vn 0.3442 -0.9315 -0.1173
vn 0.5424 -0.7904 -0.2848
vn 0.4051 -0.8707 -0.2790
vn -0.2231 0.0304 0.9743
vn -0.1842 -0.2250 0.9568
vn 0.1409 -0.2984 -0.9440
vn 0.1957 0.0538 -0.9792
vn 0.2011 0.0011 -0.9796
vn -0.7368 0.0200 -0.6758
vn -0.3434 0.0599 0.9373
vn -0.3730 0.0398 0.9270
vn -0.2747 0.0452 0.9605
vn -0.2443 0.0232 0.9694
vn -0.7735 0.0076 0.6337
vn -0.5902 0.0260 0.8068
vn -0.4849 -0.0010 0.8746
vn -0.5718 0.0308 0.8199
vn -0.7826 -0.0205 0.6222
vn -0.4552 0.0199 0.8902
vn -0.4169 0.0670 0.9065
vn -0.4437 0.0587 0.8943
vn -0.4587 0.1195 0.8805
vn -0.4453 0.1003 0.8897
vn -0.7773 0.0485 0.6272
vn -0.5624 0.1148 0.8189
vn -0.7867 0.0895 0.6108
vn -0.7596 -0.0119 0.6503
vn -0.9184 0.0989 0.3830
vn -0.9215 0.0812 0.3797
vn -0.7359 0.0810 0.6722
vn -0.7699 0.0940 0.6313
vn -0.9208 0.0148 0.3898
vn -0.9303 -0.0899 0.3555
vn -0.9516 -0.0321 0.3055
vn -0.9173 0.0812 0.3898
vn -0.9567 0.0201 0.2903
vn -0.7283 0.1256 0.6736
vn -0.7813 0.2332 0.5790
vn -0.8091 -0.0310 0.5869
vn -0.8196 0.2332 0.5234
vn -0.8367 0.1138 0.5357
vn -0.8383 -0.0680 0.5410
vn -0.8073 -0.0183 0.5899
vn -0.8013 0.1110 0.5879
vn -0.6973 -0.4819 0.5306
vn -0.7341 -0.3852 0.5592
vn 0.2978 -0.9524 -0.0658
vn -0.8205 0.0557 0.5689
vn -0.7989 -0.1687 0.5774
vn -0.8022 0.2470 0.5436
vn -0.7891 -0.3240 0.5219
vn -0.8259 -0.0581 0.5608
vn -0.8109 0.0947 0.5774
vn -0.8172 -0.1351 0.5603
vn -0.5210 -0.7136 0.4683
vn -0.6357 -0.5449 0.5469
vn -0.6810 0.4757 0.5567
vn -0.8032 -0.0404 0.5943
vn -0.7879 0.1241 0.6032
vn -0.8035 -0.2510 0.5398
vn 0.3646 0.7381 -0.5677
vn -0.2738 0.7495 -0.6028
vn -0.2365 0.8569 -0.4580
vn -0.2103 0.9220 -0.3252
vn -0.3093 0.6076 -0.7316
vn -0.3305 0.4728 -0.8168
vn 0.1220 0.6884 0.7150
vn 0.1713 0.4392 0.8819
vn -0.0118 0.8304 0.5570
vn -0.0322 0.9155 0.4011
vn -0.1335 0.9294 0.3442
vn -0.2448 0.2711 -0.9309
vn -0.2639 0.3752 -0.8886
vn -0.2319 0.2247 -0.9464
vn -0.2192 0.1260 -0.9675
vn 0.2468 0.1034 0.9635
vn 0.1694 0.0671 0.9833
vn 0.2065 0.0970 0.9736
vn 0.2748 0.2460 0.9295
vn 0.2986 -0.0224 0.9541
vn 0.2092 0.0287 0.9775
vn 0.2717 0.0735 0.9596
vn 0.3139 -0.0013 0.9495
vn -0.2160 0.9642 -0.1537
vn -0.2530 0.9634 -0.0884
vn -0.2582 0.9655 -0.0345
vn -0.2030 0.9530 -0.2251
vn -0.2303 0.9532 0.1956
vn -0.2055 0.9590 0.1953
vn -0.1949 0.9767 0.0894
vn -0.2359 0.9717 0.0073
vn -0.0729 0.9713 0.2264
vn -0.2330 0.9292 0.2869
vn -0.2079 0.9280 0.3092
vn -0.1308 0.9586 0.2529
vn -0.2523 0.0233 -0.9674
vn -0.2169 0.0914 -0.9719
vn -0.2490 0.0096 -0.9685
vn -0.7440 0.0022 -0.6682
vn -0.3169 0.0006 -0.9485
vn -0.3185 -0.6032 -0.7312
vn -0.3431 -0.4675 -0.8147
vn -0.2853 -0.7454 -0.6025
vn -0.2396 -0.8553 -0.4595
vn -0.2119 -0.9223 -0.3232
vn 0.0942 -0.8650 0.4929
vn -0.0036 -0.9275 0.3739
vn -0.0478 -0.9565 0.2877
vn 0.1483 -0.6986 0.7000
vn 0.2288 -0.4579 0.8591
vn -0.2380 -0.2337 -0.9427
vn -0.2306 -0.1350 -0.9636
vn -0.2751 -0.2783 -0.9202
vn -0.2883 -0.3731 -0.8819
vn 0.3141 -0.1498 0.9375
vn 0.2473 -0.2606 0.9333
vn 0.2596 -0.0909 0.9614
vn 0.2547 -0.0837 0.9634
vn 0.2723 -0.0225 0.9619
vn 0.2675 -0.0448 0.9625
vn -0.2576 0.0291 0.9658
vn -0.2535 0.0241 0.9670
vn 0.2919 0.0186 0.9563
vn -0.2232 -0.9504 -0.2165
vn -0.2228 -0.9639 -0.1458
vn -0.2793 -0.9570 -0.0787
vn -0.2704 -0.9620 -0.0372
vn 0.4143 -0.8225 -0.3898
vn -0.1780 -0.9810 0.0766
vn -0.2521 -0.9660 0.0566
vn -0.1715 -0.9785 0.1145
vn -0.2222 -0.9507 0.2162
vn -0.3040 -0.8959 0.3241
vn -0.2819 -0.9069 0.3132
vn -0.0524 -0.9792 0.1961
vn -0.1647 -0.9460 0.2790
vn -0.2529 -0.0063 -0.9675
vn -0.2456 -0.0222 -0.9691
vn -0.2058 -0.0975 -0.9737
vn -0.1769 0.9592 0.2207
vn -0.1319 -0.9655 0.2244
vn -0.3717 0.0732 0.9254
vn -0.7897 0.2607 0.5553
vn -0.7263 0.2678 0.6331
vn -0.7397 0.2120 0.6387
vn -0.7218 0.2911 0.6279
vn -0.8352 0.1664 0.5241
vn -0.8062 0.1638 0.5684
vn -0.8233 0.2617 0.5036
vn -0.7861 0.3238 0.5265
vn -0.7066 -0.4108 0.5761
vn -0.8201 0.3147 0.4779
vn -0.6634 -0.4091 0.6265
vn -0.5174 -0.3998 0.7566
vn -0.3332 -0.3343 0.8816
vn -0.1247 -0.1985 0.9721
vn -0.0762 -0.1061 0.9914
vn -0.0346 -0.0613 0.9975
vn -0.0256 -0.0121 0.9996
vn 0.8379 -0.1522 -0.5242
vn 0.8048 -0.2603 -0.5334
vn 0.8244 -0.2619 -0.5018
vn -0.8583 -0.1334 -0.4955
vn -0.9538 0.0196 0.2998
vn -0.8684 -0.0390 -0.4944
vn -0.9322 0.0103 0.3619
vn -0.9346 0.0327 0.3542
vn -0.8012 -0.0461 0.5967
vn -0.8766 0.0353 0.4799
vn -0.8012 0.0461 0.5967
vn -0.9158 -0.0203 0.4011
vn -0.8766 -0.0353 0.4799
vn -0.9495 -0.0064 0.3136
vn -0.9322 -0.0103 0.3619
vn -0.7622 0.1270 0.6348
vn -0.8151 0.0566 0.5765
vn -0.7622 -0.1270 0.6348
vn -0.0256 0.0121 0.9996
vn -0.7397 -0.2120 0.6387
vn -0.9158 0.0203 0.4011
vn -0.9196 0.0560 0.3888
vn -0.7724 0.2386 0.5886
vn -0.8000 0.2032 0.5646
vn -0.7737 0.2879 0.5644
vn -0.8481 -0.3890 0.3599
vn -0.7717 -0.4579 0.4413
vn -0.6945 -0.4904 0.5264
vn -0.6544 -0.5313 0.5381
vn -0.6633 -0.5366 0.5217
vn -0.7764 0.2189 0.5910
vn -0.7996 0.1338 0.5855
vn -0.8169 0.2443 0.5224
vn -0.7826 0.1437 0.6057
vn -0.8256 0.1586 0.5415
vn -0.8171 0.2794 0.5043
vn -0.6721 -0.5077 0.5390
vn -0.7082 -0.4670 0.5295
vn -0.7130 -0.4400 0.5459
vn -0.7688 0.0342 0.6386
vn -0.0294 0.0127 0.9995
vn -0.0433 0.0102 0.9990
vn 0.8347 0.0341 -0.5496
vn 0.7780 -0.0350 -0.6273
vn 0.8347 -0.0341 -0.5496
vn -0.8774 -0.0067 -0.4798
vn -0.9495 0.0064 0.3136
vn -0.0433 -0.0102 0.9990
vn -0.7688 -0.0342 0.6386
vn -0.8433 0.0555 0.5346
vn -0.9243 0.0546 0.3777
vn -0.9349 0.0458 0.3521
vn -0.9339 0.0635 0.3519
vn -0.9083 -0.2621 -0.3261
vn -0.9427 -0.1582 -0.2938
vn -0.8997 -0.3459 -0.2663
vn -0.9289 0.0673 0.3641
vn -0.8570 -0.4683 -0.2151
vn -0.7909 -0.5978 -0.1309
vn -0.9436 0.0801 0.3214
vn -0.9284 0.0741 0.3641
vn -0.9358 -0.1155 -0.3331
vn -0.8785 0.1001 0.4671
vn -0.7875 0.0496 0.6143
vn -0.8319 -0.0539 0.5523
vn -0.7875 -0.0496 0.6143
vn -0.8319 0.0539 0.5523
vn -0.8433 -0.0555 0.5346
vn -0.8151 -0.0566 0.5765
vn -0.8865 0.1449 0.4395
vn -0.7701 -0.6367 -0.0400
vn -0.7814 -0.6193 0.0771
vn -0.9014 0.1940 0.3872
vn -0.8133 -0.5640 0.1430
vn -0.8227 -0.5145 0.2418
vn 0.7640 -0.3067 -0.5677
vn 0.7982 -0.3153 -0.5134
vn 0.7703 -0.2510 -0.5861
vn 0.7109 -0.2836 -0.6436
vn 0.8203 -0.1505 -0.5517
vn 0.8178 -0.3153 -0.4814
vn 0.4598 -0.8859 -0.0607
vn 0.4451 -0.8904 -0.0948
vn 0.5342 -0.8449 0.0279
vn 0.6804 -0.7287 0.0777
vn 0.8196 -0.5709 0.0485
vn 0.7178 -0.2300 -0.6572
vn 0.8792 -0.4753 0.0336
vn 0.9582 -0.2851 0.0230
vn 0.9079 -0.4179 0.0329
vn 0.7748 -0.1191 -0.6209
vn 0.8391 -0.1890 -0.5101
vn 0.8330 -0.1142 -0.5414
vn 0.7536 -0.1320 -0.6440
vn 0.7910 -0.1453 -0.5944
vn 0.9380 -0.0067 -0.3464
vn 0.9550 -0.0170 -0.2960
vn 0.9511 -0.0043 -0.3088
vn 0.4698 -0.0530 -0.8812
vn 0.4710 -0.0098 -0.8821
vn 0.9202 0.0142 -0.3912
vn 0.9126 -0.0197 -0.4085
vn 0.9202 -0.0142 -0.3912
vn 0.9274 0.0099 -0.3740
vn 0.9274 -0.0099 -0.3740
vn 0.9380 0.0067 -0.3464
vn 0.9511 0.0043 -0.3088
vn 0.9312 -0.0308 -0.3631
vn 0.9520 -0.0383 -0.3038
vn 0.9413 -0.0256 -0.3367
vn 0.9364 -0.0413 -0.3484
vn 0.9378 -0.0420 -0.3445
vn 0.9241 -0.0415 -0.3800
vn 0.9366 -0.0563 -0.3459
vn 0.9160 -0.0587 -0.3970
vn 0.9305 -0.0853 -0.3561
vn 0.8280 -0.0424 -0.5591
vn 0.7748 -0.1979 -0.6004
vn 0.7325 -0.2341 -0.6393
vn 0.7789 -0.2363 -0.5809
vn 0.7337 -0.1978 -0.6500
vn 0.7436 -0.2426 -0.6230
vn 0.3847 -0.8547 -0.3485
vn 0.3310 -0.8652 -0.3766
vn 0.3352 -0.8633 -0.3773
vn 0.3839 -0.8625 -0.3297
vn 0.4272 -0.8673 -0.2556
vn 0.7461 -0.2053 -0.6333
vn 0.7832 -0.2612 -0.5643
vn 0.4430 -0.1692 -0.8804
vn 0.7856 -0.2212 -0.5778
vn 0.7518 -0.1238 -0.6477
vn 0.7918 -0.1333 -0.5961
vn 0.7389 -0.1193 -0.6631
vn 0.8489 -0.2276 -0.4771
vn 0.8161 -0.2369 -0.5271
vn 0.8248 -0.2959 -0.4817
vn 0.8129 -0.2804 -0.5105
vn 0.8294 -0.2488 -0.5002
vn 0.8263 -0.3081 -0.4716
vn 0.8241 -0.1421 -0.5483
vn 0.4480 -0.8750 -0.1833
vn 0.4503 -0.8818 -0.1405
vn 0.4473 -0.8871 -0.1141
vn 0.8320 -0.2576 -0.4914
vn 0.8439 -0.1512 -0.5147
vn 0.8395 -0.1479 -0.5229
vn 0.7998 -0.0416 -0.5988
vn 0.7662 -0.0400 -0.6414
vn 0.9864 -0.1521 0.0616
vn 0.8451 -0.0427 -0.5329
vn 0.4711 0.0098 -0.8820
vn 0.9974 0.0433 0.0584
vn 0.7662 0.0400 -0.6414
vn 0.7998 0.0416 -0.5988
vn 0.8280 0.0424 -0.5591
vn 0.8774 -0.0309 -0.4787
vn 0.9021 -0.0799 -0.4240
vn 0.9000 -0.0256 -0.4351
vn 0.9515 -0.0312 -0.3061
vn 0.9224 -0.0762 -0.3787
vn 0.9363 -0.0532 -0.3472
vn 0.4059 -0.3334 -0.8510
vn 0.3639 -0.4608 -0.8094
vn 0.3892 -0.5750 -0.7196
vn 0.5152 -0.6417 -0.5681
vn 0.9479 -0.0589 -0.3130
vn 0.5380 -0.7090 -0.4560
vn 0.4300 -0.2614 -0.8642
vn 0.3964 -0.2428 -0.8854
vn 0.7958 0.0389 -0.6043
vn 0.8293 -0.0412 -0.5573
vn 0.7958 -0.0389 -0.6043
vn 0.8774 0.0309 -0.4787
vn 0.9000 0.0256 -0.4351
vn 0.8777 -0.1003 -0.4686
vn 0.9158 -0.1239 -0.3820
vn 0.8885 -0.1622 -0.4292
vn 0.7432 -0.0349 -0.6681
vn 0.7555 -0.0362 -0.6542
vn 0.8451 0.0427 -0.5329
vn 0.7555 0.0362 -0.6542
vn 0.7432 0.0349 -0.6681
vn 0.7780 0.0350 -0.6273
vn 0.9445 -0.0950 -0.3145
vn 0.9301 -0.1439 -0.3379
vn 0.9016 -0.1932 -0.3871
vn 0.5447 -0.7564 -0.3622
vn 0.5141 -0.7954 -0.3209
vn 0.4591 -0.8295 -0.3179
vn 0.8456 -0.0422 -0.5321
vn 0.8507 -0.0426 -0.5239
vn 0.8507 0.0426 -0.5239
vn 0.8456 0.0422 -0.5321
vn 0.8293 0.0412 -0.5573
vn 0.9974 -0.0433 0.0584
vn -0.8774 0.0067 -0.4798
vn -0.8684 0.0390 -0.4944
vn -0.7897 -0.2607 0.5553
vn -0.7263 -0.2678 0.6331
vn -0.7218 -0.2911 0.6279
vn -0.7861 -0.3238 0.5265
vn -0.8352 -0.1664 0.5241
vn -0.8233 -0.2617 0.5036
vn -0.8201 -0.3147 0.4779
vn -0.7066 0.4108 0.5761
vn -0.5174 0.3998 0.7566
vn -0.6634 0.4091 0.6265
vn -0.3332 0.3342 0.8816
vn -0.1247 0.1985 0.9721
vn -0.0762 0.1061 0.9914
vn -0.0346 0.0613 0.9975
vn 0.8048 0.2603 -0.5334
vn 0.8379 0.1522 -0.5242
vn 0.8244 0.2619 -0.5018
vn -0.8583 0.1334 -0.4955
vn -0.9538 -0.0196 0.2998
vn -0.9339 -0.0635 0.3519
vn -0.8062 -0.1638 0.5684
vn -0.9346 -0.0327 0.3542
vn -0.8000 -0.2032 0.5646
vn -0.7724 -0.2386 0.5886
vn -0.7737 -0.2879 0.5644
vn -0.8481 0.3890 0.3599
vn -0.7717 0.4579 0.4413
vn -0.6945 0.4904 0.5264
vn -0.6544 0.5313 0.5381
vn -0.6633 0.5366 0.5217
vn -0.7996 -0.1338 0.5855
vn -0.7764 -0.2189 0.5910
vn -0.8169 -0.2443 0.5224
vn -0.8171 -0.2794 0.5043
vn -0.7826 -0.1437 0.6057
vn -0.6721 0.5077 0.5390
vn -0.7082 0.4670 0.5295
vn -0.7130 0.4400 0.5459
vn -0.8256 -0.1586 0.5415
vn -0.0294 -0.0127 0.9995
vn 0.9413 0.0255 -0.3366
vn -0.9243 -0.0546 0.3777
vn -0.9349 -0.0458 0.3521
vn -0.9289 -0.0673 0.3641
vn -0.9081 0.2620 -0.3267
vn -0.8997 0.3459 -0.2663
vn -0.8570 0.4683 -0.2151
vn -0.7909 0.5978 -0.1309
vn -0.9436 -0.0801 0.3214
vn -0.7701 0.6367 -0.0400
vn -0.9284 -0.0741 0.3641
vn -0.9196 -0.0560 0.3888
vn -0.9357 0.1159 -0.3333
vn -0.9425 0.1584 -0.2944
vn -0.8785 -0.1001 0.4671
vn -0.8865 -0.1449 0.4395
vn -0.9014 -0.1940 0.3872
vn -0.7814 0.6193 0.0771
vn -0.8133 0.5640 0.1430
vn -0.8227 0.5145 0.2418
vn 0.7640 0.3067 -0.5677
vn 0.7703 0.2510 -0.5861
vn 0.7109 0.2836 -0.6436
vn 0.7178 0.2300 -0.6572
vn 0.8203 0.1505 -0.5517
vn 0.7982 0.3153 -0.5134
vn 0.8178 0.3153 -0.4814
vn 0.4598 0.8859 -0.0607
vn 0.5342 0.8449 0.0279
vn 0.6804 0.7287 0.0777
vn 0.8196 0.5709 0.0485
vn 0.8792 0.4753 0.0336
vn 0.9079 0.4179 0.0329
vn 0.9582 0.2851 0.0230
vn 0.7748 0.1191 -0.6209
vn 0.8391 0.1890 -0.5101
vn 0.7748 0.1979 -0.6004
vn 0.7536 0.1320 -0.6440
vn 0.7910 0.1453 -0.5944
vn 0.9550 0.0169 -0.2961
vn 0.4698 0.0530 -0.8812
vn 0.9312 0.0308 -0.3631
vn 0.9241 0.0415 -0.3800
vn 0.9539 0.0363 -0.2980
vn 0.9365 0.0415 -0.3483
vn 0.9378 0.0420 -0.3445
vn 0.9366 0.0563 -0.3459
vn 0.9160 0.0587 -0.3970
vn 0.7325 0.2341 -0.6393
vn 0.7789 0.2363 -0.5809
vn 0.7436 0.2426 -0.6230
vn 0.7337 0.1978 -0.6500
vn 0.3847 0.8547 -0.3485
vn 0.8489 0.2276 -0.4771
vn 0.3352 0.8633 -0.3773
vn 0.3310 0.8652 -0.3766
vn 0.3839 0.8625 -0.3297
vn 0.4272 0.8673 -0.2556
vn 0.7832 0.2612 -0.5643
vn 0.7461 0.2053 -0.6333
vn 0.4427 0.1694 -0.8805
vn 0.7518 0.1238 -0.6477
vn 0.7856 0.2212 -0.5778
vn 0.7918 0.1333 -0.5961
vn 0.7389 0.1193 -0.6631
vn 0.8161 0.2369 -0.5271
vn 0.8248 0.2959 -0.4817
vn 0.8294 0.2488 -0.5002
vn 0.8263 0.3081 -0.4716
vn 0.8320 0.2576 -0.4914
vn 0.8241 0.1421 -0.5483
vn 0.8129 0.2804 -0.5105
vn 0.4480 0.8750 -0.1833
vn 0.4503 0.8818 -0.1405
vn 0.4473 0.8871 -0.1141
vn 0.4451 0.8904 -0.0948
vn 0.8439 0.1512 -0.5147
vn 0.8395 0.1479 -0.5229
vn 0.9864 0.1521 0.0616
vn 0.9021 0.0799 -0.4240
vn 0.9534 0.0294 -0.3002
vn 0.9224 0.0762 -0.3787
vn 0.4126 0.3322 -0.8482
vn 0.4018 0.2422 -0.8831
vn 0.3638 0.4608 -0.8095
vn 0.3892 0.5751 -0.7196
vn 0.9363 0.0532 -0.3471
vn 0.5152 0.6417 -0.5681
vn 0.9479 0.0589 -0.3130
vn 0.4369 0.2585 -0.8616
vn 0.9126 0.0197 -0.4085
vn 0.8777 0.1003 -0.4686
vn 0.8330 0.1142 -0.5414
vn 0.9305 0.0853 -0.3561
vn 0.9158 0.1239 -0.3820
vn 0.8885 0.1622 -0.4292
vn 0.9445 0.0950 -0.3145
vn 0.9301 0.1439 -0.3379
vn 0.5380 0.7090 -0.4560
vn 0.5447 0.7564 -0.3622
vn 0.5141 0.7954 -0.3209
vn 0.9016 0.1932 -0.3871
vn 0.4591 0.8295 -0.3179
vn -0.3920 -0.3239 0.8611
vn -0.4106 -0.3982 0.8203
vn -0.5723 -0.2622 0.7770
vn -0.1115 -0.4263 0.8977
vn -0.1591 -0.5605 0.8127
vn -0.3861 -0.3675 0.8461
vn -0.5768 -0.2713 0.7705
vn 0.0255 -0.4798 0.8770
vn 0.0805 -0.6238 0.7774
vn 0.2231 -0.4371 0.8713
vn 0.0965 -0.4933 0.8645
vn 0.2201 -0.6203 0.7529
vn 0.1041 -0.4847 0.8685
vn -0.1284 -0.4464 0.8856
vn -0.0900 -0.3651 0.9266
vn 0.1938 -0.5285 0.8265
vn 0.1082 -0.3672 0.9238
vn 0.1851 -0.4081 0.8940
vn 0.0949 -0.1128 0.9891
vn -0.0453 -0.0795 0.9958
vn -0.5834 -0.2427 0.7751
vn -0.3661 -0.3508 0.8619
vn -0.3114 -0.0897 0.9460
vn -0.5162 -0.0805 0.8527
vn 0.4399 -0.4176 0.7951
vn 0.3216 -0.6349 0.7025
vn 0.3687 -0.4187 0.8299
vn 0.4400 -0.4568 0.7731
vn 0.3456 -0.7260 0.5946
vn 0.3808 -0.7473 0.5445
vn 0.3303 -0.6234 0.7087
vn 0.2887 -0.5941 0.7508
vn 0.4492 -0.4835 0.7513
vn 0.6193 -0.4519 0.6421
vn 0.4760 -0.7122 0.5159
vn 0.6853 -0.6302 0.3650
vn 0.5097 -0.6323 0.5834
vn 0.4005 -0.6344 0.6611
vn 0.3862 -0.5917 0.7076
vn 0.7260 -0.5643 0.3931
vn 0.5132 -0.5960 0.6175
vn 0.7898 -0.3497 0.5038
vn 0.5939 -0.3815 0.7083
vn 0.4183 -0.3899 0.8204
vn 0.2783 -0.5549 0.7840
vn 0.3328 -0.5663 0.7540
vn 0.3411 -0.3692 0.8645
vn 0.2909 -0.3300 0.8980
vn 0.3714 0.1223 0.9204
vn 0.3213 -0.0977 0.9419
vn 0.3017 0.0464 0.9523
vn 0.4420 0.1163 0.8894
vn 0.4216 -0.0657 0.9044
vn 0.4850 -0.0770 0.8711
vn 0.4025 -0.2338 0.8851
vn 0.3280 -0.1939 0.9246
vn 0.5799 -0.0765 0.8111
vn 0.5588 0.0920 0.8242
vn 0.6804 -0.0701 0.7295
vn 0.5582 -0.2614 0.7875
vn 0.4426 -0.2595 0.8584
vn 0.4452 -0.0293 0.8950
vn 0.7701 -0.2140 0.6010
vn 0.5101 -0.0681 0.8574
vn 0.3500 -0.1266 0.9281
vn 0.4198 -0.0633 0.9054
vn -0.1910 -0.0841 0.9780
vn -0.3516 -0.0701 0.9335
vn -0.4286 -0.0557 0.9018
vn -0.0097 -0.1016 0.9948
vn -0.1484 -0.0911 0.9847
vn -0.0394 -0.1652 0.9855
vn -0.2265 -0.1416 0.9637
vn -0.4330 -0.0977 0.8961
vn 0.1311 -0.1325 0.9825
vn -0.0208 -0.1209 0.9924
vn 0.2663 -0.0480 0.9627
vn 0.1466 -0.1012 0.9840
vn 0.2505 -0.1956 0.9482
vn 0.1120 -0.1598 0.9808
vn 0.0645 -0.1003 0.9929
vn 0.1391 -0.0698 0.9878
vn 0.2321 -0.0532 0.9712
vn -0.1319 -0.1491 0.9800
vn -0.4299 -0.1539 0.8896
vn -0.8298 0.4393 -0.3442
vn -0.6694 0.3640 -0.6476
vn -0.8718 0.2918 -0.3933
vn -0.7819 0.5740 -0.2433
vn -0.6068 0.5555 -0.5685
vn -0.5389 0.7112 -0.4514
vn -0.4066 0.6103 -0.6799
vn -0.4457 0.4081 -0.7968
vn -0.7147 0.6895 -0.1176
vn -0.6264 0.7770 0.0620
vn -0.4483 0.8426 -0.2983
vn -0.4058 0.9135 -0.0285
vn -0.2564 0.9015 -0.3487
vn -0.3370 0.7770 -0.5317
vn -0.1756 0.8011 -0.5722
vn -0.2081 0.9728 -0.1019
vn -0.1190 0.9246 -0.3618
vn -0.0896 0.9838 -0.1555
vn -0.0964 0.8647 -0.4930
vn -0.2837 0.4044 -0.8695
vn -0.2502 0.6483 -0.7191
vn -0.1871 0.5430 -0.8186
vn -0.1636 0.8302 -0.5329
vn -0.0503 0.5347 -0.8435
vn -0.2286 0.5567 -0.7987
vn -0.0734 0.9812 -0.1786
vn -0.0340 0.7963 -0.6040
vn 0.3839 0.8359 -0.3923
vn 0.3260 0.6539 -0.6828
vn 0.3369 0.4287 -0.8383
vn -0.2658 0.2299 -0.9362
vn -0.1043 -0.0004 -0.9945
vn -0.2738 -0.0014 -0.9618
vn -0.0899 0.2238 -0.9705
vn 0.2936 0.1818 -0.9385
vn 0.2794 0.0007 -0.9602
vn -0.7956 0.0675 -0.6020
vn -0.5427 0.0058 -0.8399
vn -0.7938 0.0066 -0.6081
vn -0.8525 0.0798 -0.5166
vn -0.5554 0.0566 -0.8296
vn -0.6062 0.0880 -0.7905
vn -0.3849 0.0460 -0.9218
vn -0.3882 0.0046 -0.9216
vn -0.8439 0.1974 -0.4988
vn -0.6266 0.2146 -0.7492
vn -0.4426 0.2042 -0.8732
vn -0.4142 0.0786 -0.9068
vn -0.3089 0.0580 -0.9493
vn -0.2930 0.2163 -0.9313
vn -0.2597 0.1553 -0.9531
vn -0.2982 0.0086 -0.9545
vn -0.2979 0.0404 -0.9538
vn -0.2806 0.0002 -0.9598
vn -0.9615 0.0831 -0.2620
vn -0.9307 0.0681 -0.3594
vn -0.9640 0.0647 -0.2579
vn -0.9715 0.1265 -0.2007
vn -0.9567 0.0699 -0.2824
vn -0.9383 0.2597 -0.2283
vn -0.9509 0.1531 -0.2692
vn 0.0888 0.9688 -0.2312
vn 0.5579 0.7738 -0.3000
vn -0.6902 0.6596 0.2974
vn -0.4163 0.8841 0.2125
vn -0.6721 0.7014 0.2374
vn -0.6690 -0.1558 0.7268
vn -0.6712 -0.2128 0.7101
vn -0.6810 -0.1697 0.7123
vn -0.7099 -0.1306 0.6920
vn -0.6141 -0.2082 0.7613
vn -0.6588 -0.1574 0.7357
vn -0.5433 -0.0280 0.8391
vn -0.5188 -0.0984 0.8492
vn 0.7092 -0.1001 0.6979
vn 0.7600 -0.3968 0.5148
vn 0.9127 -0.1375 0.3849
vn 0.8600 -0.1259 0.4946
vn 0.2190 0.0442 0.9747
vn 0.2447 -0.0619 0.9676
vn 0.2372 0.0441 0.9705
vn 0.9538 -0.1022 0.2825
vn -0.9213 0.3847 0.0574
vn -0.9327 0.3319 -0.1410
vn -0.9412 0.3266 -0.0865
vn -0.8384 0.5375 0.0904
vn -0.9035 0.4278 -0.0271
vn -0.9574 -0.2874 -0.0281
vn -0.9476 -0.2462 -0.2034
vn -0.9281 -0.3453 -0.1391
vn -0.0519 0.9874 0.1496
vn -0.0947 0.9848 -0.1454
vn -0.0686 0.9909 -0.1158
vn -0.0531 0.0137 0.9985
vn 0.1708 -0.1504 0.9738
vn 0.0759 -0.0217 0.9969
vn -0.2971 0.0158 0.9547
vn 0.0676 0.0246 0.9974
vn 0.1578 -0.0160 0.9873
vn 0.1546 0.0420 0.9871
vn -0.4466 0.0833 0.8908
vn -0.2932 0.1018 0.9506
vn -0.6813 0.0763 0.7280
vn -0.6414 0.1904 0.7432
vn -0.6471 0.0744 0.7587
vn -0.5386 0.0590 0.8405
vn -0.5495 -0.0349 0.8348
vn -0.5678 -0.0161 0.8230
vn -0.5089 0.1890 0.8398
vn -0.0375 0.9881 0.1490
vn -0.1034 0.9814 -0.1616
vn -0.9434 0.2598 -0.2063
vn 0.6623 0.5425 -0.5168
vn 0.6013 0.4979 -0.6249
vn 0.6763 -0.1111 0.7282
vn 0.4526 -0.1196 0.8837
vn 0.8931 -0.1661 0.4181
vn 0.3391 -0.1118 0.9341
vn 0.2683 0.0431 0.9624
vn 0.2830 -0.0690 0.9566
vn 0.9276 -0.0875 0.3632
vn -0.6049 -0.0060 0.7963
vn -0.3341 0.0973 0.9375
vn -0.5862 0.1061 0.8032
vn 0.0656 -0.1334 0.9889
vn 0.1514 -0.1704 0.9737
vn 0.1658 -0.1201 0.9788
vn -0.5741 0.0033 0.8188
vn -0.3364 -0.0942 0.9370
vn -0.1038 0.0964 0.9899
vn -0.0065 0.9965 0.0836
vn -0.0362 0.9916 0.1245
vn 0.7542 0.1295 -0.6437
vn 0.5991 0.1296 -0.7901
vn 0.6404 0.2514 -0.7257
vn 0.8424 -0.5021 0.1956
vn 0.8925 -0.4179 0.1699
vn 0.9605 -0.2380 0.1445
vn 0.9265 -0.3201 0.1979
vn 0.8177 -0.3859 0.4272
vn 0.7719 0.2214 0.5960
vn 0.8354 0.0871 0.5427
vn 0.7043 0.0967 0.7033
vn 0.1919 -0.1498 0.9699
vn 0.2331 -0.0392 0.9717
vn 0.2044 -0.0844 0.9752
vn 0.9250 0.0506 0.3767
vn 0.9114 0.1622 0.3781
vn 0.9495 0.1253 0.2877
vn 0.8998 0.0275 0.4355
vn 0.7645 0.0487 0.6428
vn -0.9731 -0.0708 -0.2192
vn -0.9498 -0.0304 -0.3114
vn -0.9396 -0.0875 -0.3310
vn -0.9372 -0.0014 -0.3489
vn -0.7990 -0.0482 -0.5994
vn -0.9720 -0.1533 -0.1780
vn -0.9465 -0.1625 -0.2788
vn -0.0771 0.0236 0.9967
vn -0.7127 -0.1551 0.6841
vn -0.6639 -0.2272 0.7125
vn -0.0860 0.9748 0.2060
vn -0.0772 0.9924 0.0962
vn 0.2189 -0.2114 0.9526
vn 0.2387 -0.2753 0.9313
vn 0.2030 -0.0204 0.9790
vn -0.7115 0.1813 0.6789
vn -0.6531 0.2061 0.7287
vn -0.7229 0.1820 0.6665
vn 0.1968 0.0358 0.9798
vn 0.2267 -0.0440 0.9730
vn 0.6412 0.3980 -0.6561
vn 0.6539 0.2772 -0.7039
vn 0.6540 0.0102 -0.7565
vn 0.6912 -0.0273 -0.7221
vn 0.5687 0.0046 -0.8225
vn 0.5826 -0.1275 -0.8027
vn -0.0933 -0.9854 -0.1423
vn -0.0388 -0.9767 0.2109
vn -0.0683 -0.9910 -0.1156
vn 0.7940 -0.0599 0.6050
vn 0.8835 -0.0573 0.4649
vn 0.9525 0.0119 0.3042
vn 0.2550 -0.3040 0.9179
vn -0.4360 0.8342 0.3376
vn -0.1933 0.9690 0.1539
vn -0.2032 0.9387 0.2786
vn 0.9003 -0.4111 0.1427
vn 0.3300 0.0294 0.9435
vn 0.4820 0.0313 0.8756
vn 0.7634 -0.5027 0.4056
vn -0.6378 -0.0623 0.7677
vn -0.5898 -0.1347 0.7963
vn -0.6471 -0.1232 0.7524
vn 0.9387 -0.3317 0.0941
vn -0.2842 0.1831 -0.9411
vn -0.3156 -0.0054 -0.9489
vn -0.3067 -0.0026 -0.9518
vn -0.1965 0.5576 -0.8065
vn -0.2847 0.2194 -0.9332
vn -0.2318 0.5572 -0.7974
vn -0.1415 0.8525 -0.5033
vn -0.1837 0.8317 -0.5239
vn 0.2854 -0.0117 0.9583
vn 0.2803 -0.1568 0.9470
vn 0.2805 0.0099 0.9598
vn 0.2887 -0.1577 0.9443
vn 0.2792 -0.2175 0.9353
vn 0.2858 -0.2394 0.9279
vn 0.2845 -0.1074 0.9527
vn 0.2809 -0.1276 0.9512
vn 0.2852 0.0481 0.9573
vn 0.2765 -0.2190 0.9357
vn 0.2729 -0.1095 0.9558
vn 0.2771 -0.1508 0.9489
vn 0.2752 -0.4243 0.8627
vn 0.2523 -0.4176 0.8729
vn 0.2688 -0.0845 0.9595
vn 0.2536 -0.4332 0.8649
vn 0.2312 -0.6414 0.7316
vn 0.2379 -0.6204 0.7474
vn 0.2331 -0.5548 0.7987
vn 0.2569 -0.6113 0.7485
vn 0.2593 -0.5656 0.7829
vn 0.2499 -0.5586 0.7909
vn 0.2420 -0.5110 0.8248
vn 0.2542 -0.5289 0.8097
vn 0.2374 -0.4556 0.8579
vn -0.4959 0.2632 0.8275
vn -0.3790 0.3560 0.8542
vn -0.2167 0.3622 0.9066
vn -0.6087 0.2480 0.7537
vn -0.2897 0.4411 0.8494
vn -0.1033 0.4738 0.8745
vn -0.1097 0.5083 0.8542
vn 0.0078 0.4281 0.9037
vn -0.6132 0.3424 0.7119
vn -0.4533 0.3329 0.8268
vn -0.3871 0.4591 0.7996
vn -0.1223 0.4808 0.8683
vn 0.0299 0.5102 0.8595
vn 0.0327 0.4496 0.8926
vn 0.0684 0.0714 0.9951
vn 0.1797 0.4098 0.8943
vn 0.1419 0.5635 0.8138
vn 0.0812 0.5894 0.8038
vn 0.1064 0.4625 0.8802
vn 0.1890 0.6085 0.7707
vn 0.2018 0.4799 0.8538
vn 0.3477 0.6809 0.6445
vn 0.4390 0.3446 0.8298
vn 0.3726 0.3976 0.8385
vn 0.3350 0.6224 0.7074
vn 0.4333 0.7108 0.5541
vn 0.3727 0.6793 0.6322
vn 0.4352 0.7012 0.5647
vn 0.4355 0.3357 0.8352
vn 0.3130 0.5338 0.7856
vn 0.3039 0.3247 0.8957
vn 0.3234 0.5925 0.7378
vn 0.3247 0.3628 0.8735
vn 0.3769 0.6404 0.6691
vn 0.4240 0.7233 0.5451
vn 0.4808 0.7273 0.4897
vn 0.4152 0.3742 0.8292
vn 0.5208 0.6525 0.5505
vn 0.8012 0.3331 0.4972
vn 0.7712 0.5535 0.3145
vn 0.6354 0.6835 0.3593
vn 0.4244 0.3496 0.8352
vn 0.4337 0.6845 0.5860
vn 0.5999 0.6365 0.4847
vn 0.5919 0.3424 0.7296
vn 0.3028 0.1562 0.9402
vn 0.3300 0.1498 0.9320
vn 0.4052 0.1164 0.9068
vn 0.4735 0.1892 0.8602
vn 0.5316 0.0602 0.8449
vn 0.3313 0.0591 0.9417
vn 0.4161 0.1370 0.8990
vn 0.3802 0.0088 0.9249
vn 0.3927 0.0050 0.9197
vn 0.5250 0.0866 0.8467
vn 0.5711 0.2439 0.7838
vn 0.7661 0.1162 0.6321
vn 0.6050 0.0560 0.7943
vn -0.2816 0.2688 0.9211
vn -0.1351 0.1286 0.9825
vn -0.0103 0.3160 0.9487
vn -0.0019 0.1389 0.9903
vn -0.2430 0.1334 0.9608
vn -0.5190 0.1005 0.8489
vn 0.0185 0.1084 0.9939
vn 0.1589 0.2854 0.9451
vn 0.1532 0.0997 0.9832
vn 0.2240 0.1606 0.9612
vn 0.2204 0.2718 0.9368
vn 0.1301 0.1144 0.9849
vn 0.2400 0.1031 0.9653
vn -0.6182 -0.3851 -0.6852
vn -0.8124 -0.4597 -0.3587
vn -0.8407 -0.3170 -0.4390
vn -0.4297 -0.4132 -0.8029
vn -0.5826 -0.5675 -0.5819
vn -0.3964 -0.6138 -0.6827
vn -0.5251 -0.7169 -0.4587
vn -0.7625 -0.5936 -0.2573
vn -0.2759 -0.4062 -0.8712
vn -0.1903 -0.5397 -0.8201
vn -0.2426 -0.6492 -0.7209
vn -0.1768 -0.7974 -0.5770
vn -0.3369 -0.7740 -0.5361
vn -0.2593 -0.8976 -0.3566
vn -0.1015 -0.8621 -0.4965
vn -0.1209 -0.9226 -0.3664
vn -0.0900 -0.9833 -0.1579
vn -0.2098 -0.9721 -0.1052
vn -0.7104 -0.6929 -0.1235
vn -0.4574 -0.8364 -0.3021
vn -0.4155 -0.9090 -0.0318
vn -0.6354 -0.7714 0.0359
vn -0.0544 -0.5334 -0.8441
vn -0.1645 -0.8280 -0.5361
vn -0.2302 -0.5539 -0.8001
vn 0.3510 -0.4225 -0.8357
vn -0.0347 -0.7949 -0.6057
vn 0.3851 -0.8347 -0.3937
vn 0.0898 -0.9689 -0.2306
vn -0.0728 -0.9814 -0.1778
vn -0.2666 -0.2320 -0.9355
vn 0.2897 -0.1857 -0.9389
vn -0.0949 -0.2253 -0.9697
vn -0.5475 -0.0517 -0.8352
vn -0.3916 -0.0445 -0.9191
vn -0.5750 -0.1030 -0.8117
vn -0.8085 -0.1024 -0.5795
vn -0.2950 -0.0395 -0.9547
vn -0.2464 -0.1635 -0.9553
vn -0.3037 -0.0753 -0.9498
vn -0.4143 -0.0900 -0.9057
vn -0.4321 -0.2122 -0.8765
vn -0.2843 -0.2252 -0.9319
vn -0.8291 -0.1927 -0.5249
vn -0.6069 -0.2118 -0.7660
vn -0.9712 -0.2177 -0.0966
vn 0.7527 -0.1792 -0.6335
vn 0.6779 -0.2496 -0.6915
vn -0.6737 0.1573 0.7221
vn -0.6802 0.1965 0.7062
vn -0.6616 0.1582 0.7329
vn 0.2291 0.1288 0.9648
vn 0.1829 0.0667 0.9809
vn 0.2437 -0.0812 0.9665
vn 0.2865 0.1106 0.9517
vn 0.2683 0.0196 0.9631
vn 0.2521 0.1913 0.9486
vn -0.4318 -0.8380 0.3336
vn -0.1970 -0.9704 0.1393
vn -0.2048 -0.9316 0.3004
vn -0.6711 -0.7154 0.1946
vn -0.4102 -0.8902 0.1984
vn -0.0721 -0.9929 0.0947
vn -0.0705 -0.9651 0.2520
vn -0.3336 -0.0881 0.9386
vn -0.1051 -0.1053 0.9889
vn -0.7188 0.1762 0.6725
vn -0.8438 -0.5158 0.1484
vn -0.6829 -0.6845 0.2550
vn -0.8251 -0.5609 0.0677
vn -0.8905 -0.4522 -0.0499
vn 0.9182 0.3659 0.1515
vn 0.7609 0.5501 0.3441
vn 0.7930 0.3412 0.5047
vn 0.7420 0.3293 0.5840
vn 0.9561 0.2665 0.1222
vn 0.8934 0.1706 0.4156
vn 0.9269 0.0927 0.3636
vn 0.7983 0.5672 0.2023
vn -0.0203 -0.9745 0.2234
vn -0.1018 -0.9822 -0.1579
vn -0.0200 -0.9847 0.1731
vn 0.0022 -0.9935 0.1141
vn 0.6800 0.1190 0.7235
vn 0.2670 -0.0224 0.9634
vn 0.3277 0.1413 0.9342
vn -0.6274 0.1179 0.7697
vn 0.9077 0.1251 0.4006
vn 0.9458 0.1563 0.2847
vn -0.6569 0.0762 0.7501
vn 0.7068 -0.3002 -0.6406
vn 0.6790 -0.5041 -0.5337
vn 0.6342 -0.4531 -0.6265
vn 0.3355 -0.6474 -0.6843
vn 0.7445 -0.2272 -0.6278
vn 0.5950 0.3617 0.7178
vn 0.8753 0.4600 0.1494
vn 0.7303 -0.0164 0.6829
vn 0.4535 0.1344 0.8810
vn 0.4807 -0.0325 0.8763
vn 0.5681 -0.7690 -0.2931
vn 0.2921 0.2406 0.9256
vn 0.2144 -0.1258 0.9686
vn 0.6614 -0.0378 -0.7491
vn 0.6171 -0.2255 -0.7539
vn -0.5445 -0.0502 0.8373
vn -0.6282 -0.0187 0.7779
vn -0.6017 -0.0648 0.7961
vn 0.6996 0.0220 -0.7142
vn -0.9693 -0.0159 -0.2455
vn -0.9190 -0.3922 0.0409
vn 0.8265 0.4746 0.3026
vn -0.9880 -0.0209 -0.1529
vn 0.6768 0.2016 -0.7080
vn 0.6101 0.0515 -0.7907
vn 0.3277 -0.0190 0.9446
vn -0.1043 -0.1501 0.9832
vn 0.2100 -0.9770 -0.0376
vn -0.2866 -0.1830 -0.9404
vn -0.2877 -0.2190 -0.9324
vn -0.2300 -0.5545 -0.7998
vn -0.2064 -0.5517 -0.8081
vn -0.1427 -0.8515 -0.5045
vn -0.1841 -0.8295 -0.5273
vn 0.2670 0.1544 0.9512
vn 0.2519 0.2670 0.9302
vn 0.2638 0.1599 0.9512
vn 0.2785 0.1612 0.9468
vn 0.2604 0.4511 0.8536
vn 0.2983 0.1783 0.9377
vn 0.2732 0.2327 0.9334
vn 0.2946 0.1740 0.9396
vn 0.2852 0.4578 0.8421
vn 0.3179 0.1626 0.9341
vn 0.3222 0.4477 0.8341
vn 0.2744 0.1734 0.9459
vn 0.2389 0.6119 0.7540
vn 0.2224 0.5921 0.7746
vn 0.2548 0.6041 0.7551
vn 0.2364 0.4380 0.8673
vn 0.2546 0.4732 0.8433
vn 0.2509 0.5900 0.7675
vn 0.2752 0.6071 0.7454
vn 0.2873 0.4954 0.8198
vn 0.2864 0.6374 0.7153
vn -0.8451 0.5125 0.1524
vn -0.8914 0.0894 0.4442
vn -0.8435 0.2042 0.4968
vn -0.6805 0.3040 0.6667
vn -0.9419 0.1071 0.3184
vn -0.9677 0.0842 0.2375
vn -0.1828 0.5849 0.7903
vn -0.0179 0.6276 0.7783
vn 0.0689 0.6504 0.7565
vn -0.3015 -0.0150 0.9533
vn 0.7285 0.0174 0.6848
vn -0.4374 0.4650 0.7698
vn 0.2006 0.9783 -0.0518
vn 0.3353 0.8007 0.4964
vn 0.6526 0.7179 0.2424
vn 0.9189 0.3927 0.0387
vn 0.2081 0.7949 0.5700
vn 0.1444 0.7142 0.6848
vn 0.9324 -0.0837 -0.3516
vn 0.9767 -0.1535 -0.1499
vn 0.9454 0.0511 -0.3220
vn 0.9599 0.1839 -0.2118
vn -0.9524 0.0039 0.3049
vn -0.9598 0.0136 0.2803
vn -0.9482 0.0268 0.3164
vn -0.9337 -0.0176 0.3577
vn 0.9512 -0.0255 -0.3075
vn 0.9896 -0.0256 -0.1417
vn 0.9644 0.0114 -0.2642
vn 0.9086 -0.1652 0.3837
vn 0.9787 0.0106 -0.2051
vn 0.1229 0.6599 0.7412
vn 0.1315 0.6980 0.7039
vn 0.1110 0.6383 0.7617
vn -0.9118 -0.1248 0.3911
vn -0.9263 -0.0465 0.3738
vn -0.9298 -0.0352 0.3663
vn -0.8430 -0.1945 0.5015
vn -0.6991 -0.3712 0.6111
vn -0.4401 -0.4993 0.7464
vn -0.1813 -0.6084 0.7726
vn -0.0082 -0.6445 0.7646
vn 0.0595 -0.1876 0.9804
vn 0.0756 -0.6441 0.7612
vn 0.2140 -0.7830 0.5840
vn 0.1431 -0.7025 0.6971
vn 0.3381 -0.7925 0.5075
vn 0.6551 -0.7136 0.2481
vn 0.9229 -0.3823 0.0462
vn 0.9568 0.0801 -0.2795
vn 0.9618 -0.1458 -0.2317
vn 0.9644 0.1463 -0.2203
vn 0.9918 0.0881 -0.0928
vn -0.9504 0.0065 0.3109
vn -0.9052 0.0142 0.4248
vn -0.9530 -0.0444 0.2996
vn 0.9567 -0.0150 -0.2907
vn 0.9644 0.0527 -0.2593
vn 0.9826 0.0157 -0.1853
vn 0.1168 -0.6831 0.7209
vn 0.1163 -0.6165 0.7787
vn 0.1478 -0.6488 0.7464
vn 0.4289 0.6525 -0.6248
vn 0.5361 0.5020 -0.6787
vn 0.5373 0.4293 -0.7260
vn 0.0004 1.0000 0.0024
vn -0.2958 0.9510 0.0898
vn 0.0003 1.0000 0.0024
vn -0.9405 0.2966 -0.1655
vn -0.7985 0.4930 -0.3456
vn -0.8013 0.5640 -0.1994
vn -0.3171 -0.8904 -0.3264
vn -0.1308 -0.8679 -0.4792
vn -0.3923 -0.8167 -0.4232
vn -0.5087 0.0897 -0.8563
vn -0.3824 0.0863 -0.9199
vn -0.4735 0.1639 -0.8654
vn -0.3446 -0.2604 -0.9019
vn -0.2795 -0.1363 -0.9504
vn -0.3195 -0.1324 -0.9383
vn 0.2299 -0.8247 -0.5168
vn 0.3657 -0.7021 -0.6110
vn 0.1316 -0.8303 -0.5416
vn 0.5667 0.1944 -0.8007
vn 0.6530 0.0002 -0.7573
vn 0.5705 0.0002 -0.8213
vn -0.5863 0.7696 -0.2530
vn -0.3927 0.8165 -0.4232
vn -0.3176 0.8903 -0.3263
vn -0.8010 -0.5644 -0.1995
vn -0.6209 -0.6861 -0.3792
vn -0.7982 -0.4934 -0.3456
vn -0.9880 -0.0003 -0.1542
vn -0.9085 -0.2588 -0.3280
vn -0.9467 -0.0002 -0.3221
vn -0.0329 0.9096 -0.4142
vn 0.1312 0.8304 -0.5415
vn 0.2295 0.8249 -0.5166
vn 0.5374 -0.4288 -0.7261
vn 0.6274 -0.2538 -0.7362
vn 0.5363 -0.5016 -0.6788
vn -0.1869 -0.2581 -0.9479
vn -0.2108 -0.1051 -0.9719
vn -0.2431 -0.1271 -0.9616
vn -0.5201 -0.0000 -0.8541
vn -0.3986 -0.0503 -0.9158
vn -0.4029 -0.0001 -0.9153
vn -0.2646 0.2725 -0.9251
vn -0.2432 0.1271 -0.9616
vn -0.1870 0.2581 -0.9478
vn -0.0612 -0.1608 -0.9851
vn -0.1723 -0.0452 -0.9840
vn -0.1853 -0.0781 -0.9796
vn -0.4734 -0.1640 -0.8654
vn -0.3553 -0.1148 -0.9277
vn -0.3824 -0.0864 -0.9200
vn -0.4174 0.2228 -0.8810
vn -0.3196 0.1324 -0.9383
vn -0.3448 0.2603 -0.9019
vn -0.0271 0.0877 -0.9958
vn -0.1703 0.0001 -0.9854
vn -0.0180 -0.0000 -0.9998
vn -0.5494 -0.4803 -0.6837
vn -0.3925 -0.5750 -0.7178
vn -0.6702 0.3448 -0.6573
vn -0.5497 0.4801 -0.6836
vn 0.3076 0.3890 -0.8684
vn -0.0612 0.1609 -0.9851
vn 0.4070 0.2094 -0.8891
vn -0.2100 -0.6185 -0.7572
vn -0.0205 -0.6026 -0.7978
vn -0.7709 -0.0001 -0.6369
vn -0.7446 0.1825 -0.6421
vn -0.1170 0.2189 -0.9687
vn -0.0209 0.6027 -0.7977
vn 0.1589 0.5248 -0.8363
vn 0.1592 -0.5246 -0.8364
vn 0.3078 -0.3887 -0.8684
vn -0.7445 -0.1828 -0.6421
vn -0.6700 -0.3451 -0.6573
vn -0.3928 0.5749 -0.7178
vn -0.2103 0.6185 -0.7571
vn 0.4071 -0.2091 -0.8891
vn 0.4413 0.0001 -0.8973
vn -0.1853 0.0781 -0.9796
vn -0.1723 0.0453 -0.9840
vn 0.6273 0.2542 -0.7361
vn -0.6212 0.6858 -0.3792
vn -0.4173 -0.2229 -0.8810
vn -0.0271 -0.0876 -0.9958
vn -0.1312 0.8679 -0.4791
vn -0.5086 -0.0898 -0.8563
vn -0.1169 -0.2188 -0.9688
vn 0.3654 0.7024 -0.6109
vn -0.9086 0.2584 -0.3280
vn -0.2645 -0.2725 -0.9251
vn -0.2796 0.1364 -0.9504
vn -0.2109 0.1051 -0.9718
vn -0.3986 0.0502 -0.9158
vn 0.4292 -0.6521 -0.6250
vn -0.9404 -0.2971 -0.1656
vn 0.5667 -0.1940 -0.8008
vn -0.0324 -0.9095 -0.4144
vn -0.3554 0.1148 -0.9276
vn -0.5859 -0.7699 -0.2532
vn 0.7773 -0.5873 -0.2258
vn 0.9129 -0.3095 -0.2663
vn 0.7768 -0.5879 -0.2258
vn 0.9133 -0.3081 -0.2664
vn 0.9598 0.0001 -0.2807
vn 0.5644 0.8090 -0.1641
vn 0.7764 0.5884 -0.2257
vn 0.7769 0.5878 -0.2257
vn 0.2970 0.9511 -0.0851
vn 0.5640 0.8093 -0.1641
vn 0.2976 -0.9509 -0.0853
vn 0.5645 -0.8089 -0.1642
vn 0.2971 -0.9510 -0.0851
vn 0.5649 -0.8086 -0.1643
vn 0.9127 0.3101 -0.2662
vn 0.9131 0.3087 -0.2663
vn 0.0010 -1.0000 0.0022
vn -0.2953 -0.9512 0.0896
vn -0.2955 -0.9511 0.0897
vn 0.0009 -1.0000 0.0022
vn -0.5631 -0.8090 0.1683
vn -0.7749 -0.5886 0.2303
vn -0.7756 -0.5876 0.2305
vn -0.5626 -0.8094 0.1682
vn -0.9120 -0.3086 0.2702
vn -0.9590 -0.0001 0.2834
vn -0.9590 -0.0006 0.2834
vn -0.9115 -0.3102 0.2701
vn -0.7760 0.5871 0.2307
vn -0.9117 0.3096 0.2702
vn -0.7753 0.5880 0.2304
vn -0.9122 0.3080 0.2703
vn -0.2961 0.9509 0.0898
vn -0.5632 0.8090 0.1683
vn -0.5637 0.8087 0.1684
vn 0.9598 0.0006 -0.2808
vn 0.2965 0.9512 -0.0849
vn -0.0014 -0.0000 -1.0000
vn 0.2825 -0.0000 0.9593
vn 0.2879 -0.0000 0.9577
vn 0.2872 -0.0081 0.9578
vn 0.2851 0.0038 0.9585
vn 0.2872 0.0081 0.9578
vn 0.2849 0.0033 0.9586
vn 0.2851 0.0029 0.9585
vn 0.2820 0.0029 0.9594
vn 0.2827 0.0028 0.9592
vn 0.2785 0.0061 0.9604
vn 0.2806 0.0038 0.9598
vn 0.2765 -0.0000 0.9610
vn 0.2770 0.0091 0.9608
vn 0.2784 -0.0061 0.9604
vn 0.2770 -0.0091 0.9608
vn 0.2820 -0.0029 0.9594
vn 0.2806 -0.0039 0.9598
vn 0.2849 -0.0033 0.9586
vn 0.2827 -0.0028 0.9592
vn 0.2851 -0.0038 0.9585
vn 0.2851 -0.0029 0.9585
vn 0.9734 0.0204 -0.2281
vn 0.3474 -0.6844 0.6410
vn -0.2570 -0.6857 0.6810
vn 0.7501 -0.0701 0.6576
vn -0.7907 0.5742 0.2123
vn 0.9772 0.0003 0.2123
vt 0.074752 0.714810
vt 0.057336 0.725144
vt 0.057336 0.714810
vt 0.640414 0.669705
vt 0.647103 0.680040
vt 0.640414 0.680040
vt 0.647103 0.659371
vt 0.647103 0.669705
vt 0.640414 0.649036
vt 0.640414 0.659371
vt 0.640414 0.638701
vt 0.647103 0.649036
vt 0.640414 0.628367
vt 0.647103 0.638701
vt 0.640414 0.618032
vt 0.647103 0.628367
vt 0.640414 0.607697
vt 0.647103 0.618032
vt 0.640414 0.597362
vt 0.647103 0.607697
vt 0.640414 0.587028
vt 0.647103 0.597362
vt 0.074752 0.642467
vt 0.057335 0.652801
vt 0.057335 0.642467
vt 0.844454 0.826577
vt 0.887741 0.825091
vt 0.892386 0.830777
vt 0.074752 0.632132
vt 0.057335 0.632132
vt 0.996797 0.190003
vt 0.995723 0.180464
vt 0.996797 0.180464
vt 0.074752 0.704475
vt 0.057336 0.704475
vt 0.074752 0.694140
vt 0.057336 0.694140
vt 0.057336 0.683806
vt 0.074752 0.673471
vt 0.057335 0.673471
vt 0.074752 0.663136
vt 0.057335 0.663136
vt 0.074752 0.725144
vt 0.057336 0.735479
vt 0.074752 0.652801
vt 0.589254 0.274167
vt 0.601096 0.271299
vt 0.598054 0.280543
vt 0.695219 0.638701
vt 0.121955 0.928914
vt 0.123441 0.885627
vt 0.127122 0.928915
vt 0.647103 0.587028
vt 0.695219 0.597362
vt 0.078064 0.949499
vt 0.034777 0.948013
vt 0.078064 0.944332
vt 0.695219 0.659371
vt 0.505621 0.976029
vt 0.462334 0.974547
vt 0.505621 0.970861
vt 0.695219 0.618032
vt 0.986113 0.764118
vt 0.996448 0.758951
vt 0.996448 0.764118
vt 0.695219 0.680040
vt 0.282861 0.928532
vt 0.287703 0.917394
vt 0.290816 0.927836
vt 0.077682 0.788593
vt 0.066544 0.783751
vt 0.076986 0.780638
vt 0.191499 0.885604
vt 0.186657 0.896742
vt 0.183544 0.886300
vt 0.505222 0.815122
vt 0.494084 0.810282
vt 0.504525 0.807167
vt 0.269662 0.829695
vt 0.274503 0.818557
vt 0.277618 0.828998
vt 0.505621 0.965702
vt 0.467563 0.963919
vt 0.505620 0.960749
vt 0.986113 0.753791
vt 0.996448 0.748839
vt 0.996448 0.753791
vt 0.844454 0.816250
vt 0.882511 0.814463
vt 0.884522 0.819685
vt 0.844455 0.453760
vt 0.854790 0.461102
vt 0.844455 0.461102
vt 0.206454 0.979926
vt 0.199111 0.969591
vt 0.206454 0.969591
vt 0.281965 0.012865
vt 0.283351 0.015444
vt 0.282268 0.015566
vt 0.970568 0.979919
vt 0.963226 0.969585
vt 0.970569 0.969585
vt 0.132282 0.928915
vt 0.134068 0.890857
vt 0.137234 0.928915
vt 0.809387 0.757015
vt 0.766100 0.758497
vt 0.761455 0.752810
vt 0.132464 0.875502
vt 0.127623 0.864363
vt 0.133441 0.864386
vt 0.982970 0.031322
vt 0.983734 0.034128
vt 0.982662 0.034059
vt 0.026086 0.972205
vt 0.026086 0.977311
vt 0.025401 0.974758
vt 0.957748 0.950997
vt 0.952581 0.940662
vt 0.957748 0.940662
vt 0.956934 0.979919
vt 0.951339 0.969585
vt 0.956935 0.969585
vt 0.212277 0.986460
vt 0.217444 0.996795
vt 0.212277 0.996795
vt 0.434598 0.948382
vt 0.434598 0.943276
vt 0.435283 0.945829
vt 0.003308 0.074818
vt 0.004071 0.077593
vt 0.003009 0.077528
vt 0.808989 0.917922
vt 0.797850 0.922762
vt 0.797873 0.916944
vt 0.821235 0.762077
vt 0.832374 0.757236
vt 0.832351 0.763054
vt 0.844836 0.665670
vt 0.855974 0.660828
vt 0.855952 0.666647
vt 0.352406 0.885221
vt 0.350920 0.928508
vt 0.347238 0.885221
vt 0.820851 0.922984
vt 0.864138 0.921499
vt 0.868783 0.927185
vt 0.844455 0.623879
vt 0.854729 0.629698
vt 0.844517 0.629698
vt 0.432404 0.967873
vt 0.438223 0.957600
vt 0.438222 0.967812
vt 0.262285 0.957538
vt 0.269627 0.967873
vt 0.262285 0.967873
vt 0.790201 0.972199
vt 0.790201 0.977305
vt 0.789516 0.974752
vt 0.318574 0.853810
vt 0.313732 0.842672
vt 0.319550 0.842694
vt 0.442652 0.965259
vt 0.442652 0.960153
vt 0.443338 0.962706
vt 0.479480 0.854192
vt 0.477994 0.810905
vt 0.483680 0.806260
vt 0.983704 0.042073
vt 0.982628 0.042069
vt 0.800449 0.969585
vt 0.822052 0.979919
vt 0.800449 0.979919
vt 0.822052 0.969585
vt 0.847342 0.979919
vt 0.847342 0.969585
vt 0.874697 0.979919
vt 0.874697 0.969585
vt 0.902332 0.979919
vt 0.902332 0.969585
vt 0.928442 0.979919
vt 0.928442 0.969585
vt 0.951339 0.979919
vt 0.797416 0.895345
vt 0.809378 0.893679
vt 0.795045 0.870167
vt 0.809380 0.869402
vt 0.809381 0.845125
vt 0.790923 0.843125
vt 0.809383 0.820848
vt 0.785330 0.816061
vt 0.809385 0.796572
vt 0.778646 0.790821
vt 0.809386 0.772295
vt 0.373186 0.996795
vt 0.348940 0.986460
vt 0.373186 0.986460
vt 0.348940 0.996795
vt 0.324664 0.986460
vt 0.324664 0.996795
vt 0.300387 0.986460
vt 0.300387 0.996795
vt 0.276110 0.986460
vt 0.276110 0.996795
vt 0.251833 0.986460
vt 0.251833 0.996795
vt 0.227556 0.986460
vt 0.247086 0.818122
vt 0.268685 0.818580
vt 0.245420 0.830085
vt 0.221908 0.815752
vt 0.196866 0.830087
vt 0.194866 0.811629
vt 0.172589 0.830088
vt 0.167802 0.806035
vt 0.148312 0.830090
vt 0.142562 0.799351
vt 0.124035 0.830091
vt 0.120866 0.792033
vt 0.796839 0.940662
vt 0.821085 0.950997
vt 0.796839 0.950997
vt 0.821085 0.940662
vt 0.845361 0.950997
vt 0.845361 0.940662
vt 0.869638 0.950997
vt 0.869638 0.940662
vt 0.893915 0.950997
vt 0.893915 0.940662
vt 0.918192 0.950997
vt 0.918192 0.940662
vt 0.942469 0.950997
vt 0.214074 0.897179
vt 0.192476 0.896720
vt 0.215742 0.885216
vt 0.239253 0.899551
vt 0.264296 0.885218
vt 0.266294 0.903677
vt 0.288572 0.885219
vt 0.293357 0.909273
vt 0.312849 0.885220
vt 0.318597 0.915959
vt 0.337126 0.885221
vt 0.340293 0.923279
vt 0.856411 0.688245
vt 0.844449 0.689913
vt 0.858784 0.713424
vt 0.844450 0.714190
vt 0.844451 0.738467
vt 0.862909 0.740465
vt 0.844452 0.762743
vt 0.868506 0.767528
vt 0.844453 0.787020
vt 0.875192 0.792767
vt 0.844454 0.811297
vt 0.424350 0.940661
vt 0.402746 0.950996
vt 0.402746 0.940661
vt 0.377457 0.950996
vt 0.377457 0.940661
vt 0.350102 0.940661
vt 0.322467 0.950996
vt 0.322467 0.940661
vt 0.296357 0.940661
vt 0.296357 0.950996
vt 0.273459 0.940661
vt 0.260286 0.916957
vt 0.281885 0.917416
vt 0.258619 0.928920
vt 0.235108 0.914584
vt 0.210065 0.928918
vt 0.208066 0.910459
vt 0.185788 0.928917
vt 0.181003 0.904863
vt 0.161511 0.928916
vt 0.155764 0.898177
vt 0.036334 0.969591
vt 0.057937 0.979926
vt 0.036334 0.979926
vt 0.057937 0.969591
vt 0.083227 0.979926
vt 0.110582 0.969591
vt 0.110582 0.979926
vt 0.138217 0.969591
vt 0.138217 0.979926
vt 0.164327 0.969591
vt 0.164327 0.979926
vt 0.187224 0.969591
vt 0.187224 0.979926
vt 0.832810 0.784653
vt 0.820848 0.786320
vt 0.835183 0.809831
vt 0.820848 0.810597
vt 0.820849 0.834874
vt 0.839307 0.836873
vt 0.820849 0.859151
vt 0.844903 0.863936
vt 0.820850 0.883428
vt 0.851589 0.889175
vt 0.820850 0.907704
vt 0.935983 0.986454
vt 0.911737 0.996789
vt 0.911737 0.986454
vt 0.887460 0.996789
vt 0.887460 0.986454
vt 0.863184 0.996789
vt 0.863184 0.986454
vt 0.838907 0.996789
vt 0.838907 0.986454
vt 0.814630 0.996789
vt 0.814630 0.986454
vt 0.790353 0.996789
vt 0.790353 0.986454
vt 0.432404 0.957538
vt 0.410801 0.967873
vt 0.410801 0.957538
vt 0.385511 0.967873
vt 0.385511 0.957538
vt 0.358157 0.967873
vt 0.358157 0.957538
vt 0.330521 0.957538
vt 0.304411 0.967873
vt 0.304411 0.957538
vt 0.281514 0.967873
vt 0.281514 0.957538
vt 0.986113 0.603209
vt 0.996448 0.627455
vt 0.986113 0.627455
vt 0.996448 0.651731
vt 0.986113 0.651731
vt 0.986113 0.676008
vt 0.996448 0.676008
vt 0.986113 0.700285
vt 0.996448 0.700285
vt 0.986113 0.724562
vt 0.986113 0.748839
vt 0.155039 0.863927
vt 0.156707 0.875889
vt 0.180218 0.861553
vt 0.180984 0.875888
vt 0.205261 0.875887
vt 0.207260 0.857428
vt 0.229538 0.875886
vt 0.234322 0.851832
vt 0.253814 0.875885
vt 0.259562 0.845146
vt 0.278091 0.875884
vt 0.066107 0.811168
vt 0.066566 0.789569
vt 0.078069 0.812836
vt 0.063734 0.836346
vt 0.078068 0.861389
vt 0.059609 0.863388
vt 0.078067 0.885666
vt 0.054013 0.890451
vt 0.078066 0.909943
vt 0.047327 0.915690
vt 0.078065 0.934220
vt 0.040007 0.937386
vt 0.341149 0.842235
vt 0.342817 0.854197
vt 0.366327 0.839862
vt 0.367094 0.854196
vt 0.391370 0.854196
vt 0.393369 0.835737
vt 0.415647 0.854195
vt 0.420432 0.830141
vt 0.439924 0.854194
vt 0.445671 0.823455
vt 0.464201 0.854193
vt 0.854790 0.623879
vt 0.844455 0.602276
vt 0.854790 0.602276
vt 0.854790 0.576986
vt 0.844455 0.549632
vt 0.854790 0.549632
vt 0.844455 0.521996
vt 0.854790 0.521996
vt 0.844455 0.495886
vt 0.854790 0.495886
vt 0.844455 0.472989
vt 0.854790 0.472989
vt 0.493650 0.837699
vt 0.494107 0.816100
vt 0.505612 0.839365
vt 0.491279 0.862877
vt 0.505615 0.887919
vt 0.487157 0.889919
vt 0.505617 0.912196
vt 0.481564 0.916983
vt 0.505619 0.936472
vt 0.474880 0.942223
vt 0.996988 0.426651
vt 0.986654 0.402406
vt 0.996988 0.402406
vt 0.986654 0.378129
vt 0.996988 0.378129
vt 0.986654 0.353852
vt 0.996988 0.353852
vt 0.986654 0.329575
vt 0.996988 0.329575
vt 0.986654 0.305298
vt 0.996988 0.305298
vt 0.986654 0.281021
vt 0.996988 0.281021
vt 0.794631 0.979858
vt 0.794631 0.969646
vt 0.267864 0.950996
vt 0.273459 0.950996
vt 0.108756 0.830091
vt 0.110238 0.786804
vt 0.113923 0.830091
vt 0.342079 0.885221
vt 0.947421 0.950997
vt 0.942469 0.940662
vt 0.947421 0.940662
vt 0.119083 0.830091
vt 0.222604 0.986460
vt 0.227556 0.996795
vt 0.222604 0.996795
vt 0.293371 0.875884
vt 0.291885 0.832597
vt 0.297571 0.827952
vt 0.809386 0.767342
vt 0.771329 0.769125
vt 0.769319 0.763903
vt 0.283044 0.875884
vt 0.281258 0.837826
vt 0.286479 0.835816
vt 0.275919 0.967873
vt 0.078065 0.939172
vt 0.986654 0.265742
vt 0.996988 0.270909
vt 0.986654 0.270909
vt 0.986654 0.276069
vt 0.775074 0.996789
vt 0.780241 0.986454
vt 0.780241 0.996789
vt 0.469153 0.854193
vt 0.467367 0.816135
vt 0.472588 0.814125
vt 0.844455 0.467394
vt 0.785401 0.996789
vt 0.820850 0.912657
vt 0.858908 0.910871
vt 0.860919 0.916092
vt 0.192819 0.969591
vt 0.821932 0.754122
vt 0.832473 0.754590
vt 0.822188 0.751460
vt 0.832764 0.751961
vt 0.822594 0.748816
vt 0.833373 0.749389
vt 0.290349 0.917295
vt 0.293479 0.927580
vt 0.292978 0.917004
vt 0.296123 0.927174
vt 0.295550 0.916394
vt 0.298716 0.926517
vt 0.178810 0.897741
vt 0.178238 0.886962
vt 0.181382 0.897132
vt 0.180882 0.886556
vt 0.184012 0.896841
vt 0.796849 0.930609
vt 0.807628 0.931183
vt 0.806971 0.933776
vt 0.797459 0.928037
vt 0.808035 0.928539
vt 0.797750 0.925408
vt 0.808291 0.925877
vt 0.124509 0.874805
vt 0.124977 0.864264
vt 0.121847 0.874549
vt 0.122347 0.863973
vt 0.119203 0.874143
vt 0.119775 0.863364
vt 0.066445 0.781105
vt 0.076730 0.777975
vt 0.066154 0.778476
vt 0.076323 0.775331
vt 0.065544 0.775904
vt 0.075667 0.772738
vt 0.493083 0.802435
vt 0.503862 0.801861
vt 0.493693 0.805007
vt 0.504269 0.804505
vt 0.493984 0.807636
vt 0.845533 0.657715
vt 0.856074 0.658183
vt 0.845789 0.655052
vt 0.856364 0.655553
vt 0.846195 0.652408
vt 0.856974 0.652981
vt 0.282350 0.817557
vt 0.282924 0.828336
vt 0.279778 0.818166
vt 0.280280 0.828742
vt 0.277149 0.818457
vt 0.310619 0.853113
vt 0.311086 0.842573
vt 0.307956 0.852857
vt 0.308457 0.842282
vt 0.305312 0.852452
vt 0.305885 0.841672
vt 0.847070 0.634128
vt 0.852176 0.634128
vt 0.849623 0.634813
vt 0.424350 0.950996
vt 0.430168 0.940723
vt 0.430168 0.950935
vt 0.030516 0.979864
vt 0.030516 0.969652
vt 0.345514 0.925289
vt 0.952581 0.950997
vt 0.267864 0.940661
vt 0.261573 0.950996
vt 0.261573 0.940661
vt 0.844454 0.821409
vt 0.217444 0.986460
vt 0.115644 0.790023
vt 0.809387 0.762183
vt 0.963226 0.979919
vt 0.275919 0.957538
vt 0.269627 0.957538
vt 0.288203 0.875884
vt 0.986113 0.758951
vt 0.037996 0.942607
vt 0.474313 0.854192
vt 0.854790 0.467394
vt 0.996988 0.276069
vt 0.465553 0.969141
vt 0.820851 0.917816
vt 0.785401 0.986454
vt 0.192819 0.979926
vt 0.199111 0.979926
vt 0.128847 0.888846
vt 0.254230 0.950996
vt 0.792073 0.970330
vt 0.792073 0.979174
vt 0.054752 0.003312
vt 0.051954 0.004087
vt 0.052018 0.003016
vt 0.052023 0.017117
vt 0.044020 0.016103
vt 0.051943 0.016051
vt 0.042140 0.015279
vt 0.043231 0.004904
vt 0.043216 0.015280
vt 0.058899 0.010044
vt 0.057284 0.007548
vt 0.058346 0.007179
vt 0.984526 0.043946
vt 0.994890 0.042871
vt 0.994890 0.043946
vt 0.058455 0.013003
vt 0.057764 0.010075
vt 0.432726 0.941407
vt 0.432726 0.950250
vt 0.027958 0.970336
vt 0.289136 0.019782
vt 0.291613 0.018083
vt 0.292012 0.019137
vt 0.986766 0.027746
vt 0.984640 0.030132
vt 0.984110 0.029068
vt 0.286103 0.019377
vt 0.289082 0.018631
vt 0.825377 0.015561
vt 0.824612 0.012780
vt 0.825676 0.012845
vt 0.044025 0.004089
vt 0.044025 0.003016
vt 0.056001 0.005022
vt 0.057071 0.004511
vt 0.845201 0.632255
vt 0.440780 0.967127
vt 0.440780 0.958284
vt 0.296043 0.012870
vt 0.295026 0.004888
vt 0.296097 0.004895
vt 0.003009 0.085470
vt 0.004075 0.085470
vt 0.824613 0.004889
vt 0.825682 0.004890
vt 0.294208 0.003010
vt 0.283849 0.004085
vt 0.283849 0.003010
vt 0.815708 0.019351
vt 0.813462 0.016856
vt 0.816057 0.018207
vt 0.996440 0.031420
vt 0.995688 0.034181
vt 0.995363 0.031545
vt 0.294086 0.016739
vt 0.294627 0.017788
vt 0.996788 0.042071
vt 0.996752 0.034107
vt 0.057106 0.015837
vt 0.057324 0.012651
vt 0.017140 0.085475
vt 0.016003 0.077554
vt 0.017071 0.077475
vt 0.295725 0.015588
vt 0.294977 0.012798
vt 0.823802 0.003017
vt 0.813439 0.004092
vt 0.813439 0.003017
vt 0.811589 0.012913
vt 0.812995 0.015493
vt 0.811909 0.015621
vt 0.015668 0.074901
vt 0.016752 0.074773
vt 0.818688 0.018650
vt 0.818736 0.019804
vt 0.992650 0.027651
vt 0.994906 0.030154
vt 0.992289 0.028789
vt 0.006583 0.077791
vt 0.013449 0.083703
vt 0.006652 0.083674
vt 0.989691 0.028310
vt 0.987149 0.028811
vt 0.009939 0.070557
vt 0.007422 0.072262
vt 0.007023 0.071193
vt 0.986272 0.034339
vt 0.993116 0.040292
vt 0.986306 0.040272
vt 0.281945 0.004877
vt 0.283032 0.012793
vt 0.821644 0.019159
vt 0.821254 0.018098
vt 0.283228 0.018039
vt 0.286442 0.018224
vt 0.004881 0.087336
vt 0.015226 0.086280
vt 0.015225 0.087354
vt 0.015862 0.072405
vt 0.012616 0.072155
vt 0.012977 0.070999
vt 0.811524 0.004897
vt 0.812659 0.012835
vt 0.989661 0.027165
vt 0.054586 0.015711
vt 0.054717 0.016791
vt 0.815190 0.012624
vt 0.822029 0.006671
vt 0.822094 0.012582
vt 0.004373 0.072554
vt 0.004919 0.073616
vt 0.009987 0.071716
vt 0.292455 0.012585
vt 0.285621 0.006683
vt 0.292428 0.006662
vt 0.824244 0.017836
vt 0.823714 0.016794
vt 0.285953 0.014581
vt 0.284294 0.012700
vt 0.285556 0.012595
vt 0.284665 0.015138
vt 0.053703 0.013125
vt 0.051843 0.014791
vt 0.051733 0.013532
vt 0.054270 0.014403
vt 0.056105 0.012234
vt 0.054723 0.014338
vt 0.055961 0.015264
vt 0.815599 0.014612
vt 0.816527 0.016999
vt 0.814359 0.015594
vt 0.818637 0.016215
vt 0.817028 0.015832
vt 0.821693 0.014552
vt 0.823352 0.012686
vt 0.822971 0.015115
vt 0.824279 0.015431
vt 0.986684 0.032348
vt 0.985004 0.034227
vt 0.985396 0.031776
vt 0.984077 0.031455
vt 0.987572 0.030007
vt 0.988100 0.031130
vt 0.985519 0.031337
vt 0.820229 0.015767
vt 0.822869 0.015584
vt 0.820773 0.016916
vt 0.284346 0.005384
vt 0.293711 0.005384
vt 0.294208 0.004085
vt 0.005382 0.084967
vt 0.004883 0.086263
vt 0.813925 0.012735
vt 0.814311 0.015178
vt 0.813936 0.005392
vt 0.823304 0.005392
vt 0.823802 0.004092
vt 0.985023 0.041571
vt 0.994393 0.041571
vt 0.984526 0.042871
vt 0.045800 0.013500
vt 0.044531 0.005404
vt 0.045830 0.006682
vt 0.044518 0.014784
vt 0.287395 0.015810
vt 0.284695 0.015585
vt 0.283798 0.016878
vt 0.289018 0.017395
vt 0.286891 0.016987
vt 0.292042 0.014554
vt 0.293715 0.012697
vt 0.293318 0.015127
vt 0.294627 0.015452
vt 0.291155 0.016904
vt 0.290607 0.015762
vt 0.008433 0.074611
vt 0.010013 0.072975
vt 0.010036 0.074164
vt 0.007879 0.073456
vt 0.006985 0.075826
vt 0.005329 0.077686
vt 0.005710 0.075262
vt 0.004404 0.074947
vt 0.992780 0.032413
vt 0.994433 0.034276
vt 0.993178 0.034380
vt 0.994057 0.031854
vt 0.991859 0.030023
vt 0.993980 0.031394
vt 0.991307 0.031183
vt 0.989697 0.029525
vt 0.055363 0.010092
vt 0.056089 0.007961
vt 0.056545 0.010086
vt 0.053744 0.007026
vt 0.054932 0.008491
vt 0.054783 0.005878
vt 0.051859 0.005354
vt 0.054309 0.005736
vt 0.054624 0.004417
vt 0.013069 0.075779
vt 0.014740 0.077654
vt 0.013476 0.077764
vt 0.014355 0.075214
vt 0.011656 0.074553
vt 0.014303 0.074822
vt 0.015264 0.073569
vt 0.014732 0.084983
vt 0.016051 0.085482
vt 0.283032 0.004877
vt 0.051753 0.006621
vt 0.995704 0.042074
vt 0.815220 0.006692
vt 0.812615 0.004890
vt 0.818661 0.017397
vt 0.989694 0.030736
vt 0.054955 0.011690
vt 0.289014 0.016206
vt 0.012174 0.073378
vt 0.628190 0.311402
vt 0.637262 0.307167
vt 0.638019 0.308209
vt 0.628190 0.277959
vt 0.619118 0.282194
vt 0.618361 0.281152
vt 0.033424 0.009086
vt 0.024665 0.004236
vt 0.025063 0.003011
vt 0.006367 0.028744
vt 0.015126 0.033594
vt 0.014728 0.034818
vt 0.638019 0.281152
vt 0.642869 0.289911
vt 0.637262 0.282194
vt 0.612286 0.299848
vt 0.619118 0.307167
vt 0.618361 0.308209
vt 0.025063 0.034818
vt 0.032382 0.027987
vt 0.033424 0.028744
vt 0.644094 0.299848
vt 0.642869 0.299450
vt 0.612286 0.289513
vt 0.613511 0.289911
vt 0.014728 0.003011
vt 0.007409 0.009842
vt 0.006367 0.009086
vt 0.640414 0.576693
vt 0.996797 0.094613
vt 0.995723 0.104152
vt 0.995723 0.094613
vt 0.996797 0.113691
vt 0.996797 0.104152
vt 0.996797 0.123230
vt 0.995723 0.113691
vt 0.996797 0.132769
vt 0.995723 0.123230
vt 0.996797 0.142308
vt 0.995723 0.132769
vt 0.996797 0.151847
vt 0.995723 0.142308
vt 0.996797 0.161386
vt 0.995723 0.151847
vt 0.996797 0.170925
vt 0.995723 0.161386
vt 0.995723 0.170925
vt 0.004461 0.018915
vt 0.003174 0.018915
vt 0.035330 0.018915
vt 0.036617 0.018915
vt 0.613511 0.299450
vt 0.644094 0.289513
vt 0.024665 0.033594
vt 0.015126 0.004236
vt 0.628190 0.279246
vt 0.628190 0.310115
vt 0.007409 0.027987
vt 0.032382 0.009842
vt 0.573318 0.473410
vt 0.583147 0.472116
vt 0.573318 0.475309
vt 0.563489 0.472116
vt 0.564606 0.470579
vt 0.557415 0.463755
vt 0.559221 0.463168
vt 0.559221 0.454007
vt 0.557415 0.453420
vt 0.563489 0.445059
vt 0.564606 0.446596
vt 0.573318 0.441865
vt 0.573318 0.443765
vt 0.583147 0.445059
vt 0.582031 0.446596
vt 0.589222 0.453420
vt 0.587416 0.454007
vt 0.589222 0.463755
vt 0.587416 0.463168
vt 0.582031 0.470579
vt 0.617830 0.274541
vt 0.611813 0.263602
vt 0.621635 0.264113
vt 0.609269 0.246459
vt 0.601179 0.255957
vt 0.597962 0.246459
vt 0.585706 0.263971
vt 0.596834 0.268490
vt 0.608921 0.280638
vt 0.610308 0.268459
vt 0.610138 0.258905
vt 0.606229 0.255699
vt 0.588836 0.253321
vt 0.595370 0.263544
vt 0.606192 0.271569
vt 0.618367 0.253173
vt 0.597043 0.258743
vt 0.603620 0.263628
vt 0.134497 0.479302
vt 0.129330 0.495206
vt 0.120969 0.489131
vt 0.139664 0.495206
vt 0.148025 0.489131
vt 0.151219 0.479302
vt 0.148025 0.469474
vt 0.139664 0.463399
vt 0.129330 0.463399
vt 0.120969 0.469474
vt 0.117775 0.479302
vt 0.539540 0.431038
vt 0.515030 0.418630
vt 0.539719 0.418319
vt 0.442854 0.430521
vt 0.424903 0.418172
vt 0.449934 0.418235
vt 0.406159 0.861102
vt 0.415344 0.882774
vt 0.405804 0.882791
vt 0.565844 0.431341
vt 0.566092 0.418570
vt 0.565770 0.435443
vt 0.539503 0.435129
vt 0.514731 0.431093
vt 0.010872 0.716571
vt 0.003830 0.705828
vt 0.007893 0.705058
vt 0.024735 0.745554
vt 0.012812 0.732215
vt 0.015909 0.729119
vt 0.401509 0.300155
vt 0.400498 0.247736
vt 0.411923 0.247225
vt 0.425005 0.861107
vt 0.432052 0.882656
vt 0.424022 0.882731
vt 0.416025 0.861104
vt 0.616239 0.418863
vt 0.633274 0.430967
vt 0.616831 0.431405
vt 0.423343 0.430399
vt 0.399329 0.418120
vt 0.431664 0.365107
vt 0.454932 0.364780
vt 0.486440 0.430901
vt 0.472256 0.418313
vt 0.492918 0.418524
vt 0.751023 0.603631
vt 0.748451 0.614099
vt 0.746831 0.603971
vt 0.422810 0.434337
vt 0.397326 0.430256
vt 0.396675 0.434152
vt 0.375528 0.430164
vt 0.377869 0.418090
vt 0.395734 0.909958
vt 0.404962 0.931975
vt 0.395732 0.931982
vt 0.388338 0.365758
vt 0.408117 0.365461
vt 0.334514 0.414343
vt 0.326664 0.425180
vt 0.328884 0.413258
vt 0.321856 0.423895
vt 0.323599 0.412161
vt 0.339651 0.361265
vt 0.345440 0.362336
vt 0.338162 0.427442
vt 0.340628 0.415435
vt 0.337432 0.431297
vt 0.332095 0.426339
vt 0.326161 0.428939
vt 0.321950 0.427410
vt 0.318916 0.425462
vt 0.317459 0.422504
vt 0.317557 0.416633
vt 0.319417 0.405476
vt 0.479963 0.296358
vt 0.465026 0.242676
vt 0.482754 0.241327
vt 0.334163 0.360201
vt 0.328823 0.359139
vt 0.369847 0.244610
vt 0.366490 0.231230
vt 0.372397 0.232112
vt 0.363810 0.243573
vt 0.361196 0.230620
vt 0.378982 0.233141
vt 0.373253 0.227901
vt 0.379817 0.228897
vt 0.376430 0.245669
vt 0.359053 0.297155
vt 0.353100 0.296085
vt 0.358152 0.242576
vt 0.347468 0.295014
vt 0.351355 0.247244
vt 0.351702 0.363419
vt 0.354016 0.235962
vt 0.356291 0.230232
vt 0.358926 0.227841
vt 0.362710 0.227087
vt 0.367512 0.227194
vt 0.365505 0.298229
vt 0.341993 0.293941
vt 0.439952 0.298305
vt 0.460676 0.297266
vt 0.447965 0.231338
vt 0.466125 0.229548
vt 0.446396 0.244306
vt 0.429859 0.233143
vt 0.483516 0.228085
vt 0.466548 0.225024
vt 0.483805 0.223507
vt 0.427802 0.245943
vt 0.419127 0.299337
vt 0.476171 0.364522
vt 0.414353 0.234564
vt 0.415164 0.230236
vt 0.430575 0.228757
vt 0.448541 0.226882
vt 0.414448 0.909917
vt 0.405334 0.909954
vt 0.542455 0.240427
vt 0.521066 0.226976
vt 0.542726 0.227091
vt 0.520544 0.240192
vt 0.501336 0.227235
vt 0.565481 0.227158
vt 0.542805 0.222470
vt 0.565480 0.222540
vt 0.565489 0.240459
vt 0.413735 0.931920
vt 0.421721 0.931769
vt 0.422741 0.909816
vt 0.428932 0.931472
vt 0.395736 0.861101
vt 0.395735 0.882794
vt 0.500729 0.240471
vt 0.501538 0.222631
vt 0.521213 0.222361
vt 0.430305 0.909623
vt 0.375230 0.365780
vt 0.380387 0.300078
vt 0.389353 0.300441
vt 0.366182 0.365326
vt 0.372598 0.299268
vt 0.391597 0.247454
vt 0.358577 0.364480
vt 0.363966 0.417921
vt 0.354814 0.417391
vt 0.347340 0.416513
vt 0.760413 0.244429
vt 0.764840 0.297815
vt 0.753860 0.245495
vt 0.777189 0.295651
vt 0.784985 0.361608
vt 0.771263 0.296731
vt 0.383679 0.246683
vt 0.394198 0.234893
vt 0.403083 0.235145
vt 0.386258 0.234142
vt 0.403927 0.230853
vt 0.387097 0.229886
vt 0.395042 0.230622
vt 0.361471 0.429964
vt 0.352296 0.429412
vt 0.374802 0.434032
vt 0.360726 0.433822
vt 0.351558 0.433267
vt 0.344846 0.428523
vt 0.344114 0.432378
vt 0.592146 0.432002
vt 0.591959 0.419725
vt 0.706068 0.417518
vt 0.688278 0.429908
vt 0.681152 0.417731
vt 0.376126 0.882772
vt 0.385313 0.861101
vt 0.385666 0.882790
vt 0.367447 0.882728
vt 0.375447 0.861102
vt 0.359418 0.882652
vt 0.366467 0.861104
vt 0.729899 0.247595
vt 0.728978 0.299809
vt 0.718521 0.247103
vt 0.498215 0.431019
vt 0.676443 0.430062
vt 0.666009 0.434210
vt 0.665689 0.430222
vt 0.592164 0.436086
vt 0.007221 0.692206
vt 0.011955 0.704289
vt 0.731523 0.417347
vt 0.707684 0.429676
vt 0.699052 0.364653
vt 0.675805 0.364423
vt 0.722546 0.364918
vt 0.742265 0.365146
vt 0.386503 0.931974
vt 0.752883 0.417232
vt 0.733567 0.429416
vt 0.755258 0.429241
vt 0.734231 0.433290
vt 0.708234 0.433591
vt 0.009060 0.681714
vt 0.003029 0.691865
vt 0.005252 0.679981
vt 0.658929 0.417993
vt 0.644972 0.430670
vt 0.638357 0.418442
vt 0.796030 0.413355
vt 0.803879 0.424118
vt 0.798476 0.425289
vt 0.801631 0.412257
vt 0.808661 0.422824
vt 0.790748 0.360526
vt 0.796209 0.359450
vt 0.811032 0.404480
vt 0.806889 0.411148
vt 0.665638 0.242615
vt 0.650766 0.296116
vt 0.647981 0.241273
vt 0.812918 0.415581
vt 0.811593 0.424375
vt 0.808579 0.426323
vt 0.804391 0.427859
vt 0.799188 0.429113
vt 0.793179 0.430242
vt 0.792440 0.426407
vt 0.789946 0.414462
vt 0.763730 0.231101
vt 0.757850 0.231990
vt 0.768999 0.230484
vt 0.766422 0.243385
vt 0.756990 0.227799
vt 0.751296 0.233027
vt 0.750457 0.228804
vt 0.762705 0.227084
vt 0.767485 0.226969
vt 0.771254 0.227712
vt 0.776158 0.235788
vt 0.772053 0.242381
vt 0.778830 0.247016
vt 0.778753 0.362706
vt 0.782795 0.294572
vt 0.788244 0.293492
vt 0.801523 0.358378
vt 0.690655 0.298030
vt 0.669988 0.297015
vt 0.682622 0.231319
vt 0.664542 0.229541
vt 0.700648 0.233103
vt 0.684192 0.244230
vt 0.664120 0.225037
vt 0.647224 0.228083
vt 0.646937 0.223524
vt 0.682046 0.226883
vt 0.699932 0.228738
vt 0.715273 0.230193
vt 0.716086 0.234500
vt 0.702709 0.245845
vt 0.654545 0.364264
vt 0.711418 0.299027
vt 0.377020 0.909915
vt 0.386133 0.909953
vt 0.609813 0.226962
vt 0.588498 0.240378
vt 0.588213 0.227075
vt 0.629474 0.227229
vt 0.610331 0.240138
vt 0.588134 0.222463
vt 0.609668 0.222361
vt 0.629275 0.222642
vt 0.630075 0.240418
vt 0.362533 0.931469
vt 0.368727 0.909814
vt 0.369744 0.931767
vt 0.377730 0.931919
vt 0.361162 0.909619
vt 0.750021 0.299689
vt 0.755325 0.365127
vt 0.741090 0.300069
vt 0.757778 0.298865
vt 0.764337 0.364648
vt 0.771909 0.363782
vt 0.738762 0.247300
vt 0.746645 0.246518
vt 0.783267 0.415556
vt 0.775830 0.416455
vt 0.766722 0.417014
vt 0.359518 0.191045
vt 0.354804 0.137485
vt 0.365569 0.190122
vt 0.736151 0.234798
vt 0.727306 0.235064
vt 0.744055 0.234036
vt 0.726460 0.230792
vt 0.735303 0.230547
vt 0.743212 0.229801
vt 0.769246 0.428992
vt 0.778376 0.428412
vt 0.785789 0.427503
vt 0.786530 0.431338
vt 0.779123 0.432247
vt 0.770001 0.432829
vt 0.755994 0.433087
vt 0.505228 0.020950
vt 0.530770 0.008151
vt 0.530926 0.020957
vt 0.405433 0.020512
vt 0.423853 0.008072
vt 0.424928 0.020655
vt 0.506901 0.075049
vt 0.531757 0.075147
vt 0.557372 0.008167
vt 0.557351 0.020979
vt 0.557380 0.003980
vt 0.504895 0.008163
vt 0.530751 0.003965
vt 0.438962 0.020748
vt 0.449322 0.008124
vt 0.450061 0.020813
vt 0.437895 0.008100
vt 0.449067 0.003975
vt 0.460152 0.074582
vt 0.473826 0.020908
vt 0.483172 0.074875
vt 0.384784 0.189258
vt 0.382833 0.137631
vt 0.393693 0.190420
vt 0.688708 0.433858
vt 0.487696 0.020935
vt 0.411877 0.073599
vt 0.436465 0.074145
vt 0.379459 0.020231
vt 0.403931 0.008022
vt 0.609406 0.021111
vt 0.633477 0.028254
vt 0.631365 0.074938
vt 0.486252 0.434947
vt 0.477298 0.430775
vt 0.514672 0.435164
vt 0.377504 0.007863
vt 0.403421 0.003966
vt 0.356618 0.007500
vt 0.376880 0.003856
vt 0.358946 0.019775
vt 0.533745 0.198032
vt 0.557260 0.143049
vt 0.557239 0.198045
vt 0.369421 0.072174
vt 0.388081 0.072953
vt 0.325077 0.021046
vt 0.317704 0.010059
vt 0.322729 0.009027
vt 0.319862 0.022004
vt 0.313171 0.011257
vt 0.330275 0.074096
vt 0.335651 0.073150
vt 0.328184 0.008090
vt 0.330578 0.020126
vt 0.327478 0.004225
vt 0.317213 0.006294
vt 0.322042 0.005178
vt 0.313281 0.007739
vt 0.310346 0.009651
vt 0.308942 0.018475
vt 0.314854 0.023009
vt 0.310726 0.029648
vt 0.447581 0.195491
vt 0.464425 0.141985
vt 0.468072 0.196760
vt 0.325061 0.075068
vt 0.356491 0.204381
vt 0.362018 0.203587
vt 0.351457 0.204917
vt 0.353869 0.191980
vt 0.362849 0.207817
vt 0.368085 0.202681
vt 0.368903 0.206937
vt 0.348916 0.138408
vt 0.348471 0.192901
vt 0.343368 0.139365
vt 0.341783 0.188172
vt 0.337999 0.140354
vt 0.341317 0.072235
vt 0.344399 0.199489
vt 0.349273 0.207679
vt 0.352954 0.208478
vt 0.357486 0.208443
vt 0.332612 0.141381
vt 0.420329 0.140081
vt 0.442511 0.141142
vt 0.429049 0.206682
vt 0.448873 0.208424
vt 0.410541 0.204778
vt 0.427316 0.193876
vt 0.449331 0.212868
vt 0.469005 0.209789
vt 0.469324 0.214274
vt 0.408351 0.192108
vt 0.399234 0.138880
vt 0.463857 0.020880
vt 0.473303 0.008149
vt 0.396245 0.202977
vt 0.397085 0.207263
vt 0.411289 0.209109
vt 0.429655 0.211074
vt 0.509013 0.142872
vt 0.532829 0.143015
vt 0.511249 0.211008
vt 0.533949 0.211131
vt 0.489622 0.210612
vt 0.510828 0.197910
vt 0.533998 0.215667
vt 0.557233 0.211142
vt 0.557230 0.215679
vt 0.488964 0.197534
vt 0.486287 0.142549
vt 0.557288 0.075186
vt 0.489827 0.215127
vt 0.511365 0.215539
vt 0.366900 0.136343
vt 0.358860 0.071429
vt 0.373239 0.136654
vt 0.360886 0.136703
vt 0.352634 0.071146
vt 0.378293 0.188939
vt 0.347053 0.071473
vt 0.347529 0.019238
vt 0.341331 0.019024
vt 0.336063 0.019359
vt 0.759728 0.137534
vt 0.755031 0.191116
vt 0.748977 0.190195
vt 0.778844 0.073170
vt 0.771171 0.139411
vt 0.765618 0.138455
vt 0.371925 0.189328
vt 0.380937 0.201483
vt 0.387469 0.201784
vt 0.374494 0.201884
vt 0.388337 0.206053
vt 0.375326 0.206146
vt 0.381790 0.205749
vt 0.345022 0.007047
vt 0.338824 0.006913
vt 0.355920 0.003538
vt 0.344305 0.003116
vt 0.333620 0.007299
vt 0.338114 0.003015
vt 0.332917 0.003424
vt 0.583963 0.008248
vt 0.583761 0.021037
vt 0.682010 0.027972
vt 0.709016 0.020643
vt 0.702648 0.073687
vt 0.607638 0.075105
vt 0.582809 0.075179
vt 0.609800 0.008371
vt 0.626905 0.021213
vt 0.731693 0.137693
vt 0.729754 0.189336
vt 0.720841 0.190500
vt 0.657187 0.028237
vt 0.676995 0.021027
vt 0.678071 0.074234
vt 0.442446 0.434496
vt 0.665317 0.008458
vt 0.664589 0.021133
vt 0.583999 0.004065
vt 0.710471 0.008168
vt 0.734965 0.020304
vt 0.693022 0.008290
vt 0.691952 0.020854
vt 0.726420 0.073022
vt 0.745071 0.072226
vt 0.580734 0.198053
vt 0.736893 0.007933
vt 0.755477 0.019813
vt 0.737507 0.003924
vt 0.757786 0.007531
vt 0.710965 0.004111
vt 0.616988 0.435464
vt 0.639459 0.008489
vt 0.650713 0.021212
vt 0.638916 0.021241
vt 0.789360 0.021038
vt 0.796722 0.010037
vt 0.794576 0.021990
vt 0.801259 0.011230
vt 0.799590 0.022989
vt 0.784222 0.074112
vt 0.789439 0.075079
vt 0.803726 0.029626
vt 0.794693 0.076083
vt 0.650096 0.142048
vt 0.666926 0.195569
vt 0.646426 0.196829
vt 0.805498 0.018446
vt 0.804083 0.009620
vt 0.805558 0.012570
vt 0.801144 0.007710
vt 0.791694 0.009011
vt 0.797209 0.006269
vt 0.786936 0.004212
vt 0.786235 0.008080
vt 0.783855 0.020124
vt 0.758064 0.204457
vt 0.752535 0.203665
vt 0.760683 0.192050
vt 0.763100 0.204991
vt 0.746465 0.202760
vt 0.751704 0.207898
vt 0.745647 0.207019
vt 0.757071 0.208522
vt 0.761605 0.208555
vt 0.765286 0.207754
vt 0.770160 0.199558
vt 0.767911 0.205331
vt 0.766085 0.192969
vt 0.772773 0.188236
vt 0.773176 0.072261
vt 0.776538 0.140396
vt 0.781929 0.141420
vt 0.694192 0.140151
vt 0.672008 0.141211
vt 0.685465 0.206771
vt 0.665629 0.208508
vt 0.687201 0.193959
vt 0.703985 0.204867
vt 0.645486 0.209864
vt 0.665169 0.212954
vt 0.645164 0.214351
vt 0.684858 0.211165
vt 0.703236 0.209201
vt 0.717450 0.207353
vt 0.706176 0.192191
vt 0.718289 0.203064
vt 0.654374 0.074654
vt 0.715290 0.138947
vt 0.605505 0.142910
vt 0.581691 0.143035
vt 0.603223 0.211051
vt 0.580519 0.211154
vt 0.603656 0.197950
vt 0.624858 0.210674
vt 0.580465 0.215691
vt 0.603104 0.215584
vt 0.624650 0.215190
vt 0.625527 0.197591
vt 0.628235 0.142600
vt 0.755630 0.071471
vt 0.747628 0.136398
vt 0.741288 0.136712
vt 0.761856 0.071182
vt 0.753644 0.136756
vt 0.767438 0.071504
vt 0.736247 0.189016
vt 0.742618 0.189403
vt 0.778367 0.019364
vt 0.773097 0.019035
vt 0.766897 0.019259
vt 0.138509 0.990664
vt 0.185764 0.994840
vt 0.138511 0.994857
vt 0.733605 0.201566
vt 0.727070 0.201869
vt 0.740051 0.201965
vt 0.726202 0.206140
vt 0.732753 0.205835
vt 0.739220 0.206230
vt 0.769387 0.007058
vt 0.775588 0.006916
vt 0.780795 0.007296
vt 0.781494 0.003417
vt 0.776294 0.003015
vt 0.770099 0.003125
vt 0.758478 0.003564
vt 0.791070 0.474895
vt 0.791060 0.481923
vt 0.787773 0.477489
vt 0.787767 0.470921
vt 0.784605 0.473677
vt 0.784855 0.467710
vt 0.781793 0.470575
vt 0.782398 0.465141
vt 0.779372 0.468043
vt 0.813334 0.677633
vt 0.811832 0.669940
vt 0.815844 0.671195
vt 0.813342 0.663647
vt 0.817530 0.664164
vt 0.813440 0.657097
vt 0.817645 0.656436
vt 0.814486 0.646883
vt 0.810669 0.648709
vt 0.463128 0.008144
vt 0.473162 0.003969
vt 0.423467 0.003973
vt 0.768537 0.550283
vt 0.779888 0.526123
vt 0.783377 0.528449
vt 0.791396 0.508581
vt 0.795143 0.510515
vt 0.806423 0.634306
vt 0.802937 0.636638
vt 0.795994 0.619252
vt 0.792412 0.621446
vt 0.787073 0.602505
vt 0.783120 0.604007
vt 0.782755 0.584289
vt 0.778498 0.584519
vt 0.781307 0.659937
vt 0.796950 0.681716
vt 0.778204 0.662762
vt 0.765023 0.640477
vt 0.761547 0.642856
vt 0.487190 0.008153
vt 0.504839 0.003978
vt 0.654050 0.430439
vt 0.645213 0.434684
vt 0.781132 0.564193
vt 0.785221 0.565275
vt 0.789325 0.544298
vt 0.793090 0.546168
vt 0.800806 0.524813
vt 0.804354 0.527052
vt 0.813796 0.505568
vt 0.817249 0.507947
vt 0.308270 0.976217
vt 0.261016 0.980402
vt 0.261015 0.976209
vt 0.012782 0.990711
vt 0.024383 0.994910
vt 0.012777 0.994904
vt 0.006604 0.990699
vt 0.006589 0.994892
vt 0.003021 0.994871
vt 0.003039 0.990678
vt 0.202945 0.990653
vt 0.206238 0.994844
vt 0.202942 0.994846
vt 0.197072 0.990650
vt 0.197069 0.994843
vt 0.185764 0.990647
vt 0.024384 0.990717
vt 0.072031 0.994894
vt 0.374750 0.976243
vt 0.308269 0.980410
vt 0.795655 0.497754
vt 0.799854 0.498540
vt 0.799818 0.490838
vt 0.795627 0.491553
vt 0.797729 0.484827
vt 0.793914 0.486623
vt 0.794544 0.479581
vt 0.803501 0.695542
vt 0.801962 0.690118
vt 0.805533 0.692316
vt 0.804278 0.686226
vt 0.807921 0.688306
vt 0.806850 0.681483
vt 0.810586 0.683390
vt 0.809483 0.675965
vt 0.047268 0.820942
vt 0.047259 0.813914
vt 0.050742 0.816256
vt 0.043965 0.824915
vt 0.043971 0.818348
vt 0.041053 0.828127
vt 0.040803 0.822160
vt 0.038596 0.830696
vt 0.037991 0.825262
vt 0.912126 0.648594
vt 0.910624 0.656287
vt 0.908275 0.650262
vt 0.914636 0.655033
vt 0.912134 0.662580
vt 0.916322 0.662064
vt 0.912232 0.669131
vt 0.913278 0.679344
vt 0.916437 0.669791
vt 0.665567 0.004318
vt 0.678010 0.008390
vt 0.693403 0.004199
vt 0.036086 0.769714
vt 0.021142 0.747727
vt 0.039575 0.767388
vt 0.047594 0.787256
vt 0.905215 0.691921
vt 0.909461 0.677519
vt 0.894786 0.706975
vt 0.901729 0.689590
vt 0.885865 0.723723
vt 0.891204 0.704782
vt 0.881547 0.741938
vt 0.881912 0.722221
vt 0.037504 0.635900
vt 0.053146 0.614120
vt 0.056089 0.617107
vt 0.021221 0.655360
vt 0.034401 0.633075
vt 0.609876 0.004195
vt 0.627458 0.008455
vt 0.639606 0.004321
vt 0.651430 0.008500
vt 0.879924 0.762034
vt 0.877290 0.741709
vt 0.884013 0.760952
vt 0.888117 0.781930
vt 0.891882 0.780059
vt 0.899598 0.801414
vt 0.903146 0.799175
vt 0.912588 0.820659
vt 0.072029 0.990701
vt 0.433997 0.976243
vt 0.422396 0.980444
vt 0.422395 0.976251
vt 0.440175 0.976230
vt 0.434003 0.980436
vt 0.443759 0.980402
vt 0.440190 0.980423
vt 0.243834 0.976218
vt 0.240542 0.980409
vt 0.240537 0.976216
vt 0.249707 0.976213
vt 0.243838 0.980411
vt 0.249710 0.980406
vt 0.374749 0.980436
vt 0.051341 0.785322
vt 0.051853 0.798083
vt 0.056016 0.804999
vt 0.056052 0.797297
vt 0.053927 0.811009
vt 0.051825 0.804284
vt 0.050112 0.809213
vt 0.902292 0.630686
vt 0.900754 0.636109
vt 0.898748 0.632925
vt 0.904325 0.633911
vt 0.903070 0.640001
vt 0.906713 0.637922
vt 0.905642 0.644745
vt 0.909378 0.642838
vt 0.465292 0.434688
vt 0.454759 0.430595
vt 0.465579 0.430671
vt 0.755441 0.565807
vt 0.764944 0.548109
vt 0.752976 0.627278
vt 0.756741 0.625421
vt 0.009174 0.668558
vt 0.017745 0.652980
vt 0.462911 0.003974
vt 0.651644 0.004342
vt 0.487083 0.003968
vt 0.437530 0.003972
vt 0.627581 0.004283
vt 0.678360 0.004271
vt 0.759124 0.567810
vt 0.758468 0.580946
vt 0.754398 0.579939
vt 0.016703 0.672273
vt 0.012867 0.683447
vt 0.751612 0.590835
vt 0.755216 0.603290
vt 0.752560 0.613245
vt 0.760505 0.623564
vt 0.019005 0.726023
vt 0.477040 0.434812
vt 0.654350 0.434443
vt 0.498082 0.435078
vt 0.454368 0.434593
vt 0.633483 0.435000
vt 0.676861 0.434032
vt 0.750327 0.578931
vt 0.503893 0.668632
vt 0.533698 0.683950
vt 0.506963 0.690934
vt 0.533938 0.667300
vt 0.548088 0.678649
vt 0.545858 0.696279
vt 0.531541 0.701271
vt 0.508023 0.708307
vt 0.548328 0.667043
vt 0.558399 0.677480
vt 0.559511 0.666726
vt 0.567195 0.677082
vt 0.565418 0.691533
vt 0.556666 0.692849
vt 0.554653 0.705882
vt 0.544580 0.708969
vt 0.562370 0.704372
vt 0.560456 0.711817
vt 0.554620 0.714600
vt 0.544630 0.718681
vt 0.530493 0.714034
vt 0.508194 0.721274
vt 0.530380 0.724174
vt 0.508738 0.731219
vt 0.168643 0.620838
vt 0.155681 0.610317
vt 0.168659 0.609315
vt 0.167335 0.637969
vt 0.154786 0.622475
vt 0.154514 0.638018
vt 0.143998 0.623426
vt 0.144546 0.610753
vt 0.156611 0.652855
vt 0.170969 0.656248
vt 0.160175 0.668880
vt 0.147796 0.665901
vt 0.145355 0.651848
vt 0.144100 0.637802
vt 0.138024 0.651011
vt 0.136822 0.637638
vt 0.140097 0.663899
vt 0.132675 0.662510
vt 0.130681 0.650322
vt 0.129475 0.637441
vt 0.136624 0.610851
vt 0.136466 0.623865
vt 0.128934 0.624153
vt 0.128808 0.610862
vt 0.281576 0.743193
vt 0.299553 0.734879
vt 0.304588 0.747117
vt 0.276591 0.732817
vt 0.294601 0.716564
vt 0.317124 0.717494
vt 0.322670 0.737198
vt 0.327060 0.749954
vt 0.272165 0.715060
vt 0.292245 0.690961
vt 0.268097 0.689692
vt 0.288362 0.678552
vt 0.305335 0.679446
vt 0.310523 0.692695
vt 0.334036 0.692040
vt 0.340600 0.719398
vt 0.329447 0.679507
vt 0.351591 0.678614
vt 0.356177 0.690754
vt 0.360366 0.718805
vt 0.346396 0.737808
vt 0.349744 0.751548
vt 0.365438 0.736962
vt 0.371758 0.751195
vt 0.408550 0.671812
vt 0.394198 0.689338
vt 0.389253 0.675338
vt 0.423499 0.672975
vt 0.415314 0.690677
vt 0.430401 0.691206
vt 0.421491 0.711716
vt 0.400996 0.715192
vt 0.457233 0.673344
vt 0.463409 0.692594
vt 0.470043 0.712303
vt 0.436130 0.711304
vt 0.442572 0.728486
vt 0.475559 0.726660
vt 0.478846 0.737129
vt 0.446629 0.741276
vt 0.405275 0.732188
vt 0.425978 0.728719
vt 0.429759 0.743148
vt 0.409086 0.746535
vt 0.144454 0.699250
vt 0.148362 0.695801
vt 0.149647 0.702701
vt 0.141466 0.692479
vt 0.146007 0.686673
vt 0.153958 0.690141
vt 0.155984 0.700574
vt 0.157251 0.708892
vt 0.138482 0.683769
vt 0.143438 0.675946
vt 0.135563 0.673777
vt 0.151357 0.678095
vt 0.163751 0.680444
vt 0.165621 0.693824
vt 0.176975 0.672095
vt 0.179887 0.681791
vt 0.181612 0.697581
vt 0.167467 0.706348
vt 0.169004 0.716043
vt 0.183671 0.712320
vt 0.185753 0.723432
vt 0.249401 0.606823
vt 0.227819 0.615826
vt 0.227815 0.607922
vt 0.250454 0.615960
vt 0.230685 0.640259
vt 0.205521 0.637873
vt 0.205074 0.616759
vt 0.204839 0.608791
vt 0.255128 0.640314
vt 0.235670 0.667774
vt 0.260720 0.668057
vt 0.240478 0.678000
vt 0.215671 0.676675
vt 0.210567 0.666180
vt 0.189963 0.662287
vt 0.184840 0.637064
vt 0.195029 0.674212
vt 0.185840 0.609026
vt 0.185418 0.618404
vt 0.336316 0.605042
vt 0.314804 0.614654
vt 0.313295 0.605257
vt 0.338190 0.612381
vt 0.318938 0.640046
vt 0.295392 0.640764
vt 0.292024 0.616455
vt 0.291051 0.605706
vt 0.340894 0.642299
vt 0.324993 0.670982
vt 0.347575 0.670129
vt 0.301731 0.670401
vt 0.283474 0.669593
vt 0.276202 0.640022
vt 0.264181 0.677823
vt 0.272173 0.616324
vt 0.270464 0.606149
vt 0.203630 0.719528
vt 0.207343 0.730633
vt 0.200309 0.700358
vt 0.224881 0.704994
vt 0.228637 0.726349
vt 0.232134 0.736329
vt 0.198740 0.683905
vt 0.220495 0.684877
vt 0.245029 0.687070
vt 0.248449 0.711489
vt 0.253382 0.730130
vt 0.257364 0.739703
vt 0.502060 0.274988
vt 0.491537 0.257668
vt 0.504215 0.256537
vt 0.194217 0.758049
vt 0.158164 0.768003
vt 0.148530 0.747399
vt 0.142605 0.762693
vt 0.132738 0.758299
vt 0.128319 0.743297
vt 0.127491 0.755199
vt 0.123802 0.748422
vt 0.022032 0.968552
vt 0.015699 0.971448
vt 0.016284 0.958500
vt 0.493587 0.249775
vt 0.505447 0.248183
vt 0.024271 0.938480
vt 0.016852 0.944101
vt 0.017338 0.927946
vt 0.536137 0.403491
vt 0.522119 0.412105
vt 0.521072 0.403577
vt 0.166559 0.953150
vt 0.199477 0.946060
vt 0.200793 0.953318
vt 0.166718 0.961194
vt 0.202297 0.961225
vt 0.223868 0.947123
vt 0.226998 0.954331
vt 0.230720 0.962058
vt 0.510865 0.411259
vt 0.508494 0.402706
vt 0.398574 0.800318
vt 0.364123 0.780246
vt 0.412250 0.778076
vt 0.375145 0.802472
vt 0.352455 0.801808
vt 0.330738 0.799207
vt 0.310278 0.796312
vt 0.320431 0.775910
vt 0.484400 0.326558
vt 0.499941 0.342633
vt 0.484918 0.343949
vt 0.487574 0.362852
vt 0.501873 0.362253
vt 0.500019 0.310150
vt 0.486188 0.297349
vt 0.500693 0.296202
vt 0.283254 0.770593
vt 0.257756 0.788010
vt 0.247459 0.765744
vt 0.237168 0.784790
vt 0.209128 0.781049
vt 0.180235 0.774439
vt 0.488150 0.276033
vt 0.517042 0.274092
vt 0.518002 0.255642
vt 0.025587 0.905125
vt 0.017596 0.911642
vt 0.017711 0.895460
vt 0.518679 0.246981
vt 0.534840 0.255110
vt 0.017960 0.879416
vt 0.025971 0.864640
vt 0.018171 0.864665
vt 0.535248 0.273491
vt 0.542979 0.755001
vt 0.541592 0.746329
vt 0.549880 0.744610
vt 0.537001 0.757753
vt 0.532449 0.749883
vt 0.528425 0.763315
vt 0.510399 0.757296
vt 0.515948 0.770042
vt 0.498674 0.777330
vt 0.500903 0.409761
vt 0.245061 0.948962
vt 0.250152 0.955732
vt 0.535831 0.361439
vt 0.519126 0.384878
vt 0.517200 0.361768
vt 0.535997 0.384833
vt 0.505039 0.384418
vt 0.535577 0.340764
vt 0.515754 0.323392
vt 0.535463 0.322488
vt 0.516020 0.341489
vt 0.499556 0.324899
vt 0.465494 0.768971
vt 0.476330 0.784608
vt 0.450819 0.791253
vt 0.424370 0.796727
vt 0.491916 0.383761
vt 0.497089 0.401417
vt 0.515976 0.308704
vt 0.516402 0.294977
vt 0.535692 0.294173
vt 0.535567 0.307770
vt 0.498404 0.792409
vt 0.475577 0.792326
vt 0.497900 0.784503
vt 0.450171 0.799437
vt 0.330838 0.808044
vt 0.310608 0.814260
vt 0.310077 0.804976
vt 0.169392 0.722858
vt 0.148972 0.707163
vt 0.139451 0.702880
vt 0.168009 0.730321
vt 0.186648 0.730877
vt 0.185986 0.739021
vt 0.157149 0.714732
vt 0.394167 0.757474
vt 0.391590 0.749418
vt 0.275052 0.808503
vt 0.292671 0.802080
vt 0.292057 0.811382
vt 0.396229 0.767163
vt 0.411731 0.755163
vt 0.414160 0.764758
vt 0.375290 0.759678
vt 0.134412 0.693781
vt 0.115107 0.754946
vt 0.126220 0.758388
vt 0.123245 0.764254
vt 0.011385 0.970338
vt 0.011559 0.956989
vt 0.119736 0.750033
vt 0.006180 0.878697
vt 0.012955 0.864889
vt 0.013161 0.878910
vt 0.556979 0.720962
vt 0.534641 0.740926
vt 0.509343 0.739368
vt 0.531759 0.732028
vt 0.562034 0.727560
vt 0.563871 0.714837
vt 0.570347 0.719148
vt 0.568987 0.705087
vt 0.004557 0.956453
vt 0.004565 0.971052
vt 0.577147 0.708204
vt 0.572900 0.691972
vt 0.582109 0.694193
vt 0.208185 0.797601
vt 0.237063 0.793346
vt 0.237196 0.802187
vt 0.180211 0.782926
vt 0.208555 0.789273
vt 0.452899 0.757511
vt 0.480985 0.744819
vt 0.483290 0.753939
vt 0.539656 0.767386
vt 0.528016 0.769055
vt 0.537130 0.762315
vt 0.145919 0.711910
vt 0.154958 0.721085
vt 0.547500 0.759495
vt 0.132868 0.764429
vt 0.573961 0.630983
vt 0.580895 0.649484
vt 0.571801 0.650572
vt 0.005220 0.910327
vt 0.012910 0.894482
vt 0.012605 0.910876
vt 0.592821 0.648236
vt 0.583521 0.631204
vt 0.594824 0.631849
vt 0.577390 0.665376
vt 0.569036 0.666010
vt 0.121793 0.650671
vt 0.012139 0.926987
vt 0.004646 0.927073
vt 0.423852 0.814308
vt 0.398268 0.809160
vt 0.423835 0.805272
vt 0.574905 0.677825
vt 0.585259 0.679743
vt 0.588759 0.665238
vt 0.119534 0.611048
vt 0.123852 0.662783
vt 0.131465 0.771905
vt 0.142849 0.770227
vt 0.142159 0.778690
vt 0.550721 0.734250
vt 0.814229 0.085289
vt 0.814185 0.062374
vt 0.822076 0.062895
vt 0.005793 0.850010
vt 0.005870 0.865094
vt 0.012784 0.834222
vt 0.017952 0.849244
vt 0.012902 0.849580
vt 0.573792 0.603750
vt 0.582667 0.614358
vt 0.573194 0.613987
vt 0.593999 0.601704
vt 0.582700 0.602805
vt 0.208982 0.738042
vt 0.475777 0.800693
vt 0.208997 0.746521
vt 0.234147 0.743765
vt 0.234898 0.752542
vt 0.011878 0.942880
vt 0.398391 0.818425
vt 0.375085 0.810888
vt 0.352474 0.810337
vt 0.180191 0.792182
vt 0.260068 0.748109
vt 0.261519 0.757148
vt 0.284890 0.751826
vt 0.286885 0.761038
vt 0.307719 0.755566
vt 0.353075 0.819663
vt 0.375104 0.819779
vt 0.309965 0.764533
vt 0.330138 0.758248
vt 0.332132 0.767512
vt 0.529677 0.775449
vt 0.515273 0.776577
vt 0.276177 0.799382
vt 0.292303 0.793333
vt 0.795077 0.268418
vt 0.801161 0.250241
vt 0.803966 0.268351
vt 0.350847 0.759133
vt 0.353707 0.767697
vt 0.376563 0.767944
vt 0.131112 0.527768
vt 0.135826 0.537580
vt 0.127366 0.537407
vt 0.450222 0.808173
vt 0.546629 0.726233
vt 0.158438 0.776179
vt 0.157764 0.785474
vt 0.431590 0.751540
vt 0.511490 0.747374
vt 0.449533 0.749232
vt 0.332052 0.817232
vt 0.244012 0.941121
vt 0.222702 0.938643
vt 0.130259 0.684260
vt 0.004527 0.942184
vt 0.126724 0.673961
vt 0.119276 0.597578
vt 0.128283 0.584212
vt 0.128427 0.597598
vt 0.134411 0.937465
vt 0.166594 0.945832
vt 0.133844 0.945974
vt 0.533159 0.653983
vt 0.500249 0.653186
vt 0.533045 0.630845
vt 0.549719 0.652662
vt 0.497390 0.631586
vt 0.531548 0.614962
vt 0.497960 0.614247
vt 0.531949 0.605664
vt 0.550970 0.614228
vt 0.550948 0.631748
vt 0.563181 0.631310
vt 0.551186 0.604866
vt 0.563124 0.613925
vt 0.563281 0.604479
vt 0.561858 0.651636
vt 0.387529 0.666347
vt 0.384686 0.641642
vt 0.406998 0.659967
vt 0.406943 0.637871
vt 0.419896 0.655224
vt 0.402820 0.614826
vt 0.378978 0.613564
vt 0.401088 0.603899
vt 0.414346 0.602147
vt 0.416243 0.616548
vt 0.418275 0.635549
vt 0.446859 0.614636
vt 0.449669 0.632907
vt 0.495473 0.601254
vt 0.451819 0.650825
vt 0.498837 0.536011
vt 0.527934 0.519398
vt 0.529511 0.538527
vt 0.502551 0.515682
vt 0.526138 0.505556
vt 0.541758 0.509053
vt 0.544721 0.523674
vt 0.546987 0.540720
vt 0.502707 0.498670
vt 0.524740 0.492361
vt 0.502753 0.487352
vt 0.525360 0.480714
vt 0.540458 0.485297
vt 0.540554 0.497092
vt 0.550524 0.499357
vt 0.551804 0.510516
vt 0.550251 0.489405
vt 0.555800 0.492369
vt 0.557600 0.499833
vt 0.560114 0.511087
vt 0.554836 0.526105
vt 0.556245 0.540256
vt 0.563078 0.526421
vt 0.565258 0.539243
vt 0.155635 0.598188
vt 0.168309 0.598177
vt 0.143839 0.597687
vt 0.153154 0.583443
vt 0.166965 0.584382
vt 0.136052 0.597526
vt 0.135629 0.583770
vt 0.142798 0.583415
vt 0.136310 0.570061
vt 0.143554 0.568538
vt 0.128959 0.571197
vt 0.130662 0.558938
vt 0.138379 0.556995
vt 0.146299 0.554456
vt 0.154136 0.566052
vt 0.168267 0.561700
vt 0.158076 0.550737
vt 0.172924 0.546845
vt 0.277036 0.471611
vt 0.295092 0.478248
vt 0.271789 0.481912
vt 0.299917 0.467714
vt 0.316109 0.475302
vt 0.310541 0.495030
vt 0.290088 0.497727
vt 0.266362 0.500287
vt 0.321088 0.463848
vt 0.340846 0.474138
vt 0.343415 0.462940
vt 0.361577 0.473294
vt 0.356086 0.495843
vt 0.337292 0.496126
vt 0.331752 0.521879
vt 0.308287 0.522898
vt 0.352097 0.520687
vt 0.348186 0.530142
vt 0.325235 0.529598
vt 0.301896 0.531530
vt 0.285522 0.524375
vt 0.263198 0.527424
vt 0.279297 0.533502
vt 0.257792 0.536102
vt 0.392186 0.521282
vt 0.405671 0.533592
vt 0.387004 0.532484
vt 0.398297 0.496767
vt 0.412452 0.519666
vt 0.420360 0.498719
vt 0.428315 0.516083
vt 0.421898 0.534019
vt 0.401516 0.475811
vt 0.425121 0.468155
vt 0.423582 0.480637
vt 0.438312 0.481330
vt 0.434652 0.496984
vt 0.467108 0.495565
vt 0.441110 0.469889
vt 0.470612 0.482366
vt 0.503516 0.475434
vt 0.457797 0.534099
vt 0.461972 0.512865
vt 0.141001 0.521973
vt 0.145207 0.525390
vt 0.138392 0.528884
vt 0.146034 0.518315
vt 0.152590 0.520390
vt 0.151299 0.531054
vt 0.143480 0.534589
vt 0.153301 0.511769
vt 0.163802 0.514230
vt 0.164750 0.504237
vt 0.179027 0.507715
vt 0.177703 0.522899
vt 0.162697 0.527077
vt 0.161445 0.540029
vt 0.149618 0.542390
vt 0.176584 0.536701
vt 0.141129 0.545097
vt 0.133112 0.547611
vt 0.228397 0.601104
vt 0.250304 0.599881
vt 0.204049 0.600819
vt 0.228424 0.576843
vt 0.251295 0.575817
vt 0.183885 0.599055
vt 0.183099 0.583230
vt 0.202263 0.579321
vt 0.186124 0.555825
vt 0.207371 0.550356
vt 0.190686 0.543373
vt 0.211695 0.541675
vt 0.229976 0.548228
vt 0.253481 0.546884
vt 0.235433 0.538929
vt 0.314099 0.597293
vt 0.335869 0.596493
vt 0.291445 0.597799
vt 0.293594 0.574825
vt 0.316715 0.574405
vt 0.338431 0.573984
vt 0.271514 0.598575
vt 0.272661 0.574890
vt 0.275034 0.545711
vt 0.296948 0.544184
vt 0.320949 0.543867
vt 0.343470 0.543866
vt 0.180798 0.496051
vt 0.198590 0.499482
vt 0.202132 0.487441
vt 0.222743 0.492203
vt 0.218713 0.510761
vt 0.195103 0.518127
vt 0.226848 0.480890
vt 0.248704 0.485949
vt 0.253113 0.475755
vt 0.243953 0.504898
vt 0.240905 0.531521
vt 0.216024 0.534264
vt 0.193552 0.534719
vt 0.568043 0.274394
vt 0.578194 0.256855
vt 0.581865 0.275205
vt 0.024589 0.791064
vt 0.017475 0.801716
vt 0.017069 0.785620
vt 0.016568 0.770917
vt 0.022286 0.761080
vt 0.565484 0.255956
vt 0.576051 0.249015
vt 0.015793 0.758281
vt 0.861972 0.432657
vt 0.850090 0.433428
vt 0.847046 0.428234
vt 0.858001 0.412500
vt 0.842676 0.418344
vt 0.837398 0.402737
vt 0.847843 0.366590
vt 0.831277 0.380265
vt 0.550451 0.411857
vt 0.536244 0.412105
vt 0.551461 0.403273
vt 0.561652 0.410674
vt 0.130934 0.961146
vt 0.106321 0.954316
vt 0.132504 0.953231
vt 0.109469 0.947085
vt 0.805784 0.162783
vt 0.826278 0.196339
vt 0.804204 0.186388
vt 0.804435 0.207631
vt 0.583933 0.361736
vt 0.571152 0.342074
vt 0.586269 0.343106
vt 0.586485 0.325670
vt 0.807065 0.229583
vt 0.830480 0.240153
vt 0.810048 0.250555
vt 0.570682 0.309635
vt 0.584250 0.296376
vt 0.585534 0.310751
vt 0.569912 0.295552
vt 0.825409 0.351177
vt 0.840462 0.313498
vt 0.821408 0.323382
vt 0.818323 0.302666
vt 0.835550 0.277434
vt 0.814850 0.285368
vt 0.553243 0.273757
vt 0.551684 0.255346
vt 0.550843 0.246687
vt 0.025619 0.824425
vt 0.017787 0.833739
vt 0.564075 0.247565
vt 0.017715 0.817888
vt 0.851760 0.018050
vt 0.860400 0.019497
vt 0.848994 0.023985
vt 0.856904 0.028644
vt 0.843445 0.032518
vt 0.088327 0.948934
vt 0.083255 0.955689
vt 0.102566 0.962167
vt 0.077049 0.963173
vt 0.571512 0.409020
vt 0.563808 0.402028
vt 0.575065 0.400607
vt 0.849721 0.050648
vt 0.836730 0.044931
vt 0.829291 0.062138
vt 0.553161 0.384578
vt 0.554593 0.361502
vt 0.566901 0.383809
vt 0.555295 0.323060
vt 0.571259 0.324308
vt 0.555391 0.341160
vt 0.569680 0.361675
vt 0.837992 0.095528
vt 0.821922 0.084561
vt 0.815139 0.110381
vt 0.579896 0.382840
vt 0.828606 0.149041
vt 0.809575 0.137202
vt 0.554929 0.308442
vt 0.554574 0.294679
vt 0.203459 0.471691
vt 0.228847 0.473483
vt 0.203895 0.479795
vt 0.805838 0.085074
vt 0.806994 0.110996
vt 0.798288 0.110881
vt 0.850233 0.445697
vt 0.846912 0.434673
vt 0.855021 0.440811
vt 0.847299 0.013511
vt 0.862134 0.011246
vt 0.145091 0.513806
vt 0.152848 0.505829
vt 0.162919 0.489548
vt 0.181517 0.488170
vt 0.164719 0.497155
vt 0.135702 0.518446
vt 0.302326 0.459292
vt 0.323421 0.455684
vt 0.280176 0.463131
vt 0.348843 0.444123
vt 0.368548 0.452657
vt 0.345617 0.453689
vt 0.281484 0.453861
vt 0.572392 0.494495
vt 0.568143 0.510161
vt 0.564057 0.498218
vt 0.004781 0.772243
vt 0.011808 0.758877
vt 0.011739 0.772041
vt 0.856776 0.437253
vt 0.813691 0.380329
vt 0.817090 0.350497
vt 0.822548 0.379765
vt 0.541825 0.477468
vt 0.526692 0.472186
vt 0.556611 0.475854
vt 0.559039 0.488914
vt 0.552023 0.482642
vt 0.528758 0.463684
vt 0.504594 0.466419
vt 0.505706 0.458041
vt 0.120056 0.571281
vt 0.119352 0.584186
vt 0.141721 0.509103
vt 0.839389 0.021270
vt 0.837707 0.032892
vt 0.831300 0.031186
vt 0.844445 0.023827
vt 0.110638 0.938608
vt 0.124153 0.547802
vt 0.121714 0.559113
vt 0.404069 0.463953
vt 0.387158 0.453592
vt 0.405342 0.455386
vt 0.385597 0.461866
vt 0.370306 0.443432
vt 0.591181 0.554520
vt 0.582377 0.570097
vt 0.580094 0.555517
vt 0.005262 0.819383
vt 0.005732 0.834704
vt 0.012368 0.802868
vt 0.012543 0.818774
vt 0.833398 0.429498
vt 0.835092 0.417872
vt 0.840942 0.428154
vt 0.544968 0.469423
vt 0.841068 0.437757
vt 0.256075 0.459144
vt 0.255546 0.468288
vt 0.180570 0.480054
vt 0.005789 0.894422
vt 0.594301 0.615419
vt 0.571414 0.525556
vt 0.574513 0.538710
vt 0.011965 0.786812
vt 0.004505 0.787433
vt 0.578422 0.507471
vt 0.004835 0.803314
vt 0.303820 0.449690
vt 0.787434 0.206923
vt 0.795654 0.186348
vt 0.795655 0.207387
vt 0.796988 0.163035
vt 0.830139 0.045564
vt 0.822831 0.044559
vt 0.150300 0.499461
vt 0.819920 0.402955
vt 0.829245 0.402528
vt 0.257046 0.805437
vt 0.257871 0.796197
vt 0.275746 0.790539
vt 0.389668 0.443932
vt 0.798717 0.285898
vt 0.806217 0.285302
vt 0.812848 0.268716
vt 0.801055 0.137643
vt 0.792144 0.137507
vt 0.229316 0.464566
vt 0.787789 0.162961
vt 0.472798 0.469193
vt 0.444193 0.460927
vt 0.473302 0.461321
vt 0.808193 0.351865
vt 0.813091 0.323138
vt 0.447413 0.450801
vt 0.826555 0.418552
vt 0.366014 0.461757
vt 0.789181 0.229415
vt 0.797966 0.229223
vt 0.325390 0.446736
vt 0.800872 0.303886
vt 0.809572 0.302694
vt 0.792000 0.250001
vt 0.582806 0.522988
vt 0.565308 0.483849
vt 0.089371 0.941110
vt 0.198924 0.937548
vt 0.166617 0.937286
vt 0.120519 0.637811
vt 0.572951 0.570194
vt 0.570081 0.555030
vt 0.583891 0.587453
vt 0.587371 0.538041
vt 0.497384 0.547059
vt 0.530728 0.547614
vt 0.548117 0.549891
vt 0.531229 0.568429
vt 0.495522 0.565855
vt 0.558350 0.552247
vt 0.562195 0.569960
vt 0.551017 0.568995
vt 0.551330 0.589236
vt 0.563622 0.588820
vt 0.494510 0.583813
vt 0.531128 0.588678
vt 0.404103 0.548923
vt 0.383679 0.545377
vt 0.417917 0.550561
vt 0.415284 0.567954
vt 0.405049 0.570409
vt 0.380414 0.572371
vt 0.452738 0.548501
vt 0.447758 0.566827
vt 0.445963 0.582145
vt 0.414663 0.587021
vt 0.446758 0.598106
vt 0.402727 0.592354
vt 0.377609 0.596332
vt 0.376891 0.605186
vt 0.357302 0.597038
vt 0.360218 0.572985
vt 0.356531 0.605292
vt 0.364962 0.544143
vt 0.369455 0.531299
vt 0.427017 0.448363
vt 0.426119 0.458841
vt 0.804054 0.323625
vt 0.377568 0.495436
vt 0.381695 0.473461
vt 0.374114 0.521460
vt 0.358344 0.613281
vt 0.363468 0.642416
vt 0.369002 0.669558
vt 0.371400 0.676925
vt 0.476387 0.453586
vt 0.407858 0.445675
vt 0.432819 0.761072
vt 0.485147 0.311660
vt 0.382114 0.717419
vt 0.386838 0.735357
vt 0.375476 0.689053
vt 0.516255 0.783874
vt 0.530381 0.776677
vt 0.516798 0.785202
vt 0.498811 0.793800
vt 0.167392 0.731642
vt 0.185547 0.740424
vt 0.154152 0.722266
vt 0.144931 0.712896
vt 0.138298 0.703652
vt 0.548515 0.760442
vt 0.540524 0.768474
vt 0.130916 0.773294
vt 0.122469 0.765470
vt 0.563174 0.728632
vt 0.571685 0.720037
vt 0.551582 0.735480
vt 0.535282 0.742336
vt 0.512013 0.748695
vt 0.157492 0.786990
vt 0.180084 0.793571
vt 0.141856 0.780116
vt 0.557253 0.747383
vt 0.561521 0.743999
vt 0.555333 0.752373
vt 0.133122 0.694367
vt 0.128870 0.684701
vt 0.125276 0.674297
vt 0.122378 0.663036
vt 0.217134 0.936779
vt 0.228391 0.937631
vt 0.003101 0.956515
vt 0.003093 0.942102
vt 0.003152 0.927178
vt 0.587045 0.680214
vt 0.590684 0.665272
vt 0.578639 0.708835
vt 0.114130 0.756096
vt 0.003028 0.971273
vt 0.004590 0.878680
vt 0.004326 0.865197
vt 0.595879 0.601566
vt 0.596192 0.615560
vt 0.594690 0.648268
vt 0.003677 0.910322
vt 0.004186 0.894465
vt 0.450495 0.809610
vt 0.424144 0.815744
vt 0.398646 0.819878
vt 0.261446 0.758630
vt 0.286974 0.762539
vt 0.234758 0.753998
vt 0.208722 0.747963
vt 0.476086 0.802116
vt 0.332183 0.818684
vt 0.310658 0.815732
vt 0.354310 0.769424
vt 0.376920 0.769585
vt 0.332405 0.769044
vt 0.310188 0.766085
vt 0.375311 0.821473
vt 0.353251 0.821258
vt 0.208087 0.799234
vt 0.483644 0.755446
vt 0.453585 0.759017
vt 0.433081 0.762641
vt 0.414528 0.766305
vt 0.256939 0.806860
vt 0.274883 0.810043
vt 0.237144 0.803646
vt 0.192664 0.935970
vt 0.205199 0.936238
vt 0.119002 0.637949
vt 0.120298 0.650863
vt 0.118313 0.624617
vt 0.119856 0.624529
vt 0.117966 0.611084
vt 0.166697 0.935843
vt 0.179747 0.935870
vt 0.838303 0.020396
vt 0.846356 0.012491
vt 0.134483 0.517698
vt 0.140663 0.508137
vt 0.149430 0.498295
vt 0.162235 0.488233
vt 0.180073 0.478677
vt 0.821510 0.044016
vt 0.812800 0.061970
vt 0.830068 0.030472
vt 0.825083 0.418894
vt 0.818369 0.403191
vt 0.812273 0.380492
vt 0.506081 0.456739
vt 0.529285 0.462315
vt 0.545700 0.468234
vt 0.557646 0.474770
vt 0.566607 0.482943
vt 0.839826 0.438538
vt 0.832002 0.430045
vt 0.104948 0.937626
vt 0.116211 0.936713
vt 0.122667 0.547535
vt 0.120221 0.558926
vt 0.125916 0.537020
vt 0.129753 0.527214
vt 0.854435 0.005770
vt 0.084103 0.940542
vt 0.094280 0.938866
vt 0.004885 0.758170
vt 0.003123 0.772097
vt 0.003336 0.757934
vt 0.849088 0.446706
vt 0.573964 0.493694
vt 0.584608 0.522285
vt 0.589241 0.537845
vt 0.003011 0.787580
vt 0.003308 0.803263
vt 0.004192 0.834701
vt 0.003737 0.819440
vt 0.592903 0.554235
vt 0.593494 0.569923
vt 0.594849 0.586156
vt 0.596564 0.585895
vt 0.004319 0.850136
vt 0.804412 0.084771
vt 0.203074 0.470224
vt 0.229144 0.463061
vt 0.255987 0.457451
vt 0.281438 0.452337
vt 0.790694 0.137272
vt 0.786324 0.162752
vt 0.796844 0.110626
vt 0.786046 0.185561
vt 0.786006 0.206759
vt 0.784565 0.185368
vt 0.303941 0.448067
vt 0.325649 0.445157
vt 0.348955 0.442572
vt 0.370574 0.441714
vt 0.790582 0.249969
vt 0.787838 0.229384
vt 0.802447 0.323777
vt 0.799368 0.303984
vt 0.796974 0.285762
vt 0.408364 0.444166
vt 0.427271 0.446657
vt 0.447917 0.449068
vt 0.476963 0.451900
vt 0.806521 0.351996
vt 0.153654 0.935840
vt 0.117724 0.597545
vt 0.117836 0.584115
vt 0.118561 0.571158
vt 0.128138 0.936173
vt 0.140676 0.935874
vt 0.396610 0.768640
vt 0.291994 0.812855
vt 0.793562 0.268435
vt 0.390091 0.442344
vt 0.574817 0.588218
vt 0.938271 0.406984
vt 0.954002 0.401685
vt 0.957204 0.416768
vt 0.948106 0.380922
vt 0.021608 0.474753
vt 0.009085 0.457890
vt 0.022534 0.456525
vt 0.974681 0.049239
vt 0.947936 0.008601
vt 0.980290 0.003590
vt 0.932595 0.039679
vt 0.938629 0.054312
vt 0.931580 0.374927
vt 0.922463 0.365067
vt 0.937057 0.369091
vt 0.946043 0.374292
vt 0.952021 0.381377
vt 0.954468 0.386337
vt 0.961217 0.403604
vt 0.964733 0.417729
vt 0.112625 0.401086
vt 0.065856 0.418793
vt 0.063447 0.396546
vt 0.930765 0.569106
vt 0.927627 0.550588
vt 0.933666 0.542139
vt 0.915573 0.524550
vt 0.913931 0.554427
vt 0.059396 0.550471
vt 0.036530 0.581378
vt 0.035497 0.550428
vt 0.057155 0.605894
vt 0.058332 0.581413
vt 0.928937 0.481265
vt 0.915576 0.480061
vt 0.961134 0.449579
vt 0.943833 0.475735
vt 0.942516 0.440480
vt 0.961155 0.556127
vt 0.964762 0.588006
vt 0.957227 0.588970
vt 0.877892 0.526662
vt 0.876425 0.559977
vt 0.920057 0.194052
vt 0.961138 0.240391
vt 0.920192 0.244451
vt 0.912805 0.270846
vt 0.909908 0.249918
vt 0.908421 0.230496
vt 0.908597 0.209111
vt 0.910701 0.182365
vt 0.003009 0.531717
vt 0.019498 0.551293
vt 0.003344 0.552777
vt 0.967450 0.120989
vt 0.019347 0.529487
vt 0.004646 0.504973
vt 0.020311 0.502995
vt 0.961797 0.187732
vt 0.927694 0.127125
vt 0.914961 0.148024
vt 0.920616 0.109486
vt 0.926777 0.071711
vt 0.007123 0.476207
vt 0.962246 0.484804
vt 0.969151 0.449806
vt 0.970632 0.484825
vt 0.189201 0.164980
vt 0.148990 0.189674
vt 0.149469 0.165010
vt 0.934204 0.515961
vt 0.928935 0.523349
vt 0.970652 0.520848
vt 0.962259 0.520875
vt 0.036332 0.474302
vt 0.916993 0.600894
vt 0.909481 0.584782
vt 0.923695 0.576171
vt 0.920698 0.597716
vt 0.922931 0.590803
vt 0.915107 0.607007
vt 0.902719 0.615565
vt 0.905390 0.620781
vt 0.894829 0.628409
vt 0.866756 0.631646
vt 0.872542 0.595087
vt 0.928413 0.575423
vt 0.024345 0.605415
vt 0.021781 0.581407
vt 0.035449 0.528300
vt 0.059103 0.502106
vt 0.059478 0.528312
vt 0.035844 0.502084
vt 0.058636 0.474304
vt 0.943833 0.529949
vt 0.943229 0.364421
vt 0.969216 0.311226
vt 0.980049 0.368443
vt 0.877158 0.637327
vt 0.853233 0.644284
vt 0.929875 0.351592
vt 0.930046 0.310330
vt 0.923034 0.324177
vt 0.917346 0.296131
vt 0.006586 0.581130
vt 0.010296 0.604088
vt 0.036650 0.456167
vt 0.058327 0.456167
vt 0.038892 0.427564
vt 0.034952 0.413696
vt 0.068003 0.433070
vt 0.043595 0.435707
vt 0.113447 0.423272
vt 0.031006 0.391495
vt 0.026723 0.412175
vt 0.022315 0.389983
vt 0.031238 0.425921
vt 0.036865 0.433793
vt 0.044229 0.439072
vt 0.070152 0.442022
vt 0.049298 0.441423
vt 0.081699 0.451364
vt 0.062866 0.446371
vt 0.108094 0.188064
vt 0.055412 0.161766
vt 0.109500 0.163967
vt 0.114532 0.447729
vt 0.114055 0.437967
vt 0.154750 0.014828
vt 0.127632 0.008689
vt 0.155271 0.007915
vt 0.129504 0.003488
vt 0.155720 0.003014
vt 0.185341 0.044678
vt 0.152357 0.071041
vt 0.153328 0.044675
vt 0.184553 0.026328
vt 0.154118 0.026322
vt 0.183926 0.014836
vt 0.183407 0.007926
vt 0.123388 0.027436
vt 0.091811 0.012965
vt 0.125625 0.015831
vt 0.086839 0.020976
vt 0.080745 0.033060
vt 0.120818 0.045714
vt 0.074835 0.051076
vt 0.117868 0.071773
vt 0.069197 0.076021
vt 0.150599 0.423672
vt 0.052918 0.183703
vt 0.013707 0.198901
vt 0.015458 0.180031
vt 0.051712 0.204158
vt 0.013396 0.220663
vt 0.008696 0.159662
vt 0.005336 0.178951
vt 0.003420 0.197376
vt 0.003014 0.218845
vt 0.004339 0.246312
vt 0.051649 0.226914
vt 0.014666 0.248251
vt 0.102246 0.005493
vt 0.052673 0.254888
vt 0.107599 0.233872
vt 0.108174 0.262105
vt 0.107523 0.210154
vt 0.018632 0.160157
vt 0.054739 0.289645
vt 0.021793 0.321921
vt 0.017624 0.283196
vt 0.057520 0.327856
vt 0.026484 0.359663
vt 0.109125 0.296431
vt 0.007550 0.281300
vt 0.012127 0.320161
vt 0.017304 0.358056
vt 0.060568 0.365047
vt 0.989245 0.094150
vt 0.977694 0.121066
vt 0.978098 0.093641
vt 0.111536 0.370156
vt 0.110309 0.333821
vt 0.150741 0.438520
vt 0.150832 0.448628
vt 0.114913 0.455429
vt 0.150379 0.401596
vt 0.182960 0.003026
vt 0.187762 0.456733
vt 0.187825 0.448635
vt 0.187916 0.438532
vt 0.188058 0.423685
vt 0.150282 0.135188
vt 0.114763 0.102755
vt 0.151297 0.102525
vt 0.070243 0.017776
vt 0.060467 0.026496
vt 0.050986 0.038858
vt 0.073261 0.013773
vt 0.064120 0.019498
vt 0.050563 0.029729
vt 0.042844 0.040522
vt 0.042354 0.056553
vt 0.033453 0.058110
vt 0.092123 0.008466
vt 0.080221 0.011829
vt 0.189640 0.264350
vt 0.149332 0.298357
vt 0.149029 0.264365
vt 0.188390 0.135168
vt 0.187373 0.102517
vt 0.111839 0.134795
vt 0.063914 0.105191
vt 0.059200 0.134984
vt 0.148801 0.212206
vt 0.148836 0.236151
vt 0.188280 0.401606
vt 0.189837 0.236164
vt 0.189865 0.212197
vt 0.189677 0.189650
vt 0.034930 0.080427
vt 0.028544 0.107907
vt 0.023077 0.135615
vt 0.025556 0.081663
vt 0.018911 0.108650
vt 0.013287 0.135761
vt 0.149697 0.335237
vt 0.150067 0.371049
vt 0.188592 0.371051
vt 0.188965 0.335230
vt 0.189332 0.298342
vt 0.923613 0.749518
vt 0.934762 0.785956
vt 0.923613 0.786387
vt 0.974942 0.562012
vt 0.983019 0.583291
vt 0.971992 0.581601
vt 0.987112 0.550141
vt 0.986005 0.563443
vt 0.978008 0.532278
vt 0.976010 0.549019
vt 0.978969 0.521483
vt 0.989140 0.533182
vt 0.979589 0.977296
vt 0.988691 0.966182
vt 0.990519 0.975066
vt 0.976196 0.957921
vt 0.977707 0.968209
vt 0.974923 0.942813
vt 0.987278 0.956577
vt 0.974051 0.919709
vt 0.986059 0.942105
vt 0.942860 0.852851
vt 0.926413 0.822276
vt 0.937486 0.820906
vt 0.988848 0.121254
vt 0.977526 0.147408
vt 0.991258 0.063972
vt 0.979423 0.070675
vt 0.979549 0.063421
vt 0.991137 0.071233
vt 0.978801 0.083073
vt 0.990323 0.087502
vt 0.946208 0.867037
vt 0.931962 0.855244
vt 0.951134 0.884930
vt 0.936585 0.874108
vt 0.941995 0.893401
vt 0.940419 0.888034
vt 0.977526 0.174780
vt 0.988681 0.147436
vt 0.988681 0.174752
vt 0.933672 0.462474
vt 0.934204 0.488653
vt 0.958666 0.662069
vt 0.967909 0.687552
vt 0.956728 0.687611
vt 0.962782 0.633928
vt 0.969783 0.663116
vt 0.967655 0.606158
vt 0.973830 0.635517
vt 0.978671 0.607935
vt 0.969926 0.775233
vt 0.976971 0.746662
vt 0.981024 0.774012
vt 0.965991 0.748659
vt 0.972484 0.725533
vt 0.961550 0.727746
vt 0.969077 0.707215
vt 0.957995 0.708655
vt 0.973677 0.887110
vt 0.985202 0.919406
vt 0.973299 0.848783
vt 0.984831 0.886959
vt 0.972265 0.809801
vt 0.984453 0.848547
vt 0.983409 0.809245
vt 0.938277 0.598766
vt 0.954024 0.604067
vt 0.948127 0.624851
vt 0.931587 0.630854
vt 0.073365 0.474766
vt 0.085904 0.457904
vt 0.087857 0.476231
vt 0.911182 0.322644
vt 0.884436 0.363283
vt 0.875130 0.317571
vt 0.869096 0.332205
vt 0.937070 0.636694
vt 0.922463 0.640725
vt 0.946063 0.631487
vt 0.952045 0.624395
vt 0.954494 0.619430
vt 0.961245 0.602144
vt 0.272804 0.418815
vt 0.226033 0.401098
vt 0.275219 0.396565
vt 0.930775 0.435501
vt 0.927634 0.454022
vt 0.923705 0.428434
vt 0.942520 0.565238
vt 0.877886 0.477952
vt 0.913936 0.450181
vt 0.897638 0.131492
vt 0.856557 0.177831
vt 0.856692 0.127433
vt 0.849305 0.101037
vt 0.846408 0.121965
vt 0.844921 0.141387
vt 0.845097 0.162772
vt 0.847201 0.189518
vt 0.075400 0.551352
vt 0.091925 0.531782
vt 0.091557 0.552860
vt 0.903950 0.250895
vt 0.864195 0.244758
vt 0.075581 0.529527
vt 0.090315 0.505018
vt 0.898297 0.184151
vt 0.851462 0.223859
vt 0.857116 0.262398
vt 0.863278 0.300172
vt 0.074643 0.503026
vt 0.969179 0.555898
vt 0.213041 0.015845
vt 0.072449 0.456531
vt 0.917004 0.403704
vt 0.909488 0.419819
vt 0.902728 0.389027
vt 0.920709 0.406884
vt 0.915118 0.397589
vt 0.905401 0.383811
vt 0.894838 0.376178
vt 0.866758 0.372937
vt 0.877164 0.367256
vt 0.872541 0.409507
vt 0.876421 0.444627
vt 0.928423 0.429183
vt 0.922943 0.413798
vt 0.070472 0.605442
vt 0.073073 0.581460
vt 0.879729 0.007462
vt 0.905716 0.060657
vt 0.866546 0.061553
vt 0.853233 0.360294
vt 0.866375 0.020291
vt 0.859534 0.047706
vt 0.853846 0.075753
vt 0.088263 0.581209
vt 0.084511 0.604143
vt 0.299771 0.427594
vt 0.270653 0.433093
vt 0.295065 0.435738
vt 0.268501 0.442046
vt 0.225208 0.423285
vt 0.303716 0.413725
vt 0.307668 0.391519
vt 0.311946 0.412205
vt 0.307427 0.425953
vt 0.301796 0.433825
vt 0.294430 0.439103
vt 0.289358 0.441453
vt 0.275787 0.446398
vt 0.256950 0.451386
vt 0.230576 0.188046
vt 0.283256 0.161744
vt 0.285754 0.183681
vt 0.224118 0.447742
vt 0.224597 0.437980
vt 0.211034 0.008705
vt 0.209164 0.003505
vt 0.215276 0.027445
vt 0.217845 0.045717
vt 0.245717 0.012770
vt 0.251813 0.020985
vt 0.257906 0.033064
vt 0.263816 0.051074
vt 0.220795 0.071770
vt 0.324972 0.198875
vt 0.323217 0.180002
vt 0.325288 0.220641
vt 0.286963 0.204139
vt 0.329974 0.159629
vt 0.320038 0.160127
vt 0.335262 0.197347
vt 0.333340 0.178919
vt 0.335672 0.218821
vt 0.334351 0.246295
vt 0.324021 0.248236
vt 0.287029 0.226899
vt 0.236410 0.005511
vt 0.231074 0.233864
vt 0.286007 0.254877
vt 0.230499 0.262096
vt 0.231149 0.210142
vt 0.283941 0.289640
vt 0.316893 0.321926
vt 0.281157 0.327860
vt 0.312197 0.359679
vt 0.278103 0.365059
vt 0.229545 0.296423
vt 0.321065 0.283190
vt 0.331141 0.281293
vt 0.326562 0.320167
vt 0.321380 0.358073
vt 0.316361 0.390009
vt 0.989245 0.228037
vt 0.977694 0.201122
vt 0.988848 0.200934
vt 0.227127 0.370162
vt 0.228358 0.333820
vt 0.223735 0.455440
vt 0.223902 0.102745
vt 0.268402 0.017784
vt 0.278176 0.026500
vt 0.265384 0.013793
vt 0.258425 0.011852
vt 0.274523 0.019505
vt 0.288077 0.029730
vt 0.287656 0.038856
vt 0.295795 0.040518
vt 0.296289 0.056544
vt 0.246528 0.008492
vt 0.186311 0.071040
vt 0.226828 0.134778
vt 0.229169 0.163946
vt 0.269457 0.076011
vt 0.274744 0.105175
vt 0.279464 0.134963
vt 0.303717 0.080409
vt 0.310110 0.107882
vt 0.305188 0.058097
vt 0.313089 0.081641
vt 0.319742 0.108622
vt 0.315586 0.135586
vt 0.325375 0.135729
vt 0.107014 0.855530
vt 0.098935 0.876808
vt 0.095987 0.857219
vt 0.111104 0.888681
vt 0.100002 0.889801
vt 0.101999 0.906543
vt 0.113130 0.905640
vt 0.102958 0.917338
vt 0.103625 0.461525
vt 0.112726 0.472640
vt 0.101742 0.470611
vt 0.100229 0.480899
vt 0.111311 0.482244
vt 0.098955 0.496007
vt 0.110091 0.496716
vt 0.098080 0.519111
vt 0.926413 0.713630
vt 0.942860 0.683054
vt 0.937486 0.714999
vt 0.934762 0.749950
vt 0.991257 0.258216
vt 0.979386 0.251516
vt 0.991136 0.250955
vt 0.978764 0.239118
vt 0.990323 0.234686
vt 0.978098 0.228547
vt 0.931962 0.680662
vt 0.946208 0.668868
vt 0.936585 0.661798
vt 0.951134 0.650976
vt 0.941995 0.642504
vt 0.952694 0.645661
vt 0.091915 0.751267
vt 0.082670 0.776750
vt 0.080734 0.751207
vt 0.093787 0.775704
vt 0.086783 0.804891
vt 0.097831 0.803303
vt 0.091653 0.832662
vt 0.102669 0.830886
vt 0.093941 0.663587
vt 0.100983 0.692159
vt 0.090003 0.690160
vt 0.096494 0.713287
vt 0.085560 0.711073
vt 0.093085 0.731604
vt 0.082004 0.730164
vt 0.109232 0.519415
vt 0.097703 0.551710
vt 0.108857 0.551862
vt 0.097322 0.590037
vt 0.108475 0.590274
vt 0.096283 0.629019
vt 0.107427 0.629577
vt 0.592231 0.768578
vt 0.580055 0.776864
vt 0.578402 0.769940
vt 0.594446 0.776288
vt 0.582075 0.786374
vt 0.567430 0.779440
vt 0.566517 0.773141
vt 0.596828 0.785815
vt 0.583582 0.800284
vt 0.600107 0.817949
vt 0.598287 0.798539
vt 0.584463 0.819510
vt 0.567527 0.802907
vt 0.567396 0.788912
vt 0.556288 0.791489
vt 0.567647 0.821033
vt 0.555334 0.804777
vt 0.554445 0.822630
vt 0.546875 0.805491
vt 0.548472 0.792684
vt 0.557013 0.776606
vt 0.557274 0.782375
vt 0.550172 0.784126
vt 0.551715 0.779305
vt 0.592297 0.940820
vt 0.578838 0.919070
vt 0.594828 0.918391
vt 0.590004 0.954407
vt 0.579686 0.941238
vt 0.577695 0.955611
vt 0.558219 0.940095
vt 0.561493 0.919787
vt 0.588119 0.964335
vt 0.587072 0.971874
vt 0.573755 0.965391
vt 0.570503 0.972405
vt 0.554425 0.964403
vt 0.555881 0.954793
vt 0.544069 0.954395
vt 0.553404 0.971447
vt 0.543008 0.963659
vt 0.535373 0.968127
vt 0.533937 0.963463
vt 0.533459 0.954631
vt 0.547356 0.920731
vt 0.545366 0.940552
vt 0.534154 0.940912
vt 0.535967 0.921687
vt 0.650388 0.937649
vt 0.640584 0.916701
vt 0.651758 0.916667
vt 0.651342 0.953546
vt 0.639232 0.938347
vt 0.638165 0.953958
vt 0.626671 0.937965
vt 0.624756 0.916475
vt 0.637606 0.965459
vt 0.652289 0.965307
vt 0.637300 0.972549
vt 0.623275 0.965553
vt 0.625719 0.953841
vt 0.600694 0.953878
vt 0.621155 0.974270
vt 0.600089 0.964814
vt 0.606359 0.916963
vt 0.602872 0.938660
vt 0.656323 0.772758
vt 0.637516 0.765981
vt 0.655348 0.765681
vt 0.656572 0.782380
vt 0.636663 0.772991
vt 0.625727 0.782326
vt 0.623911 0.772793
vt 0.622387 0.765937
vt 0.636950 0.796475
vt 0.636110 0.782206
vt 0.655997 0.815625
vt 0.656438 0.796146
vt 0.626835 0.816343
vt 0.627038 0.796398
vt 0.605394 0.784072
vt 0.605684 0.797087
vt 0.606860 0.816684
vt 0.606860 0.774294
vt 0.606880 0.766626
vt 0.623109 0.508622
vt 0.628203 0.524318
vt 0.621778 0.524760
vt 0.624409 0.494984
vt 0.629185 0.508234
vt 0.630174 0.493977
vt 0.638502 0.507487
vt 0.637675 0.523803
vt 0.625794 0.483867
vt 0.627169 0.476941
vt 0.630820 0.482255
vt 0.630955 0.473812
vt 0.638990 0.479707
vt 0.639027 0.492378
vt 0.664729 0.472405
vt 0.669849 0.477413
vt 0.664225 0.477844
vt 0.665157 0.468206
vt 0.670313 0.471710
vt 0.670738 0.467174
vt 0.677766 0.474068
vt 0.663776 0.484196
vt 0.669057 0.490882
vt 0.663427 0.491077
vt 0.669412 0.483923
vt 0.676812 0.487226
vt 0.723309 0.474268
vt 0.732747 0.488521
vt 0.720657 0.487813
vt 0.725932 0.464086
vt 0.735507 0.475717
vt 0.742188 0.469904
vt 0.740515 0.476570
vt 0.738286 0.488980
vt 0.719161 0.502416
vt 0.731110 0.521861
vt 0.718769 0.521858
vt 0.731308 0.502728
vt 0.736962 0.503101
vt 0.736824 0.521867
vt 0.617440 0.579338
vt 0.622976 0.599326
vt 0.616249 0.599031
vt 0.618644 0.559601
vt 0.624091 0.579406
vt 0.625560 0.559916
vt 0.633888 0.579764
vt 0.632715 0.599721
vt 0.620425 0.541902
vt 0.627065 0.541465
vt 0.636655 0.541333
vt 0.635461 0.560210
vt 0.663180 0.498386
vt 0.668654 0.505948
vt 0.663029 0.506048
vt 0.668810 0.498239
vt 0.676228 0.502021
vt 0.662947 0.513989
vt 0.668530 0.522139
vt 0.662924 0.522122
vt 0.668553 0.513939
vt 0.675978 0.521870
vt 0.607298 0.560601
vt 0.612287 0.579402
vt 0.605498 0.579582
vt 0.608257 0.542822
vt 0.613592 0.559836
vt 0.616882 0.524872
vt 0.615264 0.542247
vt 0.816942 0.457278
vt 0.833078 0.455928
vt 0.826508 0.462794
vt 0.621258 0.470730
vt 0.630137 0.468365
vt 0.625328 0.474647
vt 0.638942 0.469915
vt 0.555646 0.772361
vt 0.564734 0.768583
vt 0.576976 0.764285
vt 0.588715 0.754428
vt 0.590663 0.762018
vt 0.552383 0.767600
vt 0.549124 0.777578
vt 0.544827 0.774257
vt 0.600087 0.972742
vt 0.586434 0.977380
vt 0.619731 0.981409
vt 0.599920 0.979480
vt 0.525429 0.871373
vt 0.531106 0.898238
vt 0.522462 0.897773
vt 0.618153 0.990037
vt 0.613623 0.493996
vt 0.618225 0.508913
vt 0.611527 0.509036
vt 0.622149 0.483517
vt 0.620006 0.495115
vt 0.607771 0.686537
vt 0.612725 0.671153
vt 0.614302 0.686301
vt 0.672249 0.445976
vt 0.696717 0.457727
vt 0.671449 0.459834
vt 0.542641 0.792796
vt 0.545307 0.823061
vt 0.540681 0.805303
vt 0.545263 0.783780
vt 0.533074 0.804364
vt 0.538658 0.823049
vt 0.530602 0.822439
vt 0.669854 0.761961
vt 0.669300 0.767685
vt 0.703521 0.752276
vt 0.716769 0.761810
vt 0.702048 0.759562
vt 0.670837 0.752863
vt 0.654557 0.759584
vt 0.654101 0.751746
vt 0.684050 0.765308
vt 0.698065 0.443285
vt 0.739100 0.455682
vt 0.610232 0.525273
vt 0.836695 0.468160
vt 0.742889 0.476541
vt 0.528271 0.964148
vt 0.526479 0.954936
vt 0.532329 0.970102
vt 0.526695 0.941281
vt 0.519883 0.921846
vt 0.528348 0.922049
vt 0.527534 0.973781
vt 0.757870 0.777299
vt 0.757349 0.783951
vt 0.755516 0.778956
vt 0.767587 0.805264
vt 0.776755 0.822103
vt 0.769664 0.823017
vt 0.762147 0.774275
vt 0.762072 0.783692
vt 0.759523 0.792453
vt 0.790466 0.440954
vt 0.787826 0.454945
vt 0.741032 0.441349
vt 0.833899 0.519314
vt 0.826394 0.544915
vt 0.827306 0.509125
vt 0.740991 0.489298
vt 0.568362 0.978604
vt 0.552121 0.977443
vt 0.536860 0.980029
vt 0.540129 0.974407
vt 0.584406 0.985988
vt 0.686909 0.974402
vt 0.672217 0.979598
vt 0.671471 0.973256
vt 0.779347 0.844820
vt 0.774353 0.871207
vt 0.771796 0.845448
vt 0.672622 0.989284
vt 0.687969 0.981417
vt 0.689063 0.990022
vt 0.653347 0.981105
vt 0.653048 0.974064
vt 0.603921 0.636312
vt 0.610670 0.618093
vt 0.610747 0.637007
vt 0.611259 0.598773
vt 0.615714 0.618573
vt 0.604678 0.654051
vt 0.611491 0.654703
vt 0.535931 0.791268
vt 0.574705 0.757509
vt 0.562119 0.762375
vt 0.651846 0.449706
vt 0.652180 0.458477
vt 0.543592 0.845837
vt 0.541420 0.871683
vt 0.536417 0.846011
vt 0.732349 0.757760
vt 0.742218 0.768783
vt 0.729958 0.764302
vt 0.528197 0.845343
vt 0.533923 0.871851
vt 0.837028 0.483417
vt 0.829743 0.477362
vt 0.835941 0.500722
vt 0.836384 0.592093
vt 0.835750 0.612026
vt 0.829087 0.592038
vt 0.739652 0.540749
vt 0.739443 0.521877
vt 0.694353 0.730265
vt 0.671017 0.743058
vt 0.669483 0.729588
vt 0.637055 0.978716
vt 0.636288 0.988149
vt 0.653503 0.989677
vt 0.538657 0.897864
vt 0.627455 0.462350
vt 0.638560 0.462996
vt 0.637239 0.455285
vt 0.651958 0.466201
vt 0.566182 0.986964
vt 0.518509 0.941423
vt 0.519079 0.956094
vt 0.542011 0.969860
vt 0.620086 0.752230
vt 0.606266 0.760574
vt 0.604214 0.752661
vt 0.550009 0.984678
vt 0.685520 0.502027
vt 0.685204 0.521858
vt 0.700489 0.521873
vt 0.686282 0.487135
vt 0.700882 0.502127
vt 0.702022 0.487221
vt 0.687493 0.473716
vt 0.678693 0.464720
vt 0.688650 0.463977
vt 0.703858 0.473528
vt 0.705591 0.463403
vt 0.655653 0.839262
vt 0.638158 0.816276
vt 0.654280 0.865049
vt 0.638396 0.839539
vt 0.626539 0.864948
vt 0.627518 0.839158
vt 0.640409 0.891016
vt 0.639532 0.864843
vt 0.652680 0.891684
vt 0.625073 0.891062
vt 0.608705 0.865825
vt 0.607800 0.891357
vt 0.596966 0.892726
vt 0.598453 0.867145
vt 0.608687 0.839937
vt 0.599333 0.841287
vt 0.584454 0.842652
vt 0.582431 0.868252
vt 0.567536 0.844074
vt 0.580560 0.894143
vt 0.563900 0.895698
vt 0.566140 0.869853
vt 0.552168 0.871050
vt 0.549888 0.896830
vt 0.553594 0.845386
vt 0.714929 0.767825
vt 0.725811 0.776529
vt 0.713060 0.775443
vt 0.727993 0.769746
vt 0.740656 0.779471
vt 0.738911 0.787670
vt 0.722897 0.785979
vt 0.711377 0.785778
vt 0.748716 0.776116
vt 0.741596 0.774073
vt 0.749882 0.781902
vt 0.751346 0.790775
vt 0.736894 0.801628
vt 0.752763 0.804118
vt 0.761604 0.805248
vt 0.753769 0.822296
vt 0.737235 0.820908
vt 0.720417 0.799899
vt 0.710062 0.798936
vt 0.719905 0.819209
vt 0.709230 0.818028
vt 0.728076 0.920394
vt 0.717358 0.942146
vt 0.713658 0.918517
vt 0.746112 0.921261
vt 0.727475 0.942701
vt 0.748773 0.939888
vt 0.729626 0.955709
vt 0.720354 0.953552
vt 0.760835 0.921502
vt 0.771715 0.921604
vt 0.762929 0.940115
vt 0.773593 0.940417
vt 0.764772 0.953982
vt 0.749667 0.955792
vt 0.751302 0.964423
vt 0.774628 0.954143
vt 0.765630 0.963323
vt 0.772733 0.967606
vt 0.766209 0.969325
vt 0.752685 0.970039
vt 0.722309 0.962502
vt 0.733428 0.963985
vt 0.736524 0.970354
vt 0.723247 0.970259
vt 0.668268 0.916348
vt 0.683572 0.916666
vt 0.669843 0.938698
vt 0.685159 0.954137
vt 0.669540 0.955526
vt 0.703584 0.916448
vt 0.684363 0.939039
vt 0.705835 0.938912
vt 0.708062 0.952676
vt 0.705833 0.964681
vt 0.685975 0.965712
vt 0.704668 0.973882
vt 0.670250 0.966194
vt 0.681596 0.772202
vt 0.668935 0.773809
vt 0.680005 0.782382
vt 0.668501 0.782268
vt 0.701376 0.773192
vt 0.701094 0.765685
vt 0.702901 0.783728
vt 0.679919 0.796539
vt 0.702820 0.797359
vt 0.700662 0.816626
vt 0.680346 0.815615
vt 0.668459 0.795814
vt 0.667703 0.815708
vt 0.623826 0.671989
vt 0.618997 0.686441
vt 0.617652 0.671523
vt 0.632576 0.672453
vt 0.624893 0.686845
vt 0.633378 0.687410
vt 0.626143 0.700215
vt 0.620741 0.699661
vt 0.669056 0.553358
vt 0.663767 0.560076
vt 0.663417 0.553181
vt 0.676818 0.557035
vt 0.669411 0.560332
vt 0.669835 0.566878
vt 0.664174 0.566470
vt 0.664681 0.571936
vt 0.677776 0.570218
vt 0.670296 0.572645
vt 0.670737 0.577171
vt 0.665131 0.576142
vt 0.622754 0.709987
vt 0.634317 0.701098
vt 0.627583 0.711165
vt 0.635532 0.712815
vt 0.628506 0.719128
vt 0.624597 0.716407
vt 0.732770 0.555694
vt 0.723347 0.569971
vt 0.720692 0.556418
vt 0.738264 0.555242
vt 0.735546 0.568496
vt 0.742241 0.574283
vt 0.738415 0.577399
vt 0.725984 0.580143
vt 0.719198 0.541804
vt 0.736971 0.541111
vt 0.731326 0.541489
vt 0.622392 0.619090
vt 0.632153 0.619525
vt 0.622375 0.638115
vt 0.615839 0.637591
vt 0.662925 0.530237
vt 0.668542 0.530309
vt 0.676212 0.542219
vt 0.668641 0.538304
vt 0.663009 0.538191
vt 0.663167 0.545864
vt 0.668803 0.546008
vt 0.616538 0.655246
vt 0.631742 0.638617
vt 0.622888 0.655767
vt 0.631919 0.656218
vt 0.605974 0.670891
vt 0.828754 0.639636
vt 0.836243 0.666372
vt 0.829277 0.674692
vt 0.754508 0.767894
vt 0.750705 0.772620
vt 0.718641 0.754584
vt 0.765083 0.845423
vt 0.763326 0.822887
vt 0.785175 0.897021
vt 0.779394 0.921577
vt 0.777118 0.897556
vt 0.767346 0.871196
vt 0.626188 0.730396
vt 0.636814 0.728836
vt 0.636050 0.736446
vt 0.623015 0.718749
vt 0.628296 0.724501
vt 0.636512 0.722123
vt 0.650498 0.732040
vt 0.650765 0.740667
vt 0.767397 0.781744
vt 0.765004 0.792521
vt 0.744534 0.762248
vt 0.614336 0.713038
vt 0.619405 0.722853
vt 0.619348 0.710694
vt 0.616505 0.699708
vt 0.767824 0.973715
vt 0.738675 0.976015
vt 0.724904 0.985199
vt 0.723840 0.976012
vt 0.770963 0.979362
vt 0.775730 0.969606
vt 0.780486 0.973357
vt 0.754217 0.975506
vt 0.696378 0.744209
vt 0.736785 0.730021
vt 0.739196 0.744586
vt 0.786165 0.729367
vt 0.789078 0.743537
vt 0.779830 0.963755
vt 0.787916 0.921226
vt 0.781177 0.940702
vt 0.686053 0.759246
vt 0.705481 0.980932
vt 0.706948 0.989594
vt 0.687750 0.751571
vt 0.837080 0.700249
vt 0.835872 0.716086
vt 0.829581 0.706389
vt 0.740545 0.567622
vt 0.742896 0.567617
vt 0.836702 0.683201
vt 0.774206 0.962997
vt 0.756636 0.982560
vt 0.786189 0.965859
vt 0.781502 0.954633
vt 0.789070 0.955643
vt 0.831639 0.728092
vt 0.815352 0.726688
vt 0.825069 0.720999
vt 0.769801 0.897631
vt 0.782303 0.870719
vt 0.835888 0.629407
vt 0.836330 0.647653
vt 0.740921 0.554997
vt 0.637159 0.759458
vt 0.636909 0.751610
vt 0.621254 0.760027
vt 0.834774 0.573975
vt 0.604600 0.598692
vt 0.610410 0.700830
vt 0.740892 0.984218
vt 0.603913 0.617450
vt 0.833804 0.535875
vt 0.834325 0.554894
vt 0.739639 0.503426
vt 0.789532 0.940889
vt 0.771251 0.791166
vt 0.649647 0.724345
vt 0.819626 0.738336
vt 0.685502 0.542212
vt 0.700895 0.542112
vt 0.702027 0.557028
vt 0.686286 0.557086
vt 0.687514 0.570569
vt 0.703882 0.570706
vt 0.705630 0.580866
vt 0.688679 0.580321
vt 0.678709 0.579602
vt 0.667609 0.838759
vt 0.681521 0.839200
vt 0.667627 0.864865
vt 0.700166 0.839819
vt 0.709441 0.840801
vt 0.699870 0.866305
vt 0.682868 0.865252
vt 0.683431 0.891685
vt 0.710115 0.867506
vt 0.702810 0.892370
vt 0.710162 0.893942
vt 0.667985 0.891384
vt 0.721170 0.842529
vt 0.738211 0.843943
vt 0.723781 0.868377
vt 0.754823 0.844851
vt 0.756470 0.870552
vt 0.739924 0.869778
vt 0.742569 0.896508
vt 0.758793 0.897370
vt 0.726149 0.894863
vt 0.616786 0.481314
vt 0.612297 0.493649
vt 0.615465 0.480774
vt 0.620230 0.469827
vt 0.543973 0.773416
vt 0.551653 0.766593
vt 0.574205 0.756290
vt 0.588293 0.753138
vt 0.610041 0.509040
vt 0.608678 0.525414
vt 0.636777 0.453922
vt 0.651629 0.448220
vt 0.672207 0.444469
vt 0.529305 0.822184
vt 0.531801 0.804049
vt 0.539620 0.781636
vt 0.521952 0.966244
vt 0.534806 0.790774
vt 0.538596 0.780937
vt 0.626687 0.461140
vt 0.821087 0.445619
vt 0.816402 0.442169
vt 0.826992 0.446721
vt 0.834216 0.455045
vt 0.526648 0.974631
vt 0.517830 0.956321
vt 0.520844 0.966798
vt 0.517203 0.941441
vt 0.518556 0.921741
vt 0.780541 0.439300
vt 0.800711 0.439926
vt 0.837353 0.500797
vt 0.835228 0.519520
vt 0.583931 0.987715
vt 0.565898 0.988402
vt 0.549651 0.985948
vt 0.536258 0.981130
vt 0.838061 0.467699
vt 0.838452 0.483296
vt 0.606817 0.542927
vt 0.603867 0.751272
vt 0.619805 0.750843
vt 0.636825 0.750243
vt 0.654061 0.750281
vt 0.604142 0.579612
vt 0.603227 0.598666
vt 0.605954 0.560750
vt 0.835708 0.555032
vt 0.836107 0.574031
vt 0.837746 0.592056
vt 0.636117 0.989772
vt 0.653510 0.991048
vt 0.599740 0.988494
vt 0.617964 0.991400
vt 0.599705 0.990029
vt 0.835181 0.536008
vt 0.726933 0.440331
vt 0.755072 0.439513
vt 0.521118 0.897614
vt 0.524077 0.871207
vt 0.526830 0.845184
vt 0.698092 0.441790
vt 0.609045 0.701139
vt 0.606391 0.686620
vt 0.604597 0.670890
vt 0.718957 0.753305
vt 0.732830 0.756543
vt 0.745142 0.761132
vt 0.755303 0.766861
vt 0.763027 0.773442
vt 0.613045 0.713646
vt 0.618355 0.723817
vt 0.625486 0.731679
vt 0.768371 0.781058
vt 0.772323 0.790685
vt 0.775301 0.803831
vt 0.774183 0.804127
vt 0.778005 0.821820
vt 0.650629 0.742090
vt 0.671076 0.744501
vt 0.635728 0.737837
vt 0.799459 0.744307
vt 0.779055 0.745460
vt 0.789281 0.921104
vt 0.790866 0.940900
vt 0.790339 0.955874
vt 0.787301 0.966409
vt 0.781376 0.974231
vt 0.825536 0.737198
vt 0.832750 0.728996
vt 0.814954 0.741832
vt 0.838452 0.700386
vt 0.837211 0.716616
vt 0.771552 0.980496
vt 0.757092 0.983851
vt 0.741213 0.985734
vt 0.725037 0.986962
vt 0.837556 0.666330
vt 0.838037 0.683193
vt 0.602590 0.636204
vt 0.602561 0.617323
vt 0.671001 0.751242
vt 0.687945 0.750292
vt 0.703800 0.751012
vt 0.603293 0.653937
vt 0.837686 0.647490
vt 0.689302 0.991400
vt 0.707185 0.991014
vt 0.672646 0.990598
vt 0.837052 0.611964
vt 0.837215 0.629187
vt 0.725035 0.746050
vt 0.696485 0.745580
vt 0.780552 0.844624
vt 0.783611 0.870539
vt 0.786471 0.896902
vt 0.753461 0.745957
vt 0.721358 0.691634
vt 0.718258 0.695641
vt 0.717971 0.692367
vt 0.994905 0.916023
vt 0.996428 0.906417
vt 0.996463 0.916018
vt 0.732461 0.674886
vt 0.740721 0.681121
vt 0.731804 0.678380
vt 0.729135 0.657785
vt 0.731399 0.650448
vt 0.735187 0.653453
vt 0.754236 0.678475
vt 0.760684 0.688707
vt 0.752051 0.685294
vt 0.743821 0.645933
vt 0.743081 0.634962
vt 0.750207 0.640025
vt 0.724436 0.652670
vt 0.722714 0.647234
vt 0.727162 0.648365
vt 0.714506 0.692147
vt 0.710049 0.693369
vt 0.711216 0.691016
vt 0.730706 0.681757
vt 0.735184 0.689253
vt 0.729131 0.684917
vt 0.731806 0.664323
vt 0.738362 0.657196
vt 0.740723 0.661585
vt 0.732709 0.671351
vt 0.742197 0.666383
vt 0.742625 0.671354
vt 0.727040 0.687730
vt 0.727158 0.694339
vt 0.724431 0.690032
vt 0.717976 0.650335
vt 0.714012 0.647844
vt 0.718264 0.647062
vt 0.731796 0.638778
vt 0.726504 0.629719
vt 0.735070 0.631468
vt 0.754932 0.671358
vt 0.763553 0.662404
vt 0.764555 0.671351
vt 0.738157 0.700986
vt 0.735067 0.711238
vt 0.731791 0.703927
vt 0.718145 0.637204
vt 0.709323 0.631928
vt 0.717770 0.629843
vt 0.752053 0.657414
vt 0.756162 0.646450
vt 0.760686 0.654000
vt 0.748514 0.691477
vt 0.750205 0.702682
vt 0.743817 0.696774
vt 0.711549 0.704057
vt 0.701709 0.706692
vt 0.705760 0.701193
vt 0.743841 0.654066
vt 0.739900 0.649458
vt 0.746796 0.683291
vt 0.743838 0.688640
vt 0.718253 0.701163
vt 0.718139 0.705500
vt 0.712712 0.700108
vt 0.735132 0.645761
vt 0.729763 0.643142
vt 0.749157 0.671356
vt 0.748606 0.677427
vt 0.725004 0.705464
vt 0.729759 0.699562
vt 0.724041 0.700989
vt 0.724046 0.641716
vt 0.718258 0.641540
vt 0.748607 0.665280
vt 0.746797 0.659416
vt 0.739897 0.693248
vt 0.735128 0.696944
vt 0.705773 0.641505
vt 0.712717 0.642595
vt 0.707852 0.644731
vt 0.710056 0.649333
vt 0.717766 0.712863
vt 0.709319 0.710777
vt 0.707842 0.697969
vt 0.714006 0.694858
vt 0.738359 0.685509
vt 0.748517 0.651230
vt 0.711555 0.638646
vt 0.731395 0.692257
vt 0.754237 0.664233
vt 0.725010 0.637241
vt 0.722709 0.695470
vt 0.742196 0.676323
vt 0.738162 0.641721
vt 0.701709 0.636016
vt 0.743079 0.707744
vt 0.726501 0.712986
vt 0.763552 0.680303
vt 0.721363 0.651068
vt 0.732462 0.667817
vt 0.714512 0.650555
vt 0.727045 0.654972
vt 0.756160 0.696257
vt 0.730709 0.660945
vt 0.994937 0.791194
vt 0.996488 0.781599
vt 0.996499 0.791201
vt 0.994926 0.781592
vt 0.996444 0.771999
vt 0.994916 0.935227
vt 0.996499 0.944822
vt 0.994937 0.944829
vt 0.994926 0.925625
vt 0.996475 0.935222
vt 0.994926 0.810398
vt 0.996474 0.800801
vt 0.996485 0.810403
vt 0.994916 0.800796
vt 0.996488 0.954424
vt 0.994926 0.954431
vt 0.994905 0.820000
vt 0.996428 0.829606
vt 0.994871 0.829602
vt 0.996464 0.820005
vt 0.994834 0.839204
vt 0.996324 0.848810
vt 0.994767 0.848806
vt 0.996391 0.839208
vt 0.994674 0.858407
vt 0.996119 0.868012
vt 0.994562 0.868008
vt 0.996231 0.858411
vt 0.994766 0.887217
vt 0.996231 0.877612
vt 0.996323 0.887213
vt 0.994674 0.877616
vt 0.994871 0.906421
vt 0.996390 0.896815
vt 0.994833 0.896819
vt 0.996444 0.964026
vt 0.994882 0.964033
vt 0.996484 0.925620
vt 0.014853 0.053418
vt 0.012958 0.041580
vt 0.016709 0.041574
vt 0.020278 0.042727
vt 0.023316 0.044926
vt 0.025526 0.047957
vt 0.026691 0.051522
vt 0.026697 0.055273
vt 0.025544 0.058842
vt 0.023344 0.061881
vt 0.020313 0.064090
vt 0.016748 0.065255
vt 0.012997 0.065261
vt 0.009428 0.064108
vt 0.006390 0.061909
vt 0.004180 0.058878
vt 0.003015 0.055313
vt 0.003009 0.051562
vt 0.004162 0.047993
vt 0.006362 0.044955
vt 0.009393 0.042745
vt 0.618513 0.375601
vt 0.591167 0.361670
vt 0.596811 0.353903
vt 0.588204 0.380402
vt 0.588202 0.370801
vt 0.596815 0.397301
vt 0.591170 0.389533
vt 0.613714 0.405910
vt 0.604583 0.402944
vt 0.632448 0.402943
vt 0.623316 0.405910
vt 0.645860 0.389533
vt 0.640216 0.397300
vt 0.648824 0.370800
vt 0.648825 0.380402
vt 0.640211 0.353901
vt 0.645856 0.361668
vt 0.623312 0.345291
vt 0.632444 0.348258
vt 0.604580 0.348260
vt 0.613710 0.345291
vt 0.755757 0.591548
vt 0.007078 0.718251
vt 0.747466 0.590123
vt 0.012938 0.670416
vt 0.024697 0.657740
vt 0.768500 0.638097
vt 0.772129 0.552456
vt 0.913114 0.640931
vt 0.910355 0.635842
vt 0.907896 0.631713
vt 0.905837 0.628446
vt 0.054226 0.818598
vt 0.057742 0.812805
vt 0.060207 0.805713
vt 0.060251 0.796512
vt 0.055088 0.783388
vt 0.422394 0.972058
vt 0.374752 0.972050
vt 0.261014 0.972016
vt 0.249704 0.972020
vt 0.243830 0.972025
vt 0.240531 0.972023
vt 0.440160 0.972037
vt 0.443739 0.976209
vt 0.433992 0.972050
vt 0.072027 0.986508
vt 0.906693 0.796936
vt 0.916041 0.818280
vt 0.895646 0.778189
vt 0.888102 0.759871
vt 0.885804 0.742168
vt 0.040608 0.638725
vt 0.059032 0.620094
vt 0.889817 0.725224
vt 0.898368 0.709169
vt 0.908701 0.694253
vt 0.917094 0.681169
vt 0.043064 0.765062
vt 0.028327 0.743381
vt 0.920641 0.670452
vt 0.920511 0.661548
vt 0.918647 0.653779
vt 0.915976 0.646927
vt 0.041622 0.833599
vt 0.044115 0.830992
vt 0.047126 0.827671
vt 0.050565 0.823536
vt 0.814322 0.685296
vt 0.817184 0.679300
vt 0.811563 0.690385
vt 0.809104 0.694514
vt 0.807045 0.697781
vt 0.798027 0.477239
vt 0.801544 0.483031
vt 0.804009 0.490123
vt 0.798890 0.512449
vt 0.804053 0.499325
vt 0.308272 0.972024
vt 0.024385 0.986524
vt 0.185764 0.986454
vt 0.197074 0.986457
vt 0.202948 0.986460
vt 0.206242 0.990651
vt 0.006618 0.986506
vt 0.003058 0.986485
vt 0.012787 0.986518
vt 0.807902 0.529291
vt 0.820702 0.510326
vt 0.796855 0.548038
vt 0.789310 0.566357
vt 0.787013 0.584059
vt 0.784411 0.657112
vt 0.799893 0.678728
vt 0.791025 0.601003
vt 0.799576 0.617059
vt 0.809909 0.631974
vt 0.786866 0.530775
vt 0.818302 0.645058
vt 0.821719 0.664680
vt 0.821849 0.655776
vt 0.819855 0.672449
vt 0.785424 0.462238
vt 0.787917 0.464845
vt 0.790928 0.468165
vt 0.794367 0.472301
vt 0.138507 0.986470
vt 0.014666 0.714890
vt 0.995723 0.190003
vt 0.074752 0.683806
vt 0.074752 0.735479
vt 0.695219 0.628367
vt 0.117755 0.880982
vt 0.695219 0.587028
vt 0.030132 0.953699
vt 0.695219 0.649036
vt 0.457690 0.980234
vt 0.695219 0.607697
vt 0.695219 0.669705
vt 0.854790 0.453760
vt 0.356606 0.933153
vt 0.221143 0.830086
vt 0.240019 0.885217
vt 0.350102 0.950996
vt 0.234342 0.928919
vt 0.083227 0.969591
vt 0.935983 0.996789
vt 0.330521 0.967873
vt 0.996448 0.603209
vt 0.996448 0.724562
vt 0.078069 0.837112
vt 0.844455 0.576986
vt 0.505614 0.863642
vt 0.986654 0.426651
vt 0.104552 0.782160
vt 0.996988 0.265742
vt 0.775074 0.986454
vt 0.823251 0.746223
vt 0.175645 0.887619
vt 0.116610 0.873486
vt 0.503205 0.799268
vt 0.846852 0.649816
vt 0.285517 0.827679
vt 0.302719 0.851795
vt 0.254230 0.940661
vt 0.044027 0.017191
vt 0.042154 0.004903
vt 0.027958 0.979180
vt 0.854044 0.632255
vt 0.812885 0.017996
vt 0.995483 0.029009
vt 0.293201 0.015554
vt 0.005812 0.074817
vt 0.647103 0.576693
vt 0.433405 0.861121
vt 0.331392 0.430182
vt 0.358067 0.861117
vt 0.011414 0.692546
vt 0.813034 0.421426
vt 0.773882 0.230088
vt 0.308875 0.012602
vt 0.319809 0.076076
vt 0.346649 0.205258
vt 0.792376 0.005159
vt 0.799956 0.693302
vt 0.035570 0.827794
vt 0.762807 0.569814
vt 0.756669 0.612390
vt 0.534723 0.246461
vt 0.256418 0.963173
vt 0.859403 0.003890
vt 0.239077 0.938866
vt 0.583758 0.694651
vt 0.596564 0.631940
vt 0.580121 0.506913
vt 0.595272 0.569890
vt 0.937574 0.017140
vt 0.037674 0.605892
vt 0.150895 0.456733
vt 0.990651 0.522458
vt 0.952694 0.890244
vt 0.916790 0.368293
vt 0.874075 0.354743
vt 0.916549 0.003440
vt 0.109999 0.875378
vt 0.114675 0.916355
vt 0.114554 0.463756
vt 0.979512 0.258771
vt 0.940419 0.647871
vt 0.105039 0.664809
vt 0.738356 0.466804
vt 0.561671 0.761238
vt 0.711221 0.651686
vt 0.994882 0.771985
vt 0.443720 0.972016
vt 0.919493 0.815901
vt 0.206247 0.986458
vt 0.802836 0.675741
s 1
g mid_century_lounge_chair_mid_century_lounge_chair
usemtl mid_century_lounge_chair
f 477/1/1 418/2/2 435/3/1
f 422/4/3 12/5/4 420/6/5
f 422/4/3 14/7/6 13/8/7
f 426/9/8 14/7/6 424/10/9
f 428/11/10 15/12/11 426/9/8
f 430/13/12 16/14/13 428/11/10
f 432/15/14 17/16/15 430/13/12
f 434/17/16 18/18/17 432/15/14
f 436/19/1 19/20/18 434/17/16
f 417/21/2 20/22/19 436/19/1
f 470/23/3 423/24/9 421/25/3
f 454/26/1 243/27/1 18/28/1
f 468/29/5 421/25/3 419/30/20
f 8/31/20 10/32/2 9/33/2
f 476/34/16 435/3/1 433/35/16
f 475/36/14 433/35/16 431/37/14
f 429/38/12 475/36/14 431/37/14
f 473/39/10 429/38/12 427/40/10
f 472/41/8 427/40/10 425/42/8
f 469/43/2 419/44/20 418/2/2
f 471/45/9 425/42/8 423/24/9
f 24/46/21 460/47/22 23/48/23
f 17/16/15 452/49/24 16/14/13
f 455/50/25 278/51/12 275/52/12
f 11/53/26 456/54/27 20/22/19
f 449/55/2 264/56/2 261/57/2
f 15/12/11 450/58/28 14/7/6
f 447/59/16 270/60/16 267/61/16
f 19/20/18 454/62/29 18/18/17
f 449/63/30 259/64/31 450/65/30
f 13/8/7 448/66/32 12/5/4
f 87/67/33 199/68/34 234/69/35
f 137/70/36 178/71/37 213/72/38
f 81/73/39 193/74/40 227/75/41
f 143/76/42 171/77/43 206/78/44
f 39/79/45 185/80/46 220/81/47
f 268/82/16 158/83/16 144/84/16
f 262/85/31 116/86/31 260/87/31
f 245/88/1 60/89/1 244/90/1
f 11/91/26 272/92/48 270/93/48
f 20/94/19 278/95/49 19/96/18
f 217/97/50 354/98/51 219/99/52
f 16/100/13 251/101/53 15/102/11
f 276/103/25 108/104/12 88/105/25
f 452/106/14 254/107/14 16/108/14
f 115/109/54 181/110/55 123/111/56
f 228/112/57 339/113/58 227/114/59
f 200/115/60 205/116/60 203/117/60
f 453/118/61 246/119/62 454/120/61
f 253/121/63 32/122/64 252/123/65
f 451/124/66 256/125/67 452/126/66
f 194/127/68 198/128/68 192/129/68
f 208/130/69 381/131/70 206/132/71
f 46/133/72 188/134/73 53/135/74
f 95/136/75 202/137/76 102/138/77
f 73/139/78 196/140/79 59/141/80
f 453/142/8 241/143/8 248/144/8
f 456/145/20 280/146/20 20/147/20
f 157/148/81 174/149/82 171/150/82
f 129/151/83 181/152/84 178/153/84
f 14/154/6 264/155/85 13/156/7
f 186/157/86 191/158/86 189/159/87
f 151/160/88 174/161/89 164/162/90
f 179/163/91 184/164/91 182/165/91
f 448/166/9 272/167/9 12/168/9
f 227/114/59 287/169/92 81/170/93
f 31/171/94 58/172/95 53/173/94
f 33/174/95 57/175/96 58/172/95
f 34/176/96 56/177/97 57/175/96
f 35/178/97 55/179/98 56/177/97
f 36/180/98 54/181/99 55/179/98
f 37/182/99 52/183/64 54/181/99
f 46/133/72 58/184/14 51/185/14
f 51/185/14 57/186/14 50/187/14
f 57/186/14 49/188/14 50/187/14
f 56/189/14 48/190/14 49/188/14
f 55/191/14 47/192/14 48/190/14
f 54/193/14 45/194/14 47/192/14
f 46/195/100 44/196/101 39/197/100
f 51/198/101 43/199/67 44/196/101
f 50/200/67 42/201/67 43/199/67
f 49/202/67 41/203/67 42/201/67
f 48/204/67 40/205/67 41/203/67
f 47/206/67 38/207/67 40/205/67
f 39/79/45 33/208/3 31/209/102
f 44/210/3 34/211/3 33/208/3
f 34/211/3 42/212/3 35/213/3
f 35/213/3 41/214/3 36/215/3
f 36/215/3 40/216/3 37/217/3
f 37/217/3 38/218/3 32/219/3
f 73/220/103 86/221/104 81/222/103
f 75/223/104 85/224/62 86/221/104
f 76/225/62 84/226/62 85/224/62
f 77/227/62 83/228/62 84/226/62
f 78/229/62 82/230/62 83/228/62
f 79/231/62 80/232/62 82/230/62
f 81/73/39 72/233/8 67/234/105
f 86/235/8 71/236/8 72/233/8
f 71/236/8 84/237/8 70/238/8
f 70/238/8 83/239/8 69/240/8
f 69/240/8 82/241/8 68/242/8
f 68/242/8 80/243/8 66/244/8
f 73/139/78 61/245/1 75/246/1
f 75/246/1 62/247/1 76/248/1
f 62/247/1 77/249/1 76/248/1
f 63/250/1 78/251/1 77/249/1
f 64/252/1 79/253/1 78/251/1
f 65/254/1 74/255/1 79/253/1
f 59/256/106 72/257/107 61/258/107
f 61/258/107 71/259/108 62/260/108
f 71/259/108 63/261/109 62/260/108
f 63/261/109 69/262/110 64/263/110
f 69/262/110 65/264/111 64/263/110
f 68/265/111 60/266/112 65/264/111
f 87/67/33 114/267/12 109/268/113
f 89/269/25 113/270/12 114/267/12
f 113/270/12 91/271/12 112/272/12
f 112/272/12 92/273/12 111/274/12
f 111/274/12 93/275/12 110/276/12
f 110/276/12 88/105/25 108/104/12
f 109/277/114 107/278/115 102/279/114
f 114/280/115 106/281/116 107/278/115
f 106/281/116 112/282/117 105/283/117
f 105/283/117 111/284/118 104/285/118
f 104/285/118 110/286/119 103/287/119
f 103/287/119 108/288/120 101/289/120
f 95/136/75 107/290/20 100/291/20
f 100/291/20 106/292/5 99/293/5
f 106/292/5 98/294/20 99/293/5
f 105/295/20 97/296/5 98/294/20
f 104/297/5 96/298/5 97/296/5
f 103/299/5 94/300/5 96/298/5
f 87/301/121 100/302/122 89/303/122
f 89/303/122 99/304/123 90/305/123
f 90/305/123 98/306/123 91/307/123
f 91/307/123 97/308/123 92/309/123
f 92/309/123 96/310/123 93/311/123
f 93/311/123 94/312/123 88/313/123
f 123/314/83 131/315/124 128/316/124
f 128/316/124 132/317/125 127/318/125
f 127/318/125 133/319/126 126/320/126
f 133/319/126 125/321/127 126/320/126
f 125/321/127 135/322/128 124/323/128
f 124/323/128 130/324/129 122/325/129
f 137/326/130 117/327/131 142/328/131
f 142/328/131 118/329/31 141/330/31
f 118/329/31 140/331/31 141/330/31
f 119/332/31 139/333/31 140/331/31
f 120/334/31 138/335/31 139/333/31
f 138/335/31 116/86/31 136/336/31
f 115/109/54 128/337/10 117/338/10
f 117/338/10 127/339/10 118/340/10
f 127/339/10 119/341/10 118/340/10
f 126/342/10 120/343/10 119/341/10
f 125/344/10 121/345/10 120/343/10
f 124/346/10 116/347/10 121/345/10
f 137/70/36 131/348/2 129/349/132
f 142/350/2 132/351/2 131/348/2
f 132/351/2 140/352/2 133/353/2
f 133/353/2 139/354/2 134/355/2
f 134/355/2 138/356/2 135/357/2
f 135/357/2 136/358/2 130/359/2
f 151/160/88 166/360/9 156/361/9
f 156/361/9 167/362/9 155/363/9
f 167/362/9 154/364/9 155/363/9
f 168/365/9 153/366/9 154/364/9
f 169/367/9 152/368/9 153/366/9
f 170/369/9 150/370/9 152/368/9
f 164/371/81 159/372/133 166/373/133
f 159/372/133 167/374/134 166/373/133
f 167/374/134 161/375/135 168/376/135
f 168/376/135 162/377/136 169/378/136
f 169/378/136 163/379/137 170/380/137
f 170/380/137 158/381/138 165/382/138
f 143/76/42 159/383/16 157/384/139
f 145/385/16 160/386/16 159/383/16
f 160/386/16 147/387/16 161/388/16
f 161/388/16 148/389/16 162/390/16
f 162/390/16 149/391/16 163/392/16
f 163/392/16 144/84/16 158/83/16
f 143/393/140 156/394/141 145/395/141
f 145/395/141 155/396/142 146/397/142
f 146/397/142 154/398/142 147/399/142
f 147/399/142 153/400/142 148/401/142
f 148/401/142 152/402/142 149/403/142
f 149/403/142 150/404/142 144/405/142
f 31/171/94 188/406/143 185/407/143
f 242/408/144 60/266/112 66/409/112
f 451/410/3 251/411/3 249/412/3
f 247/413/8 66/244/8 80/243/8
f 247/414/62 74/415/62 245/416/62
f 250/417/3 32/219/3 38/218/3
f 250/418/67 45/419/67 255/420/67
f 450/421/10 257/422/10 14/423/10
f 255/424/14 52/425/14 253/426/14
f 260/427/10 122/428/10 258/429/10
f 263/430/145 122/325/129 130/324/129
f 262/431/2 130/359/2 136/358/2
f 448/432/146 267/433/142 265/434/142
f 266/435/142 144/405/142 150/404/142
f 456/436/147 275/437/123 273/438/123
f 266/439/9 165/440/9 271/441/9
f 269/442/148 165/382/138 158/381/138
f 274/443/123 88/313/123 94/312/123
f 274/444/5 101/445/5 279/446/5
f 277/447/149 101/289/120 108/288/120
f 238/448/150 204/449/151 202/137/76
f 240/450/152 205/451/153 204/449/151
f 239/452/154 203/453/155 205/451/153
f 234/69/35 201/454/156 235/455/157
f 235/455/157 200/456/158 236/457/159
f 236/457/159 203/458/155 237/459/160
f 192/460/161 229/461/162 194/462/163
f 194/462/163 228/463/164 195/464/165
f 195/464/165 227/75/41 193/74/40
f 189/465/166 225/466/167 221/467/168
f 191/468/169 226/469/170 225/466/167
f 190/470/171 224/471/172 226/469/170
f 217/472/173 183/473/174 181/110/55
f 219/474/175 184/475/176 183/473/174
f 218/476/177 182/477/178 184/475/176
f 213/72/38 180/478/179 214/479/180
f 214/479/180 179/480/181 215/481/182
f 215/481/182 182/482/178 216/483/183
f 175/484/184 209/485/185 172/486/186
f 172/486/186 208/487/187 173/488/188
f 173/488/188 206/78/44 171/77/43
f 231/489/189 197/490/190 196/140/79
f 233/491/191 198/492/192 197/490/190
f 232/493/193 192/494/161 198/492/192
f 189/495/166 223/496/194 186/497/195
f 186/497/195 222/498/196 187/499/197
f 187/499/197 220/81/47 185/80/46
f 210/500/198 176/501/199 174/161/89
f 212/502/200 177/503/201 176/501/199
f 211/504/202 175/505/184 177/503/201
f 172/506/203 177/507/203 175/508/204
f 67/509/106 196/510/205 193/511/205
f 109/277/114 202/512/206 199/513/206
f 242/514/8 248/144/8 241/143/8
f 245/416/62 248/515/62 247/414/62
f 244/516/144 241/517/207 243/518/207
f 244/90/1 246/519/1 245/88/1
f 255/420/67 249/520/67 250/418/67
f 252/521/3 249/412/3 251/411/3
f 253/426/14 256/522/14 255/424/14
f 252/123/65 254/523/53 253/121/63
f 258/524/208 264/155/85 257/525/85
f 258/429/10 259/526/10 260/427/10
f 260/87/31 261/527/31 262/85/31
f 263/528/2 261/57/2 264/56/2
f 271/441/9 265/529/9 266/439/9
f 271/530/209 270/93/48 272/92/48
f 268/531/142 265/434/142 267/433/142
f 269/532/16 267/61/16 270/60/16
f 279/446/5 273/533/20 274/444/5
f 276/534/123 273/438/123 275/437/123
f 279/535/210 278/95/49 280/536/49
f 277/537/12 275/52/12 278/51/12
f 17/538/15 243/518/207 241/517/207
f 188/406/143 187/539/86 185/407/143
f 190/540/86 186/157/86 187/539/86
f 222/541/211 405/542/212 220/543/213
f 224/544/214 285/545/215 347/546/216
f 46/547/217 281/548/218 285/549/215
f 221/550/219 399/551/220 223/552/221
f 81/553/93 291/554/222 73/555/223
f 225/556/224 395/557/225 221/550/219
f 197/558/68 194/127/68 195/559/68
f 196/510/205 195/559/68 193/511/205
f 202/512/206 201/560/60 199/513/206
f 201/560/60 205/116/60 200/115/60
f 216/561/226 368/562/227 215/563/228
f 229/564/229 335/565/230 228/566/57
f 218/567/231 360/568/232 216/561/226
f 235/569/233 327/570/234 234/571/235
f 220/543/213 281/572/218 39/573/236
f 223/552/221 402/574/237 222/575/211
f 173/576/203 177/507/203 172/506/203
f 174/149/82 173/576/203 171/150/82
f 181/152/84 180/577/91 178/153/84
f 183/578/91 179/163/91 180/577/91
f 213/579/238 299/580/239 137/581/240
f 143/582/241 381/131/70 305/583/242
f 234/571/235 293/584/243 87/585/244
f 137/586/240 303/587/245 115/588/246
f 239/589/247 314/590/248 318/591/249
f 233/592/250 383/593/251 387/594/252
f 215/563/228 362/595/253 214/596/254
f 73/597/223 383/593/251 231/598/255
f 226/599/256 345/600/257 225/556/224
f 151/601/258 407/602/259 210/603/260
f 214/604/254 366/605/261 213/579/238
f 87/606/244 297/607/262 95/608/263
f 238/609/264 314/610/248 240/611/265
f 210/603/260 411/612/266 212/613/267
f 239/589/247 321/614/268 237/615/269
f 232/616/270 387/617/252 390/618/271
f 380/619/272 308/620/273 306/621/274
f 229/564/229 393/622/275 332/623/276
f 207/624/277 375/625/278 209/626/279
f 338/627/280 290/628/281 288/629/282
f 115/630/246 350/631/283 217/97/50
f 236/632/284 321/614/268 329/633/285
f 219/634/52 357/635/286 218/567/231
f 143/636/241 309/637/287 151/638/258
f 212/639/267 414/640/288 211/641/289
f 95/642/263 311/643/290 238/609/264
f 232/616/270 393/622/275 230/644/291
f 224/544/214 342/645/292 226/646/256
f 312/647/293 294/648/294 326/649/295
f 208/650/69 375/625/278 378/651/296
f 211/641/289 371/652/297 207/624/277
f 365/653/298 302/654/299 300/655/300
f 235/656/233 329/633/285 323/657/301
f 353/658/302 352/659/303 351/660/304
f 355/661/305 350/631/283 352/659/303
f 341/662/306 349/663/307 348/664/308
f 343/665/309 347/546/216 349/663/307
f 341/662/306 346/666/310 343/667/309
f 343/667/309 345/600/257 342/668/292
f 315/669/311 319/670/312 316/671/313
f 316/671/313 318/591/249 314/590/248
f 320/672/314 319/670/312 317/673/315
f 319/670/312 321/614/268 318/591/249
f 324/674/316 328/675/317 325/676/318
f 325/676/318 327/570/234 323/677/301
f 336/678/319 340/679/320 337/680/321
f 337/680/321 339/113/58 335/681/230
f 336/678/319 334/682/322 333/683/323
f 337/684/321 332/623/276 334/682/322
f 330/685/324 325/686/318 331/687/325
f 331/687/325 323/657/301 329/633/285
f 300/655/300 304/688/326 301/689/327
f 304/688/326 299/690/239 301/689/327
f 308/620/273 307/691/328 306/621/274
f 307/691/328 309/637/287 305/692/242
f 315/669/311 313/693/329 312/647/293
f 316/694/313 311/643/290 313/693/329
f 294/648/294 298/695/330 295/696/331
f 298/695/330 293/697/243 295/696/331
f 290/628/281 289/698/332 288/629/282
f 292/699/333 287/700/92 289/698/332
f 284/701/334 283/702/335 282/703/336
f 286/704/337 281/548/218 283/702/335
f 356/705/338 355/706/305 353/658/302
f 355/706/305 357/635/286 354/707/51
f 356/705/338 361/708/339 358/709/340
f 361/708/339 357/635/286 358/709/340
f 363/710/341 367/711/342 364/712/343
f 364/712/343 366/605/261 362/713/253
f 363/710/341 370/714/344 369/715/345
f 370/714/344 362/595/253 368/562/227
f 374/716/346 373/717/347 372/718/348
f 376/719/349 371/652/297 373/717/347
f 377/720/350 376/719/349 374/716/346
f 376/719/349 378/651/296 375/625/278
f 377/720/350 382/721/351 379/722/352
f 379/722/352 381/131/70 378/723/296
f 386/724/353 385/725/354 384/726/355
f 388/727/356 383/593/251 385/725/354
f 386/724/353 391/728/357 388/729/356
f 388/729/356 390/618/271 387/617/252
f 389/730/358 394/731/359 391/728/357
f 394/731/359 390/618/271 391/728/357
f 396/732/360 400/733/361 397/734/362
f 400/733/361 395/557/225 397/734/362
f 401/735/363 400/733/361 398/736/364
f 403/737/365 399/551/220 400/733/361
f 401/735/363 406/738/366 403/739/365
f 403/739/365 405/542/212 402/740/237
f 410/741/367 409/742/368 408/743/369
f 412/744/370 407/602/259 409/742/368
f 413/745/371 412/746/370 410/741/367
f 412/746/370 414/640/288 411/747/266
f 306/621/274 382/721/351 380/619/272
f 307/691/328 381/131/70 382/721/351
f 308/620/273 409/742/368 310/748/372
f 310/748/372 407/602/259 309/749/287
f 300/655/300 367/711/342 365/653/298
f 301/689/327 366/605/261 367/711/342
f 302/654/299 352/659/303 304/688/326
f 304/688/326 350/631/283 303/750/245
f 282/703/336 406/738/366 404/751/373
f 283/702/335 405/542/212 406/738/366
f 284/701/334 349/663/307 286/704/337
f 286/704/337 347/546/216 285/545/215
f 288/629/282 340/679/320 338/627/280
f 289/698/332 339/113/58 340/679/320
f 290/628/281 385/725/354 292/699/333
f 292/699/333 383/593/251 291/752/222
f 294/648/294 328/675/317 326/649/295
f 295/696/331 327/570/234 328/675/317
f 296/753/374 313/693/329 298/695/330
f 298/695/330 311/643/290 297/754/262
f 320/672/314 331/687/325 322/755/375
f 331/687/325 321/614/268 322/755/375
f 392/756/376 334/682/322 394/731/359
f 334/682/322 393/622/275 394/731/359
f 396/732/360 346/666/310 344/757/377
f 397/734/362 345/600/257 346/666/310
f 359/758/378 370/714/344 361/708/339
f 361/708/339 368/562/227 360/568/232
f 413/745/371 373/717/347 415/759/379
f 373/717/347 414/640/288 415/759/379
f 404/751/373 284/701/334 282/703/336
f 435/760/380 443/761/380 433/762/380
f 425/763/380 4/764/380 423/765/380
f 432/766/381 444/767/381 434/768/381
f 422/769/381 3/770/381 424/771/381
f 427/772/380 439/773/380 437/774/380
f 419/775/380 9/776/380 418/777/380
f 426/778/381 438/779/381 428/780/381
f 431/781/380 443/761/380 441/782/380
f 421/783/380 4/764/380 6/784/380
f 436/785/381 10/786/381 417/787/381
f 420/788/5 11/53/26 417/21/2
f 8/789/20 5/790/382 7/791/20
f 4/792/9 5/790/382 6/793/382
f 2/794/8 3/795/9 4/792/9
f 437/796/10 1/797/8 2/794/8
f 439/798/12 438/799/10 437/796/10
f 441/800/14 440/801/12 439/798/12
f 443/802/16 442/803/14 441/800/14
f 445/804/1 444/805/16 443/802/16
f 9/33/2 446/806/1 445/804/1
f 417/787/381 7/807/381 420/808/381
f 428/780/381 440/809/381 430/810/381
f 421/783/380 8/811/380 419/775/380
f 429/812/380 441/782/380 439/773/380
f 426/778/381 3/770/381 1/813/381
f 436/785/381 444/767/381 446/814/381
f 427/772/380 2/815/380 425/763/380
f 418/777/380 445/816/380 435/760/380
f 422/769/381 7/807/381 5/817/381
f 430/810/381 442/818/381 432/766/381
f 22/819/380 447/820/146 448/821/146
f 22/819/380 449/822/30 23/823/380
f 23/823/380 450/824/30 24/825/380
f 25/826/380 450/824/30 451/827/66
f 25/826/380 452/828/66 26/829/380
f 26/829/380 453/830/61 27/831/380
f 27/831/380 454/832/61 28/833/380
f 28/833/380 455/834/147 29/835/380
f 29/835/380 456/836/147 30/837/380
f 30/837/380 447/820/146 21/838/380
f 21/839/383 467/840/384 30/841/384
f 28/842/385 464/843/386 27/844/386
f 25/845/387 461/846/21 24/46/21
f 22/847/388 458/848/383 21/839/383
f 28/842/385 466/849/389 465/850/385
f 26/851/390 462/852/387 25/845/387
f 23/48/23 459/853/388 22/847/388
f 30/841/384 466/849/389 29/854/389
f 27/844/386 463/855/390 26/851/390
f 457/856/380 458/848/380 459/853/380
f 457/856/380 459/853/380 460/47/380
f 457/856/380 460/47/380 461/846/380
f 457/856/380 461/846/380 462/852/380
f 457/856/380 462/852/380 463/855/380
f 457/856/380 463/855/380 464/843/380
f 457/856/380 464/843/380 465/850/380
f 457/856/380 465/850/380 466/849/380
f 457/856/380 466/849/380 467/840/380
f 457/856/380 467/840/380 458/848/380
f 341/662/306 404/751/373 401/735/363
f 398/736/364 396/732/360 344/757/377
f 398/736/364 341/662/306 401/735/363
f 386/724/353 338/627/280 336/678/319
f 333/683/323 392/756/376 389/730/358
f 333/683/323 386/724/353 336/678/319
f 315/669/311 326/649/295 324/674/316
f 330/685/324 320/672/314 317/673/315
f 330/685/324 315/669/311 324/674/316
f 377/720/350 408/743/369 380/619/272
f 374/716/346 372/718/348 413/745/371
f 374/716/346 410/741/367 377/720/350
f 353/658/302 365/653/298 363/710/341
f 369/715/345 359/758/378 356/705/338
f 369/715/345 353/658/302 363/710/341
f 416/857/381 468/858/381 469/859/381
f 416/857/381 470/860/381 468/858/381
f 416/857/381 471/861/381 470/860/381
f 416/857/381 472/862/381 471/861/381
f 416/857/381 473/863/381 472/862/381
f 416/857/381 474/864/381 473/863/381
f 416/857/381 475/865/381 474/864/381
f 416/857/381 476/866/381 475/865/381
f 416/857/381 477/867/381 476/866/381
f 416/857/381 469/859/381 477/867/381
f 595/868/391 596/869/392 594/870/393
f 1042/871/394 600/872/395 599/873/396
f 594/874/393 643/875/397 641/876/398
f 517/877/399 594/870/393 516/878/400
f 484/879/401 595/868/391 517/877/399
f 505/880/402 597/881/403 595/868/391
f 3080/882/404 986/883/405 3079/884/406
f 3051/885/407 996/886/408 3085/887/409
f 520/888/410 653/889/411 519/890/412
f 598/891/413 525/892/414 645/893/415
f 596/894/392 645/893/415 643/875/397
f 665/895/416 1044/896/417 668/897/418
f 601/898/419 602/899/420 600/872/395
f 599/873/396 631/900/421 629/901/422
f 1040/902/423 509/903/424 598/904/413
f 3077/905/425 991/906/426 984/907/427
f 500/908/428 603/909/429 601/898/419
f 501/910/430 508/911/431 603/909/429
f 603/909/429 507/912/432 602/899/420
f 533/913/433 635/914/434 532/915/435
f 602/899/420 521/916/436 633/917/437
f 600/872/395 633/917/437 631/900/421
f 604/918/438 607/919/439 606/920/440
f 606/920/440 609/921/441 608/922/442
f 604/918/438 619/923/443 617/924/444
f 545/925/445 604/918/438 546/926/446
f 485/927/447 605/928/448 545/925/445
f 605/928/448 495/929/449 607/919/439
f 607/919/439 496/930/450 609/921/441
f 609/921/441 479/931/451 526/932/452
f 609/921/441 527/933/453 608/922/442
f 608/922/442 527/933/453 528/934/454
f 524/935/455 623/936/456 523/937/457
f 621/938/458 528/934/454 529/939/459
f 606/920/440 621/938/458 619/923/443
f 611/940/460 612/941/461 610/942/462
f 613/943/463 614/944/464 612/941/461
f 544/945/465 540/946/466 486/947/467
f 543/948/468 610/942/462 544/945/465
f 616/949/469 613/943/463 611/940/460
f 618/950/470 615/951/471 613/943/463
f 620/952/472 513/953/473 615/951/471
f 546/926/446 617/924/444 541/954/474
f 615/951/471 513/953/473 514/955/475
f 614/944/464 514/955/475 515/956/476
f 614/944/464 478/957/477 538/958/478
f 612/941/461 538/958/478 539/959/479
f 610/942/462 539/959/479 540/946/466
f 619/923/443 620/952/472 618/950/470
f 541/954/474 616/949/469 542/960/480
f 621/938/458 530/961/481 620/952/472
f 629/901/422 630/962/482 628/963/483
f 623/936/456 624/964/484 622/965/485
f 625/966/486 626/967/487 624/964/484
f 522/968/488 504/969/489 482/970/490
f 523/937/457 622/965/485 522/968/488
f 628/963/483 625/966/486 623/936/456
f 630/962/482 627/971/491 625/966/486
f 632/972/492 519/890/412 627/971/491
f 509/903/424 629/901/422 525/973/414
f 627/971/491 518/974/493 626/967/487
f 626/967/487 480/975/494 502/976/495
f 624/964/484 502/976/495 503/977/496
f 622/965/485 503/977/496 504/969/489
f 631/900/421 632/972/492 630/962/482
f 525/973/414 628/963/483 524/935/455
f 633/917/437 520/888/410 632/972/492
f 641/876/398 642/978/497 640/979/498
f 635/980/434 636/981/499 634/982/500
f 637/983/501 638/984/502 636/981/499
f 531/985/503 512/986/504 483/987/505
f 532/988/435 634/982/500 531/985/503
f 640/979/498 637/989/501 635/914/434
f 642/978/497 639/990/506 637/989/501
f 644/991/507 523/992/457 639/990/506
f 516/993/400 641/876/398 534/994/508
f 639/995/506 522/968/488 638/984/502
f 638/984/502 482/970/490 510/996/509
f 636/981/499 510/996/509 511/997/510
f 634/982/500 511/997/510 512/986/504
f 643/875/397 644/991/507 642/978/497
f 534/994/508 640/979/498 533/913/433
f 645/893/415 524/998/455 644/991/507
f 647/999/511 648/1000/512 646/1001/513
f 649/1002/514 650/1003/515 648/1000/512
f 521/916/436 646/1001/513 520/888/410
f 646/1001/513 655/1004/516 653/889/411
f 651/1005/517 542/960/480 650/1003/515
f 658/1006/518 649/1002/514 647/999/511
f 660/1007/519 651/1005/517 649/1002/514
f 662/1008/520 541/954/474 651/1005/517
f 683/1009/521 589/1010/522 590/1011/523
f 687/1012/524 689/1013/525 686/1014/526
f 507/912/432 647/999/511 521/916/436
f 650/1003/515 543/948/468 657/1015/527
f 648/1000/512 657/1015/527 655/1004/516
f 653/889/411 654/1016/528 652/1017/529
f 655/1004/516 656/1018/530 654/1016/528
f 518/974/493 499/1019/531 480/975/494
f 519/890/412 652/1017/529 518/974/493
f 657/1015/527 544/945/465 656/1018/530
f 656/1018/530 486/947/467 497/1020/532
f 654/1016/528 497/1020/532 498/1021/533
f 652/1017/529 498/1021/533 499/1019/531
f 659/1022/534 660/1007/519 658/1006/518
f 661/1023/535 662/1008/520 660/1007/519
f 508/911/431 658/1006/518 507/912/432
f 481/1024/536 659/1022/534 508/911/431
f 535/1025/537 661/1023/535 659/1022/534
f 536/1026/538 663/1027/539 661/1023/535
f 537/1028/540 545/925/445 663/1027/539
f 663/1027/539 546/926/446 662/1008/520
f 665/895/416 667/1029/541 664/1030/542
f 670/1031/543 1045/1032/544 669/1033/545
f 714/1034/546 664/1035/542 713/1036/547
f 715/1037/548 665/1038/416 714/1034/546
f 576/1039/549 666/1040/550 715/1037/548
f 725/1041/551 571/1042/552 570/1043/553
f 596/869/392 1039/1044/554 598/904/413
f 1046/1045/555 1026/1046/556 1037/1047/557
f 668/897/418 558/1048/558 667/1029/541
f 667/1029/541 484/879/401 517/877/399
f 664/1030/542 517/877/399 516/878/400
f 3082/1049/559 1026/1050/556 3079/884/406
f 671/1051/560 672/1052/561 670/1031/543
f 702/1053/562 669/1033/545 701/1054/563
f 703/1055/564 670/1031/543 702/1053/562
f 572/1056/565 671/1051/560 703/1055/564
f 707/1057/566 533/913/433 532/915/435
f 560/1058/567 673/1059/568 671/1051/560
f 561/1060/569 554/1061/570 673/1059/568
f 673/1059/568 553/1062/571 672/1052/561
f 3081/1063/572 987/1064/573 998/1065/574
f 562/1066/575 1043/1067/576 666/1068/550
f 674/1069/577 678/1070/578 677/1071/579
f 675/1072/580 679/1073/581 678/1070/578
f 690/1074/582 674/1069/577 689/1013/525
f 691/1075/583 675/1072/580 690/1074/582
f 691/1075/583 579/1076/584 676/1077/585
f 695/1078/586 575/1079/587 574/1080/588
f 676/1077/585 579/1076/584 578/1081/589
f 578/1081/589 679/1073/581 676/1077/585
f 679/1073/581 488/1082/590 549/1083/591
f 678/1070/578 549/1083/591 548/1084/592
f 677/1071/579 548/1084/592 547/1085/593
f 677/1071/579 492/1086/594 592/1087/595
f 674/1069/577 592/1087/595 593/1088/596
f 681/1089/597 683/1009/521 680/1090/598
f 682/1091/599 684/1092/600 681/1089/597
f 587/1093/601 591/1094/602 493/1095/603
f 586/1096/604 680/1090/598 587/1093/601
f 585/1097/605 681/1089/597 586/1096/604
f 487/1098/606 682/1091/599 585/1097/605
f 682/1091/599 567/1099/607 685/1100/608
f 685/1100/608 567/1099/607 566/1101/609
f 689/1013/525 593/1088/596 588/1102/610
f 566/1101/609 688/1103/611 685/1100/608
f 685/1100/608 687/1012/524 684/1092/600
f 684/1092/600 686/1014/526 683/1009/521
f 680/1090/598 590/1011/523 591/1094/602
f 688/1103/611 690/1074/582 687/1012/524
f 691/1075/583 581/1104/612 580/1105/613
f 686/1014/526 588/1102/610 589/1010/522
f 699/1106/614 701/1054/563 698/1107/615
f 693/1108/616 695/1078/586 692/1109/617
f 694/1110/618 696/1111/619 693/1108/616
f 557/1112/620 573/1113/621 491/1114/622
f 556/1115/623 692/1109/617 557/1112/620
f 555/1116/624 693/1108/616 556/1115/623
f 489/1117/625 694/1110/618 555/1116/624
f 569/1118/626 697/1119/627 694/1110/618
f 701/1054/563 562/1066/575 576/1120/549
f 570/1043/553 700/1121/628 697/1119/627
f 697/1119/627 699/1106/614 696/1111/619
f 696/1111/619 698/1107/615 695/1078/586
f 692/1109/617 574/1080/588 573/1113/621
f 700/1121/628 702/1053/562 699/1106/614
f 571/1042/552 703/1055/564 700/1121/628
f 698/1107/615 576/1120/549 575/1079/587
f 711/1122/629 713/1036/547 710/1123/630
f 705/1124/631 707/1125/566 704/1126/632
f 706/1127/633 708/1128/634 705/1124/631
f 565/1129/635 531/985/503 483/987/505
f 564/1130/636 704/1126/632 565/1129/635
f 563/1131/637 705/1124/631 564/1130/636
f 491/1114/622 706/1127/633 563/1131/637
f 573/1113/621 709/1132/638 706/1127/633
f 713/1036/547 516/993/400 534/994/508
f 574/1133/588 712/1134/639 709/1135/638
f 709/1135/638 711/1122/629 708/1136/634
f 708/1136/634 710/1123/630 707/1057/566
f 704/1126/632 532/988/435 531/985/503
f 712/1134/639 714/1034/546 711/1122/629
f 575/1137/587 715/1037/548 712/1134/639
f 710/1123/630 534/994/508 533/913/433
f 717/1138/640 719/1139/641 716/1140/642
f 718/1141/643 720/1142/644 717/1138/640
f 721/1143/645 589/1010/522 588/1102/610
f 726/1144/646 716/1140/642 725/1041/551
f 727/1145/647 717/1138/640 726/1144/646
f 590/1011/523 718/1141/643 727/1145/647
f 719/1139/641 560/1058/567 572/1056/565
f 716/1140/642 572/1056/565 571/1042/552
f 617/924/444 618/950/470 616/949/469
f 588/1102/610 730/1146/648 721/1143/645
f 721/1143/645 729/1147/649 720/1142/644
f 720/1142/644 728/1148/650 719/1139/641
f 863/1149/651 797/1150/652 798/1151/653
f 723/1152/654 725/1041/551 722/1153/655
f 724/1154/656 726/1144/646 723/1152/654
f 552/1155/657 569/1118/626 489/1117/625
f 551/1156/658 722/1153/655 552/1155/657
f 550/1157/659 723/1152/654 551/1156/658
f 493/1095/603 724/1154/656 550/1157/659
f 591/1094/602 727/1145/647 724/1154/656
f 722/1153/655 570/1043/553 569/1118/626
f 729/1147/649 731/1158/660 728/1148/650
f 730/1146/648 732/1159/661 729/1147/649
f 593/1088/596 733/1160/662 730/1146/648
f 592/1087/595 584/1161/663 733/1160/662
f 733/1160/662 583/1162/664 732/1159/661
f 732/1159/661 582/1163/665 731/1158/660
f 731/1158/660 490/1164/666 561/1060/569
f 728/1148/650 561/1060/569 560/1058/567
f 850/1165/667 849/1166/668 848/1167/669
f 852/1168/670 1011/1169/671 1009/1170/672
f 895/1171/673 848/1167/669 893/1172/674
f 848/1167/669 772/1173/675 771/1174/676
f 849/1166/668 740/1175/677 772/1173/675
f 851/1176/678 761/1177/679 849/1166/668
f 1010/1178/680 994/1179/681 992/1180/682
f 1012/1181/683 985/1182/684 994/1179/681
f 780/1183/685 1005/1184/686 897/1185/687
f 905/1186/688 775/1187/689 774/1188/690
f 672/1052/561 1034/1189/691 1045/1032/544
f 1006/1190/692 851/1176/678 850/1165/667
f 883/1191/693 1009/1170/672 881/1192/694
f 854/1193/695 853/1194/696 852/1168/670
f 917/1195/697 1015/1196/698 965/1197/699
f 881/1192/694 992/1180/682 780/1183/685
f 1029/1198/700 1031/1199/701 1040/902/423
f 506/1200/702 1039/1044/554 597/881/403
f 855/1201/703 756/1202/704 853/1194/696
f 764/1203/705 757/1204/706 855/1201/703
f 763/1205/707 855/1201/703 854/1193/695
f 887/1206/708 788/1207/709 787/1208/710
f 776/1209/711 854/1193/695 885/1210/712
f 885/1210/712 852/1168/670 883/1191/693
f 856/1211/713 859/1212/714 857/1213/715
f 858/1214/716 861/1215/717 859/1212/714
f 871/1216/718 856/1211/713 869/1217/719
f 856/1211/713 800/1218/720 801/1219/721
f 857/1213/715 741/1220/722 800/1218/720
f 857/1213/715 751/1221/723 750/1222/724
f 859/1212/714 752/1223/725 751/1221/723
f 861/1215/717 735/1224/726 752/1223/725
f 782/1225/727 861/1215/717 860/1226/728
f 860/1226/728 783/1227/729 782/1225/727
f 875/1228/730 779/1229/731 778/1230/732
f 873/1231/733 783/1227/729 860/1226/728
f 873/1231/733 858/1214/716 871/1216/718
f 864/1232/734 863/1149/651 862/1233/735
f 866/1234/736 865/1235/737 864/1232/734
f 795/1236/738 799/1237/739 742/1238/740
f 862/1233/735 798/1151/653 799/1237/739
f 865/1235/737 868/1239/741 863/1149/651
f 867/1240/742 870/1241/743 865/1235/737
f 768/1242/744 872/1243/745 867/1240/742
f 869/1217/719 801/1219/721 796/1244/746
f 867/1240/742 769/1245/747 768/1242/744
f 866/1234/736 769/1245/747 867/1240/742
f 734/1246/748 866/1234/736 793/1247/749
f 793/1247/749 864/1232/734 794/1248/750
f 794/1248/750 862/1233/735 795/1236/738
f 872/1243/745 871/1216/718 870/1241/743
f 868/1239/741 796/1244/746 797/1150/652
f 785/1249/751 873/1231/733 872/1243/745
f 882/1250/752 881/1192/694 880/1251/753
f 876/1252/754 875/1228/730 874/1253/755
f 878/1254/756 877/1255/757 876/1252/754
f 760/1256/758 777/1257/759 738/1258/760
f 874/1253/755 778/1230/732 777/1257/759
f 877/1255/757 880/1251/753 875/1228/730
f 879/1259/761 882/1250/752 877/1255/757
f 774/1188/690 884/1260/762 879/1259/761
f 993/1261/763 1007/1262/764 1005/1184/686
f 773/1263/765 879/1259/761 878/1254/756
f 736/1264/766 878/1254/756 758/1265/767
f 758/1265/767 876/1252/754 759/1266/768
f 759/1266/768 874/1253/755 760/1256/758
f 884/1260/762 883/1191/693 882/1250/752
f 880/1251/753 780/1183/685 779/1229/731
f 775/1187/689 885/1210/712 884/1260/762
f 894/1267/769 893/1172/674 892/1268/770
f 888/1269/771 887/1206/708 886/1270/772
f 890/1271/773 889/1272/774 888/1269/771
f 767/1273/775 786/1274/776 739/1275/777
f 886/1270/772 787/1208/710 786/1274/776
f 889/1272/774 892/1268/770 887/1206/708
f 891/1276/778 894/1267/769 889/1272/774
f 778/1230/732 896/1277/779 891/1276/778
f 893/1172/674 771/1174/676 789/1278/780
f 777/1257/759 891/1276/778 890/1271/773
f 738/1258/760 890/1271/773 765/1279/781
f 765/1279/781 888/1269/771 766/1280/782
f 766/1280/782 886/1270/772 767/1273/775
f 896/1277/779 895/1171/673 894/1267/769
f 892/1268/770 789/1278/780 788/1207/709
f 779/1229/731 897/1185/687 896/1277/779
f 900/1281/783 899/1282/784 898/1283/785
f 902/1284/786 901/1285/787 900/1281/783
f 898/1283/785 776/1209/711 775/1187/689
f 907/1286/788 898/1283/785 905/1186/688
f 797/1150/652 903/1287/789 902/1284/786
f 901/1285/787 910/1288/790 899/1282/784
f 903/1287/789 912/1289/791 901/1285/787
f 796/1244/746 914/1290/792 903/1287/789
f 843/1291/793 933/1292/794 844/1293/795
f 939/1294/796 937/1295/797 936/1296/798
f 899/1282/784 763/1205/707 776/1209/711
f 798/1151/653 902/1284/786 909/1297/799
f 909/1297/799 900/1281/783 907/1286/788
f 906/1298/800 905/1186/688 904/1299/801
f 908/1300/802 907/1286/788 906/1298/800
f 755/1301/803 773/1263/765 736/1264/766
f 904/1299/801 774/1188/690 773/1263/765
f 799/1237/739 909/1297/799 908/1300/802
f 742/1238/740 908/1300/802 753/1302/804
f 753/1302/804 906/1298/800 754/1303/805
f 754/1303/805 904/1299/801 755/1301/803
f 912/1289/791 911/1304/806 910/1288/790
f 914/1290/792 913/1305/807 912/1289/791
f 910/1288/790 764/1203/705 763/1205/707
f 911/1304/806 737/1306/808 764/1203/705
f 913/1305/807 790/1307/809 911/1304/806
f 915/1308/810 791/1309/811 913/1305/807
f 800/1218/720 792/1310/812 915/1308/810
f 801/1219/721 915/1308/810 914/1290/792
f 918/1311/813 917/1195/697 916/1312/814
f 1020/1313/815 920/1314/816 952/1315/817
f 916/1312/814 964/1316/818 963/1317/819
f 919/1318/820 1013/1319/821 917/1195/697
f 895/1171/673 1006/1190/692 850/1165/667
f 825/1320/822 975/1321/823 824/1322/824
f 1002/1323/825 1018/1324/826 951/1325/827
f 1027/1326/828 601/898/419 1042/871/394
f 1004/1327/829 1018/1324/826 1001/1328/830
f 813/1329/831 919/1318/820 918/1311/813
f 740/1175/677 918/1311/813 772/1173/675
f 772/1173/675 916/1312/814 771/1174/676
f 922/1330/832 921/1331/833 920/1314/816
f 1022/1332/834 920/1314/816 1019/1333/835
f 920/1314/816 953/1334/836 952/1315/817
f 921/1331/833 826/1335/837 953/1334/836
f 788/1207/709 957/1336/838 787/1208/710
f 923/1337/839 815/1338/840 921/1331/833
f 809/1339/841 816/1340/842 923/1337/839
f 808/1341/843 923/1337/839 922/1330/832
f 1044/896/417 559/1342/844 668/897/418
f 1017/1343/845 1000/1344/846 1014/1345/847
f 924/1346/848 928/1347/849 925/1348/850
f 925/1348/850 929/1349/851 926/1350/852
f 924/1346/848 940/1351/853 939/1294/796
f 925/1348/850 941/1352/854 940/1351/853
f 941/1352/854 833/1353/855 834/1354/856
f 829/1355/857 945/1356/858 828/1357/859
f 926/1350/852 832/1358/860 833/1353/855
f 929/1349/851 832/1358/860 926/1350/852
f 929/1349/851 744/1359/861 831/1360/862
f 928/1347/849 804/1361/863 929/1349/851
f 927/1362/864 803/1363/865 928/1347/849
f 748/1364/866 927/1362/864 846/1365/867
f 846/1365/867 924/1346/848 847/1366/868
f 933/1292/794 931/1367/869 930/1368/870
f 934/1369/871 932/1370/872 931/1367/869
f 845/1371/873 841/1372/874 749/1373/875
f 930/1368/870 840/1374/876 841/1372/874
f 931/1367/869 839/1375/877 840/1374/876
f 932/1370/872 743/1376/878 839/1375/877
f 932/1370/872 821/1377/879 822/1378/880
f 935/1379/881 820/1380/882 821/1377/879
f 847/1366/868 939/1294/796 842/1381/883
f 938/1382/884 820/1380/882 935/1379/881
f 937/1295/797 935/1379/881 934/1369/871
f 936/1296/798 934/1369/871 933/1292/794
f 844/1293/795 930/1368/870 845/1371/873
f 940/1351/853 938/1382/884 937/1295/797
f 941/1352/854 835/1383/885 938/1382/884
f 842/1381/883 936/1296/798 843/1291/793
f 951/1325/827 949/1384/886 948/1385/887
f 945/1356/858 943/1386/888 942/1387/889
f 946/1388/890 944/1389/891 943/1386/888
f 827/1390/892 812/1391/893 747/1392/894
f 942/1387/889 811/1393/895 812/1391/893
f 943/1386/888 810/1394/896 811/1393/895
f 944/1389/891 745/1395/897 810/1394/896
f 947/1396/898 823/1397/899 944/1389/891
f 1015/1196/698 1000/1344/846 830/1398/900
f 950/1399/901 824/1322/824 947/1396/898
f 949/1384/886 947/1396/898 946/1388/890
f 948/1385/887 946/1388/890 945/1356/858
f 828/1357/859 942/1387/889 827/1390/892
f 952/1315/817 950/1399/901 949/1384/886
f 953/1334/836 825/1320/822 950/1399/901
f 830/1398/900 948/1385/887 829/1355/857
f 963/1317/819 961/1400/902 960/1401/903
f 957/1336/838 955/1402/904 954/1403/905
f 958/1404/906 956/1405/907 955/1402/904
f 786/1274/776 819/1406/908 739/1275/777
f 954/1403/905 818/1407/909 819/1406/908
f 955/1402/904 817/1408/910 818/1407/909
f 956/1405/907 747/1392/894 817/1408/910
f 959/1409/911 827/1390/892 956/1405/907
f 771/1174/676 963/1317/819 789/1278/780
f 962/1410/912 828/1357/859 959/1409/911
f 961/1400/902 959/1409/911 958/1404/906
f 960/1401/903 958/1404/906 957/1336/838
f 787/1208/710 954/1403/905 786/1274/776
f 964/1316/818 962/1410/912 961/1400/902
f 965/1197/699 829/1355/857 962/1410/912
f 789/1278/780 960/1401/903 788/1207/709
f 969/1411/913 967/1412/914 966/1413/915
f 970/1414/916 968/1415/917 967/1412/914
f 971/1416/918 843/1291/793 968/1415/917
f 966/1413/915 976/1417/919 975/1321/823
f 967/1412/914 977/1418/920 976/1417/919
f 968/1415/917 844/1293/795 977/1418/920
f 815/1338/840 969/1411/913 826/1335/837
f 826/1335/837 966/1413/915 825/1320/822
f 870/1241/743 869/1217/719 868/1239/741
f 980/1419/921 842/1381/883 971/1416/918
f 979/1420/922 971/1416/918 970/1414/916
f 978/1421/923 970/1414/916 969/1411/913
f 3037/1422/924 783/1423/729 784/1424/925
f 975/1321/823 973/1425/926 972/1426/927
f 976/1417/919 974/1427/928 973/1425/926
f 823/1397/899 807/1428/929 745/1395/897
f 972/1426/927 806/1429/930 807/1428/929
f 973/1425/926 805/1430/931 806/1429/930
f 974/1427/928 749/1373/875 805/1430/931
f 977/1418/920 845/1371/873 974/1427/928
f 824/1322/824 972/1426/927 823/1397/899
f 981/1431/932 979/1420/922 978/1421/923
f 982/1432/933 980/1419/921 979/1420/922
f 983/1433/934 847/1366/868 980/1419/921
f 838/1434/935 846/1365/867 983/1433/934
f 837/1435/936 983/1433/934 982/1432/933
f 836/1436/937 982/1432/933 981/1431/932
f 746/1437/938 981/1431/932 816/1340/842
f 816/1340/842 978/1421/923 815/1338/840
f 3015/1438/939 741/1439/722 750/1440/724
f 3016/1441/940 750/1440/724 751/1442/723
f 3017/1443/941 751/1442/723 752/1444/725
f 3000/1445/942 752/1444/725 735/1446/726
f 3007/1447/943 753/1448/804 3018/1449/944
f 3018/1449/944 754/1450/805 3019/1451/945
f 3019/1451/945 755/1452/803 3020/1453/946
f 3001/1454/947 755/1452/803 736/1455/766
f 995/1456/948 991/1457/426 1007/1262/764
f 853/1194/696 989/1458/949 1011/1169/671
f 3021/1459/950 757/1460/706 3022/1461/951
f 3022/1461/951 737/1462/808 3002/1463/952
f 3023/1464/953 736/1455/766 758/1465/767
f 3024/1466/954 758/1465/767 759/1467/768
f 3025/1468/955 759/1467/768 760/1469/758
f 3003/1470/956 760/1469/758 738/1471/760
f 3026/1472/957 740/1473/677 761/1474/679
f 3027/1475/958 761/1474/679 762/1476/959
f 1008/1477/960 762/1478/959 851/1176/678
f 1038/1479/961 1036/1480/962 1043/1067/576
f 3003/1470/956 765/1481/781 3028/1482/963
f 3028/1482/963 766/1483/782 3029/1484/964
f 3029/1484/964 767/1485/775 3030/1486/965
f 3030/1486/965 739/1487/777 3004/1488/966
f 3067/1489/967 833/1490/855 3066/1491/968
f 3032/1492/969 768/1493/744 769/1494/747
f 3033/1495/970 769/1494/747 770/1496/971
f 3033/1495/970 734/1497/748 2999/1498/972
f 3034/1499/973 735/1500/726 781/1501/974
f 3035/1502/975 781/1501/974 782/1503/727
f 3036/1504/976 782/1503/727 783/1423/729
f 3031/1505/977 785/1506/751 768/1493/744
f 3068/1507/978 834/1508/856 3067/1489/967
f 3002/1463/952 790/1509/809 3039/1510/979
f 3040/1511/980 790/1509/809 791/1512/811
f 3041/1513/981 791/1512/811 792/1514/812
f 3006/1515/982 792/1514/812 741/1439/722
f 2999/1516/972 793/1517/749 3042/1518/983
f 3042/1518/983 794/1519/750 3043/1520/984
f 3043/1520/984 795/1521/738 3044/1522/985
f 3044/1522/985 742/1523/740 3007/1447/943
f 3045/1524/986 748/1525/866 3013/1526/987
f 3046/1527/988 802/1528/989 3045/1524/986
f 3047/1529/990 803/1530/865 3046/1527/988
f 3009/1531/991 804/1532/863 3047/1529/990
f 3014/1533/992 805/1534/931 749/1535/875
f 3048/1536/993 806/1537/930 805/1534/931
f 3049/1538/994 807/1539/929 806/1537/930
f 3010/1540/995 807/1539/929 3050/1541/996
f 986/1542/405 1021/1543/997 1004/1327/829
f 996/1544/408 922/1330/832 1022/1332/834
f 3051/885/407 809/1545/841 808/1546/843
f 3052/1547/998 746/1548/938 809/1545/841
f 3053/1549/999 745/1550/897 3010/1540/995
f 3054/1551/1000 810/1552/896 3053/1549/999
f 3055/1553/1001 811/1554/895 3054/1551/1000
f 3012/1555/1002 812/1556/893 3055/1553/1001
f 3056/1557/1003 740/1558/677 3005/1559/1004
f 3057/1560/1005 813/1561/831 3056/1557/1003
f 814/1562/1006 1016/1563/1007 919/1318/820
f 998/1564/574 1003/1565/1008 1017/1343/845
f 3012/1555/1002 817/1566/910 747/1567/894
f 3058/1568/1009 818/1569/909 817/1566/910
f 3059/1570/1010 819/1571/908 818/1569/909
f 3060/1572/1011 739/1573/777 819/1571/908
f 3038/1574/1012 784/1424/925 785/1506/751
f 3062/1575/1013 820/1576/882 3061/1577/1014
f 3063/1578/1015 821/1579/879 3062/1575/1013
f 3063/1578/1015 743/1580/878 822/1581/880
f 3064/1582/1016 744/1583/861 3009/1584/991
f 3065/1585/1017 831/1586/862 3064/1582/1016
f 3066/1491/968 832/1587/860 3065/1585/1017
f 3061/1577/1014 835/1588/885 3068/1507/978
f 3011/1589/1018 836/1590/937 746/1548/938
f 3070/1591/1019 836/1590/937 3069/1592/1020
f 3071/1593/1021 837/1594/936 3070/1591/1019
f 3013/1526/987 838/1595/935 3071/1593/1021
f 3008/1596/1022 839/1597/877 743/1598/878
f 3072/1599/1023 840/1600/876 839/1597/877
f 3073/1601/1024 841/1602/874 840/1600/876
f 3074/1603/1025 749/1535/875 841/1602/874
f 542/960/480 611/940/460 543/948/468
f 1023/1604/1026 1041/1605/1027 1032/1606/1028
f 3021/1459/950 989/1607/949 756/1608/704
f 3027/1475/958 990/1609/1029 3084/1610/1030
f 1032/1606/1028 599/873/396 509/903/424
f 992/1180/682 993/1261/763 780/1183/685
f 3057/1560/1005 999/1611/1031 814/1612/1006
f 669/1033/545 1037/1047/557 562/1066/575
f 1000/1344/846 1001/1328/830 1002/1323/825
f 1005/1184/686 1006/1190/692 897/1185/687
f 1009/1170/672 1010/1178/680 881/1192/694
f 1013/1319/821 1014/1345/847 1015/1196/698
f 1018/1324/826 1019/1333/835 1020/1313/815
f 992/1180/682 995/1456/948 993/1261/763
f 994/1179/681 984/1613/427 995/1456/948
f 1003/1565/1008 1001/1328/830 1000/1344/846
f 987/1614/573 1004/1327/829 1003/1565/1008
f 1005/1184/686 1008/1477/960 1006/1190/692
f 990/1615/1029 1007/1262/764 991/1457/426
f 1009/1170/672 1012/1181/683 1010/1178/680
f 988/1616/1032 1011/1169/671 989/1458/949
f 1016/1563/1007 1014/1345/847 1013/1319/821
f 1017/1343/845 999/1617/1031 998/1564/574
f 1021/1543/997 1019/1333/835 1018/1324/826
f 1022/1332/834 997/1618/1033 996/1544/408
f 3083/1619/1034 1028/1620/1035 3075/1621/1036
f 3081/1063/572 1035/1622/1037 1036/1623/962
f 3076/1624/1038 1024/1625/1039 3077/905/425
f 1031/1199/701 1032/1606/1028 509/903/424
f 3078/1626/1040 1030/1627/1041 3084/1610/1030
f 3080/882/404 1034/1628/691 3085/887/409
f 1037/1047/557 1038/1479/961 562/1066/575
f 1039/1044/554 1040/902/423 598/904/413
f 1041/1605/1027 1042/871/394 599/873/396
f 1043/1067/576 1044/896/417 666/1068/550
f 1045/1032/544 1046/1045/555 669/1033/545
f 1024/1629/1039 1032/1606/1028 1031/1199/701
f 1037/1047/557 1025/1630/1042 1038/1479/961
f 1040/902/423 1030/1631/1041 1029/1198/700
f 1042/871/394 1028/1632/1035 1027/1326/828
f 1035/1633/1037 1043/1067/576 1036/1480/962
f 1033/1634/1043 1045/1032/544 1034/1189/691
f 3076/1624/1038 988/1635/1032 3075/1621/1036
f 1057/1636/1044 1623/1637/1045 1248/1638/1046
f 1239/1639/1047 1341/1640/1048 1623/1637/1045
f 1623/1637/1045 1145/1641/1049 1344/1642/1050
f 1248/1638/1046 1344/1642/1050 1098/1643/1051
f 1094/1644/1052 1624/1645/1053 1341/1640/1048
f 1240/1646/1054 1249/1647/1055 1624/1645/1053
f 1624/1645/1053 1099/1648/1056 1342/1649/1057
f 1341/1640/1048 1342/1649/1057 1145/1641/1049
f 1145/1641/1049 1625/1650/1058 1343/1651/1059
f 1342/1649/1057 1250/1652/1060 1625/1650/1058
f 1625/1650/1058 1055/1653/1061 1235/1654/1062
f 1343/1651/1059 1235/1654/1062 1092/1655/1063
f 1098/1643/1051 1626/1656/1064 1247/1657/1065
f 1344/1642/1050 1343/1651/1059 1626/1656/1064
f 1626/1656/1064 1092/1655/1063 1236/1658/1066
f 1247/1657/1065 1236/1658/1066 1054/1659/1067
f 1259/1660/1068 1226/1661/1069 1051/1662/1070
f 1104/1663/1071 1627/1664/1072 1259/1660/1068
f 1345/1665/1073 1348/1666/1074 1627/1664/1072
f 1627/1664/1072 1087/1667/1075 1226/1661/1069
f 1104/1663/1071 1628/1668/1076 1345/1665/1073
f 1260/1669/1077 1256/1670/1078 1628/1668/1076
f 1628/1668/1076 1102/1671/1079 1346/1672/1080
f 1345/1665/1073 1346/1672/1080 1146/1673/1081
f 1146/1673/1081 1629/1674/1082 1347/1675/1083
f 1346/1672/1080 1255/1676/1084 1629/1674/1082
f 1629/1674/1082 1584/1677/1085 1699/1678/1086
f 1347/1675/1083 1699/1678/1086 1562/1679/1087
f 1348/1666/1074 1225/1680/1088 1087/1667/1075
f 1146/1673/1081 1630/1681/1089 1348/1666/1074
f 1630/1681/1089 1562/1679/1087 1825/1682/1090
f 1630/1681/1089 1561/1683/1091 1225/1680/1088
f 1062/1684/1092 1631/1685/1093 1264/1686/1094
f 1267/1687/1095 1349/1688/1096 1631/1685/1093
f 1631/1685/1093 1147/1689/1097 1352/1690/1098
f 1264/1686/1094 1352/1690/1098 1106/1691/1099
f 1108/1692/1100 1632/1693/1101 1349/1688/1096
f 1268/1694/1102 1243/1695/1103 1632/1693/1101
f 1632/1693/1101 1096/1696/1104 1350/1697/1105
f 1349/1688/1096 1350/1697/1105 1147/1689/1097
f 1147/1689/1097 1633/1698/1106 1351/1699/1107
f 1350/1697/1105 1244/1700/1108 1633/1698/1106
f 1633/1698/1106 1056/1701/1109 1246/1702/1110
f 1351/1699/1107 1246/1702/1110 1097/1703/1111
f 1106/1691/1099 1634/1704/1112 1263/1705/1113
f 1352/1690/1098 1351/1699/1107 1634/1704/1112
f 1634/1704/1112 1097/1703/1111 1245/1706/1114
f 1263/1705/1113 1245/1706/1114 1053/1707/1115
f 1271/1708/1116 1446/1709/1117 1167/1710/1118
f 1110/1711/1119 1635/1712/1120 1271/1708/1116
f 1353/1713/1121 1356/1714/1122 1635/1712/1120
f 1635/1712/1120 1172/1715/1123 1446/1709/1117
f 1272/1716/1124 1353/1713/1121 1110/1711/1119
f 1057/1636/1044 1636/1717/1125 1272/1716/1124
f 1248/1638/1046 1354/1718/1126 1636/1717/1125
f 1636/1717/1125 1148/1719/1127 1353/1713/1121
f 1354/1718/1126 1355/1720/1128 1148/1719/1127
f 1098/1643/1051 1637/1721/1129 1354/1718/1126
f 1637/1721/1129 1054/1659/1067 1269/1722/1130
f 1637/1721/1129 1109/1723/1131 1355/1720/1128
f 1356/1714/1122 1445/1724/1132 1172/1715/1123
f 1148/1719/1127 1638/1725/1133 1356/1714/1122
f 1355/1720/1128 1429/1726/1134 1638/1725/1133
f 1638/1725/1133 1166/1727/1135 1445/1724/1132
f 1563/1728/1136 1639/1729/1137 1234/1730/1138
f 1719/1731/1139 1357/1732/1140 1639/1729/1137
f 1639/1729/1137 1149/1733/1141 1360/1734/1142
f 1234/1730/1138 1360/1734/1142 1091/1735/1143
f 1564/1736/1144 1640/1737/1145 1357/1732/1140
f 1717/1738/1146 1255/1676/1084 1640/1737/1145
f 1640/1737/1145 1102/1671/1079 1358/1739/1147
f 1357/1732/1140 1358/1739/1147 1149/1733/1141
f 1149/1733/1141 1641/1740/1148 1359/1741/1149
f 1358/1739/1147 1256/1670/1078 1641/1740/1148
f 1641/1740/1148 1060/1742/1150 1258/1743/1151
f 1359/1741/1149 1258/1743/1151 1103/1744/1152
f 1091/1735/1143 1642/1745/1153 1233/1746/1154
f 1360/1734/1142 1359/1741/1149 1642/1745/1153
f 1642/1745/1153 1103/1744/1152 1257/1747/1155
f 1233/1746/1154 1257/1747/1155 1059/1748/1156
f 1052/1749/1157 1643/1750/1158 1224/1751/1159
f 1265/1752/1160 1361/1753/1161 1643/1750/1158
f 1643/1750/1158 1150/1754/1162 1364/1755/1163
f 1643/1750/1158 1086/1756/1164 1224/1751/1159
f 1107/1757/1165 1644/1758/1166 1361/1753/1161
f 1266/1759/1167 1262/1760/1168 1644/1758/1166
f 1644/1758/1166 1105/1761/1169 1362/1762/1170
f 1361/1753/1161 1362/1762/1170 1150/1754/1162
f 1150/1754/1162 1645/1763/1171 1363/1764/1172
f 1362/1762/1170 1261/1765/1173 1645/1763/1171
f 1645/1763/1171 1060/1742/1150 1260/1669/1077
f 1363/1764/1172 1260/1669/1077 1104/1663/1071
f 1364/1755/1163 1223/1766/1174 1086/1756/1164
f 1150/1754/1162 1646/1767/1175 1364/1755/1163
f 1363/1764/1172 1259/1660/1068 1646/1767/1175
f 1646/1767/1175 1051/1662/1070 1223/1766/1174
f 1049/1768/1176 1647/1769/1177 1228/1770/1178
f 1241/1771/1179 1365/1772/1180 1647/1769/1177
f 1647/1769/1177 1151/1773/1181 1368/1774/1182
f 1228/1770/1178 1368/1774/1182 1088/1775/1183
f 1095/1776/1184 1648/1777/1185 1365/1772/1180
f 1242/1778/1186 1244/1700/1108 1648/1777/1185
f 1648/1777/1185 1096/1696/1104 1366/1779/1187
f 1365/1772/1180 1366/1779/1187 1151/1773/1181
f 1151/1773/1181 1649/1780/1188 1367/1781/1189
f 1366/1779/1187 1243/1695/1103 1649/1780/1188
f 1649/1780/1188 1061/1782/1190 1266/1759/1167
f 1367/1781/1189 1266/1759/1167 1107/1757/1165
f 1088/1775/1183 1650/1783/1191 1227/1784/1192
f 1368/1774/1182 1367/1781/1189 1650/1783/1191
f 1650/1783/1191 1107/1757/1165 1265/1752/1160
f 1227/1784/1192 1265/1752/1160 1052/1749/1157
f 1059/1748/1156 1651/1785/1193 1254/1786/1194
f 1257/1747/1155 1369/1787/1195 1651/1785/1193
f 1651/1785/1193 1152/1788/1196 1372/1789/1197
f 1254/1786/1194 1372/1789/1197 1101/1790/1198
f 1103/1744/1152 1652/1791/1199 1369/1787/1195
f 1258/1743/1151 1261/1765/1173 1652/1791/1199
f 1652/1791/1199 1105/1761/1169 1370/1792/1200
f 1369/1787/1195 1370/1792/1200 1152/1788/1196
f 1152/1788/1196 1653/1793/1201 1371/1794/1202
f 1370/1792/1200 1262/1760/1168 1653/1793/1201
f 1653/1793/1201 1061/1782/1190 1268/1694/1102
f 1371/1794/1202 1268/1694/1102 1108/1692/1100
f 1101/1790/1198 1654/1795/1203 1253/1796/1204
f 1372/1789/1197 1371/1794/1202 1654/1795/1203
f 1654/1795/1203 1108/1692/1100 1267/1687/1095
f 1253/1796/1204 1267/1687/1095 1062/1684/1092
f 1668/1797/1205 1656/1798/1206 1655/1799/1207
f 1667/1800/1208 1276/1801/1209 1656/1802/1206
f 1656/1802/1206 1276/1801/1209 1112/1803/1210
f 1656/1802/1206 1275/1804/1211 1657/1805/1212
f 1657/1805/1212 1065/1806/1213 1278/1807/1214
f 1657/1808/1212 1278/1809/1214 1113/1810/1215
f 1655/1799/1207 1657/1811/1212 1658/1812/1216
f 1658/1813/1216 1113/1810/1215 1277/1814/1217
f 1658/1813/1216 1277/1814/1217 1066/1815/1218
f 1218/1816/1219 1373/1817/1220 1660/1818/1221
f 1767/1819/1222 1696/1820/1223 1659/1821/1224
f 1085/1822/1225 1659/1821/1224 1373/1823/1220
f 1659/1821/1224 1718/1824/1226 1674/1825/1227
f 1373/1823/1220 1674/1825/1227 1375/1826/1228
f 1660/1818/1221 1375/1827/1228 1673/1828/1229
f 1068/1829/1230 1661/1830/1231 1680/1831/1232
f 1284/1832/1233 1116/1833/1234 1661/1830/1231
f 1283/1834/1235 1661/1830/1231 1116/1833/1234
f 1283/1834/1235 1063/1835/1236 1662/1836/1237
f 1662/1837/1237 1664/1838/1238 1661/1839/1231
f 1680/1840/1232 1664/1838/1238 1681/1841/1239
f 1849/1842/1240 1666/1843/1241 1665/1844/1242
f 1848/1845/1243 1431/1846/1244 1666/1847/1241
f 1666/1847/1241 1431/1846/1244 1117/1848/1245
f 1666/1847/1241 1285/1849/1246 1667/1800/1208
f 1667/1800/1208 1285/1849/1246 1064/1850/1247
f 1665/1844/1242 1667/1851/1208 1668/1797/1205
f 1655/1799/1207 1684/1852/1248 1668/1797/1205
f 1658/1812/1216 1669/1853/1249 1655/1799/1207
f 1066/1815/1218 1670/1854/1250 1658/1813/1216
f 1670/1854/1250 1280/1855/1251 1114/1856/1252
f 1670/1857/1250 1216/1858/1253 1669/1853/1249
f 1670/1854/1250 1279/1859/1254 1217/1860/1255
f 1217/1860/1255 1279/1859/1254 1047/1861/1256
f 1669/1853/1249 1222/1862/1257 1684/1852/1248
f 1566/1863/1258 1671/1864/1259 1688/1865/1260
f 1274/1866/1261 1374/1867/1262 1671/1864/1259
f 1111/1868/1263 1672/1869/1264 1374/1867/1262
f 1273/1870/1265 1067/1871/1266 1672/1869/1264
f 1374/1872/1262 1673/1828/1229 1375/1827/1228
f 1688/1873/1260 1674/1825/1227 1718/1824/1226
f 1671/1874/1259 1375/1826/1228 1674/1825/1227
f 1220/1875/1267 1675/1876/1268 1676/1877/1269
f 1219/1878/1270 1660/1818/1221 1675/1876/1268
f 1675/1876/1268 1673/1828/1229 1682/1879/1271
f 1676/1877/1269 1682/1879/1271 1681/1841/1239
f 1214/1880/1272 1678/1881/1273 1215/1882/1274
f 1214/1880/1272 1676/1877/1269 1677/1883/1275
f 1677/1883/1275 1681/1841/1239 1664/1838/1238
f 1677/1883/1275 1663/1884/1276 1678/1881/1273
f 1067/1871/1266 1679/1885/1277 1672/1869/1264
f 1282/1886/1278 1115/1887/1279 1679/1885/1277
f 1115/1887/1279 1680/1831/1232 1679/1885/1277
f 1281/1888/1280 1068/1829/1230 1680/1831/1232
f 1679/1889/1277 1681/1841/1239 1682/1879/1271
f 1672/1890/1264 1682/1879/1271 1673/1828/1229
f 1665/1844/1242 1847/1891/1281 1849/1842/1240
f 1668/1797/1205 1683/1892/1282 1665/1844/1242
f 1684/1852/1248 1221/1893/1283 1683/1892/1282
f 1683/1892/1282 1427/1894/1284 1847/1891/1281
f 1447/1895/1285 1685/1896/1286 1589/1897/1287
f 1115/1887/1279 1685/1896/1286 1590/1898/1288
f 1282/1886/1278 1589/1897/1287 1685/1896/1286
f 1716/1899/1289 1485/1900/1290 1570/1901/1291
f 1059/1748/1156 1686/1902/1292 1233/1746/1154
f 1693/1903/1293 1452/1904/1294 1563/1728/1136
f 1853/1905/1295 1588/1906/1296 1450/1907/1297
f 1233/1746/1154 1565/1908/1298 1091/1735/1143
f 1166/1727/1135 1687/1909/1299 1270/1910/1300
f 1496/1911/1301 1709/1912/1302 1924/1913/1303
f 1923/1914/1304 1568/1915/1305 1494/1916/1306
f 1270/1910/1300 1569/1917/1307 1053/1707/1115
f 1861/1918/1308 1564/1736/1144 1719/1731/1139
f 1867/1919/1309 1582/1920/1310 1455/1921/1311
f 1113/1810/1215 1689/1922/1312 1583/1923/1313
f 1689/1924/1312 1065/1806/1213 1582/1920/1310
f 1868/1925/1314 1556/1926/1315 1808/1927/1316
f 1055/1653/1061 1690/1928/1317 1235/1654/1062
f 1858/1929/1318 1574/1930/1319 1713/1931/1320
f 1857/1932/1321 1581/1933/1322 1458/1934/1323
f 1690/1928/1317 1092/1655/1063 1235/1654/1062
f 1099/1648/1056 1691/1935/1324 1250/1652/1060
f 1468/1936/1325 1689/1922/1312 1867/1937/1309
f 1866/1938/1326 1580/1939/1327 1471/1940/1328
f 1691/1935/1324 1055/1653/1061 1250/1652/1060
f 1880/1941/1329 1578/1942/1330 1491/1943/1331
f 1577/1944/1332 1285/1849/1246 1692/1945/1333
f 1692/1945/1333 1117/1848/1245 1578/1942/1330
f 1493/1946/1334 1715/1947/1335 1881/1948/1336
f 1091/1735/1143 1693/1903/1293 1234/1730/1138
f 1855/1949/1337 1567/1950/1338 1694/1951/1339
f 1854/1952/1340 1565/1908/1298 1451/1953/1341
f 1234/1730/1138 1693/1903/1293 1563/1728/1136
f 1454/1954/1342 1694/1951/1339 1566/1863/1258
f 1111/1868/1263 1694/1951/1339 1567/1950/1338
f 1694/1951/1339 1274/1866/1261 1566/1863/1258
f 1700/1955/1343 1455/1921/1311 1582/1920/1310
f 1100/1956/1344 1695/1957/1345 1252/1958/1346
f 1871/1959/1347 1557/1960/1348 1697/1961/1349
f 1870/1962/1350 1558/1963/1351 1477/1964/1352
f 1252/1958/1346 1585/1965/1353 1058/1966/1354
f 1885/1967/1355 1562/1679/1087 1699/1678/1086
f 1871/1959/1347 1586/1968/1356 1467/1969/1357
f 1114/1856/1252 1697/1961/1349 1557/1960/1348
f 1280/1855/1251 1586/1968/1356 1697/1961/1349
f 1872/1970/1358 1592/1971/1359 1712/1972/1360
f 1058/1966/1354 1698/1973/1361 1249/1647/1055
f 1691/1935/1324 1458/1934/1323 1581/1933/1322
f 1865/1974/1362 1585/1965/1353 1470/1975/1363
f 1249/1647/1055 1580/1939/1327 1099/1648/1056
f 1825/1682/1090 1499/1976/1364 1561/1683/1091
f 1465/1977/1365 1699/1678/1086 1584/1677/1085
f 1856/1978/1366 1579/1979/1367 1456/1980/1368
f 1582/1920/1310 1275/1804/1211 1700/1955/1343
f 1700/1955/1343 1112/1803/1210 1579/1979/1367
f 1459/1981/1369 1690/1928/1317 1857/1932/1321
f 1792/1982/1370 1508/1983/1371 1620/1984/1372
f 1906/1985/1373 1556/1926/1315 1473/1986/1374
f 1559/1987/1375 1333/1988/1376 1701/1989/1377
f 1701/1989/1377 1047/1861/1256 1556/1926/1315
f 1050/1990/1378 1702/1991/1379 1251/1992/1380
f 1695/1957/1345 1470/1975/1363 1585/1965/1353
f 1476/1993/1381 1702/1991/1379 1554/1994/1382
f 1702/1991/1379 1100/1956/1344 1251/1992/1380
f 1101/1790/1198 1703/1995/1383 1254/1786/1194
f 1875/1996/1384 1590/1898/1288 1685/1896/1286
f 1874/1997/1385 1587/1998/1386 1483/1999/1387
f 1254/1786/1194 1588/1906/1296 1059/1748/1156
f 1468/1936/1325 1704/2000/1388 1583/1923/1313
f 1066/1815/1218 1704/2000/1388 1586/1968/1356
f 1277/1814/1217 1583/1923/1313 1704/2000/1388
f 1865/1974/1362 1580/1939/1327 1698/1973/1361
f 1479/2001/1389 1705/2002/1390 1592/1971/1359
f 1571/2003/1391 1284/1832/1233 1705/2002/1390
f 1284/1832/1233 1592/1971/1359 1705/2002/1390
f 1692/1945/1333 1462/2004/1392 1577/1944/1332
f 1062/1684/1092 1706/2005/1393 1253/1796/1204
f 1703/1995/1383 1450/1907/1297 1588/1906/1296
f 1873/2006/1394 1591/2007/1395 1482/2008/1396
f 1253/1796/1204 1587/1998/1386 1101/1790/1198
f 1106/1691/1099 1707/2009/1397 1264/1686/1094
f 1486/2010/1398 1705/2002/1390 1879/2011/1399
f 1878/2012/1400 1572/2013/1401 1489/2014/1402
f 1264/1686/1094 1591/2007/1395 1062/1684/1092
f 1448/2015/1403 1708/2016/1404 1567/1950/1338
f 1067/1871/1266 1708/2016/1404 1589/1897/1287
f 1273/1870/1265 1567/1950/1338 1708/2016/1404
f 1451/1953/1341 1686/1902/1292 1853/1905/1295
f 1924/1913/1303 1570/1901/1291 1485/1900/1290
f 1573/2017/1405 1286/2018/1406 1709/1912/1302
f 1709/1912/1302 1063/1835/1236 1570/1901/1291
f 1925/2019/1407 1602/2020/1408 1816/2021/1409
f 1053/1707/1115 1710/2022/1410 1263/1705/1113
f 1707/2009/1397 1482/2008/1396 1591/2007/1395
f 1877/2023/1411 1569/1917/1307 1488/2024/1412
f 1263/1705/1113 1572/2013/1401 1106/1691/1099
f 1897/2025/1413 1594/2026/1414 1519/2027/1415
f 1480/2028/1416 1712/1972/1360 1590/1898/1288
f 1068/1829/1230 1712/1972/1360 1592/1971/1359
f 1281/1888/1280 1590/1898/1288 1712/1972/1360
f 1483/1999/1387 1706/2005/1393 1873/2006/1394
f 1576/2029/1417 1236/1658/1066 1092/1655/1063
f 1456/1980/1368 1714/2030/1418 1859/2031/1419
f 1858/1929/1318 1576/2029/1417 1459/1981/1369
f 1713/1931/1320 1054/1659/1067 1236/1658/1066
f 1859/2031/1419 1577/1944/1332 1462/2004/1392
f 1579/1979/1367 1276/1801/1209 1714/2030/1418
f 1714/2030/1418 1064/1850/1247 1577/1944/1332
f 1688/1865/1260 1454/1954/1342 1566/1863/1258
f 1574/1930/1319 1269/1722/1130 1054/1659/1067
f 1846/2032/1420 1494/1916/1306 1568/1915/1305
f 1881/1948/1336 1574/1930/1319 1460/2033/1421
f 1269/1722/1130 1575/2034/1422 1109/1723/1131
f 1876/2035/1423 1571/2003/1391 1486/2010/1398
f 1570/1901/1291 1283/1834/1235 1716/1899/1289
f 1716/1899/1289 1116/1833/1234 1571/2003/1391
f 1489/2014/1402 1710/2022/1410 1877/2023/1411
f 1860/2036/1424 1718/1824/1226 1863/2037/1425
f 1464/2038/1426 1717/1738/1146 1564/1736/1144
f 1864/2039/1427 1586/1968/1356 1704/2000/1388
f 1862/2040/1428 1584/1677/1085 1717/1738/1146
f 1452/1904/1294 1719/1731/1139 1563/1728/1136
f 1920/2041/1429 1560/2042/1430 1811/2043/1431
f 1922/2044/1432 1720/2045/1433 1801/2046/1434
f 1057/1636/1044 1721/2047/1435 1239/1639/1047
f 1238/2048/1436 1376/2049/1437 1721/2047/1435
f 1376/2049/1437 1379/2050/1438 1721/2047/1435
f 1721/2047/1435 1094/1644/1052 1239/1639/1047
f 1093/2051/1439 1722/2052/1440 1376/2049/1437
f 1237/2053/1441 1230/2054/1442 1722/2052/1440
f 1230/2054/1442 1377/2055/1443 1722/2052/1440
f 1376/2049/1437 1377/2055/1443 1153/2056/1444
f 1377/2055/1443 1378/2057/1445 1153/2056/1444
f 1089/2058/1446 1723/2059/1447 1377/2055/1443
f 1229/2060/1448 1251/1992/1380 1723/2059/1447
f 1378/2057/1445 1251/1992/1380 1100/1956/1344
f 1379/2050/1438 1240/1646/1054 1094/1644/1052
f 1153/2056/1444 1724/2061/1449 1379/2050/1438
f 1378/2057/1445 1252/1958/1346 1724/2061/1449
f 1724/2061/1449 1058/1966/1354 1240/1646/1054
f 1444/2062/1450 1271/1708/1116 1167/1710/1118
f 1173/2063/1451 1725/2064/1452 1444/2062/1450
f 1380/2065/1453 1383/2066/1454 1725/2064/1452
f 1271/1708/1116 1383/2066/1454 1110/1711/1119
f 1173/2063/1451 1726/2067/1455 1380/2065/1453
f 1443/2068/1456 1428/2069/1457 1726/2067/1455
f 1726/2067/1455 1090/2070/1458 1381/2071/1459
f 1380/2065/1453 1381/2071/1459 1154/2072/1460
f 1154/2072/1460 1727/2073/1461 1382/2074/1462
f 1090/2070/1458 1727/2073/1461 1381/2071/1459
f 1727/2073/1461 1048/2075/1463 1237/2053/1441
f 1382/2074/1462 1237/2053/1441 1093/2051/1439
f 1110/1711/1119 1728/2076/1464 1272/1716/1124
f 1383/2066/1454 1382/2074/1462 1728/2076/1464
f 1728/2076/1464 1093/2051/1439 1238/2048/1436
f 1272/1716/1124 1238/2048/1436 1057/1636/1044
f 1073/2077/1465 1729/2078/1466 1293/2079/1467
f 1302/2080/1468 1384/2081/1469 1729/2078/1466
f 1729/2078/1466 1155/2082/1470 1387/2083/1471
f 1293/2079/1467 1387/2083/1471 1121/2084/1472
f 1125/2085/1473 1730/2086/1474 1384/2081/1469
f 1301/2087/1475 1290/2088/1476 1730/2086/1474
f 1730/2086/1474 1119/2089/1477 1385/2090/1478
f 1384/2081/1469 1385/2090/1478 1155/2082/1470
f 1155/2082/1470 1731/2091/1479 1386/2092/1480
f 1385/2090/1478 1289/2093/1481 1731/2091/1479
f 1731/2091/1479 1071/2094/1482 1304/2095/1483
f 1386/2092/1480 1304/2095/1483 1126/2096/1484
f 1121/2084/1472 1732/2097/1485 1294/2098/1486
f 1387/2083/1471 1386/2092/1480 1732/2097/1485
f 1732/2097/1485 1126/2096/1484 1303/2099/1487
f 1294/2098/1486 1303/2099/1487 1074/2100/1488
f 1051/1662/1070 1733/2101/1489 1313/2102/1490
f 1087/1667/1075 1733/2101/1489 1226/1661/1069
f 1388/2103/1491 1391/2104/1492 1733/2101/1489
f 1733/2101/1489 1131/2105/1493 1313/2102/1490
f 1225/1680/1088 1388/2103/1491 1087/1667/1075
f 1561/1683/1091 1734/2106/1494 1225/1680/1088
f 1734/2106/1494 1560/2042/1430 1389/2107/1495
f 1734/2106/1494 1156/2108/1496 1388/2103/1491
f 1156/2108/1496 1735/2109/1497 1390/2110/1498
f 1389/2107/1495 1799/2111/1499 1735/2109/1497
f 1735/2109/1497 1614/2112/1500 1309/2113/1501
f 1390/2110/1498 1309/2113/1501 1129/2114/1502
f 1131/2105/1493 1736/2115/1503 1314/2116/1504
f 1391/2104/1492 1390/2110/1498 1736/2115/1503
f 1736/2115/1503 1129/2114/1502 1310/2117/1505
f 1314/2116/1504 1310/2117/1505 1076/2118/1506
f 1078/2119/1507 1737/2120/1508 1321/2121/1509
f 1318/2122/1510 1392/2123/1511 1737/2120/1508
f 1737/2120/1508 1157/2124/1512 1395/2125/1513
f 1321/2121/1509 1395/2125/1513 1135/2126/1514
f 1133/2127/1515 1738/2128/1516 1392/2123/1511
f 1317/2129/1517 1299/2130/1518 1738/2128/1516
f 1738/2128/1516 1124/2131/1519 1393/2132/1520
f 1392/2123/1511 1393/2132/1520 1157/2124/1512
f 1157/2124/1512 1739/2133/1521 1394/2134/1522
f 1393/2132/1520 1300/2135/1523 1739/2133/1521
f 1739/2133/1521 1072/2136/1524 1298/2137/1525
f 1394/2134/1522 1298/2137/1525 1123/2138/1526
f 1135/2126/1514 1740/2139/1527 1322/2140/1528
f 1395/2125/1513 1394/2134/1522 1740/2139/1527
f 1740/2139/1527 1123/2138/1526 1297/2141/1529
f 1322/2140/1528 1297/2141/1529 1077/2142/1530
f 1442/2143/1531 1325/2144/1532 1170/2145/1533
f 1174/2146/1534 1741/2147/1535 1442/2143/1531
f 1396/2148/1536 1399/2149/1537 1741/2147/1535
f 1741/2147/1535 1137/2150/1538 1325/2144/1532
f 1441/2151/1539 1396/2148/1536 1174/2146/1534
f 1441/2151/1539 1432/2152/1540 1742/2153/1541
f 1432/2152/1540 1397/2154/1542 1742/2153/1541
f 1742/2153/1541 1158/2155/1543 1396/2148/1536
f 1397/2154/1542 1398/2156/1544 1158/2155/1543
f 1136/2157/1545 1743/2158/1546 1397/2154/1542
f 1743/2158/1546 1070/2159/1547 1301/2087/1475
f 1743/2158/1546 1125/2085/1473 1398/2156/1544
f 1399/2149/1537 1326/2160/1548 1137/2150/1538
f 1158/2155/1543 1744/2161/1549 1399/2149/1537
f 1398/2156/1544 1302/2080/1468 1744/2161/1549
f 1744/2161/1549 1073/2077/1465 1326/2160/1548
f 1593/2162/1550 1745/2163/1551 1711/2164/1552
f 1288/2165/1553 1400/2166/1554 1745/2163/1551
f 1745/2163/1551 1159/2167/1555 1403/2168/1556
f 1711/2164/1552 1403/2168/1556 1594/2026/1414
f 1118/2169/1557 1746/2170/1558 1400/2166/1554
f 1287/2171/1559 1311/2172/1560 1746/2170/1558
f 1746/2170/1558 1130/2173/1561 1401/2174/1562
f 1400/2166/1554 1401/2174/1562 1159/2167/1555
f 1159/2167/1555 1747/2175/1563 1402/2176/1564
f 1401/2174/1562 1312/2177/1565 1747/2175/1563
f 1747/2175/1563 1076/2118/1506 1310/2117/1505
f 1402/2176/1564 1310/2117/1505 1129/2114/1502
f 1594/2026/1414 1748/2178/1566 1802/2179/1567
f 1403/2168/1556 1402/2176/1564 1748/2178/1566
f 1748/2178/1566 1129/2114/1502 1309/2113/1501
f 1802/2179/1567 1309/2113/1501 1614/2112/1500
f 1052/1749/1157 1749/2180/1568 1319/2181/1569
f 1086/1756/1164 1749/2180/1568 1224/1751/1159
f 1404/2182/1570 1407/2183/1571 1749/2180/1568
f 1319/2181/1569 1407/2183/1571 1134/2184/1572
f 1223/1766/1174 1404/2182/1570 1086/1756/1164
f 1051/1662/1070 1750/2185/1573 1223/1766/1174
f 1313/2102/1490 1405/2186/1574 1750/2185/1573
f 1750/2185/1573 1160/2187/1575 1404/2182/1570
f 1160/2187/1575 1751/2188/1576 1406/2189/1577
f 1405/2186/1574 1314/2116/1504 1751/2188/1576
f 1751/2188/1576 1076/2118/1506 1315/2190/1578
f 1406/2189/1577 1315/2190/1578 1132/2191/1579
f 1134/2184/1572 1752/2192/1580 1320/2193/1581
f 1407/2183/1571 1406/2189/1577 1752/2192/1580
f 1752/2192/1580 1132/2191/1579 1316/2194/1582
f 1320/2193/1581 1316/2194/1582 1077/2142/1530
f 1049/1768/1176 1753/2195/1583 1295/2196/1584
f 1228/1770/1178 1408/2197/1585 1753/2195/1583
f 1753/2195/1583 1161/2198/1586 1411/2199/1587
f 1295/2196/1584 1411/2199/1587 1122/2200/1588
f 1088/1775/1183 1754/2201/1589 1408/2197/1585
f 1227/1784/1192 1319/2181/1569 1754/2201/1589
f 1754/2201/1589 1134/2184/1572 1409/2202/1590
f 1408/2197/1585 1409/2202/1590 1161/2198/1586
f 1161/2198/1586 1755/2203/1591 1410/2204/1592
f 1409/2202/1590 1320/2193/1581 1755/2203/1591
f 1755/2203/1591 1077/2142/1530 1297/2141/1529
f 1410/2204/1592 1297/2141/1529 1123/2138/1526
f 1122/2200/1588 1756/2205/1593 1296/2206/1594
f 1411/2199/1587 1410/2204/1592 1756/2205/1593
f 1756/2205/1593 1123/2138/1526 1298/2137/1525
f 1296/2206/1594 1298/2137/1525 1072/2136/1524
f 1075/2207/1595 1757/2208/1596 1311/2172/1560
f 1308/2209/1597 1412/2210/1598 1757/2208/1596
f 1757/2208/1596 1162/2211/1599 1415/2212/1600
f 1311/2172/1560 1415/2212/1600 1130/2173/1561
f 1128/2213/1601 1758/2214/1602 1412/2210/1598
f 1307/2215/1603 1321/2121/1509 1758/2214/1602
f 1758/2214/1602 1135/2126/1514 1413/2216/1604
f 1412/2210/1598 1413/2216/1604 1162/2211/1599
f 1162/2211/1599 1759/2217/1605 1414/2218/1606
f 1413/2216/1604 1322/2140/1528 1759/2217/1605
f 1759/2217/1605 1077/2142/1530 1316/2194/1582
f 1414/2218/1606 1316/2194/1582 1132/2191/1579
f 1130/2173/1561 1760/2219/1607 1312/2177/1565
f 1415/2212/1600 1414/2218/1606 1760/2219/1607
f 1760/2219/1607 1132/2191/1579 1315/2190/1578
f 1312/2177/1565 1315/2190/1578 1076/2118/1506
f 1773/2220/1608 1764/2221/1609 1774/2222/1610
f 1762/2223/1611 1082/2224/1612 1331/2225/1613
f 1762/2223/1611 1140/2226/1614 1763/2227/1615
f 1761/2228/1616 1763/2229/1615 1764/2221/1609
f 1763/2227/1615 1140/2226/1614 1332/2230/1617
f 1763/2231/1615 1081/2232/1618 1329/2233/1619
f 1764/2234/1609 1329/2233/1619 1139/2235/1620
f 1764/2234/1609 1139/2235/1620 1330/2236/1621
f 1774/2237/1610 1330/2236/1621 1080/2238/1622
f 1218/1816/1219 1416/2239/1623 1085/2240/1225
f 1765/2241/1624 1417/2242/1625 1416/2239/1623
f 1416/2243/1623 1779/2244/1626 1766/2245/1627
f 1766/2245/1627 1824/2246/1628 1801/2046/1434
f 1085/1822/1225 1766/2245/1627 1767/1819/1222
f 1767/1819/1222 1801/2046/1434 1720/2045/1433
f 1084/2247/1629 1768/2248/1630 1338/2249/1631
f 1338/2249/1631 1768/2248/1630 1143/2250/1632
f 1789/2251/1633 1769/2252/1634 1768/2253/1630
f 1769/2252/1634 1771/2254/1635 1768/2253/1630
f 1768/2248/1630 1337/2255/1636 1143/2250/1632
f 1337/2255/1636 1771/2256/1635 1079/2257/1637
f 1840/2258/1638 1775/2259/1639 1839/2260/1640
f 1772/2261/1641 1774/2222/1610 1775/2259/1639
f 1774/2237/1610 1080/2238/1622 1339/2262/1642
f 1775/2263/1639 1339/2262/1642 1144/2264/1643
f 1775/2263/1639 1144/2264/1643 1434/2265/1644
f 1839/2266/1640 1434/2265/1644 1171/2267/1645
f 1791/2268/1646 1761/2228/1616 1773/2220/1608
f 1222/1862/1257 1776/2269/1647 1791/2268/1646
f 1216/1858/1253 1777/2270/1648 1776/2269/1647
f 1217/1860/1255 1047/1861/1256 1333/1988/1376
f 1777/2271/1648 1333/1988/1376 1141/2272/1649
f 1776/2269/1647 1762/2273/1611 1761/2228/1616
f 1777/2271/1648 1141/2272/1649 1334/2274/1650
f 1777/2271/1648 1082/2224/1612 1762/2223/1611
f 1596/2275/1651 1778/2276/1652 1328/2277/1653
f 1328/2277/1653 1418/2278/1654 1138/2279/1655
f 1793/2280/1656 1779/2244/1626 1778/2281/1652
f 1778/2281/1652 1417/2282/1625 1418/2283/1654
f 1418/2284/1654 1780/2285/1657 1781/2286/1658
f 1138/2279/1655 1781/2287/1658 1327/2288/1659
f 1327/2288/1659 1781/2287/1658 1083/2289/1660
f 1220/1875/1267 1783/2290/1661 1219/1878/1270
f 1782/2291/1662 1787/2292/1663 1783/2290/1661
f 1783/2290/1661 1780/2285/1657 1765/2241/1624
f 1219/1878/1270 1765/2241/1624 1218/1816/1219
f 1784/2293/1664 1214/1880/1272 1215/1882/1274
f 1770/2294/1665 1785/2295/1666 1784/2293/1664
f 1785/2295/1666 1788/2296/1667 1782/2291/1662
f 1214/1880/1272 1782/2291/1662 1220/1875/1267
f 1083/2289/1660 1786/2297/1668 1336/2298/1669
f 1336/2298/1669 1786/2297/1668 1142/2299/1670
f 1781/2286/1658 1787/2292/1663 1786/2300/1668
f 1786/2300/1668 1788/2296/1667 1789/2251/1633
f 1142/2299/1670 1789/2301/1633 1335/2302/1671
f 1335/2302/1671 1789/2301/1633 1084/2247/1629
f 1838/2303/1672 1772/2261/1641 1840/2258/1638
f 1427/1894/1284 1790/2304/1673 1838/2303/1672
f 1221/1893/1283 1791/2268/1646 1790/2304/1673
f 1790/2304/1673 1773/2220/1608 1772/2261/1641
f 1908/2305/1674 1617/2306/1675 1807/2307/1676
f 1907/2308/1677 1619/2309/1678 1531/2310/1679
f 1620/1984/1372 1336/2298/1669 1792/1982/1370
f 1792/1982/1370 1142/2299/1670 1619/2309/1678
f 1899/2311/1680 1613/2312/1681 1796/2313/1682
f 1501/2314/1683 1793/2315/1656 1596/2275/1651
f 1118/2169/1557 1794/2316/1684 1597/2317/1685
f 1288/2165/1553 1593/2162/1550 1794/2316/1684
f 1889/2318/1686 1618/2319/1687 1813/2320/1688
f 1504/2321/1689 1794/2316/1684 1593/2162/1550
f 1133/2127/1515 1795/2322/1690 1600/2323/1691
f 1318/2122/1510 1621/2324/1692 1795/2322/1690
f 1913/2325/1693 1599/2326/1694 1821/2327/1695
f 1534/2328/1696 1795/2322/1690 1621/2324/1692
f 1900/2329/1697 1610/2330/1698 1823/2331/1699
f 1521/2332/1700 1796/2333/1682 1612/2334/1701
f 1796/2313/1682 1081/2232/1618 1332/2335/1617
f 1796/2333/1682 1140/2226/1614 1612/2334/1701
f 1509/2336/1702 1797/2337/1703 1607/2338/1704
f 1797/2337/1703 1144/2264/1643 1339/2262/1642
f 1607/2338/1704 1339/2262/1642 1080/2238/1622
f 1290/2088/1476 1608/2339/1705 1119/2089/1477
f 1070/2159/1547 1798/2340/1706 1290/2088/1476
f 1893/2341/1707 1611/2342/1708 1805/2343/1709
f 1892/2344/1710 1604/2345/1711 1512/2346/1712
f 1921/2347/1713 1560/2042/1430 1550/2348/1714
f 1888/2349/1715 1597/2317/1685 1794/2316/1684
f 1887/2350/1716 1595/2351/1717 1502/2352/1718
f 1800/2353/1719 1596/2275/1651 1328/2277/1653
f 1800/2353/1719 1138/2279/1655 1595/2351/1717
f 1687/1909/1299 1488/2024/1412 1569/1917/1307
f 1895/2354/1720 1801/2046/1434 1824/2246/1628
f 1711/2164/1552 1504/2321/1689 1593/2162/1550
f 1896/2355/1721 1614/2112/1500 1518/2356/1722
f 1169/2357/1723 1803/2358/1724 1598/2359/1725
f 1324/2360/1726 1599/2326/1694 1803/2358/1724
f 1540/2361/1727 1803/2358/1724 1599/2326/1694
f 1904/2362/1728 1555/2363/1729 1826/2364/1730
f 1903/2365/1731 1559/1987/1375 1527/2366/1732
f 1616/2367/1733 1334/2274/1650 1804/2368/1734
f 1804/2368/1734 1141/2272/1649 1559/1987/1375
f 1289/2093/1481 1611/2342/1708 1071/2094/1482
f 1119/2089/1477 1805/2343/1709 1289/2093/1481
f 1894/2369/1735 1606/2370/1736 1806/2371/1737
f 1893/2341/1707 1608/2339/1705 1513/2372/1738
f 1516/2373/1739 1806/2371/1737 1613/2312/1681
f 1806/2371/1737 1139/2235/1620 1329/2233/1619
f 1613/2312/1681 1329/2233/1619 1081/2232/1618
f 1128/2213/1601 1807/2307/1676 1617/2306/1675
f 1308/2209/1597 1618/2319/1687 1807/2307/1676
f 1909/2374/1740 1621/2324/1692 1817/2375/1741
f 1506/2376/1742 1807/2307/1676 1618/2319/1687
f 1474/2377/1743 1808/1927/1316 1557/1960/1348
f 1047/1861/1256 1808/1927/1316 1556/1926/1315
f 1279/1859/1254 1557/1960/1348 1808/1927/1316
f 1869/2378/1744 1558/1963/1351 1702/1991/1379
f 1074/2100/1488 1809/2379/1745 1615/2380/1746
f 1303/2099/1487 1610/2330/1698 1809/2379/1745
f 1521/2332/1700 1810/2381/1747 1902/2382/1748
f 1523/2383/1749 1809/2379/1745 1610/2330/1698
f 1804/2368/1734 1526/2384/1750 1616/2367/1733
f 1902/2382/1748 1616/2367/1733 1526/2384/1750
f 1612/2334/1701 1331/2225/1613 1810/2381/1747
f 1810/2381/1747 1082/2224/1612 1616/2367/1733
f 1799/2111/1499 1518/2356/1722 1614/2112/1500
f 1499/1976/1364 1811/2043/1431 1561/1683/1091
f 1912/2385/1751 1600/2323/1691 1795/2322/1690
f 1537/2386/1752 1812/2387/1753 1603/2388/1754
f 1622/2389/1755 1338/2249/1631 1812/2387/1753
f 1603/2388/1754 1338/2249/1631 1143/2250/1632
f 1075/2207/1595 1813/2320/1688 1618/2319/1687
f 1287/2171/1559 1597/2317/1685 1813/2320/1688
f 1502/2352/1718 1814/2390/1756 1890/2391/1757
f 1505/2392/1758 1813/2320/1688 1597/2317/1685
f 1891/2393/1759 1607/2338/1704 1820/2394/1760
f 1890/2391/1757 1620/1984/1372 1508/1983/1371
f 1595/2351/1717 1327/2288/1659 1814/2390/1756
f 1814/2390/1756 1083/2289/1660 1620/1984/1372
f 1883/2395/1761 1573/2017/1405 1496/1911/1301
f 1578/1942/1330 1431/1846/1244 1815/2396/1762
f 1815/2396/1762 1168/2397/1763 1573/2017/1405
f 1696/1820/1223 1863/2037/1425 1718/1824/1226
f 1926/2398/1764 1598/2359/1725 1803/2358/1724
f 1543/2399/1765 1816/2021/1409 1601/2400/1766
f 1816/2021/1409 1079/2257/1637 1340/2401/1767
f 1601/2400/1766 1340/2401/1767 1171/2267/1645
f 1078/2119/1507 1817/2375/1741 1621/2324/1692
f 1307/2215/1603 1617/2306/1675 1817/2375/1741
f 1531/2310/1679 1818/2402/1768 1910/2403/1769
f 1533/2404/1770 1817/2375/1741 1617/2306/1675
f 1812/2387/1753 1536/2405/1771 1622/2389/1755
f 1910/2403/1769 1622/2389/1755 1536/2405/1771
f 1619/2309/1678 1335/2302/1671 1818/2402/1768
f 1818/2402/1768 1084/2247/1629 1622/2389/1755
f 1323/2406/1772 1604/2345/1711 1070/2159/1547
f 1323/2406/1772 1605/2407/1773 1819/2408/1774
f 1918/2409/1775 1609/2410/1776 1797/2337/1703
f 1547/2411/1777 1819/2408/1774 1605/2407/1773
f 1513/2372/1738 1798/2340/1706 1892/2344/1710
f 1510/2412/1778 1820/2394/1760 1606/2370/1736
f 1820/2394/1760 1080/2238/1622 1330/2236/1621
f 1606/2370/1736 1330/2236/1621 1139/2235/1620
f 1069/2413/1779 1821/2327/1695 1599/2326/1694
f 1317/2129/1517 1600/2323/1691 1821/2327/1695
f 1914/2414/1780 1603/2388/1754 1822/2415/1781
f 1539/2416/1782 1821/2327/1695 1600/2323/1691
f 1915/2417/1783 1601/2400/1766 1837/2418/1784
f 1542/2419/1785 1822/2415/1781 1602/2020/1408
f 1822/2415/1781 1143/2250/1632 1337/2255/1636
f 1602/2020/1408 1337/2255/1636 1079/2257/1637
f 1126/2096/1484 1823/2331/1699 1610/2330/1698
f 1071/2094/1482 1823/2331/1699 1304/2095/1483
f 1901/2420/1786 1615/2380/1746 1809/2379/1745
f 1900/2329/1697 1611/2342/1708 1514/2421/1787
f 1519/2027/1415 1802/2179/1567 1896/2355/1721
f 1898/2422/1788 1824/2246/1628 1793/2280/1656
f 1884/2423/1789 1720/2045/1433 1919/2424/1790
f 1498/2425/1791 1825/1682/1090 1562/1679/1087
f 1800/2353/1719 1501/2314/1683 1596/2275/1651
f 1127/2426/1792 1826/2364/1730 1555/2363/1729
f 1306/2427/1793 1615/2380/1746 1826/2364/1730
f 1927/2428/1794 1476/1993/1381 1554/1994/1382
f 1524/2429/1795 1826/2364/1730 1615/2380/1746
f 1293/2079/1467 1292/2430/1796 1073/2077/1465
f 1121/2084/1472 1827/2431/1797 1293/2079/1467
f 1419/2432/1798 1422/2433/1799 1827/2431/1797
f 1827/2431/1797 1120/2434/1800 1292/2430/1796
f 1294/2098/1486 1419/2432/1798 1121/2084/1472
f 1074/2100/1488 1828/2435/1801 1294/2098/1486
f 1306/2427/1793 1420/2436/1802 1828/2435/1801
f 1828/2435/1801 1163/2437/1803 1419/2432/1798
f 1420/2436/1802 1421/2438/1804 1163/2437/1803
f 1127/2426/1792 1829/2439/1805 1420/2436/1802
f 1829/2439/1805 1050/1990/1378 1229/2060/1448
f 1421/2438/1804 1229/2060/1448 1089/2058/1446
f 1422/2433/1799 1291/2440/1806 1120/2434/1800
f 1163/2437/1803 1830/2441/1807 1422/2433/1799
f 1421/2438/1804 1230/2054/1442 1830/2441/1807
f 1830/2441/1807 1048/2075/1463 1291/2440/1806
f 1170/2145/1533 1831/2442/1808 1440/2443/1809
f 1325/2144/1532 1423/2444/1810 1831/2442/1808
f 1831/2442/1808 1164/2445/1811 1426/2446/1812
f 1831/2442/1808 1175/2447/1813 1440/2443/1809
f 1137/2150/1538 1832/2448/1814 1423/2444/1810
f 1326/2160/1548 1292/2430/1796 1832/2448/1814
f 1832/2448/1814 1120/2434/1800 1424/2449/1815
f 1423/2444/1810 1424/2449/1815 1164/2445/1811
f 1164/2445/1811 1833/2450/1816 1425/2451/1817
f 1424/2449/1815 1291/2440/1806 1833/2450/1816
f 1291/2440/1806 1231/2452/1818 1833/2450/1816
f 1425/2451/1817 1231/2452/1818 1090/2070/1458
f 1175/2447/1813 1834/2453/1819 1439/2454/1820
f 1426/2446/1812 1425/2451/1817 1834/2453/1819
f 1834/2453/1819 1090/2070/1458 1428/2069/1457
f 1439/2454/1820 1428/2069/1457 1165/2455/1821
f 1122/2200/1588 1835/2456/1822 1295/2196/1584
f 1438/2457/1823 1439/2454/1820 1835/2456/1822
f 1835/2456/1822 1165/2455/1821 1232/2458/1824
f 1295/2196/1584 1232/2458/1824 1049/1768/1176
f 1072/2136/1524 1836/2459/1825 1296/2206/1594
f 1433/2460/1826 1440/2443/1809 1836/2459/1825
f 1836/2459/1825 1175/2447/1813 1438/2457/1823
f 1296/2206/1594 1438/2457/1823 1122/2200/1588
f 1916/2461/1827 1605/2407/1773 1845/2462/1828
f 1544/2463/1829 1837/2418/1784 1609/2410/1776
f 1837/2418/1784 1171/2267/1645 1434/2265/1644
f 1609/2410/1776 1434/2265/1644 1144/2264/1643
f 1215/1882/1274 1838/2303/1672 1784/2293/1664
f 1784/2293/1664 1840/2258/1638 1770/2294/1665
f 1839/2266/1640 1171/2267/1645 1340/2401/1767
f 1771/2256/1635 1340/2401/1767 1079/2257/1637
f 1770/2294/1665 1839/2260/1640 1771/2254/1635
f 1299/2130/1518 1437/2464/1830 1124/2131/1519
f 1069/2413/1779 1841/2465/1831 1299/2130/1518
f 1324/2360/1726 1441/2151/1539 1841/2465/1831
f 1841/2465/1831 1174/2146/1534 1437/2464/1830
f 1300/2135/1523 1433/2460/1826 1072/2136/1524
f 1124/2131/1519 1842/2466/1832 1300/2135/1523
f 1437/2464/1830 1442/2143/1531 1842/2466/1832
f 1842/2466/1832 1170/2145/1533 1433/2460/1826
f 1095/1776/1184 1843/2467/1833 1436/2468/1834
f 1241/1771/1179 1232/2458/1824 1843/2467/1833
f 1843/2467/1833 1165/2455/1821 1443/2068/1456
f 1436/2468/1834 1443/2068/1456 1173/2063/1451
f 1056/1701/1109 1844/2469/1835 1430/2470/1836
f 1242/1778/1186 1436/2468/1834 1844/2469/1835
f 1844/2469/1835 1173/2063/1451 1444/2062/1450
f 1430/2470/1836 1444/2062/1450 1167/1710/1118
f 1136/2157/1545 1845/2462/1828 1605/2407/1773
f 1169/2357/1723 1845/2462/1828 1432/2152/1540
f 1917/2471/1837 1604/2345/1711 1819/2408/1774
f 1546/2472/1838 1845/2462/1828 1598/2359/1725
f 1109/1723/1131 1846/2032/1420 1429/1726/1134
f 1491/1943/1331 1815/2396/1762 1883/2395/1761
f 1882/2473/1839 1575/2034/1422 1493/1946/1334
f 1429/1726/1134 1568/1915/1305 1166/1727/1135
f 1847/1891/1281 1215/1882/1274 1678/1881/1273
f 1849/1842/1240 1678/1881/1273 1663/1884/1276
f 1662/1836/1237 1286/2018/1406 1848/1845/1243
f 1848/1845/1243 1286/2018/1406 1168/2397/1763
f 1663/1884/1276 1848/2474/1243 1849/1842/1240
f 1435/2475/1840 1245/1706/1114 1097/1703/1111
f 1172/1715/1123 1850/2476/1841 1435/2475/1840
f 1445/1724/1132 1270/1910/1300 1850/2476/1841
f 1850/2476/1841 1053/1707/1115 1245/1706/1114
f 1430/2470/1836 1246/1702/1110 1056/1701/1109
f 1167/1710/1118 1851/2477/1842 1430/2470/1836
f 1446/1709/1117 1435/2475/1840 1851/2477/1842
f 1851/2477/1842 1097/1703/1111 1246/1702/1110
f 1852/2478/1843 1194/2479/1844 1449/2480/1845
f 1447/1895/1285 1449/2480/1845 1184/2481/1846
f 1449/2482/1845 1450/1907/1297 1184/2483/1846
f 1194/2484/1844 1853/1905/1295 1449/2482/1845
f 1451/1953/1341 1453/2485/1847 1854/1952/1340
f 1854/1952/1340 1178/2486/1848 1452/1904/1294
f 1178/2487/1848 1855/1949/1337 1454/1954/1342
f 1453/2488/1847 1448/2015/1403 1855/1949/1337
f 1456/1980/1368 1457/2489/1849 1856/1978/1366
f 1856/1978/1366 1181/2490/1850 1455/1921/1311
f 1457/2491/1849 1458/1934/1323 1181/2492/1850
f 1195/2493/1851 1857/1932/1321 1457/2491/1849
f 1459/1981/1369 1461/2494/1852 1858/1929/1318
f 1858/1929/1318 1180/2495/1853 1460/2033/1421
f 1461/2496/1852 1462/2004/1392 1180/2497/1853
f 1195/2498/1851 1859/2031/1419 1461/2496/1852
f 1860/2499/1424 1196/2500/1854 1463/2501/1855
f 1454/1954/1342 1463/2501/1855 1178/2487/1848
f 1178/2486/1848 1861/1918/1308 1452/1904/1294
f 1463/2502/1855 1464/2038/1426 1861/1918/1308
f 1862/2040/1428 1196/2503/1854 1466/2504/1856
f 1465/1977/1365 1466/2504/1856 1182/2505/1857
f 1182/2506/1857 1466/2507/1856 1863/2037/1425
f 1466/2507/1856 1860/2036/1424 1863/2037/1425
f 1864/2039/1427 1197/2508/1858 1469/2509/1859
f 1864/2039/1427 1183/2510/1860 1467/1969/1357
f 1469/2511/1859 1470/1975/1363 1183/2512/1860
f 1469/2511/1859 1471/1940/1328 1865/1974/1362
f 1471/1940/1328 1472/2513/1861 1866/1938/1326
f 1866/1938/1326 1181/2492/1850 1458/1934/1323
f 1472/2514/1861 1455/1921/1311 1181/2490/1850
f 1197/2508/1858 1867/1937/1309 1472/2515/1861
f 1474/2377/1743 1475/2516/1862 1868/1925/1314
f 1868/1925/1314 1176/2517/1863 1473/1986/1374
f 1176/2518/1863 1869/2378/1744 1476/1993/1381
f 1475/2519/1862 1477/1964/1352 1869/2378/1744
f 1477/1964/1352 1478/2520/1864 1870/1962/1350
f 1870/1962/1350 1183/2512/1860 1470/1975/1363
f 1478/2521/1864 1467/1969/1357 1183/2510/1860
f 1198/2522/1865 1871/1959/1347 1478/2521/1864
f 1872/1970/1358 1199/2523/1866 1481/2524/1867
f 1872/1970/1358 1185/2525/1868 1479/2001/1389
f 1481/2526/1867 1482/2008/1396 1185/2527/1868
f 1199/2528/1866 1873/2006/1394 1481/2526/1867
f 1483/1999/1387 1484/2529/1869 1874/1997/1385
f 1874/1997/1385 1184/2483/1846 1450/1907/1297
f 1184/2481/1846 1875/1996/1384 1447/1895/1285
f 1484/2530/1869 1480/2028/1416 1875/1996/1384
f 1486/2010/1398 1487/2531/1870 1876/2035/1423
f 1876/2035/1423 1179/2532/1871 1485/1900/1290
f 1487/2533/1870 1488/2024/1412 1179/2534/1871
f 1200/2535/1872 1877/2023/1411 1487/2533/1870
f 1489/2014/1402 1490/2536/1873 1878/2012/1400
f 1878/2012/1400 1185/2527/1868 1482/2008/1396
f 1490/2537/1873 1479/2001/1389 1185/2525/1868
f 1200/2538/1872 1879/2011/1399 1490/2537/1873
f 1491/1943/1331 1492/2539/1874 1880/1941/1329
f 1880/1941/1329 1180/2497/1853 1462/2004/1392
f 1492/2540/1874 1460/2033/1421 1180/2495/1853
f 1201/2541/1875 1881/1948/1336 1492/2540/1874
f 1493/1946/1334 1495/2542/1876 1882/2473/1839
f 1882/2473/1839 1212/2543/1877 1494/1916/1306
f 1495/2544/1876 1496/1911/1301 1212/2545/1877
f 1201/2546/1875 1883/2395/1761 1495/2544/1876
f 1884/2423/1789 1202/2547/1878 1497/2548/1879
f 1863/2037/1425 1497/2548/1879 1182/2506/1857
f 1182/2505/1857 1885/1967/1355 1465/1977/1365
f 1202/2549/1878 1885/1967/1355 1497/2550/1879
f 1498/2425/1791 1500/2551/1880 1886/2552/1881
f 1886/2552/1881 1177/2553/1882 1499/1976/1364
f 1177/2554/1882 1500/2555/1880 1919/2424/1790
f 1500/2555/1880 1884/2423/1789 1919/2424/1790
f 1502/2352/1718 1503/2556/1883 1887/2350/1716
f 1887/2350/1716 1186/2557/1884 1501/2314/1683
f 1186/2558/1884 1888/2349/1715 1504/2321/1689
f 1503/2559/1883 1505/2392/1758 1888/2349/1715
f 1889/2318/1686 1203/2560/1885 1507/2561/1886
f 1506/2376/1742 1507/2561/1886 1192/2562/1887
f 1507/2563/1886 1508/1983/1371 1192/2564/1887
f 1203/2565/1885 1890/2391/1757 1507/2563/1886
f 1891/2393/1759 1204/2566/1888 1511/2567/1889
f 1509/2336/1702 1511/2567/1889 1188/2568/1890
f 1188/2569/1890 1892/2344/1710 1512/2346/1712
f 1511/2570/1889 1513/2372/1738 1892/2344/1710
f 1893/2341/1707 1204/2571/1888 1515/2572/1891
f 1514/2421/1787 1515/2572/1891 1189/2573/1892
f 1189/2574/1892 1894/2369/1735 1516/2373/1739
f 1515/2575/1891 1510/2412/1778 1894/2369/1735
f 1898/2422/1788 1517/2576/1893 1895/2354/1720
f 1895/2354/1720 1517/2576/1893 1190/2577/1894
f 1517/2578/1893 1518/2356/1722 1190/2579/1894
f 1205/2580/1895 1896/2355/1721 1517/2578/1893
f 1519/2027/1415 1520/2581/1896 1897/2025/1413
f 1504/2321/1689 1520/2581/1896 1186/2558/1884
f 1520/2582/1896 1501/2314/1683 1186/2557/1884
f 1520/2583/1896 1205/2584/1895 1898/2422/1788
f 1899/2585/1680 1206/2586/1897 1522/2587/1898
f 1516/2373/1739 1522/2588/1898 1189/2574/1892
f 1189/2573/1892 1900/2329/1697 1514/2421/1787
f 1522/2589/1898 1523/2383/1749 1900/2329/1697
f 1523/2383/1749 1525/2590/1899 1901/2420/1786
f 1524/2429/1795 1525/2590/1899 1191/2591/1900
f 1525/2592/1899 1526/2384/1750 1191/2593/1900
f 1206/2586/1897 1902/2382/1748 1525/2592/1899
f 1903/2365/1731 1207/2594/1901 1528/2595/1902
f 1526/2384/1750 1528/2595/1902 1191/2593/1900
f 1191/2591/1900 1904/2362/1728 1524/2429/1795
f 1528/2596/1902 1529/2597/1903 1904/2362/1728
f 1927/2428/1794 1529/2597/1903 1905/2598/1904
f 1527/2366/1732 1701/1989/1377 1906/1985/1373
f 1529/2597/1903 1530/2599/1905 1905/2598/1904
f 1905/2598/1904 1176/2518/1863 1476/1993/1381
f 1530/2600/1905 1473/1986/1374 1176/2517/1863
f 1207/2594/1901 1906/1985/1373 1530/2600/1905
f 1531/2310/1679 1532/2601/1906 1907/2308/1677
f 1907/2308/1677 1192/2564/1887 1508/1983/1371
f 1192/2562/1887 1908/2305/1674 1506/2376/1742
f 1532/2602/1906 1533/2404/1770 1908/2305/1674
f 1909/2374/1740 1208/2603/1907 1535/2604/1908
f 1534/2328/1696 1535/2604/1908 1193/2605/1909
f 1535/2606/1908 1536/2405/1771 1193/2607/1909
f 1208/2608/1907 1910/2403/1769 1535/2606/1908
f 1911/2609/1910 1209/2610/1911 1538/2611/1912
f 1536/2405/1771 1538/2611/1912 1193/2607/1909
f 1193/2605/1909 1912/2385/1751 1534/2328/1696
f 1538/2612/1912 1539/2416/1782 1912/2385/1751
f 1913/2325/1693 1209/2613/1911 1541/2614/1913
f 1540/2361/1727 1541/2614/1913 1187/2615/1914
f 1187/2616/1914 1914/2414/1780 1542/2419/1785
f 1541/2617/1913 1537/2386/1752 1914/2414/1780
f 1915/2417/1783 1210/2618/1915 1545/2619/1916
f 1543/2399/1765 1545/2619/1916 1213/2620/1917
f 1213/2621/1917 1916/2461/1827 1546/2472/1838
f 1545/2622/1916 1547/2411/1777 1916/2461/1827
f 1917/2471/1837 1210/2623/1915 1548/2624/1918
f 1512/2346/1712 1548/2624/1918 1188/2569/1890
f 1188/2568/1890 1918/2409/1775 1509/2336/1702
f 1548/2625/1918 1544/2463/1829 1918/2409/1775
f 1922/2044/1432 1549/2626/1919 1919/2424/1790
f 1919/2424/1790 1549/2626/1919 1177/2554/1882
f 1177/2553/1882 1920/2041/1429 1499/1976/1364
f 1549/2627/1919 1550/2348/1714 1920/2041/1429
f 1921/2347/1713 1211/2628/1920 1551/2629/1921
f 1921/2347/1713 1190/2579/1894 1518/2356/1722
f 1551/2630/1921 1895/2354/1720 1190/2577/1894
f 1551/2630/1921 1211/2631/1920 1922/2044/1432
f 1494/1916/1306 1552/2632/1922 1923/1914/1304
f 1923/1914/1304 1179/2534/1871 1488/2024/1412
f 1552/2633/1922 1485/1900/1290 1179/2532/1871
f 1212/2545/1877 1924/1913/1303 1552/2633/1922
f 1925/2019/1407 1213/2620/1917 1553/2634/1923
f 1542/2419/1785 1553/2634/1923 1187/2616/1914
f 1187/2615/1914 1926/2398/1764 1540/2361/1727
f 1553/2635/1923 1546/2472/1838 1926/2398/1764
f 1305/2636/1924 1554/1994/1382 1050/1990/1378
f 1305/2636/1924 1555/2363/1729 1927/2428/1794
f 1852/2478/1843 1589/1897/1287 1708/2016/1404
f 1959/2637/1925 1962/2638/1926 1961/2639/1927
f 1959/2637/1925 1963/2640/1928 1962/2638/1926
f 1997/2641/1929 1959/2642/1925 1976/2643/1930
f 1974/2644/1931 1960/2645/1932 1959/2646/1925
f 1930/2647/1933 1960/2645/1932 1975/2648/1934
f 1960/2649/1932 1939/2650/1935 1938/2651/1936
f 1960/2649/1932 1937/2652/1937 1963/2640/1928
f 1963/2640/1928 1931/2653/1938 1947/2654/1939
f 1962/2638/1926 1947/2654/1939 1946/2655/1940
f 1961/2639/1927 1946/2655/1940 1945/2656/1941
f 2013/2657/1942 2047/2658/1943 2024/2659/1944
f 1944/2660/1945 1967/2661/1946 1940/2662/1947
f 1964/2663/1948 1967/2661/1946 1966/2664/1949
f 2168/2665/1950 1984/2666/1951 1989/2667/1952
f 2164/2668/1953 1984/2666/1951 2163/2669/1954
f 2144/2670/1955 1964/2663/1948 2143/2671/1956
f 1977/2672/1957 1978/2673/1958 1976/2674/1930
f 2156/2675/1959 2124/2676/1960 2140/2677/1961
f 1985/2678/1962 1966/2664/1949 1987/2679/1963
f 1969/2680/1964 1970/2681/1965 1968/2682/1966
f 1933/2683/1967 1955/2684/1968 1968/2682/1966
f 1955/2684/1968 1954/2685/1969 1968/2682/1966
f 1953/2686/1970 1968/2682/1966 1954/2685/1969
f 1953/2686/1970 1929/2687/1971 1969/2680/1964
f 1971/2688/1972 1991/2689/1973 1970/2690/1965
f 1972/2691/1974 1975/2648/1934 1974/2644/1931
f 1990/2692/1975 1972/2693/1974 1996/2694/1976
f 1971/2695/1972 1973/2696/1977 1972/2691/1974
f 1969/2680/1964 1958/2697/1978 1973/2696/1977
f 1973/2696/1977 1958/2697/1978 1957/2698/1979
f 1973/2696/1977 1956/2699/1980 1975/2648/1934
f 1975/2648/1934 1956/2699/1980 1930/2647/1933
f 1996/2694/1976 1974/2700/1931 1997/2641/1929
f 1979/2701/1981 1949/2702/1982 1948/2703/1983
f 2219/2704/1984 2091/2705/1985 2040/2706/1986
f 2144/2670/1955 1941/2707/1987 1965/2708/1988
f 1979/2701/1981 2127/2709/1989 2158/2710/1990
f 1976/2643/1930 1999/2711/1991 1997/2641/1929
f 1980/2712/1992 1983/2713/1993 1982/2714/1994
f 1928/2715/1995 1980/2712/1992 1942/2716/1996
f 1936/2717/1997 1981/2718/1998 1980/2712/1992
f 1935/2719/1999 1934/2720/2000 1981/2718/1998
f 1934/2720/2000 1992/2721/2001 1981/2718/1998
f 1981/2718/1998 1994/2722/2002 1983/2713/1993
f 1983/2713/1993 1987/2679/1963 1966/2664/1949
f 1982/2714/1994 1966/2664/1949 1967/2661/1946
f 1943/2723/2003 1982/2714/1994 1944/2660/1945
f 1942/2716/1996 1982/2714/1994 1943/2723/2003
f 1984/2666/1951 1987/2724/1963 1986/2725/2004
f 1988/2726/2005 2177/2727/2006 2167/2728/2007
f 1998/2729/2008 2178/2730/2009 2177/2727/2006
f 1989/2667/1952 1986/2725/2004 1991/2689/1973
f 1989/2667/1952 1990/2692/1975 1988/2726/2005
f 1978/2673/1958 2158/2710/1990 2157/2731/2010
f 1992/2732/2001 1995/2733/2011 1994/2734/2002
f 1932/2735/2012 1952/2736/2013 1992/2721/2001
f 1952/2737/2013 1993/2738/2014 1992/2732/2001
f 1951/2739/2015 1950/2740/2016 1993/2738/2014
f 1933/2683/1967 1993/2738/2014 1950/2740/2016
f 1993/2738/2014 1970/2681/1965 1995/2733/2011
f 1995/2741/2011 1991/2689/1973 1986/2725/2004
f 1994/2742/2002 1986/2725/2004 1987/2724/1963
f 1997/2641/1929 1998/2729/2008 1996/2694/1976
f 1940/2662/1947 1965/2708/1988 1941/2707/1987
f 2178/2730/2009 1978/2743/1958 2157/2744/2010
f 1996/2694/1976 1988/2726/2005 1990/2692/1975
f 2047/2658/1943 2050/2745/2017 2048/2746/2018
f 2049/2747/2019 2052/2748/2020 2050/2745/2017
f 2071/2749/2021 2049/2747/2019 2047/2658/1943
f 2024/2659/1944 2048/2746/2018 2023/2750/2022
f 2023/2750/2022 2011/2751/2023 2002/2752/2024
f 2048/2746/2018 2010/2753/2025 2011/2751/2023
f 2050/2745/2017 2009/2754/2026 2010/2753/2025
f 2052/2748/2020 2003/2755/2027 2009/2754/2026
f 2051/2756/2028 2027/2757/2029 2052/2748/2020
f 2051/2756/2028 2025/2758/2030 2026/2759/2031
f 2094/2760/2032 2043/2761/2033 2041/2762/2034
f 2073/2763/2035 2025/2758/2030 2051/2756/2028
f 2072/2764/2036 2051/2756/2028 2049/2747/2019
f 2054/2765/2037 2058/2766/2038 2055/2767/2039
f 2055/2767/2039 2016/2768/2040 2017/2769/2041
f 2214/2770/2042 2085/2771/2043 2035/2772/2044
f 2232/2773/2045 2035/2772/2044 2053/2774/2046
f 2233/2775/2047 2053/2774/2046 2054/2765/2037
f 2234/2776/2048 2054/2765/2037 2055/2767/2039
f 2035/2772/2044 2056/2777/2049 2053/2774/2046
f 2080/2778/2050 2057/2779/2051 2081/2780/2052
f 2081/2780/2052 2056/2777/2049 2082/2781/2053
f 2082/2781/2053 2036/2782/2054 2034/2783/2055
f 2034/2783/2055 2088/2784/2056 2098/2785/2057
f 2074/2786/2058 2072/2764/2036 2071/2749/2021
f 2062/2787/2059 2060/2788/2060 2059/2789/2061
f 2063/2790/2062 2061/2791/2063 2060/2788/2060
f 2005/2792/2064 2059/2789/2061 2039/2793/2065
f 2059/2789/2061 2038/2794/2066 2039/2793/2065
f 2060/2788/2060 2037/2795/2067 2038/2794/2066
f 2061/2791/2063 2001/2796/2068 2037/2795/2067
f 2064/2797/2069 2021/2798/2070 2061/2791/2063
f 2020/2799/2071 2058/2766/2038 2080/2778/2050
f 2022/2800/2072 2092/2801/2073 2015/2802/2074
f 2064/2797/2069 2093/2803/2075 2092/2801/2073
f 2063/2790/2062 2094/2760/2032 2093/2803/2075
f 2042/2804/2076 2062/2787/2059 2059/2789/2061
f 2065/2805/2077 2068/2806/2078 2066/2807/2079
f 2067/2808/2080 2070/2809/2081 2068/2806/2078
f 2101/2810/2082 2067/2808/2080 2065/2805/2077
f 2022/2800/2072 2066/2807/2079 2021/2798/2070
f 2021/2798/2070 2046/2811/2083 2001/2796/2068
f 2066/2807/2079 2045/2812/2084 2046/2811/2083
f 2068/2806/2078 2044/2813/2085 2045/2812/2084
f 2070/2809/2081 2002/2752/2024 2044/2813/2085
f 2069/2814/2086 2023/2750/2022 2070/2809/2081
f 1944/2815/1945 2016/2816/2040 2020/2817/2071
f 2103/2818/2087 2024/2659/1944 2069/2814/2086
f 2102/2819/2088 2069/2814/2086 2067/2808/2080
f 2075/2820/2089 2073/2763/2035 2072/2764/2036
f 2076/2821/2090 2029/2822/2091 2073/2763/2035
f 2012/2823/2092 2071/2749/2021 2013/2657/1942
f 2196/2824/2093 2055/2767/2039 2017/2769/2041
f 2207/2825/2094 2076/2821/2090 2255/2826/2095
f 2255/2826/2095 2075/2820/2089 2254/2827/2096
f 2254/2827/2096 2074/2786/2058 2253/2828/2097
f 2083/2829/2098 2087/2830/2099 2084/2831/2100
f 2077/2832/2101 2081/2780/2052 2078/2833/2102
f 2078/2833/2102 2082/2781/2053 2079/2834/2103
f 2000/2835/2104 2077/2832/2101 2008/2836/2105
f 2008/2836/2105 2078/2833/2102 2007/2837/2106
f 2007/2837/2106 2079/2834/2103 2006/2838/2107
f 2006/2838/2107 2033/2839/2108 2004/2840/2109
f 2079/2834/2103 2034/2783/2055 2033/2839/2108
f 2019/2841/2110 2020/2799/2071 2080/2778/2050
f 2018/2842/2111 2080/2778/2050 2077/2832/2101
f 2084/2831/2100 2088/2784/2056 2085/2771/2043
f 2085/2771/2043 2036/2782/2054 2035/2772/2044
f 2193/2843/2112 2104/2844/2113 2014/2845/2114
f 2262/2846/2115 2040/2706/1986 2083/2829/2098
f 2263/2847/2116 2083/2829/2098 2084/2831/2100
f 2085/2771/2043 2263/2847/2116 2084/2831/2100
f 2040/2706/1986 2086/2848/2117 2083/2829/2098
f 2098/2785/2057 2087/2830/2099 2099/2849/2118
f 2099/2849/2118 2086/2848/2117 2100/2850/2119
f 2100/2850/2119 2041/2762/2034 2043/2761/2033
f 2015/2802/2074 2065/2805/2077 2022/2800/2072
f 2092/2801/2073 2090/2851/2120 2089/2852/2121
f 2093/2803/2075 2091/2705/1985 2090/2851/2120
f 2091/2705/1985 2041/2762/2034 2040/2706/1986
f 2253/2828/2097 2012/2823/2092 2191/2853/2122
f 2268/2854/2123 2014/2845/2114 2089/2852/2121
f 2269/2855/2124 2089/2852/2121 2090/2851/2120
f 2270/2856/2125 2090/2851/2120 2091/2705/1985
f 2015/2802/2074 2089/2852/2121 2014/2845/2114
f 2104/2844/2113 2102/2819/2088 2101/2810/2082
f 2095/2857/2126 2099/2849/2118 2096/2858/2127
f 2096/2858/2127 2100/2850/2119 2097/2859/2128
f 2004/2840/2109 2095/2857/2126 2032/2860/2129
f 2032/2860/2129 2096/2858/2127 2031/2861/2130
f 2031/2861/2130 2097/2859/2128 2030/2862/2131
f 2030/2862/2131 2042/2804/2076 2005/2792/2064
f 2097/2859/2128 2043/2761/2033 2042/2804/2076
f 2033/2839/2108 2098/2785/2057 2095/2857/2126
f 2105/2863/2132 2103/2818/2087 2102/2819/2088
f 2106/2864/2133 2013/2657/1942 2103/2818/2087
f 2014/2845/2114 2101/2810/2082 2015/2802/2074
f 2053/2774/2046 2057/2779/2051 2054/2765/2037
f 2191/2853/2122 2106/2864/2133 2285/2865/2134
f 2285/2865/2134 2105/2863/2132 2284/2866/2135
f 2283/2867/2136 2105/2863/2132 2104/2844/2113
f 2207/2868/2094 1948/2869/1983 2028/2870/2137
f 1934/2871/2000 2004/2872/2109 1932/2873/2012
f 1934/2871/2000 2007/2874/2106 2006/2875/2107
f 1936/2876/1997 2007/2874/2106 1935/2877/1999
f 1928/2878/1995 2008/2879/2105 1936/2876/1997
f 1931/2880/1938 2009/2881/2026 2003/2882/2027
f 1938/2883/1936 2009/2881/2026 1937/2884/1937
f 1939/2885/1935 2010/2886/2025 1938/2883/1936
f 1930/2887/1933 2011/2888/2023 1939/2885/1935
f 1945/2889/1941 2029/2890/2091 1949/2891/1982
f 1949/2891/1982 2028/2870/2137 1948/2869/1983
f 1940/2892/1947 2017/2893/2041 2016/2816/2040
f 1928/2894/1995 2018/2895/2111 2000/2896/2104
f 1942/2897/1996 2019/2898/2110 2018/2895/2111
f 1943/2899/2003 2020/2817/2071 2019/2898/2110
f 1961/2639/1927 1976/2674/1930 1959/2637/1925
f 1946/2900/1940 2025/2901/2030 1945/2889/1941
f 1947/2902/1939 2026/2903/2031 1946/2900/1940
f 1947/2902/1939 2003/2904/2027 2027/2905/2029
f 2196/2906/2093 1941/2907/1987 2120/2908/2138
f 2144/2670/1955 2119/2909/2139 2120/2910/2138
f 1950/2911/2016 2005/2912/2064 1933/2913/1967
f 1951/2914/2015 2030/2915/2131 1950/2911/2016
f 1952/2916/2013 2031/2917/2130 1951/2914/2015
f 1932/2873/2012 2032/2918/2129 1952/2916/2013
f 1929/2919/1971 2037/2920/2067 2001/2921/2068
f 1953/2922/1970 2038/2923/2066 2037/2920/2067
f 1954/2924/1969 2039/2925/2065 2038/2923/2066
f 1933/2913/1967 2039/2925/2065 1955/2926/1968
f 1956/2927/1980 2002/2928/2024 1930/2887/1933
f 1957/2929/1979 2044/2930/2085 1956/2927/1980
f 1958/2931/1978 2045/2932/2084 1957/2929/1979
f 1929/2919/1971 2046/2933/2083 1958/2931/1978
f 2138/2934/2140 2140/2677/1961 2141/2935/2141
f 2138/2934/2140 2142/2936/2142 2139/2937/2143
f 2176/2938/2144 2138/2939/2140 2153/2940/2145
f 2153/2941/2145 2139/2942/2143 2154/2943/2146
f 2139/2942/2143 2109/2944/2147 2154/2943/2146
f 2139/2937/2143 2117/2945/2148 2118/2946/2149
f 2139/2937/2143 2116/2947/2150 2117/2945/2148
f 2142/2936/2142 2110/2948/2151 2116/2947/2150
f 2141/2935/2141 2126/2949/2152 2142/2936/2142
f 2140/2677/1961 2125/2950/2153 2141/2935/2141
f 2226/2951/2154 2192/2952/2155 2203/2953/2156
f 2123/2954/2157 2146/2955/2158 2161/2956/2159
f 2143/2671/1956 2146/2955/2158 2144/2670/1955
f 2157/2731/2010 2156/2675/1959 2155/2957/2160
f 2164/2958/1953 2145/2959/2161 2143/2671/1956
f 2149/2960/2162 2148/2961/2163 2147/2962/2164
f 2112/2963/2165 2147/2962/2164 2134/2964/2166
f 2134/2964/2166 2147/2962/2164 2133/2965/2167
f 2147/2962/2164 2132/2966/2168 2133/2965/2167
f 2132/2966/2168 2148/2961/2163 2108/2967/2169
f 2170/2968/2170 2150/2969/2171 2149/2970/2162
f 2151/2971/2172 2154/2943/2146 2152/2972/2173
f 2169/2973/2174 2151/2974/2172 2150/2969/2171
f 2150/2975/2171 2152/2972/2173 2148/2961/2163
f 2148/2961/2163 2137/2976/2175 2108/2967/2169
f 2152/2972/2173 2136/2977/2176 2137/2976/2175
f 2152/2972/2173 2135/2978/2177 2136/2977/2176
f 2154/2943/2146 2109/2944/2147 2135/2978/2177
f 2175/2979/2178 2153/2940/2145 2151/2974/2172
f 2158/2710/1990 2128/2980/2179 2156/2675/1959
f 2236/2981/2180 2232/2773/2045 2233/2775/2047
f 2178/2730/2009 2155/2982/2160 2176/2938/2144
f 2159/2983/2181 2162/2984/2182 2160/2985/2183
f 2107/2986/2184 2159/2983/2181 2115/2987/2185
f 2115/2987/2185 2160/2985/2183 2114/2988/2186
f 2114/2988/2186 2160/2985/2183 2113/2989/2187
f 2113/2989/2187 2171/2990/2188 2111/2991/2189
f 2160/2985/2183 2173/2992/2190 2171/2990/2188
f 2162/2984/2182 2166/2993/2191 2173/2992/2190
f 2161/2956/2159 2145/2959/2161 2162/2984/2182
f 2122/2994/2192 2123/2954/2157 2161/2956/2159
f 2121/2995/2193 2161/2956/2159 2159/2983/2181
f 2163/2669/1954 2166/2996/2191 2164/2668/1953
f 2168/2665/1950 2165/2997/2194 2163/2669/1954
f 2169/2973/2174 2168/2665/1950 2167/2728/2007
f 2171/2998/2188 2174/2999/2195 2172/3000/2196
f 2111/2991/2189 2171/2990/2188 2131/3001/2197
f 2131/3002/2197 2172/3000/2196 2130/3003/2198
f 2130/3003/2198 2172/3000/2196 2129/3004/2199
f 2172/3000/2196 2112/2963/2165 2129/3004/2199
f 2172/3000/2196 2149/2960/2162 2147/2962/2164
f 2174/3005/2195 2170/2968/2170 2149/2970/2162
f 2173/3006/2190 2165/2997/2194 2174/3005/2195
f 2177/2727/2006 2176/2938/2144 2175/2979/2178
f 2167/2728/2007 2175/2979/2178 2169/2973/2174
f 2226/2951/2154 2229/3007/2200 2228/3008/2201
f 2228/3008/2201 2231/3009/2202 2230/3010/2203
f 2228/3008/2201 2250/3011/2204 2226/2951/2154
f 2203/2953/2156 2227/3012/2205 2226/2951/2154
f 2202/3013/2206 2190/3014/2207 2227/3012/2205
f 2227/3012/2205 2189/3015/2208 2229/3007/2200
f 2229/3007/2200 2188/3016/2209 2231/3009/2202
f 2231/3009/2202 2182/3017/2210 2206/3018/2211
f 2230/3010/2203 2206/3018/2211 2205/3019/2212
f 2230/3010/2203 2205/3019/2212 2204/3020/2213
f 2273/3021/2214 2222/3022/2215 2241/3023/2216
f 2204/3020/2213 2252/3024/2217 2230/3010/2203
f 2230/3010/2203 2251/3025/2218 2228/3008/2201
f 2237/3026/2219 2233/2775/2047 2234/2776/2048
f 2195/3027/2220 2234/2776/2048 2196/2824/2093
f 2214/2770/2042 2235/3028/2221 2215/3029/2222
f 2259/3030/2223 2236/2981/2180 2237/3026/2219
f 2260/3031/2224 2235/3028/2221 2236/2981/2180
f 2261/3032/2225 2215/3029/2222 2235/3028/2221
f 2213/3033/2226 2267/3034/2227 2215/3029/2222
f 2251/3025/2218 2253/2828/2097 2250/3011/2204
f 2239/3035/2228 2241/3023/2216 2238/3036/2229
f 2240/3037/2230 2242/3038/2231 2239/3035/2228
f 2184/3039/2232 2238/3036/2229 2221/3040/2233
f 2217/3041/2234 2238/3036/2229 2218/3042/2235
f 2216/3043/2236 2239/3035/2228 2217/3041/2234
f 2180/3044/2237 2240/3037/2230 2216/3043/2236
f 2200/3045/2238 2243/3046/2239 2240/3037/2230
f 2199/3047/2240 2237/3026/2219 2195/3027/2220
f 2271/3048/2241 2201/3049/2242 2194/3050/2243
f 2272/3051/2244 2243/3046/2239 2271/3048/2241
f 2273/3021/2214 2242/3038/2231 2272/3051/2244
f 2221/3040/2233 2241/3023/2216 2222/3022/2215
f 2244/3052/2245 2247/3053/2246 2246/3054/2247
f 2246/3054/2247 2249/3055/2248 2248/3056/2249
f 2246/3054/2247 2280/3057/2250 2244/3052/2245
f 2201/3049/2242 2245/3058/2251 2244/3052/2245
f 2200/3045/2238 2225/3059/2252 2245/3058/2251
f 2245/3058/2251 2224/3060/2253 2247/3053/2246
f 2247/3053/2246 2223/3061/2254 2249/3055/2248
f 2249/3055/2248 2181/3062/2255 2202/3013/2206
f 2248/3056/2249 2202/3013/2206 2203/2953/2156
f 2123/3063/2157 2195/3064/2220 2119/3065/2139
f 2282/3066/2256 2203/2953/2156 2192/2952/2155
f 2248/3056/2249 2281/3067/2257 2246/3054/2247
f 2252/3024/2217 2254/2827/2096 2251/3025/2218
f 2255/2826/2095 2208/3068/2258 2207/2825/2094
f 2250/3011/2204 2191/2853/2122 2192/2952/2155
f 2266/3069/2259 2262/2846/2115 2263/2847/2116
f 2256/3070/2260 2260/3031/2224 2259/3030/2223
f 2257/3071/2261 2261/3032/2225 2260/3031/2224
f 2179/3072/2262 2256/3070/2260 2197/3073/2263
f 2187/3074/2264 2257/3071/2261 2256/3070/2260
f 2186/3075/2265 2258/3076/2266 2257/3071/2261
f 2185/3077/2267 2212/3078/2268 2258/3076/2266
f 2258/3076/2266 2213/3033/2226 2261/3032/2225
f 2198/3079/2269 2259/3030/2223 2199/3047/2240
f 2197/3073/2263 2259/3030/2223 2198/3079/2269
f 2267/3034/2227 2263/2847/2116 2264/3080/2270
f 2215/3029/2222 2264/3080/2270 2214/2770/2042
f 2219/2704/1984 2265/3081/2271 2220/3082/2272
f 2277/3083/2273 2266/3069/2259 2267/3034/2227
f 2278/3084/2274 2265/3081/2271 2266/3069/2259
f 2279/3085/2275 2220/3082/2272 2265/3081/2271
f 2244/3052/2245 2194/3050/2243 2201/3049/2242
f 2269/2855/2124 2271/3048/2241 2268/2854/2123
f 2270/2856/2125 2272/3051/2244 2269/2855/2124
f 2220/3082/2272 2270/2856/2125 2219/2704/1984
f 2268/2854/2123 2194/3050/2243 2193/2843/2112
f 2281/3067/2257 2283/2867/2136 2280/3057/2250
f 2274/3086/2276 2278/3084/2274 2277/3083/2273
f 2275/3087/2277 2279/3085/2275 2278/3084/2274
f 2183/3088/2278 2274/3086/2276 2212/3078/2268
f 2211/3089/2279 2275/3087/2277 2274/3086/2276
f 2210/3090/2280 2276/3091/2281 2275/3087/2277
f 2209/3092/2282 2221/3040/2233 2276/3091/2281
f 2276/3091/2281 2222/3022/2215 2279/3085/2275
f 2212/3078/2268 2277/3083/2273 2213/3033/2226
f 2282/3066/2256 2284/2866/2135 2281/3067/2257
f 2285/2865/2134 2192/2952/2155 2191/2853/2122
f 2280/3057/2250 2193/2843/2112 2194/3050/2243
f 2196/2906/2093 2119/3065/2139 2195/3064/2220
f 2183/3093/2278 2113/3094/2187 2111/3095/2189
f 2113/3094/2187 2186/3096/2265 2114/3097/2186
f 2186/3096/2265 2115/3098/2185 2114/3097/2186
f 2187/3099/2264 2107/3100/2184 2115/3098/2185
f 2110/3101/2151 2188/3102/2209 2116/3103/2150
f 2188/3102/2209 2117/3104/2148 2116/3103/2150
f 2189/3105/2208 2118/3106/2149 2117/3104/2148
f 2190/3107/2207 2109/3108/2147 2118/3106/2149
f 2208/3109/2258 2124/3110/1960 2128/3111/2179
f 2207/2868/2094 2128/3111/2179 2127/3112/1989
f 2107/3113/2184 2197/3114/2263 2121/3115/2193
f 2121/3115/2193 2198/3116/2269 2122/3117/2192
f 2122/3117/2192 2199/3118/2240 2123/3063/2157
f 2155/2957/2160 2140/2677/1961 2138/2934/2140
f 2204/3119/2213 2125/3120/2153 2124/3110/1960
f 2205/3121/2212 2126/3122/2152 2125/3120/2153
f 2126/3122/2152 2182/3123/2210 2110/3124/2151
f 2164/2958/1953 1964/2663/1948 1985/2678/1962
f 2184/3125/2232 2129/3126/2199 2112/3127/2165
f 2209/3128/2282 2130/3129/2198 2129/3126/2199
f 2210/3130/2280 2131/3131/2197 2130/3129/2198
f 2211/3132/2279 2111/3095/2189 2131/3131/2197
f 2108/3133/2169 2216/3134/2236 2132/3135/2168
f 2132/3135/2168 2217/3136/2234 2133/3137/2167
f 2133/3137/2167 2218/3138/2235 2134/3139/2166
f 2218/3138/2235 2112/3127/2165 2134/3139/2166
f 2181/3140/2255 2135/3141/2177 2109/3108/2147
f 2223/3142/2254 2136/3143/2176 2135/3141/2177
f 2224/3144/2253 2137/3145/2175 2136/3143/2176
f 2225/3146/2252 2108/3133/2169 2137/3145/2175
f 2168/2665/1950 1988/2726/2005 2167/2728/2007
f 1945/2656/1941 1977/2672/1957 1961/2639/1927
f 2292/3147/2283 2674/3148/2284 2395/3149/2285
f 2418/3150/2286 2489/3151/2287 2674/3148/2284
f 2489/3151/2287 2492/3152/2288 2674/3148/2284
f 2674/3148/2284 2311/3153/2289 2395/3149/2285
f 2322/3154/2290 2675/3155/2291 2489/3151/2287
f 2293/3156/2292 2675/3155/2291 2417/3157/2293
f 2405/3158/2294 2490/3159/2295 2675/3155/2291
f 2675/3155/2291 2351/3160/2296 2489/3151/2287
f 2490/3159/2295 2491/3161/2297 2351/3160/2296
f 2316/3162/2298 2676/3163/2299 2490/3159/2295
f 2406/3164/2300 2398/3165/2301 2676/3163/2299
f 2676/3163/2299 2312/3166/2302 2491/3161/2297
f 2492/3152/2288 2396/3167/2303 2311/3153/2289
f 2351/3160/2296 2677/3168/2304 2492/3152/2288
f 2491/3161/2297 2397/3169/2305 2677/3168/2304
f 2677/3168/2304 2286/3170/2306 2396/3167/2303
f 2440/3171/2307 2443/3172/2308 2300/3173/2309
f 2330/3174/2310 2678/3175/2311 2440/3171/2307
f 2493/3176/2312 2496/3177/2313 2678/3175/2311
f 2678/3175/2311 2332/3178/2314 2443/3172/2308
f 2439/3179/2315 2493/3176/2312 2330/3174/2310
f 2294/3180/2316 2679/3181/2317 2439/3179/2315
f 2407/3182/2318 2494/3183/2319 2679/3181/2317
f 2679/3181/2317 2352/3184/2320 2493/3176/2312
f 2494/3183/2319 2495/3185/2321 2352/3184/2320
f 2317/3186/2322 2680/3187/2323 2494/3183/2319
f 2680/3187/2323 2289/3188/2324 2400/3189/2325
f 2680/3187/2323 2313/3190/2326 2495/3185/2321
f 2496/3177/2313 2444/3191/2327 2332/3178/2314
f 2352/3184/2320 2681/3192/2328 2496/3177/2313
f 2495/3185/2321 2399/3193/2329 2681/3192/2328
f 2681/3192/2328 2298/3194/2330 2444/3191/2327
f 2438/3195/2331 2441/3196/2332 2299/3197/2333
f 2329/3198/2334 2682/3199/2335 2438/3195/2331
f 2497/3200/2336 2500/3201/2337 2682/3199/2335
f 2441/3196/2332 2500/3201/2337 2331/3202/2338
f 2329/3198/2334 2683/3203/2339 2497/3200/2336
f 2437/3204/2340 2413/3205/2341 2683/3203/2339
f 2413/3205/2341 2498/3206/2342 2683/3203/2339
f 2683/3203/2339 2353/3207/2343 2497/3200/2336
f 2498/3206/2342 2499/3208/2344 2353/3207/2343
f 2320/3209/2345 2684/3210/2346 2498/3206/2342
f 2684/3210/2346 2294/3180/2316 2439/3179/2315
f 2684/3210/2346 2330/3174/2310 2499/3208/2344
f 2500/3201/2337 2442/3211/2347 2331/3202/2338
f 2353/3207/2343 2685/3212/2348 2500/3201/2337
f 2499/3208/2344 2440/3171/2307 2685/3212/2348
f 2685/3212/2348 2300/3173/2309 2442/3211/2347
f 2402/3213/2349 2409/3214/2350 2287/3215/2351
f 2314/3216/2352 2686/3217/2353 2402/3213/2349
f 2686/3217/2353 2354/3218/2354 2504/3219/2355
f 2409/3214/2350 2504/3219/2355 2318/3220/2356
f 2314/3216/2352 2687/3221/2357 2501/3222/2358
f 2290/3223/2359 2687/3221/2357 2401/3224/2360
f 2687/3221/2357 2319/3225/2361 2502/3226/2362
f 2501/3222/2358 2502/3226/2362 2354/3218/2354
f 2502/3226/2362 2503/3227/2363 2354/3218/2354
f 2319/3225/2361 2688/3228/2364 2502/3226/2362
f 2412/3229/2365 2417/3157/2293 2688/3228/2364
f 2688/3228/2364 2322/3154/2290 2503/3227/2363
f 2318/3220/2356 2689/3230/2366 2410/3231/2367
f 2354/3218/2354 2689/3230/2366 2504/3219/2355
f 2503/3227/2363 2418/3150/2286 2689/3230/2366
f 2689/3230/2366 2292/3147/2283 2410/3231/2367
f 2419/3232/2368 2434/3233/2369 2297/3234/2370
f 2323/3235/2371 2690/3236/2372 2419/3232/2368
f 2505/3237/2373 2508/3238/2374 2690/3236/2372
f 2690/3236/2372 2327/3239/2375 2434/3233/2369
f 2420/3240/2376 2505/3237/2373 2323/3235/2371
f 2295/3241/2377 2691/3242/2378 2420/3240/2376
f 2421/3243/2379 2506/3244/2380 2691/3242/2378
f 2691/3242/2378 2355/3245/2381 2505/3237/2373
f 2506/3246/2380 2507/3247/2382 2355/3248/2381
f 2324/3249/2383 2692/3250/2384 2506/3246/2380
f 2422/3251/2385 2426/3252/2386 2692/3250/2384
f 2507/3247/2382 2692/3250/2384 2426/3252/2386
f 2508/3253/2374 2433/3254/2387 2327/3255/2375
f 2355/3248/2381 2693/3256/2388 2508/3253/2374
f 2507/3247/2382 2425/3257/2389 2693/3256/2388
f 2433/3254/2387 2693/3256/2388 2425/3257/2389
f 2695/3258/2390 2697/3259/2391 2694/3260/2392
f 2730/3261/2393 2696/3262/2394 2695/3258/2390
f 2696/3262/2394 2648/3263/2395 2428/3264/2396
f 2696/3262/2394 2427/3265/2397 2697/3259/2391
f 2698/3266/2398 2771/3267/2399 2770/3268/2400
f 2694/3260/2392 2699/3269/2401 2698/3266/2398
f 2697/3259/2391 2432/3270/2402 2699/3269/2401
f 2771/3267/2399 2432/3270/2402 2477/3271/2403
f 2429/3272/2404 2424/3273/2405 2296/3274/2406
f 2326/3275/2407 2700/3276/2408 2429/3272/2404
f 2509/3277/2409 2512/3278/2410 2700/3276/2408
f 2700/3276/2408 2325/3279/2411 2424/3273/2405
f 2430/3280/2412 2509/3277/2409 2326/3275/2407
f 2297/3234/2370 2701/3281/2413 2430/3280/2412
f 2434/3233/2369 2510/3282/2414 2701/3281/2413
f 2701/3281/2413 2356/3283/2415 2509/3277/2409
f 2510/3284/2414 2511/3285/2416 2356/3286/2415
f 2327/3255/2375 2702/3287/2417 2510/3284/2414
f 2702/3287/2417 2425/3257/2389 2431/3288/2418
f 2511/3285/2416 2702/3287/2417 2431/3288/2418
f 2512/3289/2410 2423/3290/2419 2325/3291/2411
f 2356/3286/2415 2703/3292/2420 2512/3289/2410
f 2703/3292/2420 2431/3288/2418 2475/3293/2421
f 2423/3290/2419 2703/3292/2420 2475/3293/2421
f 2579/3294/2422 2795/3295/2423 2839/3296/2424
f 2836/3297/2425 2642/3298/2426 2579/3294/2422
f 2654/3299/2427 2430/3280/2412 2704/3300/2428
f 2704/3300/2428 2326/3275/2407 2642/3298/2426
f 2716/3301/2429 2567/3302/2430 2648/3303/2395
f 2553/3304/2431 2705/3305/2432 2634/3306/2433
f 2705/3305/2432 2324/3307/2383 2421/3243/2379
f 2634/3306/2433 2421/3243/2379 2295/3241/2377
f 2311/3153/2289 2706/3308/2434 2635/3309/2435
f 2286/3170/2306 2706/3308/2434 2396/3167/2303
f 2721/3310/2436 2558/3311/2437 2653/3312/2438
f 2821/3313/2439 2631/3314/2440 2556/3315/2441
f 2414/3316/2442 2655/3317/2443 2294/3180/2316
f 2414/3316/2442 2652/3318/2444 2707/3319/2445
f 2592/3320/2446 2727/3321/2447 2845/3322/2448
f 2589/3323/2449 2707/3319/2445 2652/3318/2444
f 2554/3324/2450 2722/3325/2451 2823/3326/2452
f 2554/3324/2450 2708/3327/2453 2633/3328/2454
f 2708/3327/2453 2295/3241/2377 2420/3240/2376
f 2708/3327/2453 2323/3235/2371 2633/3328/2454
f 2848/3329/2455 2671/3330/2456 2797/3331/2457
f 2561/3332/2458 2709/3333/2459 2645/3334/2460
f 2398/3165/2301 2632/3335/2461 2312/3166/2302
f 2288/3336/2462 2710/3337/2463 2398/3165/2301
f 2876/3338/2464 2556/3315/2441 2631/3314/2440
f 2825/3339/2465 2643/3340/2466 2564/3341/2467
f 2287/3215/2351 2711/3342/2468 2455/3343/2469
f 2866/3344/2470 2670/3345/2471 2788/3346/2472
f 2865/3347/2473 2637/3348/2474 2582/3349/2475
f 2711/3342/2468 2338/3350/2476 2455/3343/2469
f 2847/3351/2477 2712/3352/2478 2709/3333/2459
f 2704/3300/2428 2560/3353/2479 2654/3299/2427
f 2835/3354/2480 2648/3303/2395 2567/3302/2430
f 2648/3263/2395 2713/3355/2481 2428/3264/2396
f 2313/3190/2326 2714/3356/2482 2649/3357/2483
f 2400/3189/2325 2646/3358/2484 2714/3356/2482
f 2729/3359/2485 2571/3360/2486 2656/3361/2487
f 2569/3362/2488 2714/3356/2482 2646/3358/2484
f 2657/3363/2489 2447/3364/2490 2301/3365/2491
f 2801/3366/2492 2605/3367/2493 2663/3368/2494
f 2599/3369/2495 2715/3370/2496 2657/3363/2489
f 2715/3370/2496 2334/3371/2497 2447/3364/2490
f 2831/3372/2498 2716/3301/2429 2730/3373/2393
f 2844/3374/2499 2730/3373/2393 2712/3352/2478
f 2573/3375/2500 2717/3376/2501 2724/3377/2502
f 2724/3378/2502 2432/3270/2402 2427/3265/2397
f 2317/3186/2322 2718/3379/2503 2647/3380/2504
f 2407/3182/2318 2655/3317/2443 2718/3379/2503
f 2834/3381/2505 2646/3358/2484 2731/3382/2506
f 2576/3383/2507 2718/3379/2503 2655/3317/2443
f 2340/3384/2508 2719/3385/2509 2459/3386/2510
f 2873/3387/2511 2664/3388/2512 2780/3389/2513
f 2870/3390/2514 2650/3391/2515 2626/3392/2516
f 2459/3386/2510 2651/3393/2517 2291/3394/2518
f 2620/3395/2519 2720/3396/2520 2641/3397/2521
f 2296/3274/2406 2720/3396/2520 2640/3398/2522
f 2473/3399/2523 2641/3397/2521 2720/3396/2520
f 2867/3400/2524 2641/3397/2521 2778/3401/2525
f 2395/3149/2285 2653/3312/2438 2292/3147/2283
f 2311/3153/2289 2721/3310/2436 2395/3149/2285
f 2565/3402/2526 2710/3337/2463 2825/3339/2465
f 2822/3403/2527 2635/3309/2435 2557/3404/2528
f 2824/3405/2529 2645/3334/2460 2728/3406/2530
f 2823/3326/2452 2654/3299/2427 2560/3353/2479
f 2633/3328/2454 2419/3232/2368 2722/3325/2451
f 2722/3325/2451 2297/3234/2370 2654/3299/2427
f 2435/3407/2531 2643/3340/2466 2288/3336/2462
f 2328/3408/2532 2723/3409/2533 2435/3407/2531
f 2849/3410/2534 2659/3411/2535 2779/3412/2536
f 2846/3413/2537 2644/3414/2538 2592/3320/2446
f 2835/3354/2480 2574/3415/2539 2713/3416/2481
f 2832/3417/2540 2713/3416/2481 2574/3415/2539
f 2724/3378/2502 2428/3264/2396 2713/3355/2481
f 2585/3418/2541 2871/3419/2542 2725/3420/2543
f 2793/3421/2544 2477/3271/2403 2725/3422/2543
f 2785/3423/2545 2607/3424/2546 2665/3425/2547
f 2320/3209/2345 2726/3426/2548 2652/3318/2444
f 2291/3394/2518 2726/3426/2548 2413/3205/2341
f 2707/3319/2445 2576/3383/2507 2655/3317/2443
f 2841/3427/2549 2651/3393/2517 2588/3428/2550
f 2436/3429/2551 2644/3414/2538 2328/3408/2532
f 2298/3194/2330 2727/3321/2447 2436/3429/2551
f 2723/3409/2533 2564/3341/2467 2643/3340/2466
f 2845/3322/2448 2656/3361/2487 2571/3360/2486
f 2827/3430/2552 2636/3431/2553 2705/3305/2432
f 2562/3432/2554 2728/3406/2530 2636/3431/2553
f 2728/3406/2530 2645/3334/2460 2422/3433/2385
f 2636/3431/2553 2422/3433/2385 2324/3307/2383
f 2399/3193/2329 2656/3361/2487 2298/3194/2330
f 2313/3190/2326 2729/3359/2485 2399/3193/2329
f 2833/3434/2555 2647/3380/2504 2718/3379/2503
f 2830/3435/2556 2649/3357/2483 2570/3436/2557
f 2724/3377/2502 2832/3417/2540 2573/3375/2500
f 2289/3188/2324 2731/3382/2506 2646/3358/2484
f 2408/3437/2558 2647/3380/2504 2731/3382/2506
f 2581/3438/2559 2800/3439/2560 2837/3440/2561
f 2577/3441/2562 2731/3382/2506 2647/3380/2504
f 2475/3293/2421 2732/3442/2563 2804/3443/2564
f 2732/3442/2563 2805/3444/2565 2804/3443/2564
f 2425/3257/2389 2732/3442/2563 2431/3288/2418
f 2734/3445/2566 2733/3446/2567 2732/3442/2563
f 2737/3447/2568 2698/3266/2398 2733/3446/2567
f 2733/3446/2567 2770/3268/2400 2805/3444/2565
f 2426/3252/2386 2734/3445/2566 2425/3257/2389
f 2735/3448/2569 2737/3447/2568 2734/3445/2566
f 2645/3449/2460 2735/3448/2569 2426/3252/2386
f 2709/3450/2459 2736/3451/2570 2735/3448/2569
f 2712/3452/2478 2695/3258/2390 2736/3451/2570
f 2736/3451/2570 2694/3260/2392 2737/3447/2568
f 2404/3453/2571 2411/3454/2572 2290/3223/2359
f 2315/3455/2573 2738/3456/2574 2404/3453/2571
f 2738/3456/2574 2357/3457/2575 2516/3458/2576
f 2411/3454/2572 2516/3458/2576 2319/3225/2361
f 2315/3455/2573 2739/3459/2577 2513/3460/2578
f 2403/3461/2579 2441/3196/2332 2739/3459/2577
f 2441/3196/2332 2514/3462/2580 2739/3459/2577
f 2739/3459/2577 2357/3457/2575 2513/3460/2578
f 2514/3462/2580 2515/3463/2581 2357/3457/2575
f 2331/3202/2338 2740/3464/2582 2514/3462/2580
f 2442/3211/2347 2415/3465/2583 2740/3464/2582
f 2740/3464/2582 2321/3466/2584 2515/3463/2581
f 2319/3225/2361 2741/3467/2585 2412/3229/2365
f 2357/3457/2575 2741/3467/2585 2516/3458/2576
f 2515/3463/2581 2416/3468/2586 2741/3467/2585
f 2741/3467/2585 2293/3156/2292 2412/3229/2365
f 2416/3468/2586 2405/3158/2294 2293/3156/2292
f 2321/3466/2584 2742/3469/2587 2416/3468/2586
f 2517/3470/2588 2520/3471/2589 2742/3469/2587
f 2742/3469/2587 2316/3162/2298 2405/3158/2294
f 2415/3465/2583 2517/3470/2588 2321/3466/2584
f 2300/3173/2309 2743/3472/2590 2415/3465/2583
f 2443/3172/2308 2518/3473/2591 2743/3472/2590
f 2743/3472/2590 2358/3474/2592 2517/3470/2588
f 2518/3473/2591 2519/3475/2593 2358/3474/2592
f 2332/3178/2314 2744/3476/2594 2518/3473/2591
f 2444/3191/2327 2436/3429/2551 2744/3476/2594
f 2744/3476/2594 2328/3408/2532 2519/3475/2593
f 2520/3471/2589 2406/3164/2300 2316/3162/2298
f 2358/3474/2592 2745/3477/2595 2520/3471/2589
f 2519/3475/2593 2435/3407/2531 2745/3477/2595
f 2745/3477/2595 2288/3336/2462 2406/3164/2300
f 2304/3478/2596 2746/3479/2597 2464/3480/2598
f 2445/3481/2599 2521/3482/2600 2746/3479/2597
f 2746/3479/2597 2359/3483/2601 2524/3484/2602
f 2464/3480/2598 2524/3484/2602 2342/3485/2603
f 2446/3486/2604 2521/3482/2600 2333/3487/2605
f 2301/3365/2491 2747/3488/2606 2446/3486/2604
f 2447/3364/2490 2522/3489/2607 2747/3488/2606
f 2747/3488/2606 2359/3483/2601 2521/3482/2600
f 2522/3489/2607 2523/3490/2608 2359/3483/2601
f 2334/3371/2497 2748/3491/2609 2522/3489/2607
f 2448/3492/2610 2452/3493/2611 2748/3491/2609
f 2748/3491/2609 2336/3494/2612 2523/3490/2608
f 2342/3485/2603 2749/3495/2613 2463/3496/2614
f 2524/3484/2602 2523/3490/2608 2749/3495/2613
f 2523/3490/2608 2451/3497/2615 2749/3495/2613
f 2749/3495/2613 2305/3498/2616 2463/3496/2614
f 2487/3499/2617 2484/3500/2618 2310/3501/2619
f 2350/3502/2620 2750/3503/2621 2487/3499/2617
f 2525/3504/2622 2528/3505/2623 2750/3503/2621
f 2750/3503/2621 2348/3506/2624 2484/3500/2618
f 2488/3507/2625 2525/3504/2622 2350/3502/2620
f 2309/3508/2626 2751/3509/2627 2488/3507/2625
f 2449/3510/2628 2526/3511/2629 2751/3509/2627
f 2751/3509/2627 2360/3512/2630 2525/3504/2622
f 2526/3511/2629 2527/3513/2631 2360/3512/2630
f 2335/3514/2632 2752/3515/2633 2526/3511/2629
f 2752/3515/2633 2303/3516/2634 2454/3517/2635
f 2752/3515/2633 2337/3518/2636 2527/3513/2631
f 2528/3505/2623 2483/3519/2637 2348/3506/2624
f 2360/3512/2630 2753/3520/2638 2528/3505/2623
f 2527/3513/2631 2453/3521/2639 2753/3520/2638
f 2753/3520/2638 2306/3522/2640 2483/3519/2637
f 2485/3523/2641 2438/3195/2331 2299/3197/2333
f 2349/3524/2642 2754/3525/2643 2485/3523/2641
f 2754/3525/2643 2361/3526/2644 2532/3527/2645
f 2754/3525/2643 2329/3198/2334 2438/3195/2331
f 2486/3528/2646 2529/3529/2647 2349/3524/2642
f 2310/3501/2619 2755/3530/2648 2486/3528/2646
f 2484/3500/2618 2530/3531/2649 2755/3530/2648
f 2755/3530/2648 2361/3526/2644 2529/3529/2647
f 2361/3526/2644 2756/3532/2650 2531/3533/2651
f 2530/3531/2649 2483/3519/2637 2756/3532/2650
f 2756/3532/2650 2306/3522/2640 2460/3534/2652
f 2531/3533/2651 2460/3534/2652 2340/3384/2508
f 2532/3527/2645 2437/3204/2340 2329/3198/2334
f 2361/3526/2644 2757/3535/2653 2532/3527/2645
f 2531/3533/2651 2459/3386/2510 2757/3535/2653
f 2757/3535/2653 2291/3394/2518 2437/3204/2340
f 2455/3343/2469 2402/3213/2349 2287/3215/2351
f 2455/3343/2469 2533/3536/2654 2758/3537/2655
f 2758/3537/2655 2362/3538/2656 2536/3539/2657
f 2758/3537/2655 2314/3216/2352 2402/3213/2349
f 2338/3350/2476 2759/3540/2658 2533/3536/2654
f 2304/3478/2596 2759/3540/2658 2456/3541/2659
f 2464/3480/2598 2534/3542/2660 2759/3540/2658
f 2759/3540/2658 2362/3538/2656 2533/3536/2654
f 2534/3542/2660 2535/3543/2661 2362/3538/2656
f 2342/3485/2603 2760/3544/2662 2534/3542/2660
f 2463/3496/2614 2458/3545/2663 2760/3544/2662
f 2535/3543/2661 2458/3545/2663 2339/3546/2664
f 2314/3216/2352 2761/3547/2665 2401/3224/2360
f 2362/3538/2656 2761/3547/2665 2536/3539/2657
f 2535/3543/2661 2457/3548/2666 2761/3547/2665
f 2401/3224/2360 2457/3548/2666 2290/3223/2359
f 2480/3549/2667 2465/3550/2668 2308/3551/2669
f 2346/3552/2670 2762/3553/2671 2480/3549/2667
f 2537/3554/2672 2540/3555/2673 2762/3553/2671
f 2762/3553/2671 2343/3556/2674 2465/3550/2668
f 2479/3557/2675 2537/3558/2672 2346/3559/2670
f 2479/3557/2675 2469/3560/2676 2763/3561/2677
f 2469/3560/2676 2538/3562/2678 2763/3561/2677
f 2763/3561/2677 2363/3563/2679 2537/3558/2672
f 2538/3562/2678 2539/3564/2680 2363/3563/2679
f 2538/3562/2678 2470/3565/2681 2764/3566/2682
f 2470/3565/2681 2468/3567/2683 2764/3566/2682
f 2764/3566/2682 2344/3568/2684 2539/3564/2680
f 2540/3555/2673 2466/3569/2685 2343/3556/2674
f 2363/3570/2679 2765/3571/2686 2540/3555/2673
f 2539/3572/2680 2467/3573/2687 2765/3571/2686
f 2765/3571/2686 2307/3574/2688 2466/3569/2685
f 2767/3575/2689 2769/3576/2690 2766/3577/2691
f 2471/3578/2692 2768/3579/2693 2767/3575/2689
f 2768/3579/2693 2669/3580/2694 2791/3581/2695
f 2768/3579/2693 2803/3582/2696 2769/3576/2690
f 2771/3267/2399 2773/3583/2697 2770/3268/2400
f 2771/3267/2399 2478/3584/2698 2772/3585/2699
f 2478/3584/2698 2767/3575/2689 2772/3585/2699
f 2772/3585/2699 2766/3577/2691 2773/3583/2697
f 2424/3273/2405 2473/3399/2523 2296/3274/2406
f 2325/3279/2411 2774/3586/2700 2424/3273/2405
f 2541/3587/2701 2544/3588/2702 2774/3586/2700
f 2774/3586/2700 2345/3589/2703 2473/3399/2523
f 2423/3290/2419 2541/3590/2701 2325/3291/2411
f 2423/3290/2419 2475/3293/2421 2775/3591/2704
f 2775/3591/2704 2476/3592/2705 2542/3593/2706
f 2775/3591/2704 2364/3594/2707 2541/3590/2701
f 2542/3593/2706 2543/3595/2708 2364/3594/2707
f 2542/3593/2706 2476/3592/2705 2776/3596/2709
f 2476/3592/2705 2479/3557/2675 2776/3596/2709
f 2776/3596/2709 2346/3559/2670 2543/3595/2708
f 2544/3588/2702 2474/3597/2710 2345/3589/2703
f 2364/3598/2707 2777/3599/2711 2544/3588/2702
f 2543/3600/2708 2480/3549/2667 2777/3599/2711
f 2777/3599/2711 2308/3551/2669 2474/3597/2710
f 2594/3601/2712 2778/3401/2525 2671/3330/2456
f 2345/3589/2703 2778/3401/2525 2641/3397/2521
f 2474/3597/2710 2671/3330/2456 2778/3401/2525
f 2793/3602/2544 2619/3603/2713 2799/3604/2714
f 2670/3345/2471 2445/3481/2599 2304/3478/2596
f 2850/3605/2715 2657/3363/2489 2782/3606/2716
f 2597/3607/2717 2779/3412/2536 2670/3345/2471
f 2445/3481/2599 2659/3411/2535 2333/3487/2605
f 2663/3368/2494 2481/3608/2718 2302/3609/2719
f 2874/3610/2720 2673/3611/2721 2792/3612/2722
f 2605/3367/2493 2780/3389/2513 2663/3368/2494
f 2780/3389/2513 2347/3613/2723 2481/3608/2718
f 2852/3614/2724 2661/3615/2725 2602/3616/2726
f 2660/3617/2727 2467/3573/2687 2781/3618/2728
f 2781/3618/2728 2344/3619/2684 2661/3615/2725
f 2602/3616/2726 2802/3620/2729 2855/3621/2730
f 2333/3487/2605 2782/3606/2716 2446/3486/2604
f 2853/3622/2731 2658/3623/2732 2715/3370/2496
f 2598/3624/2733 2782/3606/2716 2659/3411/2535
f 2782/3606/2716 2301/3365/2491 2446/3486/2604
f 2851/3625/2734 2660/3617/2727 2601/3626/2735
f 2343/3556/2674 2783/3627/2736 2662/3628/2737
f 2783/3627/2736 2307/3574/2688 2660/3617/2727
f 2781/3618/2728 2601/3626/2735 2660/3617/2727
f 2303/3516/2634 2784/3629/2738 2454/3517/2635
f 2798/3630/2739 2617/3631/2740 2672/3632/2741
f 2861/3633/2742 2666/3634/2743 2611/3635/2744
f 2454/3517/2635 2667/3636/2745 2337/3518/2636
f 2872/3637/2746 2786/3638/2747 2875/3639/2748
f 2875/3639/2748 2803/3640/2696 2856/3641/2749
f 2557/3404/2528 2706/3308/2434 2821/3313/2439
f 2673/3611/2721 2449/3510/2628 2309/3508/2626
f 2790/3642/2750 2611/3635/2744 2666/3634/2743
f 2609/3643/2751 2787/3644/2752 2673/3611/2721
f 2787/3644/2752 2335/3514/2632 2449/3510/2628
f 2638/3645/2753 2456/3541/2659 2338/3350/2476
f 2626/3392/2516 2796/3646/2754 2869/3647/2755
f 2622/3648/2756 2788/3346/2472 2638/3645/2753
f 2788/3346/2472 2304/3478/2596 2456/3541/2659
f 2614/3649/2757 2860/3650/2758 2789/3651/2759
f 2669/3580/2694 2472/3652/2760 2789/3653/2759
f 2863/3654/2761 2789/3651/2759 2799/3604/2714
f 2335/3514/2632 2790/3642/2750 2450/3655/2762
f 2616/3656/2763 2784/3629/2738 2861/3633/2742
f 2858/3657/2764 2668/3658/2765 2610/3659/2766
f 2450/3655/2762 2666/3634/2743 2303/3516/2634
f 2613/3660/2767 2791/3661/2695 2669/3662/2694
f 2860/3650/2758 2669/3662/2694 2789/3651/2759
f 2664/3388/2512 2482/3663/2768 2347/3613/2723
f 2629/3664/2769 2792/3612/2722 2664/3388/2512
f 2792/3612/2722 2309/3508/2626 2482/3663/2768
f 2624/3665/2770 2868/3666/2771 2793/3602/2544
f 2799/3667/2714 2478/3584/2698 2793/3421/2544
f 2871/3419/2542 2793/3602/2544 2725/3420/2543
f 2409/3214/2350 2637/3348/2474 2287/3215/2351
f 2318/3220/2356 2794/3668/2772 2409/3214/2350
f 2841/3427/2549 2652/3318/2444 2726/3426/2548
f 2838/3669/2773 2639/3670/2774 2581/3438/2559
f 2725/3420/2543 2840/3671/2775 2585/3418/2541
f 2839/3296/2424 2640/3398/2522 2584/3672/2776
f 2642/3298/2426 2429/3272/2404 2795/3295/2423
f 2795/3295/2423 2296/3274/2406 2640/3398/2522
f 2672/3632/2741 2460/3534/2652 2306/3522/2640
f 2870/3390/2514 2651/3393/2517 2719/3385/2509
f 2617/3631/2740 2796/3646/2754 2672/3632/2741
f 2460/3534/2652 2650/3391/2515 2340/3384/2508
f 2595/3673/2777 2797/3331/2457 2662/3628/2737
f 2308/3551/2669 2797/3331/2457 2671/3330/2456
f 2465/3550/2668 2662/3628/2737 2797/3331/2457
f 2595/3673/2777 2783/3627/2736 2851/3625/2734
f 2337/3518/2636 2798/3630/2739 2453/3521/2639
f 2865/3347/2473 2638/3645/2753 2711/3342/2468
f 2862/3674/2778 2667/3636/2745 2616/3656/2763
f 2453/3521/2639 2672/3632/2741 2306/3522/2640
f 2619/3603/2713 2863/3654/2761 2799/3604/2714
f 2472/3652/2760 2799/3667/2714 2789/3653/2759
f 2864/3675/2779 2640/3398/2522 2720/3396/2520
f 2410/3231/2367 2639/3670/2774 2318/3220/2356
f 2292/3147/2283 2800/3439/2560 2410/3231/2367
f 2794/3668/2772 2582/3349/2475 2637/3348/2474
f 2837/3440/2561 2653/3312/2438 2558/3311/2437
f 2843/3676/2780 2586/3677/2781 2717/3376/2501
f 2840/3671/2775 2717/3376/2501 2586/3677/2781
f 2717/3678/2501 2477/3271/2403 2432/3270/2402
f 2658/3623/2732 2448/3492/2610 2334/3371/2497
f 2857/3679/2782 2668/3658/2765 2787/3644/2752
f 2604/3680/2783 2801/3366/2492 2658/3623/2732
f 2801/3366/2492 2302/3609/2719 2448/3492/2610
f 2855/3621/2730 2665/3425/2547 2607/3424/2546
f 2661/3615/2725 2468/3681/2683 2802/3620/2729
f 2802/3620/2729 2468/3681/2683 2665/3425/2547
f 2856/3641/2749 2791/3661/2695 2859/3682/2784
f 2805/3444/2565 2807/3683/2785 2804/3443/2564
f 2475/3293/2421 2807/3683/2785 2476/3592/2705
f 2770/3268/2400 2806/3684/2786 2805/3444/2565
f 2773/3583/2697 2809/3685/2787 2806/3684/2786
f 2806/3684/2786 2808/3686/2788 2807/3683/2785
f 2807/3683/2785 2469/3560/2676 2476/3592/2705
f 2809/3685/2787 2811/3687/2789 2808/3686/2788
f 2808/3686/2788 2470/3565/2681 2469/3560/2676
f 2766/3577/2691 2810/3688/2790 2809/3685/2787
f 2769/3576/2690 2786/3689/2747 2810/3688/2790
f 2810/3688/2790 2785/3690/2545 2811/3687/2789
f 2811/3687/2789 2665/3691/2547 2470/3565/2681
f 2290/3223/2359 2812/3692/2791 2404/3453/2571
f 2339/3546/2664 2812/3692/2791 2457/3548/2666
f 2545/3693/2792 2548/3694/2793 2812/3692/2791
f 2404/3453/2571 2548/3694/2793 2315/3455/2573
f 2458/3545/2663 2545/3693/2792 2339/3546/2664
f 2305/3498/2616 2813/3695/2794 2458/3545/2663
f 2462/3696/2795 2546/3697/2796 2813/3695/2794
f 2813/3695/2794 2365/3698/2797 2545/3693/2792
f 2546/3697/2796 2547/3699/2798 2365/3698/2797
f 2341/3700/2799 2814/3701/2800 2546/3697/2796
f 2461/3702/2801 2486/3528/2646 2814/3701/2800
f 2814/3701/2800 2349/3524/2642 2547/3699/2798
f 2315/3455/2573 2815/3703/2802 2403/3461/2579
f 2365/3698/2797 2815/3703/2802 2548/3694/2793
f 2547/3699/2798 2485/3523/2641 2815/3703/2802
f 2403/3461/2579 2485/3523/2641 2299/3197/2333
f 2451/3497/2615 2462/3696/2795 2305/3498/2616
f 2336/3494/2612 2816/3704/2803 2451/3497/2615
f 2549/3705/2804 2552/3706/2805 2816/3704/2803
f 2816/3704/2803 2341/3700/2799 2462/3696/2795
f 2452/3493/2611 2549/3705/2804 2336/3494/2612
f 2302/3609/2719 2817/3707/2806 2452/3493/2611
f 2481/3608/2718 2550/3708/2807 2817/3707/2806
f 2817/3707/2806 2366/3709/2808 2549/3705/2804
f 2550/3708/2807 2551/3710/2809 2366/3709/2808
f 2347/3613/2723 2818/3711/2810 2550/3708/2807
f 2482/3663/2768 2488/3507/2625 2818/3711/2810
f 2818/3711/2810 2350/3502/2620 2551/3710/2809
f 2552/3706/2805 2461/3702/2801 2341/3700/2799
f 2366/3709/2808 2819/3712/2811 2552/3706/2805
f 2551/3710/2809 2487/3499/2617 2819/3712/2811
f 2819/3712/2811 2310/3501/2619 2461/3702/2801
f 2820/3713/2812 2381/3714/2813 2555/3715/2814
f 2553/3304/2431 2555/3715/2814 2367/3716/2815
f 2367/3717/2815 2821/3313/2439 2556/3315/2441
f 2555/3718/2814 2557/3404/2528 2821/3313/2439
f 2557/3404/2528 2559/3719/2816 2822/3403/2527
f 2822/3403/2527 2372/3720/2817 2558/3311/2437
f 2559/3721/2816 2560/3353/2479 2372/3722/2817
f 2381/3714/2813 2823/3326/2452 2559/3721/2816
f 2824/3405/2529 2382/3723/2818 2563/3724/2819
f 2561/3332/2458 2563/3724/2819 2369/3725/2820
f 2369/3726/2820 2825/3339/2465 2564/3341/2467
f 2563/3727/2819 2565/3402/2526 2825/3339/2465
f 2632/3335/2461 2826/3728/2821 2876/3338/2464
f 2829/3729/2822 2649/3357/2483 2714/3356/2482
f 2826/3728/2821 2382/3730/2818 2566/3731/2823
f 2556/3315/2441 2566/3731/2823 2367/3717/2815
f 2367/3716/2815 2827/3430/2552 2553/3304/2431
f 2566/3732/2823 2562/3432/2554 2827/3430/2552
f 2828/3733/2824 2383/3734/2825 2568/3735/2826
f 2567/3302/2430 2568/3735/2826 2370/3736/2827
f 2370/3737/2827 2829/3729/2822 2569/3362/2488
f 2383/3738/2825 2829/3729/2822 2568/3739/2826
f 2570/3436/2557 2572/3740/2828 2830/3435/2556
f 2830/3435/2556 2374/3741/2829 2571/3360/2486
f 2374/3742/2829 2572/3743/2828 2831/3372/2498
f 2572/3743/2828 2828/3733/2824 2831/3372/2498
f 2574/3415/2539 2575/3744/2830 2832/3417/2540
f 2832/3417/2540 2373/3745/2831 2573/3375/2500
f 2373/3746/2831 2833/3434/2555 2576/3383/2507
f 2575/3747/2830 2577/3441/2562 2833/3434/2555
f 2834/3381/2505 2384/3748/2832 2578/3749/2833
f 2569/3362/2488 2578/3749/2833 2370/3737/2827
f 2578/3750/2833 2567/3302/2430 2370/3736/2827
f 2384/3751/2832 2835/3354/2480 2578/3750/2833
f 2579/3294/2422 2580/3752/2834 2836/3297/2425
f 2836/3297/2425 2372/3722/2817 2560/3353/2479
f 2580/3753/2834 2558/3311/2437 2372/3720/2817
f 2385/3754/2835 2837/3440/2561 2580/3753/2834
f 2581/3438/2559 2583/3755/2836 2838/3669/2773
f 2838/3669/2773 2368/3756/2837 2582/3349/2475
f 2583/3757/2836 2584/3672/2776 2368/3758/2837
f 2385/3759/2835 2839/3296/2424 2583/3757/2836
f 2840/3671/2775 2386/3760/2838 2587/3761/2839
f 2585/3418/2541 2587/3761/2839 2371/3762/2840
f 2587/3763/2839 2588/3428/2550 2371/3764/2840
f 2587/3763/2839 2589/3323/2449 2841/3427/2549
f 2842/3765/2841 2386/3766/2838 2590/3767/2842
f 2576/3383/2507 2590/3767/2842 2373/3746/2831
f 2373/3745/2831 2843/3676/2780 2573/3375/2500
f 2590/3768/2842 2586/3677/2781 2843/3676/2780
f 2844/3374/2499 2387/3769/2843 2591/3770/2844
f 2831/3372/2498 2591/3770/2844 2374/3742/2829
f 2591/3771/2844 2571/3360/2486 2374/3741/2829
f 2591/3771/2844 2592/3320/2446 2845/3322/2448
f 2846/3413/2537 2387/3772/2843 2593/3773/2845
f 2564/3341/2467 2593/3773/2845 2369/3726/2820
f 2369/3725/2820 2847/3351/2477 2561/3332/2458
f 2387/3769/2843 2847/3351/2477 2593/3774/2845
f 2848/3329/2455 2388/3775/2846 2596/3776/2847
f 2594/3601/2712 2596/3776/2847 2378/3777/2848
f 2378/3778/2848 2849/3410/2534 2597/3607/2717
f 2596/3779/2847 2598/3624/2733 2849/3410/2534
f 2850/3605/2715 2388/3780/2846 2600/3781/2849
f 2599/3369/2495 2600/3781/2849 2375/3782/2850
f 2600/3783/2849 2601/3626/2735 2375/3784/2850
f 2388/3775/2846 2851/3625/2734 2600/3783/2849
f 2602/3616/2726 2603/3785/2851 2852/3614/2724
f 2852/3614/2724 2375/3784/2850 2601/3626/2735
f 2603/3786/2851 2599/3369/2495 2375/3782/2850
f 2389/3787/2852 2853/3622/2731 2603/3786/2851
f 2604/3680/2783 2606/3788/2853 2854/3789/2854
f 2854/3789/2854 2376/3790/2855 2605/3367/2493
f 2606/3791/2853 2607/3424/2546 2376/3792/2855
f 2389/3793/2852 2855/3621/2730 2606/3791/2853
f 2859/3682/2784 2608/3794/2856 2856/3641/2749
f 2856/3641/2749 2608/3794/2856 2380/3795/2857
f 2380/3796/2857 2857/3679/2782 2609/3643/2751
f 2608/3797/2856 2610/3659/2766 2857/3679/2782
f 2858/3657/2764 2390/3798/2858 2612/3799/2859
f 2858/3657/2764 2377/3800/2860 2611/3635/2744
f 2612/3801/2859 2613/3660/2767 2377/3802/2860
f 2612/3801/2859 2390/3803/2858 2859/3682/2784
f 2860/3650/2758 2391/3804/2861 2615/3805/2862
f 2613/3660/2767 2615/3805/2862 2377/3802/2860
f 2615/3806/2862 2611/3635/2744 2377/3800/2860
f 2391/3807/2861 2861/3633/2742 2615/3806/2862
f 2616/3656/2763 2618/3808/2863 2862/3674/2778
f 2862/3674/2778 2379/3809/2864 2617/3631/2740
f 2379/3810/2864 2863/3654/2761 2619/3603/2713
f 2618/3811/2863 2614/3649/2757 2863/3654/2761
f 2864/3675/2779 2392/3812/2865 2621/3813/2866
f 2584/3672/2776 2621/3813/2866 2368/3758/2837
f 2621/3814/2866 2582/3349/2475 2368/3756/2837
f 2621/3814/2866 2622/3648/2756 2865/3347/2473
f 2866/3344/2470 2392/3815/2865 2623/3816/2867
f 2597/3607/2717 2623/3816/2867 2378/3778/2848
f 2378/3777/2848 2867/3400/2524 2594/3601/2712
f 2623/3817/2867 2620/3395/2519 2867/3400/2524
f 2624/3665/2770 2625/3818/2868 2868/3666/2771
f 2868/3666/2771 2379/3810/2864 2619/3603/2713
f 2379/3809/2864 2869/3647/2755 2617/3631/2740
f 2393/3819/2869 2869/3647/2755 2625/3820/2868
f 2626/3392/2516 2627/3821/2870 2870/3390/2514
f 2870/3390/2514 2371/3764/2840 2588/3428/2550
f 2627/3822/2870 2585/3418/2541 2371/3762/2840
f 2393/3823/2869 2871/3419/2542 2627/3822/2870
f 2872/3637/2746 2394/3824/2871 2628/3825/2872
f 2872/3637/2746 2376/3792/2855 2607/3424/2546
f 2628/3826/2872 2605/3367/2493 2376/3790/2855
f 2394/3827/2871 2873/3387/2511 2628/3826/2872
f 2629/3664/2769 2630/3828/2873 2874/3610/2720
f 2609/3643/2751 2630/3828/2873 2380/3796/2857
f 2630/3829/2873 2856/3641/2749 2380/3795/2857
f 2630/3829/2873 2394/3824/2871 2875/3639/2748
f 2397/3169/2305 2631/3314/2440 2286/3170/2306
f 2312/3166/2302 2876/3338/2464 2397/3169/2305
f 2820/3713/2812 2634/3306/2433 2708/3327/2453
f 2978/3830/2874 2936/3831/2875 2977/3832/2876
f 2886/3833/2877 2993/3834/2878 2996/3835/2879
f 2972/3836/2880 2933/3837/2881 2971/3838/2882
f 2965/3839/2883 2915/3840/2884 2930/3841/2885
f 2913/3842/2886 2924/3843/2887 2931/3844/2888
f 2928/3845/2889 2881/3846/2890 2921/3847/2891
f 2963/3848/2892 2906/3849/2893 2939/3850/2894
f 2960/3851/2895 2957/3852/2896 2959/3853/2897
f 2974/3854/2898 2954/3855/2899 2973/3856/2900
f 2967/3857/2901 2901/3858/2902 2951/3859/2903
f 2969/3860/2904 2903/3861/2905 2942/3862/2906
f 2976/3863/2907 2945/3864/2908 2975/3865/2909
f 2961/3866/2910 2891/3867/2911 2948/3868/2912
f 2937/3869/2913 2880/3870/2914 2920/3871/2915
f 2940/3872/2916 2883/3873/2917 2923/3874/2918
f 2898/3875/2919 2926/3876/2920 2943/3877/2921
f 2946/3878/2922 2878/3879/2923 2919/3880/2924
f 2949/3881/2925 2882/3882/2926 2922/3883/2927
f 2894/3884/2928 2925/3885/2929 2952/3886/2930
f 2888/3887/2931 2918/3888/2932 2955/3889/2933
f 2928/3845/2889 2902/3890/2934 2929/3891/2935
f 2929/3891/2935 2901/3858/2902 2930/3841/2885
f 2894/3884/2928 2932/3892/2936 2931/3844/2888
f 2896/3893/2937 2933/3837/2881 2932/3892/2936
f 2888/3887/2931 2935/3894/2938 2934/3895/2939
f 2890/3896/2940 2936/3831/2875 2935/3894/2938
f 2937/3869/2913 2917/3897/2941 2938/3898/2942
f 2938/3898/2942 2915/3840/2884 2939/3850/2894
f 2913/3842/2886 2941/3899/2943 2940/3872/2916
f 2914/3900/2944 2942/3862/2906 2941/3899/2943
f 2910/3901/2945 2944/3902/2946 2943/3877/2921
f 2911/3903/2947 2945/3864/2908 2944/3902/2946
f 2946/3878/2922 2908/3904/2948 2947/3905/2949
f 2947/3905/2949 2906/3849/2893 2948/3868/2912
f 2949/3881/2925 2905/3906/2950 2950/3907/2951
f 2950/3907/2951 2903/3861/2905 2951/3859/2903
f 2898/3875/2919 2953/3908/2952 2952/3886/2930
f 2899/3909/2953 2954/3855/2899 2953/3908/2952
f 2955/3910/2933 2893/3911/2954 2956/3912/2955
f 2956/3912/2955 2891/3867/2911 2957/3913/2896
f 2910/3901/2945 2927/3914/2956 2934/3895/2939
f 2934/3895/2939 2879/3915/2957 2888/3887/2931
f 2956/3916/2955 2889/3917/2958 2890/3896/2940
f 2955/3889/2933 2890/3896/2940 2888/3887/2931
f 2953/3908/2952 2895/3918/2959 2896/3893/2937
f 2952/3886/2930 2896/3893/2937 2894/3884/2928
f 2902/3890/2934 2951/3859/2903 2901/3858/2902
f 2900/3919/2960 2950/3907/2951 2902/3890/2934
f 2893/3911/2954 2948/3868/2912 2891/3867/2911
f 2892/3920/2961 2947/3905/2949 2893/3911/2954
f 2944/3902/2946 2897/3921/2962 2899/3909/2953
f 2943/3877/2921 2899/3909/2953 2898/3875/2919
f 2905/3906/2950 2942/3862/2906 2903/3861/2905
f 2904/3922/2963 2941/3899/2943 2905/3906/2950
f 2908/3904/2948 2939/3850/2894 2906/3849/2893
f 2907/3923/2964 2938/3898/2942 2908/3904/2948
f 2935/3894/2938 2909/3924/2965 2911/3903/2947
f 2934/3895/2939 2911/3903/2947 2910/3901/2945
f 2932/3892/2936 2912/3925/2966 2914/3900/2944
f 2931/3844/2888 2914/3900/2944 2913/3842/2886
f 2917/3897/2941 2930/3841/2885 2915/3840/2884
f 2916/3926/2967 2929/3891/2935 2917/3897/2941
f 2892/3920/2961 2918/3927/2932 2878/3879/2923
f 2952/3886/2930 2886/3928/2968 2898/3875/2919
f 2904/3922/2963 2922/3883/2927 2883/3873/2917
f 2907/3923/2964 2919/3880/2924 2880/3870/2914
f 2943/3877/2921 2887/3929/2969 2910/3901/2945
f 2940/3872/2916 2884/3930/2970 2913/3842/2886
f 2916/3926/2967 2920/3871/2915 2881/3846/2890
f 2964/3931/2971 2948/3868/2912 2906/3849/2893
f 2975/3865/2909 2909/3924/2965 2978/3830/2874
f 2969/3860/2904 2912/3925/2966 2972/3836/2880
f 2970/3932/2972 2951/3859/2903 2903/3861/2905
f 2973/3856/2900 2897/3921/2962 2976/3863/2907
f 2962/3933/2973 2957/3913/2896 2891/3867/2911
f 2966/3934/2974 2939/3850/2894 2915/3840/2884
f 2900/3919/2960 2921/3847/2891 2882/3882/2926
f 2931/3844/2888 2885/3935/2975 2894/3884/2928
f 2968/3936/2976 2930/3841/2885 2901/3858/2902
f 2971/3838/2882 2895/3918/2959 2974/3854/2898
f 2977/3832/2876 2889/3917/2958 2960/3851/2895
f 2919/3937/2977 2982/3938/2978 2981/3939/2979
f 2878/3940/2980 2979/3941/2981 2982/3938/2978
f 2887/3942/2982 2997/3943/2983 2927/3944/2984
f 2926/3945/2985 2998/3946/2986 2887/3942/2982
f 2920/3947/2987 2984/3948/2988 2983/3949/2989
f 2880/3950/2990 2981/3939/2979 2984/3948/2988
f 2927/3944/2984 2980/3951/2991 2879/3952/2992
f 2881/3953/2993 2985/3954/2994 2921/3955/2995
f 2881/3953/2993 2983/3949/2989 2986/3956/2996
f 2882/3957/2997 2987/3958/2998 2922/3959/2999
f 2921/3955/2995 2988/3960/3000 2882/3957/2997
f 2883/3961/3001 2989/3962/3002 2923/3963/3003
f 2922/3959/2999 2990/3964/3004 2883/3961/3001
f 2924/3965/3005 2992/3966/3006 2991/3967/3007
f 2884/3968/3008 2989/3962/3002 2992/3966/3006
f 2925/3969/3009 2994/3970/3010 2993/3834/2878
f 2885/3971/3011 2991/3967/3007 2994/3970/3010
f 2879/3952/2992 2979/3972/2981 2918/3973/3012
f 2886/3833/2877 2995/3974/3013 2926/3945/2985
f 2877/3975/3014 2960/3976/3014 2959/3977/3014
f 2877/3975/3014 2962/3978/3014 2961/3979/3014
f 2877/3975/3014 2964/3980/3014 2963/3981/3014
f 2877/3975/3014 2966/3982/3014 2965/3983/3014
f 2877/3975/3014 2968/3984/3014 2967/3985/3014
f 2877/3975/3014 2970/3986/3014 2969/3987/3014
f 2877/3975/3014 2972/3988/3014 2971/3989/3014
f 2877/3975/3014 2974/3990/3014 2973/3991/3014
f 2877/3975/3014 2976/3992/3014 2975/3993/3014
f 2877/3975/3014 2978/3994/3014 2977/3995/3014
f 2877/3975/3014 2959/3977/3014 2962/3978/3014
f 2877/3975/3014 2961/3979/3014 2964/3980/3014
f 2877/3975/3014 2963/3981/3014 2966/3982/3014
f 2877/3975/3014 2965/3983/3014 2968/3984/3014
f 2877/3975/3014 2967/3985/3014 2970/3986/3014
f 2877/3975/3014 2969/3987/3014 2972/3988/3014
f 2877/3975/3014 2971/3989/3014 2974/3990/3014
f 2877/3975/3014 2973/3991/3014 2976/3992/3014
f 2877/3975/3014 2975/3993/3014 2978/3994/3014
f 2877/3975/3014 2977/3995/3014 2960/3976/3014
f 2958/3996/3015 2979/3997/3016 2980/3998/3017
f 2958/3996/3015 2981/3999/3018 2982/4000/3019
f 2958/3996/3015 2983/4001/3020 2984/4002/3021
f 2958/3996/3015 2985/4003/3022 2986/4004/3023
f 2958/3996/3015 2987/4005/3024 2988/4006/3025
f 2958/3996/3015 2989/4007/3026 2990/4008/3027
f 2958/3996/3015 2991/4009/3028 2992/4010/3029
f 2958/3996/3015 2993/4011/3030 2994/4012/3031
f 2958/3996/3015 2995/4013/3032 2996/4014/3033
f 2958/3996/3015 2997/4015/3034 2998/4016/3035
f 2958/3996/3015 2982/4000/3019 2979/3997/3016
f 2958/3996/3015 2984/4002/3021 2981/3999/3018
f 2958/3996/3015 2986/4004/3023 2983/4001/3020
f 2958/3996/3015 2988/4006/3025 2985/4003/3022
f 2958/3996/3015 2990/4008/3027 2987/4005/3024
f 2958/3996/3015 2992/4010/3029 2989/4007/3026
f 2958/3996/3015 2994/4012/3031 2991/4009/3028
f 2958/3996/3015 2996/4014/3033 2993/4011/3030
f 2958/3996/3015 2998/4016/3035 2995/4013/3032
f 2958/3996/3015 2980/3998/3017 2997/4015/3034
f 1023/4017/1026 3075/1621/1036 1028/1620/1035
f 997/4018/1033 3085/887/409 996/886/408
f 991/906/426 3084/1610/1030 990/1609/1029
f 985/4019/684 3077/905/425 984/907/427
f 998/1065/574 3086/4020/3036 3081/1063/572
f 989/1607/949 3075/1621/1036 988/1635/1032
f 559/4021/844 3086/4020/3036 3057/1560/1005
f 506/4022/702 3084/1610/1030 1030/1627/1041
f 500/4023/428 3083/1619/1034 3021/1459/950
f 587/4024/601 3014/1533/992 3074/1603/1025
f 586/4025/604 3074/1603/1025 3073/1601/1024
f 585/4026/605 3073/1601/1024 3072/1599/1023
f 487/4027/606 3072/1599/1023 3008/1596/1022
f 492/4028/594 3071/1593/1021 584/4029/663
f 584/4029/663 3070/1591/1019 583/4030/664
f 583/4030/664 3069/1592/1020 582/4031/665
f 490/4032/666 3069/1592/1020 3011/1589/1018
f 566/4033/609 3068/1507/978 581/4034/612
f 579/4035/584 3065/1585/1017 578/4036/589
f 578/4036/589 3064/1582/1016 577/4037/3037
f 577/4037/3037 3009/1584/991 488/4038/590
f 568/4039/3038 3008/4040/1022 3063/1578/1015
f 568/4039/3038 3062/1575/1013 567/4041/607
f 567/4041/607 3061/1577/1014 566/4033/609
f 530/4042/481 3037/1422/924 3038/1574/1012
f 565/4043/635 3004/4044/966 3060/1572/1011
f 564/4045/636 3060/1572/1011 3059/1570/1010
f 563/4046/637 3059/1570/1010 3058/1568/1009
f 491/4047/622 3058/1568/1009 3012/1555/1002
f 559/4021/844 3056/1557/1003 558/4048/558
f 558/4048/558 3005/1559/1004 484/4049/401
f 491/4047/622 3055/1553/1001 557/4050/620
f 557/4050/620 3054/1551/1000 556/4051/623
f 556/4051/623 3053/1549/999 555/4052/624
f 555/4052/624 3010/1540/995 489/4053/625
f 554/4054/570 3011/1589/1018 3052/1547/998
f 553/4055/571 3052/1547/998 3051/885/407
f 489/4053/625 3050/1541/996 552/4056/657
f 551/4057/658 3050/1541/996 3049/1538/994
f 550/4058/659 3049/1538/994 3048/1536/993
f 493/4059/603 3048/1536/993 3014/1533/992
f 488/4060/590 3047/1529/990 549/4061/591
f 549/4061/591 3046/1527/988 548/4062/592
f 548/4062/592 3045/1524/986 547/4063/593
f 547/4063/593 3013/1526/987 492/4028/594
f 540/4064/466 3007/1447/943 486/4065/467
f 539/4066/479 3044/1522/985 540/4064/466
f 538/4067/478 3043/1520/984 539/4066/479
f 478/4068/477 3042/1518/983 538/4067/478
f 485/4069/447 3041/1513/981 3006/1515/982
f 537/4070/540 3040/1511/980 3041/1513/981
f 536/4071/538 3039/1510/979 3040/1511/980
f 481/4072/536 3039/1510/979 535/4073/537
f 581/4034/612 3067/1489/967 580/4074/613
f 513/4075/473 3038/1574/1012 3031/1505/977
f 528/4076/454 3035/1502/975 3036/1504/976
f 527/4077/453 3034/1499/973 3035/1502/975
f 526/4078/452 3000/4079/942 3034/1499/973
f 515/4080/476 2999/1498/972 478/4081/477
f 515/4080/476 3032/1492/969 3033/1495/970
f 514/4082/475 3031/1505/977 3032/1492/969
f 580/4074/613 3066/1491/968 579/4035/584
f 512/4083/504 3004/1488/966 483/4084/505
f 511/4085/510 3030/1486/965 512/4083/504
f 510/4086/509 3029/1484/964 511/4085/510
f 482/4087/490 3028/1482/963 510/4086/509
f 506/4022/702 3026/1472/957 3027/1475/958
f 505/4088/402 3005/4089/1004 3026/1472/957
f 482/4087/490 3025/1468/955 3003/1470/956
f 504/4090/489 3024/1466/954 3025/1468/955
f 503/4091/496 3023/1464/953 3024/1466/954
f 502/4092/495 3001/1454/947 3023/1464/953
f 501/4093/430 3002/1463/952 481/4072/536
f 500/4023/428 3022/1461/951 501/4093/430
f 480/4094/494 3020/1453/946 3001/1454/947
f 498/4095/533 3020/1453/946 499/4096/531
f 497/4097/532 3019/1451/945 498/4095/533
f 486/4065/467 3018/1449/944 497/4097/532
f 479/4098/451 3017/1443/941 3000/1445/942
f 496/4099/450 3016/1441/940 3017/1443/941
f 495/4100/449 3015/1438/939 3016/1441/940
f 494/4101/3039 3006/1515/982 3015/1438/939
f 529/4102/459 3036/1504/976 3037/1422/924
f 1036/1623/962 3082/1049/559 3081/1063/572
f 986/883/405 3082/1049/559 3079/884/406
f 1024/1625/1039 3078/1626/1040 3077/905/425
f 553/4055/571 3085/887/409 1034/1628/691
f 1033/4103/1043 3079/884/406 1026/1050/556
f 477/1/1 469/43/2 418/2/2
f 422/4/3 13/8/7 12/5/4
f 422/4/3 424/10/9 14/7/6
f 426/9/8 15/12/11 14/7/6
f 428/11/10 16/14/13 15/12/11
f 430/13/12 17/16/15 16/14/13
f 432/15/14 18/18/17 17/16/15
f 434/17/16 19/20/18 18/18/17
f 436/19/1 20/22/19 19/20/18
f 417/21/2 11/53/26 20/22/19
f 470/23/3 471/45/9 423/24/9
f 454/26/1 246/519/1 243/27/1
f 468/29/5 470/23/3 421/25/3
f 8/31/20 7/4104/20 10/32/2
f 476/34/16 477/1/1 435/3/1
f 475/36/14 476/34/16 433/35/16
f 429/38/12 474/4105/12 475/36/14
f 473/39/10 474/4105/12 429/38/12
f 472/41/8 473/39/10 427/40/10
f 469/43/2 468/4106/5 419/44/20
f 471/45/9 472/41/8 425/42/8
f 24/46/21 461/846/21 460/47/22
f 17/16/15 453/4107/24 452/49/24
f 455/50/25 19/4108/25 278/51/12
f 11/53/26 447/4109/27 456/54/27
f 449/55/2 13/4110/2 264/56/2
f 15/12/11 451/4111/28 450/58/28
f 447/59/16 11/4112/16 270/60/16
f 19/20/18 455/4113/29 454/62/29
f 449/63/30 261/527/31 259/64/31
f 13/8/7 449/4114/32 448/66/32
f 87/67/33 109/268/113 199/68/34
f 137/70/36 129/349/132 178/71/37
f 81/73/39 67/234/105 193/74/40
f 143/76/42 157/384/139 171/77/43
f 39/79/45 31/209/102 185/80/46
f 268/82/16 269/532/16 158/83/16
f 262/85/31 136/336/31 116/86/31
f 245/88/1 74/255/1 60/89/1
f 11/91/26 12/4115/4 272/92/48
f 20/94/19 280/536/49 278/95/49
f 217/97/50 350/631/283 354/98/51
f 16/100/13 254/523/53 251/101/53
f 276/103/25 277/537/12 108/104/12
f 452/106/14 256/522/14 254/107/14
f 115/109/54 217/472/173 181/110/55
f 228/112/57 335/681/230 339/113/58
f 453/118/61 248/515/62 246/119/62
f 253/121/63 52/183/64 32/122/64
f 451/124/66 249/520/67 256/125/67
f 208/130/69 378/723/296 381/131/70
f 46/133/72 224/471/172 188/134/73
f 95/136/75 238/448/150 202/137/76
f 73/139/78 231/489/189 196/140/79
f 453/142/8 17/4116/8 241/143/8
f 456/145/20 273/533/20 280/146/20
f 157/148/81 164/371/81 174/149/82
f 129/151/83 123/314/83 181/152/84
f 14/154/6 257/525/85 264/155/85
f 151/160/88 210/500/198 174/161/89
f 448/166/9 265/529/9 272/167/9
f 227/114/59 339/113/58 287/169/92
f 31/171/94 33/174/95 58/172/95
f 33/174/95 34/176/96 57/175/96
f 34/176/96 35/178/97 56/177/97
f 35/178/97 36/180/98 55/179/98
f 36/180/98 37/182/99 54/181/99
f 37/182/99 32/122/64 52/183/64
f 46/133/72 53/135/74 58/184/14
f 51/185/14 58/184/14 57/186/14
f 57/186/14 56/189/14 49/188/14
f 56/189/14 55/191/14 48/190/14
f 55/191/14 54/193/14 47/192/14
f 54/193/14 52/425/14 45/194/14
f 46/195/100 51/198/101 44/196/101
f 51/198/101 50/200/67 43/199/67
f 50/200/67 49/202/67 42/201/67
f 49/202/67 48/204/67 41/203/67
f 48/204/67 47/206/67 40/205/67
f 47/206/67 45/419/67 38/207/67
f 39/79/45 44/210/3 33/208/3
f 44/210/3 43/4117/3 34/211/3
f 34/211/3 43/4117/3 42/212/3
f 35/213/3 42/212/3 41/214/3
f 36/215/3 41/214/3 40/216/3
f 37/217/3 40/216/3 38/218/3
f 73/220/103 75/223/104 86/221/104
f 75/223/104 76/225/62 85/224/62
f 76/225/62 77/227/62 84/226/62
f 77/227/62 78/229/62 83/228/62
f 78/229/62 79/231/62 82/230/62
f 79/231/62 74/415/62 80/232/62
f 81/73/39 86/235/8 72/233/8
f 86/235/8 85/4118/8 71/236/8
f 71/236/8 85/4118/8 84/237/8
f 70/238/8 84/237/8 83/239/8
f 69/240/8 83/239/8 82/241/8
f 68/242/8 82/241/8 80/243/8
f 73/139/78 59/141/80 61/245/1
f 75/246/1 61/245/1 62/247/1
f 62/247/1 63/250/1 77/249/1
f 63/250/1 64/252/1 78/251/1
f 64/252/1 65/254/1 79/253/1
f 65/254/1 60/89/1 74/255/1
f 59/256/106 67/509/106 72/257/107
f 61/258/107 72/257/107 71/259/108
f 71/259/108 70/4119/109 63/261/109
f 63/261/109 70/4119/109 69/262/110
f 69/262/110 68/265/111 65/264/111
f 68/265/111 66/409/112 60/266/112
f 87/67/33 89/269/25 114/267/12
f 89/269/25 90/4120/12 113/270/12
f 113/270/12 90/4120/12 91/271/12
f 112/272/12 91/271/12 92/273/12
f 111/274/12 92/273/12 93/275/12
f 110/276/12 93/275/12 88/105/25
f 109/277/114 114/280/115 107/278/115
f 114/280/115 113/4121/116 106/281/116
f 106/281/116 113/4121/116 112/282/117
f 105/283/117 112/282/117 111/284/118
f 104/285/118 111/284/118 110/286/119
f 103/287/119 110/286/119 108/288/120
f 95/136/75 102/138/77 107/290/20
f 100/291/20 107/290/20 106/292/5
f 106/292/5 105/295/20 98/294/20
f 105/295/20 104/297/5 97/296/5
f 104/297/5 103/299/5 96/298/5
f 103/299/5 101/445/5 94/300/5
f 87/301/121 95/4122/121 100/302/122
f 89/303/122 100/302/122 99/304/123
f 90/305/123 99/304/123 98/306/123
f 91/307/123 98/306/123 97/308/123
f 92/309/123 97/308/123 96/310/123
f 93/311/123 96/310/123 94/312/123
f 123/314/83 129/151/83 131/315/124
f 128/316/124 131/315/124 132/317/125
f 127/318/125 132/317/125 133/319/126
f 133/319/126 134/4123/127 125/321/127
f 125/321/127 134/4123/127 135/322/128
f 124/323/128 135/322/128 130/324/129
f 137/326/130 115/4124/130 117/327/131
f 142/328/131 117/327/131 118/329/31
f 118/329/31 119/332/31 140/331/31
f 119/332/31 120/334/31 139/333/31
f 120/334/31 121/4125/31 138/335/31
f 138/335/31 121/4125/31 116/86/31
f 115/109/54 123/111/56 128/337/10
f 117/338/10 128/337/10 127/339/10
f 127/339/10 126/342/10 119/341/10
f 126/342/10 125/344/10 120/343/10
f 125/344/10 124/346/10 121/345/10
f 124/346/10 122/428/10 116/347/10
f 137/70/36 142/350/2 131/348/2
f 142/350/2 141/4126/2 132/351/2
f 132/351/2 141/4126/2 140/352/2
f 133/353/2 140/352/2 139/354/2
f 134/355/2 139/354/2 138/356/2
f 135/357/2 138/356/2 136/358/2
f 151/160/88 164/162/90 166/360/9
f 156/361/9 166/360/9 167/362/9
f 167/362/9 168/365/9 154/364/9
f 168/365/9 169/367/9 153/366/9
f 169/367/9 170/369/9 152/368/9
f 170/369/9 165/440/9 150/370/9
f 164/371/81 157/148/81 159/372/133
f 159/372/133 160/4127/134 167/374/134
f 167/374/134 160/4127/134 161/375/135
f 168/376/135 161/375/135 162/377/136
f 169/378/136 162/377/136 163/379/137
f 170/380/137 163/379/137 158/381/138
f 143/76/42 145/385/16 159/383/16
f 145/385/16 146/4128/16 160/386/16
f 160/386/16 146/4128/16 147/387/16
f 161/388/16 147/387/16 148/389/16
f 162/390/16 148/389/16 149/391/16
f 163/392/16 149/391/16 144/84/16
f 143/393/140 151/4129/140 156/394/141
f 145/395/141 156/394/141 155/396/142
f 146/397/142 155/396/142 154/398/142
f 147/399/142 154/398/142 153/400/142
f 148/401/142 153/400/142 152/402/142
f 149/403/142 152/402/142 150/404/142
f 31/171/94 53/173/94 188/406/143
f 242/408/144 244/516/144 60/266/112
f 451/410/3 15/4130/3 251/411/3
f 247/413/8 242/514/8 66/244/8
f 247/414/62 80/232/62 74/415/62
f 250/417/3 252/521/3 32/219/3
f 250/418/67 38/207/67 45/419/67
f 450/421/10 259/526/10 257/422/10
f 255/424/14 45/194/14 52/425/14
f 260/427/10 116/347/10 122/428/10
f 263/430/145 258/524/208 122/325/129
f 262/431/2 263/528/2 130/359/2
f 448/432/146 447/4131/146 267/433/142
f 266/435/142 268/531/142 144/405/142
f 456/436/147 455/4132/147 275/437/123
f 266/439/9 150/370/9 165/440/9
f 269/442/148 271/530/209 165/382/138
f 274/443/123 276/534/123 88/313/123
f 274/444/5 94/300/5 101/445/5
f 277/447/149 279/535/210 101/289/120
f 238/448/150 240/450/152 204/449/151
f 240/450/152 239/452/154 205/451/153
f 239/452/154 237/4133/160 203/453/155
f 234/69/35 199/68/34 201/454/156
f 235/455/157 201/454/156 200/456/158
f 236/457/159 200/456/158 203/458/155
f 192/460/161 230/4134/3040 229/461/162
f 194/462/163 229/461/162 228/463/164
f 195/464/165 228/463/164 227/75/41
f 189/465/166 191/468/169 225/466/167
f 191/468/169 190/470/171 226/469/170
f 190/470/171 188/134/73 224/471/172
f 217/472/173 219/474/175 183/473/174
f 219/474/175 218/476/177 184/475/176
f 218/476/177 216/4135/183 182/477/178
f 213/72/38 178/71/37 180/478/179
f 214/479/180 180/478/179 179/480/181
f 215/481/182 179/480/181 182/482/178
f 175/484/184 207/4136/3041 209/485/185
f 172/486/186 209/485/185 208/487/187
f 173/488/188 208/487/187 206/78/44
f 231/489/189 233/491/191 197/490/190
f 233/491/191 232/493/193 198/492/192
f 232/493/193 230/4137/3040 192/494/161
f 189/495/166 221/4138/168 223/496/194
f 186/497/195 223/496/194 222/498/196
f 187/499/197 222/498/196 220/81/47
f 210/500/198 212/502/200 176/501/199
f 212/502/200 211/504/202 177/503/201
f 211/504/202 207/4139/3041 175/505/184
f 67/509/106 59/256/106 196/510/205
f 109/277/114 102/279/114 202/512/206
f 242/514/8 247/413/8 248/144/8
f 245/416/62 246/119/62 248/515/62
f 244/516/144 242/408/144 241/517/207
f 244/90/1 243/27/1 246/519/1
f 255/420/67 256/125/67 249/520/67
f 252/521/3 250/417/3 249/412/3
f 253/426/14 254/107/14 256/522/14
f 252/123/65 251/101/53 254/523/53
f 258/524/208 263/430/145 264/155/85
f 258/429/10 257/422/10 259/526/10
f 260/87/31 259/64/31 261/527/31
f 263/528/2 262/431/2 261/57/2
f 271/441/9 272/167/9 265/529/9
f 271/530/209 269/442/148 270/93/48
f 268/531/142 266/435/142 265/434/142
f 269/532/16 268/82/16 267/61/16
f 279/446/5 280/146/20 273/533/20
f 276/534/123 274/443/123 273/438/123
f 279/535/210 277/447/149 278/95/49
f 277/537/12 276/103/25 275/52/12
f 17/538/15 18/4140/17 243/518/207
f 188/406/143 190/540/86 187/539/86
f 190/540/86 191/158/86 186/157/86
f 222/541/211 402/740/237 405/542/212
f 224/544/214 46/4141/217 285/545/215
f 46/547/217 39/4142/236 281/548/218
f 221/550/219 395/557/225 399/551/220
f 81/553/93 287/700/92 291/554/222
f 225/556/224 345/600/257 395/557/225
f 197/558/68 198/128/68 194/127/68
f 196/510/205 197/558/68 195/559/68
f 202/512/206 204/4143/60 201/560/60
f 201/560/60 204/4143/60 205/116/60
f 216/561/226 360/568/232 368/562/227
f 229/564/229 332/623/276 335/565/230
f 218/567/231 357/635/286 360/568/232
f 235/569/233 323/677/301 327/570/234
f 220/543/213 405/542/212 281/572/218
f 223/552/221 399/551/220 402/574/237
f 173/576/203 176/4144/203 177/507/203
f 174/149/82 176/4144/203 173/576/203
f 181/152/84 183/578/91 180/577/91
f 183/578/91 184/164/91 179/163/91
f 213/579/238 366/605/261 299/580/239
f 143/582/241 206/132/71 381/131/70
f 234/571/235 327/570/234 293/584/243
f 137/586/240 299/690/239 303/587/245
f 239/589/247 240/4145/265 314/590/248
f 233/592/250 231/598/255 383/593/251
f 215/563/228 368/562/227 362/595/253
f 73/597/223 291/752/222 383/593/251
f 226/599/256 342/668/292 345/600/257
f 151/601/258 309/749/287 407/602/259
f 214/604/254 362/713/253 366/605/261
f 87/606/244 293/697/243 297/607/262
f 238/609/264 311/643/290 314/610/248
f 210/603/260 407/602/259 411/612/266
f 239/589/247 318/591/249 321/614/268
f 232/616/270 233/4146/250 387/617/252
f 380/619/272 408/743/369 308/620/273
f 229/564/229 230/644/291 393/622/275
f 207/624/277 371/652/297 375/625/278
f 338/627/280 384/726/355 290/628/281
f 115/630/246 303/750/245 350/631/283
f 236/632/284 237/615/269 321/614/268
f 219/634/52 354/707/51 357/635/286
f 143/636/241 305/692/242 309/637/287
f 212/639/267 411/747/266 414/640/288
f 95/642/263 297/754/262 311/643/290
f 232/616/270 390/618/271 393/622/275
f 224/544/214 347/546/216 342/645/292
f 312/647/293 296/753/374 294/648/294
f 208/650/69 209/626/279 375/625/278
f 211/641/289 414/640/288 371/652/297
f 365/653/298 351/660/304 302/654/299
f 235/656/233 236/632/284 329/633/285
f 353/658/302 355/661/305 352/659/303
f 355/661/305 354/98/51 350/631/283
f 341/662/306 343/665/309 349/663/307
f 343/665/309 342/645/292 347/546/216
f 341/662/306 344/757/377 346/666/310
f 343/667/309 346/666/310 345/600/257
f 315/669/311 317/673/315 319/670/312
f 316/671/313 319/670/312 318/591/249
f 320/672/314 322/755/375 319/670/312
f 319/670/312 322/755/375 321/614/268
f 324/674/316 326/649/295 328/675/317
f 325/676/318 328/675/317 327/570/234
f 336/678/319 338/627/280 340/679/320
f 337/680/321 340/679/320 339/113/58
f 336/678/319 337/684/321 334/682/322
f 337/684/321 335/565/230 332/623/276
f 330/685/324 324/674/316 325/686/318
f 331/687/325 325/686/318 323/657/301
f 300/655/300 302/654/299 304/688/326
f 304/688/326 303/587/245 299/690/239
f 308/620/273 310/748/372 307/691/328
f 307/691/328 310/748/372 309/637/287
f 315/669/311 316/694/313 313/693/329
f 316/694/313 314/610/248 311/643/290
f 294/648/294 296/753/374 298/695/330
f 298/695/330 297/607/262 293/697/243
f 290/628/281 292/699/333 289/698/332
f 292/699/333 291/554/222 287/700/92
f 284/701/334 286/704/337 283/702/335
f 286/704/337 285/549/215 281/548/218
f 356/705/338 358/709/340 355/706/305
f 355/706/305 358/709/340 357/635/286
f 356/705/338 359/758/378 361/708/339
f 361/708/339 360/568/232 357/635/286
f 363/710/341 365/653/298 367/711/342
f 364/712/343 367/711/342 366/605/261
f 363/710/341 364/4147/343 370/714/344
f 370/714/344 364/4147/343 362/595/253
f 374/716/346 376/719/349 373/717/347
f 376/719/349 375/625/278 371/652/297
f 377/720/350 379/4148/352 376/719/349
f 376/719/349 379/4148/352 378/651/296
f 377/720/350 380/619/272 382/721/351
f 379/722/352 382/721/351 381/131/70
f 386/724/353 388/727/356 385/725/354
f 388/727/356 387/594/252 383/593/251
f 386/724/353 389/730/358 391/728/357
f 388/729/356 391/728/357 390/618/271
f 389/730/358 392/756/376 394/731/359
f 394/731/359 393/622/275 390/618/271
f 396/732/360 398/736/364 400/733/361
f 400/733/361 399/551/220 395/557/225
f 401/735/363 403/737/365 400/733/361
f 403/737/365 402/574/237 399/551/220
f 401/735/363 404/751/373 406/738/366
f 403/739/365 406/738/366 405/542/212
f 410/741/367 412/744/370 409/742/368
f 412/744/370 411/612/266 407/602/259
f 413/745/371 415/759/379 412/746/370
f 412/746/370 415/759/379 414/640/288
f 306/621/274 307/691/328 382/721/351
f 307/691/328 305/583/242 381/131/70
f 308/620/273 408/743/369 409/742/368
f 310/748/372 409/742/368 407/602/259
f 300/655/300 301/689/327 367/711/342
f 301/689/327 299/580/239 366/605/261
f 302/654/299 351/660/304 352/659/303
f 304/688/326 352/659/303 350/631/283
f 282/703/336 283/702/335 406/738/366
f 283/702/335 281/572/218 405/542/212
f 284/701/334 348/664/308 349/663/307
f 286/704/337 349/663/307 347/546/216
f 288/629/282 289/698/332 340/679/320
f 289/698/332 287/169/92 339/113/58
f 290/628/281 384/726/355 385/725/354
f 292/699/333 385/725/354 383/593/251
f 294/648/294 295/696/331 328/675/317
f 295/696/331 293/584/243 327/570/234
f 296/753/374 312/647/293 313/693/329
f 298/695/330 313/693/329 311/643/290
f 320/672/314 330/685/324 331/687/325
f 331/687/325 329/633/285 321/614/268
f 392/756/376 333/683/323 334/682/322
f 334/682/322 332/623/276 393/622/275
f 396/732/360 397/734/362 346/666/310
f 397/734/362 395/557/225 345/600/257
f 359/758/378 369/715/345 370/714/344
f 361/708/339 370/714/344 368/562/227
f 413/745/371 372/718/348 373/717/347
f 373/717/347 371/652/297 414/640/288
f 404/751/373 348/664/308 284/701/334
f 435/760/380 445/816/380 443/761/380
f 425/763/380 2/815/380 4/764/380
f 432/766/381 442/818/381 444/767/381
f 422/769/381 5/817/381 3/770/381
f 427/772/380 429/812/380 439/773/380
f 419/775/380 8/811/380 9/776/380
f 426/778/381 1/813/381 438/779/381
f 431/781/380 433/762/380 443/761/380
f 421/783/380 423/765/380 4/764/380
f 436/785/381 446/814/381 10/786/381
f 420/788/5 12/4149/4 11/53/26
f 8/789/20 6/793/382 5/790/382
f 4/792/9 3/795/9 5/790/382
f 2/794/8 1/797/8 3/795/9
f 437/796/10 438/799/10 1/797/8
f 439/798/12 440/801/12 438/799/10
f 441/800/14 442/803/14 440/801/12
f 443/802/16 444/805/16 442/803/14
f 445/804/1 446/806/1 444/805/16
f 9/33/2 10/32/2 446/806/1
f 417/787/381 10/786/381 7/807/381
f 428/780/381 438/779/381 440/809/381
f 421/783/380 6/784/380 8/811/380
f 429/812/380 431/781/380 441/782/380
f 426/778/381 424/771/381 3/770/381
f 436/785/381 434/768/381 444/767/381
f 427/772/380 437/774/380 2/815/380
f 418/777/380 9/776/380 445/816/380
f 422/769/381 420/808/381 7/807/381
f 430/810/381 440/809/381 442/818/381
f 22/819/380 21/838/380 447/820/146
f 22/819/380 448/821/146 449/822/30
f 23/823/380 449/822/30 450/824/30
f 25/826/380 24/825/380 450/824/30
f 25/826/380 451/827/66 452/828/66
f 26/829/380 452/828/66 453/830/61
f 27/831/380 453/830/61 454/832/61
f 28/833/380 454/832/61 455/834/147
f 29/835/380 455/834/147 456/836/147
f 30/837/380 456/836/147 447/820/146
f 21/839/383 458/848/383 467/840/384
f 28/842/385 465/850/385 464/843/386
f 25/845/387 462/852/387 461/846/21
f 22/847/388 459/853/388 458/848/383
f 28/842/385 29/854/389 466/849/389
f 26/851/390 463/855/390 462/852/387
f 23/48/23 460/47/22 459/853/388
f 30/841/384 467/840/384 466/849/389
f 27/844/386 464/843/386 463/855/390
f 341/662/306 348/664/308 404/751/373
f 398/736/364 344/757/377 341/662/306
f 386/724/353 384/726/355 338/627/280
f 333/683/323 389/730/358 386/724/353
f 315/669/311 312/647/293 326/649/295
f 330/685/324 317/673/315 315/669/311
f 377/720/350 410/741/367 408/743/369
f 374/716/346 413/745/371 410/741/367
f 353/658/302 351/660/304 365/653/298
f 369/715/345 356/705/338 353/658/302
f 595/868/391 597/881/403 596/869/392
f 1042/871/394 601/898/419 600/872/395
f 594/874/393 596/894/392 643/875/397
f 517/877/399 595/868/391 594/870/393
f 484/879/401 505/880/402 595/868/391
f 505/880/402 506/1200/702 597/881/403
f 3080/882/404 997/4018/1033 986/883/405
f 3051/885/407 808/1546/843 996/886/408
f 520/888/410 646/1001/513 653/889/411
f 598/891/413 509/4150/424 525/892/414
f 596/894/392 598/891/413 645/893/415
f 665/895/416 666/1068/550 1044/896/417
f 601/898/419 603/909/429 602/899/420
f 599/873/396 600/872/395 631/900/421
f 1040/902/423 1031/1199/701 509/903/424
f 3077/905/425 3078/1626/1040 991/906/426
f 500/908/428 501/910/430 603/909/429
f 501/910/430 481/1024/536 508/911/431
f 603/909/429 508/911/431 507/912/432
f 533/913/433 640/979/498 635/914/434
f 602/899/420 507/912/432 521/916/436
f 600/872/395 602/899/420 633/917/437
f 604/918/438 605/928/448 607/919/439
f 606/920/440 607/919/439 609/921/441
f 604/918/438 606/920/440 619/923/443
f 545/925/445 605/928/448 604/918/438
f 485/927/447 494/4151/3039 605/928/448
f 605/928/448 494/4151/3039 495/929/449
f 607/919/439 495/929/449 496/930/450
f 609/921/441 496/930/450 479/931/451
f 609/921/441 526/932/452 527/933/453
f 524/935/455 628/963/483 623/936/456
f 621/938/458 608/922/442 528/934/454
f 606/920/440 608/922/442 621/938/458
f 611/940/460 613/943/463 612/941/461
f 613/943/463 615/951/471 614/944/464
f 544/945/465 610/942/462 540/946/466
f 543/948/468 611/940/460 610/942/462
f 616/949/469 618/950/470 613/943/463
f 618/950/470 620/952/472 615/951/471
f 620/952/472 530/961/481 513/953/473
f 546/926/446 604/918/438 617/924/444
f 614/944/464 615/951/471 514/955/475
f 614/944/464 515/956/476 478/957/477
f 612/941/461 614/944/464 538/958/478
f 610/942/462 612/941/461 539/959/479
f 619/923/443 621/938/458 620/952/472
f 541/954/474 617/924/444 616/949/469
f 621/938/458 529/939/459 530/961/481
f 629/901/422 631/900/421 630/962/482
f 623/936/456 625/966/486 624/964/484
f 625/966/486 627/971/491 626/967/487
f 522/968/488 622/965/485 504/969/489
f 523/937/457 623/936/456 622/965/485
f 628/963/483 630/962/482 625/966/486
f 630/962/482 632/972/492 627/971/491
f 632/972/492 520/888/410 519/890/412
f 509/903/424 599/873/396 629/901/422
f 627/971/491 519/890/412 518/974/493
f 626/967/487 518/974/493 480/975/494
f 624/964/484 626/967/487 502/976/495
f 622/965/485 624/964/484 503/977/496
f 631/900/421 633/917/437 632/972/492
f 525/973/414 629/901/422 628/963/483
f 633/917/437 521/916/436 520/888/410
f 641/876/398 643/875/397 642/978/497
f 635/980/434 637/983/501 636/981/499
f 637/983/501 639/995/506 638/984/502
f 531/985/503 634/982/500 512/986/504
f 532/988/435 635/980/434 634/982/500
f 640/979/498 642/978/497 637/989/501
f 642/978/497 644/991/507 639/990/506
f 644/991/507 524/998/455 523/992/457
f 516/993/400 594/874/393 641/876/398
f 639/995/506 523/937/457 522/968/488
f 638/984/502 522/968/488 482/970/490
f 636/981/499 638/984/502 510/996/509
f 634/982/500 636/981/499 511/997/510
f 643/875/397 645/893/415 644/991/507
f 534/994/508 641/876/398 640/979/498
f 645/893/415 525/892/414 524/998/455
f 647/999/511 649/1002/514 648/1000/512
f 649/1002/514 651/1005/517 650/1003/515
f 521/916/436 647/999/511 646/1001/513
f 646/1001/513 648/1000/512 655/1004/516
f 651/1005/517 541/954/474 542/960/480
f 658/1006/518 660/1007/519 649/1002/514
f 660/1007/519 662/1008/520 651/1005/517
f 662/1008/520 546/926/446 541/954/474
f 683/1009/521 686/1014/526 589/1010/522
f 687/1012/524 690/1074/582 689/1013/525
f 507/912/432 658/1006/518 647/999/511
f 650/1003/515 542/960/480 543/948/468
f 648/1000/512 650/1003/515 657/1015/527
f 653/889/411 655/1004/516 654/1016/528
f 655/1004/516 657/1015/527 656/1018/530
f 518/974/493 652/1017/529 499/1019/531
f 519/890/412 653/889/411 652/1017/529
f 657/1015/527 543/948/468 544/945/465
f 656/1018/530 544/945/465 486/947/467
f 654/1016/528 656/1018/530 497/1020/532
f 652/1017/529 654/1016/528 498/1021/533
f 659/1022/534 661/1023/535 660/1007/519
f 661/1023/535 663/1027/539 662/1008/520
f 508/911/431 659/1022/534 658/1006/518
f 481/1024/536 535/1025/537 659/1022/534
f 535/1025/537 536/1026/538 661/1023/535
f 536/1026/538 537/1028/540 663/1027/539
f 537/1028/540 485/927/447 545/925/445
f 663/1027/539 545/925/445 546/926/446
f 665/895/416 668/897/418 667/1029/541
f 670/1031/543 672/1052/561 1045/1032/544
f 714/1034/546 665/1038/416 664/1035/542
f 715/1037/548 666/1040/550 665/1038/416
f 576/1039/549 562/4152/575 666/1040/550
f 725/1041/551 716/1140/642 571/1042/552
f 596/869/392 597/881/403 1039/1044/554
f 1046/1045/555 1033/1634/1043 1026/1046/556
f 668/897/418 559/1342/844 558/1048/558
f 667/1029/541 558/1048/558 484/879/401
f 664/1030/542 667/1029/541 517/877/399
f 3082/1049/559 1025/4153/1042 1026/1050/556
f 671/1051/560 673/1059/568 672/1052/561
f 702/1053/562 670/1031/543 669/1033/545
f 703/1055/564 671/1051/560 670/1031/543
f 572/1056/565 560/1058/567 671/1051/560
f 707/1057/566 710/1123/630 533/913/433
f 560/1058/567 561/1060/569 673/1059/568
f 561/1060/569 490/1164/666 554/1061/570
f 673/1059/568 554/1061/570 553/1062/571
f 3081/1063/572 3082/1049/559 987/1064/573
f 562/1066/575 1038/1479/961 1043/1067/576
f 674/1069/577 675/1072/580 678/1070/578
f 675/1072/580 676/1077/585 679/1073/581
f 690/1074/582 675/1072/580 674/1069/577
f 691/1075/583 676/1077/585 675/1072/580
f 691/1075/583 580/1105/613 579/1076/584
f 695/1078/586 698/1107/615 575/1079/587
f 578/1081/589 577/4154/3037 679/1073/581
f 679/1073/581 577/4154/3037 488/1082/590
f 678/1070/578 679/1073/581 549/1083/591
f 677/1071/579 678/1070/578 548/1084/592
f 677/1071/579 547/1085/593 492/1086/594
f 674/1069/577 677/1071/579 592/1087/595
f 681/1089/597 684/1092/600 683/1009/521
f 682/1091/599 685/1100/608 684/1092/600
f 587/1093/601 680/1090/598 591/1094/602
f 586/1096/604 681/1089/597 680/1090/598
f 585/1097/605 682/1091/599 681/1089/597
f 487/1098/606 568/4155/3038 682/1091/599
f 682/1091/599 568/4155/3038 567/1099/607
f 689/1013/525 674/1069/577 593/1088/596
f 566/1101/609 581/1104/612 688/1103/611
f 685/1100/608 688/1103/611 687/1012/524
f 684/1092/600 687/1012/524 686/1014/526
f 680/1090/598 683/1009/521 590/1011/523
f 688/1103/611 691/1075/583 690/1074/582
f 691/1075/583 688/1103/611 581/1104/612
f 686/1014/526 689/1013/525 588/1102/610
f 699/1106/614 702/1053/562 701/1054/563
f 693/1108/616 696/1111/619 695/1078/586
f 694/1110/618 697/1119/627 696/1111/619
f 557/1112/620 692/1109/617 573/1113/621
f 556/1115/623 693/1108/616 692/1109/617
f 555/1116/624 694/1110/618 693/1108/616
f 489/1117/625 569/1118/626 694/1110/618
f 569/1118/626 570/1043/553 697/1119/627
f 701/1054/563 669/1033/545 562/1066/575
f 570/1043/553 571/1042/552 700/1121/628
f 697/1119/627 700/1121/628 699/1106/614
f 696/1111/619 699/1106/614 698/1107/615
f 692/1109/617 695/1078/586 574/1080/588
f 700/1121/628 703/1055/564 702/1053/562
f 571/1042/552 572/1056/565 703/1055/564
f 698/1107/615 701/1054/563 576/1120/549
f 711/1122/629 714/1034/546 713/1036/547
f 705/1124/631 708/1128/634 707/1125/566
f 706/1127/633 709/1132/638 708/1128/634
f 565/1129/635 704/1126/632 531/985/503
f 564/1130/636 705/1124/631 704/1126/632
f 563/1131/637 706/1127/633 705/1124/631
f 491/1114/622 573/1113/621 706/1127/633
f 573/1113/621 574/1080/588 709/1132/638
f 713/1036/547 664/1035/542 516/993/400
f 574/1133/588 575/1137/587 712/1134/639
f 709/1135/638 712/1134/639 711/1122/629
f 708/1136/634 711/1122/629 710/1123/630
f 704/1126/632 707/1125/566 532/988/435
f 712/1134/639 715/1037/548 714/1034/546
f 575/1137/587 576/1039/549 715/1037/548
f 710/1123/630 713/1036/547 534/994/508
f 717/1138/640 720/1142/644 719/1139/641
f 718/1141/643 721/1143/645 720/1142/644
f 721/1143/645 718/1141/643 589/1010/522
f 726/1144/646 717/1138/640 716/1140/642
f 727/1145/647 718/1141/643 717/1138/640
f 590/1011/523 589/1010/522 718/1141/643
f 719/1139/641 728/1148/650 560/1058/567
f 716/1140/642 719/1139/641 572/1056/565
f 617/924/444 619/923/443 618/950/470
f 588/1102/610 593/1088/596 730/1146/648
f 721/1143/645 730/1146/648 729/1147/649
f 720/1142/644 729/1147/649 728/1148/650
f 863/1149/651 868/1239/741 797/1150/652
f 723/1152/654 726/1144/646 725/1041/551
f 724/1154/656 727/1145/647 726/1144/646
f 552/1155/657 722/1153/655 569/1118/626
f 551/1156/658 723/1152/654 722/1153/655
f 550/1157/659 724/1154/656 723/1152/654
f 493/1095/603 591/1094/602 724/1154/656
f 591/1094/602 590/1011/523 727/1145/647
f 722/1153/655 725/1041/551 570/1043/553
f 729/1147/649 732/1159/661 731/1158/660
f 730/1146/648 733/1160/662 732/1159/661
f 593/1088/596 592/1087/595 733/1160/662
f 592/1087/595 492/1086/594 584/1161/663
f 733/1160/662 584/1161/663 583/1162/664
f 732/1159/661 583/1162/664 582/1163/665
f 731/1158/660 582/1163/665 490/1164/666
f 728/1148/650 731/1158/660 561/1060/569
f 850/1165/667 851/1176/678 849/1166/668
f 852/1168/670 853/1194/696 1011/1169/671
f 895/1171/673 850/1165/667 848/1167/669
f 848/1167/669 849/1166/668 772/1173/675
f 849/1166/668 761/1177/679 740/1175/677
f 851/1176/678 762/1478/959 761/1177/679
f 1010/1178/680 1012/1181/683 994/1179/681
f 1012/1181/683 988/1616/1032 985/1182/684
f 780/1183/685 993/1261/763 1005/1184/686
f 905/1186/688 898/1283/785 775/1187/689
f 672/1052/561 553/1062/571 1034/1189/691
f 1006/1190/692 1008/1477/960 851/1176/678
f 883/1191/693 852/1168/670 1009/1170/672
f 854/1193/695 855/1201/703 853/1194/696
f 965/1197/699 964/1316/818 917/1195/697
f 917/1195/697 1013/1319/821 1015/1196/698
f 881/1192/694 1010/1178/680 992/1180/682
f 1029/1198/700 1024/1629/1039 1031/1199/701
f 506/1200/702 1030/1631/1041 1039/1044/554
f 855/1201/703 757/1204/706 756/1202/704
f 764/1203/705 737/1306/808 757/1204/706
f 763/1205/707 764/1203/705 855/1201/703
f 887/1206/708 892/1268/770 788/1207/709
f 776/1209/711 763/1205/707 854/1193/695
f 885/1210/712 854/1193/695 852/1168/670
f 856/1211/713 858/1214/716 859/1212/714
f 858/1214/716 860/1226/728 861/1215/717
f 871/1216/718 858/1214/716 856/1211/713
f 856/1211/713 857/1213/715 800/1218/720
f 857/1213/715 750/1222/724 741/1220/722
f 857/1213/715 859/1212/714 751/1221/723
f 859/1212/714 861/1215/717 752/1223/725
f 861/1215/717 781/4156/974 735/1224/726
f 782/1225/727 781/4156/974 861/1215/717
f 875/1228/730 880/1251/753 779/1229/731
f 873/1231/733 784/4157/925 783/1227/729
f 873/1231/733 860/1226/728 858/1214/716
f 864/1232/734 865/1235/737 863/1149/651
f 866/1234/736 867/1240/742 865/1235/737
f 795/1236/738 862/1233/735 799/1237/739
f 862/1233/735 863/1149/651 798/1151/653
f 865/1235/737 870/1241/743 868/1239/741
f 867/1240/742 872/1243/745 870/1241/743
f 768/1242/744 785/1249/751 872/1243/745
f 869/1217/719 856/1211/713 801/1219/721
f 866/1234/736 770/4158/971 769/1245/747
f 734/1246/748 770/4158/971 866/1234/736
f 793/1247/749 866/1234/736 864/1232/734
f 794/1248/750 864/1232/734 862/1233/735
f 872/1243/745 873/1231/733 871/1216/718
f 868/1239/741 869/1217/719 796/1244/746
f 785/1249/751 784/4157/925 873/1231/733
f 882/1250/752 883/1191/693 881/1192/694
f 876/1252/754 877/1255/757 875/1228/730
f 878/1254/756 879/1259/761 877/1255/757
f 760/1256/758 874/1253/755 777/1257/759
f 874/1253/755 875/1228/730 778/1230/732
f 877/1255/757 882/1250/752 880/1251/753
f 879/1259/761 884/1260/762 882/1250/752
f 774/1188/690 775/1187/689 884/1260/762
f 993/1261/763 995/1456/948 1007/1262/764
f 773/1263/765 774/1188/690 879/1259/761
f 736/1264/766 773/1263/765 878/1254/756
f 758/1265/767 878/1254/756 876/1252/754
f 759/1266/768 876/1252/754 874/1253/755
f 884/1260/762 885/1210/712 883/1191/693
f 880/1251/753 881/1192/694 780/1183/685
f 775/1187/689 776/1209/711 885/1210/712
f 894/1267/769 895/1171/673 893/1172/674
f 888/1269/771 889/1272/774 887/1206/708
f 890/1271/773 891/1276/778 889/1272/774
f 767/1273/775 886/1270/772 786/1274/776
f 886/1270/772 887/1206/708 787/1208/710
f 889/1272/774 894/1267/769 892/1268/770
f 891/1276/778 896/1277/779 894/1267/769
f 778/1230/732 779/1229/731 896/1277/779
f 893/1172/674 848/1167/669 771/1174/676
f 777/1257/759 778/1230/732 891/1276/778
f 738/1258/760 777/1257/759 890/1271/773
f 765/1279/781 890/1271/773 888/1269/771
f 766/1280/782 888/1269/771 886/1270/772
f 896/1277/779 897/1185/687 895/1171/673
f 892/1268/770 893/1172/674 789/1278/780
f 779/1229/731 780/1183/685 897/1185/687
f 900/1281/783 901/1285/787 899/1282/784
f 902/1284/786 903/1287/789 901/1285/787
f 898/1283/785 899/1282/784 776/1209/711
f 907/1286/788 900/1281/783 898/1283/785
f 797/1150/652 796/1244/746 903/1287/789
f 901/1285/787 912/1289/791 910/1288/790
f 903/1287/789 914/1290/792 912/1289/791
f 796/1244/746 801/1219/721 914/1290/792
f 843/1291/793 936/1296/798 933/1292/794
f 939/1294/796 940/1351/853 937/1295/797
f 899/1282/784 910/1288/790 763/1205/707
f 798/1151/653 797/1150/652 902/1284/786
f 909/1297/799 902/1284/786 900/1281/783
f 906/1298/800 907/1286/788 905/1186/688
f 908/1300/802 909/1297/799 907/1286/788
f 755/1301/803 904/1299/801 773/1263/765
f 904/1299/801 905/1186/688 774/1188/690
f 799/1237/739 798/1151/653 909/1297/799
f 742/1238/740 799/1237/739 908/1300/802
f 753/1302/804 908/1300/802 906/1298/800
f 754/1303/805 906/1298/800 904/1299/801
f 912/1289/791 913/1305/807 911/1304/806
f 914/1290/792 915/1308/810 913/1305/807
f 910/1288/790 911/1304/806 764/1203/705
f 911/1304/806 790/1307/809 737/1306/808
f 913/1305/807 791/1309/811 790/1307/809
f 915/1308/810 792/1310/812 791/1309/811
f 800/1218/720 741/1220/722 792/1310/812
f 801/1219/721 800/1218/720 915/1308/810
f 918/1311/813 919/1318/820 917/1195/697
f 952/1315/817 951/1325/827 1020/1313/815
f 1020/1313/815 1019/1333/835 920/1314/816
f 916/1312/814 917/1195/697 964/1316/818
f 919/1318/820 1016/1563/1007 1013/1319/821
f 895/1171/673 897/1185/687 1006/1190/692
f 825/1320/822 966/1413/915 975/1321/823
f 951/1325/827 830/1398/900 1002/1323/825
f 1002/1323/825 1001/1328/830 1018/1324/826
f 1018/1324/826 1020/1313/815 951/1325/827
f 1027/1326/828 500/908/428 601/898/419
f 1004/1327/829 1021/1543/997 1018/1324/826
f 813/1329/831 814/1562/1006 919/1318/820
f 740/1175/677 813/1329/831 918/1311/813
f 772/1173/675 918/1311/813 916/1312/814
f 922/1330/832 923/1337/839 921/1331/833
f 1022/1332/834 922/1330/832 920/1314/816
f 920/1314/816 921/1331/833 953/1334/836
f 921/1331/833 815/1338/840 826/1335/837
f 788/1207/709 960/1401/903 957/1336/838
f 923/1337/839 816/1340/842 815/1338/840
f 809/1339/841 746/1437/938 816/1340/842
f 808/1341/843 809/1339/841 923/1337/839
f 1044/896/417 1035/1633/1037 559/1342/844
f 1017/1343/845 1003/1565/1008 1000/1344/846
f 924/1346/848 927/1362/864 928/1347/849
f 925/1348/850 928/1347/849 929/1349/851
f 924/1346/848 925/1348/850 940/1351/853
f 925/1348/850 926/1350/852 941/1352/854
f 941/1352/854 926/1350/852 833/1353/855
f 829/1355/857 948/1385/887 945/1356/858
f 929/1349/851 831/1360/862 832/1358/860
f 929/1349/851 804/1361/863 744/1359/861
f 928/1347/849 803/1363/865 804/1361/863
f 927/1362/864 802/4159/989 803/1363/865
f 748/1364/866 802/4159/989 927/1362/864
f 846/1365/867 927/1362/864 924/1346/848
f 933/1292/794 934/1369/871 931/1367/869
f 934/1369/871 935/1379/881 932/1370/872
f 845/1371/873 930/1368/870 841/1372/874
f 930/1368/870 931/1367/869 840/1374/876
f 931/1367/869 932/1370/872 839/1375/877
f 932/1370/872 822/1378/880 743/1376/878
f 932/1370/872 935/1379/881 821/1377/879
f 847/1366/868 924/1346/848 939/1294/796
f 938/1382/884 835/1383/885 820/1380/882
f 937/1295/797 938/1382/884 935/1379/881
f 936/1296/798 937/1295/797 934/1369/871
f 844/1293/795 933/1292/794 930/1368/870
f 940/1351/853 941/1352/854 938/1382/884
f 941/1352/854 834/1354/856 835/1383/885
f 842/1381/883 939/1294/796 936/1296/798
f 951/1325/827 952/1315/817 949/1384/886
f 945/1356/858 946/1388/890 943/1386/888
f 946/1388/890 947/1396/898 944/1389/891
f 827/1390/892 942/1387/889 812/1391/893
f 942/1387/889 943/1386/888 811/1393/895
f 943/1386/888 944/1389/891 810/1394/896
f 944/1389/891 823/1397/899 745/1395/897
f 947/1396/898 824/1322/824 823/1397/899
f 830/1398/900 965/1197/699 1015/1196/698
f 1015/1196/698 1014/1345/847 1000/1344/846
f 1000/1344/846 1002/1323/825 830/1398/900
f 950/1399/901 825/1320/822 824/1322/824
f 949/1384/886 950/1399/901 947/1396/898
f 948/1385/887 949/1384/886 946/1388/890
f 828/1357/859 945/1356/858 942/1387/889
f 952/1315/817 953/1334/836 950/1399/901
f 953/1334/836 826/1335/837 825/1320/822
f 830/1398/900 951/1325/827 948/1385/887
f 963/1317/819 964/1316/818 961/1400/902
f 957/1336/838 958/1404/906 955/1402/904
f 958/1404/906 959/1409/911 956/1405/907
f 786/1274/776 954/1403/905 819/1406/908
f 954/1403/905 955/1402/904 818/1407/909
f 955/1402/904 956/1405/907 817/1408/910
f 956/1405/907 827/1390/892 747/1392/894
f 959/1409/911 828/1357/859 827/1390/892
f 771/1174/676 916/1312/814 963/1317/819
f 962/1410/912 829/1355/857 828/1357/859
f 961/1400/902 962/1410/912 959/1409/911
f 960/1401/903 961/1400/902 958/1404/906
f 787/1208/710 957/1336/838 954/1403/905
f 964/1316/818 965/1197/699 962/1410/912
f 965/1197/699 830/1398/900 829/1355/857
f 789/1278/780 963/1317/819 960/1401/903
f 969/1411/913 970/1414/916 967/1412/914
f 970/1414/916 971/1416/918 968/1415/917
f 971/1416/918 842/1381/883 843/1291/793
f 966/1413/915 967/1412/914 976/1417/919
f 967/1412/914 968/1415/917 977/1418/920
f 968/1415/917 843/1291/793 844/1293/795
f 815/1338/840 978/1421/923 969/1411/913
f 826/1335/837 969/1411/913 966/1413/915
f 870/1241/743 871/1216/718 869/1217/719
f 980/1419/921 847/1366/868 842/1381/883
f 979/1420/922 980/1419/921 971/1416/918
f 978/1421/923 979/1420/922 970/1414/916
f 3037/1422/924 3036/1504/976 783/1423/729
f 975/1321/823 976/1417/919 973/1425/926
f 976/1417/919 977/1418/920 974/1427/928
f 823/1397/899 972/1426/927 807/1428/929
f 972/1426/927 973/1425/926 806/1429/930
f 973/1425/926 974/1427/928 805/1430/931
f 974/1427/928 845/1371/873 749/1373/875
f 977/1418/920 844/1293/795 845/1371/873
f 824/1322/824 975/1321/823 972/1426/927
f 981/1431/932 982/1432/933 979/1420/922
f 982/1432/933 983/1433/934 980/1419/921
f 983/1433/934 846/1365/867 847/1366/868
f 838/1434/935 748/1364/866 846/1365/867
f 837/1435/936 838/1434/935 983/1433/934
f 836/1436/937 837/1435/936 982/1432/933
f 746/1437/938 836/1436/937 981/1431/932
f 816/1340/842 981/1431/932 978/1421/923
f 3015/1438/939 3006/1515/982 741/1439/722
f 3016/1441/940 3015/1438/939 750/1440/724
f 3017/1443/941 3016/1441/940 751/1442/723
f 3000/1445/942 3017/1443/941 752/1444/725
f 3007/1447/943 742/1523/740 753/1448/804
f 3018/1449/944 753/1448/804 754/1450/805
f 3019/1451/945 754/1450/805 755/1452/803
f 3001/1454/947 3020/1453/946 755/1452/803
f 995/1456/948 984/1613/427 991/1457/426
f 853/1194/696 756/1202/704 989/1458/949
f 3021/1459/950 756/1608/704 757/1460/706
f 3022/1461/951 757/1460/706 737/1462/808
f 3023/1464/953 3001/1454/947 736/1455/766
f 3024/1466/954 3023/1464/953 758/1465/767
f 3025/1468/955 3024/1466/954 759/1467/768
f 3003/1470/956 3025/1468/955 760/1469/758
f 3026/1472/957 3005/4089/1004 740/1473/677
f 3027/1475/958 3026/1472/957 761/1474/679
f 1008/1477/960 990/1615/1029 762/1478/959
f 1038/1479/961 1025/1630/1042 1036/1480/962
f 3003/1470/956 738/1471/760 765/1481/781
f 3028/1482/963 765/1481/781 766/1483/782
f 3029/1484/964 766/1483/782 767/1485/775
f 3030/1486/965 767/1485/775 739/1487/777
f 3067/1489/967 834/1508/856 833/1490/855
f 3032/1492/969 3031/1505/977 768/1493/744
f 3033/1495/970 3032/1492/969 769/1494/747
f 3033/1495/970 770/1496/971 734/1497/748
f 3034/1499/973 3000/4079/942 735/1500/726
f 3035/1502/975 3034/1499/973 781/1501/974
f 3036/1504/976 3035/1502/975 782/1503/727
f 3031/1505/977 3038/1574/1012 785/1506/751
f 3068/1507/978 835/1588/885 834/1508/856
f 3002/1463/952 737/1462/808 790/1509/809
f 3040/1511/980 3039/1510/979 790/1509/809
f 3041/1513/981 3040/1511/980 791/1512/811
f 3006/1515/982 3041/1513/981 792/1514/812
f 2999/1516/972 734/4160/748 793/1517/749
f 3042/1518/983 793/1517/749 794/1519/750
f 3043/1520/984 794/1519/750 795/1521/738
f 3044/1522/985 795/1521/738 742/1523/740
f 3045/1524/986 802/1528/989 748/1525/866
f 3046/1527/988 803/1530/865 802/1528/989
f 3047/1529/990 804/1532/863 803/1530/865
f 3009/1531/991 744/4161/861 804/1532/863
f 3014/1533/992 3048/1536/993 805/1534/931
f 3048/1536/993 3049/1538/994 806/1537/930
f 3049/1538/994 3050/1541/996 807/1539/929
f 3010/1540/995 745/1550/897 807/1539/929
f 986/1542/405 997/1618/1033 1021/1543/997
f 996/1544/408 808/1341/843 922/1330/832
f 3051/885/407 3052/1547/998 809/1545/841
f 3052/1547/998 3011/1589/1018 746/1548/938
f 3053/1549/999 810/1552/896 745/1550/897
f 3054/1551/1000 811/1554/895 810/1552/896
f 3055/1553/1001 812/1556/893 811/1554/895
f 3012/1555/1002 747/1567/894 812/1556/893
f 3056/1557/1003 813/1561/831 740/1558/677
f 3057/1560/1005 814/1612/1006 813/1561/831
f 814/1562/1006 999/1617/1031 1016/1563/1007
f 998/1564/574 987/1614/573 1003/1565/1008
f 3012/1555/1002 3058/1568/1009 817/1566/910
f 3058/1568/1009 3059/1570/1010 818/1569/909
f 3059/1570/1010 3060/1572/1011 819/1571/908
f 3060/1572/1011 3004/4044/966 739/1573/777
f 3038/1574/1012 3037/1422/924 784/1424/925
f 3062/1575/1013 821/1579/879 820/1576/882
f 3063/1578/1015 822/1581/880 821/1579/879
f 3063/1578/1015 3008/4040/1022 743/1580/878
f 3064/1582/1016 831/1586/862 744/1583/861
f 3065/1585/1017 832/1587/860 831/1586/862
f 3066/1491/968 833/1490/855 832/1587/860
f 3061/1577/1014 820/1576/882 835/1588/885
f 3011/1589/1018 3069/1592/1020 836/1590/937
f 3070/1591/1019 837/1594/936 836/1590/937
f 3071/1593/1021 838/1595/935 837/1594/936
f 3013/1526/987 748/1525/866 838/1595/935
f 3008/1596/1022 3072/1599/1023 839/1597/877
f 3072/1599/1023 3073/1601/1024 840/1600/876
f 3073/1601/1024 3074/1603/1025 841/1602/874
f 3074/1603/1025 3014/1533/992 749/1535/875
f 542/960/480 616/949/469 611/940/460
f 1023/1604/1026 1028/1632/1035 1041/1605/1027
f 3021/1459/950 3083/1619/1034 989/1607/949
f 3027/1475/958 762/1476/959 990/1609/1029
f 1032/1606/1028 1041/1605/1027 599/873/396
f 3057/1560/1005 3086/4020/3036 999/1611/1031
f 669/1033/545 1046/1045/555 1037/1047/557
f 992/1180/682 994/1179/681 995/1456/948
f 994/1179/681 985/1182/684 984/1613/427
f 1003/1565/1008 1004/1327/829 1001/1328/830
f 987/1614/573 986/1542/405 1004/1327/829
f 1005/1184/686 1007/1262/764 1008/1477/960
f 990/1615/1029 1008/1477/960 1007/1262/764
f 1009/1170/672 1011/1169/671 1012/1181/683
f 988/1616/1032 1012/1181/683 1011/1169/671
f 1016/1563/1007 1017/1343/845 1014/1345/847
f 1017/1343/845 1016/1563/1007 999/1617/1031
f 1021/1543/997 1022/1332/834 1019/1333/835
f 1022/1332/834 1021/1543/997 997/1618/1033
f 3083/1619/1034 1027/4162/828 1028/1620/1035
f 3081/1063/572 3086/4020/3036 1035/1622/1037
f 3076/1624/1038 1023/4017/1026 1024/1625/1039
f 3078/1626/1040 1029/4163/700 1030/1627/1041
f 3080/882/404 1033/4103/1043 1034/1628/691
f 1024/1629/1039 1023/1604/1026 1032/1606/1028
f 1037/1047/557 1026/1046/556 1025/1630/1042
f 1040/902/423 1039/1044/554 1030/1631/1041
f 1042/871/394 1041/1605/1027 1028/1632/1035
f 1035/1633/1037 1044/896/417 1043/1067/576
f 1033/1634/1043 1046/1045/555 1045/1032/544
f 3076/1624/1038 985/4019/684 988/1635/1032
f 1057/1636/1044 1239/1639/1047 1623/1637/1045
f 1239/1639/1047 1094/1644/1052 1341/1640/1048
f 1623/1637/1045 1341/1640/1048 1145/1641/1049
f 1248/1638/1046 1623/1637/1045 1344/1642/1050
f 1094/1644/1052 1240/1646/1054 1624/1645/1053
f 1240/1646/1054 1058/1966/1354 1249/1647/1055
f 1624/1645/1053 1249/1647/1055 1099/1648/1056
f 1341/1640/1048 1624/1645/1053 1342/1649/1057
f 1145/1641/1049 1342/1649/1057 1625/1650/1058
f 1342/1649/1057 1099/1648/1056 1250/1652/1060
f 1625/1650/1058 1250/1652/1060 1055/1653/1061
f 1343/1651/1059 1625/1650/1058 1235/1654/1062
f 1098/1643/1051 1344/1642/1050 1626/1656/1064
f 1344/1642/1050 1145/1641/1049 1343/1651/1059
f 1626/1656/1064 1343/1651/1059 1092/1655/1063
f 1247/1657/1065 1626/1656/1064 1236/1658/1066
f 1259/1660/1068 1627/1664/1072 1226/1661/1069
f 1104/1663/1071 1345/1665/1073 1627/1664/1072
f 1345/1665/1073 1146/1673/1081 1348/1666/1074
f 1627/1664/1072 1348/1666/1074 1087/1667/1075
f 1104/1663/1071 1260/1669/1077 1628/1668/1076
f 1260/1669/1077 1060/1742/1150 1256/1670/1078
f 1628/1668/1076 1256/1670/1078 1102/1671/1079
f 1345/1665/1073 1628/1668/1076 1346/1672/1080
f 1146/1673/1081 1346/1672/1080 1629/1674/1082
f 1346/1672/1080 1102/1671/1079 1255/1676/1084
f 1629/1674/1082 1255/1676/1084 1584/1677/1085
f 1347/1675/1083 1629/1674/1082 1699/1678/1086
f 1348/1666/1074 1630/1681/1089 1225/1680/1088
f 1146/1673/1081 1347/1675/1083 1630/1681/1089
f 1630/1681/1089 1347/1675/1083 1562/1679/1087
f 1630/1681/1089 1825/1682/1090 1561/1683/1091
f 1062/1684/1092 1267/1687/1095 1631/1685/1093
f 1267/1687/1095 1108/1692/1100 1349/1688/1096
f 1631/1685/1093 1349/1688/1096 1147/1689/1097
f 1264/1686/1094 1631/1685/1093 1352/1690/1098
f 1108/1692/1100 1268/1694/1102 1632/1693/1101
f 1268/1694/1102 1061/1782/1190 1243/1695/1103
f 1632/1693/1101 1243/1695/1103 1096/1696/1104
f 1349/1688/1096 1632/1693/1101 1350/1697/1105
f 1147/1689/1097 1350/1697/1105 1633/1698/1106
f 1350/1697/1105 1096/1696/1104 1244/1700/1108
f 1633/1698/1106 1244/1700/1108 1056/1701/1109
f 1351/1699/1107 1633/1698/1106 1246/1702/1110
f 1106/1691/1099 1352/1690/1098 1634/1704/1112
f 1352/1690/1098 1147/1689/1097 1351/1699/1107
f 1634/1704/1112 1351/1699/1107 1097/1703/1111
f 1263/1705/1113 1634/1704/1112 1245/1706/1114
f 1271/1708/1116 1635/1712/1120 1446/1709/1117
f 1110/1711/1119 1353/1713/1121 1635/1712/1120
f 1353/1713/1121 1148/1719/1127 1356/1714/1122
f 1635/1712/1120 1356/1714/1122 1172/1715/1123
f 1272/1716/1124 1636/1717/1125 1353/1713/1121
f 1057/1636/1044 1248/1638/1046 1636/1717/1125
f 1248/1638/1046 1098/1643/1051 1354/1718/1126
f 1636/1717/1125 1354/1718/1126 1148/1719/1127
f 1354/1718/1126 1637/1721/1129 1355/1720/1128
f 1098/1643/1051 1247/1657/1065 1637/1721/1129
f 1637/1721/1129 1247/1657/1065 1054/1659/1067
f 1637/1721/1129 1269/1722/1130 1109/1723/1131
f 1356/1714/1122 1638/1725/1133 1445/1724/1132
f 1148/1719/1127 1355/1720/1128 1638/1725/1133
f 1355/1720/1128 1109/1723/1131 1429/1726/1134
f 1638/1725/1133 1429/1726/1134 1166/1727/1135
f 1563/1728/1136 1719/1731/1139 1639/1729/1137
f 1719/1731/1139 1564/1736/1144 1357/1732/1140
f 1639/1729/1137 1357/1732/1140 1149/1733/1141
f 1234/1730/1138 1639/1729/1137 1360/1734/1142
f 1564/1736/1144 1717/1738/1146 1640/1737/1145
f 1717/1738/1146 1584/1677/1085 1255/1676/1084
f 1640/1737/1145 1255/1676/1084 1102/1671/1079
f 1357/1732/1140 1640/1737/1145 1358/1739/1147
f 1149/1733/1141 1358/1739/1147 1641/1740/1148
f 1358/1739/1147 1102/1671/1079 1256/1670/1078
f 1641/1740/1148 1256/1670/1078 1060/1742/1150
f 1359/1741/1149 1641/1740/1148 1258/1743/1151
f 1091/1735/1143 1360/1734/1142 1642/1745/1153
f 1360/1734/1142 1149/1733/1141 1359/1741/1149
f 1642/1745/1153 1359/1741/1149 1103/1744/1152
f 1233/1746/1154 1642/1745/1153 1257/1747/1155
f 1052/1749/1157 1265/1752/1160 1643/1750/1158
f 1265/1752/1160 1107/1757/1165 1361/1753/1161
f 1643/1750/1158 1361/1753/1161 1150/1754/1162
f 1643/1750/1158 1364/1755/1163 1086/1756/1164
f 1107/1757/1165 1266/1759/1167 1644/1758/1166
f 1266/1759/1167 1061/1782/1190 1262/1760/1168
f 1644/1758/1166 1262/1760/1168 1105/1761/1169
f 1361/1753/1161 1644/1758/1166 1362/1762/1170
f 1150/1754/1162 1362/1762/1170 1645/1763/1171
f 1362/1762/1170 1105/1761/1169 1261/1765/1173
f 1645/1763/1171 1261/1765/1173 1060/1742/1150
f 1363/1764/1172 1645/1763/1171 1260/1669/1077
f 1364/1755/1163 1646/1767/1175 1223/1766/1174
f 1150/1754/1162 1363/1764/1172 1646/1767/1175
f 1363/1764/1172 1104/1663/1071 1259/1660/1068
f 1646/1767/1175 1259/1660/1068 1051/1662/1070
f 1049/1768/1176 1241/1771/1179 1647/1769/1177
f 1241/1771/1179 1095/1776/1184 1365/1772/1180
f 1647/1769/1177 1365/1772/1180 1151/1773/1181
f 1228/1770/1178 1647/1769/1177 1368/1774/1182
f 1095/1776/1184 1242/1778/1186 1648/1777/1185
f 1242/1778/1186 1056/1701/1109 1244/1700/1108
f 1648/1777/1185 1244/1700/1108 1096/1696/1104
f 1365/1772/1180 1648/1777/1185 1366/1779/1187
f 1151/1773/1181 1366/1779/1187 1649/1780/1188
f 1366/1779/1187 1096/1696/1104 1243/1695/1103
f 1649/1780/1188 1243/1695/1103 1061/1782/1190
f 1367/1781/1189 1649/1780/1188 1266/1759/1167
f 1088/1775/1183 1368/1774/1182 1650/1783/1191
f 1368/1774/1182 1151/1773/1181 1367/1781/1189
f 1650/1783/1191 1367/1781/1189 1107/1757/1165
f 1227/1784/1192 1650/1783/1191 1265/1752/1160
f 1059/1748/1156 1257/1747/1155 1651/1785/1193
f 1257/1747/1155 1103/1744/1152 1369/1787/1195
f 1651/1785/1193 1369/1787/1195 1152/1788/1196
f 1254/1786/1194 1651/1785/1193 1372/1789/1197
f 1103/1744/1152 1258/1743/1151 1652/1791/1199
f 1258/1743/1151 1060/1742/1150 1261/1765/1173
f 1652/1791/1199 1261/1765/1173 1105/1761/1169
f 1369/1787/1195 1652/1791/1199 1370/1792/1200
f 1152/1788/1196 1370/1792/1200 1653/1793/1201
f 1370/1792/1200 1105/1761/1169 1262/1760/1168
f 1653/1793/1201 1262/1760/1168 1061/1782/1190
f 1371/1794/1202 1653/1793/1201 1268/1694/1102
f 1101/1790/1198 1372/1789/1197 1654/1795/1203
f 1372/1789/1197 1152/1788/1196 1371/1794/1202
f 1654/1795/1203 1371/1794/1202 1108/1692/1100
f 1253/1796/1204 1654/1795/1203 1267/1687/1095
f 1668/1797/1205 1667/1851/1208 1656/1798/1206
f 1667/1800/1208 1064/1850/1247 1276/1801/1209
f 1656/1802/1206 1112/1803/1210 1275/1804/1211
f 1657/1805/1212 1275/1804/1211 1065/1806/1213
f 1655/1799/1207 1656/1798/1206 1657/1811/1212
f 1658/1813/1216 1657/1808/1212 1113/1810/1215
f 1218/1816/1219 1085/2240/1225 1373/1817/1220
f 1767/1819/1222 1720/2045/1433 1696/1820/1223
f 1085/1822/1225 1767/1819/1222 1659/1821/1224
f 1659/1821/1224 1696/1820/1223 1718/1824/1226
f 1373/1823/1220 1659/1821/1224 1674/1825/1227
f 1660/1818/1221 1373/1817/1220 1375/1827/1228
f 1068/1829/1230 1284/1832/1233 1661/1830/1231
f 1283/1834/1235 1662/1836/1237 1661/1830/1231
f 1662/1837/1237 1663/1884/1276 1664/1838/1238
f 1680/1840/1232 1661/1839/1231 1664/1838/1238
f 1849/1842/1240 1848/2474/1243 1666/1843/1241
f 1848/1845/1243 1168/2397/1763 1431/1846/1244
f 1666/1847/1241 1117/1848/1245 1285/1849/1246
f 1665/1844/1242 1666/1843/1241 1667/1851/1208
f 1655/1799/1207 1669/1853/1249 1684/1852/1248
f 1658/1812/1216 1670/1857/1250 1669/1853/1249
f 1066/1815/1218 1280/1855/1251 1670/1854/1250
f 1670/1857/1250 1217/4164/1255 1216/1858/1253
f 1670/1854/1250 1114/1856/1252 1279/1859/1254
f 1669/1853/1249 1216/1858/1253 1222/1862/1257
f 1566/1863/1258 1274/1866/1261 1671/1864/1259
f 1274/1866/1261 1111/1868/1263 1374/1867/1262
f 1111/1868/1263 1273/1870/1265 1672/1869/1264
f 1374/1872/1262 1672/1890/1264 1673/1828/1229
f 1688/1873/1260 1671/1874/1259 1674/1825/1227
f 1671/1874/1259 1374/4165/1262 1375/1826/1228
f 1220/1875/1267 1219/1878/1270 1675/1876/1268
f 1219/1878/1270 1218/1816/1219 1660/1818/1221
f 1675/1876/1268 1660/1818/1221 1673/1828/1229
f 1676/1877/1269 1675/1876/1268 1682/1879/1271
f 1214/1880/1272 1677/1883/1275 1678/1881/1273
f 1214/1880/1272 1220/1875/1267 1676/1877/1269
f 1677/1883/1275 1676/1877/1269 1681/1841/1239
f 1677/1883/1275 1664/1838/1238 1663/1884/1276
f 1067/1871/1266 1282/1886/1278 1679/1885/1277
f 1115/1887/1279 1281/1888/1280 1680/1831/1232
f 1679/1889/1277 1680/1840/1232 1681/1841/1239
f 1672/1890/1264 1679/1889/1277 1682/1879/1271
f 1665/1844/1242 1683/1892/1282 1847/1891/1281
f 1668/1797/1205 1684/1852/1248 1683/1892/1282
f 1684/1852/1248 1222/1862/1257 1221/1893/1283
f 1683/1892/1282 1221/1893/1283 1427/1894/1284
f 1447/1895/1285 1875/1996/1384 1685/1896/1286
f 1115/1887/1279 1282/1886/1278 1685/1896/1286
f 1282/1886/1278 1067/1871/1266 1589/1897/1287
f 1716/1899/1289 1876/2035/1423 1485/1900/1290
f 1059/1748/1156 1588/1906/1296 1686/1902/1292
f 1693/1903/1293 1854/1952/1340 1452/1904/1294
f 1853/1905/1295 1686/1902/1292 1588/1906/1296
f 1233/1746/1154 1686/1902/1292 1565/1908/1298
f 1166/1727/1135 1568/1915/1305 1687/1909/1299
f 1496/1911/1301 1573/2017/1405 1709/1912/1302
f 1923/1914/1304 1687/1909/1299 1568/1915/1305
f 1270/1910/1300 1687/1909/1299 1569/1917/1307
f 1861/1918/1308 1464/2038/1426 1564/1736/1144
f 1867/1919/1309 1689/1924/1312 1582/1920/1310
f 1113/1810/1215 1278/1809/1214 1689/1922/1312
f 1689/1924/1312 1278/1807/1214 1065/1806/1213
f 1868/1925/1314 1473/1986/1374 1556/1926/1315
f 1055/1653/1061 1581/1933/1322 1690/1928/1317
f 1858/1929/1318 1460/2033/1421 1574/1930/1319
f 1857/1932/1321 1690/1928/1317 1581/1933/1322
f 1690/1928/1317 1576/2029/1417 1092/1655/1063
f 1099/1648/1056 1580/1939/1327 1691/1935/1324
f 1468/1936/1325 1583/1923/1313 1689/1922/1312
f 1866/1938/1326 1691/1935/1324 1580/1939/1327
f 1691/1935/1324 1581/1933/1322 1055/1653/1061
f 1880/1941/1329 1692/1945/1333 1578/1942/1330
f 1577/1944/1332 1064/1850/1247 1285/1849/1246
f 1692/1945/1333 1285/1849/1246 1117/1848/1245
f 1493/1946/1334 1575/2034/1422 1715/1947/1335
f 1091/1735/1143 1565/1908/1298 1693/1903/1293
f 1855/1949/1337 1448/2015/1403 1567/1950/1338
f 1854/1952/1340 1693/1903/1293 1565/1908/1298
f 1454/1954/1342 1855/1949/1337 1694/1951/1339
f 1111/1868/1263 1274/1866/1261 1694/1951/1339
f 1700/1955/1343 1856/1978/1366 1455/1921/1311
f 1100/1956/1344 1558/1963/1351 1695/1957/1345
f 1871/1959/1347 1474/2377/1743 1557/1960/1348
f 1870/1962/1350 1695/1957/1345 1558/1963/1351
f 1252/1958/1346 1695/1957/1345 1585/1965/1353
f 1885/1967/1355 1498/2425/1791 1562/1679/1087
f 1871/1959/1347 1697/1961/1349 1586/1968/1356
f 1114/1856/1252 1280/1855/1251 1697/1961/1349
f 1280/1855/1251 1066/1815/1218 1586/1968/1356
f 1872/1970/1358 1479/2001/1389 1592/1971/1359
f 1058/1966/1354 1585/1965/1353 1698/1973/1361
f 1691/1935/1324 1866/1938/1326 1458/1934/1323
f 1865/1974/1362 1698/1973/1361 1585/1965/1353
f 1249/1647/1055 1698/1973/1361 1580/1939/1327
f 1825/1682/1090 1886/2552/1881 1499/1976/1364
f 1465/1977/1365 1885/1967/1355 1699/1678/1086
f 1856/1978/1366 1700/1955/1343 1579/1979/1367
f 1582/1920/1310 1065/1806/1213 1275/1804/1211
f 1700/1955/1343 1275/1804/1211 1112/1803/1210
f 1459/1981/1369 1576/2029/1417 1690/1928/1317
f 1792/1982/1370 1907/2308/1677 1508/1983/1371
f 1906/1985/1373 1701/1989/1377 1556/1926/1315
f 1559/1987/1375 1141/2272/1649 1333/1988/1376
f 1701/1989/1377 1333/1988/1376 1047/1861/1256
f 1050/1990/1378 1554/1994/1382 1702/1991/1379
f 1695/1957/1345 1870/1962/1350 1470/1975/1363
f 1476/1993/1381 1869/2378/1744 1702/1991/1379
f 1702/1991/1379 1558/1963/1351 1100/1956/1344
f 1101/1790/1198 1587/1998/1386 1703/1995/1383
f 1875/1996/1384 1480/2028/1416 1590/1898/1288
f 1874/1997/1385 1703/1995/1383 1587/1998/1386
f 1254/1786/1194 1703/1995/1383 1588/1906/1296
f 1468/1936/1325 1864/2039/1427 1704/2000/1388
f 1066/1815/1218 1277/1814/1217 1704/2000/1388
f 1277/1814/1217 1113/1810/1215 1583/1923/1313
f 1865/1974/1362 1471/1940/1328 1580/1939/1327
f 1479/2001/1389 1879/2011/1399 1705/2002/1390
f 1571/2003/1391 1116/1833/1234 1284/1832/1233
f 1284/1832/1233 1068/1829/1230 1592/1971/1359
f 1692/1945/1333 1880/1941/1329 1462/2004/1392
f 1062/1684/1092 1591/2007/1395 1706/2005/1393
f 1703/1995/1383 1874/1997/1385 1450/1907/1297
f 1873/2006/1394 1706/2005/1393 1591/2007/1395
f 1253/1796/1204 1706/2005/1393 1587/1998/1386
f 1106/1691/1099 1572/2013/1401 1707/2009/1397
f 1486/2010/1398 1571/2003/1391 1705/2002/1390
f 1878/2012/1400 1707/2009/1397 1572/2013/1401
f 1264/1686/1094 1707/2009/1397 1591/2007/1395
f 1448/2015/1403 1852/2478/1843 1708/2016/1404
f 1067/1871/1266 1273/1870/1265 1708/2016/1404
f 1273/1870/1265 1111/1868/1263 1567/1950/1338
f 1451/1953/1341 1565/1908/1298 1686/1902/1292
f 1924/1913/1303 1709/1912/1302 1570/1901/1291
f 1573/2017/1405 1168/2397/1763 1286/2018/1406
f 1709/1912/1302 1286/2018/1406 1063/1835/1236
f 1925/2019/1407 1542/2419/1785 1602/2020/1408
f 1053/1707/1115 1569/1917/1307 1710/2022/1410
f 1707/2009/1397 1878/2012/1400 1482/2008/1396
f 1877/2023/1411 1710/2022/1410 1569/1917/1307
f 1263/1705/1113 1710/2022/1410 1572/2013/1401
f 1897/2025/1413 1711/2164/1552 1594/2026/1414
f 1480/2028/1416 1872/1970/1358 1712/1972/1360
f 1068/1829/1230 1281/1888/1280 1712/1972/1360
f 1281/1888/1280 1115/1887/1279 1590/1898/1288
f 1483/1999/1387 1587/1998/1386 1706/2005/1393
f 1576/2029/1417 1713/1931/1320 1236/1658/1066
f 1456/1980/1368 1579/1979/1367 1714/2030/1418
f 1858/1929/1318 1713/1931/1320 1576/2029/1417
f 1713/1931/1320 1574/1930/1319 1054/1659/1067
f 1859/2031/1419 1714/2030/1418 1577/1944/1332
f 1579/1979/1367 1112/1803/1210 1276/1801/1209
f 1714/2030/1418 1276/1801/1209 1064/1850/1247
f 1688/1865/1260 1860/2499/1424 1454/1954/1342
f 1574/1930/1319 1715/1947/1335 1269/1722/1130
f 1846/2032/1420 1882/2473/1839 1494/1916/1306
f 1881/1948/1336 1715/1947/1335 1574/1930/1319
f 1269/1722/1130 1715/1947/1335 1575/2034/1422
f 1876/2035/1423 1716/1899/1289 1571/2003/1391
f 1570/1901/1291 1063/1835/1236 1283/1834/1235
f 1716/1899/1289 1283/1834/1235 1116/1833/1234
f 1489/2014/1402 1572/2013/1401 1710/2022/1410
f 1860/2036/1424 1688/1873/1260 1718/1824/1226
f 1464/2038/1426 1862/2040/1428 1717/1738/1146
f 1864/2039/1427 1467/1969/1357 1586/1968/1356
f 1862/2040/1428 1465/1977/1365 1584/1677/1085
f 1452/1904/1294 1861/1918/1308 1719/1731/1139
f 1920/2041/1429 1550/2348/1714 1560/2042/1430
f 1922/2044/1432 1919/2424/1790 1720/2045/1433
f 1057/1636/1044 1238/2048/1436 1721/2047/1435
f 1238/2048/1436 1093/2051/1439 1376/2049/1437
f 1376/2049/1437 1153/2056/1444 1379/2050/1438
f 1721/2047/1435 1379/2050/1438 1094/1644/1052
f 1093/2051/1439 1237/2053/1441 1722/2052/1440
f 1237/2053/1441 1048/2075/1463 1230/2054/1442
f 1230/2054/1442 1089/2058/1446 1377/2055/1443
f 1376/2049/1437 1722/2052/1440 1377/2055/1443
f 1377/2055/1443 1723/2059/1447 1378/2057/1445
f 1089/2058/1446 1229/2060/1448 1723/2059/1447
f 1229/2060/1448 1050/1990/1378 1251/1992/1380
f 1378/2057/1445 1723/2059/1447 1251/1992/1380
f 1379/2050/1438 1724/2061/1449 1240/1646/1054
f 1153/2056/1444 1378/2057/1445 1724/2061/1449
f 1378/2057/1445 1100/1956/1344 1252/1958/1346
f 1724/2061/1449 1252/1958/1346 1058/1966/1354
f 1444/2062/1450 1725/2064/1452 1271/1708/1116
f 1173/2063/1451 1380/2065/1453 1725/2064/1452
f 1380/2065/1453 1154/2072/1460 1383/2066/1454
f 1271/1708/1116 1725/2064/1452 1383/2066/1454
f 1173/2063/1451 1443/2068/1456 1726/2067/1455
f 1443/2068/1456 1165/2455/1821 1428/2069/1457
f 1726/2067/1455 1428/2069/1457 1090/2070/1458
f 1380/2065/1453 1726/2067/1455 1381/2071/1459
f 1154/2072/1460 1381/2071/1459 1727/2073/1461
f 1090/2070/1458 1231/2452/1818 1727/2073/1461
f 1727/2073/1461 1231/2452/1818 1048/2075/1463
f 1382/2074/1462 1727/2073/1461 1237/2053/1441
f 1110/1711/1119 1383/2066/1454 1728/2076/1464
f 1383/2066/1454 1154/2072/1460 1382/2074/1462
f 1728/2076/1464 1382/2074/1462 1093/2051/1439
f 1272/1716/1124 1728/2076/1464 1238/2048/1436
f 1073/2077/1465 1302/2080/1468 1729/2078/1466
f 1302/2080/1468 1125/2085/1473 1384/2081/1469
f 1729/2078/1466 1384/2081/1469 1155/2082/1470
f 1293/2079/1467 1729/2078/1466 1387/2083/1471
f 1125/2085/1473 1301/2087/1475 1730/2086/1474
f 1301/2087/1475 1070/2159/1547 1290/2088/1476
f 1730/2086/1474 1290/2088/1476 1119/2089/1477
f 1384/2081/1469 1730/2086/1474 1385/2090/1478
f 1155/2082/1470 1385/2090/1478 1731/2091/1479
f 1385/2090/1478 1119/2089/1477 1289/2093/1481
f 1731/2091/1479 1289/2093/1481 1071/2094/1482
f 1386/2092/1480 1731/2091/1479 1304/2095/1483
f 1121/2084/1472 1387/2083/1471 1732/2097/1485
f 1387/2083/1471 1155/2082/1470 1386/2092/1480
f 1732/2097/1485 1386/2092/1480 1126/2096/1484
f 1294/2098/1486 1732/2097/1485 1303/2099/1487
f 1051/1662/1070 1226/1661/1069 1733/2101/1489
f 1087/1667/1075 1388/2103/1491 1733/2101/1489
f 1388/2103/1491 1156/2108/1496 1391/2104/1492
f 1733/2101/1489 1391/2104/1492 1131/2105/1493
f 1225/1680/1088 1734/2106/1494 1388/2103/1491
f 1561/1683/1091 1811/2043/1431 1734/2106/1494
f 1734/2106/1494 1811/2043/1431 1560/2042/1430
f 1734/2106/1494 1389/2107/1495 1156/2108/1496
f 1156/2108/1496 1389/2107/1495 1735/2109/1497
f 1389/2107/1495 1560/2042/1430 1799/2111/1499
f 1735/2109/1497 1799/2111/1499 1614/2112/1500
f 1390/2110/1498 1735/2109/1497 1309/2113/1501
f 1131/2105/1493 1391/2104/1492 1736/2115/1503
f 1391/2104/1492 1156/2108/1496 1390/2110/1498
f 1736/2115/1503 1390/2110/1498 1129/2114/1502
f 1314/2116/1504 1736/2115/1503 1310/2117/1505
f 1078/2119/1507 1318/2122/1510 1737/2120/1508
f 1318/2122/1510 1133/2127/1515 1392/2123/1511
f 1737/2120/1508 1392/2123/1511 1157/2124/1512
f 1321/2121/1509 1737/2120/1508 1395/2125/1513
f 1133/2127/1515 1317/2129/1517 1738/2128/1516
f 1317/2129/1517 1069/2413/1779 1299/2130/1518
f 1738/2128/1516 1299/2130/1518 1124/2131/1519
f 1392/2123/1511 1738/2128/1516 1393/2132/1520
f 1157/2124/1512 1393/2132/1520 1739/2133/1521
f 1393/2132/1520 1124/2131/1519 1300/2135/1523
f 1739/2133/1521 1300/2135/1523 1072/2136/1524
f 1394/2134/1522 1739/2133/1521 1298/2137/1525
f 1135/2126/1514 1395/2125/1513 1740/2139/1527
f 1395/2125/1513 1157/2124/1512 1394/2134/1522
f 1740/2139/1527 1394/2134/1522 1123/2138/1526
f 1322/2140/1528 1740/2139/1527 1297/2141/1529
f 1442/2143/1531 1741/2147/1535 1325/2144/1532
f 1174/2146/1534 1396/2148/1536 1741/2147/1535
f 1396/2148/1536 1158/2155/1543 1399/2149/1537
f 1741/2147/1535 1399/2149/1537 1137/2150/1538
f 1441/2151/1539 1742/2153/1541 1396/2148/1536
f 1441/2151/1539 1169/2357/1723 1432/2152/1540
f 1432/2152/1540 1136/2157/1545 1397/2154/1542
f 1742/2153/1541 1397/2154/1542 1158/2155/1543
f 1397/2154/1542 1743/2158/1546 1398/2156/1544
f 1136/2157/1545 1323/2406/1772 1743/2158/1546
f 1743/2158/1546 1323/2406/1772 1070/2159/1547
f 1743/2158/1546 1301/2087/1475 1125/2085/1473
f 1399/2149/1537 1744/2161/1549 1326/2160/1548
f 1158/2155/1543 1398/2156/1544 1744/2161/1549
f 1398/2156/1544 1125/2085/1473 1302/2080/1468
f 1744/2161/1549 1302/2080/1468 1073/2077/1465
f 1593/2162/1550 1288/2165/1553 1745/2163/1551
f 1288/2165/1553 1118/2169/1557 1400/2166/1554
f 1745/2163/1551 1400/2166/1554 1159/2167/1555
f 1711/2164/1552 1745/2163/1551 1403/2168/1556
f 1118/2169/1557 1287/2171/1559 1746/2170/1558
f 1287/2171/1559 1075/2207/1595 1311/2172/1560
f 1746/2170/1558 1311/2172/1560 1130/2173/1561
f 1400/2166/1554 1746/2170/1558 1401/2174/1562
f 1159/2167/1555 1401/2174/1562 1747/2175/1563
f 1401/2174/1562 1130/2173/1561 1312/2177/1565
f 1747/2175/1563 1312/2177/1565 1076/2118/1506
f 1402/2176/1564 1747/2175/1563 1310/2117/1505
f 1594/2026/1414 1403/2168/1556 1748/2178/1566
f 1403/2168/1556 1159/2167/1555 1402/2176/1564
f 1748/2178/1566 1402/2176/1564 1129/2114/1502
f 1802/2179/1567 1748/2178/1566 1309/2113/1501
f 1052/1749/1157 1224/1751/1159 1749/2180/1568
f 1086/1756/1164 1404/2182/1570 1749/2180/1568
f 1404/2182/1570 1160/2187/1575 1407/2183/1571
f 1319/2181/1569 1749/2180/1568 1407/2183/1571
f 1223/1766/1174 1750/2185/1573 1404/2182/1570
f 1051/1662/1070 1313/2102/1490 1750/2185/1573
f 1313/2102/1490 1131/2105/1493 1405/2186/1574
f 1750/2185/1573 1405/2186/1574 1160/2187/1575
f 1160/2187/1575 1405/2186/1574 1751/2188/1576
f 1405/2186/1574 1131/2105/1493 1314/2116/1504
f 1751/2188/1576 1314/2116/1504 1076/2118/1506
f 1406/2189/1577 1751/2188/1576 1315/2190/1578
f 1134/2184/1572 1407/2183/1571 1752/2192/1580
f 1407/2183/1571 1160/2187/1575 1406/2189/1577
f 1752/2192/1580 1406/2189/1577 1132/2191/1579
f 1320/2193/1581 1752/2192/1580 1316/2194/1582
f 1049/1768/1176 1228/1770/1178 1753/2195/1583
f 1228/1770/1178 1088/1775/1183 1408/2197/1585
f 1753/2195/1583 1408/2197/1585 1161/2198/1586
f 1295/2196/1584 1753/2195/1583 1411/2199/1587
f 1088/1775/1183 1227/1784/1192 1754/2201/1589
f 1227/1784/1192 1052/1749/1157 1319/2181/1569
f 1754/2201/1589 1319/2181/1569 1134/2184/1572
f 1408/2197/1585 1754/2201/1589 1409/2202/1590
f 1161/2198/1586 1409/2202/1590 1755/2203/1591
f 1409/2202/1590 1134/2184/1572 1320/2193/1581
f 1755/2203/1591 1320/2193/1581 1077/2142/1530
f 1410/2204/1592 1755/2203/1591 1297/2141/1529
f 1122/2200/1588 1411/2199/1587 1756/2205/1593
f 1411/2199/1587 1161/2198/1586 1410/2204/1592
f 1756/2205/1593 1410/2204/1592 1123/2138/1526
f 1296/2206/1594 1756/2205/1593 1298/2137/1525
f 1075/2207/1595 1308/2209/1597 1757/2208/1596
f 1308/2209/1597 1128/2213/1601 1412/2210/1598
f 1757/2208/1596 1412/2210/1598 1162/2211/1599
f 1311/2172/1560 1757/2208/1596 1415/2212/1600
f 1128/2213/1601 1307/2215/1603 1758/2214/1602
f 1307/2215/1603 1078/2119/1507 1321/2121/1509
f 1758/2214/1602 1321/2121/1509 1135/2126/1514
f 1412/2210/1598 1758/2214/1602 1413/2216/1604
f 1162/2211/1599 1413/2216/1604 1759/2217/1605
f 1413/2216/1604 1135/2126/1514 1322/2140/1528
f 1759/2217/1605 1322/2140/1528 1077/2142/1530
f 1414/2218/1606 1759/2217/1605 1316/2194/1582
f 1130/2173/1561 1415/2212/1600 1760/2219/1607
f 1415/2212/1600 1162/2211/1599 1414/2218/1606
f 1760/2219/1607 1414/2218/1606 1132/2191/1579
f 1312/2177/1565 1760/2219/1607 1315/2190/1578
f 1773/2220/1608 1761/2228/1616 1764/2221/1609
f 1762/2223/1611 1331/2225/1613 1140/2226/1614
f 1761/2228/1616 1762/2273/1611 1763/2229/1615
f 1763/2231/1615 1332/2335/1617 1081/2232/1618
f 1764/2234/1609 1763/2231/1615 1329/2233/1619
f 1774/2237/1610 1764/2234/1609 1330/2236/1621
f 1218/1816/1219 1765/2241/1624 1416/2239/1623
f 1765/2241/1624 1780/2285/1657 1417/2242/1625
f 1416/2243/1623 1417/2282/1625 1779/2244/1626
f 1766/2245/1627 1779/2244/1626 1824/2246/1628
f 1085/1822/1225 1416/2243/1623 1766/2245/1627
f 1767/1819/1222 1766/2245/1627 1801/2046/1434
f 1084/2247/1629 1789/2301/1633 1768/2248/1630
f 1789/2251/1633 1788/2296/1667 1769/2252/1634
f 1769/2252/1634 1770/2294/1665 1771/2254/1635
f 1768/2248/1630 1771/2256/1635 1337/2255/1636
f 1840/2258/1638 1772/2261/1641 1775/2259/1639
f 1772/2261/1641 1773/2220/1608 1774/2222/1610
f 1775/2263/1639 1774/2237/1610 1339/2262/1642
f 1839/2266/1640 1775/2263/1639 1434/2265/1644
f 1791/2268/1646 1776/2269/1647 1761/2228/1616
f 1222/1862/1257 1216/1858/1253 1776/2269/1647
f 1216/1858/1253 1217/4164/1255 1777/2270/1648
f 1777/2271/1648 1217/1860/1255 1333/1988/1376
f 1776/2269/1647 1777/2270/1648 1762/2273/1611
f 1777/2271/1648 1334/2274/1650 1082/2224/1612
f 1596/2275/1651 1793/2315/1656 1778/2276/1652
f 1328/2277/1653 1778/2276/1652 1418/2278/1654
f 1793/2280/1656 1824/2246/1628 1779/2244/1626
f 1778/2281/1652 1779/2244/1626 1417/2282/1625
f 1418/2284/1654 1417/2242/1625 1780/2285/1657
f 1138/2279/1655 1418/2278/1654 1781/2287/1658
f 1220/1875/1267 1782/2291/1662 1783/2290/1661
f 1782/2291/1662 1788/2296/1667 1787/2292/1663
f 1783/2290/1661 1787/2292/1663 1780/2285/1657
f 1219/1878/1270 1783/2290/1661 1765/2241/1624
f 1784/2293/1664 1785/2295/1666 1214/1880/1272
f 1770/2294/1665 1769/2252/1634 1785/2295/1666
f 1785/2295/1666 1769/2252/1634 1788/2296/1667
f 1214/1880/1272 1785/2295/1666 1782/2291/1662
f 1083/2289/1660 1781/2287/1658 1786/2297/1668
f 1781/2286/1658 1780/2285/1657 1787/2292/1663
f 1786/2300/1668 1787/2292/1663 1788/2296/1667
f 1142/2299/1670 1786/2297/1668 1789/2301/1633
f 1838/2303/1672 1790/2304/1673 1772/2261/1641
f 1427/1894/1284 1221/1893/1283 1790/2304/1673
f 1221/1893/1283 1222/1862/1257 1791/2268/1646
f 1790/2304/1673 1791/2268/1646 1773/2220/1608
f 1908/2305/1674 1533/2404/1770 1617/2306/1675
f 1907/2308/1677 1792/1982/1370 1619/2309/1678
f 1620/1984/1372 1083/2289/1660 1336/2298/1669
f 1792/1982/1370 1336/2298/1669 1142/2299/1670
f 1899/2311/1680 1516/2373/1739 1613/2312/1681
f 1501/2314/1683 1898/4166/1788 1793/2315/1656
f 1118/2169/1557 1288/2165/1553 1794/2316/1684
f 1889/2318/1686 1506/2376/1742 1618/2319/1687
f 1504/2321/1689 1888/2349/1715 1794/2316/1684
f 1133/2127/1515 1318/2122/1510 1795/2322/1690
f 1318/2122/1510 1078/2119/1507 1621/2324/1692
f 1913/2325/1693 1540/2361/1727 1599/2326/1694
f 1534/2328/1696 1912/2385/1751 1795/2322/1690
f 1900/2329/1697 1523/2383/1749 1610/2330/1698
f 1521/2332/1700 1899/2585/1680 1796/2333/1682
f 1796/2313/1682 1613/2312/1681 1081/2232/1618
f 1796/2333/1682 1332/2230/1617 1140/2226/1614
f 1509/2336/1702 1918/2409/1775 1797/2337/1703
f 1797/2337/1703 1609/2410/1776 1144/2264/1643
f 1607/2338/1704 1797/2337/1703 1339/2262/1642
f 1290/2088/1476 1798/2340/1706 1608/2339/1705
f 1070/2159/1547 1604/2345/1711 1798/2340/1706
f 1893/2341/1707 1514/2421/1787 1611/2342/1708
f 1892/2344/1710 1798/2340/1706 1604/2345/1711
f 1921/2347/1713 1799/2111/1499 1560/2042/1430
f 1888/2349/1715 1505/2392/1758 1597/2317/1685
f 1887/2350/1716 1800/2353/1719 1595/2351/1717
f 1800/2353/1719 1328/2277/1653 1138/2279/1655
f 1687/1909/1299 1923/1914/1304 1488/2024/1412
f 1895/2354/1720 1922/2044/1432 1801/2046/1434
f 1711/2164/1552 1897/2025/1413 1504/2321/1689
f 1896/2355/1721 1802/2179/1567 1614/2112/1500
f 1169/2357/1723 1324/2360/1726 1803/2358/1724
f 1324/2360/1726 1069/2413/1779 1599/2326/1694
f 1540/2361/1727 1926/2398/1764 1803/2358/1724
f 1904/2362/1728 1529/2597/1903 1555/2363/1729
f 1903/2365/1731 1804/2368/1734 1559/1987/1375
f 1616/2367/1733 1082/2224/1612 1334/2274/1650
f 1804/2368/1734 1334/2274/1650 1141/2272/1649
f 1289/2093/1481 1805/2343/1709 1611/2342/1708
f 1119/2089/1477 1608/2339/1705 1805/2343/1709
f 1894/2369/1735 1510/2412/1778 1606/2370/1736
f 1893/2341/1707 1805/2343/1709 1608/2339/1705
f 1516/2373/1739 1894/2369/1735 1806/2371/1737
f 1806/2371/1737 1606/2370/1736 1139/2235/1620
f 1613/2312/1681 1806/2371/1737 1329/2233/1619
f 1128/2213/1601 1308/2209/1597 1807/2307/1676
f 1308/2209/1597 1075/2207/1595 1618/2319/1687
f 1909/2374/1740 1534/2328/1696 1621/2324/1692
f 1506/2376/1742 1908/2305/1674 1807/2307/1676
f 1474/2377/1743 1868/1925/1314 1808/1927/1316
f 1047/1861/1256 1279/1859/1254 1808/1927/1316
f 1279/1859/1254 1114/1856/1252 1557/1960/1348
f 1869/2378/1744 1477/1964/1352 1558/1963/1351
f 1074/2100/1488 1303/2099/1487 1809/2379/1745
f 1303/2099/1487 1126/2096/1484 1610/2330/1698
f 1521/2332/1700 1612/2334/1701 1810/2381/1747
f 1523/2383/1749 1901/2420/1786 1809/2379/1745
f 1804/2368/1734 1903/2365/1731 1526/2384/1750
f 1902/2382/1748 1810/2381/1747 1616/2367/1733
f 1612/2334/1701 1140/2226/1614 1331/2225/1613
f 1810/2381/1747 1331/2225/1613 1082/2224/1612
f 1799/2111/1499 1921/2347/1713 1518/2356/1722
f 1499/1976/1364 1920/2041/1429 1811/2043/1431
f 1912/2385/1751 1539/2416/1782 1600/2323/1691
f 1537/2386/1752 1911/2609/1910 1812/2387/1753
f 1622/2389/1755 1084/2247/1629 1338/2249/1631
f 1603/2388/1754 1812/2387/1753 1338/2249/1631
f 1075/2207/1595 1287/2171/1559 1813/2320/1688
f 1287/2171/1559 1118/2169/1557 1597/2317/1685
f 1502/2352/1718 1595/2351/1717 1814/2390/1756
f 1505/2392/1758 1889/2318/1686 1813/2320/1688
f 1891/2393/1759 1509/2336/1702 1607/2338/1704
f 1890/2391/1757 1814/2390/1756 1620/1984/1372
f 1595/2351/1717 1138/2279/1655 1327/2288/1659
f 1814/2390/1756 1327/2288/1659 1083/2289/1660
f 1883/2395/1761 1815/2396/1762 1573/2017/1405
f 1578/1942/1330 1117/1848/1245 1431/1846/1244
f 1815/2396/1762 1431/1846/1244 1168/2397/1763
f 1696/1820/1223 1884/2423/1789 1863/2037/1425
f 1926/2398/1764 1546/2472/1838 1598/2359/1725
f 1543/2399/1765 1925/2019/1407 1816/2021/1409
f 1816/2021/1409 1602/2020/1408 1079/2257/1637
f 1601/2400/1766 1816/2021/1409 1340/2401/1767
f 1078/2119/1507 1307/2215/1603 1817/2375/1741
f 1307/2215/1603 1128/2213/1601 1617/2306/1675
f 1531/2310/1679 1619/2309/1678 1818/2402/1768
f 1533/2404/1770 1909/2374/1740 1817/2375/1741
f 1812/2387/1753 1911/2609/1910 1536/2405/1771
f 1910/2403/1769 1818/2402/1768 1622/2389/1755
f 1619/2309/1678 1142/2299/1670 1335/2302/1671
f 1818/2402/1768 1335/2302/1671 1084/2247/1629
f 1323/2406/1772 1819/2408/1774 1604/2345/1711
f 1323/2406/1772 1136/2157/1545 1605/2407/1773
f 1918/2409/1775 1544/2463/1829 1609/2410/1776
f 1547/2411/1777 1917/2471/1837 1819/2408/1774
f 1513/2372/1738 1608/2339/1705 1798/2340/1706
f 1510/2412/1778 1891/2393/1759 1820/2394/1760
f 1820/2394/1760 1607/2338/1704 1080/2238/1622
f 1606/2370/1736 1820/2394/1760 1330/2236/1621
f 1069/2413/1779 1317/2129/1517 1821/2327/1695
f 1317/2129/1517 1133/2127/1515 1600/2323/1691
f 1914/2414/1780 1537/2386/1752 1603/2388/1754
f 1539/2416/1782 1913/2325/1693 1821/2327/1695
f 1915/2417/1783 1543/2399/1765 1601/2400/1766
f 1542/2419/1785 1914/2414/1780 1822/2415/1781
f 1822/2415/1781 1603/2388/1754 1143/2250/1632
f 1602/2020/1408 1822/2415/1781 1337/2255/1636
f 1126/2096/1484 1304/2095/1483 1823/2331/1699
f 1071/2094/1482 1611/2342/1708 1823/2331/1699
f 1901/2420/1786 1524/2429/1795 1615/2380/1746
f 1900/2329/1697 1823/2331/1699 1611/2342/1708
f 1519/2027/1415 1594/2026/1414 1802/2179/1567
f 1898/2422/1788 1895/2354/1720 1824/2246/1628
f 1884/2423/1789 1696/1820/1223 1720/2045/1433
f 1498/2425/1791 1886/2552/1881 1825/1682/1090
f 1800/2353/1719 1887/2350/1716 1501/2314/1683
f 1127/2426/1792 1306/2427/1793 1826/2364/1730
f 1306/2427/1793 1074/2100/1488 1615/2380/1746
f 1927/2428/1794 1905/2598/1904 1476/1993/1381
f 1524/2429/1795 1904/2362/1728 1826/2364/1730
f 1293/2079/1467 1827/2431/1797 1292/2430/1796
f 1121/2084/1472 1419/2432/1798 1827/2431/1797
f 1419/2432/1798 1163/2437/1803 1422/2433/1799
f 1827/2431/1797 1422/2433/1799 1120/2434/1800
f 1294/2098/1486 1828/2435/1801 1419/2432/1798
f 1074/2100/1488 1306/2427/1793 1828/2435/1801
f 1306/2427/1793 1127/2426/1792 1420/2436/1802
f 1828/2435/1801 1420/2436/1802 1163/2437/1803
f 1420/2436/1802 1829/2439/1805 1421/2438/1804
f 1127/2426/1792 1305/2636/1924 1829/2439/1805
f 1829/2439/1805 1305/2636/1924 1050/1990/1378
f 1421/2438/1804 1829/2439/1805 1229/2060/1448
f 1422/2433/1799 1830/2441/1807 1291/2440/1806
f 1163/2437/1803 1421/2438/1804 1830/2441/1807
f 1421/2438/1804 1089/2058/1446 1230/2054/1442
f 1830/2441/1807 1230/2054/1442 1048/2075/1463
f 1170/2145/1533 1325/2144/1532 1831/2442/1808
f 1325/2144/1532 1137/2150/1538 1423/2444/1810
f 1831/2442/1808 1423/2444/1810 1164/2445/1811
f 1831/2442/1808 1426/2446/1812 1175/2447/1813
f 1137/2150/1538 1326/2160/1548 1832/2448/1814
f 1326/2160/1548 1073/2077/1465 1292/2430/1796
f 1832/2448/1814 1292/2430/1796 1120/2434/1800
f 1423/2444/1810 1832/2448/1814 1424/2449/1815
f 1164/2445/1811 1424/2449/1815 1833/2450/1816
f 1424/2449/1815 1120/2434/1800 1291/2440/1806
f 1291/2440/1806 1048/2075/1463 1231/2452/1818
f 1425/2451/1817 1833/2450/1816 1231/2452/1818
f 1175/2447/1813 1426/2446/1812 1834/2453/1819
f 1426/2446/1812 1164/2445/1811 1425/2451/1817
f 1834/2453/1819 1425/2451/1817 1090/2070/1458
f 1439/2454/1820 1834/2453/1819 1428/2069/1457
f 1122/2200/1588 1438/2457/1823 1835/2456/1822
f 1438/2457/1823 1175/2447/1813 1439/2454/1820
f 1835/2456/1822 1439/2454/1820 1165/2455/1821
f 1295/2196/1584 1835/2456/1822 1232/2458/1824
f 1072/2136/1524 1433/2460/1826 1836/2459/1825
f 1433/2460/1826 1170/2145/1533 1440/2443/1809
f 1836/2459/1825 1440/2443/1809 1175/2447/1813
f 1296/2206/1594 1836/2459/1825 1438/2457/1823
f 1916/2461/1827 1547/2411/1777 1605/2407/1773
f 1544/2463/1829 1915/2417/1783 1837/2418/1784
f 1837/2418/1784 1601/2400/1766 1171/2267/1645
f 1609/2410/1776 1837/2418/1784 1434/2265/1644
f 1215/1882/1274 1427/1894/1284 1838/2303/1672
f 1784/2293/1664 1838/2303/1672 1840/2258/1638
f 1771/2256/1635 1839/2266/1640 1340/2401/1767
f 1770/2294/1665 1840/2258/1638 1839/2260/1640
f 1299/2130/1518 1841/2465/1831 1437/2464/1830
f 1069/2413/1779 1324/2360/1726 1841/2465/1831
f 1324/2360/1726 1169/2357/1723 1441/2151/1539
f 1841/2465/1831 1441/2151/1539 1174/2146/1534
f 1300/2135/1523 1842/2466/1832 1433/2460/1826
f 1124/2131/1519 1437/2464/1830 1842/2466/1832
f 1437/2464/1830 1174/2146/1534 1442/2143/1531
f 1842/2466/1832 1442/2143/1531 1170/2145/1533
f 1095/1776/1184 1241/1771/1179 1843/2467/1833
f 1241/1771/1179 1049/1768/1176 1232/2458/1824
f 1843/2467/1833 1232/2458/1824 1165/2455/1821
f 1436/2468/1834 1843/2467/1833 1443/2068/1456
f 1056/1701/1109 1242/1778/1186 1844/2469/1835
f 1242/1778/1186 1095/1776/1184 1436/2468/1834
f 1844/2469/1835 1436/2468/1834 1173/2063/1451
f 1430/2470/1836 1844/2469/1835 1444/2062/1450
f 1136/2157/1545 1432/2152/1540 1845/2462/1828
f 1169/2357/1723 1598/2359/1725 1845/2462/1828
f 1917/2471/1837 1512/2346/1712 1604/2345/1711
f 1546/2472/1838 1916/2461/1827 1845/2462/1828
f 1109/1723/1131 1575/2034/1422 1846/2032/1420
f 1491/1943/1331 1578/1942/1330 1815/2396/1762
f 1882/2473/1839 1846/2032/1420 1575/2034/1422
f 1429/1726/1134 1846/2032/1420 1568/1915/1305
f 1847/1891/1281 1427/1894/1284 1215/1882/1274
f 1849/1842/1240 1847/1891/1281 1678/1881/1273
f 1662/1836/1237 1063/1835/1236 1286/2018/1406
f 1663/1884/1276 1662/1837/1237 1848/2474/1243
f 1435/2475/1840 1850/2476/1841 1245/1706/1114
f 1172/1715/1123 1445/1724/1132 1850/2476/1841
f 1445/1724/1132 1166/1727/1135 1270/1910/1300
f 1850/2476/1841 1270/1910/1300 1053/1707/1115
f 1430/2470/1836 1851/2477/1842 1246/1702/1110
f 1167/1710/1118 1446/1709/1117 1851/2477/1842
f 1446/1709/1117 1172/1715/1123 1435/2475/1840
f 1851/2477/1842 1435/2475/1840 1097/1703/1111
f 1852/2478/1843 1448/2015/1403 1194/2479/1844
f 1447/1895/1285 1852/2478/1843 1449/2480/1845
f 1449/2482/1845 1853/1905/1295 1450/1907/1297
f 1194/2484/1844 1451/1953/1341 1853/1905/1295
f 1451/1953/1341 1194/2484/1844 1453/2485/1847
f 1854/1952/1340 1453/2485/1847 1178/2486/1848
f 1178/2487/1848 1453/2488/1847 1855/1949/1337
f 1453/2488/1847 1194/2479/1844 1448/2015/1403
f 1456/1980/1368 1195/2498/1851 1457/2489/1849
f 1856/1978/1366 1457/2489/1849 1181/2490/1850
f 1457/2491/1849 1857/1932/1321 1458/1934/1323
f 1195/2493/1851 1459/1981/1369 1857/1932/1321
f 1459/1981/1369 1195/2493/1851 1461/2494/1852
f 1858/1929/1318 1461/2494/1852 1180/2495/1853
f 1461/2496/1852 1859/2031/1419 1462/2004/1392
f 1195/2498/1851 1456/1980/1368 1859/2031/1419
f 1454/1954/1342 1860/2499/1424 1463/2501/1855
f 1178/2486/1848 1463/2502/1855 1861/1918/1308
f 1463/2502/1855 1196/2503/1854 1464/2038/1426
f 1862/2040/1428 1464/2038/1426 1196/2503/1854
f 1465/1977/1365 1862/2040/1428 1466/2504/1856
f 1466/2507/1856 1196/4167/1854 1860/2036/1424
f 1864/2039/1427 1468/1936/1325 1197/2508/1858
f 1864/2039/1427 1469/2509/1859 1183/2510/1860
f 1469/2511/1859 1865/1974/1362 1470/1975/1363
f 1469/2511/1859 1197/4168/1858 1471/1940/1328
f 1471/1940/1328 1197/4168/1858 1472/2513/1861
f 1866/1938/1326 1472/2513/1861 1181/2492/1850
f 1472/2514/1861 1867/1919/1309 1455/1921/1311
f 1197/2508/1858 1468/1936/1325 1867/1937/1309
f 1474/2377/1743 1198/2522/1865 1475/2516/1862
f 1868/1925/1314 1475/2516/1862 1176/2517/1863
f 1176/2518/1863 1475/2519/1862 1869/2378/1744
f 1475/2519/1862 1198/4169/1865 1477/1964/1352
f 1477/1964/1352 1198/4169/1865 1478/2520/1864
f 1870/1962/1350 1478/2520/1864 1183/2512/1860
f 1478/2521/1864 1871/1959/1347 1467/1969/1357
f 1198/2522/1865 1474/2377/1743 1871/1959/1347
f 1872/1970/1358 1480/2028/1416 1199/2523/1866
f 1872/1970/1358 1481/2524/1867 1185/2525/1868
f 1481/2526/1867 1873/2006/1394 1482/2008/1396
f 1199/2528/1866 1483/1999/1387 1873/2006/1394
f 1483/1999/1387 1199/2528/1866 1484/2529/1869
f 1874/1997/1385 1484/2529/1869 1184/2483/1846
f 1184/2481/1846 1484/2530/1869 1875/1996/1384
f 1484/2530/1869 1199/2523/1866 1480/2028/1416
f 1486/2010/1398 1200/2538/1872 1487/2531/1870
f 1876/2035/1423 1487/2531/1870 1179/2532/1871
f 1487/2533/1870 1877/2023/1411 1488/2024/1412
f 1200/2535/1872 1489/2014/1402 1877/2023/1411
f 1489/2014/1402 1200/2535/1872 1490/2536/1873
f 1878/2012/1400 1490/2536/1873 1185/2527/1868
f 1490/2537/1873 1879/2011/1399 1479/2001/1389
f 1200/2538/1872 1486/2010/1398 1879/2011/1399
f 1491/1943/1331 1201/2546/1875 1492/2539/1874
f 1880/1941/1329 1492/2539/1874 1180/2497/1853
f 1492/2540/1874 1881/1948/1336 1460/2033/1421
f 1201/2541/1875 1493/1946/1334 1881/1948/1336
f 1493/1946/1334 1201/2541/1875 1495/2542/1876
f 1882/2473/1839 1495/2542/1876 1212/2543/1877
f 1495/2544/1876 1883/2395/1761 1496/1911/1301
f 1201/2546/1875 1491/1943/1331 1883/2395/1761
f 1863/2037/1425 1884/2423/1789 1497/2548/1879
f 1182/2505/1857 1497/2550/1879 1885/1967/1355
f 1202/2549/1878 1498/2425/1791 1885/1967/1355
f 1498/2425/1791 1202/2549/1878 1500/2551/1880
f 1886/2552/1881 1500/2551/1880 1177/2553/1882
f 1500/2555/1880 1202/2547/1878 1884/2423/1789
f 1502/2352/1718 1203/2565/1885 1503/2556/1883
f 1887/2350/1716 1503/2556/1883 1186/2557/1884
f 1186/2558/1884 1503/2559/1883 1888/2349/1715
f 1503/2559/1883 1203/2560/1885 1505/2392/1758
f 1889/2318/1686 1505/2392/1758 1203/2560/1885
f 1506/2376/1742 1889/2318/1686 1507/2561/1886
f 1507/2563/1886 1890/2391/1757 1508/1983/1371
f 1203/2565/1885 1502/2352/1718 1890/2391/1757
f 1891/2393/1759 1510/2412/1778 1204/2566/1888
f 1509/2336/1702 1891/2393/1759 1511/2567/1889
f 1188/2569/1890 1511/2570/1889 1892/2344/1710
f 1511/2570/1889 1204/2571/1888 1513/2372/1738
f 1893/2341/1707 1513/2372/1738 1204/2571/1888
f 1514/2421/1787 1893/2341/1707 1515/2572/1891
f 1189/2574/1892 1515/2575/1891 1894/2369/1735
f 1515/2575/1891 1204/2566/1888 1510/2412/1778
f 1898/2422/1788 1205/2584/1895 1517/2576/1893
f 1517/2578/1893 1896/2355/1721 1518/2356/1722
f 1205/2580/1895 1519/2027/1415 1896/2355/1721
f 1519/2027/1415 1205/2580/1895 1520/2581/1896
f 1504/2321/1689 1897/2025/1413 1520/2581/1896
f 1520/2582/1896 1898/4166/1788 1501/2314/1683
f 1899/2585/1680 1521/2332/1700 1206/2586/1897
f 1516/2373/1739 1899/2311/1680 1522/2588/1898
f 1189/2573/1892 1522/2589/1898 1900/2329/1697
f 1522/2589/1898 1206/4170/1897 1523/2383/1749
f 1523/2383/1749 1206/4170/1897 1525/2590/1899
f 1524/2429/1795 1901/2420/1786 1525/2590/1899
f 1525/2592/1899 1902/2382/1748 1526/2384/1750
f 1206/2586/1897 1521/2332/1700 1902/2382/1748
f 1903/2365/1731 1527/2366/1732 1207/2594/1901
f 1526/2384/1750 1903/2365/1731 1528/2595/1902
f 1191/2591/1900 1528/2596/1902 1904/2362/1728
f 1528/2596/1902 1207/4171/1901 1529/2597/1903
f 1927/2428/1794 1555/2363/1729 1529/2597/1903
f 1527/2366/1732 1559/1987/1375 1701/1989/1377
f 1529/2597/1903 1207/4171/1901 1530/2599/1905
f 1905/2598/1904 1530/2599/1905 1176/2518/1863
f 1530/2600/1905 1906/1985/1373 1473/1986/1374
f 1207/2594/1901 1527/2366/1732 1906/1985/1373
f 1531/2310/1679 1208/2608/1907 1532/2601/1906
f 1907/2308/1677 1532/2601/1906 1192/2564/1887
f 1192/2562/1887 1532/2602/1906 1908/2305/1674
f 1532/2602/1906 1208/2603/1907 1533/2404/1770
f 1909/2374/1740 1533/2404/1770 1208/2603/1907
f 1534/2328/1696 1909/2374/1740 1535/2604/1908
f 1535/2606/1908 1910/2403/1769 1536/2405/1771
f 1208/2608/1907 1531/2310/1679 1910/2403/1769
f 1911/2609/1910 1537/2386/1752 1209/2610/1911
f 1536/2405/1771 1911/2609/1910 1538/2611/1912
f 1193/2605/1909 1538/2612/1912 1912/2385/1751
f 1538/2612/1912 1209/2613/1911 1539/2416/1782
f 1913/2325/1693 1539/2416/1782 1209/2613/1911
f 1540/2361/1727 1913/2325/1693 1541/2614/1913
f 1187/2616/1914 1541/2617/1913 1914/2414/1780
f 1541/2617/1913 1209/2610/1911 1537/2386/1752
f 1915/2417/1783 1544/2463/1829 1210/2618/1915
f 1543/2399/1765 1915/2417/1783 1545/2619/1916
f 1213/2621/1917 1545/2622/1916 1916/2461/1827
f 1545/2622/1916 1210/2623/1915 1547/2411/1777
f 1917/2471/1837 1547/2411/1777 1210/2623/1915
f 1512/2346/1712 1917/2471/1837 1548/2624/1918
f 1188/2568/1890 1548/2625/1918 1918/2409/1775
f 1548/2625/1918 1210/2618/1915 1544/2463/1829
f 1922/2044/1432 1211/2631/1920 1549/2626/1919
f 1177/2553/1882 1549/2627/1919 1920/2041/1429
f 1549/2627/1919 1211/2628/1920 1550/2348/1714
f 1921/2347/1713 1550/2348/1714 1211/2628/1920
f 1921/2347/1713 1551/2629/1921 1190/2579/1894
f 1551/2630/1921 1922/2044/1432 1895/2354/1720
f 1494/1916/1306 1212/2543/1877 1552/2632/1922
f 1923/1914/1304 1552/2632/1922 1179/2534/1871
f 1552/2633/1922 1924/1913/1303 1485/1900/1290
f 1212/2545/1877 1496/1911/1301 1924/1913/1303
f 1925/2019/1407 1543/2399/1765 1213/2620/1917
f 1542/2419/1785 1925/2019/1407 1553/2634/1923
f 1187/2615/1914 1553/2635/1923 1926/2398/1764
f 1553/2635/1923 1213/2621/1917 1546/2472/1838
f 1305/2636/1924 1927/2428/1794 1554/1994/1382
f 1305/2636/1924 1127/2426/1792 1555/2363/1729
f 1852/2478/1843 1447/1895/1285 1589/1897/1287
f 1959/2637/1925 1960/2649/1932 1963/2640/1928
f 1997/2641/1929 1974/2700/1931 1959/2642/1925
f 1974/2644/1931 1975/2648/1934 1960/2645/1932
f 1930/2647/1933 1939/4172/1935 1960/2645/1932
f 1960/2649/1932 1938/2651/1936 1937/2652/1937
f 1963/2640/1928 1937/2652/1937 1931/2653/1938
f 1962/2638/1926 1963/2640/1928 1947/2654/1939
f 1961/2639/1927 1962/2638/1926 1946/2655/1940
f 2013/2657/1942 2071/2749/2021 2047/2658/1943
f 1944/2660/1945 1982/2714/1994 1967/2661/1946
f 1964/2663/1948 1965/2708/1988 1967/2661/1946
f 2168/2665/1950 2163/2669/1954 1984/2666/1951
f 2164/2668/1953 1985/4173/1962 1984/2666/1951
f 2144/2670/1955 1965/2708/1988 1964/2663/1948
f 1977/2672/1957 1979/2701/1981 1978/2673/1958
f 2156/2675/1959 2128/2980/2179 2124/2676/1960
f 1985/2678/1962 1964/2663/1948 1966/2664/1949
f 1969/2680/1964 1971/2695/1972 1970/2681/1965
f 1953/2686/1970 1969/2680/1964 1968/2682/1966
f 1971/2688/1972 1990/2692/1975 1991/2689/1973
f 1972/2691/1974 1973/2696/1977 1975/2648/1934
f 1990/2692/1975 1971/2688/1972 1972/2693/1974
f 1971/2695/1972 1969/2680/1964 1973/2696/1977
f 1969/2680/1964 1929/2687/1971 1958/2697/1978
f 1973/2696/1977 1957/2698/1979 1956/2699/1980
f 1996/2694/1976 1972/2693/1974 1974/2700/1931
f 1979/2701/1981 1977/2672/1957 1949/2702/1982
f 2219/2704/1984 2270/2856/2125 2091/2705/1985
f 2144/2670/1955 2120/2910/2138 1941/2707/1987
f 1979/2701/1981 1948/2703/1983 2127/2709/1989
f 1976/2643/1930 1978/2743/1958 1999/2711/1991
f 1980/2712/1992 1981/2718/1998 1983/2713/1993
f 1928/2715/1995 1936/2717/1997 1980/2712/1992
f 1936/2717/1997 1935/2719/1999 1981/2718/1998
f 1934/2720/2000 1932/2735/2012 1992/2721/2001
f 1981/2718/1998 1992/2721/2001 1994/2722/2002
f 1983/2713/1993 1994/2722/2002 1987/2679/1963
f 1982/2714/1994 1983/2713/1993 1966/2664/1949
f 1942/2716/1996 1980/2712/1992 1982/2714/1994
f 1984/2666/1951 1985/4173/1962 1987/2724/1963
f 1988/2726/2005 1998/2729/2008 2177/2727/2006
f 1998/2729/2008 1999/2711/1991 2178/2730/2009
f 1989/2667/1952 1984/2666/1951 1986/2725/2004
f 1989/2667/1952 1991/2689/1973 1990/2692/1975
f 1978/2673/1958 1979/2701/1981 2158/2710/1990
f 1992/2732/2001 1993/2738/2014 1995/2733/2011
f 1952/2737/2013 1951/2739/2015 1993/2738/2014
f 1933/2683/1967 1968/2682/1966 1993/2738/2014
f 1993/2738/2014 1968/2682/1966 1970/2681/1965
f 1995/2741/2011 1970/2690/1965 1991/2689/1973
f 1994/2742/2002 1995/2741/2011 1986/2725/2004
f 1997/2641/1929 1999/2711/1991 1998/2729/2008
f 1940/2662/1947 1967/2661/1946 1965/2708/1988
f 2178/2730/2009 1999/2711/1991 1978/2743/1958
f 1996/2694/1976 1998/2729/2008 1988/2726/2005
f 2047/2658/1943 2049/2747/2019 2050/2745/2017
f 2049/2747/2019 2051/2756/2028 2052/2748/2020
f 2071/2749/2021 2072/2764/2036 2049/2747/2019
f 2024/2659/1944 2047/2658/1943 2048/2746/2018
f 2023/2750/2022 2048/2746/2018 2011/2751/2023
f 2048/2746/2018 2050/2745/2017 2010/2753/2025
f 2050/2745/2017 2052/2748/2020 2009/2754/2026
f 2052/2748/2020 2027/2757/2029 2003/2755/2027
f 2051/2756/2028 2026/2759/2031 2027/2757/2029
f 2094/2760/2032 2062/2787/2059 2043/2761/2033
f 2073/2763/2035 2029/2822/2091 2025/2758/2030
f 2072/2764/2036 2073/2763/2035 2051/2756/2028
f 2054/2765/2037 2057/2779/2051 2058/2766/2038
f 2055/2767/2039 2058/2766/2038 2016/2768/2040
f 2214/2770/2042 2264/3080/2270 2085/2771/2043
f 2232/2773/2045 2214/2770/2042 2035/2772/2044
f 2233/2775/2047 2232/2773/2045 2053/2774/2046
f 2234/2776/2048 2233/2775/2047 2054/2765/2037
f 2035/2772/2044 2036/2782/2054 2056/2777/2049
f 2080/2778/2050 2058/2766/2038 2057/2779/2051
f 2081/2780/2052 2057/2779/2051 2056/2777/2049
f 2082/2781/2053 2056/2777/2049 2036/2782/2054
f 2034/2783/2055 2036/2782/2054 2088/2784/2056
f 2074/2786/2058 2075/2820/2089 2072/2764/2036
f 2062/2787/2059 2063/2790/2062 2060/2788/2060
f 2063/2790/2062 2064/2797/2069 2061/2791/2063
f 2005/2792/2064 2042/2804/2076 2059/2789/2061
f 2059/2789/2061 2060/2788/2060 2038/2794/2066
f 2060/2788/2060 2061/2791/2063 2037/2795/2067
f 2061/2791/2063 2021/2798/2070 2001/2796/2068
f 2064/2797/2069 2022/2800/2072 2021/2798/2070
f 2020/2799/2071 2016/2768/2040 2058/2766/2038
f 2022/2800/2072 2064/2797/2069 2092/2801/2073
f 2064/2797/2069 2063/2790/2062 2093/2803/2075
f 2063/2790/2062 2062/2787/2059 2094/2760/2032
f 2042/2804/2076 2043/2761/2033 2062/2787/2059
f 2065/2805/2077 2067/2808/2080 2068/2806/2078
f 2067/2808/2080 2069/2814/2086 2070/2809/2081
f 2101/2810/2082 2102/2819/2088 2067/2808/2080
f 2022/2800/2072 2065/2805/2077 2066/2807/2079
f 2021/2798/2070 2066/2807/2079 2046/2811/2083
f 2066/2807/2079 2068/2806/2078 2045/2812/2084
f 2068/2806/2078 2070/2809/2081 2044/2813/2085
f 2070/2809/2081 2023/2750/2022 2002/2752/2024
f 2069/2814/2086 2024/2659/1944 2023/2750/2022
f 1944/2815/1945 1940/2892/1947 2016/2816/2040
f 2103/2818/2087 2013/2657/1942 2024/2659/1944
f 2102/2819/2088 2103/2818/2087 2069/2814/2086
f 2075/2820/2089 2076/2821/2090 2073/2763/2035
f 2076/2821/2090 2028/4174/2137 2029/2822/2091
f 2012/2823/2092 2074/2786/2058 2071/2749/2021
f 2196/2824/2093 2234/2776/2048 2055/2767/2039
f 2207/2825/2094 2028/4174/2137 2076/2821/2090
f 2255/2826/2095 2076/2821/2090 2075/2820/2089
f 2254/2827/2096 2075/2820/2089 2074/2786/2058
f 2083/2829/2098 2086/2848/2117 2087/2830/2099
f 2077/2832/2101 2080/2778/2050 2081/2780/2052
f 2078/2833/2102 2081/2780/2052 2082/2781/2053
f 2000/2835/2104 2018/2842/2111 2077/2832/2101
f 2008/2836/2105 2077/2832/2101 2078/2833/2102
f 2007/2837/2106 2078/2833/2102 2079/2834/2103
f 2006/2838/2107 2079/2834/2103 2033/2839/2108
f 2079/2834/2103 2082/2781/2053 2034/2783/2055
f 2018/2842/2111 2019/2841/2110 2080/2778/2050
f 2084/2831/2100 2087/2830/2099 2088/2784/2056
f 2085/2771/2043 2088/2784/2056 2036/2782/2054
f 2193/2843/2112 2283/2867/2136 2104/2844/2113
f 2262/2846/2115 2219/2704/1984 2040/2706/1986
f 2263/2847/2116 2262/2846/2115 2083/2829/2098
f 2085/2771/2043 2264/3080/2270 2263/2847/2116
f 2040/2706/1986 2041/2762/2034 2086/2848/2117
f 2098/2785/2057 2088/2784/2056 2087/2830/2099
f 2099/2849/2118 2087/2830/2099 2086/2848/2117
f 2100/2850/2119 2086/2848/2117 2041/2762/2034
f 2015/2802/2074 2101/2810/2082 2065/2805/2077
f 2092/2801/2073 2093/2803/2075 2090/2851/2120
f 2093/2803/2075 2094/2760/2032 2091/2705/1985
f 2091/2705/1985 2094/2760/2032 2041/2762/2034
f 2253/2828/2097 2074/2786/2058 2012/2823/2092
f 2268/2854/2123 2193/2843/2112 2014/2845/2114
f 2269/2855/2124 2268/2854/2123 2089/2852/2121
f 2270/2856/2125 2269/2855/2124 2090/2851/2120
f 2015/2802/2074 2092/2801/2073 2089/2852/2121
f 2104/2844/2113 2105/2863/2132 2102/2819/2088
f 2095/2857/2126 2098/2785/2057 2099/2849/2118
f 2096/2858/2127 2099/2849/2118 2100/2850/2119
f 2004/2840/2109 2033/2839/2108 2095/2857/2126
f 2032/2860/2129 2095/2857/2126 2096/2858/2127
f 2031/2861/2130 2096/2858/2127 2097/2859/2128
f 2030/2862/2131 2097/2859/2128 2042/2804/2076
f 2097/2859/2128 2100/2850/2119 2043/2761/2033
f 2033/2839/2108 2034/2783/2055 2098/2785/2057
f 2105/2863/2132 2106/2864/2133 2103/2818/2087
f 2106/2864/2133 2012/2823/2092 2013/2657/1942
f 2014/2845/2114 2104/2844/2113 2101/2810/2082
f 2053/2774/2046 2056/2777/2049 2057/2779/2051
f 2191/2853/2122 2012/2823/2092 2106/2864/2133
f 2285/2865/2134 2106/2864/2133 2105/2863/2132
f 2283/2867/2136 2284/2866/2135 2105/2863/2132
f 2207/2868/2094 2127/3112/1989 1948/2869/1983
f 1934/2871/2000 2006/2875/2107 2004/2872/2109
f 1934/2871/2000 1935/2877/1999 2007/2874/2106
f 1936/2876/1997 2008/2879/2105 2007/2874/2106
f 1928/2878/1995 2000/4175/2104 2008/2879/2105
f 1931/2880/1938 1937/2884/1937 2009/2881/2026
f 1938/2883/1936 2010/2886/2025 2009/2881/2026
f 1939/2885/1935 2011/2888/2023 2010/2886/2025
f 1930/2887/1933 2002/2928/2024 2011/2888/2023
f 1945/2889/1941 2025/2901/2030 2029/2890/2091
f 1949/2891/1982 2029/2890/2091 2028/2870/2137
f 1940/2892/1947 1941/2907/1987 2017/2893/2041
f 1928/2894/1995 1942/2897/1996 2018/2895/2111
f 1942/2897/1996 1943/2899/2003 2019/2898/2110
f 1943/2899/2003 1944/2815/1945 2020/2817/2071
f 1961/2639/1927 1977/2672/1957 1976/2674/1930
f 1946/2900/1940 2026/2903/2031 2025/2901/2030
f 1947/2902/1939 2027/2905/2029 2026/2903/2031
f 1947/2902/1939 1931/4176/1938 2003/2904/2027
f 2196/2906/2093 2017/2893/2041 1941/2907/1987
f 2144/2670/1955 2146/2955/2158 2119/2909/2139
f 1950/2911/2016 2030/2915/2131 2005/2912/2064
f 1951/2914/2015 2031/2917/2130 2030/2915/2131
f 1952/2916/2013 2032/2918/2129 2031/2917/2130
f 1932/2873/2012 2004/2872/2109 2032/2918/2129
f 1929/2919/1971 1953/2922/1970 2037/2920/2067
f 1953/2922/1970 1954/2924/1969 2038/2923/2066
f 1954/2924/1969 1955/2926/1968 2039/2925/2065
f 1933/2913/1967 2005/2912/2064 2039/2925/2065
f 1956/2927/1980 2044/2930/2085 2002/2928/2024
f 1957/2929/1979 2045/2932/2084 2044/2930/2085
f 1958/2931/1978 2046/2933/2083 2045/2932/2084
f 1929/2919/1971 2001/2921/2068 2046/2933/2083
f 2138/2934/2140 2141/2935/2141 2142/2936/2142
f 2176/2938/2144 2155/2982/2160 2138/2939/2140
f 2153/2941/2145 2138/4177/2140 2139/2942/2143
f 2139/2942/2143 2118/4178/2149 2109/2944/2147
f 2139/2937/2143 2142/2936/2142 2116/2947/2150
f 2142/2936/2142 2126/2949/2152 2110/2948/2151
f 2141/2935/2141 2125/2950/2153 2126/2949/2152
f 2140/2677/1961 2124/2676/1960 2125/2950/2153
f 2226/2951/2154 2250/3011/2204 2192/2952/2155
f 2123/2954/2157 2119/2909/2139 2146/2955/2158
f 2143/2671/1956 2145/2959/2161 2146/2955/2158
f 2157/2731/2010 2158/2710/1990 2156/2675/1959
f 2164/2958/1953 2166/2993/2191 2145/2959/2161
f 2149/2960/2162 2150/2975/2171 2148/2961/2163
f 2147/2962/2164 2148/2961/2163 2132/2966/2168
f 2170/2968/2170 2169/2973/2174 2150/2969/2171
f 2151/2971/2172 2153/2941/2145 2154/2943/2146
f 2169/2973/2174 2175/2979/2178 2151/2974/2172
f 2150/2975/2171 2151/2971/2172 2152/2972/2173
f 2148/2961/2163 2152/2972/2173 2137/2976/2175
f 2152/2972/2173 2154/2943/2146 2135/2978/2177
f 2175/2979/2178 2176/2938/2144 2153/2940/2145
f 2158/2710/1990 2127/2709/1989 2128/2980/2179
f 2236/2981/2180 2235/3028/2221 2232/2773/2045
f 2178/2730/2009 2157/2744/2010 2155/2982/2160
f 2159/2983/2181 2161/2956/2159 2162/2984/2182
f 2107/2986/2184 2121/2995/2193 2159/2983/2181
f 2115/2987/2185 2159/2983/2181 2160/2985/2183
f 2113/2989/2187 2160/2985/2183 2171/2990/2188
f 2160/2985/2183 2162/2984/2182 2173/2992/2190
f 2162/2984/2182 2145/2959/2161 2166/2993/2191
f 2161/2956/2159 2146/2955/2158 2145/2959/2161
f 2121/2995/2193 2122/2994/2192 2161/2956/2159
f 2163/2669/1954 2165/2997/2194 2166/2996/2191
f 2168/2665/1950 2170/2968/2170 2165/2997/2194
f 2169/2973/2174 2170/2968/2170 2168/2665/1950
f 2171/2998/2188 2173/4179/2190 2174/2999/2195
f 2131/3002/2197 2171/2998/2188 2172/3000/2196
f 2172/3000/2196 2147/2962/2164 2112/2963/2165
f 2172/3000/2196 2174/2999/2195 2149/2960/2162
f 2174/3005/2195 2165/2997/2194 2170/2968/2170
f 2173/3006/2190 2166/2996/2191 2165/2997/2194
f 2177/2727/2006 2178/2730/2009 2176/2938/2144
f 2167/2728/2007 2177/2727/2006 2175/2979/2178
f 2226/2951/2154 2227/3012/2205 2229/3007/2200
f 2228/3008/2201 2229/3007/2200 2231/3009/2202
f 2228/3008/2201 2251/3025/2218 2250/3011/2204
f 2203/2953/2156 2202/3013/2206 2227/3012/2205
f 2202/3013/2206 2181/3062/2255 2190/3014/2207
f 2227/3012/2205 2190/3014/2207 2189/3015/2208
f 2229/3007/2200 2189/3015/2208 2188/3016/2209
f 2231/3009/2202 2188/3016/2209 2182/3017/2210
f 2230/3010/2203 2231/3009/2202 2206/3018/2211
f 2273/3021/2214 2220/3082/2272 2222/3022/2215
f 2204/3020/2213 2208/3068/2258 2252/3024/2217
f 2230/3010/2203 2252/3024/2217 2251/3025/2218
f 2237/3026/2219 2236/2981/2180 2233/2775/2047
f 2195/3027/2220 2237/3026/2219 2234/2776/2048
f 2214/2770/2042 2232/2773/2045 2235/3028/2221
f 2259/3030/2223 2260/3031/2224 2236/2981/2180
f 2260/3031/2224 2261/3032/2225 2235/3028/2221
f 2261/3032/2225 2213/3033/2226 2215/3029/2222
f 2213/3033/2226 2277/3083/2273 2267/3034/2227
f 2251/3025/2218 2254/2827/2096 2253/2828/2097
f 2239/3035/2228 2242/3038/2231 2241/3023/2216
f 2240/3037/2230 2243/3046/2239 2242/3038/2231
f 2184/3039/2232 2218/3042/2235 2238/3036/2229
f 2217/3041/2234 2239/3035/2228 2238/3036/2229
f 2216/3043/2236 2240/3037/2230 2239/3035/2228
f 2180/3044/2237 2200/3045/2238 2240/3037/2230
f 2200/3045/2238 2201/3049/2242 2243/3046/2239
f 2199/3047/2240 2259/3030/2223 2237/3026/2219
f 2271/3048/2241 2243/3046/2239 2201/3049/2242
f 2272/3051/2244 2242/3038/2231 2243/3046/2239
f 2273/3021/2214 2241/3023/2216 2242/3038/2231
f 2221/3040/2233 2238/3036/2229 2241/3023/2216
f 2244/3052/2245 2245/3058/2251 2247/3053/2246
f 2246/3054/2247 2247/3053/2246 2249/3055/2248
f 2246/3054/2247 2281/3067/2257 2280/3057/2250
f 2201/3049/2242 2200/3045/2238 2245/3058/2251
f 2200/3045/2238 2180/3044/2237 2225/3059/2252
f 2245/3058/2251 2225/3059/2252 2224/3060/2253
f 2247/3053/2246 2224/3060/2253 2223/3061/2254
f 2249/3055/2248 2223/3061/2254 2181/3062/2255
f 2248/3056/2249 2249/3055/2248 2202/3013/2206
f 2123/3063/2157 2199/3118/2240 2195/3064/2220
f 2282/3066/2256 2248/3056/2249 2203/2953/2156
f 2248/3056/2249 2282/3066/2256 2281/3067/2257
f 2252/3024/2217 2255/2826/2095 2254/2827/2096
f 2255/2826/2095 2252/3024/2217 2208/3068/2258
f 2250/3011/2204 2253/2828/2097 2191/2853/2122
f 2266/3069/2259 2265/3081/2271 2262/2846/2115
f 2256/3070/2260 2257/3071/2261 2260/3031/2224
f 2257/3071/2261 2258/3076/2266 2261/3032/2225
f 2179/3072/2262 2187/3074/2264 2256/3070/2260
f 2187/3074/2264 2186/3075/2265 2257/3071/2261
f 2186/3075/2265 2185/3077/2267 2258/3076/2266
f 2185/3077/2267 2183/3088/2278 2212/3078/2268
f 2258/3076/2266 2212/3078/2268 2213/3033/2226
f 2197/3073/2263 2256/3070/2260 2259/3030/2223
f 2267/3034/2227 2266/3069/2259 2263/2847/2116
f 2215/3029/2222 2267/3034/2227 2264/3080/2270
f 2219/2704/1984 2262/2846/2115 2265/3081/2271
f 2277/3083/2273 2278/3084/2274 2266/3069/2259
f 2278/3084/2274 2279/3085/2275 2265/3081/2271
f 2279/3085/2275 2222/3022/2215 2220/3082/2272
f 2244/3052/2245 2280/3057/2250 2194/3050/2243
f 2269/2855/2124 2272/3051/2244 2271/3048/2241
f 2270/2856/2125 2273/3021/2214 2272/3051/2244
f 2220/3082/2272 2273/3021/2214 2270/2856/2125
f 2268/2854/2123 2271/3048/2241 2194/3050/2243
f 2281/3067/2257 2284/2866/2135 2283/2867/2136
f 2274/3086/2276 2275/3087/2277 2278/3084/2274
f 2275/3087/2277 2276/3091/2281 2279/3085/2275
f 2183/3088/2278 2211/3089/2279 2274/3086/2276
f 2211/3089/2279 2210/3090/2280 2275/3087/2277
f 2210/3090/2280 2209/3092/2282 2276/3091/2281
f 2209/3092/2282 2184/3039/2232 2221/3040/2233
f 2276/3091/2281 2221/3040/2233 2222/3022/2215
f 2212/3078/2268 2274/3086/2276 2277/3083/2273
f 2282/3066/2256 2285/2865/2134 2284/2866/2135
f 2285/2865/2134 2282/3066/2256 2192/2952/2155
f 2280/3057/2250 2283/2867/2136 2193/2843/2112
f 2196/2906/2093 2120/2908/2138 2119/3065/2139
f 2183/3093/2278 2185/4180/2267 2113/3094/2187
f 2113/3094/2187 2185/4180/2267 2186/3096/2265
f 2186/3096/2265 2187/3099/2264 2115/3098/2185
f 2187/3099/2264 2179/4181/2262 2107/3100/2184
f 2110/3101/2151 2182/4182/2210 2188/3102/2209
f 2188/3102/2209 2189/3105/2208 2117/3104/2148
f 2189/3105/2208 2190/3107/2207 2118/3106/2149
f 2190/3107/2207 2181/3140/2255 2109/3108/2147
f 2208/3109/2258 2204/3119/2213 2124/3110/1960
f 2207/2868/2094 2208/3109/2258 2128/3111/2179
f 2107/3113/2184 2179/4183/2262 2197/3114/2263
f 2121/3115/2193 2197/3114/2263 2198/3116/2269
f 2122/3117/2192 2198/3116/2269 2199/3118/2240
f 2155/2957/2160 2156/2675/1959 2140/2677/1961
f 2204/3119/2213 2205/3121/2212 2125/3120/2153
f 2205/3121/2212 2206/4184/2211 2126/3122/2152
f 2126/3122/2152 2206/4184/2211 2182/3123/2210
f 2164/2958/1953 2143/2671/1956 1964/2663/1948
f 2184/3125/2232 2209/3128/2282 2129/3126/2199
f 2209/3128/2282 2210/3130/2280 2130/3129/2198
f 2210/3130/2280 2211/3132/2279 2131/3131/2197
f 2211/3132/2279 2183/3093/2278 2111/3095/2189
f 2108/3133/2169 2180/4185/2237 2216/3134/2236
f 2132/3135/2168 2216/3134/2236 2217/3136/2234
f 2133/3137/2167 2217/3136/2234 2218/3138/2235
f 2218/3138/2235 2184/3125/2232 2112/3127/2165
f 2181/3140/2255 2223/3142/2254 2135/3141/2177
f 2223/3142/2254 2224/3144/2253 2136/3143/2176
f 2224/3144/2253 2225/3146/2252 2137/3145/2175
f 2225/3146/2252 2180/4185/2237 2108/3133/2169
f 2168/2665/1950 1989/2667/1952 1988/2726/2005
f 1945/2656/1941 1949/2702/1982 1977/2672/1957
f 2292/3147/2283 2418/3150/2286 2674/3148/2284
f 2418/3150/2286 2322/3154/2290 2489/3151/2287
f 2489/3151/2287 2351/3160/2296 2492/3152/2288
f 2674/3148/2284 2492/3152/2288 2311/3153/2289
f 2322/3154/2290 2417/3157/2293 2675/3155/2291
f 2293/3156/2292 2405/3158/2294 2675/3155/2291
f 2405/3158/2294 2316/3162/2298 2490/3159/2295
f 2675/3155/2291 2490/3159/2295 2351/3160/2296
f 2490/3159/2295 2676/3163/2299 2491/3161/2297
f 2316/3162/2298 2406/3164/2300 2676/3163/2299
f 2406/3164/2300 2288/3336/2462 2398/3165/2301
f 2676/3163/2299 2398/3165/2301 2312/3166/2302
f 2492/3152/2288 2677/3168/2304 2396/3167/2303
f 2351/3160/2296 2491/3161/2297 2677/3168/2304
f 2491/3161/2297 2312/3166/2302 2397/3169/2305
f 2677/3168/2304 2397/3169/2305 2286/3170/2306
f 2440/3171/2307 2678/3175/2311 2443/3172/2308
f 2330/3174/2310 2493/3176/2312 2678/3175/2311
f 2493/3176/2312 2352/3184/2320 2496/3177/2313
f 2678/3175/2311 2496/3177/2313 2332/3178/2314
f 2439/3179/2315 2679/3181/2317 2493/3176/2312
f 2294/3180/2316 2407/3182/2318 2679/3181/2317
f 2407/3182/2318 2317/3186/2322 2494/3183/2319
f 2679/3181/2317 2494/3183/2319 2352/3184/2320
f 2494/3183/2319 2680/3187/2323 2495/3185/2321
f 2317/3186/2322 2408/3437/2558 2680/3187/2323
f 2680/3187/2323 2408/3437/2558 2289/3188/2324
f 2680/3187/2323 2400/3189/2325 2313/3190/2326
f 2496/3177/2313 2681/3192/2328 2444/3191/2327
f 2352/3184/2320 2495/3185/2321 2681/3192/2328
f 2495/3185/2321 2313/3190/2326 2399/3193/2329
f 2681/3192/2328 2399/3193/2329 2298/3194/2330
f 2438/3195/2331 2682/3199/2335 2441/3196/2332
f 2329/3198/2334 2497/3200/2336 2682/3199/2335
f 2497/3200/2336 2353/3207/2343 2500/3201/2337
f 2441/3196/2332 2682/3199/2335 2500/3201/2337
f 2329/3198/2334 2437/3204/2340 2683/3203/2339
f 2437/3204/2340 2291/3394/2518 2413/3205/2341
f 2413/3205/2341 2320/3209/2345 2498/3206/2342
f 2683/3203/2339 2498/3206/2342 2353/3207/2343
f 2498/3206/2342 2684/3210/2346 2499/3208/2344
f 2320/3209/2345 2414/3316/2442 2684/3210/2346
f 2684/3210/2346 2414/3316/2442 2294/3180/2316
f 2684/3210/2346 2439/3179/2315 2330/3174/2310
f 2500/3201/2337 2685/3212/2348 2442/3211/2347
f 2353/3207/2343 2499/3208/2344 2685/3212/2348
f 2499/3208/2344 2330/3174/2310 2440/3171/2307
f 2685/3212/2348 2440/3171/2307 2300/3173/2309
f 2402/3213/2349 2686/3217/2353 2409/3214/2350
f 2314/3216/2352 2501/3222/2358 2686/3217/2353
f 2686/3217/2353 2501/3222/2358 2354/3218/2354
f 2409/3214/2350 2686/3217/2353 2504/3219/2355
f 2314/3216/2352 2401/3224/2360 2687/3221/2357
f 2290/3223/2359 2411/3454/2572 2687/3221/2357
f 2687/3221/2357 2411/3454/2572 2319/3225/2361
f 2501/3222/2358 2687/3221/2357 2502/3226/2362
f 2502/3226/2362 2688/3228/2364 2503/3227/2363
f 2319/3225/2361 2412/3229/2365 2688/3228/2364
f 2412/3229/2365 2293/3156/2292 2417/3157/2293
f 2688/3228/2364 2417/3157/2293 2322/3154/2290
f 2318/3220/2356 2504/3219/2355 2689/3230/2366
f 2354/3218/2354 2503/3227/2363 2689/3230/2366
f 2503/3227/2363 2322/3154/2290 2418/3150/2286
f 2689/3230/2366 2418/3150/2286 2292/3147/2283
f 2419/3232/2368 2690/3236/2372 2434/3233/2369
f 2323/3235/2371 2505/3237/2373 2690/3236/2372
f 2505/3237/2373 2355/3245/2381 2508/3238/2374
f 2690/3236/2372 2508/3238/2374 2327/3239/2375
f 2420/3240/2376 2691/3242/2378 2505/3237/2373
f 2295/3241/2377 2421/3243/2379 2691/3242/2378
f 2421/3243/2379 2324/3307/2383 2506/3244/2380
f 2691/3242/2378 2506/3244/2380 2355/3245/2381
f 2506/3246/2380 2692/3250/2384 2507/3247/2382
f 2324/3249/2383 2422/3251/2385 2692/3250/2384
f 2422/3251/2385 2645/3449/2460 2426/3252/2386
f 2508/3253/2374 2693/3256/2388 2433/3254/2387
f 2355/3248/2381 2507/3247/2382 2693/3256/2388
f 2507/3247/2382 2426/3252/2386 2425/3257/2389
f 2695/3258/2390 2696/3262/2394 2697/3259/2391
f 2730/3261/2393 2716/4186/2429 2696/3262/2394
f 2696/3262/2394 2716/4186/2429 2648/3263/2395
f 2696/3262/2394 2428/3264/2396 2427/3265/2397
f 2698/3266/2398 2699/3269/2401 2771/3267/2399
f 2694/3260/2392 2697/3259/2391 2699/3269/2401
f 2697/3259/2391 2427/3265/2397 2432/3270/2402
f 2771/3267/2399 2699/3269/2401 2432/3270/2402
f 2429/3272/2404 2700/3276/2408 2424/3273/2405
f 2326/3275/2407 2509/3277/2409 2700/3276/2408
f 2509/3277/2409 2356/3283/2415 2512/3278/2410
f 2700/3276/2408 2512/3278/2410 2325/3279/2411
f 2430/3280/2412 2701/3281/2413 2509/3277/2409
f 2297/3234/2370 2434/3233/2369 2701/3281/2413
f 2434/3233/2369 2327/3239/2375 2510/3282/2414
f 2701/3281/2413 2510/3282/2414 2356/3283/2415
f 2510/3284/2414 2702/3287/2417 2511/3285/2416
f 2327/3255/2375 2433/3254/2387 2702/3287/2417
f 2702/3287/2417 2433/3254/2387 2425/3257/2389
f 2512/3289/2410 2703/3292/2420 2423/3290/2419
f 2356/3286/2415 2511/3285/2416 2703/3292/2420
f 2703/3292/2420 2511/3285/2416 2431/3288/2418
f 2579/3294/2422 2642/3298/2426 2795/3295/2423
f 2836/3297/2425 2704/3300/2428 2642/3298/2426
f 2654/3299/2427 2297/3234/2370 2430/3280/2412
f 2704/3300/2428 2430/3280/2412 2326/3275/2407
f 2716/3301/2429 2828/3733/2824 2567/3302/2430
f 2553/3304/2431 2827/3430/2552 2705/3305/2432
f 2705/3305/2432 2636/3431/2553 2324/3307/2383
f 2634/3306/2433 2705/3305/2432 2421/3243/2379
f 2311/3153/2289 2396/3167/2303 2706/3308/2434
f 2286/3170/2306 2631/3314/2440 2706/3308/2434
f 2721/3310/2436 2822/3403/2527 2558/3311/2437
f 2821/3313/2439 2706/3308/2434 2631/3314/2440
f 2414/3316/2442 2707/3319/2445 2655/3317/2443
f 2414/3316/2442 2320/3209/2345 2652/3318/2444
f 2592/3320/2446 2644/3414/2538 2727/3321/2447
f 2589/3323/2449 2842/3765/2841 2707/3319/2445
f 2554/3324/2450 2633/3328/2454 2722/3325/2451
f 2554/3324/2450 2820/3713/2812 2708/3327/2453
f 2708/3327/2453 2634/3306/2433 2295/3241/2377
f 2708/3327/2453 2420/3240/2376 2323/3235/2371
f 2848/3329/2455 2594/3601/2712 2671/3330/2456
f 2561/3332/2458 2847/3351/2477 2709/3333/2459
f 2398/3165/2301 2710/3337/2463 2632/3335/2461
f 2288/3336/2462 2643/3340/2466 2710/3337/2463
f 2876/3338/2464 2826/3728/2821 2556/3315/2441
f 2825/3339/2465 2710/3337/2463 2643/3340/2466
f 2287/3215/2351 2637/3348/2474 2711/3342/2468
f 2866/3344/2470 2597/3607/2717 2670/3345/2471
f 2865/3347/2473 2711/3342/2468 2637/3348/2474
f 2711/3342/2468 2638/3645/2753 2338/3350/2476
f 2847/3351/2477 2844/3374/2499 2712/3352/2478
f 2704/3300/2428 2836/3297/2425 2560/3353/2479
f 2835/3354/2480 2713/3416/2481 2648/3303/2395
f 2313/3190/2326 2400/3189/2325 2714/3356/2482
f 2400/3189/2325 2289/3188/2324 2646/3358/2484
f 2729/3359/2485 2830/3435/2556 2571/3360/2486
f 2569/3362/2488 2829/3729/2822 2714/3356/2482
f 2657/3363/2489 2715/3370/2496 2447/3364/2490
f 2801/3366/2492 2854/3789/2854 2605/3367/2493
f 2599/3369/2495 2853/3622/2731 2715/3370/2496
f 2715/3370/2496 2658/3623/2732 2334/3371/2497
f 2831/3372/2498 2828/3733/2824 2716/3301/2429
f 2844/3374/2499 2831/3372/2498 2730/3373/2393
f 2573/3375/2500 2843/3676/2780 2717/3376/2501
f 2724/3378/2502 2717/3678/2501 2432/3270/2402
f 2317/3186/2322 2407/3182/2318 2718/3379/2503
f 2407/3182/2318 2294/3180/2316 2655/3317/2443
f 2834/3381/2505 2569/3362/2488 2646/3358/2484
f 2576/3383/2507 2833/3434/2555 2718/3379/2503
f 2340/3384/2508 2650/3391/2515 2719/3385/2509
f 2873/3387/2511 2629/3664/2769 2664/3388/2512
f 2870/3390/2514 2719/3385/2509 2650/3391/2515
f 2459/3386/2510 2719/3385/2509 2651/3393/2517
f 2620/3395/2519 2864/3675/2779 2720/3396/2520
f 2296/3274/2406 2473/3399/2523 2720/3396/2520
f 2473/3399/2523 2345/3589/2703 2641/3397/2521
f 2867/3400/2524 2620/3395/2519 2641/3397/2521
f 2395/3149/2285 2721/3310/2436 2653/3312/2438
f 2311/3153/2289 2635/3309/2435 2721/3310/2436
f 2565/3402/2526 2632/3335/2461 2710/3337/2463
f 2822/3403/2527 2721/3310/2436 2635/3309/2435
f 2824/3405/2529 2561/3332/2458 2645/3334/2460
f 2823/3326/2452 2722/3325/2451 2654/3299/2427
f 2633/3328/2454 2323/3235/2371 2419/3232/2368
f 2722/3325/2451 2419/3232/2368 2297/3234/2370
f 2435/3407/2531 2723/3409/2533 2643/3340/2466
f 2328/3408/2532 2644/3414/2538 2723/3409/2533
f 2849/3410/2534 2598/3624/2733 2659/3411/2535
f 2846/3413/2537 2723/3409/2533 2644/3414/2538
f 2832/3417/2540 2724/3377/2502 2713/3416/2481
f 2724/3378/2502 2427/3265/2397 2428/3264/2396
f 2793/3421/2544 2478/3584/2698 2477/3271/2403
f 2785/3423/2545 2872/3637/2746 2607/3424/2546
f 2320/3209/2345 2413/3205/2341 2726/3426/2548
f 2291/3394/2518 2651/3393/2517 2726/3426/2548
f 2707/3319/2445 2842/3765/2841 2576/3383/2507
f 2841/3427/2549 2726/3426/2548 2651/3393/2517
f 2436/3429/2551 2727/3321/2447 2644/3414/2538
f 2298/3194/2330 2656/3361/2487 2727/3321/2447
f 2723/3409/2533 2846/3413/2537 2564/3341/2467
f 2845/3322/2448 2727/3321/2447 2656/3361/2487
f 2827/3430/2552 2562/3432/2554 2636/3431/2553
f 2562/3432/2554 2824/3405/2529 2728/3406/2530
f 2636/3431/2553 2728/3406/2530 2422/3433/2385
f 2399/3193/2329 2729/3359/2485 2656/3361/2487
f 2313/3190/2326 2649/3357/2483 2729/3359/2485
f 2833/3434/2555 2577/3441/2562 2647/3380/2504
f 2830/3435/2556 2729/3359/2485 2649/3357/2483
f 2289/3188/2324 2408/3437/2558 2731/3382/2506
f 2408/3437/2558 2317/3186/2322 2647/3380/2504
f 2581/3438/2559 2639/3670/2774 2800/3439/2560
f 2577/3441/2562 2834/3381/2505 2731/3382/2506
f 2475/3293/2421 2431/3288/2418 2732/3442/2563
f 2732/3442/2563 2733/3446/2567 2805/3444/2565
f 2425/3257/2389 2734/3445/2566 2732/3442/2563
f 2734/3445/2566 2737/3447/2568 2733/3446/2567
f 2737/3447/2568 2694/3260/2392 2698/3266/2398
f 2733/3446/2567 2698/3266/2398 2770/3268/2400
f 2426/3252/2386 2735/3448/2569 2734/3445/2566
f 2735/3448/2569 2736/3451/2570 2737/3447/2568
f 2645/3449/2460 2709/3450/2459 2735/3448/2569
f 2709/3450/2459 2712/3452/2478 2736/3451/2570
f 2712/3452/2478 2730/3261/2393 2695/3258/2390
f 2736/3451/2570 2695/3258/2390 2694/3260/2392
f 2404/3453/2571 2738/3456/2574 2411/3454/2572
f 2315/3455/2573 2513/3460/2578 2738/3456/2574
f 2738/3456/2574 2513/3460/2578 2357/3457/2575
f 2411/3454/2572 2738/3456/2574 2516/3458/2576
f 2315/3455/2573 2403/3461/2579 2739/3459/2577
f 2403/3461/2579 2299/3197/2333 2441/3196/2332
f 2441/3196/2332 2331/3202/2338 2514/3462/2580
f 2739/3459/2577 2514/3462/2580 2357/3457/2575
f 2514/3462/2580 2740/3464/2582 2515/3463/2581
f 2331/3202/2338 2442/3211/2347 2740/3464/2582
f 2442/3211/2347 2300/3173/2309 2415/3465/2583
f 2740/3464/2582 2415/3465/2583 2321/3466/2584
f 2319/3225/2361 2516/3458/2576 2741/3467/2585
f 2357/3457/2575 2515/3463/2581 2741/3467/2585
f 2515/3463/2581 2321/3466/2584 2416/3468/2586
f 2741/3467/2585 2416/3468/2586 2293/3156/2292
f 2416/3468/2586 2742/3469/2587 2405/3158/2294
f 2321/3466/2584 2517/3470/2588 2742/3469/2587
f 2517/3470/2588 2358/3474/2592 2520/3471/2589
f 2742/3469/2587 2520/3471/2589 2316/3162/2298
f 2415/3465/2583 2743/3472/2590 2517/3470/2588
f 2300/3173/2309 2443/3172/2308 2743/3472/2590
f 2443/3172/2308 2332/3178/2314 2518/3473/2591
f 2743/3472/2590 2518/3473/2591 2358/3474/2592
f 2518/3473/2591 2744/3476/2594 2519/3475/2593
f 2332/3178/2314 2444/3191/2327 2744/3476/2594
f 2444/3191/2327 2298/3194/2330 2436/3429/2551
f 2744/3476/2594 2436/3429/2551 2328/3408/2532
f 2520/3471/2589 2745/3477/2595 2406/3164/2300
f 2358/3474/2592 2519/3475/2593 2745/3477/2595
f 2519/3475/2593 2328/3408/2532 2435/3407/2531
f 2745/3477/2595 2435/3407/2531 2288/3336/2462
f 2304/3478/2596 2445/3481/2599 2746/3479/2597
f 2445/3481/2599 2333/3487/2605 2521/3482/2600
f 2746/3479/2597 2521/3482/2600 2359/3483/2601
f 2464/3480/2598 2746/3479/2597 2524/3484/2602
f 2446/3486/2604 2747/3488/2606 2521/3482/2600
f 2301/3365/2491 2447/3364/2490 2747/3488/2606
f 2447/3364/2490 2334/3371/2497 2522/3489/2607
f 2747/3488/2606 2522/3489/2607 2359/3483/2601
f 2522/3489/2607 2748/3491/2609 2523/3490/2608
f 2334/3371/2497 2448/3492/2610 2748/3491/2609
f 2448/3492/2610 2302/3609/2719 2452/3493/2611
f 2748/3491/2609 2452/3493/2611 2336/3494/2612
f 2342/3485/2603 2524/3484/2602 2749/3495/2613
f 2524/3484/2602 2359/3483/2601 2523/3490/2608
f 2523/3490/2608 2336/3494/2612 2451/3497/2615
f 2749/3495/2613 2451/3497/2615 2305/3498/2616
f 2487/3499/2617 2750/3503/2621 2484/3500/2618
f 2350/3502/2620 2525/3504/2622 2750/3503/2621
f 2525/3504/2622 2360/3512/2630 2528/3505/2623
f 2750/3503/2621 2528/3505/2623 2348/3506/2624
f 2488/3507/2625 2751/3509/2627 2525/3504/2622
f 2309/3508/2626 2449/3510/2628 2751/3509/2627
f 2449/3510/2628 2335/3514/2632 2526/3511/2629
f 2751/3509/2627 2526/3511/2629 2360/3512/2630
f 2526/3511/2629 2752/3515/2633 2527/3513/2631
f 2335/3514/2632 2450/3655/2762 2752/3515/2633
f 2752/3515/2633 2450/3655/2762 2303/3516/2634
f 2752/3515/2633 2454/3517/2635 2337/3518/2636
f 2528/3505/2623 2753/3520/2638 2483/3519/2637
f 2360/3512/2630 2527/3513/2631 2753/3520/2638
f 2527/3513/2631 2337/3518/2636 2453/3521/2639
f 2753/3520/2638 2453/3521/2639 2306/3522/2640
f 2485/3523/2641 2754/3525/2643 2438/3195/2331
f 2349/3524/2642 2529/3529/2647 2754/3525/2643
f 2754/3525/2643 2529/3529/2647 2361/3526/2644
f 2754/3525/2643 2532/3527/2645 2329/3198/2334
f 2486/3528/2646 2755/3530/2648 2529/3529/2647
f 2310/3501/2619 2484/3500/2618 2755/3530/2648
f 2484/3500/2618 2348/3506/2624 2530/3531/2649
f 2755/3530/2648 2530/3531/2649 2361/3526/2644
f 2361/3526/2644 2530/3531/2649 2756/3532/2650
f 2530/3531/2649 2348/3506/2624 2483/3519/2637
f 2756/3532/2650 2483/3519/2637 2306/3522/2640
f 2531/3533/2651 2756/3532/2650 2460/3534/2652
f 2532/3527/2645 2757/3535/2653 2437/3204/2340
f 2361/3526/2644 2531/3533/2651 2757/3535/2653
f 2531/3533/2651 2340/3384/2508 2459/3386/2510
f 2757/3535/2653 2459/3386/2510 2291/3394/2518
f 2455/3343/2469 2758/3537/2655 2402/3213/2349
f 2455/3343/2469 2338/3350/2476 2533/3536/2654
f 2758/3537/2655 2533/3536/2654 2362/3538/2656
f 2758/3537/2655 2536/3539/2657 2314/3216/2352
f 2338/3350/2476 2456/3541/2659 2759/3540/2658
f 2304/3478/2596 2464/3480/2598 2759/3540/2658
f 2464/3480/2598 2342/3485/2603 2534/3542/2660
f 2759/3540/2658 2534/3542/2660 2362/3538/2656
f 2534/3542/2660 2760/3544/2662 2535/3543/2661
f 2342/3485/2603 2463/3496/2614 2760/3544/2662
f 2463/3496/2614 2305/3498/2616 2458/3545/2663
f 2535/3543/2661 2760/3544/2662 2458/3545/2663
f 2314/3216/2352 2536/3539/2657 2761/3547/2665
f 2362/3538/2656 2535/3543/2661 2761/3547/2665
f 2535/3543/2661 2339/3546/2664 2457/3548/2666
f 2401/3224/2360 2761/3547/2665 2457/3548/2666
f 2480/3549/2667 2762/3553/2671 2465/3550/2668
f 2346/3552/2670 2537/3554/2672 2762/3553/2671
f 2537/3554/2672 2363/3570/2679 2540/3555/2673
f 2762/3553/2671 2540/3555/2673 2343/3556/2674
f 2479/3557/2675 2763/3561/2677 2537/3558/2672
f 2469/3560/2676 2470/3565/2681 2538/3562/2678
f 2763/3561/2677 2538/3562/2678 2363/3563/2679
f 2538/3562/2678 2764/3566/2682 2539/3564/2680
f 2470/3565/2681 2665/3691/2547 2468/3567/2683
f 2764/3566/2682 2468/3567/2683 2344/3568/2684
f 2540/3555/2673 2765/3571/2686 2466/3569/2685
f 2363/3570/2679 2539/3572/2680 2765/3571/2686
f 2539/3572/2680 2344/3619/2684 2467/3573/2687
f 2765/3571/2686 2467/3573/2687 2307/3574/2688
f 2767/3575/2689 2768/3579/2693 2769/3576/2690
f 2471/3578/2692 2472/3652/2760 2768/3579/2693
f 2768/3579/2693 2472/3652/2760 2669/3580/2694
f 2768/3579/2693 2791/3581/2695 2803/3582/2696
f 2771/3267/2399 2772/3585/2699 2773/3583/2697
f 2771/3267/2399 2477/3271/2403 2478/3584/2698
f 2478/3584/2698 2471/3578/2692 2767/3575/2689
f 2772/3585/2699 2767/3575/2689 2766/3577/2691
f 2424/3273/2405 2774/3586/2700 2473/3399/2523
f 2325/3279/2411 2541/3587/2701 2774/3586/2700
f 2541/3587/2701 2364/3598/2707 2544/3588/2702
f 2774/3586/2700 2544/3588/2702 2345/3589/2703
f 2423/3290/2419 2775/3591/2704 2541/3590/2701
f 2775/3591/2704 2475/3293/2421 2476/3592/2705
f 2775/3591/2704 2542/3593/2706 2364/3594/2707
f 2542/3593/2706 2776/3596/2709 2543/3595/2708
f 2476/3592/2705 2469/3560/2676 2479/3557/2675
f 2776/3596/2709 2479/3557/2675 2346/3559/2670
f 2544/3588/2702 2777/3599/2711 2474/3597/2710
f 2364/3598/2707 2543/3600/2708 2777/3599/2711
f 2543/3600/2708 2346/3552/2670 2480/3549/2667
f 2777/3599/2711 2480/3549/2667 2308/3551/2669
f 2594/3601/2712 2867/3400/2524 2778/3401/2525
f 2345/3589/2703 2474/3597/2710 2778/3401/2525
f 2474/3597/2710 2308/3551/2669 2671/3330/2456
f 2793/3602/2544 2868/3666/2771 2619/3603/2713
f 2670/3345/2471 2779/3412/2536 2445/3481/2599
f 2850/3605/2715 2599/3369/2495 2657/3363/2489
f 2597/3607/2717 2849/3410/2534 2779/3412/2536
f 2445/3481/2599 2779/3412/2536 2659/3411/2535
f 2663/3368/2494 2780/3389/2513 2481/3608/2718
f 2874/3610/2720 2609/3643/2751 2673/3611/2721
f 2605/3367/2493 2873/3387/2511 2780/3389/2513
f 2780/3389/2513 2664/3388/2512 2347/3613/2723
f 2852/3614/2724 2781/3618/2728 2661/3615/2725
f 2660/3617/2727 2307/3574/2688 2467/3573/2687
f 2781/3618/2728 2467/3573/2687 2344/3619/2684
f 2602/3616/2726 2661/3615/2725 2802/3620/2729
f 2333/3487/2605 2659/3411/2535 2782/3606/2716
f 2853/3622/2731 2604/3680/2783 2658/3623/2732
f 2598/3624/2733 2850/3605/2715 2782/3606/2716
f 2782/3606/2716 2657/3363/2489 2301/3365/2491
f 2851/3625/2734 2783/3627/2736 2660/3617/2727
f 2343/3556/2674 2466/3569/2685 2783/3627/2736
f 2783/3627/2736 2466/3569/2685 2307/3574/2688
f 2781/3618/2728 2852/3614/2724 2601/3626/2735
f 2303/3516/2634 2666/3634/2743 2784/3629/2738
f 2798/3630/2739 2862/3674/2778 2617/3631/2740
f 2861/3633/2742 2784/3629/2738 2666/3634/2743
f 2454/3517/2635 2784/3629/2738 2667/3636/2745
f 2872/3637/2746 2785/3423/2545 2786/3638/2747
f 2875/3639/2748 2786/3638/2747 2803/3640/2696
f 2557/3404/2528 2635/3309/2435 2706/3308/2434
f 2673/3611/2721 2787/3644/2752 2449/3510/2628
f 2790/3642/2750 2858/3657/2764 2611/3635/2744
f 2609/3643/2751 2857/3679/2782 2787/3644/2752
f 2787/3644/2752 2668/3658/2765 2335/3514/2632
f 2638/3645/2753 2788/3346/2472 2456/3541/2659
f 2626/3392/2516 2650/3391/2515 2796/3646/2754
f 2622/3648/2756 2866/3344/2470 2788/3346/2472
f 2788/3346/2472 2670/3345/2471 2304/3478/2596
f 2863/3654/2761 2614/3649/2757 2789/3651/2759
f 2335/3514/2632 2668/3658/2765 2790/3642/2750
f 2616/3656/2763 2667/3636/2745 2784/3629/2738
f 2858/3657/2764 2790/3642/2750 2668/3658/2765
f 2450/3655/2762 2790/3642/2750 2666/3634/2743
f 2613/3660/2767 2859/3682/2784 2791/3661/2695
f 2860/3650/2758 2613/3660/2767 2669/3662/2694
f 2664/3388/2512 2792/3612/2722 2482/3663/2768
f 2629/3664/2769 2874/3610/2720 2792/3612/2722
f 2792/3612/2722 2673/3611/2721 2309/3508/2626
f 2799/3667/2714 2471/3578/2692 2478/3584/2698
f 2871/3419/2542 2624/3665/2770 2793/3602/2544
f 2409/3214/2350 2794/3668/2772 2637/3348/2474
f 2318/3220/2356 2639/3670/2774 2794/3668/2772
f 2841/3427/2549 2589/3323/2449 2652/3318/2444
f 2838/3669/2773 2794/3668/2772 2639/3670/2774
f 2839/3296/2424 2795/3295/2423 2640/3398/2522
f 2642/3298/2426 2326/3275/2407 2429/3272/2404
f 2795/3295/2423 2429/3272/2404 2296/3274/2406
f 2672/3632/2741 2796/3646/2754 2460/3534/2652
f 2870/3390/2514 2588/3428/2550 2651/3393/2517
f 2617/3631/2740 2869/3647/2755 2796/3646/2754
f 2460/3534/2652 2796/3646/2754 2650/3391/2515
f 2595/3673/2777 2848/3329/2455 2797/3331/2457
f 2308/3551/2669 2465/3550/2668 2797/3331/2457
f 2465/3550/2668 2343/3556/2674 2662/3628/2737
f 2595/3673/2777 2662/3628/2737 2783/3627/2736
f 2337/3518/2636 2667/3636/2745 2798/3630/2739
f 2865/3347/2473 2622/3648/2756 2638/3645/2753
f 2862/3674/2778 2798/3630/2739 2667/3636/2745
f 2453/3521/2639 2798/3630/2739 2672/3632/2741
f 2472/3652/2760 2471/3578/2692 2799/3667/2714
f 2864/3675/2779 2584/3672/2776 2640/3398/2522
f 2410/3231/2367 2800/3439/2560 2639/3670/2774
f 2292/3147/2283 2653/3312/2438 2800/3439/2560
f 2794/3668/2772 2838/3669/2773 2582/3349/2475
f 2837/3440/2561 2800/3439/2560 2653/3312/2438
f 2840/3671/2775 2725/3420/2543 2717/3376/2501
f 2717/3678/2501 2725/3422/2543 2477/3271/2403
f 2658/3623/2732 2801/3366/2492 2448/3492/2610
f 2857/3679/2782 2610/3659/2766 2668/3658/2765
f 2604/3680/2783 2854/3789/2854 2801/3366/2492
f 2801/3366/2492 2663/3368/2494 2302/3609/2719
f 2855/3621/2730 2802/3620/2729 2665/3425/2547
f 2661/3615/2725 2344/3619/2684 2468/3681/2683
f 2856/3641/2749 2803/3640/2696 2791/3661/2695
f 2805/3444/2565 2806/3684/2786 2807/3683/2785
f 2475/3293/2421 2804/3443/2564 2807/3683/2785
f 2770/3268/2400 2773/3583/2697 2806/3684/2786
f 2773/3583/2697 2766/3577/2691 2809/3685/2787
f 2806/3684/2786 2809/3685/2787 2808/3686/2788
f 2807/3683/2785 2808/3686/2788 2469/3560/2676
f 2809/3685/2787 2810/3688/2790 2811/3687/2789
f 2808/3686/2788 2811/3687/2789 2470/3565/2681
f 2766/3577/2691 2769/3576/2690 2810/3688/2790
f 2769/3576/2690 2803/3582/2696 2786/3689/2747
f 2810/3688/2790 2786/3689/2747 2785/3690/2545
f 2811/3687/2789 2785/3690/2545 2665/3691/2547
f 2290/3223/2359 2457/3548/2666 2812/3692/2791
f 2339/3546/2664 2545/3693/2792 2812/3692/2791
f 2545/3693/2792 2365/3698/2797 2548/3694/2793
f 2404/3453/2571 2812/3692/2791 2548/3694/2793
f 2458/3545/2663 2813/3695/2794 2545/3693/2792
f 2305/3498/2616 2462/3696/2795 2813/3695/2794
f 2462/3696/2795 2341/3700/2799 2546/3697/2796
f 2813/3695/2794 2546/3697/2796 2365/3698/2797
f 2546/3697/2796 2814/3701/2800 2547/3699/2798
f 2341/3700/2799 2461/3702/2801 2814/3701/2800
f 2461/3702/2801 2310/3501/2619 2486/3528/2646
f 2814/3701/2800 2486/3528/2646 2349/3524/2642
f 2315/3455/2573 2548/3694/2793 2815/3703/2802
f 2365/3698/2797 2547/3699/2798 2815/3703/2802
f 2547/3699/2798 2349/3524/2642 2485/3523/2641
f 2403/3461/2579 2815/3703/2802 2485/3523/2641
f 2451/3497/2615 2816/3704/2803 2462/3696/2795
f 2336/3494/2612 2549/3705/2804 2816/3704/2803
f 2549/3705/2804 2366/3709/2808 2552/3706/2805
f 2816/3704/2803 2552/3706/2805 2341/3700/2799
f 2452/3493/2611 2817/3707/2806 2549/3705/2804
f 2302/3609/2719 2481/3608/2718 2817/3707/2806
f 2481/3608/2718 2347/3613/2723 2550/3708/2807
f 2817/3707/2806 2550/3708/2807 2366/3709/2808
f 2550/3708/2807 2818/3711/2810 2551/3710/2809
f 2347/3613/2723 2482/3663/2768 2818/3711/2810
f 2482/3663/2768 2309/3508/2626 2488/3507/2625
f 2818/3711/2810 2488/3507/2625 2350/3502/2620
f 2552/3706/2805 2819/3712/2811 2461/3702/2801
f 2366/3709/2808 2551/3710/2809 2819/3712/2811
f 2551/3710/2809 2350/3502/2620 2487/3499/2617
f 2819/3712/2811 2487/3499/2617 2310/3501/2619
f 2820/3713/2812 2554/3324/2450 2381/3714/2813
f 2553/3304/2431 2820/3713/2812 2555/3715/2814
f 2367/3717/2815 2555/3718/2814 2821/3313/2439
f 2555/3718/2814 2381/4187/2813 2557/3404/2528
f 2557/3404/2528 2381/4187/2813 2559/3719/2816
f 2822/3403/2527 2559/3719/2816 2372/3720/2817
f 2559/3721/2816 2823/3326/2452 2560/3353/2479
f 2381/3714/2813 2554/3324/2450 2823/3326/2452
f 2824/3405/2529 2562/3432/2554 2382/3723/2818
f 2561/3332/2458 2824/3405/2529 2563/3724/2819
f 2369/3726/2820 2563/3727/2819 2825/3339/2465
f 2563/3727/2819 2382/3730/2818 2565/3402/2526
f 2632/3335/2461 2565/3402/2526 2826/3728/2821
f 2829/3729/2822 2570/3436/2557 2649/3357/2483
f 2826/3728/2821 2565/3402/2526 2382/3730/2818
f 2556/3315/2441 2826/3728/2821 2566/3731/2823
f 2367/3716/2815 2566/3732/2823 2827/3430/2552
f 2566/3732/2823 2382/3723/2818 2562/3432/2554
f 2567/3302/2430 2828/3733/2824 2568/3735/2826
f 2370/3737/2827 2568/3739/2826 2829/3729/2822
f 2383/3738/2825 2570/3436/2557 2829/3729/2822
f 2570/3436/2557 2383/3738/2825 2572/3740/2828
f 2830/3435/2556 2572/3740/2828 2374/3741/2829
f 2572/3743/2828 2383/3734/2825 2828/3733/2824
f 2574/3415/2539 2384/3751/2832 2575/3744/2830
f 2832/3417/2540 2575/3744/2830 2373/3745/2831
f 2373/3746/2831 2575/3747/2830 2833/3434/2555
f 2575/3747/2830 2384/3748/2832 2577/3441/2562
f 2834/3381/2505 2577/3441/2562 2384/3748/2832
f 2569/3362/2488 2834/3381/2505 2578/3749/2833
f 2578/3750/2833 2835/3354/2480 2567/3302/2430
f 2384/3751/2832 2574/3415/2539 2835/3354/2480
f 2579/3294/2422 2385/3759/2835 2580/3752/2834
f 2836/3297/2425 2580/3752/2834 2372/3722/2817
f 2580/3753/2834 2837/3440/2561 2558/3311/2437
f 2385/3754/2835 2581/3438/2559 2837/3440/2561
f 2581/3438/2559 2385/3754/2835 2583/3755/2836
f 2838/3669/2773 2583/3755/2836 2368/3756/2837
f 2583/3757/2836 2839/3296/2424 2584/3672/2776
f 2385/3759/2835 2579/3294/2422 2839/3296/2424
f 2840/3671/2775 2586/3677/2781 2386/3760/2838
f 2585/3418/2541 2840/3671/2775 2587/3761/2839
f 2587/3763/2839 2841/3427/2549 2588/3428/2550
f 2587/3763/2839 2386/3766/2838 2589/3323/2449
f 2842/3765/2841 2589/3323/2449 2386/3766/2838
f 2576/3383/2507 2842/3765/2841 2590/3767/2842
f 2373/3745/2831 2590/3768/2842 2843/3676/2780
f 2590/3768/2842 2386/3760/2838 2586/3677/2781
f 2831/3372/2498 2844/3374/2499 2591/3770/2844
f 2591/3771/2844 2845/3322/2448 2571/3360/2486
f 2591/3771/2844 2387/3772/2843 2592/3320/2446
f 2846/3413/2537 2592/3320/2446 2387/3772/2843
f 2564/3341/2467 2846/3413/2537 2593/3773/2845
f 2369/3725/2820 2593/3774/2845 2847/3351/2477
f 2387/3769/2843 2844/3374/2499 2847/3351/2477
f 2848/3329/2455 2595/3673/2777 2388/3775/2846
f 2594/3601/2712 2848/3329/2455 2596/3776/2847
f 2378/3778/2848 2596/3779/2847 2849/3410/2534
f 2596/3779/2847 2388/3780/2846 2598/3624/2733
f 2850/3605/2715 2598/3624/2733 2388/3780/2846
f 2599/3369/2495 2850/3605/2715 2600/3781/2849
f 2600/3783/2849 2851/3625/2734 2601/3626/2735
f 2388/3775/2846 2595/3673/2777 2851/3625/2734
f 2602/3616/2726 2389/3793/2852 2603/3785/2851
f 2852/3614/2724 2603/3785/2851 2375/3784/2850
f 2603/3786/2851 2853/3622/2731 2599/3369/2495
f 2389/3787/2852 2604/3680/2783 2853/3622/2731
f 2604/3680/2783 2389/3787/2852 2606/3788/2853
f 2854/3789/2854 2606/3788/2853 2376/3790/2855
f 2606/3791/2853 2855/3621/2730 2607/3424/2546
f 2389/3793/2852 2602/3616/2726 2855/3621/2730
f 2859/3682/2784 2390/3803/2858 2608/3794/2856
f 2380/3796/2857 2608/3797/2856 2857/3679/2782
f 2608/3797/2856 2390/3798/2858 2610/3659/2766
f 2858/3657/2764 2610/3659/2766 2390/3798/2858
f 2858/3657/2764 2612/3799/2859 2377/3800/2860
f 2612/3801/2859 2859/3682/2784 2613/3660/2767
f 2860/3650/2758 2614/3649/2757 2391/3804/2861
f 2613/3660/2767 2860/3650/2758 2615/3805/2862
f 2615/3806/2862 2861/3633/2742 2611/3635/2744
f 2391/3807/2861 2616/3656/2763 2861/3633/2742
f 2616/3656/2763 2391/3807/2861 2618/3808/2863
f 2862/3674/2778 2618/3808/2863 2379/3809/2864
f 2379/3810/2864 2618/3811/2863 2863/3654/2761
f 2618/3811/2863 2391/3804/2861 2614/3649/2757
f 2864/3675/2779 2620/3395/2519 2392/3812/2865
f 2584/3672/2776 2864/3675/2779 2621/3813/2866
f 2621/3814/2866 2865/3347/2473 2582/3349/2475
f 2621/3814/2866 2392/3815/2865 2622/3648/2756
f 2866/3344/2470 2622/3648/2756 2392/3815/2865
f 2597/3607/2717 2866/3344/2470 2623/3816/2867
f 2378/3777/2848 2623/3817/2867 2867/3400/2524
f 2623/3817/2867 2392/3812/2865 2620/3395/2519
f 2624/3665/2770 2393/3823/2869 2625/3818/2868
f 2868/3666/2771 2625/3818/2868 2379/3810/2864
f 2379/3809/2864 2625/3820/2868 2869/3647/2755
f 2393/3819/2869 2626/3392/2516 2869/3647/2755
f 2626/3392/2516 2393/3819/2869 2627/3821/2870
f 2870/3390/2514 2627/3821/2870 2371/3764/2840
f 2627/3822/2870 2871/3419/2542 2585/3418/2541
f 2393/3823/2869 2624/3665/2770 2871/3419/2542
f 2872/3637/2746 2875/3639/2748 2394/3824/2871
f 2872/3637/2746 2628/3825/2872 2376/3792/2855
f 2628/3826/2872 2873/3387/2511 2605/3367/2493
f 2394/3827/2871 2629/3664/2769 2873/3387/2511
f 2629/3664/2769 2394/3827/2871 2630/3828/2873
f 2609/3643/2751 2874/3610/2720 2630/3828/2873
f 2630/3829/2873 2875/3639/2748 2856/3641/2749
f 2397/3169/2305 2876/3338/2464 2631/3314/2440
f 2312/3166/2302 2632/3335/2461 2876/3338/2464
f 2820/3713/2812 2553/3304/2431 2634/3306/2433
f 2978/3830/2874 2909/3924/2965 2936/3831/2875
f 2886/3833/2877 2925/3969/3009 2993/3834/2878
f 2972/3836/2880 2912/3925/2966 2933/3837/2881
f 2965/3839/2883 2966/3934/2974 2915/3840/2884
f 2913/3842/2886 2884/3930/2970 2924/3843/2887
f 2928/3845/2889 2916/3926/2967 2881/3846/2890
f 2963/3848/2892 2964/3931/2971 2906/3849/2893
f 2960/3851/2895 2889/3917/2958 2957/3852/2896
f 2974/3854/2898 2895/3918/2959 2954/3855/2899
f 2967/3857/2901 2968/3936/2976 2901/3858/2902
f 2969/3860/2904 2970/3932/2972 2903/3861/2905
f 2976/3863/2907 2897/3921/2962 2945/3864/2908
f 2961/3866/2910 2962/3933/2973 2891/3867/2911
f 2937/3869/2913 2907/3923/2964 2880/3870/2914
f 2940/3872/2916 2904/3922/2963 2883/3873/2917
f 2898/3875/2919 2886/3928/2968 2926/3876/2920
f 2946/3878/2922 2892/3920/2961 2878/3879/2923
f 2949/3881/2925 2900/3919/2960 2882/3882/2926
f 2894/3884/2928 2885/3935/2975 2925/3885/2929
f 2888/3887/2931 2879/3915/2957 2918/3888/2932
f 2928/3845/2889 2900/3919/2960 2902/3890/2934
f 2929/3891/2935 2902/3890/2934 2901/3858/2902
f 2894/3884/2928 2896/3893/2937 2932/3892/2936
f 2896/3893/2937 2895/3918/2959 2933/3837/2881
f 2888/3887/2931 2890/3896/2940 2935/3894/2938
f 2890/3896/2940 2889/3917/2958 2936/3831/2875
f 2937/3869/2913 2916/3926/2967 2917/3897/2941
f 2938/3898/2942 2917/3897/2941 2915/3840/2884
f 2913/3842/2886 2914/3900/2944 2941/3899/2943
f 2914/3900/2944 2912/3925/2966 2942/3862/2906
f 2910/3901/2945 2911/3903/2947 2944/3902/2946
f 2911/3903/2947 2909/3924/2965 2945/3864/2908
f 2946/3878/2922 2907/3923/2964 2908/3904/2948
f 2947/3905/2949 2908/3904/2948 2906/3849/2893
f 2949/3881/2925 2904/3922/2963 2905/3906/2950
f 2950/3907/2951 2905/3906/2950 2903/3861/2905
f 2898/3875/2919 2899/3909/2953 2953/3908/2952
f 2899/3909/2953 2897/3921/2962 2954/3855/2899
f 2955/3910/2933 2892/3920/2961 2893/3911/2954
f 2956/3912/2955 2893/3911/2954 2891/3867/2911
f 2910/3901/2945 2887/3929/2969 2927/3914/2956
f 2934/3895/2939 2927/3914/2956 2879/3915/2957
f 2956/3916/2955 2957/3852/2896 2889/3917/2958
f 2955/3889/2933 2956/3916/2955 2890/3896/2940
f 2953/3908/2952 2954/3855/2899 2895/3918/2959
f 2952/3886/2930 2953/3908/2952 2896/3893/2937
f 2902/3890/2934 2950/3907/2951 2951/3859/2903
f 2900/3919/2960 2949/3881/2925 2950/3907/2951
f 2893/3911/2954 2947/3905/2949 2948/3868/2912
f 2892/3920/2961 2946/3878/2922 2947/3905/2949
f 2944/3902/2946 2945/3864/2908 2897/3921/2962
f 2943/3877/2921 2944/3902/2946 2899/3909/2953
f 2905/3906/2950 2941/3899/2943 2942/3862/2906
f 2904/3922/2963 2940/3872/2916 2941/3899/2943
f 2908/3904/2948 2938/3898/2942 2939/3850/2894
f 2907/3923/2964 2937/3869/2913 2938/3898/2942
f 2935/3894/2938 2936/3831/2875 2909/3924/2965
f 2934/3895/2939 2935/3894/2938 2911/3903/2947
f 2932/3892/2936 2933/3837/2881 2912/3925/2966
f 2931/3844/2888 2932/3892/2936 2914/3900/2944
f 2917/3897/2941 2929/3891/2935 2930/3841/2885
f 2916/3926/2967 2928/3845/2889 2929/3891/2935
f 2892/3920/2961 2955/3910/2933 2918/3927/2932
f 2952/3886/2930 2925/3885/2929 2886/3928/2968
f 2904/3922/2963 2949/3881/2925 2922/3883/2927
f 2907/3923/2964 2946/3878/2922 2919/3880/2924
f 2943/3877/2921 2926/3876/2920 2887/3929/2969
f 2940/3872/2916 2923/3874/2918 2884/3930/2970
f 2916/3926/2967 2937/3869/2913 2920/3871/2915
f 2964/3931/2971 2961/3866/2910 2948/3868/2912
f 2975/3865/2909 2945/3864/2908 2909/3924/2965
f 2969/3860/2904 2942/3862/2906 2912/3925/2966
f 2970/3932/2972 2967/3857/2901 2951/3859/2903
f 2973/3856/2900 2954/3855/2899 2897/3921/2962
f 2962/3933/2973 2959/4188/2897 2957/3913/2896
f 2966/3934/2974 2963/3848/2892 2939/3850/2894
f 2900/3919/2960 2928/3845/2889 2921/3847/2891
f 2931/3844/2888 2924/3843/2887 2885/3935/2975
f 2968/3936/2976 2965/3839/2883 2930/3841/2885
f 2971/3838/2882 2933/3837/2881 2895/3918/2959
f 2977/3832/2876 2936/3831/2875 2889/3917/2958
f 2919/3937/2977 2878/3940/2980 2982/3938/2978
f 2878/3940/2980 2918/4189/3012 2979/3941/2981
f 2887/3942/2982 2998/3946/2986 2997/3943/2983
f 2926/3945/2985 2995/3974/3013 2998/3946/2986
f 2920/3947/2987 2880/3950/2990 2984/3948/2988
f 2880/3950/2990 2919/3937/2977 2981/3939/2979
f 2927/3944/2984 2997/3943/2983 2980/3951/2991
f 2881/3953/2993 2986/3956/2996 2985/3954/2994
f 2881/3953/2993 2920/3947/2987 2983/3949/2989
f 2882/3957/2997 2988/3960/3000 2987/3958/2998
f 2921/3955/2995 2985/3954/2994 2988/3960/3000
f 2883/3961/3001 2990/3964/3004 2989/3962/3002
f 2922/3959/2999 2987/3958/2998 2990/3964/3004
f 2924/3965/3005 2884/3968/3008 2992/3966/3006
f 2884/3968/3008 2923/3963/3003 2989/3962/3002
f 2925/3969/3009 2885/3971/3011 2994/3970/3010
f 2885/3971/3011 2924/3965/3005 2991/3967/3007
f 2879/3952/2992 2980/3951/2991 2979/3972/2981
f 2886/3833/2877 2996/3835/2879 2995/3974/3013
f 1023/4017/1026 3076/1624/1038 3075/1621/1036
f 997/4018/1033 3080/882/404 3085/887/409
f 991/906/426 3078/1626/1040 3084/1610/1030
f 985/4019/684 3076/1624/1038 3077/905/425
f 998/1065/574 999/1611/1031 3086/4020/3036
f 989/1607/949 3083/1619/1034 3075/1621/1036
f 559/4021/844 1035/1622/1037 3086/4020/3036
f 506/4022/702 3027/1475/958 3084/1610/1030
f 500/4023/428 1027/4162/828 3083/1619/1034
f 587/4024/601 493/4059/603 3014/1533/992
f 586/4025/604 587/4024/601 3074/1603/1025
f 585/4026/605 586/4025/604 3073/1601/1024
f 487/4027/606 585/4026/605 3072/1599/1023
f 492/4028/594 3013/1526/987 3071/1593/1021
f 584/4029/663 3071/1593/1021 3070/1591/1019
f 583/4030/664 3070/1591/1019 3069/1592/1020
f 490/4032/666 582/4031/665 3069/1592/1020
f 566/4033/609 3061/1577/1014 3068/1507/978
f 579/4035/584 3066/1491/968 3065/1585/1017
f 578/4036/589 3065/1585/1017 3064/1582/1016
f 577/4037/3037 3064/1582/1016 3009/1584/991
f 568/4039/3038 487/4190/606 3008/4040/1022
f 568/4039/3038 3063/1578/1015 3062/1575/1013
f 567/4041/607 3062/1575/1013 3061/1577/1014
f 530/4042/481 529/4102/459 3037/1422/924
f 565/4043/635 483/4191/505 3004/4044/966
f 564/4045/636 565/4043/635 3060/1572/1011
f 563/4046/637 564/4045/636 3059/1570/1010
f 491/4047/622 563/4046/637 3058/1568/1009
f 559/4021/844 3057/1560/1005 3056/1557/1003
f 558/4048/558 3056/1557/1003 3005/1559/1004
f 491/4047/622 3012/1555/1002 3055/1553/1001
f 557/4050/620 3055/1553/1001 3054/1551/1000
f 556/4051/623 3054/1551/1000 3053/1549/999
f 555/4052/624 3053/1549/999 3010/1540/995
f 554/4054/570 490/4032/666 3011/1589/1018
f 553/4055/571 554/4054/570 3052/1547/998
f 489/4053/625 3010/1540/995 3050/1541/996
f 551/4057/658 552/4056/657 3050/1541/996
f 550/4058/659 551/4057/658 3049/1538/994
f 493/4059/603 550/4058/659 3048/1536/993
f 488/4060/590 3009/1531/991 3047/1529/990
f 549/4061/591 3047/1529/990 3046/1527/988
f 548/4062/592 3046/1527/988 3045/1524/986
f 547/4063/593 3045/1524/986 3013/1526/987
f 540/4064/466 3044/1522/985 3007/1447/943
f 539/4066/479 3043/1520/984 3044/1522/985
f 538/4067/478 3042/1518/983 3043/1520/984
f 478/4068/477 2999/1516/972 3042/1518/983
f 485/4069/447 537/4070/540 3041/1513/981
f 537/4070/540 536/4071/538 3040/1511/980
f 536/4071/538 535/4073/537 3039/1510/979
f 481/4072/536 3002/1463/952 3039/1510/979
f 581/4034/612 3068/1507/978 3067/1489/967
f 513/4075/473 530/4042/481 3038/1574/1012
f 528/4076/454 527/4077/453 3035/1502/975
f 527/4077/453 526/4078/452 3034/1499/973
f 526/4078/452 479/4192/451 3000/4079/942
f 515/4080/476 3033/1495/970 2999/1498/972
f 515/4080/476 514/4082/475 3032/1492/969
f 514/4082/475 513/4075/473 3031/1505/977
f 580/4074/613 3067/1489/967 3066/1491/968
f 512/4083/504 3030/1486/965 3004/1488/966
f 511/4085/510 3029/1484/964 3030/1486/965
f 510/4086/509 3028/1482/963 3029/1484/964
f 482/4087/490 3003/1470/956 3028/1482/963
f 506/4022/702 505/4088/402 3026/1472/957
f 505/4088/402 484/4193/401 3005/4089/1004
f 482/4087/490 504/4090/489 3025/1468/955
f 504/4090/489 503/4091/496 3024/1466/954
f 503/4091/496 502/4092/495 3023/1464/953
f 502/4092/495 480/4094/494 3001/1454/947
f 501/4093/430 3022/1461/951 3002/1463/952
f 500/4023/428 3021/1459/950 3022/1461/951
f 480/4094/494 499/4096/531 3020/1453/946
f 498/4095/533 3019/1451/945 3020/1453/946
f 497/4097/532 3018/1449/944 3019/1451/945
f 486/4065/467 3007/1447/943 3018/1449/944
f 479/4098/451 496/4099/450 3017/1443/941
f 496/4099/450 495/4100/449 3016/1441/940
f 495/4100/449 494/4101/3039 3015/1438/939
f 494/4101/3039 485/4069/447 3006/1515/982
f 529/4102/459 528/4076/454 3036/1504/976
f 1036/1623/962 1025/4153/1042 3082/1049/559
f 986/883/405 987/1064/573 3082/1049/559
f 1024/1625/1039 1029/4163/700 3078/1626/1040
f 553/4055/571 3051/885/407 3085/887/409
f 1033/4103/1043 3080/882/404 3079/884/406
