# Blender 5.1.0
# www.blender.org
mtllib DeadBody1.mtl
o corps__0
v 0.442250 0.007500 -0.988690
v 0.446220 0.007500 -1.064363
v 0.414900 0.007500 -1.066014
v 0.410943 0.007500 -0.990346
v -0.006061 0.240999 0.148060
v -0.010844 0.263038 0.074891
v -0.040708 0.255161 0.074030
v -0.035312 0.231659 0.147074
v -0.028389 0.052553 -1.042982
v -0.029630 0.044852 -1.059119
v -0.041296 0.055742 -1.051567
v -0.039017 0.060236 -1.035865
v 0.386952 0.078659 0.131497
v 0.426087 0.079740 0.080057
v 0.372575 0.067989 0.072300
v 0.364762 0.064897 0.124166
v 0.204973 0.131824 -0.423449
v 0.202067 0.110973 -0.494787
v 0.180553 0.135073 -0.500888
v 0.181686 0.154378 -0.429374
v 0.190702 0.007500 -1.001758
v 0.194145 0.007500 -1.077354
v 0.162398 0.007500 -1.078713
v 0.159146 0.007500 -1.003134
v 0.396651 0.007500 -0.382662
v 0.404369 0.007500 -0.458072
v 0.373225 0.007500 -0.461070
v 0.365405 0.007500 -0.385739
v -0.220583 0.200292 0.734520
v -0.214486 0.186719 0.666969
v -0.226799 0.167151 0.668228
v -0.231061 0.180025 0.738065
v -0.187917 0.123527 0.152031
v -0.200367 0.132166 0.078245
v -0.227290 0.115149 0.081159
v -0.210371 0.101166 0.153418
v 0.025177 0.244599 0.738733
v 0.024068 0.226397 0.668517
v -0.007049 0.210648 0.670473
v -0.006350 0.232476 0.739444
v -0.228088 0.137234 -0.447541
v -0.222502 0.124981 -0.521638
v -0.246162 0.103148 -0.519968
v -0.248189 0.111529 -0.445255
v -0.138738 0.007500 -1.023445
v -0.133723 0.007501 -1.087019
v -0.165287 0.007500 -1.084591
v -0.170087 0.007500 -1.026169
v -0.008418 0.265976 -0.453776
v -0.004443 0.251096 -0.528831
v -0.034966 0.245469 -0.529200
v -0.039913 0.260005 -0.454024
v 0.170540 0.110722 0.716899
v 0.167427 0.119919 0.642279
v 0.166842 0.151986 0.647351
v 0.164329 0.142834 0.721989
v 0.222511 0.223384 0.141470
v 0.231567 0.248483 0.073734
v 0.206996 0.260076 0.072973
v 0.202361 0.234307 0.142776
v 0.358668 0.007500 0.681980
v 0.349446 0.007500 0.607591
v 0.317957 0.007500 0.611178
v 0.327286 0.007500 0.685929
v 0.299082 0.007500 -0.694862
v 0.301706 0.007500 -0.732156
v 0.270096 0.007500 -0.734161
v 0.267532 0.007500 -0.697045
v 0.316783 0.007500 -0.995378
v 0.320666 0.007500 -1.071009
v 0.289135 0.007500 -1.072667
v 0.285309 0.007500 -0.997051
v 0.424292 0.007500 -0.685247
v 0.427063 0.007500 -0.723290
v 0.395882 0.007500 -0.725507
v 0.393132 0.007500 -0.687655
v -0.108330 0.181030 0.452561
v -0.112647 0.197599 0.378713
v -0.139493 0.185681 0.379000
v -0.135966 0.177933 0.453960
v -0.125436 0.224860 0.152717
v -0.128406 0.230805 0.076854
v -0.155168 0.213813 0.077205
v -0.151501 0.207899 0.153031
v 0.013482 0.168630 0.445776
v 0.007956 0.183772 0.369711
v -0.022285 0.184458 0.371512
v -0.017349 0.176281 0.447245
v -0.083472 0.128330 -0.737759
v -0.081508 0.118407 -0.773911
v -0.095192 0.090247 -0.767251
v -0.100607 0.102066 -0.731830
v -0.054210 0.033914 -1.033601
v -0.053479 0.032153 -1.038125
v -0.058078 0.016901 -1.044097
v -0.046705 0.012214 -1.017615
v 0.008432 0.207535 -0.745861
v 0.008228 0.189684 -0.789443
v -0.020632 0.183422 -0.787635
v -0.020920 0.198901 -0.741392
v 0.227068 0.055575 0.397719
v 0.240013 0.080177 0.326822
v 0.230317 0.106731 0.334571
v 0.218540 0.082957 0.405467
v 0.278215 0.142125 0.129026
v 0.282894 0.144978 0.070432
v 0.272078 0.172038 0.071789
v 0.264701 0.165300 0.133622
v 0.304183 0.014322 0.387624
v 0.310993 0.020180 0.314687
v 0.298721 0.025677 0.315907
v 0.293050 0.015696 0.388048
v 0.109106 0.278567 -0.150231
v 0.104673 0.261618 -0.223452
v 0.074069 0.272151 -0.225580
v 0.077676 0.286239 -0.151004
v 0.117758 0.231316 -0.446731
v 0.109340 0.201530 -0.516285
v 0.082117 0.217979 -0.519770
v 0.085099 0.242687 -0.448756
v 0.218063 0.213047 -0.137138
v 0.202886 0.181239 -0.204112
v 0.179415 0.202220 -0.209587
v 0.193538 0.232906 -0.142047
v 0.091718 0.123213 -0.728818
v 0.091113 0.111281 -0.764213
v 0.074434 0.137905 -0.772856
v 0.074248 0.149836 -0.736973
v 0.064909 0.009065 -1.005965
v 0.067597 0.007500 -1.081779
v 0.036364 0.007500 -1.082406
v 0.035398 0.016969 -1.012866
v 0.178055 0.032537 -0.703938
v 0.177480 0.022322 -0.739803
v 0.150555 0.038918 -0.743370
v 0.152476 0.051055 -0.708028
v 0.279998 0.118381 -0.110185
v 0.287848 0.095019 -0.181006
v 0.274928 0.121727 -0.190346
v 0.273265 0.142368 -0.120303
v 0.276002 0.026601 -0.395894
v 0.279952 0.012418 -0.469926
v 0.256784 0.033910 -0.474571
v 0.259802 0.053730 -0.402802
v 0.365138 0.058391 -0.099891
v 0.357451 0.035734 -0.166514
v 0.348783 0.039012 -0.167164
v 0.357362 0.061572 -0.099921
v -0.338848 0.082295 0.992846
v -0.339835 0.103220 0.930220
v -0.374563 0.101790 0.931538
v -0.369570 0.080142 0.998430
v -0.270246 0.107797 0.751030
v -0.258498 0.095765 0.679088
v -0.266159 0.070593 0.684820
v -0.286905 0.085488 0.753622
v -0.219992 0.079432 0.960816
v -0.228737 0.135857 0.911646
v -0.256537 0.130508 0.917798
v -0.250359 0.079672 0.967430
v -0.257630 0.051140 0.457509
v -0.257235 0.039127 0.383313
v -0.277243 0.019837 0.387229
v -0.273596 0.029556 0.462135
v -0.277988 0.038981 0.160302
v -0.287413 0.045249 0.085822
v -0.303791 0.018051 0.086622
v -0.296736 0.013881 0.161347
v -0.194377 0.129872 0.452131
v -0.184994 0.120724 0.378137
v -0.205138 0.103047 0.377052
v -0.215447 0.117223 0.449940
v -0.098836 0.067543 0.928765
v -0.103085 0.129006 0.891214
v -0.135668 0.130276 0.893517
v -0.130830 0.067733 0.932873
v -0.108691 0.224448 0.736551
v -0.104503 0.211213 0.669534
v -0.135187 0.227508 0.663653
v -0.135549 0.244279 0.735678
v 0.027432 0.084504 0.945193
v 0.025836 0.146743 0.902070
v -0.005898 0.142443 0.897818
v -0.002976 0.077958 0.936970
v -0.295412 0.042396 -0.140098
v -0.296470 0.039349 -0.215231
v -0.319212 0.016966 -0.213732
v -0.316387 0.018633 -0.138540
v -0.305211 0.034178 -0.439828
v -0.313268 0.035779 -0.514187
v -0.330449 0.009024 -0.512715
v -0.328259 0.012121 -0.438322
v -0.209650 0.135946 -0.146832
v -0.212241 0.135992 -0.222093
v -0.235252 0.112908 -0.220386
v -0.232604 0.113158 -0.145123
v -0.288872 0.007500 -0.735154
v -0.286132 0.007500 -0.772319
v -0.317658 0.007500 -0.774669
v -0.320306 0.007500 -0.737371
v -0.264218 0.007500 -1.034537
v -0.259458 0.007500 -1.088912
v -0.290821 0.007500 -1.091134
v -0.295576 0.007500 -1.037332
v -0.173143 0.044355 -0.727851
v -0.164583 0.029566 -0.761695
v -0.193117 0.016535 -0.763680
v -0.200187 0.028942 -0.728850
v -0.130764 0.239696 -0.151238
v -0.134013 0.242253 -0.227240
v -0.150965 0.213513 -0.226370
v -0.148987 0.212802 -0.150584
v -0.129888 0.223463 -0.454207
v -0.121539 0.203856 -0.526958
v -0.153501 0.193548 -0.528840
v -0.155686 0.202767 -0.452849
v -0.017976 0.291417 -0.152531
v -0.017595 0.287186 -0.228878
v -0.048662 0.285020 -0.228616
v -0.049871 0.291781 -0.152182
v 0.122372 0.134778 1.005301
v 0.135169 0.180685 0.945582
v 0.107723 0.173254 0.934506
v 0.102759 0.119190 0.987736
v 0.144819 0.237982 0.733468
v 0.146438 0.240660 0.657179
v 0.115657 0.246370 0.658762
v 0.122799 0.262750 0.735029
v 0.206453 0.078961 1.013316
v 0.201761 0.088423 0.938538
v 0.197564 0.120019 0.942284
v 0.198339 0.109069 1.017217
v 0.133335 0.178594 0.438590
v 0.128612 0.187681 0.363493
v 0.098576 0.193421 0.366283
v 0.102823 0.179150 0.440731
v 0.117557 0.241242 0.144015
v 0.114722 0.259927 0.070997
v 0.082912 0.262758 0.072404
v 0.086651 0.248341 0.146559
v 0.213193 0.155690 0.426698
v 0.208996 0.166168 0.353430
v 0.202645 0.178713 0.357070
v 0.205129 0.173293 0.430481
v 0.276973 0.007536 0.997993
v 0.266269 0.008106 0.922991
v 0.240334 0.016811 0.927096
v 0.249185 0.013017 1.002092
v 0.234018 0.007662 0.697545
v 0.225423 0.012912 0.621963
v 0.205292 0.035650 0.626658
v 0.211050 0.027597 0.701872
v 0.400844 0.007500 0.980672
v 0.390034 0.007500 0.905793
v 0.358929 0.007500 0.910194
v 0.369788 0.007500 0.985082
v 0.371515 0.007500 -0.840880
v 0.373591 0.007500 -0.878637
v 0.342180 0.007500 -0.880415
v 0.340099 0.007500 -0.842720
v 0.379594 0.007500 -0.992019
v 0.383542 0.007500 -1.067671
v 0.352129 0.007500 -1.069341
v 0.348208 0.007500 -0.993699
v 0.434130 0.007500 -0.837229
v 0.436217 0.007500 -0.875135
v 0.404935 0.007500 -0.876870
v 0.402864 0.007500 -0.839032
v -0.057597 0.196715 0.297559
v -0.061729 0.213892 0.223312
v -0.091147 0.224147 0.227363
v -0.086929 0.206365 0.301331
v -0.065710 0.232450 0.149324
v -0.070774 0.251102 0.075187
v -0.101160 0.246108 0.076601
v -0.096305 0.235269 0.152029
v 0.003152 0.201092 0.295294
v -0.001398 0.219762 0.221399
v -0.031252 0.213600 0.221467
v -0.027015 0.197587 0.296162
v -0.036775 0.122169 -0.887584
v -0.038105 0.103879 -0.921957
v -0.045874 0.088184 -0.916860
v -0.045142 0.103189 -0.881944
v -0.046919 0.059567 -1.026877
v -0.048251 0.056056 -1.039256
v -0.053768 0.047538 -1.039310
v -0.053120 0.050540 -1.030635
v -0.003419 0.129897 -0.889784
v -0.009348 0.109558 -0.922885
v -0.025507 0.110943 -0.924182
v -0.021881 0.130387 -0.890278
v 0.279349 0.048710 0.243055
v 0.302488 0.068147 0.182941
v 0.278550 0.094594 0.185603
v 0.270341 0.080295 0.253084
v 0.317880 0.079527 0.123926
v 0.327515 0.085495 0.069434
v 0.294028 0.114663 0.068425
v 0.290558 0.109822 0.126114
v 0.315955 0.021516 0.240434
v 0.342954 0.049908 0.178720
v 0.328404 0.052477 0.177747
v 0.302467 0.026523 0.239214
v 0.150327 0.202802 -0.287182
v 0.153763 0.190248 -0.361130
v 0.132379 0.215612 -0.366915
v 0.128681 0.226977 -0.292881
v 0.160091 0.178837 -0.435066
v 0.164113 0.164500 -0.509308
v 0.135894 0.182572 -0.512507
v 0.135920 0.201252 -0.440106
v 0.194838 0.156994 -0.275261
v 0.196719 0.142053 -0.349212
v 0.174647 0.165260 -0.355165
v 0.172554 0.179675 -0.281251
v 0.123124 0.022594 -0.854797
v 0.122986 0.012158 -0.891224
v 0.094882 0.025240 -0.893781
v 0.098681 0.041319 -0.859557
v 0.127612 0.007500 -1.004284
v 0.130669 0.007500 -1.079908
v 0.099034 0.007500 -1.080900
v 0.096202 0.007500 -1.005270
v 0.182839 0.007500 -0.851075
v 0.185012 0.007500 -0.888726
v 0.153842 0.007500 -0.890070
v 0.151654 0.009758 -0.852356
v 0.324147 0.029432 -0.240769
v 0.326312 0.009951 -0.313442
v 0.297649 0.022652 -0.317019
v 0.299958 0.045648 -0.245215
v 0.334184 0.007500 -0.388788
v 0.342054 0.007500 -0.463979
v 0.310915 0.007500 -0.467001
v 0.303021 0.010538 -0.391761
v 0.359699 0.018532 -0.236840
v 0.388768 0.007500 -0.307455
v 0.357502 0.007541 -0.310588
v 0.348986 0.018897 -0.237260
v -0.284523 0.145144 0.862399
v -0.269129 0.155182 0.805471
v -0.284862 0.132190 0.810230
v -0.308991 0.129600 0.867441
v -0.244181 0.151545 0.743311
v -0.228060 0.142511 0.671489
v -0.243801 0.118983 0.675062
v -0.254799 0.129970 0.750194
v -0.229757 0.175563 0.858719
v -0.226476 0.197393 0.799038
v -0.245096 0.178714 0.802247
v -0.254969 0.160024 0.860746
v -0.217820 0.073298 0.303541
v -0.218799 0.070731 0.229100
v -0.239472 0.047432 0.230864
v -0.235633 0.049177 0.305668
v -0.236811 0.085144 0.157262
v -0.256325 0.101522 0.084775
v -0.273914 0.074341 0.085411
v -0.259744 0.064399 0.159560
v -0.179434 0.117545 0.302835
v -0.179775 0.118631 0.227042
v -0.195548 0.091676 0.227266
v -0.198498 0.095546 0.302759
v -0.041176 0.187273 0.850386
v -0.042199 0.211646 0.796588
v -0.075566 0.212667 0.796171
v -0.073674 0.183236 0.850260
v -0.042243 0.216473 0.736413
v -0.041151 0.205425 0.670447
v -0.073759 0.202993 0.670374
v -0.076000 0.215752 0.735787
v 0.024761 0.199884 0.856385
v 0.024535 0.238366 0.803466
v -0.007642 0.225919 0.800600
v -0.007278 0.191951 0.852155
v -0.261981 0.089878 -0.293765
v -0.259467 0.084310 -0.368648
v -0.277531 0.057329 -0.366887
v -0.277516 0.061410 -0.291947
v -0.267756 0.085773 -0.443208
v -0.269393 0.081175 -0.518221
v -0.292182 0.059109 -0.516416
v -0.287046 0.060328 -0.441316
v -0.216032 0.136249 -0.297304
v -0.222813 0.138168 -0.372327
v -0.242980 0.112503 -0.370429
v -0.238912 0.112948 -0.295434
v -0.213944 0.007500 -0.878648
v -0.210850 0.007500 -0.916154
v -0.242384 0.007500 -0.918994
v -0.245516 0.007500 -0.881540
v -0.201456 0.007500 -1.028944
v -0.196437 0.007500 -1.088256
v -0.227906 0.007500 -1.088912
v -0.232837 0.007500 -1.031738
v -0.151158 0.008301 -0.872538
v -0.148004 0.007500 -0.910319
v -0.179371 0.007500 -0.913257
v -0.182477 0.007500 -0.875644
v -0.076014 0.271983 -0.305141
v -0.077104 0.271239 -0.381152
v -0.107390 0.255535 -0.380383
v -0.103514 0.253519 -0.304227
v -0.071311 0.252016 -0.454489
v -0.064280 0.233948 -0.528554
v -0.092096 0.218061 -0.527059
v -0.103757 0.243932 -0.455893
v -0.015270 0.283260 -0.305177
v -0.012523 0.289258 -0.381484
v -0.044925 0.278754 -0.381201
v -0.046432 0.281877 -0.305489
v 0.185949 0.161718 0.871684
v 0.181832 0.171523 0.797848
v 0.175767 0.206382 0.802254
v 0.173095 0.192136 0.875746
v 0.160911 0.175780 0.726482
v 0.168356 0.183678 0.652542
v 0.166566 0.215806 0.656488
v 0.160432 0.209168 0.730007
v 0.196418 0.097334 0.863904
v 0.189268 0.105378 0.789501
v 0.185684 0.137944 0.793578
v 0.192576 0.129522 0.867730
v 0.178419 0.194250 0.285611
v 0.176854 0.213769 0.213621
v 0.150409 0.210757 0.212979
v 0.153408 0.193092 0.286534
v 0.178802 0.240195 0.143031
v 0.178248 0.265137 0.072301
v 0.146601 0.263028 0.071421
v 0.148628 0.235015 0.141395
v 0.212985 0.181861 0.281213
v 0.215932 0.200662 0.210436
v 0.200202 0.210008 0.212520
v 0.198865 0.190111 0.283838
v 0.316975 0.007500 0.839621
v 0.306299 0.007500 0.764726
v 0.275308 0.007500 0.768758
v 0.285994 0.007500 0.843814
v 0.296094 0.007500 0.689781
v 0.286713 0.007500 0.614689
v 0.255694 0.007500 0.618283
v 0.265019 0.007500 0.693621
v 0.379250 0.007500 0.831046
v 0.368693 0.007500 0.756451
v 0.337422 0.007500 0.760650
v 0.348072 0.007500 0.835392
v 0.232903 0.036603 -0.551811
v 0.231277 0.016912 -0.624238
v 0.205036 0.034707 -0.627677
v 0.212480 0.060268 -0.557485
v 0.235847 0.007500 -0.698828
v 0.238469 0.007500 -0.735957
v 0.206869 0.010354 -0.737470
v 0.205476 0.016804 -0.700777
v 0.286918 0.007500 -0.544911
v 0.293252 0.007500 -0.619786
v 0.261635 0.007500 -0.622062
v 0.256118 0.014961 -0.547372
v 0.245587 0.007500 -0.848027
v 0.247774 0.007500 -0.885608
v 0.216342 0.007500 -0.887247
v 0.214140 0.007500 -0.849621
v 0.253802 0.007500 -0.998690
v 0.257527 0.007500 -1.074296
v 0.225868 0.007500 -1.075865
v 0.222261 0.007500 -1.000271
v 0.308615 0.007500 -0.844530
v 0.310734 0.007500 -0.882174
v 0.279254 0.007500 -0.883906
v 0.277092 0.007500 -0.846296
v 0.349385 0.007500 -0.539308
v 0.355947 0.007500 -0.614681
v 0.324687 0.007500 -0.617284
v 0.318190 0.007500 -0.542080
v 0.361879 0.007500 -0.690112
v 0.364598 0.007500 -0.727759
v 0.333204 0.007500 -0.729998
v 0.330528 0.007500 -0.692541
v 0.411645 0.007500 -0.533700
v 0.418268 0.007504 -0.609462
v 0.387140 0.007473 -0.612069
v 0.380527 0.007509 -0.536523
v -0.163492 0.179287 0.601948
v -0.160744 0.166476 0.530044
v -0.181370 0.152832 0.528506
v -0.189153 0.174645 0.599094
v -0.157548 0.163405 0.454538
v -0.158247 0.166554 0.379049
v -0.171653 0.142833 0.379024
v -0.175069 0.144235 0.454427
v -0.100892 0.188204 0.601701
v -0.104265 0.177307 0.527858
v -0.133901 0.174700 0.529194
v -0.135548 0.195976 0.598726
v -0.160587 0.171617 0.303680
v -0.168137 0.179499 0.228393
v -0.173989 0.149441 0.227770
v -0.171441 0.145395 0.303332
v -0.172961 0.184978 0.153026
v -0.174684 0.188743 0.077264
v -0.180768 0.157297 0.077357
v -0.176775 0.153436 0.152410
v -0.117740 0.211940 0.304256
v -0.122440 0.221011 0.228775
v -0.148043 0.202683 0.228731
v -0.143932 0.194894 0.303988
v -0.040696 0.186953 0.600139
v -0.043169 0.176867 0.525046
v -0.073473 0.173639 0.526693
v -0.070887 0.183099 0.602378
v -0.047851 0.178957 0.448965
v -0.052718 0.185498 0.373152
v -0.083167 0.188548 0.375197
v -0.078156 0.178181 0.450561
v 0.021685 0.201005 0.596144
v 0.017943 0.183130 0.521699
v -0.012603 0.179705 0.523190
v -0.009505 0.194331 0.597741
v -0.164188 0.147485 -0.597951
v -0.141505 0.111370 -0.661792
v -0.166444 0.093101 -0.661181
v -0.185414 0.123840 -0.594262
v -0.121283 0.078540 -0.727546
v -0.113167 0.064615 -0.762092
v -0.136943 0.044208 -0.760348
v -0.145897 0.059302 -0.726309
v -0.108820 0.178978 -0.597299
v -0.093772 0.151598 -0.666414
v -0.116648 0.130038 -0.662957
v -0.135219 0.160963 -0.595989
v -0.093093 0.029430 -0.868755
v -0.087290 0.020002 -0.905159
v -0.116775 0.009387 -0.907320
v -0.120584 0.014559 -0.869763
v -0.076315 0.007385 -1.018506
v -0.073590 0.008408 -1.067216
v -0.103113 0.007525 -1.079005
v -0.107441 0.007500 -1.020806
v -0.051704 0.075664 -0.873820
v -0.048757 0.064123 -0.910381
v -0.061138 0.037328 -0.904730
v -0.070626 0.051246 -0.870377
v -0.056226 0.215984 -0.602368
v -0.048287 0.196746 -0.675255
v -0.073458 0.175828 -0.670208
v -0.082536 0.197558 -0.599621
v -0.048584 0.181704 -0.746253
v -0.045325 0.167674 -0.783760
v -0.067863 0.146741 -0.780471
v -0.068287 0.157519 -0.735800
v 0.000355 0.242265 -0.605160
v 0.005073 0.227280 -0.678221
v -0.022976 0.215972 -0.677554
v -0.029257 0.233039 -0.605024
v 0.184641 0.070883 0.556886
v 0.202906 0.090012 0.485067
v 0.202417 0.116797 0.492261
v 0.183381 0.101780 0.563496
v 0.215282 0.109376 0.413349
v 0.226490 0.131506 0.342520
v 0.223460 0.153013 0.349506
v 0.214004 0.133776 0.420535
v 0.219214 0.020559 0.546111
v 0.220218 0.035694 0.471092
v 0.209443 0.062927 0.478072
v 0.198434 0.043320 0.551110
v 0.230797 0.150370 0.271088
v 0.237138 0.171468 0.200597
v 0.229803 0.188224 0.207118
v 0.222347 0.168279 0.276772
v 0.258955 0.197269 0.136768
v 0.269352 0.209127 0.074489
v 0.252265 0.232109 0.074485
v 0.238224 0.208801 0.138038
v 0.252502 0.103097 0.258175
v 0.263967 0.127697 0.190588
v 0.253673 0.151724 0.197200
v 0.237332 0.128386 0.263696
v 0.278458 0.007500 0.539427
v 0.272327 0.009787 0.464006
v 0.241636 0.014090 0.466450
v 0.247377 0.007500 0.542551
v 0.270686 0.020316 0.389421
v 0.279047 0.039313 0.318447
v 0.258201 0.057325 0.322073
v 0.243244 0.030323 0.391430
v 0.341261 0.007501 0.533229
v 0.308877 0.009821 0.461277
v 0.298530 0.009615 0.461967
v 0.309702 0.007510 0.536348
v 0.048433 0.276966 -0.001313
v 0.046621 0.292046 -0.075762
v 0.014505 0.290668 -0.075942
v 0.016771 0.278454 -0.000656
v 0.045906 0.291334 -0.151724
v 0.045511 0.282672 -0.227462
v 0.015185 0.288928 -0.228914
v 0.014006 0.292630 -0.152322
v 0.112770 0.281262 -0.001119
v 0.111792 0.289237 -0.075822
v 0.079024 0.290271 -0.075789
v 0.080489 0.277942 -0.001531
v 0.050309 0.285160 -0.303588
v 0.054600 0.275268 -0.378387
v 0.022478 0.287165 -0.380463
v 0.018743 0.283110 -0.304509
v 0.056393 0.257546 -0.451455
v 0.054949 0.233751 -0.523838
v 0.025598 0.244094 -0.526584
v 0.024043 0.262964 -0.452311
v 0.103990 0.248756 -0.297492
v 0.108709 0.238924 -0.371698
v 0.084783 0.263724 -0.376048
v 0.078791 0.270711 -0.301338
v 0.178278 0.283473 -0.000661
v 0.176225 0.275992 -0.075450
v 0.144433 0.284717 -0.075879
v 0.145374 0.283502 -0.000774
v 0.167730 0.251679 -0.146214
v 0.155742 0.223185 -0.214916
v 0.131087 0.243368 -0.219692
v 0.139396 0.267092 -0.148796
v 0.233798 0.253541 0.002883
v 0.230073 0.240868 -0.069031
v 0.205302 0.261072 -0.073285
v 0.210588 0.277522 -0.000386
v 0.055265 0.215255 -0.598056
v 0.055156 0.196849 -0.671918
v 0.034193 0.220672 -0.677670
v 0.028972 0.231664 -0.602525
v 0.055969 0.178346 -0.732499
v 0.057969 0.163964 -0.781279
v 0.036661 0.183839 -0.787756
v 0.034624 0.199472 -0.738012
v 0.101530 0.173239 -0.586405
v 0.095369 0.147523 -0.657414
v 0.075929 0.172618 -0.665016
v 0.078199 0.194277 -0.592305
v 0.034481 0.103313 -0.878124
v 0.025904 0.082218 -0.910027
v 0.008299 0.100102 -0.918026
v 0.016462 0.121801 -0.886370
v 0.009270 0.027463 -1.024571
v 0.005403 0.007500 -1.082836
v -0.018527 0.022858 -1.064970
v -0.011586 0.042346 -1.033488
v 0.080408 0.064900 -0.867749
v 0.072997 0.046149 -0.900249
v 0.047379 0.062706 -0.903579
v 0.057458 0.084421 -0.873157
v 0.147173 0.129258 -0.574393
v 0.135928 0.099220 -0.643094
v 0.115155 0.122907 -0.649938
v 0.124596 0.151517 -0.580417
v 0.129789 0.072921 -0.713720
v 0.128112 0.060854 -0.749087
v 0.108262 0.085054 -0.756073
v 0.110035 0.097451 -0.720883
v 0.191743 0.084165 -0.563232
v 0.180911 0.055101 -0.632028
v 0.158048 0.076802 -0.637203
v 0.170319 0.107512 -0.569133
v 0.263912 0.198372 0.008071
v 0.262496 0.186958 -0.058277
v 0.253589 0.220563 -0.064680
v 0.252857 0.229757 0.006314
v 0.258192 0.166860 -0.126888
v 0.251797 0.142581 -0.195760
v 0.228756 0.163053 -0.200452
v 0.240632 0.191692 -0.132351
v 0.281835 0.141115 0.012416
v 0.281223 0.132312 -0.047102
v 0.270975 0.158505 -0.052850
v 0.273149 0.169099 0.010481
v 0.245453 0.118465 -0.265726
v 0.242988 0.098390 -0.337442
v 0.220944 0.121030 -0.343501
v 0.220057 0.137493 -0.270270
v 0.242772 0.080192 -0.409835
v 0.239363 0.059620 -0.481320
v 0.220994 0.085257 -0.487977
v 0.224292 0.105953 -0.416721
v 0.279243 0.067341 -0.250806
v 0.275253 0.044449 -0.322736
v 0.260533 0.072354 -0.330460
v 0.265805 0.095035 -0.259465
v 0.328763 0.086818 0.016876
v 0.331229 0.082782 -0.039862
v 0.300946 0.104416 -0.043517
v 0.295841 0.113062 0.013919
v 0.329038 0.069605 -0.102548
v 0.325185 0.049688 -0.170008
v 0.301980 0.068365 -0.174422
v 0.303606 0.089350 -0.106872
v 0.396495 0.072121 0.020318
v 0.375642 0.073030 -0.035609
v 0.364583 0.075532 -0.035593
v 0.374269 0.070759 0.019588
v -0.370396 0.007500 1.131228
v -0.385655 0.028785 1.060244
v -0.415942 0.026049 1.065637
v -0.401163 0.007500 1.137539
v -0.399919 0.073086 1.000466
v -0.409896 0.105520 0.933074
v -0.435049 0.086180 0.928460
v -0.429263 0.062077 1.000108
v -0.309501 0.007500 1.117389
v -0.325825 0.031867 1.047490
v -0.355650 0.030438 1.054008
v -0.339844 0.007500 1.124501
v -0.380780 0.094160 0.868394
v -0.339365 0.079006 0.813986
v -0.352606 0.056033 0.815039
v -0.406547 0.077462 0.861506
v -0.304183 0.062654 0.755896
v -0.279640 0.043899 0.690644
v -0.295446 0.018178 0.695183
v -0.317396 0.038806 0.759217
v -0.331052 0.115586 0.870981
v -0.299485 0.114809 0.814255
v -0.319131 0.097624 0.815028
v -0.355153 0.105341 0.871392
v -0.249399 0.007500 1.102154
v -0.266830 0.031527 1.032265
v -0.296245 0.031858 1.040040
v -0.279354 0.007500 1.109916
v -0.279160 0.083127 0.977943
v -0.283693 0.119704 0.921711
v -0.311051 0.110511 0.926488
v -0.308647 0.084654 0.986994
v -0.189997 0.007500 1.086032
v -0.207962 0.031789 1.017131
v -0.237711 0.030214 1.023907
v -0.219625 0.007500 1.094189
v -0.282452 0.030961 0.616191
v -0.289762 0.022269 0.541292
v -0.315283 0.008086 0.545452
v -0.304878 0.010987 0.620580
v -0.295378 0.012181 0.466367
v -0.302573 0.007689 0.390902
v -0.333489 0.007500 0.394480
v -0.324663 0.007500 0.470032
v -0.259093 0.083049 0.605176
v -0.259479 0.067004 0.531230
v -0.270659 0.042138 0.536629
v -0.266491 0.055683 0.611080
v -0.310893 0.007520 0.315399
v -0.319322 0.007500 0.239964
v -0.350396 0.007500 0.243240
v -0.342032 0.007500 0.318844
v -0.327062 0.007500 0.164588
v -0.333226 0.007500 0.089169
v -0.364286 0.007500 0.091802
v -0.358025 0.007500 0.167553
v -0.259133 0.031300 0.308573
v -0.262715 0.026899 0.233502
v -0.288285 0.009121 0.236399
v -0.283106 0.015571 0.311917
v -0.232231 0.129040 0.597197
v -0.243647 0.119491 0.522034
v -0.253809 0.095066 0.525766
v -0.246033 0.106495 0.600650
v -0.234405 0.099910 0.449661
v -0.223721 0.083045 0.377001
v -0.239794 0.060320 0.379542
v -0.246901 0.076270 0.452786
v -0.209989 0.165230 0.596746
v -0.205494 0.146089 0.524599
v -0.226039 0.136731 0.521721
v -0.223232 0.149364 0.596068
v -0.133793 0.023785 1.068245
v -0.148462 0.037423 1.004190
v -0.177082 0.036637 1.012141
v -0.160409 0.014791 1.077893
v -0.161178 0.071979 0.942257
v -0.167861 0.131863 0.897127
v -0.198673 0.134224 0.904094
v -0.190086 0.077661 0.953372
v -0.089083 0.029076 1.047212
v -0.093451 0.033905 0.991779
v -0.120770 0.034876 0.996811
v -0.110247 0.026808 1.056714
v -0.174127 0.195808 0.856746
v -0.174118 0.228083 0.799401
v -0.203910 0.215743 0.797982
v -0.205420 0.190506 0.856162
v -0.173977 0.254286 0.732670
v -0.169357 0.215989 0.665669
v -0.195721 0.203066 0.666799
v -0.201779 0.222011 0.733187
v -0.106236 0.184770 0.850301
v -0.103887 0.233546 0.802002
v -0.137239 0.233799 0.802415
v -0.140918 0.196166 0.855716
v -0.043917 0.030002 1.047570
v -0.037811 0.038037 0.994743
v -0.065742 0.034072 0.991433
v -0.066997 0.029075 1.044437
v -0.034304 0.073013 0.931520
v -0.038080 0.136618 0.894111
v -0.070561 0.131416 0.891692
v -0.066470 0.069734 0.929034
v 0.000668 0.035343 1.065608
v 0.015299 0.050669 1.008785
v -0.011028 0.044032 1.000866
v -0.021063 0.033399 1.054521
v -0.337997 0.007500 0.013806
v -0.342032 0.007500 -0.061517
v -0.373468 0.007500 -0.059559
v -0.369271 0.007500 0.016072
v -0.345892 0.007500 -0.136849
v -0.349471 0.007500 -0.212187
v -0.380998 0.007500 -0.210603
v -0.377328 0.007500 -0.135099
v -0.290404 0.045279 0.010595
v -0.291946 0.043124 -0.064799
v -0.312511 0.018894 -0.063365
v -0.308883 0.019481 0.011748
v -0.352986 0.007500 -0.287425
v -0.356405 0.007500 -0.362556
v -0.388028 0.007500 -0.361596
v -0.384589 0.007500 -0.286079
v -0.359589 0.007500 -0.437660
v -0.361313 0.007500 -0.513058
v -0.392232 0.007500 -0.513237
v -0.390899 0.007500 -0.437294
v -0.296926 0.035646 -0.290288
v -0.298953 0.033019 -0.365210
v -0.325039 0.013960 -0.363668
v -0.322240 0.015899 -0.288811
v -0.257692 0.098742 0.007920
v -0.254647 0.092902 -0.067827
v -0.277115 0.070960 -0.066186
v -0.276584 0.073784 0.009623
v -0.257017 0.092272 -0.143356
v -0.259744 0.091747 -0.218603
v -0.279668 0.066546 -0.216978
v -0.280572 0.070648 -0.141670
v -0.207545 0.137281 0.003757
v -0.209174 0.137302 -0.071494
v -0.232038 0.114931 -0.069656
v -0.233667 0.119002 0.005966
v -0.360105 0.007500 -0.588521
v -0.356560 0.007500 -0.663954
v -0.387766 0.007500 -0.665254
v -0.391101 0.007500 -0.589310
v -0.351778 0.007500 -0.739292
v -0.349143 0.007500 -0.776809
v -0.380496 0.007500 -0.778882
v -0.383111 0.007500 -0.741021
v -0.299104 0.016037 -0.585641
v -0.293655 0.007500 -0.660119
v -0.325107 0.007500 -0.662348
v -0.329053 0.007500 -0.587650
v -0.340053 0.007500 -0.889547
v -0.336821 0.007500 -0.927157
v -0.368151 0.007500 -0.929815
v -0.371396 0.007500 -0.892119
v -0.326902 0.007500 -1.040120
v -0.321951 0.007500 -1.095889
v -0.353351 0.007500 -1.097381
v -0.358189 0.007500 -1.042901
v -0.277093 0.007500 -0.884299
v -0.273913 0.007500 -0.921768
v -0.305402 0.007500 -0.924485
v -0.308619 0.007500 -0.886955
v -0.250789 0.055068 -0.586390
v -0.236563 0.031569 -0.656718
v -0.263621 0.016131 -0.657706
v -0.274206 0.034462 -0.585260
v -0.226904 0.012750 -0.729424
v -0.223273 0.007500 -0.766551
v -0.254653 0.007500 -0.769660
v -0.257584 0.007500 -0.732437
v -0.208002 0.101509 -0.591839
v -0.191193 0.074266 -0.660484
v -0.214367 0.053384 -0.658734
v -0.229251 0.077992 -0.588957
v -0.168879 0.186996 0.001503
v -0.167563 0.186504 -0.074129
v -0.186539 0.160291 -0.073064
v -0.184470 0.159351 0.002191
v -0.168070 0.186253 -0.149659
v -0.170190 0.186513 -0.225131
v -0.190676 0.160678 -0.223696
v -0.187883 0.160198 -0.148388
v -0.129035 0.235210 0.000882
v -0.133211 0.241676 -0.075106
v -0.151151 0.214421 -0.074835
v -0.152323 0.213763 0.001076
v -0.174155 0.186897 -0.300518
v -0.177944 0.185651 -0.376006
v -0.199738 0.161344 -0.374427
v -0.194510 0.160936 -0.298995
v -0.184793 0.186715 -0.452095
v -0.176554 0.170277 -0.526041
v -0.201335 0.149382 -0.524470
v -0.206414 0.161839 -0.449751
v -0.135241 0.241229 -0.303364
v -0.134983 0.236450 -0.379390
v -0.156638 0.210916 -0.377548
v -0.154118 0.213494 -0.301980
v -0.078157 0.275150 0.001960
v -0.075749 0.272125 -0.075380
v -0.104545 0.257556 -0.075231
v -0.103535 0.254514 0.000732
v -0.078856 0.278262 -0.151977
v -0.073626 0.268138 -0.228726
v -0.105841 0.259594 -0.228229
v -0.104445 0.258464 -0.151782
v -0.014858 0.278523 -0.000088
v -0.017466 0.288344 -0.075814
v -0.049502 0.291026 -0.074923
v -0.046537 0.280376 0.001572
v 0.046724 0.033954 1.093815
v 0.068640 0.060041 1.029766
v 0.041203 0.056486 1.018485
v 0.022595 0.035440 1.079552
v 0.081244 0.104482 0.970691
v 0.083985 0.160996 0.919533
v 0.055933 0.153303 0.909536
v 0.056068 0.092925 0.956088
v 0.103933 0.036370 1.118855
v 0.115539 0.083684 1.060748
v 0.095893 0.067656 1.043027
v 0.074528 0.033681 1.106664
v 0.087624 0.220029 0.870117
v 0.091583 0.260501 0.809849
v 0.057758 0.260525 0.809383
v 0.056630 0.211410 0.863089
v 0.090434 0.264972 0.736193
v 0.086226 0.238319 0.663586
v 0.055471 0.232385 0.666411
v 0.057734 0.258970 0.737594
v 0.148920 0.214192 0.878071
v 0.158419 0.238577 0.806884
v 0.127136 0.257599 0.810190
v 0.117978 0.220394 0.874414
v 0.144661 0.068905 1.153428
v 0.161755 0.097135 1.084964
v 0.135805 0.096592 1.076435
v 0.125089 0.051975 1.135906
v 0.174132 0.125430 1.016763
v 0.184665 0.148410 0.945828
v 0.162617 0.168594 0.947027
v 0.149318 0.133993 1.012662
v 0.201873 0.056183 1.163405
v 0.208402 0.069070 1.088475
v 0.188248 0.090742 1.090115
v 0.174373 0.070380 1.162462
v 0.082346 0.213100 0.591086
v 0.078079 0.190733 0.518079
v 0.047625 0.188512 0.520155
v 0.051977 0.208221 0.593913
v 0.072657 0.181681 0.442741
v 0.067980 0.192305 0.367680
v 0.037721 0.188838 0.368683
v 0.042953 0.174754 0.444320
v 0.141110 0.223673 0.582620
v 0.137911 0.202458 0.510339
v 0.108604 0.193920 0.515386
v 0.111678 0.221846 0.586239
v 0.063302 0.212121 0.294590
v 0.059006 0.231803 0.221519
v 0.028008 0.228353 0.222137
v 0.032276 0.209116 0.295582
v 0.054823 0.249055 0.147738
v 0.051187 0.265430 0.073720
v 0.019766 0.269698 0.075288
v 0.023837 0.248562 0.148768
v 0.125074 0.203604 0.289864
v 0.121139 0.222030 0.216837
v 0.090739 0.231033 0.220074
v 0.094683 0.211788 0.293016
v 0.185428 0.189847 0.580709
v 0.186914 0.186904 0.506330
v 0.166548 0.201806 0.507456
v 0.164720 0.208797 0.581580
v 0.189070 0.184530 0.432434
v 0.182378 0.183222 0.358920
v 0.156928 0.178288 0.360398
v 0.163619 0.181309 0.435609
v 0.189855 0.131564 0.571178
v 0.203089 0.142916 0.498820
v 0.198140 0.166853 0.503437
v 0.195594 0.161668 0.578461
v 0.236657 0.007500 1.156291
v 0.233286 0.020338 1.080941
v 0.215936 0.040622 1.084619
v 0.214073 0.028072 1.159144
v 0.227516 0.027626 1.005977
v 0.219963 0.033588 0.931059
v 0.206375 0.057700 0.934885
v 0.212569 0.049665 1.009725
v 0.298159 0.007500 1.148151
v 0.287739 0.007500 1.073036
v 0.257604 0.008889 1.077168
v 0.267259 0.007500 1.152345
v 0.211418 0.039118 0.856201
v 0.203550 0.046342 0.781405
v 0.192140 0.073545 0.785709
v 0.199934 0.065785 0.860149
v 0.194737 0.052981 0.706608
v 0.189159 0.061295 0.631849
v 0.172516 0.088108 0.637113
v 0.180754 0.080279 0.711588
v 0.255861 0.009188 0.847985
v 0.244727 0.008141 0.772898
v 0.220965 0.023814 0.777057
v 0.230997 0.020525 0.852102
v 0.360141 0.007500 1.139461
v 0.349542 0.007500 1.064427
v 0.318601 0.007500 1.068760
v 0.329134 0.007500 1.143835
v 0.338772 0.007500 0.989430
v 0.327875 0.007500 0.914505
v 0.296888 0.007500 0.918777
v 0.307820 0.007500 0.993739
v 0.422204 0.007500 1.130674
v 0.411579 0.007500 1.055652
v 0.380545 0.007500 1.060053
v 0.391168 0.007500 1.135069
v 0.406951 0.007500 -0.914702
v 0.408954 0.007500 -0.952522
v 0.377610 0.007500 -0.954215
v 0.375610 0.007500 -0.916422
v 0.438252 0.007500 -0.913005
v 0.440262 0.007500 -0.950849
v -0.029465 0.090558 -0.960502
v -0.034281 0.073230 -0.999593
v -0.046155 0.070991 -1.000096
v -0.040100 0.084086 -0.959170
v -0.041296 0.055742 -1.051567
v -0.015561 0.090475 -0.958135
v -0.021602 0.071362 -0.997606
v 0.155702 0.007500 -0.927759
v 0.157445 0.007500 -0.965443
v 0.126082 0.007500 -0.966584
v 0.124469 0.007500 -0.928833
v 0.187028 0.007500 -0.926425
v 0.188899 0.007500 -0.964092
v -0.176276 0.007500 -0.950883
v -0.173185 0.007500 -0.988514
v -0.204618 0.007500 -0.991309
v -0.207742 0.007500 -0.953710
v -0.144857 0.007500 -0.948037
v -0.141766 0.007500 -0.985733
v 0.281342 0.007500 -0.921586
v 0.283349 0.007500 -0.959313
v 0.251880 0.007500 -0.960971
v 0.249879 0.007500 -0.923264
v 0.312790 0.007500 -0.919880
v 0.314804 0.007500 -0.957620
v -0.055436 0.026531 -0.941224
v -0.054444 0.020393 -0.979573
v -0.079074 0.007752 -0.980213
v -0.082674 0.012760 -0.942350
v -0.046705 0.012214 -1.017615
v -0.058078 0.016901 -1.044097
v -0.051512 0.053712 -0.947144
v -0.053526 0.042438 -0.987666
v -0.054444 0.020393 -0.979573
v -0.055436 0.026531 -0.941224
v 0.040705 0.043812 -0.936576
v 0.037091 0.028681 -0.972601
v 0.014320 0.045716 -0.980524
v 0.019895 0.063507 -0.944031
v 0.066325 0.027440 -0.932652
v 0.064431 0.015311 -0.968494
v -0.302151 0.007500 -0.962061
v -0.298879 0.007500 -0.999680
v -0.330233 0.007500 -1.002445
v -0.333540 0.007500 -0.964789
v -0.270709 0.007500 -0.959305
v -0.267478 0.007500 -0.996900
v 0.335654 0.007500 -0.767510
v 0.337930 0.007500 -0.805087
v 0.306421 0.007500 -0.806975
v 0.304129 0.007500 -0.769521
v 0.367071 0.007500 -0.765440
v 0.369358 0.007500 -0.803146
v 0.344225 0.007500 -0.918148
v 0.346229 0.007500 -0.955913
v 0.398385 0.007500 -0.763354
v 0.400692 0.007500 -0.801200
v 0.429605 0.007500 -0.761304
v 0.431942 0.007500 -0.799283
v -0.067062 0.136538 -0.817281
v -0.049019 0.117342 -0.846200
v -0.066634 0.092094 -0.842245
v -0.075841 0.106195 -0.808707
v -0.041729 0.152628 -0.819105
v -0.037903 0.136014 -0.853061
v -0.048761 0.074051 -0.953872
v -0.051259 0.059517 -0.995336
v -0.020347 0.168598 -0.823228
v -0.020433 0.150428 -0.857122
v 0.005580 0.172394 -0.824504
v 0.001747 0.151653 -0.857524
v 0.107218 0.072656 -0.791379
v 0.103719 0.057929 -0.825905
v 0.085806 0.082077 -0.833841
v 0.089467 0.097750 -0.799301
v 0.126701 0.048603 -0.784428
v 0.125766 0.036589 -0.819954
v 0.093702 0.012675 -0.929818
v 0.094781 0.007500 -0.967459
v 0.150353 0.028358 -0.779315
v 0.150421 0.017822 -0.815387
v 0.178764 0.015149 -0.776450
v 0.180462 0.008846 -0.813486
v -0.251673 0.007500 -0.806870
v -0.248621 0.007500 -0.844172
v -0.280211 0.007500 -0.846899
v -0.283238 0.007500 -0.809579
v -0.220200 0.007500 -0.803900
v -0.217047 0.007500 -0.841226
v -0.239232 0.007500 -0.956523
v -0.236061 0.007500 -0.994109
v -0.188938 0.010577 -0.800610
v -0.185576 0.007500 -0.838038
v -0.158962 0.019696 -0.797882
v -0.154671 0.012576 -0.834938
v 0.209339 0.007500 -0.774673
v 0.211859 0.007500 -0.812122
v 0.240894 0.007500 -0.773144
v 0.243293 0.007500 -0.810515
v 0.218426 0.007500 -0.924889
v 0.220397 0.007500 -0.962572
v 0.272511 0.007500 -0.771425
v 0.274837 0.007500 -0.808796
v -0.130452 0.032352 -0.796123
v -0.125230 0.022634 -0.832733
v -0.106553 0.052370 -0.797480
v -0.100150 0.040955 -0.833175
v -0.113508 0.007500 -0.945164
v -0.110377 0.007500 -0.982983
v -0.091673 0.079460 -0.803081
v -0.082086 0.066035 -0.837183
v 0.035257 0.168972 -0.825034
v 0.025583 0.144879 -0.855521
v 0.058546 0.149495 -0.818437
v 0.048311 0.127611 -0.850047
v 0.001446 0.081107 -0.952012
v -0.004742 0.062147 -0.989772
v 0.072456 0.123131 -0.807891
v 0.067025 0.105285 -0.841705
v -0.385116 0.007500 1.211597
v -0.431801 0.007500 1.143716
v -0.415843 0.007500 1.218047
v -0.446416 0.022680 1.070139
v -0.354136 0.007500 1.205129
v -0.456229 0.046399 0.997616
v -0.456359 0.063230 0.923368
v -0.323060 0.007500 1.198316
v -0.292062 0.007500 1.191089
v -0.427144 0.053203 0.854164
v -0.365563 0.030811 0.815638
v -0.314810 0.017981 0.767385
v -0.323423 0.007500 0.699573
v -0.261241 0.007500 1.183516
v -0.231816 0.007501 1.171117
v -0.208226 0.007569 1.137627
v -0.180510 0.008807 1.121313
v -0.335249 0.007500 0.624818
v -0.323423 0.007500 0.699573
v -0.345999 0.007500 0.549449
v -0.355576 0.007500 0.473762
v -0.364439 0.007500 0.398020
v -0.373004 0.007500 0.322281
v -0.381338 0.007500 0.246440
v -0.388943 0.007500 0.170412
v -0.395282 0.007500 0.094265
v -0.155172 0.013047 1.099703
v -0.128808 0.018305 1.088600
v -0.106053 0.025324 1.082220
v -0.087517 0.026665 1.067065
v -0.067455 0.027509 1.067871
v -0.047373 0.025468 1.074236
v -0.027628 0.022313 1.097078
v -0.011696 0.030713 1.115681
v -0.400414 0.007500 0.018183
v -0.404742 0.007500 -0.057717
v -0.408679 0.007500 -0.133440
v -0.412382 0.007500 -0.209072
v -0.415973 0.007500 -0.284729
v -0.419314 0.007500 -0.360560
v -0.421989 0.007500 -0.436750
v -0.423114 0.007500 -0.513344
v -0.421990 0.007500 -0.590094
v -0.418791 0.007500 -0.666646
v -0.414246 0.007500 -0.742827
v -0.411679 0.007500 -0.780985
v -0.377617 0.007500 -0.816664
v -0.374566 0.007500 -0.854402
v -0.405804 0.007500 -0.856893
v -0.408836 0.007500 -0.818996
v -0.399409 0.007500 -0.932490
v -0.402644 0.007500 -0.894717
v -0.346266 0.007500 -0.814368
v -0.343216 0.007500 -0.851951
v -0.364854 0.007500 -0.967505
v -0.361534 0.007500 -1.005198
v -0.392786 0.007500 -1.007954
v -0.396113 0.007500 -0.970226
v -0.378010 0.007500 -1.104248
v -0.389447 0.007500 -1.045672
v -0.314791 0.007500 -0.812030
v -0.311763 0.007500 -0.849470
v 0.001220 0.014723 1.132773
v 0.021737 0.007548 1.159979
v 0.049753 0.007500 1.172122
v 0.078012 0.007500 1.184419
v 0.106299 0.011502 1.197216
v 0.128812 0.025962 1.213841
v 0.155959 0.035072 1.227374
v 0.186783 0.033231 1.234913
v 0.214841 0.017638 1.234454
v 0.245193 0.007500 1.231660
v 0.276818 0.007500 1.227544
v 0.308213 0.007500 1.223250
v 0.339467 0.007500 1.218900
v 0.370629 0.007500 1.214502
v 0.401724 0.007500 1.210099
v 0.432778 0.007500 1.205706
vn -0.0000 1.0000 -0.0000
vn -0.2518 0.9256 0.2828
vn -0.1750 0.9504 0.2570
vn -0.1348 0.9456 0.2960
vn -0.1331 0.9528 0.2729
vn 0.5273 0.7520 -0.3955
vn 0.5979 0.6977 -0.3947
vn 0.4344 0.8219 -0.3684
vn 0.0195 0.9377 -0.3468
vn -0.2803 0.9582 0.0573
vn -0.2354 0.9697 -0.0647
vn 0.0526 0.9985 0.0131
vn 0.0502 0.9839 0.1716
vn 0.7530 0.6467 -0.1214
vn 0.7678 0.5837 -0.2640
vn 0.7730 0.5762 -0.2656
vn 0.7613 0.6417 -0.0934
vn 0.0101 0.9999 -0.0031
vn -0.7754 0.6194 -0.1232
vn -0.7266 0.6464 -0.2330
vn -0.9138 0.3786 -0.1472
vn -0.8729 0.4537 -0.1792
vn -0.8214 0.5463 0.1639
vn -0.6977 0.7021 0.1425
vn -0.5281 0.8329 0.1655
vn -0.5952 0.7661 0.2426
vn -0.3908 0.9147 -0.1028
vn -0.3141 0.9099 -0.2711
vn -0.2994 0.9240 -0.2379
vn -0.3618 0.9291 -0.0762
vn -0.7532 0.6561 -0.0471
vn -0.7207 0.6429 -0.2595
vn -0.7146 0.6551 -0.2454
vn -0.7765 0.6299 -0.0164
vn -0.0415 0.9662 -0.2545
vn 0.0125 0.9847 -0.1738
vn -0.2934 0.9349 -0.1997
vn -0.2359 0.9409 -0.2428
vn 0.9747 0.1901 -0.1173
vn 0.9912 0.0346 0.1275
vn 0.9831 0.0210 0.1816
vn 0.9873 0.1115 -0.1129
vn 0.5609 0.7589 0.3308
vn 0.5904 0.7751 0.2249
vn 0.3457 0.8978 0.2727
vn 0.3315 0.8809 0.3378
vn 0.0383 0.9992 -0.0129
vn -0.0090 0.9940 0.1092
vn -0.0699 0.9810 0.1812
vn -0.5452 0.8281 0.1304
vn -0.3639 0.9285 0.0744
vn -0.4362 0.8944 0.0989
vn -0.5278 0.8459 0.0768
vn -0.6909 0.7223 0.0298
vn -0.6555 0.7509 0.0803
vn -0.0440 0.9990 0.0124
vn -0.0706 0.9771 0.2007
vn 0.0445 0.9879 0.1484
vn 0.0657 0.9975 0.0257
vn -0.8348 0.4948 -0.2414
vn -0.8945 0.4004 -0.1988
vn -0.8409 0.4671 -0.2732
vn -0.7626 0.5469 -0.3454
vn -0.9985 -0.0462 0.0301
vn -0.9953 -0.0538 0.0800
vn -0.9715 -0.1193 0.2049
vn -0.9855 -0.1501 0.0787
vn -0.0095 0.9487 -0.3159
vn -0.0045 0.9265 -0.3764
vn -0.3895 0.8506 -0.3532
vn -0.4195 0.8632 -0.2808
vn 0.8797 0.4089 0.2427
vn 0.8613 0.4167 0.2908
vn 0.9546 0.2188 0.2020
vn 0.9625 0.1847 0.1989
vn 0.9081 0.3736 0.1889
vn 0.9257 0.3756 0.0445
vn 0.9624 0.2667 0.0509
vn 0.9193 0.3270 0.2188
vn 0.1657 0.9814 0.0970
vn 0.3276 0.9414 0.0807
vn 0.4286 0.8965 0.1122
vn 0.2124 0.9684 0.1308
vn 0.2860 0.9375 -0.1984
vn 0.4753 0.8605 -0.1837
vn 0.3639 0.9259 -0.1015
vn 0.1967 0.9725 -0.1245
vn 0.6382 0.7442 -0.1971
vn 0.6045 0.7246 -0.3310
vn 0.5321 0.7913 -0.3011
vn 0.4700 0.8459 -0.2521
vn 0.6344 0.6565 -0.4081
vn 0.6388 0.6748 -0.3694
vn 0.6657 0.6596 -0.3489
vn 0.6006 0.6922 -0.4002
vn 0.8313 0.5170 -0.2040
vn 0.8445 0.4941 -0.2064
vn 0.8550 0.4837 -0.1869
vn 0.8284 0.5317 -0.1760
vn 0.1753 0.9800 -0.0939
vn 0.0794 0.9960 -0.0415
vn 0.1751 0.9729 -0.1508
vn 0.3305 0.9201 -0.2103
vn 0.5609 0.7914 -0.2431
vn 0.4546 0.8691 -0.1950
vn 0.6135 0.7514 -0.2429
vn 0.6576 0.7010 -0.2761
vn 0.8900 0.4469 -0.0907
vn 0.8805 0.4424 -0.1700
vn 0.8488 0.4861 -0.2080
vn 0.9061 0.4086 -0.1095
vn 0.6825 0.7209 -0.1207
vn 0.4432 0.8914 -0.0950
vn 0.7326 0.6600 -0.1668
vn 0.8390 0.5249 -0.1432
vn 0.3247 0.8998 -0.2914
vn 0.2816 0.9136 -0.2934
vn 0.3345 0.8974 -0.2877
vn 0.3167 0.9068 -0.2781
vn 0.0242 0.8591 0.5113
vn -0.1774 0.9551 0.2375
vn -0.1032 0.9813 0.1624
vn 0.0012 0.8642 0.5032
vn -0.7905 0.5148 -0.3317
vn -0.8916 0.4265 -0.1521
vn -0.8935 0.4032 -0.1978
vn -0.7621 0.5076 -0.4019
vn 0.1297 0.7299 0.6711
vn -0.0067 0.7390 0.6737
vn -0.1160 0.8044 0.5827
vn 0.1309 0.7455 0.6535
vn -0.8693 0.4825 -0.1072
vn -0.7423 0.6642 -0.0883
vn -0.5788 0.8146 -0.0369
vn -0.7219 0.6884 -0.0708
vn -0.7658 0.6098 0.2042
vn -0.8541 0.5102 0.1007
vn -0.6030 0.7947 0.0696
vn -0.5020 0.8578 0.1101
vn -0.5396 0.8179 -0.1995
vn -0.7450 0.6570 -0.1150
vn -0.6758 0.7162 -0.1740
vn -0.5872 0.7689 -0.2529
vn 0.0280 0.7284 0.6846
vn 0.0556 0.5530 0.8313
vn 0.1433 0.5420 0.8281
vn 0.1629 0.7404 0.6522
vn 0.3899 0.9156 -0.0986
vn 0.3478 0.9053 -0.2439
vn 0.1301 0.9249 -0.3572
vn 0.2268 0.9713 -0.0716
vn -0.3389 0.7151 0.6114
vn -0.2984 0.5794 0.7585
vn -0.2127 0.5806 0.7859
vn -0.2673 0.7100 0.6515
vn -0.8140 0.5808 0.0112
vn -0.7769 0.6293 -0.0193
vn -0.5118 0.8591 -0.0007
vn -0.5571 0.8303 0.0128
vn -0.7451 0.6639 0.0636
vn -0.7071 0.6990 -0.1072
vn -0.3959 0.9173 -0.0422
vn -0.4451 0.8953 0.0161
vn -0.7212 0.6926 0.0113
vn -0.7287 0.6841 0.0324
vn -0.6867 0.7265 0.0243
vn -0.6836 0.7298 0.0086
vn -0.0334 0.9993 -0.0167
vn -0.4530 0.7726 -0.4448
vn -0.3834 0.8502 -0.3607
vn -0.3245 0.9096 -0.2595
vn -0.4779 0.8014 -0.3596
vn -0.7061 0.7081 0.0062
vn -0.6921 0.7216 0.0136
vn -0.8268 0.5616 0.0317
vn -0.8320 0.5548 0.0030
vn -0.5691 0.7963 -0.2053
vn -0.4656 0.8240 -0.3229
vn -0.5020 0.8083 -0.3077
vn -0.6038 0.7865 -0.1300
vn -0.0207 0.9996 -0.0166
vn -0.0389 0.9975 -0.0593
vn -0.2613 0.9634 -0.0597
vn -0.2536 0.9669 -0.0296
vn -0.4530 0.7333 0.5070
vn -0.0416 0.8474 0.5293
vn -0.4666 0.6979 0.5434
vn -0.6618 0.5921 0.4597
vn 0.7244 0.6868 -0.0601
vn 0.5379 0.8344 -0.1203
vn 0.0249 0.9690 -0.2457
vn 0.2868 0.9533 -0.0945
vn 0.9619 0.2729 0.0176
vn 0.9858 0.1620 -0.0436
vn 0.9452 0.3241 0.0393
vn 0.7941 0.5814 0.1772
vn 0.0038 0.9959 -0.0907
vn 0.2051 0.9684 0.1418
vn 0.0966 0.9763 0.1936
vn -0.0082 0.9997 -0.0223
vn 0.1977 0.9473 0.2522
vn 0.0349 0.9646 0.2612
vn 0.0637 0.9762 0.2075
vn 0.1319 0.9677 0.2151
vn 0.9559 0.2754 0.1018
vn 0.8393 0.5346 0.0990
vn 0.6036 0.7940 0.0725
vn 0.7927 0.6070 0.0560
vn 0.0978 0.9952 0.0026
vn 0.1692 0.9856 -0.0048
vn 0.4773 0.8786 -0.0174
vn 0.3755 0.9268 0.0037
vn 0.3719 0.9282 -0.0133
vn 0.4846 0.8747 0.0109
vn 0.7954 0.6060 -0.0039
vn 0.7460 0.6651 -0.0342
vn 0.1444 0.9713 0.1889
vn 0.1518 0.9660 0.2094
vn 0.1026 0.9805 0.1675
vn 0.2163 0.9586 0.1851
vn 0.0508 0.9735 0.2229
vn -0.1499 0.9541 0.2592
vn -0.3525 0.9223 0.1585
vn -0.1082 0.9821 0.1544
vn -0.1663 0.9571 0.2372
vn -0.2319 0.9381 0.2574
vn -0.0916 0.9666 0.2394
vn -0.0438 0.9782 0.2031
vn -0.7500 0.5933 -0.2923
vn -0.7222 0.6307 -0.2840
vn -0.9505 0.2956 -0.0958
vn -0.9263 0.3096 -0.2147
vn -0.6208 0.7568 -0.2044
vn -0.6070 0.7766 -0.1684
vn -0.9504 0.3013 -0.0777
vn -0.9517 0.2996 -0.0666
vn 0.2157 0.7995 -0.5606
vn 0.2971 0.7984 -0.5237
vn -0.2184 0.8567 -0.4672
vn -0.2641 0.8410 -0.4722
vn 0.7549 0.5989 0.2674
vn 0.6611 0.6441 0.3847
vn 0.8381 0.4611 0.2916
vn 0.8360 0.4791 0.2675
vn 0.5528 0.7941 0.2524
vn 0.5115 0.8547 0.0885
vn 0.8205 0.5682 0.0628
vn 0.8318 0.5134 0.2110
vn 0.2960 0.9198 0.2576
vn -0.0117 0.9286 0.3709
vn 0.2581 0.8696 0.4208
vn 0.4702 0.8394 0.2726
vn 0.7314 0.6635 -0.1574
vn 0.7515 0.6566 -0.0645
vn 0.7422 0.6677 -0.0575
vn 0.6959 0.7067 -0.1275
vn 0.7384 0.6679 -0.0930
vn 0.7200 0.6326 -0.2853
vn 0.6537 0.6880 -0.3151
vn 0.7233 0.6783 -0.1296
vn 0.6712 0.7074 -0.2213
vn 0.7082 0.7006 -0.0867
vn 0.7400 0.6694 -0.0651
vn 0.7231 0.6645 -0.1886
vn 0.5043 0.8163 -0.2819
vn 0.3033 0.9334 -0.1920
vn 0.5524 0.7599 -0.3426
vn 0.6877 0.6246 -0.3701
vn 0.0126 0.9999 -0.0047
vn 0.0445 0.9988 -0.0218
vn 0.0614 0.9973 -0.0398
vn 0.0093 0.9999 -0.0069
vn 0.1013 0.9930 -0.0605
vn 0.2627 0.9543 -0.1422
vn 0.4473 0.8638 -0.2321
vn 0.2676 0.9549 -0.1286
vn 0.5370 0.8251 -0.1756
vn 0.6682 0.7016 -0.2475
vn 0.0882 0.9958 -0.0246
vn 0.0125 0.9999 -0.0037
vn 0.1207 0.9922 -0.0305
vn 0.3276 0.9417 -0.0764
vn 0.1166 0.9735 -0.1967
vn 0.0143 0.9973 -0.0727
vn 0.0809 0.9931 -0.0844
vn 0.2278 0.9513 -0.2078
vn -0.5158 0.8407 0.1650
vn -0.7560 0.6252 -0.1937
vn -0.7477 0.5799 -0.3237
vn -0.5509 0.8345 0.0124
vn -0.8778 0.3969 -0.2681
vn -0.9245 0.3594 -0.1269
vn -0.8531 0.5026 -0.1402
vn -0.8252 0.4724 -0.3098
vn -0.3838 0.8126 0.4386
vn -0.6753 0.7309 0.0985
vn -0.7200 0.6934 -0.0267
vn -0.4534 0.8378 0.3043
vn -0.7623 0.6425 -0.0776
vn -0.6882 0.7121 0.1391
vn -0.7017 0.6941 0.1608
vn -0.7350 0.6755 -0.0586
vn -0.5965 0.7485 0.2899
vn -0.6438 0.7490 0.1568
vn -0.8322 0.5392 0.1293
vn -0.7353 0.6190 0.2758
vn -0.8712 0.4898 -0.0350
vn -0.9002 0.4301 0.0681
vn -0.7269 0.6803 0.0940
vn -0.7444 0.6632 -0.0777
vn -0.1534 0.7704 0.6188
vn -0.1844 0.9435 0.2754
vn 0.1864 0.9443 0.2714
vn 0.0334 0.7466 0.6645
vn -0.1805 0.9814 -0.0654
vn -0.1530 0.9620 -0.2264
vn 0.0794 0.9699 -0.2302
vn 0.1657 0.9822 -0.0889
vn -0.3364 0.6848 0.6464
vn -0.4184 0.8505 0.3186
vn -0.3436 0.8886 0.3040
vn -0.2440 0.7386 0.6285
vn -0.7953 0.6059 -0.0179
vn -0.8223 0.5681 0.0318
vn -0.8074 0.5889 0.0372
vn -0.8241 0.5654 -0.0332
vn -0.7843 0.6193 0.0349
vn -0.7124 0.6658 -0.2218
vn -0.7167 0.6742 -0.1782
vn -0.7792 0.6225 0.0731
vn -0.7341 0.6771 0.0515
vn -0.7468 0.6625 0.0580
vn -0.7889 0.6131 0.0420
vn -0.7339 0.6788 0.0247
vn -0.1166 0.9893 -0.0879
vn -0.0403 0.9987 -0.0321
vn -0.0029 1.0000 -0.0029
vn -0.0248 0.9995 -0.0189
vn -0.4112 0.9115 -0.0031
vn -0.3430 0.9316 -0.1201
vn -0.4828 0.8711 -0.0900
vn -0.4594 0.8882 -0.0102
vn -0.3069 0.9174 -0.2536
vn -0.4112 0.8738 -0.2595
vn -0.4718 0.8247 -0.3118
vn -0.4531 0.8542 -0.2550
vn -0.0575 0.9983 -0.0076
vn -0.0774 0.9884 -0.1304
vn -0.2313 0.9628 -0.1398
vn -0.2403 0.9706 -0.0136
vn 0.9423 0.3308 0.0517
vn 0.9752 0.1766 -0.1334
vn 0.9243 0.3798 -0.0386
vn 0.7939 0.5666 0.2209
vn 0.9932 0.0758 -0.0878
vn 0.9791 0.1445 0.1428
vn 0.8899 0.4555 0.0258
vn 0.9502 0.3059 -0.0595
vn 0.9896 0.1253 -0.0706
vn 0.9756 0.1606 -0.1498
vn 0.9744 0.1525 -0.1652
vn 0.9824 0.1820 -0.0410
vn 0.0564 0.9764 0.2086
vn 0.0422 0.9533 0.2991
vn 0.1135 0.9560 0.2706
vn 0.1356 0.9688 0.2076
vn 0.0307 0.9381 0.3451
vn 0.0510 0.9526 0.2998
vn -0.0463 0.9528 0.3000
vn 0.0210 0.9473 0.3197
vn 0.7049 0.6841 0.1877
vn 0.6213 0.7365 0.2674
vn 0.3556 0.8883 0.2907
vn 0.4323 0.8797 0.1981
vn 0.0123 0.9999 -0.0043
vn 0.0187 0.9998 -0.0026
vn 0.0999 0.9949 0.0107
vn 0.0266 0.9996 0.0047
vn 0.6923 0.6849 -0.2271
vn 0.4541 0.8772 -0.1559
vn 0.6040 0.7575 -0.2479
vn 0.7363 0.6076 -0.2979
vn 0.1997 0.9774 -0.0699
vn 0.0609 0.9978 -0.0276
vn 0.2544 0.9613 -0.1059
vn 0.4208 0.8922 -0.1641
vn 0.1742 0.9836 -0.0472
vn 0.0304 0.9995 -0.0100
vn 0.2000 0.9779 -0.0600
vn 0.4880 0.8623 -0.1351
vn 0.0055 1.0000 -0.0041
vn 0.0202 0.9998 -0.0063
vn -0.0002 1.0000 -0.0001
vn -0.0004 1.0000 -0.0001
vn -0.0002 1.0000 -0.0000
vn -0.3575 0.8689 -0.3423
vn -0.4621 0.8749 -0.1451
vn -0.4271 0.8790 -0.2117
vn -0.3511 0.8763 -0.3298
vn -0.6415 0.7671 -0.0092
vn -0.7866 0.6155 0.0502
vn -0.8476 0.5299 -0.0287
vn -0.6620 0.7420 -0.1059
vn 0.1983 0.9473 -0.2516
vn 0.0553 0.9962 -0.0677
vn -0.2243 0.9689 -0.1040
vn -0.1015 0.9386 -0.3299
vn -0.8610 0.5010 0.0869
vn -0.8918 0.4430 0.0925
vn -0.9700 0.2341 0.0651
vn -0.9400 0.3400 0.0292
vn -0.9038 0.4225 0.0680
vn -0.8978 0.4402 0.0124
vn -0.9033 0.4240 0.0654
vn -0.9600 0.2675 0.0825
vn -0.1944 0.9652 0.1751
vn -0.3341 0.9343 0.1242
vn -0.6672 0.7377 0.1032
vn -0.6533 0.7459 0.1298
vn -0.1490 0.9695 -0.1946
vn -0.0904 0.9941 -0.0599
vn 0.0157 0.9990 -0.0423
vn 0.0308 0.9778 -0.2071
vn 0.0107 0.9981 0.0599
vn 0.0854 0.9873 0.1336
vn 0.1810 0.9705 0.1590
vn 0.0742 0.9930 0.0916
vn -0.2343 0.9402 -0.2473
vn -0.1299 0.9748 -0.1815
vn -0.0703 0.9900 -0.1224
vn -0.2171 0.9535 -0.2090
vn -0.5636 0.6923 -0.4507
vn -0.5531 0.6675 -0.4985
vn -0.5536 0.6745 -0.4885
vn -0.6464 0.6376 -0.4191
vn -0.6346 0.6359 -0.4393
vn -0.7121 0.6055 -0.3554
vn -0.5066 0.7663 -0.3952
vn -0.4997 0.7250 -0.4740
vn -0.5370 0.7479 -0.3902
vn -0.7071 0.6154 -0.3483
vn -0.6085 0.6586 -0.4427
vn -0.4885 0.7472 -0.4506
vn -0.5589 0.7603 -0.3310
vn -0.4304 0.8659 -0.2550
vn -0.1969 0.9727 -0.1230
vn -0.3201 0.9253 -0.2034
vn -0.1632 0.9866 -0.0068
vn -0.1711 0.9831 0.0649
vn -0.0070 1.0000 0.0049
vn -0.0039 1.0000 0.0012
vn -0.8797 0.3409 -0.3315
vn -0.9592 0.2543 -0.1238
vn -0.7521 0.5967 -0.2797
vn -0.7317 0.5488 -0.4042
vn -0.5412 0.8005 -0.2574
vn -0.6176 0.7514 -0.2323
vn -0.7066 0.6541 -0.2698
vn -0.5742 0.7573 -0.3111
vn -0.6406 0.7315 -0.2335
vn -0.6118 0.7336 -0.2957
vn -0.8134 0.5404 -0.2155
vn -0.7995 0.5655 -0.2024
vn 0.0043 0.9858 -0.1676
vn -0.0248 0.9695 -0.2438
vn -0.4501 0.8605 -0.2385
vn -0.4007 0.8909 -0.2137
vn 0.9538 0.2604 0.1498
vn 0.9724 0.0915 0.2146
vn 0.9811 -0.0593 0.1840
vn 0.9827 0.0034 0.1852
vn 0.9834 0.0606 0.1710
vn 0.9802 0.1420 0.1379
vn 0.9313 0.3414 0.1274
vn 0.9843 0.1019 0.1442
vn 0.6458 0.7593 0.0796
vn 0.8133 0.5571 0.1677
vn 0.9327 0.2972 0.2043
vn 0.8640 0.4908 0.1127
vn 0.9388 0.2990 0.1709
vn 0.8553 0.4259 0.2951
vn 0.7842 0.5568 0.2737
vn 0.8680 0.4683 0.1654
vn 0.8350 0.4592 0.3032
vn 0.9170 0.3894 0.0865
vn 0.7298 0.6648 0.1595
vn 0.6684 0.6635 0.3361
vn 0.8532 0.4379 0.2835
vn 0.8785 0.3889 0.2774
vn 0.8760 0.3812 0.2954
vn 0.9121 0.3305 0.2426
vn 0.0198 0.9996 0.0203
vn 0.1108 0.9897 0.0904
vn 0.4478 0.8839 0.1349
vn 0.2471 0.9680 0.0437
vn 0.3215 0.9225 0.2138
vn 0.6162 0.7602 0.2061
vn 0.7467 0.5934 0.3004
vn 0.6132 0.7410 0.2736
vn -0.0036 0.9999 0.0155
vn 0.0237 0.9985 0.0491
vn 0.0411 0.9974 0.0586
vn -0.0004 0.9999 0.0149
vn 0.0354 0.9854 0.1664
vn 0.0305 0.9960 0.0844
vn -0.0217 0.9955 0.0918
vn -0.0098 0.9880 0.1545
vn 0.1220 0.9905 -0.0639
vn 0.2141 0.9753 -0.0548
vn 0.0311 0.9981 -0.0537
vn 0.0055 0.9997 -0.0226
vn -0.0219 0.9834 0.1804
vn 0.0964 0.9950 -0.0252
vn 0.0551 0.9974 0.0463
vn 0.0011 0.9829 0.1839
vn 0.2586 0.9657 -0.0243
vn 0.3108 0.9382 -0.1520
vn 0.1318 0.9817 -0.1372
vn 0.0554 0.9984 -0.0127
vn 0.3562 0.8960 -0.2652
vn 0.4526 0.8576 -0.2443
vn 0.2927 0.9365 -0.1930
vn 0.1924 0.9452 -0.2638
vn 0.6301 0.7720 -0.0836
vn 0.6822 0.7284 -0.0631
vn 0.5210 0.8456 -0.1168
vn 0.5060 0.8617 -0.0370
vn 0.1514 0.9858 0.0731
vn 0.3433 0.9127 -0.2216
vn 0.1998 0.9725 -0.1197
vn 0.0127 0.9900 0.1402
vn 0.5191 0.7753 -0.3599
vn 0.6470 0.6959 -0.3116
vn 0.5909 0.7651 -0.2558
vn 0.4137 0.8648 -0.2846
vn 0.6763 0.7358 -0.0350
vn 0.6780 0.6829 -0.2720
vn 0.5470 0.7884 -0.2815
vn 0.4544 0.8908 0.0070
vn 0.6152 0.7671 -0.1819
vn 0.7330 0.6569 -0.1765
vn 0.5079 0.8387 -0.1966
vn 0.4275 0.8928 -0.1419
vn 0.7720 0.6100 -0.1788
vn 0.7833 0.5882 -0.2009
vn 0.4747 0.8245 -0.3080
vn 0.5208 0.8144 -0.2560
vn 0.6827 0.6592 -0.3154
vn 0.7815 0.5711 -0.2512
vn 0.7761 0.5957 -0.2071
vn 0.6740 0.6956 -0.2488
vn 0.6547 0.4903 -0.5753
vn 0.6869 0.5359 -0.4909
vn 0.6134 0.6104 -0.5012
vn 0.5419 0.6079 -0.5803
vn 0.4738 0.8107 -0.3439
vn 0.3107 0.8898 -0.3342
vn 0.5806 0.6921 -0.4288
vn 0.6100 0.6809 -0.4054
vn 0.7048 0.5471 -0.4516
vn 0.6061 0.6441 -0.4666
vn 0.5966 0.6114 -0.5198
vn 0.6343 0.5433 -0.5500
vn 0.7019 0.5893 -0.4002
vn 0.7267 0.6032 -0.3286
vn 0.7640 0.5738 -0.2951
vn 0.6786 0.6305 -0.3768
vn 0.7451 0.6115 -0.2662
vn 0.7427 0.6248 -0.2410
vn 0.8125 0.5393 -0.2213
vn 0.8022 0.5478 -0.2373
vn 0.7309 0.5896 -0.3438
vn 0.6607 0.6844 -0.3084
vn 0.6889 0.6419 -0.3367
vn 0.7277 0.5729 -0.3772
vn 0.9492 0.3076 -0.0662
vn 0.9356 0.3313 -0.1224
vn 0.8350 0.5095 -0.2078
vn 0.8341 0.5485 -0.0579
vn 0.8430 0.4870 -0.2286
vn 0.7203 0.6289 -0.2926
vn 0.6497 0.6749 -0.3498
vn 0.7397 0.5740 -0.3514
vn 0.9197 0.3909 -0.0361
vn 0.8975 0.4346 -0.0755
vn 0.9433 0.3218 -0.0808
vn 0.9582 0.2806 -0.0555
vn 0.7108 0.6545 -0.2577
vn 0.7777 0.6063 -0.1663
vn 0.7106 0.6914 -0.1300
vn 0.6394 0.7282 -0.2469
vn 0.8222 0.5464 -0.1596
vn 0.8054 0.5518 -0.2165
vn 0.8010 0.5468 -0.2439
vn 0.7897 0.5964 -0.1435
vn 0.8416 0.4867 -0.2341
vn 0.7940 0.5833 -0.1714
vn 0.8582 0.4866 -0.1631
vn 0.8382 0.4887 -0.2418
vn 0.4745 0.8802 -0.0013
vn 0.4459 0.8874 -0.1169
vn 0.7281 0.6785 -0.0980
vn 0.7747 0.6319 -0.0219
vn 0.4699 0.8491 -0.2412
vn 0.5056 0.8207 -0.2660
vn 0.7298 0.6470 -0.2208
vn 0.7245 0.6677 -0.1709
vn -0.0291 0.9991 0.0293
vn 0.1891 0.9766 -0.1023
vn 0.2296 0.9669 -0.1109
vn 0.1433 0.9894 0.0219
vn 0.0110 0.9900 0.1409
vn -0.0306 0.8946 0.4458
vn -0.1058 0.9211 0.3746
vn -0.0015 0.9922 0.1248
vn -0.1743 0.8496 0.4977
vn -0.3064 0.9485 0.0801
vn -0.5971 0.8018 -0.0243
vn -0.3881 0.8264 0.4079
vn 0.0317 0.9871 0.1572
vn 0.0853 0.8627 0.4986
vn 0.0376 0.8746 0.4834
vn 0.0210 0.9882 0.1518
vn -0.4066 0.8131 -0.4166
vn -0.5927 0.5764 -0.5626
vn -0.6286 0.3454 -0.6968
vn -0.5345 0.6285 -0.5650
vn -0.7584 0.4512 -0.4704
vn -0.8328 0.5041 -0.2287
vn -0.7208 0.6684 -0.1835
vn -0.8167 0.3223 -0.4787
vn -0.4578 0.8828 -0.1054
vn -0.6540 0.6558 -0.3772
vn -0.5751 0.6882 -0.4422
vn -0.3360 0.9141 -0.2271
vn 0.0471 0.9873 0.1515
vn 0.1688 0.8613 0.4791
vn 0.1266 0.8578 0.4981
vn 0.0414 0.9868 0.1568
vn 0.1263 0.7906 0.5992
vn -0.1727 0.8673 0.4668
vn -0.2131 0.9148 0.3431
vn 0.0563 0.8339 0.5490
vn -0.0625 0.9818 0.1793
vn 0.0369 0.8768 0.4795
vn 0.1378 0.8707 0.4721
vn 0.0313 0.9884 0.1487
vn -0.7615 0.6475 -0.0303
vn -0.6076 0.7936 -0.0334
vn -0.2542 0.9671 -0.0106
vn -0.4350 0.9004 -0.0106
vn -0.4211 0.9060 -0.0436
vn -0.2514 0.9678 -0.0148
vn -0.0221 0.9997 -0.0055
vn -0.1074 0.9941 -0.0147
vn -0.9313 0.3620 -0.0399
vn -0.9304 0.3610 -0.0639
vn -0.8332 0.5500 -0.0572
vn -0.9020 0.4293 -0.0461
vn -0.1338 0.9910 -0.0060
vn -0.0738 0.9973 0.0040
vn -0.0001 1.0000 -0.0001
vn -0.0010 1.0000 -0.0002
vn -0.0986 0.9948 0.0239
vn -0.1581 0.9872 0.0210
vn -0.6321 0.7738 -0.0402
vn -0.6499 0.7509 0.1177
vn -0.3984 0.9160 0.0465
vn -0.4373 0.8991 -0.0206
vn -0.8918 0.4523 -0.0148
vn -0.8334 0.5410 -0.1133
vn -0.9260 0.3706 -0.0719
vn -0.8871 0.4611 -0.0218
vn -0.7815 0.5763 -0.2390
vn -0.7728 0.6071 -0.1849
vn -0.8075 0.5708 -0.1487
vn -0.8932 0.4164 -0.1700
vn -0.5563 0.7903 -0.2566
vn -0.4298 0.8709 -0.2385
vn -0.6364 0.7473 -0.1912
vn -0.8213 0.5593 -0.1125
vn -0.0887 0.9739 0.2090
vn 0.1034 0.9335 0.3433
vn 0.0283 0.9003 0.4344
vn -0.1331 0.9649 0.2266
vn 0.2488 0.7449 0.6191
vn 0.1624 0.5807 0.7978
vn 0.1220 0.6610 0.7404
vn 0.2098 0.7416 0.6372
vn -0.0100 0.9953 0.0964
vn 0.0148 0.9568 0.2904
vn 0.0891 0.9521 0.2926
vn -0.0307 0.9902 0.1365
vn -0.0582 0.7325 0.6783
vn -0.2367 0.8993 0.3677
vn -0.5351 0.8109 0.2369
vn -0.2215 0.7843 0.5795
vn -0.3210 0.9443 -0.0721
vn -0.3253 0.8515 -0.4112
vn -0.5174 0.7845 -0.3419
vn -0.6543 0.7503 -0.0941
vn 0.1659 0.6777 0.7164
vn 0.3269 0.8941 0.3061
vn 0.1116 0.9199 0.3760
vn 0.0885 0.6805 0.7274
vn -0.1194 0.9828 0.1408
vn -0.1850 0.9359 0.2996
vn -0.0728 0.9511 0.3001
vn -0.0295 0.9940 0.1050
vn -0.1925 0.7063 0.6812
vn -0.1561 0.5722 0.8051
vn -0.0780 0.5661 0.8207
vn -0.0935 0.7142 0.6937
vn -0.1584 0.9669 0.1999
vn -0.2895 0.9083 0.3020
vn -0.2586 0.9206 0.2927
vn -0.2332 0.9609 0.1492
vn -0.1847 0.9827 0.0121
vn -0.1842 0.9828 0.0080
vn -0.1730 0.9849 0.0051
vn -0.1535 0.9881 0.0022
vn -0.8574 0.5141 0.0241
vn -0.8339 0.5515 0.0209
vn -0.5860 0.8101 0.0207
vn -0.6123 0.7900 0.0296
vn -0.1296 0.9916 0.0006
vn -0.1023 0.9948 -0.0019
vn -0.0682 0.9977 -0.0056
vn -0.0304 0.9995 -0.0073
vn -0.7221 0.6915 -0.0186
vn -0.7049 0.7087 0.0287
vn -0.4242 0.9055 0.0063
vn -0.4544 0.8908 -0.0029
vn -0.7026 0.7113 -0.0194
vn -0.6974 0.7163 -0.0240
vn -0.8121 0.5835 0.0016
vn -0.8465 0.5323 -0.0027
vn -0.6869 0.7267 0.0076
vn -0.7290 0.6845 -0.0000
vn -0.8186 0.5738 -0.0256
vn -0.8010 0.5987 0.0062
vn -0.6591 0.7506 0.0468
vn -0.6935 0.7204 -0.0016
vn -0.6728 0.7394 -0.0245
vn -0.6010 0.7992 0.0108
vn -0.0061 1.0000 -0.0027
vn -0.4587 0.8637 -0.2089
vn -0.1756 0.9807 -0.0863
vn -0.0334 0.9993 -0.0163
vn -0.1924 0.9792 -0.0650
vn -0.6360 0.6738 -0.3762
vn -0.5440 0.7807 -0.3076
vn -0.3635 0.9089 -0.2044
vn -0.5662 0.7558 -0.3290
vn -0.3482 0.9099 -0.2257
vn -0.1616 0.9803 -0.1136
vn -0.0191 0.9996 -0.0193
vn -0.1332 0.9871 -0.0883
vn -0.6637 0.6360 -0.3937
vn -0.5728 0.6939 -0.4365
vn -0.6222 0.6880 -0.3735
vn -0.6751 0.6308 -0.3826
vn -0.8685 0.4954 -0.0184
vn -0.8355 0.5495 -0.0034
vn -0.7716 0.6360 0.0096
vn -0.8170 0.5761 0.0257
vn -0.8110 0.5849 0.0117
vn -0.7976 0.6022 0.0343
vn -0.7680 0.6395 0.0352
vn -0.7678 0.6405 0.0171
vn -0.6195 0.7832 0.0533
vn -0.6794 0.7336 0.0160
vn -0.8236 0.5671 -0.0055
vn -0.7698 0.6383 -0.0018
vn -0.7838 0.6200 0.0354
vn -0.7341 0.6784 0.0302
vn -0.7408 0.6690 0.0600
vn -0.7569 0.6517 0.0486
vn -0.6755 0.7331 -0.0783
vn -0.6295 0.7220 -0.2872
vn -0.7081 0.6520 -0.2712
vn -0.7355 0.6751 -0.0573
vn -0.6584 0.7526 -0.0122
vn -0.6476 0.7579 -0.0796
vn -0.7314 0.6810 -0.0351
vn -0.8074 0.5898 0.0149
vn -0.3726 0.9155 0.1517
vn -0.4927 0.8695 0.0359
vn -0.5389 0.8420 0.0251
vn -0.5114 0.8543 0.0930
vn -0.4940 0.8692 -0.0204
vn -0.4473 0.8931 -0.0477
vn -0.4639 0.8856 -0.0217
vn -0.5161 0.8565 0.0017
vn -0.0388 0.9833 0.1776
vn 0.0087 0.9965 0.0836
vn -0.1984 0.9779 0.0655
vn -0.1359 0.9707 0.1980
vn -0.1802 0.9308 0.3179
vn -0.3793 0.8412 0.3855
vn -0.3069 0.8891 0.3395
vn -0.0918 0.9538 0.2861
vn -0.5594 0.6450 0.5206
vn -0.4893 0.6007 0.6323
vn -0.3985 0.5766 0.7133
vn -0.4298 0.7001 0.5702
vn -0.4870 0.8054 0.3379
vn -0.6149 0.6765 0.4053
vn -0.5536 0.7328 0.3957
vn -0.2839 0.8965 0.3400
vn -0.2384 0.7420 0.6266
vn -0.0523 0.9470 0.3168
vn -0.3218 0.8896 0.3242
vn -0.3409 0.6723 0.6571
vn -0.0851 0.9875 -0.1329
vn -0.2050 0.9311 -0.3016
vn -0.2268 0.9243 -0.3070
vn -0.2727 0.9514 -0.1433
vn 0.3932 0.8200 0.4159
vn 0.6917 0.7133 0.1133
vn 0.2755 0.9262 0.2573
vn -0.0560 0.8404 0.5391
vn -0.3925 0.8463 0.3602
vn -0.0249 0.9206 0.3897
vn -0.4140 0.8013 0.4318
vn -0.6018 0.7343 0.3142
vn 0.4144 0.8338 0.3648
vn 0.7741 0.5955 0.2149
vn 0.4873 0.7719 0.4083
vn 0.0386 0.8644 0.5013
vn 0.6585 0.7021 0.2712
vn 0.8771 0.4630 0.1279
vn 0.4896 0.8234 0.2869
vn 0.1207 0.9148 0.3854
vn -0.2145 0.9310 -0.2953
vn -0.1344 0.9665 -0.2185
vn -0.1751 0.9639 -0.2003
vn -0.1901 0.9416 -0.2779
vn -0.0782 0.9969 0.0102
vn -0.0559 0.9752 0.2144
vn -0.1589 0.9617 0.2235
vn -0.1747 0.9845 0.0160
vn 0.2006 0.9488 -0.2441
vn -0.0381 0.9647 -0.2607
vn -0.1528 0.9547 -0.2555
vn -0.1770 0.9375 -0.2997
vn -0.0394 0.9648 0.2600
vn -0.0217 0.9684 0.2485
vn -0.1696 0.9501 0.2618
vn -0.1656 0.9511 0.2608
vn 0.0262 0.9729 0.2299
vn 0.0633 0.9803 0.1870
vn -0.0420 0.9773 0.2075
vn -0.1187 0.9565 0.2664
vn 0.3099 0.9286 0.2041
vn 0.3046 0.9245 0.2293
vn 0.1551 0.9599 0.2337
vn 0.1396 0.9613 0.2375
vn 0.8879 0.4488 0.1007
vn 0.6679 0.7437 -0.0270
vn 0.2816 0.9440 -0.1719
vn 0.6483 0.7575 -0.0773
vn 0.3285 0.9441 -0.0274
vn 0.0910 0.9928 0.0779
vn 0.0497 0.9942 0.0950
vn 0.0349 0.9935 -0.1079
vn 0.9738 -0.0979 0.2051
vn 0.9894 0.0189 0.1441
vn 0.9331 0.3495 0.0850
vn 0.9761 0.0937 0.1960
vn 0.3825 0.9222 0.0570
vn 0.5819 0.8112 0.0581
vn 0.8810 0.4694 0.0586
vn 0.7526 0.6473 0.1209
vn 0.6984 0.7157 -0.0013
vn 0.7630 0.6456 -0.0313
vn 0.9428 0.3298 -0.0484
vn 0.9187 0.3946 -0.0171
vn 0.0059 1.0000 0.0016
vn 0.0367 0.9993 0.0048
vn 0.2211 0.9748 0.0294
vn 0.0630 0.9978 0.0209
vn 0.8146 0.5782 -0.0455
vn 0.8479 0.5266 -0.0609
vn 0.9501 0.2946 -0.1021
vn 0.9587 0.2770 -0.0646
vn 0.8570 0.5134 -0.0440
vn 0.8910 0.4538 0.0111
vn 0.9681 0.2438 0.0582
vn 0.9318 0.3533 -0.0839
vn 0.2338 0.9720 -0.0213
vn 0.2915 0.9559 -0.0355
vn 0.6647 0.7450 -0.0563
vn 0.5683 0.8219 -0.0373
vn 0.0122 0.9999 0.0010
vn 0.0028 1.0000 0.0006
vn -0.1623 0.8943 -0.4170
vn -0.0619 0.9257 -0.3731
vn -0.6379 0.7383 -0.2189
vn -0.6737 0.6988 -0.2403
vn -0.3369 0.9158 -0.2186
vn 0.3434 0.8110 -0.4736
vn 0.4079 0.8107 -0.4200
vn 0.0193 0.9997 -0.0145
vn 0.0213 0.9996 -0.0162
vn 0.1171 0.9894 -0.0854
vn -0.0068 1.0000 -0.0068
vn -0.0000 1.0000 0.0001
vn 0.0002 1.0000 0.0003
vn 0.0002 1.0000 -0.0000
vn -0.0005 1.0000 -0.0001
vn -0.0000 1.0000 -0.0001
vn -0.4619 0.8608 -0.2137
vn -0.3746 0.9144 -0.1534
vn -0.2115 0.9725 -0.0977
vn -0.3165 0.9344 -0.1632
vn -0.3162 0.9485 -0.0160
vn -0.3238 0.9387 0.1182
vn -0.9876 0.1557 -0.0215
vn -0.9993 0.0374 -0.0097
vn -0.9985 -0.0457 -0.0302
vn -0.9825 0.1747 -0.0644
vn 0.5979 0.6820 -0.4212
vn 0.5356 0.7843 -0.3130
vn 0.6571 0.6592 -0.3655
vn 0.6974 0.5838 -0.4157
vn 0.4990 0.7850 -0.3672
vn 0.3558 0.9097 -0.2143
vn -0.7833 0.4793 -0.3958
vn -0.8248 0.3784 -0.4202
vn -0.8188 0.3568 -0.4498
vn -0.8716 0.3579 -0.3350
vn -0.6204 0.6762 -0.3973
vn -0.7045 0.5947 -0.3872
vn -0.9437 0.3266 -0.0522
vn -0.9485 0.3133 -0.0459
vn -0.3823 0.8232 -0.4196
vn -0.3411 0.8178 -0.4635
vn 0.0100 0.8772 -0.4801
vn 0.0994 0.8215 -0.5614
vn 0.7982 0.5449 -0.2568
vn 0.7576 0.5631 -0.3299
vn 0.7827 0.4994 -0.3714
vn 0.8288 0.4876 -0.2744
vn 0.7168 0.6524 -0.2461
vn 0.6443 0.7082 -0.2886
vn 0.3456 0.9101 -0.2286
vn 0.1534 0.9839 -0.0911
vn 0.5489 0.8059 -0.2219
vn 0.4348 0.8762 -0.2078
vn 0.3299 0.9322 -0.1489
vn 0.1808 0.9781 -0.1028
vn -0.0570 0.9977 -0.0354
vn -0.0111 0.9999 -0.0112
vn -0.1925 0.9719 -0.1351
vn -0.0858 0.9941 -0.0659
vn -0.3199 0.9155 -0.2441
vn -0.2214 0.9612 -0.1643
vn 0.1284 0.9901 -0.0561
vn 0.0424 0.9988 -0.0230
vn 0.0117 0.9999 -0.0088
vn -0.0003 1.0000 0.0001
vn -0.4927 0.8117 -0.3138
vn -0.4265 0.8646 -0.2656
vn -0.7294 0.6012 -0.3262
vn -0.6705 0.6546 -0.3491
vn -0.0879 0.9943 -0.0608
vn -0.0207 0.9996 -0.0195
vn -0.0001 1.0000 0.0001
vn -0.8417 0.4373 -0.3167
vn -0.7802 0.4656 -0.4178
vn 0.0001 1.0000 0.0001
vn 0.4195 0.7647 -0.4892
vn 0.4422 0.6529 -0.6150
vn 0.7605 0.5245 -0.3828
vn 0.6772 0.4692 -0.5668
vn 0.6361 0.6331 -0.4411
vn 0.6391 0.6566 -0.4006
vn 0.8427 0.4457 -0.3021
vn 0.7505 0.4686 -0.4659
vn -0.0069 0.9933 0.1150
vn -0.1437 0.9331 0.3295
vn -0.4595 0.8225 0.3352
vn -0.6685 0.7405 -0.0691
vn -0.5648 0.5547 -0.6109
vn -0.6218 0.2121 -0.7539
vn -0.8511 0.2509 -0.4611
vn -0.8565 0.4629 -0.2285
vn -0.0154 0.9999 -0.0059
vn -0.0934 0.9953 0.0258
vn -0.1541 0.9880 -0.0115
vn -0.2391 0.9709 -0.0132
vn -0.0389 0.9992 -0.0062
vn -0.0049 1.0000 -0.0013
vn -0.1662 0.9765 0.1369
vn -0.1540 0.9684 0.1961
vn -0.0797 0.9871 0.1385
vn -0.0199 0.9954 0.0936
vn -0.0083 0.9943 0.1062
vn -0.0772 0.9850 0.1542
vn -0.2395 0.9603 0.1433
vn -0.0801 0.9769 0.1983
vn 0.0252 0.9513 0.3073
vn -0.1294 0.9377 0.3225
vn -0.1591 0.9334 0.3216
vn -0.3412 0.8897 0.3035
vn -0.6034 0.7509 0.2684
vn -0.5285 0.7714 0.3543
vn -0.0733 0.8923 0.4454
vn 0.4839 0.8063 0.3402
vn 0.6309 0.7654 0.1272
vn 0.2633 0.9646 0.0156
vt 0.966570 0.651311
vt 0.999510 0.651311
vt 0.999510 0.628008
vt 0.966557 0.628494
vt 0.473059 0.318981
vt 0.505006 0.317309
vt 0.505377 0.298463
vt 0.473174 0.299739
vt 0.974153 0.296672
vt 0.982094 0.295082
vt 0.976812 0.285704
vt 0.969532 0.288491
vt 0.480774 0.635418
vt 0.504770 0.651311
vt 0.505606 0.616239
vt 0.482204 0.617375
vt 0.713110 0.486837
vt 0.743279 0.486109
vt 0.743786 0.465602
vt 0.713926 0.466450
vt 0.966433 0.468866
vt 0.999510 0.464516
vt 0.999510 0.441184
vt 0.966365 0.446129
vt 0.703126 0.651311
vt 0.735807 0.651311
vt 0.736816 0.630508
vt 0.704448 0.630512
vt 0.217029 0.153660
vt 0.244239 0.152794
vt 0.245189 0.137448
vt 0.216332 0.138964
vt 0.473339 0.161864
vt 0.504796 0.161691
vt 0.503738 0.141608
vt 0.472566 0.141808
vt 0.209623 0.324674
vt 0.238405 0.322445
vt 0.239766 0.299702
vt 0.210177 0.303342
vt 0.722300 0.167442
vt 0.752961 0.167652
vt 0.752416 0.147038
vt 0.721506 0.146797
vt 0.971912 0.187944
vt 0.999510 0.193627
vt 0.999510 0.169293
vt 0.973792 0.165112
vt 0.716734 0.326590
vt 0.747585 0.326471
vt 0.747835 0.307317
vt 0.717153 0.307373
vt 0.223854 0.484782
vt 0.253194 0.483673
vt 0.251086 0.462963
vt 0.221837 0.464057
vt 0.480963 0.464943
vt 0.509416 0.461903
vt 0.509610 0.446719
vt 0.480349 0.450774
vt 0.228536 0.651311
vt 0.261268 0.651311
vt 0.260598 0.628899
vt 0.228296 0.629052
vt 0.836236 0.566168
vt 0.852339 0.565556
vt 0.852571 0.544101
vt 0.836571 0.544857
vt 0.966542 0.560055
vt 0.999510 0.558019
vt 0.999510 0.534655
vt 0.966539 0.537241
vt 0.834389 0.651311
vt 0.850943 0.651311
vt 0.851312 0.629895
vt 0.834875 0.630046
vt 0.340385 0.234345
vt 0.375380 0.236402
vt 0.375827 0.215578
vt 0.340689 0.213494
vt 0.473654 0.241346
vt 0.505598 0.241105
vt 0.505461 0.221481
vt 0.473798 0.221702
vt 0.338043 0.322453
vt 0.372671 0.321856
vt 0.373201 0.300798
vt 0.338835 0.300376
vt 0.840781 0.251710
vt 0.855627 0.253412
vt 0.857265 0.233429
vt 0.842180 0.231770
vt 0.970139 0.263744
vt 0.972140 0.262670
vt 0.975851 0.250218
vt 0.964451 0.248280
vt 0.833910 0.326836
vt 0.851323 0.325501
vt 0.851475 0.308507
vt 0.833206 0.309062
vt 0.353189 0.550565
vt 0.386752 0.543651
vt 0.385486 0.522900
vt 0.351829 0.530498
vt 0.481824 0.531219
vt 0.507234 0.532707
vt 0.507662 0.514345
vt 0.481319 0.513373
vt 0.357666 0.613530
vt 0.389990 0.610098
vt 0.389443 0.600941
vt 0.357147 0.605868
vt 0.595099 0.398497
vt 0.625673 0.401370
vt 0.626405 0.381385
vt 0.595566 0.379222
vt 0.715459 0.404933
vt 0.745238 0.404034
vt 0.745751 0.384397
vt 0.715930 0.384743
vt 0.591023 0.474987
vt 0.621405 0.480377
vt 0.622617 0.460835
vt 0.592323 0.456048
vt 0.836908 0.399585
vt 0.851892 0.397934
vt 0.851732 0.377993
vt 0.836933 0.379475
vt 0.966008 0.378416
vt 0.999510 0.371971
vt 0.999510 0.349318
vt 0.968293 0.355707
vt 0.836936 0.481661
vt 0.852627 0.480462
vt 0.852419 0.459592
vt 0.836811 0.460945
vt 0.584005 0.547468
vt 0.614773 0.558487
vt 0.616987 0.539028
vt 0.587107 0.531151
vt 0.708198 0.569357
vt 0.739693 0.568760
vt 0.740777 0.548037
vt 0.709530 0.548622
vt 0.580367 0.617216
vt 0.610573 0.620478
vt 0.610974 0.614476
vt 0.580458 0.611758
vt 0.097813 0.085894
vt 0.126438 0.085496
vt 0.126022 0.062289
vt 0.096837 0.064707
vt 0.216040 0.081594
vt 0.247704 0.081918
vt 0.247906 0.063012
vt 0.216389 0.061103
vt 0.102422 0.171635
vt 0.135709 0.164972
vt 0.133248 0.145512
vt 0.101414 0.150092
vt 0.344242 0.081748
vt 0.376745 0.081886
vt 0.375884 0.062538
vt 0.343636 0.062569
vt 0.471692 0.082119
vt 0.503235 0.081850
vt 0.502639 0.061436
vt 0.470966 0.061710
vt 0.342618 0.156962
vt 0.376751 0.158720
vt 0.376771 0.139830
vt 0.343152 0.139075
vt 0.104130 0.253796
vt 0.133375 0.249606
vt 0.134460 0.228451
vt 0.104173 0.234005
vt 0.213906 0.232589
vt 0.241093 0.233431
vt 0.241673 0.210625
vt 0.214451 0.213090
vt 0.099125 0.332016
vt 0.129568 0.332837
vt 0.131272 0.312396
vt 0.100970 0.312549
vt 0.597765 0.082995
vt 0.629157 0.083552
vt 0.628823 0.062776
vt 0.597346 0.062390
vt 0.722524 0.084389
vt 0.753953 0.084783
vt 0.754336 0.063285
vt 0.722520 0.063204
vt 0.599117 0.164699
vt 0.630120 0.165991
vt 0.629059 0.145445
vt 0.597998 0.144323
vt 0.850006 0.087293
vt 0.865673 0.088085
vt 0.865837 0.066274
vt 0.850126 0.065662
vt 0.976189 0.095275
vt 0.999510 0.097140
vt 0.999510 0.073059
vt 0.976546 0.071716
vt 0.846848 0.171560
vt 0.862443 0.173082
vt 0.862787 0.152289
vt 0.846996 0.150918
vt 0.598757 0.245456
vt 0.629372 0.247394
vt 0.629643 0.227172
vt 0.598994 0.225535
vt 0.719237 0.248264
vt 0.749269 0.248194
vt 0.750191 0.227912
vt 0.720125 0.228184
vt 0.597025 0.322152
vt 0.627618 0.323976
vt 0.627768 0.305218
vt 0.597292 0.303314
vt 0.101529 0.410764
vt 0.133163 0.410684
vt 0.132252 0.391580
vt 0.100621 0.390716
vt 0.215483 0.402477
vt 0.244336 0.401531
vt 0.242462 0.382110
vt 0.213528 0.383216
vt 0.100330 0.488280
vt 0.133055 0.490308
vt 0.132661 0.469029
vt 0.100200 0.466924
vt 0.342193 0.408557
vt 0.376896 0.407767
vt 0.375460 0.385939
vt 0.340758 0.386652
vt 0.476465 0.397323
vt 0.506995 0.393146
vt 0.505977 0.374179
vt 0.475044 0.377530
vt 0.347049 0.477669
vt 0.380951 0.473691
vt 0.379729 0.463195
vt 0.345505 0.463619
vt 0.099528 0.565782
vt 0.132347 0.566718
vt 0.132600 0.548010
vt 0.099785 0.546020
vt 0.227686 0.565305
vt 0.258556 0.565146
vt 0.257580 0.544944
vt 0.227188 0.545222
vt 0.098461 0.651311
vt 0.130962 0.651311
vt 0.131233 0.630037
vt 0.098666 0.629962
vt 0.900791 0.607387
vt 0.917206 0.606992
vt 0.917261 0.584833
vt 0.900889 0.585427
vt 0.966551 0.605677
vt 0.999510 0.604694
vt 0.999510 0.581362
vt 0.966546 0.582864
vt 0.900582 0.651311
vt 0.917102 0.651311
vt 0.917149 0.629149
vt 0.900680 0.629352
vt 0.407791 0.280735
vt 0.440707 0.281259
vt 0.441024 0.261103
vt 0.408311 0.260042
vt 0.473244 0.280543
vt 0.505508 0.279747
vt 0.505707 0.260577
vt 0.473439 0.260980
vt 0.406933 0.321514
vt 0.440355 0.320606
vt 0.440539 0.300917
vt 0.407296 0.301154
vt 0.897692 0.294082
vt 0.914518 0.292422
vt 0.915335 0.279759
vt 0.899015 0.279692
vt 0.965442 0.282597
vt 0.971186 0.280869
vt 0.971763 0.273653
vt 0.967861 0.275016
vt 0.896996 0.318176
vt 0.913948 0.314147
vt 0.914070 0.302676
vt 0.897075 0.305706
vt 0.421945 0.580390
vt 0.451859 0.582092
vt 0.452272 0.556725
vt 0.421126 0.557600
vt 0.480663 0.583437
vt 0.506096 0.583843
vt 0.507093 0.553929
vt 0.480896 0.554817
vt 0.422052 0.610893
vt 0.454346 0.613675
vt 0.454169 0.603464
vt 0.422378 0.601251
vt 0.654338 0.445225
vt 0.684546 0.447198
vt 0.685460 0.426616
vt 0.655400 0.424985
vt 0.714510 0.446143
vt 0.744370 0.444499
vt 0.744766 0.424170
vt 0.714942 0.425957
vt 0.652020 0.485200
vt 0.682616 0.487943
vt 0.683607 0.467636
vt 0.653197 0.465277
vt 0.900195 0.433440
vt 0.916595 0.431124
vt 0.916332 0.409665
vt 0.899831 0.412179
vt 0.966261 0.423447
vt 0.999510 0.417936
vt 0.999510 0.394841
vt 0.966144 0.400869
vt 0.900711 0.476268
vt 0.917076 0.474580
vt 0.916820 0.452796
vt 0.900447 0.454833
vt 0.643266 0.603931
vt 0.674251 0.610317
vt 0.675754 0.590325
vt 0.644725 0.585091
vt 0.705694 0.609969
vt 0.737757 0.609818
vt 0.738701 0.589257
vt 0.706918 0.589659
vt 0.641071 0.628188
vt 0.670648 0.651311
vt 0.672512 0.630550
vt 0.641622 0.621287
vt 0.160340 0.119253
vt 0.186969 0.118729
vt 0.185825 0.099551
vt 0.157441 0.100044
vt 0.215748 0.117745
vt 0.246146 0.120776
vt 0.247103 0.101324
vt 0.214885 0.100841
vt 0.164818 0.161068
vt 0.191385 0.157523
vt 0.189131 0.141062
vt 0.162326 0.141827
vt 0.409261 0.121461
vt 0.440654 0.122098
vt 0.440529 0.102104
vt 0.409327 0.101449
vt 0.472023 0.122062
vt 0.503234 0.121821
vt 0.503408 0.102009
vt 0.472026 0.102286
vt 0.409983 0.160548
vt 0.441960 0.161799
vt 0.441252 0.142057
vt 0.409538 0.141142
vt 0.160538 0.286407
vt 0.186331 0.280913
vt 0.187746 0.257896
vt 0.160938 0.264737
vt 0.212469 0.277277
vt 0.240696 0.276728
vt 0.241321 0.254722
vt 0.213497 0.254479
vt 0.158317 0.330232
vt 0.184402 0.327638
vt 0.185078 0.306057
vt 0.159354 0.308966
vt 0.659843 0.125943
vt 0.690693 0.126062
vt 0.691082 0.105238
vt 0.660193 0.105104
vt 0.721608 0.126028
vt 0.752730 0.126332
vt 0.753466 0.105600
vt 0.722130 0.105288
vt 0.660982 0.167391
vt 0.691694 0.167598
vt 0.690759 0.146914
vt 0.659980 0.146740
vt 0.910425 0.135090
vt 0.926119 0.136587
vt 0.927266 0.114306
vt 0.911572 0.113042
vt 0.973818 0.142024
vt 0.999510 0.145392
vt 0.999510 0.121280
vt 0.974915 0.118725
vt 0.909182 0.178177
vt 0.924776 0.180187
vt 0.925759 0.158564
vt 0.909979 0.156815
vt 0.658806 0.289065
vt 0.688322 0.288695
vt 0.688872 0.268779
vt 0.659121 0.269325
vt 0.717661 0.287998
vt 0.748137 0.287919
vt 0.748600 0.268213
vt 0.718424 0.268112
vt 0.658147 0.326290
vt 0.687505 0.327211
vt 0.687970 0.307807
vt 0.658462 0.307689
vt 0.163190 0.448059
vt 0.191597 0.446069
vt 0.190437 0.425377
vt 0.163111 0.427687
vt 0.219765 0.443312
vt 0.248872 0.442341
vt 0.246529 0.421614
vt 0.217708 0.422506
vt 0.164360 0.489826
vt 0.194422 0.487472
vt 0.193003 0.466770
vt 0.163655 0.468893
vt 0.413651 0.445225
vt 0.447487 0.440672
vt 0.446124 0.423018
vt 0.412463 0.427478
vt 0.479600 0.435812
vt 0.509093 0.430209
vt 0.508073 0.411925
vt 0.477962 0.416996
vt 0.415738 0.472240
vt 0.449585 0.469143
vt 0.448769 0.456615
vt 0.414738 0.460279
vt 0.163977 0.608439
vt 0.196158 0.607782
vt 0.196341 0.586516
vt 0.164319 0.587254
vt 0.228085 0.607319
vt 0.259950 0.607092
vt 0.259265 0.585839
vt 0.227889 0.586069
vt 0.163436 0.651311
vt 0.195938 0.651311
vt 0.196023 0.629375
vt 0.163678 0.629795
vt 0.773165 0.526264
vt 0.804908 0.524992
vt 0.805241 0.504113
vt 0.773662 0.505556
vt 0.836821 0.523635
vt 0.852701 0.522715
vt 0.852748 0.501492
vt 0.836984 0.502560
vt 0.771652 0.567979
vt 0.803864 0.567135
vt 0.804362 0.546022
vt 0.772488 0.547147
vt 0.901029 0.519671
vt 0.917326 0.518497
vt 0.917265 0.496487
vt 0.900940 0.497895
vt 0.966530 0.514436
vt 0.999510 0.511271
vt 0.999510 0.487892
vt 0.966499 0.491640
vt 0.900965 0.563472
vt 0.917301 0.562695
vt 0.917324 0.540577
vt 0.901012 0.541541
vt 0.770169 0.609595
vt 0.802723 0.609249
vt 0.803322 0.588225
vt 0.770901 0.588785
vt 0.835366 0.608763
vt 0.851683 0.608463
vt 0.852034 0.587012
vt 0.835830 0.587468
vt 0.768612 0.651311
vt 0.801480 0.651311
vt 0.802106 0.630278
vt 0.769406 0.630427
vt 0.272733 0.188099
vt 0.305468 0.190928
vt 0.307217 0.172710
vt 0.274089 0.169637
vt 0.340902 0.193937
vt 0.375982 0.196452
vt 0.376255 0.176994
vt 0.341565 0.174604
vt 0.271286 0.236701
vt 0.304987 0.234615
vt 0.305023 0.212158
vt 0.271687 0.211276
vt 0.409744 0.199075
vt 0.442274 0.201298
vt 0.442200 0.181743
vt 0.409917 0.179941
vt 0.473860 0.201975
vt 0.505295 0.201862
vt 0.505224 0.181850
vt 0.473718 0.182005
vt 0.409011 0.239151
vt 0.441506 0.240984
vt 0.441928 0.220888
vt 0.409556 0.218320
vt 0.271428 0.279076
vt 0.304781 0.279429
vt 0.304927 0.257450
vt 0.271261 0.257978
vt 0.339385 0.278584
vt 0.373882 0.279593
vt 0.374630 0.258195
vt 0.339897 0.256689
vt 0.270294 0.323057
vt 0.303804 0.323186
vt 0.304521 0.301395
vt 0.271111 0.301208
vt 0.781587 0.208676
vt 0.812631 0.209842
vt 0.813900 0.189965
vt 0.782777 0.188703
vt 0.843626 0.211798
vt 0.858931 0.213368
vt 0.860616 0.193359
vt 0.845131 0.191809
vt 0.779762 0.248514
vt 0.810480 0.249573
vt 0.811468 0.229652
vt 0.780575 0.228537
vt 0.905266 0.219919
vt 0.920723 0.222394
vt 0.922750 0.201450
vt 0.907203 0.199167
vt 0.966981 0.231586
vt 0.987829 0.239254
vt 0.994777 0.217015
vt 0.969520 0.210299
vt 0.901088 0.260549
vt 0.916674 0.262758
vt 0.918705 0.243031
vt 0.903224 0.240556
vt 0.778866 0.288418
vt 0.808941 0.289672
vt 0.809146 0.269372
vt 0.779208 0.268582
vt 0.836959 0.290575
vt 0.852165 0.291227
vt 0.853961 0.272995
vt 0.836204 0.270996
vt 0.778474 0.326551
vt 0.807425 0.326485
vt 0.808000 0.308757
vt 0.778725 0.307881
vt 0.286347 0.524389
vt 0.317819 0.518451
vt 0.316183 0.499534
vt 0.284898 0.503903
vt 0.350380 0.511446
vt 0.383969 0.504241
vt 0.382302 0.488022
vt 0.348832 0.493720
vt 0.289466 0.565015
vt 0.320932 0.557876
vt 0.319353 0.537809
vt 0.288003 0.544635
vt 0.418305 0.499295
vt 0.452042 0.495189
vt 0.450637 0.482057
vt 0.416973 0.484536
vt 0.482917 0.492848
vt 0.508065 0.492442
vt 0.508871 0.476527
vt 0.481906 0.478289
vt 0.420232 0.537357
vt 0.453011 0.531397
vt 0.452323 0.512973
vt 0.419628 0.516339
vt 0.291779 0.606953
vt 0.323766 0.598938
vt 0.322288 0.578262
vt 0.290624 0.585765
vt 0.355915 0.590414
vt 0.388631 0.584255
vt 0.387769 0.564647
vt 0.354391 0.570949
vt 0.294060 0.651311
vt 0.325587 0.623879
vt 0.325104 0.616744
vt 0.292912 0.628763
vt 0.535603 0.355869
vt 0.565743 0.357623
vt 0.565682 0.338822
vt 0.535297 0.337159
vt 0.595948 0.360091
vt 0.626822 0.362685
vt 0.627018 0.343826
vt 0.596034 0.341132
vt 0.536491 0.393422
vt 0.565518 0.395506
vt 0.565708 0.376542
vt 0.536091 0.374653
vt 0.657399 0.365273
vt 0.686684 0.366702
vt 0.686821 0.346977
vt 0.657552 0.346536
vt 0.715954 0.365597
vt 0.746361 0.364884
vt 0.746803 0.345585
vt 0.716030 0.346110
vt 0.656302 0.404623
vt 0.686130 0.406354
vt 0.686526 0.385710
vt 0.657073 0.384300
vt 0.536929 0.429895
vt 0.564446 0.432792
vt 0.565114 0.414293
vt 0.536809 0.411906
vt 0.593411 0.436991
vt 0.623731 0.441169
vt 0.624787 0.421325
vt 0.594347 0.417794
vt 0.535488 0.464545
vt 0.562403 0.468782
vt 0.563510 0.450942
vt 0.536721 0.447120
vt 0.777333 0.364133
vt 0.807492 0.362521
vt 0.807504 0.343685
vt 0.777930 0.345023
vt 0.832081 0.361017
vt 0.851471 0.359086
vt 0.851164 0.342005
vt 0.831685 0.343169
vt 0.775955 0.403426
vt 0.806600 0.402084
vt 0.807099 0.382106
vt 0.776661 0.383594
vt 0.897969 0.350658
vt 0.914751 0.346871
vt 0.914227 0.328643
vt 0.897169 0.332751
vt 0.972051 0.333546
vt 0.999510 0.326911
vt 0.989406 0.308890
vt 0.972769 0.313133
vt 0.899358 0.391190
vt 0.916014 0.388241
vt 0.915488 0.367161
vt 0.898815 0.370635
vt 0.774672 0.443788
vt 0.805727 0.442513
vt 0.806103 0.422249
vt 0.775266 0.423545
vt 0.836748 0.440382
vt 0.852215 0.438872
vt 0.852047 0.418302
vt 0.836796 0.419916
vt 0.773933 0.484787
vt 0.805384 0.483406
vt 0.805497 0.462877
vt 0.774209 0.464172
vt 0.533730 0.500424
vt 0.560025 0.506430
vt 0.561031 0.486140
vt 0.534281 0.481272
vt 0.588760 0.512838
vt 0.618754 0.519343
vt 0.620135 0.499963
vt 0.589857 0.493867
vt 0.531835 0.537208
vt 0.556991 0.542276
vt 0.558729 0.524552
vt 0.532733 0.518895
vt 0.649261 0.525361
vt 0.680008 0.528940
vt 0.681409 0.508471
vt 0.650691 0.505218
vt 0.710808 0.528013
vt 0.741778 0.527423
vt 0.742600 0.506754
vt 0.712042 0.507457
vt 0.646104 0.565667
vt 0.677175 0.570193
vt 0.678607 0.549494
vt 0.647721 0.545409
vt 0.529514 0.585056
vt 0.554433 0.588835
vt 0.555912 0.564340
vt 0.530990 0.557408
vt 0.582264 0.592712
vt 0.612319 0.597700
vt 0.613586 0.578307
vt 0.583668 0.571637
vt 0.528300 0.630771
vt 0.551886 0.618378
vt 0.552041 0.611046
vt 0.528347 0.616566
vt 0.032410 0.046403
vt 0.064455 0.045240
vt 0.063975 0.022870
vt 0.032188 0.023398
vt 0.096152 0.043619
vt 0.125314 0.040756
vt 0.126183 0.021234
vt 0.095690 0.022205
vt 0.032970 0.091966
vt 0.065533 0.089355
vt 0.065008 0.067386
vt 0.032698 0.069270
vt 0.153498 0.044135
vt 0.184351 0.044363
vt 0.186170 0.024501
vt 0.155172 0.022499
vt 0.216839 0.039357
vt 0.248015 0.041939
vt 0.248629 0.021303
vt 0.217825 0.017823
vt 0.154913 0.082368
vt 0.184494 0.083735
vt 0.183998 0.064846
vt 0.153487 0.064114
vt 0.034613 0.136758
vt 0.067125 0.132809
vt 0.065943 0.111196
vt 0.033223 0.114477
vt 0.099999 0.128543
vt 0.130282 0.125655
vt 0.127957 0.105795
vt 0.098706 0.107089
vt 0.038284 0.180351
vt 0.070182 0.175245
vt 0.068676 0.154073
vt 0.036372 0.158759
vt 0.279034 0.043111
vt 0.310813 0.042970
vt 0.310346 0.022167
vt 0.278886 0.021962
vt 0.342848 0.042862
vt 0.374858 0.043120
vt 0.373880 0.021823
vt 0.342100 0.022065
vt 0.279431 0.084471
vt 0.311790 0.082390
vt 0.311372 0.062753
vt 0.279272 0.064033
vt 0.406796 0.042732
vt 0.438479 0.041751
vt 0.437465 0.021173
vt 0.405700 0.021580
vt 0.470034 0.041333
vt 0.501811 0.041068
vt 0.501000 0.020779
vt 0.469179 0.020927
vt 0.408847 0.081689
vt 0.440211 0.082172
vt 0.439564 0.062068
vt 0.407951 0.062346
vt 0.278024 0.122853
vt 0.310885 0.121320
vt 0.311574 0.102810
vt 0.278945 0.103807
vt 0.343591 0.120626
vt 0.376972 0.120661
vt 0.377203 0.101117
vt 0.344242 0.101418
vt 0.275353 0.153354
vt 0.308588 0.154437
vt 0.309929 0.138398
vt 0.276888 0.138732
vt 0.044357 0.222659
vt 0.073291 0.217649
vt 0.071509 0.197213
vt 0.040764 0.202288
vt 0.103679 0.213692
vt 0.135317 0.207287
vt 0.135770 0.186198
vt 0.102972 0.192779
vt 0.052026 0.255486
vt 0.075503 0.255069
vt 0.074634 0.236982
vt 0.048476 0.240174
vt 0.166825 0.198553
vt 0.192271 0.194434
vt 0.192716 0.175159
vt 0.167481 0.178485
vt 0.216007 0.192849
vt 0.242463 0.187881
vt 0.243245 0.168980
vt 0.217064 0.170901
vt 0.162589 0.243030
vt 0.189298 0.235777
vt 0.190624 0.216595
vt 0.165756 0.219253
vt 0.051291 0.286744
vt 0.073696 0.290573
vt 0.074946 0.272679
vt 0.052781 0.270824
vt 0.102409 0.293117
vt 0.132160 0.291525
vt 0.132678 0.270519
vt 0.103454 0.273494
vt 0.044070 0.318733
vt 0.069741 0.326578
vt 0.071897 0.308415
vt 0.048569 0.302961
vt 0.533514 0.041306
vt 0.565128 0.041550
vt 0.564457 0.021007
vt 0.532772 0.020879
vt 0.596687 0.041771
vt 0.628197 0.042013
vt 0.627602 0.021257
vt 0.596056 0.021140
vt 0.534636 0.082323
vt 0.566214 0.082673
vt 0.565805 0.062127
vt 0.534237 0.061813
vt 0.659579 0.042283
vt 0.690852 0.042179
vt 0.690495 0.021266
vt 0.659073 0.021372
vt 0.722221 0.042074
vt 0.754051 0.042168
vt 0.753702 0.021238
vt 0.721988 0.021195
vt 0.660400 0.084214
vt 0.691399 0.084315
vt 0.691263 0.063242
vt 0.660136 0.063250
vt 0.534479 0.122406
vt 0.566144 0.123113
vt 0.566237 0.102982
vt 0.534567 0.102570
vt 0.597601 0.123940
vt 0.628794 0.124853
vt 0.629059 0.104237
vt 0.597754 0.103536
vt 0.536351 0.162528
vt 0.567881 0.163480
vt 0.566684 0.143223
vt 0.535085 0.142292
vt 0.786070 0.042550
vt 0.817945 0.043165
vt 0.817393 0.021774
vt 0.785581 0.021438
vt 0.849615 0.043913
vt 0.865363 0.044365
vt 0.864913 0.022427
vt 0.849078 0.022177
vt 0.786102 0.085200
vt 0.818252 0.086210
vt 0.818440 0.064706
vt 0.786588 0.063809
vt 0.912624 0.045842
vt 0.928396 0.046373
vt 0.928008 0.023487
vt 0.912250 0.023214
vt 0.975915 0.048061
vt 0.999510 0.048986
vt 0.998198 0.024804
vt 0.975335 0.024322
vt 0.912704 0.090782
vt 0.928454 0.091814
vt 0.928824 0.069157
vt 0.913035 0.068367
vt 0.784186 0.127076
vt 0.815915 0.128438
vt 0.817164 0.107474
vt 0.785151 0.106250
vt 0.847784 0.129937
vt 0.863562 0.131087
vt 0.864725 0.109717
vt 0.849046 0.108738
vt 0.783993 0.168402
vt 0.815384 0.169754
vt 0.815241 0.149196
vt 0.783674 0.147801
vt 0.536893 0.202798
vt 0.568283 0.203901
vt 0.568283 0.183761
vt 0.536863 0.182775
vt 0.599167 0.205388
vt 0.629851 0.206865
vt 0.630073 0.186465
vt 0.599285 0.185076
vt 0.537156 0.242080
vt 0.568072 0.243525
vt 0.568236 0.223804
vt 0.537052 0.222497
vt 0.660300 0.208330
vt 0.690723 0.208408
vt 0.691289 0.188116
vt 0.660689 0.187894
vt 0.721054 0.208010
vt 0.751170 0.208048
vt 0.752091 0.188016
vt 0.721696 0.187859
vt 0.659537 0.249001
vt 0.689424 0.248893
vt 0.690043 0.228703
vt 0.659921 0.228727
vt 0.536925 0.280970
vt 0.567440 0.282242
vt 0.567753 0.263107
vt 0.537257 0.261544
vt 0.597832 0.284466
vt 0.628504 0.287192
vt 0.629015 0.267271
vt 0.598461 0.265131
vt 0.536102 0.318424
vt 0.566562 0.320011
vt 0.566940 0.301193
vt 0.536521 0.299716
vt 0.035206 0.353249
vt 0.067740 0.364132
vt 0.067725 0.344851
vt 0.038345 0.335077
vt 0.099634 0.370781
vt 0.131129 0.372251
vt 0.129799 0.352836
vt 0.098808 0.351378
vt 0.034431 0.395017
vt 0.068176 0.405180
vt 0.067910 0.384449
vt 0.034526 0.373762
vt 0.161257 0.370993
vt 0.186749 0.367742
vt 0.185307 0.350039
vt 0.159295 0.351435
vt 0.211721 0.364903
vt 0.240370 0.362859
vt 0.238136 0.343014
vt 0.209528 0.345934
vt 0.162827 0.408022
vt 0.189475 0.405344
vt 0.188324 0.386287
vt 0.162270 0.389111
vt 0.033437 0.436570
vt 0.066931 0.443631
vt 0.067735 0.424797
vt 0.034221 0.415925
vt 0.100596 0.447226
vt 0.132832 0.448618
vt 0.133248 0.429545
vt 0.101234 0.429316
vt 0.033487 0.477682
vt 0.066715 0.483722
vt 0.066652 0.463028
vt 0.033314 0.457057
vt 0.271809 0.365101
vt 0.304931 0.365876
vt 0.303078 0.344418
vt 0.269761 0.344254
vt 0.339160 0.364939
vt 0.373954 0.364279
vt 0.372338 0.342901
vt 0.337476 0.343303
vt 0.275564 0.405912
vt 0.308172 0.409170
vt 0.306582 0.387452
vt 0.273693 0.385923
vt 0.408197 0.362992
vt 0.441479 0.360727
vt 0.439922 0.340463
vt 0.406503 0.341862
vt 0.473751 0.357668
vt 0.505019 0.355134
vt 0.504476 0.336157
vt 0.472676 0.338290
vt 0.411245 0.406262
vt 0.444567 0.402268
vt 0.442987 0.381420
vt 0.409747 0.384449
vt 0.278893 0.443426
vt 0.310806 0.447371
vt 0.309537 0.429496
vt 0.277324 0.424706
vt 0.344454 0.449371
vt 0.378919 0.447884
vt 0.377962 0.429130
vt 0.343363 0.430574
vt 0.283084 0.483406
vt 0.314288 0.480957
vt 0.312462 0.463637
vt 0.280829 0.463012
vt 0.033070 0.519975
vt 0.066551 0.523688
vt 0.066713 0.504578
vt 0.033411 0.498749
vt 0.100021 0.527716
vt 0.132826 0.529994
vt 0.133035 0.511207
vt 0.100249 0.509084
vt 0.033217 0.563318
vt 0.066328 0.564424
vt 0.066408 0.542944
vt 0.033174 0.541462
vt 0.164761 0.529960
vt 0.195935 0.527578
vt 0.195374 0.508135
vt 0.164702 0.510644
vt 0.226426 0.525423
vt 0.256378 0.524982
vt 0.254981 0.504458
vt 0.225402 0.505445
vt 0.164666 0.566687
vt 0.196519 0.565735
vt 0.196333 0.546569
vt 0.164765 0.548137
vt 0.033225 0.607294
vt 0.066083 0.607960
vt 0.066210 0.586223
vt 0.033234 0.585288
vt 0.098914 0.608585
vt 0.131558 0.608810
vt 0.131929 0.587636
vt 0.099200 0.587189
vt 0.033182 0.651311
vt 0.065870 0.651311
vt 0.065967 0.629658
vt 0.033204 0.629306
vt 0.933619 0.628934
vt 0.950086 0.628716
vt 0.950091 0.606132
vt 0.933643 0.606570
vt 0.933604 0.651311
vt 0.950090 0.651311
vt 0.932821 0.298633
vt 0.952246 0.294395
vt 0.952655 0.285661
vt 0.933386 0.289400
vt 0.931980 0.308983
vt 0.951950 0.303965
vt 0.933317 0.450649
vt 0.949836 0.448436
vt 0.949672 0.426094
vt 0.933105 0.428637
vt 0.933513 0.472782
vt 0.949964 0.470871
vt 0.941614 0.160508
vt 0.957595 0.162683
vt 0.957772 0.140040
vt 0.941889 0.138235
vt 0.940367 0.182457
vt 0.956032 0.185018
vt 0.933694 0.539544
vt 0.950106 0.538425
vt 0.950098 0.515888
vt 0.933689 0.517245
vt 0.933685 0.561866
vt 0.950102 0.560986
vt 0.934064 0.245097
vt 0.949872 0.247344
vt 0.951481 0.228342
vt 0.936113 0.225126
vt 0.932741 0.263857
vt 0.950704 0.263241
vt 0.932306 0.363793
vt 0.949578 0.360076
vt 0.950310 0.338815
vt 0.931996 0.343023
vt 0.932696 0.385111
vt 0.949296 0.381846
vt 0.944663 0.069979
vt 0.960567 0.070829
vt 0.960033 0.047485
vt 0.944196 0.046922
vt 0.944273 0.092905
vt 0.960179 0.094060
vt 0.868275 0.586521
vt 0.884561 0.585986
vt 0.884691 0.564208
vt 0.868485 0.564902
vt 0.868029 0.608128
vt 0.884398 0.607768
vt 0.933664 0.584217
vt 0.950095 0.583558
vt 0.867761 0.629724
vt 0.884219 0.629540
vt 0.867497 0.651311
vt 0.884045 0.651311
vt 0.868145 0.274799
vt 0.883024 0.277726
vt 0.885559 0.257965
vt 0.870446 0.255423
vt 0.866803 0.292203
vt 0.882048 0.292469
vt 0.932737 0.279076
vt 0.952008 0.276219
vt 0.865914 0.308164
vt 0.880962 0.307247
vt 0.865772 0.323459
vt 0.880851 0.321241
vt 0.867556 0.416528
vt 0.883519 0.414461
vt 0.882991 0.393897
vt 0.867156 0.396139
vt 0.867890 0.437302
vt 0.883921 0.435501
vt 0.932927 0.406835
vt 0.949502 0.403910
vt 0.868210 0.458210
vt 0.884243 0.456671
vt 0.868472 0.479246
vt 0.884520 0.477847
vt 0.880322 0.110764
vt 0.895935 0.111864
vt 0.897002 0.089822
vt 0.881334 0.088925
vt 0.879181 0.132363
vt 0.894788 0.133699
vt 0.943037 0.115671
vt 0.958911 0.117138
vt 0.878514 0.153722
vt 0.894238 0.155232
vt 0.877981 0.174661
vt 0.893560 0.176367
vt 0.868630 0.500441
vt 0.884717 0.499215
vt 0.868694 0.521775
vt 0.884806 0.520763
vt 0.933638 0.494983
vt 0.950057 0.493371
vt 0.868637 0.543293
vt 0.884779 0.542440
vt 0.876057 0.195107
vt 0.891602 0.197074
vt 0.874240 0.215286
vt 0.889701 0.217560
vt 0.938266 0.204022
vt 0.953780 0.206933
vt 0.872336 0.235425
vt 0.887672 0.237990
vt 0.865677 0.340269
vt 0.880810 0.336752
vt 0.866304 0.357654
vt 0.881667 0.354750
vt 0.931768 0.323884
vt 0.950904 0.319195
vt 0.866695 0.376363
vt 0.882398 0.373890
vt 0.000490 0.023914
vt 0.032014 0.000490
vt 0.000490 0.000490
vt 0.063714 0.000490
vt 0.000490 0.047472
vt 0.095607 0.000490
vt 0.127380 0.000490
vt 0.000490 0.071107
vt 0.000490 0.094705
vt 0.158361 0.000490
vt 0.188524 0.004109
vt 0.218348 0.000490
vt 0.247712 0.000490
vt 0.000490 0.118187
vt 0.003997 0.141198
vt 0.017038 0.162198
vt 0.022680 0.183974
vt 0.278689 0.000490
vt 0.309939 0.000490
vt 0.341362 0.000490
vt 0.372933 0.000490
vt 0.404641 0.000490
vt 0.436500 0.000490
vt 0.468371 0.000490
vt 0.500278 0.000490
vt 0.031021 0.204246
vt 0.034903 0.224363
vt 0.037124 0.241787
vt 0.043257 0.255758
vt 0.042542 0.270056
vt 0.039470 0.284330
vt 0.029261 0.298445
vt 0.021531 0.312179
vt 0.532113 0.000490
vt 0.563850 0.000490
vt 0.595480 0.000490
vt 0.627048 0.000490
vt 0.658578 0.000490
vt 0.690104 0.000490
vt 0.721659 0.000490
vt 0.753318 0.000490
vt 0.785105 0.000490
vt 0.816895 0.000490
vt 0.848577 0.000490
vt 0.864476 0.000490
vt 0.880711 0.022689
vt 0.896486 0.022949
vt 0.896114 0.000490
vt 0.880319 0.000490
vt 0.927612 0.000490
vt 0.911876 0.000490
vt 0.881114 0.044838
vt 0.896866 0.045331
vt 0.943769 0.023763
vt 0.959542 0.024038
vt 0.959033 0.000490
vt 0.943326 0.000490
vt 0.999510 0.005404
vt 0.974733 0.000490
vt 0.881549 0.066930
vt 0.897281 0.067625
vt 0.012195 0.324154
vt 0.000490 0.340825
vt 0.000490 0.361796
vt 0.000490 0.383012
vt 0.000490 0.404594
vt 0.000490 0.426561
vt 0.000490 0.448705
vt 0.000490 0.470948
vt 0.000490 0.493485
vt 0.000490 0.516280
vt 0.000490 0.538985
vt 0.000490 0.561568
vt 0.000490 0.584071
vt 0.000490 0.606523
vt 0.000490 0.628932
vt 0.000490 0.651311
s 0
usemtl Scene_-_Root
f 1/1/1 2/2/1 3/3/1
f 1/1/1 3/3/1 4/4/1
s 1
f 5/5/2 6/6/3 7/7/4
f 5/5/2 7/7/4 8/8/5
f 9/9/6 10/10/7 11/11/8
f 9/9/6 11/11/8 12/12/9
f 13/13/10 14/14/11 15/15/12
f 13/13/10 15/15/12 16/16/13
f 17/17/14 18/18/15 19/19/16
f 17/17/14 19/19/16 20/20/17
s 0
f 21/21/1 22/22/1 23/23/1
f 21/21/1 23/23/1 24/24/1
f 25/25/1 26/26/1 27/27/1
s 1
f 25/25/1 27/27/1 28/28/18
f 29/29/19 30/30/20 31/31/21
f 29/29/19 31/31/21 32/32/22
f 33/33/23 34/34/24 35/35/25
f 33/33/23 35/35/25 36/36/26
f 37/37/27 38/38/28 39/39/29
f 37/37/27 39/39/29 40/40/30
f 41/41/31 42/42/32 43/43/33
f 41/41/31 43/43/33 44/44/34
s 0
f 45/45/1 46/46/1 47/47/1
f 45/45/1 47/47/1 48/48/1
s 1
f 49/49/35 50/50/36 51/51/37
f 49/49/35 51/51/37 52/52/38
f 53/53/39 54/54/40 55/55/41
f 53/53/39 55/55/41 56/56/42
f 57/57/43 58/58/44 59/59/45
f 57/57/43 59/59/45 60/60/46
s 0
f 61/61/1 62/62/1 63/63/1
f 61/61/1 63/63/1 64/64/1
f 65/65/1 66/66/1 67/67/1
s 1
f 65/65/1 67/67/1 68/68/47
s 0
f 69/69/1 70/70/1 71/71/1
f 69/69/1 71/71/1 72/72/1
f 73/73/1 74/74/1 75/75/1
f 73/73/1 75/75/1 76/76/1
s 1
f 77/77/48 78/78/49 79/79/50
f 77/77/48 79/79/50 80/80/51
f 81/81/52 82/82/53 83/83/54
f 81/81/52 83/83/54 84/84/55
f 85/85/56 86/86/57 87/87/58
f 85/85/56 87/87/58 88/88/59
f 89/89/60 90/90/61 91/91/62
f 89/89/60 91/91/62 92/92/63
f 93/93/64 94/94/65 95/95/66
f 93/93/64 95/95/66 96/96/67
f 97/97/68 98/98/69 99/99/70
f 97/97/68 99/99/70 100/100/71
f 101/101/72 102/102/73 103/103/74
f 101/101/72 103/103/74 104/104/75
f 105/105/76 106/106/77 107/107/78
f 105/105/76 107/107/78 108/108/79
f 109/109/80 110/110/81 111/111/82
f 109/109/80 111/111/82 112/112/83
f 113/113/84 114/114/85 115/115/86
f 113/113/84 115/115/86 116/116/87
f 117/117/88 118/118/89 119/119/90
f 117/117/88 119/119/90 120/120/91
f 121/121/92 122/122/93 123/123/94
f 121/121/92 123/123/94 124/124/95
f 125/125/96 126/126/97 127/127/98
f 125/125/96 127/127/98 128/128/99
f 129/129/100 130/130/101 131/131/102
f 129/129/100 131/131/102 132/132/103
f 133/133/104 134/134/105 135/135/106
f 133/133/104 135/135/106 136/136/107
f 137/137/108 138/138/109 139/139/110
f 137/137/108 139/139/110 140/140/111
f 141/141/112 142/142/113 143/143/114
f 141/141/112 143/143/114 144/144/115
f 145/145/116 146/146/117 147/147/118
f 145/145/116 147/147/118 148/148/119
f 149/149/120 150/150/121 151/151/122
f 149/149/120 151/151/122 152/152/123
f 153/153/124 154/154/125 155/155/126
f 153/153/124 155/155/126 156/156/127
f 157/157/128 158/158/129 159/159/130
f 157/157/128 159/159/130 160/160/131
f 161/161/132 162/162/133 163/163/134
f 161/161/132 163/163/134 164/164/135
f 165/165/136 166/166/137 167/167/138
f 165/165/136 167/167/138 168/168/139
f 169/169/140 170/170/141 171/171/142
f 169/169/140 171/171/142 172/172/143
f 173/173/144 174/174/145 175/175/146
f 173/173/144 175/175/146 176/176/147
f 177/177/148 178/178/149 179/179/150
f 177/177/148 179/179/150 180/180/151
f 181/181/152 182/182/153 183/183/154
f 181/181/152 183/183/154 184/184/155
f 185/185/156 186/186/157 187/187/158
f 185/185/156 187/187/158 188/188/159
f 189/189/160 190/190/161 191/191/162
f 189/189/160 191/191/162 192/192/163
f 193/193/164 194/194/165 195/195/166
f 193/193/164 195/195/166 196/196/167
f 197/197/168 198/198/1 199/199/1
f 197/197/168 199/199/1 200/200/1
s 0
f 201/201/1 202/202/1 203/203/1
f 201/201/1 203/203/1 204/204/1
s 1
f 205/205/169 206/206/170 207/207/171
f 205/205/169 207/207/171 208/208/172
f 209/209/173 210/210/174 211/211/175
f 209/209/173 211/211/175 212/212/176
f 213/213/177 214/214/178 215/215/179
f 213/213/177 215/215/179 216/216/180
f 217/217/181 218/218/182 219/219/183
f 217/217/181 219/219/183 220/220/184
f 221/221/185 222/222/186 223/223/187
f 221/221/185 223/223/187 224/224/188
f 225/225/189 226/226/190 227/227/191
f 225/225/189 227/227/191 228/228/192
f 229/229/193 230/230/194 231/231/195
f 229/229/193 231/231/195 232/232/196
f 233/233/197 234/234/198 235/235/199
f 233/233/197 235/235/199 236/236/200
f 237/237/201 238/238/202 239/239/203
f 237/237/201 239/239/203 240/240/204
f 241/241/205 242/242/206 243/243/207
f 241/241/205 243/243/207 244/244/208
f 245/245/209 246/246/210 247/247/211
f 245/245/209 247/247/211 248/248/212
f 249/249/213 250/250/214 251/251/215
f 249/249/213 251/251/215 252/252/216
s 0
f 253/253/1 254/254/1 255/255/1
f 253/253/1 255/255/1 256/256/1
f 257/257/1 258/258/1 259/259/1
f 257/257/1 259/259/1 260/260/1
f 261/261/1 262/262/1 263/263/1
f 261/261/1 263/263/1 264/264/1
f 265/265/1 266/266/1 267/267/1
f 265/265/1 267/267/1 268/268/1
s 1
f 269/269/217 270/270/218 271/271/219
f 269/269/217 271/271/219 272/272/220
f 273/273/221 274/274/222 275/275/223
f 273/273/221 275/275/223 276/276/224
f 277/277/225 278/278/226 279/279/227
f 277/277/225 279/279/227 280/280/228
f 281/281/229 282/282/230 283/283/231
f 281/281/229 283/283/231 284/284/232
f 285/285/233 286/286/234 287/287/235
f 285/285/233 287/287/235 288/288/236
f 289/289/237 290/290/238 291/291/239
f 289/289/237 291/291/239 292/292/240
f 293/293/241 294/294/242 295/295/243
f 293/293/241 295/295/243 296/296/244
f 297/297/245 298/298/246 299/299/247
f 297/297/245 299/299/247 300/300/248
f 301/301/249 302/302/250 303/303/251
f 301/301/249 303/303/251 304/304/252
f 305/305/253 306/306/254 307/307/255
f 305/305/253 307/307/255 308/308/256
f 309/309/257 310/310/258 311/311/259
f 309/309/257 311/311/259 312/312/260
f 313/313/261 314/314/262 315/315/263
f 313/313/261 315/315/263 316/316/264
f 317/317/265 318/318/266 319/319/267
f 317/317/265 319/319/267 320/320/268
f 321/321/1 322/322/1 323/323/269
f 321/321/1 323/323/269 324/324/270
f 325/325/271 326/326/272 327/327/273
f 325/325/271 327/327/273 328/328/274
f 329/329/275 330/330/276 331/331/277
f 329/329/275 331/331/277 332/332/278
f 333/333/279 334/334/280 335/335/281
f 333/333/279 335/335/281 336/336/282
f 337/337/283 338/338/284 339/339/285
f 337/337/283 339/339/285 340/340/286
f 341/341/287 342/342/288 343/343/289
f 341/341/287 343/343/289 344/344/290
f 345/345/291 346/346/292 347/347/293
f 345/345/291 347/347/293 348/348/294
f 349/349/295 350/350/296 351/351/297
f 349/349/295 351/351/297 352/352/298
f 353/353/299 354/354/300 355/355/301
f 353/353/299 355/355/301 356/356/302
f 357/357/303 358/358/304 359/359/305
f 357/357/303 359/359/305 360/360/306
f 361/361/307 362/362/308 363/363/309
f 361/361/307 363/363/309 364/364/310
f 365/365/311 366/366/312 367/367/313
f 365/365/311 367/367/313 368/368/314
f 369/369/315 370/370/316 371/371/317
f 369/369/315 371/371/317 372/372/318
f 373/373/319 374/374/320 375/375/321
f 373/373/319 375/375/321 376/376/322
f 377/377/323 378/378/324 379/379/325
f 377/377/323 379/379/325 380/380/326
f 381/381/327 382/382/328 383/383/329
f 381/381/327 383/383/329 384/384/330
f 385/385/331 386/386/332 387/387/333
f 385/385/331 387/387/333 388/388/334
s 0
f 389/389/1 390/390/1 391/391/1
f 389/389/1 391/391/1 392/392/1
f 393/393/1 394/394/1 395/395/1
f 393/393/1 395/395/1 396/396/1
s 1
f 397/397/335 398/398/336 399/399/337
f 397/397/335 399/399/337 400/400/338
f 401/401/339 402/402/340 403/403/341
f 401/401/339 403/403/341 404/404/342
f 405/405/343 406/406/344 407/407/345
f 405/405/343 407/407/345 408/408/346
f 409/409/347 410/410/348 411/411/349
f 409/409/347 411/411/349 412/412/350
f 413/413/351 414/414/352 415/415/353
f 413/413/351 415/415/353 416/416/354
f 417/417/355 418/418/356 419/419/357
f 417/417/355 419/419/357 420/420/358
f 421/421/359 422/422/360 423/423/361
f 421/421/359 423/423/361 424/424/362
f 425/425/363 426/426/364 427/427/365
f 425/425/363 427/427/365 428/428/366
f 429/429/367 430/430/368 431/431/369
f 429/429/367 431/431/369 432/432/370
f 433/433/371 434/434/372 435/435/373
f 433/433/371 435/435/373 436/436/374
f 437/437/1 438/438/1 439/439/375
f 437/437/1 439/439/375 440/440/376
f 441/441/1 442/442/1 443/443/377
f 441/441/1 443/443/377 444/444/378
s 0
f 445/445/1 446/446/1 447/447/1
f 445/445/1 447/447/1 448/448/1
s 1
f 449/449/379 450/450/380 451/451/381
f 449/449/379 451/451/381 452/452/382
f 453/453/383 454/454/384 455/455/385
f 453/453/383 455/455/385 456/456/386
f 457/457/387 458/458/388 459/459/389
f 457/457/387 459/459/389 460/460/390
s 0
f 461/461/1 462/462/1 463/463/1
s 1
f 461/461/1 463/463/1 464/464/391
s 0
f 465/465/1 466/466/1 467/467/1
f 465/465/1 467/467/1 468/468/1
f 469/469/1 470/470/1 471/471/1
f 469/469/1 471/471/1 472/472/1
f 473/473/1 474/474/1 475/475/1
s 1
f 473/473/1 475/475/1 476/476/392
s 0
f 477/477/1 478/478/1 479/479/1
f 477/477/1 479/479/1 480/480/1
s 1
f 481/481/393 482/482/394 483/483/1
f 481/481/393 483/483/1 484/484/395
f 485/485/396 486/486/397 487/487/398
f 485/485/396 487/487/398 488/488/399
f 489/489/400 490/490/401 491/491/402
f 489/489/400 491/491/402 492/492/403
f 493/493/404 494/494/405 495/495/406
f 493/493/404 495/495/406 496/496/407
f 497/497/408 498/498/409 499/499/410
f 497/497/408 499/499/410 500/500/411
f 501/501/412 502/502/413 503/503/414
f 501/501/412 503/503/414 504/504/415
f 505/505/416 506/506/417 507/507/418
f 505/505/416 507/507/418 508/508/419
f 509/509/420 510/510/421 511/511/422
f 509/509/420 511/511/422 512/512/423
f 513/513/424 514/514/425 515/515/426
f 513/513/424 515/515/426 516/516/427
f 517/517/428 518/518/429 519/519/430
f 517/517/428 519/519/430 520/520/431
f 521/521/432 522/522/433 523/523/434
f 521/521/432 523/523/434 524/524/435
f 525/525/436 526/526/437 527/527/438
f 525/525/436 527/527/438 528/528/439
f 529/529/440 530/530/441 531/531/442
f 529/529/440 531/531/442 532/532/443
f 533/533/444 534/534/445 535/535/446
f 533/533/444 535/535/446 536/536/447
f 537/537/448 538/538/449 539/539/450
f 537/537/448 539/539/450 540/540/451
f 541/541/452 542/542/453 543/543/454
f 541/541/452 543/543/454 544/544/455
f 545/545/456 546/546/457 547/547/458
f 545/545/456 547/547/458 548/548/459
f 549/549/460 550/550/461 551/551/462
f 549/549/460 551/551/462 552/552/463
f 553/553/464 554/554/465 555/555/466
f 553/553/464 555/555/466 556/556/467
f 557/557/468 558/558/469 559/559/470
f 557/557/468 559/559/470 560/560/471
f 561/561/472 562/562/473 563/563/474
f 561/561/472 563/563/474 564/564/475
f 565/565/476 566/566/477 567/567/478
f 565/565/476 567/567/478 568/568/479
f 569/569/480 570/570/481 571/571/482
f 569/569/480 571/571/482 572/572/483
f 573/573/484 574/574/485 575/575/486
f 573/573/484 575/575/486 576/576/487
f 577/577/488 578/578/489 579/579/490
f 577/577/488 579/579/490 580/580/491
f 581/581/492 582/582/493 583/583/494
f 581/581/492 583/583/494 584/584/495
f 585/585/496 586/586/497 587/587/498
f 585/585/496 587/587/498 588/588/499
f 589/589/500 590/590/501 591/591/502
f 589/589/500 591/591/502 592/592/503
f 593/593/504 594/594/505 595/595/506
f 593/593/504 595/595/506 596/596/507
f 597/597/508 598/598/509 599/599/510
f 597/597/508 599/599/510 600/600/511
f 601/601/512 602/602/513 603/603/514
f 601/601/512 603/603/514 604/604/515
f 605/605/516 606/606/517 607/607/518
f 605/605/516 607/607/518 608/608/519
f 609/609/520 610/610/521 611/611/522
f 609/609/520 611/611/522 612/612/523
f 613/613/524 614/614/525 615/615/526
f 613/613/524 615/615/526 616/616/527
f 617/617/528 618/618/529 619/619/530
f 617/617/528 619/619/530 620/620/531
f 621/621/532 622/622/533 623/623/534
f 621/621/532 623/623/534 624/624/535
f 625/625/536 626/626/537 627/627/538
f 625/625/536 627/627/538 628/628/539
f 629/629/540 630/630/541 631/631/542
f 629/629/540 631/631/542 632/632/543
f 633/633/544 634/634/545 635/635/546
f 633/633/544 635/635/546 636/636/547
f 637/637/548 638/638/549 639/639/550
f 637/637/548 639/639/550 640/640/551
f 641/641/552 642/642/553 643/643/554
f 641/641/552 643/643/554 644/644/555
f 645/645/556 646/646/557 647/647/558
f 645/645/556 647/647/558 648/648/559
f 649/649/560 650/650/561 651/651/562
f 649/649/560 651/651/562 652/652/563
f 653/653/564 654/654/565 655/655/566
f 653/653/564 655/655/566 656/656/567
f 657/657/568 658/658/569 659/659/570
f 657/657/568 659/659/570 660/660/571
f 661/661/572 662/662/573 663/663/574
f 661/661/572 663/663/574 664/664/575
f 665/665/576 666/666/577 667/667/578
f 665/665/576 667/667/578 668/668/579
f 669/669/580 670/670/581 671/671/582
f 669/669/580 671/671/582 672/672/583
f 673/673/584 674/674/585 675/675/586
f 673/673/584 675/675/586 676/676/587
f 677/677/588 678/678/589 679/679/590
f 677/677/588 679/679/590 680/680/591
f 681/681/592 682/682/593 683/683/594
f 681/681/592 683/683/594 684/684/595
f 685/685/596 686/686/597 687/687/598
f 685/685/596 687/687/598 688/688/599
f 689/689/600 690/690/601 691/691/602
f 689/689/600 691/691/602 692/692/603
f 693/693/604 694/694/605 695/695/606
f 693/693/604 695/695/606 696/696/607
f 697/697/608 698/698/609 699/699/610
f 697/697/608 699/699/610 700/700/611
f 701/701/612 702/702/613 703/703/614
f 701/701/612 703/703/614 704/704/615
f 705/705/616 706/706/617 707/707/618
f 705/705/616 707/707/618 708/708/619
f 709/709/620 710/710/621 711/711/622
f 709/709/620 711/711/622 712/712/623
f 713/713/624 714/714/625 715/715/626
f 713/713/624 715/715/626 716/716/627
f 717/717/628 718/718/629 719/719/630
f 717/717/628 719/719/630 720/720/631
f 721/721/632 722/722/633 723/723/634
f 721/721/632 723/723/634 724/724/635
f 725/725/636 726/726/637 727/727/638
f 725/725/636 727/727/638 728/728/639
f 729/729/640 730/730/641 731/731/642
f 729/729/640 731/731/642 732/732/643
f 733/733/644 734/734/645 735/735/646
f 733/733/644 735/735/646 736/736/647
f 737/737/648 738/738/649 739/739/650
f 737/737/648 739/739/650 740/740/651
f 741/741/652 742/742/653 743/743/654
f 741/741/652 743/743/654 744/744/655
f 745/745/656 746/746/657 747/747/658
f 745/745/656 747/747/658 748/748/659
f 749/749/660 750/750/661 751/751/662
f 749/749/660 751/751/662 752/752/663
f 753/753/664 754/754/665 755/755/1
f 753/753/664 755/755/1 756/756/1
f 757/757/666 758/758/667 759/759/668
f 757/757/666 759/759/668 760/760/669
f 761/761/670 762/762/671 763/763/672
f 761/761/670 763/763/672 764/764/673
f 765/765/674 766/766/675 767/767/676
f 765/765/674 767/767/676 768/768/677
f 769/769/678 770/770/679 771/771/680
f 769/769/678 771/771/680 772/772/681
f 773/773/682 774/774/683 775/775/684
f 773/773/682 775/775/684 776/776/685
f 777/777/686 778/778/687 779/779/688
f 777/777/686 779/779/688 780/780/689
f 781/781/690 782/782/691 783/783/692
f 781/781/690 783/783/692 784/784/693
f 785/785/694 786/786/695 787/787/696
f 785/785/694 787/787/696 788/788/697
f 789/789/698 790/790/699 791/791/700
f 789/789/698 791/791/700 792/792/701
f 793/793/702 794/794/703 795/795/704
f 793/793/702 795/795/704 796/796/705
f 797/797/706 798/798/707 799/799/708
f 797/797/706 799/799/708 800/800/709
f 801/801/710 802/802/711 803/803/712
f 801/801/710 803/803/712 804/804/713
f 805/805/714 806/806/715 807/807/716
f 805/805/714 807/807/716 808/808/717
f 809/809/718 810/810/719 811/811/1
f 809/809/718 811/811/1 812/812/1
f 813/813/720 814/814/721 815/815/1
f 813/813/720 815/815/1 816/816/1
f 817/817/722 818/818/723 819/819/724
f 817/817/722 819/819/724 820/820/725
f 821/821/726 822/822/727 823/823/1
f 821/821/726 823/823/1 824/824/1
f 825/825/728 826/826/729 827/827/1
f 825/825/728 827/827/1 828/828/1
f 829/829/730 830/830/731 831/831/732
f 829/829/730 831/831/732 832/832/733
f 833/833/734 834/834/735 835/835/736
f 833/833/734 835/835/736 836/836/737
f 837/837/738 838/838/739 839/839/740
f 837/837/738 839/839/740 840/840/741
f 841/841/742 842/842/743 843/843/744
f 841/841/742 843/843/744 844/844/745
f 845/845/746 846/846/1 847/847/1
f 845/845/746 847/847/1 848/848/1
s 0
f 849/849/1 850/850/1 851/851/1
f 849/849/1 851/851/1 852/852/1
s 1
f 853/853/747 854/854/748 855/855/749
f 853/853/747 855/855/749 856/856/750
s 0
f 857/857/1 858/858/1 859/859/1
f 857/857/1 859/859/1 860/860/1
f 861/861/1 862/862/1 863/863/1
f 861/861/1 863/863/1 864/864/1
f 865/865/1 866/866/1 867/867/1
f 865/865/1 867/867/1 868/868/1
s 1
f 869/869/751 870/870/752 871/871/753
f 869/869/751 871/871/753 872/872/754
f 873/873/755 874/874/756 875/875/757
f 873/873/755 875/875/757 876/876/758
f 877/877/759 878/878/760 879/879/761
f 877/877/759 879/879/761 880/880/762
f 881/881/763 882/882/764 883/883/765
f 881/881/763 883/883/765 884/884/766
f 885/885/767 886/886/768 887/887/769
f 885/885/767 887/887/769 888/888/770
f 889/889/771 890/890/772 891/891/773
f 889/889/771 891/891/773 892/892/774
f 893/893/775 894/894/776 895/895/777
f 893/893/775 895/895/777 896/896/778
f 897/897/779 898/898/780 899/899/781
f 897/897/779 899/899/781 900/900/782
f 901/901/783 902/902/784 903/903/785
f 901/901/783 903/903/785 904/904/786
f 905/905/787 906/906/788 907/907/789
f 905/905/787 907/907/789 908/908/790
f 909/909/791 910/910/792 911/911/793
f 909/909/791 911/911/793 912/912/794
f 913/913/795 914/914/796 915/915/797
f 913/913/795 915/915/797 916/916/798
f 917/917/799 918/918/800 919/919/801
f 917/917/799 919/919/801 920/920/802
f 921/921/803 922/922/804 923/923/805
f 921/921/803 923/923/805 924/924/806
f 925/925/807 926/926/808 927/927/809
f 925/925/807 927/927/809 928/928/810
f 929/929/811 930/930/812 931/931/813
f 929/929/811 931/931/813 932/932/814
f 933/933/815 934/934/816 935/935/817
f 933/933/815 935/935/817 936/936/818
f 937/937/819 938/938/820 939/939/821
f 937/937/819 939/939/821 940/940/822
f 941/941/823 942/942/824 943/943/825
f 941/941/823 943/943/825 944/944/826
f 945/945/827 946/946/828 947/947/829
f 945/945/827 947/947/829 948/948/830
f 949/949/831 950/950/832 951/951/833
f 949/949/831 951/951/833 952/952/834
f 953/953/835 954/954/836 955/955/837
f 953/953/835 955/955/837 956/956/838
f 957/957/839 958/958/840 959/959/841
f 957/957/839 959/959/841 960/960/842
f 961/961/843 962/962/844 963/963/845
f 961/961/843 963/963/845 964/964/846
f 965/965/847 966/966/848 967/967/849
f 965/965/847 967/967/849 968/968/850
f 969/969/851 970/970/852 971/971/853
f 969/969/851 971/971/853 972/972/854
f 973/973/855 974/974/856 975/975/857
f 973/973/855 975/975/857 976/976/858
f 977/977/859 978/978/860 979/979/861
f 977/977/859 979/979/861 980/980/862
f 981/981/863 982/982/864 983/983/865
f 981/981/863 983/983/865 984/984/866
f 985/985/867 986/986/868 987/987/869
f 985/985/867 987/987/869 988/988/870
f 989/989/871 990/990/872 991/991/873
f 989/989/871 991/991/873 992/992/874
f 993/993/875 994/994/876 995/995/877
f 993/993/875 995/995/877 996/996/878
f 997/997/879 998/998/880 999/999/881
f 997/997/879 999/999/881 1000/1000/882
f 1001/1001/883 1002/1002/884 1003/1003/885
f 1001/1001/883 1003/1003/885 1004/1004/886
f 1005/1005/887 1006/1006/888 1007/1007/889
f 1005/1005/887 1007/1007/889 1008/1008/890
f 1009/1009/891 1010/1010/892 1011/1011/893
f 1009/1009/891 1011/1011/893 1012/1012/894
s 0
f 1013/1013/1 1014/1014/1 1015/1015/1
f 1013/1013/1 1015/1015/1 1016/1016/1
s 1
f 1017/1017/1 1018/1018/1 1019/1019/895
f 1017/1017/1 1019/1019/895 1020/1020/896
s 0
f 1021/1021/1 1022/1022/1 1023/1023/1
f 1021/1021/1 1023/1023/1 1024/1024/1
f 1025/1025/1 1026/1026/1 1027/1027/1
f 1025/1025/1 1027/1027/1 1028/1028/1
f 4/4/1 3/3/1 262/262/1
f 4/4/1 262/262/1 261/261/1
f 1029/1029/1 1030/1030/1 1026/1026/1
f 1029/1029/1 1026/1026/1 1025/1025/1
s 1
f 279/279/227 8/8/5 273/273/221
f 279/279/227 273/273/221 270/270/218
f 8/8/5 7/7/4 274/274/222
f 8/8/5 274/274/222 273/273/221
f 278/278/226 5/5/2 8/8/5
f 278/278/226 8/8/5 279/279/227
f 1031/1031/897 1032/1032/898 1033/1033/899
f 1031/1031/897 1033/1033/899 1034/1034/900
f 12/12/9 1035/11/901 286/286/234
f 12/12/9 286/286/234 285/285/233
f 1036/1035/902 1037/1036/903 1032/1032/898
f 1036/1035/902 1032/1032/898 1031/1031/897
f 303/303/251 16/16/13 297/297/245
f 303/303/251 297/297/245 294/294/242
f 16/16/13 15/15/12 298/298/246
f 16/16/13 298/298/246 297/297/245
f 302/302/250 13/13/10 16/16/13
f 302/302/250 16/16/13 303/303/251
f 315/315/263 20/20/17 309/309/257
f 315/315/263 309/309/257 306/306/254
f 20/20/17 19/19/16 310/310/258
f 20/20/17 310/310/258 309/309/257
f 314/314/262 17/17/14 20/20/17
f 314/314/262 20/20/17 315/315/263
f 1038/1037/904 1039/1038/1 1040/1039/905
f 1038/1037/904 1040/1039/905 1041/1040/906
s 0
f 24/24/1 23/23/1 322/322/1
f 24/24/1 322/322/1 321/321/1
f 1042/1041/1 1043/1042/1 1039/1038/1
s 1
f 1042/1041/1 1039/1038/1 1038/1037/904
f 339/339/285 28/28/18 333/333/279
f 339/339/285 333/333/279 330/330/276
f 28/28/18 27/27/1 334/334/280
f 28/28/18 334/334/280 333/333/279
f 338/338/284 25/25/1 28/28/18
f 338/338/284 28/28/18 339/339/285
f 351/351/297 32/32/22 345/345/291
f 351/351/297 345/345/291 342/342/288
f 32/32/22 31/31/21 346/346/292
f 32/32/22 346/346/292 345/345/291
f 350/350/296 29/29/19 32/32/22
f 350/350/296 32/32/22 351/351/297
f 363/363/309 36/36/26 357/357/303
f 363/363/309 357/357/303 354/354/300
f 36/36/26 35/35/25 358/358/304
f 36/36/26 358/358/304 357/357/303
f 362/362/308 33/33/23 36/36/26
f 362/362/308 36/36/26 363/363/309
f 375/375/321 40/40/30 369/369/315
f 375/375/321 369/369/315 366/366/312
f 40/40/30 39/39/29 370/370/316
f 40/40/30 370/370/316 369/369/315
f 374/374/320 37/37/27 40/40/30
f 374/374/320 40/40/30 375/375/321
f 387/387/333 44/44/34 381/381/327
f 387/387/333 381/381/327 378/378/324
f 44/44/34 43/43/33 382/382/328
f 44/44/34 382/382/328 381/381/327
f 386/386/332 41/41/31 44/44/34
f 386/386/332 44/44/34 387/387/333
s 0
f 1044/1043/1 1045/1044/1 1046/1045/1
f 1044/1043/1 1046/1045/1 1047/1046/1
f 48/48/1 47/47/1 394/394/1
f 48/48/1 394/394/1 393/393/1
s 1
f 1048/1047/907 1049/1048/1 1045/1044/1
f 1048/1047/907 1045/1044/1 1044/1043/1
f 411/411/349 52/52/38 405/405/343
f 411/411/349 405/405/343 402/402/340
f 52/52/38 51/51/37 406/406/344
f 52/52/38 406/406/344 405/405/343
f 410/410/348 49/49/35 52/52/38
f 410/410/348 52/52/38 411/411/349
f 423/423/361 56/56/42 417/417/355
f 423/423/361 417/417/355 414/414/352
f 56/56/42 55/55/41 418/418/356
f 56/56/42 418/418/356 417/417/355
f 422/422/360 53/53/39 56/56/42
f 422/422/360 56/56/42 423/423/361
f 435/435/373 60/60/46 429/429/367
f 435/435/373 429/429/367 426/426/364
f 60/60/46 59/59/45 430/430/368
f 60/60/46 430/430/368 429/429/367
f 434/434/372 57/57/43 60/60/46
f 434/434/372 60/60/46 435/435/373
s 0
f 447/447/1 64/64/1 441/441/1
f 447/447/1 441/441/1 438/438/1
f 64/64/1 63/63/1 442/442/1
f 64/64/1 442/442/1 441/441/1
f 446/446/1 61/61/1 64/64/1
f 446/446/1 64/64/1 447/447/1
s 1
f 459/459/389 68/68/47 453/453/383
f 459/459/389 453/453/383 450/450/380
f 68/68/47 67/67/1 454/454/384
f 68/68/47 454/454/384 453/453/383
f 458/458/388 65/65/1 68/68/47
f 458/458/388 68/68/47 459/459/389
s 0
f 1050/1049/1 1051/1050/1 1052/1051/1
f 1050/1049/1 1052/1051/1 1053/1052/1
f 72/72/1 71/71/1 466/466/1
f 72/72/1 466/466/1 465/465/1
f 1054/1053/1 1055/1054/1 1051/1050/1
f 1054/1053/1 1051/1050/1 1050/1049/1
s 1
f 483/483/1 76/76/908 477/477/909
f 483/483/1 477/477/909 474/474/910
s 0
f 76/76/1 75/75/1 478/478/1
f 76/76/1 478/478/1 477/477/1
f 482/482/911 73/73/912 76/76/912
s 1
f 482/482/394 76/76/908 483/483/1
f 495/495/406 80/80/51 489/489/400
f 495/495/406 489/489/400 486/486/397
f 80/80/51 79/79/50 490/490/401
f 80/80/51 490/490/401 489/489/400
f 494/494/405 77/77/48 80/80/51
f 494/494/405 80/80/51 495/495/406
f 507/507/418 84/84/55 501/501/412
f 507/507/418 501/501/412 498/498/409
f 84/84/55 83/83/54 502/502/413
f 84/84/55 502/502/413 501/501/412
f 506/506/417 81/81/52 84/84/55
f 506/506/417 84/84/55 507/507/418
f 519/519/430 88/88/59 513/513/424
f 519/519/430 513/513/424 510/510/421
f 88/88/59 87/87/58 514/514/425
f 88/88/59 514/514/425 513/513/424
f 518/518/429 85/85/56 88/88/59
f 518/518/429 88/88/59 519/519/430
f 531/531/442 92/92/63 525/525/436
f 531/531/442 525/525/436 522/522/433
f 92/92/63 91/91/62 526/526/437
f 92/92/63 526/526/437 525/525/436
f 530/530/441 89/89/60 92/92/63
f 530/530/441 92/92/63 531/531/442
f 1056/1055/913 1057/1056/914 1058/1057/915
f 1056/1055/913 1058/1057/915 1059/1058/916
f 1060/96/917 1061/95/918 538/538/449
f 1060/96/917 538/538/449 537/537/448
f 1062/1059/919 1063/1060/920 1064/1056/921
f 1062/1059/919 1064/1056/921 1065/1055/922
f 555/555/466 100/100/71 549/549/460
f 555/555/466 549/549/460 546/546/457
f 100/100/71 99/99/70 550/550/461
f 100/100/71 550/550/461 549/549/460
f 554/554/465 97/97/68 100/100/71
f 554/554/465 100/100/71 555/555/466
f 567/567/478 104/104/75 561/561/472
f 567/567/478 561/561/472 558/558/469
f 104/104/75 103/103/74 562/562/473
f 104/104/75 562/562/473 561/561/472
f 566/566/477 101/101/72 104/104/75
f 566/566/477 104/104/75 567/567/478
f 579/579/490 108/108/79 573/573/484
f 579/579/490 573/573/484 570/570/481
f 108/108/79 107/107/78 574/574/485
f 108/108/79 574/574/485 573/573/484
f 578/578/489 105/105/76 108/108/79
f 578/578/489 108/108/79 579/579/490
f 591/591/502 112/112/83 585/585/496
f 591/591/502 585/585/496 582/582/493
f 112/112/83 111/111/82 586/586/497
f 112/112/83 586/586/497 585/585/496
f 590/590/501 109/109/80 112/112/83
f 590/590/501 112/112/83 591/591/502
f 603/603/514 116/116/87 597/597/508
f 603/603/514 597/597/508 594/594/505
f 116/116/87 115/115/86 598/598/509
f 116/116/87 598/598/509 597/597/508
f 602/602/513 113/113/84 116/116/87
f 602/602/513 116/116/87 603/603/514
f 615/615/526 120/120/91 609/609/520
f 615/615/526 609/609/520 606/606/517
f 120/120/91 119/119/90 610/610/521
f 120/120/91 610/610/521 609/609/520
f 614/614/525 117/117/88 120/120/91
f 614/614/525 120/120/91 615/615/526
f 627/627/538 124/124/95 621/621/532
f 627/627/538 621/621/532 618/618/529
f 124/124/95 123/123/94 622/622/533
f 124/124/95 622/622/533 621/621/532
f 626/626/537 121/121/92 124/124/95
f 626/626/537 124/124/95 627/627/538
f 639/639/550 128/128/99 633/633/544
f 639/639/550 633/633/544 630/630/541
f 128/128/99 127/127/98 634/634/545
f 128/128/99 634/634/545 633/633/544
f 638/638/549 125/125/96 128/128/99
f 638/638/549 128/128/99 639/639/550
f 1066/1061/923 1067/1062/924 1068/1063/925
f 1066/1061/923 1068/1063/925 1069/1064/926
f 132/132/103 131/131/102 646/646/557
f 132/132/103 646/646/557 645/645/556
f 1070/1065/927 1071/1066/928 1067/1062/924
f 1070/1065/927 1067/1062/924 1066/1061/923
f 663/663/574 136/136/107 657/657/568
f 663/663/574 657/657/568 654/654/565
f 136/136/107 135/135/106 658/658/569
f 136/136/107 658/658/569 657/657/568
f 662/662/573 133/133/104 136/136/107
f 662/662/573 136/136/107 663/663/574
f 675/675/586 140/140/111 669/669/580
f 675/675/586 669/669/580 666/666/577
f 140/140/111 139/139/110 670/670/581
f 140/140/111 670/670/581 669/669/580
f 674/674/585 137/137/108 140/140/111
f 674/674/585 140/140/111 675/675/586
f 687/687/598 144/144/115 681/681/592
f 687/687/598 681/681/592 678/678/589
f 144/144/115 143/143/114 682/682/593
f 144/144/115 682/682/593 681/681/592
f 686/686/597 141/141/112 144/144/115
f 686/686/597 144/144/115 687/687/598
f 699/699/610 148/148/119 693/693/604
f 699/699/610 693/693/604 690/690/601
f 148/148/119 147/147/118 694/694/605
f 148/148/119 694/694/605 693/693/604
f 698/698/609 145/145/116 148/148/119
f 698/698/609 148/148/119 699/699/610
f 711/711/622 152/152/123 705/705/616
f 711/711/622 705/705/616 702/702/613
f 152/152/123 151/151/122 706/706/617
f 152/152/123 706/706/617 705/705/616
f 710/710/621 149/149/120 152/152/123
f 710/710/621 152/152/123 711/711/622
f 723/723/634 156/156/127 717/717/628
f 723/723/634 717/717/628 714/714/625
f 156/156/127 155/155/126 718/718/629
f 156/156/127 718/718/629 717/717/628
f 722/722/633 153/153/124 156/156/127
f 722/722/633 156/156/127 723/723/634
f 735/735/646 160/160/131 729/729/640
f 735/735/646 729/729/640 726/726/637
f 160/160/131 159/159/130 730/730/641
f 160/160/131 730/730/641 729/729/640
f 734/734/645 157/157/128 160/160/131
f 734/734/645 160/160/131 735/735/646
f 747/747/658 164/164/135 741/741/652
f 747/747/658 741/741/652 738/738/649
f 164/164/135 163/163/134 742/742/653
f 164/164/135 742/742/653 741/741/652
f 746/746/657 161/161/132 164/164/135
f 746/746/657 164/164/135 747/747/658
f 759/759/668 168/168/139 753/753/664
f 759/759/668 753/753/664 750/750/661
f 168/168/139 167/167/138 754/754/665
f 168/168/139 754/754/665 753/753/664
f 758/758/667 165/165/136 168/168/139
f 758/758/667 168/168/139 759/759/668
f 771/771/680 172/172/143 765/765/674
f 771/771/680 765/765/674 762/762/671
f 172/172/143 171/171/142 766/766/675
f 172/172/143 766/766/675 765/765/674
f 770/770/679 169/169/140 172/172/143
f 770/770/679 172/172/143 771/771/680
f 783/783/692 176/176/147 777/777/686
f 783/783/692 777/777/686 774/774/683
f 176/176/147 175/175/146 778/778/687
f 176/176/147 778/778/687 777/777/686
f 782/782/691 173/173/144 176/176/147
f 782/782/691 176/176/147 783/783/692
f 795/795/704 180/180/151 789/789/698
f 795/795/704 789/789/698 786/786/695
f 180/180/151 179/179/150 790/790/699
f 180/180/151 790/790/699 789/789/698
f 794/794/703 177/177/148 180/180/151
f 794/794/703 180/180/151 795/795/704
f 807/807/716 184/184/155 801/801/710
f 807/807/716 801/801/710 798/798/707
f 184/184/155 183/183/154 802/802/711
f 184/184/155 802/802/711 801/801/710
f 806/806/715 181/181/152 184/184/155
f 806/806/715 184/184/155 807/807/716
f 819/819/724 188/188/159 813/813/720
f 819/819/724 813/813/720 810/810/719
f 188/188/159 187/187/158 814/814/721
f 188/188/159 814/814/721 813/813/720
f 818/818/723 185/185/156 188/188/159
f 818/818/723 188/188/159 819/819/724
f 831/831/732 192/192/163 825/825/728
f 831/831/732 825/825/728 822/822/727
f 192/192/163 191/191/162 826/826/729
f 192/192/163 826/826/729 825/825/728
f 830/830/731 189/189/160 192/192/163
f 830/830/731 192/192/163 831/831/732
f 843/843/744 196/196/167 837/837/738
f 843/843/744 837/837/738 834/834/735
f 196/196/167 195/195/166 838/838/739
f 196/196/167 838/838/739 837/837/738
f 842/842/743 193/193/164 196/196/167
f 842/842/743 196/196/167 843/843/744
f 855/855/749 200/200/1 849/849/1
f 855/855/749 849/849/1 846/846/1
s 0
f 200/200/1 199/199/1 850/850/1
f 200/200/1 850/850/1 849/849/1
s 1
f 854/854/748 197/197/168 200/200/1
f 854/854/748 200/200/1 855/855/749
s 0
f 1072/1067/1 1073/1068/1 1074/1069/1
f 1072/1067/1 1074/1069/1 1075/1070/1
f 204/204/1 203/203/1 862/862/1
f 204/204/1 862/862/1 861/861/1
f 1076/1071/1 1077/1072/1 1073/1068/1
f 1076/1071/1 1073/1068/1 1072/1067/1
s 1
f 879/879/761 208/208/172 873/873/755
f 879/879/761 873/873/755 870/870/752
f 208/208/172 207/207/171 874/874/756
f 208/208/172 874/874/756 873/873/755
f 878/878/760 205/205/169 208/208/172
f 878/878/760 208/208/172 879/879/761
f 891/891/773 212/212/176 885/885/767
f 891/891/773 885/885/767 882/882/764
f 212/212/176 211/211/175 886/886/768
f 212/212/176 886/886/768 885/885/767
f 890/890/772 209/209/173 212/212/176
f 890/890/772 212/212/176 891/891/773
f 903/903/785 216/216/180 897/897/779
f 903/903/785 897/897/779 894/894/776
f 216/216/180 215/215/179 898/898/780
f 216/216/180 898/898/780 897/897/779
f 902/902/784 213/213/177 216/216/180
f 902/902/784 216/216/180 903/903/785
f 915/915/797 220/220/184 909/909/791
f 915/915/797 909/909/791 906/906/788
f 220/220/184 219/219/183 910/910/792
f 220/220/184 910/910/792 909/909/791
f 914/914/796 217/217/181 220/220/184
f 914/914/796 220/220/184 915/915/797
f 927/927/809 224/224/188 921/921/803
f 927/927/809 921/921/803 918/918/800
f 224/224/188 223/223/187 922/922/804
f 224/224/188 922/922/804 921/921/803
f 926/926/808 221/221/185 224/224/188
f 926/926/808 224/224/188 927/927/809
f 939/939/821 228/228/192 933/933/815
f 939/939/821 933/933/815 930/930/812
f 228/228/192 227/227/191 934/934/816
f 228/228/192 934/934/816 933/933/815
f 938/938/820 225/225/189 228/228/192
f 938/938/820 228/228/192 939/939/821
f 951/951/833 232/232/196 945/945/827
f 951/951/833 945/945/827 942/942/824
f 232/232/196 231/231/195 946/946/828
f 232/232/196 946/946/828 945/945/827
f 950/950/832 229/229/193 232/232/196
f 950/950/832 232/232/196 951/951/833
f 963/963/845 236/236/200 957/957/839
f 963/963/845 957/957/839 954/954/836
f 236/236/200 235/235/199 958/958/840
f 236/236/200 958/958/840 957/957/839
f 962/962/844 233/233/197 236/236/200
f 962/962/844 236/236/200 963/963/845
f 975/975/857 240/240/204 969/969/851
f 975/975/857 969/969/851 966/966/848
f 240/240/204 239/239/203 970/970/852
f 240/240/204 970/970/852 969/969/851
f 974/974/856 237/237/201 240/240/204
f 974/974/856 240/240/204 975/975/857
f 987/987/869 244/244/208 981/981/863
f 987/987/869 981/981/863 978/978/860
f 244/244/208 243/243/207 982/982/864
f 244/244/208 982/982/864 981/981/863
f 986/986/868 241/241/205 244/244/208
f 986/986/868 244/244/208 987/987/869
f 999/999/881 248/248/212 993/993/875
f 999/999/881 993/993/875 990/990/872
f 248/248/212 247/247/211 994/994/876
f 248/248/212 994/994/876 993/993/875
f 998/998/880 245/245/209 248/248/212
f 998/998/880 248/248/212 999/999/881
f 1011/1011/893 252/252/216 1005/1005/887
f 1011/1011/893 1005/1005/887 1002/1002/884
f 252/252/216 251/251/215 1006/1006/888
f 252/252/216 1006/1006/888 1005/1005/887
f 1010/1010/892 249/249/213 252/252/216
f 1010/1010/892 252/252/216 1011/1011/893
s 0
f 1023/1023/1 256/256/1 1017/1017/1
f 1023/1023/1 1017/1017/1 1014/1014/1
f 256/256/1 255/255/1 1018/1018/1
f 256/256/1 1018/1018/1 1017/1017/1
f 1022/1022/1 253/253/1 256/256/1
f 1022/1022/1 256/256/1 1023/1023/1
f 1078/1073/1 1079/1074/1 1080/1075/1
f 1078/1073/1 1080/1075/1 1081/1076/1
f 260/260/1 259/259/1 470/470/1
f 260/260/1 470/470/1 469/469/1
f 1082/1077/1 1083/1078/1 1079/1074/1
f 1082/1077/1 1079/1074/1 1078/1073/1
f 1084/1079/1 1085/1080/1 1055/1054/1
f 1084/1079/1 1055/1054/1 1054/1053/1
f 264/264/1 263/263/1 70/70/1
f 264/264/1 70/70/1 69/69/1
f 1028/1028/1 1027/1027/1 1085/1080/1
f 1028/1028/1 1085/1080/1 1084/1079/1
f 1086/1081/1 1087/1082/1 1083/1078/1
f 1086/1081/1 1083/1078/1 1082/1077/1
f 268/268/1 267/267/1 258/258/1
f 268/268/1 258/258/1 257/257/1
f 1088/1083/1 1089/1084/1 1087/1082/1
f 1088/1083/1 1087/1082/1 1086/1081/1
s 1
f 515/515/426 272/272/220 505/505/416
f 515/515/426 505/505/416 78/78/49
f 272/272/220 271/271/219 506/506/417
f 272/272/220 506/506/417 505/505/416
f 514/514/425 269/269/217 272/272/220
f 514/514/425 272/272/220 515/515/426
f 271/271/219 276/276/224 81/81/52
f 271/271/219 81/81/52 506/506/417
f 276/276/224 275/275/223 82/82/53
f 276/276/224 82/82/53 81/81/52
f 270/270/218 273/273/221 276/276/224
f 270/270/218 276/276/224 271/271/219
f 87/87/58 280/280/228 269/269/217
f 87/87/58 269/269/217 514/514/425
f 280/280/228 279/279/227 270/270/218
f 280/280/228 270/270/218 269/269/217
f 86/86/57 277/277/225 280/280/228
f 86/86/57 280/280/228 87/87/58
f 1090/1085/929 1091/1086/930 1092/1087/931
f 1090/1085/929 1092/1087/931 1093/1088/932
f 284/284/232 283/283/231 542/542/453
f 284/284/232 542/542/453 541/541/452
f 1094/1089/933 1095/1090/934 1091/1086/930
f 1094/1089/933 1091/1086/930 1090/1085/929
f 1096/1091/935 1097/1092/936 1063/1060/920
f 1096/1091/935 1063/1060/920 1062/1059/919
f 288/288/236 287/287/235 94/94/65
f 288/288/236 94/94/65 93/93/64
f 1034/1034/900 1033/1033/899 1097/1092/936
f 1034/1034/900 1097/1092/936 1096/1091/935
f 1098/1093/937 1099/1094/938 1095/1090/934
f 1098/1093/937 1095/1090/934 1094/1089/933
f 292/292/240 291/291/239 282/282/230
f 292/292/240 282/282/230 281/281/229
f 1100/1095/939 1101/1096/940 1099/1094/938
f 1100/1095/939 1099/1094/938 1098/1093/937
f 587/587/498 296/296/244 577/577/488
f 587/587/498 577/577/488 102/102/73
f 296/296/244 295/295/243 578/578/489
f 296/296/244 578/578/489 577/577/488
f 586/586/497 293/293/241 296/296/244
f 586/586/497 296/296/244 587/587/498
f 295/295/243 300/300/248 105/105/76
f 295/295/243 105/105/76 578/578/489
f 300/300/248 299/299/247 106/106/77
f 300/300/248 106/106/77 105/105/76
f 294/294/242 297/297/245 300/300/248
f 294/294/242 300/300/248 295/295/243
f 111/111/82 304/304/252 293/293/241
f 111/111/82 293/293/241 586/586/497
f 304/304/252 303/303/251 294/294/242
f 304/304/252 294/294/242 293/293/241
f 110/110/81 301/301/249 304/304/252
f 110/110/81 304/304/252 111/111/82
f 623/623/534 308/308/256 613/613/524
f 623/623/534 613/613/524 114/114/85
f 308/308/256 307/307/255 614/614/525
f 308/308/256 614/614/525 613/613/524
f 622/622/533 305/305/253 308/308/256
f 622/622/533 308/308/256 623/623/534
f 307/307/255 312/312/260 117/117/88
f 307/307/255 117/117/88 614/614/525
f 312/312/260 311/311/259 118/118/89
f 312/312/260 118/118/89 117/117/88
f 306/306/254 309/309/257 312/312/260
f 306/306/254 312/312/260 307/307/255
f 123/123/94 316/316/264 305/305/253
f 123/123/94 305/305/253 622/622/533
f 316/316/264 315/315/263 306/306/254
f 316/316/264 306/306/254 305/305/253
f 122/122/93 313/313/261 316/316/264
f 122/122/93 316/316/264 123/123/94
f 1102/1097/941 1103/1098/942 1104/1099/943
f 1102/1097/941 1104/1099/943 1105/1100/944
f 320/320/268 319/319/267 650/650/561
f 320/320/268 650/650/561 649/649/560
f 1106/1101/945 1107/1102/946 1103/1098/942
f 1106/1101/945 1103/1098/942 1102/1097/941
f 1108/1103/947 1109/1104/948 1071/1066/928
f 1108/1103/947 1071/1066/928 1070/1065/927
f 324/324/270 323/323/269 130/130/101
f 324/324/270 130/130/101 129/129/100
f 1041/1040/906 1040/1039/905 1109/1104/948
f 1041/1040/906 1109/1104/948 1108/1103/947
f 1110/1105/949 1111/1106/950 1107/1102/946
f 1110/1105/949 1107/1102/946 1106/1101/945
f 328/328/274 327/327/273 318/318/266
f 328/328/274 318/318/266 317/317/265
f 1112/1107/951 1113/1108/952 1111/1106/950
f 1112/1107/951 1111/1106/950 1110/1105/949
f 695/695/606 332/332/278 685/685/596
f 695/695/606 685/685/596 138/138/109
f 332/332/278 331/331/277 686/686/597
f 332/332/278 686/686/597 685/685/596
f 694/694/605 329/329/275 332/332/278
f 694/694/605 332/332/278 695/695/606
f 331/331/277 336/336/282 141/141/112
f 331/331/277 141/141/112 686/686/597
f 336/336/282 335/335/281 142/142/113
f 336/336/282 142/142/113 141/141/112
f 330/330/276 333/333/279 336/336/282
f 330/330/276 336/336/282 331/331/277
f 147/147/118 340/340/286 329/329/275
f 147/147/118 329/329/275 694/694/605
f 340/340/286 339/339/285 330/330/276
f 340/340/286 330/330/276 329/329/275
f 146/146/117 337/337/283 340/340/286
f 146/146/117 340/340/286 147/147/118
f 731/731/642 344/344/290 721/721/632
f 731/731/642 721/721/632 150/150/121
f 344/344/290 343/343/289 722/722/633
f 344/344/290 722/722/633 721/721/632
f 730/730/641 341/341/287 344/344/290
f 730/730/641 344/344/290 731/731/642
f 343/343/289 348/348/294 153/153/124
f 343/343/289 153/153/124 722/722/633
f 348/348/294 347/347/293 154/154/125
f 348/348/294 154/154/125 153/153/124
f 342/342/288 345/345/291 348/348/294
f 342/342/288 348/348/294 343/343/289
f 159/159/130 352/352/298 341/341/287
f 159/159/130 341/341/287 730/730/641
f 352/352/298 351/351/297 342/342/288
f 352/352/298 342/342/288 341/341/287
f 158/158/129 349/349/295 352/352/298
f 158/158/129 352/352/298 159/159/130
f 767/767/676 356/356/302 757/757/666
f 767/767/676 757/757/666 162/162/133
f 356/356/302 355/355/301 758/758/667
f 356/356/302 758/758/667 757/757/666
f 766/766/675 353/353/299 356/356/302
f 766/766/675 356/356/302 767/767/676
f 355/355/301 360/360/306 165/165/136
f 355/355/301 165/165/136 758/758/667
f 360/360/306 359/359/305 166/166/137
f 360/360/306 166/166/137 165/165/136
f 354/354/300 357/357/303 360/360/306
f 354/354/300 360/360/306 355/355/301
f 171/171/142 364/364/310 353/353/299
f 171/171/142 353/353/299 766/766/675
f 364/364/310 363/363/309 354/354/300
f 364/364/310 354/354/300 353/353/299
f 170/170/141 361/361/307 364/364/310
f 170/170/141 364/364/310 171/171/142
f 803/803/712 368/368/314 793/793/702
f 803/803/712 793/793/702 174/174/145
f 368/368/314 367/367/313 794/794/703
f 368/368/314 794/794/703 793/793/702
f 802/802/711 365/365/311 368/368/314
f 802/802/711 368/368/314 803/803/712
f 367/367/313 372/372/318 177/177/148
f 367/367/313 177/177/148 794/794/703
f 372/372/318 371/371/317 178/178/149
f 372/372/318 178/178/149 177/177/148
f 366/366/312 369/369/315 372/372/318
f 366/366/312 372/372/318 367/367/313
f 183/183/154 376/376/322 365/365/311
f 183/183/154 365/365/311 802/802/711
f 376/376/322 375/375/321 366/366/312
f 376/376/322 366/366/312 365/365/311
f 182/182/153 373/373/319 376/376/322
f 182/182/153 376/376/322 183/183/154
f 839/839/740 380/380/326 829/829/730
f 839/839/740 829/829/730 186/186/157
f 380/380/326 379/379/325 830/830/731
f 380/380/326 830/830/731 829/829/730
f 838/838/739 377/377/323 380/380/326
f 838/838/739 380/380/326 839/839/740
f 379/379/325 384/384/330 189/189/160
f 379/379/325 189/189/160 830/830/731
f 384/384/330 383/383/329 190/190/161
f 384/384/330 190/190/161 189/189/160
f 378/378/324 381/381/327 384/384/330
f 378/378/324 384/384/330 379/379/325
f 195/195/166 388/388/334 377/377/323
f 195/195/166 377/377/323 838/838/739
f 388/388/334 387/387/333 378/378/324
f 388/388/334 378/378/324 377/377/323
f 194/194/165 385/385/331 388/388/334
f 194/194/165 388/388/334 195/195/166
s 0
f 1114/1109/1 1115/1110/1 1116/1111/1
f 1114/1109/1 1116/1111/1 1117/1112/1
f 392/392/1 391/391/1 866/866/1
f 392/392/1 866/866/1 865/865/1
s 1
f 1118/1113/953 1119/1114/954 1115/1110/1
f 1118/1113/953 1115/1110/1 1114/1109/1
s 0
f 1120/1115/1 1121/1116/1 1077/1072/1
f 1120/1115/1 1077/1072/1 1076/1071/1
f 396/396/1 395/395/1 202/202/1
f 396/396/1 202/202/1 201/201/1
f 1047/1046/1 1046/1045/1 1121/1116/1
f 1047/1046/1 1121/1116/1 1120/1115/1
s 1
f 1122/1117/955 1123/1118/956 1119/1114/954
f 1122/1117/955 1119/1114/954 1118/1113/953
f 400/400/338 399/399/337 390/390/1
f 400/400/338 390/390/1 389/389/1
f 1124/1119/957 1125/1120/958 1123/1118/956
f 1124/1119/957 1123/1118/956 1122/1117/955
f 911/911/793 404/404/342 901/901/783
f 911/911/793 901/901/783 210/210/174
f 404/404/342 403/403/341 902/902/784
f 404/404/342 902/902/784 901/901/783
f 910/910/792 401/401/339 404/404/342
f 910/910/792 404/404/342 911/911/793
f 403/403/341 408/408/346 213/213/177
f 403/403/341 213/213/177 902/902/784
f 408/408/346 407/407/345 214/214/178
f 408/408/346 214/214/178 213/213/177
f 402/402/340 405/405/343 408/408/346
f 402/402/340 408/408/346 403/403/341
f 219/219/183 412/412/350 401/401/339
f 219/219/183 401/401/339 910/910/792
f 412/412/350 411/411/349 402/402/340
f 412/412/350 402/402/340 401/401/339
f 218/218/182 409/409/347 412/412/350
f 218/218/182 412/412/350 219/219/183
f 947/947/829 416/416/354 937/937/819
f 947/947/829 937/937/819 222/222/186
f 416/416/354 415/415/353 938/938/820
f 416/416/354 938/938/820 937/937/819
f 946/946/828 413/413/351 416/416/354
f 946/946/828 416/416/354 947/947/829
f 415/415/353 420/420/358 225/225/189
f 415/415/353 225/225/189 938/938/820
f 420/420/358 419/419/357 226/226/190
f 420/420/358 226/226/190 225/225/189
f 414/414/352 417/417/355 420/420/358
f 414/414/352 420/420/358 415/415/353
f 231/231/195 424/424/362 413/413/351
f 231/231/195 413/413/351 946/946/828
f 424/424/362 423/423/361 414/414/352
f 424/424/362 414/414/352 413/413/351
f 230/230/194 421/421/359 424/424/362
f 230/230/194 424/424/362 231/231/195
f 983/983/865 428/428/366 973/973/855
f 983/983/865 973/973/855 234/234/198
f 428/428/366 427/427/365 974/974/856
f 428/428/366 974/974/856 973/973/855
f 982/982/864 425/425/363 428/428/366
f 982/982/864 428/428/366 983/983/865
f 427/427/365 432/432/370 237/237/201
f 427/427/365 237/237/201 974/974/856
f 432/432/370 431/431/369 238/238/202
f 432/432/370 238/238/202 237/237/201
f 426/426/364 429/429/367 432/432/370
f 426/426/364 432/432/370 427/427/365
f 243/243/207 436/436/374 425/425/363
f 243/243/207 425/425/363 982/982/864
f 436/436/374 435/435/373 426/426/364
f 436/436/374 426/426/364 425/425/363
f 242/242/206 433/433/371 436/436/374
f 242/242/206 436/436/374 243/243/207
f 1019/1019/895 440/440/376 1009/1009/891
f 1019/1019/895 1009/1009/891 246/246/210
f 440/440/376 439/439/375 1010/1010/892
f 440/440/376 1010/1010/892 1009/1009/891
f 1018/1018/1 437/437/1 440/440/376
f 1018/1018/1 440/440/376 1019/1019/895
f 439/439/375 444/444/378 249/249/213
f 439/439/375 249/249/213 1010/1010/892
f 444/444/378 443/443/377 250/250/214
f 444/444/378 250/250/214 249/249/213
f 438/438/1 441/441/1 444/444/378
f 438/438/1 444/444/378 439/439/375
s 0
f 255/255/1 448/448/1 437/437/1
f 255/255/1 437/437/1 1018/1018/1
f 448/448/1 447/447/1 438/438/1
f 448/448/1 438/438/1 437/437/1
f 254/254/1 445/445/1 448/448/1
f 254/254/1 448/448/1 255/255/1
s 1
f 683/683/594 452/452/382 661/661/572
f 683/683/594 661/661/572 18/18/15
f 452/452/382 451/451/381 662/662/573
f 452/452/382 662/662/573 661/661/572
f 682/682/593 449/449/379 452/452/382
f 682/682/593 452/452/382 683/683/594
f 451/451/381 456/456/386 133/133/104
f 451/451/381 133/133/104 662/662/573
f 456/456/386 455/455/385 134/134/105
f 456/456/386 134/134/105 133/133/104
f 450/450/380 453/453/383 456/456/386
f 450/450/380 456/456/386 451/451/381
f 143/143/114 460/460/390 449/449/379
f 143/143/114 449/449/379 682/682/593
f 460/460/390 459/459/389 450/450/380
f 460/460/390 450/450/380 449/449/379
f 142/142/113 457/457/387 460/460/390
f 142/142/113 460/460/390 143/143/114
f 1126/1121/959 1127/1122/960 1113/1108/952
f 1126/1121/959 1113/1108/952 1112/1107/951
f 464/464/391 463/463/1 326/326/272
f 464/464/391 326/326/272 325/325/271
f 1128/1123/961 1129/1124/1 1127/1122/960
f 1128/1123/961 1127/1122/960 1126/1121/959
s 0
f 1130/1125/1 1131/1126/1 1043/1042/1
f 1130/1125/1 1043/1042/1 1042/1041/1
f 468/468/1 467/467/1 22/22/1
f 468/468/1 22/22/1 21/21/1
f 1053/1052/1 1052/1051/1 1131/1126/1
f 1053/1052/1 1131/1126/1 1130/1125/1
f 1132/1127/1 1133/1128/1 1129/1124/1
s 1
f 1132/1127/1 1129/1124/1 1128/1123/961
s 0
f 472/472/1 471/471/1 462/462/1
f 472/472/1 462/462/1 461/461/1
f 1081/1076/1 1080/1075/1 1133/1128/1
f 1081/1076/1 1133/1128/1 1132/1127/1
s 1
f 335/335/281 476/476/392 457/457/387
f 335/335/281 457/457/387 142/142/113
f 476/476/392 475/475/1 458/458/388
f 476/476/392 458/458/388 457/457/387
f 334/334/280 473/473/1 476/476/392
f 334/334/280 476/476/392 335/335/281
s 0
f 475/475/1 480/480/1 65/65/1
s 1
f 475/475/1 65/65/1 458/458/388
s 0
f 480/480/1 479/479/1 66/66/1
f 480/480/1 66/66/1 65/65/1
f 474/474/1 477/477/1 480/480/1
f 474/474/1 480/480/1 475/475/1
f 27/27/962 484/484/962 473/473/962
s 1
f 27/27/1 473/473/1 334/334/280
f 484/484/395 483/483/1 474/474/910
f 484/484/395 474/474/910 473/473/1
f 26/26/1 481/481/393 484/484/395
s 0
f 26/26/908 484/484/908 27/27/908
s 1
f 791/791/700 488/488/399 769/769/678
f 791/791/700 769/769/678 30/30/20
f 488/488/399 487/487/398 770/770/679
f 488/488/399 770/770/679 769/769/678
f 790/790/699 485/485/396 488/488/399
f 790/790/699 488/488/399 791/791/700
f 487/487/398 492/492/403 169/169/140
f 487/487/398 169/169/140 770/770/679
f 492/492/403 491/491/402 170/170/141
f 492/492/403 170/170/141 169/169/140
f 486/486/397 489/489/400 492/492/403
f 486/486/397 492/492/403 487/487/398
f 179/179/150 496/496/407 485/485/396
f 179/179/150 485/485/396 790/790/699
f 496/496/407 495/495/406 486/486/397
f 496/496/407 486/486/397 485/485/396
f 178/178/149 493/493/404 496/496/407
f 178/178/149 496/496/407 179/179/150
f 491/491/402 500/500/411 361/361/307
f 491/491/402 361/361/307 170/170/141
f 500/500/411 499/499/410 362/362/308
f 500/500/411 362/362/308 361/361/307
f 490/490/401 497/497/408 500/500/411
f 490/490/401 500/500/411 491/491/402
f 499/499/410 504/504/415 33/33/23
f 499/499/410 33/33/23 362/362/308
f 504/504/415 503/503/414 34/34/24
f 504/504/415 34/34/24 33/33/23
f 498/498/409 501/501/412 504/504/415
f 498/498/409 504/504/415 499/499/410
f 79/79/50 508/508/419 497/497/408
f 79/79/50 497/497/408 490/490/401
f 508/508/419 507/507/418 498/498/409
f 508/508/419 498/498/409 497/497/408
f 78/78/49 505/505/416 508/508/419
f 78/78/49 508/508/419 79/79/50
f 371/371/317 512/512/423 493/493/404
f 371/371/317 493/493/404 178/178/149
f 512/512/423 511/511/422 494/494/405
f 512/512/423 494/494/405 493/493/404
f 370/370/316 509/509/420 512/512/423
f 370/370/316 512/512/423 371/371/317
f 511/511/422 516/516/427 77/77/48
f 511/511/422 77/77/48 494/494/405
f 516/516/427 515/515/426 78/78/49
f 516/516/427 78/78/49 77/77/48
f 510/510/421 513/513/424 516/516/427
f 510/510/421 516/516/427 511/511/422
f 39/39/29 520/520/431 509/509/420
f 39/39/29 509/509/420 370/370/316
f 520/520/431 519/519/430 510/510/421
f 520/520/431 510/510/421 509/509/420
f 38/38/28 517/517/428 520/520/431
f 38/38/28 520/520/431 39/39/29
f 899/899/781 524/524/435 877/877/759
f 899/899/781 877/877/759 42/42/32
f 524/524/435 523/523/434 878/878/760
f 524/524/435 878/878/760 877/877/759
f 898/898/780 521/521/432 524/524/435
f 898/898/780 524/524/435 899/899/781
f 523/523/434 528/528/439 205/205/169
f 523/523/434 205/205/169 878/878/760
f 528/528/439 527/527/438 206/206/170
f 528/528/439 206/206/170 205/205/169
f 522/522/433 525/525/436 528/528/439
f 522/522/433 528/528/439 523/523/434
f 215/215/179 532/532/443 521/521/432
f 215/215/179 521/521/432 898/898/780
f 532/532/443 531/531/442 522/522/433
f 532/532/443 522/522/433 521/521/432
f 214/214/178 529/529/440 532/532/443
f 214/214/178 532/532/443 215/215/179
f 1134/1129/963 1135/1130/964 1125/1120/958
f 1134/1129/963 1125/1120/958 1124/1119/957
f 536/536/447 535/535/446 398/398/336
f 536/536/447 398/398/336 397/397/335
f 1136/1131/965 1137/1132/966 1135/1130/964
f 1136/1131/965 1135/1130/964 1134/1129/963
f 1138/1133/967 1139/1134/968 1049/1048/1
f 1138/1133/967 1049/1048/1 1048/1047/907
f 540/540/451 539/539/450 46/46/969
f 540/540/451 46/46/969 45/45/1
f 1059/1058/916 1058/1057/915 1139/1134/968
f 1059/1058/916 1139/1134/968 1138/1133/967
f 1140/1135/970 1141/1136/971 1137/1132/966
f 1140/1135/970 1137/1132/966 1136/1131/965
f 544/544/455 543/543/454 534/534/445
f 544/544/455 534/534/445 533/533/444
f 1093/1088/932 1092/1087/931 1141/1136/971
f 1093/1088/932 1141/1136/971 1140/1135/970
f 407/407/345 548/548/459 529/529/440
f 407/407/345 529/529/440 214/214/178
f 548/548/459 547/547/458 530/530/441
f 548/548/459 530/530/441 529/529/440
f 406/406/344 545/545/456 548/548/459
f 406/406/344 548/548/459 407/407/345
f 547/547/458 552/552/463 89/89/60
f 547/547/458 89/89/60 530/530/441
f 552/552/463 551/551/462 90/90/61
f 552/552/463 90/90/61 89/89/60
f 546/546/457 549/549/460 552/552/463
f 546/546/457 552/552/463 547/547/458
f 51/51/37 556/556/467 545/545/456
f 51/51/37 545/545/456 406/406/344
f 556/556/467 555/555/466 546/546/457
f 556/556/467 546/546/457 545/545/456
f 50/50/36 553/553/464 556/556/467
f 50/50/36 556/556/467 51/51/37
f 1007/1007/889 560/560/471 985/985/867
f 1007/1007/889 985/985/867 54/54/40
f 560/560/471 559/559/470 986/986/868
f 560/560/471 986/986/868 985/985/867
f 1006/1006/888 557/557/468 560/560/471
f 1006/1006/888 560/560/471 1007/1007/889
f 559/559/470 564/564/475 241/241/205
f 559/559/470 241/241/205 986/986/868
f 564/564/475 563/563/474 242/242/206
f 564/564/475 242/242/206 241/241/205
f 558/558/469 561/561/472 564/564/475
f 558/558/469 564/564/475 559/559/470
f 251/251/215 568/568/479 557/557/468
f 251/251/215 557/557/468 1006/1006/888
f 568/568/479 567/567/478 558/558/469
f 568/568/479 558/558/469 557/557/468
f 250/250/214 565/565/476 568/568/479
f 250/250/214 568/568/479 251/251/215
f 563/563/474 572/572/483 433/433/371
f 563/563/474 433/433/371 242/242/206
f 572/572/483 571/571/482 434/434/372
f 572/572/483 434/434/372 433/433/371
f 562/562/473 569/569/480 572/572/483
f 562/562/473 572/572/483 563/563/474
f 571/571/482 576/576/487 57/57/43
f 571/571/482 57/57/43 434/434/372
f 576/576/487 575/575/486 58/58/44
f 576/576/487 58/58/44 57/57/43
f 570/570/481 573/573/484 576/576/487
f 570/570/481 576/576/487 571/571/482
f 103/103/74 580/580/491 569/569/480
f 103/103/74 569/569/480 562/562/473
f 580/580/491 579/579/490 570/570/481
f 580/580/491 570/570/481 569/569/480
f 102/102/73 577/577/488 580/580/491
f 102/102/73 580/580/491 103/103/74
f 443/443/377 584/584/495 565/565/476
f 443/443/377 565/565/476 250/250/214
f 584/584/495 583/583/494 566/566/477
f 584/584/495 566/566/477 565/565/476
f 442/442/1 581/581/492 584/584/495
f 442/442/1 584/584/495 443/443/377
f 583/583/494 588/588/499 101/101/72
f 583/583/494 101/101/72 566/566/477
f 588/588/499 587/587/498 102/102/73
f 588/588/499 102/102/73 101/101/72
f 582/582/493 585/585/496 588/588/499
f 582/582/493 588/588/499 583/583/494
f 63/63/908 592/592/503 581/581/492
f 63/63/908 581/581/492 442/442/1
f 592/592/503 591/591/502 582/582/493
f 592/592/503 582/582/493 581/581/492
f 62/62/972 589/589/500 592/592/503
f 62/62/972 592/592/503 63/63/908
f 971/971/853 596/596/507 913/913/795
f 971/971/853 913/913/795 6/6/3
f 596/596/507 595/595/506 914/914/796
f 596/596/507 914/914/796 913/913/795
f 970/970/852 593/593/504 596/596/507
f 970/970/852 596/596/507 971/971/853
f 595/595/506 600/600/511 217/217/181
f 595/595/506 217/217/181 914/914/796
f 600/600/511 599/599/510 218/218/182
f 600/600/511 218/218/182 217/217/181
f 594/594/505 597/597/508 600/600/511
f 594/594/505 600/600/511 595/595/506
f 239/239/203 604/604/515 593/593/504
f 239/239/203 593/593/504 970/970/852
f 604/604/515 603/603/514 594/594/505
f 604/604/515 594/594/505 593/593/504
f 238/238/202 601/601/512 604/604/515
f 238/238/202 604/604/515 239/239/203
f 599/599/510 608/608/519 409/409/347
f 599/599/510 409/409/347 218/218/182
f 608/608/519 607/607/518 410/410/348
f 608/608/519 410/410/348 409/409/347
f 598/598/509 605/605/516 608/608/519
f 598/598/509 608/608/519 599/599/510
f 607/607/518 612/612/523 49/49/35
f 607/607/518 49/49/35 410/410/348
f 612/612/523 611/611/522 50/50/36
f 612/612/523 50/50/36 49/49/35
f 606/606/517 609/609/520 612/612/523
f 606/606/517 612/612/523 607/607/518
f 115/115/86 616/616/527 605/605/516
f 115/115/86 605/605/516 598/598/509
f 616/616/527 615/615/526 606/606/517
f 616/616/527 606/606/517 605/605/516
f 114/114/85 613/613/524 616/616/527
f 114/114/85 616/616/527 115/115/86
f 431/431/369 620/620/531 601/601/512
f 431/431/369 601/601/512 238/238/202
f 620/620/531 619/619/530 602/602/513
f 620/620/531 602/602/513 601/601/512
f 430/430/368 617/617/528 620/620/531
f 430/430/368 620/620/531 431/431/369
f 619/619/530 624/624/535 113/113/84
f 619/619/530 113/113/84 602/602/513
f 624/624/535 623/623/534 114/114/85
f 624/624/535 114/114/85 113/113/84
f 618/618/529 621/621/532 624/624/535
f 618/618/529 624/624/535 619/619/530
f 59/59/45 628/628/539 617/617/528
f 59/59/45 617/617/528 430/430/368
f 628/628/539 627/627/538 618/618/529
f 628/628/539 618/618/529 617/617/528
f 58/58/44 625/625/536 628/628/539
f 58/58/44 628/628/539 59/59/45
f 611/611/522 632/632/543 553/553/464
f 611/611/522 553/553/464 50/50/36
f 632/632/543 631/631/542 554/554/465
f 632/632/543 554/554/465 553/553/464
f 610/610/521 629/629/540 632/632/543
f 610/610/521 632/632/543 611/611/522
f 631/631/542 636/636/547 97/97/68
f 631/631/542 97/97/68 554/554/465
f 636/636/547 635/635/546 98/98/69
f 636/636/547 98/98/69 97/97/68
f 630/630/541 633/633/544 636/636/547
f 630/630/541 636/636/547 631/631/542
f 119/119/90 640/640/551 629/629/540
f 119/119/90 629/629/540 610/610/521
f 640/640/551 639/639/550 630/630/541
f 640/640/551 630/630/541 629/629/540
f 118/118/89 637/637/548 640/640/551
f 118/118/89 640/640/551 119/119/90
f 1142/1137/973 1143/1138/974 1101/1096/940
f 1142/1137/973 1101/1096/940 1100/1095/939
f 644/644/555 643/643/554 290/290/238
f 644/644/555 290/290/238 289/289/237
f 1144/1139/975 1145/1140/976 1143/1138/974
f 1144/1139/975 1143/1138/974 1142/1137/973
f 1146/1141/977 1147/1142/978 1037/1036/903
f 1146/1141/977 1037/1036/903 1036/1035/902
f 648/648/559 647/647/558 10/10/7
f 648/648/559 10/10/7 9/9/6
f 1069/1064/926 1068/1063/925 1147/1142/978
f 1069/1064/926 1147/1142/978 1146/1141/977
f 1148/1143/979 1149/1144/980 1145/1140/976
f 1148/1143/979 1145/1140/976 1144/1139/975
f 652/652/563 651/651/562 642/642/553
f 652/652/563 642/642/553 641/641/552
f 1105/1100/944 1104/1099/943 1149/1144/980
f 1105/1100/944 1149/1144/980 1148/1143/979
f 311/311/259 656/656/567 637/637/548
f 311/311/259 637/637/548 118/118/89
f 656/656/567 655/655/566 638/638/549
f 656/656/567 638/638/549 637/637/548
f 310/310/258 653/653/564 656/656/567
f 310/310/258 656/656/567 311/311/259
f 655/655/566 660/660/571 125/125/96
f 655/655/566 125/125/96 638/638/549
f 660/660/571 659/659/570 126/126/97
f 660/660/571 126/126/97 125/125/96
f 654/654/565 657/657/568 660/660/571
f 654/654/565 660/660/571 655/655/566
f 19/19/16 664/664/575 653/653/564
f 19/19/16 653/653/564 310/310/258
f 664/664/575 663/663/574 654/654/565
f 664/664/575 654/654/565 653/653/564
f 18/18/15 661/661/572 664/664/575
f 18/18/15 664/664/575 19/19/16
f 575/575/486 668/668/579 625/625/536
f 575/575/486 625/625/536 58/58/44
f 668/668/579 667/667/578 626/626/537
f 668/668/579 626/626/537 625/625/536
f 574/574/485 665/665/576 668/668/579
f 574/574/485 668/668/579 575/575/486
f 667/667/578 672/672/583 121/121/92
f 667/667/578 121/121/92 626/626/537
f 672/672/583 671/671/582 122/122/93
f 672/672/583 122/122/93 121/121/92
f 666/666/577 669/669/580 672/672/583
f 666/666/577 672/672/583 667/667/578
f 107/107/78 676/676/587 665/665/576
f 107/107/78 665/665/576 574/574/485
f 676/676/587 675/675/586 666/666/577
f 676/676/587 666/666/577 665/665/576
f 106/106/77 673/673/584 676/676/587
f 106/106/77 676/676/587 107/107/78
f 671/671/582 680/680/591 313/313/261
f 671/671/582 313/313/261 122/122/93
f 680/680/591 679/679/590 314/314/262
f 680/680/591 314/314/262 313/313/261
f 670/670/581 677/677/588 680/680/591
f 670/670/581 680/680/591 671/671/582
f 679/679/590 684/684/595 17/17/14
f 679/679/590 17/17/14 314/314/262
f 684/684/595 683/683/594 18/18/15
f 684/684/595 18/18/15 17/17/14
f 678/678/589 681/681/592 684/684/595
f 678/678/589 684/684/595 679/679/590
f 139/139/110 688/688/599 677/677/588
f 139/139/110 677/677/588 670/670/581
f 688/688/599 687/687/598 678/678/589
f 688/688/599 678/678/589 677/677/588
f 138/138/109 685/685/596 688/688/599
f 138/138/109 688/688/599 139/139/110
f 299/299/247 692/692/603 673/673/584
f 299/299/247 673/673/584 106/106/77
f 692/692/603 691/691/602 674/674/585
f 692/692/603 674/674/585 673/673/584
f 298/298/246 689/689/600 692/692/603
f 298/298/246 692/692/603 299/299/247
f 691/691/602 696/696/607 137/137/108
f 691/691/602 137/137/108 674/674/585
f 696/696/607 695/695/606 138/138/109
f 696/696/607 138/138/109 137/137/108
f 690/690/601 693/693/604 696/696/607
f 690/690/601 696/696/607 691/691/602
f 15/15/12 700/700/611 689/689/600
f 15/15/12 689/689/600 298/298/246
f 700/700/611 699/699/610 690/690/601
f 700/700/611 690/690/601 689/689/600
f 14/14/11 697/697/608 700/700/611
f 14/14/11 700/700/611 15/15/12
f 1150/1145/1 704/704/615 1151/1146/981
f 1150/1145/1 1151/1146/981 1152/1147/1
f 704/704/615 703/703/614 1153/1148/982
f 704/704/615 1153/1148/982 1151/1146/981
f 1154/1149/1 701/701/612 704/704/615
f 1154/1149/1 704/704/615 1150/1145/1
f 703/703/614 708/708/619 1155/1150/983
f 703/703/614 1155/1150/983 1153/1148/982
f 708/708/619 707/707/618 1156/1151/984
f 708/708/619 1156/1151/984 1155/1150/983
f 702/702/613 705/705/616 708/708/619
f 702/702/613 708/708/619 703/703/614
f 1157/1152/1 712/712/623 701/701/612
f 1157/1152/1 701/701/612 1154/1149/1
f 712/712/623 711/711/622 702/702/613
f 712/712/623 702/702/613 701/701/612
f 1158/1153/1 709/709/620 712/712/623
f 1158/1153/1 712/712/623 1157/1152/1
f 707/707/618 716/716/627 1159/1154/985
f 707/707/618 1159/1154/985 1156/1151/984
f 716/716/627 715/715/626 1160/1155/986
f 716/716/627 1160/1155/986 1159/1154/985
f 706/706/617 713/713/624 716/716/627
f 706/706/617 716/716/627 707/707/618
f 715/715/626 720/720/631 1161/1156/987
f 715/715/626 1161/1156/987 1160/1155/986
f 720/720/631 719/719/630 1162/1157/988
f 720/720/631 1162/1157/988 1161/1156/987
f 714/714/625 717/717/628 720/720/631
f 714/714/625 720/720/631 715/715/626
f 151/151/122 724/724/635 713/713/624
f 151/151/122 713/713/624 706/706/617
f 724/724/635 723/723/634 714/714/625
f 724/724/635 714/714/625 713/713/624
f 150/150/121 721/721/632 724/724/635
f 150/150/121 724/724/635 151/151/122
f 1163/1158/1 728/728/639 709/709/620
f 1163/1158/1 709/709/620 1158/1153/1
f 728/728/639 727/727/638 710/710/621
f 728/728/639 710/710/621 709/709/620
f 1164/1159/663 725/725/636 728/728/639
f 1164/1159/663 728/728/639 1163/1158/1
f 727/727/638 732/732/643 149/149/120
f 727/727/638 149/149/120 710/710/621
f 732/732/643 731/731/642 150/150/121
f 732/732/643 150/150/121 149/149/120
f 726/726/637 729/729/640 732/732/643
f 726/726/637 732/732/643 727/727/638
f 1165/1160/989 736/736/647 725/725/636
f 1165/1160/989 725/725/636 1164/1159/663
f 736/736/647 735/735/646 726/726/637
f 736/736/647 726/726/637 725/725/636
f 1166/1161/990 733/733/644 736/736/647
f 1166/1161/990 736/736/647 1165/1160/989
f 719/719/630 740/740/651 1167/1162/991
f 719/719/630 1167/1162/991 1168/1157/992
f 740/740/651 739/739/650 1169/1163/993
f 740/740/651 1169/1163/993 1167/1162/991
f 718/718/629 737/737/648 740/740/651
f 718/718/629 740/740/651 719/719/630
f 739/739/650 744/744/655 1170/1164/994
f 739/739/650 1170/1164/994 1169/1163/993
f 744/744/655 743/743/654 1171/1165/1
f 744/744/655 1171/1165/1 1170/1164/994
f 738/738/649 741/741/652 744/744/655
f 738/738/649 744/744/655 739/739/650
f 155/155/126 748/748/659 737/737/648
f 155/155/126 737/737/648 718/718/629
f 748/748/659 747/747/658 738/738/649
f 748/748/659 738/738/649 737/737/648
f 154/154/125 745/745/656 748/748/659
f 154/154/125 748/748/659 155/155/126
f 743/743/654 752/752/663 1172/1166/1
f 743/743/654 1172/1166/1 1171/1165/1
f 752/752/663 751/751/662 1173/1167/1
f 752/752/663 1173/1167/1 1172/1166/1
f 742/742/653 749/749/660 752/752/663
f 742/742/653 752/752/663 743/743/654
s 0
f 751/751/1 756/756/1 1174/1168/1
f 751/751/1 1174/1168/1 1173/1167/1
f 756/756/1 755/755/1 1175/1169/1
f 756/756/1 1175/1169/1 1174/1168/1
s 1
f 750/750/661 753/753/664 756/756/1
f 750/750/661 756/756/1 751/751/662
f 163/163/134 760/760/669 749/749/660
f 163/163/134 749/749/660 742/742/653
f 760/760/669 759/759/668 750/750/661
f 760/760/669 750/750/661 749/749/660
f 162/162/133 757/757/666 760/760/669
f 162/162/133 760/760/669 163/163/134
f 347/347/293 764/764/673 745/745/656
f 347/347/293 745/745/656 154/154/125
f 764/764/673 763/763/672 746/746/657
f 764/764/673 746/746/657 745/745/656
f 346/346/292 761/761/670 764/764/673
f 346/346/292 764/764/673 347/347/293
f 763/763/672 768/768/677 161/161/132
f 763/763/672 161/161/132 746/746/657
f 768/768/677 767/767/676 162/162/133
f 768/768/677 162/162/133 161/161/132
f 762/762/671 765/765/674 768/768/677
f 762/762/671 768/768/677 763/763/672
f 31/31/21 772/772/681 761/761/670
f 31/31/21 761/761/670 346/346/292
f 772/772/681 771/771/680 762/762/671
f 772/772/681 762/762/671 761/761/670
f 30/30/20 769/769/678 772/772/681
f 30/30/20 772/772/681 31/31/21
f 1176/1170/995 776/776/685 733/733/644
f 1176/1170/995 733/733/644 1166/1161/990
f 776/776/685 775/775/684 734/734/645
f 776/776/685 734/734/645 733/733/644
f 1177/1171/996 773/773/682 776/776/685
f 1177/1171/996 776/776/685 1176/1170/995
f 775/775/684 780/780/689 157/157/128
f 775/775/684 157/157/128 734/734/645
f 780/780/689 779/779/688 158/158/129
f 780/780/689 158/158/129 157/157/128
f 774/774/683 777/777/686 780/780/689
f 774/774/683 780/780/689 775/775/684
f 1178/1172/997 784/784/693 773/773/682
f 1178/1172/997 773/773/682 1177/1171/996
f 784/784/693 783/783/692 774/774/683
f 784/784/693 774/774/683 773/773/682
f 1179/1173/998 781/781/690 784/784/693
f 1179/1173/998 784/784/693 1178/1172/997
f 779/779/688 788/788/697 349/349/295
f 779/779/688 349/349/295 158/158/129
f 788/788/697 787/787/696 350/350/296
f 788/788/697 350/350/296 349/349/295
f 778/778/687 785/785/694 788/788/697
f 778/778/687 788/788/697 779/779/688
f 787/787/696 792/792/701 29/29/19
f 787/787/696 29/29/19 350/350/296
f 792/792/701 791/791/700 30/30/20
f 792/792/701 30/30/20 29/29/19
f 786/786/695 789/789/698 792/792/701
f 786/786/695 792/792/701 787/787/696
f 175/175/146 796/796/705 785/785/694
f 175/175/146 785/785/694 778/778/687
f 796/796/705 795/795/704 786/786/695
f 796/796/705 786/786/695 785/785/694
f 174/174/145 793/793/702 796/796/705
f 174/174/145 796/796/705 175/175/146
f 1180/1174/999 800/800/709 781/781/690
f 1180/1174/999 781/781/690 1179/1173/998
f 800/800/709 799/799/708 782/782/691
f 800/800/709 782/782/691 781/781/690
f 1181/1175/1000 797/797/706 800/800/709
f 1181/1175/1000 800/800/709 1180/1174/999
f 799/799/708 804/804/713 173/173/144
f 799/799/708 173/173/144 782/782/691
f 804/804/713 803/803/712 174/174/145
f 804/804/713 174/174/145 173/173/144
f 798/798/707 801/801/710 804/804/713
f 798/798/707 804/804/713 799/799/708
f 1182/1176/1001 808/808/717 797/797/706
f 1182/1176/1001 797/797/706 1181/1175/1000
f 808/808/717 807/807/716 798/798/707
f 808/808/717 798/798/707 797/797/706
f 1183/1177/1002 805/805/714 808/808/717
f 1183/1177/1002 808/808/717 1182/1176/1001
s 0
f 755/755/1 812/812/1 1184/1178/1
f 755/755/1 1184/1178/1 1175/1169/1
f 812/812/1 811/811/1 1185/1179/1
f 812/812/1 1185/1179/1 1184/1178/1
s 1
f 754/754/665 809/809/718 812/812/1
f 754/754/665 812/812/1 755/755/1
s 0
f 811/811/1 816/816/1 1186/1180/1
f 811/811/1 1186/1180/1 1185/1179/1
f 816/816/1 815/815/1 1187/1181/1
f 816/816/1 1187/1181/1 1186/1180/1
s 1
f 810/810/719 813/813/720 816/816/1
f 810/810/719 816/816/1 811/811/1
f 167/167/138 820/820/725 809/809/718
f 167/167/138 809/809/718 754/754/665
f 820/820/725 819/819/724 810/810/719
f 820/820/725 810/810/719 809/809/718
f 166/166/137 817/817/722 820/820/725
f 166/166/137 820/820/725 167/167/138
s 0
f 815/815/1 824/824/1 1188/1182/1
f 815/815/1 1188/1182/1 1187/1181/1
f 824/824/1 823/823/1 1189/1183/1
f 824/824/1 1189/1183/1 1188/1182/1
s 1
f 814/814/721 821/821/726 824/824/1
f 814/814/721 824/824/1 815/815/1
s 0
f 823/823/1 828/828/1 1190/1184/1
f 823/823/1 1190/1184/1 1189/1183/1
f 828/828/1 827/827/1 1191/1185/1
f 828/828/1 1191/1185/1 1190/1184/1
s 1
f 822/822/727 825/825/728 828/828/1
f 822/822/727 828/828/1 823/823/1
f 187/187/158 832/832/733 821/821/726
f 187/187/158 821/821/726 814/814/721
f 832/832/733 831/831/732 822/822/727
f 832/832/733 822/822/727 821/821/726
f 186/186/157 829/829/730 832/832/733
f 186/186/157 832/832/733 187/187/158
f 359/359/305 836/836/737 817/817/722
f 359/359/305 817/817/722 166/166/137
f 836/836/737 835/835/736 818/818/723
f 836/836/737 818/818/723 817/817/722
f 358/358/304 833/833/734 836/836/737
f 358/358/304 836/836/737 359/359/305
f 835/835/736 840/840/741 185/185/156
f 835/835/736 185/185/156 818/818/723
f 840/840/741 839/839/740 186/186/157
f 840/840/741 186/186/157 185/185/156
f 834/834/735 837/837/738 840/840/741
f 834/834/735 840/840/741 835/835/736
f 35/35/25 844/844/745 833/833/734
f 35/35/25 833/833/734 358/358/304
f 844/844/745 843/843/744 834/834/735
f 844/844/745 834/834/735 833/833/734
f 34/34/24 841/841/742 844/844/745
f 34/34/24 844/844/745 35/35/25
s 0
f 827/827/1 848/848/1 1192/1186/1
f 827/827/1 1192/1186/1 1191/1185/1
f 848/848/1 847/847/1 1193/1187/1
f 848/848/1 1193/1187/1 1192/1186/1
s 1
f 826/826/729 845/845/746 848/848/1
f 826/826/729 848/848/1 827/827/1
s 0
f 847/847/1 852/852/1 1194/1188/1
f 847/847/1 1194/1188/1 1193/1187/1
f 852/852/1 851/851/1 1195/1189/1
f 852/852/1 1195/1189/1 1194/1188/1
f 846/846/1 849/849/1 852/852/1
f 846/846/1 852/852/1 847/847/1
s 1
f 191/191/162 856/856/750 845/845/746
f 191/191/162 845/845/746 826/826/729
f 856/856/750 855/855/749 846/846/1
f 856/856/750 846/846/1 845/845/746
f 190/190/161 853/853/747 856/856/750
f 190/190/161 856/856/750 191/191/162
s 0
f 1196/1190/1 1197/1191/1 1198/1192/1
f 1196/1190/1 1198/1192/1 1199/1193/1
f 860/860/1 859/859/1 1200/1194/1
f 860/860/1 1200/1194/1 1201/1195/1
f 1202/1196/1 1203/1197/1 1197/1191/1
f 1202/1196/1 1197/1191/1 1196/1190/1
f 1204/1198/1 1205/1199/1 1206/1200/1
f 1204/1198/1 1206/1200/1 1207/1201/1
f 864/864/1 863/863/1 1208/1202/1
f 864/864/1 1208/1202/1 1209/1203/1
f 1075/1070/1 1074/1069/1 1205/1199/1
f 1075/1070/1 1205/1199/1 1204/1198/1
f 1210/1204/1 1211/1205/1 1203/1197/1
f 1210/1204/1 1203/1197/1 1202/1196/1
f 868/868/1 867/867/1 858/858/1
f 868/868/1 858/858/1 857/857/1
f 1117/1112/1 1116/1111/1 1211/1205/1
f 1117/1112/1 1211/1205/1 1210/1204/1
s 1
f 383/383/329 872/872/754 853/853/747
f 383/383/329 853/853/747 190/190/161
f 872/872/754 871/871/753 854/854/748
f 872/872/754 854/854/748 853/853/747
f 382/382/328 869/869/751 872/872/754
f 382/382/328 872/872/754 383/383/329
f 871/871/753 876/876/758 197/197/168
f 871/871/753 197/197/168 854/854/748
f 876/876/758 875/875/757 198/198/1
f 876/876/758 198/198/1 197/197/168
f 870/870/752 873/873/755 876/876/758
f 870/870/752 876/876/758 871/871/753
f 43/43/33 880/880/762 869/869/751
f 43/43/33 869/869/751 382/382/328
f 880/880/762 879/879/761 870/870/752
f 880/880/762 870/870/752 869/869/751
f 42/42/32 877/877/759 880/880/762
f 42/42/32 880/880/762 43/43/33
f 503/503/414 884/884/766 841/841/742
f 503/503/414 841/841/742 34/34/24
f 884/884/766 883/883/765 842/842/743
f 884/884/766 842/842/743 841/841/742
f 502/502/413 881/881/763 884/884/766
f 502/502/413 884/884/766 503/503/414
f 883/883/765 888/888/770 193/193/164
f 883/883/765 193/193/164 842/842/743
f 888/888/770 887/887/769 194/194/165
f 888/888/770 194/194/165 193/193/164
f 882/882/764 885/885/767 888/888/770
f 882/882/764 888/888/770 883/883/765
f 83/83/54 892/892/774 881/881/763
f 83/83/54 881/881/763 502/502/413
f 892/892/774 891/891/773 882/882/764
f 892/892/774 882/882/764 881/881/763
f 82/82/53 889/889/771 892/892/774
f 82/82/53 892/892/774 83/83/54
f 887/887/769 896/896/778 385/385/331
f 887/887/769 385/385/331 194/194/165
f 896/896/778 895/895/777 386/386/332
f 896/896/778 386/386/332 385/385/331
f 886/886/768 893/893/775 896/896/778
f 886/886/768 896/896/778 887/887/769
f 895/895/777 900/900/782 41/41/31
f 895/895/777 41/41/31 386/386/332
f 900/900/782 899/899/781 42/42/32
f 900/900/782 42/42/32 41/41/31
f 894/894/776 897/897/779 900/900/782
f 894/894/776 900/900/782 895/895/777
f 211/211/175 904/904/786 893/893/775
f 211/211/175 893/893/775 886/886/768
f 904/904/786 903/903/785 894/894/776
f 904/904/786 894/894/776 893/893/775
f 210/210/174 901/901/783 904/904/786
f 210/210/174 904/904/786 211/211/175
f 275/275/223 908/908/790 889/889/771
f 275/275/223 889/889/771 82/82/53
f 908/908/790 907/907/789 890/890/772
f 908/908/790 890/890/772 889/889/771
f 274/274/222 905/905/787 908/908/790
f 274/274/222 908/908/790 275/275/223
f 907/907/789 912/912/794 209/209/173
f 907/907/789 209/209/173 890/890/772
f 912/912/794 911/911/793 210/210/174
f 912/912/794 210/210/174 209/209/173
f 906/906/788 909/909/791 912/912/794
f 906/906/788 912/912/794 907/907/789
f 7/7/4 916/916/798 905/905/787
f 7/7/4 905/905/787 274/274/222
f 916/916/798 915/915/797 906/906/788
f 916/916/798 906/906/788 905/905/787
f 6/6/3 913/913/795 916/916/798
f 6/6/3 916/916/798 7/7/4
f 1212/1206/1003 920/920/802 805/805/714
f 1212/1206/1003 805/805/714 1183/1177/1002
f 920/920/802 919/919/801 806/806/715
f 920/920/802 806/806/715 805/805/714
f 1213/1207/1004 917/917/799 920/920/802
f 1213/1207/1004 920/920/802 1212/1206/1003
f 919/919/801 924/924/806 181/181/152
f 919/919/801 181/181/152 806/806/715
f 924/924/806 923/923/805 182/182/153
f 924/924/806 182/182/153 181/181/152
f 918/918/800 921/921/803 924/924/806
f 918/918/800 924/924/806 919/919/801
f 1214/1208/1005 928/928/810 917/917/799
f 1214/1208/1005 917/917/799 1213/1207/1004
f 928/928/810 927/927/809 918/918/800
f 928/928/810 918/918/800 917/917/799
f 1215/1209/1006 925/925/807 928/928/810
f 1215/1209/1006 928/928/810 1214/1208/1005
f 923/923/805 932/932/814 373/373/319
f 923/923/805 373/373/319 182/182/153
f 932/932/814 931/931/813 374/374/320
f 932/932/814 374/374/320 373/373/319
f 922/922/804 929/929/811 932/932/814
f 922/922/804 932/932/814 923/923/805
f 931/931/813 936/936/818 37/37/27
f 931/931/813 37/37/27 374/374/320
f 936/936/818 935/935/817 38/38/28
f 936/936/818 38/38/28 37/37/27
f 930/930/812 933/933/815 936/936/818
f 930/930/812 936/936/818 931/931/813
f 223/223/187 940/940/822 929/929/811
f 223/223/187 929/929/811 922/922/804
f 940/940/822 939/939/821 930/930/812
f 940/940/822 930/930/812 929/929/811
f 222/222/186 937/937/819 940/940/822
f 222/222/186 940/940/822 223/223/187
f 1216/1210/1007 944/944/826 925/925/807
f 1216/1210/1007 925/925/807 1215/1209/1006
f 944/944/826 943/943/825 926/926/808
f 944/944/826 926/926/808 925/925/807
f 1217/1211/1008 941/941/823 944/944/826
f 1217/1211/1008 944/944/826 1216/1210/1007
f 943/943/825 948/948/830 221/221/185
f 943/943/825 221/221/185 926/926/808
f 948/948/830 947/947/829 222/222/186
f 948/948/830 222/222/186 221/221/185
f 942/942/824 945/945/827 948/948/830
f 942/942/824 948/948/830 943/943/825
f 1218/1212/1009 952/952/834 941/941/823
f 1218/1212/1009 941/941/823 1217/1211/1008
f 952/952/834 951/951/833 942/942/824
f 952/952/834 942/942/824 941/941/823
f 1219/1213/1010 949/949/831 952/952/834
f 1219/1213/1010 952/952/834 1218/1212/1009
f 935/935/817 956/956/838 517/517/428
f 935/935/817 517/517/428 38/38/28
f 956/956/838 955/955/837 518/518/429
f 956/956/838 518/518/429 517/517/428
f 934/934/816 953/953/835 956/956/838
f 934/934/816 956/956/838 935/935/817
f 955/955/837 960/960/842 85/85/56
f 955/955/837 85/85/56 518/518/429
f 960/960/842 959/959/841 86/86/57
f 960/960/842 86/86/57 85/85/56
f 954/954/836 957/957/839 960/960/842
f 954/954/836 960/960/842 955/955/837
f 227/227/191 964/964/846 953/953/835
f 227/227/191 953/953/835 934/934/816
f 964/964/846 963/963/845 954/954/836
f 964/964/846 954/954/836 953/953/835
f 226/226/190 961/961/843 964/964/846
f 226/226/190 964/964/846 227/227/191
f 959/959/841 968/968/850 277/277/225
f 959/959/841 277/277/225 86/86/57
f 968/968/850 967/967/849 278/278/226
f 968/968/850 278/278/226 277/277/225
f 958/958/840 965/965/847 968/968/850
f 958/958/840 968/968/850 959/959/841
f 967/967/849 972/972/854 5/5/2
f 967/967/849 5/5/2 278/278/226
f 972/972/854 971/971/853 6/6/3
f 972/972/854 6/6/3 5/5/2
f 966/966/848 969/969/851 972/972/854
f 966/966/848 972/972/854 967/967/849
f 235/235/199 976/976/858 965/965/847
f 235/235/199 965/965/847 958/958/840
f 976/976/858 975/975/857 966/966/848
f 976/976/858 966/966/848 965/965/847
f 234/234/198 973/973/855 976/976/858
f 234/234/198 976/976/858 235/235/199
f 419/419/357 980/980/862 961/961/843
f 419/419/357 961/961/843 226/226/190
f 980/980/862 979/979/861 962/962/844
f 980/980/862 962/962/844 961/961/843
f 418/418/356 977/977/859 980/980/862
f 418/418/356 980/980/862 419/419/357
f 979/979/861 984/984/866 233/233/197
f 979/979/861 233/233/197 962/962/844
f 984/984/866 983/983/865 234/234/198
f 984/984/866 234/234/198 233/233/197
f 978/978/860 981/981/863 984/984/866
f 978/978/860 984/984/866 979/979/861
f 55/55/41 988/988/870 977/977/859
f 55/55/41 977/977/859 418/418/356
f 988/988/870 987/987/869 978/978/860
f 988/988/870 978/978/860 977/977/859
f 54/54/40 985/985/867 988/988/870
f 54/54/40 988/988/870 55/55/41
f 1220/1214/1011 992/992/874 949/949/831
f 1220/1214/1011 949/949/831 1219/1213/1010
f 992/992/874 991/991/873 950/950/832
f 992/992/874 950/950/832 949/949/831
f 1221/1215/1012 989/989/871 992/992/874
f 1221/1215/1012 992/992/874 1220/1214/1011
f 991/991/873 996/996/878 229/229/193
f 991/991/873 229/229/193 950/950/832
f 996/996/878 995/995/877 230/230/194
f 996/996/878 230/230/194 229/229/193
f 990/990/872 993/993/875 996/996/878
f 990/990/872 996/996/878 991/991/873
f 1222/1216/1 1000/1000/882 989/989/871
f 1222/1216/1 989/989/871 1221/1215/1012
f 1000/1000/882 999/999/881 990/990/872
f 1000/1000/882 990/990/872 989/989/871
f 1223/1217/1 997/997/879 1000/1000/882
f 1223/1217/1 1000/1000/882 1222/1216/1
f 995/995/877 1004/1004/886 421/421/359
f 995/995/877 421/421/359 230/230/194
f 1004/1004/886 1003/1003/885 422/422/360
f 1004/1004/886 422/422/360 421/421/359
f 994/994/876 1001/1001/883 1004/1004/886
f 994/994/876 1004/1004/886 995/995/877
f 1003/1003/885 1008/1008/890 53/53/39
f 1003/1003/885 53/53/39 422/422/360
f 1008/1008/890 1007/1007/889 54/54/40
f 1008/1008/890 54/54/40 53/53/39
f 1002/1002/884 1005/1005/887 1008/1008/890
f 1002/1002/884 1008/1008/890 1003/1003/885
f 247/247/211 1012/1012/894 1001/1001/883
f 247/247/211 1001/1001/883 994/994/876
f 1012/1012/894 1011/1011/893 1002/1002/884
f 1012/1012/894 1002/1002/884 1001/1001/883
f 246/246/210 1009/1009/891 1012/1012/894
f 246/246/210 1012/1012/894 247/247/211
f 1224/1218/1 1016/1016/1 997/997/879
f 1224/1218/1 997/997/879 1223/1217/1
f 1016/1016/1 1015/1015/972 998/998/880
f 1016/1016/1 998/998/880 997/997/879
s 0
f 1225/1219/1 1013/1013/1 1016/1016/1
f 1225/1219/1 1016/1016/1 1224/1218/1
s 1
f 1015/1015/972 1020/1020/896 245/245/209
f 1015/1015/972 245/245/209 998/998/880
f 1020/1020/896 1019/1019/895 246/246/210
f 1020/1020/896 246/246/210 245/245/209
f 1014/1014/1 1017/1017/1 1020/1020/896
f 1014/1014/1 1020/1020/896 1015/1015/972
s 0
f 1226/1220/1 1024/1024/1 1013/1013/1
f 1226/1220/1 1013/1013/1 1225/1219/1
f 1024/1024/1 1023/1023/1 1014/1014/1
f 1024/1024/1 1014/1014/1 1013/1013/1
f 1227/1221/1 1021/1021/1 1024/1024/1
f 1227/1221/1 1024/1024/1 1226/1220/1
f 851/851/1 1196/1190/1 1199/1193/1
f 851/851/1 1199/1193/1 1195/1189/1
f 850/850/1 1202/1196/1 1196/1190/1
f 850/850/1 1196/1190/1 851/851/1
f 199/199/1 1210/1204/1 1202/1196/1
f 199/199/1 1202/1196/1 850/850/1
f 198/198/1 1117/1112/1 1210/1204/1
f 198/198/1 1210/1204/1 199/199/1
s 1
f 875/875/757 1114/1109/1 1117/1112/1
f 875/875/757 1117/1112/1 198/198/1
f 874/874/756 1118/1113/953 1114/1109/1
f 874/874/756 1114/1109/1 875/875/757
f 207/207/171 1122/1117/955 1118/1113/953
f 207/207/171 1118/1113/953 874/874/756
f 206/206/170 1124/1119/957 1122/1117/955
f 206/206/170 1122/1117/955 207/207/171
f 527/527/438 1134/1129/963 1124/1119/957
f 527/527/438 1124/1119/957 206/206/170
f 526/526/437 1136/1131/965 1134/1129/963
f 526/526/437 1134/1129/963 527/527/438
f 91/91/62 1140/1135/970 1136/1131/965
f 91/91/62 1136/1131/965 526/526/437
f 90/90/61 1093/1088/932 1140/1135/970
f 90/90/61 1140/1135/970 91/91/62
f 551/551/462 1090/1085/929 1093/1088/932
f 551/551/462 1093/1088/932 90/90/61
f 550/550/461 1094/1089/933 1090/1085/929
f 550/550/461 1090/1085/929 551/551/462
f 99/99/70 1098/1093/937 1094/1089/933
f 99/99/70 1094/1089/933 550/550/461
f 98/98/69 1100/1095/939 1098/1093/937
f 98/98/69 1098/1093/937 99/99/70
f 635/635/546 1142/1137/973 1100/1095/939
f 635/635/546 1100/1095/939 98/98/69
f 634/634/545 1144/1139/975 1142/1137/973
f 634/634/545 1142/1137/973 635/635/546
f 127/127/98 1148/1143/979 1144/1139/975
f 127/127/98 1144/1139/975 634/634/545
f 126/126/97 1105/1100/944 1148/1143/979
f 126/126/97 1148/1143/979 127/127/98
f 659/659/570 1102/1097/941 1105/1100/944
f 659/659/570 1105/1100/944 126/126/97
f 658/658/569 1106/1101/945 1102/1097/941
f 658/658/569 1102/1097/941 659/659/570
f 135/135/106 1110/1105/949 1106/1101/945
f 135/135/106 1106/1101/945 658/658/569
f 134/134/105 1112/1107/951 1110/1105/949
f 134/134/105 1110/1105/949 135/135/106
f 455/455/385 1126/1121/959 1112/1107/951
f 455/455/385 1112/1107/951 134/134/105
f 454/454/384 1128/1123/961 1126/1121/959
f 454/454/384 1126/1121/959 455/455/385
f 67/67/1 1132/1127/1 1128/1123/961
f 67/67/1 1128/1123/961 454/454/384
s 0
f 66/66/1 1081/1076/1 1132/1127/1
f 66/66/1 1132/1127/1 67/67/1
f 479/479/1 1078/1073/1 1081/1076/1
f 479/479/1 1081/1076/1 66/66/1
f 478/478/1 1082/1077/1 1078/1073/1
f 478/478/1 1078/1073/1 479/479/1
f 75/75/1 1086/1081/1 1082/1077/1
f 75/75/1 1082/1077/1 478/478/1
f 74/74/1 1088/1083/1 1086/1081/1
f 74/74/1 1086/1081/1 75/75/1
f 1089/1084/1 265/265/1 268/268/1
f 1089/1084/1 268/268/1 1087/1082/1
f 1087/1082/1 268/268/1 257/257/1
f 1087/1082/1 257/257/1 1083/1078/1
f 1083/1078/1 257/257/1 260/260/1
f 1083/1078/1 260/260/1 1079/1074/1
f 1079/1074/1 260/260/1 469/469/1
f 1079/1074/1 469/469/1 1080/1075/1
f 1080/1075/1 469/469/1 472/472/1
f 1080/1075/1 472/472/1 1133/1128/1
f 1133/1128/1 472/472/1 461/461/1
f 1133/1128/1 461/461/1 1129/1124/1
s 1
f 1129/1124/1 461/461/1 464/464/391
f 1129/1124/1 464/464/391 1127/1122/960
f 1127/1122/960 464/464/391 325/325/271
f 1127/1122/960 325/325/271 1113/1108/952
f 1113/1108/952 325/325/271 328/328/274
f 1113/1108/952 328/328/274 1111/1106/950
f 1111/1106/950 328/328/274 317/317/265
f 1111/1106/950 317/317/265 1107/1102/946
f 1107/1102/946 317/317/265 320/320/268
f 1107/1102/946 320/320/268 1103/1098/942
f 1103/1098/942 320/320/268 649/649/560
f 1103/1098/942 649/649/560 1104/1099/943
f 1104/1099/943 649/649/560 652/652/563
f 1104/1099/943 652/652/563 1149/1144/980
f 1149/1144/980 652/652/563 641/641/552
f 1149/1144/980 641/641/552 1145/1140/976
f 1145/1140/976 641/641/552 644/644/555
f 1145/1140/976 644/644/555 1143/1138/974
f 1143/1138/974 644/644/555 289/289/237
f 1143/1138/974 289/289/237 1101/1096/940
f 1101/1096/940 289/289/237 292/292/240
f 1101/1096/940 292/292/240 1099/1094/938
f 1099/1094/938 292/292/240 281/281/229
f 1099/1094/938 281/281/229 1095/1090/934
f 1095/1090/934 281/281/229 284/284/232
f 1095/1090/934 284/284/232 1091/1086/930
f 1091/1086/930 284/284/232 541/541/452
f 1091/1086/930 541/541/452 1092/1087/931
f 1092/1087/931 541/541/452 544/544/455
f 1092/1087/931 544/544/455 1141/1136/971
f 1141/1136/971 544/544/455 533/533/444
f 1141/1136/971 533/533/444 1137/1132/966
f 1137/1132/966 533/533/444 536/536/447
f 1137/1132/966 536/536/447 1135/1130/964
f 1135/1130/964 536/536/447 397/397/335
f 1135/1130/964 397/397/335 1125/1120/958
f 1125/1120/958 397/397/335 400/400/338
f 1125/1120/958 400/400/338 1123/1118/956
f 1123/1118/956 400/400/338 389/389/1
f 1123/1118/956 389/389/1 1119/1114/954
f 1119/1114/954 389/389/1 392/392/1
f 1119/1114/954 392/392/1 1115/1110/1
s 0
f 1115/1110/1 392/392/1 865/865/1
f 1115/1110/1 865/865/1 1116/1111/1
f 1116/1111/1 865/865/1 868/868/1
f 1116/1111/1 868/868/1 1211/1205/1
f 1211/1205/1 868/868/1 857/857/1
f 1211/1205/1 857/857/1 1203/1197/1
f 1203/1197/1 857/857/1 860/860/1
f 1203/1197/1 860/860/1 1197/1191/1
f 1197/1191/1 860/860/1 1201/1195/1
f 1197/1191/1 1201/1195/1 1198/1192/1
f 266/266/1 1029/1029/1 1025/1025/1
f 266/266/1 1025/1025/1 267/267/1
f 267/267/1 1025/1025/1 1028/1028/1
f 267/267/1 1028/1028/1 258/258/1
f 258/258/1 1028/1028/1 1084/1079/1
f 258/258/1 1084/1079/1 259/259/1
f 259/259/1 1084/1079/1 1054/1053/1
f 259/259/1 1054/1053/1 470/470/1
f 470/470/1 1054/1053/1 1050/1049/1
f 470/470/1 1050/1049/1 471/471/1
f 471/471/1 1050/1049/1 1053/1052/1
f 471/471/1 1053/1052/1 462/462/1
f 462/462/1 1053/1052/1 1130/1125/1
f 462/462/1 1130/1125/1 463/463/1
f 463/463/1 1130/1125/1 1042/1041/1
s 1
f 463/463/1 1042/1041/1 326/326/272
f 326/326/272 1042/1041/1 1038/1037/904
f 326/326/272 1038/1037/904 327/327/273
f 327/327/273 1038/1037/904 1041/1040/906
f 327/327/273 1041/1040/906 318/318/266
f 318/318/266 1041/1040/906 1108/1103/947
f 318/318/266 1108/1103/947 319/319/267
f 319/319/267 1108/1103/947 1070/1065/927
f 319/319/267 1070/1065/927 650/650/561
f 650/650/561 1070/1065/927 1066/1061/923
f 650/650/561 1066/1061/923 651/651/562
f 651/651/562 1066/1061/923 1069/1064/926
f 651/651/562 1069/1064/926 642/642/553
f 642/642/553 1069/1064/926 1146/1141/977
f 642/642/553 1146/1141/977 643/643/554
f 643/643/554 1146/1141/977 1036/1035/902
f 643/643/554 1036/1035/902 290/290/238
f 290/290/238 1036/1035/902 1031/1031/897
f 290/290/238 1031/1031/897 291/291/239
f 291/291/239 1031/1031/897 1034/1034/900
f 291/291/239 1034/1034/900 282/282/230
f 282/282/230 1034/1034/900 1096/1091/935
f 282/282/230 1096/1091/935 283/283/231
f 283/283/231 1096/1091/935 1062/1059/919
f 283/283/231 1062/1059/919 542/542/453
f 542/542/453 1062/1059/919 1065/1055/922
f 542/542/453 1065/1055/922 543/543/454
f 543/543/454 1056/1055/913 1059/1058/916
f 543/543/454 1059/1058/916 534/534/445
f 534/534/445 1059/1058/916 1138/1133/967
f 534/534/445 1138/1133/967 535/535/446
f 535/535/446 1138/1133/967 1048/1047/907
f 535/535/446 1048/1047/907 398/398/336
f 398/398/336 1048/1047/907 1044/1043/1
f 398/398/336 1044/1043/1 399/399/337
f 399/399/337 1044/1043/1 1047/1046/1
f 399/399/337 1047/1046/1 390/390/1
s 0
f 390/390/1 1047/1046/1 1120/1115/1
f 390/390/1 1120/1115/1 391/391/1
f 391/391/1 1120/1115/1 1076/1071/1
f 391/391/1 1076/1071/1 866/866/1
f 866/866/1 1076/1071/1 1072/1067/1
f 866/866/1 1072/1067/1 867/867/1
f 867/867/1 1072/1067/1 1075/1070/1
f 867/867/1 1075/1070/1 858/858/1
f 858/858/1 1075/1070/1 1204/1198/1
f 858/858/1 1204/1198/1 859/859/1
f 859/859/1 1204/1198/1 1207/1201/1
f 859/859/1 1207/1201/1 1200/1194/1
f 1030/1030/1 1/1/1 4/4/1
f 1030/1030/1 4/4/1 1026/1026/1
f 1026/1026/1 4/4/1 261/261/1
f 1026/1026/1 261/261/1 1027/1027/1
f 1027/1027/1 261/261/1 264/264/1
f 1027/1027/1 264/264/1 1085/1080/1
f 1085/1080/1 264/264/1 69/69/1
f 1085/1080/1 69/69/1 1055/1054/1
f 1055/1054/1 69/69/1 72/72/1
f 1055/1054/1 72/72/1 1051/1050/1
f 1051/1050/1 72/72/1 465/465/1
f 1051/1050/1 465/465/1 1052/1051/1
f 1052/1051/1 465/465/1 468/468/1
f 1052/1051/1 468/468/1 1131/1126/1
f 1131/1126/1 468/468/1 21/21/1
f 1131/1126/1 21/21/1 1043/1042/1
f 1043/1042/1 21/21/1 24/24/1
f 1043/1042/1 24/24/1 1039/1038/1
f 1039/1038/1 24/24/1 321/321/1
s 1
f 1039/1038/1 321/321/1 1040/1039/905
f 1040/1039/905 321/321/1 324/324/270
f 1040/1039/905 324/324/270 1109/1104/948
f 1109/1104/948 324/324/270 129/129/100
f 1109/1104/948 129/129/100 1071/1066/928
f 1071/1066/928 129/129/100 132/132/103
f 1071/1066/928 132/132/103 1067/1062/924
f 1067/1062/924 132/132/103 645/645/556
f 1067/1062/924 645/645/556 1068/1063/925
f 1068/1063/925 645/645/556 648/648/559
f 1068/1063/925 648/648/559 1147/1142/978
f 1147/1142/978 648/648/559 9/9/6
f 1147/1142/978 9/9/6 1037/1036/903
f 1037/1036/903 9/9/6 12/12/9
f 1037/1036/903 12/12/9 1032/1032/898
f 1032/1032/898 12/12/9 285/285/233
f 1032/1032/898 285/285/233 1033/1033/899
f 1033/1033/899 285/285/233 288/288/236
f 1033/1033/899 288/288/236 1097/1092/936
f 1097/1092/936 288/288/236 93/93/64
f 1097/1092/936 93/93/64 1063/1060/920
f 1063/1060/920 93/93/64 96/96/67
f 1063/1060/920 96/96/67 1064/1056/921
f 1057/1056/914 1060/96/917 537/537/448
f 1057/1056/914 537/537/448 1058/1057/915
f 1058/1057/915 537/537/448 540/540/451
f 1058/1057/915 540/540/451 1139/1134/968
f 1139/1134/968 540/540/451 45/45/1
f 1139/1134/968 45/45/1 1049/1048/1
s 0
f 1049/1048/1 45/45/1 48/48/1
f 1049/1048/1 48/48/1 1045/1044/1
f 1045/1044/1 48/48/1 393/393/1
f 1045/1044/1 393/393/1 1046/1045/1
f 1046/1045/1 393/393/1 396/396/1
f 1046/1045/1 396/396/1 1121/1116/1
f 1121/1116/1 396/396/1 201/201/1
f 1121/1116/1 201/201/1 1077/1072/1
f 1077/1072/1 201/201/1 204/204/1
f 1077/1072/1 204/204/1 1073/1068/1
f 1073/1068/1 204/204/1 861/861/1
f 1073/1068/1 861/861/1 1074/1069/1
f 1074/1069/1 861/861/1 864/864/1
f 1074/1069/1 864/864/1 1205/1199/1
f 1205/1199/1 864/864/1 1209/1203/1
f 1205/1199/1 1209/1203/1 1206/1200/1
